SHOT_ID,video_url,GRID_TYPE,GAME_ID,GAME_EVENT_ID,PLAYER_ID,PLAYER_NAME,TEAM_ID,TEAM_NAME,PERIOD,MINUTES_REMAINING,SECONDS_REMAINING,EVENT_TYPE,ACTION_TYPE,SHOT_TYPE,SHOT_ZONE_BASIC,SHOT_ZONE_AREA,SHOT_ZONE_RANGE,SHOT_DISTANCE,LOC_X,LOC_Y,SHOT_ATTEMPTED_FLAG,SHOT_MADE_FLAG,GAME_DATE,HTM,VTM,time,extra,PLAYERS_ON,assisted,season_type,year_source,team_id,year,month,day,api_game_id,uuid
225000027,,Shot Chart Detail,22500002,7,1629029,Luka Dončić,1610612747,Los Angeles Lakers,1,11,39,Made Shot,Fadeaway Jump Shot,2PT Field Goal,In The Paint (Non-RA),Center(C),8-16 ft.,13,-60,125,1,1,20251021,LAL,GSW,210,0,1629028|1629029|1629060|1629216|1630559,0,REG,2026,1610612747,,,,,
2250000214,,Shot Chart Detail,22500002,14,1630559,Austin Reaves,1610612747,Los Angeles Lakers,1,10,39,Made Shot,Driving Finger Roll Layup Shot,2PT Field Goal,Restricted Area,Center(C),Less Than 8 ft.,3,-13,32,1,1,20251021,LAL,GSW,810,0,1629028|1629029|1629060|1629216|1630559,0,REG,2026,1610612747,,,,,
2250000218,,Shot Chart Detail,22500002,18,1629029,Luka Dončić,1610612747,Los Angeles Lakers,1,10,18,Missed Shot,Step Back Jump shot,3PT Field Goal,Above the Break 3,Center(C),24+ ft.,25,18,259,1,0,20251021,LAL,GSW,1020,0,1629028|1629029|1629060|1629216|1630559,0,REG,2026,1610612747,,,,,
2250000233,,Shot Chart Detail,22500002,33,1629029,Luka Dončić,1610612747,Los Angeles Lakers,1,9,7,Made Shot,Jump Shot,3PT Field Goal,Above the Break 3,Left Side Center(LC),24+ ft.,26,-88,248,1,1,20251021,LAL,GSW,1730,0,1629028|1629029|1629060|1629216|1630559,1,REG,2026,1610612747,,,,,
2250000237,,Shot Chart Detail,22500002,37,1629028,Deandre Ayton,1610612747,Los Angeles Lakers,1,8,36,Made Shot,Turnaround Hook Shot,2PT Field Goal,In The Paint (Non-RA),Center(C),Less Than 8 ft.,5,-15,52,1,1,20251021,LAL,GSW,2040,0,1629028|1629029|1629060|1629216|1630559,1,REG,2026,1610612747,,,,,
2250000246,,Shot Chart Detail,22500002,46,1629028,Deandre Ayton,1610612747,Los Angeles Lakers,1,7,55,Made Shot,Layup Shot,2PT Field Goal,Restricted Area,Center(C),Less Than 8 ft.,2,-9,28,1,1,20251021,LAL,GSW,2450,0,1629028|1629029|1629060|1629216|1630559,1,REG,2026,1610612747,,,,,
2250000250,,Shot Chart Detail,22500002,50,1629029,Luka Dončić,1610612747,Los Angeles Lakers,1,7,36,Missed Shot,Step Back Jump shot,3PT Field Goal,Above the Break 3,Left Side Center(LC),24+ ft.,27,-167,217,1,0,20251021,LAL,GSW,2640,0,1629028|1629029|1629060|1629216|1630559,0,REG,2026,1610612747,,,,,
2250000263,,Shot Chart Detail,22500002,63,203935,Marcus Smart,1610612747,Los Angeles Lakers,1,6,28,Missed Shot,Jump Shot,3PT Field Goal,Above the Break 3,Left Side Center(LC),24+ ft.,26,-188,193,1,0,20251021,LAL,GSW,3320,0,203935|1629028|1629029|1629060|1630559,0,REG,2026,1610612747,,,,,
2250000267,,Shot Chart Detail,22500002,67,1630559,Austin Reaves,1610612747,Los Angeles Lakers,1,6,12,Missed Shot,Running Layup Shot,2PT Field Goal,Restricted Area,Center(C),Less Than 8 ft.,2,27,7,1,0,20251021,LAL,GSW,3480,0,203935|1629028|1629029|1629060|1630559,0,REG,2026,1610612747,,,,,
2250000274,,Shot Chart Detail,22500002,74,1630559,Austin Reaves,1610612747,Los Angeles Lakers,1,5,46,Missed Shot,Jump Shot,3PT Field Goal,Above the Break 3,Center(C),24+ ft.,26,-38,267,1,0,20251021,LAL,GSW,3740,0,203935|1629028|1629029|1629060|1630559,0,REG,2026,1610612747,,,,,
2250000285,,Shot Chart Detail,22500002,85,1629029,Luka Dončić,1610612747,Los Angeles Lakers,1,5,23,Missed Shot,Running Layup Shot,2PT Field Goal,Restricted Area,Center(C),Less Than 8 ft.,2,2,28,1,0,20251021,LAL,GSW,3970,0,203935|1629028|1629029|1629060|1630559,0,REG,2026,1610612747,,,,,
2250000290,,Shot Chart Detail,22500002,90,1629029,Luka Dončić,1610612747,Los Angeles Lakers,1,5,14,Missed Shot,Step Back Jump shot,3PT Field Goal,Above the Break 3,Left Side Center(LC),24+ ft.,28,-167,228,1,0,20251021,LAL,GSW,4060,0,203935|1629028|1629029|1629060|1630559,0,REG,2026,1610612747,,,,,
2250000294,,Shot Chart Detail,22500002,94,203935,Marcus Smart,1610612747,Los Angeles Lakers,1,5,5,Missed Shot,Jump Shot,3PT Field Goal,Left Corner 3,Left Side(L),24+ ft.,23,-232,2,1,0,20251021,LAL,GSW,4150,0,203935|1629028|1629029|1629060|1630559,0,REG,2026,1610612747,,,,,
22500002111,,Shot Chart Detail,22500002,111,1629029,Luka Dončić,1610612747,Los Angeles Lakers,1,4,7,Made Shot,Pullup Jump shot,2PT Field Goal,In The Paint (Non-RA),Center(C),8-16 ft.,12,-61,110,1,1,20251021,LAL,GSW,4730,0,203935|1629028|1629029|1629060|1631222,0,REG,2026,1610612747,,,,,
22500002124,,Shot Chart Detail,22500002,124,1629020,Jarred Vanderbilt,1610612747,Los Angeles Lakers,1,3,41,Missed Shot,Alley Oop Layup shot,2PT Field Goal,Restricted Area,Center(C),Less Than 8 ft.,2,16,13,1,0,20251021,LAL,GSW,4990,0,203935|1629020|1629029|1629637|1631222,0,REG,2026,1610612747,,,,,
22500002130,,Shot Chart Detail,22500002,130,1629029,Luka Dončić,1610612747,Los Angeles Lakers,1,3,12,Missed Shot,Step Back Jump shot,3PT Field Goal,Above the Break 3,Center(C),24+ ft.,27,-82,260,1,0,20251021,LAL,GSW,5280,0,203935|1629020|1629029|1629637|1631222,0,REG,2026,1610612747,,,,,
22500002164,,Shot Chart Detail,22500002,164,1630559,Austin Reaves,1610612747,Los Angeles Lakers,1,0,37,Made Shot,Driving Finger Roll Layup Shot,2PT Field Goal,Restricted Area,Center(C),Less Than 8 ft.,1,4,17,1,1,20251021,LAL,GSW,6830,0,203935|1629020|1629637|1630559|1631222,0,REG,2026,1610612747,,,,,
22500002167,,Shot Chart Detail,22500002,167,1629637,Jaxson Hayes,1610612747,Los Angeles Lakers,1,0,27,Made Shot,Running Alley Oop Layup Shot,2PT Field Goal,Restricted Area,Center(C),Less Than 8 ft.,2,7,25,1,1,20251021,LAL,GSW,6930,0,203935|1629020|1629637|1630559|1631222,1,REG,2026,1610612747,,,,,
22500002182,,Shot Chart Detail,22500002,182,1630559,Austin Reaves,1610612747,Los Angeles Lakers,1,0,0,Missed Shot,Pullup Jump shot,3PT Field Goal,Above the Break 3,Left Side Center(LC),24+ ft.,26,-184,190,1,0,20251021,LAL,GSW,7200,0,203935|1629020|1629637|1630559|1631222,0,REG,2026,1610612747,,,,,
22500002195,,Shot Chart Detail,22500002,195,1629216,Gabe Vincent,1610612747,Los Angeles Lakers,2,11,42,Made Shot,Jump Shot,3PT Field Goal,Above the Break 3,Left Side Center(LC),24+ ft.,26,-148,215,1,1,20251021,LAL,GSW,7380,0,1629020|1629216|1629637|1630559|1631222,1,REG,2026,1610612747,,,,,
22500002199,,Shot Chart Detail,22500002,199,1630559,Austin Reaves,1610612747,Los Angeles Lakers,2,11,18,Missed Shot,Running Pull-Up Jump Shot,3PT Field Goal,Above the Break 3,Left Side Center(LC),24+ ft.,26,-145,221,1,0,20251021,LAL,GSW,7620,0,1629020|1629216|1629637|1630559|1631222,0,REG,2026,1610612747,,,,,
22500002209,,Shot Chart Detail,22500002,209,1629216,Gabe Vincent,1610612747,Los Angeles Lakers,2,10,32,Missed Shot,Pullup Jump shot,3PT Field Goal,Above the Break 3,Left Side Center(LC),24+ ft.,26,-165,202,1,0,20251021,LAL,GSW,8080,0,1629020|1629216|1629637|1630559|1631222,0,REG,2026,1610612747,,,,,
22500002211,,Shot Chart Detail,22500002,211,1629020,Jarred Vanderbilt,1610612747,Los Angeles Lakers,2,10,21,Missed Shot,Jump Shot,3PT Field Goal,Right Corner 3,Right Side(R),24+ ft.,23,232,12,1,0,20251021,LAL,GSW,8190,0,1629020|1629216|1629637|1630559|1631222,0,REG,2026,1610612747,,,,,
22500002219,,Shot Chart Detail,22500002,219,1630559,Austin Reaves,1610612747,Los Angeles Lakers,2,9,33,Made Shot,Pullup Jump shot,2PT Field Goal,In The Paint (Non-RA),Center(C),8-16 ft.,12,-26,121,1,1,20251021,LAL,GSW,8670,0,1629020|1629216|1629637|1630559|1631222,0,REG,2026,1610612747,,,,,
22500002222,,Shot Chart Detail,22500002,222,1630559,Austin Reaves,1610612747,Los Angeles Lakers,2,8,58,Made Shot,Pullup Jump shot,2PT Field Goal,In The Paint (Non-RA),Center(C),8-16 ft.,11,56,106,1,1,20251021,LAL,GSW,9020,0,1629020|1629216|1629637|1630559|1631222,0,REG,2026,1610612747,,,,,
22500002245,,Shot Chart Detail,22500002,245,1629029,Luka Dončić,1610612747,Los Angeles Lakers,2,7,49,Made Shot,Turnaround Jump Shot,2PT Field Goal,Mid-Range,Center(C),8-16 ft.,15,-51,144,1,1,20251021,LAL,GSW,9710,0,1629028|1629029|1629060|1629216|1630559,0,REG,2026,1610612747,,,,,
22500002256,,Shot Chart Detail,22500002,256,1629060,Rui Hachimura,1610612747,Los Angeles Lakers,2,7,14,Missed Shot,Jump Shot,3PT Field Goal,Above the Break 3,Right Side Center(RC),24+ ft.,25,142,215,1,0,20251021,LAL,GSW,10060,0,1629028|1629029|1629060|1629216|1630559,0,REG,2026,1610612747,,,,,
22500002280,,Shot Chart Detail,22500002,280,203935,Marcus Smart,1610612747,Los Angeles Lakers,2,5,54,Made Shot,Driving Floating Jump Shot,2PT Field Goal,Mid-Range,Left Side Center(LC),16-24 ft.,17,-121,132,1,1,20251021,LAL,GSW,10860,0,203935|1629028|1629029|1629060|1629216,0,REG,2026,1610612747,,,,,
22500002299,,Shot Chart Detail,22500002,299,1629029,Luka Dončić,1610612747,Los Angeles Lakers,2,5,5,Missed Shot,Pullup Jump shot,2PT Field Goal,Mid-Range,Right Side(R),8-16 ft.,8,82,34,1,0,20251021,LAL,GSW,11350,0,203935|1629028|1629029|1629060|1630559,0,REG,2026,1610612747,,,,,
22500002304,,Shot Chart Detail,22500002,304,1630559,Austin Reaves,1610612747,Los Angeles Lakers,2,4,43,Made Shot,Cutting Layup Shot,2PT Field Goal,Restricted Area,Center(C),Less Than 8 ft.,2,-1,27,1,1,20251021,LAL,GSW,11570,0,203935|1629028|1629029|1629060|1630559,1,REG,2026,1610612747,,,,,
22500002309,,Shot Chart Detail,22500002,309,203935,Marcus Smart,1610612747,Los Angeles Lakers,2,4,18,Made Shot,Driving Finger Roll Layup Shot,2PT Field Goal,Restricted Area,Center(C),Less Than 8 ft.,2,6,29,1,1,20251021,LAL,GSW,11820,0,203935|1629028|1629029|1629060|1630559,1,REG,2026,1610612747,,,,,
22500002316,,Shot Chart Detail,22500002,316,1629029,Luka Dončić,1610612747,Los Angeles Lakers,2,3,44,Made Shot,Fadeaway Jump Shot,2PT Field Goal,In The Paint (Non-RA),Center(C),8-16 ft.,11,-54,105,1,1,20251021,LAL,GSW,12160,0,203935|1629028|1629029|1629060|1630559,1,REG,2026,1610612747,,,,,
22500002350,,Shot Chart Detail,22500002,350,1629029,Luka Dončić,1610612747,Los Angeles Lakers,2,1,52,Made Shot,Driving Floating Jump Shot,2PT Field Goal,In The Paint (Non-RA),Center(C),Less Than 8 ft.,5,11,54,1,1,20251021,LAL,GSW,13280,0,203935|1629028|1629029|1629060|1629216,0,REG,2026,1610612747,,,,,
22500002356,,Shot Chart Detail,22500002,356,1629060,Rui Hachimura,1610612747,Los Angeles Lakers,2,1,28,Made Shot,Jump Shot,3PT Field Goal,Above the Break 3,Right Side Center(RC),24+ ft.,24,169,183,1,1,20251021,LAL,GSW,13520,0,203935|1629028|1629029|1629060|1629216,1,REG,2026,1610612747,,,,,
22500002365,,Shot Chart Detail,22500002,365,1629060,Rui Hachimura,1610612747,Los Angeles Lakers,2,0,55,Made Shot,Jump Shot,3PT Field Goal,Above the Break 3,Left Side Center(LC),24+ ft.,25,-210,144,1,1,20251021,LAL,GSW,13850,0,1629028|1629029|1629060|1629216|1631222,1,REG,2026,1610612747,,,,,
22500002373,,Shot Chart Detail,22500002,373,1629029,Luka Dončić,1610612747,Los Angeles Lakers,2,0,19,Made Shot,Step Back Jump shot,3PT Field Goal,Above the Break 3,Center(C),24+ ft.,29,64,290,1,1,20251021,LAL,GSW,14210,0,1629028|1629029|1629060|1629216|1631222,0,REG,2026,1610612747,,,,,
22500002390,,Shot Chart Detail,22500002,390,1629029,Luka Dončić,1610612747,Los Angeles Lakers,3,11,31,Made Shot,Driving Floating Jump Shot,2PT Field Goal,In The Paint (Non-RA),Center(C),8-16 ft.,13,36,125,1,1,20251021,LAL,GSW,14690,0,1629028|1629029|1629060|1629216|1630559,1,REG,2026,1610612747,,,,,
22500002402,,Shot Chart Detail,22500002,402,1629029,Luka Dončić,1610612747,Los Angeles Lakers,3,10,47,Made Shot,Driving Floating Bank Jump Shot,2PT Field Goal,Restricted Area,Center(C),Less Than 8 ft.,3,9,36,1,1,20251021,LAL,GSW,15130,0,1629028|1629029|1629060|1629216|1630559,1,REG,2026,1610612747,,,,,
22500002410,,Shot Chart Detail,22500002,410,1629216,Gabe Vincent,1610612747,Los Angeles Lakers,3,10,3,Missed Shot,Jump Shot,3PT Field Goal,Above the Break 3,Right Side Center(RC),24+ ft.,27,158,226,1,0,20251021,LAL,GSW,15570,0,1629028|1629029|1629060|1629216|1630559,0,REG,2026,1610612747,,,,,
22500002413,,Shot Chart Detail,22500002,413,1629060,Rui Hachimura,1610612747,Los Angeles Lakers,3,9,33,Missed Shot,Jump Shot,3PT Field Goal,Above the Break 3,Left Side Center(LC),24+ ft.,25,-169,189,1,0,20251021,LAL,GSW,15870,0,1629028|1629029|1629060|1629216|1630559,0,REG,2026,1610612747,,,,,
22500002419,,Shot Chart Detail,22500002,419,1629028,Deandre Ayton,1610612747,Los Angeles Lakers,3,9,5,Missed Shot,Turnaround Hook Shot,2PT Field Goal,In The Paint (Non-RA),Center(C),Less Than 8 ft.,5,16,55,1,0,20251021,LAL,GSW,16150,0,1629028|1629029|1629060|1629216|1630559,0,REG,2026,1610612747,,,,,
22500002426,,Shot Chart Detail,22500002,426,1629029,Luka Dončić,1610612747,Los Angeles Lakers,3,8,28,Missed Shot,Jump Shot,3PT Field Goal,Right Corner 3,Right Side(R),24+ ft.,25,240,72,1,0,20251021,LAL,GSW,16520,0,1629028|1629029|1629060|1629216|1630559,0,REG,2026,1610612747,,,,,
22500002437,,Shot Chart Detail,22500002,437,1629028,Deandre Ayton,1610612747,Los Angeles Lakers,3,7,26,Missed Shot,Turnaround Jump Shot,2PT Field Goal,In The Paint (Non-RA),Center(C),8-16 ft.,15,-62,138,1,0,20251021,LAL,GSW,17140,0,1629028|1629029|1629060|1629216|1630559,0,REG,2026,1610612747,,,,,
22500002441,,Shot Chart Detail,22500002,441,1630559,Austin Reaves,1610612747,Los Angeles Lakers,3,7,6,Missed Shot,Step Back Jump shot,2PT Field Goal,Mid-Range,Center(C),16-24 ft.,16,-9,166,1,0,20251021,LAL,GSW,17340,0,1629028|1629029|1629060|1629216|1630559,0,REG,2026,1610612747,,,,,
22500002443,,Shot Chart Detail,22500002,443,1629029,Luka Dončić,1610612747,Los Angeles Lakers,3,6,57,Made Shot,Fadeaway Jump Shot,2PT Field Goal,In The Paint (Non-RA),Center(C),8-16 ft.,14,-64,134,1,1,20251021,LAL,GSW,17430,0,1629028|1629029|1629060|1629216|1630559,0,REG,2026,1610612747,,,,,
22500002453,,Shot Chart Detail,22500002,453,1630559,Austin Reaves,1610612747,Los Angeles Lakers,3,6,21,Missed Shot,Jump Shot,3PT Field Goal,Above the Break 3,Right Side Center(RC),24+ ft.,26,165,211,1,0,20251021,LAL,GSW,17790,0,1629028|1629029|1629060|1629216|1630559,0,REG,2026,1610612747,,,,,
22500002463,,Shot Chart Detail,22500002,463,1629029,Luka Dončić,1610612747,Los Angeles Lakers,3,5,48,Made Shot,Driving Layup Shot,2PT Field Goal,Restricted Area,Center(C),Less Than 8 ft.,3,1,32,1,1,20251021,LAL,GSW,18120,0,203935|1629028|1629029|1629060|1630559,0,REG,2026,1610612747,,,,,
22500002466,,Shot Chart Detail,22500002,466,1629029,Luka Dončić,1610612747,Los Angeles Lakers,3,5,29,Missed Shot,Pullup Jump shot,3PT Field Goal,Above the Break 3,Center(C),24+ ft.,27,-65,267,1,0,20251021,LAL,GSW,18310,0,203935|1629028|1629029|1629060|1630559,0,REG,2026,1610612747,,,,,
22500002475,,Shot Chart Detail,22500002,475,1630559,Austin Reaves,1610612747,Los Angeles Lakers,3,5,5,Missed Shot,Step Back Jump shot,2PT Field Goal,In The Paint (Non-RA),Center(C),8-16 ft.,13,-13,138,1,0,20251021,LAL,GSW,18550,0,203935|1629028|1629029|1629060|1630559,0,REG,2026,1610612747,,,,,
22500002478,,Shot Chart Detail,22500002,478,1629028,Deandre Ayton,1610612747,Los Angeles Lakers,3,4,30,Made Shot,Turnaround Jump Shot,2PT Field Goal,In The Paint (Non-RA),Center(C),8-16 ft.,13,-5,138,1,1,20251021,LAL,GSW,18900,0,203935|1629028|1629029|1629060|1630559,1,REG,2026,1610612747,,,,,
22500002494,,Shot Chart Detail,22500002,494,1629029,Luka Dončić,1610612747,Los Angeles Lakers,3,3,33,Made Shot,Fadeaway Jump Shot,2PT Field Goal,Mid-Range,Left Side(L),8-16 ft.,9,-89,37,1,1,20251021,LAL,GSW,19470,0,203935|1629028|1629029|1629060|1630559,0,REG,2026,1610612747,,,,,
22500002509,,Shot Chart Detail,22500002,509,1631222,Jake LaRavia,1610612747,Los Angeles Lakers,3,2,12,Made Shot,Jump Shot,3PT Field Goal,Above the Break 3,Right Side Center(RC),24+ ft.,25,152,209,1,1,20251021,LAL,GSW,20280,0,203935|1629020|1629029|1629637|1631222,1,REG,2026,1610612747,,,,,
22500002514,,Shot Chart Detail,22500002,514,1629029,Luka Dončić,1610612747,Los Angeles Lakers,3,1,40,Made Shot,Driving Floating Bank Jump Shot,2PT Field Goal,Restricted Area,Center(C),Less Than 8 ft.,2,2,27,1,1,20251021,LAL,GSW,20600,0,203935|1629020|1629029|1629637|1631222,0,REG,2026,1610612747,,,,,
22500002518,,Shot Chart Detail,22500002,518,1629637,Jaxson Hayes,1610612747,Los Angeles Lakers,3,1,0,Made Shot,Alley Oop Dunk Shot,2PT Field Goal,Restricted Area,Center(C),Less Than 8 ft.,3,18,32,1,1,20251021,LAL,GSW,21000,0,203935|1629020|1629029|1629637|1631222,1,REG,2026,1610612747,,,,,
22500002523,,Shot Chart Detail,22500002,523,1629029,Luka Dončić,1610612747,Los Angeles Lakers,3,0,28,Missed Shot,Step Back Jump shot,3PT Field Goal,Above the Break 3,Right Side Center(RC),24+ ft.,26,130,234,1,0,20251021,LAL,GSW,21320,0,203935|1629020|1629029|1629637|1631222,0,REG,2026,1610612747,,,,,
22500002525,,Shot Chart Detail,22500002,525,1631222,Jake LaRavia,1610612747,Los Angeles Lakers,3,0,27,Made Shot,Putback Layup Shot,2PT Field Goal,Restricted Area,Center(C),Less Than 8 ft.,3,2,30,1,1,20251021,LAL,GSW,21330,0,203935|1629020|1629029|1629637|1631222,0,REG,2026,1610612747,,,,,
22500002536,,Shot Chart Detail,22500002,536,1631222,Jake LaRavia,1610612747,Los Angeles Lakers,4,11,47,Missed Shot,Jump Shot,3PT Field Goal,Left Corner 3,Left Side(L),24+ ft.,23,-232,11,1,0,20251021,LAL,GSW,21730,0,203935|1629020|1629029|1629637|1631222,0,REG,2026,1610612747,,,,,
22500002538,,Shot Chart Detail,22500002,538,203935,Marcus Smart,1610612747,Los Angeles Lakers,4,11,35,Made Shot,Driving Floating Jump Shot,2PT Field Goal,Restricted Area,Center(C),Less Than 8 ft.,2,-5,24,1,1,20251021,LAL,GSW,21850,0,203935|1629020|1629029|1629637|1631222,1,REG,2026,1610612747,,,,,
22500002542,,Shot Chart Detail,22500002,542,203935,Marcus Smart,1610612747,Los Angeles Lakers,4,11,5,Missed Shot,Jump Shot,3PT Field Goal,Above the Break 3,Center(C),24+ ft.,27,40,268,1,0,20251021,LAL,GSW,22150,0,203935|1629020|1629029|1629637|1631222,0,REG,2026,1610612747,,,,,
22500002550,,Shot Chart Detail,22500002,550,1629020,Jarred Vanderbilt,1610612747,Los Angeles Lakers,4,10,21,Missed Shot,Driving Floating Jump Shot,2PT Field Goal,In The Paint (Non-RA),Center(C),Less Than 8 ft.,4,0,45,1,0,20251021,LAL,GSW,22590,0,203935|1629020|1629029|1629637|1631222,0,REG,2026,1610612747,,,,,
22500002555,,Shot Chart Detail,22500002,555,1629020,Jarred Vanderbilt,1610612747,Los Angeles Lakers,4,9,54,Missed Shot,Jump Shot,3PT Field Goal,Right Corner 3,Right Side(R),24+ ft.,25,248,50,1,0,20251021,LAL,GSW,22860,0,203935|1629020|1629029|1629637|1631222,0,REG,2026,1610612747,,,,,
22500002568,,Shot Chart Detail,22500002,568,1630559,Austin Reaves,1610612747,Los Angeles Lakers,4,9,25,Made Shot,Driving Layup Shot,2PT Field Goal,Restricted Area,Center(C),Less Than 8 ft.,2,-16,16,1,1,20251021,LAL,GSW,23150,0,203935|1629060|1629637|1630559|1631222,0,REG,2026,1610612747,,,,,
22500002578,,Shot Chart Detail,22500002,578,1631222,Jake LaRavia,1610612747,Los Angeles Lakers,4,8,27,Missed Shot,Driving Floating Bank Jump Shot,2PT Field Goal,In The Paint (Non-RA),Center(C),Less Than 8 ft.,4,-2,45,1,0,20251021,LAL,GSW,23730,0,1629060|1629216|1629637|1630559|1631222,0,REG,2026,1610612747,,,,,
22500002580,,Shot Chart Detail,22500002,580,1629637,Jaxson Hayes,1610612747,Los Angeles Lakers,4,8,22,Missed Shot,Dunk Shot,2PT Field Goal,In The Paint (Non-RA),Center(C),Less Than 8 ft.,4,-12,40,1,0,20251021,LAL,GSW,23780,0,1629060|1629216|1629637|1630559|1631222,0,REG,2026,1610612747,,,,,
22500002583,,Shot Chart Detail,22500002,583,1629060,Rui Hachimura,1610612747,Los Angeles Lakers,4,7,54,Missed Shot,Jump Shot,3PT Field Goal,Right Corner 3,Right Side(R),24+ ft.,25,240,74,1,0,20251021,LAL,GSW,24060,0,1629060|1629216|1629637|1630559|1631222,0,REG,2026,1610612747,,,,,
22500002603,,Shot Chart Detail,22500002,603,1629029,Luka Dončić,1610612747,Los Angeles Lakers,4,7,16,Made Shot,Fadeaway Bank shot,2PT Field Goal,In The Paint (Non-RA),Center(C),Less Than 8 ft.,5,-23,50,1,1,20251021,LAL,GSW,24440,0,1629028|1629029|1629060|1629216|1630559,1,REG,2026,1610612747,,,,,
22500002610,,Shot Chart Detail,22500002,610,1629028,Deandre Ayton,1610612747,Los Angeles Lakers,4,6,24,Made Shot,Floating Jump shot,2PT Field Goal,In The Paint (Non-RA),Center(C),Less Than 8 ft.,6,2,67,1,1,20251021,LAL,GSW,24960,0,1629028|1629029|1629060|1629216|1630559,1,REG,2026,1610612747,,,,,
22500002614,,Shot Chart Detail,22500002,614,1629029,Luka Dončić,1610612747,Los Angeles Lakers,4,5,56,Made Shot,Driving Floating Jump Shot,2PT Field Goal,In The Paint (Non-RA),Center(C),Less Than 8 ft.,4,13,42,1,1,20251021,LAL,GSW,25240,0,1629028|1629029|1629060|1629216|1630559,1,REG,2026,1610612747,,,,,
22500002621,,Shot Chart Detail,22500002,621,1629060,Rui Hachimura,1610612747,Los Angeles Lakers,4,5,22,Made Shot,Jump Shot,3PT Field Goal,Above the Break 3,Left Side Center(LC),24+ ft.,29,-102,276,1,1,20251021,LAL,GSW,25580,0,1629028|1629029|1629060|1629216|1630559,1,REG,2026,1610612747,,,,,
22500002626,,Shot Chart Detail,22500002,626,1629029,Luka Dončić,1610612747,Los Angeles Lakers,4,4,50,Made Shot,Pullup Jump shot,2PT Field Goal,Restricted Area,Center(C),Less Than 8 ft.,3,27,16,1,1,20251021,LAL,GSW,25900,0,1629028|1629029|1629060|1629216|1630559,0,REG,2026,1610612747,,,,,
22500002629,,Shot Chart Detail,22500002,629,1629028,Deandre Ayton,1610612747,Los Angeles Lakers,4,4,26,Made Shot,Running Layup Shot,2PT Field Goal,In The Paint (Non-RA),Center(C),Less Than 8 ft.,4,15,42,1,1,20251021,LAL,GSW,26140,0,1629028|1629029|1629060|1629216|1630559,1,REG,2026,1610612747,,,,,
22500002633,,Shot Chart Detail,22500002,633,1630559,Austin Reaves,1610612747,Los Angeles Lakers,4,3,59,Made Shot,Driving Reverse Layup Shot,2PT Field Goal,Restricted Area,Center(C),Less Than 8 ft.,2,15,22,1,1,20251021,LAL,GSW,26410,0,1629028|1629029|1629060|1629216|1630559,0,REG,2026,1610612747,,,,,
22500002651,,Shot Chart Detail,22500002,651,1629216,Gabe Vincent,1610612747,Los Angeles Lakers,4,2,39,Missed Shot,Jump Shot,3PT Field Goal,Above the Break 3,Right Side Center(RC),24+ ft.,27,167,216,1,0,20251021,LAL,GSW,27210,0,1629028|1629029|1629060|1629216|1630559,0,REG,2026,1610612747,,,,,
22500002666,,Shot Chart Detail,22500002,666,1630559,Austin Reaves,1610612747,Los Angeles Lakers,4,1,52,Made Shot,Pullup Jump shot,3PT Field Goal,Above the Break 3,Left Side Center(LC),24+ ft.,27,-146,231,1,1,20251021,LAL,GSW,27680,0,1629028|1629029|1629060|1629216|1630559,1,REG,2026,1610612747,,,,,
22500002669,,Shot Chart Detail,22500002,669,1629029,Luka Dončić,1610612747,Los Angeles Lakers,4,1,22,Made Shot,Driving Floating Jump Shot,2PT Field Goal,In The Paint (Non-RA),Center(C),Less Than 8 ft.,5,28,46,1,1,20251021,LAL,GSW,27980,0,1629028|1629029|1629060|1629216|1630559,1,REG,2026,1610612747,,,,,
22500002677,,Shot Chart Detail,22500002,677,1630559,Austin Reaves,1610612747,Los Angeles Lakers,4,0,43,Made Shot,Driving Layup Shot,2PT Field Goal,Restricted Area,Center(C),Less Than 8 ft.,1,-6,10,1,1,20251021,LAL,GSW,28370,0,1629028|1629029|1629060|1629216|1630559,0,REG,2026,1610612747,,,,,
22500002685,,Shot Chart Detail,22500002,685,1629029,Luka Dončić,1610612747,Los Angeles Lakers,4,0,35,Missed Shot,Fadeaway Jump Shot,3PT Field Goal,Left Corner 3,Left Side(L),24+ ft.,22,-227,22,1,0,20251021,LAL,GSW,28450,0,203935|1629028|1629029|1629216|1630559,0,REG,2026,1610612747,,,,,
2250001913,,Shot Chart Detail,22500019,13,1629029,Luka Dončić,1610612747,Los Angeles Lakers,1,11,7,Missed Shot,Pullup Jump shot,3PT Field Goal,Above the Break 3,Center(C),24+ ft.,26,-71,256,1,0,20251024,LAL,MIN,530,0,1629028|1629029|1629060|1629216|1630559,0,REG,2026,1610612747,,,,,
2250001917,,Shot Chart Detail,22500019,17,1630559,Austin Reaves,1610612747,Los Angeles Lakers,1,10,47,Missed Shot,Pullup Jump shot,3PT Field Goal,Above the Break 3,Right Side Center(RC),24+ ft.,25,156,202,1,0,20251024,LAL,MIN,730,0,1629028|1629029|1629060|1629216|1630559,0,REG,2026,1610612747,,,,,
2250001930,,Shot Chart Detail,22500019,30,1629029,Luka Dončić,1610612747,Los Angeles Lakers,1,9,35,Made Shot,Fadeaway Jump Shot,2PT Field Goal,In The Paint (Non-RA),Center(C),8-16 ft.,14,71,127,1,1,20251024,LAL,MIN,1450,0,1629028|1629029|1629060|1629216|1630559,0,REG,2026,1610612747,,,,,
2250001936,,Shot Chart Detail,22500019,36,1629029,Luka Dončić,1610612747,Los Angeles Lakers,1,9,18,Made Shot,Pullup Jump shot,3PT Field Goal,Above the Break 3,Right Side Center(RC),24+ ft.,27,145,231,1,1,20251024,LAL,MIN,1620,0,1629028|1629029|1629060|1629216|1630559,1,REG,2026,1610612747,,,,,
2250001940,,Shot Chart Detail,22500019,40,1629029,Luka Dončić,1610612747,Los Angeles Lakers,1,8,57,Missed Shot,Jump Shot,3PT Field Goal,Above the Break 3,Left Side Center(LC),24+ ft.,28,-173,226,1,0,20251024,LAL,MIN,1830,0,1629028|1629029|1629060|1629216|1630559,0,REG,2026,1610612747,,,,,
2250001944,,Shot Chart Detail,22500019,44,1629060,Rui Hachimura,1610612747,Los Angeles Lakers,1,8,23,Made Shot,Jump Shot,3PT Field Goal,Above the Break 3,Right Side Center(RC),24+ ft.,25,221,128,1,1,20251024,LAL,MIN,2170,0,1629028|1629029|1629060|1629216|1630559,1,REG,2026,1610612747,,,,,
2250001948,,Shot Chart Detail,22500019,48,1629216,Gabe Vincent,1610612747,Los Angeles Lakers,1,7,58,Made Shot,Jump Shot,3PT Field Goal,Left Corner 3,Left Side(L),24+ ft.,23,-233,32,1,1,20251024,LAL,MIN,2420,0,1629028|1629029|1629060|1629216|1630559,1,REG,2026,1610612747,,,,,
2250001957,,Shot Chart Detail,22500019,57,1629029,Luka Dončić,1610612747,Los Angeles Lakers,1,7,10,Made Shot,Driving Floating Bank Jump Shot,2PT Field Goal,In The Paint (Non-RA),Center(C),8-16 ft.,8,-32,78,1,1,20251024,LAL,MIN,2900,0,1629028|1629029|1629060|1629216|1630559,1,REG,2026,1610612747,,,,,
2250001960,,Shot Chart Detail,22500019,60,1629216,Gabe Vincent,1610612747,Los Angeles Lakers,1,6,40,Missed Shot,Jump Shot,3PT Field Goal,Right Corner 3,Right Side(R),24+ ft.,22,227,16,1,0,20251024,LAL,MIN,3200,0,1629028|1629029|1629060|1629216|1630559,0,REG,2026,1610612747,,,,,
2250001963,,Shot Chart Detail,22500019,63,1630559,Austin Reaves,1610612747,Los Angeles Lakers,1,6,14,Made Shot,Driving Finger Roll Layup Shot,2PT Field Goal,Restricted Area,Center(C),Less Than 8 ft.,3,16,33,1,1,20251024,LAL,MIN,3460,0,1629028|1629029|1629060|1629216|1630559,0,REG,2026,1610612747,,,,,
2250001982,,Shot Chart Detail,22500019,82,1629029,Luka Dončić,1610612747,Los Angeles Lakers,1,5,44,Missed Shot,Driving Floating Bank Jump Shot,2PT Field Goal,In The Paint (Non-RA),Center(C),Less Than 8 ft.,4,32,31,1,0,20251024,LAL,MIN,3760,0,203935|1629028|1629029|1630559|1631222,0,REG,2026,1610612747,,,,,
2250001986,,Shot Chart Detail,22500019,86,1630559,Austin Reaves,1610612747,Los Angeles Lakers,1,5,27,Made Shot,Pullup Jump shot,2PT Field Goal,In The Paint (Non-RA),Center(C),Less Than 8 ft.,5,32,46,1,1,20251024,LAL,MIN,3930,0,203935|1629028|1629029|1630559|1631222,0,REG,2026,1610612747,,,,,
2250001992,,Shot Chart Detail,22500019,92,1631222,Jake LaRavia,1610612747,Los Angeles Lakers,1,4,55,Made Shot,Jump Shot,3PT Field Goal,Above the Break 3,Right Side Center(RC),24+ ft.,26,127,228,1,1,20251024,LAL,MIN,4250,0,203935|1629028|1629029|1630559|1631222,1,REG,2026,1610612747,,,,,
2250001996,,Shot Chart Detail,22500019,96,1629028,Deandre Ayton,1610612747,Los Angeles Lakers,1,4,22,Missed Shot,Hook Shot,2PT Field Goal,In The Paint (Non-RA),Center(C),Less Than 8 ft.,5,-10,57,1,0,20251024,LAL,MIN,4580,0,203935|1629028|1629029|1630559|1631222,0,REG,2026,1610612747,,,,,
22500019104,,Shot Chart Detail,22500019,104,1629029,Luka Dončić,1610612747,Los Angeles Lakers,1,4,0,Made Shot,Step Back Jump shot,3PT Field Goal,Above the Break 3,Left Side Center(LC),24+ ft.,26,-107,241,1,1,20251024,LAL,MIN,4800,0,203935|1629028|1629029|1631222|1642261,0,REG,2026,1610612747,,,,,
22500019109,,Shot Chart Detail,22500019,109,1629029,Luka Dončić,1610612747,Los Angeles Lakers,1,3,32,Made Shot,Driving Floating Jump Shot,2PT Field Goal,Mid-Range,Center(C),8-16 ft.,15,23,158,1,1,20251024,LAL,MIN,5080,0,203935|1629028|1629029|1631222|1642261,0,REG,2026,1610612747,,,,,
22500019124,,Shot Chart Detail,22500019,124,1629029,Luka Dončić,1610612747,Los Angeles Lakers,1,3,0,Made Shot,Step Back Jump shot,3PT Field Goal,Above the Break 3,Left Side Center(LC),24+ ft.,28,-150,237,1,1,20251024,LAL,MIN,5400,0,203935|1629020|1629029|1631222|1642261,0,REG,2026,1610612747,,,,,
22500019136,,Shot Chart Detail,22500019,136,1629029,Luka Dončić,1610612747,Los Angeles Lakers,1,1,47,Made Shot,Pullup Jump shot,3PT Field Goal,Above the Break 3,Center(C),24+ ft.,29,-17,296,1,1,20251024,LAL,MIN,6130,0,203935|1629020|1629029|1631222|1642261,0,REG,2026,1610612747,,,,,
22500019143,,Shot Chart Detail,22500019,143,1629029,Luka Dončić,1610612747,Los Angeles Lakers,1,1,7,Made Shot,Driving Layup Shot,2PT Field Goal,Restricted Area,Center(C),Less Than 8 ft.,1,-10,-1,1,1,20251024,LAL,MIN,6530,0,203935|1629020|1629029|1630559|1642261,0,REG,2026,1610612747,,,,,
22500019146,,Shot Chart Detail,22500019,146,1629029,Luka Dončić,1610612747,Los Angeles Lakers,1,0,39,Missed Shot,Jump Shot,3PT Field Goal,Above the Break 3,Right Side Center(RC),24+ ft.,27,130,238,1,0,20251024,LAL,MIN,6810,0,203935|1629020|1629029|1630559|1642261,0,REG,2026,1610612747,,,,,
22500019155,,Shot Chart Detail,22500019,155,1630559,Austin Reaves,1610612747,Los Angeles Lakers,1,0,14,Missed Shot,Step Back Jump shot,3PT Field Goal,Above the Break 3,Center(C),24+ ft.,27,-83,258,1,0,20251024,LAL,MIN,7060,0,203935|1629020|1629028|1630559|1642261,0,REG,2026,1610612747,,,,,
22500019159,,Shot Chart Detail,22500019,159,1630559,Austin Reaves,1610612747,Los Angeles Lakers,1,0,1,Missed Shot,Driving Finger Roll Layup Shot,2PT Field Goal,In The Paint (Non-RA),Center(C),Less Than 8 ft.,5,22,46,1,0,20251024,LAL,MIN,7190,0,203935|1629020|1629028|1630559|1642261,0,REG,2026,1610612747,,,,,
22500019162,,Shot Chart Detail,22500019,162,1630559,Austin Reaves,1610612747,Los Angeles Lakers,1,0,0,Missed Shot,Jump Shot,3PT Field Goal,Above the Break 3,Left Side Center(LC),24+ ft.,28,-157,237,1,0,20251024,LAL,MIN,7200,0,203935|1629020|1629028|1630559|1642261,0,REG,2026,1610612747,,,,,
22500019176,,Shot Chart Detail,22500019,176,1629028,Deandre Ayton,1610612747,Los Angeles Lakers,2,11,42,Made Shot,Turnaround Fadeaway shot,2PT Field Goal,In The Paint (Non-RA),Center(C),8-16 ft.,8,-15,85,1,1,20251024,LAL,MIN,7380,0,1629028|1629060|1629216|1630559|1631222,1,REG,2026,1610612747,,,,,
22500019180,,Shot Chart Detail,22500019,180,1629028,Deandre Ayton,1610612747,Los Angeles Lakers,2,11,15,Missed Shot,Jump Shot,2PT Field Goal,In The Paint (Non-RA),Center(C),8-16 ft.,11,-33,107,1,0,20251024,LAL,MIN,7650,0,1629028|1629060|1629216|1630559|1631222,0,REG,2026,1610612747,,,,,
22500019182,,Shot Chart Detail,22500019,182,1630559,Austin Reaves,1610612747,Los Angeles Lakers,2,11,5,Missed Shot,Driving Layup Shot,2PT Field Goal,In The Paint (Non-RA),Center(C),Less Than 8 ft.,4,-13,48,1,0,20251024,LAL,MIN,7750,0,1629028|1629060|1629216|1630559|1631222,0,REG,2026,1610612747,,,,,
22500019186,,Shot Chart Detail,22500019,186,1629060,Rui Hachimura,1610612747,Los Angeles Lakers,2,10,26,Missed Shot,Driving Layup Shot,2PT Field Goal,In The Paint (Non-RA),Center(C),Less Than 8 ft.,5,-23,53,1,0,20251024,LAL,MIN,8140,0,1629028|1629060|1629216|1630559|1631222,0,REG,2026,1610612747,,,,,
22500019194,,Shot Chart Detail,22500019,194,1629060,Rui Hachimura,1610612747,Los Angeles Lakers,2,9,56,Made Shot,Fadeaway Jump Shot,2PT Field Goal,In The Paint (Non-RA),Center(C),8-16 ft.,9,20,90,1,1,20251024,LAL,MIN,8440,0,1629028|1629060|1629216|1630559|1631222,0,REG,2026,1610612747,,,,,
22500019197,,Shot Chart Detail,22500019,197,1629060,Rui Hachimura,1610612747,Los Angeles Lakers,2,9,35,Made Shot,Layup Shot,2PT Field Goal,Restricted Area,Center(C),Less Than 8 ft.,1,-4,11,1,1,20251024,LAL,MIN,8650,0,1629028|1629060|1629216|1630559|1631222,1,REG,2026,1610612747,,,,,
22500019221,,Shot Chart Detail,22500019,221,1629216,Gabe Vincent,1610612747,Los Angeles Lakers,2,8,28,Made Shot,Jump Shot,2PT Field Goal,Mid-Range,Center(C),8-16 ft.,14,-1,147,1,1,20251024,LAL,MIN,9320,0,1629028|1629060|1629216|1630559|1631222,1,REG,2026,1610612747,,,,,
22500019225,,Shot Chart Detail,22500019,225,1629060,Rui Hachimura,1610612747,Los Angeles Lakers,2,8,1,Made Shot,Turnaround Fadeaway shot,2PT Field Goal,In The Paint (Non-RA),Center(C),8-16 ft.,14,39,136,1,1,20251024,LAL,MIN,9590,0,1629028|1629060|1629216|1630559|1631222,1,REG,2026,1610612747,,,,,
22500019229,,Shot Chart Detail,22500019,229,1630559,Austin Reaves,1610612747,Los Angeles Lakers,2,7,31,Made Shot,Fadeaway Jump Shot,2PT Field Goal,In The Paint (Non-RA),Right Side(R),8-16 ft.,8,80,5,1,1,20251024,LAL,MIN,9890,0,1629028|1629060|1629216|1630559|1631222,1,REG,2026,1610612747,,,,,
22500019233,,Shot Chart Detail,22500019,233,1630559,Austin Reaves,1610612747,Los Angeles Lakers,2,6,54,Made Shot,Jump Shot,3PT Field Goal,Above the Break 3,Left Side Center(LC),24+ ft.,28,-100,272,1,1,20251024,LAL,MIN,10260,0,1629028|1629060|1629216|1630559|1631222,1,REG,2026,1610612747,,,,,
22500019249,,Shot Chart Detail,22500019,249,1631222,Jake LaRavia,1610612747,Los Angeles Lakers,2,5,49,Made Shot,Fadeaway Jump Shot,2PT Field Goal,In The Paint (Non-RA),Left Side(L),8-16 ft.,8,-77,41,1,1,20251024,LAL,MIN,10910,0,1629028|1629029|1629060|1629216|1631222,1,REG,2026,1610612747,,,,,
22500019254,,Shot Chart Detail,22500019,254,1629060,Rui Hachimura,1610612747,Los Angeles Lakers,2,5,11,Missed Shot,Jump Shot,3PT Field Goal,Right Corner 3,Right Side(R),24+ ft.,24,239,31,1,0,20251024,LAL,MIN,11290,0,203935|1629028|1629029|1629060|1631222,0,REG,2026,1610612747,,,,,
22500019266,,Shot Chart Detail,22500019,266,1630559,Austin Reaves,1610612747,Los Angeles Lakers,2,4,35,Made Shot,Running Layup Shot,2PT Field Goal,Restricted Area,Center(C),Less Than 8 ft.,0,-7,2,1,1,20251024,LAL,MIN,11650,0,203935|1629028|1629029|1629060|1630559,1,REG,2026,1610612747,,,,,
22500019291,,Shot Chart Detail,22500019,291,1629029,Luka Dončić,1610612747,Los Angeles Lakers,2,3,0,Missed Shot,Step Back Jump shot,3PT Field Goal,Above the Break 3,Center(C),24+ ft.,27,48,267,1,0,20251024,LAL,MIN,12600,0,203935|1629020|1629029|1629060|1630559,0,REG,2026,1610612747,,,,,
22500019295,,Shot Chart Detail,22500019,295,203935,Marcus Smart,1610612747,Los Angeles Lakers,2,2,27,Made Shot,Jump Shot,3PT Field Goal,Left Corner 3,Left Side(L),24+ ft.,23,-234,16,1,1,20251024,LAL,MIN,12930,0,203935|1629020|1629029|1629060|1630559,1,REG,2026,1610612747,,,,,
22500019300,,Shot Chart Detail,22500019,300,1629060,Rui Hachimura,1610612747,Los Angeles Lakers,2,2,0,Missed Shot,Jump Shot,3PT Field Goal,Above the Break 3,Left Side Center(LC),24+ ft.,25,-183,181,1,0,20251024,LAL,MIN,13200,0,203935|1629020|1629029|1629060|1630559,0,REG,2026,1610612747,,,,,
22500019308,,Shot Chart Detail,22500019,308,1629029,Luka Dončić,1610612747,Los Angeles Lakers,2,1,8,Made Shot,Step Back Jump shot,2PT Field Goal,Mid-Range,Center(C),8-16 ft.,15,32,151,1,1,20251024,LAL,MIN,13720,0,203935|1629020|1629029|1629060|1630559,0,REG,2026,1610612747,,,,,
22500019344,,Shot Chart Detail,22500019,344,1629029,Luka Dončić,1610612747,Los Angeles Lakers,3,11,29,Made Shot,Driving Floating Jump Shot,2PT Field Goal,In The Paint (Non-RA),Center(C),8-16 ft.,8,-17,87,1,1,20251024,LAL,MIN,14710,0,1629028|1629029|1629060|1629216|1630559,0,REG,2026,1610612747,,,,,
22500019347,,Shot Chart Detail,22500019,347,1629028,Deandre Ayton,1610612747,Los Angeles Lakers,3,10,56,Made Shot,Jump Shot,2PT Field Goal,In The Paint (Non-RA),Center(C),8-16 ft.,14,45,134,1,1,20251024,LAL,MIN,15040,0,1629028|1629029|1629060|1629216|1630559,1,REG,2026,1610612747,,,,,
22500019352,,Shot Chart Detail,22500019,352,1629216,Gabe Vincent,1610612747,Los Angeles Lakers,3,10,12,Missed Shot,Jump Shot,3PT Field Goal,Left Corner 3,Left Side(L),24+ ft.,22,-224,17,1,0,20251024,LAL,MIN,15480,0,1629028|1629029|1629060|1629216|1630559,0,REG,2026,1610612747,,,,,
22500019354,,Shot Chart Detail,22500019,354,1629028,Deandre Ayton,1610612747,Los Angeles Lakers,3,10,11,Made Shot,Putback Layup Shot,2PT Field Goal,In The Paint (Non-RA),Center(C),8-16 ft.,8,-11,88,1,1,20251024,LAL,MIN,15490,0,1629028|1629029|1629060|1629216|1630559,0,REG,2026,1610612747,,,,,
22500019357,,Shot Chart Detail,22500019,357,1629060,Rui Hachimura,1610612747,Los Angeles Lakers,3,9,45,Made Shot,Running Dunk Shot,2PT Field Goal,Restricted Area,Center(C),Less Than 8 ft.,0,-2,8,1,1,20251024,LAL,MIN,15750,0,1629028|1629029|1629060|1629216|1630559,1,REG,2026,1610612747,,,,,
22500019363,,Shot Chart Detail,22500019,363,1629060,Rui Hachimura,1610612747,Los Angeles Lakers,3,9,8,Made Shot,Tip Layup Shot,2PT Field Goal,Restricted Area,Center(C),Less Than 8 ft.,0,0,0,1,1,20251024,LAL,MIN,16120,0,1629028|1629029|1629060|1629216|1630559,0,REG,2026,1610612747,,,,,
22500019361,,Shot Chart Detail,22500019,361,1629028,Deandre Ayton,1610612747,Los Angeles Lakers,3,9,8,Missed Shot,Cutting Dunk Shot,2PT Field Goal,Restricted Area,Center(C),Less Than 8 ft.,2,-7,22,1,0,20251024,LAL,MIN,16120,0,1629028|1629029|1629060|1629216|1630559,0,REG,2026,1610612747,,,,,
22500019374,,Shot Chart Detail,22500019,374,1629028,Deandre Ayton,1610612747,Los Angeles Lakers,3,8,30,Made Shot,Reverse Layup Shot,2PT Field Goal,In The Paint (Non-RA),Center(C),Less Than 8 ft.,4,-27,30,1,1,20251024,LAL,MIN,16500,0,1629028|1629029|1629060|1629216|1630559,1,REG,2026,1610612747,,,,,
22500019382,,Shot Chart Detail,22500019,382,1629029,Luka Dončić,1610612747,Los Angeles Lakers,3,8,9,Missed Shot,Step Back Jump shot,3PT Field Goal,Above the Break 3,Center(C),24+ ft.,28,-21,284,1,0,20251024,LAL,MIN,16710,0,1629028|1629029|1629060|1629216|1630559,0,REG,2026,1610612747,,,,,
22500019402,,Shot Chart Detail,22500019,402,1629216,Gabe Vincent,1610612747,Los Angeles Lakers,3,6,47,Missed Shot,Driving Floating Jump Shot,2PT Field Goal,In The Paint (Non-RA),Center(C),Less Than 8 ft.,5,-29,47,1,0,20251024,LAL,MIN,17530,0,1629028|1629029|1629060|1629216|1630559,0,REG,2026,1610612747,,,,,
22500019405,,Shot Chart Detail,22500019,405,1629028,Deandre Ayton,1610612747,Los Angeles Lakers,3,6,40,Made Shot,Alley Oop Dunk Shot,2PT Field Goal,Restricted Area,Center(C),Less Than 8 ft.,1,-6,19,1,1,20251024,LAL,MIN,17600,0,1629028|1629029|1629060|1629216|1630559,1,REG,2026,1610612747,,,,,
22500019409,,Shot Chart Detail,22500019,409,1629060,Rui Hachimura,1610612747,Los Angeles Lakers,3,6,13,Made Shot,Jump Shot,3PT Field Goal,Right Corner 3,Right Side(R),24+ ft.,23,233,10,1,1,20251024,LAL,MIN,17870,0,1629028|1629029|1629060|1629216|1630559,1,REG,2026,1610612747,,,,,
22500019422,,Shot Chart Detail,22500019,422,1630559,Austin Reaves,1610612747,Los Angeles Lakers,3,5,37,Made Shot,Finger Roll Layup Shot,2PT Field Goal,Restricted Area,Center(C),Less Than 8 ft.,1,-2,15,1,1,20251024,LAL,MIN,18230,0,203935|1629020|1629028|1629029|1630559,0,REG,2026,1610612747,,,,,
22500019434,,Shot Chart Detail,22500019,434,1630559,Austin Reaves,1610612747,Los Angeles Lakers,3,4,15,Made Shot,Jump Shot,3PT Field Goal,Above the Break 3,Left Side Center(LC),24+ ft.,27,-135,243,1,1,20251024,LAL,MIN,19050,0,203935|1629020|1629028|1629029|1630559,1,REG,2026,1610612747,,,,,
22500019443,,Shot Chart Detail,22500019,443,1630559,Austin Reaves,1610612747,Los Angeles Lakers,3,3,37,Made Shot,Driving Layup Shot,2PT Field Goal,Restricted Area,Center(C),Less Than 8 ft.,2,2,22,1,1,20251024,LAL,MIN,19430,0,203935|1629020|1629060|1630559|1631222,0,REG,2026,1610612747,,,,,
22500019454,,Shot Chart Detail,22500019,454,1629020,Jarred Vanderbilt,1610612747,Los Angeles Lakers,3,2,50,Missed Shot,Jump Shot,3PT Field Goal,Right Corner 3,Right Side(R),24+ ft.,23,228,61,1,0,20251024,LAL,MIN,19900,0,203935|1629020|1629060|1630559|1631222,0,REG,2026,1610612747,,,,,
22500019474,,Shot Chart Detail,22500019,474,1629060,Rui Hachimura,1610612747,Los Angeles Lakers,3,1,34,Made Shot,Driving Floating Bank Jump Shot,2PT Field Goal,In The Paint (Non-RA),Center(C),Less Than 8 ft.,6,51,37,1,1,20251024,LAL,MIN,20660,0,203935|1629020|1629060|1630559|1631222,1,REG,2026,1610612747,,,,,
22500019485,,Shot Chart Detail,22500019,485,1630559,Austin Reaves,1610612747,Los Angeles Lakers,3,1,3,Missed Shot,Pullup Jump shot,2PT Field Goal,Mid-Range,Left Side Center(LC),16-24 ft.,18,-87,158,1,0,20251024,LAL,MIN,20970,0,203935|1629020|1629060|1630559|1631222,0,REG,2026,1610612747,,,,,
22500019489,,Shot Chart Detail,22500019,489,1629060,Rui Hachimura,1610612747,Los Angeles Lakers,3,0,54,Made Shot,Running Alley Oop Dunk Shot,2PT Field Goal,Restricted Area,Center(C),Less Than 8 ft.,1,-6,14,1,1,20251024,LAL,MIN,21060,0,203935|1629020|1629060|1630559|1631222,1,REG,2026,1610612747,,,,,
22500019515,,Shot Chart Detail,22500019,515,1629029,Luka Dončić,1610612747,Los Angeles Lakers,4,11,22,Made Shot,Turnaround Fadeaway shot,2PT Field Goal,Mid-Range,Left Side(L),8-16 ft.,11,-83,82,1,1,20251024,LAL,MIN,21980,0,203935|1629020|1629029|1629060|1631222,0,REG,2026,1610612747,,,,,
22500019527,,Shot Chart Detail,22500019,527,1629060,Rui Hachimura,1610612747,Los Angeles Lakers,4,10,11,Made Shot,Jump Shot,2PT Field Goal,Mid-Range,Left Side(L),8-16 ft.,14,-119,78,1,1,20251024,LAL,MIN,22690,0,203935|1629020|1629029|1629060|1631222,1,REG,2026,1610612747,,,,,
22500019530,,Shot Chart Detail,22500019,530,203935,Marcus Smart,1610612747,Los Angeles Lakers,4,9,43,Missed Shot,Driving Layup Shot,2PT Field Goal,In The Paint (Non-RA),Center(C),Less Than 8 ft.,4,16,38,1,0,20251024,LAL,MIN,22970,0,203935|1629020|1629029|1629060|1631222,0,REG,2026,1610612747,,,,,
22500019532,,Shot Chart Detail,22500019,532,1629020,Jarred Vanderbilt,1610612747,Los Angeles Lakers,4,9,42,Missed Shot,Tip Dunk Shot,2PT Field Goal,Restricted Area,Center(C),Less Than 8 ft.,0,0,0,1,0,20251024,LAL,MIN,22980,0,203935|1629020|1629029|1629060|1631222,0,REG,2026,1610612747,,,,,
22500019536,,Shot Chart Detail,22500019,536,1629029,Luka Dončić,1610612747,Los Angeles Lakers,4,9,15,Made Shot,Driving Floating Jump Shot,2PT Field Goal,In The Paint (Non-RA),Right Side(R),8-16 ft.,10,55,89,1,1,20251024,LAL,MIN,23250,0,203935|1629020|1629029|1629060|1631222,0,REG,2026,1610612747,,,,,
22500019550,,Shot Chart Detail,22500019,550,1629029,Luka Dončić,1610612747,Los Angeles Lakers,4,8,7,Made Shot,Step Back Jump shot,3PT Field Goal,Above the Break 3,Left Side Center(LC),24+ ft.,26,-210,166,1,1,20251024,LAL,MIN,23930,0,1629028|1629029|1629060|1629216|1631222,0,REG,2026,1610612747,,,,,
22500019566,,Shot Chart Detail,22500019,566,1629028,Deandre Ayton,1610612747,Los Angeles Lakers,4,7,18,Made Shot,Dunk Shot,2PT Field Goal,Restricted Area,Center(C),Less Than 8 ft.,1,-11,6,1,1,20251024,LAL,MIN,24420,0,1629028|1629029|1629216|1630559|1631222,1,REG,2026,1610612747,,,,,
22500019575,,Shot Chart Detail,22500019,575,1629029,Luka Dončić,1610612747,Los Angeles Lakers,4,6,27,Missed Shot,Step Back Jump shot,3PT Field Goal,Above the Break 3,Center(C),24+ ft.,26,-53,262,1,0,20251024,LAL,MIN,24930,0,1629028|1629029|1629216|1630559|1631222,0,REG,2026,1610612747,,,,,
22500019577,,Shot Chart Detail,22500019,577,1629028,Deandre Ayton,1610612747,Los Angeles Lakers,4,6,20,Made Shot,Dunk Shot,2PT Field Goal,Restricted Area,Center(C),Less Than 8 ft.,1,-4,16,1,1,20251024,LAL,MIN,25000,0,1629028|1629029|1629216|1630559|1631222,1,REG,2026,1610612747,,,,,
22500019585,,Shot Chart Detail,22500019,585,1630559,Austin Reaves,1610612747,Los Angeles Lakers,4,5,47,Made Shot,Fadeaway Jump Shot,2PT Field Goal,In The Paint (Non-RA),Center(C),8-16 ft.,12,-39,120,1,1,20251024,LAL,MIN,25330,0,1629028|1629029|1629216|1630559|1631222,0,REG,2026,1610612747,,,,,
22500019588,,Shot Chart Detail,22500019,588,1629029,Luka Dončić,1610612747,Los Angeles Lakers,4,5,24,Made Shot,Running Dunk Shot,2PT Field Goal,Restricted Area,Center(C),Less Than 8 ft.,1,7,8,1,1,20251024,LAL,MIN,25560,0,1629028|1629029|1629216|1630559|1631222,1,REG,2026,1610612747,,,,,
22500019595,,Shot Chart Detail,22500019,595,1631222,Jake LaRavia,1610612747,Los Angeles Lakers,4,5,2,Missed Shot,Running Jump Shot,3PT Field Goal,Right Corner 3,Right Side(R),24+ ft.,24,235,62,1,0,20251024,LAL,MIN,25780,0,1629028|1629029|1629216|1630559|1631222,0,REG,2026,1610612747,,,,,
22500019607,,Shot Chart Detail,22500019,607,1629029,Luka Dončić,1610612747,Los Angeles Lakers,4,4,36,Missed Shot,Pullup Jump shot,3PT Field Goal,Above the Break 3,Center(C),24+ ft.,34,91,334,1,0,20251024,LAL,MIN,26040,0,1629028|1629029|1629216|1630559|1631222,0,REG,2026,1610612747,,,,,
22500019618,,Shot Chart Detail,22500019,618,1629029,Luka Dončić,1610612747,Los Angeles Lakers,4,3,29,Missed Shot,Driving Floating Jump Shot,2PT Field Goal,Restricted Area,Center(C),Less Than 8 ft.,3,-25,25,1,0,20251024,LAL,MIN,26710,0,1629028|1629029|1629216|1630559|1631222,0,REG,2026,1610612747,,,,,
22500019620,,Shot Chart Detail,22500019,620,1629028,Deandre Ayton,1610612747,Los Angeles Lakers,4,3,28,Missed Shot,Tip Layup Shot,2PT Field Goal,Restricted Area,Center(C),Less Than 8 ft.,0,0,0,1,0,20251024,LAL,MIN,26720,0,1629028|1629029|1629216|1630559|1631222,0,REG,2026,1610612747,,,,,
22500019645,,Shot Chart Detail,22500019,645,1642355,Bronny James,1610612747,Los Angeles Lakers,4,2,30,Missed Shot,Driving Finger Roll Layup Shot,2PT Field Goal,In The Paint (Non-RA),Center(C),Less Than 8 ft.,5,45,38,1,0,20251024,LAL,MIN,27300,0,1629020|1631132|1631222|1642261|1642355,0,REG,2026,1610612747,,,,,
22500019648,,Shot Chart Detail,22500019,648,1642261,Dalton Knecht,1610612747,Los Angeles Lakers,4,2,1,Missed Shot,Pullup Jump shot,3PT Field Goal,Above the Break 3,Right Side Center(RC),24+ ft.,31,110,297,1,0,20251024,LAL,MIN,27590,0,1629020|1631132|1631222|1642261|1642355,0,REG,2026,1610612747,,,,,
225000247,,Shot Chart Detail,22500024,7,1629029,Luka Dončić,1610612747,Los Angeles Lakers,1,11,45,Missed Shot,Jump Shot,3PT Field Goal,Above the Break 3,Right Side Center(RC),24+ ft.,26,83,251,1,0,20251031,MEM,LAL,150,0,203935|1629028|1629029|1629060|1630559,0,REG,2026,1610612747,,,,,
2250002415,,Shot Chart Detail,22500024,15,1630559,Austin Reaves,1610612747,Los Angeles Lakers,1,11,3,Missed Shot,Jump Shot,3PT Field Goal,Above the Break 3,Right Side Center(RC),24+ ft.,25,222,116,1,0,20251031,MEM,LAL,570,0,203935|1629028|1629029|1629060|1630559,0,REG,2026,1610612747,,,,,
2250002428,,Shot Chart Detail,22500024,28,203935,Marcus Smart,1610612747,Los Angeles Lakers,1,10,14,Made Shot,Running Finger Roll Layup Shot,2PT Field Goal,Restricted Area,Center(C),Less Than 8 ft.,1,1,11,1,1,20251031,MEM,LAL,1060,0,203935|1629028|1629029|1629060|1630559,0,REG,2026,1610612747,,,,,
2250002431,,Shot Chart Detail,22500024,31,1629028,Deandre Ayton,1610612747,Los Angeles Lakers,1,9,53,Made Shot,Alley Oop Dunk Shot,2PT Field Goal,Restricted Area,Center(C),Less Than 8 ft.,1,2,18,1,1,20251031,MEM,LAL,1270,0,203935|1629028|1629029|1629060|1630559,1,REG,2026,1610612747,,,,,
2250002434,,Shot Chart Detail,22500024,34,1630559,Austin Reaves,1610612747,Los Angeles Lakers,1,9,18,Made Shot,Driving Reverse Layup Shot,2PT Field Goal,Restricted Area,Center(C),Less Than 8 ft.,1,-6,13,1,1,20251031,MEM,LAL,1620,0,203935|1629028|1629029|1629060|1630559,0,REG,2026,1610612747,,,,,
2250002439,,Shot Chart Detail,22500024,39,1629029,Luka Dončić,1610612747,Los Angeles Lakers,1,8,44,Missed Shot,Step Back Jump shot,2PT Field Goal,In The Paint (Non-RA),Right Side(R),8-16 ft.,14,77,121,1,0,20251031,MEM,LAL,1960,0,203935|1629028|1629029|1629060|1630559,0,REG,2026,1610612747,,,,,
2250002441,,Shot Chart Detail,22500024,41,1629029,Luka Dončić,1610612747,Los Angeles Lakers,1,8,42,Made Shot,Putback Layup Shot,2PT Field Goal,Restricted Area,Center(C),Less Than 8 ft.,0,5,8,1,1,20251031,MEM,LAL,1980,0,203935|1629028|1629029|1629060|1630559,0,REG,2026,1610612747,,,,,
2250002444,,Shot Chart Detail,22500024,44,1629028,Deandre Ayton,1610612747,Los Angeles Lakers,1,8,4,Missed Shot,Jump Shot,2PT Field Goal,In The Paint (Non-RA),Center(C),8-16 ft.,14,-37,136,1,0,20251031,MEM,LAL,2360,0,203935|1629028|1629029|1629060|1630559,0,REG,2026,1610612747,,,,,
2250002448,,Shot Chart Detail,22500024,48,1629029,Luka Dončić,1610612747,Los Angeles Lakers,1,7,44,Made Shot,Running Reverse Layup Shot,2PT Field Goal,Restricted Area,Center(C),Less Than 8 ft.,0,2,8,1,1,20251031,MEM,LAL,2560,0,203935|1629028|1629029|1629060|1630559,1,REG,2026,1610612747,,,,,
2250002452,,Shot Chart Detail,22500024,52,1629029,Luka Dončić,1610612747,Los Angeles Lakers,1,6,58,Made Shot,Step Back Jump shot,3PT Field Goal,Above the Break 3,Left Side Center(LC),24+ ft.,24,-224,89,1,1,20251031,MEM,LAL,3020,0,203935|1629028|1629029|1629060|1630559,1,REG,2026,1610612747,,,,,
2250002463,,Shot Chart Detail,22500024,63,1631222,Jake LaRavia,1610612747,Los Angeles Lakers,1,6,29,Made Shot,Jump Shot,3PT Field Goal,Right Corner 3,Right Side(R),24+ ft.,23,232,-10,1,1,20251031,MEM,LAL,3310,0,1629028|1629029|1629060|1630559|1631222,1,REG,2026,1610612747,,,,,
2250002471,,Shot Chart Detail,22500024,71,1630559,Austin Reaves,1610612747,Los Angeles Lakers,1,5,45,Missed Shot,Turnaround Fadeaway shot,2PT Field Goal,In The Paint (Non-RA),Center(C),8-16 ft.,14,-60,127,1,0,20251031,MEM,LAL,3750,0,1629028|1629029|1629060|1630559|1631222,0,REG,2026,1610612747,,,,,
2250002475,,Shot Chart Detail,22500024,75,1630559,Austin Reaves,1610612747,Los Angeles Lakers,1,5,20,Missed Shot,Jump Shot,3PT Field Goal,Above the Break 3,Right Side Center(RC),24+ ft.,25,163,197,1,0,20251031,MEM,LAL,4000,0,1629028|1629029|1629060|1630559|1631222,0,REG,2026,1610612747,,,,,
2250002495,,Shot Chart Detail,22500024,95,1629060,Rui Hachimura,1610612747,Los Angeles Lakers,1,4,31,Missed Shot,Jump Shot,3PT Field Goal,Left Corner 3,Left Side(L),24+ ft.,23,-224,64,1,0,20251031,MEM,LAL,4490,0,1629028|1629029|1629060|1630559|1631222,0,REG,2026,1610612747,,,,,
22500024114,,Shot Chart Detail,22500024,114,1631222,Jake LaRavia,1610612747,Los Angeles Lakers,1,3,23,Made Shot,Reverse Layup Shot,2PT Field Goal,Restricted Area,Center(C),Less Than 8 ft.,1,-1,18,1,1,20251031,MEM,LAL,5170,0,1629029|1629060|1629637|1631222|1642261,1,REG,2026,1610612747,,,,,
22500024128,,Shot Chart Detail,22500024,128,1629029,Luka Dončić,1610612747,Los Angeles Lakers,1,2,36,Made Shot,Step Back Jump shot,3PT Field Goal,Above the Break 3,Left Side Center(LC),24+ ft.,26,-127,228,1,1,20251031,MEM,LAL,5640,0,1629029|1629060|1629637|1631222|1642261,1,REG,2026,1610612747,,,,,
22500024132,,Shot Chart Detail,22500024,132,1629029,Luka Dončić,1610612747,Los Angeles Lakers,1,2,5,Missed Shot,Jump Shot,3PT Field Goal,Above the Break 3,Left Side Center(LC),24+ ft.,24,-131,211,1,0,20251031,MEM,LAL,5950,0,1629029|1629060|1629637|1631222|1642261,0,REG,2026,1610612747,,,,,
22500024143,,Shot Chart Detail,22500024,143,1629020,Jarred Vanderbilt,1610612747,Los Angeles Lakers,1,1,43,Missed Shot,Jump Shot,3PT Field Goal,Right Corner 3,Right Side(R),24+ ft.,23,228,37,1,0,20251031,MEM,LAL,6170,0,1629020|1629637|1630559|1631222|1642261,0,REG,2026,1610612747,,,,,
22500024147,,Shot Chart Detail,22500024,147,1642261,Dalton Knecht,1610612747,Los Angeles Lakers,1,1,12,Missed Shot,Step Back Jump shot,2PT Field Goal,Mid-Range,Left Side(L),8-16 ft.,15,-143,59,1,0,20251031,MEM,LAL,6480,0,1629020|1629637|1630559|1631222|1642261,0,REG,2026,1610612747,,,,,
22500024158,,Shot Chart Detail,22500024,158,1630559,Austin Reaves,1610612747,Los Angeles Lakers,1,0,46,Made Shot,Driving Floating Jump Shot,2PT Field Goal,In The Paint (Non-RA),Center(C),8-16 ft.,11,-43,107,1,1,20251031,MEM,LAL,6740,0,203935|1629020|1629637|1630559|1642261,1,REG,2026,1610612747,,,,,
22500024188,,Shot Chart Detail,22500024,188,1642261,Dalton Knecht,1610612747,Los Angeles Lakers,2,11,20,Missed Shot,Jump Shot,3PT Field Goal,Above the Break 3,Left Side Center(LC),24+ ft.,26,-131,228,1,0,20251031,MEM,LAL,7600,0,203935|1629020|1629637|1630559|1642261,0,REG,2026,1610612747,,,,,
22500024192,,Shot Chart Detail,22500024,192,1642261,Dalton Knecht,1610612747,Los Angeles Lakers,2,10,55,Made Shot,Jump Shot,3PT Field Goal,Right Corner 3,Right Side(R),24+ ft.,23,234,26,1,1,20251031,MEM,LAL,7850,0,203935|1629020|1629637|1630559|1642261,1,REG,2026,1610612747,,,,,
22500024203,,Shot Chart Detail,22500024,203,1631222,Jake LaRavia,1610612747,Los Angeles Lakers,2,10,17,Made Shot,Running Dunk Shot,2PT Field Goal,Restricted Area,Center(C),Less Than 8 ft.,1,6,12,1,1,20251031,MEM,LAL,8230,0,203935|1629020|1629637|1630559|1631222,1,REG,2026,1610612747,,,,,
22500024212,,Shot Chart Detail,22500024,212,203935,Marcus Smart,1610612747,Los Angeles Lakers,2,9,43,Made Shot,Turnaround Fadeaway shot,2PT Field Goal,Mid-Range,Right Side(R),8-16 ft.,13,94,100,1,1,20251031,MEM,LAL,8570,0,203935|1629020|1629637|1630559|1631222,0,REG,2026,1610612747,,,,,
22500024221,,Shot Chart Detail,22500024,221,1630559,Austin Reaves,1610612747,Los Angeles Lakers,2,9,6,Missed Shot,Running Layup Shot,2PT Field Goal,In The Paint (Non-RA),Center(C),Less Than 8 ft.,4,-18,36,1,0,20251031,MEM,LAL,8940,0,203935|1629020|1629637|1630559|1631222,0,REG,2026,1610612747,,,,,
22500024232,,Shot Chart Detail,22500024,232,1629028,Deandre Ayton,1610612747,Los Angeles Lakers,2,8,32,Made Shot,Floating Jump shot,2PT Field Goal,In The Paint (Non-RA),Center(C),8-16 ft.,9,-26,91,1,1,20251031,MEM,LAL,9280,0,203935|1629020|1629028|1630559|1631222,1,REG,2026,1610612747,,,,,
22500024247,,Shot Chart Detail,22500024,247,1629028,Deandre Ayton,1610612747,Los Angeles Lakers,2,8,4,Made Shot,Turnaround Hook Shot,2PT Field Goal,In The Paint (Non-RA),Right Side(R),8-16 ft.,9,67,67,1,1,20251031,MEM,LAL,9560,0,203935|1629028|1629029|1630559|1631222,1,REG,2026,1610612747,,,,,
22500024251,,Shot Chart Detail,22500024,251,1629028,Deandre Ayton,1610612747,Los Angeles Lakers,2,7,27,Made Shot,Alley Oop Layup shot,2PT Field Goal,Restricted Area,Center(C),Less Than 8 ft.,0,7,7,1,1,20251031,MEM,LAL,9930,0,203935|1629028|1629029|1630559|1631222,1,REG,2026,1610612747,,,,,
22500024255,,Shot Chart Detail,22500024,255,1631222,Jake LaRavia,1610612747,Los Angeles Lakers,2,7,4,Missed Shot,Jump Shot,3PT Field Goal,Right Corner 3,Right Side(R),24+ ft.,24,229,84,1,0,20251031,MEM,LAL,10160,0,203935|1629028|1629029|1630559|1631222,0,REG,2026,1610612747,,,,,
22500024275,,Shot Chart Detail,22500024,275,1629029,Luka Dončić,1610612747,Los Angeles Lakers,2,6,17,Made Shot,Driving Floating Jump Shot,2PT Field Goal,In The Paint (Non-RA),Center(C),8-16 ft.,10,50,92,1,1,20251031,MEM,LAL,10630,0,1629028|1629029|1629060|1631222|1642261,0,REG,2026,1610612747,,,,,
22500024277,,Shot Chart Detail,22500024,277,1629029,Luka Dončić,1610612747,Los Angeles Lakers,2,5,51,Made Shot,Driving Layup Shot,2PT Field Goal,Restricted Area,Center(C),Less Than 8 ft.,2,15,17,1,1,20251031,MEM,LAL,10890,0,1629028|1629029|1629060|1631222|1642261,0,REG,2026,1610612747,,,,,
22500024285,,Shot Chart Detail,22500024,285,1631222,Jake LaRavia,1610612747,Los Angeles Lakers,2,5,4,Missed Shot,Driving Layup Shot,2PT Field Goal,Restricted Area,Center(C),Less Than 8 ft.,3,-15,31,1,0,20251031,MEM,LAL,11360,0,1629028|1629029|1629060|1631222|1642261,0,REG,2026,1610612747,,,,,
22500024297,,Shot Chart Detail,22500024,297,1629029,Luka Dončić,1610612747,Los Angeles Lakers,2,3,51,Missed Shot,Step Back Jump shot,3PT Field Goal,Above the Break 3,Left Side Center(LC),24+ ft.,27,-150,230,1,0,20251031,MEM,LAL,12090,0,1629028|1629029|1629060|1631222|1642261,0,REG,2026,1610612747,,,,,
22500024313,,Shot Chart Detail,22500024,313,1629028,Deandre Ayton,1610612747,Los Angeles Lakers,2,3,16,Missed Shot,Turnaround Hook Shot,2PT Field Goal,In The Paint (Non-RA),Center(C),8-16 ft.,10,-10,101,1,0,20251031,MEM,LAL,12440,0,1629028|1629029|1629060|1630559|1631222,0,REG,2026,1610612747,,,,,
22500024322,,Shot Chart Detail,22500024,322,1629029,Luka Dončić,1610612747,Los Angeles Lakers,2,2,46,Missed Shot,Fadeaway Jump Shot,2PT Field Goal,In The Paint (Non-RA),Right Side(R),8-16 ft.,13,70,115,1,0,20251031,MEM,LAL,12740,0,203935|1629028|1629029|1629060|1630559,0,REG,2026,1610612747,,,,,
22500024327,,Shot Chart Detail,22500024,327,1630559,Austin Reaves,1610612747,Los Angeles Lakers,2,2,4,Missed Shot,Driving Floating Jump Shot,2PT Field Goal,In The Paint (Non-RA),Left Side(L),8-16 ft.,12,-70,106,1,0,20251031,MEM,LAL,13160,0,203935|1629028|1629029|1629060|1630559,0,REG,2026,1610612747,,,,,
22500024334,,Shot Chart Detail,22500024,334,203935,Marcus Smart,1610612747,Los Angeles Lakers,2,1,29,Made Shot,Jump Shot,3PT Field Goal,Above the Break 3,Right Side Center(RC),24+ ft.,25,154,206,1,1,20251031,MEM,LAL,13510,0,203935|1629028|1629029|1629060|1630559,1,REG,2026,1610612747,,,,,
22500024338,,Shot Chart Detail,22500024,338,1629029,Luka Dončić,1610612747,Los Angeles Lakers,2,1,1,Made Shot,Pullup Jump shot,2PT Field Goal,In The Paint (Non-RA),Right Side(R),8-16 ft.,11,75,84,1,1,20251031,MEM,LAL,13790,0,203935|1629028|1629029|1629060|1630559,0,REG,2026,1610612747,,,,,
22500024344,,Shot Chart Detail,22500024,344,1630559,Austin Reaves,1610612747,Los Angeles Lakers,2,0,33,Missed Shot,Jump Shot,3PT Field Goal,Above the Break 3,Left Side Center(LC),24+ ft.,26,-152,220,1,0,20251031,MEM,LAL,14070,0,203935|1629028|1629029|1629060|1630559,0,REG,2026,1610612747,,,,,
22500024347,,Shot Chart Detail,22500024,347,1630559,Austin Reaves,1610612747,Los Angeles Lakers,2,0,2,Missed Shot,Jump Shot,3PT Field Goal,Above the Break 3,Left Side Center(LC),24+ ft.,25,-146,212,1,0,20251031,MEM,LAL,14380,0,203935|1629028|1629029|1629060|1630559,0,REG,2026,1610612747,,,,,
22500024368,,Shot Chart Detail,22500024,368,1629029,Luka Dončić,1610612747,Los Angeles Lakers,3,11,7,Made Shot,Jump Shot,3PT Field Goal,Above the Break 3,Center(C),24+ ft.,24,58,243,1,1,20251031,MEM,LAL,14930,0,203935|1629029|1629060|1629637|1630559,1,REG,2026,1610612747,,,,,
22500024372,,Shot Chart Detail,22500024,372,1630559,Austin Reaves,1610612747,Los Angeles Lakers,3,10,33,Made Shot,Jump Shot,3PT Field Goal,Above the Break 3,Left Side Center(LC),24+ ft.,24,-85,229,1,1,20251031,MEM,LAL,15270,0,203935|1629029|1629060|1629637|1630559,1,REG,2026,1610612747,,,,,
22500024376,,Shot Chart Detail,22500024,376,203935,Marcus Smart,1610612747,Los Angeles Lakers,3,9,47,Missed Shot,Jump Shot,3PT Field Goal,Right Corner 3,Right Side(R),24+ ft.,23,233,3,1,0,20251031,MEM,LAL,15730,0,203935|1629029|1629060|1629637|1630559,0,REG,2026,1610612747,,,,,
22500024393,,Shot Chart Detail,22500024,393,1629060,Rui Hachimura,1610612747,Los Angeles Lakers,3,8,50,Made Shot,Jump Shot,3PT Field Goal,Left Corner 3,Left Side(L),24+ ft.,22,-222,-11,1,1,20251031,MEM,LAL,16300,0,203935|1629029|1629060|1629637|1630559,1,REG,2026,1610612747,,,,,
22500024416,,Shot Chart Detail,22500024,416,1629029,Luka Dončić,1610612747,Los Angeles Lakers,3,7,6,Made Shot,Step Back Jump shot,3PT Field Goal,Above the Break 3,Right Side Center(RC),24+ ft.,25,102,235,1,1,20251031,MEM,LAL,17340,0,203935|1629029|1629060|1629637|1630559,0,REG,2026,1610612747,,,,,
22500024425,,Shot Chart Detail,22500024,425,1629029,Luka Dončić,1610612747,Los Angeles Lakers,3,6,19,Missed Shot,Driving Floating Jump Shot,2PT Field Goal,In The Paint (Non-RA),Center(C),8-16 ft.,10,10,106,1,0,20251031,MEM,LAL,17810,0,203935|1629029|1629060|1629637|1630559,0,REG,2026,1610612747,,,,,
22500024433,,Shot Chart Detail,22500024,433,1629029,Luka Dončić,1610612747,Los Angeles Lakers,3,5,57,Made Shot,Jump Shot,3PT Field Goal,Above the Break 3,Right Side Center(RC),24+ ft.,26,82,250,1,1,20251031,MEM,LAL,18030,0,1629029|1629060|1629637|1630559|1631222,1,REG,2026,1610612747,,,,,
22500024437,,Shot Chart Detail,22500024,437,1629029,Luka Dončić,1610612747,Los Angeles Lakers,3,5,37,Missed Shot,Running Jump Shot,3PT Field Goal,Above the Break 3,Right Side Center(RC),24+ ft.,26,135,226,1,0,20251031,MEM,LAL,18230,0,1629029|1629060|1629637|1630559|1631222,0,REG,2026,1610612747,,,,,
22500024439,,Shot Chart Detail,22500024,439,1629637,Jaxson Hayes,1610612747,Los Angeles Lakers,3,5,24,Made Shot,Alley Oop Dunk Shot,2PT Field Goal,Restricted Area,Center(C),Less Than 8 ft.,0,-9,0,1,1,20251031,MEM,LAL,18360,0,1629029|1629060|1629637|1630559|1631222,1,REG,2026,1610612747,,,,,
22500024443,,Shot Chart Detail,22500024,443,1629637,Jaxson Hayes,1610612747,Los Angeles Lakers,3,4,52,Missed Shot,Alley Oop Layup shot,2PT Field Goal,Restricted Area,Center(C),Less Than 8 ft.,1,4,17,1,0,20251031,MEM,LAL,18680,0,1629029|1629060|1629637|1630559|1631222,0,REG,2026,1610612747,,,,,
22500024457,,Shot Chart Detail,22500024,457,1629029,Luka Dončić,1610612747,Los Angeles Lakers,3,3,57,Missed Shot,Step Back Jump shot,3PT Field Goal,Above the Break 3,Left Side Center(LC),24+ ft.,24,-134,210,1,0,20251031,MEM,LAL,19230,0,1629029|1629060|1629637|1631222|1642261,0,REG,2026,1610612747,,,,,
22500024464,,Shot Chart Detail,22500024,464,1629029,Luka Dončić,1610612747,Los Angeles Lakers,3,3,29,Made Shot,Fadeaway Jump Shot,2PT Field Goal,In The Paint (Non-RA),Center(C),8-16 ft.,12,60,114,1,1,20251031,MEM,LAL,19510,0,1629029|1629060|1629637|1631222|1642261,0,REG,2026,1610612747,,,,,
22500024503,,Shot Chart Detail,22500024,503,203935,Marcus Smart,1610612747,Los Angeles Lakers,3,1,24,Made Shot,Driving Floating Jump Shot,2PT Field Goal,Mid-Range,Right Side(R),8-16 ft.,13,87,109,1,1,20251031,MEM,LAL,20760,0,203935|1629020|1629029|1631222|1642261,1,REG,2026,1610612747,,,,,
22500024507,,Shot Chart Detail,22500024,507,1629029,Luka Dončić,1610612747,Los Angeles Lakers,3,1,1,Missed Shot,Step Back Jump shot,3PT Field Goal,Above the Break 3,Center(C),24+ ft.,24,22,247,1,0,20251031,MEM,LAL,20990,0,203935|1629020|1629029|1631222|1642261,0,REG,2026,1610612747,,,,,
22500024511,,Shot Chart Detail,22500024,511,1631222,Jake LaRavia,1610612747,Los Angeles Lakers,3,0,31,Missed Shot,Jump Shot,3PT Field Goal,Right Corner 3,Right Side(R),24+ ft.,23,230,-27,1,0,20251031,MEM,LAL,21290,0,203935|1629020|1629029|1631222|1642261,0,REG,2026,1610612747,,,,,
22500024515,,Shot Chart Detail,22500024,515,1642261,Dalton Knecht,1610612747,Los Angeles Lakers,3,0,0,Made Shot,Driving Layup Shot,2PT Field Goal,In The Paint (Non-RA),Center(C),Less Than 8 ft.,5,36,35,1,1,20251031,MEM,LAL,21600,0,203935|1629020|1629029|1631222|1642261,0,REG,2026,1610612747,,,,,
22500024524,,Shot Chart Detail,22500024,524,1630559,Austin Reaves,1610612747,Los Angeles Lakers,4,11,42,Made Shot,Pullup Jump shot,2PT Field Goal,Mid-Range,Center(C),8-16 ft.,15,-13,152,1,1,20251031,MEM,LAL,21780,0,203935|1629020|1629060|1630559|1631222,0,REG,2026,1610612747,,,,,
22500024527,,Shot Chart Detail,22500024,527,1631222,Jake LaRavia,1610612747,Los Angeles Lakers,4,11,13,Made Shot,Running Layup Shot,2PT Field Goal,Restricted Area,Center(C),Less Than 8 ft.,0,5,-5,1,1,20251031,MEM,LAL,22070,0,203935|1629020|1629060|1630559|1631222,1,REG,2026,1610612747,,,,,
22500024536,,Shot Chart Detail,22500024,536,203935,Marcus Smart,1610612747,Los Angeles Lakers,4,10,37,Missed Shot,Jump Shot,3PT Field Goal,Above the Break 3,Left Side Center(LC),24+ ft.,25,-137,218,1,0,20251031,MEM,LAL,22430,0,203935|1629020|1629060|1630559|1631222,0,REG,2026,1610612747,,,,,
22500024538,,Shot Chart Detail,22500024,538,1630559,Austin Reaves,1610612747,Los Angeles Lakers,4,10,29,Made Shot,Pullup Jump shot,3PT Field Goal,Above the Break 3,Left Side Center(LC),24+ ft.,25,-121,221,1,1,20251031,MEM,LAL,22510,0,203935|1629020|1629060|1630559|1631222,0,REG,2026,1610612747,,,,,
22500024547,,Shot Chart Detail,22500024,547,203935,Marcus Smart,1610612747,Los Angeles Lakers,4,9,52,Missed Shot,Jump Shot,3PT Field Goal,Above the Break 3,Left Side Center(LC),24+ ft.,24,-150,195,1,0,20251031,MEM,LAL,22880,0,203935|1629020|1629060|1630559|1631222,0,REG,2026,1610612747,,,,,
22500024553,,Shot Chart Detail,22500024,553,1631222,Jake LaRavia,1610612747,Los Angeles Lakers,4,9,8,Made Shot,Reverse Layup Shot,2PT Field Goal,Restricted Area,Center(C),Less Than 8 ft.,1,-17,6,1,1,20251031,MEM,LAL,23320,0,203935|1629020|1629060|1630559|1631222,0,REG,2026,1610612747,,,,,
22500024564,,Shot Chart Detail,22500024,564,1630559,Austin Reaves,1610612747,Los Angeles Lakers,4,8,30,Missed Shot,Step Back Jump shot,3PT Field Goal,Above the Break 3,Left Side Center(LC),24+ ft.,25,-130,214,1,0,20251031,MEM,LAL,23700,0,203935|1629020|1629060|1630559|1631222,0,REG,2026,1610612747,,,,,
22500024570,,Shot Chart Detail,22500024,570,1629020,Jarred Vanderbilt,1610612747,Los Angeles Lakers,4,8,18,Made Shot,Dunk Shot,2PT Field Goal,Restricted Area,Center(C),Less Than 8 ft.,0,1,-1,1,1,20251031,MEM,LAL,23820,0,203935|1629020|1629029|1629060|1630559,1,REG,2026,1610612747,,,,,
22500024573,,Shot Chart Detail,22500024,573,1629029,Luka Dončić,1610612747,Los Angeles Lakers,4,7,48,Missed Shot,Turnaround Fadeaway shot,2PT Field Goal,In The Paint (Non-RA),Center(C),8-16 ft.,15,75,131,1,0,20251031,MEM,LAL,24120,0,203935|1629020|1629029|1629060|1630559,0,REG,2026,1610612747,,,,,
22500024577,,Shot Chart Detail,22500024,577,1629029,Luka Dončić,1610612747,Los Angeles Lakers,4,7,18,Made Shot,Driving Finger Roll Layup Shot,2PT Field Goal,Restricted Area,Center(C),Less Than 8 ft.,0,6,5,1,1,20251031,MEM,LAL,24420,0,203935|1629020|1629029|1629060|1630559,1,REG,2026,1610612747,,,,,
22500024581,,Shot Chart Detail,22500024,581,1629060,Rui Hachimura,1610612747,Los Angeles Lakers,4,6,43,Made Shot,Jump Shot,3PT Field Goal,Above the Break 3,Left Side Center(LC),24+ ft.,25,-124,218,1,1,20251031,MEM,LAL,24770,0,203935|1629020|1629029|1629060|1630559,1,REG,2026,1610612747,,,,,
22500024594,,Shot Chart Detail,22500024,594,1629029,Luka Dončić,1610612747,Los Angeles Lakers,4,6,7,Made Shot,Jump Shot,3PT Field Goal,Above the Break 3,Right Side Center(RC),24+ ft.,28,94,271,1,1,20251031,MEM,LAL,25130,0,203935|1629029|1629060|1629637|1642261,1,REG,2026,1610612747,,,,,
22500024598,,Shot Chart Detail,22500024,598,1629029,Luka Dončić,1610612747,Los Angeles Lakers,4,5,41,Missed Shot,Pullup Jump shot,3PT Field Goal,Above the Break 3,Left Side Center(LC),24+ ft.,27,-158,225,1,0,20251031,MEM,LAL,25390,0,203935|1629029|1629060|1629637|1642261,0,REG,2026,1610612747,,,,,
22500024606,,Shot Chart Detail,22500024,606,1642261,Dalton Knecht,1610612747,Los Angeles Lakers,4,5,16,Missed Shot,Jump Shot,3PT Field Goal,Above the Break 3,Right Side Center(RC),24+ ft.,25,85,241,1,0,20251031,MEM,LAL,25640,0,203935|1629029|1629060|1629637|1642261,0,REG,2026,1610612747,,,,,
22500024608,,Shot Chart Detail,22500024,608,1629029,Luka Dončić,1610612747,Los Angeles Lakers,4,5,11,Missed Shot,Step Back Jump shot,3PT Field Goal,Right Corner 3,Right Side(R),24+ ft.,23,232,-8,1,0,20251031,MEM,LAL,25690,0,203935|1629029|1629060|1629637|1642261,0,REG,2026,1610612747,,,,,
22500024612,,Shot Chart Detail,22500024,612,203935,Marcus Smart,1610612747,Los Angeles Lakers,4,4,49,Made Shot,Driving Finger Roll Layup Shot,2PT Field Goal,In The Paint (Non-RA),Center(C),Less Than 8 ft.,6,39,55,1,1,20251031,MEM,LAL,25910,0,203935|1629029|1629060|1629637|1642261,0,REG,2026,1610612747,,,,,
22500024624,,Shot Chart Detail,22500024,624,1629029,Luka Dončić,1610612747,Los Angeles Lakers,4,3,52,Made Shot,Turnaround Jump Shot,2PT Field Goal,In The Paint (Non-RA),Center(C),8-16 ft.,8,-21,87,1,1,20251031,MEM,LAL,26480,0,203935|1629029|1629060|1629637|1630559,0,REG,2026,1610612747,,,,,
22500024649,,Shot Chart Detail,22500024,649,1630559,Austin Reaves,1610612747,Los Angeles Lakers,4,1,57,Missed Shot,Step Back Jump shot,3PT Field Goal,Above the Break 3,Left Side Center(LC),24+ ft.,25,-99,237,1,0,20251031,MEM,LAL,27630,0,203935|1629029|1629060|1629637|1630559,0,REG,2026,1610612747,,,,,
22500024659,,Shot Chart Detail,22500024,659,1629060,Rui Hachimura,1610612747,Los Angeles Lakers,4,1,29,Missed Shot,Jump Shot,3PT Field Goal,Right Corner 3,Right Side(R),24+ ft.,23,230,-10,1,0,20251031,MEM,LAL,27910,0,203935|1629029|1629060|1629637|1630559,0,REG,2026,1610612747,,,,,
22500024675,,Shot Chart Detail,22500024,675,1629029,Luka Dončić,1610612747,Los Angeles Lakers,4,0,25,Missed Shot,Jump Shot,3PT Field Goal,Left Corner 3,Left Side(L),24+ ft.,22,-222,0,1,0,20251031,MEM,LAL,28550,0,203935|1629029|1629060|1629637|1630559,0,REG,2026,1610612747,,,,,
225000457,,Shot Chart Detail,22500045,7,1629029,Luka Dončić,1610612747,Los Angeles Lakers,1,11,38,Missed Shot,Turnaround Fadeaway shot,2PT Field Goal,In The Paint (Non-RA),Center(C),Less Than 8 ft.,7,-71,22,1,0,20251114,NOP,LAL,220,0,203935|1629028|1629029|1629060|1630559,0,REG,2026,1610612747,,,,,
2250004520,,Shot Chart Detail,22500045,20,1630559,Austin Reaves,1610612747,Los Angeles Lakers,1,10,31,Made Shot,Jump Shot,3PT Field Goal,Right Corner 3,Right Side(R),24+ ft.,22,228,-16,1,1,20251114,NOP,LAL,890,0,203935|1629028|1629029|1629060|1630559,1,REG,2026,1610612747,,,,,
2250004527,,Shot Chart Detail,22500045,27,1629060,Rui Hachimura,1610612747,Los Angeles Lakers,1,10,1,Missed Shot,Jump Shot,3PT Field Goal,Left Corner 3,Left Side(L),24+ ft.,22,-229,-5,1,0,20251114,NOP,LAL,1190,0,203935|1629028|1629029|1629060|1630559,0,REG,2026,1610612747,,,,,
2250004529,,Shot Chart Detail,22500045,29,203935,Marcus Smart,1610612747,Los Angeles Lakers,1,9,54,Made Shot,Tip Layup Shot,2PT Field Goal,Restricted Area,Center(C),Less Than 8 ft.,0,0,0,1,1,20251114,NOP,LAL,1260,0,203935|1629028|1629029|1629060|1630559,0,REG,2026,1610612747,,,,,
2250004532,,Shot Chart Detail,22500045,32,203935,Marcus Smart,1610612747,Los Angeles Lakers,1,9,16,Made Shot,Jump Shot,3PT Field Goal,Above the Break 3,Left Side Center(LC),24+ ft.,26,-147,220,1,1,20251114,NOP,LAL,1640,0,203935|1629028|1629029|1629060|1630559,1,REG,2026,1610612747,,,,,
2250004539,,Shot Chart Detail,22500045,39,1629028,Deandre Ayton,1610612747,Los Angeles Lakers,1,8,15,Made Shot,Turnaround Fadeaway shot,2PT Field Goal,In The Paint (Non-RA),Center(C),8-16 ft.,12,29,120,1,1,20251114,NOP,LAL,2250,0,203935|1629028|1629029|1629060|1630559,1,REG,2026,1610612747,,,,,
2250004553,,Shot Chart Detail,22500045,53,1629028,Deandre Ayton,1610612747,Los Angeles Lakers,1,7,1,Made Shot,Running Layup Shot,2PT Field Goal,Restricted Area,Center(C),Less Than 8 ft.,2,1,25,1,1,20251114,NOP,LAL,2990,0,203935|1629028|1629029|1629060|1630559,1,REG,2026,1610612747,,,,,
2250004557,,Shot Chart Detail,22500045,57,1629029,Luka Dončić,1610612747,Los Angeles Lakers,1,6,32,Missed Shot,Pullup Jump shot,2PT Field Goal,Mid-Range,Center(C),16-24 ft.,20,58,199,1,0,20251114,NOP,LAL,3280,0,203935|1629028|1629029|1629060|1630559,0,REG,2026,1610612747,,,,,
2250004562,,Shot Chart Detail,22500045,62,203935,Marcus Smart,1610612747,Los Angeles Lakers,1,6,20,Made Shot,Running Reverse Layup Shot,2PT Field Goal,Restricted Area,Center(C),Less Than 8 ft.,1,-2,11,1,1,20251114,NOP,LAL,3400,0,203935|1629028|1629029|1629060|1630559,1,REG,2026,1610612747,,,,,
2250004570,,Shot Chart Detail,22500045,70,1630559,Austin Reaves,1610612747,Los Angeles Lakers,1,5,48,Made Shot,Driving Hook Shot,2PT Field Goal,Restricted Area,Center(C),Less Than 8 ft.,3,23,27,1,1,20251114,NOP,LAL,3720,0,203935|1629028|1629029|1629060|1630559,0,REG,2026,1610612747,,,,,
2250004578,,Shot Chart Detail,22500045,78,1629028,Deandre Ayton,1610612747,Los Angeles Lakers,1,5,26,Missed Shot,Floating Jump shot,2PT Field Goal,In The Paint (Non-RA),Center(C),8-16 ft.,11,4,114,1,0,20251114,NOP,LAL,3940,0,1629028|1629029|1629060|1630559|1631222,0,REG,2026,1610612747,,,,,
2250004580,,Shot Chart Detail,22500045,80,1629028,Deandre Ayton,1610612747,Los Angeles Lakers,1,5,23,Made Shot,Floating Jump shot,2PT Field Goal,Restricted Area,Center(C),Less Than 8 ft.,3,-1,37,1,1,20251114,NOP,LAL,3970,0,1629028|1629029|1629060|1630559|1631222,0,REG,2026,1610612747,,,,,
2250004583,,Shot Chart Detail,22500045,83,1629060,Rui Hachimura,1610612747,Los Angeles Lakers,1,4,58,Made Shot,Layup Shot,2PT Field Goal,Restricted Area,Center(C),Less Than 8 ft.,3,13,29,1,1,20251114,NOP,LAL,4220,0,1629028|1629029|1629060|1630559|1631222,1,REG,2026,1610612747,,,,,
22500045101,,Shot Chart Detail,22500045,101,1631222,Jake LaRavia,1610612747,Los Angeles Lakers,1,4,16,Made Shot,Running Layup Shot,2PT Field Goal,Restricted Area,Center(C),Less Than 8 ft.,3,17,34,1,1,20251114,NOP,LAL,4640,0,1629028|1629029|1629060|1631222|1642261,0,REG,2026,1610612747,,,,,
22500045103,,Shot Chart Detail,22500045,103,1642261,Dalton Knecht,1610612747,Los Angeles Lakers,1,3,54,Made Shot,Jump Shot,3PT Field Goal,Above the Break 3,Right Side Center(RC),24+ ft.,25,186,180,1,1,20251114,NOP,LAL,4860,0,1629028|1629029|1629060|1631222|1642261,1,REG,2026,1610612747,,,,,
22500045113,,Shot Chart Detail,22500045,113,1629029,Luka Dončić,1610612747,Los Angeles Lakers,1,3,7,Missed Shot,Step Back Jump shot,3PT Field Goal,Above the Break 3,Left Side Center(LC),24+ ft.,25,-141,208,1,0,20251114,NOP,LAL,5330,0,1629029|1629060|1629637|1631222|1642261,0,REG,2026,1610612747,,,,,
22500045149,,Shot Chart Detail,22500045,149,1630559,Austin Reaves,1610612747,Los Angeles Lakers,1,1,7,Missed Shot,Pullup Jump shot,3PT Field Goal,Above the Break 3,Left Side Center(LC),24+ ft.,25,-99,237,1,0,20251114,NOP,LAL,6530,0,1629020|1629637|1630559|1631222|1642261,0,REG,2026,1610612747,,,,,
22500045165,,Shot Chart Detail,22500045,165,203935,Marcus Smart,1610612747,Los Angeles Lakers,1,0,17,Missed Shot,Jump Shot,3PT Field Goal,Above the Break 3,Center(C),24+ ft.,25,-70,246,1,0,20251114,NOP,LAL,7030,0,203935|1629020|1629637|1630559|1642261,0,REG,2026,1610612747,,,,,
22500045178,,Shot Chart Detail,22500045,178,203935,Marcus Smart,1610612747,Los Angeles Lakers,2,11,25,Missed Shot,Jump Shot,3PT Field Goal,Above the Break 3,Right Side Center(RC),24+ ft.,27,175,208,1,0,20251114,NOP,LAL,7550,0,203935|1629020|1629637|1630559|1642261,0,REG,2026,1610612747,,,,,
22500045180,,Shot Chart Detail,22500045,180,1642261,Dalton Knecht,1610612747,Los Angeles Lakers,2,11,16,Missed Shot,Tip Layup Shot,2PT Field Goal,Restricted Area,Center(C),Less Than 8 ft.,3,21,34,1,0,20251114,NOP,LAL,7640,0,203935|1629020|1629637|1630559|1642261,0,REG,2026,1610612747,,,,,
22500045184,,Shot Chart Detail,22500045,184,1642261,Dalton Knecht,1610612747,Los Angeles Lakers,2,11,9,Made Shot,Running Dunk Shot,2PT Field Goal,Restricted Area,Center(C),Less Than 8 ft.,1,13,14,1,1,20251114,NOP,LAL,7710,0,203935|1629020|1629637|1630559|1642261,1,REG,2026,1610612747,,,,,
22500045198,,Shot Chart Detail,22500045,198,1629020,Jarred Vanderbilt,1610612747,Los Angeles Lakers,2,10,3,Missed Shot,Jump Shot,3PT Field Goal,Left Corner 3,Left Side(L),24+ ft.,23,-233,0,1,0,20251114,NOP,LAL,8370,0,203935|1629020|1629637|1630559|1631222,0,REG,2026,1610612747,,,,,
22500045204,,Shot Chart Detail,22500045,204,203935,Marcus Smart,1610612747,Los Angeles Lakers,2,9,28,Missed Shot,Jump Shot,3PT Field Goal,Above the Break 3,Right Side Center(RC),24+ ft.,24,186,159,1,0,20251114,NOP,LAL,8720,0,203935|1629020|1629637|1630559|1631222,0,REG,2026,1610612747,,,,,
22500045217,,Shot Chart Detail,22500045,217,1630559,Austin Reaves,1610612747,Los Angeles Lakers,2,9,18,Missed Shot,Running Layup Shot,2PT Field Goal,In The Paint (Non-RA),Center(C),8-16 ft.,9,10,94,1,0,20251114,NOP,LAL,8820,0,203935|1629020|1629637|1630559|1631222,0,REG,2026,1610612747,,,,,
22500045220,,Shot Chart Detail,22500045,220,203935,Marcus Smart,1610612747,Los Angeles Lakers,2,8,39,Missed Shot,Jump Shot,3PT Field Goal,Above the Break 3,Right Side Center(RC),24+ ft.,27,100,257,1,0,20251114,NOP,LAL,9210,0,203935|1629028|1629029|1630559|1631222,0,REG,2026,1610612747,,,,,
22500045229,,Shot Chart Detail,22500045,229,1629029,Luka Dončić,1610612747,Los Angeles Lakers,2,8,8,Made Shot,Jump Shot,3PT Field Goal,Above the Break 3,Center(C),24+ ft.,27,39,276,1,1,20251114,NOP,LAL,9520,0,203935|1629028|1629029|1630559|1631222,1,REG,2026,1610612747,,,,,
22500045235,,Shot Chart Detail,22500045,235,1631222,Jake LaRavia,1610612747,Los Angeles Lakers,2,7,48,Made Shot,Running Alley Oop Layup Shot,2PT Field Goal,Restricted Area,Center(C),Less Than 8 ft.,3,2,32,1,1,20251114,NOP,LAL,9720,0,203935|1629028|1629029|1630559|1631222,1,REG,2026,1610612747,,,,,
22500045251,,Shot Chart Detail,22500045,251,1631222,Jake LaRavia,1610612747,Los Angeles Lakers,2,7,11,Made Shot,Running Dunk Shot,2PT Field Goal,Restricted Area,Center(C),Less Than 8 ft.,1,5,16,1,1,20251114,NOP,LAL,10090,0,203935|1629028|1629029|1629060|1631222,1,REG,2026,1610612747,,,,,
22500045255,,Shot Chart Detail,22500045,255,1629028,Deandre Ayton,1610612747,Los Angeles Lakers,2,6,43,Made Shot,Cutting Layup Shot,2PT Field Goal,Restricted Area,Center(C),Less Than 8 ft.,3,11,31,1,1,20251114,NOP,LAL,10370,0,203935|1629028|1629029|1629060|1631222,1,REG,2026,1610612747,,,,,
22500045259,,Shot Chart Detail,22500045,259,1629029,Luka Dončić,1610612747,Los Angeles Lakers,2,6,11,Made Shot,Pullup Jump shot,2PT Field Goal,Mid-Range,Right Side(R),8-16 ft.,9,92,-5,1,1,20251114,NOP,LAL,10690,0,203935|1629028|1629029|1629060|1631222,0,REG,2026,1610612747,,,,,
22500045276,,Shot Chart Detail,22500045,276,1629029,Luka Dončić,1610612747,Los Angeles Lakers,2,4,42,Made Shot,Running Pull-Up Jump Shot,3PT Field Goal,Above the Break 3,Right Side Center(RC),24+ ft.,28,108,262,1,1,20251114,NOP,LAL,11580,0,1629028|1629029|1629060|1630559|1631222,0,REG,2026,1610612747,,,,,
22500045278,,Shot Chart Detail,22500045,278,1630559,Austin Reaves,1610612747,Los Angeles Lakers,2,3,58,Missed Shot,Step Back Jump shot,3PT Field Goal,Above the Break 3,Center(C),24+ ft.,24,-70,236,1,0,20251114,NOP,LAL,12020,0,1629028|1629029|1629060|1630559|1631222,0,REG,2026,1610612747,,,,,
22500045287,,Shot Chart Detail,22500045,287,1630559,Austin Reaves,1610612747,Los Angeles Lakers,2,3,15,Missed Shot,Fadeaway Jump Shot,2PT Field Goal,Mid-Range,Left Side Center(LC),16-24 ft.,16,-66,155,1,0,20251114,NOP,LAL,12450,0,1629028|1629029|1629060|1630559|1631222,0,REG,2026,1610612747,,,,,
22500045289,,Shot Chart Detail,22500045,289,1629028,Deandre Ayton,1610612747,Los Angeles Lakers,2,3,11,Made Shot,Hook Shot,2PT Field Goal,Restricted Area,Center(C),Less Than 8 ft.,2,12,22,1,1,20251114,NOP,LAL,12490,0,1629028|1629029|1629060|1630559|1631222,0,REG,2026,1610612747,,,,,
22500045303,,Shot Chart Detail,22500045,303,1629029,Luka Dončić,1610612747,Los Angeles Lakers,2,2,17,Made Shot,Step Back Jump shot,3PT Field Goal,Above the Break 3,Right Side Center(RC),24+ ft.,27,183,209,1,1,20251114,NOP,LAL,13030,0,203935|1629028|1629029|1629060|1630559,0,REG,2026,1610612747,,,,,
22500045309,,Shot Chart Detail,22500045,309,1630559,Austin Reaves,1610612747,Los Angeles Lakers,2,1,57,Made Shot,Driving Finger Roll Layup Shot,2PT Field Goal,In The Paint (Non-RA),Center(C),Less Than 8 ft.,6,4,68,1,1,20251114,NOP,LAL,13230,0,203935|1629028|1629029|1629060|1630559,1,REG,2026,1610612747,,,,,
22500045314,,Shot Chart Detail,22500045,314,1630559,Austin Reaves,1610612747,Los Angeles Lakers,2,1,26,Missed Shot,Driving Layup Shot,2PT Field Goal,In The Paint (Non-RA),Center(C),Less Than 8 ft.,6,6,66,1,0,20251114,NOP,LAL,13540,0,203935|1629028|1629029|1629060|1630559,0,REG,2026,1610612747,,,,,
22500045318,,Shot Chart Detail,22500045,318,1629028,Deandre Ayton,1610612747,Los Angeles Lakers,2,1,1,Made Shot,Driving Dunk Shot,2PT Field Goal,Restricted Area,Center(C),Less Than 8 ft.,3,-4,36,1,1,20251114,NOP,LAL,13790,0,203935|1629028|1629029|1629060|1630559,0,REG,2026,1610612747,,,,,
22500045322,,Shot Chart Detail,22500045,322,1629029,Luka Dončić,1610612747,Los Angeles Lakers,2,0,31,Missed Shot,Step Back Jump shot,3PT Field Goal,Above the Break 3,Center(C),24+ ft.,24,44,241,1,0,20251114,NOP,LAL,14090,0,203935|1629028|1629029|1629060|1630559,0,REG,2026,1610612747,,,,,
22500045335,,Shot Chart Detail,22500045,335,1629028,Deandre Ayton,1610612747,Los Angeles Lakers,2,0,1,Made Shot,Alley Oop Dunk Shot,2PT Field Goal,Restricted Area,Center(C),Less Than 8 ft.,2,18,19,1,1,20251114,NOP,LAL,14390,0,203935|1629028|1629029|1629060|1630559,1,REG,2026,1610612747,,,,,
22500045349,,Shot Chart Detail,22500045,349,203935,Marcus Smart,1610612747,Los Angeles Lakers,3,11,28,Missed Shot,Jump Shot,3PT Field Goal,Above the Break 3,Right Side Center(RC),24+ ft.,24,157,194,1,0,20251114,NOP,LAL,14720,0,203935|1629028|1629029|1629060|1630559,0,REG,2026,1610612747,,,,,
22500045353,,Shot Chart Detail,22500045,353,1629028,Deandre Ayton,1610612747,Los Angeles Lakers,3,10,55,Made Shot,Reverse Layup Shot,2PT Field Goal,Restricted Area,Center(C),Less Than 8 ft.,2,-4,29,1,1,20251114,NOP,LAL,15050,0,203935|1629028|1629029|1629060|1630559,1,REG,2026,1610612747,,,,,
22500045361,,Shot Chart Detail,22500045,361,203935,Marcus Smart,1610612747,Los Angeles Lakers,3,10,17,Made Shot,Alley Oop Layup shot,2PT Field Goal,Restricted Area,Center(C),Less Than 8 ft.,3,2,33,1,1,20251114,NOP,LAL,15430,0,203935|1629028|1629029|1629060|1630559,1,REG,2026,1610612747,,,,,
22500045365,,Shot Chart Detail,22500045,365,1630559,Austin Reaves,1610612747,Los Angeles Lakers,3,9,55,Made Shot,Running Pull-Up Jump Shot,3PT Field Goal,Above the Break 3,Right Side Center(RC),24+ ft.,26,185,184,1,1,20251114,NOP,LAL,15650,0,203935|1629028|1629029|1629060|1630559,1,REG,2026,1610612747,,,,,
22500045368,,Shot Chart Detail,22500045,368,203935,Marcus Smart,1610612747,Los Angeles Lakers,3,9,23,Missed Shot,Jump Shot,3PT Field Goal,Right Corner 3,Right Side(R),24+ ft.,23,233,-17,1,0,20251114,NOP,LAL,15970,0,203935|1629028|1629029|1629060|1630559,0,REG,2026,1610612747,,,,,
22500045372,,Shot Chart Detail,22500045,372,1629060,Rui Hachimura,1610612747,Los Angeles Lakers,3,9,3,Made Shot,Pullup Jump shot,3PT Field Goal,Right Corner 3,Right Side(R),24+ ft.,23,235,43,1,1,20251114,NOP,LAL,16170,0,203935|1629028|1629029|1629060|1630559,1,REG,2026,1610612747,,,,,
22500045382,,Shot Chart Detail,22500045,382,1629029,Luka Dončić,1610612747,Los Angeles Lakers,3,8,25,Missed Shot,Pullup Jump shot,3PT Field Goal,Above the Break 3,Center(C),24+ ft.,26,-15,265,1,0,20251114,NOP,LAL,16550,0,203935|1629028|1629029|1629060|1630559,0,REG,2026,1610612747,,,,,
22500045386,,Shot Chart Detail,22500045,386,203935,Marcus Smart,1610612747,Los Angeles Lakers,3,7,57,Made Shot,Pullup Jump shot,2PT Field Goal,Mid-Range,Left Side Center(LC),16-24 ft.,16,-93,137,1,1,20251114,NOP,LAL,16830,0,203935|1629028|1629029|1629060|1630559,1,REG,2026,1610612747,,,,,
22500045390,,Shot Chart Detail,22500045,390,1629060,Rui Hachimura,1610612747,Los Angeles Lakers,3,7,27,Made Shot,Pullup Jump shot,2PT Field Goal,In The Paint (Non-RA),Left Side(L),8-16 ft.,10,-66,84,1,1,20251114,NOP,LAL,17130,0,203935|1629028|1629029|1629060|1630559,1,REG,2026,1610612747,,,,,
22500045394,,Shot Chart Detail,22500045,394,1629029,Luka Dončić,1610612747,Los Angeles Lakers,3,7,1,Made Shot,Fadeaway Jump Shot,2PT Field Goal,Mid-Range,Right Side(R),8-16 ft.,12,109,58,1,1,20251114,NOP,LAL,17390,0,203935|1629028|1629029|1629060|1630559,0,REG,2026,1610612747,,,,,
22500045405,,Shot Chart Detail,22500045,405,1629028,Deandre Ayton,1610612747,Los Angeles Lakers,3,6,19,Made Shot,Running Alley Oop Dunk Shot,2PT Field Goal,Restricted Area,Center(C),Less Than 8 ft.,1,-2,18,1,1,20251114,NOP,LAL,17810,0,203935|1629028|1629029|1629060|1630559,1,REG,2026,1610612747,,,,,
22500045409,,Shot Chart Detail,22500045,409,1630559,Austin Reaves,1610612747,Los Angeles Lakers,3,5,58,Made Shot,Driving Finger Roll Layup Shot,2PT Field Goal,In The Paint (Non-RA),Center(C),Less Than 8 ft.,5,34,43,1,1,20251114,NOP,LAL,18020,0,203935|1629028|1629029|1629060|1630559,0,REG,2026,1610612747,,,,,
22500045412,,Shot Chart Detail,22500045,412,1630559,Austin Reaves,1610612747,Los Angeles Lakers,3,5,33,Missed Shot,Pullup Jump shot,3PT Field Goal,Above the Break 3,Right Side Center(RC),24+ ft.,25,98,237,1,0,20251114,NOP,LAL,18270,0,203935|1629028|1629029|1629060|1630559,0,REG,2026,1610612747,,,,,
22500045416,,Shot Chart Detail,22500045,416,203935,Marcus Smart,1610612747,Los Angeles Lakers,3,5,15,Missed Shot,Running Jump Shot,3PT Field Goal,Above the Break 3,Left Side Center(LC),24+ ft.,25,-174,185,1,0,20251114,NOP,LAL,18450,0,203935|1629028|1629029|1629060|1630559,0,REG,2026,1610612747,,,,,
22500045429,,Shot Chart Detail,22500045,429,1630559,Austin Reaves,1610612747,Los Angeles Lakers,3,4,44,Made Shot,Driving Floating Jump Shot,2PT Field Goal,Mid-Range,Center(C),16-24 ft.,16,-28,158,1,1,20251114,NOP,LAL,18760,0,1629028|1629029|1629060|1630559|1631222,1,REG,2026,1610612747,,,,,
22500045443,,Shot Chart Detail,22500045,443,1629029,Luka Dončić,1610612747,Los Angeles Lakers,3,3,58,Missed Shot,Pullup Jump shot,3PT Field Goal,Above the Break 3,Center(C),24+ ft.,28,66,274,1,0,20251114,NOP,LAL,19220,0,1629028|1629029|1629060|1631222|1642261,0,REG,2026,1610612747,,,,,
22500045448,,Shot Chart Detail,22500045,448,1642261,Dalton Knecht,1610612747,Los Angeles Lakers,3,3,25,Missed Shot,Jump Shot,3PT Field Goal,Right Corner 3,Right Side(R),24+ ft.,23,230,8,1,0,20251114,NOP,LAL,19550,0,1629028|1629029|1629060|1631222|1642261,0,REG,2026,1610612747,,,,,
22500045450,,Shot Chart Detail,22500045,450,1629028,Deandre Ayton,1610612747,Los Angeles Lakers,3,3,20,Made Shot,Putback Layup Shot,2PT Field Goal,In The Paint (Non-RA),Center(C),Less Than 8 ft.,4,1,41,1,1,20251114,NOP,LAL,19600,0,1629028|1629029|1629060|1631222|1642261,0,REG,2026,1610612747,,,,,
22500045457,,Shot Chart Detail,22500045,457,1629060,Rui Hachimura,1610612747,Los Angeles Lakers,3,2,54,Missed Shot,Jump Shot,3PT Field Goal,Above the Break 3,Left Side Center(LC),24+ ft.,28,-206,190,1,0,20251114,NOP,LAL,19860,0,1629029|1629060|1629637|1631222|1642261,0,REG,2026,1610612747,,,,,
22500045465,,Shot Chart Detail,22500045,465,1629029,Luka Dončić,1610612747,Los Angeles Lakers,3,2,32,Missed Shot,Driving Floating Jump Shot,2PT Field Goal,In The Paint (Non-RA),Center(C),Less Than 8 ft.,5,33,50,1,0,20251114,NOP,LAL,20080,0,1629020|1629029|1629637|1631222|1642261,0,REG,2026,1610612747,,,,,
22500045472,,Shot Chart Detail,22500045,472,1631222,Jake LaRavia,1610612747,Los Angeles Lakers,3,2,17,Missed Shot,Driving Layup Shot,2PT Field Goal,In The Paint (Non-RA),Center(C),Less Than 8 ft.,7,7,75,1,0,20251114,NOP,LAL,20230,0,1629020|1629029|1629637|1631222|1642261,0,REG,2026,1610612747,,,,,
22500045475,,Shot Chart Detail,22500045,475,1629637,Jaxson Hayes,1610612747,Los Angeles Lakers,3,2,15,Made Shot,Putback Layup Shot,2PT Field Goal,In The Paint (Non-RA),Center(C),Less Than 8 ft.,5,2,55,1,1,20251114,NOP,LAL,20250,0,1629020|1629029|1629637|1631222|1642261,0,REG,2026,1610612747,,,,,
22500045484,,Shot Chart Detail,22500045,484,1629020,Jarred Vanderbilt,1610612747,Los Angeles Lakers,3,1,13,Made Shot,Jump Shot,3PT Field Goal,Left Corner 3,Left Side(L),24+ ft.,22,-227,-19,1,1,20251114,NOP,LAL,20870,0,1629020|1629029|1629637|1631222|1642261,1,REG,2026,1610612747,,,,,
22500045490,,Shot Chart Detail,22500045,490,1642261,Dalton Knecht,1610612747,Los Angeles Lakers,3,0,40,Missed Shot,Jump Shot,3PT Field Goal,Left Corner 3,Left Side(L),24+ ft.,22,-227,-5,1,0,20251114,NOP,LAL,21200,0,1629020|1629029|1629637|1631222|1642261,0,REG,2026,1610612747,,,,,
22500045499,,Shot Chart Detail,22500045,499,1629029,Luka Dončić,1610612747,Los Angeles Lakers,3,0,6,Missed Shot,Pullup Jump shot,2PT Field Goal,Mid-Range,Center(C),16-24 ft.,16,0,163,1,0,20251114,NOP,LAL,21540,0,1629020|1629029|1629637|1631222|1642261,0,REG,2026,1610612747,,,,,
22500045501,,Shot Chart Detail,22500045,501,1629637,Jaxson Hayes,1610612747,Los Angeles Lakers,3,0,3,Missed Shot,Tip Layup Shot,2PT Field Goal,Restricted Area,Center(C),Less Than 8 ft.,0,0,0,1,0,20251114,NOP,LAL,21570,0,1629020|1629029|1629637|1631222|1642261,0,REG,2026,1610612747,,,,,
22500045522,,Shot Chart Detail,22500045,522,1630559,Austin Reaves,1610612747,Los Angeles Lakers,4,11,14,Missed Shot,Pullup Jump shot,3PT Field Goal,Above the Break 3,Center(C),24+ ft.,28,-72,277,1,0,20251114,NOP,LAL,22060,0,203935|1629020|1629637|1630559|1631222,0,REG,2026,1610612747,,,,,
22500045526,,Shot Chart Detail,22500045,526,1629020,Jarred Vanderbilt,1610612747,Los Angeles Lakers,4,11,3,Missed Shot,Floating Jump shot,2PT Field Goal,In The Paint (Non-RA),Center(C),Less Than 8 ft.,5,21,55,1,0,20251114,NOP,LAL,22170,0,203935|1629020|1629637|1630559|1631222,0,REG,2026,1610612747,,,,,
22500045534,,Shot Chart Detail,22500045,534,1629020,Jarred Vanderbilt,1610612747,Los Angeles Lakers,4,10,29,Missed Shot,Jump Shot,2PT Field Goal,Mid-Range,Right Side(R),16-24 ft.,21,213,-13,1,0,20251114,NOP,LAL,22510,0,203935|1629020|1629637|1630559|1631222,0,REG,2026,1610612747,,,,,
22500045541,,Shot Chart Detail,22500045,541,203935,Marcus Smart,1610612747,Los Angeles Lakers,4,10,2,Missed Shot,Pullup Jump shot,3PT Field Goal,Above the Break 3,Left Side Center(LC),24+ ft.,25,-175,179,1,0,20251114,NOP,LAL,22780,0,203935|1629020|1629637|1630559|1631222,0,REG,2026,1610612747,,,,,
22500045543,,Shot Chart Detail,22500045,543,1629637,Jaxson Hayes,1610612747,Los Angeles Lakers,4,9,57,Missed Shot,Dunk Shot,2PT Field Goal,Restricted Area,Center(C),Less Than 8 ft.,3,10,31,1,0,20251114,NOP,LAL,22830,0,203935|1629020|1629637|1630559|1631222,0,REG,2026,1610612747,,,,,
22500045549,,Shot Chart Detail,22500045,549,203935,Marcus Smart,1610612747,Los Angeles Lakers,4,9,6,Missed Shot,Jump Shot,3PT Field Goal,Above the Break 3,Center(C),24+ ft.,25,9,258,1,0,20251114,NOP,LAL,23340,0,203935|1629020|1629637|1630559|1631222,0,REG,2026,1610612747,,,,,
22500045567,,Shot Chart Detail,22500045,567,203935,Marcus Smart,1610612747,Los Angeles Lakers,4,8,4,Made Shot,Driving Floating Jump Shot,2PT Field Goal,In The Paint (Non-RA),Center(C),Less Than 8 ft.,5,5,53,1,1,20251114,NOP,LAL,23960,0,203935|1629028|1629029|1629060|1630559,1,REG,2026,1610612747,,,,,
22500045571,,Shot Chart Detail,22500045,571,1630559,Austin Reaves,1610612747,Los Angeles Lakers,4,7,28,Made Shot,Pullup Jump shot,2PT Field Goal,In The Paint (Non-RA),Center(C),8-16 ft.,9,0,94,1,1,20251114,NOP,LAL,24320,0,203935|1629028|1629029|1629060|1630559,1,REG,2026,1610612747,,,,,
22500045587,,Shot Chart Detail,22500045,587,1630559,Austin Reaves,1610612747,Los Angeles Lakers,4,6,38,Made Shot,Driving Floating Bank Jump Shot,2PT Field Goal,In The Paint (Non-RA),Center(C),Less Than 8 ft.,7,66,31,1,1,20251114,NOP,LAL,24820,0,203935|1629028|1629029|1629060|1630559,0,REG,2026,1610612747,,,,,
22500045593,,Shot Chart Detail,22500045,593,1629060,Rui Hachimura,1610612747,Los Angeles Lakers,4,5,56,Made Shot,Jump Shot,3PT Field Goal,Above the Break 3,Right Side Center(RC),24+ ft.,26,131,227,1,1,20251114,NOP,LAL,25240,0,203935|1629028|1629029|1629060|1630559,1,REG,2026,1610612747,,,,,
22500045605,,Shot Chart Detail,22500045,605,1629060,Rui Hachimura,1610612747,Los Angeles Lakers,4,4,41,Missed Shot,Jump Shot,3PT Field Goal,Left Corner 3,Left Side(L),24+ ft.,22,-225,-10,1,0,20251114,NOP,LAL,25990,0,203935|1629028|1629029|1629060|1630559,0,REG,2026,1610612747,,,,,
22500045653,,Shot Chart Detail,22500045,653,1629060,Rui Hachimura,1610612747,Los Angeles Lakers,4,2,27,Missed Shot,Driving Reverse Layup Shot,2PT Field Goal,Restricted Area,Center(C),Less Than 8 ft.,3,32,10,1,0,20251114,NOP,LAL,27330,0,203935|1629028|1629029|1629060|1630559,0,REG,2026,1610612747,,,,,
22500045660,,Shot Chart Detail,22500045,660,1630559,Austin Reaves,1610612747,Los Angeles Lakers,4,1,58,Made Shot,Pullup Jump shot,2PT Field Goal,In The Paint (Non-RA),Center(C),8-16 ft.,13,-54,125,1,1,20251114,NOP,LAL,27620,0,203935|1629028|1629029|1629060|1630559,0,REG,2026,1610612747,,,,,
22500045663,,Shot Chart Detail,22500045,663,1629029,Luka Dončić,1610612747,Los Angeles Lakers,4,1,37,Made Shot,Fadeaway Jump Shot,2PT Field Goal,In The Paint (Non-RA),Center(C),8-16 ft.,12,10,126,1,1,20251114,NOP,LAL,27830,0,203935|1629028|1629029|1629060|1630559,0,REG,2026,1610612747,,,,,
22500045675,,Shot Chart Detail,22500045,675,1629060,Rui Hachimura,1610612747,Los Angeles Lakers,4,1,15,Made Shot,Cutting Dunk Shot,2PT Field Goal,Restricted Area,Center(C),Less Than 8 ft.,3,-4,34,1,1,20251114,NOP,LAL,28050,0,203935|1629028|1629029|1629060|1630559,1,REG,2026,1610612747,,,,,
22500045679,,Shot Chart Detail,22500045,679,1629060,Rui Hachimura,1610612747,Los Angeles Lakers,4,1,5,Made Shot,Running Alley Oop Dunk Shot,2PT Field Goal,Restricted Area,Center(C),Less Than 8 ft.,2,0,20,1,1,20251114,NOP,LAL,28150,0,203935|1629028|1629029|1629060|1630559,1,REG,2026,1610612747,,,,,
22500045687,,Shot Chart Detail,22500045,687,1629029,Luka Dončić,1610612747,Los Angeles Lakers,4,0,12,Missed Shot,Layup Shot,2PT Field Goal,In The Paint (Non-RA),Center(C),Less Than 8 ft.,4,32,36,1,0,20251114,NOP,LAL,28680,0,203935|1629028|1629029|1629060|1630559,0,REG,2026,1610612747,,,,,
22500045691,,Shot Chart Detail,22500045,691,1629029,Luka Dončić,1610612747,Los Angeles Lakers,4,0,3,Missed Shot,Pullup Jump shot,3PT Field Goal,Left Corner 3,Left Side(L),24+ ft.,22,-227,-24,1,0,20251114,NOP,LAL,28770,0,203935|1629028|1629029|1629060|1630559,0,REG,2026,1610612747,,,,,
225001138,,Shot Chart Detail,22500113,8,1629060,Rui Hachimura,1610612747,Los Angeles Lakers,1,11,32,Made Shot,Pullup Jump shot,2PT Field Goal,Mid-Range,Center(C),16-24 ft.,20,34,199,1,1,20251026,SAC,LAL,280,0,203935|1629028|1629060|1629216|1630559,1,REG,2026,1610612747,,,,,
2250011316,,Shot Chart Detail,22500113,16,1630559,Austin Reaves,1610612747,Los Angeles Lakers,1,10,43,Missed Shot,Jump Shot,3PT Field Goal,Above the Break 3,Right Side Center(RC),24+ ft.,30,172,247,1,0,20251026,SAC,LAL,770,0,203935|1629028|1629060|1629216|1630559,0,REG,2026,1610612747,,,,,
2250011321,,Shot Chart Detail,22500113,21,1629060,Rui Hachimura,1610612747,Los Angeles Lakers,1,10,19,Made Shot,Cutting Layup Shot,2PT Field Goal,In The Paint (Non-RA),Center(C),Less Than 8 ft.,5,48,33,1,1,20251026,SAC,LAL,1010,0,203935|1629028|1629060|1629216|1630559,1,REG,2026,1610612747,,,,,
2250011325,,Shot Chart Detail,22500113,25,1629028,Deandre Ayton,1610612747,Los Angeles Lakers,1,9,49,Made Shot,Driving Layup Shot,2PT Field Goal,In The Paint (Non-RA),Center(C),Less Than 8 ft.,6,48,36,1,1,20251026,SAC,LAL,1310,0,203935|1629028|1629060|1629216|1630559,1,REG,2026,1610612747,,,,,
2250011330,,Shot Chart Detail,22500113,30,203935,Marcus Smart,1610612747,Los Angeles Lakers,1,9,19,Made Shot,Driving Hook Shot,2PT Field Goal,In The Paint (Non-RA),Center(C),8-16 ft.,9,1,91,1,1,20251026,SAC,LAL,1610,0,203935|1629028|1629060|1629216|1630559,0,REG,2026,1610612747,,,,,
2250011337,,Shot Chart Detail,22500113,37,1629028,Deandre Ayton,1610612747,Los Angeles Lakers,1,8,23,Made Shot,Alley Oop Dunk Shot,2PT Field Goal,In The Paint (Non-RA),Center(C),Less Than 8 ft.,4,-33,23,1,1,20251026,SAC,LAL,2170,0,203935|1629028|1629060|1629216|1630559,1,REG,2026,1610612747,,,,,
2250011364,,Shot Chart Detail,22500113,64,1630559,Austin Reaves,1610612747,Los Angeles Lakers,1,6,31,Missed Shot,Pullup Jump shot,3PT Field Goal,Above the Break 3,Left Side Center(LC),24+ ft.,26,-141,220,1,0,20251026,SAC,LAL,3290,0,203935|1629028|1629060|1629216|1630559,0,REG,2026,1610612747,,,,,
2250011383,,Shot Chart Detail,22500113,83,1630559,Austin Reaves,1610612747,Los Angeles Lakers,1,5,39,Made Shot,Cutting Layup Shot,2PT Field Goal,In The Paint (Non-RA),Center(C),Less Than 8 ft.,4,45,5,1,1,20251026,SAC,LAL,3810,0,203935|1629020|1629028|1630559|1631222,1,REG,2026,1610612747,,,,,
2250011391,,Shot Chart Detail,22500113,91,1629028,Deandre Ayton,1610612747,Los Angeles Lakers,1,5,24,Made Shot,Alley Oop Dunk Shot,2PT Field Goal,Restricted Area,Center(C),Less Than 8 ft.,1,9,7,1,1,20251026,SAC,LAL,3960,0,1629020|1629028|1630559|1631222|1642261,1,REG,2026,1610612747,,,,,
22500113102,,Shot Chart Detail,22500113,102,1631222,Jake LaRavia,1610612747,Los Angeles Lakers,1,4,51,Missed Shot,Running Alley Oop Layup Shot,2PT Field Goal,Restricted Area,Center(C),Less Than 8 ft.,2,-2,20,1,0,20251026,SAC,LAL,4290,0,1629020|1629028|1630559|1631222|1642261,0,REG,2026,1610612747,,,,,
22500113104,,Shot Chart Detail,22500113,104,1629020,Jarred Vanderbilt,1610612747,Los Angeles Lakers,1,4,49,Made Shot,Tip Layup Shot,2PT Field Goal,Restricted Area,Center(C),Less Than 8 ft.,0,0,0,1,1,20251026,SAC,LAL,4310,0,1629020|1629028|1630559|1631222|1642261,0,REG,2026,1610612747,,,,,
22500113114,,Shot Chart Detail,22500113,114,1630559,Austin Reaves,1610612747,Los Angeles Lakers,1,4,33,Made Shot,Driving Layup Shot,2PT Field Goal,In The Paint (Non-RA),Center(C),Less Than 8 ft.,6,-33,53,1,1,20251026,SAC,LAL,4470,0,1629020|1629060|1630559|1631222|1642261,0,REG,2026,1610612747,,,,,
22500113121,,Shot Chart Detail,22500113,121,1629060,Rui Hachimura,1610612747,Los Angeles Lakers,1,3,28,Made Shot,Step Back Jump shot,2PT Field Goal,In The Paint (Non-RA),Right Side(R),8-16 ft.,12,80,96,1,1,20251026,SAC,LAL,5120,0,1629020|1629060|1630559|1631222|1642261,1,REG,2026,1610612747,,,,,
22500113124,,Shot Chart Detail,22500113,124,1629060,Rui Hachimura,1610612747,Los Angeles Lakers,1,3,16,Made Shot,Running Layup Shot,2PT Field Goal,Restricted Area,Center(C),Less Than 8 ft.,2,12,22,1,1,20251026,SAC,LAL,5240,0,1629020|1629060|1630559|1631222|1642261,1,REG,2026,1610612747,,,,,
22500113141,,Shot Chart Detail,22500113,141,1629060,Rui Hachimura,1610612747,Los Angeles Lakers,1,2,21,Missed Shot,Jump Shot,3PT Field Goal,Above the Break 3,Left Side Center(LC),24+ ft.,25,-174,189,1,0,20251026,SAC,LAL,5790,0,1629020|1629060|1630559|1631222|1642261,0,REG,2026,1610612747,,,,,
22500113149,,Shot Chart Detail,22500113,149,1631222,Jake LaRavia,1610612747,Los Angeles Lakers,1,1,52,Missed Shot,Driving Floating Jump Shot,2PT Field Goal,In The Paint (Non-RA),Center(C),Less Than 8 ft.,7,36,69,1,0,20251026,SAC,LAL,6080,0,203935|1629020|1629060|1629216|1631222,0,REG,2026,1610612747,,,,,
22500113158,,Shot Chart Detail,22500113,158,1629020,Jarred Vanderbilt,1610612747,Los Angeles Lakers,1,1,6,Missed Shot,Running Reverse Layup Shot,2PT Field Goal,Restricted Area,Center(C),Less Than 8 ft.,3,1,37,1,0,20251026,SAC,LAL,6540,0,203935|1629020|1629060|1629216|1631222,0,REG,2026,1610612747,,,,,
22500113162,,Shot Chart Detail,22500113,162,1631222,Jake LaRavia,1610612747,Los Angeles Lakers,1,1,2,Made Shot,Step Back Jump shot,3PT Field Goal,Above the Break 3,Right Side Center(RC),24+ ft.,24,230,92,1,1,20251026,SAC,LAL,6580,0,203935|1629020|1629060|1629216|1631222,1,REG,2026,1610612747,,,,,
22500113175,,Shot Chart Detail,22500113,175,1629216,Gabe Vincent,1610612747,Los Angeles Lakers,1,0,22,Missed Shot,Pullup Jump shot,3PT Field Goal,Above the Break 3,Right Side Center(RC),24+ ft.,27,130,238,1,0,20251026,SAC,LAL,6980,0,203935|1629020|1629060|1629216|1631222,0,REG,2026,1610612747,,,,,
22500113189,,Shot Chart Detail,22500113,189,1629216,Gabe Vincent,1610612747,Los Angeles Lakers,2,11,43,Missed Shot,Pullup Jump shot,2PT Field Goal,Mid-Range,Center(C),16-24 ft.,19,39,188,1,0,20251026,SAC,LAL,7370,0,203935|1629028|1629060|1629216|1631222,0,REG,2026,1610612747,,,,,
22500113202,,Shot Chart Detail,22500113,202,1629028,Deandre Ayton,1610612747,Los Angeles Lakers,2,10,52,Missed Shot,Turnaround Jump Shot,2PT Field Goal,In The Paint (Non-RA),Center(C),8-16 ft.,13,2,134,1,0,20251026,SAC,LAL,7880,0,203935|1629028|1629060|1629216|1631222,0,REG,2026,1610612747,,,,,
22500113206,,Shot Chart Detail,22500113,206,203935,Marcus Smart,1610612747,Los Angeles Lakers,2,10,22,Missed Shot,Pullup Jump shot,2PT Field Goal,Mid-Range,Left Side Center(LC),16-24 ft.,18,-66,169,1,0,20251026,SAC,LAL,8180,0,203935|1629028|1629060|1629216|1631222,0,REG,2026,1610612747,,,,,
22500113210,,Shot Chart Detail,22500113,210,203935,Marcus Smart,1610612747,Los Angeles Lakers,2,10,3,Missed Shot,Jump Shot,3PT Field Goal,Left Corner 3,Left Side(L),24+ ft.,22,-228,7,1,0,20251026,SAC,LAL,8370,0,203935|1629028|1629060|1629216|1631222,0,REG,2026,1610612747,,,,,
22500113228,,Shot Chart Detail,22500113,228,1629216,Gabe Vincent,1610612747,Los Angeles Lakers,2,9,34,Missed Shot,Jump Shot,3PT Field Goal,Above the Break 3,Left Side Center(LC),24+ ft.,28,-96,267,1,0,20251026,SAC,LAL,8660,0,203935|1629028|1629060|1629216|1642261,0,REG,2026,1610612747,,,,,
22500113232,,Shot Chart Detail,22500113,232,1642261,Dalton Knecht,1610612747,Los Angeles Lakers,2,9,1,Missed Shot,Jump Shot,3PT Field Goal,Above the Break 3,Center(C),24+ ft.,28,9,288,1,0,20251026,SAC,LAL,8990,0,203935|1629028|1629060|1629216|1642261,0,REG,2026,1610612747,,,,,
22500113249,,Shot Chart Detail,22500113,249,203935,Marcus Smart,1610612747,Los Angeles Lakers,2,8,14,Missed Shot,Jump Shot,3PT Field Goal,Above the Break 3,Right Side Center(RC),24+ ft.,24,230,91,1,0,20251026,SAC,LAL,9460,0,203935|1629028|1629060|1630559|1642261,0,REG,2026,1610612747,,,,,
22500113262,,Shot Chart Detail,22500113,262,1630559,Austin Reaves,1610612747,Los Angeles Lakers,2,7,44,Made Shot,Jump Shot,3PT Field Goal,Above the Break 3,Center(C),24+ ft.,26,59,259,1,1,20251026,SAC,LAL,9760,0,203935|1629020|1630559|1631222|1642261,1,REG,2026,1610612747,,,,,
22500113268,,Shot Chart Detail,22500113,268,1630559,Austin Reaves,1610612747,Los Angeles Lakers,2,7,13,Made Shot,Driving Floating Jump Shot,2PT Field Goal,Mid-Range,Center(C),8-16 ft.,15,2,153,1,1,20251026,SAC,LAL,10070,0,203935|1629020|1630559|1631222|1642261,0,REG,2026,1610612747,,,,,
22500113273,,Shot Chart Detail,22500113,273,1630559,Austin Reaves,1610612747,Los Angeles Lakers,2,6,33,Missed Shot,Pullup Jump shot,2PT Field Goal,Mid-Range,Right Side(R),8-16 ft.,14,93,110,1,0,20251026,SAC,LAL,10470,0,203935|1629020|1630559|1631222|1642261,0,REG,2026,1610612747,,,,,
22500113278,,Shot Chart Detail,22500113,278,1642261,Dalton Knecht,1610612747,Los Angeles Lakers,2,6,13,Made Shot,Running Finger Roll Layup Shot,2PT Field Goal,In The Paint (Non-RA),Center(C),Less Than 8 ft.,4,4,41,1,1,20251026,SAC,LAL,10670,0,203935|1629020|1630559|1631222|1642261,1,REG,2026,1610612747,,,,,
22500113282,,Shot Chart Detail,22500113,282,203935,Marcus Smart,1610612747,Los Angeles Lakers,2,5,44,Made Shot,Turnaround Jump Shot,2PT Field Goal,In The Paint (Non-RA),Center(C),Less Than 8 ft.,7,29,68,1,1,20251026,SAC,LAL,10960,0,203935|1629020|1630559|1631222|1642261,1,REG,2026,1610612747,,,,,
22500113292,,Shot Chart Detail,22500113,292,1630559,Austin Reaves,1610612747,Los Angeles Lakers,2,5,1,Made Shot,Driving Layup Shot,2PT Field Goal,In The Paint (Non-RA),Center(C),Less Than 8 ft.,4,-32,31,1,1,20251026,SAC,LAL,11390,0,203935|1629020|1630559|1631222|1642261,0,REG,2026,1610612747,,,,,
22500113328,,Shot Chart Detail,22500113,328,1630559,Austin Reaves,1610612747,Los Angeles Lakers,2,2,54,Missed Shot,Running Layup Shot,2PT Field Goal,Restricted Area,Center(C),Less Than 8 ft.,2,10,20,1,0,20251026,SAC,LAL,12660,0,1629020|1629028|1629060|1629216|1630559,0,REG,2026,1610612747,,,,,
22500113330,,Shot Chart Detail,22500113,330,1629028,Deandre Ayton,1610612747,Los Angeles Lakers,2,2,52,Made Shot,Tip Layup Shot,2PT Field Goal,Restricted Area,Center(C),Less Than 8 ft.,0,0,0,1,1,20251026,SAC,LAL,12680,0,1629020|1629028|1629060|1629216|1630559,0,REG,2026,1610612747,,,,,
22500113353,,Shot Chart Detail,22500113,353,1629028,Deandre Ayton,1610612747,Los Angeles Lakers,2,1,30,Made Shot,Driving Floating Jump Shot,2PT Field Goal,In The Paint (Non-RA),Center(C),Less Than 8 ft.,5,21,54,1,1,20251026,SAC,LAL,13500,0,1629028|1629060|1629216|1630559|1631222,1,REG,2026,1610612747,,,,,
22500113357,,Shot Chart Detail,22500113,357,1629028,Deandre Ayton,1610612747,Los Angeles Lakers,2,1,0,Made Shot,Driving Floating Jump Shot,2PT Field Goal,In The Paint (Non-RA),Center(C),8-16 ft.,9,27,96,1,1,20251026,SAC,LAL,13800,0,1629028|1629060|1629216|1630559|1631222,1,REG,2026,1610612747,,,,,
22500113361,,Shot Chart Detail,22500113,361,1631222,Jake LaRavia,1610612747,Los Angeles Lakers,2,0,43,Missed Shot,Running Jump Shot,3PT Field Goal,Left Corner 3,Left Side(L),24+ ft.,23,-227,57,1,0,20251026,SAC,LAL,13970,0,1629028|1629060|1629216|1630559|1631222,0,REG,2026,1610612747,,,,,
22500113372,,Shot Chart Detail,22500113,372,1630559,Austin Reaves,1610612747,Los Angeles Lakers,2,0,1,Missed Shot,Pullup Jump shot,2PT Field Goal,Mid-Range,Center(C),8-16 ft.,15,9,157,1,0,20251026,SAC,LAL,14390,0,1629028|1629060|1629216|1630559|1631222,0,REG,2026,1610612747,,,,,
22500113385,,Shot Chart Detail,22500113,385,1629216,Gabe Vincent,1610612747,Los Angeles Lakers,3,11,50,Missed Shot,Pullup Jump shot,3PT Field Goal,Above the Break 3,Left Side Center(LC),24+ ft.,25,-102,231,1,0,20251026,SAC,LAL,14500,0,203935|1629028|1629060|1629216|1630559,0,REG,2026,1610612747,,,,,
22500113389,,Shot Chart Detail,22500113,389,1629028,Deandre Ayton,1610612747,Los Angeles Lakers,3,11,30,Made Shot,Jump Shot,2PT Field Goal,Mid-Range,Center(C),8-16 ft.,14,-1,146,1,1,20251026,SAC,LAL,14700,0,203935|1629028|1629060|1629216|1630559,1,REG,2026,1610612747,,,,,
22500113393,,Shot Chart Detail,22500113,393,1629028,Deandre Ayton,1610612747,Los Angeles Lakers,3,11,16,Made Shot,Running Dunk Shot,2PT Field Goal,Restricted Area,Center(C),Less Than 8 ft.,1,5,14,1,1,20251026,SAC,LAL,14840,0,203935|1629028|1629060|1629216|1630559,1,REG,2026,1610612747,,,,,
22500113397,,Shot Chart Detail,22500113,397,1630559,Austin Reaves,1610612747,Los Angeles Lakers,3,10,41,Missed Shot,Fadeaway Jump Shot,2PT Field Goal,In The Paint (Non-RA),Center(C),Less Than 8 ft.,5,-7,52,1,0,20251026,SAC,LAL,15190,0,203935|1629028|1629060|1629216|1630559,0,REG,2026,1610612747,,,,,
22500113409,,Shot Chart Detail,22500113,409,1630559,Austin Reaves,1610612747,Los Angeles Lakers,3,9,33,Missed Shot,Pullup Jump shot,2PT Field Goal,In The Paint (Non-RA),Center(C),8-16 ft.,11,2,114,1,0,20251026,SAC,LAL,15870,0,203935|1629028|1629060|1629216|1630559,0,REG,2026,1610612747,,,,,
22500113421,,Shot Chart Detail,22500113,421,1629060,Rui Hachimura,1610612747,Los Angeles Lakers,3,8,35,Made Shot,Driving Hook Shot,2PT Field Goal,In The Paint (Non-RA),Center(C),Less Than 8 ft.,4,4,45,1,1,20251026,SAC,LAL,16450,0,203935|1629028|1629060|1629216|1630559,0,REG,2026,1610612747,,,,,
22500113434,,Shot Chart Detail,22500113,434,1629028,Deandre Ayton,1610612747,Los Angeles Lakers,3,8,2,Missed Shot,Alley Oop Dunk Shot,2PT Field Goal,Restricted Area,Center(C),Less Than 8 ft.,1,-10,14,1,0,20251026,SAC,LAL,16780,0,203935|1629028|1629060|1630559|1631222,0,REG,2026,1610612747,,,,,
22500113438,,Shot Chart Detail,22500113,438,1631222,Jake LaRavia,1610612747,Los Angeles Lakers,3,7,42,Missed Shot,Jump Shot,3PT Field Goal,Above the Break 3,Right Side Center(RC),24+ ft.,25,173,184,1,0,20251026,SAC,LAL,16980,0,203935|1629028|1629060|1630559|1631222,0,REG,2026,1610612747,,,,,
22500113440,,Shot Chart Detail,22500113,440,1629028,Deandre Ayton,1610612747,Los Angeles Lakers,3,7,39,Missed Shot,Putback Layup Shot,2PT Field Goal,Restricted Area,Center(C),Less Than 8 ft.,3,9,34,1,0,20251026,SAC,LAL,17010,0,203935|1629028|1629060|1630559|1631222,0,REG,2026,1610612747,,,,,
22500113443,,Shot Chart Detail,22500113,443,1630559,Austin Reaves,1610612747,Los Angeles Lakers,3,7,34,Missed Shot,Jump Shot,3PT Field Goal,Left Corner 3,Left Side(L),24+ ft.,23,-229,38,1,0,20251026,SAC,LAL,17060,0,203935|1629028|1629060|1630559|1631222,0,REG,2026,1610612747,,,,,
22500113446,,Shot Chart Detail,22500113,446,203935,Marcus Smart,1610612747,Los Angeles Lakers,3,7,31,Missed Shot,Putback Layup Shot,2PT Field Goal,Restricted Area,Center(C),Less Than 8 ft.,2,12,21,1,0,20251026,SAC,LAL,17090,0,203935|1629028|1629060|1630559|1631222,0,REG,2026,1610612747,,,,,
22500113449,,Shot Chart Detail,22500113,449,1630559,Austin Reaves,1610612747,Los Angeles Lakers,3,7,2,Missed Shot,Driving Floating Jump Shot,2PT Field Goal,In The Paint (Non-RA),Center(C),8-16 ft.,13,6,138,1,0,20251026,SAC,LAL,17380,0,203935|1629028|1629060|1630559|1631222,0,REG,2026,1610612747,,,,,
22500113473,,Shot Chart Detail,22500113,473,1629028,Deandre Ayton,1610612747,Los Angeles Lakers,3,5,43,Missed Shot,Cutting Layup Shot,2PT Field Goal,Restricted Area,Center(C),Less Than 8 ft.,3,-9,37,1,0,20251026,SAC,LAL,18170,0,1629020|1629028|1630559|1631222|1643024,0,REG,2026,1610612747,,,,,
22500113475,,Shot Chart Detail,22500113,475,1629028,Deandre Ayton,1610612747,Los Angeles Lakers,3,5,41,Missed Shot,Tip Layup Shot,2PT Field Goal,Restricted Area,Center(C),Less Than 8 ft.,0,0,0,1,0,20251026,SAC,LAL,18190,0,1629020|1629028|1630559|1631222|1643024,0,REG,2026,1610612747,,,,,
22500113477,,Shot Chart Detail,22500113,477,1631222,Jake LaRavia,1610612747,Los Angeles Lakers,3,5,39,Missed Shot,Tip Layup Shot,2PT Field Goal,Restricted Area,Center(C),Less Than 8 ft.,0,0,0,1,0,20251026,SAC,LAL,18210,0,1629020|1629028|1630559|1631222|1643024,0,REG,2026,1610612747,,,,,
22500113497,,Shot Chart Detail,22500113,497,1643024,Chris Mañon,1610612747,Los Angeles Lakers,3,4,22,Missed Shot,Jump Shot,3PT Field Goal,Above the Break 3,Right Side Center(RC),24+ ft.,24,183,167,1,0,20251026,SAC,LAL,18980,0,1629020|1629028|1630559|1631222|1643024,0,REG,2026,1610612747,,,,,
22500113499,,Shot Chart Detail,22500113,499,1629020,Jarred Vanderbilt,1610612747,Los Angeles Lakers,3,4,10,Made Shot,Alley Oop Layup shot,2PT Field Goal,Restricted Area,Center(C),Less Than 8 ft.,1,-12,4,1,1,20251026,SAC,LAL,19100,0,1629020|1629028|1630559|1631222|1643024,1,REG,2026,1610612747,,,,,
22500113506,,Shot Chart Detail,22500113,506,1630559,Austin Reaves,1610612747,Los Angeles Lakers,3,3,28,Made Shot,Step Back Jump shot,3PT Field Goal,Above the Break 3,Right Side Center(RC),24+ ft.,25,143,209,1,1,20251026,SAC,LAL,19520,0,1629020|1629060|1630559|1631222|1643024,1,REG,2026,1610612747,,,,,
22500113567,,Shot Chart Detail,22500113,567,1629020,Jarred Vanderbilt,1610612747,Los Angeles Lakers,3,2,28,Missed Shot,Driving Dunk Shot,2PT Field Goal,Restricted Area,Center(C),Less Than 8 ft.,1,-16,1,1,0,20251026,SAC,LAL,20120,0,203935|1629020|1629060|1630559|1631222,0,REG,2026,1610612747,,,,,
22500113542,,Shot Chart Detail,22500113,542,1629020,Jarred Vanderbilt,1610612747,Los Angeles Lakers,3,2,14,Made Shot,Cutting Layup Shot,2PT Field Goal,Restricted Area,Center(C),Less Than 8 ft.,0,5,4,1,1,20251026,SAC,LAL,20260,0,203935|1629020|1629060|1630559|1631222,1,REG,2026,1610612747,,,,,
22500113546,,Shot Chart Detail,22500113,546,1630559,Austin Reaves,1610612747,Los Angeles Lakers,3,1,38,Made Shot,Jump Shot,3PT Field Goal,Above the Break 3,Center(C),24+ ft.,29,-49,293,1,1,20251026,SAC,LAL,20620,0,203935|1629020|1629060|1630559|1631222,1,REG,2026,1610612747,,,,,
22500113550,,Shot Chart Detail,22500113,550,1630559,Austin Reaves,1610612747,Los Angeles Lakers,3,1,18,Made Shot,Running Finger Roll Layup Shot,2PT Field Goal,Restricted Area,Center(C),Less Than 8 ft.,1,0,14,1,1,20251026,SAC,LAL,20820,0,203935|1629020|1629060|1630559|1631222,0,REG,2026,1610612747,,,,,
22500113590,,Shot Chart Detail,22500113,590,1629028,Deandre Ayton,1610612747,Los Angeles Lakers,4,11,28,Missed Shot,Turnaround Fadeaway shot,2PT Field Goal,In The Paint (Non-RA),Center(C),Less Than 8 ft.,5,-4,56,1,0,20251026,SAC,LAL,21920,0,203935|1629028|1629060|1631222|1642261,0,REG,2026,1610612747,,,,,
22500113593,,Shot Chart Detail,22500113,593,203935,Marcus Smart,1610612747,Los Angeles Lakers,4,11,9,Missed Shot,Step Back Jump shot,3PT Field Goal,Above the Break 3,Left Side Center(LC),24+ ft.,24,-99,224,1,0,20251026,SAC,LAL,22110,0,203935|1629028|1629060|1631222|1642261,0,REG,2026,1610612747,,,,,
22500113611,,Shot Chart Detail,22500113,611,203935,Marcus Smart,1610612747,Los Angeles Lakers,4,10,0,Made Shot,Driving Floating Jump Shot,2PT Field Goal,In The Paint (Non-RA),Center(C),Less Than 8 ft.,6,-53,45,1,1,20251026,SAC,LAL,22800,0,203935|1629028|1629060|1631222|1642261,0,REG,2026,1610612747,,,,,
22500113614,,Shot Chart Detail,22500113,614,1642261,Dalton Knecht,1610612747,Los Angeles Lakers,4,9,24,Missed Shot,Jump Shot,3PT Field Goal,Above the Break 3,Right Side Center(RC),24+ ft.,25,175,179,1,0,20251026,SAC,LAL,23160,0,203935|1629028|1629060|1631222|1642261,0,REG,2026,1610612747,,,,,
22500113621,,Shot Chart Detail,22500113,621,1630559,Austin Reaves,1610612747,Los Angeles Lakers,4,8,59,Made Shot,Pullup Jump shot,3PT Field Goal,Above the Break 3,Right Side Center(RC),24+ ft.,26,132,231,1,1,20251026,SAC,LAL,23410,0,203935|1629028|1629060|1630559|1631222,0,REG,2026,1610612747,,,,,
22500113630,,Shot Chart Detail,22500113,630,1630559,Austin Reaves,1610612747,Los Angeles Lakers,4,8,28,Made Shot,Step Back Jump shot,3PT Field Goal,Above the Break 3,Center(C),24+ ft.,25,-72,241,1,1,20251026,SAC,LAL,23720,0,203935|1629020|1629028|1629060|1630559,0,REG,2026,1610612747,,,,,
22500113638,,Shot Chart Detail,22500113,638,1629028,Deandre Ayton,1610612747,Los Angeles Lakers,4,7,56,Made Shot,Hook Shot,2PT Field Goal,In The Paint (Non-RA),Center(C),Less Than 8 ft.,4,-29,32,1,1,20251026,SAC,LAL,24040,0,203935|1629020|1629028|1629060|1630559,1,REG,2026,1610612747,,,,,
22500113651,,Shot Chart Detail,22500113,651,1629060,Rui Hachimura,1610612747,Los Angeles Lakers,4,7,8,Missed Shot,Pullup Jump shot,2PT Field Goal,Mid-Range,Right Side(R),16-24 ft.,18,183,40,1,0,20251026,SAC,LAL,24520,0,1629020|1629028|1629060|1630559|1631222,0,REG,2026,1610612747,,,,,
22500113655,,Shot Chart Detail,22500113,655,1630559,Austin Reaves,1610612747,Los Angeles Lakers,4,6,46,Made Shot,Step Back Jump shot,3PT Field Goal,Above the Break 3,Right Side Center(RC),24+ ft.,25,102,231,1,1,20251026,SAC,LAL,24740,0,1629020|1629028|1629060|1630559|1631222,1,REG,2026,1610612747,,,,,
22500113658,,Shot Chart Detail,22500113,658,1629060,Rui Hachimura,1610612747,Los Angeles Lakers,4,6,2,Made Shot,Step Back Jump shot,2PT Field Goal,In The Paint (Non-RA),Center(C),8-16 ft.,10,23,100,1,1,20251026,SAC,LAL,25180,0,1629020|1629028|1629060|1630559|1631222,0,REG,2026,1610612747,,,,,
22500113661,,Shot Chart Detail,22500113,661,1629028,Deandre Ayton,1610612747,Los Angeles Lakers,4,5,32,Missed Shot,Pullup Jump shot,2PT Field Goal,In The Paint (Non-RA),Center(C),8-16 ft.,10,29,99,1,0,20251026,SAC,LAL,25480,0,1629020|1629028|1629060|1630559|1631222,0,REG,2026,1610612747,,,,,
22500113663,,Shot Chart Detail,22500113,663,1629028,Deandre Ayton,1610612747,Los Angeles Lakers,4,5,30,Made Shot,Putback Dunk Shot,2PT Field Goal,Restricted Area,Center(C),Less Than 8 ft.,0,6,1,1,1,20251026,SAC,LAL,25500,0,1629020|1629028|1629060|1630559|1631222,0,REG,2026,1610612747,,,,,
22500113665,,Shot Chart Detail,22500113,665,1629060,Rui Hachimura,1610612747,Los Angeles Lakers,4,4,48,Made Shot,Cutting Dunk Shot,2PT Field Goal,Restricted Area,Center(C),Less Than 8 ft.,2,17,20,1,1,20251026,SAC,LAL,25920,0,1629020|1629028|1629060|1630559|1631222,1,REG,2026,1610612747,,,,,
22500113674,,Shot Chart Detail,22500113,674,1631222,Jake LaRavia,1610612747,Los Angeles Lakers,4,4,18,Made Shot,Jump Shot,3PT Field Goal,Above the Break 3,Center(C),24+ ft.,25,10,255,1,1,20251026,SAC,LAL,26220,0,1629020|1629028|1629060|1630559|1631222,1,REG,2026,1610612747,,,,,
22500113687,,Shot Chart Detail,22500113,687,1631222,Jake LaRavia,1610612747,Los Angeles Lakers,4,3,18,Made Shot,Cutting Finger Roll Layup Shot,2PT Field Goal,Restricted Area,Center(C),Less Than 8 ft.,0,-2,8,1,1,20251026,SAC,LAL,26820,0,1629020|1629028|1629060|1630559|1631222,1,REG,2026,1610612747,,,,,
22500113695,,Shot Chart Detail,22500113,695,1630559,Austin Reaves,1610612747,Los Angeles Lakers,4,2,42,Missed Shot,Pullup Jump shot,3PT Field Goal,Above the Break 3,Center(C),24+ ft.,28,-1,287,1,0,20251026,SAC,LAL,27180,0,1629020|1629028|1629060|1630559|1631222,0,REG,2026,1610612747,,,,,
22500113700,,Shot Chart Detail,22500113,700,1630559,Austin Reaves,1610612747,Los Angeles Lakers,4,2,0,Made Shot,Driving Floating Jump Shot,2PT Field Goal,In The Paint (Non-RA),Center(C),8-16 ft.,11,4,110,1,1,20251026,SAC,LAL,27600,0,1629020|1629028|1629060|1630559|1631222,1,REG,2026,1610612747,,,,,
22500113703,,Shot Chart Detail,22500113,703,1631222,Jake LaRavia,1610612747,Los Angeles Lakers,4,1,44,Missed Shot,Running Finger Roll Layup Shot,2PT Field Goal,Restricted Area,Center(C),Less Than 8 ft.,1,7,14,1,0,20251026,SAC,LAL,27760,0,1629020|1629028|1629060|1630559|1631222,0,REG,2026,1610612747,,,,,
22500113710,,Shot Chart Detail,22500113,710,1631222,Jake LaRavia,1610612747,Los Angeles Lakers,4,1,10,Missed Shot,Jump Shot,3PT Field Goal,Left Corner 3,Left Side(L),24+ ft.,22,-229,4,1,0,20251026,SAC,LAL,28100,0,1629020|1629028|1629060|1630559|1631222,0,REG,2026,1610612747,,,,,
22500113714,,Shot Chart Detail,22500113,714,1629060,Rui Hachimura,1610612747,Los Angeles Lakers,4,0,42,Missed Shot,Driving Layup Shot,2PT Field Goal,Restricted Area,Center(C),Less Than 8 ft.,2,-28,4,1,0,20251026,SAC,LAL,28380,0,1629020|1629028|1629060|1630559|1631222,0,REG,2026,1610612747,,,,,
225001229,,Shot Chart Detail,22500122,9,1631222,Jake LaRavia,1610612747,Los Angeles Lakers,1,11,32,Missed Shot,Jump Shot,3PT Field Goal,Above the Break 3,Right Side Center(RC),24+ ft.,26,239,109,1,0,20251027,LAL,POR,280,0,1629020|1629028|1629060|1630559|1631222,0,REG,2026,1610612747,,,,,
2250012214,,Shot Chart Detail,22500122,14,1631222,Jake LaRavia,1610612747,Los Angeles Lakers,1,11,18,Missed Shot,Cutting Layup Shot,2PT Field Goal,Restricted Area,Center(C),Less Than 8 ft.,2,5,27,1,0,20251027,LAL,POR,420,0,1629020|1629028|1629060|1630559|1631222,0,REG,2026,1610612747,,,,,
2250012219,,Shot Chart Detail,22500122,19,1630559,Austin Reaves,1610612747,Los Angeles Lakers,1,10,59,Made Shot,Driving Layup Shot,2PT Field Goal,In The Paint (Non-RA),Center(C),Less Than 8 ft.,4,-15,41,1,1,20251027,LAL,POR,610,0,1629020|1629028|1629060|1630559|1631222,0,REG,2026,1610612747,,,,,
2250012222,,Shot Chart Detail,22500122,22,1629060,Rui Hachimura,1610612747,Los Angeles Lakers,1,10,34,Missed Shot,Driving Layup Shot,2PT Field Goal,Restricted Area,Center(C),Less Than 8 ft.,2,-15,19,1,0,20251027,LAL,POR,860,0,1629020|1629028|1629060|1630559|1631222,0,REG,2026,1610612747,,,,,
2250012226,,Shot Chart Detail,22500122,26,1629028,Deandre Ayton,1610612747,Los Angeles Lakers,1,10,10,Missed Shot,Pullup Jump shot,2PT Field Goal,In The Paint (Non-RA),Center(C),8-16 ft.,13,11,131,1,0,20251027,LAL,POR,1100,0,1629020|1629028|1629060|1630559|1631222,0,REG,2026,1610612747,,,,,
2250012235,,Shot Chart Detail,22500122,35,1629020,Jarred Vanderbilt,1610612747,Los Angeles Lakers,1,9,36,Made Shot,Running Dunk Shot,2PT Field Goal,Restricted Area,Center(C),Less Than 8 ft.,1,-1,14,1,1,20251027,LAL,POR,1440,0,1629020|1629028|1629060|1630559|1631222,0,REG,2026,1610612747,,,,,
2250012237,,Shot Chart Detail,22500122,37,1630559,Austin Reaves,1610612747,Los Angeles Lakers,1,9,18,Missed Shot,Pullup Jump shot,3PT Field Goal,Above the Break 3,Right Side Center(RC),24+ ft.,28,145,240,1,0,20251027,LAL,POR,1620,0,1629020|1629028|1629060|1630559|1631222,0,REG,2026,1610612747,,,,,
2250012249,,Shot Chart Detail,22500122,49,1630559,Austin Reaves,1610612747,Los Angeles Lakers,1,8,22,Made Shot,Driving Floating Jump Shot,2PT Field Goal,In The Paint (Non-RA),Center(C),Less Than 8 ft.,6,11,63,1,1,20251027,LAL,POR,2180,0,1629020|1629028|1629060|1630559|1631222,1,REG,2026,1610612747,,,,,
2250012254,,Shot Chart Detail,22500122,54,1629028,Deandre Ayton,1610612747,Los Angeles Lakers,1,7,49,Made Shot,Jump Shot,2PT Field Goal,In The Paint (Non-RA),Center(C),8-16 ft.,12,-56,117,1,1,20251027,LAL,POR,2510,0,1629020|1629028|1629060|1630559|1631222,1,REG,2026,1610612747,,,,,
2250012257,,Shot Chart Detail,22500122,57,1630559,Austin Reaves,1610612747,Los Angeles Lakers,1,7,26,Missed Shot,Driving Finger Roll Layup Shot,2PT Field Goal,Restricted Area,Center(C),Less Than 8 ft.,2,9,21,1,0,20251027,LAL,POR,2740,0,1629020|1629028|1629060|1630559|1631222,0,REG,2026,1610612747,,,,,
2250012262,,Shot Chart Detail,22500122,62,1630559,Austin Reaves,1610612747,Los Angeles Lakers,1,7,1,Made Shot,Step Back Jump shot,2PT Field Goal,In The Paint (Non-RA),Center(C),8-16 ft.,9,40,84,1,1,20251027,LAL,POR,2990,0,1629020|1629028|1629060|1630559|1631222,0,REG,2026,1610612747,,,,,
2250012274,,Shot Chart Detail,22500122,74,1629028,Deandre Ayton,1610612747,Los Angeles Lakers,1,6,47,Made Shot,Jump Shot,2PT Field Goal,Mid-Range,Center(C),16-24 ft.,16,-49,153,1,1,20251027,LAL,POR,3130,0,1629028|1629060|1630559|1631222|1642261,1,REG,2026,1610612747,,,,,
2250012280,,Shot Chart Detail,22500122,80,1630559,Austin Reaves,1610612747,Los Angeles Lakers,1,6,12,Missed Shot,Fadeaway Jump Shot,2PT Field Goal,In The Paint (Non-RA),Left Side(L),8-16 ft.,10,-69,73,1,0,20251027,LAL,POR,3480,0,1629028|1629060|1630559|1631222|1642261,0,REG,2026,1610612747,,,,,
22500122139,,Shot Chart Detail,22500122,139,1629028,Deandre Ayton,1610612747,Los Angeles Lakers,1,6,10,Missed Shot,Tip Layup Shot,2PT Field Goal,Restricted Area,Center(C),Less Than 8 ft.,1,16,3,1,0,20251027,LAL,POR,3500,0,1629028|1629060|1630559|1631222|1642261,0,REG,2026,1610612747,,,,,
2250012297,,Shot Chart Detail,22500122,97,1630559,Austin Reaves,1610612747,Los Angeles Lakers,1,5,4,Made Shot,Pullup Jump shot,2PT Field Goal,Mid-Range,Right Side(R),8-16 ft.,11,91,69,1,1,20251027,LAL,POR,4160,0,1629028|1629060|1630559|1631222|1642261,0,REG,2026,1610612747,,,,,
22500122106,,Shot Chart Detail,22500122,106,1629060,Rui Hachimura,1610612747,Los Angeles Lakers,1,4,25,Missed Shot,Pullup Jump shot,2PT Field Goal,Mid-Range,Right Side Center(RC),16-24 ft.,19,109,162,1,0,20251027,LAL,POR,4550,0,1629028|1629060|1630559|1631222|1642261,0,REG,2026,1610612747,,,,,
22500122112,,Shot Chart Detail,22500122,112,1630559,Austin Reaves,1610612747,Los Angeles Lakers,1,3,57,Made Shot,Driving Floating Jump Shot,2PT Field Goal,In The Paint (Non-RA),Center(C),8-16 ft.,11,12,110,1,1,20251027,LAL,POR,4830,0,1629028|1629060|1630559|1631222|1642261,0,REG,2026,1610612747,,,,,
22500122122,,Shot Chart Detail,22500122,122,1642261,Dalton Knecht,1610612747,Los Angeles Lakers,1,3,21,Missed Shot,Driving Floating Bank Jump Shot,2PT Field Goal,In The Paint (Non-RA),Right Side(R),8-16 ft.,9,80,47,1,0,20251027,LAL,POR,5190,0,1629028|1631222|1641733|1642261|1642355,0,REG,2026,1610612747,,,,,
22500122127,,Shot Chart Detail,22500122,127,1641733,Nick Smith Jr.,1610612747,Los Angeles Lakers,1,3,2,Missed Shot,Driving Floating Jump Shot,2PT Field Goal,In The Paint (Non-RA),Center(C),Less Than 8 ft.,6,5,63,1,0,20251027,LAL,POR,5380,0,1629028|1631222|1641733|1642261|1642355,0,REG,2026,1610612747,,,,,
22500122134,,Shot Chart Detail,22500122,134,1629028,Deandre Ayton,1610612747,Los Angeles Lakers,1,2,21,Made Shot,Jump Shot,2PT Field Goal,In The Paint (Non-RA),Center(C),8-16 ft.,14,61,131,1,1,20251027,LAL,POR,5790,0,1629028|1631222|1641733|1642261|1642355,1,REG,2026,1610612747,,,,,
22500122156,,Shot Chart Detail,22500122,156,1642355,Bronny James,1610612747,Los Angeles Lakers,1,1,45,Missed Shot,Pullup Jump shot,2PT Field Goal,Mid-Range,Center(C),16-24 ft.,18,13,187,1,0,20251027,LAL,POR,6150,0,1631132|1631222|1641733|1642261|1642355,0,REG,2026,1610612747,,,,,
22500122160,,Shot Chart Detail,22500122,160,1642261,Dalton Knecht,1610612747,Los Angeles Lakers,1,1,19,Missed Shot,Jump Shot,3PT Field Goal,Above the Break 3,Center(C),24+ ft.,26,59,260,1,0,20251027,LAL,POR,6410,0,1631132|1631222|1641733|1642261|1642355,0,REG,2026,1610612747,,,,,
22500122162,,Shot Chart Detail,22500122,162,1631222,Jake LaRavia,1610612747,Los Angeles Lakers,1,1,15,Missed Shot,Jump Shot,3PT Field Goal,Above the Break 3,Left Side Center(LC),24+ ft.,26,-191,188,1,0,20251027,LAL,POR,6450,0,1631132|1631222|1641733|1642261|1642355,0,REG,2026,1610612747,,,,,
22500122178,,Shot Chart Detail,22500122,178,1642355,Bronny James,1610612747,Los Angeles Lakers,1,0,22,Missed Shot,Pullup Jump shot,2PT Field Goal,In The Paint (Non-RA),Right Side(R),8-16 ft.,11,60,95,1,0,20251027,LAL,POR,6980,0,1631132|1631222|1641733|1642261|1642355,0,REG,2026,1610612747,,,,,
22500122200,,Shot Chart Detail,22500122,200,1630559,Austin Reaves,1610612747,Los Angeles Lakers,2,11,41,Made Shot,Fadeaway Jump Shot,2PT Field Goal,Mid-Range,Left Side Center(LC),16-24 ft.,18,-96,159,1,1,20251027,LAL,POR,7390,0,1629020|1629060|1630559|1642261|1643024,0,REG,2026,1610612747,,,,,
22500122207,,Shot Chart Detail,22500122,207,1629020,Jarred Vanderbilt,1610612747,Los Angeles Lakers,2,10,59,Missed Shot,Jump Shot,3PT Field Goal,Left Corner 3,Left Side(L),24+ ft.,24,-240,40,1,0,20251027,LAL,POR,7810,0,1629020|1629060|1630559|1642261|1643024,0,REG,2026,1610612747,,,,,
22500122212,,Shot Chart Detail,22500122,212,1629020,Jarred Vanderbilt,1610612747,Los Angeles Lakers,2,10,40,Missed Shot,Driving Layup Shot,2PT Field Goal,Restricted Area,Center(C),Less Than 8 ft.,1,-1,17,1,0,20251027,LAL,POR,8000,0,1629020|1629060|1630559|1642261|1643024,0,REG,2026,1610612747,,,,,
22500122215,,Shot Chart Detail,22500122,215,1642261,Dalton Knecht,1610612747,Los Angeles Lakers,2,10,37,Missed Shot,Jump Shot,3PT Field Goal,Left Corner 3,Left Side(L),24+ ft.,24,-229,87,1,0,20251027,LAL,POR,8030,0,1629020|1629060|1630559|1642261|1643024,0,REG,2026,1610612747,,,,,
22500122217,,Shot Chart Detail,22500122,217,1629020,Jarred Vanderbilt,1610612747,Los Angeles Lakers,2,10,35,Made Shot,Putback Layup Shot,2PT Field Goal,Restricted Area,Center(C),Less Than 8 ft.,1,-7,14,1,1,20251027,LAL,POR,8050,0,1629020|1629060|1630559|1642261|1643024,0,REG,2026,1610612747,,,,,
22500122223,,Shot Chart Detail,22500122,223,1630559,Austin Reaves,1610612747,Los Angeles Lakers,2,9,57,Missed Shot,Running Reverse Layup Shot,2PT Field Goal,Restricted Area,Center(C),Less Than 8 ft.,2,-16,22,1,0,20251027,LAL,POR,8430,0,1629020|1629060|1630559|1642261|1643024,0,REG,2026,1610612747,,,,,
22500122225,,Shot Chart Detail,22500122,225,1629060,Rui Hachimura,1610612747,Los Angeles Lakers,2,9,56,Made Shot,Tip Layup Shot,2PT Field Goal,Restricted Area,Center(C),Less Than 8 ft.,0,0,0,1,1,20251027,LAL,POR,8440,0,1629020|1629060|1630559|1642261|1643024,0,REG,2026,1610612747,,,,,
22500122227,,Shot Chart Detail,22500122,227,1642261,Dalton Knecht,1610612747,Los Angeles Lakers,2,9,54,Missed Shot,Jump Shot,3PT Field Goal,Right Corner 3,Right Side(R),24+ ft.,23,238,29,1,0,20251027,LAL,POR,8460,0,1629020|1629060|1630559|1642261|1643024,0,REG,2026,1610612747,,,,,
22500122230,,Shot Chart Detail,22500122,230,1629020,Jarred Vanderbilt,1610612747,Los Angeles Lakers,2,9,48,Made Shot,Cutting Layup Shot,2PT Field Goal,Restricted Area,Center(C),Less Than 8 ft.,2,-16,20,1,1,20251027,LAL,POR,8520,0,1629020|1629060|1630559|1642261|1643024,1,REG,2026,1610612747,,,,,
22500122258,,Shot Chart Detail,22500122,258,1629028,Deandre Ayton,1610612747,Los Angeles Lakers,2,8,49,Made Shot,Floating Jump shot,2PT Field Goal,In The Paint (Non-RA),Center(C),8-16 ft.,9,1,99,1,1,20251027,LAL,POR,9110,0,1629020|1629028|1629060|1630559|1641733,1,REG,2026,1610612747,,,,,
22500122264,,Shot Chart Detail,22500122,264,1630559,Austin Reaves,1610612747,Los Angeles Lakers,2,8,18,Missed Shot,Jump Shot,3PT Field Goal,Above the Break 3,Center(C),24+ ft.,26,-31,262,1,0,20251027,LAL,POR,9420,0,1629020|1629028|1629060|1630559|1641733,0,REG,2026,1610612747,,,,,
22500122274,,Shot Chart Detail,22500122,274,1629060,Rui Hachimura,1610612747,Los Angeles Lakers,2,7,29,Missed Shot,Running Jump Shot,3PT Field Goal,Right Corner 3,Right Side(R),24+ ft.,24,232,62,1,0,20251027,LAL,POR,9910,0,1629020|1629028|1629060|1630559|1641733,0,REG,2026,1610612747,,,,,
22500122278,,Shot Chart Detail,22500122,278,1630559,Austin Reaves,1610612747,Los Angeles Lakers,2,7,19,Made Shot,Driving Layup Shot,2PT Field Goal,Restricted Area,Center(C),Less Than 8 ft.,2,9,20,1,1,20251027,LAL,POR,10010,0,1629020|1629028|1629060|1630559|1641733,0,REG,2026,1610612747,,,,,
22500122280,,Shot Chart Detail,22500122,280,1629028,Deandre Ayton,1610612747,Los Angeles Lakers,2,6,45,Made Shot,Jump Shot,2PT Field Goal,Mid-Range,Right Side Center(RC),16-24 ft.,16,86,141,1,1,20251027,LAL,POR,10350,0,1629020|1629028|1629060|1630559|1641733,1,REG,2026,1610612747,,,,,
22500122302,,Shot Chart Detail,22500122,302,1629028,Deandre Ayton,1610612747,Los Angeles Lakers,2,5,20,Missed Shot,Driving Floating Jump Shot,2PT Field Goal,In The Paint (Non-RA),Center(C),Less Than 8 ft.,6,-16,63,1,0,20251027,LAL,POR,11200,0,1629020|1629028|1631222|1641733|1642355,0,REG,2026,1610612747,,,,,
22500122322,,Shot Chart Detail,22500122,322,1629060,Rui Hachimura,1610612747,Los Angeles Lakers,2,3,59,Made Shot,Turnaround Fadeaway shot,2PT Field Goal,Mid-Range,Right Side(R),8-16 ft.,12,82,99,1,1,20251027,LAL,POR,12010,0,1629028|1629060|1630559|1631222|1642355,0,REG,2026,1610612747,,,,,
22500122337,,Shot Chart Detail,22500122,337,1630559,Austin Reaves,1610612747,Los Angeles Lakers,2,3,13,Missed Shot,Jump Shot,3PT Field Goal,Above the Break 3,Left Side Center(LC),24+ ft.,25,-97,234,1,0,20251027,LAL,POR,12470,0,1629020|1629060|1630559|1631222|1642355,0,REG,2026,1610612747,,,,,
22500122351,,Shot Chart Detail,22500122,351,1629060,Rui Hachimura,1610612747,Los Angeles Lakers,2,2,21,Missed Shot,Running Jump Shot,3PT Field Goal,Above the Break 3,Center(C),24+ ft.,26,44,262,1,0,20251027,LAL,POR,12990,0,1629020|1629060|1630559|1631222|1642355,0,REG,2026,1610612747,,,,,
22500122364,,Shot Chart Detail,22500122,364,1631222,Jake LaRavia,1610612747,Los Angeles Lakers,2,1,44,Missed Shot,Driving Layup Shot,2PT Field Goal,In The Paint (Non-RA),Center(C),Less Than 8 ft.,4,0,40,1,0,20251027,LAL,POR,13360,0,1629020|1629060|1630559|1631222|1642355,0,REG,2026,1610612747,,,,,
22500122366,,Shot Chart Detail,22500122,366,1629020,Jarred Vanderbilt,1610612747,Los Angeles Lakers,2,1,43,Missed Shot,Tip Layup Shot,2PT Field Goal,Restricted Area,Center(C),Less Than 8 ft.,0,0,0,1,0,20251027,LAL,POR,13370,0,1629020|1629060|1630559|1631222|1642355,0,REG,2026,1610612747,,,,,
22500122372,,Shot Chart Detail,22500122,372,1629060,Rui Hachimura,1610612747,Los Angeles Lakers,2,1,10,Made Shot,Jump Shot,3PT Field Goal,Left Corner 3,Left Side(L),24+ ft.,23,-232,53,1,1,20251027,LAL,POR,13700,0,1629020|1629060|1630559|1631222|1642355,1,REG,2026,1610612747,,,,,
22500122383,,Shot Chart Detail,22500122,383,1629020,Jarred Vanderbilt,1610612747,Los Angeles Lakers,2,0,22,Made Shot,Running Dunk Shot,2PT Field Goal,Restricted Area,Center(C),Less Than 8 ft.,1,-12,8,1,1,20251027,LAL,POR,14180,0,1629020|1629060|1630559|1631222|1642355,1,REG,2026,1610612747,,,,,
22500122405,,Shot Chart Detail,22500122,405,1631222,Jake LaRavia,1610612747,Los Angeles Lakers,3,11,11,Missed Shot,Jump Shot,3PT Field Goal,Above the Break 3,Right Side Center(RC),24+ ft.,27,100,251,1,0,20251027,LAL,POR,14890,0,1629020|1629028|1629060|1630559|1631222,0,REG,2026,1610612747,,,,,
22500122409,,Shot Chart Detail,22500122,409,1629020,Jarred Vanderbilt,1610612747,Los Angeles Lakers,3,10,32,Made Shot,Dunk Shot,2PT Field Goal,Restricted Area,Center(C),Less Than 8 ft.,2,10,28,1,1,20251027,LAL,POR,15280,0,1629020|1629028|1629060|1630559|1631222,1,REG,2026,1610612747,,,,,
22500122427,,Shot Chart Detail,22500122,427,1630559,Austin Reaves,1610612747,Los Angeles Lakers,3,9,12,Made Shot,Running Jump Shot,3PT Field Goal,Right Corner 3,Right Side(R),24+ ft.,23,229,58,1,1,20251027,LAL,POR,16080,0,1629020|1629028|1629060|1630559|1631222,1,REG,2026,1610612747,,,,,
22500122431,,Shot Chart Detail,22500122,431,1629028,Deandre Ayton,1610612747,Los Angeles Lakers,3,8,44,Made Shot,Floating Jump shot,2PT Field Goal,In The Paint (Non-RA),Center(C),8-16 ft.,12,-26,121,1,1,20251027,LAL,POR,16360,0,1629020|1629028|1629060|1630559|1631222,1,REG,2026,1610612747,,,,,
22500122442,,Shot Chart Detail,22500122,442,1629028,Deandre Ayton,1610612747,Los Angeles Lakers,3,7,46,Missed Shot,Turnaround Hook Shot,2PT Field Goal,Restricted Area,Center(C),Less Than 8 ft.,2,-6,20,1,0,20251027,LAL,POR,16940,0,1629020|1629028|1629060|1630559|1631222,0,REG,2026,1610612747,,,,,
22500122444,,Shot Chart Detail,22500122,444,1629020,Jarred Vanderbilt,1610612747,Los Angeles Lakers,3,7,44,Missed Shot,Tip Layup Shot,2PT Field Goal,Restricted Area,Center(C),Less Than 8 ft.,0,0,0,1,0,20251027,LAL,POR,16960,0,1629020|1629028|1629060|1630559|1631222,0,REG,2026,1610612747,,,,,
22500122457,,Shot Chart Detail,22500122,457,1629060,Rui Hachimura,1610612747,Los Angeles Lakers,3,7,5,Missed Shot,Pullup Jump shot,2PT Field Goal,Mid-Range,Right Side(R),8-16 ft.,13,130,12,1,0,20251027,LAL,POR,17350,0,1629020|1629028|1629060|1630559|1631222,0,REG,2026,1610612747,,,,,
22500122459,,Shot Chart Detail,22500122,459,1629028,Deandre Ayton,1610612747,Los Angeles Lakers,3,6,58,Missed Shot,Putback Layup Shot,2PT Field Goal,Restricted Area,Center(C),Less Than 8 ft.,3,6,32,1,0,20251027,LAL,POR,17420,0,1629020|1629028|1629060|1630559|1631222,0,REG,2026,1610612747,,,,,
22500122481,,Shot Chart Detail,22500122,481,1630559,Austin Reaves,1610612747,Los Angeles Lakers,3,5,59,Made Shot,Step Back Jump shot,3PT Field Goal,Above the Break 3,Right Side Center(RC),24+ ft.,26,146,223,1,1,20251027,LAL,POR,18010,0,1629028|1630559|1641733|1642261|1642355,0,REG,2026,1610612747,,,,,
22500122484,,Shot Chart Detail,22500122,484,1642261,Dalton Knecht,1610612747,Los Angeles Lakers,3,5,22,Made Shot,Pullup Jump shot,2PT Field Goal,In The Paint (Non-RA),Center(C),8-16 ft.,12,9,126,1,1,20251027,LAL,POR,18380,0,1629028|1630559|1641733|1642261|1642355,0,REG,2026,1610612747,,,,,
22500122487,,Shot Chart Detail,22500122,487,1630559,Austin Reaves,1610612747,Los Angeles Lakers,3,5,5,Made Shot,Driving Floating Jump Shot,2PT Field Goal,In The Paint (Non-RA),Center(C),8-16 ft.,8,-9,84,1,1,20251027,LAL,POR,18550,0,1629028|1630559|1641733|1642261|1642355,0,REG,2026,1610612747,,,,,
22500122498,,Shot Chart Detail,22500122,498,1642261,Dalton Knecht,1610612747,Los Angeles Lakers,3,4,45,Made Shot,Running Dunk Shot,2PT Field Goal,Restricted Area,Center(C),Less Than 8 ft.,2,5,28,1,1,20251027,LAL,POR,18750,0,1629060|1630559|1641733|1642261|1642355,0,REG,2026,1610612747,,,,,
22500122509,,Shot Chart Detail,22500122,509,1641733,Nick Smith Jr.,1610612747,Los Angeles Lakers,3,4,8,Missed Shot,Jump Shot,3PT Field Goal,Left Corner 3,Left Side(L),24+ ft.,24,-238,36,1,0,20251027,LAL,POR,19120,0,1629060|1630559|1641733|1642261|1642355,0,REG,2026,1610612747,,,,,
22500122528,,Shot Chart Detail,22500122,528,1629060,Rui Hachimura,1610612747,Los Angeles Lakers,3,3,16,Made Shot,Jump Shot,3PT Field Goal,Right Corner 3,Right Side(R),24+ ft.,23,229,36,1,1,20251027,LAL,POR,19640,0,1629060|1630559|1641733|1642261|1642355,1,REG,2026,1610612747,,,,,
22500122536,,Shot Chart Detail,22500122,536,1629060,Rui Hachimura,1610612747,Los Angeles Lakers,3,2,30,Missed Shot,Jump Shot,3PT Field Goal,Above the Break 3,Center(C),24+ ft.,27,-32,273,1,0,20251027,LAL,POR,20100,0,1629060|1630559|1641733|1642261|1642355,0,REG,2026,1610612747,,,,,
22500122544,,Shot Chart Detail,22500122,544,1629060,Rui Hachimura,1610612747,Los Angeles Lakers,3,2,16,Made Shot,Running Layup Shot,2PT Field Goal,Restricted Area,Center(C),Less Than 8 ft.,3,5,31,1,1,20251027,LAL,POR,20240,0,1629028|1629060|1641733|1642261|1642355,1,REG,2026,1610612747,,,,,
22500122549,,Shot Chart Detail,22500122,549,1641733,Nick Smith Jr.,1610612747,Los Angeles Lakers,3,1,50,Made Shot,Driving Floating Jump Shot,2PT Field Goal,In The Paint (Non-RA),Center(C),8-16 ft.,8,5,85,1,1,20251027,LAL,POR,20500,0,1629028|1629060|1641733|1642261|1642355,1,REG,2026,1610612747,,,,,
22500122552,,Shot Chart Detail,22500122,552,1642261,Dalton Knecht,1610612747,Los Angeles Lakers,3,1,27,Missed Shot,Running Jump Shot,3PT Field Goal,Right Corner 3,Right Side(R),24+ ft.,23,230,65,1,0,20251027,LAL,POR,20730,0,1629028|1629060|1641733|1642261|1642355,0,REG,2026,1610612747,,,,,
22500122565,,Shot Chart Detail,22500122,565,1642261,Dalton Knecht,1610612747,Los Angeles Lakers,3,1,3,Missed Shot,Jump Shot,3PT Field Goal,Above the Break 3,Left Side Center(LC),24+ ft.,27,-115,252,1,0,20251027,LAL,POR,20970,0,1629028|1629060|1631222|1641733|1642261,0,REG,2026,1610612747,,,,,
22500122568,,Shot Chart Detail,22500122,568,1641733,Nick Smith Jr.,1610612747,Los Angeles Lakers,3,0,43,Missed Shot,Driving Floating Jump Shot,2PT Field Goal,In The Paint (Non-RA),Right Side(R),8-16 ft.,12,65,112,1,0,20251027,LAL,POR,21170,0,1629028|1629060|1631222|1641733|1642261,0,REG,2026,1610612747,,,,,
22500122571,,Shot Chart Detail,22500122,571,1629028,Deandre Ayton,1610612747,Los Angeles Lakers,3,0,19,Missed Shot,Turnaround Jump Shot,2PT Field Goal,In The Paint (Non-RA),Center(C),8-16 ft.,12,-13,122,1,0,20251027,LAL,POR,21410,0,1629028|1629060|1631222|1641733|1642261,0,REG,2026,1610612747,,,,,
22500122595,,Shot Chart Detail,22500122,595,1641733,Nick Smith Jr.,1610612747,Los Angeles Lakers,4,10,43,Missed Shot,Jump Shot,3PT Field Goal,Above the Break 3,Left Side Center(LC),24+ ft.,28,-161,230,1,0,20251027,LAL,POR,22370,0,1629028|1629060|1630559|1631222|1641733,0,REG,2026,1610612747,,,,,
22500122598,,Shot Chart Detail,22500122,598,1629060,Rui Hachimura,1610612747,Los Angeles Lakers,4,10,2,Made Shot,Pullup Jump shot,2PT Field Goal,Mid-Range,Right Side Center(RC),16-24 ft.,18,98,153,1,1,20251027,LAL,POR,22780,0,1629028|1629060|1630559|1631222|1641733,1,REG,2026,1610612747,,,,,
22500122602,,Shot Chart Detail,22500122,602,1631222,Jake LaRavia,1610612747,Los Angeles Lakers,4,9,42,Made Shot,Running Layup Shot,2PT Field Goal,Restricted Area,Center(C),Less Than 8 ft.,1,6,15,1,1,20251027,LAL,POR,22980,0,1629028|1629060|1630559|1631222|1641733,1,REG,2026,1610612747,,,,,
22500122606,,Shot Chart Detail,22500122,606,1630559,Austin Reaves,1610612747,Los Angeles Lakers,4,9,21,Missed Shot,Running Jump Shot,3PT Field Goal,Above the Break 3,Left Side Center(LC),24+ ft.,28,-120,256,1,0,20251027,LAL,POR,23190,0,1629028|1629060|1630559|1631222|1641733,0,REG,2026,1610612747,,,,,
22500122610,,Shot Chart Detail,22500122,610,1629028,Deandre Ayton,1610612747,Los Angeles Lakers,4,9,1,Made Shot,Alley Oop Layup shot,2PT Field Goal,Restricted Area,Center(C),Less Than 8 ft.,3,20,34,1,1,20251027,LAL,POR,23390,0,1629028|1629060|1630559|1631222|1641733,1,REG,2026,1610612747,,,,,
22500122615,,Shot Chart Detail,22500122,615,1630559,Austin Reaves,1610612747,Los Angeles Lakers,4,8,26,Missed Shot,Driving Layup Shot,2PT Field Goal,Restricted Area,Center(C),Less Than 8 ft.,3,-22,33,1,0,20251027,LAL,POR,23740,0,1629028|1629060|1630559|1631222|1641733,0,REG,2026,1610612747,,,,,
22500122642,,Shot Chart Detail,22500122,642,1642261,Dalton Knecht,1610612747,Los Angeles Lakers,4,7,44,Made Shot,Jump Shot,3PT Field Goal,Above the Break 3,Left Side Center(LC),24+ ft.,27,-205,181,1,1,20251027,LAL,POR,24160,0,1629020|1629028|1630559|1642261|1642355,1,REG,2026,1610612747,,,,,
22500122645,,Shot Chart Detail,22500122,645,1642261,Dalton Knecht,1610612747,Los Angeles Lakers,4,7,15,Missed Shot,Jump Shot,3PT Field Goal,Above the Break 3,Right Side Center(RC),24+ ft.,27,232,147,1,0,20251027,LAL,POR,24450,0,1629020|1629028|1630559|1642261|1642355,0,REG,2026,1610612747,,,,,
22500122647,,Shot Chart Detail,22500122,647,1629028,Deandre Ayton,1610612747,Los Angeles Lakers,4,7,11,Made Shot,Putback Layup Shot,2PT Field Goal,Restricted Area,Center(C),Less Than 8 ft.,2,-4,20,1,1,20251027,LAL,POR,24490,0,1629020|1629028|1630559|1642261|1642355,0,REG,2026,1610612747,,,,,
22500122649,,Shot Chart Detail,22500122,649,1630559,Austin Reaves,1610612747,Los Angeles Lakers,4,6,47,Made Shot,Driving Floating Jump Shot,2PT Field Goal,In The Paint (Non-RA),Center(C),Less Than 8 ft.,5,-5,50,1,1,20251027,LAL,POR,24730,0,1629020|1629028|1630559|1642261|1642355,0,REG,2026,1610612747,,,,,
22500122656,,Shot Chart Detail,22500122,656,1630559,Austin Reaves,1610612747,Los Angeles Lakers,4,6,10,Missed Shot,Step Back Jump shot,3PT Field Goal,Above the Break 3,Right Side Center(RC),24+ ft.,26,107,237,1,0,20251027,LAL,POR,25100,0,1629020|1629028|1630559|1642261|1642355,0,REG,2026,1610612747,,,,,
22500122668,,Shot Chart Detail,22500122,668,1629020,Jarred Vanderbilt,1610612747,Los Angeles Lakers,4,5,36,Made Shot,Cutting Dunk Shot,2PT Field Goal,Restricted Area,Center(C),Less Than 8 ft.,2,-18,11,1,1,20251027,LAL,POR,25440,0,1629020|1629028|1630559|1642261|1642355,1,REG,2026,1610612747,,,,,
22500122754,,Shot Chart Detail,22500122,754,1629020,Jarred Vanderbilt,1610612747,Los Angeles Lakers,4,4,50,Missed Shot,Cutting Layup Shot,2PT Field Goal,In The Paint (Non-RA),Center(C),Less Than 8 ft.,6,-2,62,1,0,20251027,LAL,POR,25900,0,1629020|1629028|1630559|1642261|1642355,0,REG,2026,1610612747,,,,,
22500122675,,Shot Chart Detail,22500122,675,1642261,Dalton Knecht,1610612747,Los Angeles Lakers,4,4,43,Missed Shot,Driving Dunk Shot,2PT Field Goal,Restricted Area,Center(C),Less Than 8 ft.,1,12,5,1,0,20251027,LAL,POR,25970,0,1629020|1629028|1630559|1642261|1642355,0,REG,2026,1610612747,,,,,
22500122686,,Shot Chart Detail,22500122,686,1630559,Austin Reaves,1610612747,Los Angeles Lakers,4,4,14,Made Shot,Cutting Layup Shot,2PT Field Goal,Restricted Area,Center(C),Less Than 8 ft.,2,0,23,1,1,20251027,LAL,POR,26260,0,1629020|1629028|1629060|1630559|1642261,1,REG,2026,1610612747,,,,,
22500122690,,Shot Chart Detail,22500122,690,1642261,Dalton Knecht,1610612747,Los Angeles Lakers,4,3,40,Made Shot,Fadeaway Jump Shot,2PT Field Goal,In The Paint (Non-RA),Center(C),8-16 ft.,11,-15,116,1,1,20251027,LAL,POR,26600,0,1629020|1629028|1629060|1630559|1642261,0,REG,2026,1610612747,,,,,
22500122703,,Shot Chart Detail,22500122,703,1630559,Austin Reaves,1610612747,Los Angeles Lakers,4,3,8,Made Shot,Pullup Jump shot,3PT Field Goal,Above the Break 3,Right Side Center(RC),24+ ft.,25,192,175,1,1,20251027,LAL,POR,26920,0,1629020|1629028|1629060|1630559|1642261,1,REG,2026,1610612747,,,,,
22500122710,,Shot Chart Detail,22500122,710,1629028,Deandre Ayton,1610612747,Los Angeles Lakers,4,2,19,Missed Shot,Fadeaway Jump Shot,2PT Field Goal,In The Paint (Non-RA),Center(C),8-16 ft.,13,-61,116,1,0,20251027,LAL,POR,27410,0,1629020|1629028|1629060|1630559|1642261,0,REG,2026,1610612747,,,,,
22500122749,,Shot Chart Detail,22500122,749,1642261,Dalton Knecht,1610612747,Los Angeles Lakers,4,0,26,Made Shot,Jump Shot,3PT Field Goal,Above the Break 3,Right Side Center(RC),24+ ft.,26,180,200,1,1,20251027,LAL,POR,28540,0,1631132|1641733|1642261|1642355|1643024,1,REG,2026,1610612747,,,,,
2250013610,,Shot Chart Detail,22500136,10,1631222,Jake LaRavia,1610612747,Los Angeles Lakers,1,11,26,Made Shot,Jump Shot,3PT Field Goal,Above the Break 3,Left Side Center(LC),24+ ft.,24,-175,178,1,1,20251029,MIN,LAL,340,0,1629020|1629028|1629060|1630559|1631222,1,REG,2026,1610612747,,,,,
2250013617,,Shot Chart Detail,22500136,17,1629028,Deandre Ayton,1610612747,Los Angeles Lakers,1,10,33,Made Shot,Floating Jump shot,2PT Field Goal,In The Paint (Non-RA),Center(C),8-16 ft.,11,47,107,1,1,20251029,MIN,LAL,870,0,1629020|1629028|1629060|1630559|1631222,1,REG,2026,1610612747,,,,,
2250013620,,Shot Chart Detail,22500136,20,1629060,Rui Hachimura,1610612747,Los Angeles Lakers,1,9,59,Missed Shot,Jump Shot,3PT Field Goal,Right Corner 3,Right Side(R),24+ ft.,23,230,10,1,0,20251029,MIN,LAL,1210,0,1629020|1629028|1629060|1630559|1631222,0,REG,2026,1610612747,,,,,
2250013622,,Shot Chart Detail,22500136,22,1629060,Rui Hachimura,1610612747,Los Angeles Lakers,1,9,54,Made Shot,Jump Shot,3PT Field Goal,Above the Break 3,Right Side Center(RC),24+ ft.,25,146,205,1,1,20251029,MIN,LAL,1260,0,1629020|1629028|1629060|1630559|1631222,1,REG,2026,1610612747,,,,,
2250013626,,Shot Chart Detail,22500136,26,1630559,Austin Reaves,1610612747,Los Angeles Lakers,1,9,28,Missed Shot,Step Back Jump shot,2PT Field Goal,Mid-Range,Right Side Center(RC),16-24 ft.,20,98,176,1,0,20251029,MIN,LAL,1520,0,1629020|1629028|1629060|1630559|1631222,0,REG,2026,1610612747,,,,,
2250013629,,Shot Chart Detail,22500136,29,1631222,Jake LaRavia,1610612747,Los Angeles Lakers,1,8,50,Made Shot,Turnaround Fadeaway shot,2PT Field Goal,Mid-Range,Left Side Center(LC),16-24 ft.,21,-151,151,1,1,20251029,MIN,LAL,1900,0,1629020|1629028|1629060|1630559|1631222,0,REG,2026,1610612747,,,,,
2250013644,,Shot Chart Detail,22500136,44,1630559,Austin Reaves,1610612747,Los Angeles Lakers,1,7,41,Missed Shot,Pullup Jump shot,3PT Field Goal,Above the Break 3,Right Side Center(RC),24+ ft.,25,152,200,1,0,20251029,MIN,LAL,2590,0,1629028|1629060|1630559|1631222|1642261,0,REG,2026,1610612747,,,,,
2250013654,,Shot Chart Detail,22500136,54,1642261,Dalton Knecht,1610612747,Los Angeles Lakers,1,7,2,Missed Shot,Driving Finger Roll Layup Shot,2PT Field Goal,Restricted Area,Center(C),Less Than 8 ft.,1,-6,18,1,0,20251029,MIN,LAL,2980,0,1629028|1629060|1630559|1631222|1642261,0,REG,2026,1610612747,,,,,
2250013667,,Shot Chart Detail,22500136,67,1642261,Dalton Knecht,1610612747,Los Angeles Lakers,1,5,59,Made Shot,Running Dunk Shot,2PT Field Goal,Restricted Area,Center(C),Less Than 8 ft.,2,7,21,1,1,20251029,MIN,LAL,3610,0,1629028|1629060|1630559|1631222|1642261,1,REG,2026,1610612747,,,,,
2250013692,,Shot Chart Detail,22500136,92,1629028,Deandre Ayton,1610612747,Los Angeles Lakers,1,4,27,Made Shot,Turnaround Hook Shot,2PT Field Goal,In The Paint (Non-RA),Center(C),Less Than 8 ft.,7,-13,76,1,1,20251029,MIN,LAL,4530,0,1629020|1629028|1630559|1642261|1642355,1,REG,2026,1610612747,,,,,
2250013696,,Shot Chart Detail,22500136,96,1630559,Austin Reaves,1610612747,Los Angeles Lakers,1,4,6,Missed Shot,Running Layup Shot,2PT Field Goal,Restricted Area,Center(C),Less Than 8 ft.,3,26,23,1,0,20251029,MIN,LAL,4740,0,1629020|1629028|1630559|1642261|1642355,0,REG,2026,1610612747,,,,,
22500136106,,Shot Chart Detail,22500136,106,1642261,Dalton Knecht,1610612747,Los Angeles Lakers,1,3,41,Made Shot,Pullup Jump shot,2PT Field Goal,In The Paint (Non-RA),Left Side(L),8-16 ft.,10,-70,81,1,1,20251029,MIN,LAL,4990,0,1629020|1629637|1641733|1642261|1642355,1,REG,2026,1610612747,,,,,
22500136119,,Shot Chart Detail,22500136,119,1641733,Nick Smith Jr.,1610612747,Los Angeles Lakers,1,3,4,Missed Shot,Jump Shot,3PT Field Goal,Above the Break 3,Right Side Center(RC),24+ ft.,25,104,231,1,0,20251029,MIN,LAL,5360,0,1629020|1629637|1641733|1642261|1642355,0,REG,2026,1610612747,,,,,
22500136146,,Shot Chart Detail,22500136,146,1629020,Jarred Vanderbilt,1610612747,Los Angeles Lakers,1,1,21,Made Shot,Cutting Dunk Shot,2PT Field Goal,Restricted Area,Center(C),Less Than 8 ft.,1,-4,15,1,1,20251029,MIN,LAL,6390,0,1629020|1629637|1641733|1642261|1642355,1,REG,2026,1610612747,,,,,
22500136157,,Shot Chart Detail,22500136,157,1642261,Dalton Knecht,1610612747,Los Angeles Lakers,1,0,51,Made Shot,Jump Shot,3PT Field Goal,Above the Break 3,Right Side Center(RC),24+ ft.,26,105,241,1,1,20251029,MIN,LAL,6690,0,1629020|1629637|1630559|1642261|1642355,1,REG,2026,1610612747,,,,,
22500136163,,Shot Chart Detail,22500136,163,1630559,Austin Reaves,1610612747,Los Angeles Lakers,1,0,16,Made Shot,Fadeaway Bank shot,2PT Field Goal,Mid-Range,Left Side(L),8-16 ft.,14,-127,63,1,1,20251029,MIN,LAL,7040,0,1629020|1629637|1630559|1642261|1642355,0,REG,2026,1610612747,,,,,
22500136184,,Shot Chart Detail,22500136,184,1642261,Dalton Knecht,1610612747,Los Angeles Lakers,2,11,34,Made Shot,Driving Floating Bank Jump Shot,2PT Field Goal,In The Paint (Non-RA),Right Side(R),8-16 ft.,8,60,62,1,1,20251029,MIN,LAL,7460,0,1629020|1629060|1629637|1630559|1642261,1,REG,2026,1610612747,,,,,
22500136191,,Shot Chart Detail,22500136,191,1629020,Jarred Vanderbilt,1610612747,Los Angeles Lakers,2,11,8,Missed Shot,Reverse Layup Shot,2PT Field Goal,Restricted Area,Center(C),Less Than 8 ft.,2,-12,17,1,0,20251029,MIN,LAL,7720,0,1629020|1629060|1629637|1630559|1642261,0,REG,2026,1610612747,,,,,
22500136194,,Shot Chart Detail,22500136,194,1629637,Jaxson Hayes,1610612747,Los Angeles Lakers,2,11,4,Made Shot,Dunk Shot,2PT Field Goal,Restricted Area,Center(C),Less Than 8 ft.,1,9,7,1,1,20251029,MIN,LAL,7760,0,1629020|1629060|1629637|1630559|1642261,1,REG,2026,1610612747,,,,,
22500136198,,Shot Chart Detail,22500136,198,1629637,Jaxson Hayes,1610612747,Los Angeles Lakers,2,10,37,Missed Shot,Alley Oop Layup shot,2PT Field Goal,Restricted Area,Center(C),Less Than 8 ft.,3,23,20,1,0,20251029,MIN,LAL,8030,0,1629020|1629060|1629637|1630559|1642261,0,REG,2026,1610612747,,,,,
22500136201,,Shot Chart Detail,22500136,201,1630559,Austin Reaves,1610612747,Los Angeles Lakers,2,10,12,Missed Shot,Driving Floating Jump Shot,2PT Field Goal,In The Paint (Non-RA),Center(C),8-16 ft.,12,-4,126,1,0,20251029,MIN,LAL,8280,0,1629020|1629060|1629637|1630559|1642261,0,REG,2026,1610612747,,,,,
22500136203,,Shot Chart Detail,22500136,203,1642261,Dalton Knecht,1610612747,Los Angeles Lakers,2,10,6,Missed Shot,Jump Shot,3PT Field Goal,Above the Break 3,Center(C),24+ ft.,24,71,238,1,0,20251029,MIN,LAL,8340,0,1629020|1629060|1629637|1630559|1642261,0,REG,2026,1610612747,,,,,
22500136210,,Shot Chart Detail,22500136,210,1630559,Austin Reaves,1610612747,Los Angeles Lakers,2,9,35,Missed Shot,Pullup Jump shot,3PT Field Goal,Right Corner 3,Right Side(R),24+ ft.,23,229,28,1,0,20251029,MIN,LAL,8650,0,1629020|1629060|1629637|1630559|1642261,0,REG,2026,1610612747,,,,,
22500136225,,Shot Chart Detail,22500136,225,1629028,Deandre Ayton,1610612747,Los Angeles Lakers,2,9,1,Made Shot,Jump Shot,2PT Field Goal,In The Paint (Non-RA),Center(C),8-16 ft.,13,7,136,1,1,20251029,MIN,LAL,8990,0,1629028|1629060|1630559|1631222|1642261,1,REG,2026,1610612747,,,,,
22500136229,,Shot Chart Detail,22500136,229,1630559,Austin Reaves,1610612747,Los Angeles Lakers,2,8,34,Made Shot,Driving Reverse Layup Shot,2PT Field Goal,Restricted Area,Center(C),Less Than 8 ft.,1,10,5,1,1,20251029,MIN,LAL,9260,0,1629028|1629060|1630559|1631222|1642261,0,REG,2026,1610612747,,,,,
22500136231,,Shot Chart Detail,22500136,231,1629060,Rui Hachimura,1610612747,Los Angeles Lakers,2,7,58,Made Shot,Turnaround Fadeaway shot,2PT Field Goal,In The Paint (Non-RA),Center(C),8-16 ft.,10,33,97,1,1,20251029,MIN,LAL,9620,0,1629028|1629060|1630559|1631222|1642261,1,REG,2026,1610612747,,,,,
22500136236,,Shot Chart Detail,22500136,236,1629028,Deandre Ayton,1610612747,Los Angeles Lakers,2,7,32,Missed Shot,Jump Shot,2PT Field Goal,Mid-Range,Center(C),8-16 ft.,15,-9,158,1,0,20251029,MIN,LAL,9880,0,1629028|1629060|1630559|1631222|1642261,0,REG,2026,1610612747,,,,,
22500136240,,Shot Chart Detail,22500136,240,1629060,Rui Hachimura,1610612747,Los Angeles Lakers,2,7,5,Made Shot,Driving Layup Shot,2PT Field Goal,Restricted Area,Center(C),Less Than 8 ft.,2,-10,21,1,1,20251029,MIN,LAL,10150,0,1629028|1629060|1630559|1631222|1642261,1,REG,2026,1610612747,,,,,
22500136258,,Shot Chart Detail,22500136,258,1629028,Deandre Ayton,1610612747,Los Angeles Lakers,2,6,12,Made Shot,Turnaround Fadeaway shot,2PT Field Goal,In The Paint (Non-RA),Center(C),8-16 ft.,8,11,86,1,1,20251029,MIN,LAL,10680,0,1629028|1629060|1631222|1641733|1642261,1,REG,2026,1610612747,,,,,
22500136262,,Shot Chart Detail,22500136,262,1641733,Nick Smith Jr.,1610612747,Los Angeles Lakers,2,5,37,Missed Shot,Jump Shot,3PT Field Goal,Above the Break 3,Left Side Center(LC),24+ ft.,25,-200,158,1,0,20251029,MIN,LAL,11030,0,1629028|1629060|1631222|1641733|1642261,0,REG,2026,1610612747,,,,,
22500136266,,Shot Chart Detail,22500136,266,1631222,Jake LaRavia,1610612747,Los Angeles Lakers,2,5,19,Made Shot,Driving Finger Roll Layup Shot,2PT Field Goal,Restricted Area,Center(C),Less Than 8 ft.,3,-9,37,1,1,20251029,MIN,LAL,11210,0,1629028|1629060|1631222|1641733|1642261,1,REG,2026,1610612747,,,,,
22500136276,,Shot Chart Detail,22500136,276,1630559,Austin Reaves,1610612747,Los Angeles Lakers,2,4,53,Made Shot,Step Back Jump shot,3PT Field Goal,Above the Break 3,Right Side Center(RC),24+ ft.,24,196,147,1,1,20251029,MIN,LAL,11470,0,1629028|1629060|1630559|1631222|1641733,1,REG,2026,1610612747,,,,,
22500136296,,Shot Chart Detail,22500136,296,1642261,Dalton Knecht,1610612747,Los Angeles Lakers,2,2,56,Made Shot,Pullup Jump shot,2PT Field Goal,In The Paint (Non-RA),Center(C),Less Than 8 ft.,7,-44,61,1,1,20251029,MIN,LAL,12640,0,1629028|1629060|1630559|1631222|1642261,1,REG,2026,1610612747,,,,,
22500136310,,Shot Chart Detail,22500136,310,1642261,Dalton Knecht,1610612747,Los Angeles Lakers,2,2,15,Missed Shot,Step Back Jump shot,3PT Field Goal,Above the Break 3,Center(C),24+ ft.,28,44,280,1,0,20251029,MIN,LAL,13050,0,1629020|1629028|1630559|1631222|1642261,0,REG,2026,1610612747,,,,,
22500136315,,Shot Chart Detail,22500136,315,1629028,Deandre Ayton,1610612747,Los Angeles Lakers,2,1,55,Missed Shot,Driving Layup Shot,2PT Field Goal,Restricted Area,Center(C),Less Than 8 ft.,1,9,12,1,0,20251029,MIN,LAL,13250,0,1629020|1629028|1630559|1631222|1642261,0,REG,2026,1610612747,,,,,
22500136317,,Shot Chart Detail,22500136,317,1629028,Deandre Ayton,1610612747,Los Angeles Lakers,2,1,52,Made Shot,Tip Layup Shot,2PT Field Goal,Restricted Area,Center(C),Less Than 8 ft.,0,0,0,1,1,20251029,MIN,LAL,13280,0,1629020|1629028|1630559|1631222|1642261,0,REG,2026,1610612747,,,,,
22500136319,,Shot Chart Detail,22500136,319,1630559,Austin Reaves,1610612747,Los Angeles Lakers,2,1,13,Missed Shot,Jump Shot,3PT Field Goal,Above the Break 3,Right Side Center(RC),24+ ft.,24,92,228,1,0,20251029,MIN,LAL,13670,0,1629020|1629028|1630559|1631222|1642261,0,REG,2026,1610612747,,,,,
22500136323,,Shot Chart Detail,22500136,323,1642261,Dalton Knecht,1610612747,Los Angeles Lakers,2,0,58,Missed Shot,Jump Shot,3PT Field Goal,Left Corner 3,Left Side(L),24+ ft.,23,-228,63,1,0,20251029,MIN,LAL,13820,0,1629020|1629028|1630559|1631222|1642261,0,REG,2026,1610612747,,,,,
22500136325,,Shot Chart Detail,22500136,325,1630559,Austin Reaves,1610612747,Los Angeles Lakers,2,0,46,Made Shot,Driving Floating Jump Shot,2PT Field Goal,In The Paint (Non-RA),Center(C),8-16 ft.,10,-33,95,1,1,20251029,MIN,LAL,13940,0,1629020|1629028|1630559|1631222|1642261,1,REG,2026,1610612747,,,,,
22500136334,,Shot Chart Detail,22500136,334,1629028,Deandre Ayton,1610612747,Los Angeles Lakers,2,0,29,Made Shot,Hook Shot,2PT Field Goal,In The Paint (Non-RA),Center(C),Less Than 8 ft.,4,1,49,1,1,20251029,MIN,LAL,14110,0,1629020|1629028|1630559|1631222|1642261,1,REG,2026,1610612747,,,,,
22500136338,,Shot Chart Detail,22500136,338,1630559,Austin Reaves,1610612747,Los Angeles Lakers,2,0,1,Made Shot,Running Jump Shot,2PT Field Goal,In The Paint (Non-RA),Center(C),Less Than 8 ft.,5,44,36,1,1,20251029,MIN,LAL,14390,0,1629020|1629028|1630559|1631222|1642261,1,REG,2026,1610612747,,,,,
22500136350,,Shot Chart Detail,22500136,350,1631222,Jake LaRavia,1610612747,Los Angeles Lakers,3,11,25,Missed Shot,Jump Shot,3PT Field Goal,Above the Break 3,Left Side Center(LC),24+ ft.,25,-172,182,1,0,20251029,MIN,LAL,14750,0,1629020|1629028|1629060|1630559|1631222,0,REG,2026,1610612747,,,,,
22500136356,,Shot Chart Detail,22500136,356,1630559,Austin Reaves,1610612747,Los Angeles Lakers,3,10,51,Missed Shot,Pullup Jump shot,3PT Field Goal,Above the Break 3,Right Side Center(RC),24+ ft.,25,130,220,1,0,20251029,MIN,LAL,15090,0,1629020|1629028|1629060|1630559|1631222,0,REG,2026,1610612747,,,,,
22500136358,,Shot Chart Detail,22500136,358,1629060,Rui Hachimura,1610612747,Los Angeles Lakers,3,10,45,Missed Shot,Step Back Jump shot,2PT Field Goal,Mid-Range,Left Side(L),8-16 ft.,15,-151,27,1,0,20251029,MIN,LAL,15150,0,1629020|1629028|1629060|1630559|1631222,0,REG,2026,1610612747,,,,,
22500136360,,Shot Chart Detail,22500136,360,1631222,Jake LaRavia,1610612747,Los Angeles Lakers,3,10,39,Made Shot,Jump Shot,3PT Field Goal,Above the Break 3,Right Side Center(RC),24+ ft.,25,211,136,1,1,20251029,MIN,LAL,15210,0,1629020|1629028|1629060|1630559|1631222,1,REG,2026,1610612747,,,,,
22500136364,,Shot Chart Detail,22500136,364,1630559,Austin Reaves,1610612747,Los Angeles Lakers,3,10,1,Missed Shot,Jump Shot,3PT Field Goal,Above the Break 3,Center(C),24+ ft.,25,-50,247,1,0,20251029,MIN,LAL,15590,0,1629020|1629028|1629060|1630559|1631222,0,REG,2026,1610612747,,,,,
22500136368,,Shot Chart Detail,22500136,368,1629060,Rui Hachimura,1610612747,Los Angeles Lakers,3,9,42,Made Shot,Running Layup Shot,2PT Field Goal,Restricted Area,Center(C),Less Than 8 ft.,1,4,10,1,1,20251029,MIN,LAL,15780,0,1629020|1629028|1629060|1630559|1631222,1,REG,2026,1610612747,,,,,
22500136372,,Shot Chart Detail,22500136,372,1629028,Deandre Ayton,1610612747,Los Angeles Lakers,3,9,16,Made Shot,Turnaround Jump Shot,2PT Field Goal,In The Paint (Non-RA),Center(C),8-16 ft.,8,1,85,1,1,20251029,MIN,LAL,16040,0,1629020|1629028|1629060|1630559|1631222,1,REG,2026,1610612747,,,,,
22500136374,,Shot Chart Detail,22500136,374,1630559,Austin Reaves,1610612747,Los Angeles Lakers,3,8,57,Missed Shot,Fadeaway Jump Shot,2PT Field Goal,In The Paint (Non-RA),Center(C),8-16 ft.,9,43,90,1,0,20251029,MIN,LAL,16230,0,1629020|1629028|1629060|1630559|1631222,0,REG,2026,1610612747,,,,,
22500136380,,Shot Chart Detail,22500136,380,1629060,Rui Hachimura,1610612747,Los Angeles Lakers,3,8,30,Made Shot,Step Back Jump shot,2PT Field Goal,Mid-Range,Center(C),16-24 ft.,19,-21,195,1,1,20251029,MIN,LAL,16500,0,1629020|1629028|1629060|1630559|1631222,0,REG,2026,1610612747,,,,,
22500136383,,Shot Chart Detail,22500136,383,1631222,Jake LaRavia,1610612747,Los Angeles Lakers,3,8,12,Made Shot,Running Layup Shot,2PT Field Goal,Restricted Area,Center(C),Less Than 8 ft.,1,12,8,1,1,20251029,MIN,LAL,16680,0,1629020|1629028|1629060|1630559|1631222,1,REG,2026,1610612747,,,,,
22500136393,,Shot Chart Detail,22500136,393,1631222,Jake LaRavia,1610612747,Los Angeles Lakers,3,7,41,Made Shot,Pullup Jump shot,2PT Field Goal,In The Paint (Non-RA),Center(C),8-16 ft.,11,-15,109,1,1,20251029,MIN,LAL,16990,0,1629020|1629028|1629060|1630559|1631222,1,REG,2026,1610612747,,,,,
22500136397,,Shot Chart Detail,22500136,397,1631222,Jake LaRavia,1610612747,Los Angeles Lakers,3,7,17,Made Shot,Jump Shot,3PT Field Goal,Left Corner 3,Left Side(L),24+ ft.,23,-224,83,1,1,20251029,MIN,LAL,17230,0,1629020|1629028|1629060|1630559|1631222,1,REG,2026,1610612747,,,,,
22500136401,,Shot Chart Detail,22500136,401,1630559,Austin Reaves,1610612747,Los Angeles Lakers,3,6,50,Missed Shot,Pullup Jump shot,2PT Field Goal,In The Paint (Non-RA),Right Side(R),8-16 ft.,14,77,122,1,0,20251029,MIN,LAL,17500,0,1629020|1629028|1629060|1630559|1631222,0,REG,2026,1610612747,,,,,
22500136433,,Shot Chart Detail,22500136,433,1642261,Dalton Knecht,1610612747,Los Angeles Lakers,3,5,30,Made Shot,Running Alley Oop Dunk Shot,2PT Field Goal,Restricted Area,Center(C),Less Than 8 ft.,0,2,9,1,1,20251029,MIN,LAL,18300,0,1629028|1629060|1630559|1631222|1642261,1,REG,2026,1610612747,,,,,
22500136437,,Shot Chart Detail,22500136,437,1630559,Austin Reaves,1610612747,Los Angeles Lakers,3,4,56,Missed Shot,Pullup Jump shot,3PT Field Goal,Above the Break 3,Left Side Center(LC),24+ ft.,24,-119,218,1,0,20251029,MIN,LAL,18640,0,1629028|1629060|1630559|1631222|1642261,0,REG,2026,1610612747,,,,,
22500136452,,Shot Chart Detail,22500136,452,1631222,Jake LaRavia,1610612747,Los Angeles Lakers,3,3,55,Made Shot,Driving Layup Shot,2PT Field Goal,Restricted Area,Center(C),Less Than 8 ft.,2,-10,19,1,1,20251029,MIN,LAL,19250,0,1629028|1629060|1630559|1631222|1642261,0,REG,2026,1610612747,,,,,
22500136462,,Shot Chart Detail,22500136,462,1641733,Nick Smith Jr.,1610612747,Los Angeles Lakers,3,3,14,Made Shot,Driving Floating Jump Shot,2PT Field Goal,In The Paint (Non-RA),Center(C),8-16 ft.,11,35,107,1,1,20251029,MIN,LAL,19660,0,1629060|1629637|1631222|1641733|1642261,0,REG,2026,1610612747,,,,,
22500136481,,Shot Chart Detail,22500136,481,1631222,Jake LaRavia,1610612747,Los Angeles Lakers,3,2,20,Made Shot,Jump Shot,3PT Field Goal,Above the Break 3,Center(C),24+ ft.,24,72,231,1,1,20251029,MIN,LAL,20200,0,1629020|1629637|1631222|1641733|1642261,1,REG,2026,1610612747,,,,,
22500136486,,Shot Chart Detail,22500136,486,1641733,Nick Smith Jr.,1610612747,Los Angeles Lakers,3,1,45,Made Shot,Pullup Jump shot,3PT Field Goal,Above the Break 3,Right Side Center(RC),24+ ft.,24,141,198,1,1,20251029,MIN,LAL,20550,0,1629020|1629637|1631222|1641733|1642261,0,REG,2026,1610612747,,,,,
22500136488,,Shot Chart Detail,22500136,488,1641733,Nick Smith Jr.,1610612747,Los Angeles Lakers,3,1,20,Missed Shot,Driving Floating Jump Shot,2PT Field Goal,Mid-Range,Left Side(L),8-16 ft.,14,-132,57,1,0,20251029,MIN,LAL,20800,0,1629020|1629637|1631222|1641733|1642261,0,REG,2026,1610612747,,,,,
22500136502,,Shot Chart Detail,22500136,502,1630559,Austin Reaves,1610612747,Los Angeles Lakers,3,0,31,Made Shot,Fadeaway Bank shot,2PT Field Goal,In The Paint (Non-RA),Center(C),Less Than 8 ft.,7,70,38,1,1,20251029,MIN,LAL,21290,0,1629020|1629637|1630559|1641733|1642261,0,REG,2026,1610612747,,,,,
22500136516,,Shot Chart Detail,22500136,516,1630559,Austin Reaves,1610612747,Los Angeles Lakers,3,0,1,Missed Shot,Driving Finger Roll Layup Shot,2PT Field Goal,Restricted Area,Center(C),Less Than 8 ft.,3,26,30,1,0,20251029,MIN,LAL,21590,0,1629028|1629060|1630559|1631222|1642261,0,REG,2026,1610612747,,,,,
22500136525,,Shot Chart Detail,22500136,525,1642261,Dalton Knecht,1610612747,Los Angeles Lakers,4,11,35,Made Shot,Pullup Jump shot,2PT Field Goal,In The Paint (Non-RA),Center(C),8-16 ft.,12,-42,115,1,1,20251029,MIN,LAL,21850,0,1629020|1629060|1629637|1630559|1642261,1,REG,2026,1610612747,,,,,
22500136531,,Shot Chart Detail,22500136,531,1630559,Austin Reaves,1610612747,Los Angeles Lakers,4,11,3,Made Shot,Jump Shot,3PT Field Goal,Above the Break 3,Left Side Center(LC),24+ ft.,24,-180,171,1,1,20251029,MIN,LAL,22170,0,1629020|1629060|1629637|1630559|1642261,1,REG,2026,1610612747,,,,,
22500136537,,Shot Chart Detail,22500136,537,1629060,Rui Hachimura,1610612747,Los Angeles Lakers,4,10,32,Missed Shot,Turnaround Fadeaway shot,2PT Field Goal,In The Paint (Non-RA),Center(C),8-16 ft.,12,9,127,1,0,20251029,MIN,LAL,22480,0,1629020|1629060|1629637|1630559|1642261,0,REG,2026,1610612747,,,,,
22500136552,,Shot Chart Detail,22500136,552,1629020,Jarred Vanderbilt,1610612747,Los Angeles Lakers,4,9,27,Missed Shot,Jump Shot,3PT Field Goal,Right Corner 3,Right Side(R),24+ ft.,23,230,53,1,0,20251029,MIN,LAL,23130,0,1629020|1629060|1629637|1630559|1642261,0,REG,2026,1610612747,,,,,
22500136563,,Shot Chart Detail,22500136,563,1631222,Jake LaRavia,1610612747,Los Angeles Lakers,4,9,3,Made Shot,Jump Shot,3PT Field Goal,Left Corner 3,Left Side(L),24+ ft.,23,-230,5,1,1,20251029,MIN,LAL,23370,0,1629028|1629060|1630559|1631222|1642261,1,REG,2026,1610612747,,,,,
22500136571,,Shot Chart Detail,22500136,571,1630559,Austin Reaves,1610612747,Los Angeles Lakers,4,8,18,Missed Shot,Pullup Jump shot,3PT Field Goal,Above the Break 3,Left Side Center(LC),24+ ft.,23,-131,200,1,0,20251029,MIN,LAL,23820,0,1629028|1629060|1630559|1631222|1642261,0,REG,2026,1610612747,,,,,
22500136595,,Shot Chart Detail,22500136,595,1629060,Rui Hachimura,1610612747,Los Angeles Lakers,4,6,36,Made Shot,Step Back Jump shot,2PT Field Goal,Mid-Range,Left Side Center(LC),16-24 ft.,17,-113,136,1,1,20251029,MIN,LAL,24840,0,1629028|1629060|1631222|1641733|1642261,0,REG,2026,1610612747,,,,,
22500136601,,Shot Chart Detail,22500136,601,1629060,Rui Hachimura,1610612747,Los Angeles Lakers,4,6,5,Made Shot,Dunk Shot,2PT Field Goal,Restricted Area,Center(C),Less Than 8 ft.,0,4,6,1,1,20251029,MIN,LAL,25150,0,1629028|1629060|1631222|1641733|1642261,1,REG,2026,1610612747,,,,,
22500136604,,Shot Chart Detail,22500136,604,1629060,Rui Hachimura,1610612747,Los Angeles Lakers,4,5,38,Missed Shot,Step Back Jump shot,2PT Field Goal,In The Paint (Non-RA),Center(C),8-16 ft.,14,64,130,1,0,20251029,MIN,LAL,25420,0,1629028|1629060|1631222|1641733|1642261,0,REG,2026,1610612747,,,,,
22500136607,,Shot Chart Detail,22500136,607,1641733,Nick Smith Jr.,1610612747,Los Angeles Lakers,4,5,34,Missed Shot,Jump Shot,3PT Field Goal,Above the Break 3,Center(C),24+ ft.,24,25,243,1,0,20251029,MIN,LAL,25460,0,1629028|1629060|1631222|1641733|1642261,0,REG,2026,1610612747,,,,,
22500136617,,Shot Chart Detail,22500136,617,1629060,Rui Hachimura,1610612747,Los Angeles Lakers,4,5,5,Missed Shot,Jump Shot,3PT Field Goal,Above the Break 3,Center(C),24+ ft.,27,-2,273,1,0,20251029,MIN,LAL,25750,0,1629028|1629060|1630559|1631222|1642261,0,REG,2026,1610612747,,,,,
22500136629,,Shot Chart Detail,22500136,629,1629060,Rui Hachimura,1610612747,Los Angeles Lakers,4,4,32,Missed Shot,Jump Shot,3PT Field Goal,Above the Break 3,Right Side Center(RC),24+ ft.,24,114,220,1,0,20251029,MIN,LAL,26080,0,1629028|1629060|1630559|1631222|1642261,0,REG,2026,1610612747,,,,,
22500136633,,Shot Chart Detail,22500136,633,1630559,Austin Reaves,1610612747,Los Angeles Lakers,4,4,1,Made Shot,Jump Shot,3PT Field Goal,Above the Break 3,Center(C),24+ ft.,25,-31,252,1,1,20251029,MIN,LAL,26390,0,1629028|1629060|1630559|1631222|1642261,1,REG,2026,1610612747,,,,,
22500136637,,Shot Chart Detail,22500136,637,1642261,Dalton Knecht,1610612747,Los Angeles Lakers,4,3,21,Missed Shot,Jump Shot,3PT Field Goal,Above the Break 3,Left Side Center(LC),24+ ft.,25,-168,188,1,0,20251029,MIN,LAL,26790,0,1629028|1629060|1630559|1631222|1642261,0,REG,2026,1610612747,,,,,
22500136653,,Shot Chart Detail,22500136,653,1629060,Rui Hachimura,1610612747,Los Angeles Lakers,4,2,44,Missed Shot,Step Back Jump shot,2PT Field Goal,Mid-Range,Left Side Center(LC),16-24 ft.,17,-126,122,1,0,20251029,MIN,LAL,27160,0,1629028|1629060|1630559|1631222|1642261,0,REG,2026,1610612747,,,,,
22500136647,,Shot Chart Detail,22500136,647,1629028,Deandre Ayton,1610612747,Los Angeles Lakers,4,2,30,Made Shot,Floating Jump shot,2PT Field Goal,In The Paint (Non-RA),Center(C),8-16 ft.,11,1,116,1,1,20251029,MIN,LAL,27300,0,1629028|1629060|1630559|1631222|1642261,1,REG,2026,1610612747,,,,,
22500136656,,Shot Chart Detail,22500136,656,1630559,Austin Reaves,1610612747,Los Angeles Lakers,4,1,46,Missed Shot,Pullup Jump shot,2PT Field Goal,Mid-Range,Right Side Center(RC),16-24 ft.,17,97,142,1,0,20251029,MIN,LAL,27740,0,1629028|1629060|1630559|1631222|1642261,0,REG,2026,1610612747,,,,,
22500136660,,Shot Chart Detail,22500136,660,1629028,Deandre Ayton,1610612747,Los Angeles Lakers,4,1,11,Missed Shot,Driving Floating Jump Shot,2PT Field Goal,In The Paint (Non-RA),Center(C),Less Than 8 ft.,5,-38,40,1,0,20251029,MIN,LAL,28090,0,1629028|1629060|1630559|1631222|1642261,0,REG,2026,1610612747,,,,,
22500136665,,Shot Chart Detail,22500136,665,1630559,Austin Reaves,1610612747,Los Angeles Lakers,4,0,26,Missed Shot,Jump Shot,3PT Field Goal,Right Corner 3,Right Side(R),24+ ft.,23,230,11,1,0,20251029,MIN,LAL,28540,0,1629028|1629060|1630559|1631222|1642261,0,REG,2026,1610612747,,,,,
22500136676,,Shot Chart Detail,22500136,676,1630559,Austin Reaves,1610612747,Los Angeles Lakers,4,0,1,Made Shot,Driving Floating Jump Shot,2PT Field Goal,In The Paint (Non-RA),Center(C),8-16 ft.,12,11,121,1,1,20251029,MIN,LAL,28790,0,1629028|1629060|1630559|1631222|1642261,0,REG,2026,1610612747,,,,,
225001557,,Shot Chart Detail,22500155,7,1629060,Rui Hachimura,1610612747,Los Angeles Lakers,1,11,44,Made Shot,Jump Shot,3PT Field Goal,Above the Break 3,Left Side Center(LC),24+ ft.,26,-130,229,1,1,20251102,LAL,MIA,160,0,203935|1629029|1629060|1629637|1630559,1,REG,2026,1610612747,,,,,
2250015511,,Shot Chart Detail,22500155,11,1629060,Rui Hachimura,1610612747,Los Angeles Lakers,1,11,26,Made Shot,Running Dunk Shot,2PT Field Goal,Restricted Area,Center(C),Less Than 8 ft.,1,-12,11,1,1,20251102,LAL,MIA,340,0,203935|1629029|1629060|1629637|1630559,1,REG,2026,1610612747,,,,,
2250015515,,Shot Chart Detail,22500155,15,1629029,Luka Dončić,1610612747,Los Angeles Lakers,1,11,4,Made Shot,Pullup Jump shot,2PT Field Goal,Mid-Range,Left Side Center(LC),16-24 ft.,20,-78,190,1,1,20251102,LAL,MIA,560,0,203935|1629029|1629060|1629637|1630559,0,REG,2026,1610612747,,,,,
2250015522,,Shot Chart Detail,22500155,22,1629637,Jaxson Hayes,1610612747,Los Angeles Lakers,1,10,41,Made Shot,Cutting Dunk Shot,2PT Field Goal,Restricted Area,Center(C),Less Than 8 ft.,2,11,21,1,1,20251102,LAL,MIA,790,0,203935|1629029|1629060|1629637|1630559,1,REG,2026,1610612747,,,,,
2250015526,,Shot Chart Detail,22500155,26,1629029,Luka Dončić,1610612747,Los Angeles Lakers,1,10,19,Missed Shot,Step Back Jump shot,3PT Field Goal,Above the Break 3,Left Side Center(LC),24+ ft.,26,-163,210,1,0,20251102,LAL,MIA,1010,0,203935|1629029|1629060|1629637|1630559,0,REG,2026,1610612747,,,,,
2250015528,,Shot Chart Detail,22500155,28,1629637,Jaxson Hayes,1610612747,Los Angeles Lakers,1,10,15,Made Shot,Tip Layup Shot,2PT Field Goal,Restricted Area,Center(C),Less Than 8 ft.,0,0,0,1,1,20251102,LAL,MIA,1050,0,203935|1629029|1629060|1629637|1630559,0,REG,2026,1610612747,,,,,
2250015533,,Shot Chart Detail,22500155,33,203935,Marcus Smart,1610612747,Los Angeles Lakers,1,9,26,Missed Shot,Pullup Jump shot,2PT Field Goal,Mid-Range,Left Side(L),8-16 ft.,10,-89,47,1,0,20251102,LAL,MIA,1540,0,203935|1629029|1629060|1629637|1630559,0,REG,2026,1610612747,,,,,
2250015542,,Shot Chart Detail,22500155,42,203935,Marcus Smart,1610612747,Los Angeles Lakers,1,8,58,Missed Shot,Jump Shot,3PT Field Goal,Left Corner 3,Left Side(L),24+ ft.,23,-238,20,1,0,20251102,LAL,MIA,1820,0,203935|1629029|1629060|1629637|1630559,0,REG,2026,1610612747,,,,,
2250015546,,Shot Chart Detail,22500155,46,1629060,Rui Hachimura,1610612747,Los Angeles Lakers,1,8,38,Made Shot,Jump Shot,3PT Field Goal,Left Corner 3,Left Side(L),24+ ft.,23,-229,30,1,1,20251102,LAL,MIA,2020,0,203935|1629029|1629060|1629637|1630559,1,REG,2026,1610612747,,,,,
2250015550,,Shot Chart Detail,22500155,50,1630559,Austin Reaves,1610612747,Los Angeles Lakers,1,8,5,Missed Shot,Jump Shot,3PT Field Goal,Above the Break 3,Right Side Center(RC),24+ ft.,26,233,131,1,0,20251102,LAL,MIA,2350,0,203935|1629029|1629060|1629637|1630559,0,REG,2026,1610612747,,,,,
2250015563,,Shot Chart Detail,22500155,63,1629029,Luka Dončić,1610612747,Los Angeles Lakers,1,7,3,Missed Shot,Step Back Jump shot,3PT Field Goal,Above the Break 3,Center(C),24+ ft.,28,-58,277,1,0,20251102,LAL,MIA,2970,0,203935|1629029|1629060|1629637|1630559,0,REG,2026,1610612747,,,,,
2250015568,,Shot Chart Detail,22500155,68,1629637,Jaxson Hayes,1610612747,Los Angeles Lakers,1,6,36,Made Shot,Alley Oop Layup shot,2PT Field Goal,In The Paint (Non-RA),Center(C),Less Than 8 ft.,4,34,27,1,1,20251102,LAL,MIA,3240,0,203935|1629029|1629060|1629637|1630559,1,REG,2026,1610612747,,,,,
2250015572,,Shot Chart Detail,22500155,72,1629637,Jaxson Hayes,1610612747,Los Angeles Lakers,1,6,10,Made Shot,Jump Shot,3PT Field Goal,Above the Break 3,Right Side Center(RC),24+ ft.,27,135,237,1,1,20251102,LAL,MIA,3500,0,203935|1629029|1629060|1629637|1630559,1,REG,2026,1610612747,,,,,
2250015581,,Shot Chart Detail,22500155,81,1629637,Jaxson Hayes,1610612747,Los Angeles Lakers,1,5,38,Made Shot,Alley Oop Dunk Shot,2PT Field Goal,Restricted Area,Center(C),Less Than 8 ft.,2,7,29,1,1,20251102,LAL,MIA,3820,0,1629029|1629060|1629637|1630559|1631222,1,REG,2026,1610612747,,,,,
2250015591,,Shot Chart Detail,22500155,91,1630559,Austin Reaves,1610612747,Los Angeles Lakers,1,5,2,Made Shot,Pullup Jump shot,3PT Field Goal,Above the Break 3,Center(C),24+ ft.,28,-60,276,1,1,20251102,LAL,MIA,4180,0,1629029|1629060|1629637|1630559|1631222,0,REG,2026,1610612747,,,,,
22500155112,,Shot Chart Detail,22500155,112,1629029,Luka Dončić,1610612747,Los Angeles Lakers,1,4,17,Missed Shot,Jump Shot,3PT Field Goal,Above the Break 3,Left Side Center(LC),24+ ft.,25,-157,203,1,0,20251102,LAL,MIA,4630,0,1629020|1629029|1629060|1631222|1642261,0,REG,2026,1610612747,,,,,
22500155152,,Shot Chart Detail,22500155,152,1629029,Luka Dončić,1610612747,Los Angeles Lakers,1,3,17,Missed Shot,Jump Shot,3PT Field Goal,Above the Break 3,Center(C),24+ ft.,27,-15,272,1,0,20251102,LAL,MIA,5230,0,1629020|1629029|1631222|1642261|1642355,0,REG,2026,1610612747,,,,,
22500155138,,Shot Chart Detail,22500155,138,1631222,Jake LaRavia,1610612747,Los Angeles Lakers,1,3,2,Made Shot,Running Dunk Shot,2PT Field Goal,Restricted Area,Center(C),Less Than 8 ft.,0,8,4,1,1,20251102,LAL,MIA,5380,0,1629020|1629029|1631222|1642261|1642355,1,REG,2026,1610612747,,,,,
22500155146,,Shot Chart Detail,22500155,146,1631222,Jake LaRavia,1610612747,Los Angeles Lakers,1,2,22,Made Shot,Jump Shot,3PT Field Goal,Above the Break 3,Left Side Center(LC),24+ ft.,25,-183,176,1,1,20251102,LAL,MIA,5780,0,1629020|1629029|1631222|1642261|1642355,1,REG,2026,1610612747,,,,,
22500155176,,Shot Chart Detail,22500155,176,1642355,Bronny James,1610612747,Los Angeles Lakers,1,1,19,Made Shot,Running Alley Oop Dunk Shot,2PT Field Goal,Restricted Area,Center(C),Less Than 8 ft.,1,9,14,1,1,20251102,LAL,MIA,6410,0,1629020|1630559|1631222|1642261|1642355,1,REG,2026,1610612747,,,,,
22500155189,,Shot Chart Detail,22500155,189,1642355,Bronny James,1610612747,Los Angeles Lakers,1,0,23,Missed Shot,Step Back Jump shot,3PT Field Goal,Above the Break 3,Right Side Center(RC),24+ ft.,27,224,153,1,0,20251102,LAL,MIA,6970,0,1629020|1630559|1631222|1642261|1642355,0,REG,2026,1610612747,,,,,
22500155193,,Shot Chart Detail,22500155,193,1629020,Jarred Vanderbilt,1610612747,Los Angeles Lakers,1,0,20,Made Shot,Dunk Shot,2PT Field Goal,Restricted Area,Center(C),Less Than 8 ft.,2,1,25,1,1,20251102,LAL,MIA,7000,0,1629020|1630559|1631222|1642261|1642355,0,REG,2026,1610612747,,,,,
22500155216,,Shot Chart Detail,22500155,216,1630559,Austin Reaves,1610612747,Los Angeles Lakers,2,11,30,Missed Shot,Driving Floating Jump Shot,2PT Field Goal,In The Paint (Non-RA),Center(C),Less Than 8 ft.,5,0,58,1,0,20251102,LAL,MIA,7500,0,203935|1629060|1629637|1630559|1642261,0,REG,2026,1610612747,,,,,
22500155221,,Shot Chart Detail,22500155,221,1630559,Austin Reaves,1610612747,Los Angeles Lakers,2,10,56,Missed Shot,Step Back Jump shot,3PT Field Goal,Above the Break 3,Center(C),24+ ft.,26,-13,264,1,0,20251102,LAL,MIA,7840,0,203935|1629060|1629637|1630559|1642261,0,REG,2026,1610612747,,,,,
22500155225,,Shot Chart Detail,22500155,225,1629060,Rui Hachimura,1610612747,Los Angeles Lakers,2,10,23,Missed Shot,Turnaround Fadeaway shot,2PT Field Goal,Mid-Range,Right Side(R),8-16 ft.,13,87,98,1,0,20251102,LAL,MIA,8170,0,203935|1629060|1629637|1630559|1642261,0,REG,2026,1610612747,,,,,
22500155229,,Shot Chart Detail,22500155,229,1642261,Dalton Knecht,1610612747,Los Angeles Lakers,2,10,9,Missed Shot,Driving Floating Bank Jump Shot,2PT Field Goal,Restricted Area,Center(C),Less Than 8 ft.,2,-11,17,1,0,20251102,LAL,MIA,8310,0,203935|1629060|1629637|1630559|1642261,0,REG,2026,1610612747,,,,,
22500155233,,Shot Chart Detail,22500155,233,1630559,Austin Reaves,1610612747,Los Angeles Lakers,2,9,47,Made Shot,Driving Floating Bank Jump Shot,2PT Field Goal,Restricted Area,Center(C),Less Than 8 ft.,3,9,37,1,1,20251102,LAL,MIA,8530,0,203935|1629060|1629637|1630559|1642261,1,REG,2026,1610612747,,,,,
22500155244,,Shot Chart Detail,22500155,244,1630559,Austin Reaves,1610612747,Los Angeles Lakers,2,9,18,Made Shot,Driving Layup Shot,2PT Field Goal,Restricted Area,Center(C),Less Than 8 ft.,3,-15,36,1,1,20251102,LAL,MIA,8820,0,203935|1629060|1629637|1630559|1631222,1,REG,2026,1610612747,,,,,
22500155248,,Shot Chart Detail,22500155,248,1629060,Rui Hachimura,1610612747,Los Angeles Lakers,2,8,58,Made Shot,Jump Shot,2PT Field Goal,Mid-Range,Center(C),8-16 ft.,15,9,158,1,1,20251102,LAL,MIA,9020,0,203935|1629060|1629637|1630559|1631222,1,REG,2026,1610612747,,,,,
22500155269,,Shot Chart Detail,22500155,269,1629637,Jaxson Hayes,1610612747,Los Angeles Lakers,2,8,3,Made Shot,Alley Oop Dunk Shot,2PT Field Goal,Restricted Area,Center(C),Less Than 8 ft.,2,13,17,1,1,20251102,LAL,MIA,9570,0,203935|1629029|1629060|1629637|1631222,1,REG,2026,1610612747,,,,,
22500155273,,Shot Chart Detail,22500155,273,1629029,Luka Dončić,1610612747,Los Angeles Lakers,2,7,40,Missed Shot,Step Back Jump shot,2PT Field Goal,Mid-Range,Left Side Center(LC),16-24 ft.,18,-109,148,1,0,20251102,LAL,MIA,9800,0,203935|1629029|1629060|1629637|1631222,0,REG,2026,1610612747,,,,,
22500155277,,Shot Chart Detail,22500155,277,1629029,Luka Dončić,1610612747,Los Angeles Lakers,2,7,11,Made Shot,Driving Layup Shot,2PT Field Goal,Restricted Area,Center(C),Less Than 8 ft.,2,-13,26,1,1,20251102,LAL,MIA,10090,0,203935|1629029|1629060|1629637|1631222,0,REG,2026,1610612747,,,,,
22500155287,,Shot Chart Detail,22500155,287,1631222,Jake LaRavia,1610612747,Los Angeles Lakers,2,6,35,Made Shot,Cutting Layup Shot,2PT Field Goal,Restricted Area,Center(C),Less Than 8 ft.,2,12,21,1,1,20251102,LAL,MIA,10450,0,203935|1629029|1629060|1629637|1631222,1,REG,2026,1610612747,,,,,
22500155291,,Shot Chart Detail,22500155,291,203935,Marcus Smart,1610612747,Los Angeles Lakers,2,6,13,Missed Shot,Running Jump Shot,3PT Field Goal,Above the Break 3,Right Side Center(RC),24+ ft.,25,88,237,1,0,20251102,LAL,MIA,10670,0,203935|1629029|1629060|1629637|1631222,0,REG,2026,1610612747,,,,,
22500155295,,Shot Chart Detail,22500155,295,203935,Marcus Smart,1610612747,Los Angeles Lakers,2,5,43,Made Shot,Jump Shot,3PT Field Goal,Above the Break 3,Right Side Center(RC),24+ ft.,25,234,110,1,1,20251102,LAL,MIA,10970,0,203935|1629029|1629060|1629637|1631222,1,REG,2026,1610612747,,,,,
22500155309,,Shot Chart Detail,22500155,309,1629029,Luka Dončić,1610612747,Los Angeles Lakers,2,5,17,Made Shot,Driving Floating Bank Jump Shot,2PT Field Goal,In The Paint (Non-RA),Center(C),Less Than 8 ft.,4,-34,32,1,1,20251102,LAL,MIA,11230,0,1629029|1629637|1630559|1631222|1642355,0,REG,2026,1610612747,,,,,
22500155313,,Shot Chart Detail,22500155,313,1630559,Austin Reaves,1610612747,Los Angeles Lakers,2,4,52,Missed Shot,Pullup Jump shot,3PT Field Goal,Right Corner 3,Right Side(R),24+ ft.,24,238,63,1,0,20251102,LAL,MIA,11480,0,1629029|1629637|1630559|1631222|1642355,0,REG,2026,1610612747,,,,,
22500155317,,Shot Chart Detail,22500155,317,1629029,Luka Dončić,1610612747,Los Angeles Lakers,2,4,38,Made Shot,Running Pull-Up Jump Shot,3PT Field Goal,Above the Break 3,Right Side Center(RC),24+ ft.,27,94,256,1,1,20251102,LAL,MIA,11620,0,1629029|1629637|1630559|1631222|1642355,0,REG,2026,1610612747,,,,,
22500155322,,Shot Chart Detail,22500155,322,1629029,Luka Dončić,1610612747,Los Angeles Lakers,2,4,25,Made Shot,Running Layup Shot,2PT Field Goal,In The Paint (Non-RA),Center(C),Less Than 8 ft.,4,6,40,1,1,20251102,LAL,MIA,11750,0,1629029|1629637|1630559|1631222|1642355,0,REG,2026,1610612747,,,,,
22500155326,,Shot Chart Detail,22500155,326,1630559,Austin Reaves,1610612747,Los Angeles Lakers,2,3,56,Made Shot,Jump Shot,3PT Field Goal,Above the Break 3,Left Side Center(LC),24+ ft.,26,-174,195,1,1,20251102,LAL,MIA,12040,0,1629029|1629637|1630559|1631222|1642355,1,REG,2026,1610612747,,,,,
22500155737,,Shot Chart Detail,22500155,737,1631222,Jake LaRavia,1610612747,Los Angeles Lakers,2,3,18,Missed Shot,Jump Shot,3PT Field Goal,Backcourt,Back Court(BC),Back Court Shot,48,-140,461,1,0,20251102,LAL,MIA,12420,0,1629029|1629637|1630559|1631222|1642355,0,REG,2026,1610612747,,,,,
22500155360,,Shot Chart Detail,22500155,360,203935,Marcus Smart,1610612747,Los Angeles Lakers,2,1,57,Made Shot,Driving Floating Jump Shot,2PT Field Goal,In The Paint (Non-RA),Center(C),8-16 ft.,12,7,121,1,1,20251102,LAL,MIA,13230,0,203935|1629029|1629060|1630559|1631222,1,REG,2026,1610612747,,,,,
22500155365,,Shot Chart Detail,22500155,365,1631222,Jake LaRavia,1610612747,Los Angeles Lakers,2,1,24,Made Shot,Cutting Layup Shot,2PT Field Goal,Restricted Area,Center(C),Less Than 8 ft.,2,15,25,1,1,20251102,LAL,MIA,13560,0,203935|1629029|1629060|1630559|1631222,1,REG,2026,1610612747,,,,,
22500155369,,Shot Chart Detail,22500155,369,1631222,Jake LaRavia,1610612747,Los Angeles Lakers,2,1,5,Made Shot,Step Back Jump shot,3PT Field Goal,Above the Break 3,Right Side Center(RC),24+ ft.,26,179,195,1,1,20251102,LAL,MIA,13750,0,203935|1629029|1629060|1630559|1631222,1,REG,2026,1610612747,,,,,
22500155373,,Shot Chart Detail,22500155,373,1629029,Luka Dončić,1610612747,Los Angeles Lakers,2,0,33,Missed Shot,Pullup Jump shot,2PT Field Goal,Mid-Range,Left Side Center(LC),16-24 ft.,19,-132,146,1,0,20251102,LAL,MIA,14070,0,203935|1629029|1629060|1630559|1631222,0,REG,2026,1610612747,,,,,
22500155375,,Shot Chart Detail,22500155,375,1631222,Jake LaRavia,1610612747,Los Angeles Lakers,2,0,32,Made Shot,Tip Layup Shot,2PT Field Goal,Restricted Area,Center(C),Less Than 8 ft.,0,0,0,1,1,20251102,LAL,MIA,14080,0,203935|1629029|1629060|1630559|1631222,0,REG,2026,1610612747,,,,,
22500155382,,Shot Chart Detail,22500155,382,1629029,Luka Dončić,1610612747,Los Angeles Lakers,2,0,2,Missed Shot,Pullup Jump shot,3PT Field Goal,Above the Break 3,Left Side Center(LC),24+ ft.,29,-112,278,1,0,20251102,LAL,MIA,14380,0,203935|1629029|1629060|1630559|1631222,0,REG,2026,1610612747,,,,,
22500155392,,Shot Chart Detail,22500155,392,1629637,Jaxson Hayes,1610612747,Los Angeles Lakers,3,11,28,Made Shot,Alley Oop Layup shot,2PT Field Goal,Restricted Area,Center(C),Less Than 8 ft.,2,5,27,1,1,20251102,LAL,MIA,14720,0,203935|1629029|1629060|1629637|1630559,1,REG,2026,1610612747,,,,,
22500155396,,Shot Chart Detail,22500155,396,1629029,Luka Dončić,1610612747,Los Angeles Lakers,3,11,0,Missed Shot,Step Back Jump shot,2PT Field Goal,Mid-Range,Left Side Center(LC),16-24 ft.,20,-107,170,1,0,20251102,LAL,MIA,15000,0,203935|1629029|1629060|1629637|1630559,0,REG,2026,1610612747,,,,,
22500155405,,Shot Chart Detail,22500155,405,1630559,Austin Reaves,1610612747,Los Angeles Lakers,3,10,9,Missed Shot,Jump Shot,3PT Field Goal,Above the Break 3,Right Side Center(RC),24+ ft.,24,83,233,1,0,20251102,LAL,MIA,15510,0,203935|1629029|1629060|1629637|1630559,0,REG,2026,1610612747,,,,,
22500155408,,Shot Chart Detail,22500155,408,1630559,Austin Reaves,1610612747,Los Angeles Lakers,3,10,7,Made Shot,Jump Shot,3PT Field Goal,Above the Break 3,Left Side Center(LC),24+ ft.,27,-123,246,1,1,20251102,LAL,MIA,15530,0,203935|1629029|1629060|1629637|1630559,1,REG,2026,1610612747,,,,,
22500155412,,Shot Chart Detail,22500155,412,203935,Marcus Smart,1610612747,Los Angeles Lakers,3,9,43,Made Shot,Jump Shot,3PT Field Goal,Above the Break 3,Left Side Center(LC),24+ ft.,27,-191,204,1,1,20251102,LAL,MIA,15770,0,203935|1629029|1629060|1629637|1630559,1,REG,2026,1610612747,,,,,
22500155423,,Shot Chart Detail,22500155,423,1629060,Rui Hachimura,1610612747,Los Angeles Lakers,3,8,44,Missed Shot,Jump Shot,3PT Field Goal,Left Corner 3,Left Side(L),24+ ft.,24,-235,69,1,0,20251102,LAL,MIA,16360,0,203935|1629029|1629060|1629637|1630559,0,REG,2026,1610612747,,,,,
22500155425,,Shot Chart Detail,22500155,425,1630559,Austin Reaves,1610612747,Los Angeles Lakers,3,8,33,Missed Shot,Pullup Jump shot,3PT Field Goal,Above the Break 3,Left Side Center(LC),24+ ft.,27,-129,248,1,0,20251102,LAL,MIA,16470,0,203935|1629029|1629060|1629637|1630559,0,REG,2026,1610612747,,,,,
22500155431,,Shot Chart Detail,22500155,431,1630559,Austin Reaves,1610612747,Los Angeles Lakers,3,8,0,Missed Shot,Jump Shot,3PT Field Goal,Above the Break 3,Left Side Center(LC),24+ ft.,28,-184,218,1,0,20251102,LAL,MIA,16800,0,203935|1629029|1629060|1629637|1630559,0,REG,2026,1610612747,,,,,
22500155444,,Shot Chart Detail,22500155,444,1630559,Austin Reaves,1610612747,Los Angeles Lakers,3,7,36,Missed Shot,Jump Shot,3PT Field Goal,Above the Break 3,Right Side Center(RC),24+ ft.,27,195,193,1,0,20251102,LAL,MIA,17040,0,203935|1629029|1629060|1629637|1630559,0,REG,2026,1610612747,,,,,
22500155447,,Shot Chart Detail,22500155,447,203935,Marcus Smart,1610612747,Los Angeles Lakers,3,7,29,Missed Shot,Jump Shot,3PT Field Goal,Above the Break 3,Center(C),24+ ft.,25,33,249,1,0,20251102,LAL,MIA,17110,0,203935|1629029|1629060|1629637|1630559,0,REG,2026,1610612747,,,,,
22500155449,,Shot Chart Detail,22500155,449,1629060,Rui Hachimura,1610612747,Los Angeles Lakers,3,7,13,Made Shot,Hook Shot,2PT Field Goal,In The Paint (Non-RA),Center(C),Less Than 8 ft.,6,-43,44,1,1,20251102,LAL,MIA,17270,0,203935|1629029|1629060|1629637|1630559,1,REG,2026,1610612747,,,,,
22500155463,,Shot Chart Detail,22500155,463,1630559,Austin Reaves,1610612747,Los Angeles Lakers,3,6,38,Made Shot,Running Layup Shot,2PT Field Goal,Restricted Area,Center(C),Less Than 8 ft.,2,-4,21,1,1,20251102,LAL,MIA,17620,0,1629029|1629060|1629637|1630559|1631222,1,REG,2026,1610612747,,,,,
22500155467,,Shot Chart Detail,22500155,467,1629029,Luka Dončić,1610612747,Los Angeles Lakers,3,6,10,Missed Shot,Step Back Jump shot,3PT Field Goal,Above the Break 3,Center(C),24+ ft.,25,64,251,1,0,20251102,LAL,MIA,17900,0,1629029|1629060|1629637|1630559|1631222,0,REG,2026,1610612747,,,,,
22500155471,,Shot Chart Detail,22500155,471,1631222,Jake LaRavia,1610612747,Los Angeles Lakers,3,5,46,Made Shot,Fadeaway Jump Shot,2PT Field Goal,In The Paint (Non-RA),Center(C),Less Than 8 ft.,7,29,73,1,1,20251102,LAL,MIA,18140,0,1629029|1629060|1629637|1630559|1631222,1,REG,2026,1610612747,,,,,
22500155481,,Shot Chart Detail,22500155,481,1629060,Rui Hachimura,1610612747,Los Angeles Lakers,3,5,24,Missed Shot,Jump Shot,3PT Field Goal,Right Corner 3,Right Side(R),24+ ft.,24,237,58,1,0,20251102,LAL,MIA,18360,0,1629029|1629060|1629637|1630559|1631222,0,REG,2026,1610612747,,,,,
22500155485,,Shot Chart Detail,22500155,485,1629029,Luka Dončić,1610612747,Los Angeles Lakers,3,4,59,Missed Shot,Jump Shot,3PT Field Goal,Above the Break 3,Left Side Center(LC),24+ ft.,28,-163,228,1,0,20251102,LAL,MIA,18610,0,1629029|1629060|1629637|1630559|1631222,0,REG,2026,1610612747,,,,,
22500155487,,Shot Chart Detail,22500155,487,1630559,Austin Reaves,1610612747,Los Angeles Lakers,3,4,44,Missed Shot,Step Back Jump shot,2PT Field Goal,Mid-Range,Left Side Center(LC),16-24 ft.,22,-135,174,1,0,20251102,LAL,MIA,18760,0,1629029|1629060|1629637|1630559|1631222,0,REG,2026,1610612747,,,,,
22500155499,,Shot Chart Detail,22500155,499,1629029,Luka Dončić,1610612747,Los Angeles Lakers,3,4,13,Made Shot,Driving Layup Shot,2PT Field Goal,Restricted Area,Center(C),Less Than 8 ft.,2,-1,22,1,1,20251102,LAL,MIA,19070,0,1629020|1629029|1629060|1631222|1642261,0,REG,2026,1610612747,,,,,
22500155508,,Shot Chart Detail,22500155,508,1629020,Jarred Vanderbilt,1610612747,Los Angeles Lakers,3,3,43,Missed Shot,Reverse Layup Shot,2PT Field Goal,Restricted Area,Center(C),Less Than 8 ft.,2,25,15,1,0,20251102,LAL,MIA,19370,0,1629020|1629029|1629060|1631222|1642261,0,REG,2026,1610612747,,,,,
22500155527,,Shot Chart Detail,22500155,527,1642355,Bronny James,1610612747,Los Angeles Lakers,3,2,59,Missed Shot,Running Layup Shot,2PT Field Goal,Restricted Area,Center(C),Less Than 8 ft.,1,0,13,1,0,20251102,LAL,MIA,19810,0,1629020|1629029|1631222|1642261|1642355,0,REG,2026,1610612747,,,,,
22500155533,,Shot Chart Detail,22500155,533,1642261,Dalton Knecht,1610612747,Los Angeles Lakers,3,2,22,Made Shot,Jump Shot,3PT Field Goal,Above the Break 3,Left Side Center(LC),24+ ft.,27,-163,223,1,1,20251102,LAL,MIA,20180,0,1629020|1629029|1631222|1642261|1642355,1,REG,2026,1610612747,,,,,
22500155536,,Shot Chart Detail,22500155,536,1642261,Dalton Knecht,1610612747,Los Angeles Lakers,3,1,40,Missed Shot,Jump Shot,3PT Field Goal,Above the Break 3,Left Side Center(LC),24+ ft.,27,-131,247,1,0,20251102,LAL,MIA,20600,0,1629020|1629029|1631222|1642261|1642355,0,REG,2026,1610612747,,,,,
22500155540,,Shot Chart Detail,22500155,540,1642261,Dalton Knecht,1610612747,Los Angeles Lakers,3,1,10,Missed Shot,Jump Shot,3PT Field Goal,Above the Break 3,Right Side Center(RC),24+ ft.,26,120,237,1,0,20251102,LAL,MIA,20900,0,1629020|1629029|1631222|1642261|1642355,0,REG,2026,1610612747,,,,,
22500155551,,Shot Chart Detail,22500155,551,1630559,Austin Reaves,1610612747,Los Angeles Lakers,3,1,0,Missed Shot,Jump Shot,3PT Field Goal,Left Corner 3,Left Side(L),24+ ft.,23,-235,10,1,0,20251102,LAL,MIA,21000,0,1629020|1630559|1631222|1642261|1642355,0,REG,2026,1610612747,,,,,
22500155574,,Shot Chart Detail,22500155,574,1629060,Rui Hachimura,1610612747,Los Angeles Lakers,4,11,43,Missed Shot,Turnaround Jump Shot,2PT Field Goal,In The Paint (Non-RA),Center(C),8-16 ft.,12,-23,125,1,0,20251102,LAL,MIA,21770,0,203935|1629060|1629637|1630559|1631222,0,REG,2026,1610612747,,,,,
22500155578,,Shot Chart Detail,22500155,578,1629060,Rui Hachimura,1610612747,Los Angeles Lakers,4,11,24,Missed Shot,Cutting Layup Shot,2PT Field Goal,Restricted Area,Center(C),Less Than 8 ft.,1,-10,15,1,0,20251102,LAL,MIA,21960,0,203935|1629060|1629637|1630559|1631222,0,REG,2026,1610612747,,,,,
22500155581,,Shot Chart Detail,22500155,581,1629060,Rui Hachimura,1610612747,Los Angeles Lakers,4,11,20,Missed Shot,Putback Layup Shot,2PT Field Goal,Restricted Area,Center(C),Less Than 8 ft.,1,-7,17,1,0,20251102,LAL,MIA,22000,0,203935|1629060|1629637|1630559|1631222,0,REG,2026,1610612747,,,,,
22500155587,,Shot Chart Detail,22500155,587,1631222,Jake LaRavia,1610612747,Los Angeles Lakers,4,10,40,Missed Shot,Driving Layup Shot,2PT Field Goal,In The Paint (Non-RA),Center(C),Less Than 8 ft.,4,-7,48,1,0,20251102,LAL,MIA,22400,0,203935|1629060|1629637|1630559|1631222,0,REG,2026,1610612747,,,,,
22500155591,,Shot Chart Detail,22500155,591,1630559,Austin Reaves,1610612747,Los Angeles Lakers,4,10,25,Made Shot,Floating Jump shot,2PT Field Goal,Restricted Area,Center(C),Less Than 8 ft.,3,5,36,1,1,20251102,LAL,MIA,22550,0,203935|1629060|1629637|1630559|1631222,0,REG,2026,1610612747,,,,,
22500155595,,Shot Chart Detail,22500155,595,1629060,Rui Hachimura,1610612747,Los Angeles Lakers,4,9,42,Made Shot,Jump Shot,3PT Field Goal,Above the Break 3,Left Side Center(LC),24+ ft.,25,-205,151,1,1,20251102,LAL,MIA,22980,0,203935|1629060|1629637|1630559|1631222,1,REG,2026,1610612747,,,,,
22500155603,,Shot Chart Detail,22500155,603,1631222,Jake LaRavia,1610612747,Los Angeles Lakers,4,9,25,Made Shot,Driving Dunk Shot,2PT Field Goal,Restricted Area,Center(C),Less Than 8 ft.,1,-6,13,1,1,20251102,LAL,MIA,23150,0,203935|1629029|1629060|1630559|1631222,1,REG,2026,1610612747,,,,,
22500155609,,Shot Chart Detail,22500155,609,1630559,Austin Reaves,1610612747,Los Angeles Lakers,4,8,39,Missed Shot,Driving Finger Roll Layup Shot,2PT Field Goal,In The Paint (Non-RA),Center(C),Less Than 8 ft.,4,-18,41,1,0,20251102,LAL,MIA,23610,0,203935|1629029|1629060|1630559|1631222,0,REG,2026,1610612747,,,,,
22500155616,,Shot Chart Detail,22500155,616,1629029,Luka Dončić,1610612747,Los Angeles Lakers,4,8,12,Made Shot,Driving Floating Jump Shot,2PT Field Goal,Restricted Area,Center(C),Less Than 8 ft.,2,1,25,1,1,20251102,LAL,MIA,23880,0,203935|1629029|1629060|1630559|1631222,0,REG,2026,1610612747,,,,,
22500155619,,Shot Chart Detail,22500155,619,1630559,Austin Reaves,1610612747,Los Angeles Lakers,4,7,49,Missed Shot,Jump Shot,3PT Field Goal,Above the Break 3,Right Side Center(RC),24+ ft.,27,135,235,1,0,20251102,LAL,MIA,24110,0,203935|1629029|1629060|1630559|1631222,0,REG,2026,1610612747,,,,,
22500155636,,Shot Chart Detail,22500155,636,203935,Marcus Smart,1610612747,Los Angeles Lakers,4,6,53,Made Shot,Jump Shot,3PT Field Goal,Left Corner 3,Left Side(L),24+ ft.,24,-237,60,1,1,20251102,LAL,MIA,24670,0,203935|1629029|1629060|1631222|1642355,1,REG,2026,1610612747,,,,,
22500155646,,Shot Chart Detail,22500155,646,203935,Marcus Smart,1610612747,Los Angeles Lakers,4,6,8,Missed Shot,Jump Shot,3PT Field Goal,Above the Break 3,Right Side Center(RC),24+ ft.,26,151,212,1,0,20251102,LAL,MIA,25120,0,203935|1629029|1629060|1631222|1642355,0,REG,2026,1610612747,,,,,
22500155656,,Shot Chart Detail,22500155,656,1629029,Luka Dončić,1610612747,Los Angeles Lakers,4,5,42,Missed Shot,Step Back Jump shot,3PT Field Goal,Above the Break 3,Right Side Center(RC),24+ ft.,27,108,252,1,0,20251102,LAL,MIA,25380,0,1629029|1629637|1630559|1631222|1642355,0,REG,2026,1610612747,,,,,
22500155665,,Shot Chart Detail,22500155,665,1630559,Austin Reaves,1610612747,Los Angeles Lakers,4,5,13,Made Shot,Fadeaway Jump Shot,2PT Field Goal,Mid-Range,Right Side Center(RC),16-24 ft.,16,87,146,1,1,20251102,LAL,MIA,25670,0,1629029|1629637|1630559|1631222|1642355,0,REG,2026,1610612747,,,,,
22500155668,,Shot Chart Detail,22500155,668,1631222,Jake LaRavia,1610612747,Los Angeles Lakers,4,4,56,Made Shot,Alley Oop Dunk Shot,2PT Field Goal,Restricted Area,Center(C),Less Than 8 ft.,2,0,23,1,1,20251102,LAL,MIA,25840,0,1629029|1629637|1630559|1631222|1642355,1,REG,2026,1610612747,,,,,
22500155679,,Shot Chart Detail,22500155,679,1629029,Luka Dončić,1610612747,Los Angeles Lakers,4,4,32,Made Shot,Floating Jump shot,2PT Field Goal,In The Paint (Non-RA),Center(C),Less Than 8 ft.,4,21,36,1,1,20251102,LAL,MIA,26080,0,1629029|1629637|1630559|1631222|1642355,1,REG,2026,1610612747,,,,,
22500155683,,Shot Chart Detail,22500155,683,1631222,Jake LaRavia,1610612747,Los Angeles Lakers,4,3,56,Missed Shot,Reverse Layup Shot,2PT Field Goal,Restricted Area,Center(C),Less Than 8 ft.,3,10,33,1,0,20251102,LAL,MIA,26440,0,1629029|1629637|1630559|1631222|1642355,0,REG,2026,1610612747,,,,,
22500155685,,Shot Chart Detail,22500155,685,1631222,Jake LaRavia,1610612747,Los Angeles Lakers,4,3,55,Made Shot,Tip Layup Shot,2PT Field Goal,Restricted Area,Center(C),Less Than 8 ft.,0,0,0,1,1,20251102,LAL,MIA,26450,0,1629029|1629637|1630559|1631222|1642355,0,REG,2026,1610612747,,,,,
22500155689,,Shot Chart Detail,22500155,689,1630559,Austin Reaves,1610612747,Los Angeles Lakers,4,3,20,Missed Shot,Pullup Jump shot,3PT Field Goal,Above the Break 3,Left Side Center(LC),24+ ft.,28,-168,227,1,0,20251102,LAL,MIA,26800,0,1629029|1629637|1630559|1631222|1642355,0,REG,2026,1610612747,,,,,
22500155695,,Shot Chart Detail,22500155,695,1629029,Luka Dončić,1610612747,Los Angeles Lakers,4,2,45,Missed Shot,Step Back Jump shot,3PT Field Goal,Above the Break 3,Right Side Center(RC),24+ ft.,27,141,236,1,0,20251102,LAL,MIA,27150,0,1629029|1629637|1630559|1631222|1642355,0,REG,2026,1610612747,,,,,
22500155699,,Shot Chart Detail,22500155,699,1642355,Bronny James,1610612747,Los Angeles Lakers,4,2,10,Missed Shot,Jump Shot,3PT Field Goal,Right Corner 3,Right Side(R),24+ ft.,24,235,57,1,0,20251102,LAL,MIA,27500,0,1629029|1629637|1630559|1631222|1642355,0,REG,2026,1610612747,,,,,
22500155703,,Shot Chart Detail,22500155,703,1630559,Austin Reaves,1610612747,Los Angeles Lakers,4,1,41,Made Shot,Step Back Jump shot,3PT Field Goal,Above the Break 3,Right Side Center(RC),24+ ft.,26,109,241,1,1,20251102,LAL,MIA,27790,0,1629029|1629637|1630559|1631222|1642355,0,REG,2026,1610612747,,,,,
22500155710,,Shot Chart Detail,22500155,710,1629029,Luka Dončić,1610612747,Los Angeles Lakers,4,0,56,Missed Shot,Jump Shot,3PT Field Goal,Right Corner 3,Right Side(R),24+ ft.,25,239,76,1,0,20251102,LAL,MIA,28240,0,203935|1629029|1629637|1630559|1631222,0,REG,2026,1610612747,,,,,
22500155715,,Shot Chart Detail,22500155,715,1629029,Luka Dončić,1610612747,Los Angeles Lakers,4,0,52,Made Shot,Layup Shot,2PT Field Goal,Restricted Area,Center(C),Less Than 8 ft.,2,-28,10,1,1,20251102,LAL,MIA,28280,0,203935|1629029|1629637|1630559|1631222,1,REG,2026,1610612747,,,,,
225001637,,Shot Chart Detail,22500163,7,203935,Marcus Smart,1610612747,Los Angeles Lakers,1,11,46,Made Shot,Driving Layup Shot,2PT Field Goal,Restricted Area,Center(C),Less Than 8 ft.,1,11,9,1,1,20251103,POR,LAL,140,0,203935|1629028|1629060|1631222|1642261,0,REG,2026,1610612747,,,,,
2250016310,,Shot Chart Detail,22500163,10,1629028,Deandre Ayton,1610612747,Los Angeles Lakers,1,11,17,Made Shot,Jump Shot,2PT Field Goal,Mid-Range,Center(C),16-24 ft.,19,-4,197,1,1,20251103,POR,LAL,430,0,203935|1629028|1629060|1631222|1642261,1,REG,2026,1610612747,,,,,
2250016313,,Shot Chart Detail,22500163,13,1631222,Jake LaRavia,1610612747,Los Angeles Lakers,1,10,50,Missed Shot,Jump Shot,3PT Field Goal,Right Corner 3,Right Side(R),24+ ft.,22,227,5,1,0,20251103,POR,LAL,700,0,203935|1629028|1629060|1631222|1642261,0,REG,2026,1610612747,,,,,
2250016319,,Shot Chart Detail,22500163,19,203935,Marcus Smart,1610612747,Los Angeles Lakers,1,10,8,Missed Shot,Driving Floating Jump Shot,2PT Field Goal,In The Paint (Non-RA),Right Side(R),8-16 ft.,11,70,89,1,0,20251103,POR,LAL,1120,0,203935|1629028|1629060|1631222|1642261,0,REG,2026,1610612747,,,,,
2250016324,,Shot Chart Detail,22500163,24,1629028,Deandre Ayton,1610612747,Los Angeles Lakers,1,9,49,Missed Shot,Turnaround Fadeaway shot,2PT Field Goal,In The Paint (Non-RA),Center(C),Less Than 8 ft.,7,-7,77,1,0,20251103,POR,LAL,1310,0,203935|1629028|1629060|1631222|1642261,0,REG,2026,1610612747,,,,,
2250016328,,Shot Chart Detail,22500163,28,203935,Marcus Smart,1610612747,Los Angeles Lakers,1,9,33,Missed Shot,Driving Floating Jump Shot,2PT Field Goal,In The Paint (Non-RA),Left Side(L),8-16 ft.,10,-80,69,1,0,20251103,POR,LAL,1470,0,203935|1629028|1629060|1631222|1642261,0,REG,2026,1610612747,,,,,
2250016333,,Shot Chart Detail,22500163,33,1642261,Dalton Knecht,1610612747,Los Angeles Lakers,1,8,53,Made Shot,Pullup Jump shot,2PT Field Goal,In The Paint (Non-RA),Center(C),8-16 ft.,8,-10,84,1,1,20251103,POR,LAL,1870,0,203935|1629028|1629060|1631222|1642261,0,REG,2026,1610612747,,,,,
2250016336,,Shot Chart Detail,22500163,36,1629060,Rui Hachimura,1610612747,Los Angeles Lakers,1,8,35,Made Shot,Driving Dunk Shot,2PT Field Goal,Restricted Area,Center(C),Less Than 8 ft.,1,11,-2,1,1,20251103,POR,LAL,2050,0,203935|1629028|1629060|1631222|1642261,1,REG,2026,1610612747,,,,,
2250016341,,Shot Chart Detail,22500163,41,1629028,Deandre Ayton,1610612747,Los Angeles Lakers,1,8,8,Made Shot,Turnaround Jump Shot,2PT Field Goal,In The Paint (Non-RA),Center(C),8-16 ft.,10,-6,100,1,1,20251103,POR,LAL,2320,0,203935|1629028|1629060|1631222|1642261,1,REG,2026,1610612747,,,,,
2250016345,,Shot Chart Detail,22500163,45,1629060,Rui Hachimura,1610612747,Los Angeles Lakers,1,7,51,Made Shot,Running Dunk Shot,2PT Field Goal,Restricted Area,Center(C),Less Than 8 ft.,0,5,5,1,1,20251103,POR,LAL,2490,0,203935|1629028|1629060|1631222|1642261,1,REG,2026,1610612747,,,,,
2250016360,,Shot Chart Detail,22500163,60,1629028,Deandre Ayton,1610612747,Los Angeles Lakers,1,6,55,Made Shot,Driving Hook Shot,2PT Field Goal,Restricted Area,Center(C),Less Than 8 ft.,1,6,19,1,1,20251103,POR,LAL,3050,0,203935|1629028|1629060|1631222|1642261,1,REG,2026,1610612747,,,,,
2250016364,,Shot Chart Detail,22500163,64,203935,Marcus Smart,1610612747,Los Angeles Lakers,1,6,22,Missed Shot,Turnaround Fadeaway shot,2PT Field Goal,Mid-Range,Center(C),16-24 ft.,16,44,156,1,0,20251103,POR,LAL,3380,0,203935|1629028|1629060|1631222|1642261,0,REG,2026,1610612747,,,,,
2250016377,,Shot Chart Detail,22500163,77,1641733,Nick Smith Jr.,1610612747,Los Angeles Lakers,1,5,56,Missed Shot,Fadeaway Jump Shot,2PT Field Goal,In The Paint (Non-RA),Center(C),Less Than 8 ft.,7,0,73,1,0,20251103,POR,LAL,3640,0,1629028|1629060|1631222|1641733|1642355,0,REG,2026,1610612747,,,,,
2250016382,,Shot Chart Detail,22500163,82,1629060,Rui Hachimura,1610612747,Los Angeles Lakers,1,5,38,Made Shot,Turnaround Jump Shot,2PT Field Goal,Mid-Range,Right Side Center(RC),16-24 ft.,22,118,192,1,1,20251103,POR,LAL,3820,0,1629028|1629060|1631222|1641733|1642355,0,REG,2026,1610612747,,,,,
2250016395,,Shot Chart Detail,22500163,95,1631222,Jake LaRavia,1610612747,Los Angeles Lakers,1,4,31,Missed Shot,Pullup Jump shot,3PT Field Goal,Above the Break 3,Right Side Center(RC),24+ ft.,25,205,148,1,0,20251103,POR,LAL,4490,0,1629020|1629028|1631222|1641733|1642355,0,REG,2026,1610612747,,,,,
2250016397,,Shot Chart Detail,22500163,97,1629028,Deandre Ayton,1610612747,Los Angeles Lakers,1,4,27,Made Shot,Tip Dunk Shot,2PT Field Goal,Restricted Area,Center(C),Less Than 8 ft.,0,0,0,1,1,20251103,POR,LAL,4530,0,1629020|1629028|1631222|1641733|1642355,0,REG,2026,1610612747,,,,,
22500163105,,Shot Chart Detail,22500163,105,1631222,Jake LaRavia,1610612747,Los Angeles Lakers,1,3,39,Made Shot,Turnaround Fadeaway shot,2PT Field Goal,In The Paint (Non-RA),Center(C),8-16 ft.,13,-10,137,1,1,20251103,POR,LAL,5010,0,1629020|1629637|1631222|1641733|1642355,0,REG,2026,1610612747,,,,,
22500163108,,Shot Chart Detail,22500163,108,1631222,Jake LaRavia,1610612747,Los Angeles Lakers,1,3,16,Missed Shot,Driving Floating Bank Jump Shot,2PT Field Goal,In The Paint (Non-RA),Center(C),8-16 ft.,8,-2,85,1,0,20251103,POR,LAL,5240,0,1629020|1629637|1631222|1641733|1642355,0,REG,2026,1610612747,,,,,
22500163129,,Shot Chart Detail,22500163,129,1642261,Dalton Knecht,1610612747,Los Angeles Lakers,1,2,28,Made Shot,Pullup Jump shot,2PT Field Goal,Mid-Range,Right Side Center(RC),16-24 ft.,16,80,146,1,1,20251103,POR,LAL,5720,0,203935|1629020|1629637|1641733|1642261,1,REG,2026,1610612747,,,,,
22500163143,,Shot Chart Detail,22500163,143,1629637,Jaxson Hayes,1610612747,Los Angeles Lakers,1,1,39,Missed Shot,Alley Oop Dunk Shot,2PT Field Goal,Restricted Area,Center(C),Less Than 8 ft.,1,-12,8,1,0,20251103,POR,LAL,6210,0,203935|1629060|1629637|1641733|1642261,0,REG,2026,1610612747,,,,,
22500163147,,Shot Chart Detail,22500163,147,1629060,Rui Hachimura,1610612747,Los Angeles Lakers,1,1,21,Missed Shot,Layup Shot,2PT Field Goal,In The Paint (Non-RA),Center(C),Less Than 8 ft.,4,38,19,1,0,20251103,POR,LAL,6390,0,203935|1629060|1629637|1641733|1642261,0,REG,2026,1610612747,,,,,
22500163160,,Shot Chart Detail,22500163,160,203935,Marcus Smart,1610612747,Los Angeles Lakers,1,0,52,Missed Shot,Step Back Jump shot,3PT Field Goal,Above the Break 3,Center(C),24+ ft.,26,-47,262,1,0,20251103,POR,LAL,6680,0,203935|1629060|1629637|1642261|1642355,0,REG,2026,1610612747,,,,,
22500163165,,Shot Chart Detail,22500163,165,203935,Marcus Smart,1610612747,Los Angeles Lakers,1,0,27,Missed Shot,Pullup Jump shot,3PT Field Goal,Above the Break 3,Left Side Center(LC),24+ ft.,25,-130,219,1,0,20251103,POR,LAL,6930,0,203935|1629060|1629637|1642261|1642355,0,REG,2026,1610612747,,,,,
22500163172,,Shot Chart Detail,22500163,172,1642261,Dalton Knecht,1610612747,Los Angeles Lakers,1,0,0,Made Shot,Tip Layup Shot,2PT Field Goal,Restricted Area,Center(C),Less Than 8 ft.,0,0,0,1,1,20251103,POR,LAL,7200,0,203935|1629060|1629637|1642261|1642355,0,REG,2026,1610612747,,,,,
22500163170,,Shot Chart Detail,22500163,170,1629060,Rui Hachimura,1610612747,Los Angeles Lakers,1,0,0,Missed Shot,Driving Layup Shot,2PT Field Goal,Restricted Area,Center(C),Less Than 8 ft.,2,25,5,1,0,20251103,POR,LAL,7200,0,203935|1629060|1629637|1642261|1642355,0,REG,2026,1610612747,,,,,
22500163182,,Shot Chart Detail,22500163,182,1629060,Rui Hachimura,1610612747,Los Angeles Lakers,2,11,12,Made Shot,Jump Shot,3PT Field Goal,Right Corner 3,Right Side(R),24+ ft.,23,230,27,1,1,20251103,POR,LAL,7680,0,203935|1629060|1629637|1642261|1642355,1,REG,2026,1610612747,,,,,
22500163194,,Shot Chart Detail,22500163,194,203935,Marcus Smart,1610612747,Los Angeles Lakers,2,10,14,Missed Shot,Jump Shot,3PT Field Goal,Above the Break 3,Right Side Center(RC),24+ ft.,26,178,197,1,0,20251103,POR,LAL,8260,0,203935|1629060|1629637|1642261|1642355,0,REG,2026,1610612747,,,,,
22500163208,,Shot Chart Detail,22500163,208,1629060,Rui Hachimura,1610612747,Los Angeles Lakers,2,9,37,Missed Shot,Jump Shot,3PT Field Goal,Above the Break 3,Left Side Center(LC),24+ ft.,24,-225,100,1,0,20251103,POR,LAL,8630,0,1629020|1629028|1629060|1642261|1642355,0,REG,2026,1610612747,,,,,
22500163223,,Shot Chart Detail,22500163,223,1629028,Deandre Ayton,1610612747,Los Angeles Lakers,2,8,19,Missed Shot,Hook Shot,2PT Field Goal,Restricted Area,Center(C),Less Than 8 ft.,1,-18,8,1,0,20251103,POR,LAL,9410,0,1629020|1629028|1629060|1642261|1642355,0,REG,2026,1610612747,,,,,
22500163226,,Shot Chart Detail,22500163,226,1629060,Rui Hachimura,1610612747,Los Angeles Lakers,2,8,13,Made Shot,Turnaround Fadeaway shot,2PT Field Goal,In The Paint (Non-RA),Center(C),Less Than 8 ft.,5,4,51,1,1,20251103,POR,LAL,9470,0,1629020|1629028|1629060|1642261|1642355,1,REG,2026,1610612747,,,,,
22500163235,,Shot Chart Detail,22500163,235,1629028,Deandre Ayton,1610612747,Los Angeles Lakers,2,7,45,Made Shot,Turnaround Hook Shot,2PT Field Goal,Restricted Area,Center(C),Less Than 8 ft.,3,-21,29,1,1,20251103,POR,LAL,9750,0,1629020|1629028|1629060|1641733|1642355,0,REG,2026,1610612747,,,,,
22500163239,,Shot Chart Detail,22500163,239,1629060,Rui Hachimura,1610612747,Los Angeles Lakers,2,7,7,Made Shot,Jump Shot,3PT Field Goal,Left Corner 3,Left Side(L),24+ ft.,24,-230,80,1,1,20251103,POR,LAL,10130,0,1629020|1629028|1629060|1641733|1642355,1,REG,2026,1610612747,,,,,
22500163264,,Shot Chart Detail,22500163,264,1629028,Deandre Ayton,1610612747,Los Angeles Lakers,2,5,43,Made Shot,Dunk Shot,2PT Field Goal,Restricted Area,Center(C),Less Than 8 ft.,2,2,24,1,1,20251103,POR,LAL,10970,0,1629020|1629028|1629060|1631222|1641733,1,REG,2026,1610612747,,,,,
22500163268,,Shot Chart Detail,22500163,268,1629060,Rui Hachimura,1610612747,Los Angeles Lakers,2,5,10,Made Shot,Step Back Jump shot,2PT Field Goal,Mid-Range,Right Side Center(RC),16-24 ft.,19,121,158,1,1,20251103,POR,LAL,11300,0,1629020|1629028|1629060|1631222|1641733,1,REG,2026,1610612747,,,,,
22500163274,,Shot Chart Detail,22500163,274,1641733,Nick Smith Jr.,1610612747,Los Angeles Lakers,2,4,33,Made Shot,Driving Layup Shot,2PT Field Goal,Restricted Area,Center(C),Less Than 8 ft.,1,13,11,1,1,20251103,POR,LAL,11670,0,1629020|1629028|1629060|1631222|1641733,0,REG,2026,1610612747,,,,,
22500163277,,Shot Chart Detail,22500163,277,1641733,Nick Smith Jr.,1610612747,Los Angeles Lakers,2,4,1,Made Shot,Pullup Jump shot,3PT Field Goal,Above the Break 3,Left Side Center(LC),24+ ft.,25,-157,201,1,1,20251103,POR,LAL,11990,0,1629020|1629028|1629060|1631222|1641733,1,REG,2026,1610612747,,,,,
22500163284,,Shot Chart Detail,22500163,284,1641733,Nick Smith Jr.,1610612747,Los Angeles Lakers,2,3,37,Made Shot,Pullup Jump shot,3PT Field Goal,Above the Break 3,Right Side Center(RC),24+ ft.,25,148,204,1,1,20251103,POR,LAL,12230,0,203935|1629020|1629028|1631222|1641733,0,REG,2026,1610612747,,,,,
22500163288,,Shot Chart Detail,22500163,288,1629028,Deandre Ayton,1610612747,Los Angeles Lakers,2,3,14,Missed Shot,Jump Shot,2PT Field Goal,Mid-Range,Center(C),16-24 ft.,18,45,179,1,0,20251103,POR,LAL,12460,0,203935|1629020|1629028|1631222|1641733,0,REG,2026,1610612747,,,,,
22500163320,,Shot Chart Detail,22500163,320,1642261,Dalton Knecht,1610612747,Los Angeles Lakers,2,1,31,Made Shot,Pullup Jump shot,2PT Field Goal,In The Paint (Non-RA),Center(C),8-16 ft.,14,56,129,1,1,20251103,POR,LAL,13490,0,203935|1629028|1629060|1631222|1642261,0,REG,2026,1610612747,,,,,
22500163330,,Shot Chart Detail,22500163,330,1642261,Dalton Knecht,1610612747,Los Angeles Lakers,2,0,52,Missed Shot,Jump Shot,3PT Field Goal,Above the Break 3,Right Side Center(RC),24+ ft.,27,114,252,1,0,20251103,POR,LAL,13880,0,203935|1629028|1629060|1631222|1642261,0,REG,2026,1610612747,,,,,
22500163337,,Shot Chart Detail,22500163,337,1629060,Rui Hachimura,1610612747,Los Angeles Lakers,2,0,3,Missed Shot,Pullup Jump shot,2PT Field Goal,Mid-Range,Right Side Center(RC),16-24 ft.,20,81,185,1,0,20251103,POR,LAL,14370,0,203935|1629028|1629060|1631222|1642261,0,REG,2026,1610612747,,,,,
22500163346,,Shot Chart Detail,22500163,346,1629028,Deandre Ayton,1610612747,Los Angeles Lakers,3,11,28,Missed Shot,Hook Shot,2PT Field Goal,In The Paint (Non-RA),Center(C),Less Than 8 ft.,6,-47,44,1,0,20251103,POR,LAL,14720,0,203935|1629028|1629060|1631222|1642261,0,REG,2026,1610612747,,,,,
22500163352,,Shot Chart Detail,22500163,352,1629028,Deandre Ayton,1610612747,Los Angeles Lakers,3,10,55,Missed Shot,Turnaround Hook Shot,2PT Field Goal,In The Paint (Non-RA),Center(C),Less Than 8 ft.,4,-25,39,1,0,20251103,POR,LAL,15050,0,203935|1629028|1629060|1631222|1642261,0,REG,2026,1610612747,,,,,
22500163373,,Shot Chart Detail,22500163,373,1631222,Jake LaRavia,1610612747,Los Angeles Lakers,3,10,11,Missed Shot,Running Jump Shot,3PT Field Goal,Above the Break 3,Left Side Center(LC),24+ ft.,26,-150,214,1,0,20251103,POR,LAL,15490,0,203935|1629028|1629060|1631222|1642261,0,REG,2026,1610612747,,,,,
22500163385,,Shot Chart Detail,22500163,385,1642261,Dalton Knecht,1610612747,Los Angeles Lakers,3,9,19,Missed Shot,Jump Shot,3PT Field Goal,Above the Break 3,Right Side Center(RC),24+ ft.,25,202,153,1,0,20251103,POR,LAL,16010,0,203935|1629028|1629060|1631222|1642261,0,REG,2026,1610612747,,,,,
22500163387,,Shot Chart Detail,22500163,387,1629028,Deandre Ayton,1610612747,Los Angeles Lakers,3,9,13,Made Shot,Driving Hook Shot,2PT Field Goal,In The Paint (Non-RA),Center(C),Less Than 8 ft.,5,-20,48,1,1,20251103,POR,LAL,16070,0,203935|1629028|1629060|1631222|1642261,0,REG,2026,1610612747,,,,,
22500163398,,Shot Chart Detail,22500163,398,1629060,Rui Hachimura,1610612747,Los Angeles Lakers,3,8,45,Missed Shot,Jump Shot,3PT Field Goal,Left Corner 3,Left Side(L),24+ ft.,23,-233,27,1,0,20251103,POR,LAL,16350,0,203935|1629028|1629060|1631222|1642261,0,REG,2026,1610612747,,,,,
22500163400,,Shot Chart Detail,22500163,400,1629028,Deandre Ayton,1610612747,Los Angeles Lakers,3,8,36,Made Shot,Cutting Finger Roll Layup Shot,2PT Field Goal,Restricted Area,Center(C),Less Than 8 ft.,3,-4,37,1,1,20251103,POR,LAL,16440,0,203935|1629028|1629060|1631222|1642261,1,REG,2026,1610612747,,,,,
22500163404,,Shot Chart Detail,22500163,404,1629028,Deandre Ayton,1610612747,Los Angeles Lakers,3,8,13,Made Shot,Turnaround Jump Shot,2PT Field Goal,Mid-Range,Left Side(L),16-24 ft.,18,-179,47,1,1,20251103,POR,LAL,16670,0,203935|1629028|1629060|1631222|1642261,1,REG,2026,1610612747,,,,,
22500163422,,Shot Chart Detail,22500163,422,203935,Marcus Smart,1610612747,Los Angeles Lakers,3,7,19,Missed Shot,Driving Layup Shot,2PT Field Goal,Restricted Area,Center(C),Less Than 8 ft.,2,12,26,1,0,20251103,POR,LAL,17210,0,203935|1629028|1629060|1631222|1641733,0,REG,2026,1610612747,,,,,
22500163424,,Shot Chart Detail,22500163,424,1629028,Deandre Ayton,1610612747,Los Angeles Lakers,3,7,17,Made Shot,Tip Layup Shot,2PT Field Goal,Restricted Area,Center(C),Less Than 8 ft.,0,0,0,1,1,20251103,POR,LAL,17230,0,203935|1629028|1629060|1631222|1641733,0,REG,2026,1610612747,,,,,
22500163428,,Shot Chart Detail,22500163,428,1629060,Rui Hachimura,1610612747,Los Angeles Lakers,3,7,8,Made Shot,Running Alley Oop Layup Shot,2PT Field Goal,Restricted Area,Center(C),Less Than 8 ft.,1,4,17,1,1,20251103,POR,LAL,17320,0,203935|1629028|1629060|1631222|1641733,1,REG,2026,1610612747,,,,,
22500163432,,Shot Chart Detail,22500163,432,203935,Marcus Smart,1610612747,Los Angeles Lakers,3,6,43,Made Shot,Running Layup Shot,2PT Field Goal,Restricted Area,Center(C),Less Than 8 ft.,0,4,6,1,1,20251103,POR,LAL,17570,0,203935|1629028|1629060|1631222|1641733,1,REG,2026,1610612747,,,,,
22500163448,,Shot Chart Detail,22500163,448,1631222,Jake LaRavia,1610612747,Los Angeles Lakers,3,6,16,Made Shot,Cutting Dunk Shot,2PT Field Goal,Restricted Area,Center(C),Less Than 8 ft.,1,-11,10,1,1,20251103,POR,LAL,17840,0,203935|1629060|1629637|1631222|1641733,1,REG,2026,1610612747,,,,,
22500163451,,Shot Chart Detail,22500163,451,203935,Marcus Smart,1610612747,Los Angeles Lakers,3,5,44,Made Shot,Pullup Jump shot,3PT Field Goal,Above the Break 3,Right Side Center(RC),24+ ft.,25,197,162,1,1,20251103,POR,LAL,18160,0,203935|1629060|1629637|1631222|1641733,1,REG,2026,1610612747,,,,,
22500163456,,Shot Chart Detail,22500163,456,1631222,Jake LaRavia,1610612747,Los Angeles Lakers,3,5,11,Missed Shot,Driving Reverse Layup Shot,2PT Field Goal,Restricted Area,Center(C),Less Than 8 ft.,1,17,8,1,0,20251103,POR,LAL,18490,0,203935|1629060|1629637|1631222|1641733,0,REG,2026,1610612747,,,,,
22500163458,,Shot Chart Detail,22500163,458,1629637,Jaxson Hayes,1610612747,Los Angeles Lakers,3,5,8,Made Shot,Tip Layup Shot,2PT Field Goal,Restricted Area,Center(C),Less Than 8 ft.,0,0,0,1,1,20251103,POR,LAL,18520,0,203935|1629060|1629637|1631222|1641733,0,REG,2026,1610612747,,,,,
22500163472,,Shot Chart Detail,22500163,472,1641733,Nick Smith Jr.,1610612747,Los Angeles Lakers,3,4,17,Made Shot,Pullup Jump shot,2PT Field Goal,Mid-Range,Center(C),16-24 ft.,20,-26,202,1,1,20251103,POR,LAL,19030,0,1629020|1629637|1631222|1641733|1642355,0,REG,2026,1610612747,,,,,
22500163482,,Shot Chart Detail,22500163,482,1642355,Bronny James,1610612747,Los Angeles Lakers,3,3,40,Missed Shot,Jump Shot,3PT Field Goal,Left Corner 3,Left Side(L),24+ ft.,23,-228,57,1,0,20251103,POR,LAL,19400,0,1629020|1629637|1631222|1641733|1642355,0,REG,2026,1610612747,,,,,
22500163487,,Shot Chart Detail,22500163,487,1629020,Jarred Vanderbilt,1610612747,Los Angeles Lakers,3,3,19,Made Shot,Running Dunk Shot,2PT Field Goal,Restricted Area,Center(C),Less Than 8 ft.,0,-9,2,1,1,20251103,POR,LAL,19610,0,1629020|1629637|1631222|1641733|1642355,1,REG,2026,1610612747,,,,,
22500163494,,Shot Chart Detail,22500163,494,1641733,Nick Smith Jr.,1610612747,Los Angeles Lakers,3,2,59,Made Shot,Pullup Jump shot,3PT Field Goal,Above the Break 3,Left Side Center(LC),24+ ft.,26,-129,228,1,1,20251103,POR,LAL,19810,0,1629020|1629637|1631222|1641733|1642355,0,REG,2026,1610612747,,,,,
22500163497,,Shot Chart Detail,22500163,497,1629637,Jaxson Hayes,1610612747,Los Angeles Lakers,3,2,27,Made Shot,Cutting Dunk Shot,2PT Field Goal,Restricted Area,Center(C),Less Than 8 ft.,1,-16,11,1,1,20251103,POR,LAL,20130,0,1629020|1629637|1631222|1641733|1642355,1,REG,2026,1610612747,,,,,
22500163508,,Shot Chart Detail,22500163,508,1641733,Nick Smith Jr.,1610612747,Los Angeles Lakers,3,1,55,Made Shot,Fadeaway Jump Shot,2PT Field Goal,In The Paint (Non-RA),Left Side(L),8-16 ft.,11,-75,90,1,1,20251103,POR,LAL,20450,0,1629020|1629637|1631222|1641733|1642355,0,REG,2026,1610612747,,,,,
22500163511,,Shot Chart Detail,22500163,511,1641733,Nick Smith Jr.,1610612747,Los Angeles Lakers,3,1,29,Missed Shot,Pullup Jump shot,3PT Field Goal,Above the Break 3,Center(C),24+ ft.,31,78,302,1,0,20251103,POR,LAL,20710,0,1629020|1629637|1631222|1641733|1642355,0,REG,2026,1610612747,,,,,
22500163515,,Shot Chart Detail,22500163,515,1631222,Jake LaRavia,1610612747,Los Angeles Lakers,3,0,58,Made Shot,Driving Floating Jump Shot,2PT Field Goal,In The Paint (Non-RA),Center(C),Less Than 8 ft.,5,-6,54,1,1,20251103,POR,LAL,21020,0,1629020|1629637|1631222|1641733|1642355,1,REG,2026,1610612747,,,,,
22500163519,,Shot Chart Detail,22500163,519,1631222,Jake LaRavia,1610612747,Los Angeles Lakers,3,0,36,Made Shot,Driving Layup Shot,2PT Field Goal,Restricted Area,Center(C),Less Than 8 ft.,2,28,8,1,1,20251103,POR,LAL,21240,0,1629020|1629637|1631222|1641733|1642355,0,REG,2026,1610612747,,,,,
22500163521,,Shot Chart Detail,22500163,521,1641733,Nick Smith Jr.,1610612747,Los Angeles Lakers,3,0,2,Missed Shot,Fadeaway Jump Shot,2PT Field Goal,Mid-Range,Center(C),16-24 ft.,18,-1,185,1,0,20251103,POR,LAL,21580,0,1629020|1629637|1631222|1641733|1642355,0,REG,2026,1610612747,,,,,
22500163533,,Shot Chart Detail,22500163,533,1642355,Bronny James,1610612747,Los Angeles Lakers,4,11,37,Missed Shot,Driving Layup Shot,2PT Field Goal,In The Paint (Non-RA),Center(C),Less Than 8 ft.,4,-38,22,1,0,20251103,POR,LAL,21830,0,203935|1629020|1629028|1642261|1642355,0,REG,2026,1610612747,,,,,
22500163537,,Shot Chart Detail,22500163,537,1642355,Bronny James,1610612747,Los Angeles Lakers,4,10,57,Made Shot,Jump Shot,3PT Field Goal,Above the Break 3,Right Side Center(RC),24+ ft.,25,208,147,1,1,20251103,POR,LAL,22230,0,203935|1629020|1629028|1642261|1642355,1,REG,2026,1610612747,,,,,
22500163556,,Shot Chart Detail,22500163,556,1642261,Dalton Knecht,1610612747,Los Angeles Lakers,4,10,7,Missed Shot,Step Back Jump shot,3PT Field Goal,Above the Break 3,Left Side Center(LC),24+ ft.,26,-164,206,1,0,20251103,POR,LAL,22730,0,203935|1629020|1629060|1642261|1642355,0,REG,2026,1610612747,,,,,
22500163582,,Shot Chart Detail,22500163,582,1641733,Nick Smith Jr.,1610612747,Los Angeles Lakers,4,8,50,Made Shot,Pullup Jump shot,2PT Field Goal,Mid-Range,Left Side Center(LC),16-24 ft.,19,-89,168,1,1,20251103,POR,LAL,23500,0,203935|1629020|1629060|1631222|1641733,0,REG,2026,1610612747,,,,,
22500163584,,Shot Chart Detail,22500163,584,203935,Marcus Smart,1610612747,Los Angeles Lakers,4,8,30,Missed Shot,Pullup Jump shot,3PT Field Goal,Above the Break 3,Left Side Center(LC),24+ ft.,25,-142,216,1,0,20251103,POR,LAL,23700,0,203935|1629020|1629060|1631222|1641733,0,REG,2026,1610612747,,,,,
22500163588,,Shot Chart Detail,22500163,588,1641733,Nick Smith Jr.,1610612747,Los Angeles Lakers,4,7,54,Made Shot,Driving Floating Jump Shot,2PT Field Goal,In The Paint (Non-RA),Center(C),Less Than 8 ft.,4,-11,42,1,1,20251103,POR,LAL,24060,0,203935|1629020|1629060|1631222|1641733,0,REG,2026,1610612747,,,,,
22500163600,,Shot Chart Detail,22500163,600,1629060,Rui Hachimura,1610612747,Los Angeles Lakers,4,7,1,Made Shot,Pullup Jump shot,2PT Field Goal,Mid-Range,Center(C),8-16 ft.,14,-48,139,1,1,20251103,POR,LAL,24590,0,203935|1629020|1629060|1631222|1641733,1,REG,2026,1610612747,,,,,
22500163612,,Shot Chart Detail,22500163,612,1641733,Nick Smith Jr.,1610612747,Los Angeles Lakers,4,6,21,Missed Shot,Pullup Jump shot,2PT Field Goal,In The Paint (Non-RA),Center(C),8-16 ft.,13,64,123,1,0,20251103,POR,LAL,24990,0,1629020|1629060|1631222|1641733|1642355,0,REG,2026,1610612747,,,,,
22500163630,,Shot Chart Detail,22500163,630,1629028,Deandre Ayton,1610612747,Los Angeles Lakers,4,5,16,Made Shot,Floating Jump shot,2PT Field Goal,Restricted Area,Center(C),Less Than 8 ft.,2,-9,20,1,1,20251103,POR,LAL,25640,0,1629028|1629060|1631222|1641733|1642355,1,REG,2026,1610612747,,,,,
22500163634,,Shot Chart Detail,22500163,634,1641733,Nick Smith Jr.,1610612747,Los Angeles Lakers,4,4,35,Missed Shot,Turnaround Fadeaway shot,2PT Field Goal,Mid-Range,Right Side(R),8-16 ft.,11,114,26,1,0,20251103,POR,LAL,26050,0,1629028|1629060|1631222|1641733|1642355,0,REG,2026,1610612747,,,,,
22500163645,,Shot Chart Detail,22500163,645,1642355,Bronny James,1610612747,Los Angeles Lakers,4,4,2,Missed Shot,Pullup Jump shot,2PT Field Goal,In The Paint (Non-RA),Center(C),Less Than 8 ft.,7,62,34,1,0,20251103,POR,LAL,26380,0,203935|1629028|1629060|1631222|1642355,0,REG,2026,1610612747,,,,,
22500163647,,Shot Chart Detail,22500163,647,1629028,Deandre Ayton,1610612747,Los Angeles Lakers,4,4,0,Made Shot,Putback Layup Shot,2PT Field Goal,Restricted Area,Center(C),Less Than 8 ft.,2,-11,22,1,1,20251103,POR,LAL,26400,0,203935|1629028|1629060|1631222|1642355,0,REG,2026,1610612747,,,,,
22500163655,,Shot Chart Detail,22500163,655,1631222,Jake LaRavia,1610612747,Los Angeles Lakers,4,3,22,Made Shot,Turnaround Bank Hook Shot,2PT Field Goal,Restricted Area,Center(C),Less Than 8 ft.,3,27,21,1,1,20251103,POR,LAL,26780,0,203935|1629028|1629060|1631222|1641733,0,REG,2026,1610612747,,,,,
22500163658,,Shot Chart Detail,22500163,658,1641733,Nick Smith Jr.,1610612747,Los Angeles Lakers,4,2,53,Made Shot,Jump Shot,3PT Field Goal,Above the Break 3,Left Side Center(LC),24+ ft.,28,-136,251,1,1,20251103,POR,LAL,27070,0,203935|1629028|1629060|1631222|1641733,1,REG,2026,1610612747,,,,,
22500163663,,Shot Chart Detail,22500163,663,1641733,Nick Smith Jr.,1610612747,Los Angeles Lakers,4,2,27,Made Shot,Jump Shot,3PT Field Goal,Above the Break 3,Center(C),24+ ft.,28,59,279,1,1,20251103,POR,LAL,27330,0,203935|1629028|1629060|1631222|1641733,1,REG,2026,1610612747,,,,,
22500163668,,Shot Chart Detail,22500163,668,1629028,Deandre Ayton,1610612747,Los Angeles Lakers,4,2,8,Made Shot,Cutting Layup Shot,2PT Field Goal,Restricted Area,Center(C),Less Than 8 ft.,1,-1,16,1,1,20251103,POR,LAL,27520,0,203935|1629028|1629060|1631222|1641733,1,REG,2026,1610612747,,,,,
22500163678,,Shot Chart Detail,22500163,678,1629060,Rui Hachimura,1610612747,Los Angeles Lakers,4,1,12,Made Shot,Pullup Jump shot,2PT Field Goal,Mid-Range,Left Side(L),8-16 ft.,14,-142,-18,1,1,20251103,POR,LAL,28080,0,203935|1629028|1629060|1631222|1641733,1,REG,2026,1610612747,,,,,
22500163681,,Shot Chart Detail,22500163,681,1629028,Deandre Ayton,1610612747,Los Angeles Lakers,4,0,51,Made Shot,Alley Oop Dunk Shot,2PT Field Goal,Restricted Area,Center(C),Less Than 8 ft.,0,-6,-4,1,1,20251103,POR,LAL,28290,0,203935|1629028|1629060|1631222|1641733,1,REG,2026,1610612747,,,,,
225001799,,Shot Chart Detail,22500179,9,1629029,Luka Dončić,1610612747,Los Angeles Lakers,1,11,26,Missed Shot,Step Back Jump shot,2PT Field Goal,In The Paint (Non-RA),Center(C),8-16 ft.,12,-45,113,1,0,20251105,LAL,SAS,340,0,203935|1629028|1629029|1629060|1631222,0,REG,2026,1610612747,,,,,
2250017914,,Shot Chart Detail,22500179,14,1629060,Rui Hachimura,1610612747,Los Angeles Lakers,1,10,56,Missed Shot,Jump Shot,3PT Field Goal,Above the Break 3,Left Side Center(LC),24+ ft.,25,-153,206,1,0,20251105,LAL,SAS,640,0,203935|1629028|1629029|1629060|1631222,0,REG,2026,1610612747,,,,,
2250017918,,Shot Chart Detail,22500179,18,1629029,Luka Dončić,1610612747,Los Angeles Lakers,1,10,23,Missed Shot,Step Back Jump shot,3PT Field Goal,Above the Break 3,Left Side Center(LC),24+ ft.,27,-158,231,1,0,20251105,LAL,SAS,970,0,203935|1629028|1629029|1629060|1631222,0,REG,2026,1610612747,,,,,
2250017920,,Shot Chart Detail,22500179,20,1629029,Luka Dončić,1610612747,Los Angeles Lakers,1,10,15,Made Shot,Jump Shot,3PT Field Goal,Above the Break 3,Left Side Center(LC),24+ ft.,26,-152,213,1,1,20251105,LAL,SAS,1050,0,203935|1629028|1629029|1629060|1631222,1,REG,2026,1610612747,,,,,
2250017924,,Shot Chart Detail,22500179,24,1629028,Deandre Ayton,1610612747,Los Angeles Lakers,1,9,57,Missed Shot,Jump Shot,2PT Field Goal,Mid-Range,Right Side Center(RC),16-24 ft.,18,93,164,1,0,20251105,LAL,SAS,1230,0,203935|1629028|1629029|1629060|1631222,0,REG,2026,1610612747,,,,,
2250017930,,Shot Chart Detail,22500179,30,203935,Marcus Smart,1610612747,Los Angeles Lakers,1,9,20,Missed Shot,Jump Shot,3PT Field Goal,Right Corner 3,Right Side(R),24+ ft.,24,232,87,1,0,20251105,LAL,SAS,1600,0,203935|1629028|1629029|1629060|1631222,0,REG,2026,1610612747,,,,,
2250017932,,Shot Chart Detail,22500179,32,1629029,Luka Dončić,1610612747,Los Angeles Lakers,1,9,5,Missed Shot,Jump Shot,3PT Field Goal,Above the Break 3,Right Side Center(RC),24+ ft.,27,176,206,1,0,20251105,LAL,SAS,1750,0,203935|1629028|1629029|1629060|1631222,0,REG,2026,1610612747,,,,,
2250017945,,Shot Chart Detail,22500179,45,1629028,Deandre Ayton,1610612747,Los Angeles Lakers,1,8,21,Made Shot,Alley Oop Layup shot,2PT Field Goal,Restricted Area,Center(C),Less Than 8 ft.,1,-2,16,1,1,20251105,LAL,SAS,2190,0,203935|1629028|1629029|1629060|1631222,1,REG,2026,1610612747,,,,,
2250017955,,Shot Chart Detail,22500179,55,1629028,Deandre Ayton,1610612747,Los Angeles Lakers,1,7,40,Missed Shot,Turnaround Hook Shot,2PT Field Goal,Restricted Area,Center(C),Less Than 8 ft.,2,-12,19,1,0,20251105,LAL,SAS,2600,0,203935|1629028|1629029|1629060|1631222,0,REG,2026,1610612747,,,,,
2250017965,,Shot Chart Detail,22500179,65,1629029,Luka Dončić,1610612747,Los Angeles Lakers,1,7,13,Made Shot,Pullup Jump shot,2PT Field Goal,Mid-Range,Center(C),16-24 ft.,19,25,189,1,1,20251105,LAL,SAS,2870,0,203935|1629028|1629029|1629060|1631222,0,REG,2026,1610612747,,,,,
2250017968,,Shot Chart Detail,22500179,68,203935,Marcus Smart,1610612747,Los Angeles Lakers,1,6,52,Missed Shot,Jump Shot,3PT Field Goal,Above the Break 3,Right Side Center(RC),24+ ft.,27,113,248,1,0,20251105,LAL,SAS,3080,0,203935|1629028|1629029|1629060|1631222,0,REG,2026,1610612747,,,,,
2250017972,,Shot Chart Detail,22500179,72,1629029,Luka Dončić,1610612747,Los Angeles Lakers,1,6,16,Missed Shot,Jump Shot,3PT Field Goal,Above the Break 3,Left Side Center(LC),24+ ft.,26,-137,222,1,0,20251105,LAL,SAS,3440,0,203935|1629028|1629029|1629060|1631222,0,REG,2026,1610612747,,,,,
2250017985,,Shot Chart Detail,22500179,85,1629029,Luka Dončić,1610612747,Los Angeles Lakers,1,5,40,Missed Shot,Pullup Jump shot,2PT Field Goal,In The Paint (Non-RA),Center(C),Less Than 8 ft.,4,-21,42,1,0,20251105,LAL,SAS,3800,0,1629020|1629028|1629029|1631222|1642261,0,REG,2026,1610612747,,,,,
2250017989,,Shot Chart Detail,22500179,89,1642261,Dalton Knecht,1610612747,Los Angeles Lakers,1,5,18,Missed Shot,Pullup Jump shot,3PT Field Goal,Above the Break 3,Center(C),24+ ft.,26,16,262,1,0,20251105,LAL,SAS,4020,0,1629020|1629028|1629029|1631222|1642261,0,REG,2026,1610612747,,,,,
22500179108,,Shot Chart Detail,22500179,108,1629637,Jaxson Hayes,1610612747,Los Angeles Lakers,1,4,7,Made Shot,Alley Oop Dunk Shot,2PT Field Goal,Restricted Area,Center(C),Less Than 8 ft.,1,-13,9,1,1,20251105,LAL,SAS,4730,0,1629020|1629029|1629637|1631222|1642261,1,REG,2026,1610612747,,,,,
22500179119,,Shot Chart Detail,22500179,119,1629020,Jarred Vanderbilt,1610612747,Los Angeles Lakers,1,3,45,Made Shot,Driving Layup Shot,2PT Field Goal,Restricted Area,Center(C),Less Than 8 ft.,2,15,24,1,1,20251105,LAL,SAS,4950,0,1629020|1629029|1629637|1641733|1642261,0,REG,2026,1610612747,,,,,
22500179129,,Shot Chart Detail,22500179,129,1629029,Luka Dončić,1610612747,Los Angeles Lakers,1,2,44,Missed Shot,Step Back Jump shot,2PT Field Goal,Mid-Range,Left Side Center(LC),16-24 ft.,22,-109,194,1,0,20251105,LAL,SAS,5560,0,1629020|1629029|1629637|1641733|1642261,0,REG,2026,1610612747,,,,,
22500179131,,Shot Chart Detail,22500179,131,1641733,Nick Smith Jr.,1610612747,Los Angeles Lakers,1,2,33,Made Shot,Fadeaway Jump Shot,2PT Field Goal,In The Paint (Non-RA),Center(C),8-16 ft.,10,-54,95,1,1,20251105,LAL,SAS,5670,0,1629020|1629029|1629637|1641733|1642261,0,REG,2026,1610612747,,,,,
22500179139,,Shot Chart Detail,22500179,139,1629029,Luka Dončić,1610612747,Los Angeles Lakers,1,1,49,Made Shot,Driving Floating Jump Shot,2PT Field Goal,Mid-Range,Left Side(L),8-16 ft.,14,-116,87,1,1,20251105,LAL,SAS,6110,0,1629020|1629029|1629637|1641733|1642261,0,REG,2026,1610612747,,,,,
22500179142,,Shot Chart Detail,22500179,142,1629029,Luka Dončić,1610612747,Los Angeles Lakers,1,1,29,Missed Shot,Driving Floating Jump Shot,2PT Field Goal,Mid-Range,Center(C),16-24 ft.,16,1,164,1,0,20251105,LAL,SAS,6310,0,1629020|1629029|1629637|1641733|1642261,0,REG,2026,1610612747,,,,,
22500179144,,Shot Chart Detail,22500179,144,1629029,Luka Dončić,1610612747,Los Angeles Lakers,1,1,25,Made Shot,Floating Jump shot,2PT Field Goal,In The Paint (Non-RA),Right Side(R),8-16 ft.,8,66,50,1,1,20251105,LAL,SAS,6350,0,1629020|1629029|1629637|1641733|1642261,0,REG,2026,1610612747,,,,,
22500179161,,Shot Chart Detail,22500179,161,1642261,Dalton Knecht,1610612747,Los Angeles Lakers,1,0,18,Made Shot,Jump Shot,3PT Field Goal,Right Corner 3,Right Side(R),24+ ft.,23,232,21,1,1,20251105,LAL,SAS,7020,0,1629020|1629029|1629637|1641733|1642261,1,REG,2026,1610612747,,,,,
22500179179,,Shot Chart Detail,22500179,179,1642261,Dalton Knecht,1610612747,Los Angeles Lakers,2,11,34,Missed Shot,Driving Floating Jump Shot,2PT Field Goal,In The Paint (Non-RA),Center(C),8-16 ft.,11,-42,103,1,0,20251105,LAL,SAS,7460,0,203935|1629060|1629637|1642261|1642355,0,REG,2026,1610612747,,,,,
22500179183,,Shot Chart Detail,22500179,183,203935,Marcus Smart,1610612747,Los Angeles Lakers,2,10,53,Missed Shot,Driving Floating Bank Jump Shot,2PT Field Goal,In The Paint (Non-RA),Right Side(R),8-16 ft.,9,78,57,1,0,20251105,LAL,SAS,7870,0,203935|1629060|1629637|1642261|1642355,0,REG,2026,1610612747,,,,,
22500179185,,Shot Chart Detail,22500179,185,1629637,Jaxson Hayes,1610612747,Los Angeles Lakers,2,10,51,Missed Shot,Tip Dunk Shot,2PT Field Goal,Restricted Area,Center(C),Less Than 8 ft.,0,0,0,1,0,20251105,LAL,SAS,7890,0,203935|1629060|1629637|1642261|1642355,0,REG,2026,1610612747,,,,,
22500179193,,Shot Chart Detail,22500179,193,1642355,Bronny James,1610612747,Los Angeles Lakers,2,10,24,Made Shot,Pullup Jump shot,2PT Field Goal,In The Paint (Non-RA),Center(C),8-16 ft.,13,-50,126,1,1,20251105,LAL,SAS,8160,0,203935|1629060|1629637|1641733|1642355,1,REG,2026,1610612747,,,,,
22500179199,,Shot Chart Detail,22500179,199,1629060,Rui Hachimura,1610612747,Los Angeles Lakers,2,9,54,Made Shot,Turnaround Fadeaway shot,2PT Field Goal,Mid-Range,Center(C),8-16 ft.,14,11,145,1,1,20251105,LAL,SAS,8460,0,203935|1629060|1629637|1641733|1642355,1,REG,2026,1610612747,,,,,
22500179208,,Shot Chart Detail,22500179,208,1629060,Rui Hachimura,1610612747,Los Angeles Lakers,2,9,17,Made Shot,Step Back Jump shot,2PT Field Goal,Mid-Range,Left Side Center(LC),16-24 ft.,19,-115,163,1,1,20251105,LAL,SAS,8830,0,203935|1629060|1629637|1641733|1642355,1,REG,2026,1610612747,,,,,
22500179224,,Shot Chart Detail,22500179,224,1642355,Bronny James,1610612747,Los Angeles Lakers,2,8,13,Missed Shot,Pullup Jump shot,2PT Field Goal,In The Paint (Non-RA),Center(C),8-16 ft.,12,51,114,1,0,20251105,LAL,SAS,9470,0,203935|1629028|1629060|1641733|1642355,0,REG,2026,1610612747,,,,,
22500179234,,Shot Chart Detail,22500179,234,1629029,Luka Dončić,1610612747,Los Angeles Lakers,2,8,2,Missed Shot,Fadeaway Jump Shot,2PT Field Goal,In The Paint (Non-RA),Right Side(R),8-16 ft.,11,66,90,1,0,20251105,LAL,SAS,9580,0,1629028|1629029|1629060|1631222|1642355,0,REG,2026,1610612747,,,,,
22500179242,,Shot Chart Detail,22500179,242,1629028,Deandre Ayton,1610612747,Los Angeles Lakers,2,7,36,Made Shot,Cutting Layup Shot,2PT Field Goal,In The Paint (Non-RA),Center(C),Less Than 8 ft.,4,9,42,1,1,20251105,LAL,SAS,9840,0,1629028|1629029|1629060|1631222|1642355,1,REG,2026,1610612747,,,,,
22500179248,,Shot Chart Detail,22500179,248,1642355,Bronny James,1610612747,Los Angeles Lakers,2,7,2,Missed Shot,Driving Floating Jump Shot,2PT Field Goal,Mid-Range,Left Side(L),8-16 ft.,9,-96,-6,1,0,20251105,LAL,SAS,10180,0,1629028|1629029|1629060|1631222|1642355,0,REG,2026,1610612747,,,,,
22500179250,,Shot Chart Detail,22500179,250,1629028,Deandre Ayton,1610612747,Los Angeles Lakers,2,6,58,Made Shot,Dunk Shot,2PT Field Goal,Restricted Area,Center(C),Less Than 8 ft.,1,-1,15,1,1,20251105,LAL,SAS,10220,0,1629028|1629029|1629060|1631222|1642355,1,REG,2026,1610612747,,,,,
22500179260,,Shot Chart Detail,22500179,260,1629029,Luka Dončić,1610612747,Los Angeles Lakers,2,6,33,Made Shot,Driving Layup Shot,2PT Field Goal,Restricted Area,Center(C),Less Than 8 ft.,3,-17,32,1,1,20251105,LAL,SAS,10470,0,1629020|1629028|1629029|1629060|1631222,0,REG,2026,1610612747,,,,,
22500179263,,Shot Chart Detail,22500179,263,1629060,Rui Hachimura,1610612747,Los Angeles Lakers,2,6,11,Made Shot,Pullup Jump shot,2PT Field Goal,Mid-Range,Left Side Center(LC),16-24 ft.,17,-100,148,1,1,20251105,LAL,SAS,10690,0,1629020|1629028|1629029|1629060|1631222,1,REG,2026,1610612747,,,,,
22500179272,,Shot Chart Detail,22500179,272,1629020,Jarred Vanderbilt,1610612747,Los Angeles Lakers,2,5,22,Missed Shot,Jump Shot,3PT Field Goal,Right Corner 3,Right Side(R),24+ ft.,24,241,62,1,0,20251105,LAL,SAS,11180,0,1629020|1629028|1629029|1629060|1631222,0,REG,2026,1610612747,,,,,
22500179283,,Shot Chart Detail,22500179,283,1629060,Rui Hachimura,1610612747,Los Angeles Lakers,2,4,59,Made Shot,Jump Shot,3PT Field Goal,Above the Break 3,Right Side Center(RC),24+ ft.,26,146,216,1,1,20251105,LAL,SAS,11410,0,1629020|1629028|1629029|1629060|1631222,1,REG,2026,1610612747,,,,,
22500179288,,Shot Chart Detail,22500179,288,1629028,Deandre Ayton,1610612747,Los Angeles Lakers,2,4,36,Missed Shot,Alley Oop Layup shot,2PT Field Goal,Restricted Area,Center(C),Less Than 8 ft.,3,25,19,1,0,20251105,LAL,SAS,11640,0,1629020|1629028|1629029|1629060|1631222,0,REG,2026,1610612747,,,,,
22500179300,,Shot Chart Detail,22500179,300,1631222,Jake LaRavia,1610612747,Los Angeles Lakers,2,3,21,Missed Shot,Turnaround Fadeaway shot,2PT Field Goal,In The Paint (Non-RA),Center(C),8-16 ft.,14,54,135,1,0,20251105,LAL,SAS,12390,0,1629020|1629028|1629029|1629060|1631222,0,REG,2026,1610612747,,,,,
22500179310,,Shot Chart Detail,22500179,310,1629029,Luka Dončić,1610612747,Los Angeles Lakers,2,3,7,Made Shot,Step Back Jump shot,3PT Field Goal,Above the Break 3,Left Side Center(LC),24+ ft.,27,-181,208,1,1,20251105,LAL,SAS,12530,0,203935|1629020|1629028|1629029|1631222,0,REG,2026,1610612747,,,,,
22500179325,,Shot Chart Detail,22500179,325,1631222,Jake LaRavia,1610612747,Los Angeles Lakers,2,1,57,Missed Shot,Jump Shot,3PT Field Goal,Above the Break 3,Center(C),24+ ft.,26,-43,264,1,0,20251105,LAL,SAS,13230,0,203935|1629020|1629028|1629029|1631222,0,REG,2026,1610612747,,,,,
22500179329,,Shot Chart Detail,22500179,329,1631222,Jake LaRavia,1610612747,Los Angeles Lakers,2,1,20,Made Shot,Driving Layup Shot,2PT Field Goal,Restricted Area,Center(C),Less Than 8 ft.,2,-7,20,1,1,20251105,LAL,SAS,13600,0,203935|1629020|1629028|1629029|1631222,1,REG,2026,1610612747,,,,,
22500179332,,Shot Chart Detail,22500179,332,203935,Marcus Smart,1610612747,Los Angeles Lakers,2,0,51,Missed Shot,Jump Shot,3PT Field Goal,Above the Break 3,Left Side Center(LC),24+ ft.,26,-190,184,1,0,20251105,LAL,SAS,13890,0,203935|1629020|1629028|1629029|1631222,0,REG,2026,1610612747,,,,,
22500179334,,Shot Chart Detail,22500179,334,1629028,Deandre Ayton,1610612747,Los Angeles Lakers,2,0,49,Made Shot,Tip Layup Shot,2PT Field Goal,Restricted Area,Center(C),Less Than 8 ft.,0,0,0,1,1,20251105,LAL,SAS,13910,0,203935|1629020|1629028|1629029|1631222,0,REG,2026,1610612747,,,,,
22500179370,,Shot Chart Detail,22500179,370,1629029,Luka Dončić,1610612747,Los Angeles Lakers,3,11,46,Missed Shot,Step Back Jump shot,3PT Field Goal,Above the Break 3,Right Side Center(RC),24+ ft.,25,116,225,1,0,20251105,LAL,SAS,14540,0,203935|1629028|1629029|1629060|1631222,0,REG,2026,1610612747,,,,,
22500179372,,Shot Chart Detail,22500179,372,1629028,Deandre Ayton,1610612747,Los Angeles Lakers,3,11,33,Made Shot,Floating Jump shot,2PT Field Goal,In The Paint (Non-RA),Center(C),Less Than 8 ft.,5,55,16,1,1,20251105,LAL,SAS,14670,0,203935|1629028|1629029|1629060|1631222,1,REG,2026,1610612747,,,,,
22500179388,,Shot Chart Detail,22500179,388,1629029,Luka Dončić,1610612747,Los Angeles Lakers,3,10,43,Missed Shot,Driving Floating Bank Jump Shot,2PT Field Goal,Restricted Area,Center(C),Less Than 8 ft.,3,21,23,1,0,20251105,LAL,SAS,15170,0,203935|1629028|1629029|1629060|1631222,0,REG,2026,1610612747,,,,,
22500179396,,Shot Chart Detail,22500179,396,203935,Marcus Smart,1610612747,Los Angeles Lakers,3,10,4,Made Shot,Driving Floating Jump Shot,2PT Field Goal,In The Paint (Non-RA),Center(C),8-16 ft.,10,25,102,1,1,20251105,LAL,SAS,15560,0,203935|1629028|1629029|1629060|1631222,0,REG,2026,1610612747,,,,,
22500179401,,Shot Chart Detail,22500179,401,203935,Marcus Smart,1610612747,Los Angeles Lakers,3,9,20,Made Shot,Pullup Jump shot,3PT Field Goal,Above the Break 3,Left Side Center(LC),24+ ft.,27,-159,230,1,1,20251105,LAL,SAS,16000,0,203935|1629028|1629029|1629060|1631222,0,REG,2026,1610612747,,,,,
22500179404,,Shot Chart Detail,22500179,404,203935,Marcus Smart,1610612747,Los Angeles Lakers,3,9,2,Missed Shot,Running Pull-Up Jump Shot,3PT Field Goal,Above the Break 3,Center(C),24+ ft.,26,-31,268,1,0,20251105,LAL,SAS,16180,0,203935|1629028|1629029|1629060|1631222,0,REG,2026,1610612747,,,,,
22500179408,,Shot Chart Detail,22500179,408,1629029,Luka Dončić,1610612747,Los Angeles Lakers,3,8,36,Missed Shot,Driving Floating Jump Shot,2PT Field Goal,In The Paint (Non-RA),Center(C),8-16 ft.,10,33,100,1,0,20251105,LAL,SAS,16440,0,203935|1629028|1629029|1629060|1631222,0,REG,2026,1610612747,,,,,
22500179413,,Shot Chart Detail,22500179,413,1629029,Luka Dončić,1610612747,Los Angeles Lakers,3,8,11,Missed Shot,Driving Floating Jump Shot,2PT Field Goal,In The Paint (Non-RA),Right Side(R),8-16 ft.,12,64,110,1,0,20251105,LAL,SAS,16690,0,203935|1629028|1629029|1629060|1631222,0,REG,2026,1610612747,,,,,
22500179418,,Shot Chart Detail,22500179,418,1629029,Luka Dončić,1610612747,Los Angeles Lakers,3,7,40,Made Shot,Step Back Jump shot,3PT Field Goal,Above the Break 3,Left Side Center(LC),24+ ft.,26,-86,252,1,1,20251105,LAL,SAS,17000,0,203935|1629028|1629029|1629060|1631222,0,REG,2026,1610612747,,,,,
22500179421,,Shot Chart Detail,22500179,421,1629028,Deandre Ayton,1610612747,Los Angeles Lakers,3,7,23,Made Shot,Running Alley Oop Dunk Shot,2PT Field Goal,Restricted Area,Center(C),Less Than 8 ft.,3,1,33,1,1,20251105,LAL,SAS,17170,0,203935|1629028|1629029|1629060|1631222,1,REG,2026,1610612747,,,,,
22500179427,,Shot Chart Detail,22500179,427,1629028,Deandre Ayton,1610612747,Los Angeles Lakers,3,7,5,Made Shot,Dunk Shot,2PT Field Goal,Restricted Area,Center(C),Less Than 8 ft.,2,2,26,1,1,20251105,LAL,SAS,17350,0,203935|1629028|1629029|1629060|1631222,1,REG,2026,1610612747,,,,,
22500179436,,Shot Chart Detail,22500179,436,1629028,Deandre Ayton,1610612747,Los Angeles Lakers,3,6,32,Missed Shot,Jump Shot,2PT Field Goal,In The Paint (Non-RA),Left Side(L),8-16 ft.,15,-80,131,1,0,20251105,LAL,SAS,17680,0,203935|1629020|1629028|1629029|1631222,0,REG,2026,1610612747,,,,,
22500179440,,Shot Chart Detail,22500179,440,203935,Marcus Smart,1610612747,Los Angeles Lakers,3,6,9,Missed Shot,Jump Shot,3PT Field Goal,Left Corner 3,Left Side(L),24+ ft.,23,-233,39,1,0,20251105,LAL,SAS,17910,0,203935|1629020|1629028|1629029|1631222,0,REG,2026,1610612747,,,,,
22500179451,,Shot Chart Detail,22500179,451,1629020,Jarred Vanderbilt,1610612747,Los Angeles Lakers,3,5,27,Made Shot,Jump Shot,3PT Field Goal,Right Corner 3,Right Side(R),24+ ft.,23,237,34,1,1,20251105,LAL,SAS,18330,0,1629020|1629028|1629029|1631222|1642261,1,REG,2026,1610612747,,,,,
22500179459,,Shot Chart Detail,22500179,459,1629029,Luka Dončić,1610612747,Los Angeles Lakers,3,4,49,Missed Shot,Turnaround Fadeaway shot,2PT Field Goal,Mid-Range,Right Side Center(RC),16-24 ft.,20,129,154,1,0,20251105,LAL,SAS,18710,0,1629020|1629028|1629029|1631222|1642261,0,REG,2026,1610612747,,,,,
22500179464,,Shot Chart Detail,22500179,464,1631222,Jake LaRavia,1610612747,Los Angeles Lakers,3,4,33,Missed Shot,Jump Shot,3PT Field Goal,Above the Break 3,Left Side Center(LC),24+ ft.,27,-178,205,1,0,20251105,LAL,SAS,18870,0,1629020|1629028|1629029|1631222|1642261,0,REG,2026,1610612747,,,,,
22500179470,,Shot Chart Detail,22500179,470,1631222,Jake LaRavia,1610612747,Los Angeles Lakers,3,4,1,Made Shot,Jump Shot,3PT Field Goal,Right Corner 3,Right Side(R),24+ ft.,23,229,37,1,1,20251105,LAL,SAS,19190,0,1629020|1629028|1629029|1631222|1642261,1,REG,2026,1610612747,,,,,
22500179498,,Shot Chart Detail,22500179,498,1629029,Luka Dončić,1610612747,Los Angeles Lakers,3,2,38,Missed Shot,Step Back Jump shot,3PT Field Goal,Above the Break 3,Center(C),24+ ft.,26,-59,262,1,0,20251105,LAL,SAS,20020,0,1629020|1629029|1629060|1629637|1642261,0,REG,2026,1610612747,,,,,
22500179504,,Shot Chart Detail,22500179,504,1629029,Luka Dončić,1610612747,Los Angeles Lakers,3,2,28,Missed Shot,Driving Floating Jump Shot,2PT Field Goal,In The Paint (Non-RA),Center(C),8-16 ft.,13,62,123,1,0,20251105,LAL,SAS,20120,0,203935|1629029|1629060|1629637|1642261,0,REG,2026,1610612747,,,,,
22500179511,,Shot Chart Detail,22500179,511,1629637,Jaxson Hayes,1610612747,Los Angeles Lakers,3,2,11,Made Shot,Alley Oop Dunk Shot,2PT Field Goal,Restricted Area,Center(C),Less Than 8 ft.,2,-12,21,1,1,20251105,LAL,SAS,20290,0,203935|1629029|1629060|1629637|1642261,1,REG,2026,1610612747,,,,,
22500179523,,Shot Chart Detail,22500179,523,1629029,Luka Dončić,1610612747,Los Angeles Lakers,3,1,31,Missed Shot,Fadeaway Jump Shot,2PT Field Goal,Mid-Range,Left Side(L),8-16 ft.,9,-97,12,1,0,20251105,LAL,SAS,20690,0,203935|1629029|1629060|1629637|1642261,0,REG,2026,1610612747,,,,,
22500179546,,Shot Chart Detail,22500179,546,1642261,Dalton Knecht,1610612747,Los Angeles Lakers,3,0,11,Missed Shot,Jump Shot,3PT Field Goal,Above the Break 3,Right Side Center(RC),24+ ft.,24,179,163,1,0,20251105,LAL,SAS,21490,0,203935|1629029|1629060|1629637|1642261,0,REG,2026,1610612747,,,,,
22500179570,,Shot Chart Detail,22500179,570,203935,Marcus Smart,1610612747,Los Angeles Lakers,4,11,30,Missed Shot,Running Jump Shot,3PT Field Goal,Above the Break 3,Left Side Center(LC),24+ ft.,25,-207,155,1,0,20251105,LAL,SAS,21900,0,203935|1629060|1629637|1631222|1642261,0,REG,2026,1610612747,,,,,
22500179575,,Shot Chart Detail,22500179,575,1631222,Jake LaRavia,1610612747,Los Angeles Lakers,4,10,55,Made Shot,Fadeaway Jump Shot,2PT Field Goal,In The Paint (Non-RA),Center(C),8-16 ft.,13,-39,125,1,1,20251105,LAL,SAS,22250,0,203935|1629060|1629637|1631222|1642261,1,REG,2026,1610612747,,,,,
22500179585,,Shot Chart Detail,22500179,585,1631222,Jake LaRavia,1610612747,Los Angeles Lakers,4,9,45,Missed Shot,Driving Floating Bank Jump Shot,2PT Field Goal,Restricted Area,Center(C),Less Than 8 ft.,3,-13,28,1,0,20251105,LAL,SAS,22950,0,203935|1629060|1629637|1631222|1642261,0,REG,2026,1610612747,,,,,
22500179592,,Shot Chart Detail,22500179,592,1629637,Jaxson Hayes,1610612747,Los Angeles Lakers,4,9,23,Made Shot,Alley Oop Dunk Shot,2PT Field Goal,Restricted Area,Center(C),Less Than 8 ft.,0,5,5,1,1,20251105,LAL,SAS,23170,0,203935|1629029|1629060|1629637|1631222,1,REG,2026,1610612747,,,,,
22500179610,,Shot Chart Detail,22500179,610,1629060,Rui Hachimura,1610612747,Los Angeles Lakers,4,8,29,Missed Shot,Driving Layup Shot,2PT Field Goal,Restricted Area,Center(C),Less Than 8 ft.,1,12,10,1,0,20251105,LAL,SAS,23710,0,203935|1629028|1629029|1629060|1631222,0,REG,2026,1610612747,,,,,
22500179613,,Shot Chart Detail,22500179,613,1629028,Deandre Ayton,1610612747,Los Angeles Lakers,4,8,21,Made Shot,Floating Jump shot,2PT Field Goal,In The Paint (Non-RA),Center(C),8-16 ft.,8,-11,85,1,1,20251105,LAL,SAS,23790,0,203935|1629028|1629029|1629060|1631222,0,REG,2026,1610612747,,,,,
22500179618,,Shot Chart Detail,22500179,618,1629060,Rui Hachimura,1610612747,Los Angeles Lakers,4,8,2,Missed Shot,Cutting Layup Shot,2PT Field Goal,Restricted Area,Center(C),Less Than 8 ft.,2,10,28,1,0,20251105,LAL,SAS,23980,0,203935|1629028|1629029|1629060|1631222,0,REG,2026,1610612747,,,,,
22500179624,,Shot Chart Detail,22500179,624,1629028,Deandre Ayton,1610612747,Los Angeles Lakers,4,7,39,Made Shot,Driving Floating Jump Shot,2PT Field Goal,In The Paint (Non-RA),Center(C),Less Than 8 ft.,4,-7,44,1,1,20251105,LAL,SAS,24210,0,203935|1629028|1629029|1629060|1631222,1,REG,2026,1610612747,,,,,
22500179638,,Shot Chart Detail,22500179,638,1629029,Luka Dončić,1610612747,Los Angeles Lakers,4,6,50,Made Shot,Running Finger Roll Layup Shot,2PT Field Goal,Restricted Area,Center(C),Less Than 8 ft.,1,-5,18,1,1,20251105,LAL,SAS,24700,0,203935|1629028|1629029|1629060|1631222,1,REG,2026,1610612747,,,,,
22500179648,,Shot Chart Detail,22500179,648,1631222,Jake LaRavia,1610612747,Los Angeles Lakers,4,6,15,Missed Shot,Jump Shot,3PT Field Goal,Above the Break 3,Left Side Center(LC),24+ ft.,26,-181,189,1,0,20251105,LAL,SAS,25050,0,203935|1629028|1629029|1629060|1631222,0,REG,2026,1610612747,,,,,
22500179667,,Shot Chart Detail,22500179,667,1629060,Rui Hachimura,1610612747,Los Angeles Lakers,4,5,15,Made Shot,Jump Shot,3PT Field Goal,Above the Break 3,Left Side Center(LC),24+ ft.,28,-196,207,1,1,20251105,LAL,SAS,25650,0,203935|1629028|1629029|1629060|1631222,1,REG,2026,1610612747,,,,,
22500179672,,Shot Chart Detail,22500179,672,1629060,Rui Hachimura,1610612747,Los Angeles Lakers,4,4,41,Missed Shot,Turnaround Fadeaway shot,2PT Field Goal,Mid-Range,Left Side Center(LC),16-24 ft.,20,-143,143,1,0,20251105,LAL,SAS,25990,0,203935|1629028|1629029|1629060|1631222,0,REG,2026,1610612747,,,,,
22500179693,,Shot Chart Detail,22500179,693,1629029,Luka Dončić,1610612747,Los Angeles Lakers,4,3,27,Missed Shot,Step Back Jump shot,3PT Field Goal,Left Corner 3,Left Side(L),24+ ft.,24,-237,57,1,0,20251105,LAL,SAS,26730,0,203935|1629028|1629029|1629060|1631222,0,REG,2026,1610612747,,,,,
22500179695,,Shot Chart Detail,22500179,695,203935,Marcus Smart,1610612747,Los Angeles Lakers,4,3,21,Made Shot,Driving Reverse Layup Shot,2PT Field Goal,Restricted Area,Center(C),Less Than 8 ft.,1,1,13,1,1,20251105,LAL,SAS,26790,0,203935|1629028|1629029|1629060|1631222,0,REG,2026,1610612747,,,,,
22500179707,,Shot Chart Detail,22500179,707,1629029,Luka Dončić,1610612747,Los Angeles Lakers,4,2,31,Made Shot,Step Back Jump shot,3PT Field Goal,Above the Break 3,Center(C),24+ ft.,25,48,247,1,1,20251105,LAL,SAS,27290,0,203935|1629028|1629029|1629060|1631222,0,REG,2026,1610612747,,,,,
22500179710,,Shot Chart Detail,22500179,710,1631222,Jake LaRavia,1610612747,Los Angeles Lakers,4,1,59,Missed Shot,Jump Shot,3PT Field Goal,Above the Break 3,Right Side Center(RC),24+ ft.,24,157,191,1,0,20251105,LAL,SAS,27610,0,203935|1629028|1629029|1629060|1631222,0,REG,2026,1610612747,,,,,
22500179730,,Shot Chart Detail,22500179,730,1629029,Luka Dončić,1610612747,Los Angeles Lakers,4,0,49,Missed Shot,Step Back Jump shot,3PT Field Goal,Above the Break 3,Center(C),24+ ft.,28,-27,279,1,0,20251105,LAL,SAS,28310,0,203935|1629028|1629029|1629060|1631222,0,REG,2026,1610612747,,,,,
2250018510,,Shot Chart Detail,22500185,10,1629028,Deandre Ayton,1610612747,Los Angeles Lakers,1,11,17,Made Shot,Alley Oop Dunk Shot,2PT Field Goal,Restricted Area,Center(C),Less Than 8 ft.,1,6,16,1,1,20251108,ATL,LAL,430,0,203935|1629028|1629029|1629060|1631222,1,REG,2026,1610612747,,,,,
2250018514,,Shot Chart Detail,22500185,14,1631222,Jake LaRavia,1610612747,Los Angeles Lakers,1,10,40,Missed Shot,Jump Shot,3PT Field Goal,Above the Break 3,Right Side Center(RC),24+ ft.,25,241,89,1,0,20251108,ATL,LAL,800,0,203935|1629028|1629029|1629060|1631222,0,REG,2026,1610612747,,,,,
2250018518,,Shot Chart Detail,22500185,18,1629060,Rui Hachimura,1610612747,Los Angeles Lakers,1,10,22,Made Shot,Cutting Layup Shot,2PT Field Goal,Restricted Area,Center(C),Less Than 8 ft.,0,-4,9,1,1,20251108,ATL,LAL,980,0,203935|1629028|1629029|1629060|1631222,1,REG,2026,1610612747,,,,,
2250018523,,Shot Chart Detail,22500185,23,1629060,Rui Hachimura,1610612747,Los Angeles Lakers,1,10,4,Made Shot,Running Jump Shot,3PT Field Goal,Left Corner 3,Left Side(L),24+ ft.,22,-223,2,1,1,20251108,ATL,LAL,1160,0,203935|1629028|1629029|1629060|1631222,1,REG,2026,1610612747,,,,,
2250018527,,Shot Chart Detail,22500185,27,1629029,Luka Dončić,1610612747,Los Angeles Lakers,1,9,30,Missed Shot,Pullup Jump shot,3PT Field Goal,Above the Break 3,Left Side Center(LC),24+ ft.,26,-165,209,1,0,20251108,ATL,LAL,1500,0,203935|1629028|1629029|1629060|1631222,0,REG,2026,1610612747,,,,,
2250018538,,Shot Chart Detail,22500185,38,1629029,Luka Dončić,1610612747,Los Angeles Lakers,1,8,34,Made Shot,Step Back Jump shot,3PT Field Goal,Above the Break 3,Left Side Center(LC),24+ ft.,26,-138,221,1,1,20251108,ATL,LAL,2060,0,203935|1629028|1629029|1629060|1631222,0,REG,2026,1610612747,,,,,
2250018541,,Shot Chart Detail,22500185,41,203935,Marcus Smart,1610612747,Los Angeles Lakers,1,8,5,Missed Shot,Jump Shot,3PT Field Goal,Above the Break 3,Left Side Center(LC),24+ ft.,25,-161,198,1,0,20251108,ATL,LAL,2350,0,203935|1629028|1629029|1629060|1631222,0,REG,2026,1610612747,,,,,
2250018543,,Shot Chart Detail,22500185,43,1629029,Luka Dončić,1610612747,Los Angeles Lakers,1,7,57,Missed Shot,Step Back Jump shot,3PT Field Goal,Above the Break 3,Center(C),24+ ft.,26,-74,253,1,0,20251108,ATL,LAL,2430,0,203935|1629028|1629029|1629060|1631222,0,REG,2026,1610612747,,,,,
2250018547,,Shot Chart Detail,22500185,47,1629060,Rui Hachimura,1610612747,Los Angeles Lakers,1,7,29,Missed Shot,Turnaround Fadeaway shot,2PT Field Goal,Mid-Range,Right Side(R),8-16 ft.,11,113,21,1,0,20251108,ATL,LAL,2710,0,203935|1629028|1629029|1629060|1631222,0,REG,2026,1610612747,,,,,
2250018556,,Shot Chart Detail,22500185,56,1629028,Deandre Ayton,1610612747,Los Angeles Lakers,1,6,47,Made Shot,Floating Jump shot,2PT Field Goal,Restricted Area,Center(C),Less Than 8 ft.,2,-17,17,1,1,20251108,ATL,LAL,3130,0,203935|1629028|1629029|1629060|1631222,1,REG,2026,1610612747,,,,,
2250018578,,Shot Chart Detail,22500185,78,1629029,Luka Dončić,1610612747,Los Angeles Lakers,1,5,43,Missed Shot,Driving Floating Jump Shot,2PT Field Goal,In The Paint (Non-RA),Center(C),8-16 ft.,12,15,121,1,0,20251108,ATL,LAL,3770,0,1629028|1629029|1629060|1631222|1642261,0,REG,2026,1610612747,,,,,
2250018596,,Shot Chart Detail,22500185,96,1642261,Dalton Knecht,1610612747,Los Angeles Lakers,1,4,23,Missed Shot,Pullup Jump shot,3PT Field Goal,Left Corner 3,Left Side(L),24+ ft.,23,-232,45,1,0,20251108,ATL,LAL,4570,0,1629028|1629029|1629060|1631222|1642261,0,REG,2026,1610612747,,,,,
2250018598,,Shot Chart Detail,22500185,98,1629028,Deandre Ayton,1610612747,Los Angeles Lakers,1,4,21,Made Shot,Putback Layup Shot,2PT Field Goal,Restricted Area,Center(C),Less Than 8 ft.,2,12,27,1,1,20251108,ATL,LAL,4590,0,1629028|1629029|1629060|1631222|1642261,0,REG,2026,1610612747,,,,,
22500185120,,Shot Chart Detail,22500185,120,1629029,Luka Dončić,1610612747,Los Angeles Lakers,1,3,17,Missed Shot,Jump Shot,3PT Field Goal,Left Corner 3,Left Side(L),24+ ft.,22,-221,21,1,0,20251108,ATL,LAL,5230,0,1629020|1629029|1629637|1631222|1642261,0,REG,2026,1610612747,,,,,
22500185122,,Shot Chart Detail,22500185,122,1631222,Jake LaRavia,1610612747,Los Angeles Lakers,1,3,7,Made Shot,Driving Layup Shot,2PT Field Goal,Restricted Area,Center(C),Less Than 8 ft.,3,1,35,1,1,20251108,ATL,LAL,5330,0,1629020|1629029|1629637|1631222|1642261,0,REG,2026,1610612747,,,,,
22500185135,,Shot Chart Detail,22500185,135,1642261,Dalton Knecht,1610612747,Los Angeles Lakers,1,2,39,Missed Shot,Cutting Layup Shot,2PT Field Goal,In The Paint (Non-RA),Center(C),Less Than 8 ft.,4,22,35,1,0,20251108,ATL,LAL,5610,0,1629020|1629029|1629637|1641733|1642261,0,REG,2026,1610612747,,,,,
22500185138,,Shot Chart Detail,22500185,138,1642261,Dalton Knecht,1610612747,Los Angeles Lakers,1,2,34,Made Shot,Putback Layup Shot,2PT Field Goal,Restricted Area,Center(C),Less Than 8 ft.,0,0,0,1,1,20251108,ATL,LAL,5660,0,1629020|1629029|1629637|1641733|1642261,0,REG,2026,1610612747,,,,,
22500185147,,Shot Chart Detail,22500185,147,1641733,Nick Smith Jr.,1610612747,Los Angeles Lakers,1,1,53,Missed Shot,Jump Shot,3PT Field Goal,Above the Break 3,Right Side Center(RC),24+ ft.,26,110,236,1,0,20251108,ATL,LAL,6070,0,1629020|1629029|1629637|1641733|1642261,0,REG,2026,1610612747,,,,,
22500185154,,Shot Chart Detail,22500185,154,1629029,Luka Dončić,1610612747,Los Angeles Lakers,1,1,36,Made Shot,Pullup Jump shot,2PT Field Goal,In The Paint (Non-RA),Center(C),8-16 ft.,11,2,114,1,1,20251108,ATL,LAL,6240,0,1629020|1629029|1629637|1641733|1642261,0,REG,2026,1610612747,,,,,
22500185157,,Shot Chart Detail,22500185,157,1629020,Jarred Vanderbilt,1610612747,Los Angeles Lakers,1,1,8,Missed Shot,Jump Shot,3PT Field Goal,Left Corner 3,Left Side(L),24+ ft.,22,-222,40,1,0,20251108,ATL,LAL,6520,0,1629020|1629029|1629637|1641733|1642261,0,REG,2026,1610612747,,,,,
22500185161,,Shot Chart Detail,22500185,161,1629029,Luka Dončić,1610612747,Los Angeles Lakers,1,0,40,Made Shot,Jump Shot,3PT Field Goal,Above the Break 3,Left Side Center(LC),24+ ft.,27,-140,231,1,1,20251108,ATL,LAL,6800,0,1629020|1629029|1629637|1641733|1642261,1,REG,2026,1610612747,,,,,
22500185180,,Shot Chart Detail,22500185,180,1641733,Nick Smith Jr.,1610612747,Los Angeles Lakers,2,11,19,Missed Shot,Driving Layup Shot,2PT Field Goal,Restricted Area,Center(C),Less Than 8 ft.,2,-15,24,1,0,20251108,ATL,LAL,7610,0,203935|1629020|1629637|1641733|1642355,0,REG,2026,1610612747,,,,,
22500185184,,Shot Chart Detail,22500185,184,1642355,Bronny James,1610612747,Los Angeles Lakers,2,10,58,Made Shot,Pullup Jump shot,2PT Field Goal,In The Paint (Non-RA),Center(C),8-16 ft.,13,-28,127,1,1,20251108,ATL,LAL,7820,0,203935|1629020|1629637|1641733|1642355,1,REG,2026,1610612747,,,,,
22500185197,,Shot Chart Detail,22500185,197,1642355,Bronny James,1610612747,Los Angeles Lakers,2,9,44,Missed Shot,Step Back Jump shot,3PT Field Goal,Above the Break 3,Left Side Center(LC),24+ ft.,25,-120,225,1,0,20251108,ATL,LAL,8560,0,203935|1629020|1629637|1641733|1642355,0,REG,2026,1610612747,,,,,
22500185201,,Shot Chart Detail,22500185,201,203935,Marcus Smart,1610612747,Los Angeles Lakers,2,9,23,Made Shot,Driving Layup Shot,2PT Field Goal,In The Paint (Non-RA),Center(C),Less Than 8 ft.,6,-26,64,1,1,20251108,ATL,LAL,8770,0,203935|1629020|1629637|1641733|1642355,0,REG,2026,1610612747,,,,,
22500185223,,Shot Chart Detail,22500185,223,1629029,Luka Dončić,1610612747,Los Angeles Lakers,2,8,16,Missed Shot,Driving Floating Jump Shot,2PT Field Goal,In The Paint (Non-RA),Center(C),8-16 ft.,12,25,122,1,0,20251108,ATL,LAL,9440,0,203935|1629028|1629029|1629060|1631222,0,REG,2026,1610612747,,,,,
22500185227,,Shot Chart Detail,22500185,227,1629060,Rui Hachimura,1610612747,Los Angeles Lakers,2,7,49,Missed Shot,Turnaround Fadeaway shot,2PT Field Goal,In The Paint (Non-RA),Center(C),8-16 ft.,10,45,95,1,0,20251108,ATL,LAL,9710,0,203935|1629028|1629029|1629060|1631222,0,REG,2026,1610612747,,,,,
22500185231,,Shot Chart Detail,22500185,231,1631222,Jake LaRavia,1610612747,Los Angeles Lakers,2,7,23,Missed Shot,Cutting Layup Shot,2PT Field Goal,Restricted Area,Center(C),Less Than 8 ft.,1,6,17,1,0,20251108,ATL,LAL,9970,0,203935|1629028|1629029|1629060|1631222,0,REG,2026,1610612747,,,,,
22500185237,,Shot Chart Detail,22500185,237,1629028,Deandre Ayton,1610612747,Los Angeles Lakers,2,6,45,Made Shot,Cutting Layup Shot,2PT Field Goal,Restricted Area,Center(C),Less Than 8 ft.,1,5,9,1,1,20251108,ATL,LAL,10350,0,203935|1629028|1629029|1629060|1631222,1,REG,2026,1610612747,,,,,
22500185246,,Shot Chart Detail,22500185,246,1629029,Luka Dončić,1610612747,Los Angeles Lakers,2,6,3,Made Shot,Fadeaway Jump Shot,2PT Field Goal,Mid-Range,Center(C),16-24 ft.,16,0,163,1,1,20251108,ATL,LAL,10770,0,203935|1629028|1629029|1629060|1631222,1,REG,2026,1610612747,,,,,
22500185252,,Shot Chart Detail,22500185,252,1631222,Jake LaRavia,1610612747,Los Angeles Lakers,2,5,27,Made Shot,Driving Layup Shot,2PT Field Goal,Restricted Area,Center(C),Less Than 8 ft.,3,6,35,1,1,20251108,ATL,LAL,11130,0,203935|1629028|1629029|1629060|1631222,1,REG,2026,1610612747,,,,,
22500185255,,Shot Chart Detail,22500185,255,1629029,Luka Dončić,1610612747,Los Angeles Lakers,2,5,1,Missed Shot,Turnaround Jump Shot,2PT Field Goal,In The Paint (Non-RA),Center(C),8-16 ft.,11,40,113,1,0,20251108,ATL,LAL,11390,0,203935|1629028|1629029|1629060|1631222,0,REG,2026,1610612747,,,,,
22500185262,,Shot Chart Detail,22500185,262,1629060,Rui Hachimura,1610612747,Los Angeles Lakers,2,4,33,Missed Shot,Running Layup Shot,2PT Field Goal,Restricted Area,Center(C),Less Than 8 ft.,3,23,31,1,0,20251108,ATL,LAL,11670,0,203935|1629028|1629029|1629060|1631222,0,REG,2026,1610612747,,,,,
22500185264,,Shot Chart Detail,22500185,264,1629029,Luka Dončić,1610612747,Los Angeles Lakers,2,4,29,Made Shot,Jump Shot,3PT Field Goal,Above the Break 3,Right Side Center(RC),24+ ft.,27,157,224,1,1,20251108,ATL,LAL,11710,0,203935|1629028|1629029|1629060|1631222,1,REG,2026,1610612747,,,,,
22500185276,,Shot Chart Detail,22500185,276,1631222,Jake LaRavia,1610612747,Los Angeles Lakers,2,3,48,Made Shot,Jump Shot,3PT Field Goal,Right Corner 3,Right Side(R),24+ ft.,24,233,77,1,1,20251108,ATL,LAL,12120,0,203935|1629028|1629029|1629060|1631222,1,REG,2026,1610612747,,,,,
22500185280,,Shot Chart Detail,22500185,280,1629060,Rui Hachimura,1610612747,Los Angeles Lakers,2,3,4,Missed Shot,Jump Shot,2PT Field Goal,In The Paint (Non-RA),Center(C),8-16 ft.,11,17,111,1,0,20251108,ATL,LAL,12560,0,203935|1629028|1629029|1629060|1631222,0,REG,2026,1610612747,,,,,
22500185295,,Shot Chart Detail,22500185,295,1631222,Jake LaRavia,1610612747,Los Angeles Lakers,2,2,6,Missed Shot,Driving Layup Shot,2PT Field Goal,In The Paint (Non-RA),Center(C),Less Than 8 ft.,4,-25,34,1,0,20251108,ATL,LAL,13140,0,1629020|1629028|1629029|1629060|1631222,0,REG,2026,1610612747,,,,,
22500185299,,Shot Chart Detail,22500185,299,1629060,Rui Hachimura,1610612747,Los Angeles Lakers,2,1,30,Missed Shot,Pullup Jump shot,2PT Field Goal,Mid-Range,Right Side(R),16-24 ft.,19,175,85,1,0,20251108,ATL,LAL,13500,0,1629020|1629028|1629029|1629060|1631222,0,REG,2026,1610612747,,,,,
22500185307,,Shot Chart Detail,22500185,307,1629029,Luka Dončić,1610612747,Los Angeles Lakers,2,1,8,Made Shot,Running Pull-Up Jump Shot,3PT Field Goal,Above the Break 3,Center(C),24+ ft.,35,33,357,1,1,20251108,ATL,LAL,13720,0,1629020|1629028|1629029|1629060|1631222,0,REG,2026,1610612747,,,,,
22500185310,,Shot Chart Detail,22500185,310,1629060,Rui Hachimura,1610612747,Los Angeles Lakers,2,0,51,Missed Shot,Running Jump Shot,3PT Field Goal,Right Corner 3,Right Side(R),24+ ft.,24,232,66,1,0,20251108,ATL,LAL,13890,0,1629020|1629028|1629029|1629060|1631222,0,REG,2026,1610612747,,,,,
22500185314,,Shot Chart Detail,22500185,314,1629029,Luka Dončić,1610612747,Los Angeles Lakers,2,0,32,Made Shot,Driving Floating Bank Jump Shot,2PT Field Goal,In The Paint (Non-RA),Center(C),Less Than 8 ft.,7,49,62,1,1,20251108,ATL,LAL,14080,0,1629020|1629028|1629029|1629060|1631222,0,REG,2026,1610612747,,,,,
22500185327,,Shot Chart Detail,22500185,327,1629029,Luka Dončić,1610612747,Los Angeles Lakers,3,11,24,Missed Shot,Step Back Jump shot,3PT Field Goal,Above the Break 3,Left Side Center(LC),24+ ft.,25,-156,207,1,0,20251108,ATL,LAL,14760,0,203935|1629028|1629029|1629060|1631222,0,REG,2026,1610612747,,,,,
22500185332,,Shot Chart Detail,22500185,332,1629028,Deandre Ayton,1610612747,Los Angeles Lakers,3,11,1,Made Shot,Cutting Dunk Shot,2PT Field Goal,Restricted Area,Center(C),Less Than 8 ft.,1,-1,10,1,1,20251108,ATL,LAL,14990,0,203935|1629028|1629029|1629060|1631222,1,REG,2026,1610612747,,,,,
22500185336,,Shot Chart Detail,22500185,336,203935,Marcus Smart,1610612747,Los Angeles Lakers,3,10,48,Missed Shot,Running Layup Shot,2PT Field Goal,Restricted Area,Center(C),Less Than 8 ft.,1,0,16,1,0,20251108,ATL,LAL,15120,0,203935|1629028|1629029|1629060|1631222,0,REG,2026,1610612747,,,,,
22500185339,,Shot Chart Detail,22500185,339,1629029,Luka Dončić,1610612747,Los Angeles Lakers,3,10,42,Missed Shot,Jump Shot,3PT Field Goal,Above the Break 3,Center(C),24+ ft.,24,-36,247,1,0,20251108,ATL,LAL,15180,0,203935|1629028|1629029|1629060|1631222,0,REG,2026,1610612747,,,,,
22500185341,,Shot Chart Detail,22500185,341,1631222,Jake LaRavia,1610612747,Los Angeles Lakers,3,10,31,Made Shot,Driving Reverse Layup Shot,2PT Field Goal,Restricted Area,Center(C),Less Than 8 ft.,1,1,15,1,1,20251108,ATL,LAL,15290,0,203935|1629028|1629029|1629060|1631222,1,REG,2026,1610612747,,,,,
22500185345,,Shot Chart Detail,22500185,345,1629060,Rui Hachimura,1610612747,Los Angeles Lakers,3,10,6,Made Shot,Jump Shot,3PT Field Goal,Above the Break 3,Left Side Center(LC),24+ ft.,25,-179,176,1,1,20251108,ATL,LAL,15540,0,203935|1629028|1629029|1629060|1631222,1,REG,2026,1610612747,,,,,
22500185348,,Shot Chart Detail,22500185,348,1629029,Luka Dončić,1610612747,Los Angeles Lakers,3,9,26,Missed Shot,Pullup Jump shot,2PT Field Goal,Mid-Range,Center(C),16-24 ft.,16,-2,163,1,0,20251108,ATL,LAL,15940,0,203935|1629028|1629029|1629060|1631222,0,REG,2026,1610612747,,,,,
22500185364,,Shot Chart Detail,22500185,364,1629637,Jaxson Hayes,1610612747,Los Angeles Lakers,3,8,39,Made Shot,Alley Oop Dunk Shot,2PT Field Goal,Restricted Area,Center(C),Less Than 8 ft.,0,0,4,1,1,20251108,ATL,LAL,16410,0,203935|1629029|1629060|1629637|1631222,1,REG,2026,1610612747,,,,,
22500185368,,Shot Chart Detail,22500185,368,1629029,Luka Dončić,1610612747,Los Angeles Lakers,3,7,59,Missed Shot,Jump Shot,3PT Field Goal,Above the Break 3,Right Side Center(RC),24+ ft.,25,86,235,1,0,20251108,ATL,LAL,16810,0,203935|1629029|1629060|1629637|1631222,0,REG,2026,1610612747,,,,,
22500185399,,Shot Chart Detail,22500185,399,1629637,Jaxson Hayes,1610612747,Los Angeles Lakers,3,7,27,Missed Shot,Layup Shot,2PT Field Goal,In The Paint (Non-RA),Center(C),Less Than 8 ft.,7,-65,37,1,0,20251108,ATL,LAL,17130,0,203935|1629029|1629060|1629637|1631222,0,REG,2026,1610612747,,,,,
22500185380,,Shot Chart Detail,22500185,380,203935,Marcus Smart,1610612747,Los Angeles Lakers,3,7,6,Made Shot,Driving Floating Jump Shot,2PT Field Goal,In The Paint (Non-RA),Center(C),8-16 ft.,9,0,94,1,1,20251108,ATL,LAL,17340,0,203935|1629020|1629029|1629060|1629637,1,REG,2026,1610612747,,,,,
22500185386,,Shot Chart Detail,22500185,386,1629020,Jarred Vanderbilt,1610612747,Los Angeles Lakers,3,6,49,Missed Shot,Running Finger Roll Layup Shot,2PT Field Goal,Restricted Area,Center(C),Less Than 8 ft.,0,-2,5,1,0,20251108,ATL,LAL,17510,0,203935|1629020|1629029|1629060|1629637,0,REG,2026,1610612747,,,,,
22500185417,,Shot Chart Detail,22500185,417,1629637,Jaxson Hayes,1610612747,Los Angeles Lakers,3,5,23,Missed Shot,Cutting Layup Shot,2PT Field Goal,Restricted Area,Center(C),Less Than 8 ft.,1,-5,11,1,0,20251108,ATL,LAL,18370,0,1628467|1629020|1629637|1641733|1642261,0,REG,2026,1610612747,,,,,
22500185424,,Shot Chart Detail,22500185,424,1641733,Nick Smith Jr.,1610612747,Los Angeles Lakers,3,4,51,Missed Shot,Pullup Jump shot,3PT Field Goal,Above the Break 3,Left Side Center(LC),24+ ft.,26,-199,168,1,0,20251108,ATL,LAL,18690,0,1628467|1629020|1629637|1641733|1642261,0,REG,2026,1610612747,,,,,
22500185428,,Shot Chart Detail,22500185,428,1641733,Nick Smith Jr.,1610612747,Los Angeles Lakers,3,4,20,Missed Shot,Turnaround Jump Shot,2PT Field Goal,Mid-Range,Left Side(L),16-24 ft.,19,-165,106,1,0,20251108,ATL,LAL,19000,0,1628467|1629020|1629637|1641733|1642261,0,REG,2026,1610612747,,,,,
22500185432,,Shot Chart Detail,22500185,432,1642261,Dalton Knecht,1610612747,Los Angeles Lakers,3,3,58,Made Shot,Jump Shot,3PT Field Goal,Above the Break 3,Right Side Center(RC),24+ ft.,25,130,221,1,1,20251108,ATL,LAL,19220,0,1628467|1629020|1629637|1641733|1642261,1,REG,2026,1610612747,,,,,
22500185436,,Shot Chart Detail,22500185,436,1642261,Dalton Knecht,1610612747,Los Angeles Lakers,3,3,15,Missed Shot,Driving Floating Jump Shot,2PT Field Goal,In The Paint (Non-RA),Center(C),8-16 ft.,11,-12,116,1,0,20251108,ATL,LAL,19650,0,1628467|1629020|1629637|1641733|1642261,0,REG,2026,1610612747,,,,,
22500185452,,Shot Chart Detail,22500185,452,1629020,Jarred Vanderbilt,1610612747,Los Angeles Lakers,3,2,25,Made Shot,Running Reverse Layup Shot,2PT Field Goal,Restricted Area,Center(C),Less Than 8 ft.,0,-4,5,1,1,20251108,ATL,LAL,20150,0,1628467|1629020|1641733|1642261|1642355,0,REG,2026,1610612747,,,,,
22500185456,,Shot Chart Detail,22500185,456,1641733,Nick Smith Jr.,1610612747,Los Angeles Lakers,3,1,53,Missed Shot,Pullup Jump shot,3PT Field Goal,Above the Break 3,Center(C),24+ ft.,25,-29,252,1,0,20251108,ATL,LAL,20470,0,1628467|1629020|1641733|1642261|1642355,0,REG,2026,1610612747,,,,,
22500185458,,Shot Chart Detail,22500185,458,1641733,Nick Smith Jr.,1610612747,Los Angeles Lakers,3,1,37,Missed Shot,Pullup Jump shot,2PT Field Goal,In The Paint (Non-RA),Center(C),8-16 ft.,12,43,121,1,0,20251108,ATL,LAL,20630,0,1628467|1629020|1641733|1642261|1642355,0,REG,2026,1610612747,,,,,
22500185463,,Shot Chart Detail,22500185,463,1629020,Jarred Vanderbilt,1610612747,Los Angeles Lakers,3,1,20,Missed Shot,Running Layup Shot,2PT Field Goal,In The Paint (Non-RA),Center(C),Less Than 8 ft.,6,-27,57,1,0,20251108,ATL,LAL,20800,0,1628467|1629020|1641733|1642261|1642355,0,REG,2026,1610612747,,,,,
22500185470,,Shot Chart Detail,22500185,470,1642355,Bronny James,1610612747,Los Angeles Lakers,3,0,48,Made Shot,Driving Reverse Layup Shot,2PT Field Goal,Restricted Area,Center(C),Less Than 8 ft.,1,-13,13,1,1,20251108,ATL,LAL,21120,0,1628467|1629020|1641733|1642261|1642355,0,REG,2026,1610612747,,,,,
22500185485,,Shot Chart Detail,22500185,485,1642355,Bronny James,1610612747,Los Angeles Lakers,4,11,46,Made Shot,Jump Shot,2PT Field Goal,In The Paint (Non-RA),Center(C),8-16 ft.,11,4,117,1,1,20251108,ATL,LAL,21740,0,1628467|1629020|1641733|1642261|1642355,1,REG,2026,1610612747,,,,,
22500185488,,Shot Chart Detail,22500185,488,1629020,Jarred Vanderbilt,1610612747,Los Angeles Lakers,4,11,1,Missed Shot,Layup Shot,2PT Field Goal,Restricted Area,Center(C),Less Than 8 ft.,3,-15,27,1,0,20251108,ATL,LAL,22190,0,1628467|1629020|1641733|1642261|1642355,0,REG,2026,1610612747,,,,,
22500185494,,Shot Chart Detail,22500185,494,1629020,Jarred Vanderbilt,1610612747,Los Angeles Lakers,4,10,22,Made Shot,Jump Shot,3PT Field Goal,Left Corner 3,Left Side(L),24+ ft.,23,-232,39,1,1,20251108,ATL,LAL,22580,0,1628467|1629020|1641733|1642261|1642355,1,REG,2026,1610612747,,,,,
22500185499,,Shot Chart Detail,22500185,499,1642355,Bronny James,1610612747,Los Angeles Lakers,4,10,1,Missed Shot,Pullup Jump shot,2PT Field Goal,Mid-Range,Center(C),16-24 ft.,16,-17,167,1,0,20251108,ATL,LAL,22790,0,1628467|1629020|1641733|1642261|1642355,0,REG,2026,1610612747,,,,,
22500185520,,Shot Chart Detail,22500185,520,1642261,Dalton Knecht,1610612747,Los Angeles Lakers,4,8,1,Missed Shot,Pullup Jump shot,3PT Field Goal,Above the Break 3,Center(C),24+ ft.,26,80,249,1,0,20251108,ATL,LAL,23990,0,1629020|1629637|1641733|1642261|1642355,0,REG,2026,1610612747,,,,,
22500185524,,Shot Chart Detail,22500185,524,1629020,Jarred Vanderbilt,1610612747,Los Angeles Lakers,4,7,31,Made Shot,Driving Layup Shot,2PT Field Goal,Restricted Area,Center(C),Less Than 8 ft.,3,-6,36,1,1,20251108,ATL,LAL,24290,0,1629020|1629637|1641733|1642261|1642355,0,REG,2026,1610612747,,,,,
22500185530,,Shot Chart Detail,22500185,530,1642261,Dalton Knecht,1610612747,Los Angeles Lakers,4,6,48,Made Shot,Fadeaway Bank shot,2PT Field Goal,Mid-Range,Left Side(L),8-16 ft.,11,-82,80,1,1,20251108,ATL,LAL,24720,0,1629020|1629637|1641733|1642261|1642355,0,REG,2026,1610612747,,,,,
22500185535,,Shot Chart Detail,22500185,535,1629637,Jaxson Hayes,1610612747,Los Angeles Lakers,4,6,6,Made Shot,Cutting Dunk Shot,2PT Field Goal,Restricted Area,Center(C),Less Than 8 ft.,0,1,4,1,1,20251108,ATL,LAL,25140,0,1629020|1629637|1641733|1642261|1642355,1,REG,2026,1610612747,,,,,
22500185548,,Shot Chart Detail,22500185,548,1642355,Bronny James,1610612747,Los Angeles Lakers,4,5,28,Made Shot,Jump Shot,3PT Field Goal,Above the Break 3,Right Side Center(RC),24+ ft.,25,180,179,1,1,20251108,ATL,LAL,25520,0,1628467|1629020|1641733|1642261|1642355,1,REG,2026,1610612747,,,,,
22500185553,,Shot Chart Detail,22500185,553,1641733,Nick Smith Jr.,1610612747,Los Angeles Lakers,4,5,6,Missed Shot,Step Back Jump shot,2PT Field Goal,Mid-Range,Left Side(L),8-16 ft.,14,-137,29,1,0,20251108,ATL,LAL,25740,0,1628467|1629020|1641733|1642261|1642355,0,REG,2026,1610612747,,,,,
22500185559,,Shot Chart Detail,22500185,559,1642261,Dalton Knecht,1610612747,Los Angeles Lakers,4,4,36,Made Shot,Step Back Jump shot,3PT Field Goal,Above the Break 3,Left Side Center(LC),24+ ft.,25,-174,190,1,1,20251108,ATL,LAL,26040,0,1628467|1629020|1641733|1642261|1642355,0,REG,2026,1610612747,,,,,
22500185562,,Shot Chart Detail,22500185,562,1642261,Dalton Knecht,1610612747,Los Angeles Lakers,4,3,58,Made Shot,Driving Floating Jump Shot,2PT Field Goal,In The Paint (Non-RA),Center(C),8-16 ft.,10,-11,107,1,1,20251108,ATL,LAL,26420,0,1628467|1629020|1641733|1642261|1642355,1,REG,2026,1610612747,,,,,
22500185566,,Shot Chart Detail,22500185,566,1629020,Jarred Vanderbilt,1610612747,Los Angeles Lakers,4,3,32,Made Shot,Driving Layup Shot,2PT Field Goal,Restricted Area,Center(C),Less Than 8 ft.,1,4,12,1,1,20251108,ATL,LAL,26680,0,1628467|1629020|1641733|1642261|1642355,0,REG,2026,1610612747,,,,,
22500185584,,Shot Chart Detail,22500185,584,1642261,Dalton Knecht,1610612747,Los Angeles Lakers,4,2,28,Missed Shot,Jump Shot,3PT Field Goal,Above the Break 3,Left Side Center(LC),24+ ft.,26,-156,217,1,0,20251108,ATL,LAL,27320,0,1628467|1629020|1641733|1642261|1642355,0,REG,2026,1610612747,,,,,
22500185590,,Shot Chart Detail,22500185,590,1641733,Nick Smith Jr.,1610612747,Los Angeles Lakers,4,1,59,Made Shot,Jump Shot,3PT Field Goal,Above the Break 3,Right Side Center(RC),24+ ft.,25,114,227,1,1,20251108,ATL,LAL,27610,0,1628467|1629020|1641733|1642261|1642355,1,REG,2026,1610612747,,,,,
22500185598,,Shot Chart Detail,22500185,598,1629020,Jarred Vanderbilt,1610612747,Los Angeles Lakers,4,1,16,Missed Shot,Driving Finger Roll Layup Shot,2PT Field Goal,Restricted Area,Center(C),Less Than 8 ft.,1,-6,15,1,0,20251108,ATL,LAL,28040,0,1628467|1629020|1641733|1642261|1642355,0,REG,2026,1610612747,,,,,
22500185607,,Shot Chart Detail,22500185,607,1628467,Maxi Kleber,1610612747,Los Angeles Lakers,4,0,43,Missed Shot,Jump Shot,3PT Field Goal,Above the Break 3,Center(C),24+ ft.,26,65,259,1,0,20251108,ATL,LAL,28370,0,1628467|1629020|1641733|1642261|1642355,0,REG,2026,1610612747,,,,,
22500185611,,Shot Chart Detail,22500185,611,1642261,Dalton Knecht,1610612747,Los Angeles Lakers,4,0,23,Missed Shot,Step Back Jump shot,2PT Field Goal,Mid-Range,Left Side(L),8-16 ft.,15,-154,-17,1,0,20251108,ATL,LAL,28570,0,1628467|1629020|1641733|1642261|1642355,0,REG,2026,1610612747,,,,,
225001989,,Shot Chart Detail,22500198,9,1629028,Deandre Ayton,1610612747,Los Angeles Lakers,1,11,31,Made Shot,Alley Oop Dunk Shot,2PT Field Goal,Restricted Area,Center(C),Less Than 8 ft.,0,-2,8,1,1,20251110,CHA,LAL,290,0,203935|1629028|1629029|1629060|1630559,1,REG,2026,1610612747,,,,,
2250019814,,Shot Chart Detail,22500198,14,203935,Marcus Smart,1610612747,Los Angeles Lakers,1,10,55,Missed Shot,Jump Shot,3PT Field Goal,Above the Break 3,Left Side Center(LC),24+ ft.,24,-152,198,1,0,20251110,CHA,LAL,650,0,203935|1629028|1629029|1629060|1630559,0,REG,2026,1610612747,,,,,
2250019822,,Shot Chart Detail,22500198,22,1629029,Luka Dončić,1610612747,Los Angeles Lakers,1,10,34,Missed Shot,Pullup Jump shot,2PT Field Goal,In The Paint (Non-RA),Center(C),8-16 ft.,12,53,113,1,0,20251110,CHA,LAL,860,0,203935|1629028|1629029|1629060|1630559,0,REG,2026,1610612747,,,,,
2250019826,,Shot Chart Detail,22500198,26,1630559,Austin Reaves,1610612747,Los Angeles Lakers,1,10,4,Made Shot,Fadeaway Jump Shot,2PT Field Goal,Mid-Range,Left Side(L),8-16 ft.,8,-83,7,1,1,20251110,CHA,LAL,1160,0,203935|1629028|1629029|1629060|1630559,0,REG,2026,1610612747,,,,,
2250019829,,Shot Chart Detail,22500198,29,1629028,Deandre Ayton,1610612747,Los Angeles Lakers,1,9,35,Made Shot,Alley Oop Dunk Shot,2PT Field Goal,Restricted Area,Center(C),Less Than 8 ft.,0,5,6,1,1,20251110,CHA,LAL,1450,0,203935|1629028|1629029|1629060|1630559,1,REG,2026,1610612747,,,,,
2250019835,,Shot Chart Detail,22500198,35,1629029,Luka Dončić,1610612747,Los Angeles Lakers,1,9,1,Missed Shot,Driving Floating Jump Shot,2PT Field Goal,Mid-Range,Center(C),8-16 ft.,14,29,147,1,0,20251110,CHA,LAL,1790,0,203935|1629028|1629029|1629060|1630559,0,REG,2026,1610612747,,,,,
2250019837,,Shot Chart Detail,22500198,37,1629029,Luka Dončić,1610612747,Los Angeles Lakers,1,9,0,Made Shot,Putback Layup Shot,2PT Field Goal,Restricted Area,Center(C),Less Than 8 ft.,1,7,16,1,1,20251110,CHA,LAL,1800,0,203935|1629028|1629029|1629060|1630559,0,REG,2026,1610612747,,,,,
2250019843,,Shot Chart Detail,22500198,43,1629029,Luka Dončić,1610612747,Los Angeles Lakers,1,8,24,Made Shot,Driving Floating Jump Shot,2PT Field Goal,In The Paint (Non-RA),Left Side(L),8-16 ft.,10,-71,77,1,1,20251110,CHA,LAL,2160,0,203935|1629028|1629029|1629060|1630559,0,REG,2026,1610612747,,,,,
2250019849,,Shot Chart Detail,22500198,49,1629029,Luka Dončić,1610612747,Los Angeles Lakers,1,7,54,Made Shot,Step Back Jump shot,3PT Field Goal,Above the Break 3,Center(C),24+ ft.,25,-2,251,1,1,20251110,CHA,LAL,2460,0,203935|1629028|1629029|1629060|1630559,0,REG,2026,1610612747,,,,,
2250019852,,Shot Chart Detail,22500198,52,1630559,Austin Reaves,1610612747,Los Angeles Lakers,1,7,25,Made Shot,Pullup Jump shot,2PT Field Goal,In The Paint (Non-RA),Center(C),8-16 ft.,8,-11,85,1,1,20251110,CHA,LAL,2750,0,203935|1629028|1629029|1629060|1630559,0,REG,2026,1610612747,,,,,
2250019856,,Shot Chart Detail,22500198,56,1629029,Luka Dončić,1610612747,Los Angeles Lakers,1,7,9,Made Shot,Driving Layup Shot,2PT Field Goal,Restricted Area,Center(C),Less Than 8 ft.,1,-12,14,1,1,20251110,CHA,LAL,2910,0,203935|1629028|1629029|1629060|1630559,0,REG,2026,1610612747,,,,,
2250019867,,Shot Chart Detail,22500198,67,1629029,Luka Dončić,1610612747,Los Angeles Lakers,1,6,27,Made Shot,Fadeaway Jump Shot,2PT Field Goal,Mid-Range,Left Side(L),8-16 ft.,14,-102,101,1,1,20251110,CHA,LAL,3330,0,203935|1629028|1629029|1629060|1631222,0,REG,2026,1610612747,,,,,
2250019883,,Shot Chart Detail,22500198,83,1631222,Jake LaRavia,1610612747,Los Angeles Lakers,1,5,32,Missed Shot,Turnaround Jump Shot,2PT Field Goal,In The Paint (Non-RA),Center(C),Less Than 8 ft.,7,-2,74,1,0,20251110,CHA,LAL,3880,0,1629028|1629029|1629060|1631222|1642261,0,REG,2026,1610612747,,,,,
2250019887,,Shot Chart Detail,22500198,87,1629029,Luka Dončić,1610612747,Los Angeles Lakers,1,5,7,Missed Shot,Step Back Jump shot,3PT Field Goal,Above the Break 3,Center(C),24+ ft.,26,64,261,1,0,20251110,CHA,LAL,4130,0,1629028|1629029|1629060|1631222|1642261,0,REG,2026,1610612747,,,,,
2250019891,,Shot Chart Detail,22500198,91,1629060,Rui Hachimura,1610612747,Los Angeles Lakers,1,4,49,Made Shot,Layup Shot,2PT Field Goal,Restricted Area,Center(C),Less Than 8 ft.,2,26,10,1,1,20251110,CHA,LAL,4310,0,1629028|1629029|1629060|1631222|1642261,1,REG,2026,1610612747,,,,,
2250019898,,Shot Chart Detail,22500198,98,1629028,Deandre Ayton,1610612747,Los Angeles Lakers,1,4,2,Made Shot,Driving Layup Shot,2PT Field Goal,Restricted Area,Center(C),Less Than 8 ft.,2,28,1,1,1,20251110,CHA,LAL,4780,0,1629028|1629029|1629060|1631222|1642261,1,REG,2026,1610612747,,,,,
22500198102,,Shot Chart Detail,22500198,102,1629060,Rui Hachimura,1610612747,Los Angeles Lakers,1,3,33,Made Shot,Cutting Dunk Shot,2PT Field Goal,Restricted Area,Center(C),Less Than 8 ft.,1,13,10,1,1,20251110,CHA,LAL,5070,0,1629028|1629029|1629060|1631222|1642261,1,REG,2026,1610612747,,,,,
22500198106,,Shot Chart Detail,22500198,106,1629060,Rui Hachimura,1610612747,Los Angeles Lakers,1,3,15,Missed Shot,Running Dunk Shot,2PT Field Goal,Restricted Area,Center(C),Less Than 8 ft.,1,-11,14,1,0,20251110,CHA,LAL,5250,0,1629028|1629029|1629060|1631222|1642261,0,REG,2026,1610612747,,,,,
22500198111,,Shot Chart Detail,22500198,111,1631222,Jake LaRavia,1610612747,Los Angeles Lakers,1,2,53,Missed Shot,Jump Shot,3PT Field Goal,Above the Break 3,Right Side Center(RC),24+ ft.,26,129,234,1,0,20251110,CHA,LAL,5470,0,1629028|1629029|1629060|1631222|1642261,0,REG,2026,1610612747,,,,,
22500198113,,Shot Chart Detail,22500198,113,1642261,Dalton Knecht,1610612747,Los Angeles Lakers,1,2,48,Missed Shot,Jump Shot,2PT Field Goal,In The Paint (Non-RA),Center(C),Less Than 8 ft.,6,60,31,1,0,20251110,CHA,LAL,5520,0,1629028|1629029|1629060|1631222|1642261,0,REG,2026,1610612747,,,,,
22500198115,,Shot Chart Detail,22500198,115,1629028,Deandre Ayton,1610612747,Los Angeles Lakers,1,2,39,Missed Shot,Layup Shot,2PT Field Goal,Restricted Area,Center(C),Less Than 8 ft.,3,-32,9,1,0,20251110,CHA,LAL,5610,0,1629028|1629029|1629060|1631222|1642261,0,REG,2026,1610612747,,,,,
22500198130,,Shot Chart Detail,22500198,130,1629637,Jaxson Hayes,1610612747,Los Angeles Lakers,1,2,2,Made Shot,Alley Oop Dunk Shot,2PT Field Goal,Restricted Area,Center(C),Less Than 8 ft.,1,9,5,1,1,20251110,CHA,LAL,5980,0,1629020|1629029|1629637|1631222|1642261,1,REG,2026,1610612747,,,,,
22500198138,,Shot Chart Detail,22500198,138,1630559,Austin Reaves,1610612747,Los Angeles Lakers,1,1,19,Missed Shot,Pullup Jump shot,3PT Field Goal,Above the Break 3,Right Side Center(RC),24+ ft.,31,129,287,1,0,20251110,CHA,LAL,6410,0,1629020|1629637|1630559|1631222|1642261,0,REG,2026,1610612747,,,,,
22500198154,,Shot Chart Detail,22500198,154,1642261,Dalton Knecht,1610612747,Los Angeles Lakers,1,0,8,Made Shot,Jump Shot,3PT Field Goal,Above the Break 3,Right Side Center(RC),24+ ft.,26,127,229,1,1,20251110,CHA,LAL,7120,0,1629020|1629637|1630559|1631222|1642261,1,REG,2026,1610612747,,,,,
22500198170,,Shot Chart Detail,22500198,170,1630559,Austin Reaves,1610612747,Los Angeles Lakers,2,11,43,Missed Shot,Pullup Jump shot,3PT Field Goal,Above the Break 3,Center(C),24+ ft.,25,22,255,1,0,20251110,CHA,LAL,7370,0,203935|1629020|1629637|1630559|1642261,0,REG,2026,1610612747,,,,,
22500198178,,Shot Chart Detail,22500198,178,1630559,Austin Reaves,1610612747,Los Angeles Lakers,2,10,59,Made Shot,Pullup Jump shot,3PT Field Goal,Above the Break 3,Center(C),24+ ft.,24,-23,248,1,1,20251110,CHA,LAL,7810,0,203935|1629020|1629637|1630559|1642261,0,REG,2026,1610612747,,,,,
22500198190,,Shot Chart Detail,22500198,190,203935,Marcus Smart,1610612747,Los Angeles Lakers,2,10,2,Made Shot,Jump Shot,3PT Field Goal,Above the Break 3,Left Side Center(LC),24+ ft.,26,-94,247,1,1,20251110,CHA,LAL,8380,0,203935|1629020|1629637|1630559|1642261,0,REG,2026,1610612747,,,,,
22500198193,,Shot Chart Detail,22500198,193,1630559,Austin Reaves,1610612747,Los Angeles Lakers,2,9,38,Made Shot,Driving Layup Shot,2PT Field Goal,In The Paint (Non-RA),Center(C),Less Than 8 ft.,4,-9,40,1,1,20251110,CHA,LAL,8620,0,203935|1629020|1629637|1630559|1642261,0,REG,2026,1610612747,,,,,
22500198203,,Shot Chart Detail,22500198,203,1642261,Dalton Knecht,1610612747,Los Angeles Lakers,2,9,6,Missed Shot,Pullup Jump shot,2PT Field Goal,In The Paint (Non-RA),Center(C),8-16 ft.,14,59,130,1,0,20251110,CHA,LAL,8940,0,203935|1629020|1629637|1630559|1642261,0,REG,2026,1610612747,,,,,
22500198207,,Shot Chart Detail,22500198,207,1642261,Dalton Knecht,1610612747,Los Angeles Lakers,2,8,43,Missed Shot,Fadeaway Jump Shot,2PT Field Goal,In The Paint (Non-RA),Center(C),8-16 ft.,10,33,96,1,0,20251110,CHA,LAL,9170,0,203935|1629020|1629637|1630559|1642261,0,REG,2026,1610612747,,,,,
22500198213,,Shot Chart Detail,22500198,213,203935,Marcus Smart,1610612747,Los Angeles Lakers,2,8,18,Missed Shot,Jump Shot,3PT Field Goal,Left Corner 3,Left Side(L),24+ ft.,22,-225,14,1,0,20251110,CHA,LAL,9420,0,203935|1629020|1629637|1630559|1642261,0,REG,2026,1610612747,,,,,
22500198216,,Shot Chart Detail,22500198,216,1630559,Austin Reaves,1610612747,Los Angeles Lakers,2,7,35,Missed Shot,Pullup Jump shot,3PT Field Goal,Above the Break 3,Left Side Center(LC),24+ ft.,25,-201,158,1,0,20251110,CHA,LAL,9850,0,203935|1629020|1629637|1630559|1642261,0,REG,2026,1610612747,,,,,
22500198220,,Shot Chart Detail,22500198,220,203935,Marcus Smart,1610612747,Los Angeles Lakers,2,6,59,Missed Shot,Jump Shot,3PT Field Goal,Above the Break 3,Left Side Center(LC),24+ ft.,24,-172,176,1,0,20251110,CHA,LAL,10210,0,203935|1629020|1629637|1630559|1642261,0,REG,2026,1610612747,,,,,
22500198239,,Shot Chart Detail,22500198,239,1631222,Jake LaRavia,1610612747,Los Angeles Lakers,2,6,19,Missed Shot,Jump Shot,3PT Field Goal,Above the Break 3,Right Side Center(RC),24+ ft.,24,99,222,1,0,20251110,CHA,LAL,10610,0,203935|1629028|1629029|1629060|1631222,0,REG,2026,1610612747,,,,,
22500198246,,Shot Chart Detail,22500198,246,1631222,Jake LaRavia,1610612747,Los Angeles Lakers,2,5,26,Missed Shot,Jump Shot,3PT Field Goal,Right Corner 3,Right Side(R),24+ ft.,23,232,22,1,0,20251110,CHA,LAL,11140,0,203935|1629028|1629029|1629060|1631222,0,REG,2026,1610612747,,,,,
22500198248,,Shot Chart Detail,22500198,248,203935,Marcus Smart,1610612747,Los Angeles Lakers,2,5,12,Made Shot,Jump Shot,3PT Field Goal,Left Corner 3,Left Side(L),24+ ft.,22,-227,3,1,1,20251110,CHA,LAL,11280,0,203935|1629028|1629029|1629060|1631222,1,REG,2026,1610612747,,,,,
22500198258,,Shot Chart Detail,22500198,258,1629029,Luka Dončić,1610612747,Los Angeles Lakers,2,4,35,Made Shot,Pullup Jump shot,3PT Field Goal,Above the Break 3,Left Side Center(LC),24+ ft.,26,-104,239,1,1,20251110,CHA,LAL,11650,0,1629020|1629028|1629029|1629060|1631222,0,REG,2026,1610612747,,,,,
22500198266,,Shot Chart Detail,22500198,266,1629029,Luka Dončić,1610612747,Los Angeles Lakers,2,4,7,Missed Shot,Pullup Jump shot,3PT Field Goal,Above the Break 3,Left Side Center(LC),24+ ft.,28,-135,255,1,0,20251110,CHA,LAL,11930,0,1629020|1629028|1629029|1629060|1631222,0,REG,2026,1610612747,,,,,
22500198273,,Shot Chart Detail,22500198,273,1629028,Deandre Ayton,1610612747,Los Angeles Lakers,2,3,31,Made Shot,Hook Shot,2PT Field Goal,In The Paint (Non-RA),Center(C),Less Than 8 ft.,4,38,32,1,1,20251110,CHA,LAL,12290,0,1629020|1629028|1629029|1629060|1631222,1,REG,2026,1610612747,,,,,
22500198277,,Shot Chart Detail,22500198,277,1629029,Luka Dončić,1610612747,Los Angeles Lakers,2,2,55,Made Shot,Driving Floating Bank Jump Shot,2PT Field Goal,Mid-Range,Left Side(L),8-16 ft.,14,-135,57,1,1,20251110,CHA,LAL,12650,0,1629020|1629028|1629029|1629060|1631222,0,REG,2026,1610612747,,,,,
22500198304,,Shot Chart Detail,22500198,304,203935,Marcus Smart,1610612747,Los Angeles Lakers,2,1,33,Made Shot,Driving Finger Roll Layup Shot,2PT Field Goal,Restricted Area,Center(C),Less Than 8 ft.,2,9,27,1,1,20251110,CHA,LAL,13470,0,203935|1629028|1629029|1629060|1630559,0,REG,2026,1610612747,,,,,
22500198307,,Shot Chart Detail,22500198,307,1629029,Luka Dončić,1610612747,Los Angeles Lakers,2,1,5,Missed Shot,Turnaround Jump Shot,3PT Field Goal,Above the Break 3,Left Side Center(LC),24+ ft.,25,-169,188,1,0,20251110,CHA,LAL,13750,0,203935|1629028|1629029|1629060|1630559,0,REG,2026,1610612747,,,,,
22500198310,,Shot Chart Detail,22500198,310,1629060,Rui Hachimura,1610612747,Los Angeles Lakers,2,1,0,Missed Shot,Layup Shot,2PT Field Goal,Restricted Area,Center(C),Less Than 8 ft.,2,23,19,1,0,20251110,CHA,LAL,13800,0,203935|1629028|1629029|1629060|1630559,0,REG,2026,1610612747,,,,,
22500198312,,Shot Chart Detail,22500198,312,1629060,Rui Hachimura,1610612747,Los Angeles Lakers,2,0,58,Missed Shot,Tip Layup Shot,2PT Field Goal,Restricted Area,Center(C),Less Than 8 ft.,0,0,0,1,0,20251110,CHA,LAL,13820,0,203935|1629028|1629029|1629060|1630559,0,REG,2026,1610612747,,,,,
22500198323,,Shot Chart Detail,22500198,323,1629029,Luka Dončić,1610612747,Los Angeles Lakers,2,0,26,Made Shot,Step Back Jump shot,3PT Field Goal,Above the Break 3,Left Side Center(LC),24+ ft.,25,-151,208,1,1,20251110,CHA,LAL,14140,0,203935|1629028|1629029|1629060|1630559,1,REG,2026,1610612747,,,,,
22500198327,,Shot Chart Detail,22500198,327,1630559,Austin Reaves,1610612747,Los Angeles Lakers,2,0,0,Made Shot,Driving Layup Shot,2PT Field Goal,Restricted Area,Center(C),Less Than 8 ft.,1,1,19,1,1,20251110,CHA,LAL,14400,0,203935|1629028|1629029|1629060|1630559,1,REG,2026,1610612747,,,,,
22500198334,,Shot Chart Detail,22500198,334,1629028,Deandre Ayton,1610612747,Los Angeles Lakers,3,11,45,Made Shot,Hook Shot,2PT Field Goal,In The Paint (Non-RA),Center(C),Less Than 8 ft.,5,-4,53,1,1,20251110,CHA,LAL,14550,0,203935|1629028|1629029|1629060|1630559,1,REG,2026,1610612747,,,,,
22500198338,,Shot Chart Detail,22500198,338,1629060,Rui Hachimura,1610612747,Los Angeles Lakers,3,11,23,Made Shot,Running Layup Shot,2PT Field Goal,Restricted Area,Center(C),Less Than 8 ft.,2,10,26,1,1,20251110,CHA,LAL,14770,0,203935|1629028|1629029|1629060|1630559,1,REG,2026,1610612747,,,,,
22500198342,,Shot Chart Detail,22500198,342,1629029,Luka Dončić,1610612747,Los Angeles Lakers,3,10,51,Missed Shot,Pullup Jump shot,3PT Field Goal,Above the Break 3,Center(C),24+ ft.,33,-56,333,1,0,20251110,CHA,LAL,15090,0,203935|1629028|1629029|1629060|1630559,0,REG,2026,1610612747,,,,,
22500198346,,Shot Chart Detail,22500198,346,1629028,Deandre Ayton,1610612747,Los Angeles Lakers,3,10,19,Made Shot,Layup Shot,2PT Field Goal,Restricted Area,Center(C),Less Than 8 ft.,2,7,28,1,1,20251110,CHA,LAL,15410,0,203935|1629028|1629029|1629060|1630559,1,REG,2026,1610612747,,,,,
22500198353,,Shot Chart Detail,22500198,353,1630559,Austin Reaves,1610612747,Los Angeles Lakers,3,9,44,Missed Shot,Jump Shot,3PT Field Goal,Above the Break 3,Center(C),24+ ft.,29,0,290,1,0,20251110,CHA,LAL,15760,0,203935|1629028|1629029|1629060|1630559,0,REG,2026,1610612747,,,,,
22500198358,,Shot Chart Detail,22500198,358,1629029,Luka Dončić,1610612747,Los Angeles Lakers,3,9,12,Made Shot,Turnaround Fadeaway shot,2PT Field Goal,Mid-Range,Left Side(L),8-16 ft.,14,-137,50,1,1,20251110,CHA,LAL,16080,0,203935|1629028|1629029|1629060|1630559,0,REG,2026,1610612747,,,,,
22500198361,,Shot Chart Detail,22500198,361,1630559,Austin Reaves,1610612747,Los Angeles Lakers,3,8,43,Missed Shot,Pullup Jump shot,3PT Field Goal,Above the Break 3,Left Side Center(LC),24+ ft.,27,-150,228,1,0,20251110,CHA,LAL,16370,0,203935|1629028|1629029|1629060|1630559,0,REG,2026,1610612747,,,,,
22500198370,,Shot Chart Detail,22500198,370,1629028,Deandre Ayton,1610612747,Los Angeles Lakers,3,8,17,Missed Shot,Driving Floating Jump Shot,2PT Field Goal,In The Paint (Non-RA),Center(C),Less Than 8 ft.,5,17,48,1,0,20251110,CHA,LAL,16630,0,203935|1629028|1629029|1629060|1630559,0,REG,2026,1610612747,,,,,
22500198372,,Shot Chart Detail,22500198,372,1629060,Rui Hachimura,1610612747,Los Angeles Lakers,3,8,13,Made Shot,Jump Shot,3PT Field Goal,Above the Break 3,Center(C),24+ ft.,27,21,270,1,1,20251110,CHA,LAL,16670,0,203935|1629028|1629029|1629060|1630559,1,REG,2026,1610612747,,,,,
22500198377,,Shot Chart Detail,22500198,377,1629029,Luka Dončić,1610612747,Los Angeles Lakers,3,7,34,Missed Shot,Fadeaway Jump Shot,2PT Field Goal,In The Paint (Non-RA),Center(C),Less Than 8 ft.,7,26,74,1,0,20251110,CHA,LAL,17060,0,203935|1629028|1629029|1629060|1630559,0,REG,2026,1610612747,,,,,
22500198379,,Shot Chart Detail,22500198,379,1629029,Luka Dončić,1610612747,Los Angeles Lakers,3,7,27,Missed Shot,Jump Shot,3PT Field Goal,Above the Break 3,Center(C),24+ ft.,28,38,278,1,0,20251110,CHA,LAL,17130,0,203935|1629028|1629029|1629060|1630559,0,REG,2026,1610612747,,,,,
22500198383,,Shot Chart Detail,22500198,383,1629060,Rui Hachimura,1610612747,Los Angeles Lakers,3,7,6,Made Shot,Running Jump Shot,3PT Field Goal,Right Corner 3,Right Side(R),24+ ft.,23,228,48,1,1,20251110,CHA,LAL,17340,0,203935|1629028|1629029|1629060|1630559,1,REG,2026,1610612747,,,,,
22500198393,,Shot Chart Detail,22500198,393,1629029,Luka Dončić,1610612747,Los Angeles Lakers,3,6,12,Made Shot,Step Back Jump shot,3PT Field Goal,Above the Break 3,Right Side Center(RC),24+ ft.,26,105,248,1,1,20251110,CHA,LAL,17880,0,203935|1629028|1629029|1629060|1631222,0,REG,2026,1610612747,,,,,
22500198397,,Shot Chart Detail,22500198,397,1629060,Rui Hachimura,1610612747,Los Angeles Lakers,3,5,50,Made Shot,Running Jump Shot,3PT Field Goal,Above the Break 3,Right Side Center(RC),24+ ft.,25,174,186,1,1,20251110,CHA,LAL,18100,0,203935|1629028|1629029|1629060|1631222,1,REG,2026,1610612747,,,,,
22500198406,,Shot Chart Detail,22500198,406,1629060,Rui Hachimura,1610612747,Los Angeles Lakers,3,5,18,Made Shot,Pullup Jump shot,2PT Field Goal,Mid-Range,Left Side Center(LC),16-24 ft.,17,-56,168,1,1,20251110,CHA,LAL,18420,0,203935|1629028|1629029|1629060|1631222,1,REG,2026,1610612747,,,,,
22500198413,,Shot Chart Detail,22500198,413,203935,Marcus Smart,1610612747,Los Angeles Lakers,3,4,23,Missed Shot,Jump Shot,3PT Field Goal,Above the Break 3,Left Side Center(LC),24+ ft.,26,-192,184,1,0,20251110,CHA,LAL,18970,0,203935|1629028|1629029|1629060|1631222,0,REG,2026,1610612747,,,,,
22500198418,,Shot Chart Detail,22500198,418,1629029,Luka Dončić,1610612747,Los Angeles Lakers,3,3,41,Made Shot,Driving Dunk Shot,2PT Field Goal,Restricted Area,Center(C),Less Than 8 ft.,2,2,23,1,1,20251110,CHA,LAL,19390,0,203935|1629028|1629029|1629060|1631222,0,REG,2026,1610612747,,,,,
22500198421,,Shot Chart Detail,22500198,421,1629029,Luka Dončić,1610612747,Los Angeles Lakers,3,3,30,Missed Shot,Running Pull-Up Jump Shot,3PT Field Goal,Above the Break 3,Right Side Center(RC),24+ ft.,28,183,215,1,0,20251110,CHA,LAL,19500,0,203935|1629028|1629029|1629060|1631222,0,REG,2026,1610612747,,,,,
22500198426,,Shot Chart Detail,22500198,426,1631222,Jake LaRavia,1610612747,Los Angeles Lakers,3,2,48,Missed Shot,Fadeaway Jump Shot,2PT Field Goal,Mid-Range,Left Side(L),16-24 ft.,18,-157,94,1,0,20251110,CHA,LAL,19920,0,203935|1629028|1629029|1629060|1631222,0,REG,2026,1610612747,,,,,
22500198442,,Shot Chart Detail,22500198,442,1629029,Luka Dončić,1610612747,Los Angeles Lakers,3,2,0,Missed Shot,Pullup Jump shot,3PT Field Goal,Above the Break 3,Center(C),24+ ft.,26,7,263,1,0,20251110,CHA,LAL,20400,0,1629020|1629029|1629060|1629637|1631222,0,REG,2026,1610612747,,,,,
22500198444,,Shot Chart Detail,22500198,444,1631222,Jake LaRavia,1610612747,Los Angeles Lakers,3,1,58,Made Shot,Tip Layup Shot,2PT Field Goal,Restricted Area,Center(C),Less Than 8 ft.,0,0,0,1,1,20251110,CHA,LAL,20420,0,1629020|1629029|1629060|1629637|1631222,0,REG,2026,1610612747,,,,,
22500198452,,Shot Chart Detail,22500198,452,1630559,Austin Reaves,1610612747,Los Angeles Lakers,3,0,53,Made Shot,Fadeaway Jump Shot,2PT Field Goal,In The Paint (Non-RA),Center(C),8-16 ft.,12,-42,122,1,1,20251110,CHA,LAL,21070,0,1629020|1629029|1629637|1630559|1631222,0,REG,2026,1610612747,,,,,
22500198459,,Shot Chart Detail,22500198,459,1629029,Luka Dončić,1610612747,Los Angeles Lakers,3,0,28,Made Shot,Jump Shot,3PT Field Goal,Above the Break 3,Center(C),24+ ft.,26,25,264,1,1,20251110,CHA,LAL,21320,0,1629020|1629029|1629637|1630559|1631222,0,REG,2026,1610612747,,,,,
22500198476,,Shot Chart Detail,22500198,476,1629637,Jaxson Hayes,1610612747,Los Angeles Lakers,4,11,25,Missed Shot,Cutting Layup Shot,2PT Field Goal,In The Paint (Non-RA),Center(C),Less Than 8 ft.,6,-29,62,1,0,20251110,CHA,LAL,21950,0,203935|1629020|1629637|1630559|1631222,0,REG,2026,1610612747,,,,,
22500198483,,Shot Chart Detail,22500198,483,1631222,Jake LaRavia,1610612747,Los Angeles Lakers,4,11,4,Made Shot,Running Layup Shot,2PT Field Goal,Restricted Area,Center(C),Less Than 8 ft.,3,20,25,1,1,20251110,CHA,LAL,22160,0,203935|1629020|1629637|1630559|1631222,1,REG,2026,1610612747,,,,,
22500198487,,Shot Chart Detail,22500198,487,1630559,Austin Reaves,1610612747,Los Angeles Lakers,4,10,34,Missed Shot,Jump Shot,3PT Field Goal,Above the Break 3,Center(C),24+ ft.,31,-20,315,1,0,20251110,CHA,LAL,22460,0,203935|1629020|1629637|1630559|1631222,0,REG,2026,1610612747,,,,,
22500198495,,Shot Chart Detail,22500198,495,1630559,Austin Reaves,1610612747,Los Angeles Lakers,4,10,2,Missed Shot,Fadeaway Jump Shot,2PT Field Goal,In The Paint (Non-RA),Center(C),8-16 ft.,12,43,121,1,0,20251110,CHA,LAL,22780,0,203935|1629020|1629637|1630559|1631222,0,REG,2026,1610612747,,,,,
22500198498,,Shot Chart Detail,22500198,498,1630559,Austin Reaves,1610612747,Los Angeles Lakers,4,9,41,Missed Shot,Step Back Jump shot,3PT Field Goal,Above the Break 3,Center(C),24+ ft.,29,38,289,1,0,20251110,CHA,LAL,22990,0,203935|1629020|1629637|1630559|1631222,0,REG,2026,1610612747,,,,,
22500198505,,Shot Chart Detail,22500198,505,203935,Marcus Smart,1610612747,Los Angeles Lakers,4,9,6,Missed Shot,Driving Floating Jump Shot,2PT Field Goal,In The Paint (Non-RA),Center(C),8-16 ft.,11,10,118,1,0,20251110,CHA,LAL,23340,0,203935|1629020|1629637|1630559|1631222,0,REG,2026,1610612747,,,,,
22500198529,,Shot Chart Detail,22500198,529,1629029,Luka Dončić,1610612747,Los Angeles Lakers,4,8,24,Missed Shot,Running Pull-Up Jump Shot,3PT Field Goal,Above the Break 3,Right Side Center(RC),24+ ft.,25,108,236,1,0,20251110,CHA,LAL,23760,0,203935|1629029|1629060|1629637|1630559,0,REG,2026,1610612747,,,,,
22500198535,,Shot Chart Detail,22500198,535,1630559,Austin Reaves,1610612747,Los Angeles Lakers,4,8,9,Made Shot,Jump Shot,3PT Field Goal,Above the Break 3,Right Side Center(RC),24+ ft.,28,197,206,1,1,20251110,CHA,LAL,23910,0,203935|1629029|1629060|1629637|1630559,1,REG,2026,1610612747,,,,,
22500198540,,Shot Chart Detail,22500198,540,1630559,Austin Reaves,1610612747,Los Angeles Lakers,4,7,32,Missed Shot,Step Back Jump shot,3PT Field Goal,Above the Break 3,Left Side Center(LC),24+ ft.,26,-162,211,1,0,20251110,CHA,LAL,24280,0,203935|1629029|1629060|1629637|1630559,0,REG,2026,1610612747,,,,,
22500198563,,Shot Chart Detail,22500198,563,1629060,Rui Hachimura,1610612747,Los Angeles Lakers,4,5,54,Made Shot,Pullup Jump shot,2PT Field Goal,Mid-Range,Right Side Center(RC),16-24 ft.,18,132,123,1,1,20251110,CHA,LAL,25260,0,203935|1629028|1629029|1629060|1631222,1,REG,2026,1610612747,,,,,
22500198567,,Shot Chart Detail,22500198,567,1629029,Luka Dončić,1610612747,Los Angeles Lakers,4,5,40,Made Shot,Running Layup Shot,2PT Field Goal,Restricted Area,Center(C),Less Than 8 ft.,2,17,23,1,1,20251110,CHA,LAL,25400,0,203935|1629028|1629029|1629060|1631222,1,REG,2026,1610612747,,,,,
22500198575,,Shot Chart Detail,22500198,575,1631222,Jake LaRavia,1610612747,Los Angeles Lakers,4,4,20,Missed Shot,Driving Layup Shot,2PT Field Goal,In The Paint (Non-RA),Center(C),Less Than 8 ft.,4,-11,42,1,0,20251110,CHA,LAL,26200,0,203935|1629028|1629029|1629060|1631222,0,REG,2026,1610612747,,,,,
22500198579,,Shot Chart Detail,22500198,579,1629029,Luka Dončić,1610612747,Los Angeles Lakers,4,4,17,Made Shot,Pullup Jump shot,2PT Field Goal,Mid-Range,Right Side(R),8-16 ft.,13,87,102,1,1,20251110,CHA,LAL,26230,0,203935|1629028|1629029|1629060|1631222,1,REG,2026,1610612747,,,,,
22500198586,,Shot Chart Detail,22500198,586,1629029,Luka Dončić,1610612747,Los Angeles Lakers,4,3,56,Missed Shot,Running Jump Shot,3PT Field Goal,Above the Break 3,Left Side Center(LC),24+ ft.,30,-173,256,1,0,20251110,CHA,LAL,26440,0,203935|1629028|1629029|1629060|1631222,0,REG,2026,1610612747,,,,,
22500198594,,Shot Chart Detail,22500198,594,1629060,Rui Hachimura,1610612747,Los Angeles Lakers,4,3,28,Made Shot,Fadeaway Jump Shot,2PT Field Goal,Mid-Range,Right Side(R),8-16 ft.,15,105,109,1,1,20251110,CHA,LAL,26720,0,203935|1629028|1629029|1629060|1630559,0,REG,2026,1610612747,,,,,
22500198598,,Shot Chart Detail,22500198,598,1629029,Luka Dončić,1610612747,Los Angeles Lakers,4,3,4,Missed Shot,Driving Floating Jump Shot,2PT Field Goal,In The Paint (Non-RA),Center(C),Less Than 8 ft.,6,61,16,1,0,20251110,CHA,LAL,26960,0,203935|1629028|1629029|1629060|1630559,0,REG,2026,1610612747,,,,,
22500198602,,Shot Chart Detail,22500198,602,203935,Marcus Smart,1610612747,Los Angeles Lakers,4,2,32,Made Shot,Jump Shot,3PT Field Goal,Above the Break 3,Right Side Center(RC),24+ ft.,26,131,230,1,1,20251110,CHA,LAL,27280,0,203935|1629028|1629029|1629060|1630559,1,REG,2026,1610612747,,,,,
22500198614,,Shot Chart Detail,22500198,614,1629028,Deandre Ayton,1610612747,Los Angeles Lakers,4,1,38,Made Shot,Alley Oop Dunk Shot,2PT Field Goal,Restricted Area,Center(C),Less Than 8 ft.,2,16,21,1,1,20251110,CHA,LAL,27820,0,203935|1629028|1629029|1629060|1630559,1,REG,2026,1610612747,,,,,
22500198620,,Shot Chart Detail,22500198,620,1630559,Austin Reaves,1610612747,Los Angeles Lakers,4,0,56,Missed Shot,Fadeaway Jump Shot,2PT Field Goal,In The Paint (Non-RA),Center(C),8-16 ft.,12,-28,121,1,0,20251110,CHA,LAL,28240,0,203935|1629028|1629029|1629060|1630559,0,REG,2026,1610612747,,,,,
22500198624,,Shot Chart Detail,22500198,624,1629028,Deandre Ayton,1610612747,Los Angeles Lakers,4,0,22,Missed Shot,Layup Shot,2PT Field Goal,In The Paint (Non-RA),Center(C),Less Than 8 ft.,6,-54,32,1,0,20251110,CHA,LAL,28580,0,203935|1629028|1629029|1629060|1630559,0,REG,2026,1610612747,,,,,
22500198630,,Shot Chart Detail,22500198,630,1629029,Luka Dončić,1610612747,Los Angeles Lakers,4,0,16,Missed Shot,Jump Shot,3PT Field Goal,Above the Break 3,Right Side Center(RC),24+ ft.,30,109,285,1,0,20251110,CHA,LAL,28640,0,203935|1629028|1629029|1629060|1630559,0,REG,2026,1610612747,,,,,
225002227,,Shot Chart Detail,22500222,7,1629028,Deandre Ayton,1610612747,Los Angeles Lakers,1,11,44,Missed Shot,Cutting Layup Shot,2PT Field Goal,Restricted Area,Center(C),Less Than 8 ft.,3,4,38,1,0,20251112,OKC,LAL,160,0,203935|1629028|1629029|1629060|1630559,0,REG,2026,1610612747,,,,,
2250022212,,Shot Chart Detail,22500222,12,1629029,Luka Dončić,1610612747,Los Angeles Lakers,1,11,24,Made Shot,Driving Layup Shot,2PT Field Goal,Restricted Area,Center(C),Less Than 8 ft.,1,12,13,1,1,20251112,OKC,LAL,360,0,203935|1629028|1629029|1629060|1630559,0,REG,2026,1610612747,,,,,
2250022215,,Shot Chart Detail,22500222,15,1629060,Rui Hachimura,1610612747,Los Angeles Lakers,1,10,42,Missed Shot,Pullup Jump shot,2PT Field Goal,In The Paint (Non-RA),Left Side(L),8-16 ft.,12,-75,105,1,0,20251112,OKC,LAL,780,0,203935|1629028|1629029|1629060|1630559,0,REG,2026,1610612747,,,,,
2250022219,,Shot Chart Detail,22500222,19,1629028,Deandre Ayton,1610612747,Los Angeles Lakers,1,10,22,Made Shot,Jump Shot,2PT Field Goal,Mid-Range,Center(C),16-24 ft.,16,4,162,1,1,20251112,OKC,LAL,980,0,203935|1629028|1629029|1629060|1630559,1,REG,2026,1610612747,,,,,
2250022222,,Shot Chart Detail,22500222,22,1629060,Rui Hachimura,1610612747,Los Angeles Lakers,1,9,45,Made Shot,Jump Shot,3PT Field Goal,Above the Break 3,Left Side Center(LC),24+ ft.,26,-235,120,1,1,20251112,OKC,LAL,1350,0,203935|1629028|1629029|1629060|1630559,1,REG,2026,1610612747,,,,,
2250022229,,Shot Chart Detail,22500222,29,1629029,Luka Dončić,1610612747,Los Angeles Lakers,1,9,0,Made Shot,Step Back Jump shot,3PT Field Goal,Above the Break 3,Center(C),24+ ft.,27,83,263,1,1,20251112,OKC,LAL,1800,0,203935|1629028|1629029|1629060|1630559,0,REG,2026,1610612747,,,,,
2250022233,,Shot Chart Detail,22500222,33,1630559,Austin Reaves,1610612747,Los Angeles Lakers,1,8,21,Missed Shot,Pullup Jump shot,3PT Field Goal,Above the Break 3,Center(C),24+ ft.,27,-5,273,1,0,20251112,OKC,LAL,2190,0,203935|1629028|1629029|1629060|1630559,0,REG,2026,1610612747,,,,,
2250022237,,Shot Chart Detail,22500222,37,1629029,Luka Dončić,1610612747,Los Angeles Lakers,1,7,39,Missed Shot,Step Back Jump shot,3PT Field Goal,Above the Break 3,Left Side Center(LC),24+ ft.,27,-165,225,1,0,20251112,OKC,LAL,2610,0,203935|1629028|1629029|1629060|1630559,0,REG,2026,1610612747,,,,,
2250022239,,Shot Chart Detail,22500222,39,203935,Marcus Smart,1610612747,Los Angeles Lakers,1,7,31,Missed Shot,Jump Shot,3PT Field Goal,Above the Break 3,Right Side Center(RC),24+ ft.,25,154,207,1,0,20251112,OKC,LAL,2690,0,203935|1629028|1629029|1629060|1630559,0,REG,2026,1610612747,,,,,
2250022243,,Shot Chart Detail,22500222,43,1629029,Luka Dončić,1610612747,Los Angeles Lakers,1,7,8,Missed Shot,Driving Floating Jump Shot,2PT Field Goal,In The Paint (Non-RA),Left Side(L),8-16 ft.,13,-74,110,1,0,20251112,OKC,LAL,2920,0,203935|1629028|1629029|1629060|1630559,0,REG,2026,1610612747,,,,,
2250022256,,Shot Chart Detail,22500222,56,1630559,Austin Reaves,1610612747,Los Angeles Lakers,1,6,29,Missed Shot,Pullup Jump shot,2PT Field Goal,In The Paint (Non-RA),Center(C),8-16 ft.,14,72,126,1,0,20251112,OKC,LAL,3310,0,203935|1629028|1629029|1629060|1630559,0,REG,2026,1610612747,,,,,
2250022263,,Shot Chart Detail,22500222,63,1629028,Deandre Ayton,1610612747,Los Angeles Lakers,1,6,6,Made Shot,Cutting Layup Shot,2PT Field Goal,Restricted Area,Center(C),Less Than 8 ft.,2,-10,20,1,1,20251112,OKC,LAL,3540,0,203935|1629028|1629029|1629060|1630559,1,REG,2026,1610612747,,,,,
2250022276,,Shot Chart Detail,22500222,76,1629029,Luka Dončić,1610612747,Los Angeles Lakers,1,5,1,Missed Shot,Step Back Jump shot,2PT Field Goal,Mid-Range,Center(C),16-24 ft.,20,4,204,1,0,20251112,OKC,LAL,4190,0,1629028|1629029|1629060|1630559|1631222,0,REG,2026,1610612747,,,,,
2250022289,,Shot Chart Detail,22500222,89,1629060,Rui Hachimura,1610612747,Los Angeles Lakers,1,4,24,Missed Shot,Jump Shot,3PT Field Goal,Left Corner 3,Left Side(L),24+ ft.,22,-229,-1,1,0,20251112,OKC,LAL,4560,0,1629020|1629028|1629029|1629060|1631222,0,REG,2026,1610612747,,,,,
2250022295,,Shot Chart Detail,22500222,95,1629028,Deandre Ayton,1610612747,Los Angeles Lakers,1,3,50,Made Shot,Hook Shot,2PT Field Goal,In The Paint (Non-RA),Center(C),Less Than 8 ft.,6,2,64,1,1,20251112,OKC,LAL,4900,0,1629020|1629028|1629029|1629060|1631222,1,REG,2026,1610612747,,,,,
22500222109,,Shot Chart Detail,22500222,109,1629029,Luka Dončić,1610612747,Los Angeles Lakers,1,2,41,Made Shot,Driving Floating Bank Jump Shot,2PT Field Goal,Mid-Range,Right Side(R),8-16 ft.,8,81,38,1,1,20251112,OKC,LAL,5590,0,1629020|1629029|1629060|1629637|1631222,0,REG,2026,1610612747,,,,,
22500222123,,Shot Chart Detail,22500222,123,1629029,Luka Dončić,1610612747,Los Angeles Lakers,1,1,45,Missed Shot,Step Back Jump shot,3PT Field Goal,Above the Break 3,Left Side Center(LC),24+ ft.,28,-129,249,1,0,20251112,OKC,LAL,6150,0,1629020|1629029|1629060|1629637|1631222,0,REG,2026,1610612747,,,,,
22500222126,,Shot Chart Detail,22500222,126,1631222,Jake LaRavia,1610612747,Los Angeles Lakers,1,1,10,Missed Shot,Driving Floating Jump Shot,2PT Field Goal,In The Paint (Non-RA),Center(C),8-16 ft.,12,-29,117,1,0,20251112,OKC,LAL,6500,0,1629020|1629029|1629060|1629637|1631222,0,REG,2026,1610612747,,,,,
22500222134,,Shot Chart Detail,22500222,134,1629029,Luka Dončić,1610612747,Los Angeles Lakers,1,0,39,Missed Shot,Driving Floating Jump Shot,2PT Field Goal,Mid-Range,Left Side(L),8-16 ft.,12,-116,33,1,0,20251112,OKC,LAL,6810,0,1629020|1629029|1629637|1630559|1631222,0,REG,2026,1610612747,,,,,
22500222138,,Shot Chart Detail,22500222,138,1630559,Austin Reaves,1610612747,Los Angeles Lakers,1,0,9,Made Shot,Driving Layup Shot,2PT Field Goal,Restricted Area,Center(C),Less Than 8 ft.,1,15,11,1,1,20251112,OKC,LAL,7110,0,1629020|1629029|1629637|1630559|1631222,1,REG,2026,1610612747,,,,,
22500222162,,Shot Chart Detail,22500222,162,1630559,Austin Reaves,1610612747,Los Angeles Lakers,2,11,18,Missed Shot,Step Back Jump shot,3PT Field Goal,Above the Break 3,Right Side Center(RC),24+ ft.,25,179,183,1,0,20251112,OKC,LAL,7620,0,203935|1629020|1629637|1630559|1642261,0,REG,2026,1610612747,,,,,
22500222166,,Shot Chart Detail,22500222,166,1630559,Austin Reaves,1610612747,Los Angeles Lakers,2,10,50,Missed Shot,Running Layup Shot,2PT Field Goal,Restricted Area,Center(C),Less Than 8 ft.,1,7,8,1,0,20251112,OKC,LAL,7900,0,203935|1629020|1629637|1630559|1642261,0,REG,2026,1610612747,,,,,
22500222194,,Shot Chart Detail,22500222,194,203935,Marcus Smart,1610612747,Los Angeles Lakers,2,9,47,Missed Shot,Jump Shot,3PT Field Goal,Above the Break 3,Left Side Center(LC),24+ ft.,26,-237,112,1,0,20251112,OKC,LAL,8530,0,203935|1629028|1629060|1630559|1642261,0,REG,2026,1610612747,,,,,
22500222222,,Shot Chart Detail,22500222,222,1630559,Austin Reaves,1610612747,Los Angeles Lakers,2,8,23,Missed Shot,Pullup Jump shot,2PT Field Goal,In The Paint (Non-RA),Right Side(R),8-16 ft.,9,70,59,1,0,20251112,OKC,LAL,9370,0,203935|1629028|1629029|1629060|1630559,0,REG,2026,1610612747,,,,,
22500222230,,Shot Chart Detail,22500222,230,1629029,Luka Dončić,1610612747,Los Angeles Lakers,2,7,39,Missed Shot,Driving Floating Jump Shot,2PT Field Goal,In The Paint (Non-RA),Center(C),8-16 ft.,9,7,90,1,0,20251112,OKC,LAL,9810,0,203935|1629028|1629029|1629060|1630559,0,REG,2026,1610612747,,,,,
22500222239,,Shot Chart Detail,22500222,239,203935,Marcus Smart,1610612747,Los Angeles Lakers,2,7,10,Missed Shot,Pullup Jump shot,2PT Field Goal,Mid-Range,Center(C),8-16 ft.,14,-39,144,1,0,20251112,OKC,LAL,10100,0,203935|1629028|1629029|1629060|1630559,0,REG,2026,1610612747,,,,,
22500222256,,Shot Chart Detail,22500222,256,1629029,Luka Dončić,1610612747,Los Angeles Lakers,2,5,41,Missed Shot,Step Back Jump shot,3PT Field Goal,Above the Break 3,Center(C),24+ ft.,27,66,269,1,0,20251112,OKC,LAL,10990,0,1629028|1629029|1629060|1630559|1631222,0,REG,2026,1610612747,,,,,
22500222258,,Shot Chart Detail,22500222,258,1631222,Jake LaRavia,1610612747,Los Angeles Lakers,2,5,35,Missed Shot,Jump Shot,3PT Field Goal,Left Corner 3,Left Side(L),24+ ft.,23,-234,44,1,0,20251112,OKC,LAL,11050,0,1629028|1629029|1629060|1630559|1631222,0,REG,2026,1610612747,,,,,
22500222268,,Shot Chart Detail,22500222,268,1629028,Deandre Ayton,1610612747,Los Angeles Lakers,2,5,1,Missed Shot,Running Alley Oop Dunk Shot,2PT Field Goal,Restricted Area,Center(C),Less Than 8 ft.,0,1,5,1,0,20251112,OKC,LAL,11390,0,203935|1629028|1629029|1629060|1631222,0,REG,2026,1610612747,,,,,
22500222275,,Shot Chart Detail,22500222,275,1629029,Luka Dončić,1610612747,Los Angeles Lakers,2,4,15,Missed Shot,Driving Layup Shot,2PT Field Goal,In The Paint (Non-RA),Center(C),Less Than 8 ft.,5,-58,6,1,0,20251112,OKC,LAL,11850,0,203935|1629028|1629029|1629060|1631222,0,REG,2026,1610612747,,,,,
22500222279,,Shot Chart Detail,22500222,279,203935,Marcus Smart,1610612747,Los Angeles Lakers,2,4,12,Made Shot,Pullup Jump shot,3PT Field Goal,Above the Break 3,Left Side Center(LC),24+ ft.,25,-115,230,1,1,20251112,OKC,LAL,11880,0,203935|1629028|1629029|1629060|1631222,1,REG,2026,1610612747,,,,,
22500222283,,Shot Chart Detail,22500222,283,1629060,Rui Hachimura,1610612747,Los Angeles Lakers,2,3,37,Missed Shot,Driving Layup Shot,2PT Field Goal,Restricted Area,Center(C),Less Than 8 ft.,3,-23,21,1,0,20251112,OKC,LAL,12230,0,203935|1629028|1629029|1629060|1631222,0,REG,2026,1610612747,,,,,
22500222308,,Shot Chart Detail,22500222,308,1629060,Rui Hachimura,1610612747,Los Angeles Lakers,2,2,41,Made Shot,Driving Layup Shot,2PT Field Goal,Restricted Area,Center(C),Less Than 8 ft.,2,-17,15,1,1,20251112,OKC,LAL,12790,0,203935|1629029|1629060|1629637|1630559,0,REG,2026,1610612747,,,,,
22500222315,,Shot Chart Detail,22500222,315,1630559,Austin Reaves,1610612747,Los Angeles Lakers,2,1,45,Made Shot,Driving Layup Shot,2PT Field Goal,Restricted Area,Center(C),Less Than 8 ft.,2,23,11,1,1,20251112,OKC,LAL,13350,0,203935|1629029|1629060|1629637|1630559,0,REG,2026,1610612747,,,,,
22500222322,,Shot Chart Detail,22500222,322,1629029,Luka Dončić,1610612747,Los Angeles Lakers,2,1,17,Made Shot,Driving Floating Jump Shot,2PT Field Goal,Restricted Area,Center(C),Less Than 8 ft.,2,0,29,1,1,20251112,OKC,LAL,13630,0,203935|1629029|1629060|1629637|1630559,0,REG,2026,1610612747,,,,,
22500222327,,Shot Chart Detail,22500222,327,1629637,Jaxson Hayes,1610612747,Los Angeles Lakers,2,0,50,Made Shot,Tip Layup Shot,2PT Field Goal,Restricted Area,Center(C),Less Than 8 ft.,0,-1,5,1,1,20251112,OKC,LAL,13900,0,203935|1629029|1629060|1629637|1630559,0,REG,2026,1610612747,,,,,
22500222325,,Shot Chart Detail,22500222,325,1629060,Rui Hachimura,1610612747,Los Angeles Lakers,2,0,50,Missed Shot,Driving Floating Jump Shot,2PT Field Goal,In The Paint (Non-RA),Center(C),Less Than 8 ft.,7,75,-1,1,0,20251112,OKC,LAL,13900,0,203935|1629029|1629060|1629637|1630559,0,REG,2026,1610612747,,,,,
22500222330,,Shot Chart Detail,22500222,330,1629029,Luka Dončić,1610612747,Los Angeles Lakers,2,0,12,Missed Shot,Step Back Jump shot,3PT Field Goal,Above the Break 3,Left Side Center(LC),24+ ft.,27,-159,223,1,0,20251112,OKC,LAL,14280,0,203935|1629029|1629060|1629637|1630559,0,REG,2026,1610612747,,,,,
22500222359,,Shot Chart Detail,22500222,359,1629060,Rui Hachimura,1610612747,Los Angeles Lakers,3,10,58,Missed Shot,Jump Shot,3PT Field Goal,Above the Break 3,Left Side Center(LC),24+ ft.,24,-173,178,1,0,20251112,OKC,LAL,15020,0,203935|1629028|1629029|1629060|1630559,0,REG,2026,1610612747,,,,,
22500222363,,Shot Chart Detail,22500222,363,203935,Marcus Smart,1610612747,Los Angeles Lakers,3,10,38,Missed Shot,Running Pull-Up Jump Shot,3PT Field Goal,Above the Break 3,Center(C),24+ ft.,24,-40,241,1,0,20251112,OKC,LAL,15220,0,203935|1629028|1629029|1629060|1630559,0,REG,2026,1610612747,,,,,
22500222367,,Shot Chart Detail,22500222,367,1630559,Austin Reaves,1610612747,Los Angeles Lakers,3,10,14,Made Shot,Turnaround Fadeaway shot,2PT Field Goal,In The Paint (Non-RA),Left Side(L),8-16 ft.,8,-74,40,1,1,20251112,OKC,LAL,15460,0,203935|1629028|1629029|1629060|1630559,0,REG,2026,1610612747,,,,,
22500222374,,Shot Chart Detail,22500222,374,1630559,Austin Reaves,1610612747,Los Angeles Lakers,3,9,30,Missed Shot,Jump Shot,3PT Field Goal,Above the Break 3,Right Side Center(RC),24+ ft.,30,120,279,1,0,20251112,OKC,LAL,15900,0,203935|1629028|1629029|1629060|1630559,0,REG,2026,1610612747,,,,,
22500222380,,Shot Chart Detail,22500222,380,1630559,Austin Reaves,1610612747,Los Angeles Lakers,3,9,2,Missed Shot,Step Back Jump shot,3PT Field Goal,Above the Break 3,Right Side Center(RC),24+ ft.,25,119,231,1,0,20251112,OKC,LAL,16180,0,203935|1629028|1629029|1629060|1630559,0,REG,2026,1610612747,,,,,
22500222390,,Shot Chart Detail,22500222,390,1629029,Luka Dončić,1610612747,Los Angeles Lakers,3,8,21,Missed Shot,Step Back Jump shot,2PT Field Goal,Mid-Range,Left Side Center(LC),16-24 ft.,19,-80,183,1,0,20251112,OKC,LAL,16590,0,203935|1629028|1629029|1629060|1630559,0,REG,2026,1610612747,,,,,
22500222392,,Shot Chart Detail,22500222,392,1629060,Rui Hachimura,1610612747,Los Angeles Lakers,3,8,16,Made Shot,Jump Shot,3PT Field Goal,Above the Break 3,Left Side Center(LC),24+ ft.,24,-207,134,1,1,20251112,OKC,LAL,16640,0,203935|1629028|1629029|1629060|1630559,1,REG,2026,1610612747,,,,,
22500222416,,Shot Chart Detail,22500222,416,1629029,Luka Dončić,1610612747,Los Angeles Lakers,3,7,10,Made Shot,Fadeaway Jump Shot,2PT Field Goal,Mid-Range,Left Side(L),8-16 ft.,15,-152,0,1,1,20251112,OKC,LAL,17300,0,203935|1629028|1629029|1629060|1630559,0,REG,2026,1610612747,,,,,
22500222430,,Shot Chart Detail,22500222,430,1629029,Luka Dončić,1610612747,Los Angeles Lakers,3,6,4,Missed Shot,Step Back Jump shot,3PT Field Goal,Above the Break 3,Left Side Center(LC),24+ ft.,24,-107,225,1,0,20251112,OKC,LAL,17960,0,203935|1629028|1629029|1629060|1630559,0,REG,2026,1610612747,,,,,
22500222458,,Shot Chart Detail,22500222,458,1629029,Luka Dončić,1610612747,Los Angeles Lakers,3,4,26,Missed Shot,Pullup Jump shot,2PT Field Goal,Mid-Range,Left Side Center(LC),16-24 ft.,17,-80,153,1,0,20251112,OKC,LAL,18940,0,1629029|1629060|1629637|1630559|1642261,0,REG,2026,1610612747,,,,,
22500222479,,Shot Chart Detail,22500222,479,1629029,Luka Dončić,1610612747,Los Angeles Lakers,3,3,28,Made Shot,Driving Layup Shot,2PT Field Goal,Restricted Area,Center(C),Less Than 8 ft.,1,11,10,1,1,20251112,OKC,LAL,19520,0,1629020|1629029|1629637|1631222|1642261,0,REG,2026,1610612747,,,,,
22500222482,,Shot Chart Detail,22500222,482,1642261,Dalton Knecht,1610612747,Los Angeles Lakers,3,2,58,Made Shot,Jump Shot,3PT Field Goal,Above the Break 3,Center(C),24+ ft.,25,-53,250,1,1,20251112,OKC,LAL,19820,0,1629020|1629029|1629637|1631222|1642261,1,REG,2026,1610612747,,,,,
22500222486,,Shot Chart Detail,22500222,486,1629029,Luka Dončić,1610612747,Los Angeles Lakers,3,2,33,Made Shot,Driving Floating Jump Shot,2PT Field Goal,In The Paint (Non-RA),Right Side(R),8-16 ft.,9,61,72,1,1,20251112,OKC,LAL,20070,0,1629020|1629029|1629637|1631222|1642261,0,REG,2026,1610612747,,,,,
22500222494,,Shot Chart Detail,22500222,494,1629020,Jarred Vanderbilt,1610612747,Los Angeles Lakers,3,2,4,Made Shot,Jump Shot,3PT Field Goal,Left Corner 3,Left Side(L),24+ ft.,22,-223,-11,1,1,20251112,OKC,LAL,20360,0,1629020|1629029|1629637|1631222|1642261,1,REG,2026,1610612747,,,,,
22500222497,,Shot Chart Detail,22500222,497,1629029,Luka Dončić,1610612747,Los Angeles Lakers,3,1,23,Missed Shot,Jump Shot,3PT Field Goal,Above the Break 3,Right Side Center(RC),24+ ft.,29,132,261,1,0,20251112,OKC,LAL,20770,0,1629020|1629029|1629637|1631222|1642261,0,REG,2026,1610612747,,,,,
22500222503,,Shot Chart Detail,22500222,503,1642261,Dalton Knecht,1610612747,Los Angeles Lakers,3,0,29,Made Shot,Running Dunk Shot,2PT Field Goal,Restricted Area,Center(C),Less Than 8 ft.,1,11,1,1,1,20251112,OKC,LAL,21310,0,1629020|1629029|1629637|1631222|1642261,1,REG,2026,1610612747,,,,,
22500222508,,Shot Chart Detail,22500222,508,1631222,Jake LaRavia,1610612747,Los Angeles Lakers,3,0,7,Missed Shot,Driving Floating Jump Shot,2PT Field Goal,In The Paint (Non-RA),Center(C),Less Than 8 ft.,7,-18,73,1,0,20251112,OKC,LAL,21530,0,1629020|1629029|1629637|1631222|1642261,0,REG,2026,1610612747,,,,,
22500222528,,Shot Chart Detail,22500222,528,1629060,Rui Hachimura,1610612747,Los Angeles Lakers,4,11,42,Made Shot,Pullup Jump shot,2PT Field Goal,Mid-Range,Right Side Center(RC),16-24 ft.,19,143,135,1,1,20251112,OKC,LAL,21780,0,203935|1629028|1629060|1630559|1642261,0,REG,2026,1610612747,,,,,
22500222535,,Shot Chart Detail,22500222,535,1642261,Dalton Knecht,1610612747,Los Angeles Lakers,4,11,0,Made Shot,Jump Shot,3PT Field Goal,Above the Break 3,Center(C),24+ ft.,25,-29,252,1,1,20251112,OKC,LAL,22200,0,203935|1629028|1629060|1630559|1642261,1,REG,2026,1610612747,,,,,
22500222541,,Shot Chart Detail,22500222,541,1629060,Rui Hachimura,1610612747,Los Angeles Lakers,4,10,18,Made Shot,Running Layup Shot,2PT Field Goal,Restricted Area,Center(C),Less Than 8 ft.,0,9,4,1,1,20251112,OKC,LAL,22620,0,203935|1629028|1629060|1630559|1642261,1,REG,2026,1610612747,,,,,
22500222545,,Shot Chart Detail,22500222,545,1630559,Austin Reaves,1610612747,Los Angeles Lakers,4,9,57,Made Shot,Running Layup Shot,2PT Field Goal,Restricted Area,Center(C),Less Than 8 ft.,3,-29,-12,1,1,20251112,OKC,LAL,22830,0,203935|1629028|1629060|1630559|1642261,1,REG,2026,1610612747,,,,,
22500222552,,Shot Chart Detail,22500222,552,1642261,Dalton Knecht,1610612747,Los Angeles Lakers,4,9,21,Missed Shot,Jump Shot,3PT Field Goal,Above the Break 3,Center(C),24+ ft.,27,-56,266,1,0,20251112,OKC,LAL,23190,0,203935|1629028|1629060|1630559|1642261,0,REG,2026,1610612747,,,,,
22500222556,,Shot Chart Detail,22500222,556,1629060,Rui Hachimura,1610612747,Los Angeles Lakers,4,8,49,Missed Shot,Jump Shot,3PT Field Goal,Right Corner 3,Right Side(R),24+ ft.,23,227,46,1,0,20251112,OKC,LAL,23510,0,203935|1629028|1629060|1630559|1642261,0,REG,2026,1610612747,,,,,
22500222560,,Shot Chart Detail,22500222,560,1630559,Austin Reaves,1610612747,Los Angeles Lakers,4,8,32,Missed Shot,Running Pull-Up Jump Shot,3PT Field Goal,Above the Break 3,Right Side Center(RC),24+ ft.,25,85,240,1,0,20251112,OKC,LAL,23680,0,203935|1629028|1629060|1630559|1642261,0,REG,2026,1610612747,,,,,
22500222577,,Shot Chart Detail,22500222,577,1629020,Jarred Vanderbilt,1610612747,Los Angeles Lakers,4,8,4,Missed Shot,Cutting Layup Shot,2PT Field Goal,Restricted Area,Center(C),Less Than 8 ft.,3,-38,-7,1,0,20251112,OKC,LAL,23960,0,1628467|1629020|1631222|1642261|1642355,0,REG,2026,1610612747,,,,,
22500222588,,Shot Chart Detail,22500222,588,1629020,Jarred Vanderbilt,1610612747,Los Angeles Lakers,4,7,25,Missed Shot,Jump Shot,3PT Field Goal,Right Corner 3,Right Side(R),24+ ft.,23,227,52,1,0,20251112,OKC,LAL,24350,0,1628467|1629020|1631222|1642261|1642355,0,REG,2026,1610612747,,,,,
22500222598,,Shot Chart Detail,22500222,598,1631222,Jake LaRavia,1610612747,Los Angeles Lakers,4,6,11,Missed Shot,Jump Shot,3PT Field Goal,Above the Break 3,Right Side Center(RC),24+ ft.,27,91,261,1,0,20251112,OKC,LAL,25090,0,1628467|1629020|1631222|1642261|1642355,0,REG,2026,1610612747,,,,,
22500222600,,Shot Chart Detail,22500222,600,1631222,Jake LaRavia,1610612747,Los Angeles Lakers,4,6,6,Missed Shot,Jump Shot,3PT Field Goal,Above the Break 3,Center(C),24+ ft.,25,74,246,1,0,20251112,OKC,LAL,25140,0,1628467|1629020|1631222|1642261|1642355,0,REG,2026,1610612747,,,,,
22500222602,,Shot Chart Detail,22500222,602,1628467,Maxi Kleber,1610612747,Los Angeles Lakers,4,6,3,Missed Shot,Putback Layup Shot,2PT Field Goal,Restricted Area,Center(C),Less Than 8 ft.,1,6,8,1,0,20251112,OKC,LAL,25170,0,1628467|1629020|1631222|1642261|1642355,0,REG,2026,1610612747,,,,,
22500222607,,Shot Chart Detail,22500222,607,1642355,Bronny James,1610612747,Los Angeles Lakers,4,5,43,Missed Shot,Jump Shot,3PT Field Goal,Above the Break 3,Right Side Center(RC),24+ ft.,26,148,225,1,0,20251112,OKC,LAL,25370,0,1628467|1629020|1631222|1642261|1642355,0,REG,2026,1610612747,,,,,
22500222611,,Shot Chart Detail,22500222,611,1642355,Bronny James,1610612747,Los Angeles Lakers,4,5,23,Missed Shot,Jump Shot,3PT Field Goal,Right Corner 3,Right Side(R),24+ ft.,23,233,34,1,0,20251112,OKC,LAL,25570,0,1628467|1629020|1631222|1642261|1642355,0,REG,2026,1610612747,,,,,
22500222615,,Shot Chart Detail,22500222,615,1642261,Dalton Knecht,1610612747,Los Angeles Lakers,4,4,57,Made Shot,Running Jump Shot,3PT Field Goal,Above the Break 3,Right Side Center(RC),24+ ft.,25,210,145,1,1,20251112,OKC,LAL,25830,0,1628467|1629020|1631222|1642261|1642355,1,REG,2026,1610612747,,,,,
22500222625,,Shot Chart Detail,22500222,625,1642261,Dalton Knecht,1610612747,Los Angeles Lakers,4,3,57,Made Shot,Running Jump Shot,3PT Field Goal,Left Corner 3,Left Side(L),24+ ft.,22,-225,-26,1,1,20251112,OKC,LAL,26430,0,1628467|1629020|1631222|1642261|1642355,1,REG,2026,1610612747,,,,,
22500222630,,Shot Chart Detail,22500222,630,1642355,Bronny James,1610612747,Los Angeles Lakers,4,3,31,Missed Shot,Pullup Jump shot,2PT Field Goal,Mid-Range,Center(C),8-16 ft.,15,-34,152,1,0,20251112,OKC,LAL,26690,0,1628467|1629020|1631222|1642261|1642355,0,REG,2026,1610612747,,,,,
22500222634,,Shot Chart Detail,22500222,634,1629020,Jarred Vanderbilt,1610612747,Los Angeles Lakers,4,3,12,Made Shot,Cutting Layup Shot,2PT Field Goal,Restricted Area,Center(C),Less Than 8 ft.,1,-12,-8,1,1,20251112,OKC,LAL,26880,0,1628467|1629020|1631222|1642261|1642355,1,REG,2026,1610612747,,,,,
22500222644,,Shot Chart Detail,22500222,644,1628467,Maxi Kleber,1610612747,Los Angeles Lakers,4,2,7,Made Shot,Jump Shot,3PT Field Goal,Above the Break 3,Center(C),24+ ft.,25,-74,241,1,1,20251112,OKC,LAL,27530,0,1628467|1629020|1631222|1642261|1642355,1,REG,2026,1610612747,,,,,
22500222651,,Shot Chart Detail,22500222,651,1642355,Bronny James,1610612747,Los Angeles Lakers,4,1,34,Missed Shot,Driving Layup Shot,2PT Field Goal,In The Paint (Non-RA),Center(C),Less Than 8 ft.,4,47,9,1,0,20251112,OKC,LAL,27860,0,1628467|1629020|1631222|1642261|1642355,0,REG,2026,1610612747,,,,,
22500222653,,Shot Chart Detail,22500222,653,1631222,Jake LaRavia,1610612747,Los Angeles Lakers,4,1,30,Made Shot,Jump Shot,3PT Field Goal,Left Corner 3,Left Side(L),24+ ft.,23,-232,32,1,1,20251112,OKC,LAL,27900,0,1628467|1629020|1631222|1642261|1642355,1,REG,2026,1610612747,,,,,
22500222656,,Shot Chart Detail,22500222,656,1642261,Dalton Knecht,1610612747,Los Angeles Lakers,4,1,0,Made Shot,Pullup Jump shot,2PT Field Goal,Mid-Range,Right Side(R),16-24 ft.,16,156,63,1,1,20251112,OKC,LAL,28200,0,1628467|1629020|1631222|1642261|1642355,1,REG,2026,1610612747,,,,,
225002317,,Shot Chart Detail,22500231,7,1630559,Austin Reaves,1610612747,Los Angeles Lakers,1,11,42,Made Shot,Pullup Jump shot,2PT Field Goal,In The Paint (Non-RA),Center(C),8-16 ft.,10,21,107,1,1,20251115,MIL,LAL,180,0,1629028|1629029|1630559|1631222|1642355,1,REG,2026,1610612747,,,,,
2250023111,,Shot Chart Detail,22500231,11,1642355,Bronny James,1610612747,Los Angeles Lakers,1,11,5,Missed Shot,Step Back Jump shot,3PT Field Goal,Right Corner 3,Right Side(R),24+ ft.,23,232,5,1,0,20251115,MIL,LAL,550,0,1629028|1629029|1630559|1631222|1642355,0,REG,2026,1610612747,,,,,
2250023116,,Shot Chart Detail,22500231,16,1630559,Austin Reaves,1610612747,Los Angeles Lakers,1,10,22,Missed Shot,Step Back Jump shot,3PT Field Goal,Above the Break 3,Left Side Center(LC),24+ ft.,26,-184,185,1,0,20251115,MIL,LAL,980,0,1629028|1629029|1630559|1631222|1642355,0,REG,2026,1610612747,,,,,
2250023120,,Shot Chart Detail,22500231,20,1629029,Luka Dončić,1610612747,Los Angeles Lakers,1,10,2,Missed Shot,Fadeaway Jump Shot,2PT Field Goal,Mid-Range,Left Side Center(LC),16-24 ft.,17,-113,132,1,0,20251115,MIL,LAL,1180,0,1629028|1629029|1630559|1631222|1642355,0,REG,2026,1610612747,,,,,
2250023127,,Shot Chart Detail,22500231,27,1631222,Jake LaRavia,1610612747,Los Angeles Lakers,1,9,29,Missed Shot,Jump Shot,3PT Field Goal,Above the Break 3,Left Side Center(LC),24+ ft.,26,-158,218,1,0,20251115,MIL,LAL,1510,0,1629028|1629029|1630559|1631222|1642355,0,REG,2026,1610612747,,,,,
2250023136,,Shot Chart Detail,22500231,36,1629029,Luka Dončić,1610612747,Los Angeles Lakers,1,9,4,Missed Shot,Step Back Jump shot,3PT Field Goal,Above the Break 3,Left Side Center(LC),24+ ft.,29,-180,231,1,0,20251115,MIL,LAL,1760,0,1629028|1629029|1630559|1631222|1642355,0,REG,2026,1610612747,,,,,
2250023142,,Shot Chart Detail,22500231,42,1629028,Deandre Ayton,1610612747,Los Angeles Lakers,1,8,42,Made Shot,Alley Oop Dunk Shot,2PT Field Goal,Restricted Area,Center(C),Less Than 8 ft.,1,4,11,1,1,20251115,MIL,LAL,1980,0,1629028|1629029|1630559|1631222|1642355,1,REG,2026,1610612747,,,,,
2250023145,,Shot Chart Detail,22500231,45,1630559,Austin Reaves,1610612747,Los Angeles Lakers,1,8,0,Made Shot,Driving Layup Shot,2PT Field Goal,In The Paint (Non-RA),Center(C),Less Than 8 ft.,5,-6,59,1,1,20251115,MIL,LAL,2400,0,1629028|1629029|1630559|1631222|1642355,0,REG,2026,1610612747,,,,,
2250023155,,Shot Chart Detail,22500231,55,1629029,Luka Dončić,1610612747,Los Angeles Lakers,1,7,24,Made Shot,Step Back Jump shot,3PT Field Goal,Above the Break 3,Center(C),24+ ft.,25,-37,254,1,1,20251115,MIL,LAL,2760,0,1629028|1629029|1630559|1631222|1642261,0,REG,2026,1610612747,,,,,
2250023158,,Shot Chart Detail,22500231,58,1630559,Austin Reaves,1610612747,Los Angeles Lakers,1,7,4,Missed Shot,Running Layup Shot,2PT Field Goal,In The Paint (Non-RA),Center(C),Less Than 8 ft.,5,4,58,1,0,20251115,MIL,LAL,2960,0,1629028|1629029|1630559|1631222|1642261,0,REG,2026,1610612747,,,,,
2250023163,,Shot Chart Detail,22500231,63,1629029,Luka Dončić,1610612747,Los Angeles Lakers,1,6,46,Made Shot,Step Back Jump shot,3PT Field Goal,Above the Break 3,Left Side Center(LC),24+ ft.,27,-202,186,1,1,20251115,MIL,LAL,3140,0,1629028|1629029|1630559|1631222|1642261,0,REG,2026,1610612747,,,,,
2250023187,,Shot Chart Detail,22500231,87,1629029,Luka Dončić,1610612747,Los Angeles Lakers,1,5,8,Made Shot,Running Pull-Up Jump Shot,2PT Field Goal,Mid-Range,Center(C),8-16 ft.,14,11,146,1,1,20251115,MIL,LAL,4120,0,1629029|1629637|1630559|1631222|1642261,0,REG,2026,1610612747,,,,,
2250023197,,Shot Chart Detail,22500231,97,1631222,Jake LaRavia,1610612747,Los Angeles Lakers,1,4,29,Missed Shot,Layup Shot,2PT Field Goal,Restricted Area,Center(C),Less Than 8 ft.,3,33,21,1,0,20251115,MIL,LAL,4510,0,1629029|1629637|1630559|1631222|1642261,0,REG,2026,1610612747,,,,,
22500231101,,Shot Chart Detail,22500231,101,1629029,Luka Dončić,1610612747,Los Angeles Lakers,1,3,55,Missed Shot,Driving Finger Roll Layup Shot,2PT Field Goal,In The Paint (Non-RA),Right Side(R),8-16 ft.,8,53,62,1,0,20251115,MIL,LAL,4850,0,1629029|1629637|1630559|1631222|1642261,0,REG,2026,1610612747,,,,,
22500231105,,Shot Chart Detail,22500231,105,1642261,Dalton Knecht,1610612747,Los Angeles Lakers,1,3,41,Made Shot,Running Layup Shot,2PT Field Goal,Restricted Area,Center(C),Less Than 8 ft.,1,9,10,1,1,20251115,MIL,LAL,4990,0,1629029|1629637|1630559|1631222|1642261,1,REG,2026,1610612747,,,,,
22500231125,,Shot Chart Detail,22500231,125,1629637,Jaxson Hayes,1610612747,Los Angeles Lakers,1,2,45,Made Shot,Alley Oop Dunk Shot,2PT Field Goal,Restricted Area,Center(C),Less Than 8 ft.,0,2,6,1,1,20251115,MIL,LAL,5550,0,1628467|1629029|1629637|1631222|1642261,1,REG,2026,1610612747,,,,,
22500231135,,Shot Chart Detail,22500231,135,1631222,Jake LaRavia,1610612747,Los Angeles Lakers,1,2,32,Missed Shot,Running Pull-Up Jump Shot,3PT Field Goal,Above the Break 3,Right Side Center(RC),24+ ft.,24,121,217,1,0,20251115,MIL,LAL,5680,0,1628467|1629029|1629637|1631222|1642261,0,REG,2026,1610612747,,,,,
22500231184,,Shot Chart Detail,22500231,184,1629029,Luka Dončić,1610612747,Los Angeles Lakers,1,1,51,Missed Shot,Driving Floating Jump Shot,2PT Field Goal,In The Paint (Non-RA),Center(C),8-16 ft.,11,-6,110,1,0,20251115,MIL,LAL,6090,0,1628467|1629029|1629637|1631222|1642261,0,REG,2026,1610612747,,,,,
22500231148,,Shot Chart Detail,22500231,148,1629029,Luka Dončić,1610612747,Los Angeles Lakers,1,1,4,Missed Shot,Step Back Jump shot,3PT Field Goal,Above the Break 3,Right Side Center(RC),24+ ft.,25,137,218,1,0,20251115,MIL,LAL,6560,0,1628467|1629029|1629637|1642261|1642876,0,REG,2026,1610612747,,,,,
22500231150,,Shot Chart Detail,22500231,150,1628467,Maxi Kleber,1610612747,Los Angeles Lakers,1,0,52,Made Shot,Jump Shot,3PT Field Goal,Above the Break 3,Left Side Center(LC),24+ ft.,25,-219,139,1,1,20251115,MIL,LAL,6680,0,1628467|1629029|1629637|1642261|1642876,1,REG,2026,1610612747,,,,,
22500231172,,Shot Chart Detail,22500231,172,1642261,Dalton Knecht,1610612747,Los Angeles Lakers,2,11,38,Made Shot,Cutting Dunk Shot,2PT Field Goal,Restricted Area,Center(C),Less Than 8 ft.,0,5,7,1,1,20251115,MIL,LAL,7420,0,1628467|1629020|1629028|1630559|1642261,1,REG,2026,1610612747,,,,,
22500231180,,Shot Chart Detail,22500231,180,1630559,Austin Reaves,1610612747,Los Angeles Lakers,2,11,15,Missed Shot,Jump Shot,3PT Field Goal,Above the Break 3,Left Side Center(LC),24+ ft.,27,-97,253,1,0,20251115,MIL,LAL,7650,0,1628467|1629020|1629028|1630559|1642261,0,REG,2026,1610612747,,,,,
22500231182,,Shot Chart Detail,22500231,182,1629028,Deandre Ayton,1610612747,Los Angeles Lakers,2,11,8,Made Shot,Cutting Dunk Shot,2PT Field Goal,Restricted Area,Center(C),Less Than 8 ft.,0,-1,6,1,1,20251115,MIL,LAL,7720,0,1628467|1629020|1629028|1630559|1642261,1,REG,2026,1610612747,,,,,
22500231189,,Shot Chart Detail,22500231,189,1630559,Austin Reaves,1610612747,Los Angeles Lakers,2,10,28,Missed Shot,Pullup Jump shot,2PT Field Goal,Mid-Range,Center(C),8-16 ft.,14,-36,144,1,0,20251115,MIL,LAL,8120,0,1628467|1629020|1629028|1630559|1642261,0,REG,2026,1610612747,,,,,
22500231193,,Shot Chart Detail,22500231,193,1629028,Deandre Ayton,1610612747,Los Angeles Lakers,2,10,5,Made Shot,Jump Shot,2PT Field Goal,Mid-Range,Center(C),8-16 ft.,15,27,153,1,1,20251115,MIL,LAL,8350,0,1628467|1629020|1629028|1630559|1642261,1,REG,2026,1610612747,,,,,
22500231207,,Shot Chart Detail,22500231,207,1629028,Deandre Ayton,1610612747,Los Angeles Lakers,2,8,43,Made Shot,Turnaround Hook Shot,2PT Field Goal,In The Paint (Non-RA),Left Side(L),8-16 ft.,9,-53,80,1,1,20251115,MIL,LAL,9170,0,1629020|1629028|1630559|1631222|1642261,1,REG,2026,1610612747,,,,,
22500231223,,Shot Chart Detail,22500231,223,1629028,Deandre Ayton,1610612747,Los Angeles Lakers,2,7,46,Missed Shot,Turnaround Hook Shot,2PT Field Goal,In The Paint (Non-RA),Center(C),Less Than 8 ft.,6,-7,69,1,0,20251115,MIL,LAL,9740,0,1629020|1629028|1629029|1630559|1631222,0,REG,2026,1610612747,,,,,
22500231236,,Shot Chart Detail,22500231,236,1629028,Deandre Ayton,1610612747,Los Angeles Lakers,2,7,10,Missed Shot,Cutting Layup Shot,2PT Field Goal,Restricted Area,Center(C),Less Than 8 ft.,3,16,33,1,0,20251115,MIL,LAL,10100,0,1628467|1629028|1629029|1630559|1631222,0,REG,2026,1610612747,,,,,
22500231241,,Shot Chart Detail,22500231,241,1631222,Jake LaRavia,1610612747,Los Angeles Lakers,2,6,47,Missed Shot,Driving Reverse Layup Shot,2PT Field Goal,Restricted Area,Center(C),Less Than 8 ft.,2,4,20,1,0,20251115,MIL,LAL,10330,0,1628467|1629028|1629029|1630559|1631222,0,REG,2026,1610612747,,,,,
22500231243,,Shot Chart Detail,22500231,243,1631222,Jake LaRavia,1610612747,Los Angeles Lakers,2,6,46,Made Shot,Tip Layup Shot,2PT Field Goal,Restricted Area,Center(C),Less Than 8 ft.,0,0,0,1,1,20251115,MIL,LAL,10340,0,1628467|1629028|1629029|1630559|1631222,0,REG,2026,1610612747,,,,,
22500231246,,Shot Chart Detail,22500231,246,1629028,Deandre Ayton,1610612747,Los Angeles Lakers,2,6,25,Made Shot,Cutting Layup Shot,2PT Field Goal,Restricted Area,Center(C),Less Than 8 ft.,1,4,12,1,1,20251115,MIL,LAL,10550,0,1628467|1629028|1629029|1630559|1631222,1,REG,2026,1610612747,,,,,
22500231264,,Shot Chart Detail,22500231,264,1629029,Luka Dončić,1610612747,Los Angeles Lakers,2,5,36,Made Shot,Turnaround Fadeaway shot,2PT Field Goal,Mid-Range,Left Side(L),8-16 ft.,11,-91,65,1,1,20251115,MIL,LAL,11040,0,1628467|1629028|1629029|1630559|1631222,0,REG,2026,1610612747,,,,,
22500231281,,Shot Chart Detail,22500231,281,1629637,Jaxson Hayes,1610612747,Los Angeles Lakers,2,4,37,Made Shot,Cutting Dunk Shot,2PT Field Goal,Restricted Area,Center(C),Less Than 8 ft.,1,4,10,1,1,20251115,MIL,LAL,11630,0,1628467|1629029|1629637|1631222|1642261,1,REG,2026,1610612747,,,,,
22500231291,,Shot Chart Detail,22500231,291,1629029,Luka Dončić,1610612747,Los Angeles Lakers,2,3,49,Missed Shot,Driving Floating Jump Shot,2PT Field Goal,Mid-Range,Right Side(R),8-16 ft.,12,124,-5,1,0,20251115,MIL,LAL,12110,0,1628467|1629029|1629637|1631222|1642261,0,REG,2026,1610612747,,,,,
22500231295,,Shot Chart Detail,22500231,295,1642261,Dalton Knecht,1610612747,Los Angeles Lakers,2,3,19,Made Shot,Jump Shot,3PT Field Goal,Above the Break 3,Left Side Center(LC),24+ ft.,26,-202,169,1,1,20251115,MIL,LAL,12410,0,1628467|1629029|1629637|1631222|1642261,1,REG,2026,1610612747,,,,,
22500231313,,Shot Chart Detail,22500231,313,1629029,Luka Dončić,1610612747,Los Angeles Lakers,2,2,42,Made Shot,Step Back Jump shot,3PT Field Goal,Above the Break 3,Left Side Center(LC),24+ ft.,28,-157,235,1,1,20251115,MIL,LAL,12780,0,1629028|1629029|1630559|1631222|1642261,0,REG,2026,1610612747,,,,,
22500231316,,Shot Chart Detail,22500231,316,1629028,Deandre Ayton,1610612747,Los Angeles Lakers,2,2,14,Made Shot,Alley Oop Layup shot,2PT Field Goal,Restricted Area,Center(C),Less Than 8 ft.,1,12,4,1,1,20251115,MIL,LAL,13060,0,1629028|1629029|1630559|1631222|1642261,1,REG,2026,1610612747,,,,,
22500231320,,Shot Chart Detail,22500231,320,1629028,Deandre Ayton,1610612747,Los Angeles Lakers,2,1,52,Made Shot,Alley Oop Layup shot,2PT Field Goal,Restricted Area,Center(C),Less Than 8 ft.,2,10,18,1,1,20251115,MIL,LAL,13280,0,1629028|1629029|1630559|1631222|1642261,1,REG,2026,1610612747,,,,,
22500231325,,Shot Chart Detail,22500231,325,1629029,Luka Dončić,1610612747,Los Angeles Lakers,2,1,14,Made Shot,Turnaround Fadeaway shot,2PT Field Goal,Mid-Range,Left Side Center(LC),16-24 ft.,21,-116,178,1,1,20251115,MIL,LAL,13660,0,1629028|1629029|1630559|1631222|1642261,0,REG,2026,1610612747,,,,,
22500231341,,Shot Chart Detail,22500231,341,1629029,Luka Dončić,1610612747,Los Angeles Lakers,2,0,3,Missed Shot,Step Back Bank Jump Shot,3PT Field Goal,Above the Break 3,Left Side Center(LC),24+ ft.,27,-197,194,1,0,20251115,MIL,LAL,14370,0,1629028|1629029|1630559|1631222|1642261,0,REG,2026,1610612747,,,,,
22500231343,,Shot Chart Detail,22500231,343,1629028,Deandre Ayton,1610612747,Los Angeles Lakers,2,0,1,Missed Shot,Tip Layup Shot,2PT Field Goal,Restricted Area,Center(C),Less Than 8 ft.,3,-25,17,1,0,20251115,MIL,LAL,14390,0,1629028|1629029|1630559|1631222|1642261,0,REG,2026,1610612747,,,,,
22500231347,,Shot Chart Detail,22500231,347,1630559,Austin Reaves,1610612747,Los Angeles Lakers,2,0,0,Made Shot,Tip Layup Shot,2PT Field Goal,Restricted Area,Center(C),Less Than 8 ft.,1,0,15,1,1,20251115,MIL,LAL,14400,0,1629028|1629029|1630559|1631222|1642261,0,REG,2026,1610612747,,,,,
22500231357,,Shot Chart Detail,22500231,357,1631222,Jake LaRavia,1610612747,Los Angeles Lakers,3,11,27,Missed Shot,Jump Shot,3PT Field Goal,Above the Break 3,Right Side Center(RC),24+ ft.,26,180,192,1,0,20251115,MIL,LAL,14730,0,1629028|1629029|1630559|1631222|1642355,0,REG,2026,1610612747,,,,,
22500231366,,Shot Chart Detail,22500231,366,1630559,Austin Reaves,1610612747,Los Angeles Lakers,3,10,37,Made Shot,Pullup Jump shot,3PT Field Goal,Above the Break 3,Center(C),24+ ft.,27,6,272,1,1,20251115,MIL,LAL,15230,0,1629028|1629029|1630559|1631222|1642355,0,REG,2026,1610612747,,,,,
22500231373,,Shot Chart Detail,22500231,373,1642355,Bronny James,1610612747,Los Angeles Lakers,3,9,45,Missed Shot,Jump Shot,3PT Field Goal,Above the Break 3,Left Side Center(LC),24+ ft.,26,-175,205,1,0,20251115,MIL,LAL,15750,0,1629028|1629029|1630559|1631222|1642355,0,REG,2026,1610612747,,,,,
22500231376,,Shot Chart Detail,22500231,376,1629029,Luka Dončić,1610612747,Los Angeles Lakers,3,9,12,Missed Shot,Step Back Jump shot,3PT Field Goal,Above the Break 3,Center(C),24+ ft.,27,-60,270,1,0,20251115,MIL,LAL,16080,0,1629028|1629029|1630559|1631222|1642355,0,REG,2026,1610612747,,,,,
22500231383,,Shot Chart Detail,22500231,383,1642261,Dalton Knecht,1610612747,Los Angeles Lakers,3,8,42,Missed Shot,Jump Shot,3PT Field Goal,Left Corner 3,Left Side(L),24+ ft.,23,-231,-1,1,0,20251115,MIL,LAL,16380,0,1629028|1629029|1630559|1631222|1642261,0,REG,2026,1610612747,,,,,
22500231403,,Shot Chart Detail,22500231,403,1629028,Deandre Ayton,1610612747,Los Angeles Lakers,3,7,18,Made Shot,Cutting Dunk Shot,2PT Field Goal,Restricted Area,Center(C),Less Than 8 ft.,1,-11,8,1,1,20251115,MIL,LAL,17220,0,1629028|1629029|1630559|1631222|1642261,1,REG,2026,1610612747,,,,,
22500231412,,Shot Chart Detail,22500231,412,1629028,Deandre Ayton,1610612747,Los Angeles Lakers,3,6,40,Made Shot,Alley Oop Dunk Shot,2PT Field Goal,Restricted Area,Center(C),Less Than 8 ft.,0,-5,5,1,1,20251115,MIL,LAL,17600,0,1629028|1629029|1630559|1631222|1642261,1,REG,2026,1610612747,,,,,
22500231422,,Shot Chart Detail,22500231,422,1642261,Dalton Knecht,1610612747,Los Angeles Lakers,3,6,7,Missed Shot,Jump Shot,3PT Field Goal,Left Corner 3,Left Side(L),24+ ft.,23,-235,4,1,0,20251115,MIL,LAL,17930,0,1629028|1629029|1630559|1631222|1642261,0,REG,2026,1610612747,,,,,
22500231435,,Shot Chart Detail,22500231,435,1630559,Austin Reaves,1610612747,Los Angeles Lakers,3,4,56,Made Shot,Turnaround Fadeaway shot,2PT Field Goal,Mid-Range,Left Side(L),8-16 ft.,14,-123,73,1,1,20251115,MIL,LAL,18640,0,1628467|1629028|1629029|1630559|1642261,0,REG,2026,1610612747,,,,,
22500231444,,Shot Chart Detail,22500231,444,1629029,Luka Dončić,1610612747,Los Angeles Lakers,3,3,51,Missed Shot,Step Back Jump shot,3PT Field Goal,Above the Break 3,Left Side Center(LC),24+ ft.,25,-207,144,1,0,20251115,MIL,LAL,19290,0,1628467|1629028|1629029|1630559|1642261,0,REG,2026,1610612747,,,,,
22500231446,,Shot Chart Detail,22500231,446,1629028,Deandre Ayton,1610612747,Los Angeles Lakers,3,3,42,Missed Shot,Jump Shot,2PT Field Goal,In The Paint (Non-RA),Center(C),8-16 ft.,12,31,126,1,0,20251115,MIL,LAL,19380,0,1628467|1629028|1629029|1630559|1642261,0,REG,2026,1610612747,,,,,
22500231458,,Shot Chart Detail,22500231,458,1630559,Austin Reaves,1610612747,Los Angeles Lakers,3,3,2,Made Shot,Jump Shot,3PT Field Goal,Above the Break 3,Right Side Center(RC),24+ ft.,29,129,260,1,1,20251115,MIL,LAL,19780,0,1628467|1629029|1629637|1630559|1642261,1,REG,2026,1610612747,,,,,
22500231473,,Shot Chart Detail,22500231,473,1630559,Austin Reaves,1610612747,Los Angeles Lakers,3,2,13,Missed Shot,Pullup Jump shot,3PT Field Goal,Above the Break 3,Center(C),24+ ft.,30,8,301,1,0,20251115,MIL,LAL,20270,0,1628467|1629029|1629637|1630559|1642261,0,REG,2026,1610612747,,,,,
22500231487,,Shot Chart Detail,22500231,487,1629029,Luka Dončić,1610612747,Los Angeles Lakers,3,0,56,Made Shot,Step Back Jump shot,3PT Field Goal,Above the Break 3,Center(C),24+ ft.,29,27,289,1,1,20251115,MIL,LAL,21040,0,1628467|1629029|1629637|1631222|1642261,0,REG,2026,1610612747,,,,,
22500231490,,Shot Chart Detail,22500231,490,1629029,Luka Dončić,1610612747,Los Angeles Lakers,3,0,30,Made Shot,Step Back Jump shot,3PT Field Goal,Above the Break 3,Center(C),24+ ft.,26,-6,266,1,1,20251115,MIL,LAL,21300,0,1628467|1629029|1629637|1631222|1642261,0,REG,2026,1610612747,,,,,
22500231499,,Shot Chart Detail,22500231,499,1629029,Luka Dončić,1610612747,Los Angeles Lakers,3,0,2,Made Shot,Driving Floating Jump Shot,2PT Field Goal,Mid-Range,Right Side(R),8-16 ft.,10,88,52,1,1,20251115,MIL,LAL,21580,0,1629029|1629637|1630559|1631222|1642261,0,REG,2026,1610612747,,,,,
22500231508,,Shot Chart Detail,22500231,508,1629029,Luka Dončić,1610612747,Los Angeles Lakers,4,11,46,Missed Shot,Jump Shot,3PT Field Goal,Above the Break 3,Center(C),24+ ft.,26,-78,253,1,0,20251115,MIL,LAL,21740,0,1629020|1629029|1629637|1631222|1642261,0,REG,2026,1610612747,,,,,
22500231510,,Shot Chart Detail,22500231,510,1631222,Jake LaRavia,1610612747,Los Angeles Lakers,4,11,43,Missed Shot,Tip Layup Shot,2PT Field Goal,Restricted Area,Center(C),Less Than 8 ft.,0,0,0,1,0,20251115,MIL,LAL,21770,0,1629020|1629029|1629637|1631222|1642261,0,REG,2026,1610612747,,,,,
22500231514,,Shot Chart Detail,22500231,514,1629637,Jaxson Hayes,1610612747,Los Angeles Lakers,4,11,16,Missed Shot,Turnaround Hook Shot,2PT Field Goal,In The Paint (Non-RA),Center(C),Less Than 8 ft.,6,-1,68,1,0,20251115,MIL,LAL,22040,0,1629020|1629029|1629637|1631222|1642261,0,REG,2026,1610612747,,,,,
22500231518,,Shot Chart Detail,22500231,518,1629637,Jaxson Hayes,1610612747,Los Angeles Lakers,4,10,45,Made Shot,Cutting Dunk Shot,2PT Field Goal,Restricted Area,Center(C),Less Than 8 ft.,1,-10,6,1,1,20251115,MIL,LAL,22350,0,1629020|1629029|1629637|1631222|1642261,1,REG,2026,1610612747,,,,,
22500231527,,Shot Chart Detail,22500231,527,1642261,Dalton Knecht,1610612747,Los Angeles Lakers,4,9,37,Missed Shot,Jump Shot,3PT Field Goal,Above the Break 3,Left Side Center(LC),24+ ft.,26,-168,201,1,0,20251115,MIL,LAL,23030,0,1629020|1629637|1630559|1631222|1642261,0,REG,2026,1610612747,,,,,
22500231531,,Shot Chart Detail,22500231,531,1630559,Austin Reaves,1610612747,Los Angeles Lakers,4,9,8,Missed Shot,Pullup Jump shot,2PT Field Goal,In The Paint (Non-RA),Center(C),8-16 ft.,9,-11,90,1,0,20251115,MIL,LAL,23320,0,1629020|1629637|1630559|1631222|1642261,0,REG,2026,1610612747,,,,,
22500231538,,Shot Chart Detail,22500231,538,1630559,Austin Reaves,1610612747,Los Angeles Lakers,4,8,39,Missed Shot,Pullup Jump shot,3PT Field Goal,Above the Break 3,Center(C),24+ ft.,27,71,268,1,0,20251115,MIL,LAL,23610,0,1628467|1629637|1630559|1631222|1642261,0,REG,2026,1610612747,,,,,
22500231544,,Shot Chart Detail,22500231,544,1630559,Austin Reaves,1610612747,Los Angeles Lakers,4,8,7,Made Shot,Pullup Jump shot,3PT Field Goal,Above the Break 3,Center(C),24+ ft.,26,38,260,1,1,20251115,MIL,LAL,23930,0,1628467|1629637|1630559|1631222|1642261,0,REG,2026,1610612747,,,,,
22500231546,,Shot Chart Detail,22500231,546,1631222,Jake LaRavia,1610612747,Los Angeles Lakers,4,7,24,Missed Shot,Jump Shot,3PT Field Goal,Left Corner 3,Left Side(L),24+ ft.,23,-233,30,1,0,20251115,MIL,LAL,24360,0,1628467|1629637|1630559|1631222|1642261,0,REG,2026,1610612747,,,,,
22500231550,,Shot Chart Detail,22500231,550,1630559,Austin Reaves,1610612747,Los Angeles Lakers,4,6,53,Made Shot,Step Back Jump shot,3PT Field Goal,Above the Break 3,Left Side Center(LC),24+ ft.,26,-126,230,1,1,20251115,MIL,LAL,24670,0,1628467|1629637|1630559|1631222|1642261,1,REG,2026,1610612747,,,,,
22500231568,,Shot Chart Detail,22500231,568,1630559,Austin Reaves,1610612747,Los Angeles Lakers,4,5,48,Made Shot,Step Back Jump shot,3PT Field Goal,Above the Break 3,Right Side Center(RC),24+ ft.,28,114,260,1,1,20251115,MIL,LAL,25320,0,1628467|1629028|1629029|1630559|1631222,1,REG,2026,1610612747,,,,,
22500231572,,Shot Chart Detail,22500231,572,1631222,Jake LaRavia,1610612747,Los Angeles Lakers,4,5,14,Missed Shot,Driving Hook Shot,2PT Field Goal,In The Paint (Non-RA),Center(C),8-16 ft.,8,29,85,1,0,20251115,MIL,LAL,25660,0,1628467|1629028|1629029|1630559|1631222,0,REG,2026,1610612747,,,,,
22500231601,,Shot Chart Detail,22500231,601,1631222,Jake LaRavia,1610612747,Los Angeles Lakers,4,3,47,Missed Shot,Running Alley Oop Dunk Shot,2PT Field Goal,Restricted Area,Center(C),Less Than 8 ft.,0,-4,5,1,0,20251115,MIL,LAL,26530,0,1628467|1629028|1629029|1630559|1631222,0,REG,2026,1610612747,,,,,
22500231624,,Shot Chart Detail,22500231,624,1630559,Austin Reaves,1610612747,Los Angeles Lakers,4,2,57,Missed Shot,Fadeaway Jump Shot,2PT Field Goal,Mid-Range,Right Side(R),8-16 ft.,14,140,-21,1,0,20251115,MIL,LAL,27030,0,1628467|1629028|1629029|1630559|1631222,0,REG,2026,1610612747,,,,,
22500231640,,Shot Chart Detail,22500231,640,1642261,Dalton Knecht,1610612747,Los Angeles Lakers,4,2,17,Missed Shot,Driving Floating Jump Shot,2PT Field Goal,Mid-Range,Right Side(R),8-16 ft.,12,83,100,1,0,20251115,MIL,LAL,27430,0,1628467|1641733|1642261|1642355|1642876,0,REG,2026,1610612747,,,,,
22500231649,,Shot Chart Detail,22500231,649,1641733,Nick Smith Jr.,1610612747,Los Angeles Lakers,4,1,25,Missed Shot,Step Back Jump shot,3PT Field Goal,Above the Break 3,Center(C),24+ ft.,26,-77,258,1,0,20251115,MIL,LAL,27950,0,1628467|1641733|1642261|1642355|1642876,0,REG,2026,1610612747,,,,,
22500231657,,Shot Chart Detail,22500231,657,1642876,Adou Thiero,1610612747,Los Angeles Lakers,4,1,3,Made Shot,Running Dunk Shot,2PT Field Goal,Restricted Area,Center(C),Less Than 8 ft.,1,-11,14,1,1,20251115,MIL,LAL,28170,0,1628467|1641733|1642261|1642355|1642876,1,REG,2026,1610612747,,,,,
22500231661,,Shot Chart Detail,22500231,661,1642261,Dalton Knecht,1610612747,Los Angeles Lakers,4,0,52,Made Shot,Running Dunk Shot,2PT Field Goal,Restricted Area,Center(C),Less Than 8 ft.,3,-12,29,1,1,20251115,MIL,LAL,28280,0,1628467|1641733|1642261|1642355|1642876,1,REG,2026,1610612747,,,,,
22500231667,,Shot Chart Detail,22500231,667,1641733,Nick Smith Jr.,1610612747,Los Angeles Lakers,4,0,32,Made Shot,Running Jump Shot,3PT Field Goal,Above the Break 3,Left Side Center(LC),24+ ft.,26,-200,176,1,1,20251115,MIL,LAL,28480,0,1628467|1641733|1642261|1642355|1642876,1,REG,2026,1610612747,,,,,
2250025314,,Shot Chart Detail,22500253,14,1629060,Rui Hachimura,1610612747,Los Angeles Lakers,1,10,51,Made Shot,Jump Shot,2PT Field Goal,In The Paint (Non-RA),Center(C),8-16 ft.,12,38,123,1,1,20251118,LAL,UTA,690,0,2544|1629028|1629029|1629060|1630559,1,REG,2026,1610612747,,,,,
2250025321,,Shot Chart Detail,22500253,21,1629060,Rui Hachimura,1610612747,Los Angeles Lakers,1,10,13,Missed Shot,Layup Shot,2PT Field Goal,Restricted Area,Center(C),Less Than 8 ft.,2,17,11,1,0,20251118,LAL,UTA,1070,0,2544|1629028|1629029|1629060|1630559,0,REG,2026,1610612747,,,,,
2250025323,,Shot Chart Detail,22500253,23,1630559,Austin Reaves,1610612747,Los Angeles Lakers,1,10,7,Missed Shot,Step Back Jump shot,3PT Field Goal,Above the Break 3,Right Side Center(RC),24+ ft.,25,170,195,1,0,20251118,LAL,UTA,1130,0,2544|1629028|1629029|1629060|1630559,0,REG,2026,1610612747,,,,,
2250025327,,Shot Chart Detail,22500253,27,1629029,Luka Dončić,1610612747,Los Angeles Lakers,1,9,39,Missed Shot,Fadeaway Jump Shot,2PT Field Goal,In The Paint (Non-RA),Center(C),8-16 ft.,10,-34,101,1,0,20251118,LAL,UTA,1410,0,2544|1629028|1629029|1629060|1630559,0,REG,2026,1610612747,,,,,
2250025333,,Shot Chart Detail,22500253,33,1629029,Luka Dončić,1610612747,Los Angeles Lakers,1,9,2,Missed Shot,Jump Shot,3PT Field Goal,Above the Break 3,Left Side Center(LC),24+ ft.,26,-136,232,1,0,20251118,LAL,UTA,1780,0,2544|1629028|1629029|1629060|1630559,0,REG,2026,1610612747,,,,,
2250025337,,Shot Chart Detail,22500253,37,1629028,Deandre Ayton,1610612747,Los Angeles Lakers,1,8,28,Made Shot,Jump Shot,2PT Field Goal,Mid-Range,Center(C),8-16 ft.,15,-9,151,1,1,20251118,LAL,UTA,2120,0,2544|1629028|1629029|1629060|1630559,1,REG,2026,1610612747,,,,,
2250025341,,Shot Chart Detail,22500253,41,1629028,Deandre Ayton,1610612747,Los Angeles Lakers,1,8,7,Missed Shot,Jump Shot,2PT Field Goal,In The Paint (Non-RA),Center(C),8-16 ft.,13,-18,136,1,0,20251118,LAL,UTA,2330,0,2544|1629028|1629029|1629060|1630559,0,REG,2026,1610612747,,,,,
2250025345,,Shot Chart Detail,22500253,45,2544,LeBron James,1610612747,Los Angeles Lakers,1,7,43,Missed Shot,Running Pull-Up Jump Shot,3PT Field Goal,Above the Break 3,Right Side Center(RC),24+ ft.,25,175,183,1,0,20251118,LAL,UTA,2570,0,2544|1629028|1629029|1629060|1630559,0,REG,2026,1610612747,,,,,
2250025349,,Shot Chart Detail,22500253,49,1629029,Luka Dončić,1610612747,Los Angeles Lakers,1,7,24,Made Shot,Fadeaway Jump Shot,2PT Field Goal,In The Paint (Non-RA),Center(C),8-16 ft.,12,-58,111,1,1,20251118,LAL,UTA,2760,0,2544|1629028|1629029|1629060|1630559,0,REG,2026,1610612747,,,,,
2250025352,,Shot Chart Detail,22500253,52,1629029,Luka Dončić,1610612747,Los Angeles Lakers,1,6,45,Missed Shot,Step Back Jump shot,3PT Field Goal,Right Corner 3,Right Side(R),24+ ft.,24,232,62,1,0,20251118,LAL,UTA,3150,0,2544|1629028|1629029|1629060|1630559,0,REG,2026,1610612747,,,,,
2250025372,,Shot Chart Detail,22500253,72,1629029,Luka Dončić,1610612747,Los Angeles Lakers,1,5,54,Made Shot,Driving Floating Jump Shot,2PT Field Goal,In The Paint (Non-RA),Left Side(L),8-16 ft.,8,-67,60,1,1,20251118,LAL,UTA,3660,0,203935|1629028|1629029|1629060|1630559,0,REG,2026,1610612747,,,,,
2250025382,,Shot Chart Detail,22500253,82,1630559,Austin Reaves,1610612747,Los Angeles Lakers,1,5,17,Missed Shot,Pullup Jump shot,3PT Field Goal,Above the Break 3,Center(C),24+ ft.,26,-56,263,1,0,20251118,LAL,UTA,4030,0,203935|1629028|1629029|1629060|1630559,0,REG,2026,1610612747,,,,,
2250025394,,Shot Chart Detail,22500253,94,1629637,Jaxson Hayes,1610612747,Los Angeles Lakers,1,4,19,Made Shot,Alley Oop Dunk Shot,2PT Field Goal,Restricted Area,Center(C),Less Than 8 ft.,2,-16,23,1,1,20251118,LAL,UTA,4610,0,203935|1629029|1629060|1629637|1630559,1,REG,2026,1610612747,,,,,
22500253101,,Shot Chart Detail,22500253,101,1631222,Jake LaRavia,1610612747,Los Angeles Lakers,1,3,54,Made Shot,Cutting Dunk Shot,2PT Field Goal,Restricted Area,Center(C),Less Than 8 ft.,3,1,31,1,1,20251118,LAL,UTA,4860,0,203935|1629029|1629060|1629637|1631222,1,REG,2026,1610612747,,,,,
22500253104,,Shot Chart Detail,22500253,104,1629029,Luka Dončić,1610612747,Los Angeles Lakers,1,3,27,Made Shot,Driving Layup Shot,2PT Field Goal,Restricted Area,Center(C),Less Than 8 ft.,2,-9,26,1,1,20251118,LAL,UTA,5130,0,203935|1629029|1629060|1629637|1631222,0,REG,2026,1610612747,,,,,
22500253107,,Shot Chart Detail,22500253,107,1629029,Luka Dončić,1610612747,Los Angeles Lakers,1,3,5,Missed Shot,Running Pull-Up Jump Shot,2PT Field Goal,In The Paint (Non-RA),Center(C),8-16 ft.,12,-25,123,1,0,20251118,LAL,UTA,5350,0,203935|1629029|1629060|1629637|1631222,0,REG,2026,1610612747,,,,,
22500253125,,Shot Chart Detail,22500253,125,1629060,Rui Hachimura,1610612747,Los Angeles Lakers,1,2,21,Missed Shot,Cutting Layup Shot,2PT Field Goal,Restricted Area,Center(C),Less Than 8 ft.,2,-4,23,1,0,20251118,LAL,UTA,5790,0,203935|1629029|1629060|1629637|1631222,0,REG,2026,1610612747,,,,,
22500253127,,Shot Chart Detail,22500253,127,1629060,Rui Hachimura,1610612747,Los Angeles Lakers,1,2,18,Made Shot,Putback Layup Shot,2PT Field Goal,Restricted Area,Center(C),Less Than 8 ft.,2,-1,21,1,1,20251118,LAL,UTA,5820,0,203935|1629029|1629060|1629637|1631222,0,REG,2026,1610612747,,,,,
22500253138,,Shot Chart Detail,22500253,138,1631222,Jake LaRavia,1610612747,Los Angeles Lakers,1,1,43,Made Shot,Jump Shot,3PT Field Goal,Left Corner 3,Left Side(L),24+ ft.,23,-234,20,1,1,20251118,LAL,UTA,6170,0,2544|1629029|1629216|1629637|1631222,1,REG,2026,1610612747,,,,,
22500253156,,Shot Chart Detail,22500253,156,1631222,Jake LaRavia,1610612747,Los Angeles Lakers,1,0,3,Made Shot,Fadeaway Jump Shot,2PT Field Goal,In The Paint (Non-RA),Center(C),8-16 ft.,11,-33,115,1,1,20251118,LAL,UTA,7170,0,2544|1629029|1629216|1629637|1631222,1,REG,2026,1610612747,,,,,
22500253172,,Shot Chart Detail,22500253,172,1631222,Jake LaRavia,1610612747,Los Angeles Lakers,2,11,35,Missed Shot,Jump Shot,3PT Field Goal,Above the Break 3,Right Side Center(RC),24+ ft.,25,183,176,1,0,20251118,LAL,UTA,7450,0,2544|1629028|1629216|1630559|1631222,0,REG,2026,1610612747,,,,,
22500253181,,Shot Chart Detail,22500253,181,1631222,Jake LaRavia,1610612747,Los Angeles Lakers,2,10,56,Missed Shot,Driving Layup Shot,2PT Field Goal,Restricted Area,Center(C),Less Than 8 ft.,3,28,26,1,0,20251118,LAL,UTA,7840,0,2544|1629028|1629216|1630559|1631222,0,REG,2026,1610612747,,,,,
22500253183,,Shot Chart Detail,22500253,183,1629028,Deandre Ayton,1610612747,Los Angeles Lakers,2,10,55,Made Shot,Tip Layup Shot,2PT Field Goal,Restricted Area,Center(C),Less Than 8 ft.,0,0,0,1,1,20251118,LAL,UTA,7850,0,2544|1629028|1629216|1630559|1631222,0,REG,2026,1610612747,,,,,
22500253189,,Shot Chart Detail,22500253,189,1630559,Austin Reaves,1610612747,Los Angeles Lakers,2,10,22,Made Shot,Driving Floating Jump Shot,2PT Field Goal,In The Paint (Non-RA),Center(C),Less Than 8 ft.,7,-4,76,1,1,20251118,LAL,UTA,8180,0,2544|1629028|1629216|1630559|1631222,1,REG,2026,1610612747,,,,,
22500253193,,Shot Chart Detail,22500253,193,1631222,Jake LaRavia,1610612747,Los Angeles Lakers,2,9,50,Missed Shot,Jump Shot,3PT Field Goal,Above the Break 3,Left Side Center(LC),24+ ft.,27,-176,212,1,0,20251118,LAL,UTA,8500,0,2544|1629028|1629216|1630559|1631222,0,REG,2026,1610612747,,,,,
22500253205,,Shot Chart Detail,22500253,205,1629028,Deandre Ayton,1610612747,Los Angeles Lakers,2,9,28,Missed Shot,Hook Shot,2PT Field Goal,Restricted Area,Center(C),Less Than 8 ft.,2,-21,11,1,0,20251118,LAL,UTA,8720,0,2544|203935|1629028|1629216|1630559,0,REG,2026,1610612747,,,,,
22500253211,,Shot Chart Detail,22500253,211,1630559,Austin Reaves,1610612747,Los Angeles Lakers,2,9,14,Made Shot,Driving Floating Bank Jump Shot,2PT Field Goal,In The Paint (Non-RA),Center(C),8-16 ft.,11,43,107,1,1,20251118,LAL,UTA,8860,0,2544|203935|1629028|1629216|1630559,1,REG,2026,1610612747,,,,,
22500253223,,Shot Chart Detail,22500253,223,1630559,Austin Reaves,1610612747,Los Angeles Lakers,2,8,46,Made Shot,Running Dunk Shot,2PT Field Goal,Restricted Area,Center(C),Less Than 8 ft.,1,17,10,1,1,20251118,LAL,UTA,9140,0,2544|203935|1629028|1629216|1630559,1,REG,2026,1610612747,,,,,
22500253230,,Shot Chart Detail,22500253,230,2544,LeBron James,1610612747,Los Angeles Lakers,2,8,20,Made Shot,Jump Shot,3PT Field Goal,Above the Break 3,Left Side Center(LC),24+ ft.,26,-206,162,1,1,20251118,LAL,UTA,9400,0,2544|203935|1629028|1629216|1630559,1,REG,2026,1610612747,,,,,
22500253235,,Shot Chart Detail,22500253,235,1629028,Deandre Ayton,1610612747,Los Angeles Lakers,2,7,38,Made Shot,Alley Oop Dunk Shot,2PT Field Goal,Restricted Area,Center(C),Less Than 8 ft.,1,-4,13,1,1,20251118,LAL,UTA,9820,0,2544|203935|1629028|1629216|1630559,1,REG,2026,1610612747,,,,,
22500253242,,Shot Chart Detail,22500253,242,203935,Marcus Smart,1610612747,Los Angeles Lakers,2,7,6,Made Shot,Cutting Finger Roll Layup Shot,2PT Field Goal,Restricted Area,Center(C),Less Than 8 ft.,2,0,26,1,1,20251118,LAL,UTA,10140,0,2544|203935|1629028|1629029|1630559,1,REG,2026,1610612747,,,,,
22500253246,,Shot Chart Detail,22500253,246,203935,Marcus Smart,1610612747,Los Angeles Lakers,2,6,33,Missed Shot,Jump Shot,3PT Field Goal,Above the Break 3,Center(C),24+ ft.,25,-33,257,1,0,20251118,LAL,UTA,10470,0,2544|203935|1629028|1629029|1630559,0,REG,2026,1610612747,,,,,
22500253253,,Shot Chart Detail,22500253,253,2544,LeBron James,1610612747,Los Angeles Lakers,2,6,11,Missed Shot,Driving Layup Shot,2PT Field Goal,In The Paint (Non-RA),Center(C),Less Than 8 ft.,5,-13,55,1,0,20251118,LAL,UTA,10690,0,2544|203935|1629028|1629029|1630559,0,REG,2026,1610612747,,,,,
22500253263,,Shot Chart Detail,22500253,263,1629029,Luka Dončić,1610612747,Los Angeles Lakers,2,5,37,Missed Shot,Jump Shot,3PT Field Goal,Above the Break 3,Right Side Center(RC),24+ ft.,27,147,237,1,0,20251118,LAL,UTA,11030,0,2544|203935|1629028|1629029|1629060,0,REG,2026,1610612747,,,,,
22500253265,,Shot Chart Detail,22500253,265,203935,Marcus Smart,1610612747,Los Angeles Lakers,2,5,33,Made Shot,Jump Shot,3PT Field Goal,Above the Break 3,Right Side Center(RC),24+ ft.,26,205,163,1,1,20251118,LAL,UTA,11070,0,2544|203935|1629028|1629029|1629060,0,REG,2026,1610612747,,,,,
22500253278,,Shot Chart Detail,22500253,278,1629060,Rui Hachimura,1610612747,Los Angeles Lakers,2,5,4,Missed Shot,Jump Shot,3PT Field Goal,Above the Break 3,Left Side Center(LC),24+ ft.,27,-140,241,1,0,20251118,LAL,UTA,11360,0,203935|1629029|1629060|1629637|1631222,0,REG,2026,1610612747,,,,,
22500253282,,Shot Chart Detail,22500253,282,1629029,Luka Dončić,1610612747,Los Angeles Lakers,2,4,37,Missed Shot,Step Back Jump shot,3PT Field Goal,Above the Break 3,Right Side Center(RC),24+ ft.,26,118,241,1,0,20251118,LAL,UTA,11630,0,203935|1629029|1629060|1629637|1631222,0,REG,2026,1610612747,,,,,
22500253286,,Shot Chart Detail,22500253,286,1629060,Rui Hachimura,1610612747,Los Angeles Lakers,2,4,6,Made Shot,Pullup Jump shot,2PT Field Goal,In The Paint (Non-RA),Center(C),8-16 ft.,13,65,115,1,1,20251118,LAL,UTA,11940,0,203935|1629029|1629060|1629637|1631222,0,REG,2026,1610612747,,,,,
22500253289,,Shot Chart Detail,22500253,289,1629029,Luka Dončić,1610612747,Los Angeles Lakers,2,3,45,Made Shot,Driving Floating Jump Shot,2PT Field Goal,In The Paint (Non-RA),Center(C),8-16 ft.,8,7,81,1,1,20251118,LAL,UTA,12150,0,203935|1629029|1629060|1629637|1631222,0,REG,2026,1610612747,,,,,
22500253302,,Shot Chart Detail,22500253,302,1629060,Rui Hachimura,1610612747,Los Angeles Lakers,2,3,3,Missed Shot,Layup Shot,2PT Field Goal,Restricted Area,Center(C),Less Than 8 ft.,2,-5,27,1,0,20251118,LAL,UTA,12570,0,1629029|1629060|1629637|1630559|1631222,0,REG,2026,1610612747,,,,,
22500253318,,Shot Chart Detail,22500253,318,1629029,Luka Dončić,1610612747,Los Angeles Lakers,2,2,34,Made Shot,Jump Shot,3PT Field Goal,Above the Break 3,Left Side Center(LC),24+ ft.,29,-96,278,1,1,20251118,LAL,UTA,12860,0,2544|1629029|1629060|1629637|1630559,1,REG,2026,1610612747,,,,,
22500253356,,Shot Chart Detail,22500253,356,2544,LeBron James,1610612747,Los Angeles Lakers,2,0,43,Made Shot,Running Pull-Up Jump Shot,3PT Field Goal,Above the Break 3,Left Side Center(LC),24+ ft.,28,-168,227,1,1,20251118,LAL,UTA,13970,0,2544|1629028|1629029|1629060|1630559,1,REG,2026,1610612747,,,,,
22500253359,,Shot Chart Detail,22500253,359,1630559,Austin Reaves,1610612747,Los Angeles Lakers,2,0,18,Made Shot,Jump Shot,3PT Field Goal,Above the Break 3,Right Side Center(RC),24+ ft.,25,143,217,1,1,20251118,LAL,UTA,14220,0,2544|203935|1629060|1630559|1631222,1,REG,2026,1610612747,,,,,
22500253387,,Shot Chart Detail,22500253,387,1629060,Rui Hachimura,1610612747,Los Angeles Lakers,3,11,27,Missed Shot,Jump Shot,3PT Field Goal,Left Corner 3,Left Side(L),24+ ft.,23,-228,71,1,0,20251118,LAL,UTA,14730,0,2544|1629028|1629029|1629060|1630559,0,REG,2026,1610612747,,,,,
22500253394,,Shot Chart Detail,22500253,394,1629029,Luka Dončić,1610612747,Los Angeles Lakers,3,10,29,Made Shot,Driving Floating Jump Shot,2PT Field Goal,In The Paint (Non-RA),Right Side(R),8-16 ft.,9,55,74,1,1,20251118,LAL,UTA,15310,0,2544|1629028|1629029|1629060|1630559,0,REG,2026,1610612747,,,,,
22500253400,,Shot Chart Detail,22500253,400,1630559,Austin Reaves,1610612747,Los Angeles Lakers,3,9,56,Made Shot,Driving Layup Shot,2PT Field Goal,In The Paint (Non-RA),Center(C),Less Than 8 ft.,4,17,37,1,1,20251118,LAL,UTA,15640,0,2544|1629028|1629029|1629060|1630559,0,REG,2026,1610612747,,,,,
22500253403,,Shot Chart Detail,22500253,403,1629029,Luka Dončić,1610612747,Los Angeles Lakers,3,9,28,Made Shot,Driving Layup Shot,2PT Field Goal,Restricted Area,Center(C),Less Than 8 ft.,2,1,22,1,1,20251118,LAL,UTA,15920,0,2544|1629028|1629029|1629060|1630559,0,REG,2026,1610612747,,,,,
22500253406,,Shot Chart Detail,22500253,406,1629029,Luka Dončić,1610612747,Los Angeles Lakers,3,8,54,Missed Shot,Pullup Jump shot,3PT Field Goal,Above the Break 3,Center(C),24+ ft.,26,-71,255,1,0,20251118,LAL,UTA,16260,0,2544|1629028|1629029|1629060|1630559,0,REG,2026,1610612747,,,,,
22500253410,,Shot Chart Detail,22500253,410,1630559,Austin Reaves,1610612747,Los Angeles Lakers,3,8,37,Made Shot,Running Layup Shot,2PT Field Goal,Restricted Area,Center(C),Less Than 8 ft.,2,-13,26,1,1,20251118,LAL,UTA,16430,0,2544|1629028|1629029|1629060|1630559,1,REG,2026,1610612747,,,,,
22500253413,,Shot Chart Detail,22500253,413,2544,LeBron James,1610612747,Los Angeles Lakers,3,8,4,Made Shot,Pullup Jump shot,2PT Field Goal,In The Paint (Non-RA),Center(C),8-16 ft.,14,-54,136,1,1,20251118,LAL,UTA,16760,0,2544|1629028|1629029|1629060|1630559,1,REG,2026,1610612747,,,,,
22500253418,,Shot Chart Detail,22500253,418,1629028,Deandre Ayton,1610612747,Los Angeles Lakers,3,7,27,Made Shot,Alley Oop Dunk Shot,2PT Field Goal,Restricted Area,Center(C),Less Than 8 ft.,1,1,17,1,1,20251118,LAL,UTA,17130,0,2544|1629028|1629029|1629060|1630559,1,REG,2026,1610612747,,,,,
22500253433,,Shot Chart Detail,22500253,433,2544,LeBron James,1610612747,Los Angeles Lakers,3,6,35,Made Shot,Driving Layup Shot,2PT Field Goal,Restricted Area,Center(C),Less Than 8 ft.,2,-6,21,1,1,20251118,LAL,UTA,17650,0,2544|203935|1629028|1629029|1630559,1,REG,2026,1610612747,,,,,
22500253446,,Shot Chart Detail,22500253,446,1629029,Luka Dončić,1610612747,Los Angeles Lakers,3,5,41,Made Shot,Driving Layup Shot,2PT Field Goal,Restricted Area,Center(C),Less Than 8 ft.,2,-18,21,1,1,20251118,LAL,UTA,18190,0,203935|1629028|1629029|1629060|1630559,0,REG,2026,1610612747,,,,,
22500253456,,Shot Chart Detail,22500253,456,1629029,Luka Dončić,1610612747,Los Angeles Lakers,3,5,3,Missed Shot,Step Back Jump shot,3PT Field Goal,Above the Break 3,Left Side Center(LC),24+ ft.,25,-167,198,1,0,20251118,LAL,UTA,18570,0,203935|1629028|1629029|1629060|1630559,0,REG,2026,1610612747,,,,,
22500253458,,Shot Chart Detail,22500253,458,1629028,Deandre Ayton,1610612747,Los Angeles Lakers,3,4,57,Made Shot,Hook Shot,2PT Field Goal,Restricted Area,Center(C),Less Than 8 ft.,2,-7,22,1,1,20251118,LAL,UTA,18630,0,203935|1629028|1629029|1629060|1630559,0,REG,2026,1610612747,,,,,
22500253461,,Shot Chart Detail,22500253,461,1630559,Austin Reaves,1610612747,Los Angeles Lakers,3,4,37,Missed Shot,Running Pull-Up Jump Shot,3PT Field Goal,Above the Break 3,Left Side Center(LC),24+ ft.,26,-132,229,1,0,20251118,LAL,UTA,18830,0,203935|1629028|1629029|1629060|1630559,0,REG,2026,1610612747,,,,,
22500253483,,Shot Chart Detail,22500253,483,1629029,Luka Dončić,1610612747,Los Angeles Lakers,3,3,36,Made Shot,Driving Layup Shot,2PT Field Goal,Restricted Area,Center(C),Less Than 8 ft.,2,-2,26,1,1,20251118,LAL,UTA,19440,0,203935|1629029|1629060|1629637|1631222,0,REG,2026,1610612747,,,,,
22500253491,,Shot Chart Detail,22500253,491,1629029,Luka Dončić,1610612747,Los Angeles Lakers,3,3,4,Missed Shot,Driving Floating Jump Shot,2PT Field Goal,In The Paint (Non-RA),Center(C),8-16 ft.,8,12,82,1,0,20251118,LAL,UTA,19760,0,203935|1629029|1629060|1629637|1631222,0,REG,2026,1610612747,,,,,
22500253504,,Shot Chart Detail,22500253,504,203935,Marcus Smart,1610612747,Los Angeles Lakers,3,2,27,Missed Shot,Jump Shot,3PT Field Goal,Above the Break 3,Left Side Center(LC),24+ ft.,27,-94,256,1,0,20251118,LAL,UTA,20130,0,203935|1629029|1629060|1629637|1631222,0,REG,2026,1610612747,,,,,
22500253517,,Shot Chart Detail,22500253,517,1629029,Luka Dončić,1610612747,Los Angeles Lakers,3,1,50,Made Shot,Jump Shot,3PT Field Goal,Right Corner 3,Right Side(R),24+ ft.,23,230,8,1,1,20251118,LAL,UTA,20500,0,203935|1629029|1629060|1629637|1631222,1,REG,2026,1610612747,,,,,
22500253522,,Shot Chart Detail,22500253,522,203935,Marcus Smart,1610612747,Los Angeles Lakers,3,1,24,Missed Shot,Jump Shot,3PT Field Goal,Above the Break 3,Left Side Center(LC),24+ ft.,26,-87,252,1,0,20251118,LAL,UTA,20760,0,203935|1629029|1629060|1629637|1631222,0,REG,2026,1610612747,,,,,
22500253526,,Shot Chart Detail,22500253,526,1629029,Luka Dončić,1610612747,Los Angeles Lakers,3,1,2,Made Shot,Driving Floating Jump Shot,2PT Field Goal,Mid-Range,Right Side(R),16-24 ft.,16,162,32,1,1,20251118,LAL,UTA,20980,0,203935|1629029|1629060|1629637|1631222,0,REG,2026,1610612747,,,,,
22500253538,,Shot Chart Detail,22500253,538,1629029,Luka Dončić,1610612747,Los Angeles Lakers,3,0,36,Missed Shot,Step Back Jump shot,3PT Field Goal,Above the Break 3,Right Side Center(RC),24+ ft.,25,185,178,1,0,20251118,LAL,UTA,21240,0,2544|1629029|1629216|1629637|1631222,0,REG,2026,1610612747,,,,,
22500253540,,Shot Chart Detail,22500253,540,1629637,Jaxson Hayes,1610612747,Los Angeles Lakers,3,0,33,Made Shot,Putback Layup Shot,2PT Field Goal,Restricted Area,Center(C),Less Than 8 ft.,1,4,15,1,1,20251118,LAL,UTA,21270,0,2544|1629029|1629216|1629637|1631222,0,REG,2026,1610612747,,,,,
22500253548,,Shot Chart Detail,22500253,548,1629216,Gabe Vincent,1610612747,Los Angeles Lakers,3,0,0,Made Shot,Jump Shot,3PT Field Goal,Right Corner 3,Right Side(R),24+ ft.,25,249,35,1,1,20251118,LAL,UTA,21600,0,2544|1629029|1629216|1629637|1631222,1,REG,2026,1610612747,,,,,
22500253561,,Shot Chart Detail,22500253,561,1629216,Gabe Vincent,1610612747,Los Angeles Lakers,4,11,38,Missed Shot,Jump Shot,3PT Field Goal,Above the Break 3,Center(C),24+ ft.,28,-74,273,1,0,20251118,LAL,UTA,21820,0,2544|1629216|1629637|1630559|1631222,0,REG,2026,1610612747,,,,,
22500253563,,Shot Chart Detail,22500253,563,1630559,Austin Reaves,1610612747,Los Angeles Lakers,4,11,34,Made Shot,Turnaround Jump Shot,2PT Field Goal,In The Paint (Non-RA),Center(C),8-16 ft.,9,-32,94,1,1,20251118,LAL,UTA,21860,0,2544|1629216|1629637|1630559|1631222,0,REG,2026,1610612747,,,,,
22500253576,,Shot Chart Detail,22500253,576,1629637,Jaxson Hayes,1610612747,Los Angeles Lakers,4,10,44,Made Shot,Cutting Dunk Shot,2PT Field Goal,Restricted Area,Center(C),Less Than 8 ft.,3,-1,37,1,1,20251118,LAL,UTA,22360,0,2544|1629216|1629637|1630559|1631222,1,REG,2026,1610612747,,,,,
22500253581,,Shot Chart Detail,22500253,581,1631222,Jake LaRavia,1610612747,Los Angeles Lakers,4,10,10,Missed Shot,Jump Shot,3PT Field Goal,Left Corner 3,Left Side(L),24+ ft.,23,-238,-1,1,0,20251118,LAL,UTA,22700,0,2544|1629216|1629637|1630559|1631222,0,REG,2026,1610612747,,,,,
22500253585,,Shot Chart Detail,22500253,585,1629216,Gabe Vincent,1610612747,Los Angeles Lakers,4,9,40,Made Shot,Step Back Jump shot,3PT Field Goal,Above the Break 3,Right Side Center(RC),24+ ft.,26,206,164,1,1,20251118,LAL,UTA,23000,0,2544|1629216|1629637|1630559|1631222,1,REG,2026,1610612747,,,,,
22500253603,,Shot Chart Detail,22500253,603,1629028,Deandre Ayton,1610612747,Los Angeles Lakers,4,8,47,Made Shot,Cutting Layup Shot,2PT Field Goal,In The Paint (Non-RA),Center(C),Less Than 8 ft.,4,1,48,1,1,20251118,LAL,UTA,23530,0,2544|1629028|1629216|1630559|1631222,1,REG,2026,1610612747,,,,,
22500253607,,Shot Chart Detail,22500253,607,1629028,Deandre Ayton,1610612747,Los Angeles Lakers,4,8,25,Made Shot,Running Layup Shot,2PT Field Goal,Restricted Area,Center(C),Less Than 8 ft.,2,10,20,1,1,20251118,LAL,UTA,23750,0,2544|1629028|1629216|1630559|1631222,1,REG,2026,1610612747,,,,,
22500253611,,Shot Chart Detail,22500253,611,1631222,Jake LaRavia,1610612747,Los Angeles Lakers,4,7,58,Made Shot,Reverse Dunk Shot,2PT Field Goal,Restricted Area,Center(C),Less Than 8 ft.,2,9,22,1,1,20251118,LAL,UTA,24020,0,2544|1629028|1629216|1630559|1631222,1,REG,2026,1610612747,,,,,
22500253618,,Shot Chart Detail,22500253,618,2544,LeBron James,1610612747,Los Angeles Lakers,4,7,36,Missed Shot,Alley Oop Layup shot,2PT Field Goal,Restricted Area,Center(C),Less Than 8 ft.,1,9,8,1,0,20251118,LAL,UTA,24240,0,2544|1629028|1629216|1630559|1631222,0,REG,2026,1610612747,,,,,
22500253620,,Shot Chart Detail,22500253,620,1631222,Jake LaRavia,1610612747,Los Angeles Lakers,4,7,29,Made Shot,Jump Shot,3PT Field Goal,Above the Break 3,Right Side Center(RC),24+ ft.,25,238,88,1,1,20251118,LAL,UTA,24310,0,2544|1629028|1629216|1630559|1631222,1,REG,2026,1610612747,,,,,
22500253624,,Shot Chart Detail,22500253,624,1629028,Deandre Ayton,1610612747,Los Angeles Lakers,4,6,59,Missed Shot,Layup Shot,2PT Field Goal,Restricted Area,Center(C),Less Than 8 ft.,1,-4,16,1,0,20251118,LAL,UTA,24610,0,2544|1629028|1629216|1630559|1631222,0,REG,2026,1610612747,,,,,
22500253626,,Shot Chart Detail,22500253,626,1629028,Deandre Ayton,1610612747,Los Angeles Lakers,4,6,56,Made Shot,Tip Layup Shot,2PT Field Goal,Restricted Area,Center(C),Less Than 8 ft.,0,0,0,1,1,20251118,LAL,UTA,24640,0,2544|1629028|1629216|1630559|1631222,0,REG,2026,1610612747,,,,,
22500253635,,Shot Chart Detail,22500253,635,1629028,Deandre Ayton,1610612747,Los Angeles Lakers,4,5,59,Made Shot,Jump Shot,2PT Field Goal,In The Paint (Non-RA),Center(C),8-16 ft.,10,45,92,1,1,20251118,LAL,UTA,25210,0,1629028|1629029|1629216|1630559|1631222,1,REG,2026,1610612747,,,,,
22500253670,,Shot Chart Detail,22500253,670,1630559,Austin Reaves,1610612747,Los Angeles Lakers,4,4,16,Missed Shot,Jump Bank Shot,2PT Field Goal,In The Paint (Non-RA),Center(C),Less Than 8 ft.,7,-17,74,1,0,20251118,LAL,UTA,26240,0,1629028|1629029|1629216|1630559|1631222,0,REG,2026,1610612747,,,,,
22500253676,,Shot Chart Detail,22500253,676,1629029,Luka Dončić,1610612747,Los Angeles Lakers,4,3,58,Missed Shot,Jump Shot,3PT Field Goal,Above the Break 3,Right Side Center(RC),24+ ft.,26,192,184,1,0,20251118,LAL,UTA,26420,0,1629028|1629029|1629216|1630559|1631222,0,REG,2026,1610612747,,,,,
22500253678,,Shot Chart Detail,22500253,678,1629028,Deandre Ayton,1610612747,Los Angeles Lakers,4,3,56,Made Shot,Putback Layup Shot,2PT Field Goal,Restricted Area,Center(C),Less Than 8 ft.,1,-4,19,1,1,20251118,LAL,UTA,26440,0,1629028|1629029|1629216|1630559|1631222,0,REG,2026,1610612747,,,,,
22500253694,,Shot Chart Detail,22500253,694,1642355,Bronny James,1610612747,Los Angeles Lakers,4,2,52,Made Shot,Jump Shot,3PT Field Goal,Above the Break 3,Center(C),24+ ft.,28,-87,268,1,1,20251118,LAL,UTA,27080,0,1629028|1631222|1642261|1642355|1642876,1,REG,2026,1610612747,,,,,
22500253723,,Shot Chart Detail,22500253,723,1642876,Adou Thiero,1610612747,Los Angeles Lakers,4,1,53,Made Shot,Cutting Dunk Shot,2PT Field Goal,Restricted Area,Center(C),Less Than 8 ft.,2,-17,24,1,1,20251118,LAL,UTA,27670,0,1628467|1631222|1642261|1642355|1642876,1,REG,2026,1610612747,,,,,
22500253732,,Shot Chart Detail,22500253,732,1631222,Jake LaRavia,1610612747,Los Angeles Lakers,4,1,0,Made Shot,Driving Layup Shot,2PT Field Goal,Restricted Area,Center(C),Less Than 8 ft.,2,1,24,1,1,20251118,LAL,UTA,28200,0,1628467|1631222|1642261|1642355|1642876,1,REG,2026,1610612747,,,,,
