SHOT_ID,video_url,GRID_TYPE,GAME_ID,GAME_EVENT_ID,PLAYER_ID,PLAYER_NAME,TEAM_ID,TEAM_NAME,PERIOD,MINUTES_REMAINING,SECONDS_REMAINING,EVENT_TYPE,ACTION_TYPE,SHOT_TYPE,SHOT_ZONE_BASIC,SHOT_ZONE_AREA,SHOT_ZONE_RANGE,SHOT_DISTANCE,LOC_X,LOC_Y,SHOT_ATTEMPTED_FLAG,SHOT_MADE_FLAG,GAME_DATE,HTM,VTM,time,extra,PLAYERS_ON,assisted,season_type,year_source,team_id,year,month,day,api_game_id,uuid
225000037,,Shot Chart Detail,22500003,7,1630596,Evan Mobley,1610612739,Cleveland Cavaliers,1,11,45,Made Shot,Turnaround Fadeaway shot,2PT Field Goal,In The Paint (Non-RA),Center(C),8-16 ft.,11,5,118,1,1,20251022,NYK,CLE,150,0,1628378|1628386|1630241|1630596|1642281,0,REG,2026,1610612739,,,,,
2250000310,,Shot Chart Detail,22500003,10,1630596,Evan Mobley,1610612739,Cleveland Cavaliers,1,11,2,Missed Shot,Turnaround Fadeaway shot,2PT Field Goal,In The Paint (Non-RA),Center(C),8-16 ft.,13,-28,136,1,0,20251022,NYK,CLE,580,0,1628378|1628386|1630241|1630596|1642281,0,REG,2026,1610612739,,,,,
2250000318,,Shot Chart Detail,22500003,18,1628378,Donovan Mitchell,1610612739,Cleveland Cavaliers,1,10,44,Made Shot,Driving Layup Shot,2PT Field Goal,Restricted Area,Center(C),Less Than 8 ft.,1,10,8,1,1,20251022,NYK,CLE,760,0,1628378|1628386|1630241|1630596|1642281,0,REG,2026,1610612739,,,,,
2250000321,,Shot Chart Detail,22500003,21,1642281,Jaylon Tyson,1610612739,Cleveland Cavaliers,1,10,11,Made Shot,Jump Shot,3PT Field Goal,Above the Break 3,Left Side Center(LC),24+ ft.,26,-156,217,1,1,20251022,NYK,CLE,1090,0,1628378|1628386|1630241|1630596|1642281,1,REG,2026,1610612739,,,,,
2250000326,,Shot Chart Detail,22500003,26,1630596,Evan Mobley,1610612739,Cleveland Cavaliers,1,9,48,Missed Shot,Pullup Jump shot,2PT Field Goal,In The Paint (Non-RA),Center(C),8-16 ft.,11,17,115,1,0,20251022,NYK,CLE,1320,0,1628378|1628386|1630241|1630596|1642281,0,REG,2026,1610612739,,,,,
2250000330,,Shot Chart Detail,22500003,30,1628386,Jarrett Allen,1610612739,Cleveland Cavaliers,1,9,37,Missed Shot,Running Layup Shot,2PT Field Goal,Restricted Area,Center(C),Less Than 8 ft.,0,0,4,1,0,20251022,NYK,CLE,1430,0,1628378|1628386|1630241|1630596|1642281,0,REG,2026,1610612739,,,,,
2250000333,,Shot Chart Detail,22500003,33,1630241,Sam Merrill,1610612739,Cleveland Cavaliers,1,9,28,Made Shot,Jump Shot,3PT Field Goal,Right Corner 3,Right Side(R),24+ ft.,24,238,75,1,1,20251022,NYK,CLE,1520,0,1628378|1628386|1630241|1630596|1642281,1,REG,2026,1610612739,,,,,
2250000338,,Shot Chart Detail,22500003,38,1630241,Sam Merrill,1610612739,Cleveland Cavaliers,1,8,57,Missed Shot,Jump Shot,3PT Field Goal,Above the Break 3,Center(C),24+ ft.,25,-39,251,1,0,20251022,NYK,CLE,1830,0,1628378|1628386|1630241|1630596|1642281,0,REG,2026,1610612739,,,,,
2250000350,,Shot Chart Detail,22500003,50,1630596,Evan Mobley,1610612739,Cleveland Cavaliers,1,7,46,Missed Shot,Jump Shot,3PT Field Goal,Above the Break 3,Center(C),24+ ft.,25,-6,259,1,0,20251022,NYK,CLE,2540,0,1628378|1628386|1630241|1630596|1642281,0,REG,2026,1610612739,,,,,
2250000358,,Shot Chart Detail,22500003,58,1630596,Evan Mobley,1610612739,Cleveland Cavaliers,1,7,16,Missed Shot,Driving Finger Roll Layup Shot,2PT Field Goal,Restricted Area,Center(C),Less Than 8 ft.,3,27,17,1,0,20251022,NYK,CLE,2840,0,1628378|1628386|1630241|1630596|1642281,0,REG,2026,1610612739,,,,,
2250000366,,Shot Chart Detail,22500003,66,1628366,Lonzo Ball,1610612739,Cleveland Cavaliers,1,6,41,Missed Shot,Jump Bank Shot,3PT Field Goal,Above the Break 3,Center(C),24+ ft.,26,53,257,1,0,20251022,NYK,CLE,3190,0,1628366|1629731|1630241|1630596|1642281,0,REG,2026,1610612739,,,,,
2250000372,,Shot Chart Detail,22500003,72,1630596,Evan Mobley,1610612739,Cleveland Cavaliers,1,6,5,Made Shot,Jump Shot,3PT Field Goal,Above the Break 3,Left Side Center(LC),24+ ft.,26,-146,218,1,1,20251022,NYK,CLE,3550,0,1628366|1629731|1630241|1630596|1642281,1,REG,2026,1610612739,,,,,
2250000376,,Shot Chart Detail,22500003,76,1628366,Lonzo Ball,1610612739,Cleveland Cavaliers,1,5,41,Missed Shot,Jump Shot,3PT Field Goal,Above the Break 3,Left Side Center(LC),24+ ft.,26,-159,215,1,0,20251022,NYK,CLE,3790,0,1628366|1629731|1630241|1630596|1642281,0,REG,2026,1610612739,,,,,
2250000380,,Shot Chart Detail,22500003,80,1630596,Evan Mobley,1610612739,Cleveland Cavaliers,1,5,19,Missed Shot,Pullup Jump shot,3PT Field Goal,Above the Break 3,Left Side Center(LC),24+ ft.,26,-88,249,1,0,20251022,NYK,CLE,4010,0,1628366|1629731|1630241|1630596|1642281,0,REG,2026,1610612739,,,,,
2250000397,,Shot Chart Detail,22500003,97,1642281,Jaylon Tyson,1610612739,Cleveland Cavaliers,1,4,15,Missed Shot,Jump Shot,3PT Field Goal,Right Corner 3,Right Side(R),24+ ft.,24,238,39,1,0,20251022,NYK,CLE,4650,0,1628366|1629731|1630596|1641854|1642281,0,REG,2026,1610612739,,,,,
22500003101,,Shot Chart Detail,22500003,101,1641854,Craig Porter Jr.,1610612739,Cleveland Cavaliers,1,3,50,Missed Shot,Step Back Jump shot,3PT Field Goal,Above the Break 3,Center(C),24+ ft.,25,-47,254,1,0,20251022,NYK,CLE,4900,0,1628366|1629731|1630596|1641854|1642281,0,REG,2026,1610612739,,,,,
22500003103,,Shot Chart Detail,22500003,103,1630596,Evan Mobley,1610612739,Cleveland Cavaliers,1,3,45,Made Shot,Jump Shot,3PT Field Goal,Above the Break 3,Left Side Center(LC),24+ ft.,25,-169,197,1,1,20251022,NYK,CLE,4950,0,1628366|1629731|1630596|1641854|1642281,1,REG,2026,1610612739,,,,,
22500003110,,Shot Chart Detail,22500003,110,1628366,Lonzo Ball,1610612739,Cleveland Cavaliers,1,2,48,Missed Shot,Jump Shot,3PT Field Goal,Above the Break 3,Left Side Center(LC),24+ ft.,25,-206,154,1,0,20251022,NYK,CLE,5520,0,1628366|1629731|1630596|1641854|1642281,0,REG,2026,1610612739,,,,,
22500003123,,Shot Chart Detail,22500003,123,1628386,Jarrett Allen,1610612739,Cleveland Cavaliers,1,2,20,Made Shot,Hook Shot,2PT Field Goal,In The Paint (Non-RA),Center(C),Less Than 8 ft.,4,-13,44,1,1,20251022,NYK,CLE,5800,0,1628366|1628378|1628386|1629731|1641854,1,REG,2026,1610612739,,,,,
22500003131,,Shot Chart Detail,22500003,131,1628366,Lonzo Ball,1610612739,Cleveland Cavaliers,1,1,47,Missed Shot,Jump Shot,3PT Field Goal,Above the Break 3,Left Side Center(LC),24+ ft.,24,-121,218,1,0,20251022,NYK,CLE,6130,0,1628366|1628378|1628386|1629731|1641854,0,REG,2026,1610612739,,,,,
22500003136,,Shot Chart Detail,22500003,136,1628386,Jarrett Allen,1610612739,Cleveland Cavaliers,1,1,20,Missed Shot,Turnaround Hook Shot,2PT Field Goal,In The Paint (Non-RA),Center(C),Less Than 8 ft.,6,-47,48,1,0,20251022,NYK,CLE,6400,0,1628366|1628378|1628386|1629731|1641854,0,REG,2026,1610612739,,,,,
22500003139,,Shot Chart Detail,22500003,139,1629731,Dean Wade,1610612739,Cleveland Cavaliers,1,0,50,Made Shot,Jump Shot,3PT Field Goal,Above the Break 3,Right Side Center(RC),24+ ft.,25,97,239,1,1,20251022,NYK,CLE,6700,0,1628366|1628378|1628386|1629731|1641854,1,REG,2026,1610612739,,,,,
22500003145,,Shot Chart Detail,22500003,145,1628378,Donovan Mitchell,1610612739,Cleveland Cavaliers,1,0,9,Made Shot,Pullup Jump shot,2PT Field Goal,Mid-Range,Center(C),8-16 ft.,14,-20,147,1,1,20251022,NYK,CLE,7110,0,1628366|1628378|1628386|1629731|1641854,0,REG,2026,1610612739,,,,,
22500003168,,Shot Chart Detail,22500003,168,1628378,Donovan Mitchell,1610612739,Cleveland Cavaliers,2,11,27,Missed Shot,Driving Layup Shot,2PT Field Goal,Restricted Area,Center(C),Less Than 8 ft.,1,-15,5,1,0,20251022,NYK,CLE,7530,0,1626204|1628378|1628386|1641854|1642878,0,REG,2026,1610612739,,,,,
22500003172,,Shot Chart Detail,22500003,172,1641854,Craig Porter Jr.,1610612739,Cleveland Cavaliers,2,11,7,Made Shot,Driving Floating Jump Shot,2PT Field Goal,In The Paint (Non-RA),Center(C),8-16 ft.,12,-36,120,1,1,20251022,NYK,CLE,7730,0,1626204|1628378|1628386|1641854|1642878,0,REG,2026,1610612739,,,,,
22500003174,,Shot Chart Detail,22500003,174,1626204,Larry Nance Jr.,1610612739,Cleveland Cavaliers,2,10,18,Made Shot,Driving Dunk Shot,2PT Field Goal,Restricted Area,Center(C),Less Than 8 ft.,1,6,-9,1,1,20251022,NYK,CLE,8220,0,1626204|1628378|1628386|1641854|1642878,1,REG,2026,1610612739,,,,,
22500003185,,Shot Chart Detail,22500003,185,1628378,Donovan Mitchell,1610612739,Cleveland Cavaliers,2,9,27,Missed Shot,Step Back Jump shot,3PT Field Goal,Above the Break 3,Right Side Center(RC),24+ ft.,27,123,248,1,0,20251022,NYK,CLE,8730,0,1626204|1628378|1628386|1642281|1642878,0,REG,2026,1610612739,,,,,
22500003195,,Shot Chart Detail,22500003,195,1626204,Larry Nance Jr.,1610612739,Cleveland Cavaliers,2,8,51,Missed Shot,Layup Shot,2PT Field Goal,Restricted Area,Center(C),Less Than 8 ft.,3,32,20,1,0,20251022,NYK,CLE,9090,0,1626204|1628378|1630596|1642281|1642878,0,REG,2026,1610612739,,,,,
22500003199,,Shot Chart Detail,22500003,199,1630596,Evan Mobley,1610612739,Cleveland Cavaliers,2,8,47,Made Shot,Driving Layup Shot,2PT Field Goal,Restricted Area,Center(C),Less Than 8 ft.,1,-10,6,1,1,20251022,NYK,CLE,9130,0,1626204|1628378|1630596|1642281|1642878,1,REG,2026,1610612739,,,,,
22500003206,,Shot Chart Detail,22500003,206,1642281,Jaylon Tyson,1610612739,Cleveland Cavaliers,2,8,25,Missed Shot,Jump Shot,3PT Field Goal,Left Corner 3,Left Side(L),24+ ft.,22,-225,32,1,0,20251022,NYK,CLE,9350,0,1626204|1628378|1630596|1642281|1642878,0,REG,2026,1610612739,,,,,
22500003213,,Shot Chart Detail,22500003,213,1626204,Larry Nance Jr.,1610612739,Cleveland Cavaliers,2,7,49,Made Shot,Jump Shot,3PT Field Goal,Right Corner 3,Right Side(R),24+ ft.,23,232,2,1,1,20251022,NYK,CLE,9710,0,1626204|1628378|1630596|1642281|1642878,1,REG,2026,1610612739,,,,,
22500003230,,Shot Chart Detail,22500003,230,1642281,Jaylon Tyson,1610612739,Cleveland Cavaliers,2,6,34,Made Shot,Running Dunk Shot,2PT Field Goal,Restricted Area,Center(C),Less Than 8 ft.,0,1,-8,1,1,20251022,NYK,CLE,10460,0,1626204|1629731|1630596|1642281|1642878,1,REG,2026,1610612739,,,,,
22500003234,,Shot Chart Detail,22500003,234,1626204,Larry Nance Jr.,1610612739,Cleveland Cavaliers,2,5,59,Made Shot,Jump Shot,3PT Field Goal,Left Corner 3,Left Side(L),24+ ft.,25,-240,74,1,1,20251022,NYK,CLE,10810,0,1626204|1629731|1630596|1642281|1642878,1,REG,2026,1610612739,,,,,
22500003252,,Shot Chart Detail,22500003,252,1630596,Evan Mobley,1610612739,Cleveland Cavaliers,2,5,18,Made Shot,Pullup Jump shot,3PT Field Goal,Above the Break 3,Center(C),24+ ft.,25,4,254,1,1,20251022,NYK,CLE,11220,0,1626204|1628366|1629731|1630241|1630596,0,REG,2026,1610612739,,,,,
22500003255,,Shot Chart Detail,22500003,255,1630596,Evan Mobley,1610612739,Cleveland Cavaliers,2,4,44,Made Shot,Layup Shot,2PT Field Goal,Restricted Area,Center(C),Less Than 8 ft.,0,-1,-1,1,1,20251022,NYK,CLE,11560,0,1626204|1628366|1629731|1630241|1630596,1,REG,2026,1610612739,,,,,
22500003259,,Shot Chart Detail,22500003,259,1630241,Sam Merrill,1610612739,Cleveland Cavaliers,2,4,13,Missed Shot,Jump Shot,3PT Field Goal,Above the Break 3,Right Side Center(RC),24+ ft.,25,153,204,1,0,20251022,NYK,CLE,11870,0,1626204|1628366|1629731|1630241|1630596,0,REG,2026,1610612739,,,,,
22500003263,,Shot Chart Detail,22500003,263,1630596,Evan Mobley,1610612739,Cleveland Cavaliers,2,3,44,Missed Shot,Pullup Jump shot,2PT Field Goal,Mid-Range,Left Side Center(LC),16-24 ft.,20,-121,165,1,0,20251022,NYK,CLE,12160,0,1626204|1628366|1629731|1630241|1630596,0,REG,2026,1610612739,,,,,
22500003265,,Shot Chart Detail,22500003,265,1626204,Larry Nance Jr.,1610612739,Cleveland Cavaliers,2,3,41,Missed Shot,Tip Layup Shot,2PT Field Goal,Restricted Area,Center(C),Less Than 8 ft.,0,0,0,1,0,20251022,NYK,CLE,12190,0,1626204|1628366|1629731|1630241|1630596,0,REG,2026,1610612739,,,,,
22500003276,,Shot Chart Detail,22500003,276,1628378,Donovan Mitchell,1610612739,Cleveland Cavaliers,2,3,24,Missed Shot,Turnaround Jump Shot,2PT Field Goal,Restricted Area,Center(C),Less Than 8 ft.,3,2,38,1,0,20251022,NYK,CLE,12360,0,1628366|1628378|1629731|1630241|1630596,0,REG,2026,1610612739,,,,,
22500003280,,Shot Chart Detail,22500003,280,1629731,Dean Wade,1610612739,Cleveland Cavaliers,2,2,57,Made Shot,Jump Shot,3PT Field Goal,Above the Break 3,Right Side Center(RC),24+ ft.,25,142,215,1,1,20251022,NYK,CLE,12630,0,1628366|1628378|1629731|1630241|1630596,1,REG,2026,1610612739,,,,,
22500003291,,Shot Chart Detail,22500003,291,1630596,Evan Mobley,1610612739,Cleveland Cavaliers,2,2,26,Missed Shot,Turnaround Jump Shot,2PT Field Goal,In The Paint (Non-RA),Center(C),8-16 ft.,9,-28,88,1,0,20251022,NYK,CLE,12940,0,1628366|1628378|1629731|1630241|1630596,0,REG,2026,1610612739,,,,,
22500003294,,Shot Chart Detail,22500003,294,1630241,Sam Merrill,1610612739,Cleveland Cavaliers,2,2,16,Missed Shot,Pullup Jump shot,3PT Field Goal,Above the Break 3,Left Side Center(LC),24+ ft.,25,-170,184,1,0,20251022,NYK,CLE,13040,0,1628366|1628378|1629731|1630241|1630596,0,REG,2026,1610612739,,,,,
22500003317,,Shot Chart Detail,22500003,317,1628386,Jarrett Allen,1610612739,Cleveland Cavaliers,2,1,2,Missed Shot,Layup Shot,2PT Field Goal,Restricted Area,Center(C),Less Than 8 ft.,1,12,4,1,0,20251022,NYK,CLE,13780,0,1628366|1628378|1628386|1630241|1630596,0,REG,2026,1610612739,,,,,
22500003324,,Shot Chart Detail,22500003,324,1628378,Donovan Mitchell,1610612739,Cleveland Cavaliers,2,0,47,Missed Shot,Pullup Jump shot,2PT Field Goal,Mid-Range,Right Side(R),8-16 ft.,15,88,133,1,0,20251022,NYK,CLE,13930,0,1628366|1628378|1628386|1630241|1630596,0,REG,2026,1610612739,,,,,
22500003333,,Shot Chart Detail,22500003,333,1628378,Donovan Mitchell,1610612739,Cleveland Cavaliers,2,0,9,Made Shot,Pullup Jump shot,2PT Field Goal,Mid-Range,Center(C),16-24 ft.,17,43,172,1,1,20251022,NYK,CLE,14310,0,1628366|1628378|1628386|1630241|1630596,0,REG,2026,1610612739,,,,,
22500003347,,Shot Chart Detail,22500003,347,1628378,Donovan Mitchell,1610612739,Cleveland Cavaliers,3,11,42,Made Shot,Running Finger Roll Layup Shot,2PT Field Goal,Restricted Area,Center(C),Less Than 8 ft.,3,16,31,1,1,20251022,NYK,CLE,14580,0,1628378|1628386|1630241|1630596|1642281,0,REG,2026,1610612739,,,,,
22500003357,,Shot Chart Detail,22500003,357,1628378,Donovan Mitchell,1610612739,Cleveland Cavaliers,3,11,15,Made Shot,Driving Floating Jump Shot,2PT Field Goal,Mid-Range,Right Side Center(RC),16-24 ft.,17,120,124,1,1,20251022,NYK,CLE,14850,0,1628378|1628386|1630241|1630596|1642281,1,REG,2026,1610612739,,,,,
22500003363,,Shot Chart Detail,22500003,363,1628378,Donovan Mitchell,1610612739,Cleveland Cavaliers,3,10,33,Made Shot,Pullup Jump shot,3PT Field Goal,Above the Break 3,Center(C),24+ ft.,28,0,285,1,1,20251022,NYK,CLE,15270,0,1628378|1628386|1630241|1630596|1642281,0,REG,2026,1610612739,,,,,
22500003370,,Shot Chart Detail,22500003,370,1628378,Donovan Mitchell,1610612739,Cleveland Cavaliers,3,10,7,Made Shot,Pullup Jump shot,2PT Field Goal,Mid-Range,Left Side Center(LC),16-24 ft.,16,-78,142,1,1,20251022,NYK,CLE,15530,0,1628378|1628386|1629731|1630241|1630596,0,REG,2026,1610612739,,,,,
22500003373,,Shot Chart Detail,22500003,373,1628378,Donovan Mitchell,1610612739,Cleveland Cavaliers,3,9,43,Missed Shot,Pullup Jump shot,3PT Field Goal,Above the Break 3,Center(C),24+ ft.,25,-64,251,1,0,20251022,NYK,CLE,15770,0,1628378|1628386|1629731|1630241|1630596,0,REG,2026,1610612739,,,,,
22500003382,,Shot Chart Detail,22500003,382,1630241,Sam Merrill,1610612739,Cleveland Cavaliers,3,8,44,Made Shot,Jump Shot,3PT Field Goal,Above the Break 3,Left Side Center(LC),24+ ft.,25,-140,208,1,1,20251022,NYK,CLE,16360,0,1628378|1628386|1629731|1630241|1630596,1,REG,2026,1610612739,,,,,
22500003390,,Shot Chart Detail,22500003,390,1628378,Donovan Mitchell,1610612739,Cleveland Cavaliers,3,7,53,Made Shot,Driving Layup Shot,2PT Field Goal,In The Paint (Non-RA),Center(C),Less Than 8 ft.,5,32,48,1,1,20251022,NYK,CLE,16870,0,1628378|1628386|1629731|1630241|1630596,0,REG,2026,1610612739,,,,,
22500003398,,Shot Chart Detail,22500003,398,1630241,Sam Merrill,1610612739,Cleveland Cavaliers,3,7,33,Made Shot,Jump Shot,3PT Field Goal,Above the Break 3,Center(C),24+ ft.,25,-60,252,1,1,20251022,NYK,CLE,17070,0,1628378|1628386|1629731|1630241|1630596,1,REG,2026,1610612739,,,,,
22500003406,,Shot Chart Detail,22500003,406,1628378,Donovan Mitchell,1610612739,Cleveland Cavaliers,3,7,12,Missed Shot,Pullup Jump shot,3PT Field Goal,Above the Break 3,Center(C),24+ ft.,25,47,250,1,0,20251022,NYK,CLE,17280,0,1628378|1628386|1629731|1630241|1630596,0,REG,2026,1610612739,,,,,
22500003411,,Shot Chart Detail,22500003,411,1630241,Sam Merrill,1610612739,Cleveland Cavaliers,3,6,57,Missed Shot,Jump Shot,3PT Field Goal,Right Corner 3,Right Side(R),24+ ft.,23,237,24,1,0,20251022,NYK,CLE,17430,0,1628378|1628386|1629731|1630241|1630596,0,REG,2026,1610612739,,,,,
22500003415,,Shot Chart Detail,22500003,415,1628378,Donovan Mitchell,1610612739,Cleveland Cavaliers,3,6,43,Made Shot,Running Dunk Shot,2PT Field Goal,Restricted Area,Center(C),Less Than 8 ft.,1,15,8,1,1,20251022,NYK,CLE,17570,0,1628378|1628386|1629731|1630241|1630596,0,REG,2026,1610612739,,,,,
22500003419,,Shot Chart Detail,22500003,419,1628378,Donovan Mitchell,1610612739,Cleveland Cavaliers,3,6,3,Missed Shot,Jump Shot,3PT Field Goal,Left Corner 3,Left Side(L),24+ ft.,23,-233,-10,1,0,20251022,NYK,CLE,17970,0,1628378|1628386|1629731|1630241|1630596,0,REG,2026,1610612739,,,,,
22500003426,,Shot Chart Detail,22500003,426,1630596,Evan Mobley,1610612739,Cleveland Cavaliers,3,5,28,Missed Shot,Driving Layup Shot,2PT Field Goal,Restricted Area,Center(C),Less Than 8 ft.,3,-23,20,1,0,20251022,NYK,CLE,18320,0,1628366|1628386|1629731|1630241|1630596,0,REG,2026,1610612739,,,,,
22500003431,,Shot Chart Detail,22500003,431,1628366,Lonzo Ball,1610612739,Cleveland Cavaliers,3,5,21,Missed Shot,Running Jump Shot,3PT Field Goal,Above the Break 3,Right Side Center(RC),24+ ft.,26,136,227,1,0,20251022,NYK,CLE,18390,0,1628366|1628386|1629731|1630241|1630596,0,REG,2026,1610612739,,,,,
22500003433,,Shot Chart Detail,22500003,433,1630241,Sam Merrill,1610612739,Cleveland Cavaliers,3,5,19,Made Shot,Putback Layup Shot,2PT Field Goal,Restricted Area,Center(C),Less Than 8 ft.,0,0,0,1,1,20251022,NYK,CLE,18410,0,1628366|1628386|1629731|1630241|1630596,0,REG,2026,1610612739,,,,,
22500003447,,Shot Chart Detail,22500003,447,1642878,Tyrese Proctor,1610612739,Cleveland Cavaliers,3,4,58,Made Shot,Running Jump Shot,3PT Field Goal,Above the Break 3,Right Side Center(RC),24+ ft.,25,134,213,1,1,20251022,NYK,CLE,18620,0,1626204|1628366|1629731|1630596|1642878,1,REG,2026,1610612739,,,,,
22500003461,,Shot Chart Detail,22500003,461,1626204,Larry Nance Jr.,1610612739,Cleveland Cavaliers,3,4,6,Made Shot,Alley Oop Dunk Shot,2PT Field Goal,Restricted Area,Center(C),Less Than 8 ft.,1,-1,16,1,1,20251022,NYK,CLE,19140,0,1626204|1628366|1628378|1629731|1642878,1,REG,2026,1610612739,,,,,
22500003483,,Shot Chart Detail,22500003,483,1628378,Donovan Mitchell,1610612739,Cleveland Cavaliers,3,2,50,Made Shot,Pullup Jump shot,2PT Field Goal,Mid-Range,Right Side Center(RC),16-24 ft.,19,105,161,1,1,20251022,NYK,CLE,19900,0,1626204|1628366|1628378|1629731|1642878,0,REG,2026,1610612739,,,,,
22500003491,,Shot Chart Detail,22500003,491,1642878,Tyrese Proctor,1610612739,Cleveland Cavaliers,3,2,17,Missed Shot,Driving Layup Shot,2PT Field Goal,In The Paint (Non-RA),Center(C),Less Than 8 ft.,7,55,55,1,0,20251022,NYK,CLE,20230,0,1626204|1628366|1628378|1628386|1642878,0,REG,2026,1610612739,,,,,
22500003496,,Shot Chart Detail,22500003,496,1628378,Donovan Mitchell,1610612739,Cleveland Cavaliers,3,1,52,Made Shot,Driving Floating Jump Shot,2PT Field Goal,In The Paint (Non-RA),Center(C),Less Than 8 ft.,5,10,53,1,1,20251022,NYK,CLE,20480,0,1626204|1628366|1628378|1628386|1642878,0,REG,2026,1610612739,,,,,
22500003499,,Shot Chart Detail,22500003,499,1628378,Donovan Mitchell,1610612739,Cleveland Cavaliers,3,1,32,Made Shot,Running Pull-Up Jump Shot,3PT Field Goal,Above the Break 3,Center(C),24+ ft.,25,4,250,1,1,20251022,NYK,CLE,20680,0,1626204|1628366|1628378|1628386|1642878,0,REG,2026,1610612739,,,,,
22500003502,,Shot Chart Detail,22500003,502,1628378,Donovan Mitchell,1610612739,Cleveland Cavaliers,3,0,56,Missed Shot,Pullup Jump shot,2PT Field Goal,Mid-Range,Center(C),16-24 ft.,20,-37,206,1,0,20251022,NYK,CLE,21040,0,1626204|1628366|1628378|1628386|1642878,0,REG,2026,1610612739,,,,,
22500003506,,Shot Chart Detail,22500003,506,1628378,Donovan Mitchell,1610612739,Cleveland Cavaliers,3,0,35,Missed Shot,Jump Shot,3PT Field Goal,Above the Break 3,Left Side Center(LC),24+ ft.,27,-126,243,1,0,20251022,NYK,CLE,21250,0,1626204|1628366|1628378|1628386|1642878,0,REG,2026,1610612739,,,,,
22500003535,,Shot Chart Detail,22500003,535,1642878,Tyrese Proctor,1610612739,Cleveland Cavaliers,4,11,43,Made Shot,Pullup Jump shot,2PT Field Goal,Mid-Range,Center(C),8-16 ft.,15,-40,151,1,1,20251022,NYK,CLE,21770,0,1626204|1628378|1628386|1642281|1642878,0,REG,2026,1610612739,,,,,
22500003541,,Shot Chart Detail,22500003,541,1642878,Tyrese Proctor,1610612739,Cleveland Cavaliers,4,10,58,Missed Shot,Jump Shot,3PT Field Goal,Above the Break 3,Left Side Center(LC),24+ ft.,25,-80,242,1,0,20251022,NYK,CLE,22220,0,1626204|1628378|1628386|1642281|1642878,0,REG,2026,1610612739,,,,,
22500003549,,Shot Chart Detail,22500003,549,1628378,Donovan Mitchell,1610612739,Cleveland Cavaliers,4,10,27,Missed Shot,Driving Layup Shot,2PT Field Goal,Restricted Area,Center(C),Less Than 8 ft.,3,27,25,1,0,20251022,NYK,CLE,22530,0,1626204|1628378|1628386|1642281|1642878,0,REG,2026,1610612739,,,,,
22500003563,,Shot Chart Detail,22500003,563,1626204,Larry Nance Jr.,1610612739,Cleveland Cavaliers,4,9,23,Missed Shot,Fadeaway Jump Shot,2PT Field Goal,In The Paint (Non-RA),Center(C),Less Than 8 ft.,7,70,-2,1,0,20251022,NYK,CLE,23170,0,1626204|1628378|1630596|1642281|1642878,0,REG,2026,1610612739,,,,,
22500003577,,Shot Chart Detail,22500003,577,1630596,Evan Mobley,1610612739,Cleveland Cavaliers,4,8,23,Made Shot,Turnaround Jump Shot,2PT Field Goal,In The Paint (Non-RA),Right Side(R),8-16 ft.,12,72,106,1,1,20251022,NYK,CLE,23770,0,1628366|1629731|1630241|1630596|1642281,1,REG,2026,1610612739,,,,,
22500003581,,Shot Chart Detail,22500003,581,1630596,Evan Mobley,1610612739,Cleveland Cavaliers,4,7,57,Made Shot,Running Pull-Up Jump Shot,3PT Field Goal,Above the Break 3,Right Side Center(RC),24+ ft.,24,205,136,1,1,20251022,NYK,CLE,24030,0,1628366|1629731|1630241|1630596|1642281,0,REG,2026,1610612739,,,,,
22500003598,,Shot Chart Detail,22500003,598,1628366,Lonzo Ball,1610612739,Cleveland Cavaliers,4,6,47,Made Shot,Running Pull-Up Jump Shot,3PT Field Goal,Above the Break 3,Left Side Center(LC),24+ ft.,25,-80,237,1,1,20251022,NYK,CLE,24730,0,1628366|1628378|1629731|1630241|1630596,0,REG,2026,1610612739,,,,,
22500003600,,Shot Chart Detail,22500003,600,1628366,Lonzo Ball,1610612739,Cleveland Cavaliers,4,6,16,Missed Shot,Jump Shot,3PT Field Goal,Above the Break 3,Center(C),24+ ft.,27,-80,260,1,0,20251022,NYK,CLE,25040,0,1628366|1628378|1629731|1630241|1630596,0,REG,2026,1610612739,,,,,
22500003610,,Shot Chart Detail,22500003,610,1628378,Donovan Mitchell,1610612739,Cleveland Cavaliers,4,5,34,Missed Shot,Pullup Jump shot,3PT Field Goal,Above the Break 3,Right Side Center(RC),24+ ft.,25,141,211,1,0,20251022,NYK,CLE,25460,0,1628366|1628378|1628386|1629731|1630241,0,REG,2026,1610612739,,,,,
22500003618,,Shot Chart Detail,22500003,618,1628378,Donovan Mitchell,1610612739,Cleveland Cavaliers,4,5,1,Missed Shot,Driving Floating Jump Shot,2PT Field Goal,In The Paint (Non-RA),Center(C),Less Than 8 ft.,7,-15,71,1,0,20251022,NYK,CLE,25790,0,1628366|1628378|1628386|1629731|1630241,0,REG,2026,1610612739,,,,,
22500003636,,Shot Chart Detail,22500003,636,1630241,Sam Merrill,1610612739,Cleveland Cavaliers,4,4,32,Missed Shot,Jump Shot,3PT Field Goal,Above the Break 3,Center(C),24+ ft.,25,47,251,1,0,20251022,NYK,CLE,26080,0,1628366|1628386|1630241|1630596|1642878,0,REG,2026,1610612739,,,,,
22500003650,,Shot Chart Detail,22500003,650,1642878,Tyrese Proctor,1610612739,Cleveland Cavaliers,4,3,36,Missed Shot,Jump Shot,3PT Field Goal,Left Corner 3,Left Side(L),24+ ft.,23,-237,-2,1,0,20251022,NYK,CLE,26640,0,1628378|1628386|1630241|1630596|1642878,0,REG,2026,1610612739,,,,,
22500003661,,Shot Chart Detail,22500003,661,1629731,Dean Wade,1610612739,Cleveland Cavaliers,4,2,43,Made Shot,Jump Shot,3PT Field Goal,Above the Break 3,Center(C),24+ ft.,26,64,252,1,1,20251022,NYK,CLE,27170,0,1628378|1628386|1629731|1630241|1630596,1,REG,2026,1610612739,,,,,
22500003665,,Shot Chart Detail,22500003,665,1630241,Sam Merrill,1610612739,Cleveland Cavaliers,4,2,3,Made Shot,Jump Shot,3PT Field Goal,Above the Break 3,Left Side Center(LC),24+ ft.,24,-97,229,1,1,20251022,NYK,CLE,27570,0,1628378|1628386|1629731|1630241|1630596,1,REG,2026,1610612739,,,,,
22500003669,,Shot Chart Detail,22500003,669,1630596,Evan Mobley,1610612739,Cleveland Cavaliers,4,1,37,Missed Shot,Running Pull-Up Jump Shot,3PT Field Goal,Above the Break 3,Right Side Center(RC),24+ ft.,26,137,222,1,0,20251022,NYK,CLE,27830,0,1628378|1628386|1629731|1630241|1630596,0,REG,2026,1610612739,,,,,
22500003700,,Shot Chart Detail,22500003,700,1630241,Sam Merrill,1610612739,Cleveland Cavaliers,4,0,28,Made Shot,Pullup Jump shot,3PT Field Goal,Above the Break 3,Right Side Center(RC),24+ ft.,27,156,227,1,1,20251022,NYK,CLE,28520,0,1628366|1628378|1629731|1630241|1630596,0,REG,2026,1610612739,,,,,
22500003703,,Shot Chart Detail,22500003,703,1630596,Evan Mobley,1610612739,Cleveland Cavaliers,4,0,17,Missed Shot,Step Back Jump shot,3PT Field Goal,Above the Break 3,Right Side Center(RC),24+ ft.,25,168,195,1,0,20251022,NYK,CLE,28630,0,1628366|1628378|1629731|1630241|1630596,0,REG,2026,1610612739,,,,,
22500003712,,Shot Chart Detail,22500003,712,1628378,Donovan Mitchell,1610612739,Cleveland Cavaliers,4,0,3,Missed Shot,Step Back Jump shot,3PT Field Goal,Above the Break 3,Left Side Center(LC),24+ ft.,25,-125,218,1,0,20251022,NYK,CLE,28770,0,1628366|1628378|1629731|1630596|1642878,0,REG,2026,1610612739,,,,,
225000077,,Shot Chart Detail,22500007,7,1628386,Jarrett Allen,1610612739,Cleveland Cavaliers,1,11,43,Made Shot,Alley Oop Dunk Shot,2PT Field Goal,In The Paint (Non-RA),Center(C),Less Than 8 ft.,4,-26,42,1,1,20251027,DET,CLE,170,0,1628378|1628386|1629631|1630241|1630596,1,REG,2026,1610612739,,,,,
2250000718,,Shot Chart Detail,22500007,18,1629631,De'Andre Hunter,1610612739,Cleveland Cavaliers,1,10,52,Missed Shot,Jump Shot,3PT Field Goal,Above the Break 3,Center(C),24+ ft.,28,-69,273,1,0,20251027,DET,CLE,680,0,1628378|1628386|1629631|1630241|1630596,0,REG,2026,1610612739,,,,,
2250000728,,Shot Chart Detail,22500007,28,1629631,De'Andre Hunter,1610612739,Cleveland Cavaliers,1,10,20,Missed Shot,Turnaround Jump Shot,2PT Field Goal,Mid-Range,Right Side(R),8-16 ft.,10,104,-21,1,0,20251027,DET,CLE,1000,0,1628378|1628386|1629631|1630241|1630596,0,REG,2026,1610612739,,,,,
2250000734,,Shot Chart Detail,22500007,34,1630241,Sam Merrill,1610612739,Cleveland Cavaliers,1,9,45,Missed Shot,Step Back Jump shot,3PT Field Goal,Above the Break 3,Left Side Center(LC),24+ ft.,25,-159,200,1,0,20251027,DET,CLE,1350,0,1628378|1628386|1629631|1630241|1630596,0,REG,2026,1610612739,,,,,
2250000737,,Shot Chart Detail,22500007,37,1630596,Evan Mobley,1610612739,Cleveland Cavaliers,1,9,18,Made Shot,Fadeaway Jump Shot,2PT Field Goal,In The Paint (Non-RA),Center(C),8-16 ft.,10,-49,88,1,1,20251027,DET,CLE,1620,0,1628378|1628386|1629631|1630241|1630596,1,REG,2026,1610612739,,,,,
2250000740,,Shot Chart Detail,22500007,40,1629631,De'Andre Hunter,1610612739,Cleveland Cavaliers,1,8,48,Missed Shot,Jump Shot,3PT Field Goal,Left Corner 3,Left Side(L),24+ ft.,23,-237,-1,1,0,20251027,DET,CLE,1920,0,1628378|1628386|1629631|1630241|1630596,0,REG,2026,1610612739,,,,,
2250000742,,Shot Chart Detail,22500007,42,1628386,Jarrett Allen,1610612739,Cleveland Cavaliers,1,8,45,Made Shot,Layup Shot,2PT Field Goal,Restricted Area,Center(C),Less Than 8 ft.,3,-20,32,1,1,20251027,DET,CLE,1950,0,1628378|1628386|1629631|1630241|1630596,1,REG,2026,1610612739,,,,,
2250000749,,Shot Chart Detail,22500007,49,1628378,Donovan Mitchell,1610612739,Cleveland Cavaliers,1,8,17,Missed Shot,Turnaround Jump Shot,2PT Field Goal,Mid-Range,Center(C),16-24 ft.,20,22,204,1,0,20251027,DET,CLE,2230,0,1628378|1628386|1629631|1630241|1630596,0,REG,2026,1610612739,,,,,
2250000753,,Shot Chart Detail,22500007,53,1630241,Sam Merrill,1610612739,Cleveland Cavaliers,1,7,53,Made Shot,Running Jump Shot,3PT Field Goal,Right Corner 3,Right Side(R),24+ ft.,22,227,33,1,1,20251027,DET,CLE,2470,0,1628378|1628386|1629631|1630241|1630596,1,REG,2026,1610612739,,,,,
2250000759,,Shot Chart Detail,22500007,59,1628378,Donovan Mitchell,1610612739,Cleveland Cavaliers,1,7,28,Made Shot,Jump Shot,2PT Field Goal,Mid-Range,Right Side(R),16-24 ft.,19,196,16,1,1,20251027,DET,CLE,2720,0,1628378|1628386|1629631|1630241|1630596,1,REG,2026,1610612739,,,,,
2250000766,,Shot Chart Detail,22500007,66,1628378,Donovan Mitchell,1610612739,Cleveland Cavaliers,1,6,51,Missed Shot,Running Pull-Up Jump Shot,3PT Field Goal,Above the Break 3,Left Side Center(LC),24+ ft.,26,-205,160,1,0,20251027,DET,CLE,3090,0,1628378|1628386|1629631|1630241|1630596,0,REG,2026,1610612739,,,,,
2250000777,,Shot Chart Detail,22500007,77,1630241,Sam Merrill,1610612739,Cleveland Cavaliers,1,6,39,Made Shot,Jump Shot,3PT Field Goal,Above the Break 3,Left Side Center(LC),24+ ft.,25,-107,235,1,1,20251027,DET,CLE,3210,0,1629631|1629731|1630241|1630596|1641854,1,REG,2026,1610612739,,,,,
2250000780,,Shot Chart Detail,22500007,80,1630596,Evan Mobley,1610612739,Cleveland Cavaliers,1,5,55,Missed Shot,Jump Shot,3PT Field Goal,Above the Break 3,Right Side Center(RC),24+ ft.,26,99,241,1,0,20251027,DET,CLE,3650,0,1629631|1629731|1630241|1630596|1641854,0,REG,2026,1610612739,,,,,
2250000787,,Shot Chart Detail,22500007,87,1629631,De'Andre Hunter,1610612739,Cleveland Cavaliers,1,5,31,Made Shot,Driving Floating Jump Shot,2PT Field Goal,In The Paint (Non-RA),Right Side(R),8-16 ft.,10,56,84,1,1,20251027,DET,CLE,3890,0,1629631|1629731|1630596|1641854|1642281,1,REG,2026,1610612739,,,,,
2250000799,,Shot Chart Detail,22500007,99,1629631,De'Andre Hunter,1610612739,Cleveland Cavaliers,1,4,44,Missed Shot,Running Jump Shot,3PT Field Goal,Above the Break 3,Left Side Center(LC),24+ ft.,26,-142,227,1,0,20251027,DET,CLE,4360,0,1629631|1629731|1630596|1641854|1642281,0,REG,2026,1610612739,,,,,
22500007104,,Shot Chart Detail,22500007,104,1629631,De'Andre Hunter,1610612739,Cleveland Cavaliers,1,4,18,Made Shot,Jump Shot,3PT Field Goal,Above the Break 3,Left Side Center(LC),24+ ft.,25,-202,148,1,1,20251027,DET,CLE,4620,0,1629631|1629731|1630596|1641854|1642281,1,REG,2026,1610612739,,,,,
22500007108,,Shot Chart Detail,22500007,108,1629631,De'Andre Hunter,1610612739,Cleveland Cavaliers,1,3,46,Missed Shot,Fadeaway Jump Shot,2PT Field Goal,Mid-Range,Right Side(R),8-16 ft.,15,158,21,1,0,20251027,DET,CLE,4940,0,1629631|1629731|1630596|1641854|1642281,0,REG,2026,1610612739,,,,,
22500007110,,Shot Chart Detail,22500007,110,1641854,Craig Porter Jr.,1610612739,Cleveland Cavaliers,1,3,38,Missed Shot,Pullup Jump shot,3PT Field Goal,Above the Break 3,Left Side Center(LC),24+ ft.,27,-108,251,1,0,20251027,DET,CLE,5020,0,1629631|1629731|1630596|1641854|1642281,0,REG,2026,1610612739,,,,,
22500007123,,Shot Chart Detail,22500007,123,1641854,Craig Porter Jr.,1610612739,Cleveland Cavaliers,1,3,11,Missed Shot,Jump Shot,3PT Field Goal,Above the Break 3,Right Side Center(RC),24+ ft.,24,225,92,1,0,20251027,DET,CLE,5290,0,1628378|1628386|1629731|1641854|1642281,0,REG,2026,1610612739,,,,,
22500007125,,Shot Chart Detail,22500007,125,1628378,Donovan Mitchell,1610612739,Cleveland Cavaliers,1,3,7,Missed Shot,Jump Shot,2PT Field Goal,Mid-Range,Left Side Center(LC),16-24 ft.,21,-74,206,1,0,20251027,DET,CLE,5330,0,1628378|1628386|1629731|1641854|1642281,0,REG,2026,1610612739,,,,,
22500007130,,Shot Chart Detail,22500007,130,1628378,Donovan Mitchell,1610612739,Cleveland Cavaliers,1,2,49,Made Shot,Layup Shot,2PT Field Goal,In The Paint (Non-RA),Center(C),Less Than 8 ft.,4,-16,44,1,1,20251027,DET,CLE,5510,0,1628378|1628386|1629731|1641854|1642281,1,REG,2026,1610612739,,,,,
22500007144,,Shot Chart Detail,22500007,144,1628378,Donovan Mitchell,1610612739,Cleveland Cavaliers,1,2,6,Made Shot,Driving Layup Shot,2PT Field Goal,Restricted Area,Center(C),Less Than 8 ft.,3,-21,32,1,1,20251027,DET,CLE,5940,0,1628378|1628386|1629731|1641854|1642281,0,REG,2026,1610612739,,,,,
22500007153,,Shot Chart Detail,22500007,153,1642281,Jaylon Tyson,1610612739,Cleveland Cavaliers,1,1,21,Missed Shot,Running Layup Shot,2PT Field Goal,In The Paint (Non-RA),Center(C),Less Than 8 ft.,4,-6,48,1,0,20251027,DET,CLE,6390,0,1628378|1628386|1629731|1641854|1642281,0,REG,2026,1610612739,,,,,
22500007155,,Shot Chart Detail,22500007,155,1628386,Jarrett Allen,1610612739,Cleveland Cavaliers,1,1,16,Made Shot,Cutting Layup Shot,2PT Field Goal,In The Paint (Non-RA),Center(C),Less Than 8 ft.,4,-36,31,1,1,20251027,DET,CLE,6440,0,1628378|1628386|1629731|1641854|1642281,1,REG,2026,1610612739,,,,,
22500007159,,Shot Chart Detail,22500007,159,1628378,Donovan Mitchell,1610612739,Cleveland Cavaliers,1,0,45,Made Shot,Finger Roll Layup Shot,2PT Field Goal,In The Paint (Non-RA),Center(C),Less Than 8 ft.,7,-45,63,1,1,20251027,DET,CLE,6750,0,1628378|1628386|1629731|1641854|1642281,0,REG,2026,1610612739,,,,,
22500007209,,Shot Chart Detail,22500007,209,1642281,Jaylon Tyson,1610612739,Cleveland Cavaliers,2,11,36,Missed Shot,Running Layup Shot,2PT Field Goal,In The Paint (Non-RA),Center(C),Less Than 8 ft.,5,5,57,1,0,20251027,DET,CLE,7440,0,1626204|1628378|1630596|1642281|1642878,0,REG,2026,1610612739,,,,,
22500007218,,Shot Chart Detail,22500007,218,1642878,Tyrese Proctor,1610612739,Cleveland Cavaliers,2,10,57,Missed Shot,Jump Shot,3PT Field Goal,Above the Break 3,Left Side Center(LC),24+ ft.,25,-213,137,1,0,20251027,DET,CLE,7830,0,1626204|1628378|1630596|1642281|1642878,0,REG,2026,1610612739,,,,,
22500007224,,Shot Chart Detail,22500007,224,1642878,Tyrese Proctor,1610612739,Cleveland Cavaliers,2,10,51,Missed Shot,Driving Layup Shot,2PT Field Goal,In The Paint (Non-RA),Center(C),Less Than 8 ft.,4,-17,38,1,0,20251027,DET,CLE,7890,0,1626204|1628378|1630596|1642281|1642878,0,REG,2026,1610612739,,,,,
22500007230,,Shot Chart Detail,22500007,230,1630596,Evan Mobley,1610612739,Cleveland Cavaliers,2,10,35,Missed Shot,Jump Shot,3PT Field Goal,Above the Break 3,Center(C),24+ ft.,26,-60,257,1,0,20251027,DET,CLE,8050,0,1626204|1628378|1630596|1642281|1642878,0,REG,2026,1610612739,,,,,
22500007235,,Shot Chart Detail,22500007,235,1642878,Tyrese Proctor,1610612739,Cleveland Cavaliers,2,10,21,Missed Shot,Running Layup Shot,2PT Field Goal,In The Paint (Non-RA),Center(C),Less Than 8 ft.,5,23,46,1,0,20251027,DET,CLE,8190,0,1626204|1628378|1630596|1642281|1642878,0,REG,2026,1610612739,,,,,
22500007250,,Shot Chart Detail,22500007,250,1630596,Evan Mobley,1610612739,Cleveland Cavaliers,2,9,20,Made Shot,Turnaround Hook Shot,2PT Field Goal,In The Paint (Non-RA),Left Side(L),8-16 ft.,10,-59,92,1,1,20251027,DET,CLE,8800,0,1626204|1628378|1630596|1642281|1642878,0,REG,2026,1610612739,,,,,
22500007271,,Shot Chart Detail,22500007,271,1629731,Dean Wade,1610612739,Cleveland Cavaliers,2,8,5,Made Shot,Jump Shot,3PT Field Goal,Above the Break 3,Left Side Center(LC),24+ ft.,26,-165,205,1,1,20251027,DET,CLE,9550,0,1626204|1629631|1629731|1630596|1641854,1,REG,2026,1610612739,,,,,
22500007286,,Shot Chart Detail,22500007,286,1629631,De'Andre Hunter,1610612739,Cleveland Cavaliers,2,7,21,Missed Shot,Driving Floating Jump Shot,2PT Field Goal,In The Paint (Non-RA),Center(C),Less Than 8 ft.,6,64,15,1,0,20251027,DET,CLE,9990,0,1626204|1629631|1629731|1630596|1641854,0,REG,2026,1610612739,,,,,
22500007290,,Shot Chart Detail,22500007,290,1626204,Larry Nance Jr.,1610612739,Cleveland Cavaliers,2,7,2,Missed Shot,Reverse Layup Shot,2PT Field Goal,Restricted Area,Center(C),Less Than 8 ft.,1,2,-11,1,0,20251027,DET,CLE,10180,0,1626204|1629631|1629731|1630596|1641854,0,REG,2026,1610612739,,,,,
22500007294,,Shot Chart Detail,22500007,294,1630596,Evan Mobley,1610612739,Cleveland Cavaliers,2,6,24,Missed Shot,Jump Shot,2PT Field Goal,In The Paint (Non-RA),Right Side(R),8-16 ft.,8,50,73,1,0,20251027,DET,CLE,10560,0,1626204|1629631|1629731|1630596|1641854,0,REG,2026,1610612739,,,,,
22500007319,,Shot Chart Detail,22500007,319,1630241,Sam Merrill,1610612739,Cleveland Cavaliers,2,5,13,Made Shot,Jump Shot,3PT Field Goal,Above the Break 3,Right Side Center(RC),24+ ft.,28,103,267,1,1,20251027,DET,CLE,11270,0,1628386|1629631|1629731|1630241|1641854,1,REG,2026,1610612739,,,,,
22500007341,,Shot Chart Detail,22500007,341,1629631,De'Andre Hunter,1610612739,Cleveland Cavaliers,2,4,6,Missed Shot,Jump Shot,3PT Field Goal,Above the Break 3,Left Side Center(LC),24+ ft.,26,-179,200,1,0,20251027,DET,CLE,11940,0,1628386|1629631|1629731|1630241|1641854,0,REG,2026,1610612739,,,,,
22500007345,,Shot Chart Detail,22500007,345,1628386,Jarrett Allen,1610612739,Cleveland Cavaliers,2,3,54,Made Shot,Running Layup Shot,2PT Field Goal,Restricted Area,Center(C),Less Than 8 ft.,2,2,25,1,1,20251027,DET,CLE,12060,0,1628386|1629631|1629731|1630241|1641854,1,REG,2026,1610612739,,,,,
22500007349,,Shot Chart Detail,22500007,349,1629731,Dean Wade,1610612739,Cleveland Cavaliers,2,3,36,Missed Shot,Jump Shot,3PT Field Goal,Above the Break 3,Left Side Center(LC),24+ ft.,25,-150,211,1,0,20251027,DET,CLE,12240,0,1628386|1629631|1629731|1630241|1641854,0,REG,2026,1610612739,,,,,
22500007353,,Shot Chart Detail,22500007,353,1630241,Sam Merrill,1610612739,Cleveland Cavaliers,2,3,22,Missed Shot,Running Jump Shot,3PT Field Goal,Above the Break 3,Left Side Center(LC),24+ ft.,25,-169,197,1,0,20251027,DET,CLE,12380,0,1628386|1629631|1629731|1630241|1641854,0,REG,2026,1610612739,,,,,
22500007364,,Shot Chart Detail,22500007,364,1630241,Sam Merrill,1610612739,Cleveland Cavaliers,2,2,55,Made Shot,Driving Layup Shot,2PT Field Goal,In The Paint (Non-RA),Center(C),Less Than 8 ft.,6,66,23,1,1,20251027,DET,CLE,12650,0,1628378|1628386|1629631|1630241|1630596,1,REG,2026,1610612739,,,,,
22500007368,,Shot Chart Detail,22500007,368,1628386,Jarrett Allen,1610612739,Cleveland Cavaliers,2,2,19,Missed Shot,Running Layup Shot,2PT Field Goal,Restricted Area,Center(C),Less Than 8 ft.,3,28,18,1,0,20251027,DET,CLE,13010,0,1628378|1628386|1629631|1630241|1630596,0,REG,2026,1610612739,,,,,
22500007381,,Shot Chart Detail,22500007,381,1630241,Sam Merrill,1610612739,Cleveland Cavaliers,2,1,38,Missed Shot,Pullup Jump shot,3PT Field Goal,Above the Break 3,Right Side Center(RC),24+ ft.,24,195,146,1,0,20251027,DET,CLE,13420,0,1628378|1628386|1629631|1630241|1630596,0,REG,2026,1610612739,,,,,
22500007392,,Shot Chart Detail,22500007,392,1629631,De'Andre Hunter,1610612739,Cleveland Cavaliers,2,1,8,Made Shot,Jump Shot,3PT Field Goal,Left Corner 3,Left Side(L),24+ ft.,24,-235,84,1,1,20251027,DET,CLE,13720,0,1628378|1628386|1629631|1630241|1630596,1,REG,2026,1610612739,,,,,
22500007408,,Shot Chart Detail,22500007,408,1628386,Jarrett Allen,1610612739,Cleveland Cavaliers,2,0,30,Made Shot,Hook Shot,2PT Field Goal,In The Paint (Non-RA),Center(C),Less Than 8 ft.,6,13,62,1,1,20251027,DET,CLE,14100,0,1628378|1628386|1629731|1630241|1630596,1,REG,2026,1610612739,,,,,
22500007412,,Shot Chart Detail,22500007,412,1628378,Donovan Mitchell,1610612739,Cleveland Cavaliers,2,0,0,Made Shot,Running Finger Roll Layup Shot,2PT Field Goal,In The Paint (Non-RA),Center(C),Less Than 8 ft.,6,48,44,1,1,20251027,DET,CLE,14400,0,1628378|1628386|1629731|1630241|1630596,0,REG,2026,1610612739,,,,,
22500007433,,Shot Chart Detail,22500007,433,1630596,Evan Mobley,1610612739,Cleveland Cavaliers,3,11,39,Made Shot,Driving Floating Jump Shot,2PT Field Goal,In The Paint (Non-RA),Center(C),8-16 ft.,8,38,73,1,1,20251027,DET,CLE,14610,0,1628378|1628386|1629631|1630241|1630596,0,REG,2026,1610612739,,,,,
22500007437,,Shot Chart Detail,22500007,437,1628386,Jarrett Allen,1610612739,Cleveland Cavaliers,3,11,19,Made Shot,Cutting Dunk Shot,2PT Field Goal,In The Paint (Non-RA),Center(C),Less Than 8 ft.,5,11,57,1,1,20251027,DET,CLE,14810,0,1628378|1628386|1629631|1630241|1630596,1,REG,2026,1610612739,,,,,
22500007441,,Shot Chart Detail,22500007,441,1628378,Donovan Mitchell,1610612739,Cleveland Cavaliers,3,10,45,Made Shot,Step Back Jump shot,3PT Field Goal,Above the Break 3,Right Side Center(RC),24+ ft.,26,148,214,1,1,20251027,DET,CLE,15150,0,1628378|1628386|1629631|1630241|1630596,0,REG,2026,1610612739,,,,,
22500007454,,Shot Chart Detail,22500007,454,1629631,De'Andre Hunter,1610612739,Cleveland Cavaliers,3,9,41,Made Shot,Layup Shot,2PT Field Goal,In The Paint (Non-RA),Center(C),Less Than 8 ft.,5,-51,0,1,1,20251027,DET,CLE,15790,0,1628378|1628386|1629631|1630241|1630596,1,REG,2026,1610612739,,,,,
22500007472,,Shot Chart Detail,22500007,472,1628378,Donovan Mitchell,1610612739,Cleveland Cavaliers,3,8,33,Missed Shot,Jump Shot,3PT Field Goal,Above the Break 3,Right Side Center(RC),24+ ft.,29,176,236,1,0,20251027,DET,CLE,16470,0,1628378|1628386|1629631|1630241|1630596,0,REG,2026,1610612739,,,,,
22500007475,,Shot Chart Detail,22500007,475,1628386,Jarrett Allen,1610612739,Cleveland Cavaliers,3,8,23,Missed Shot,Hook Shot,2PT Field Goal,Restricted Area,Center(C),Less Than 8 ft.,3,0,38,1,0,20251027,DET,CLE,16570,0,1628378|1628386|1629631|1630241|1630596,0,REG,2026,1610612739,,,,,
22500007481,,Shot Chart Detail,22500007,481,1628386,Jarrett Allen,1610612739,Cleveland Cavaliers,3,7,58,Missed Shot,Floating Jump shot,2PT Field Goal,In The Paint (Non-RA),Center(C),8-16 ft.,11,4,119,1,0,20251027,DET,CLE,16820,0,1628378|1628386|1629631|1630241|1630596,0,REG,2026,1610612739,,,,,
22500007488,,Shot Chart Detail,22500007,488,1628386,Jarrett Allen,1610612739,Cleveland Cavaliers,3,7,38,Missed Shot,Driving Layup Shot,2PT Field Goal,In The Paint (Non-RA),Center(C),Less Than 8 ft.,6,-1,64,1,0,20251027,DET,CLE,17020,0,1628378|1628386|1629631|1630241|1630596,0,REG,2026,1610612739,,,,,
22500007497,,Shot Chart Detail,22500007,497,1628378,Donovan Mitchell,1610612739,Cleveland Cavaliers,3,7,7,Made Shot,Driving Floating Jump Shot,2PT Field Goal,In The Paint (Non-RA),Center(C),Less Than 8 ft.,7,27,74,1,1,20251027,DET,CLE,17330,0,1628378|1628386|1629631|1630241|1630596,0,REG,2026,1610612739,,,,,
22500007500,,Shot Chart Detail,22500007,500,1628378,Donovan Mitchell,1610612739,Cleveland Cavaliers,3,6,36,Made Shot,Driving Floating Jump Shot,2PT Field Goal,In The Paint (Non-RA),Right Side(R),8-16 ft.,12,74,98,1,1,20251027,DET,CLE,17640,0,1628378|1628386|1629631|1630241|1630596,0,REG,2026,1610612739,,,,,
22500007519,,Shot Chart Detail,22500007,519,1641854,Craig Porter Jr.,1610612739,Cleveland Cavaliers,3,5,55,Missed Shot,Running Layup Shot,2PT Field Goal,In The Paint (Non-RA),Center(C),Less Than 8 ft.,4,27,36,1,0,20251027,DET,CLE,18050,0,1629631|1629731|1630596|1641854|1642281,0,REG,2026,1610612739,,,,,
22500007523,,Shot Chart Detail,22500007,523,1630596,Evan Mobley,1610612739,Cleveland Cavaliers,3,5,27,Missed Shot,Jump Shot,3PT Field Goal,Left Corner 3,Left Side(L),24+ ft.,22,-225,21,1,0,20251027,DET,CLE,18330,0,1629631|1629731|1630596|1641854|1642281,0,REG,2026,1610612739,,,,,
22500007554,,Shot Chart Detail,22500007,554,1642281,Jaylon Tyson,1610612739,Cleveland Cavaliers,3,3,54,Missed Shot,Jump Shot,3PT Field Goal,Left Corner 3,Left Side(L),24+ ft.,23,-224,69,1,0,20251027,DET,CLE,19260,0,1628378|1628386|1629731|1641854|1642281,0,REG,2026,1610612739,,,,,
22500007562,,Shot Chart Detail,22500007,562,1628378,Donovan Mitchell,1610612739,Cleveland Cavaliers,3,3,38,Missed Shot,Fadeaway Jump Shot,2PT Field Goal,Mid-Range,Right Side Center(RC),16-24 ft.,18,62,176,1,0,20251027,DET,CLE,19420,0,1628378|1628386|1629731|1641854|1642281,0,REG,2026,1610612739,,,,,
22500007566,,Shot Chart Detail,22500007,566,1628386,Jarrett Allen,1610612739,Cleveland Cavaliers,3,3,17,Made Shot,Running Dunk Shot,2PT Field Goal,Restricted Area,Center(C),Less Than 8 ft.,3,12,35,1,1,20251027,DET,CLE,19630,0,1628378|1628386|1629731|1641854|1642281,1,REG,2026,1610612739,,,,,
22500007569,,Shot Chart Detail,22500007,569,1641854,Craig Porter Jr.,1610612739,Cleveland Cavaliers,3,2,50,Made Shot,Driving Floating Jump Shot,2PT Field Goal,In The Paint (Non-RA),Center(C),8-16 ft.,8,44,78,1,1,20251027,DET,CLE,19900,0,1628378|1628386|1629731|1641854|1642281,0,REG,2026,1610612739,,,,,
22500007592,,Shot Chart Detail,22500007,592,1628378,Donovan Mitchell,1610612739,Cleveland Cavaliers,3,1,16,Made Shot,Jump Shot,3PT Field Goal,Above the Break 3,Left Side Center(LC),24+ ft.,26,-163,210,1,1,20251027,DET,CLE,20840,0,1628378|1628386|1629731|1641854|1642281,1,REG,2026,1610612739,,,,,
22500007603,,Shot Chart Detail,22500007,603,1628386,Jarrett Allen,1610612739,Cleveland Cavaliers,3,0,29,Missed Shot,Hook Shot,2PT Field Goal,In The Paint (Non-RA),Center(C),8-16 ft.,12,12,125,1,0,20251027,DET,CLE,21310,0,1628378|1628386|1629731|1641854|1642281,0,REG,2026,1610612739,,,,,
22500007605,,Shot Chart Detail,22500007,605,1629731,Dean Wade,1610612739,Cleveland Cavaliers,3,0,25,Missed Shot,Tip Layup Shot,2PT Field Goal,Restricted Area,Center(C),Less Than 8 ft.,0,0,0,1,0,20251027,DET,CLE,21350,0,1628386|1629731|1630596|1641854|1642281,0,REG,2026,1610612739,,,,,
22500007642,,Shot Chart Detail,22500007,642,1630596,Evan Mobley,1610612739,Cleveland Cavaliers,4,11,46,Made Shot,Jump Shot,3PT Field Goal,Above the Break 3,Center(C),24+ ft.,25,31,250,1,1,20251027,DET,CLE,21740,0,1626204|1628378|1630596|1641854|1642281,1,REG,2026,1610612739,,,,,
22500007648,,Shot Chart Detail,22500007,648,1628378,Donovan Mitchell,1610612739,Cleveland Cavaliers,4,11,0,Made Shot,Driving Reverse Layup Shot,2PT Field Goal,Restricted Area,Center(C),Less Than 8 ft.,2,-29,6,1,1,20251027,DET,CLE,22200,0,1626204|1628378|1630596|1641854|1642281,0,REG,2026,1610612739,,,,,
22500007651,,Shot Chart Detail,22500007,651,1626204,Larry Nance Jr.,1610612739,Cleveland Cavaliers,4,10,33,Made Shot,Jump Shot,3PT Field Goal,Above the Break 3,Right Side Center(RC),24+ ft.,27,108,253,1,1,20251027,DET,CLE,22470,0,1626204|1628378|1630596|1641854|1642281,1,REG,2026,1610612739,,,,,
22500007662,,Shot Chart Detail,22500007,662,1630596,Evan Mobley,1610612739,Cleveland Cavaliers,4,9,42,Made Shot,Layup Shot,2PT Field Goal,In The Paint (Non-RA),Center(C),Less Than 8 ft.,4,-21,42,1,1,20251027,DET,CLE,22980,0,1626204|1628378|1630596|1641854|1642281,1,REG,2026,1610612739,,,,,
22500007666,,Shot Chart Detail,22500007,666,1628378,Donovan Mitchell,1610612739,Cleveland Cavaliers,4,9,27,Made Shot,Driving Layup Shot,2PT Field Goal,In The Paint (Non-RA),Center(C),Less Than 8 ft.,4,29,40,1,1,20251027,DET,CLE,23130,0,1626204|1628378|1630596|1641854|1642281,0,REG,2026,1610612739,,,,,
22500007668,,Shot Chart Detail,22500007,668,1630596,Evan Mobley,1610612739,Cleveland Cavaliers,4,8,51,Missed Shot,Jump Shot,3PT Field Goal,Above the Break 3,Left Side Center(LC),24+ ft.,26,-120,231,1,0,20251027,DET,CLE,23490,0,1626204|1628378|1630596|1641854|1642281,0,REG,2026,1610612739,,,,,
22500007675,,Shot Chart Detail,22500007,675,1628378,Donovan Mitchell,1610612739,Cleveland Cavaliers,4,8,11,Made Shot,Running Layup Shot,2PT Field Goal,In The Paint (Non-RA),Center(C),Less Than 8 ft.,4,-23,35,1,1,20251027,DET,CLE,23890,0,1626204|1628378|1630596|1641854|1642281,0,REG,2026,1610612739,,,,,
22500007688,,Shot Chart Detail,22500007,688,1628378,Donovan Mitchell,1610612739,Cleveland Cavaliers,4,7,7,Made Shot,Running Layup Shot,2PT Field Goal,In The Paint (Non-RA),Center(C),Less Than 8 ft.,4,9,42,1,1,20251027,DET,CLE,24530,0,1626204|1628378|1630596|1641854|1642281,0,REG,2026,1610612739,,,,,
22500007702,,Shot Chart Detail,22500007,702,1631247,Luke Travers,1610612739,Cleveland Cavaliers,4,6,31,Missed Shot,Jump Shot,3PT Field Goal,Right Corner 3,Right Side(R),24+ ft.,24,235,61,1,0,20251027,DET,CLE,24890,0,1626204|1628418|1631247|1642281|1642878,0,REG,2026,1610612739,,,,,
22500007707,,Shot Chart Detail,22500007,707,1631247,Luke Travers,1610612739,Cleveland Cavaliers,4,6,5,Missed Shot,Layup Shot,2PT Field Goal,In The Paint (Non-RA),Center(C),Less Than 8 ft.,5,-34,38,1,0,20251027,DET,CLE,25150,0,1626204|1628418|1631247|1642281|1642878,0,REG,2026,1610612739,,,,,
22500007715,,Shot Chart Detail,22500007,715,1642878,Tyrese Proctor,1610612739,Cleveland Cavaliers,4,5,33,Made Shot,Jump Shot,3PT Field Goal,Above the Break 3,Right Side Center(RC),24+ ft.,26,83,247,1,1,20251027,DET,CLE,25470,0,1626204|1628418|1631247|1642281|1642878,1,REG,2026,1610612739,,,,,
22500007718,,Shot Chart Detail,22500007,718,1628418,Thomas Bryant,1610612739,Cleveland Cavaliers,4,5,0,Missed Shot,Jump Shot,3PT Field Goal,Above the Break 3,Center(C),24+ ft.,26,-27,266,1,0,20251027,DET,CLE,25800,0,1626204|1628418|1631247|1642281|1642878,0,REG,2026,1610612739,,,,,
22500007724,,Shot Chart Detail,22500007,724,1628418,Thomas Bryant,1610612739,Cleveland Cavaliers,4,4,26,Missed Shot,Jump Shot,3PT Field Goal,Above the Break 3,Left Side Center(LC),24+ ft.,25,-172,188,1,0,20251027,DET,CLE,26140,0,1626204|1628418|1631247|1642281|1642878,0,REG,2026,1610612739,,,,,
22500007734,,Shot Chart Detail,22500007,734,1628418,Thomas Bryant,1610612739,Cleveland Cavaliers,4,3,40,Made Shot,Running Layup Shot,2PT Field Goal,Restricted Area,Center(C),Less Than 8 ft.,3,25,26,1,1,20251027,DET,CLE,26600,0,1626204|1628418|1631247|1642281|1642878,1,REG,2026,1610612739,,,,,
22500007740,,Shot Chart Detail,22500007,740,1631247,Luke Travers,1610612739,Cleveland Cavaliers,4,2,59,Missed Shot,Reverse Layup Shot,2PT Field Goal,Restricted Area,Center(C),Less Than 8 ft.,3,-28,13,1,0,20251027,DET,CLE,27010,0,1626204|1628418|1631247|1642281|1642878,0,REG,2026,1610612739,,,,,
22500007742,,Shot Chart Detail,22500007,742,1628418,Thomas Bryant,1610612739,Cleveland Cavaliers,4,2,57,Made Shot,Putback Layup Shot,2PT Field Goal,Restricted Area,Center(C),Less Than 8 ft.,0,0,0,1,1,20251027,DET,CLE,27030,0,1626204|1628418|1631247|1642281|1642878,0,REG,2026,1610612739,,,,,
22500007750,,Shot Chart Detail,22500007,750,1642281,Jaylon Tyson,1610612739,Cleveland Cavaliers,4,2,29,Missed Shot,Dunk Shot,2PT Field Goal,In The Paint (Non-RA),Center(C),Less Than 8 ft.,4,12,47,1,0,20251027,DET,CLE,27310,0,1626204|1628418|1631247|1642281|1642878,0,REG,2026,1610612739,,,,,
22500007753,,Shot Chart Detail,22500007,753,1642878,Tyrese Proctor,1610612739,Cleveland Cavaliers,4,2,10,Missed Shot,Step Back Jump shot,3PT Field Goal,Above the Break 3,Left Side Center(LC),24+ ft.,25,-201,163,1,0,20251027,DET,CLE,27500,0,1626204|1628418|1631247|1642281|1642878,0,REG,2026,1610612739,,,,,
22500007757,,Shot Chart Detail,22500007,757,1626204,Larry Nance Jr.,1610612739,Cleveland Cavaliers,4,1,42,Missed Shot,Jump Shot,3PT Field Goal,Right Corner 3,Right Side(R),24+ ft.,22,224,29,1,0,20251027,DET,CLE,27780,0,1626204|1628418|1631247|1642281|1642878,0,REG,2026,1610612739,,,,,
22500007774,,Shot Chart Detail,22500007,774,1642281,Jaylon Tyson,1610612739,Cleveland Cavaliers,4,1,2,Missed Shot,Jump Shot,3PT Field Goal,Above the Break 3,Left Side Center(LC),24+ ft.,27,-195,187,1,0,20251027,DET,CLE,28180,0,1626204|1628418|1631247|1642281|1642878,0,REG,2026,1610612739,,,,,
2250002211,,Shot Chart Detail,22500022,11,1642281,Jaylon Tyson,1610612739,Cleveland Cavaliers,1,11,25,Missed Shot,Jump Shot,3PT Field Goal,Right Corner 3,Right Side(R),24+ ft.,22,229,-5,1,0,20251031,CLE,TOR,350,0,1628366|1629631|1629731|1630596|1642281,0,REG,2026,1610612739,,,,,
2250002224,,Shot Chart Detail,22500022,24,1630596,Evan Mobley,1610612739,Cleveland Cavaliers,1,10,20,Made Shot,Jump Shot,3PT Field Goal,Above the Break 3,Left Side Center(LC),24+ ft.,25,-161,199,1,1,20251031,CLE,TOR,1000,0,1628366|1629631|1629731|1630596|1642281,1,REG,2026,1610612739,,,,,
2250002228,,Shot Chart Detail,22500022,28,1629631,De'Andre Hunter,1610612739,Cleveland Cavaliers,1,9,50,Missed Shot,Jump Shot,3PT Field Goal,Above the Break 3,Left Side Center(LC),24+ ft.,26,-217,150,1,0,20251031,CLE,TOR,1300,0,1628366|1629631|1629731|1630596|1642281,0,REG,2026,1610612739,,,,,
2250002230,,Shot Chart Detail,22500022,30,1628366,Lonzo Ball,1610612739,Cleveland Cavaliers,1,9,45,Missed Shot,Jump Shot,3PT Field Goal,Above the Break 3,Right Side Center(RC),24+ ft.,25,93,240,1,0,20251031,CLE,TOR,1350,0,1628366|1629631|1629731|1630596|1642281,0,REG,2026,1610612739,,,,,
2250002234,,Shot Chart Detail,22500022,34,1630596,Evan Mobley,1610612739,Cleveland Cavaliers,1,9,26,Missed Shot,Jump Shot,3PT Field Goal,Above the Break 3,Right Side Center(RC),24+ ft.,25,120,225,1,0,20251031,CLE,TOR,1540,0,1628366|1629631|1629731|1630596|1642281,0,REG,2026,1610612739,,,,,
2250002238,,Shot Chart Detail,22500022,38,1642281,Jaylon Tyson,1610612739,Cleveland Cavaliers,1,8,47,Made Shot,Jump Shot,3PT Field Goal,Above the Break 3,Right Side Center(RC),24+ ft.,25,153,210,1,1,20251031,CLE,TOR,1930,0,1628366|1629631|1629731|1630596|1642281,1,REG,2026,1610612739,,,,,
2250002241,,Shot Chart Detail,22500022,41,1642281,Jaylon Tyson,1610612739,Cleveland Cavaliers,1,8,11,Made Shot,Cutting Dunk Shot,2PT Field Goal,Restricted Area,Center(C),Less Than 8 ft.,0,1,-7,1,1,20251031,CLE,TOR,2290,0,1628366|1629631|1629731|1630596|1642281,1,REG,2026,1610612739,,,,,
2250002247,,Shot Chart Detail,22500022,47,1630596,Evan Mobley,1610612739,Cleveland Cavaliers,1,7,36,Missed Shot,Driving Floating Jump Shot,2PT Field Goal,In The Paint (Non-RA),Center(C),Less Than 8 ft.,7,38,64,1,0,20251031,CLE,TOR,2640,0,1628366|1629631|1629731|1630596|1642281,0,REG,2026,1610612739,,,,,
2250002249,,Shot Chart Detail,22500022,49,1629631,De'Andre Hunter,1610612739,Cleveland Cavaliers,1,7,32,Missed Shot,Jump Shot,3PT Field Goal,Above the Break 3,Left Side Center(LC),24+ ft.,24,-208,136,1,0,20251031,CLE,TOR,2680,0,1628366|1629631|1629731|1630596|1642281,0,REG,2026,1610612739,,,,,
2250002254,,Shot Chart Detail,22500022,54,1629731,Dean Wade,1610612739,Cleveland Cavaliers,1,7,7,Missed Shot,Jump Shot,3PT Field Goal,Right Corner 3,Right Side(R),24+ ft.,22,229,14,1,0,20251031,CLE,TOR,2930,0,1628366|1629631|1629731|1630596|1642281,0,REG,2026,1610612739,,,,,
2250002256,,Shot Chart Detail,22500022,56,1642281,Jaylon Tyson,1610612739,Cleveland Cavaliers,1,7,0,Made Shot,Jump Shot,3PT Field Goal,Above the Break 3,Right Side Center(RC),24+ ft.,30,178,253,1,1,20251031,CLE,TOR,3000,0,1628366|1629631|1629731|1630596|1642281,1,REG,2026,1610612739,,,,,
2250002276,,Shot Chart Detail,22500022,76,1630596,Evan Mobley,1610612739,Cleveland Cavaliers,1,5,51,Made Shot,Jump Shot,3PT Field Goal,Above the Break 3,Center(C),24+ ft.,24,-40,245,1,1,20251031,CLE,TOR,3690,0,1626204|1628366|1630596|1641854|1642281,1,REG,2026,1610612739,,,,,
2250002279,,Shot Chart Detail,22500022,79,1628366,Lonzo Ball,1610612739,Cleveland Cavaliers,1,5,11,Missed Shot,Jump Shot,3PT Field Goal,Above the Break 3,Right Side Center(RC),24+ ft.,29,196,220,1,0,20251031,CLE,TOR,4090,0,1626204|1628366|1630596|1641854|1642281,0,REG,2026,1610612739,,,,,
2250002283,,Shot Chart Detail,22500022,83,1642281,Jaylon Tyson,1610612739,Cleveland Cavaliers,1,4,33,Missed Shot,Layup Shot,2PT Field Goal,Restricted Area,Center(C),Less Than 8 ft.,1,-10,11,1,0,20251031,CLE,TOR,4470,0,1626204|1628366|1630596|1641854|1642281,0,REG,2026,1610612739,,,,,
22500022101,,Shot Chart Detail,22500022,101,1642878,Tyrese Proctor,1610612739,Cleveland Cavaliers,1,4,6,Missed Shot,Driving Floating Jump Shot,2PT Field Goal,Restricted Area,Center(C),Less Than 8 ft.,2,-1,21,1,0,20251031,CLE,TOR,4740,0,1626204|1629631|1629731|1641854|1642878,0,REG,2026,1610612739,,,,,
22500022103,,Shot Chart Detail,22500022,103,1626204,Larry Nance Jr.,1610612739,Cleveland Cavaliers,1,4,5,Missed Shot,Tip Layup Shot,2PT Field Goal,Restricted Area,Center(C),Less Than 8 ft.,0,0,0,1,0,20251031,CLE,TOR,4750,0,1626204|1629631|1629731|1641854|1642878,0,REG,2026,1610612739,,,,,
22500022110,,Shot Chart Detail,22500022,110,1626204,Larry Nance Jr.,1610612739,Cleveland Cavaliers,1,3,42,Missed Shot,Floating Jump shot,2PT Field Goal,Restricted Area,Center(C),Less Than 8 ft.,3,4,37,1,0,20251031,CLE,TOR,4980,0,1626204|1629631|1629731|1641854|1642878,0,REG,2026,1610612739,,,,,
22500022114,,Shot Chart Detail,22500022,114,1642878,Tyrese Proctor,1610612739,Cleveland Cavaliers,1,3,26,Missed Shot,Running Jump Shot,3PT Field Goal,Above the Break 3,Left Side Center(LC),24+ ft.,24,-224,94,1,0,20251031,CLE,TOR,5140,0,1626204|1629631|1629731|1641854|1642878,0,REG,2026,1610612739,,,,,
22500022125,,Shot Chart Detail,22500022,125,1626204,Larry Nance Jr.,1610612739,Cleveland Cavaliers,1,2,4,Missed Shot,Jump Shot,3PT Field Goal,Above the Break 3,Left Side Center(LC),24+ ft.,24,-217,124,1,0,20251031,CLE,TOR,5960,0,1626204|1629631|1629731|1641854|1642878,0,REG,2026,1610612739,,,,,
22500022129,,Shot Chart Detail,22500022,129,1629631,De'Andre Hunter,1610612739,Cleveland Cavaliers,1,1,55,Made Shot,Pullup Jump shot,3PT Field Goal,Above the Break 3,Right Side Center(RC),24+ ft.,25,123,224,1,1,20251031,CLE,TOR,6050,0,1626204|1629631|1629731|1641854|1642878,0,REG,2026,1610612739,,,,,
22500022140,,Shot Chart Detail,22500022,140,1641854,Craig Porter Jr.,1610612739,Cleveland Cavaliers,1,1,4,Missed Shot,Pullup Jump shot,2PT Field Goal,Mid-Range,Right Side(R),8-16 ft.,14,99,108,1,0,20251031,CLE,TOR,6560,0,1626204|1629631|1629731|1641854|1642878,0,REG,2026,1610612739,,,,,
22500022144,,Shot Chart Detail,22500022,144,1641854,Craig Porter Jr.,1610612739,Cleveland Cavaliers,1,0,33,Missed Shot,Jump Shot,3PT Field Goal,Above the Break 3,Right Side Center(RC),24+ ft.,29,224,199,1,0,20251031,CLE,TOR,6870,0,1626204|1629631|1629731|1641854|1642878,0,REG,2026,1610612739,,,,,
22500022148,,Shot Chart Detail,22500022,148,1626204,Larry Nance Jr.,1610612739,Cleveland Cavaliers,1,0,0,Missed Shot,Jump Shot,3PT Field Goal,Above the Break 3,Left Side Center(LC),24+ ft.,26,-244,101,1,0,20251031,CLE,TOR,7200,0,1626204|1629631|1629731|1641854|1642878,0,REG,2026,1610612739,,,,,
22500022167,,Shot Chart Detail,22500022,167,1630596,Evan Mobley,1610612739,Cleveland Cavaliers,2,11,35,Missed Shot,Jump Shot,3PT Field Goal,Above the Break 3,Center(C),24+ ft.,25,12,253,1,0,20251031,CLE,TOR,7450,0,1628418|1630596|1631247|1642281|1642878,0,REG,2026,1610612739,,,,,
22500022169,,Shot Chart Detail,22500022,169,1630596,Evan Mobley,1610612739,Cleveland Cavaliers,2,11,29,Made Shot,Cutting Dunk Shot,2PT Field Goal,Restricted Area,Center(C),Less Than 8 ft.,1,2,14,1,1,20251031,CLE,TOR,7510,0,1628418|1630596|1631247|1642281|1642878,1,REG,2026,1610612739,,,,,
22500022176,,Shot Chart Detail,22500022,176,1631247,Luke Travers,1610612739,Cleveland Cavaliers,2,10,23,Missed Shot,Jump Shot,3PT Field Goal,Above the Break 3,Center(C),24+ ft.,24,-11,248,1,0,20251031,CLE,TOR,8170,0,1628418|1630596|1631247|1642281|1642878,0,REG,2026,1610612739,,,,,
22500022184,,Shot Chart Detail,22500022,184,1642281,Jaylon Tyson,1610612739,Cleveland Cavaliers,2,9,47,Made Shot,Jump Shot,3PT Field Goal,Above the Break 3,Left Side Center(LC),24+ ft.,25,-125,227,1,1,20251031,CLE,TOR,8530,0,1628418|1630596|1631247|1641854|1642281,1,REG,2026,1610612739,,,,,
22500022194,,Shot Chart Detail,22500022,194,1628418,Thomas Bryant,1610612739,Cleveland Cavaliers,2,9,20,Missed Shot,Running Layup Shot,2PT Field Goal,Restricted Area,Center(C),Less Than 8 ft.,1,-6,10,1,0,20251031,CLE,TOR,8800,0,1628418|1630596|1631247|1641854|1642281,0,REG,2026,1610612739,,,,,
22500022199,,Shot Chart Detail,22500022,199,1642281,Jaylon Tyson,1610612739,Cleveland Cavaliers,2,9,3,Made Shot,Jump Shot,3PT Field Goal,Right Corner 3,Right Side(R),24+ ft.,23,237,-8,1,1,20251031,CLE,TOR,8970,0,1628418|1630596|1631247|1641854|1642281,1,REG,2026,1610612739,,,,,
22500022207,,Shot Chart Detail,22500022,207,1631247,Luke Travers,1610612739,Cleveland Cavaliers,2,8,1,Missed Shot,Jump Shot,3PT Field Goal,Above the Break 3,Right Side Center(RC),24+ ft.,24,212,116,1,0,20251031,CLE,TOR,9590,0,1628418|1630596|1631247|1641854|1642281,0,REG,2026,1610612739,,,,,
22500022218,,Shot Chart Detail,22500022,218,1631247,Luke Travers,1610612739,Cleveland Cavaliers,2,7,30,Missed Shot,Driving Finger Roll Layup Shot,2PT Field Goal,Restricted Area,Center(C),Less Than 8 ft.,1,-9,8,1,0,20251031,CLE,TOR,9900,0,1628418|1630596|1631247|1641854|1642281,0,REG,2026,1610612739,,,,,
22500022222,,Shot Chart Detail,22500022,222,1642281,Jaylon Tyson,1610612739,Cleveland Cavaliers,2,7,0,Missed Shot,Jump Shot,3PT Field Goal,Above the Break 3,Left Side Center(LC),24+ ft.,24,-202,141,1,0,20251031,CLE,TOR,10200,0,1628418|1630596|1631247|1641854|1642281,0,REG,2026,1610612739,,,,,
22500022224,,Shot Chart Detail,22500022,224,1630596,Evan Mobley,1610612739,Cleveland Cavaliers,2,6,48,Missed Shot,Turnaround Fadeaway shot,2PT Field Goal,Mid-Range,Right Side(R),16-24 ft.,17,163,75,1,0,20251031,CLE,TOR,10320,0,1628418|1630596|1631247|1641854|1642281,0,REG,2026,1610612739,,,,,
22500022231,,Shot Chart Detail,22500022,231,1629631,De'Andre Hunter,1610612739,Cleveland Cavaliers,2,6,15,Made Shot,Pullup Jump shot,2PT Field Goal,Mid-Range,Center(C),16-24 ft.,19,-11,192,1,1,20251031,CLE,TOR,10650,0,1626204|1629631|1631247|1641854|1642281,1,REG,2026,1610612739,,,,,
22500022236,,Shot Chart Detail,22500022,236,1642281,Jaylon Tyson,1610612739,Cleveland Cavaliers,2,5,54,Missed Shot,Running Dunk Shot,2PT Field Goal,Restricted Area,Center(C),Less Than 8 ft.,2,5,26,1,0,20251031,CLE,TOR,10860,0,1626204|1629631|1631247|1641854|1642281,0,REG,2026,1610612739,,,,,
22500022249,,Shot Chart Detail,22500022,249,1629631,De'Andre Hunter,1610612739,Cleveland Cavaliers,2,5,37,Missed Shot,Jump Shot,3PT Field Goal,Above the Break 3,Right Side Center(RC),24+ ft.,26,129,234,1,0,20251031,CLE,TOR,11030,0,1626204|1628366|1629631|1629731|1642281,0,REG,2026,1610612739,,,,,
22500022253,,Shot Chart Detail,22500022,253,1629631,De'Andre Hunter,1610612739,Cleveland Cavaliers,2,5,13,Missed Shot,Pullup Jump shot,3PT Field Goal,Above the Break 3,Right Side Center(RC),24+ ft.,28,197,205,1,0,20251031,CLE,TOR,11270,0,1626204|1628366|1629631|1629731|1642281,0,REG,2026,1610612739,,,,,
22500022262,,Shot Chart Detail,22500022,262,1629631,De'Andre Hunter,1610612739,Cleveland Cavaliers,2,4,34,Made Shot,Jump Shot,3PT Field Goal,Left Corner 3,Left Side(L),24+ ft.,23,-233,-1,1,1,20251031,CLE,TOR,11660,0,1626204|1628366|1629631|1629731|1642281,1,REG,2026,1610612739,,,,,
22500022277,,Shot Chart Detail,22500022,277,1629631,De'Andre Hunter,1610612739,Cleveland Cavaliers,2,3,54,Missed Shot,Step Back Jump shot,2PT Field Goal,Mid-Range,Left Side Center(LC),16-24 ft.,16,-113,125,1,0,20251031,CLE,TOR,12060,0,1626204|1628366|1629631|1629731|1630596,0,REG,2026,1610612739,,,,,
22500022282,,Shot Chart Detail,22500022,282,1629731,Dean Wade,1610612739,Cleveland Cavaliers,2,3,22,Made Shot,Jump Shot,3PT Field Goal,Above the Break 3,Center(C),24+ ft.,25,-29,250,1,1,20251031,CLE,TOR,12380,0,1626204|1628366|1629631|1629731|1630596,1,REG,2026,1610612739,,,,,
22500022295,,Shot Chart Detail,22500022,295,1626204,Larry Nance Jr.,1610612739,Cleveland Cavaliers,2,2,28,Missed Shot,Jump Shot,3PT Field Goal,Above the Break 3,Center(C),24+ ft.,25,78,246,1,0,20251031,CLE,TOR,12920,0,1626204|1628366|1629631|1629731|1630596,0,REG,2026,1610612739,,,,,
22500022299,,Shot Chart Detail,22500022,299,1629731,Dean Wade,1610612739,Cleveland Cavaliers,2,1,57,Missed Shot,Jump Shot,3PT Field Goal,Above the Break 3,Left Side Center(LC),24+ ft.,24,-141,197,1,0,20251031,CLE,TOR,13230,0,1626204|1628366|1629631|1629731|1630596,0,REG,2026,1610612739,,,,,
22500022313,,Shot Chart Detail,22500022,313,1629631,De'Andre Hunter,1610612739,Cleveland Cavaliers,2,0,58,Made Shot,Driving Floating Jump Shot,2PT Field Goal,In The Paint (Non-RA),Right Side(R),8-16 ft.,8,58,67,1,1,20251031,CLE,TOR,13820,0,1626204|1628366|1629631|1629731|1630596,0,REG,2026,1610612739,,,,,
22500022322,,Shot Chart Detail,22500022,322,1629631,De'Andre Hunter,1610612739,Cleveland Cavaliers,2,0,0,Made Shot,Step Back Jump shot,3PT Field Goal,Above the Break 3,Left Side Center(LC),24+ ft.,24,-203,141,1,1,20251031,CLE,TOR,14400,0,1626204|1628366|1629631|1629731|1630596,0,REG,2026,1610612739,,,,,
22500022332,,Shot Chart Detail,22500022,332,1628366,Lonzo Ball,1610612739,Cleveland Cavaliers,3,11,31,Made Shot,Pullup Jump shot,3PT Field Goal,Above the Break 3,Left Side Center(LC),24+ ft.,27,-185,210,1,1,20251031,CLE,TOR,14690,0,1628366|1629631|1629731|1630596|1642281,0,REG,2026,1610612739,,,,,
22500022340,,Shot Chart Detail,22500022,340,1630596,Evan Mobley,1610612739,Cleveland Cavaliers,3,10,29,Made Shot,Cutting Layup Shot,2PT Field Goal,Restricted Area,Center(C),Less Than 8 ft.,1,-2,12,1,1,20251031,CLE,TOR,15310,0,1628366|1629631|1629731|1630596|1642281,1,REG,2026,1610612739,,,,,
22500022344,,Shot Chart Detail,22500022,344,1642281,Jaylon Tyson,1610612739,Cleveland Cavaliers,3,10,14,Made Shot,Running Dunk Shot,2PT Field Goal,Restricted Area,Center(C),Less Than 8 ft.,1,-1,11,1,1,20251031,CLE,TOR,15460,0,1628366|1629631|1629731|1630596|1642281,1,REG,2026,1610612739,,,,,
22500022352,,Shot Chart Detail,22500022,352,1630596,Evan Mobley,1610612739,Cleveland Cavaliers,3,9,36,Made Shot,Driving Floating Jump Shot,2PT Field Goal,In The Paint (Non-RA),Center(C),Less Than 8 ft.,7,9,78,1,1,20251031,CLE,TOR,15840,0,1628366|1629631|1629731|1630596|1642281,1,REG,2026,1610612739,,,,,
22500022356,,Shot Chart Detail,22500022,356,1642281,Jaylon Tyson,1610612739,Cleveland Cavaliers,3,9,1,Missed Shot,Running Jump Shot,3PT Field Goal,Right Corner 3,Right Side(R),24+ ft.,23,237,-20,1,0,20251031,CLE,TOR,16190,0,1628366|1629631|1629731|1630596|1642281,0,REG,2026,1610612739,,,,,
22500022362,,Shot Chart Detail,22500022,362,1642281,Jaylon Tyson,1610612739,Cleveland Cavaliers,3,8,31,Made Shot,Cutting Layup Shot,2PT Field Goal,Restricted Area,Center(C),Less Than 8 ft.,1,4,11,1,1,20251031,CLE,TOR,16490,0,1628366|1629631|1629731|1630596|1642281,1,REG,2026,1610612739,,,,,
22500022367,,Shot Chart Detail,22500022,367,1630596,Evan Mobley,1610612739,Cleveland Cavaliers,3,7,58,Made Shot,Alley Oop Layup shot,2PT Field Goal,Restricted Area,Center(C),Less Than 8 ft.,2,7,20,1,1,20251031,CLE,TOR,16820,0,1628366|1629631|1629731|1630596|1642281,1,REG,2026,1610612739,,,,,
22500022371,,Shot Chart Detail,22500022,371,1628366,Lonzo Ball,1610612739,Cleveland Cavaliers,3,7,41,Made Shot,Running Layup Shot,2PT Field Goal,Restricted Area,Center(C),Less Than 8 ft.,0,6,7,1,1,20251031,CLE,TOR,16990,0,1628366|1629631|1629731|1630596|1642281,0,REG,2026,1610612739,,,,,
22500022374,,Shot Chart Detail,22500022,374,1629731,Dean Wade,1610612739,Cleveland Cavaliers,3,7,27,Missed Shot,Running Jump Shot,3PT Field Goal,Left Corner 3,Left Side(L),24+ ft.,24,-240,68,1,0,20251031,CLE,TOR,17130,0,1628366|1629631|1629731|1630596|1642281,0,REG,2026,1610612739,,,,,
22500022379,,Shot Chart Detail,22500022,379,1628366,Lonzo Ball,1610612739,Cleveland Cavaliers,3,6,43,Made Shot,Pullup Jump shot,3PT Field Goal,Above the Break 3,Right Side Center(RC),24+ ft.,27,127,239,1,1,20251031,CLE,TOR,17570,0,1628366|1629631|1629731|1630596|1642281,0,REG,2026,1610612739,,,,,
22500022382,,Shot Chart Detail,22500022,382,1629631,De'Andre Hunter,1610612739,Cleveland Cavaliers,3,6,24,Missed Shot,Driving Floating Jump Shot,2PT Field Goal,In The Paint (Non-RA),Center(C),Less Than 8 ft.,7,-49,58,1,0,20251031,CLE,TOR,17760,0,1628366|1629631|1629731|1630596|1642281,0,REG,2026,1610612739,,,,,
22500022409,,Shot Chart Detail,22500022,409,1641854,Craig Porter Jr.,1610612739,Cleveland Cavaliers,3,5,13,Made Shot,Jump Shot,3PT Field Goal,Left Corner 3,Left Side(L),24+ ft.,24,-234,80,1,1,20251031,CLE,TOR,18470,0,1626204|1630596|1631247|1641854|1642281,1,REG,2026,1610612739,,,,,
22500022423,,Shot Chart Detail,22500022,423,1626204,Larry Nance Jr.,1610612739,Cleveland Cavaliers,3,4,26,Missed Shot,Jump Shot,3PT Field Goal,Right Corner 3,Right Side(R),24+ ft.,24,232,85,1,0,20251031,CLE,TOR,18940,0,1626204|1630596|1631247|1641854|1642281,0,REG,2026,1610612739,,,,,
22500022425,,Shot Chart Detail,22500022,425,1641854,Craig Porter Jr.,1610612739,Cleveland Cavaliers,3,4,21,Missed Shot,Putback Layup Shot,2PT Field Goal,Restricted Area,Center(C),Less Than 8 ft.,1,9,12,1,0,20251031,CLE,TOR,18990,0,1626204|1630596|1631247|1641854|1642281,0,REG,2026,1610612739,,,,,
22500022473,,Shot Chart Detail,22500022,473,1629631,De'Andre Hunter,1610612739,Cleveland Cavaliers,3,2,23,Made Shot,Step Back Jump shot,2PT Field Goal,Mid-Range,Center(C),8-16 ft.,15,39,149,1,1,20251031,CLE,TOR,20170,0,1626204|1629631|1629731|1631247|1641854,0,REG,2026,1610612739,,,,,
22500022477,,Shot Chart Detail,22500022,477,1629631,De'Andre Hunter,1610612739,Cleveland Cavaliers,3,1,49,Made Shot,Cutting Layup Shot,2PT Field Goal,Restricted Area,Center(C),Less Than 8 ft.,1,7,12,1,1,20251031,CLE,TOR,20510,0,1626204|1629631|1629731|1631247|1641854,1,REG,2026,1610612739,,,,,
22500022481,,Shot Chart Detail,22500022,481,1641854,Craig Porter Jr.,1610612739,Cleveland Cavaliers,3,1,23,Made Shot,Driving Floating Jump Shot,2PT Field Goal,In The Paint (Non-RA),Center(C),8-16 ft.,8,29,76,1,1,20251031,CLE,TOR,20770,0,1626204|1629631|1629731|1631247|1641854,1,REG,2026,1610612739,,,,,
22500022491,,Shot Chart Detail,22500022,491,1631247,Luke Travers,1610612739,Cleveland Cavaliers,3,0,40,Missed Shot,Driving Layup Shot,2PT Field Goal,Restricted Area,Center(C),Less Than 8 ft.,0,4,-8,1,0,20251031,CLE,TOR,21200,0,1629631|1629731|1630596|1631247|1641854,0,REG,2026,1610612739,,,,,
22500022502,,Shot Chart Detail,22500022,502,1629731,Dean Wade,1610612739,Cleveland Cavaliers,3,0,25,Missed Shot,Driving Layup Shot,2PT Field Goal,Restricted Area,Center(C),Less Than 8 ft.,1,11,5,1,0,20251031,CLE,TOR,21350,0,1629631|1629731|1630596|1631247|1641854,0,REG,2026,1610612739,,,,,
22500022507,,Shot Chart Detail,22500022,507,1629731,Dean Wade,1610612739,Cleveland Cavaliers,3,0,3,Missed Shot,Jump Shot,3PT Field Goal,Left Corner 3,Left Side(L),24+ ft.,24,-238,38,1,0,20251031,CLE,TOR,21570,0,1629631|1629731|1630596|1631247|1641854,0,REG,2026,1610612739,,,,,
22500022523,,Shot Chart Detail,22500022,523,1630596,Evan Mobley,1610612739,Cleveland Cavaliers,4,11,36,Made Shot,Driving Dunk Shot,2PT Field Goal,Restricted Area,Center(C),Less Than 8 ft.,1,2,12,1,1,20251031,CLE,TOR,21840,0,1628418|1630596|1631247|1642281|1642878,1,REG,2026,1610612739,,,,,
22500022529,,Shot Chart Detail,22500022,529,1630596,Evan Mobley,1610612739,Cleveland Cavaliers,4,10,58,Missed Shot,Jump Shot,3PT Field Goal,Above the Break 3,Left Side Center(LC),24+ ft.,25,-113,231,1,0,20251031,CLE,TOR,22220,0,1628418|1630596|1631247|1642281|1642878,0,REG,2026,1610612739,,,,,
22500022539,,Shot Chart Detail,22500022,539,1642878,Tyrese Proctor,1610612739,Cleveland Cavaliers,4,10,34,Missed Shot,Running Jump Shot,3PT Field Goal,Above the Break 3,Right Side Center(RC),24+ ft.,26,88,246,1,0,20251031,CLE,TOR,22460,0,1628418|1630596|1631247|1642281|1642878,0,REG,2026,1610612739,,,,,
22500022541,,Shot Chart Detail,22500022,541,1631247,Luke Travers,1610612739,Cleveland Cavaliers,4,10,23,Missed Shot,Driving Finger Roll Layup Shot,2PT Field Goal,Restricted Area,Center(C),Less Than 8 ft.,0,2,5,1,0,20251031,CLE,TOR,22570,0,1628418|1630596|1631247|1642281|1642878,0,REG,2026,1610612739,,,,,
22500022558,,Shot Chart Detail,22500022,558,1630596,Evan Mobley,1610612739,Cleveland Cavaliers,4,9,17,Made Shot,Driving Floating Bank Jump Shot,2PT Field Goal,In The Paint (Non-RA),Left Side(L),8-16 ft.,9,-69,58,1,1,20251031,CLE,TOR,23230,0,1628418|1630596|1641854|1642281|1642878,1,REG,2026,1610612739,,,,,
22500022562,,Shot Chart Detail,22500022,562,1642878,Tyrese Proctor,1610612739,Cleveland Cavaliers,4,9,3,Made Shot,Running Dunk Shot,2PT Field Goal,Restricted Area,Center(C),Less Than 8 ft.,1,9,8,1,1,20251031,CLE,TOR,23370,0,1628418|1630596|1641854|1642281|1642878,0,REG,2026,1610612739,,,,,
22500022572,,Shot Chart Detail,22500022,572,1630596,Evan Mobley,1610612739,Cleveland Cavaliers,4,8,28,Made Shot,Driving Layup Shot,2PT Field Goal,Restricted Area,Center(C),Less Than 8 ft.,0,-6,0,1,1,20251031,CLE,TOR,23720,0,1628418|1630596|1641854|1642281|1642878,0,REG,2026,1610612739,,,,,
22500022576,,Shot Chart Detail,22500022,576,1628418,Thomas Bryant,1610612739,Cleveland Cavaliers,4,8,2,Missed Shot,Jump Shot,3PT Field Goal,Above the Break 3,Right Side Center(RC),24+ ft.,25,213,136,1,0,20251031,CLE,TOR,23980,0,1628418|1630596|1641854|1642281|1642878,0,REG,2026,1610612739,,,,,
22500022585,,Shot Chart Detail,22500022,585,1642878,Tyrese Proctor,1610612739,Cleveland Cavaliers,4,7,43,Made Shot,Driving Finger Roll Layup Shot,2PT Field Goal,Restricted Area,Center(C),Less Than 8 ft.,0,2,7,1,1,20251031,CLE,TOR,24170,0,1628418|1629631|1641854|1642281|1642878,0,REG,2026,1610612739,,,,,
22500022592,,Shot Chart Detail,22500022,592,1642878,Tyrese Proctor,1610612739,Cleveland Cavaliers,4,7,8,Missed Shot,Jump Shot,3PT Field Goal,Above the Break 3,Center(C),24+ ft.,25,-54,252,1,0,20251031,CLE,TOR,24520,0,1628418|1629631|1641854|1642281|1642878,0,REG,2026,1610612739,,,,,
22500022594,,Shot Chart Detail,22500022,594,1628418,Thomas Bryant,1610612739,Cleveland Cavaliers,4,7,3,Made Shot,Cutting Layup Shot,2PT Field Goal,Restricted Area,Center(C),Less Than 8 ft.,1,-2,16,1,1,20251031,CLE,TOR,24570,0,1628418|1629631|1641854|1642281|1642878,1,REG,2026,1610612739,,,,,
22500022615,,Shot Chart Detail,22500022,615,1642281,Jaylon Tyson,1610612739,Cleveland Cavaliers,4,6,19,Missed Shot,Floating Jump shot,2PT Field Goal,In The Paint (Non-RA),Center(C),8-16 ft.,10,33,104,1,0,20251031,CLE,TOR,25010,0,1628366|1628418|1629631|1642281|1642878,0,REG,2026,1610612739,,,,,
22500022617,,Shot Chart Detail,22500022,617,1628418,Thomas Bryant,1610612739,Cleveland Cavaliers,4,6,16,Made Shot,Putback Dunk Shot,2PT Field Goal,Restricted Area,Center(C),Less Than 8 ft.,0,-4,8,1,1,20251031,CLE,TOR,25040,0,1628366|1628418|1629631|1642281|1642878,0,REG,2026,1610612739,,,,,
22500022620,,Shot Chart Detail,22500022,620,1642281,Jaylon Tyson,1610612739,Cleveland Cavaliers,4,5,46,Missed Shot,Jump Shot,3PT Field Goal,Right Corner 3,Right Side(R),24+ ft.,22,227,-16,1,0,20251031,CLE,TOR,25340,0,1628366|1628418|1629631|1642281|1642878,0,REG,2026,1610612739,,,,,
22500022638,,Shot Chart Detail,22500022,638,1629631,De'Andre Hunter,1610612739,Cleveland Cavaliers,4,4,30,Missed Shot,Step Back Jump shot,3PT Field Goal,Above the Break 3,Left Side Center(LC),24+ ft.,26,-156,217,1,0,20251031,CLE,TOR,26100,0,1628366|1629631|1629731|1630596|1642878,0,REG,2026,1610612739,,,,,
22500022640,,Shot Chart Detail,22500022,640,1642878,Tyrese Proctor,1610612739,Cleveland Cavaliers,4,4,26,Missed Shot,Putback Layup Shot,2PT Field Goal,Restricted Area,Center(C),Less Than 8 ft.,1,-10,0,1,0,20251031,CLE,TOR,26140,0,1628366|1629631|1629731|1630596|1642878,0,REG,2026,1610612739,,,,,
22500022654,,Shot Chart Detail,22500022,654,1628366,Lonzo Ball,1610612739,Cleveland Cavaliers,4,3,32,Missed Shot,Step Back Jump shot,2PT Field Goal,Mid-Range,Left Side Center(LC),16-24 ft.,16,-97,137,1,0,20251031,CLE,TOR,26680,0,1628366|1629631|1629731|1630596|1642281,0,REG,2026,1610612739,,,,,
22500022658,,Shot Chart Detail,22500022,658,1629731,Dean Wade,1610612739,Cleveland Cavaliers,4,2,54,Missed Shot,Floating Jump shot,2PT Field Goal,Restricted Area,Center(C),Less Than 8 ft.,1,1,16,1,0,20251031,CLE,TOR,27060,0,1628366|1629631|1629731|1630596|1642281,0,REG,2026,1610612739,,,,,
22500022674,,Shot Chart Detail,22500022,674,1629631,De'Andre Hunter,1610612739,Cleveland Cavaliers,4,2,1,Missed Shot,Step Back Jump shot,3PT Field Goal,Above the Break 3,Left Side Center(LC),24+ ft.,26,-230,127,1,0,20251031,CLE,TOR,27590,0,1628366|1629631|1629731|1630596|1642281,0,REG,2026,1610612739,,,,,
22500022676,,Shot Chart Detail,22500022,676,1630596,Evan Mobley,1610612739,Cleveland Cavaliers,4,2,0,Missed Shot,Tip Layup Shot,2PT Field Goal,Restricted Area,Center(C),Less Than 8 ft.,0,0,0,1,0,20251031,CLE,TOR,27600,0,1628366|1629631|1629731|1630596|1642281,0,REG,2026,1610612739,,,,,
22500022678,,Shot Chart Detail,22500022,678,1630596,Evan Mobley,1610612739,Cleveland Cavaliers,4,1,58,Made Shot,Tip Layup Shot,2PT Field Goal,Restricted Area,Center(C),Less Than 8 ft.,0,0,0,1,1,20251031,CLE,TOR,27620,0,1628366|1629631|1629731|1630596|1642281,0,REG,2026,1610612739,,,,,
22500022680,,Shot Chart Detail,22500022,680,1630596,Evan Mobley,1610612739,Cleveland Cavaliers,4,1,22,Made Shot,Dunk Shot,2PT Field Goal,Restricted Area,Center(C),Less Than 8 ft.,1,-16,8,1,1,20251031,CLE,TOR,27980,0,1628366|1629631|1629731|1630596|1642281,1,REG,2026,1610612739,,,,,
22500022684,,Shot Chart Detail,22500022,684,1628366,Lonzo Ball,1610612739,Cleveland Cavaliers,4,1,0,Missed Shot,Driving Finger Roll Layup Shot,2PT Field Goal,Restricted Area,Center(C),Less Than 8 ft.,1,12,15,1,0,20251031,CLE,TOR,28200,0,1628366|1629631|1629731|1630596|1642281,0,REG,2026,1610612739,,,,,
22500022691,,Shot Chart Detail,22500022,691,1629631,De'Andre Hunter,1610612739,Cleveland Cavaliers,4,0,33,Missed Shot,Turnaround Jump Shot,3PT Field Goal,Above the Break 3,Right Side Center(RC),24+ ft.,25,228,110,1,0,20251031,CLE,TOR,28470,0,1626204|1628366|1629631|1629731|1630596,0,REG,2026,1610612739,,,,,
22500022693,,Shot Chart Detail,22500022,693,1629631,De'Andre Hunter,1610612739,Cleveland Cavaliers,4,0,28,Made Shot,Pullup Jump shot,3PT Field Goal,Above the Break 3,Left Side Center(LC),24+ ft.,27,-125,241,1,1,20251031,CLE,TOR,28520,0,1626204|1628366|1629631|1629731|1630596,1,REG,2026,1610612739,,,,,
22500022697,,Shot Chart Detail,22500022,697,1629631,De'Andre Hunter,1610612739,Cleveland Cavaliers,4,0,12,Missed Shot,Pullup Jump shot,3PT Field Goal,Above the Break 3,Center(C),24+ ft.,26,-59,260,1,0,20251031,CLE,TOR,28680,0,1626204|1628366|1629631|1629731|1630596,0,REG,2026,1610612739,,,,,
225000297,,Shot Chart Detail,22500029,7,1629636,Darius Garland,1610612739,Cleveland Cavaliers,1,11,42,Made Shot,Driving Floating Jump Shot,2PT Field Goal,In The Paint (Non-RA),Center(C),8-16 ft.,13,45,130,1,1,20251107,WAS,CLE,180,0,1628378|1628386|1629631|1629636|1630596,1,REG,2026,1610612739,,,,,
2250002911,,Shot Chart Detail,22500029,11,1629631,De'Andre Hunter,1610612739,Cleveland Cavaliers,1,11,0,Made Shot,Floating Jump shot,2PT Field Goal,Mid-Range,Right Side(R),8-16 ft.,13,116,64,1,1,20251107,WAS,CLE,600,0,1628378|1628386|1629631|1629636|1630596,1,REG,2026,1610612739,,,,,
2250002915,,Shot Chart Detail,22500029,15,1628378,Donovan Mitchell,1610612739,Cleveland Cavaliers,1,10,36,Missed Shot,Driving Layup Shot,2PT Field Goal,In The Paint (Non-RA),Center(C),Less Than 8 ft.,7,-53,49,1,0,20251107,WAS,CLE,840,0,1628378|1628386|1629631|1629636|1630596,0,REG,2026,1610612739,,,,,
2250002919,,Shot Chart Detail,22500029,19,1628386,Jarrett Allen,1610612739,Cleveland Cavaliers,1,10,31,Missed Shot,Floating Jump shot,2PT Field Goal,In The Paint (Non-RA),Center(C),Less Than 8 ft.,6,0,64,1,0,20251107,WAS,CLE,890,0,1628378|1628386|1629631|1629636|1630596,0,REG,2026,1610612739,,,,,
2250002921,,Shot Chart Detail,22500029,21,1628386,Jarrett Allen,1610612739,Cleveland Cavaliers,1,10,28,Made Shot,Putback Layup Shot,2PT Field Goal,In The Paint (Non-RA),Center(C),Less Than 8 ft.,5,-2,53,1,1,20251107,WAS,CLE,920,0,1628378|1628386|1629631|1629636|1630596,0,REG,2026,1610612739,,,,,
2250002924,,Shot Chart Detail,22500029,24,1630596,Evan Mobley,1610612739,Cleveland Cavaliers,1,10,3,Missed Shot,Jump Shot,3PT Field Goal,Above the Break 3,Right Side Center(RC),24+ ft.,26,194,174,1,0,20251107,WAS,CLE,1170,0,1628378|1628386|1629631|1629636|1630596,0,REG,2026,1610612739,,,,,
2250002928,,Shot Chart Detail,22500029,28,1628378,Donovan Mitchell,1610612739,Cleveland Cavaliers,1,9,55,Missed Shot,Pullup Jump shot,3PT Field Goal,Above the Break 3,Center(C),24+ ft.,26,1,263,1,0,20251107,WAS,CLE,1250,0,1628378|1628386|1629631|1629636|1630596,0,REG,2026,1610612739,,,,,
2250002933,,Shot Chart Detail,22500029,33,1630596,Evan Mobley,1610612739,Cleveland Cavaliers,1,9,33,Missed Shot,Driving Floating Jump Shot,2PT Field Goal,In The Paint (Non-RA),Center(C),Less Than 8 ft.,6,-13,67,1,0,20251107,WAS,CLE,1470,0,1628378|1628386|1629631|1629636|1630596,0,REG,2026,1610612739,,,,,
2250002939,,Shot Chart Detail,22500029,39,1628386,Jarrett Allen,1610612739,Cleveland Cavaliers,1,8,58,Made Shot,Turnaround Hook Shot,2PT Field Goal,In The Paint (Non-RA),Center(C),Less Than 8 ft.,5,36,39,1,1,20251107,WAS,CLE,1820,0,1628378|1628386|1629631|1629636|1630596,0,REG,2026,1610612739,,,,,
2250002943,,Shot Chart Detail,22500029,43,1628378,Donovan Mitchell,1610612739,Cleveland Cavaliers,1,8,38,Made Shot,Running Layup Shot,2PT Field Goal,Restricted Area,Center(C),Less Than 8 ft.,1,10,-5,1,1,20251107,WAS,CLE,2020,0,1628378|1628386|1629631|1629636|1630596,1,REG,2026,1610612739,,,,,
2250002946,,Shot Chart Detail,22500029,46,1629631,De'Andre Hunter,1610612739,Cleveland Cavaliers,1,8,10,Missed Shot,Jump Shot,3PT Field Goal,Above the Break 3,Left Side Center(LC),24+ ft.,25,-219,122,1,0,20251107,WAS,CLE,2300,0,1628378|1628386|1629631|1629636|1630596,0,REG,2026,1610612739,,,,,
2250002954,,Shot Chart Detail,22500029,54,1630596,Evan Mobley,1610612739,Cleveland Cavaliers,1,7,24,Made Shot,Driving Dunk Shot,2PT Field Goal,Restricted Area,Center(C),Less Than 8 ft.,1,-11,7,1,1,20251107,WAS,CLE,2760,0,1628378|1628386|1629631|1629636|1630596,1,REG,2026,1610612739,,,,,
2250002968,,Shot Chart Detail,22500029,68,1630596,Evan Mobley,1610612739,Cleveland Cavaliers,1,6,27,Made Shot,Turnaround Hook Shot,2PT Field Goal,In The Paint (Non-RA),Center(C),Less Than 8 ft.,6,0,64,1,1,20251107,WAS,CLE,3330,0,1629631|1629636|1630241|1630596|1642281,1,REG,2026,1610612739,,,,,
2250002972,,Shot Chart Detail,22500029,72,1629636,Darius Garland,1610612739,Cleveland Cavaliers,1,6,12,Made Shot,Running Jump Shot,3PT Field Goal,Above the Break 3,Center(C),24+ ft.,27,44,268,1,1,20251107,WAS,CLE,3480,0,1629631|1629636|1630241|1630596|1642281,1,REG,2026,1610612739,,,,,
2250002980,,Shot Chart Detail,22500029,80,1630241,Sam Merrill,1610612739,Cleveland Cavaliers,1,5,25,Made Shot,Pullup Jump shot,3PT Field Goal,Above the Break 3,Right Side Center(RC),24+ ft.,25,223,126,1,1,20251107,WAS,CLE,3950,0,1629631|1630241|1630596|1641854|1642281,0,REG,2026,1610612739,,,,,
22500029125,,Shot Chart Detail,22500029,125,1628378,Donovan Mitchell,1610612739,Cleveland Cavaliers,1,3,31,Missed Shot,Driving Layup Shot,2PT Field Goal,Restricted Area,Center(C),Less Than 8 ft.,2,-18,17,1,0,20251107,WAS,CLE,5090,0,1628378|1628386|1630241|1641854|1642281,0,REG,2026,1610612739,,,,,
22500029127,,Shot Chart Detail,22500029,127,1630241,Sam Merrill,1610612739,Cleveland Cavaliers,1,3,24,Made Shot,Step Back Jump shot,3PT Field Goal,Above the Break 3,Center(C),24+ ft.,25,51,246,1,1,20251107,WAS,CLE,5160,0,1628378|1628386|1630241|1641854|1642281,1,REG,2026,1610612739,,,,,
22500029138,,Shot Chart Detail,22500029,138,1641854,Craig Porter Jr.,1610612739,Cleveland Cavaliers,1,3,2,Made Shot,Driving Layup Shot,2PT Field Goal,Restricted Area,Center(C),Less Than 8 ft.,2,-21,13,1,1,20251107,WAS,CLE,5380,0,1628378|1628386|1630241|1641854|1642281,0,REG,2026,1610612739,,,,,
22500029141,,Shot Chart Detail,22500029,141,1628378,Donovan Mitchell,1610612739,Cleveland Cavaliers,1,2,37,Missed Shot,Running Layup Shot,2PT Field Goal,In The Paint (Non-RA),Center(C),Less Than 8 ft.,6,58,17,1,0,20251107,WAS,CLE,5630,0,1628378|1628386|1630241|1641854|1642281,0,REG,2026,1610612739,,,,,
22500029143,,Shot Chart Detail,22500029,143,1628386,Jarrett Allen,1610612739,Cleveland Cavaliers,1,2,36,Made Shot,Tip Dunk Shot,2PT Field Goal,Restricted Area,Center(C),Less Than 8 ft.,0,0,0,1,1,20251107,WAS,CLE,5640,0,1628378|1628386|1630241|1641854|1642281,0,REG,2026,1610612739,,,,,
22500029148,,Shot Chart Detail,22500029,148,1628378,Donovan Mitchell,1610612739,Cleveland Cavaliers,1,1,58,Made Shot,Step Back Jump shot,3PT Field Goal,Above the Break 3,Right Side Center(RC),24+ ft.,29,172,235,1,1,20251107,WAS,CLE,6020,0,1628378|1628386|1630241|1641854|1642281,0,REG,2026,1610612739,,,,,
22500029157,,Shot Chart Detail,22500029,157,1630241,Sam Merrill,1610612739,Cleveland Cavaliers,1,1,27,Made Shot,Step Back Jump shot,3PT Field Goal,Above the Break 3,Left Side Center(LC),24+ ft.,26,-189,179,1,1,20251107,WAS,CLE,6330,0,1628378|1628386|1630241|1641854|1642281,0,REG,2026,1610612739,,,,,
22500029170,,Shot Chart Detail,22500029,170,1628386,Jarrett Allen,1610612739,Cleveland Cavaliers,1,0,34,Made Shot,Cutting Dunk Shot,2PT Field Goal,In The Paint (Non-RA),Center(C),Less Than 8 ft.,4,-29,34,1,1,20251107,WAS,CLE,6860,0,1628378|1628386|1630241|1641854|1642281,1,REG,2026,1610612739,,,,,
22500029174,,Shot Chart Detail,22500029,174,1628378,Donovan Mitchell,1610612739,Cleveland Cavaliers,1,0,0,Missed Shot,Driving Floating Jump Shot,2PT Field Goal,In The Paint (Non-RA),Center(C),Less Than 8 ft.,7,48,63,1,0,20251107,WAS,CLE,7200,0,1628378|1628386|1630241|1641854|1642281,0,REG,2026,1610612739,,,,,
22500029194,,Shot Chart Detail,22500029,194,1626204,Larry Nance Jr.,1610612739,Cleveland Cavaliers,2,11,31,Made Shot,Jump Shot,3PT Field Goal,Above the Break 3,Left Side Center(LC),24+ ft.,26,-228,141,1,1,20251107,WAS,CLE,7490,0,1626204|1628378|1630596|1642281|1642878,1,REG,2026,1610612739,,,,,
22500029204,,Shot Chart Detail,22500029,204,1630596,Evan Mobley,1610612739,Cleveland Cavaliers,2,10,35,Missed Shot,Driving Floating Jump Shot,2PT Field Goal,In The Paint (Non-RA),Center(C),Less Than 8 ft.,7,56,46,1,0,20251107,WAS,CLE,8050,0,1626204|1628378|1630596|1642281|1642878,0,REG,2026,1610612739,,,,,
22500029224,,Shot Chart Detail,22500029,224,1628378,Donovan Mitchell,1610612739,Cleveland Cavaliers,2,9,52,Missed Shot,Jump Shot,3PT Field Goal,Above the Break 3,Center(C),24+ ft.,28,-32,280,1,0,20251107,WAS,CLE,8480,0,1626204|1628378|1630596|1642281|1642878,0,REG,2026,1610612739,,,,,
22500029235,,Shot Chart Detail,22500029,235,1628378,Donovan Mitchell,1610612739,Cleveland Cavaliers,2,9,9,Made Shot,Driving Layup Shot,2PT Field Goal,In The Paint (Non-RA),Left Side(L),8-16 ft.,8,-48,67,1,1,20251107,WAS,CLE,8910,0,1626204|1628378|1630596|1642281|1642878,0,REG,2026,1610612739,,,,,
22500029241,,Shot Chart Detail,22500029,241,1630596,Evan Mobley,1610612739,Cleveland Cavaliers,2,8,50,Missed Shot,Driving Layup Shot,2PT Field Goal,In The Paint (Non-RA),Center(C),Less Than 8 ft.,6,-42,50,1,0,20251107,WAS,CLE,9100,0,1626204|1628378|1630596|1642281|1642878,0,REG,2026,1610612739,,,,,
22500029243,,Shot Chart Detail,22500029,243,1630596,Evan Mobley,1610612739,Cleveland Cavaliers,2,8,47,Made Shot,Tip Layup Shot,2PT Field Goal,Restricted Area,Center(C),Less Than 8 ft.,1,9,5,1,1,20251107,WAS,CLE,9130,0,1626204|1628378|1630596|1642281|1642878,0,REG,2026,1610612739,,,,,
22500029245,,Shot Chart Detail,22500029,245,1630596,Evan Mobley,1610612739,Cleveland Cavaliers,2,8,26,Missed Shot,Pullup Jump shot,2PT Field Goal,In The Paint (Non-RA),Center(C),8-16 ft.,14,42,137,1,0,20251107,WAS,CLE,9340,0,1626204|1628378|1630596|1642281|1642878,0,REG,2026,1610612739,,,,,
22500029256,,Shot Chart Detail,22500029,256,1630596,Evan Mobley,1610612739,Cleveland Cavaliers,2,8,4,Missed Shot,Jump Shot,3PT Field Goal,Above the Break 3,Left Side Center(LC),24+ ft.,26,-108,247,1,0,20251107,WAS,CLE,9560,0,1626204|1629636|1630241|1630596|1642878,0,REG,2026,1610612739,,,,,
22500029276,,Shot Chart Detail,22500029,276,1630241,Sam Merrill,1610612739,Cleveland Cavaliers,2,7,18,Made Shot,Pullup Jump shot,2PT Field Goal,Mid-Range,Left Side Center(LC),16-24 ft.,17,-116,126,1,1,20251107,WAS,CLE,10020,0,1626204|1628386|1629636|1630241|1642878,1,REG,2026,1610612739,,,,,
22500029280,,Shot Chart Detail,22500029,280,1630241,Sam Merrill,1610612739,Cleveland Cavaliers,2,6,47,Made Shot,Jump Shot,3PT Field Goal,Above the Break 3,Left Side Center(LC),24+ ft.,29,-196,220,1,1,20251107,WAS,CLE,10330,0,1626204|1628386|1629636|1630241|1642878,1,REG,2026,1610612739,,,,,
22500029290,,Shot Chart Detail,22500029,290,1628386,Jarrett Allen,1610612739,Cleveland Cavaliers,2,6,24,Made Shot,Cutting Dunk Shot,2PT Field Goal,Restricted Area,Center(C),Less Than 8 ft.,0,6,-1,1,1,20251107,WAS,CLE,10560,0,1626204|1628386|1629636|1630241|1642878,1,REG,2026,1610612739,,,,,
22500029295,,Shot Chart Detail,22500029,295,1630241,Sam Merrill,1610612739,Cleveland Cavaliers,2,5,32,Missed Shot,Jump Shot,3PT Field Goal,Left Corner 3,Left Side(L),24+ ft.,23,-232,-9,1,0,20251107,WAS,CLE,11080,0,1626204|1628386|1629636|1630241|1642878,0,REG,2026,1610612739,,,,,
22500029305,,Shot Chart Detail,22500029,305,1629631,De'Andre Hunter,1610612739,Cleveland Cavaliers,2,4,58,Made Shot,Pullup Jump shot,2PT Field Goal,In The Paint (Non-RA),Left Side(L),8-16 ft.,8,-70,52,1,1,20251107,WAS,CLE,11420,0,1626204|1628386|1629631|1629636|1630241,1,REG,2026,1610612739,,,,,
22500029323,,Shot Chart Detail,22500029,323,1629631,De'Andre Hunter,1610612739,Cleveland Cavaliers,2,4,12,Missed Shot,Driving Layup Shot,2PT Field Goal,In The Paint (Non-RA),Center(C),Less Than 8 ft.,6,-44,48,1,0,20251107,WAS,CLE,11880,0,1626204|1628386|1629631|1629636|1630241,0,REG,2026,1610612739,,,,,
22500029345,,Shot Chart Detail,22500029,345,1629636,Darius Garland,1610612739,Cleveland Cavaliers,2,3,4,Made Shot,Driving Layup Shot,2PT Field Goal,Restricted Area,Center(C),Less Than 8 ft.,2,15,15,1,1,20251107,WAS,CLE,12560,0,1628378|1628386|1629631|1629636|1630596,0,REG,2026,1610612739,,,,,
22500029351,,Shot Chart Detail,22500029,351,1629636,Darius Garland,1610612739,Cleveland Cavaliers,2,2,30,Made Shot,Jump Shot,3PT Field Goal,Above the Break 3,Left Side Center(LC),24+ ft.,26,-118,238,1,1,20251107,WAS,CLE,12900,0,1628378|1628386|1629631|1629636|1630596,1,REG,2026,1610612739,,,,,
22500029361,,Shot Chart Detail,22500029,361,1630596,Evan Mobley,1610612739,Cleveland Cavaliers,2,1,39,Made Shot,Running Layup Shot,2PT Field Goal,In The Paint (Non-RA),Center(C),Less Than 8 ft.,6,-61,26,1,1,20251107,WAS,CLE,13410,0,1628378|1628386|1629631|1629636|1630596,1,REG,2026,1610612739,,,,,
22500029366,,Shot Chart Detail,22500029,366,1629631,De'Andre Hunter,1610612739,Cleveland Cavaliers,2,1,22,Missed Shot,Running Layup Shot,2PT Field Goal,Restricted Area,Center(C),Less Than 8 ft.,2,26,8,1,0,20251107,WAS,CLE,13580,0,1628378|1628386|1629631|1629636|1630596,0,REG,2026,1610612739,,,,,
22500029368,,Shot Chart Detail,22500029,368,1628386,Jarrett Allen,1610612739,Cleveland Cavaliers,2,1,20,Missed Shot,Hook Shot,2PT Field Goal,In The Paint (Non-RA),Center(C),Less Than 8 ft.,4,11,43,1,0,20251107,WAS,CLE,13600,0,1628378|1628386|1629631|1629636|1630596,0,REG,2026,1610612739,,,,,
22500029370,,Shot Chart Detail,22500029,370,1630596,Evan Mobley,1610612739,Cleveland Cavaliers,2,1,18,Missed Shot,Tip Layup Shot,2PT Field Goal,Restricted Area,Center(C),Less Than 8 ft.,3,33,17,1,0,20251107,WAS,CLE,13620,0,1628378|1628386|1629631|1629636|1630596,0,REG,2026,1610612739,,,,,
22500029382,,Shot Chart Detail,22500029,382,1629636,Darius Garland,1610612739,Cleveland Cavaliers,2,0,4,Made Shot,Driving Floating Jump Shot,2PT Field Goal,In The Paint (Non-RA),Left Side(L),8-16 ft.,8,-61,54,1,1,20251107,WAS,CLE,14360,0,1628378|1628386|1629631|1629636|1630596,1,REG,2026,1610612739,,,,,
22500029392,,Shot Chart Detail,22500029,392,1628378,Donovan Mitchell,1610612739,Cleveland Cavaliers,3,11,34,Made Shot,Cutting Dunk Shot,2PT Field Goal,Restricted Area,Center(C),Less Than 8 ft.,1,-2,16,1,1,20251107,WAS,CLE,14660,0,1628378|1628386|1629631|1629636|1630596,1,REG,2026,1610612739,,,,,
22500029396,,Shot Chart Detail,22500029,396,1628378,Donovan Mitchell,1610612739,Cleveland Cavaliers,3,11,20,Missed Shot,Running Pull-Up Jump Shot,3PT Field Goal,Above the Break 3,Left Side Center(LC),24+ ft.,27,-207,174,1,0,20251107,WAS,CLE,14800,0,1628378|1628386|1629631|1629636|1630596,0,REG,2026,1610612739,,,,,
22500029404,,Shot Chart Detail,22500029,404,1628378,Donovan Mitchell,1610612739,Cleveland Cavaliers,3,10,49,Made Shot,Running Layup Shot,2PT Field Goal,Restricted Area,Center(C),Less Than 8 ft.,2,9,19,1,1,20251107,WAS,CLE,15110,0,1628378|1628386|1629631|1629636|1630596,0,REG,2026,1610612739,,,,,
22500029407,,Shot Chart Detail,22500029,407,1629636,Darius Garland,1610612739,Cleveland Cavaliers,3,10,25,Missed Shot,Step Back Jump shot,3PT Field Goal,Right Corner 3,Right Side(R),24+ ft.,23,233,-16,1,0,20251107,WAS,CLE,15350,0,1628378|1628386|1629631|1629636|1630596,0,REG,2026,1610612739,,,,,
22500029409,,Shot Chart Detail,22500029,409,1629631,De'Andre Hunter,1610612739,Cleveland Cavaliers,3,10,21,Missed Shot,Floating Jump shot,2PT Field Goal,In The Paint (Non-RA),Left Side(L),8-16 ft.,8,-66,53,1,0,20251107,WAS,CLE,15390,0,1628378|1628386|1629631|1629636|1630596,0,REG,2026,1610612739,,,,,
22500029411,,Shot Chart Detail,22500029,411,1628386,Jarrett Allen,1610612739,Cleveland Cavaliers,3,10,18,Made Shot,Dunk Shot,2PT Field Goal,Restricted Area,Center(C),Less Than 8 ft.,3,-10,29,1,1,20251107,WAS,CLE,15420,0,1628378|1628386|1629631|1629636|1630596,1,REG,2026,1610612739,,,,,
22500029429,,Shot Chart Detail,22500029,429,1628378,Donovan Mitchell,1610612739,Cleveland Cavaliers,3,8,55,Made Shot,Pullup Jump shot,3PT Field Goal,Above the Break 3,Right Side Center(RC),24+ ft.,29,200,215,1,1,20251107,WAS,CLE,16250,0,1628378|1628386|1629631|1629636|1630596,1,REG,2026,1610612739,,,,,
22500029432,,Shot Chart Detail,22500029,432,1629631,De'Andre Hunter,1610612739,Cleveland Cavaliers,3,8,32,Missed Shot,Jump Shot,3PT Field Goal,Above the Break 3,Right Side Center(RC),24+ ft.,26,222,148,1,0,20251107,WAS,CLE,16480,0,1628378|1628386|1629631|1629636|1630596,0,REG,2026,1610612739,,,,,
22500029434,,Shot Chart Detail,22500029,434,1628378,Donovan Mitchell,1610612739,Cleveland Cavaliers,3,8,27,Made Shot,Jump Shot,3PT Field Goal,Above the Break 3,Left Side Center(LC),24+ ft.,26,-137,231,1,1,20251107,WAS,CLE,16530,0,1628378|1628386|1629631|1629636|1630596,0,REG,2026,1610612739,,,,,
22500029442,,Shot Chart Detail,22500029,442,1629636,Darius Garland,1610612739,Cleveland Cavaliers,3,8,3,Missed Shot,Jump Shot,3PT Field Goal,Left Corner 3,Left Side(L),24+ ft.,23,-234,-13,1,0,20251107,WAS,CLE,16770,0,1628378|1628386|1629631|1629636|1630596,0,REG,2026,1610612739,,,,,
22500029444,,Shot Chart Detail,22500029,444,1628378,Donovan Mitchell,1610612739,Cleveland Cavaliers,3,7,58,Missed Shot,Driving Layup Shot,2PT Field Goal,Restricted Area,Center(C),Less Than 8 ft.,2,-22,6,1,0,20251107,WAS,CLE,16820,0,1628378|1628386|1629631|1629636|1630596,0,REG,2026,1610612739,,,,,
22500029450,,Shot Chart Detail,22500029,450,1628386,Jarrett Allen,1610612739,Cleveland Cavaliers,3,7,34,Missed Shot,Layup Shot,2PT Field Goal,Restricted Area,Center(C),Less Than 8 ft.,3,-26,19,1,0,20251107,WAS,CLE,17060,0,1628378|1628386|1629631|1629636|1630596,0,REG,2026,1610612739,,,,,
22500029456,,Shot Chart Detail,22500029,456,1630596,Evan Mobley,1610612739,Cleveland Cavaliers,3,6,58,Made Shot,Driving Dunk Shot,2PT Field Goal,Restricted Area,Center(C),Less Than 8 ft.,2,5,24,1,1,20251107,WAS,CLE,17420,0,1628378|1628386|1629631|1629636|1630596,0,REG,2026,1610612739,,,,,
22500029458,,Shot Chart Detail,22500029,458,1628378,Donovan Mitchell,1610612739,Cleveland Cavaliers,3,6,37,Made Shot,Pullup Jump shot,3PT Field Goal,Above the Break 3,Center(C),24+ ft.,29,-10,297,1,1,20251107,WAS,CLE,17630,0,1628378|1628386|1629631|1629636|1630596,0,REG,2026,1610612739,,,,,
22500029469,,Shot Chart Detail,22500029,469,1629636,Darius Garland,1610612739,Cleveland Cavaliers,3,6,11,Made Shot,Jump Shot,3PT Field Goal,Above the Break 3,Left Side Center(LC),24+ ft.,26,-91,251,1,1,20251107,WAS,CLE,17890,0,1629631|1629636|1630241|1630596|1642281,0,REG,2026,1610612739,,,,,
22500029472,,Shot Chart Detail,22500029,472,1629636,Darius Garland,1610612739,Cleveland Cavaliers,3,5,31,Missed Shot,Step Back Jump shot,3PT Field Goal,Above the Break 3,Left Side Center(LC),24+ ft.,26,-85,251,1,0,20251107,WAS,CLE,18290,0,1629631|1629636|1630241|1630596|1642281,0,REG,2026,1610612739,,,,,
22500029476,,Shot Chart Detail,22500029,476,1642281,Jaylon Tyson,1610612739,Cleveland Cavaliers,3,5,14,Missed Shot,Driving Floating Jump Shot,2PT Field Goal,In The Paint (Non-RA),Center(C),Less Than 8 ft.,7,-56,47,1,0,20251107,WAS,CLE,18460,0,1629631|1629636|1630241|1630596|1642281,0,REG,2026,1610612739,,,,,
22500029478,,Shot Chart Detail,22500029,478,1630596,Evan Mobley,1610612739,Cleveland Cavaliers,3,5,10,Made Shot,Tip Layup Shot,2PT Field Goal,Restricted Area,Center(C),Less Than 8 ft.,0,0,0,1,1,20251107,WAS,CLE,18500,0,1629631|1629636|1630241|1630596|1642281,0,REG,2026,1610612739,,,,,
22500029481,,Shot Chart Detail,22500029,481,1629631,De'Andre Hunter,1610612739,Cleveland Cavaliers,3,4,50,Missed Shot,Jump Shot,3PT Field Goal,Above the Break 3,Right Side Center(RC),24+ ft.,26,230,134,1,0,20251107,WAS,CLE,18700,0,1629631|1629636|1630241|1630596|1642281,0,REG,2026,1610612739,,,,,
22500029485,,Shot Chart Detail,22500029,485,1629631,De'Andre Hunter,1610612739,Cleveland Cavaliers,3,4,21,Missed Shot,Driving Layup Shot,2PT Field Goal,In The Paint (Non-RA),Center(C),Less Than 8 ft.,5,42,29,1,0,20251107,WAS,CLE,18990,0,1629631|1629636|1630241|1630596|1642281,0,REG,2026,1610612739,,,,,
22500029500,,Shot Chart Detail,22500029,500,1628386,Jarrett Allen,1610612739,Cleveland Cavaliers,3,3,45,Missed Shot,Turnaround Hook Shot,2PT Field Goal,Restricted Area,Center(C),Less Than 8 ft.,3,-9,38,1,0,20251107,WAS,CLE,19350,0,1628378|1628386|1630241|1641854|1642281,0,REG,2026,1610612739,,,,,
22500029502,,Shot Chart Detail,22500029,502,1642281,Jaylon Tyson,1610612739,Cleveland Cavaliers,3,3,39,Made Shot,Jump Shot,3PT Field Goal,Left Corner 3,Left Side(L),24+ ft.,23,-237,-15,1,1,20251107,WAS,CLE,19410,0,1628378|1628386|1630241|1641854|1642281,1,REG,2026,1610612739,,,,,
22500029508,,Shot Chart Detail,22500029,508,1628378,Donovan Mitchell,1610612739,Cleveland Cavaliers,3,3,5,Missed Shot,Running Pull-Up Jump Shot,3PT Field Goal,Above the Break 3,Center(C),24+ ft.,29,12,295,1,0,20251107,WAS,CLE,19750,0,1628378|1628386|1630241|1641854|1642281,0,REG,2026,1610612739,,,,,
22500029510,,Shot Chart Detail,22500029,510,1642281,Jaylon Tyson,1610612739,Cleveland Cavaliers,3,2,59,Made Shot,Jump Shot,3PT Field Goal,Above the Break 3,Left Side Center(LC),24+ ft.,25,-137,220,1,1,20251107,WAS,CLE,19810,0,1628378|1628386|1630241|1641854|1642281,1,REG,2026,1610612739,,,,,
22500029522,,Shot Chart Detail,22500029,522,1642281,Jaylon Tyson,1610612739,Cleveland Cavaliers,3,2,31,Missed Shot,Cutting Layup Shot,2PT Field Goal,In The Paint (Non-RA),Center(C),Less Than 8 ft.,4,-42,10,1,0,20251107,WAS,CLE,20090,0,1628378|1628386|1630241|1641854|1642281,0,REG,2026,1610612739,,,,,
22500029526,,Shot Chart Detail,22500029,526,1628378,Donovan Mitchell,1610612739,Cleveland Cavaliers,3,2,0,Missed Shot,Step Back Jump shot,3PT Field Goal,Above the Break 3,Center(C),24+ ft.,26,-54,263,1,0,20251107,WAS,CLE,20400,0,1628378|1628386|1630241|1641854|1642281,0,REG,2026,1610612739,,,,,
22500029528,,Shot Chart Detail,22500029,528,1642281,Jaylon Tyson,1610612739,Cleveland Cavaliers,3,1,53,Missed Shot,Driving Floating Jump Shot,2PT Field Goal,In The Paint (Non-RA),Center(C),Less Than 8 ft.,5,4,56,1,0,20251107,WAS,CLE,20470,0,1628378|1628386|1630241|1641854|1642281,0,REG,2026,1610612739,,,,,
22500029530,,Shot Chart Detail,22500029,530,1628386,Jarrett Allen,1610612739,Cleveland Cavaliers,3,1,50,Missed Shot,Putback Dunk Shot,2PT Field Goal,Restricted Area,Center(C),Less Than 8 ft.,0,5,8,1,0,20251107,WAS,CLE,20500,0,1628378|1628386|1630241|1641854|1642281,0,REG,2026,1610612739,,,,,
22500029541,,Shot Chart Detail,22500029,541,1641854,Craig Porter Jr.,1610612739,Cleveland Cavaliers,3,1,27,Missed Shot,Pullup Jump shot,2PT Field Goal,In The Paint (Non-RA),Center(C),8-16 ft.,13,-46,129,1,0,20251107,WAS,CLE,20730,0,1628378|1628386|1630241|1641854|1642281,0,REG,2026,1610612739,,,,,
22500029546,,Shot Chart Detail,22500029,546,1628386,Jarrett Allen,1610612739,Cleveland Cavaliers,3,1,17,Made Shot,Dunk Shot,2PT Field Goal,Restricted Area,Center(C),Less Than 8 ft.,1,-4,17,1,1,20251107,WAS,CLE,20830,0,1628378|1628386|1630241|1641854|1642281,1,REG,2026,1610612739,,,,,
22500029554,,Shot Chart Detail,22500029,554,1628386,Jarrett Allen,1610612739,Cleveland Cavaliers,3,0,50,Missed Shot,Driving Hook Shot,2PT Field Goal,In The Paint (Non-RA),Right Side(R),8-16 ft.,9,71,61,1,0,20251107,WAS,CLE,21100,0,1628378|1628386|1630241|1641854|1642281,0,REG,2026,1610612739,,,,,
22500029560,,Shot Chart Detail,22500029,560,1628378,Donovan Mitchell,1610612739,Cleveland Cavaliers,3,0,35,Missed Shot,Step Back Jump shot,3PT Field Goal,Above the Break 3,Left Side Center(LC),24+ ft.,27,-124,250,1,0,20251107,WAS,CLE,21250,0,1628378|1628386|1630241|1641854|1642281,0,REG,2026,1610612739,,,,,
22500029562,,Shot Chart Detail,22500029,562,1628378,Donovan Mitchell,1610612739,Cleveland Cavaliers,3,0,28,Missed Shot,Driving Layup Shot,2PT Field Goal,In The Paint (Non-RA),Center(C),Less Than 8 ft.,4,-38,20,1,0,20251107,WAS,CLE,21320,0,1628378|1628386|1630241|1641854|1642281,0,REG,2026,1610612739,,,,,
22500029566,,Shot Chart Detail,22500029,566,1641854,Craig Porter Jr.,1610612739,Cleveland Cavaliers,3,0,15,Missed Shot,Running Layup Shot,2PT Field Goal,Restricted Area,Center(C),Less Than 8 ft.,2,-5,26,1,0,20251107,WAS,CLE,21450,0,1628378|1628386|1630241|1641854|1642281,0,REG,2026,1610612739,,,,,
22500029574,,Shot Chart Detail,22500029,574,1629636,Darius Garland,1610612739,Cleveland Cavaliers,3,0,0,Missed Shot,Pullup Jump shot,3PT Field Goal,Above the Break 3,Center(C),24+ ft.,34,-33,341,1,0,20251107,WAS,CLE,21600,0,1628378|1628386|1629636|1630241|1642281,0,REG,2026,1610612739,,,,,
22500029584,,Shot Chart Detail,22500029,584,1629636,Darius Garland,1610612739,Cleveland Cavaliers,4,11,45,Missed Shot,Pullup Jump shot,2PT Field Goal,Mid-Range,Left Side Center(LC),16-24 ft.,17,-126,124,1,0,20251107,WAS,CLE,21750,0,1626204|1629636|1630596|1642281|1642878,0,REG,2026,1610612739,,,,,
22500029586,,Shot Chart Detail,22500029,586,1630596,Evan Mobley,1610612739,Cleveland Cavaliers,4,11,40,Missed Shot,Jump Shot,3PT Field Goal,Above the Break 3,Left Side Center(LC),24+ ft.,25,-219,140,1,0,20251107,WAS,CLE,21800,0,1626204|1629636|1630596|1642281|1642878,0,REG,2026,1610612739,,,,,
22500029594,,Shot Chart Detail,22500029,594,1642878,Tyrese Proctor,1610612739,Cleveland Cavaliers,4,11,19,Made Shot,Jump Shot,3PT Field Goal,Left Corner 3,Left Side(L),24+ ft.,22,-229,-10,1,1,20251107,WAS,CLE,22010,0,1626204|1629636|1630596|1642281|1642878,1,REG,2026,1610612739,,,,,
22500029598,,Shot Chart Detail,22500029,598,1629636,Darius Garland,1610612739,Cleveland Cavaliers,4,10,35,Made Shot,Jump Shot,3PT Field Goal,Above the Break 3,Right Side Center(RC),24+ ft.,32,113,302,1,1,20251107,WAS,CLE,22450,0,1626204|1629636|1630596|1642281|1642878,1,REG,2026,1610612739,,,,,
22500029609,,Shot Chart Detail,22500029,609,1629636,Darius Garland,1610612739,Cleveland Cavaliers,4,10,3,Missed Shot,Driving Layup Shot,2PT Field Goal,Restricted Area,Center(C),Less Than 8 ft.,3,-20,34,1,0,20251107,WAS,CLE,22770,0,1626204|1629636|1630596|1642281|1642878,0,REG,2026,1610612739,,,,,
22500029613,,Shot Chart Detail,22500029,613,1630596,Evan Mobley,1610612739,Cleveland Cavaliers,4,10,0,Missed Shot,Jump Shot,3PT Field Goal,Above the Break 3,Left Side Center(LC),24+ ft.,26,-235,121,1,0,20251107,WAS,CLE,22800,0,1626204|1629636|1630596|1642281|1642878,0,REG,2026,1610612739,,,,,
22500029636,,Shot Chart Detail,22500029,636,1626204,Larry Nance Jr.,1610612739,Cleveland Cavaliers,4,9,20,Missed Shot,Jump Shot,3PT Field Goal,Left Corner 3,Left Side(L),24+ ft.,23,-230,-16,1,0,20251107,WAS,CLE,23200,0,1626204|1629636|1630596|1642281|1642878,0,REG,2026,1610612739,,,,,
22500029638,,Shot Chart Detail,22500029,638,1630596,Evan Mobley,1610612739,Cleveland Cavaliers,4,9,5,Made Shot,Jump Shot,2PT Field Goal,Mid-Range,Left Side(L),8-16 ft.,15,-154,4,1,1,20251107,WAS,CLE,23350,0,1626204|1629636|1630596|1642281|1642878,1,REG,2026,1610612739,,,,,
22500029648,,Shot Chart Detail,22500029,648,1642878,Tyrese Proctor,1610612739,Cleveland Cavaliers,4,8,32,Made Shot,Jump Shot,3PT Field Goal,Above the Break 3,Right Side Center(RC),24+ ft.,29,186,226,1,1,20251107,WAS,CLE,23680,0,1626204|1629636|1630596|1642281|1642878,1,REG,2026,1610612739,,,,,
22500029659,,Shot Chart Detail,22500029,659,1629636,Darius Garland,1610612739,Cleveland Cavaliers,4,8,3,Missed Shot,Driving Reverse Layup Shot,2PT Field Goal,In The Paint (Non-RA),Center(C),Less Than 8 ft.,4,49,5,1,0,20251107,WAS,CLE,23970,0,1626204|1629636|1631247|1642281|1642878,0,REG,2026,1610612739,,,,,
22500029662,,Shot Chart Detail,22500029,662,1642281,Jaylon Tyson,1610612739,Cleveland Cavaliers,4,7,59,Missed Shot,Jump Shot,3PT Field Goal,Above the Break 3,Right Side Center(RC),24+ ft.,25,203,152,1,0,20251107,WAS,CLE,24010,0,1626204|1629636|1631247|1642281|1642878,0,REG,2026,1610612739,,,,,
22500029668,,Shot Chart Detail,22500029,668,1642878,Tyrese Proctor,1610612739,Cleveland Cavaliers,4,7,44,Made Shot,Jump Shot,3PT Field Goal,Above the Break 3,Right Side Center(RC),24+ ft.,28,141,248,1,1,20251107,WAS,CLE,24160,0,1626204|1629636|1631247|1642281|1642878,1,REG,2026,1610612739,,,,,
22500029674,,Shot Chart Detail,22500029,674,1629636,Darius Garland,1610612739,Cleveland Cavaliers,4,7,13,Missed Shot,Pullup Jump shot,3PT Field Goal,Above the Break 3,Right Side Center(RC),24+ ft.,30,135,274,1,0,20251107,WAS,CLE,24470,0,1626204|1629636|1631247|1642281|1642878,0,REG,2026,1610612739,,,,,
22500029677,,Shot Chart Detail,22500029,677,1626204,Larry Nance Jr.,1610612739,Cleveland Cavaliers,4,7,8,Made Shot,Floating Jump shot,2PT Field Goal,Restricted Area,Center(C),Less Than 8 ft.,2,-20,9,1,1,20251107,WAS,CLE,24520,0,1626204|1629636|1631247|1642281|1642878,1,REG,2026,1610612739,,,,,
22500029681,,Shot Chart Detail,22500029,681,1642281,Jaylon Tyson,1610612739,Cleveland Cavaliers,4,6,34,Made Shot,Cutting Layup Shot,2PT Field Goal,Restricted Area,Center(C),Less Than 8 ft.,1,-13,-2,1,1,20251107,WAS,CLE,24860,0,1626204|1629636|1631247|1642281|1642878,1,REG,2026,1610612739,,,,,
22500029687,,Shot Chart Detail,22500029,687,1629636,Darius Garland,1610612739,Cleveland Cavaliers,4,5,57,Missed Shot,Driving Floating Jump Shot,2PT Field Goal,Mid-Range,Left Side(L),8-16 ft.,12,-103,73,1,0,20251107,WAS,CLE,25230,0,1626204|1629636|1631247|1642281|1642878,0,REG,2026,1610612739,,,,,
22500029701,,Shot Chart Detail,22500029,701,1631247,Luke Travers,1610612739,Cleveland Cavaliers,4,5,28,Made Shot,Driving Layup Shot,2PT Field Goal,Restricted Area,Center(C),Less Than 8 ft.,3,-33,19,1,1,20251107,WAS,CLE,25520,0,1628418|1631247|1641772|1641854|1642878,1,REG,2026,1610612739,,,,,
22500029706,,Shot Chart Detail,22500029,706,1642878,Tyrese Proctor,1610612739,Cleveland Cavaliers,4,5,8,Made Shot,Pullup Jump shot,3PT Field Goal,Above the Break 3,Right Side Center(RC),24+ ft.,26,207,167,1,1,20251107,WAS,CLE,25720,0,1628418|1631247|1641772|1641854|1642878,0,REG,2026,1610612739,,,,,
22500029711,,Shot Chart Detail,22500029,711,1641772,Nae'Qwan Tomlin,1610612739,Cleveland Cavaliers,4,4,36,Made Shot,Running Dunk Shot,2PT Field Goal,Restricted Area,Center(C),Less Than 8 ft.,2,-20,17,1,1,20251107,WAS,CLE,26040,0,1628418|1631247|1641772|1641854|1642878,1,REG,2026,1610612739,,,,,
22500029719,,Shot Chart Detail,22500029,719,1628418,Thomas Bryant,1610612739,Cleveland Cavaliers,4,4,3,Missed Shot,Jump Shot,3PT Field Goal,Above the Break 3,Center(C),24+ ft.,27,-38,276,1,0,20251107,WAS,CLE,26370,0,1628418|1631247|1641772|1641854|1642878,0,REG,2026,1610612739,,,,,
22500029721,,Shot Chart Detail,22500029,721,1641772,Nae'Qwan Tomlin,1610612739,Cleveland Cavaliers,4,4,0,Missed Shot,Putback Layup Shot,2PT Field Goal,Restricted Area,Center(C),Less Than 8 ft.,3,31,14,1,0,20251107,WAS,CLE,26400,0,1628418|1631247|1641772|1641854|1642878,0,REG,2026,1610612739,,,,,
22500029730,,Shot Chart Detail,22500029,730,1641854,Craig Porter Jr.,1610612739,Cleveland Cavaliers,4,3,37,Missed Shot,Step Back Jump shot,3PT Field Goal,Above the Break 3,Left Side Center(LC),24+ ft.,25,-110,232,1,0,20251107,WAS,CLE,26630,0,1628418|1631247|1641772|1641854|1642878,0,REG,2026,1610612739,,,,,
22500029734,,Shot Chart Detail,22500029,734,1642878,Tyrese Proctor,1610612739,Cleveland Cavaliers,4,3,14,Missed Shot,Pullup Jump shot,3PT Field Goal,Above the Break 3,Left Side Center(LC),24+ ft.,26,-216,147,1,0,20251107,WAS,CLE,26860,0,1628418|1631247|1641772|1641854|1642878,0,REG,2026,1610612739,,,,,
22500029741,,Shot Chart Detail,22500029,741,1631247,Luke Travers,1610612739,Cleveland Cavaliers,4,2,56,Missed Shot,Step Back Jump shot,2PT Field Goal,Mid-Range,Left Side Center(LC),16-24 ft.,16,-83,140,1,0,20251107,WAS,CLE,27040,0,1628418|1631247|1641772|1641854|1642878,0,REG,2026,1610612739,,,,,
22500029743,,Shot Chart Detail,22500029,743,1642878,Tyrese Proctor,1610612739,Cleveland Cavaliers,4,2,52,Made Shot,Jump Shot,3PT Field Goal,Above the Break 3,Center(C),24+ ft.,26,-9,261,1,1,20251107,WAS,CLE,27080,0,1628418|1631247|1641772|1641854|1642878,1,REG,2026,1610612739,,,,,
22500029747,,Shot Chart Detail,22500029,747,1631247,Luke Travers,1610612739,Cleveland Cavaliers,4,2,27,Missed Shot,Driving Layup Shot,2PT Field Goal,Restricted Area,Center(C),Less Than 8 ft.,0,-1,8,1,0,20251107,WAS,CLE,27330,0,1628418|1631247|1641772|1641854|1642878,0,REG,2026,1610612739,,,,,
22500029766,,Shot Chart Detail,22500029,766,1628418,Thomas Bryant,1610612739,Cleveland Cavaliers,4,1,42,Made Shot,Floating Jump shot,2PT Field Goal,In The Paint (Non-RA),Center(C),Less Than 8 ft.,6,-2,67,1,1,20251107,WAS,CLE,27780,0,1628418|1631247|1641772|1641854|1642878,1,REG,2026,1610612739,,,,,
22500029779,,Shot Chart Detail,22500029,779,1641772,Nae'Qwan Tomlin,1610612739,Cleveland Cavaliers,4,1,7,Missed Shot,Jump Shot,3PT Field Goal,Above the Break 3,Right Side Center(RC),24+ ft.,25,235,111,1,0,20251107,WAS,CLE,28130,0,1628418|1631247|1641772|1641854|1642878,0,REG,2026,1610612739,,,,,
22500029783,,Shot Chart Detail,22500029,783,1628418,Thomas Bryant,1610612739,Cleveland Cavaliers,4,0,51,Made Shot,Running Dunk Shot,2PT Field Goal,Restricted Area,Center(C),Less Than 8 ft.,2,-7,19,1,1,20251107,WAS,CLE,28290,0,1628418|1631247|1641772|1641854|1642878,0,REG,2026,1610612739,,,,,
22500029796,,Shot Chart Detail,22500029,796,1641772,Nae'Qwan Tomlin,1610612739,Cleveland Cavaliers,4,0,15,Made Shot,Running Alley Oop Dunk Shot,2PT Field Goal,Restricted Area,Center(C),Less Than 8 ft.,1,-5,13,1,1,20251107,WAS,CLE,28650,0,1628418|1631247|1641772|1641854|1642878,1,REG,2026,1610612739,,,,,
225000487,,Shot Chart Detail,22500048,7,1629631,De'Andre Hunter,1610612739,Cleveland Cavaliers,1,11,36,Made Shot,Driving Layup Shot,2PT Field Goal,Restricted Area,Center(C),Less Than 8 ft.,0,-1,8,1,1,20251121,CLE,IND,240,0,1628378|1629631|1629636|1630596|1642281,0,REG,2026,1610612739,,,,,
2250004815,,Shot Chart Detail,22500048,15,1630596,Evan Mobley,1610612739,Cleveland Cavaliers,1,10,59,Missed Shot,Putback Dunk Shot,2PT Field Goal,Restricted Area,Center(C),Less Than 8 ft.,1,-6,11,1,0,20251121,CLE,IND,610,0,1628378|1629631|1629636|1630596|1642281,0,REG,2026,1610612739,,,,,
2250004823,,Shot Chart Detail,22500048,23,1642281,Jaylon Tyson,1610612739,Cleveland Cavaliers,1,10,29,Made Shot,Cutting Layup Shot,2PT Field Goal,Restricted Area,Center(C),Less Than 8 ft.,2,0,29,1,1,20251121,CLE,IND,910,0,1628378|1629631|1629636|1630596|1642281,1,REG,2026,1610612739,,,,,
2250004826,,Shot Chart Detail,22500048,26,1628378,Donovan Mitchell,1610612739,Cleveland Cavaliers,1,9,58,Missed Shot,Pullup Jump shot,3PT Field Goal,Above the Break 3,Center(C),24+ ft.,25,13,253,1,0,20251121,CLE,IND,1220,0,1628378|1629631|1629636|1630596|1642281,0,REG,2026,1610612739,,,,,
2250004830,,Shot Chart Detail,22500048,30,1629631,De'Andre Hunter,1610612739,Cleveland Cavaliers,1,9,32,Missed Shot,Jump Shot,3PT Field Goal,Above the Break 3,Left Side Center(LC),24+ ft.,25,-219,126,1,0,20251121,CLE,IND,1480,0,1628378|1629631|1629636|1630596|1642281,0,REG,2026,1610612739,,,,,
2250004839,,Shot Chart Detail,22500048,39,1628378,Donovan Mitchell,1610612739,Cleveland Cavaliers,1,9,5,Missed Shot,Jump Shot,3PT Field Goal,Above the Break 3,Right Side Center(RC),24+ ft.,25,224,125,1,0,20251121,CLE,IND,1750,0,1628378|1629631|1629636|1630596|1642281,0,REG,2026,1610612739,,,,,
2250004843,,Shot Chart Detail,22500048,43,1630596,Evan Mobley,1610612739,Cleveland Cavaliers,1,8,50,Made Shot,Running Dunk Shot,2PT Field Goal,Restricted Area,Center(C),Less Than 8 ft.,1,-7,16,1,1,20251121,CLE,IND,1900,0,1628378|1629631|1629636|1630596|1642281,1,REG,2026,1610612739,,,,,
2250004848,,Shot Chart Detail,22500048,48,1630596,Evan Mobley,1610612739,Cleveland Cavaliers,1,8,19,Made Shot,Cutting Dunk Shot,2PT Field Goal,Restricted Area,Center(C),Less Than 8 ft.,0,-4,-1,1,1,20251121,CLE,IND,2210,0,1628378|1629631|1629636|1630596|1642281,1,REG,2026,1610612739,,,,,
2250004853,,Shot Chart Detail,22500048,53,1629636,Darius Garland,1610612739,Cleveland Cavaliers,1,8,6,Missed Shot,Running Jump Shot,3PT Field Goal,Above the Break 3,Left Side Center(LC),24+ ft.,24,-189,161,1,0,20251121,CLE,IND,2340,0,1628378|1629631|1629636|1630596|1642281,0,REG,2026,1610612739,,,,,
2250004855,,Shot Chart Detail,22500048,55,1642281,Jaylon Tyson,1610612739,Cleveland Cavaliers,1,7,57,Made Shot,Layup Shot,2PT Field Goal,Restricted Area,Center(C),Less Than 8 ft.,1,-2,14,1,1,20251121,CLE,IND,2430,0,1628378|1629631|1629636|1630596|1642281,1,REG,2026,1610612739,,,,,
2250004859,,Shot Chart Detail,22500048,59,1630596,Evan Mobley,1610612739,Cleveland Cavaliers,1,7,28,Made Shot,Dunk Shot,2PT Field Goal,Restricted Area,Center(C),Less Than 8 ft.,0,0,8,1,1,20251121,CLE,IND,2720,0,1628378|1629631|1629636|1630596|1642281,0,REG,2026,1610612739,,,,,
2250004863,,Shot Chart Detail,22500048,63,1629636,Darius Garland,1610612739,Cleveland Cavaliers,1,6,54,Made Shot,Step Back Jump shot,3PT Field Goal,Above the Break 3,Right Side Center(RC),24+ ft.,25,223,122,1,1,20251121,CLE,IND,3060,0,1628378|1629631|1629636|1630596|1642281,0,REG,2026,1610612739,,,,,
2250004878,,Shot Chart Detail,22500048,78,1629636,Darius Garland,1610612739,Cleveland Cavaliers,1,5,38,Missed Shot,Driving Finger Roll Layup Shot,2PT Field Goal,Restricted Area,Center(C),Less Than 8 ft.,0,-2,8,1,0,20251121,CLE,IND,3820,0,1628366|1629631|1629636|1629731|1642281,0,REG,2026,1610612739,,,,,
2250004882,,Shot Chart Detail,22500048,82,1629631,De'Andre Hunter,1610612739,Cleveland Cavaliers,1,5,14,Missed Shot,Pullup Jump shot,3PT Field Goal,Above the Break 3,Left Side Center(LC),24+ ft.,25,-141,210,1,0,20251121,CLE,IND,4060,0,1628366|1629631|1629636|1629731|1642281,0,REG,2026,1610612739,,,,,
22500048100,,Shot Chart Detail,22500048,100,1629631,De'Andre Hunter,1610612739,Cleveland Cavaliers,1,4,26,Made Shot,Jump Shot,3PT Field Goal,Above the Break 3,Center(C),24+ ft.,25,43,251,1,1,20251121,CLE,IND,4540,0,1626204|1628366|1629631|1629731|1642281,1,REG,2026,1610612739,,,,,
22500048110,,Shot Chart Detail,22500048,110,1630596,Evan Mobley,1610612739,Cleveland Cavaliers,1,4,10,Made Shot,Driving Dunk Shot,2PT Field Goal,Restricted Area,Center(C),Less Than 8 ft.,1,-1,10,1,1,20251121,CLE,IND,4700,0,1626204|1628366|1628378|1629731|1630596,0,REG,2026,1610612739,,,,,
22500048134,,Shot Chart Detail,22500048,134,1626204,Larry Nance Jr.,1610612739,Cleveland Cavaliers,1,2,54,Made Shot,Running Dunk Shot,2PT Field Goal,Restricted Area,Center(C),Less Than 8 ft.,1,-11,16,1,1,20251121,CLE,IND,5460,0,1626204|1628366|1628378|1629731|1630596,0,REG,2026,1610612739,,,,,
22500048140,,Shot Chart Detail,22500048,140,1628378,Donovan Mitchell,1610612739,Cleveland Cavaliers,1,2,17,Made Shot,Jump Shot,3PT Field Goal,Above the Break 3,Right Side Center(RC),24+ ft.,26,197,177,1,1,20251121,CLE,IND,5830,0,1626204|1628366|1628378|1629731|1630596,1,REG,2026,1610612739,,,,,
22500048148,,Shot Chart Detail,22500048,148,1629731,Dean Wade,1610612739,Cleveland Cavaliers,1,1,53,Missed Shot,Running Jump Shot,3PT Field Goal,Above the Break 3,Right Side Center(RC),24+ ft.,26,172,198,1,0,20251121,CLE,IND,6070,0,1626204|1628366|1628378|1629731|1630596,0,REG,2026,1610612739,,,,,
22500048153,,Shot Chart Detail,22500048,153,1630596,Evan Mobley,1610612739,Cleveland Cavaliers,1,1,31,Missed Shot,Jump Shot,2PT Field Goal,Mid-Range,Right Side(R),16-24 ft.,20,200,-7,1,0,20251121,CLE,IND,6290,0,1626204|1628366|1628378|1629731|1630596,0,REG,2026,1610612739,,,,,
22500048161,,Shot Chart Detail,22500048,161,1629731,Dean Wade,1610612739,Cleveland Cavaliers,1,0,57,Missed Shot,Jump Shot,3PT Field Goal,Above the Break 3,Right Side Center(RC),24+ ft.,25,228,111,1,0,20251121,CLE,IND,6630,0,1626204|1628366|1628378|1629731|1630596,0,REG,2026,1610612739,,,,,
22500048165,,Shot Chart Detail,22500048,165,1628378,Donovan Mitchell,1610612739,Cleveland Cavaliers,1,0,34,Missed Shot,Running Pull-Up Jump Shot,3PT Field Goal,Above the Break 3,Center(C),24+ ft.,24,11,243,1,0,20251121,CLE,IND,6860,0,1626204|1628366|1628378|1629731|1630596,0,REG,2026,1610612739,,,,,
22500048193,,Shot Chart Detail,22500048,193,1628378,Donovan Mitchell,1610612739,Cleveland Cavaliers,2,11,27,Made Shot,Driving Layup Shot,2PT Field Goal,Restricted Area,Center(C),Less Than 8 ft.,0,-7,0,1,1,20251121,CLE,IND,7530,0,1628378|1630596|1641772|1641854|1642281,0,REG,2026,1610612739,,,,,
22500048195,,Shot Chart Detail,22500048,195,1641854,Craig Porter Jr.,1610612739,Cleveland Cavaliers,2,10,51,Made Shot,Pullup Jump shot,2PT Field Goal,In The Paint (Non-RA),Center(C),Less Than 8 ft.,6,-32,55,1,1,20251121,CLE,IND,7890,0,1628378|1630596|1641772|1641854|1642281,1,REG,2026,1610612739,,,,,
22500048203,,Shot Chart Detail,22500048,203,1628378,Donovan Mitchell,1610612739,Cleveland Cavaliers,2,10,21,Made Shot,Turnaround Fadeaway shot,2PT Field Goal,Mid-Range,Right Side(R),8-16 ft.,11,104,45,1,1,20251121,CLE,IND,8190,0,1628378|1630596|1641772|1641854|1642281,0,REG,2026,1610612739,,,,,
22500048207,,Shot Chart Detail,22500048,207,1641772,Nae'Qwan Tomlin,1610612739,Cleveland Cavaliers,2,9,50,Missed Shot,Cutting Dunk Shot,2PT Field Goal,Restricted Area,Center(C),Less Than 8 ft.,2,0,24,1,0,20251121,CLE,IND,8500,0,1628378|1630596|1641772|1641854|1642281,0,REG,2026,1610612739,,,,,
22500048212,,Shot Chart Detail,22500048,212,1642281,Jaylon Tyson,1610612739,Cleveland Cavaliers,2,9,30,Made Shot,Floating Jump shot,2PT Field Goal,In The Paint (Non-RA),Center(C),8-16 ft.,8,23,84,1,1,20251121,CLE,IND,8700,0,1628378|1630596|1641772|1641854|1642281,1,REG,2026,1610612739,,,,,
22500048221,,Shot Chart Detail,22500048,221,1641854,Craig Porter Jr.,1610612739,Cleveland Cavaliers,2,8,59,Missed Shot,Driving Reverse Layup Shot,2PT Field Goal,Restricted Area,Center(C),Less Than 8 ft.,1,-4,10,1,0,20251121,CLE,IND,9010,0,1626204|1628378|1641772|1641854|1642281,0,REG,2026,1610612739,,,,,
22500048226,,Shot Chart Detail,22500048,226,1641772,Nae'Qwan Tomlin,1610612739,Cleveland Cavaliers,2,8,42,Missed Shot,Hook Shot,2PT Field Goal,In The Paint (Non-RA),Center(C),Less Than 8 ft.,5,5,56,1,0,20251121,CLE,IND,9180,0,1626204|1628378|1641772|1641854|1642281,0,REG,2026,1610612739,,,,,
22500048230,,Shot Chart Detail,22500048,230,1628378,Donovan Mitchell,1610612739,Cleveland Cavaliers,2,8,20,Missed Shot,Turnaround Fadeaway shot,2PT Field Goal,Mid-Range,Left Side(L),8-16 ft.,12,-127,-8,1,0,20251121,CLE,IND,9400,0,1626204|1628378|1641772|1641854|1642281,0,REG,2026,1610612739,,,,,
22500048234,,Shot Chart Detail,22500048,234,1641772,Nae'Qwan Tomlin,1610612739,Cleveland Cavaliers,2,7,55,Made Shot,Layup Shot,2PT Field Goal,Restricted Area,Center(C),Less Than 8 ft.,1,15,4,1,1,20251121,CLE,IND,9650,0,1626204|1628378|1641772|1641854|1642281,1,REG,2026,1610612739,,,,,
22500048238,,Shot Chart Detail,22500048,238,1641772,Nae'Qwan Tomlin,1610612739,Cleveland Cavaliers,2,7,20,Missed Shot,Jump Shot,3PT Field Goal,Left Corner 3,Left Side(L),24+ ft.,22,-228,4,1,0,20251121,CLE,IND,10000,0,1626204|1628378|1641772|1641854|1642281,0,REG,2026,1610612739,,,,,
22500048264,,Shot Chart Detail,22500048,264,1628366,Lonzo Ball,1610612739,Cleveland Cavaliers,2,6,32,Missed Shot,Jump Shot,3PT Field Goal,Above the Break 3,Right Side Center(RC),24+ ft.,25,201,155,1,0,20251121,CLE,IND,10480,0,1626204|1628366|1629631|1629636|1641854,0,REG,2026,1610612739,,,,,
22500048267,,Shot Chart Detail,22500048,267,1629636,Darius Garland,1610612739,Cleveland Cavaliers,2,5,58,Missed Shot,Step Back Jump shot,2PT Field Goal,Mid-Range,Right Side Center(RC),16-24 ft.,18,124,142,1,0,20251121,CLE,IND,10820,0,1626204|1628366|1629631|1629636|1641854,0,REG,2026,1610612739,,,,,
22500048272,,Shot Chart Detail,22500048,272,1629631,De'Andre Hunter,1610612739,Cleveland Cavaliers,2,5,37,Missed Shot,Pullup Jump shot,2PT Field Goal,Mid-Range,Right Side Center(RC),16-24 ft.,18,104,152,1,0,20251121,CLE,IND,11030,0,1626204|1628366|1629631|1629636|1641854,0,REG,2026,1610612739,,,,,
22500048279,,Shot Chart Detail,22500048,279,1629636,Darius Garland,1610612739,Cleveland Cavaliers,2,5,9,Missed Shot,Driving Floating Jump Shot,2PT Field Goal,In The Paint (Non-RA),Right Side(R),8-16 ft.,12,76,93,1,0,20251121,CLE,IND,11310,0,1626204|1628366|1629631|1629636|1641854,0,REG,2026,1610612739,,,,,
22500048283,,Shot Chart Detail,22500048,283,1629636,Darius Garland,1610612739,Cleveland Cavaliers,2,4,49,Made Shot,Driving Floating Jump Shot,2PT Field Goal,In The Paint (Non-RA),Center(C),Less Than 8 ft.,5,51,5,1,1,20251121,CLE,IND,11510,0,1626204|1628366|1629631|1629636|1641854,1,REG,2026,1610612739,,,,,
22500048302,,Shot Chart Detail,22500048,302,1629636,Darius Garland,1610612739,Cleveland Cavaliers,2,4,2,Made Shot,Jump Shot,3PT Field Goal,Above the Break 3,Left Side Center(LC),24+ ft.,25,-156,197,1,1,20251121,CLE,IND,11980,0,1628366|1629631|1629636|1629731|1630596,1,REG,2026,1610612739,,,,,
22500048314,,Shot Chart Detail,22500048,314,1629631,De'Andre Hunter,1610612739,Cleveland Cavaliers,2,3,14,Made Shot,Driving Layup Shot,2PT Field Goal,Restricted Area,Center(C),Less Than 8 ft.,1,-11,15,1,1,20251121,CLE,IND,12460,0,1628366|1629631|1629636|1629731|1630596,1,REG,2026,1610612739,,,,,
22500048333,,Shot Chart Detail,22500048,333,1629631,De'Andre Hunter,1610612739,Cleveland Cavaliers,2,1,40,Missed Shot,Jump Shot,3PT Field Goal,Right Corner 3,Right Side(R),24+ ft.,23,230,14,1,0,20251121,CLE,IND,13400,0,1628378|1629631|1629636|1629731|1630596,0,REG,2026,1610612739,,,,,
22500048360,,Shot Chart Detail,22500048,360,1629636,Darius Garland,1610612739,Cleveland Cavaliers,2,0,12,Made Shot,Step Back Jump shot,3PT Field Goal,Above the Break 3,Right Side Center(RC),24+ ft.,34,183,294,1,1,20251121,CLE,IND,14280,0,1628378|1629631|1629636|1629731|1630596,0,REG,2026,1610612739,,,,,
22500048377,,Shot Chart Detail,22500048,377,1628378,Donovan Mitchell,1610612739,Cleveland Cavaliers,3,11,8,Made Shot,Fadeaway Jump Shot,2PT Field Goal,Mid-Range,Right Side(R),8-16 ft.,12,91,84,1,1,20251121,CLE,IND,14920,0,1628378|1629631|1629636|1630596|1642281,1,REG,2026,1610612739,,,,,
22500048394,,Shot Chart Detail,22500048,394,1642281,Jaylon Tyson,1610612739,Cleveland Cavaliers,3,10,3,Made Shot,Jump Shot,3PT Field Goal,Left Corner 3,Left Side(L),24+ ft.,23,-239,5,1,1,20251121,CLE,IND,15570,0,1628378|1629631|1629636|1630596|1642281,1,REG,2026,1610612739,,,,,
22500048400,,Shot Chart Detail,22500048,400,1628378,Donovan Mitchell,1610612739,Cleveland Cavaliers,3,9,40,Made Shot,Running Finger Roll Layup Shot,2PT Field Goal,Restricted Area,Center(C),Less Than 8 ft.,0,2,5,1,1,20251121,CLE,IND,15800,0,1628378|1629631|1629636|1630596|1642281,0,REG,2026,1610612739,,,,,
22500048410,,Shot Chart Detail,22500048,410,1629636,Darius Garland,1610612739,Cleveland Cavaliers,3,9,10,Missed Shot,Fadeaway Jump Shot,2PT Field Goal,In The Paint (Non-RA),Right Side(R),8-16 ft.,11,77,79,1,0,20251121,CLE,IND,16100,0,1628378|1629631|1629636|1630596|1642281,0,REG,2026,1610612739,,,,,
22500048413,,Shot Chart Detail,22500048,413,1628378,Donovan Mitchell,1610612739,Cleveland Cavaliers,3,8,49,Missed Shot,Driving Floating Jump Shot,2PT Field Goal,In The Paint (Non-RA),Right Side(R),8-16 ft.,10,70,83,1,0,20251121,CLE,IND,16310,0,1628378|1629631|1629636|1630596|1642281,0,REG,2026,1610612739,,,,,
22500048416,,Shot Chart Detail,22500048,416,1629631,De'Andre Hunter,1610612739,Cleveland Cavaliers,3,8,43,Missed Shot,Jump Shot,3PT Field Goal,Above the Break 3,Right Side Center(RC),24+ ft.,25,159,201,1,0,20251121,CLE,IND,16370,0,1628378|1629631|1629636|1630596|1642281,0,REG,2026,1610612739,,,,,
22500048418,,Shot Chart Detail,22500048,418,1629631,De'Andre Hunter,1610612739,Cleveland Cavaliers,3,8,38,Missed Shot,Cutting Dunk Shot,2PT Field Goal,Restricted Area,Center(C),Less Than 8 ft.,1,15,7,1,0,20251121,CLE,IND,16420,0,1628378|1629631|1629636|1630596|1642281,0,REG,2026,1610612739,,,,,
22500048432,,Shot Chart Detail,22500048,432,1628378,Donovan Mitchell,1610612739,Cleveland Cavaliers,3,8,9,Missed Shot,Pullup Jump shot,3PT Field Goal,Above the Break 3,Left Side Center(LC),24+ ft.,28,-163,238,1,0,20251121,CLE,IND,16710,0,1628378|1629631|1629636|1630596|1642281,0,REG,2026,1610612739,,,,,
22500048434,,Shot Chart Detail,22500048,434,1629631,De'Andre Hunter,1610612739,Cleveland Cavaliers,3,8,4,Made Shot,Tip Layup Shot,2PT Field Goal,Restricted Area,Center(C),Less Than 8 ft.,0,0,0,1,1,20251121,CLE,IND,16760,0,1628378|1629631|1629636|1630596|1642281,0,REG,2026,1610612739,,,,,
22500048439,,Shot Chart Detail,22500048,439,1642281,Jaylon Tyson,1610612739,Cleveland Cavaliers,3,7,43,Made Shot,Driving Reverse Layup Shot,2PT Field Goal,Restricted Area,Center(C),Less Than 8 ft.,0,6,6,1,1,20251121,CLE,IND,16970,0,1628378|1629631|1629636|1630596|1642281,1,REG,2026,1610612739,,,,,
22500048444,,Shot Chart Detail,22500048,444,1628378,Donovan Mitchell,1610612739,Cleveland Cavaliers,3,7,11,Made Shot,Step Back Jump shot,3PT Field Goal,Above the Break 3,Left Side Center(LC),24+ ft.,25,-206,152,1,1,20251121,CLE,IND,17290,0,1628378|1629631|1629636|1630596|1642281,0,REG,2026,1610612739,,,,,
22500048457,,Shot Chart Detail,22500048,457,1642281,Jaylon Tyson,1610612739,Cleveland Cavaliers,3,6,42,Made Shot,Jump Shot,3PT Field Goal,Above the Break 3,Right Side Center(RC),24+ ft.,25,233,101,1,1,20251121,CLE,IND,17580,0,1628366|1629631|1629636|1629731|1642281,1,REG,2026,1610612739,,,,,
22500048465,,Shot Chart Detail,22500048,465,1629631,De'Andre Hunter,1610612739,Cleveland Cavaliers,3,6,21,Missed Shot,Jump Shot,3PT Field Goal,Left Corner 3,Left Side(L),24+ ft.,23,-230,20,1,0,20251121,CLE,IND,17790,0,1628366|1629631|1629636|1629731|1642281,0,REG,2026,1610612739,,,,,
22500048467,,Shot Chart Detail,22500048,467,1629731,Dean Wade,1610612739,Cleveland Cavaliers,3,6,14,Made Shot,Tip Layup Shot,2PT Field Goal,Restricted Area,Center(C),Less Than 8 ft.,0,0,0,1,1,20251121,CLE,IND,17860,0,1628366|1629631|1629636|1629731|1642281,0,REG,2026,1610612739,,,,,
22500048477,,Shot Chart Detail,22500048,477,1629631,De'Andre Hunter,1610612739,Cleveland Cavaliers,3,5,46,Made Shot,Jump Shot,3PT Field Goal,Above the Break 3,Left Side Center(LC),24+ ft.,25,-190,167,1,1,20251121,CLE,IND,18140,0,1626204|1628366|1629631|1629731|1642281,1,REG,2026,1610612739,,,,,
22500048485,,Shot Chart Detail,22500048,485,1642281,Jaylon Tyson,1610612739,Cleveland Cavaliers,3,5,18,Missed Shot,Jump Shot,3PT Field Goal,Above the Break 3,Right Side Center(RC),24+ ft.,25,195,160,1,0,20251121,CLE,IND,18420,0,1626204|1628366|1629631|1629731|1642281,0,REG,2026,1610612739,,,,,
22500048487,,Shot Chart Detail,22500048,487,1629631,De'Andre Hunter,1610612739,Cleveland Cavaliers,3,5,7,Missed Shot,Jump Shot,3PT Field Goal,Left Corner 3,Left Side(L),24+ ft.,24,-240,2,1,0,20251121,CLE,IND,18530,0,1626204|1628366|1629631|1629731|1642281,0,REG,2026,1610612739,,,,,
22500048507,,Shot Chart Detail,22500048,507,1628378,Donovan Mitchell,1610612739,Cleveland Cavaliers,3,4,20,Made Shot,Jump Shot,2PT Field Goal,Mid-Range,Left Side Center(LC),16-24 ft.,22,-165,154,1,1,20251121,CLE,IND,19000,0,1626204|1628366|1628378|1629731|1630596,1,REG,2026,1610612739,,,,,
22500048512,,Shot Chart Detail,22500048,512,1628378,Donovan Mitchell,1610612739,Cleveland Cavaliers,3,4,2,Missed Shot,Jump Shot,3PT Field Goal,Above the Break 3,Right Side Center(RC),24+ ft.,25,151,201,1,0,20251121,CLE,IND,19180,0,1626204|1628366|1628378|1629731|1630596,0,REG,2026,1610612739,,,,,
22500048515,,Shot Chart Detail,22500048,515,1626204,Larry Nance Jr.,1610612739,Cleveland Cavaliers,3,3,28,Missed Shot,Jump Shot,3PT Field Goal,Left Corner 3,Left Side(L),24+ ft.,23,-233,8,1,0,20251121,CLE,IND,19520,0,1626204|1628366|1628378|1629731|1630596,0,REG,2026,1610612739,,,,,
22500048517,,Shot Chart Detail,22500048,517,1629731,Dean Wade,1610612739,Cleveland Cavaliers,3,3,18,Made Shot,Turnaround Fadeaway shot,2PT Field Goal,Mid-Range,Left Side(L),16-24 ft.,20,-198,48,1,1,20251121,CLE,IND,19620,0,1626204|1628366|1628378|1629731|1630596,1,REG,2026,1610612739,,,,,
22500048538,,Shot Chart Detail,22500048,538,1628378,Donovan Mitchell,1610612739,Cleveland Cavaliers,3,1,59,Made Shot,Step Back Jump shot,2PT Field Goal,Mid-Range,Center(C),16-24 ft.,18,51,180,1,1,20251121,CLE,IND,20410,0,1626204|1628366|1628378|1629731|1630596,1,REG,2026,1610612739,,,,,
22500048542,,Shot Chart Detail,22500048,542,1628366,Lonzo Ball,1610612739,Cleveland Cavaliers,3,1,34,Missed Shot,Jump Shot,3PT Field Goal,Above the Break 3,Left Side Center(LC),24+ ft.,26,-219,154,1,0,20251121,CLE,IND,20660,0,1626204|1628366|1628378|1629731|1630596,0,REG,2026,1610612739,,,,,
22500048544,,Shot Chart Detail,22500048,544,1628378,Donovan Mitchell,1610612739,Cleveland Cavaliers,3,1,28,Made Shot,Turnaround Jump Shot,2PT Field Goal,In The Paint (Non-RA),Center(C),Less Than 8 ft.,7,44,62,1,1,20251121,CLE,IND,20720,0,1626204|1628366|1628378|1629731|1630596,0,REG,2026,1610612739,,,,,
22500048553,,Shot Chart Detail,22500048,553,1626204,Larry Nance Jr.,1610612739,Cleveland Cavaliers,3,0,49,Made Shot,Running Dunk Shot,2PT Field Goal,Restricted Area,Center(C),Less Than 8 ft.,1,4,17,1,1,20251121,CLE,IND,21110,0,1626204|1628366|1628378|1629731|1630596,1,REG,2026,1610612739,,,,,
22500048557,,Shot Chart Detail,22500048,557,1630596,Evan Mobley,1610612739,Cleveland Cavaliers,3,0,23,Made Shot,Layup Shot,2PT Field Goal,Restricted Area,Center(C),Less Than 8 ft.,1,5,12,1,1,20251121,CLE,IND,21370,0,1628366|1629631|1629731|1630596|1642281,1,REG,2026,1610612739,,,,,
22500048584,,Shot Chart Detail,22500048,584,1630596,Evan Mobley,1610612739,Cleveland Cavaliers,4,11,44,Missed Shot,Driving Floating Bank Jump Shot,2PT Field Goal,In The Paint (Non-RA),Center(C),Less Than 8 ft.,6,-38,48,1,0,20251121,CLE,IND,21760,0,1628378|1630596|1641772|1641854|1642281,0,REG,2026,1610612739,,,,,
22500048586,,Shot Chart Detail,22500048,586,1628378,Donovan Mitchell,1610612739,Cleveland Cavaliers,4,11,37,Made Shot,Pullup Jump shot,3PT Field Goal,Above the Break 3,Right Side Center(RC),24+ ft.,25,200,165,1,1,20251121,CLE,IND,21830,0,1628378|1630596|1641772|1641854|1642281,1,REG,2026,1610612739,,,,,
22500048589,,Shot Chart Detail,22500048,589,1628378,Donovan Mitchell,1610612739,Cleveland Cavaliers,4,11,7,Missed Shot,Step Back Jump shot,3PT Field Goal,Above the Break 3,Left Side Center(LC),24+ ft.,26,-211,157,1,0,20251121,CLE,IND,22130,0,1628378|1630596|1641772|1641854|1642281,0,REG,2026,1610612739,,,,,
22500048593,,Shot Chart Detail,22500048,593,1641854,Craig Porter Jr.,1610612739,Cleveland Cavaliers,4,10,41,Missed Shot,Jump Shot,2PT Field Goal,In The Paint (Non-RA),Center(C),8-16 ft.,15,-78,136,1,0,20251121,CLE,IND,22390,0,1628378|1630596|1641772|1641854|1642281,0,REG,2026,1610612739,,,,,
22500048595,,Shot Chart Detail,22500048,595,1630596,Evan Mobley,1610612739,Cleveland Cavaliers,4,10,39,Missed Shot,Tip Layup Shot,2PT Field Goal,Restricted Area,Center(C),Less Than 8 ft.,0,0,0,1,0,20251121,CLE,IND,22410,0,1628378|1630596|1641772|1641854|1642281,0,REG,2026,1610612739,,,,,
22500048603,,Shot Chart Detail,22500048,603,1630596,Evan Mobley,1610612739,Cleveland Cavaliers,4,9,57,Missed Shot,Pullup Jump shot,2PT Field Goal,Mid-Range,Left Side Center(LC),16-24 ft.,17,-113,130,1,0,20251121,CLE,IND,22830,0,1628378|1630596|1641772|1641854|1642281,0,REG,2026,1610612739,,,,,
22500048613,,Shot Chart Detail,22500048,613,1628378,Donovan Mitchell,1610612739,Cleveland Cavaliers,4,9,6,Missed Shot,Jump Shot,3PT Field Goal,Left Corner 3,Left Side(L),24+ ft.,24,-232,86,1,0,20251121,CLE,IND,23340,0,1628378|1630596|1641772|1641854|1642281,0,REG,2026,1610612739,,,,,
22500048629,,Shot Chart Detail,22500048,629,1628378,Donovan Mitchell,1610612739,Cleveland Cavaliers,4,7,45,Missed Shot,Cutting Layup Shot,2PT Field Goal,Restricted Area,Center(C),Less Than 8 ft.,3,16,29,1,0,20251121,CLE,IND,24150,0,1628366|1628378|1630596|1641772|1642281,0,REG,2026,1610612739,,,,,
22500048632,,Shot Chart Detail,22500048,632,1628378,Donovan Mitchell,1610612739,Cleveland Cavaliers,4,7,43,Missed Shot,Putback Layup Shot,2PT Field Goal,Restricted Area,Center(C),Less Than 8 ft.,0,-2,7,1,0,20251121,CLE,IND,24170,0,1628366|1628378|1630596|1641772|1642281,0,REG,2026,1610612739,,,,,
22500048646,,Shot Chart Detail,22500048,646,1629636,Darius Garland,1610612739,Cleveland Cavaliers,4,7,7,Missed Shot,Driving Floating Jump Shot,2PT Field Goal,In The Paint (Non-RA),Center(C),8-16 ft.,12,56,112,1,0,20251121,CLE,IND,24530,0,1626204|1628366|1629636|1641772|1642281,0,REG,2026,1610612739,,,,,
22500048659,,Shot Chart Detail,22500048,659,1626204,Larry Nance Jr.,1610612739,Cleveland Cavaliers,4,6,28,Missed Shot,Floating Jump shot,2PT Field Goal,Mid-Range,Right Side(R),8-16 ft.,11,118,13,1,0,20251121,CLE,IND,24920,0,1626204|1628366|1629631|1629636|1629731,0,REG,2026,1610612739,,,,,
22500048663,,Shot Chart Detail,22500048,663,1629631,De'Andre Hunter,1610612739,Cleveland Cavaliers,4,5,49,Made Shot,Cutting Layup Shot,2PT Field Goal,In The Paint (Non-RA),Center(C),Less Than 8 ft.,6,-32,62,1,1,20251121,CLE,IND,25310,0,1626204|1628366|1629631|1629636|1629731,1,REG,2026,1610612739,,,,,
22500048668,,Shot Chart Detail,22500048,668,1629631,De'Andre Hunter,1610612739,Cleveland Cavaliers,4,5,34,Made Shot,Driving Layup Shot,2PT Field Goal,Restricted Area,Center(C),Less Than 8 ft.,1,0,15,1,1,20251121,CLE,IND,25460,0,1626204|1628366|1629631|1629636|1629731,0,REG,2026,1610612739,,,,,
22500048678,,Shot Chart Detail,22500048,678,1629636,Darius Garland,1610612739,Cleveland Cavaliers,4,4,57,Missed Shot,Driving Floating Jump Shot,2PT Field Goal,In The Paint (Non-RA),Center(C),Less Than 8 ft.,5,48,27,1,0,20251121,CLE,IND,25830,0,1626204|1628366|1629631|1629636|1629731,0,REG,2026,1610612739,,,,,
22500048702,,Shot Chart Detail,22500048,702,1628378,Donovan Mitchell,1610612739,Cleveland Cavaliers,4,3,43,Made Shot,Jump Shot,3PT Field Goal,Above the Break 3,Left Side Center(LC),24+ ft.,27,-178,207,1,1,20251121,CLE,IND,26570,0,1628366|1628378|1629631|1629636|1630596,1,REG,2026,1610612739,,,,,
22500048706,,Shot Chart Detail,22500048,706,1630596,Evan Mobley,1610612739,Cleveland Cavaliers,4,3,14,Made Shot,Jump Shot,3PT Field Goal,Above the Break 3,Left Side Center(LC),24+ ft.,26,-228,136,1,1,20251121,CLE,IND,26860,0,1628366|1628378|1629631|1629636|1630596,1,REG,2026,1610612739,,,,,
22500048712,,Shot Chart Detail,22500048,712,1629631,De'Andre Hunter,1610612739,Cleveland Cavaliers,4,2,49,Made Shot,Jump Shot,3PT Field Goal,Left Corner 3,Left Side(L),24+ ft.,23,-234,6,1,1,20251121,CLE,IND,27110,0,1628366|1628378|1629631|1629636|1630596,1,REG,2026,1610612739,,,,,
22500048717,,Shot Chart Detail,22500048,717,1629636,Darius Garland,1610612739,Cleveland Cavaliers,4,2,4,Made Shot,Driving Finger Roll Layup Shot,2PT Field Goal,Restricted Area,Center(C),Less Than 8 ft.,1,10,16,1,1,20251121,CLE,IND,27560,0,1628366|1628378|1629631|1629636|1630596,0,REG,2026,1610612739,,,,,
22500048720,,Shot Chart Detail,22500048,720,1630596,Evan Mobley,1610612739,Cleveland Cavaliers,4,1,33,Missed Shot,Cutting Layup Shot,2PT Field Goal,Restricted Area,Center(C),Less Than 8 ft.,0,6,0,1,0,20251121,CLE,IND,27870,0,1628366|1628378|1629631|1629636|1630596,0,REG,2026,1610612739,,,,,
22500048726,,Shot Chart Detail,22500048,726,1630596,Evan Mobley,1610612739,Cleveland Cavaliers,4,1,12,Made Shot,Cutting Dunk Shot,2PT Field Goal,Restricted Area,Center(C),Less Than 8 ft.,1,5,13,1,1,20251121,CLE,IND,28080,0,1628366|1628378|1629631|1629636|1630596,1,REG,2026,1610612739,,,,,
22500048752,,Shot Chart Detail,22500048,752,1628418,Thomas Bryant,1610612739,Cleveland Cavaliers,4,0,40,Missed Shot,Jump Shot,3PT Field Goal,Above the Break 3,Left Side Center(LC),24+ ft.,25,-192,174,1,0,20251121,CLE,IND,28400,0,1626204|1628418|1641772|1642281|1642878,0,REG,2026,1610612739,,,,,
22500048759,,Shot Chart Detail,22500048,759,1642878,Tyrese Proctor,1610612739,Cleveland Cavaliers,4,0,10,Missed Shot,Driving Floating Jump Shot,2PT Field Goal,In The Paint (Non-RA),Right Side(R),8-16 ft.,9,53,80,1,0,20251121,CLE,IND,28700,0,1626204|1628418|1641772|1642281|1642878,0,REG,2026,1610612739,,,,,
2250009116,,Shot Chart Detail,22500091,16,1630596,Evan Mobley,1610612739,Cleveland Cavaliers,1,10,56,Made Shot,Turnaround Fadeaway shot,2PT Field Goal,In The Paint (Non-RA),Center(C),Less Than 8 ft.,6,-58,20,1,1,20251024,BKN,CLE,640,0,1628378|1628386|1630241|1630596|1642281,1,REG,2026,1610612739,,,,,
2250009122,,Shot Chart Detail,22500091,22,1630596,Evan Mobley,1610612739,Cleveland Cavaliers,1,10,26,Made Shot,Turnaround Hook Shot,2PT Field Goal,In The Paint (Non-RA),Center(C),8-16 ft.,8,-10,88,1,1,20251024,BKN,CLE,940,0,1628378|1628386|1630241|1630596|1642281,0,REG,2026,1610612739,,,,,
2250009137,,Shot Chart Detail,22500091,37,1630241,Sam Merrill,1610612739,Cleveland Cavaliers,1,9,19,Made Shot,Step Back Jump shot,3PT Field Goal,Above the Break 3,Right Side Center(RC),24+ ft.,26,97,249,1,1,20251024,BKN,CLE,1610,0,1628378|1628386|1630241|1630596|1642281,1,REG,2026,1610612739,,,,,
2250009141,,Shot Chart Detail,22500091,41,1628378,Donovan Mitchell,1610612739,Cleveland Cavaliers,1,8,47,Missed Shot,Driving Hook Shot,2PT Field Goal,In The Paint (Non-RA),Center(C),Less Than 8 ft.,6,-6,64,1,0,20251024,BKN,CLE,1930,0,1628378|1628386|1630241|1630596|1642281,0,REG,2026,1610612739,,,,,
2250009145,,Shot Chart Detail,22500091,45,1628378,Donovan Mitchell,1610612739,Cleveland Cavaliers,1,8,21,Made Shot,Step Back Jump shot,2PT Field Goal,Mid-Range,Right Side Center(RC),16-24 ft.,20,114,168,1,1,20251024,BKN,CLE,2190,0,1628378|1628386|1630241|1630596|1642281,1,REG,2026,1610612739,,,,,
2250009148,,Shot Chart Detail,22500091,48,1642281,Jaylon Tyson,1610612739,Cleveland Cavaliers,1,8,1,Made Shot,Running Alley Oop Dunk Shot,2PT Field Goal,Restricted Area,Center(C),Less Than 8 ft.,2,25,7,1,1,20251024,BKN,CLE,2390,0,1628378|1628386|1630241|1630596|1642281,1,REG,2026,1610612739,,,,,
2250009152,,Shot Chart Detail,22500091,52,1630241,Sam Merrill,1610612739,Cleveland Cavaliers,1,7,48,Made Shot,Jump Shot,3PT Field Goal,Above the Break 3,Left Side Center(LC),24+ ft.,25,-158,204,1,1,20251024,BKN,CLE,2520,0,1628378|1628386|1630241|1630596|1642281,1,REG,2026,1610612739,,,,,
2250009157,,Shot Chart Detail,22500091,57,1628386,Jarrett Allen,1610612739,Cleveland Cavaliers,1,7,27,Made Shot,Hook Shot,2PT Field Goal,In The Paint (Non-RA),Center(C),Less Than 8 ft.,5,13,54,1,1,20251024,BKN,CLE,2730,0,1628378|1628386|1630241|1630596|1642281,1,REG,2026,1610612739,,,,,
2250009161,,Shot Chart Detail,22500091,61,1642281,Jaylon Tyson,1610612739,Cleveland Cavaliers,1,7,2,Missed Shot,Jump Shot,3PT Field Goal,Above the Break 3,Right Side Center(RC),24+ ft.,26,135,226,1,0,20251024,BKN,CLE,2980,0,1628378|1628386|1630241|1630596|1642281,0,REG,2026,1610612739,,,,,
2250009170,,Shot Chart Detail,22500091,70,1630596,Evan Mobley,1610612739,Cleveland Cavaliers,1,6,32,Missed Shot,Jump Shot,3PT Field Goal,Above the Break 3,Right Side Center(RC),24+ ft.,26,134,228,1,0,20251024,BKN,CLE,3280,0,1628366|1629731|1630241|1630596|1642281,0,REG,2026,1610612739,,,,,
2250009175,,Shot Chart Detail,22500091,75,1628366,Lonzo Ball,1610612739,Cleveland Cavaliers,1,6,7,Missed Shot,Driving Finger Roll Layup Shot,2PT Field Goal,Restricted Area,Center(C),Less Than 8 ft.,2,10,18,1,0,20251024,BKN,CLE,3530,0,1628366|1629731|1630241|1630596|1642281,0,REG,2026,1610612739,,,,,
2250009179,,Shot Chart Detail,22500091,79,1630241,Sam Merrill,1610612739,Cleveland Cavaliers,1,5,38,Made Shot,Jump Shot,3PT Field Goal,Above the Break 3,Center(C),24+ ft.,26,39,258,1,1,20251024,BKN,CLE,3820,0,1628366|1629731|1630241|1630596|1642281,1,REG,2026,1610612739,,,,,
2250009183,,Shot Chart Detail,22500091,83,1629731,Dean Wade,1610612739,Cleveland Cavaliers,1,5,16,Missed Shot,Jump Shot,3PT Field Goal,Left Corner 3,Left Side(L),24+ ft.,22,-224,31,1,0,20251024,BKN,CLE,4040,0,1628366|1629731|1630241|1630596|1642281,0,REG,2026,1610612739,,,,,
2250009185,,Shot Chart Detail,22500091,85,1628366,Lonzo Ball,1610612739,Cleveland Cavaliers,1,5,11,Missed Shot,Jump Shot,3PT Field Goal,Above the Break 3,Center(C),24+ ft.,28,-81,270,1,0,20251024,BKN,CLE,4090,0,1628366|1629731|1630241|1630596|1642281,0,REG,2026,1610612739,,,,,
2250009189,,Shot Chart Detail,22500091,89,1630596,Evan Mobley,1610612739,Cleveland Cavaliers,1,4,58,Made Shot,Cutting Layup Shot,2PT Field Goal,Restricted Area,Center(C),Less Than 8 ft.,2,16,25,1,1,20251024,BKN,CLE,4220,0,1628366|1629731|1630241|1630596|1642281,1,REG,2026,1610612739,,,,,
22500091113,,Shot Chart Detail,22500091,113,1628386,Jarrett Allen,1610612739,Cleveland Cavaliers,1,3,57,Made Shot,Driving Dunk Shot,2PT Field Goal,Restricted Area,Center(C),Less Than 8 ft.,1,6,8,1,1,20251024,BKN,CLE,4830,0,1628366|1628378|1628386|1629731|1641854,0,REG,2026,1610612739,,,,,
22500091124,,Shot Chart Detail,22500091,124,1628386,Jarrett Allen,1610612739,Cleveland Cavaliers,1,3,4,Made Shot,Driving Layup Shot,2PT Field Goal,In The Paint (Non-RA),Center(C),Less Than 8 ft.,4,-26,31,1,1,20251024,BKN,CLE,5360,0,1628366|1628378|1628386|1629731|1641854,1,REG,2026,1610612739,,,,,
22500091145,,Shot Chart Detail,22500091,145,1628378,Donovan Mitchell,1610612739,Cleveland Cavaliers,1,1,40,Missed Shot,Jump Shot,3PT Field Goal,Above the Break 3,Center(C),24+ ft.,26,23,267,1,0,20251024,BKN,CLE,6200,0,1628366|1628378|1628386|1629731|1641854,0,REG,2026,1610612739,,,,,
22500091152,,Shot Chart Detail,22500091,152,1641854,Craig Porter Jr.,1610612739,Cleveland Cavaliers,1,1,7,Made Shot,Driving Layup Shot,2PT Field Goal,Restricted Area,Center(C),Less Than 8 ft.,2,-12,21,1,1,20251024,BKN,CLE,6530,0,1628378|1628386|1629731|1641854|1642878,0,REG,2026,1610612739,,,,,
22500091155,,Shot Chart Detail,22500091,155,1628378,Donovan Mitchell,1610612739,Cleveland Cavaliers,1,0,48,Made Shot,Jump Shot,3PT Field Goal,Left Corner 3,Left Side(L),24+ ft.,23,-230,-13,1,1,20251024,BKN,CLE,6720,0,1628378|1628386|1629731|1641854|1642878,1,REG,2026,1610612739,,,,,
22500091159,,Shot Chart Detail,22500091,159,1642878,Tyrese Proctor,1610612739,Cleveland Cavaliers,1,0,33,Missed Shot,Step Back Jump shot,2PT Field Goal,Mid-Range,Left Side(L),8-16 ft.,15,-159,-1,1,0,20251024,BKN,CLE,6870,0,1628378|1628386|1629731|1641854|1642878,0,REG,2026,1610612739,,,,,
22500091185,,Shot Chart Detail,22500091,185,1630596,Evan Mobley,1610612739,Cleveland Cavaliers,2,11,46,Made Shot,Jump Shot,3PT Field Goal,Above the Break 3,Center(C),24+ ft.,26,32,259,1,1,20251024,BKN,CLE,7340,0,1626204|1628378|1630596|1641854|1642878,1,REG,2026,1610612739,,,,,
22500091189,,Shot Chart Detail,22500091,189,1626204,Larry Nance Jr.,1610612739,Cleveland Cavaliers,2,11,6,Missed Shot,Jump Shot,3PT Field Goal,Above the Break 3,Right Side Center(RC),24+ ft.,26,163,206,1,0,20251024,BKN,CLE,7740,0,1626204|1628378|1630596|1641854|1642878,0,REG,2026,1610612739,,,,,
22500091193,,Shot Chart Detail,22500091,193,1628378,Donovan Mitchell,1610612739,Cleveland Cavaliers,2,10,48,Made Shot,Jump Shot,3PT Field Goal,Left Corner 3,Left Side(L),24+ ft.,23,-225,67,1,1,20251024,BKN,CLE,7920,0,1626204|1628378|1630596|1641854|1642878,1,REG,2026,1610612739,,,,,
22500091197,,Shot Chart Detail,22500091,197,1642878,Tyrese Proctor,1610612739,Cleveland Cavaliers,2,10,13,Missed Shot,Jump Shot,3PT Field Goal,Above the Break 3,Left Side Center(LC),24+ ft.,24,-227,89,1,0,20251024,BKN,CLE,8270,0,1626204|1628378|1630596|1641854|1642878,0,REG,2026,1610612739,,,,,
22500091201,,Shot Chart Detail,22500091,201,1641854,Craig Porter Jr.,1610612739,Cleveland Cavaliers,2,9,39,Made Shot,Jump Shot,3PT Field Goal,Above the Break 3,Center(C),24+ ft.,26,33,263,1,1,20251024,BKN,CLE,8610,0,1626204|1628378|1630596|1641854|1642878,0,REG,2026,1610612739,,,,,
22500091209,,Shot Chart Detail,22500091,209,1628378,Donovan Mitchell,1610612739,Cleveland Cavaliers,2,8,51,Made Shot,Step Back Jump shot,3PT Field Goal,Above the Break 3,Center(C),24+ ft.,26,-31,259,1,1,20251024,BKN,CLE,9090,0,1626204|1628378|1630596|1642281|1642878,0,REG,2026,1610612739,,,,,
22500091212,,Shot Chart Detail,22500091,212,1642878,Tyrese Proctor,1610612739,Cleveland Cavaliers,2,8,16,Missed Shot,Running Jump Shot,3PT Field Goal,Above the Break 3,Right Side Center(RC),24+ ft.,26,240,109,1,0,20251024,BKN,CLE,9440,0,1626204|1628378|1630596|1642281|1642878,0,REG,2026,1610612739,,,,,
22500091214,,Shot Chart Detail,22500091,214,1626204,Larry Nance Jr.,1610612739,Cleveland Cavaliers,2,8,12,Missed Shot,Tip Layup Shot,2PT Field Goal,Restricted Area,Center(C),Less Than 8 ft.,0,0,0,1,0,20251024,BKN,CLE,9480,0,1626204|1628378|1630596|1642281|1642878,0,REG,2026,1610612739,,,,,
22500091241,,Shot Chart Detail,22500091,241,1630596,Evan Mobley,1610612739,Cleveland Cavaliers,2,7,11,Missed Shot,Jump Shot,3PT Field Goal,Above the Break 3,Center(C),24+ ft.,25,69,241,1,0,20251024,BKN,CLE,10090,0,1626204|1629731|1630596|1642281|1642878,0,REG,2026,1610612739,,,,,
22500091249,,Shot Chart Detail,22500091,249,1630596,Evan Mobley,1610612739,Cleveland Cavaliers,2,6,36,Missed Shot,Driving Layup Shot,2PT Field Goal,Restricted Area,Center(C),Less Than 8 ft.,2,-9,20,1,0,20251024,BKN,CLE,10440,0,1626204|1629731|1630596|1642281|1642878,0,REG,2026,1610612739,,,,,
22500091267,,Shot Chart Detail,22500091,267,1628366,Lonzo Ball,1610612739,Cleveland Cavaliers,2,5,55,Missed Shot,Driving Floating Jump Shot,2PT Field Goal,In The Paint (Non-RA),Center(C),8-16 ft.,9,34,90,1,0,20251024,BKN,CLE,10850,0,1626204|1628366|1628386|1629731|1630241,0,REG,2026,1610612739,,,,,
22500091271,,Shot Chart Detail,22500091,271,1626204,Larry Nance Jr.,1610612739,Cleveland Cavaliers,2,5,30,Made Shot,Driving Reverse Layup Shot,2PT Field Goal,Restricted Area,Center(C),Less Than 8 ft.,1,-10,10,1,1,20251024,BKN,CLE,11100,0,1626204|1628366|1628386|1629731|1630241,1,REG,2026,1610612739,,,,,
22500091281,,Shot Chart Detail,22500091,281,1626204,Larry Nance Jr.,1610612739,Cleveland Cavaliers,2,5,4,Made Shot,Cutting Dunk Shot,2PT Field Goal,Restricted Area,Center(C),Less Than 8 ft.,2,17,21,1,1,20251024,BKN,CLE,11360,0,1626204|1628366|1628386|1629731|1630241,1,REG,2026,1610612739,,,,,
22500091289,,Shot Chart Detail,22500091,289,1626204,Larry Nance Jr.,1610612739,Cleveland Cavaliers,2,4,41,Made Shot,Driving Layup Shot,2PT Field Goal,Restricted Area,Center(C),Less Than 8 ft.,1,11,15,1,1,20251024,BKN,CLE,11590,0,1626204|1628366|1628386|1629731|1630241,0,REG,2026,1610612739,,,,,
22500091309,,Shot Chart Detail,22500091,309,1630241,Sam Merrill,1610612739,Cleveland Cavaliers,2,3,29,Missed Shot,Jump Shot,3PT Field Goal,Left Corner 3,Left Side(L),24+ ft.,22,-227,-6,1,0,20251024,BKN,CLE,12310,0,1626204|1628366|1628386|1629731|1630241,0,REG,2026,1610612739,,,,,
22500091312,,Shot Chart Detail,22500091,312,1628386,Jarrett Allen,1610612739,Cleveland Cavaliers,2,3,2,Made Shot,Driving Dunk Shot,2PT Field Goal,Restricted Area,Center(C),Less Than 8 ft.,1,10,16,1,1,20251024,BKN,CLE,12580,0,1626204|1628366|1628386|1629731|1630241,1,REG,2026,1610612739,,,,,
22500091333,,Shot Chart Detail,22500091,333,1628378,Donovan Mitchell,1610612739,Cleveland Cavaliers,2,1,47,Missed Shot,Step Back Jump shot,3PT Field Goal,Above the Break 3,Right Side Center(RC),24+ ft.,26,136,232,1,0,20251024,BKN,CLE,13330,0,1628366|1628378|1628386|1630241|1630596,0,REG,2026,1610612739,,,,,
22500091343,,Shot Chart Detail,22500091,343,1628386,Jarrett Allen,1610612739,Cleveland Cavaliers,2,0,53,Made Shot,Alley Oop Dunk Shot,2PT Field Goal,Restricted Area,Center(C),Less Than 8 ft.,1,4,16,1,1,20251024,BKN,CLE,13870,0,1628366|1628378|1628386|1630241|1630596,1,REG,2026,1610612739,,,,,
22500091346,,Shot Chart Detail,22500091,346,1628366,Lonzo Ball,1610612739,Cleveland Cavaliers,2,0,32,Missed Shot,Pullup Jump shot,3PT Field Goal,Above the Break 3,Right Side Center(RC),24+ ft.,26,203,165,1,0,20251024,BKN,CLE,14080,0,1628366|1628378|1628386|1630241|1630596,0,REG,2026,1610612739,,,,,
22500091353,,Shot Chart Detail,22500091,353,1628386,Jarrett Allen,1610612739,Cleveland Cavaliers,2,0,0,Missed Shot,Alley Oop Layup shot,2PT Field Goal,Restricted Area,Center(C),Less Than 8 ft.,3,-32,17,1,0,20251024,BKN,CLE,14400,0,1628366|1628378|1628386|1630241|1630596,0,REG,2026,1610612739,,,,,
22500091365,,Shot Chart Detail,22500091,365,1630241,Sam Merrill,1610612739,Cleveland Cavaliers,3,11,45,Made Shot,Jump Shot,3PT Field Goal,Left Corner 3,Left Side(L),24+ ft.,23,-235,-12,1,1,20251024,BKN,CLE,14550,0,1628378|1628386|1630241|1630596|1642281,1,REG,2026,1610612739,,,,,
22500091371,,Shot Chart Detail,22500091,371,1642281,Jaylon Tyson,1610612739,Cleveland Cavaliers,3,11,6,Made Shot,Jump Shot,3PT Field Goal,Above the Break 3,Right Side Center(RC),24+ ft.,24,181,167,1,1,20251024,BKN,CLE,14940,0,1628378|1628386|1630241|1630596|1642281,1,REG,2026,1610612739,,,,,
22500091375,,Shot Chart Detail,22500091,375,1630241,Sam Merrill,1610612739,Cleveland Cavaliers,3,10,40,Made Shot,Running Jump Shot,3PT Field Goal,Above the Break 3,Left Side Center(LC),24+ ft.,24,-156,194,1,1,20251024,BKN,CLE,15200,0,1628378|1628386|1630241|1630596|1642281,1,REG,2026,1610612739,,,,,
22500091380,,Shot Chart Detail,22500091,380,1628378,Donovan Mitchell,1610612739,Cleveland Cavaliers,3,10,9,Made Shot,Driving Layup Shot,2PT Field Goal,Restricted Area,Center(C),Less Than 8 ft.,3,29,20,1,1,20251024,BKN,CLE,15510,0,1628378|1628386|1630241|1630596|1642281,0,REG,2026,1610612739,,,,,
22500091384,,Shot Chart Detail,22500091,384,1628386,Jarrett Allen,1610612739,Cleveland Cavaliers,3,9,50,Made Shot,Driving Dunk Shot,2PT Field Goal,Restricted Area,Center(C),Less Than 8 ft.,1,17,3,1,1,20251024,BKN,CLE,15700,0,1628378|1628386|1630241|1630596|1642281,1,REG,2026,1610612739,,,,,
22500091392,,Shot Chart Detail,22500091,392,1630241,Sam Merrill,1610612739,Cleveland Cavaliers,3,8,59,Made Shot,Step Back Jump shot,3PT Field Goal,Above the Break 3,Center(C),24+ ft.,24,12,247,1,1,20251024,BKN,CLE,16210,0,1628378|1628386|1630241|1630596|1642281,1,REG,2026,1610612739,,,,,
22500091402,,Shot Chart Detail,22500091,402,1628378,Donovan Mitchell,1610612739,Cleveland Cavaliers,3,8,14,Made Shot,Jump Shot,3PT Field Goal,Above the Break 3,Left Side Center(LC),24+ ft.,25,-181,184,1,1,20251024,BKN,CLE,16660,0,1628378|1628386|1630241|1630596|1642281,1,REG,2026,1610612739,,,,,
22500091410,,Shot Chart Detail,22500091,410,1628386,Jarrett Allen,1610612739,Cleveland Cavaliers,3,7,10,Missed Shot,Hook Shot,2PT Field Goal,In The Paint (Non-RA),Center(C),Less Than 8 ft.,4,37,32,1,0,20251024,BKN,CLE,17300,0,1628378|1628386|1630241|1630596|1642281,0,REG,2026,1610612739,,,,,
22500091431,,Shot Chart Detail,22500091,431,1642281,Jaylon Tyson,1610612739,Cleveland Cavaliers,3,6,5,Made Shot,Jump Shot,3PT Field Goal,Above the Break 3,Center(C),24+ ft.,24,18,242,1,1,20251024,BKN,CLE,17950,0,1628366|1629731|1630241|1630596|1642281,1,REG,2026,1610612739,,,,,
22500091435,,Shot Chart Detail,22500091,435,1630596,Evan Mobley,1610612739,Cleveland Cavaliers,3,5,44,Missed Shot,Driving Floating Bank Jump Shot,2PT Field Goal,Restricted Area,Center(C),Less Than 8 ft.,2,-1,21,1,0,20251024,BKN,CLE,18160,0,1628366|1629731|1630241|1630596|1642281,0,REG,2026,1610612739,,,,,
22500091452,,Shot Chart Detail,22500091,452,1630596,Evan Mobley,1610612739,Cleveland Cavaliers,3,5,10,Missed Shot,Jump Shot,2PT Field Goal,In The Paint (Non-RA),Center(C),8-16 ft.,11,5,117,1,0,20251024,BKN,CLE,18500,0,1628366|1629731|1630596|1641854|1642281,0,REG,2026,1610612739,,,,,
22500091456,,Shot Chart Detail,22500091,456,1641854,Craig Porter Jr.,1610612739,Cleveland Cavaliers,3,5,4,Made Shot,Pullup Jump shot,3PT Field Goal,Above the Break 3,Left Side Center(LC),24+ ft.,25,-89,235,1,1,20251024,BKN,CLE,18560,0,1628366|1629731|1630596|1641854|1642281,1,REG,2026,1610612739,,,,,
22500091461,,Shot Chart Detail,22500091,461,1641854,Craig Porter Jr.,1610612739,Cleveland Cavaliers,3,4,25,Made Shot,Cutting Dunk Shot,2PT Field Goal,Restricted Area,Center(C),Less Than 8 ft.,1,11,10,1,1,20251024,BKN,CLE,18950,0,1628366|1629731|1630596|1641854|1642281,1,REG,2026,1610612739,,,,,
22500091481,,Shot Chart Detail,22500091,481,1628378,Donovan Mitchell,1610612739,Cleveland Cavaliers,3,3,46,Missed Shot,Jump Shot,3PT Field Goal,Above the Break 3,Left Side Center(LC),24+ ft.,24,-164,184,1,0,20251024,BKN,CLE,19340,0,1628366|1628378|1628386|1629731|1641854,0,REG,2026,1610612739,,,,,
22500091485,,Shot Chart Detail,22500091,485,1641854,Craig Porter Jr.,1610612739,Cleveland Cavaliers,3,3,19,Made Shot,Step Back Jump shot,2PT Field Goal,Mid-Range,Center(C),16-24 ft.,18,4,188,1,1,20251024,BKN,CLE,19610,0,1628366|1628378|1628386|1629731|1641854,1,REG,2026,1610612739,,,,,
22500091490,,Shot Chart Detail,22500091,490,1629731,Dean Wade,1610612739,Cleveland Cavaliers,3,2,30,Made Shot,Jump Shot,3PT Field Goal,Left Corner 3,Left Side(L),24+ ft.,23,-232,-22,1,1,20251024,BKN,CLE,20100,0,1628366|1628378|1628386|1629731|1641854,1,REG,2026,1610612739,,,,,
22500091493,,Shot Chart Detail,22500091,493,1628378,Donovan Mitchell,1610612739,Cleveland Cavaliers,3,2,9,Made Shot,Driving Finger Roll Layup Shot,2PT Field Goal,Restricted Area,Center(C),Less Than 8 ft.,2,23,5,1,1,20251024,BKN,CLE,20310,0,1628366|1628378|1628386|1629731|1641854,0,REG,2026,1610612739,,,,,
22500091497,,Shot Chart Detail,22500091,497,1641854,Craig Porter Jr.,1610612739,Cleveland Cavaliers,3,1,38,Made Shot,Driving Reverse Layup Shot,2PT Field Goal,Restricted Area,Center(C),Less Than 8 ft.,1,16,3,1,1,20251024,BKN,CLE,20620,0,1628366|1628378|1628386|1629731|1641854,1,REG,2026,1610612739,,,,,
22500091503,,Shot Chart Detail,22500091,503,1628386,Jarrett Allen,1610612739,Cleveland Cavaliers,3,1,15,Made Shot,Running Layup Shot,2PT Field Goal,Restricted Area,Center(C),Less Than 8 ft.,0,2,9,1,1,20251024,BKN,CLE,20850,0,1628366|1628378|1628386|1629731|1641854,1,REG,2026,1610612739,,,,,
22500091506,,Shot Chart Detail,22500091,506,1628378,Donovan Mitchell,1610612739,Cleveland Cavaliers,3,0,43,Made Shot,Pullup Jump shot,3PT Field Goal,Above the Break 3,Left Side Center(LC),24+ ft.,25,-121,219,1,1,20251024,BKN,CLE,21170,0,1628366|1628378|1628386|1629731|1641854,0,REG,2026,1610612739,,,,,
22500091509,,Shot Chart Detail,22500091,509,1629731,Dean Wade,1610612739,Cleveland Cavaliers,3,0,11,Missed Shot,Jump Shot,3PT Field Goal,Right Corner 3,Right Side(R),24+ ft.,23,227,69,1,0,20251024,BKN,CLE,21490,0,1628366|1628378|1628386|1629731|1641854,0,REG,2026,1610612739,,,,,
22500091511,,Shot Chart Detail,22500091,511,1629731,Dean Wade,1610612739,Cleveland Cavaliers,3,0,8,Made Shot,Driving Reverse Layup Shot,2PT Field Goal,Restricted Area,Center(C),Less Than 8 ft.,2,-20,10,1,1,20251024,BKN,CLE,21520,0,1628378|1628386|1629731|1630596|1642281,0,REG,2026,1610612739,,,,,
22500091535,,Shot Chart Detail,22500091,535,1628378,Donovan Mitchell,1610612739,Cleveland Cavaliers,4,11,27,Made Shot,Driving Hook Shot,2PT Field Goal,In The Paint (Non-RA),Center(C),Less Than 8 ft.,5,6,50,1,1,20251024,BKN,CLE,21930,0,1626204|1628378|1630596|1641854|1642878,0,REG,2026,1610612739,,,,,
22500091542,,Shot Chart Detail,22500091,542,1626204,Larry Nance Jr.,1610612739,Cleveland Cavaliers,4,10,33,Missed Shot,Driving Finger Roll Layup Shot,2PT Field Goal,Restricted Area,Center(C),Less Than 8 ft.,1,-12,9,1,0,20251024,BKN,CLE,22470,0,1626204|1628378|1630596|1641854|1642878,0,REG,2026,1610612739,,,,,
22500091576,,Shot Chart Detail,22500091,576,1630596,Evan Mobley,1610612739,Cleveland Cavaliers,4,8,42,Missed Shot,Pullup Jump shot,3PT Field Goal,Above the Break 3,Left Side Center(LC),24+ ft.,24,-154,187,1,0,20251024,BKN,CLE,23580,0,1626204|1629731|1630596|1642281|1642878,0,REG,2026,1610612739,,,,,
22500091580,,Shot Chart Detail,22500091,580,1642878,Tyrese Proctor,1610612739,Cleveland Cavaliers,4,8,13,Missed Shot,Jump Shot,3PT Field Goal,Above the Break 3,Left Side Center(LC),24+ ft.,24,-151,197,1,0,20251024,BKN,CLE,23870,0,1626204|1629731|1630596|1642281|1642878,0,REG,2026,1610612739,,,,,
22500091586,,Shot Chart Detail,22500091,586,1630596,Evan Mobley,1610612739,Cleveland Cavaliers,4,7,40,Missed Shot,Hook Shot,2PT Field Goal,In The Paint (Non-RA),Center(C),Less Than 8 ft.,5,5,53,1,0,20251024,BKN,CLE,24200,0,1626204|1629731|1630596|1642281|1642878,0,REG,2026,1610612739,,,,,
22500091590,,Shot Chart Detail,22500091,590,1626204,Larry Nance Jr.,1610612739,Cleveland Cavaliers,4,7,31,Missed Shot,Driving Layup Shot,2PT Field Goal,Restricted Area,Center(C),Less Than 8 ft.,1,-2,17,1,0,20251024,BKN,CLE,24290,0,1626204|1629731|1630596|1642281|1642878,0,REG,2026,1610612739,,,,,
22500091594,,Shot Chart Detail,22500091,594,1626204,Larry Nance Jr.,1610612739,Cleveland Cavaliers,4,7,25,Made Shot,Dunk Shot,2PT Field Goal,Restricted Area,Center(C),Less Than 8 ft.,1,-7,9,1,1,20251024,BKN,CLE,24350,0,1626204|1629731|1630596|1642281|1642878,0,REG,2026,1610612739,,,,,
22500091602,,Shot Chart Detail,22500091,602,1630596,Evan Mobley,1610612739,Cleveland Cavaliers,4,6,57,Made Shot,Dunk Shot,2PT Field Goal,Restricted Area,Center(C),Less Than 8 ft.,0,1,-2,1,1,20251024,BKN,CLE,24630,0,1626204|1628366|1629731|1630596|1642281,1,REG,2026,1610612739,,,,,
22500091606,,Shot Chart Detail,22500091,606,1629731,Dean Wade,1610612739,Cleveland Cavaliers,4,6,15,Missed Shot,Jump Shot,3PT Field Goal,Left Corner 3,Left Side(L),24+ ft.,23,-237,-26,1,0,20251024,BKN,CLE,25050,0,1626204|1628366|1629731|1630596|1642281,0,REG,2026,1610612739,,,,,
22500091618,,Shot Chart Detail,22500091,618,1628378,Donovan Mitchell,1610612739,Cleveland Cavaliers,4,5,55,Made Shot,Jump Shot,3PT Field Goal,Above the Break 3,Left Side Center(LC),24+ ft.,24,-116,216,1,1,20251024,BKN,CLE,25250,0,1626204|1628366|1628378|1629731|1630241,1,REG,2026,1610612739,,,,,
22500091634,,Shot Chart Detail,22500091,634,1630241,Sam Merrill,1610612739,Cleveland Cavaliers,4,4,54,Missed Shot,Step Back Jump shot,3PT Field Goal,Left Corner 3,Left Side(L),24+ ft.,22,-221,-21,1,0,20251024,BKN,CLE,25860,0,1628366|1628378|1628386|1629731|1630241,0,REG,2026,1610612739,,,,,
22500091638,,Shot Chart Detail,22500091,638,1630241,Sam Merrill,1610612739,Cleveland Cavaliers,4,4,37,Missed Shot,Running Jump Shot,3PT Field Goal,Right Corner 3,Right Side(R),24+ ft.,23,230,11,1,0,20251024,BKN,CLE,26030,0,1628366|1628378|1628386|1629731|1630241,0,REG,2026,1610612739,,,,,
22500091642,,Shot Chart Detail,22500091,642,1628378,Donovan Mitchell,1610612739,Cleveland Cavaliers,4,4,12,Missed Shot,Pullup Jump shot,3PT Field Goal,Above the Break 3,Center(C),24+ ft.,25,9,252,1,0,20251024,BKN,CLE,26280,0,1628366|1628378|1628386|1629731|1630241,0,REG,2026,1610612739,,,,,
22500091655,,Shot Chart Detail,22500091,655,1629731,Dean Wade,1610612739,Cleveland Cavaliers,4,3,32,Missed Shot,Jump Shot,3PT Field Goal,Above the Break 3,Right Side Center(RC),24+ ft.,25,78,240,1,0,20251024,BKN,CLE,26680,0,1628378|1628386|1629731|1630241|1630596,0,REG,2026,1610612739,,,,,
22500091657,,Shot Chart Detail,22500091,657,1628386,Jarrett Allen,1610612739,Cleveland Cavaliers,4,3,25,Made Shot,Floating Jump shot,2PT Field Goal,In The Paint (Non-RA),Right Side(R),8-16 ft.,9,69,72,1,1,20251024,BKN,CLE,26750,0,1628378|1628386|1629731|1630241|1630596,1,REG,2026,1610612739,,,,,
22500091672,,Shot Chart Detail,22500091,672,1628386,Jarrett Allen,1610612739,Cleveland Cavaliers,4,2,19,Missed Shot,Jump Shot,3PT Field Goal,Above the Break 3,Left Side Center(LC),24+ ft.,27,-186,209,1,0,20251024,BKN,CLE,27410,0,1628378|1628386|1629731|1630241|1630596,0,REG,2026,1610612739,,,,,
22500091676,,Shot Chart Detail,22500091,676,1629731,Dean Wade,1610612739,Cleveland Cavaliers,4,1,49,Missed Shot,Jump Shot,3PT Field Goal,Above the Break 3,Left Side Center(LC),24+ ft.,25,-137,210,1,0,20251024,BKN,CLE,27710,0,1628378|1628386|1629731|1630241|1630596,0,REG,2026,1610612739,,,,,
22500091696,,Shot Chart Detail,22500091,696,1630241,Sam Merrill,1610612739,Cleveland Cavaliers,4,0,51,Missed Shot,Jump Shot,3PT Field Goal,Above the Break 3,Left Side Center(LC),24+ ft.,24,-178,163,1,0,20251024,BKN,CLE,28290,0,1628366|1628378|1628386|1630241|1630596,0,REG,2026,1610612739,,,,,
22500091706,,Shot Chart Detail,22500091,706,1630241,Sam Merrill,1610612739,Cleveland Cavaliers,4,0,21,Missed Shot,Jump Bank Shot,2PT Field Goal,Mid-Range,Left Side(L),8-16 ft.,14,-121,73,1,0,20251024,BKN,CLE,28590,0,1628366|1628378|1628386|1630241|1630596,0,REG,2026,1610612739,,,,,
2250010715,,Shot Chart Detail,22500107,15,1630596,Evan Mobley,1610612739,Cleveland Cavaliers,1,11,11,Missed Shot,Pullup Jump shot,3PT Field Goal,Above the Break 3,Left Side Center(LC),24+ ft.,25,-97,237,1,0,20251026,CLE,MIL,490,0,1628378|1628386|1629631|1630241|1630596,0,REG,2026,1610612739,,,,,
2250010720,,Shot Chart Detail,22500107,20,1630596,Evan Mobley,1610612739,Cleveland Cavaliers,1,10,22,Made Shot,Turnaround Bank shot,2PT Field Goal,Mid-Range,Right Side(R),8-16 ft.,11,85,76,1,1,20251026,CLE,MIL,980,0,1628378|1628386|1629631|1630241|1630596,1,REG,2026,1610612739,,,,,
2250010724,,Shot Chart Detail,22500107,24,1630241,Sam Merrill,1610612739,Cleveland Cavaliers,1,10,0,Missed Shot,Jump Shot,3PT Field Goal,Above the Break 3,Right Side Center(RC),24+ ft.,26,99,242,1,0,20251026,CLE,MIL,1200,0,1628378|1628386|1629631|1630241|1630596,0,REG,2026,1610612739,,,,,
2250010727,,Shot Chart Detail,22500107,27,1630241,Sam Merrill,1610612739,Cleveland Cavaliers,1,9,57,Made Shot,Cutting Layup Shot,2PT Field Goal,Restricted Area,Center(C),Less Than 8 ft.,0,-7,2,1,1,20251026,CLE,MIL,1230,0,1628378|1628386|1629631|1630241|1630596,1,REG,2026,1610612739,,,,,
2250010731,,Shot Chart Detail,22500107,31,1628378,Donovan Mitchell,1610612739,Cleveland Cavaliers,1,9,29,Missed Shot,Step Back Jump shot,3PT Field Goal,Above the Break 3,Left Side Center(LC),24+ ft.,25,-119,230,1,0,20251026,CLE,MIL,1510,0,1628378|1628386|1629631|1630241|1630596,0,REG,2026,1610612739,,,,,
2250010740,,Shot Chart Detail,22500107,40,1629631,De'Andre Hunter,1610612739,Cleveland Cavaliers,1,8,59,Made Shot,Driving Floating Bank Jump Shot,2PT Field Goal,In The Paint (Non-RA),Right Side(R),8-16 ft.,8,69,57,1,1,20251026,CLE,MIL,1810,0,1628378|1628386|1629631|1630241|1630596,0,REG,2026,1610612739,,,,,
2250010753,,Shot Chart Detail,22500107,53,1628378,Donovan Mitchell,1610612739,Cleveland Cavaliers,1,8,14,Missed Shot,Pullup Jump shot,3PT Field Goal,Above the Break 3,Center(C),24+ ft.,25,69,249,1,0,20251026,CLE,MIL,2260,0,1628378|1628386|1629631|1630241|1630596,0,REG,2026,1610612739,,,,,
2250010758,,Shot Chart Detail,22500107,58,1630241,Sam Merrill,1610612739,Cleveland Cavaliers,1,7,43,Made Shot,Pullup Jump shot,3PT Field Goal,Above the Break 3,Left Side Center(LC),24+ ft.,26,-185,183,1,1,20251026,CLE,MIL,2570,0,1628378|1628386|1629631|1630241|1630596,1,REG,2026,1610612739,,,,,
2250010761,,Shot Chart Detail,22500107,61,1630596,Evan Mobley,1610612739,Cleveland Cavaliers,1,7,5,Made Shot,Pullup Jump shot,2PT Field Goal,Mid-Range,Left Side Center(LC),16-24 ft.,17,-87,152,1,1,20251026,CLE,MIL,2950,0,1628378|1628386|1629631|1630241|1630596,0,REG,2026,1610612739,,,,,
2250010772,,Shot Chart Detail,22500107,72,1630596,Evan Mobley,1610612739,Cleveland Cavaliers,1,6,42,Missed Shot,Jump Shot,3PT Field Goal,Above the Break 3,Right Side Center(RC),24+ ft.,25,114,226,1,0,20251026,CLE,MIL,3180,0,1628366|1629631|1629731|1630241|1630596,0,REG,2026,1610612739,,,,,
2250010776,,Shot Chart Detail,22500107,76,1629631,De'Andre Hunter,1610612739,Cleveland Cavaliers,1,6,36,Missed Shot,Jump Shot,3PT Field Goal,Above the Break 3,Left Side Center(LC),24+ ft.,25,-150,212,1,0,20251026,CLE,MIL,3240,0,1628366|1629631|1629731|1630241|1630596,0,REG,2026,1610612739,,,,,
2250010779,,Shot Chart Detail,22500107,79,1628366,Lonzo Ball,1610612739,Cleveland Cavaliers,1,6,4,Missed Shot,Pullup Jump shot,3PT Field Goal,Above the Break 3,Right Side Center(RC),24+ ft.,25,153,201,1,0,20251026,CLE,MIL,3560,0,1628366|1629631|1629731|1630241|1630596,0,REG,2026,1610612739,,,,,
2250010785,,Shot Chart Detail,22500107,85,1630241,Sam Merrill,1610612739,Cleveland Cavaliers,1,5,37,Missed Shot,Jump Shot,3PT Field Goal,Above the Break 3,Right Side Center(RC),24+ ft.,25,225,122,1,0,20251026,CLE,MIL,3830,0,1628366|1629631|1629731|1630241|1630596,0,REG,2026,1610612739,,,,,
22500107112,,Shot Chart Detail,22500107,112,1629731,Dean Wade,1610612739,Cleveland Cavaliers,1,4,34,Made Shot,Driving Finger Roll Layup Shot,2PT Field Goal,Restricted Area,Center(C),Less Than 8 ft.,2,7,22,1,1,20251026,CLE,MIL,4460,0,1628366|1629731|1630241|1630596|1642281,1,REG,2026,1610612739,,,,,
22500107116,,Shot Chart Detail,22500107,116,1628366,Lonzo Ball,1610612739,Cleveland Cavaliers,1,3,58,Made Shot,Turnaround Fadeaway shot,2PT Field Goal,In The Paint (Non-RA),Right Side(R),8-16 ft.,9,76,64,1,1,20251026,CLE,MIL,4820,0,1628366|1629731|1630241|1630596|1642281,0,REG,2026,1610612739,,,,,
22500107119,,Shot Chart Detail,22500107,119,1630596,Evan Mobley,1610612739,Cleveland Cavaliers,1,3,18,Missed Shot,Pullup Jump shot,3PT Field Goal,Above the Break 3,Right Side Center(RC),24+ ft.,24,126,209,1,0,20251026,CLE,MIL,5220,0,1628366|1629731|1630241|1630596|1642281,0,REG,2026,1610612739,,,,,
22500107123,,Shot Chart Detail,22500107,123,1642281,Jaylon Tyson,1610612739,Cleveland Cavaliers,1,2,56,Missed Shot,Running Layup Shot,2PT Field Goal,In The Paint (Non-RA),Center(C),Less Than 8 ft.,4,10,41,1,0,20251026,CLE,MIL,5440,0,1628366|1629731|1630241|1630596|1642281,0,REG,2026,1610612739,,,,,
22500107125,,Shot Chart Detail,22500107,125,1630241,Sam Merrill,1610612739,Cleveland Cavaliers,1,2,45,Made Shot,Jump Shot,3PT Field Goal,Above the Break 3,Left Side Center(LC),24+ ft.,26,-135,225,1,1,20251026,CLE,MIL,5550,0,1628366|1629731|1630241|1630596|1642281,1,REG,2026,1610612739,,,,,
22500107140,,Shot Chart Detail,22500107,140,1628378,Donovan Mitchell,1610612739,Cleveland Cavaliers,1,2,13,Missed Shot,Running Jump Shot,3PT Field Goal,Left Corner 3,Left Side(L),24+ ft.,24,-238,41,1,0,20251026,CLE,MIL,5870,0,1628378|1628386|1629731|1641854|1642281,0,REG,2026,1610612739,,,,,
22500107143,,Shot Chart Detail,22500107,143,1629731,Dean Wade,1610612739,Cleveland Cavaliers,1,1,59,Missed Shot,Jump Shot,3PT Field Goal,Above the Break 3,Left Side Center(LC),24+ ft.,25,-143,206,1,0,20251026,CLE,MIL,6010,0,1628378|1628386|1629731|1641854|1642281,0,REG,2026,1610612739,,,,,
22500107146,,Shot Chart Detail,22500107,146,1642281,Jaylon Tyson,1610612739,Cleveland Cavaliers,1,1,33,Made Shot,Cutting Layup Shot,2PT Field Goal,Restricted Area,Center(C),Less Than 8 ft.,3,-31,10,1,1,20251026,CLE,MIL,6270,0,1628378|1628386|1629731|1641854|1642281,1,REG,2026,1610612739,,,,,
22500107155,,Shot Chart Detail,22500107,155,1628378,Donovan Mitchell,1610612739,Cleveland Cavaliers,1,0,26,Missed Shot,Driving Finger Roll Layup Shot,2PT Field Goal,Restricted Area,Center(C),Less Than 8 ft.,2,25,11,1,0,20251026,CLE,MIL,6940,0,1628378|1628386|1629731|1641854|1642281,0,REG,2026,1610612739,,,,,
22500107158,,Shot Chart Detail,22500107,158,1628386,Jarrett Allen,1610612739,Cleveland Cavaliers,1,0,23,Made Shot,Putback Layup Shot,2PT Field Goal,Restricted Area,Center(C),Less Than 8 ft.,0,-5,-1,1,1,20251026,CLE,MIL,6970,0,1628378|1628386|1629731|1641854|1642281,0,REG,2026,1610612739,,,,,
22500107179,,Shot Chart Detail,22500107,179,1628378,Donovan Mitchell,1610612739,Cleveland Cavaliers,1,0,0,Missed Shot,Turnaround Fadeaway shot,2PT Field Goal,In The Paint (Non-RA),Right Side(R),8-16 ft.,10,72,78,1,0,20251026,CLE,MIL,7200,0,1628366|1628378|1628386|1629731|1630241,0,REG,2026,1610612739,,,,,
22500107194,,Shot Chart Detail,22500107,194,1628378,Donovan Mitchell,1610612739,Cleveland Cavaliers,2,11,40,Made Shot,Driving Dunk Shot,2PT Field Goal,Restricted Area,Center(C),Less Than 8 ft.,0,-2,-1,1,1,20251026,CLE,MIL,7400,0,1626204|1628378|1630596|1641854|1642281,1,REG,2026,1610612739,,,,,
22500107200,,Shot Chart Detail,22500107,200,1626204,Larry Nance Jr.,1610612739,Cleveland Cavaliers,2,11,5,Made Shot,Reverse Dunk Shot,2PT Field Goal,Restricted Area,Center(C),Less Than 8 ft.,0,-1,7,1,1,20251026,CLE,MIL,7750,0,1626204|1628378|1630596|1641854|1642281,1,REG,2026,1610612739,,,,,
22500107204,,Shot Chart Detail,22500107,204,1630596,Evan Mobley,1610612739,Cleveland Cavaliers,2,10,35,Missed Shot,Turnaround Fadeaway shot,2PT Field Goal,In The Paint (Non-RA),Center(C),8-16 ft.,9,-43,88,1,0,20251026,CLE,MIL,8050,0,1626204|1628378|1630596|1641854|1642281,0,REG,2026,1610612739,,,,,
22500107210,,Shot Chart Detail,22500107,210,1628378,Donovan Mitchell,1610612739,Cleveland Cavaliers,2,10,10,Missed Shot,Pullup Jump shot,3PT Field Goal,Above the Break 3,Center(C),24+ ft.,28,72,279,1,0,20251026,CLE,MIL,8300,0,1626204|1628378|1630596|1641854|1642281,0,REG,2026,1610612739,,,,,
22500107217,,Shot Chart Detail,22500107,217,1642281,Jaylon Tyson,1610612739,Cleveland Cavaliers,2,9,41,Made Shot,Jump Shot,3PT Field Goal,Above the Break 3,Right Side Center(RC),24+ ft.,26,130,227,1,1,20251026,CLE,MIL,8590,0,1626204|1628378|1630596|1641854|1642281,1,REG,2026,1610612739,,,,,
22500107223,,Shot Chart Detail,22500107,223,1628378,Donovan Mitchell,1610612739,Cleveland Cavaliers,2,9,9,Missed Shot,Running Jump Shot,3PT Field Goal,Above the Break 3,Right Side Center(RC),24+ ft.,26,210,163,1,0,20251026,CLE,MIL,8910,0,1626204|1628378|1630596|1641854|1642281,0,REG,2026,1610612739,,,,,
22500107233,,Shot Chart Detail,22500107,233,1630596,Evan Mobley,1610612739,Cleveland Cavaliers,2,8,46,Missed Shot,Jump Shot,2PT Field Goal,In The Paint (Non-RA),Right Side(R),8-16 ft.,8,62,57,1,0,20251026,CLE,MIL,9140,0,1626204|1628378|1629631|1630596|1641854,0,REG,2026,1610612739,,,,,
22500107243,,Shot Chart Detail,22500107,243,1629631,De'Andre Hunter,1610612739,Cleveland Cavaliers,2,8,10,Made Shot,Pullup Jump shot,2PT Field Goal,Mid-Range,Right Side Center(RC),16-24 ft.,19,65,179,1,1,20251026,CLE,MIL,9500,0,1626204|1628366|1629631|1630596|1641854,0,REG,2026,1610612739,,,,,
22500107247,,Shot Chart Detail,22500107,247,1641854,Craig Porter Jr.,1610612739,Cleveland Cavaliers,2,7,25,Made Shot,Driving Layup Shot,2PT Field Goal,Restricted Area,Center(C),Less Than 8 ft.,1,-6,12,1,1,20251026,CLE,MIL,9950,0,1626204|1628366|1628386|1629631|1641854,1,REG,2026,1610612739,,,,,
22500107270,,Shot Chart Detail,22500107,270,1629631,De'Andre Hunter,1610612739,Cleveland Cavaliers,2,5,59,Made Shot,Pullup Jump shot,2PT Field Goal,Mid-Range,Center(C),8-16 ft.,14,50,141,1,1,20251026,CLE,MIL,10810,0,1626204|1628366|1628386|1629631|1641854,0,REG,2026,1610612739,,,,,
22500107284,,Shot Chart Detail,22500107,284,1626204,Larry Nance Jr.,1610612739,Cleveland Cavaliers,2,5,26,Made Shot,Jump Shot,3PT Field Goal,Left Corner 3,Left Side(L),24+ ft.,23,-238,11,1,1,20251026,CLE,MIL,11140,0,1626204|1628366|1628386|1629731|1630241,1,REG,2026,1610612739,,,,,
22500107288,,Shot Chart Detail,22500107,288,1628386,Jarrett Allen,1610612739,Cleveland Cavaliers,2,5,1,Made Shot,Turnaround Bank Hook Shot,2PT Field Goal,In The Paint (Non-RA),Center(C),Less Than 8 ft.,6,-61,25,1,1,20251026,CLE,MIL,11390,0,1626204|1628366|1628386|1629731|1630241,1,REG,2026,1610612739,,,,,
22500107307,,Shot Chart Detail,22500107,307,1628366,Lonzo Ball,1610612739,Cleveland Cavaliers,2,4,5,Made Shot,Step Back Jump shot,3PT Field Goal,Above the Break 3,Right Side Center(RC),24+ ft.,24,205,137,1,1,20251026,CLE,MIL,11950,0,1626204|1628366|1628386|1629731|1630241,0,REG,2026,1610612739,,,,,
22500107316,,Shot Chart Detail,22500107,316,1630596,Evan Mobley,1610612739,Cleveland Cavaliers,2,3,45,Missed Shot,Pullup Jump shot,2PT Field Goal,Mid-Range,Left Side Center(LC),16-24 ft.,18,-134,132,1,0,20251026,CLE,MIL,12150,0,1628378|1628386|1629731|1630241|1630596,0,REG,2026,1610612739,,,,,
22500107320,,Shot Chart Detail,22500107,320,1628386,Jarrett Allen,1610612739,Cleveland Cavaliers,2,3,19,Made Shot,Cutting Dunk Shot,2PT Field Goal,Restricted Area,Center(C),Less Than 8 ft.,1,9,7,1,1,20251026,CLE,MIL,12410,0,1628378|1628386|1629731|1630241|1630596,1,REG,2026,1610612739,,,,,
22500107333,,Shot Chart Detail,22500107,333,1628378,Donovan Mitchell,1610612739,Cleveland Cavaliers,2,2,24,Made Shot,Driving Floating Jump Shot,2PT Field Goal,In The Paint (Non-RA),Center(C),Less Than 8 ft.,7,42,64,1,1,20251026,CLE,MIL,12960,0,1628378|1628386|1629731|1630241|1630596,0,REG,2026,1610612739,,,,,
22500107339,,Shot Chart Detail,22500107,339,1628386,Jarrett Allen,1610612739,Cleveland Cavaliers,2,1,47,Missed Shot,Turnaround Hook Shot,2PT Field Goal,Restricted Area,Center(C),Less Than 8 ft.,3,20,32,1,0,20251026,CLE,MIL,13330,0,1628378|1628386|1629731|1630241|1630596,0,REG,2026,1610612739,,,,,
22500107345,,Shot Chart Detail,22500107,345,1630596,Evan Mobley,1610612739,Cleveland Cavaliers,2,1,18,Made Shot,Turnaround Hook Shot,2PT Field Goal,In The Paint (Non-RA),Center(C),8-16 ft.,9,-6,96,1,1,20251026,CLE,MIL,13620,0,1628378|1628386|1629731|1630241|1630596,0,REG,2026,1610612739,,,,,
22500107351,,Shot Chart Detail,22500107,351,1630241,Sam Merrill,1610612739,Cleveland Cavaliers,2,0,39,Made Shot,Running Jump Shot,3PT Field Goal,Above the Break 3,Left Side Center(LC),24+ ft.,26,-214,151,1,1,20251026,CLE,MIL,14010,0,1628378|1628386|1629731|1630241|1630596,1,REG,2026,1610612739,,,,,
22500107378,,Shot Chart Detail,22500107,378,1630241,Sam Merrill,1610612739,Cleveland Cavaliers,3,11,17,Missed Shot,Jump Shot,2PT Field Goal,In The Paint (Non-RA),Center(C),8-16 ft.,13,-33,134,1,0,20251026,CLE,MIL,14830,0,1628378|1628386|1629631|1630241|1630596,0,REG,2026,1610612739,,,,,
22500107382,,Shot Chart Detail,22500107,382,1629631,De'Andre Hunter,1610612739,Cleveland Cavaliers,3,10,42,Made Shot,Driving Finger Roll Layup Shot,2PT Field Goal,Restricted Area,Center(C),Less Than 8 ft.,0,0,8,1,1,20251026,CLE,MIL,15180,0,1628378|1628386|1629631|1630241|1630596,0,REG,2026,1610612739,,,,,
22500107388,,Shot Chart Detail,22500107,388,1628378,Donovan Mitchell,1610612739,Cleveland Cavaliers,3,10,18,Made Shot,Jump Shot,3PT Field Goal,Right Corner 3,Right Side(R),24+ ft.,23,232,8,1,1,20251026,CLE,MIL,15420,0,1628378|1628386|1629631|1630241|1630596,1,REG,2026,1610612739,,,,,
22500107394,,Shot Chart Detail,22500107,394,1629631,De'Andre Hunter,1610612739,Cleveland Cavaliers,3,9,49,Missed Shot,Jump Shot,3PT Field Goal,Left Corner 3,Left Side(L),24+ ft.,22,-222,-15,1,0,20251026,CLE,MIL,15710,0,1628378|1628386|1629631|1630241|1630596,0,REG,2026,1610612739,,,,,
22500107407,,Shot Chart Detail,22500107,407,1628378,Donovan Mitchell,1610612739,Cleveland Cavaliers,3,9,3,Made Shot,Driving Floating Jump Shot,2PT Field Goal,Mid-Range,Right Side(R),8-16 ft.,15,88,124,1,1,20251026,CLE,MIL,16170,0,1628378|1628386|1629631|1630241|1630596,0,REG,2026,1610612739,,,,,
22500107414,,Shot Chart Detail,22500107,414,1630596,Evan Mobley,1610612739,Cleveland Cavaliers,3,8,39,Made Shot,Jump Shot,3PT Field Goal,Above the Break 3,Center(C),24+ ft.,25,61,246,1,1,20251026,CLE,MIL,16410,0,1628378|1628386|1629631|1630241|1630596,1,REG,2026,1610612739,,,,,
22500107418,,Shot Chart Detail,22500107,418,1628386,Jarrett Allen,1610612739,Cleveland Cavaliers,3,8,14,Missed Shot,Hook Shot,2PT Field Goal,In The Paint (Non-RA),Center(C),8-16 ft.,11,1,113,1,0,20251026,CLE,MIL,16660,0,1628378|1628386|1629631|1630241|1630596,0,REG,2026,1610612739,,,,,
22500107439,,Shot Chart Detail,22500107,439,1630241,Sam Merrill,1610612739,Cleveland Cavaliers,3,7,19,Missed Shot,Running Pull-Up Jump Shot,3PT Field Goal,Above the Break 3,Center(C),24+ ft.,27,16,274,1,0,20251026,CLE,MIL,17210,0,1628366|1629631|1629731|1630241|1630596,0,REG,2026,1610612739,,,,,
22500107443,,Shot Chart Detail,22500107,443,1630596,Evan Mobley,1610612739,Cleveland Cavaliers,3,6,56,Missed Shot,Jump Shot,3PT Field Goal,Above the Break 3,Right Side Center(RC),24+ ft.,25,126,225,1,0,20251026,CLE,MIL,17440,0,1628366|1629631|1629731|1630241|1630596,0,REG,2026,1610612739,,,,,
22500107459,,Shot Chart Detail,22500107,459,1629631,De'Andre Hunter,1610612739,Cleveland Cavaliers,3,5,44,Missed Shot,Driving Floating Jump Shot,2PT Field Goal,Mid-Range,Right Side(R),8-16 ft.,10,107,20,1,0,20251026,CLE,MIL,18160,0,1628366|1629631|1629731|1630596|1642281,0,REG,2026,1610612739,,,,,
22500107473,,Shot Chart Detail,22500107,473,1629731,Dean Wade,1610612739,Cleveland Cavaliers,3,5,22,Missed Shot,Jump Shot,3PT Field Goal,Right Corner 3,Right Side(R),24+ ft.,25,237,87,1,0,20251026,CLE,MIL,18380,0,1626204|1628366|1629631|1629731|1642281,0,REG,2026,1610612739,,,,,
22500107476,,Shot Chart Detail,22500107,476,1629631,De'Andre Hunter,1610612739,Cleveland Cavaliers,3,4,52,Missed Shot,Fadeaway Jump Shot,2PT Field Goal,Mid-Range,Left Side(L),8-16 ft.,8,-83,-10,1,0,20251026,CLE,MIL,18680,0,1626204|1628366|1629631|1629731|1642281,0,REG,2026,1610612739,,,,,
22500107487,,Shot Chart Detail,22500107,487,1628378,Donovan Mitchell,1610612739,Cleveland Cavaliers,3,4,14,Missed Shot,Running Pull-Up Jump Shot,3PT Field Goal,Above the Break 3,Left Side Center(LC),24+ ft.,25,-158,194,1,0,20251026,CLE,MIL,19060,0,1626204|1628366|1628378|1629731|1642281,0,REG,2026,1610612739,,,,,
22500107500,,Shot Chart Detail,22500107,500,1629731,Dean Wade,1610612739,Cleveland Cavaliers,3,2,57,Missed Shot,Jump Shot,3PT Field Goal,Above the Break 3,Right Side Center(RC),24+ ft.,25,179,188,1,0,20251026,CLE,MIL,19830,0,1626204|1628366|1628378|1629731|1642281,0,REG,2026,1610612739,,,,,
22500107509,,Shot Chart Detail,22500107,509,1626204,Larry Nance Jr.,1610612739,Cleveland Cavaliers,3,2,54,Missed Shot,Jump Shot,2PT Field Goal,Restricted Area,Center(C),Less Than 8 ft.,1,-14,10,1,0,20251026,CLE,MIL,19860,0,1626204|1628366|1628378|1628386|1642281,0,REG,2026,1610612739,,,,,
22500107519,,Shot Chart Detail,22500107,519,1642281,Jaylon Tyson,1610612739,Cleveland Cavaliers,3,2,30,Missed Shot,Jump Shot,3PT Field Goal,Above the Break 3,Left Side Center(LC),24+ ft.,25,-153,198,1,0,20251026,CLE,MIL,20100,0,1626204|1628366|1628378|1628386|1642281,0,REG,2026,1610612739,,,,,
22500107524,,Shot Chart Detail,22500107,524,1628378,Donovan Mitchell,1610612739,Cleveland Cavaliers,3,2,4,Missed Shot,Step Back Jump shot,3PT Field Goal,Above the Break 3,Left Side Center(LC),24+ ft.,24,-137,208,1,0,20251026,CLE,MIL,20360,0,1626204|1628366|1628378|1628386|1642281,0,REG,2026,1610612739,,,,,
22500107540,,Shot Chart Detail,22500107,540,1641854,Craig Porter Jr.,1610612739,Cleveland Cavaliers,3,0,52,Missed Shot,Pullup Jump shot,3PT Field Goal,Right Corner 3,Right Side(R),24+ ft.,25,240,84,1,0,20251026,CLE,MIL,21080,0,1628366|1628378|1628386|1641854|1642281,0,REG,2026,1610612739,,,,,
22500107542,,Shot Chart Detail,22500107,542,1628366,Lonzo Ball,1610612739,Cleveland Cavaliers,3,0,47,Made Shot,Putback Dunk Shot,2PT Field Goal,Restricted Area,Center(C),Less Than 8 ft.,0,0,0,1,1,20251026,CLE,MIL,21130,0,1628366|1628378|1628386|1641854|1642281,0,REG,2026,1610612739,,,,,
22500107545,,Shot Chart Detail,22500107,545,1628366,Lonzo Ball,1610612739,Cleveland Cavaliers,3,0,32,Missed Shot,Running Jump Shot,3PT Field Goal,Left Corner 3,Left Side(L),24+ ft.,24,-232,80,1,0,20251026,CLE,MIL,21280,0,1628366|1628378|1628386|1641854|1642281,0,REG,2026,1610612739,,,,,
22500107572,,Shot Chart Detail,22500107,572,1630596,Evan Mobley,1610612739,Cleveland Cavaliers,4,11,37,Made Shot,Driving Layup Shot,2PT Field Goal,Restricted Area,Center(C),Less Than 8 ft.,1,-6,16,1,1,20251026,CLE,MIL,21830,0,1628378|1629631|1630241|1630596|1641854,0,REG,2026,1610612739,,,,,
22500107580,,Shot Chart Detail,22500107,580,1628378,Donovan Mitchell,1610612739,Cleveland Cavaliers,4,10,55,Made Shot,Driving Floating Jump Shot,2PT Field Goal,Restricted Area,Center(C),Less Than 8 ft.,1,11,8,1,1,20251026,CLE,MIL,22250,0,1628378|1629631|1630241|1630596|1641854,1,REG,2026,1610612739,,,,,
22500107588,,Shot Chart Detail,22500107,588,1641854,Craig Porter Jr.,1610612739,Cleveland Cavaliers,4,10,14,Made Shot,Jump Shot,3PT Field Goal,Left Corner 3,Left Side(L),24+ ft.,23,-232,-13,1,1,20251026,CLE,MIL,22660,0,1628378|1629631|1630241|1630596|1641854,1,REG,2026,1610612739,,,,,
22500107592,,Shot Chart Detail,22500107,592,1630596,Evan Mobley,1610612739,Cleveland Cavaliers,4,9,38,Missed Shot,Turnaround Jump Shot,2PT Field Goal,Mid-Range,Left Side(L),8-16 ft.,8,-83,15,1,0,20251026,CLE,MIL,23020,0,1628378|1629631|1630241|1630596|1641854,0,REG,2026,1610612739,,,,,
22500107594,,Shot Chart Detail,22500107,594,1641854,Craig Porter Jr.,1610612739,Cleveland Cavaliers,4,9,30,Missed Shot,Tip Layup Shot,2PT Field Goal,Restricted Area,Center(C),Less Than 8 ft.,0,0,0,1,0,20251026,CLE,MIL,23100,0,1628378|1629631|1630241|1630596|1641854,0,REG,2026,1610612739,,,,,
22500107598,,Shot Chart Detail,22500107,598,1628378,Donovan Mitchell,1610612739,Cleveland Cavaliers,4,9,23,Made Shot,Running Layup Shot,2PT Field Goal,Restricted Area,Center(C),Less Than 8 ft.,0,0,0,1,1,20251026,CLE,MIL,23170,0,1628378|1629631|1630241|1630596|1641854,0,REG,2026,1610612739,,,,,
22500107605,,Shot Chart Detail,22500107,605,1629631,De'Andre Hunter,1610612739,Cleveland Cavaliers,4,9,1,Made Shot,Jump Shot,3PT Field Goal,Above the Break 3,Center(C),24+ ft.,25,26,251,1,1,20251026,CLE,MIL,23390,0,1628378|1629631|1630241|1630596|1641854,1,REG,2026,1610612739,,,,,
22500107610,,Shot Chart Detail,22500107,610,1630241,Sam Merrill,1610612739,Cleveland Cavaliers,4,8,20,Missed Shot,Jump Shot,3PT Field Goal,Above the Break 3,Left Side Center(LC),24+ ft.,24,-178,174,1,0,20251026,CLE,MIL,23800,0,1628378|1629631|1630241|1630596|1641854,0,REG,2026,1610612739,,,,,
22500107623,,Shot Chart Detail,22500107,623,1629631,De'Andre Hunter,1610612739,Cleveland Cavaliers,4,7,47,Missed Shot,Jump Shot,3PT Field Goal,Right Corner 3,Right Side(R),24+ ft.,23,234,14,1,0,20251026,CLE,MIL,24130,0,1628366|1628378|1628386|1629631|1641854,0,REG,2026,1610612739,,,,,
22500107627,,Shot Chart Detail,22500107,627,1629631,De'Andre Hunter,1610612739,Cleveland Cavaliers,4,7,8,Missed Shot,Driving Floating Jump Shot,2PT Field Goal,In The Paint (Non-RA),Center(C),8-16 ft.,9,-1,95,1,0,20251026,CLE,MIL,24520,0,1628366|1628378|1628386|1629631|1641854,0,REG,2026,1610612739,,,,,
22500107632,,Shot Chart Detail,22500107,632,1629731,Dean Wade,1610612739,Cleveland Cavaliers,4,7,6,Missed Shot,Fadeaway Jump Shot,3PT Field Goal,Right Corner 3,Right Side(R),24+ ft.,23,239,16,1,0,20251026,CLE,MIL,24540,0,1628366|1628386|1629631|1629731|1641854,0,REG,2026,1610612739,,,,,
22500107636,,Shot Chart Detail,22500107,636,1629631,De'Andre Hunter,1610612739,Cleveland Cavaliers,4,6,39,Made Shot,Step Back Jump shot,2PT Field Goal,In The Paint (Non-RA),Center(C),8-16 ft.,13,48,126,1,1,20251026,CLE,MIL,24810,0,1628366|1628386|1629631|1629731|1641854,1,REG,2026,1610612739,,,,,
22500107640,,Shot Chart Detail,22500107,640,1641854,Craig Porter Jr.,1610612739,Cleveland Cavaliers,4,6,29,Missed Shot,Running Jump Shot,3PT Field Goal,Left Corner 3,Left Side(L),24+ ft.,22,-223,2,1,0,20251026,CLE,MIL,24910,0,1628366|1628386|1629631|1629731|1641854,0,REG,2026,1610612739,,,,,
22500107644,,Shot Chart Detail,22500107,644,1629631,De'Andre Hunter,1610612739,Cleveland Cavaliers,4,5,58,Missed Shot,Cutting Dunk Shot,2PT Field Goal,Restricted Area,Center(C),Less Than 8 ft.,1,-13,8,1,0,20251026,CLE,MIL,25220,0,1628366|1628386|1629631|1629731|1641854,0,REG,2026,1610612739,,,,,
22500107655,,Shot Chart Detail,22500107,655,1628366,Lonzo Ball,1610612739,Cleveland Cavaliers,4,5,22,Made Shot,Jump Shot,3PT Field Goal,Above the Break 3,Left Side Center(LC),24+ ft.,24,-206,132,1,1,20251026,CLE,MIL,25580,0,1628366|1628386|1629731|1630241|1630596,1,REG,2026,1610612739,,,,,
22500107667,,Shot Chart Detail,22500107,667,1628386,Jarrett Allen,1610612739,Cleveland Cavaliers,4,4,38,Missed Shot,Layup Shot,2PT Field Goal,Restricted Area,Center(C),Less Than 8 ft.,1,-11,3,1,0,20251026,CLE,MIL,26020,0,1628366|1628386|1629731|1630241|1630596,0,REG,2026,1610612739,,,,,
22500107683,,Shot Chart Detail,22500107,683,1628366,Lonzo Ball,1610612739,Cleveland Cavaliers,4,4,1,Missed Shot,Cutting Layup Shot,2PT Field Goal,Restricted Area,Center(C),Less Than 8 ft.,2,-23,11,1,0,20251026,CLE,MIL,26390,0,1628366|1628378|1629731|1630241|1630596,0,REG,2026,1610612739,,,,,
22500107687,,Shot Chart Detail,22500107,687,1628378,Donovan Mitchell,1610612739,Cleveland Cavaliers,4,3,55,Made Shot,Pullup Jump shot,2PT Field Goal,Mid-Range,Right Side(R),8-16 ft.,14,87,111,1,1,20251026,CLE,MIL,26450,0,1628366|1628378|1629731|1630241|1630596,0,REG,2026,1610612739,,,,,
22500107690,,Shot Chart Detail,22500107,690,1628378,Donovan Mitchell,1610612739,Cleveland Cavaliers,4,3,24,Made Shot,Driving Floating Jump Shot,2PT Field Goal,In The Paint (Non-RA),Center(C),8-16 ft.,12,45,114,1,1,20251026,CLE,MIL,26760,0,1628366|1628378|1629731|1630241|1630596,1,REG,2026,1610612739,,,,,
22500107699,,Shot Chart Detail,22500107,699,1628378,Donovan Mitchell,1610612739,Cleveland Cavaliers,4,2,52,Missed Shot,Turnaround Jump Shot,2PT Field Goal,In The Paint (Non-RA),Center(C),8-16 ft.,13,61,120,1,0,20251026,CLE,MIL,27080,0,1628378|1629631|1629731|1630241|1630596,0,REG,2026,1610612739,,,,,
22500107702,,Shot Chart Detail,22500107,702,1630241,Sam Merrill,1610612739,Cleveland Cavaliers,4,2,26,Made Shot,Pullup Jump shot,3PT Field Goal,Above the Break 3,Right Side Center(RC),24+ ft.,26,134,225,1,1,20251026,CLE,MIL,27340,0,1628378|1629631|1629731|1630241|1630596,1,REG,2026,1610612739,,,,,
22500107712,,Shot Chart Detail,22500107,712,1630241,Sam Merrill,1610612739,Cleveland Cavaliers,4,1,39,Missed Shot,Jump Shot,3PT Field Goal,Above the Break 3,Left Side Center(LC),24+ ft.,24,-163,182,1,0,20251026,CLE,MIL,27810,0,1628366|1628378|1629631|1630241|1630596,0,REG,2026,1610612739,,,,,
22500107716,,Shot Chart Detail,22500107,716,1628378,Donovan Mitchell,1610612739,Cleveland Cavaliers,4,1,12,Made Shot,Pullup Jump shot,2PT Field Goal,Mid-Range,Right Side Center(RC),16-24 ft.,18,87,164,1,1,20251026,CLE,MIL,28080,0,1628366|1628378|1629631|1630241|1630596,0,REG,2026,1610612739,,,,,
22500107727,,Shot Chart Detail,22500107,727,1628378,Donovan Mitchell,1610612739,Cleveland Cavaliers,4,0,41,Missed Shot,Driving Floating Bank Jump Shot,2PT Field Goal,Restricted Area,Center(C),Less Than 8 ft.,2,25,14,1,0,20251026,CLE,MIL,28390,0,1628366|1628378|1629631|1630241|1630596,0,REG,2026,1610612739,,,,,
225001287,,Shot Chart Detail,22500128,7,1630596,Evan Mobley,1610612739,Cleveland Cavaliers,1,11,44,Made Shot,Driving Floating Bank Jump Shot,2PT Field Goal,Mid-Range,Right Side(R),8-16 ft.,10,96,38,1,1,20251029,BOS,CLE,160,0,1628378|1628386|1629631|1630596|1642281,1,REG,2026,1610612739,,,,,
2250012814,,Shot Chart Detail,22500128,14,1628386,Jarrett Allen,1610612739,Cleveland Cavaliers,1,11,1,Missed Shot,Layup Shot,2PT Field Goal,In The Paint (Non-RA),Left Side(L),8-16 ft.,8,-60,53,1,0,20251029,BOS,CLE,590,0,1628378|1628386|1629631|1630596|1642281,0,REG,2026,1610612739,,,,,
2250012818,,Shot Chart Detail,22500128,18,1629631,De'Andre Hunter,1610612739,Cleveland Cavaliers,1,10,41,Missed Shot,Jump Shot,3PT Field Goal,Above the Break 3,Left Side Center(LC),24+ ft.,24,-233,89,1,0,20251029,BOS,CLE,790,0,1628378|1628386|1629631|1630596|1642281,0,REG,2026,1610612739,,,,,
2250012822,,Shot Chart Detail,22500128,22,1628378,Donovan Mitchell,1610612739,Cleveland Cavaliers,1,10,23,Made Shot,Pullup Jump shot,3PT Field Goal,Above the Break 3,Left Side Center(LC),24+ ft.,27,-96,260,1,1,20251029,BOS,CLE,970,0,1628378|1628386|1629631|1630596|1642281,0,REG,2026,1610612739,,,,,
2250012831,,Shot Chart Detail,22500128,31,1629631,De'Andre Hunter,1610612739,Cleveland Cavaliers,1,9,42,Missed Shot,Driving Floating Jump Shot,2PT Field Goal,In The Paint (Non-RA),Center(C),8-16 ft.,10,-13,101,1,0,20251029,BOS,CLE,1380,0,1628378|1628386|1629631|1630596|1642281,0,REG,2026,1610612739,,,,,
2250012834,,Shot Chart Detail,22500128,34,1629631,De'Andre Hunter,1610612739,Cleveland Cavaliers,1,9,7,Missed Shot,Jump Shot,3PT Field Goal,Above the Break 3,Left Side Center(LC),24+ ft.,29,-112,268,1,0,20251029,BOS,CLE,1730,0,1628378|1628386|1629631|1630596|1642281,0,REG,2026,1610612739,,,,,
2250012839,,Shot Chart Detail,22500128,39,1629631,De'Andre Hunter,1610612739,Cleveland Cavaliers,1,8,31,Made Shot,Jump Shot,3PT Field Goal,Above the Break 3,Center(C),24+ ft.,27,-67,270,1,1,20251029,BOS,CLE,2090,0,1628378|1628386|1629631|1630596|1642281,0,REG,2026,1610612739,,,,,
2250012842,,Shot Chart Detail,22500128,42,1628378,Donovan Mitchell,1610612739,Cleveland Cavaliers,1,8,7,Made Shot,Step Back Jump shot,3PT Field Goal,Above the Break 3,Left Side Center(LC),24+ ft.,26,-138,226,1,1,20251029,BOS,CLE,2330,0,1628378|1628386|1629631|1630596|1642281,0,REG,2026,1610612739,,,,,
2250012845,,Shot Chart Detail,22500128,45,1642281,Jaylon Tyson,1610612739,Cleveland Cavaliers,1,7,55,Made Shot,Running Dunk Shot,2PT Field Goal,Restricted Area,Center(C),Less Than 8 ft.,1,-18,1,1,1,20251029,BOS,CLE,2450,0,1628378|1628386|1629631|1630596|1642281,0,REG,2026,1610612739,,,,,
2250012848,,Shot Chart Detail,22500128,48,1628386,Jarrett Allen,1610612739,Cleveland Cavaliers,1,7,32,Missed Shot,Driving Layup Shot,2PT Field Goal,In The Paint (Non-RA),Center(C),Less Than 8 ft.,6,-59,27,1,0,20251029,BOS,CLE,2680,0,1628378|1628386|1629631|1630596|1642281,0,REG,2026,1610612739,,,,,
2250012859,,Shot Chart Detail,22500128,59,1630596,Evan Mobley,1610612739,Cleveland Cavaliers,1,6,59,Missed Shot,Driving Layup Shot,2PT Field Goal,In The Paint (Non-RA),Left Side(L),8-16 ft.,10,-56,85,1,0,20251029,BOS,CLE,3010,0,1628366|1629631|1629731|1630596|1642281,0,REG,2026,1610612739,,,,,
2250012870,,Shot Chart Detail,22500128,70,1642281,Jaylon Tyson,1610612739,Cleveland Cavaliers,1,6,32,Made Shot,Running Layup Shot,2PT Field Goal,Restricted Area,Center(C),Less Than 8 ft.,2,23,11,1,1,20251029,BOS,CLE,3280,0,1628366|1629631|1629731|1630596|1642281,1,REG,2026,1610612739,,,,,
2250012887,,Shot Chart Detail,22500128,87,1629631,De'Andre Hunter,1610612739,Cleveland Cavaliers,1,5,21,Made Shot,Jump Shot,3PT Field Goal,Right Corner 3,Right Side(R),24+ ft.,24,228,79,1,1,20251029,BOS,CLE,3990,0,1628366|1629631|1629731|1630596|1641854,1,REG,2026,1610612739,,,,,
2250012891,,Shot Chart Detail,22500128,91,1630596,Evan Mobley,1610612739,Cleveland Cavaliers,1,4,52,Made Shot,Pullup Jump shot,3PT Field Goal,Above the Break 3,Right Side Center(RC),24+ ft.,25,91,241,1,1,20251029,BOS,CLE,4280,0,1628366|1629631|1629731|1630596|1641854,0,REG,2026,1610612739,,,,,
2250012899,,Shot Chart Detail,22500128,99,1630596,Evan Mobley,1610612739,Cleveland Cavaliers,1,4,12,Made Shot,Pullup Jump shot,3PT Field Goal,Above the Break 3,Right Side Center(RC),24+ ft.,27,97,254,1,1,20251029,BOS,CLE,4680,0,1628366|1629631|1629731|1630596|1641854,0,REG,2026,1610612739,,,,,
22500128117,,Shot Chart Detail,22500128,117,1629731,Dean Wade,1610612739,Cleveland Cavaliers,1,3,2,Made Shot,Running Jump Shot,3PT Field Goal,Left Corner 3,Left Side(L),24+ ft.,23,-235,39,1,1,20251029,BOS,CLE,5380,0,1628366|1628378|1628386|1629731|1641854,1,REG,2026,1610612739,,,,,
22500128124,,Shot Chart Detail,22500128,124,1628378,Donovan Mitchell,1610612739,Cleveland Cavaliers,1,2,28,Made Shot,Jump Shot,3PT Field Goal,Above the Break 3,Left Side Center(LC),24+ ft.,24,-197,153,1,1,20251029,BOS,CLE,5720,0,1628366|1628378|1628386|1629731|1641854,1,REG,2026,1610612739,,,,,
22500128139,,Shot Chart Detail,22500128,139,1641854,Craig Porter Jr.,1610612739,Cleveland Cavaliers,1,1,20,Made Shot,Step Back Jump shot,3PT Field Goal,Above the Break 3,Center(C),24+ ft.,26,-51,265,1,1,20251029,BOS,CLE,6400,0,1628366|1628378|1628386|1629731|1641854,0,REG,2026,1610612739,,,,,
22500128157,,Shot Chart Detail,22500128,157,1628378,Donovan Mitchell,1610612739,Cleveland Cavaliers,1,0,0,Made Shot,Jump Shot,3PT Field Goal,Above the Break 3,Center(C),24+ ft.,25,61,251,1,1,20251029,BOS,CLE,7200,0,1628366|1628378|1628386|1629731|1641854,1,REG,2026,1610612739,,,,,
22500128187,,Shot Chart Detail,22500128,187,1628378,Donovan Mitchell,1610612739,Cleveland Cavaliers,2,10,36,Made Shot,Jump Shot,3PT Field Goal,Above the Break 3,Right Side Center(RC),24+ ft.,26,157,216,1,1,20251029,BOS,CLE,8040,0,1626204|1628378|1630596|1641854|1642878,1,REG,2026,1610612739,,,,,
22500128199,,Shot Chart Detail,22500128,199,1628378,Donovan Mitchell,1610612739,Cleveland Cavaliers,2,9,41,Missed Shot,Pullup Jump shot,3PT Field Goal,Above the Break 3,Right Side Center(RC),24+ ft.,25,116,232,1,0,20251029,BOS,CLE,8590,0,1626204|1628378|1630596|1641854|1642878,0,REG,2026,1610612739,,,,,
22500128207,,Shot Chart Detail,22500128,207,1641854,Craig Porter Jr.,1610612739,Cleveland Cavaliers,2,8,46,Missed Shot,Jump Shot,3PT Field Goal,Left Corner 3,Left Side(L),24+ ft.,23,-228,62,1,0,20251029,BOS,CLE,9140,0,1626204|1628378|1630596|1641854|1642878,0,REG,2026,1610612739,,,,,
22500128211,,Shot Chart Detail,22500128,211,1642878,Tyrese Proctor,1610612739,Cleveland Cavaliers,2,8,6,Missed Shot,Jump Shot,3PT Field Goal,Above the Break 3,Center(C),24+ ft.,25,-5,258,1,0,20251029,BOS,CLE,9540,0,1626204|1628378|1630596|1641854|1642878,0,REG,2026,1610612739,,,,,
22500128230,,Shot Chart Detail,22500128,230,1626204,Larry Nance Jr.,1610612739,Cleveland Cavaliers,2,7,32,Missed Shot,Jump Shot,3PT Field Goal,Right Corner 3,Right Side(R),24+ ft.,23,229,47,1,0,20251029,BOS,CLE,9880,0,1626204|1628366|1629631|1630596|1642878,0,REG,2026,1610612739,,,,,
22500128232,,Shot Chart Detail,22500128,232,1630596,Evan Mobley,1610612739,Cleveland Cavaliers,2,7,27,Missed Shot,Tip Layup Shot,2PT Field Goal,Restricted Area,Center(C),Less Than 8 ft.,0,0,0,1,0,20251029,BOS,CLE,9930,0,1626204|1628366|1629631|1630596|1642878,0,REG,2026,1610612739,,,,,
22500128251,,Shot Chart Detail,22500128,251,1628386,Jarrett Allen,1610612739,Cleveland Cavaliers,2,6,24,Made Shot,Cutting Dunk Shot,2PT Field Goal,Restricted Area,Center(C),Less Than 8 ft.,1,-2,12,1,1,20251029,BOS,CLE,10560,0,1626204|1628366|1628386|1629631|1642878,1,REG,2026,1610612739,,,,,
22500128258,,Shot Chart Detail,22500128,258,1629631,De'Andre Hunter,1610612739,Cleveland Cavaliers,2,6,3,Missed Shot,Pullup Jump shot,3PT Field Goal,Above the Break 3,Left Side Center(LC),24+ ft.,29,-119,274,1,0,20251029,BOS,CLE,10770,0,1626204|1628366|1628386|1629631|1642281,0,REG,2026,1610612739,,,,,
22500128271,,Shot Chart Detail,22500128,271,1628386,Jarrett Allen,1610612739,Cleveland Cavaliers,2,4,58,Made Shot,Floating Jump shot,2PT Field Goal,In The Paint (Non-RA),Center(C),Less Than 8 ft.,7,-13,74,1,1,20251029,BOS,CLE,11420,0,1626204|1628366|1628386|1629631|1642281,1,REG,2026,1610612739,,,,,
22500128283,,Shot Chart Detail,22500128,283,1629631,De'Andre Hunter,1610612739,Cleveland Cavaliers,2,4,18,Missed Shot,Jump Shot,3PT Field Goal,Above the Break 3,Left Side Center(LC),24+ ft.,28,-113,257,1,0,20251029,BOS,CLE,11820,0,1628366|1628386|1629631|1630596|1642281,0,REG,2026,1610612739,,,,,
22500128285,,Shot Chart Detail,22500128,285,1628366,Lonzo Ball,1610612739,Cleveland Cavaliers,2,4,15,Made Shot,Jump Shot,3PT Field Goal,Above the Break 3,Center(C),24+ ft.,25,-20,259,1,1,20251029,BOS,CLE,11850,0,1628366|1628386|1629631|1630596|1642281,1,REG,2026,1610612739,,,,,
22500128289,,Shot Chart Detail,22500128,289,1642281,Jaylon Tyson,1610612739,Cleveland Cavaliers,2,3,54,Made Shot,Running Jump Shot,3PT Field Goal,Above the Break 3,Left Side Center(LC),24+ ft.,24,-148,201,1,1,20251029,BOS,CLE,12060,0,1628366|1628386|1629631|1630596|1642281,1,REG,2026,1610612739,,,,,
22500128300,,Shot Chart Detail,22500128,300,1642281,Jaylon Tyson,1610612739,Cleveland Cavaliers,2,3,22,Missed Shot,Jump Shot,3PT Field Goal,Above the Break 3,Right Side Center(RC),24+ ft.,25,225,109,1,0,20251029,BOS,CLE,12380,0,1628378|1628386|1629631|1630596|1642281,0,REG,2026,1610612739,,,,,
22500128306,,Shot Chart Detail,22500128,306,1630596,Evan Mobley,1610612739,Cleveland Cavaliers,2,2,45,Missed Shot,Jump Shot,3PT Field Goal,Above the Break 3,Left Side Center(LC),24+ ft.,26,-97,248,1,0,20251029,BOS,CLE,12750,0,1628378|1628386|1629631|1630596|1642281,0,REG,2026,1610612739,,,,,
22500128311,,Shot Chart Detail,22500128,311,1630596,Evan Mobley,1610612739,Cleveland Cavaliers,2,1,53,Missed Shot,Fadeaway Jump Shot,2PT Field Goal,Mid-Range,Right Side(R),8-16 ft.,13,130,32,1,0,20251029,BOS,CLE,13270,0,1628378|1628386|1629631|1630596|1642281,0,REG,2026,1610612739,,,,,
22500128321,,Shot Chart Detail,22500128,321,1628378,Donovan Mitchell,1610612739,Cleveland Cavaliers,2,1,3,Missed Shot,Pullup Jump shot,3PT Field Goal,Above the Break 3,Center(C),24+ ft.,27,-26,269,1,0,20251029,BOS,CLE,13770,0,1628378|1628386|1629631|1630596|1642281,0,REG,2026,1610612739,,,,,
22500128329,,Shot Chart Detail,22500128,329,1628378,Donovan Mitchell,1610612739,Cleveland Cavaliers,2,0,30,Missed Shot,Turnaround Jump Shot,2PT Field Goal,Mid-Range,Right Side Center(RC),16-24 ft.,22,80,206,1,0,20251029,BOS,CLE,14100,0,1628378|1628386|1629631|1630596|1642281,0,REG,2026,1610612739,,,,,
22500128349,,Shot Chart Detail,22500128,349,1629631,De'Andre Hunter,1610612739,Cleveland Cavaliers,3,11,26,Missed Shot,Jump Shot,3PT Field Goal,Above the Break 3,Right Side Center(RC),24+ ft.,24,225,100,1,0,20251029,BOS,CLE,14740,0,1628378|1628386|1629631|1629731|1630596,0,REG,2026,1610612739,,,,,
22500128351,,Shot Chart Detail,22500128,351,1629631,De'Andre Hunter,1610612739,Cleveland Cavaliers,3,11,18,Missed Shot,Jump Shot,3PT Field Goal,Above the Break 3,Right Side Center(RC),24+ ft.,24,211,134,1,0,20251029,BOS,CLE,14820,0,1628378|1628386|1629631|1629731|1630596,0,REG,2026,1610612739,,,,,
22500128368,,Shot Chart Detail,22500128,368,1629731,Dean Wade,1610612739,Cleveland Cavaliers,3,10,19,Made Shot,Jump Shot,3PT Field Goal,Above the Break 3,Left Side Center(LC),24+ ft.,24,-131,204,1,1,20251029,BOS,CLE,15410,0,1628378|1628386|1629631|1629731|1630596,1,REG,2026,1610612739,,,,,
22500128373,,Shot Chart Detail,22500128,373,1629731,Dean Wade,1610612739,Cleveland Cavaliers,3,9,45,Missed Shot,Jump Shot,3PT Field Goal,Above the Break 3,Left Side Center(LC),24+ ft.,24,-167,185,1,0,20251029,BOS,CLE,15750,0,1628378|1628386|1629631|1629731|1630596,0,REG,2026,1610612739,,,,,
22500128382,,Shot Chart Detail,22500128,382,1629631,De'Andre Hunter,1610612739,Cleveland Cavaliers,3,9,11,Missed Shot,Running Pull-Up Jump Shot,3PT Field Goal,Above the Break 3,Right Side Center(RC),24+ ft.,25,109,234,1,0,20251029,BOS,CLE,16090,0,1628378|1628386|1629631|1629731|1630596,0,REG,2026,1610612739,,,,,
22500128386,,Shot Chart Detail,22500128,386,1630596,Evan Mobley,1610612739,Cleveland Cavaliers,3,8,49,Missed Shot,Turnaround Jump Shot,2PT Field Goal,In The Paint (Non-RA),Center(C),Less Than 8 ft.,6,31,62,1,0,20251029,BOS,CLE,16310,0,1628378|1628386|1629631|1629731|1630596,0,REG,2026,1610612739,,,,,
22500128394,,Shot Chart Detail,22500128,394,1630596,Evan Mobley,1610612739,Cleveland Cavaliers,3,8,17,Missed Shot,Cutting Layup Shot,2PT Field Goal,Mid-Range,Left Side(L),8-16 ft.,8,-81,35,1,0,20251029,BOS,CLE,16630,0,1628378|1628386|1629631|1629731|1630596,0,REG,2026,1610612739,,,,,
22500128397,,Shot Chart Detail,22500128,397,1630596,Evan Mobley,1610612739,Cleveland Cavaliers,3,8,12,Missed Shot,Alley Oop Dunk Shot,2PT Field Goal,Restricted Area,Center(C),Less Than 8 ft.,0,-6,-7,1,0,20251029,BOS,CLE,16680,0,1628378|1628386|1629631|1629731|1630596,0,REG,2026,1610612739,,,,,
22500128401,,Shot Chart Detail,22500128,401,1629631,De'Andre Hunter,1610612739,Cleveland Cavaliers,3,8,0,Made Shot,Jump Shot,3PT Field Goal,Left Corner 3,Left Side(L),24+ ft.,24,-237,55,1,1,20251029,BOS,CLE,16800,0,1628378|1628386|1629631|1629731|1630596,1,REG,2026,1610612739,,,,,
22500128407,,Shot Chart Detail,22500128,407,1629631,De'Andre Hunter,1610612739,Cleveland Cavaliers,3,7,35,Made Shot,Pullup Jump shot,2PT Field Goal,Mid-Range,Left Side Center(LC),16-24 ft.,21,-121,175,1,1,20251029,BOS,CLE,17050,0,1628378|1628386|1629631|1629731|1630596,1,REG,2026,1610612739,,,,,
22500128425,,Shot Chart Detail,22500128,425,1629731,Dean Wade,1610612739,Cleveland Cavaliers,3,6,42,Missed Shot,Running Jump Shot,3PT Field Goal,Above the Break 3,Left Side Center(LC),24+ ft.,25,-142,210,1,0,20251029,BOS,CLE,17580,0,1628366|1629631|1629731|1630596|1642281,0,REG,2026,1610612739,,,,,
22500128436,,Shot Chart Detail,22500128,436,1629631,De'Andre Hunter,1610612739,Cleveland Cavaliers,3,6,9,Missed Shot,Jump Shot,3PT Field Goal,Above the Break 3,Right Side Center(RC),24+ ft.,25,200,157,1,0,20251029,BOS,CLE,17910,0,1628366|1629631|1630596|1641854|1642281,0,REG,2026,1610612739,,,,,
22500128442,,Shot Chart Detail,22500128,442,1630596,Evan Mobley,1610612739,Cleveland Cavaliers,3,5,51,Missed Shot,Jump Shot,3PT Field Goal,Above the Break 3,Right Side Center(RC),24+ ft.,26,82,252,1,0,20251029,BOS,CLE,18090,0,1628366|1629631|1630596|1641854|1642281,0,REG,2026,1610612739,,,,,
22500128456,,Shot Chart Detail,22500128,456,1628366,Lonzo Ball,1610612739,Cleveland Cavaliers,3,5,5,Missed Shot,Step Back Jump shot,3PT Field Goal,Above the Break 3,Left Side Center(LC),24+ ft.,25,-159,198,1,0,20251029,BOS,CLE,18550,0,1628366|1629631|1630596|1641854|1642281,0,REG,2026,1610612739,,,,,
22500128458,,Shot Chart Detail,22500128,458,1628366,Lonzo Ball,1610612739,Cleveland Cavaliers,3,5,1,Missed Shot,Jump Shot,3PT Field Goal,Above the Break 3,Center(C),24+ ft.,27,-56,266,1,0,20251029,BOS,CLE,18590,0,1628366|1629631|1630596|1641854|1642281,0,REG,2026,1610612739,,,,,
22500128465,,Shot Chart Detail,22500128,465,1629631,De'Andre Hunter,1610612739,Cleveland Cavaliers,3,4,29,Made Shot,Driving Layup Shot,2PT Field Goal,Restricted Area,Center(C),Less Than 8 ft.,2,28,9,1,1,20251029,BOS,CLE,18910,0,1628366|1629631|1630596|1641854|1642281,1,REG,2026,1610612739,,,,,
22500128467,,Shot Chart Detail,22500128,467,1642281,Jaylon Tyson,1610612739,Cleveland Cavaliers,3,3,57,Made Shot,Cutting Layup Shot,2PT Field Goal,In The Paint (Non-RA),Center(C),Less Than 8 ft.,5,42,31,1,1,20251029,BOS,CLE,19230,0,1628366|1629631|1630596|1641854|1642281,1,REG,2026,1610612739,,,,,
22500128486,,Shot Chart Detail,22500128,486,1628386,Jarrett Allen,1610612739,Cleveland Cavaliers,3,3,24,Made Shot,Driving Floating Jump Shot,2PT Field Goal,Mid-Range,Left Side(L),8-16 ft.,9,-91,38,1,1,20251029,BOS,CLE,19560,0,1628366|1628378|1628386|1641854|1642281,1,REG,2026,1610612739,,,,,
22500128494,,Shot Chart Detail,22500128,494,1628386,Jarrett Allen,1610612739,Cleveland Cavaliers,3,2,57,Made Shot,Layup Shot,2PT Field Goal,Restricted Area,Center(C),Less Than 8 ft.,3,-31,11,1,1,20251029,BOS,CLE,19830,0,1628366|1628378|1628386|1641854|1642281,1,REG,2026,1610612739,,,,,
22500128499,,Shot Chart Detail,22500128,499,1628378,Donovan Mitchell,1610612739,Cleveland Cavaliers,3,2,33,Missed Shot,Running Layup Shot,2PT Field Goal,In The Paint (Non-RA),Center(C),Less Than 8 ft.,4,-33,29,1,0,20251029,BOS,CLE,20070,0,1628366|1628378|1628386|1641854|1642281,0,REG,2026,1610612739,,,,,
22500128509,,Shot Chart Detail,22500128,509,1628378,Donovan Mitchell,1610612739,Cleveland Cavaliers,3,1,40,Missed Shot,Driving Floating Jump Shot,2PT Field Goal,In The Paint (Non-RA),Right Side(R),8-16 ft.,10,56,87,1,0,20251029,BOS,CLE,20600,0,1628366|1628378|1628386|1641854|1642281,0,REG,2026,1610612739,,,,,
22500128517,,Shot Chart Detail,22500128,517,1628366,Lonzo Ball,1610612739,Cleveland Cavaliers,3,1,19,Missed Shot,Jump Shot,3PT Field Goal,Above the Break 3,Right Side Center(RC),24+ ft.,24,228,94,1,0,20251029,BOS,CLE,20810,0,1628366|1628378|1628386|1641854|1642281,0,REG,2026,1610612739,,,,,
22500128519,,Shot Chart Detail,22500128,519,1641854,Craig Porter Jr.,1610612739,Cleveland Cavaliers,3,1,16,Missed Shot,Putback Layup Shot,2PT Field Goal,In The Paint (Non-RA),Center(C),Less Than 8 ft.,7,-71,33,1,0,20251029,BOS,CLE,20840,0,1628366|1628378|1628386|1641854|1642281,0,REG,2026,1610612739,,,,,
22500128521,,Shot Chart Detail,22500128,521,1642281,Jaylon Tyson,1610612739,Cleveland Cavaliers,3,1,12,Made Shot,Jump Shot,3PT Field Goal,Left Corner 3,Left Side(L),24+ ft.,24,-232,84,1,1,20251029,BOS,CLE,20880,0,1628366|1628378|1628386|1641854|1642281,1,REG,2026,1610612739,,,,,
22500128525,,Shot Chart Detail,22500128,525,1642281,Jaylon Tyson,1610612739,Cleveland Cavaliers,3,0,37,Missed Shot,Jump Shot,3PT Field Goal,Above the Break 3,Right Side Center(RC),24+ ft.,24,114,222,1,0,20251029,BOS,CLE,21230,0,1628366|1628378|1628386|1641854|1642281,0,REG,2026,1610612739,,,,,
22500128527,,Shot Chart Detail,22500128,527,1642281,Jaylon Tyson,1610612739,Cleveland Cavaliers,3,0,31,Made Shot,Cutting Layup Shot,2PT Field Goal,Restricted Area,Center(C),Less Than 8 ft.,2,17,14,1,1,20251029,BOS,CLE,21290,0,1628366|1628378|1628386|1641854|1642281,1,REG,2026,1610612739,,,,,
22500128531,,Shot Chart Detail,22500128,531,1628366,Lonzo Ball,1610612739,Cleveland Cavaliers,3,0,1,Missed Shot,Jump Shot,3PT Field Goal,Above the Break 3,Center(C),24+ ft.,26,-72,257,1,0,20251029,BOS,CLE,21590,0,1628366|1628378|1628386|1641854|1642281,0,REG,2026,1610612739,,,,,
22500128544,,Shot Chart Detail,22500128,544,1641854,Craig Porter Jr.,1610612739,Cleveland Cavaliers,4,11,35,Made Shot,Pullup Jump shot,3PT Field Goal,Above the Break 3,Right Side Center(RC),24+ ft.,25,92,242,1,1,20251029,BOS,CLE,21850,0,1626204|1628378|1630596|1641854|1642281,1,REG,2026,1610612739,,,,,
22500128558,,Shot Chart Detail,22500128,558,1626204,Larry Nance Jr.,1610612739,Cleveland Cavaliers,4,10,30,Missed Shot,Jump Shot,3PT Field Goal,Above the Break 3,Right Side Center(RC),24+ ft.,25,214,137,1,0,20251029,BOS,CLE,22500,0,1626204|1628378|1630596|1641854|1642281,0,REG,2026,1610612739,,,,,
22500128560,,Shot Chart Detail,22500128,560,1642281,Jaylon Tyson,1610612739,Cleveland Cavaliers,4,10,26,Made Shot,Putback Layup Shot,2PT Field Goal,Restricted Area,Center(C),Less Than 8 ft.,2,-20,6,1,1,20251029,BOS,CLE,22540,0,1626204|1628378|1630596|1641854|1642281,0,REG,2026,1610612739,,,,,
22500128564,,Shot Chart Detail,22500128,564,1628378,Donovan Mitchell,1610612739,Cleveland Cavaliers,4,10,3,Missed Shot,Running Pull-Up Jump Shot,3PT Field Goal,Above the Break 3,Center(C),24+ ft.,25,-75,242,1,0,20251029,BOS,CLE,22770,0,1626204|1628378|1630596|1641854|1642281,0,REG,2026,1610612739,,,,,
22500128568,,Shot Chart Detail,22500128,568,1630596,Evan Mobley,1610612739,Cleveland Cavaliers,4,9,46,Made Shot,Driving Floating Bank Jump Shot,2PT Field Goal,In The Paint (Non-RA),Center(C),Less Than 8 ft.,4,-34,26,1,1,20251029,BOS,CLE,22940,0,1626204|1628378|1630596|1641854|1642281,1,REG,2026,1610612739,,,,,
22500128578,,Shot Chart Detail,22500128,578,1626204,Larry Nance Jr.,1610612739,Cleveland Cavaliers,4,9,13,Missed Shot,Running Jump Shot,3PT Field Goal,Above the Break 3,Right Side Center(RC),24+ ft.,25,113,232,1,0,20251029,BOS,CLE,23270,0,1626204|1628366|1628378|1630596|1642281,0,REG,2026,1610612739,,,,,
22500128582,,Shot Chart Detail,22500128,582,1642281,Jaylon Tyson,1610612739,Cleveland Cavaliers,4,8,43,Made Shot,Cutting Layup Shot,2PT Field Goal,In The Paint (Non-RA),Center(C),Less Than 8 ft.,4,18,41,1,1,20251029,BOS,CLE,23570,0,1626204|1628366|1628378|1630596|1642281,1,REG,2026,1610612739,,,,,
22500128593,,Shot Chart Detail,22500128,593,1629631,De'Andre Hunter,1610612739,Cleveland Cavaliers,4,8,34,Missed Shot,Driving Layup Shot,2PT Field Goal,In The Paint (Non-RA),Right Side(R),8-16 ft.,10,75,78,1,0,20251029,BOS,CLE,23660,0,1626204|1628366|1629631|1630596|1642281,0,REG,2026,1610612739,,,,,
22500128599,,Shot Chart Detail,22500128,599,1630596,Evan Mobley,1610612739,Cleveland Cavaliers,4,7,58,Missed Shot,Jump Shot,3PT Field Goal,Above the Break 3,Left Side Center(LC),24+ ft.,25,-138,211,1,0,20251029,BOS,CLE,24020,0,1626204|1628366|1629631|1630596|1642281,0,REG,2026,1610612739,,,,,
22500128601,,Shot Chart Detail,22500128,601,1642281,Jaylon Tyson,1610612739,Cleveland Cavaliers,4,7,52,Missed Shot,Jump Shot,3PT Field Goal,Above the Break 3,Left Side Center(LC),24+ ft.,25,-134,219,1,0,20251029,BOS,CLE,24080,0,1626204|1628366|1629631|1630596|1642281,0,REG,2026,1610612739,,,,,
22500128603,,Shot Chart Detail,22500128,603,1630596,Evan Mobley,1610612739,Cleveland Cavaliers,4,7,49,Made Shot,Tip Dunk Shot,2PT Field Goal,Restricted Area,Center(C),Less Than 8 ft.,0,0,0,1,1,20251029,BOS,CLE,24110,0,1626204|1628366|1629631|1630596|1642281,0,REG,2026,1610612739,,,,,
22500128612,,Shot Chart Detail,22500128,612,1628386,Jarrett Allen,1610612739,Cleveland Cavaliers,4,7,15,Missed Shot,Driving Hook Shot,2PT Field Goal,In The Paint (Non-RA),Right Side(R),8-16 ft.,8,62,53,1,0,20251029,BOS,CLE,24450,0,1626204|1628366|1628386|1629631|1629731,0,REG,2026,1610612739,,,,,
22500128623,,Shot Chart Detail,22500128,623,1629731,Dean Wade,1610612739,Cleveland Cavaliers,4,6,39,Missed Shot,Jump Shot,3PT Field Goal,Above the Break 3,Left Side Center(LC),24+ ft.,26,-89,250,1,0,20251029,BOS,CLE,24810,0,1626204|1628366|1628386|1629631|1629731,0,REG,2026,1610612739,,,,,
22500128634,,Shot Chart Detail,22500128,634,1630596,Evan Mobley,1610612739,Cleveland Cavaliers,4,6,31,Made Shot,Alley Oop Dunk Shot,2PT Field Goal,Restricted Area,Center(C),Less Than 8 ft.,1,-17,6,1,1,20251029,BOS,CLE,24890,0,1628366|1628378|1629631|1629731|1630596,1,REG,2026,1610612739,,,,,
22500128638,,Shot Chart Detail,22500128,638,1630596,Evan Mobley,1610612739,Cleveland Cavaliers,4,6,2,Made Shot,Running Layup Shot,2PT Field Goal,Restricted Area,Center(C),Less Than 8 ft.,2,-23,-4,1,1,20251029,BOS,CLE,25180,0,1628366|1628378|1629631|1629731|1630596,1,REG,2026,1610612739,,,,,
22500128642,,Shot Chart Detail,22500128,642,1630596,Evan Mobley,1610612739,Cleveland Cavaliers,4,5,27,Missed Shot,Running Pull-Up Jump Shot,3PT Field Goal,Above the Break 3,Center(C),24+ ft.,25,-38,252,1,0,20251029,BOS,CLE,25530,0,1628366|1628378|1629631|1629731|1630596,0,REG,2026,1610612739,,,,,
22500128649,,Shot Chart Detail,22500128,649,1628378,Donovan Mitchell,1610612739,Cleveland Cavaliers,4,5,20,Missed Shot,Jump Shot,3PT Field Goal,Above the Break 3,Center(C),24+ ft.,26,37,260,1,0,20251029,BOS,CLE,25600,0,1628366|1628378|1629631|1629731|1630596,0,REG,2026,1610612739,,,,,
22500128656,,Shot Chart Detail,22500128,656,1630596,Evan Mobley,1610612739,Cleveland Cavaliers,4,4,27,Missed Shot,Jump Shot,3PT Field Goal,Above the Break 3,Left Side Center(LC),24+ ft.,25,-169,197,1,0,20251029,BOS,CLE,26130,0,1628366|1628378|1629631|1629731|1630596,0,REG,2026,1610612739,,,,,
22500128670,,Shot Chart Detail,22500128,670,1629631,De'Andre Hunter,1610612739,Cleveland Cavaliers,4,3,38,Missed Shot,Jump Shot,3PT Field Goal,Above the Break 3,Center(C),24+ ft.,25,-54,250,1,0,20251029,BOS,CLE,26620,0,1628378|1629631|1629731|1630596|1642281,0,REG,2026,1610612739,,,,,
22500128676,,Shot Chart Detail,22500128,676,1629631,De'Andre Hunter,1610612739,Cleveland Cavaliers,4,2,56,Missed Shot,Step Back Jump shot,2PT Field Goal,Mid-Range,Center(C),8-16 ft.,14,33,146,1,0,20251029,BOS,CLE,27040,0,1628378|1629631|1629731|1630596|1642281,0,REG,2026,1610612739,,,,,
22500128679,,Shot Chart Detail,22500128,679,1630596,Evan Mobley,1610612739,Cleveland Cavaliers,4,2,51,Missed Shot,Jump Shot,3PT Field Goal,Above the Break 3,Left Side Center(LC),24+ ft.,25,-188,167,1,0,20251029,BOS,CLE,27090,0,1628378|1629631|1629731|1630596|1642281,0,REG,2026,1610612739,,,,,
22500128709,,Shot Chart Detail,22500128,709,1628418,Thomas Bryant,1610612739,Cleveland Cavaliers,4,1,53,Missed Shot,Jump Shot,3PT Field Goal,Above the Break 3,Center(C),24+ ft.,25,13,256,1,0,20251029,BOS,CLE,27670,0,1628418|1631247|1641854|1642281|1642878,0,REG,2026,1610612739,,,,,
22500128725,,Shot Chart Detail,22500128,725,1642878,Tyrese Proctor,1610612739,Cleveland Cavaliers,4,1,5,Made Shot,Step Back Jump shot,2PT Field Goal,Mid-Range,Left Side Center(LC),16-24 ft.,21,-93,196,1,1,20251029,BOS,CLE,28150,0,1628418|1631247|1641854|1642281|1642878,0,REG,2026,1610612739,,,,,
22500128736,,Shot Chart Detail,22500128,736,1628418,Thomas Bryant,1610612739,Cleveland Cavaliers,4,0,37,Missed Shot,Jump Shot,2PT Field Goal,Mid-Range,Left Side(L),8-16 ft.,15,-137,77,1,0,20251029,BOS,CLE,28430,0,1626204|1628418|1631247|1641854|1642878,0,REG,2026,1610612739,,,,,
225001519,,Shot Chart Detail,22500151,9,1629631,De'Andre Hunter,1610612739,Cleveland Cavaliers,1,11,33,Made Shot,Running Dunk Shot,2PT Field Goal,Restricted Area,Center(C),Less Than 8 ft.,1,15,-3,1,1,20251102,CLE,ATL,270,0,1626204|1628378|1629631|1630596|1642281,1,REG,2026,1610612739,,,,,
2250015113,,Shot Chart Detail,22500151,13,1630596,Evan Mobley,1610612739,Cleveland Cavaliers,1,11,16,Missed Shot,Driving Hook Shot,2PT Field Goal,In The Paint (Non-RA),Center(C),8-16 ft.,8,-25,79,1,0,20251102,CLE,ATL,440,0,1626204|1628378|1629631|1630596|1642281,0,REG,2026,1610612739,,,,,
2250015115,,Shot Chart Detail,22500151,15,1630596,Evan Mobley,1610612739,Cleveland Cavaliers,1,11,10,Made Shot,Putback Layup Shot,2PT Field Goal,Restricted Area,Center(C),Less Than 8 ft.,0,5,-3,1,1,20251102,CLE,ATL,500,0,1626204|1628378|1629631|1630596|1642281,0,REG,2026,1610612739,,,,,
2250015118,,Shot Chart Detail,22500151,18,1628378,Donovan Mitchell,1610612739,Cleveland Cavaliers,1,10,49,Made Shot,Running Jump Shot,3PT Field Goal,Left Corner 3,Left Side(L),24+ ft.,24,-237,38,1,1,20251102,CLE,ATL,710,0,1626204|1628378|1629631|1630596|1642281,1,REG,2026,1610612739,,,,,
2250015123,,Shot Chart Detail,22500151,23,1629631,De'Andre Hunter,1610612739,Cleveland Cavaliers,1,10,28,Made Shot,Running Jump Shot,3PT Field Goal,Above the Break 3,Center(C),24+ ft.,25,77,242,1,1,20251102,CLE,ATL,920,0,1626204|1628378|1629631|1630596|1642281,1,REG,2026,1610612739,,,,,
2250015127,,Shot Chart Detail,22500151,27,1642281,Jaylon Tyson,1610612739,Cleveland Cavaliers,1,9,46,Missed Shot,Jump Shot,3PT Field Goal,Left Corner 3,Left Side(L),24+ ft.,23,-238,20,1,0,20251102,CLE,ATL,1340,0,1626204|1628378|1629631|1630596|1642281,0,REG,2026,1610612739,,,,,
2250015131,,Shot Chart Detail,22500151,31,1628378,Donovan Mitchell,1610612739,Cleveland Cavaliers,1,9,20,Made Shot,Step Back Jump shot,3PT Field Goal,Above the Break 3,Left Side Center(LC),24+ ft.,25,-175,186,1,1,20251102,CLE,ATL,1600,0,1626204|1628378|1629631|1630596|1642281,0,REG,2026,1610612739,,,,,
2250015136,,Shot Chart Detail,22500151,36,1628378,Donovan Mitchell,1610612739,Cleveland Cavaliers,1,8,52,Made Shot,Jump Shot,3PT Field Goal,Above the Break 3,Right Side Center(RC),24+ ft.,27,132,239,1,1,20251102,CLE,ATL,1880,0,1626204|1628378|1629631|1630596|1642281,1,REG,2026,1610612739,,,,,
2250015142,,Shot Chart Detail,22500151,42,1630596,Evan Mobley,1610612739,Cleveland Cavaliers,1,8,26,Made Shot,Driving Hook Shot,2PT Field Goal,In The Paint (Non-RA),Center(C),Less Than 8 ft.,7,-56,42,1,1,20251102,CLE,ATL,2140,0,1626204|1628378|1629631|1630596|1642281,1,REG,2026,1610612739,,,,,
2250015151,,Shot Chart Detail,22500151,51,1630596,Evan Mobley,1610612739,Cleveland Cavaliers,1,8,6,Missed Shot,Driving Floating Jump Shot,2PT Field Goal,In The Paint (Non-RA),Center(C),Less Than 8 ft.,4,-31,34,1,0,20251102,CLE,ATL,2340,0,1626204|1628378|1629631|1630596|1642281,0,REG,2026,1610612739,,,,,
2250015158,,Shot Chart Detail,22500151,58,1628378,Donovan Mitchell,1610612739,Cleveland Cavaliers,1,7,33,Missed Shot,Pullup Jump shot,3PT Field Goal,Above the Break 3,Right Side Center(RC),24+ ft.,25,203,152,1,0,20251102,CLE,ATL,2670,0,1626204|1628378|1629631|1630596|1642281,0,REG,2026,1610612739,,,,,
2250015171,,Shot Chart Detail,22500151,71,1642281,Jaylon Tyson,1610612739,Cleveland Cavaliers,1,6,54,Missed Shot,Jump Shot,3PT Field Goal,Above the Break 3,Right Side Center(RC),24+ ft.,25,205,158,1,0,20251102,CLE,ATL,3060,0,1628366|1629631|1629731|1630596|1642281,0,REG,2026,1610612739,,,,,
2250015175,,Shot Chart Detail,22500151,75,1629731,Dean Wade,1610612739,Cleveland Cavaliers,1,6,42,Missed Shot,Jump Shot,3PT Field Goal,Right Corner 3,Right Side(R),24+ ft.,22,224,1,1,0,20251102,CLE,ATL,3180,0,1628366|1629631|1629731|1630596|1642281,0,REG,2026,1610612739,,,,,
2250015177,,Shot Chart Detail,22500151,77,1628366,Lonzo Ball,1610612739,Cleveland Cavaliers,1,6,36,Made Shot,Jump Shot,3PT Field Goal,Above the Break 3,Right Side Center(RC),24+ ft.,25,176,184,1,1,20251102,CLE,ATL,3240,0,1628366|1629631|1629731|1630596|1642281,1,REG,2026,1610612739,,,,,
2250015181,,Shot Chart Detail,22500151,81,1629631,De'Andre Hunter,1610612739,Cleveland Cavaliers,1,6,17,Missed Shot,Jump Shot,3PT Field Goal,Above the Break 3,Center(C),24+ ft.,30,78,298,1,0,20251102,CLE,ATL,3430,0,1628366|1629631|1629731|1630596|1642281,0,REG,2026,1610612739,,,,,
2250015183,,Shot Chart Detail,22500151,83,1630596,Evan Mobley,1610612739,Cleveland Cavaliers,1,6,6,Missed Shot,Cutting Finger Roll Layup Shot,2PT Field Goal,Restricted Area,Center(C),Less Than 8 ft.,1,4,18,1,0,20251102,CLE,ATL,3540,0,1628366|1629631|1629731|1630596|1642281,0,REG,2026,1610612739,,,,,
2250015193,,Shot Chart Detail,22500151,93,1629631,De'Andre Hunter,1610612739,Cleveland Cavaliers,1,5,37,Missed Shot,Jump Shot,3PT Field Goal,Above the Break 3,Center(C),24+ ft.,25,69,248,1,0,20251102,CLE,ATL,3830,0,1628366|1629631|1629731|1630596|1641854,0,REG,2026,1610612739,,,,,
22500151101,,Shot Chart Detail,22500151,101,1630596,Evan Mobley,1610612739,Cleveland Cavaliers,1,5,8,Missed Shot,Jump Shot,3PT Field Goal,Above the Break 3,Center(C),24+ ft.,25,-1,254,1,0,20251102,CLE,ATL,4120,0,1628366|1629631|1629731|1630596|1641854,0,REG,2026,1610612739,,,,,
22500151104,,Shot Chart Detail,22500151,104,1629631,De'Andre Hunter,1610612739,Cleveland Cavaliers,1,4,33,Missed Shot,Driving Layup Shot,2PT Field Goal,Restricted Area,Center(C),Less Than 8 ft.,1,7,15,1,0,20251102,CLE,ATL,4470,0,1628366|1629631|1629731|1630596|1641854,0,REG,2026,1610612739,,,,,
22500151120,,Shot Chart Detail,22500151,120,1628378,Donovan Mitchell,1610612739,Cleveland Cavaliers,1,4,7,Missed Shot,Driving Floating Jump Shot,2PT Field Goal,In The Paint (Non-RA),Center(C),Less Than 8 ft.,4,22,34,1,0,20251102,CLE,ATL,4730,0,1626204|1628366|1628378|1629731|1641854,0,REG,2026,1610612739,,,,,
22500151124,,Shot Chart Detail,22500151,124,1628378,Donovan Mitchell,1610612739,Cleveland Cavaliers,1,3,40,Missed Shot,Pullup Jump shot,3PT Field Goal,Above the Break 3,Center(C),24+ ft.,26,-12,260,1,0,20251102,CLE,ATL,5000,0,1626204|1628366|1628378|1629731|1641854,0,REG,2026,1610612739,,,,,
22500151128,,Shot Chart Detail,22500151,128,1628366,Lonzo Ball,1610612739,Cleveland Cavaliers,1,3,20,Missed Shot,Jump Shot,3PT Field Goal,Above the Break 3,Center(C),24+ ft.,26,-42,264,1,0,20251102,CLE,ATL,5200,0,1626204|1628366|1628378|1629731|1641854,0,REG,2026,1610612739,,,,,
22500151132,,Shot Chart Detail,22500151,132,1628366,Lonzo Ball,1610612739,Cleveland Cavaliers,1,3,6,Made Shot,Running Pull-Up Jump Shot,3PT Field Goal,Above the Break 3,Left Side Center(LC),24+ ft.,25,-205,158,1,1,20251102,CLE,ATL,5340,0,1626204|1628366|1628378|1629731|1641854,1,REG,2026,1610612739,,,,,
22500151136,,Shot Chart Detail,22500151,136,1628366,Lonzo Ball,1610612739,Cleveland Cavaliers,1,2,16,Made Shot,Jump Shot,2PT Field Goal,Mid-Range,Right Side(R),8-16 ft.,12,126,21,1,1,20251102,CLE,ATL,5840,0,1626204|1628366|1628378|1629731|1641854,0,REG,2026,1610612739,,,,,
22500151145,,Shot Chart Detail,22500151,145,1626204,Larry Nance Jr.,1610612739,Cleveland Cavaliers,1,1,50,Missed Shot,Floating Jump shot,2PT Field Goal,In The Paint (Non-RA),Center(C),Less Than 8 ft.,6,28,64,1,0,20251102,CLE,ATL,6100,0,1626204|1628366|1628378|1629731|1641854,0,REG,2026,1610612739,,,,,
22500151157,,Shot Chart Detail,22500151,157,1629731,Dean Wade,1610612739,Cleveland Cavaliers,1,0,46,Missed Shot,Jump Shot,3PT Field Goal,Above the Break 3,Right Side Center(RC),24+ ft.,25,224,115,1,0,20251102,CLE,ATL,6740,0,1626204|1628366|1628378|1629731|1641854,0,REG,2026,1610612739,,,,,
22500151166,,Shot Chart Detail,22500151,166,1629731,Dean Wade,1610612739,Cleveland Cavaliers,1,0,29,Made Shot,Cutting Layup Shot,2PT Field Goal,Restricted Area,Center(C),Less Than 8 ft.,1,6,12,1,1,20251102,CLE,ATL,6910,0,1626204|1628366|1629731|1630596|1642281,1,REG,2026,1610612739,,,,,
22500151180,,Shot Chart Detail,22500151,180,1628378,Donovan Mitchell,1610612739,Cleveland Cavaliers,1,0,1,Made Shot,Driving Floating Jump Shot,2PT Field Goal,In The Paint (Non-RA),Center(C),Less Than 8 ft.,7,1,76,1,1,20251102,CLE,ATL,7190,0,1628366|1628378|1629631|1629731|1630596,0,REG,2026,1610612739,,,,,
22500151198,,Shot Chart Detail,22500151,198,1628418,Thomas Bryant,1610612739,Cleveland Cavaliers,2,11,41,Missed Shot,Jump Shot,3PT Field Goal,Above the Break 3,Left Side Center(LC),24+ ft.,25,-162,195,1,0,20251102,CLE,ATL,7390,0,1628378|1628418|1630596|1642281|1642878,0,REG,2026,1610612739,,,,,
22500151204,,Shot Chart Detail,22500151,204,1630596,Evan Mobley,1610612739,Cleveland Cavaliers,2,11,3,Made Shot,Driving Floating Bank Jump Shot,2PT Field Goal,In The Paint (Non-RA),Center(C),Less Than 8 ft.,5,-50,32,1,1,20251102,CLE,ATL,7770,0,1628378|1628418|1630596|1642281|1642878,0,REG,2026,1610612739,,,,,
22500151215,,Shot Chart Detail,22500151,215,1630596,Evan Mobley,1610612739,Cleveland Cavaliers,2,9,39,Missed Shot,Step Back Jump shot,2PT Field Goal,Mid-Range,Center(C),16-24 ft.,17,10,172,1,0,20251102,CLE,ATL,8610,0,1628378|1628418|1630596|1642281|1642878,0,REG,2026,1610612739,,,,,
22500151223,,Shot Chart Detail,22500151,223,1642281,Jaylon Tyson,1610612739,Cleveland Cavaliers,2,9,6,Made Shot,Driving Layup Shot,2PT Field Goal,Restricted Area,Center(C),Less Than 8 ft.,1,9,6,1,1,20251102,CLE,ATL,8940,0,1628378|1628418|1630596|1642281|1642878,0,REG,2026,1610612739,,,,,
22500151233,,Shot Chart Detail,22500151,233,1642281,Jaylon Tyson,1610612739,Cleveland Cavaliers,2,8,36,Made Shot,Running Jump Shot,3PT Field Goal,Left Corner 3,Left Side(L),24+ ft.,24,-238,60,1,1,20251102,CLE,ATL,9240,0,1628378|1628418|1630596|1642281|1642878,1,REG,2026,1610612739,,,,,
22500151245,,Shot Chart Detail,22500151,245,1642878,Tyrese Proctor,1610612739,Cleveland Cavaliers,2,8,6,Missed Shot,Step Back Jump shot,3PT Field Goal,Above the Break 3,Center(C),24+ ft.,26,-64,257,1,0,20251102,CLE,ATL,9540,0,1628366|1628418|1630596|1642281|1642878,0,REG,2026,1610612739,,,,,
22500151249,,Shot Chart Detail,22500151,249,1642281,Jaylon Tyson,1610612739,Cleveland Cavaliers,2,7,41,Missed Shot,Jump Shot,3PT Field Goal,Right Corner 3,Right Side(R),24+ ft.,23,238,6,1,0,20251102,CLE,ATL,9790,0,1628366|1628418|1630596|1642281|1642878,0,REG,2026,1610612739,,,,,
22500151261,,Shot Chart Detail,22500151,261,1629731,Dean Wade,1610612739,Cleveland Cavaliers,2,7,23,Missed Shot,Turnaround Fadeaway shot,2PT Field Goal,In The Paint (Non-RA),Center(C),8-16 ft.,11,-18,111,1,0,20251102,CLE,ATL,9970,0,1628366|1628418|1629631|1629731|1641854,0,REG,2026,1610612739,,,,,
22500151264,,Shot Chart Detail,22500151,264,1629631,De'Andre Hunter,1610612739,Cleveland Cavaliers,2,6,57,Missed Shot,Jump Shot,2PT Field Goal,Mid-Range,Left Side Center(LC),16-24 ft.,17,-107,141,1,0,20251102,CLE,ATL,10230,0,1628366|1628418|1629631|1629731|1641854,0,REG,2026,1610612739,,,,,
22500151276,,Shot Chart Detail,22500151,276,1629631,De'Andre Hunter,1610612739,Cleveland Cavaliers,2,6,14,Missed Shot,Pullup Jump shot,3PT Field Goal,Above the Break 3,Right Side Center(RC),24+ ft.,25,153,207,1,0,20251102,CLE,ATL,10660,0,1626204|1628366|1629631|1629731|1641854,0,REG,2026,1610612739,,,,,
22500151281,,Shot Chart Detail,22500151,281,1628366,Lonzo Ball,1610612739,Cleveland Cavaliers,2,5,46,Missed Shot,Jump Shot,3PT Field Goal,Above the Break 3,Center(C),24+ ft.,25,13,253,1,0,20251102,CLE,ATL,10940,0,1626204|1628366|1629631|1629731|1641854,0,REG,2026,1610612739,,,,,
22500151288,,Shot Chart Detail,22500151,288,1626204,Larry Nance Jr.,1610612739,Cleveland Cavaliers,2,5,15,Missed Shot,Jump Shot,3PT Field Goal,Above the Break 3,Right Side Center(RC),24+ ft.,25,218,138,1,0,20251102,CLE,ATL,11250,0,1626204|1628366|1629631|1629731|1641854,0,REG,2026,1610612739,,,,,
22500151292,,Shot Chart Detail,22500151,292,1641854,Craig Porter Jr.,1610612739,Cleveland Cavaliers,2,5,0,Made Shot,Running Dunk Shot,2PT Field Goal,Restricted Area,Center(C),Less Than 8 ft.,1,-11,6,1,1,20251102,CLE,ATL,11400,0,1626204|1628366|1629631|1629731|1641854,1,REG,2026,1610612739,,,,,
22500151311,,Shot Chart Detail,22500151,311,1629731,Dean Wade,1610612739,Cleveland Cavaliers,2,4,18,Made Shot,Cutting Dunk Shot,2PT Field Goal,Restricted Area,Center(C),Less Than 8 ft.,0,1,1,1,1,20251102,CLE,ATL,11820,0,1626204|1628378|1629631|1629731|1630596,1,REG,2026,1610612739,,,,,
22500151316,,Shot Chart Detail,22500151,316,1630596,Evan Mobley,1610612739,Cleveland Cavaliers,2,3,35,Missed Shot,Pullup Jump shot,2PT Field Goal,In The Paint (Non-RA),Center(C),8-16 ft.,12,-49,110,1,0,20251102,CLE,ATL,12250,0,1626204|1628378|1629631|1629731|1630596,0,REG,2026,1610612739,,,,,
22500151320,,Shot Chart Detail,22500151,320,1629731,Dean Wade,1610612739,Cleveland Cavaliers,2,3,9,Made Shot,Jump Shot,3PT Field Goal,Left Corner 3,Left Side(L),24+ ft.,23,-235,15,1,1,20251102,CLE,ATL,12510,0,1626204|1628378|1629631|1629731|1630596,1,REG,2026,1610612739,,,,,
22500151325,,Shot Chart Detail,22500151,325,1628378,Donovan Mitchell,1610612739,Cleveland Cavaliers,2,2,43,Missed Shot,Jump Shot,3PT Field Goal,Above the Break 3,Left Side Center(LC),24+ ft.,25,-151,206,1,0,20251102,CLE,ATL,12770,0,1626204|1628378|1629631|1629731|1630596,0,REG,2026,1610612739,,,,,
22500151333,,Shot Chart Detail,22500151,333,1628378,Donovan Mitchell,1610612739,Cleveland Cavaliers,2,2,7,Missed Shot,Driving Floating Jump Shot,2PT Field Goal,In The Paint (Non-RA),Center(C),8-16 ft.,9,43,89,1,0,20251102,CLE,ATL,13130,0,1626204|1628378|1629631|1629731|1630596,0,REG,2026,1610612739,,,,,
22500151340,,Shot Chart Detail,22500151,340,1626204,Larry Nance Jr.,1610612739,Cleveland Cavaliers,2,1,40,Missed Shot,Jump Shot,3PT Field Goal,Right Corner 3,Right Side(R),24+ ft.,22,229,-4,1,0,20251102,CLE,ATL,13400,0,1626204|1628378|1629631|1629731|1630596,0,REG,2026,1610612739,,,,,
22500151342,,Shot Chart Detail,22500151,342,1628378,Donovan Mitchell,1610612739,Cleveland Cavaliers,2,1,34,Missed Shot,Pullup Jump shot,3PT Field Goal,Above the Break 3,Left Side Center(LC),24+ ft.,26,-99,248,1,0,20251102,CLE,ATL,13460,0,1626204|1628378|1629631|1629731|1630596,0,REG,2026,1610612739,,,,,
22500151344,,Shot Chart Detail,22500151,344,1626204,Larry Nance Jr.,1610612739,Cleveland Cavaliers,2,1,30,Missed Shot,Putback Layup Shot,2PT Field Goal,Restricted Area,Center(C),Less Than 8 ft.,0,6,6,1,0,20251102,CLE,ATL,13500,0,1626204|1628378|1629631|1629731|1630596,0,REG,2026,1610612739,,,,,
22500151349,,Shot Chart Detail,22500151,349,1628378,Donovan Mitchell,1610612739,Cleveland Cavaliers,2,1,17,Missed Shot,Running Jump Shot,3PT Field Goal,Right Corner 3,Right Side(R),24+ ft.,24,232,65,1,0,20251102,CLE,ATL,13630,0,1626204|1628378|1629631|1629731|1630596,0,REG,2026,1610612739,,,,,
22500151359,,Shot Chart Detail,22500151,359,1626204,Larry Nance Jr.,1610612739,Cleveland Cavaliers,2,0,35,Missed Shot,Cutting Layup Shot,2PT Field Goal,In The Paint (Non-RA),Center(C),Less Than 8 ft.,7,-65,28,1,0,20251102,CLE,ATL,14050,0,1626204|1628378|1629631|1629731|1630596,0,REG,2026,1610612739,,,,,
22500151362,,Shot Chart Detail,22500151,362,1629731,Dean Wade,1610612739,Cleveland Cavaliers,2,0,26,Missed Shot,Jump Shot,3PT Field Goal,Above the Break 3,Center(C),24+ ft.,26,47,256,1,0,20251102,CLE,ATL,14140,0,1626204|1628378|1629631|1629731|1630596,0,REG,2026,1610612739,,,,,
22500151372,,Shot Chart Detail,22500151,372,1629631,De'Andre Hunter,1610612739,Cleveland Cavaliers,3,11,41,Missed Shot,Jump Shot,3PT Field Goal,Above the Break 3,Left Side Center(LC),24+ ft.,25,-190,163,1,0,20251102,CLE,ATL,14590,0,1626204|1628378|1629631|1630596|1642281,0,REG,2026,1610612739,,,,,
22500151376,,Shot Chart Detail,22500151,376,1628378,Donovan Mitchell,1610612739,Cleveland Cavaliers,3,11,14,Made Shot,Jump Shot,3PT Field Goal,Left Corner 3,Left Side(L),24+ ft.,22,-229,10,1,1,20251102,CLE,ATL,14860,0,1626204|1628378|1629631|1630596|1642281,1,REG,2026,1610612739,,,,,
22500151380,,Shot Chart Detail,22500151,380,1626204,Larry Nance Jr.,1610612739,Cleveland Cavaliers,3,10,43,Made Shot,Running Dunk Shot,2PT Field Goal,Restricted Area,Center(C),Less Than 8 ft.,1,6,11,1,1,20251102,CLE,ATL,15170,0,1626204|1628378|1629631|1630596|1642281,1,REG,2026,1610612739,,,,,
22500151389,,Shot Chart Detail,22500151,389,1626204,Larry Nance Jr.,1610612739,Cleveland Cavaliers,3,9,58,Missed Shot,Jump Shot,3PT Field Goal,Above the Break 3,Center(C),24+ ft.,25,78,242,1,0,20251102,CLE,ATL,15620,0,1626204|1628378|1629631|1630596|1642281,0,REG,2026,1610612739,,,,,
22500151396,,Shot Chart Detail,22500151,396,1628378,Donovan Mitchell,1610612739,Cleveland Cavaliers,3,9,41,Made Shot,Pullup Jump shot,2PT Field Goal,Mid-Range,Center(C),8-16 ft.,15,34,147,1,1,20251102,CLE,ATL,15790,0,1626204|1628378|1629631|1630596|1642281,0,REG,2026,1610612739,,,,,
22500151399,,Shot Chart Detail,22500151,399,1642281,Jaylon Tyson,1610612739,Cleveland Cavaliers,3,9,13,Missed Shot,Running Jump Shot,3PT Field Goal,Above the Break 3,Left Side Center(LC),24+ ft.,25,-174,182,1,0,20251102,CLE,ATL,16070,0,1626204|1628378|1629631|1630596|1642281,0,REG,2026,1610612739,,,,,
22500151403,,Shot Chart Detail,22500151,403,1628378,Donovan Mitchell,1610612739,Cleveland Cavaliers,3,8,41,Made Shot,Jump Shot,3PT Field Goal,Above the Break 3,Right Side Center(RC),24+ ft.,29,159,253,1,1,20251102,CLE,ATL,16390,0,1626204|1628378|1629631|1630596|1642281,1,REG,2026,1610612739,,,,,
22500151407,,Shot Chart Detail,22500151,407,1629631,De'Andre Hunter,1610612739,Cleveland Cavaliers,3,8,21,Made Shot,Driving Reverse Layup Shot,2PT Field Goal,Restricted Area,Center(C),Less Than 8 ft.,0,-1,4,1,1,20251102,CLE,ATL,16590,0,1626204|1628378|1629631|1630596|1642281,1,REG,2026,1610612739,,,,,
22500151418,,Shot Chart Detail,22500151,418,1642281,Jaylon Tyson,1610612739,Cleveland Cavaliers,3,7,47,Made Shot,Jump Shot,3PT Field Goal,Left Corner 3,Left Side(L),24+ ft.,23,-238,-16,1,1,20251102,CLE,ATL,16930,0,1626204|1628378|1629631|1630596|1642281,1,REG,2026,1610612739,,,,,
22500151436,,Shot Chart Detail,22500151,436,1630596,Evan Mobley,1610612739,Cleveland Cavaliers,3,7,22,Missed Shot,Turnaround Hook Shot,2PT Field Goal,In The Paint (Non-RA),Center(C),8-16 ft.,11,14,117,1,0,20251102,CLE,ATL,17180,0,1628366|1629631|1630596|1641854|1642281,0,REG,2026,1610612739,,,,,
22500151428,,Shot Chart Detail,22500151,428,1630596,Evan Mobley,1610612739,Cleveland Cavaliers,3,7,16,Missed Shot,Jump Shot,3PT Field Goal,Above the Break 3,Center(C),24+ ft.,25,-26,250,1,0,20251102,CLE,ATL,17240,0,1628366|1629631|1630596|1641854|1642281,0,REG,2026,1610612739,,,,,
22500151430,,Shot Chart Detail,22500151,430,1628366,Lonzo Ball,1610612739,Cleveland Cavaliers,3,7,8,Missed Shot,Jump Shot,3PT Field Goal,Left Corner 3,Left Side(L),24+ ft.,24,-240,-23,1,0,20251102,CLE,ATL,17320,0,1628366|1629631|1630596|1641854|1642281,0,REG,2026,1610612739,,,,,
22500151450,,Shot Chart Detail,22500151,450,1642281,Jaylon Tyson,1610612739,Cleveland Cavaliers,3,6,16,Missed Shot,Running Jump Shot,3PT Field Goal,Above the Break 3,Right Side Center(RC),24+ ft.,25,172,193,1,0,20251102,CLE,ATL,17840,0,1628366|1629631|1630596|1641854|1642281,0,REG,2026,1610612739,,,,,
22500151456,,Shot Chart Detail,22500151,456,1642281,Jaylon Tyson,1610612739,Cleveland Cavaliers,3,6,3,Missed Shot,Driving Floating Bank Jump Shot,2PT Field Goal,Restricted Area,Center(C),Less Than 8 ft.,1,-2,15,1,0,20251102,CLE,ATL,17970,0,1628366|1629631|1630596|1641854|1642281,0,REG,2026,1610612739,,,,,
22500151454,,Shot Chart Detail,22500151,454,1629631,De'Andre Hunter,1610612739,Cleveland Cavaliers,3,5,59,Missed Shot,Jump Shot,3PT Field Goal,Above the Break 3,Center(C),24+ ft.,25,-33,255,1,0,20251102,CLE,ATL,18010,0,1628366|1629631|1630596|1641854|1642281,0,REG,2026,1610612739,,,,,
22500151481,,Shot Chart Detail,22500151,481,1642281,Jaylon Tyson,1610612739,Cleveland Cavaliers,3,5,55,Missed Shot,Putback Layup Shot,2PT Field Goal,Restricted Area,Center(C),Less Than 8 ft.,3,23,24,1,0,20251102,CLE,ATL,18050,0,1628366|1629631|1630596|1641854|1642281,0,REG,2026,1610612739,,,,,
22500151471,,Shot Chart Detail,22500151,471,1629731,Dean Wade,1610612739,Cleveland Cavaliers,3,5,1,Made Shot,Jump Shot,3PT Field Goal,Right Corner 3,Right Side(R),24+ ft.,23,235,6,1,1,20251102,CLE,ATL,18590,0,1628366|1629631|1629731|1630596|1641854,1,REG,2026,1610612739,,,,,
22500151479,,Shot Chart Detail,22500151,479,1629631,De'Andre Hunter,1610612739,Cleveland Cavaliers,3,4,27,Made Shot,Running Layup Shot,2PT Field Goal,Restricted Area,Center(C),Less Than 8 ft.,2,0,20,1,1,20251102,CLE,ATL,18930,0,1628366|1629631|1629731|1630596|1641854,1,REG,2026,1610612739,,,,,
22500151490,,Shot Chart Detail,22500151,490,1628378,Donovan Mitchell,1610612739,Cleveland Cavaliers,3,3,56,Made Shot,Pullup Jump shot,3PT Field Goal,Above the Break 3,Right Side Center(RC),24+ ft.,27,129,240,1,1,20251102,CLE,ATL,19240,0,1626204|1628366|1628378|1629731|1641854,1,REG,2026,1610612739,,,,,
22500151502,,Shot Chart Detail,22500151,502,1628378,Donovan Mitchell,1610612739,Cleveland Cavaliers,3,3,19,Made Shot,Step Back Jump shot,2PT Field Goal,Mid-Range,Right Side Center(RC),16-24 ft.,19,126,148,1,1,20251102,CLE,ATL,19610,0,1626204|1628366|1628378|1629731|1641854,0,REG,2026,1610612739,,,,,
22500151505,,Shot Chart Detail,22500151,505,1626204,Larry Nance Jr.,1610612739,Cleveland Cavaliers,3,2,51,Missed Shot,Running Layup Shot,2PT Field Goal,In The Paint (Non-RA),Center(C),Less Than 8 ft.,5,-38,34,1,0,20251102,CLE,ATL,19890,0,1626204|1628366|1628378|1629731|1641854,0,REG,2026,1610612739,,,,,
22500151509,,Shot Chart Detail,22500151,509,1628378,Donovan Mitchell,1610612739,Cleveland Cavaliers,3,2,18,Missed Shot,Pullup Jump shot,3PT Field Goal,Above the Break 3,Left Side Center(LC),24+ ft.,26,-153,220,1,0,20251102,CLE,ATL,20220,0,1626204|1628366|1628378|1629731|1641854,0,REG,2026,1610612739,,,,,
22500151517,,Shot Chart Detail,22500151,517,1626204,Larry Nance Jr.,1610612739,Cleveland Cavaliers,3,1,44,Missed Shot,Jump Shot,3PT Field Goal,Above the Break 3,Center(C),24+ ft.,25,69,245,1,0,20251102,CLE,ATL,20560,0,1626204|1628366|1628378|1629731|1641854,0,REG,2026,1610612739,,,,,
22500151521,,Shot Chart Detail,22500151,521,1628366,Lonzo Ball,1610612739,Cleveland Cavaliers,3,1,8,Missed Shot,Jump Shot,3PT Field Goal,Above the Break 3,Right Side Center(RC),24+ ft.,25,225,117,1,0,20251102,CLE,ATL,20920,0,1626204|1628366|1628378|1629731|1641854,0,REG,2026,1610612739,,,,,
22500151559,,Shot Chart Detail,22500151,559,1628378,Donovan Mitchell,1610612739,Cleveland Cavaliers,4,11,25,Made Shot,Jump Shot,3PT Field Goal,Above the Break 3,Center(C),24+ ft.,25,0,257,1,1,20251102,CLE,ATL,21950,0,1628378|1630596|1641854|1642281|1642878,1,REG,2026,1610612739,,,,,
22500151563,,Shot Chart Detail,22500151,563,1628378,Donovan Mitchell,1610612739,Cleveland Cavaliers,4,10,55,Missed Shot,Jump Shot,3PT Field Goal,Above the Break 3,Center(C),24+ ft.,27,60,269,1,0,20251102,CLE,ATL,22250,0,1628378|1630596|1641854|1642281|1642878,0,REG,2026,1610612739,,,,,
22500151571,,Shot Chart Detail,22500151,571,1642281,Jaylon Tyson,1610612739,Cleveland Cavaliers,4,10,25,Made Shot,Jump Shot,3PT Field Goal,Above the Break 3,Right Side Center(RC),24+ ft.,25,184,180,1,1,20251102,CLE,ATL,22550,0,1628378|1630596|1641854|1642281|1642878,1,REG,2026,1610612739,,,,,
22500151576,,Shot Chart Detail,22500151,576,1630596,Evan Mobley,1610612739,Cleveland Cavaliers,4,9,47,Missed Shot,Turnaround Hook Shot,2PT Field Goal,Restricted Area,Center(C),Less Than 8 ft.,2,-1,24,1,0,20251102,CLE,ATL,22930,0,1628378|1630596|1641854|1642281|1642878,0,REG,2026,1610612739,,,,,
22500151596,,Shot Chart Detail,22500151,596,1641854,Craig Porter Jr.,1610612739,Cleveland Cavaliers,4,8,37,Made Shot,Driving Reverse Layup Shot,2PT Field Goal,Restricted Area,Center(C),Less Than 8 ft.,0,-1,9,1,1,20251102,CLE,ATL,23630,0,1628378|1629731|1630596|1641854|1642878,1,REG,2026,1610612739,,,,,
22500151615,,Shot Chart Detail,22500151,615,1629731,Dean Wade,1610612739,Cleveland Cavaliers,4,7,52,Missed Shot,Jump Shot,3PT Field Goal,Right Corner 3,Right Side(R),24+ ft.,23,233,30,1,0,20251102,CLE,ATL,24080,0,1628366|1629731|1630596|1641854|1642878,0,REG,2026,1610612739,,,,,
22500151628,,Shot Chart Detail,22500151,628,1642878,Tyrese Proctor,1610612739,Cleveland Cavaliers,4,7,20,Missed Shot,Pullup Jump shot,3PT Field Goal,Above the Break 3,Center(C),24+ ft.,25,11,252,1,0,20251102,CLE,ATL,24400,0,1628366|1629631|1629731|1641854|1642878,0,REG,2026,1610612739,,,,,
22500151633,,Shot Chart Detail,22500151,633,1642878,Tyrese Proctor,1610612739,Cleveland Cavaliers,4,6,56,Made Shot,Running Layup Shot,2PT Field Goal,Restricted Area,Center(C),Less Than 8 ft.,0,6,3,1,1,20251102,CLE,ATL,24640,0,1628366|1629631|1629731|1641854|1642878,1,REG,2026,1610612739,,,,,
22500151636,,Shot Chart Detail,22500151,636,1628366,Lonzo Ball,1610612739,Cleveland Cavaliers,4,6,30,Missed Shot,Floating Jump shot,2PT Field Goal,In The Paint (Non-RA),Center(C),8-16 ft.,13,2,135,1,0,20251102,CLE,ATL,24900,0,1628366|1629631|1629731|1641854|1642878,0,REG,2026,1610612739,,,,,
22500151638,,Shot Chart Detail,22500151,638,1629631,De'Andre Hunter,1610612739,Cleveland Cavaliers,4,6,24,Made Shot,Jump Shot,3PT Field Goal,Above the Break 3,Right Side Center(RC),24+ ft.,26,147,222,1,1,20251102,CLE,ATL,24960,0,1628366|1629631|1629731|1641854|1642878,1,REG,2026,1610612739,,,,,
22500151649,,Shot Chart Detail,22500151,649,1628378,Donovan Mitchell,1610612739,Cleveland Cavaliers,4,6,2,Made Shot,Running Pull-Up Jump Shot,3PT Field Goal,Above the Break 3,Right Side Center(RC),24+ ft.,26,172,197,1,1,20251102,CLE,ATL,25180,0,1628366|1628378|1629631|1629731|1642878,1,REG,2026,1610612739,,,,,
22500151658,,Shot Chart Detail,22500151,658,1629631,De'Andre Hunter,1610612739,Cleveland Cavaliers,4,5,20,Missed Shot,Jump Shot,3PT Field Goal,Right Corner 3,Right Side(R),24+ ft.,23,232,3,1,0,20251102,CLE,ATL,25600,0,1628366|1628378|1629631|1629731|1642878,0,REG,2026,1610612739,,,,,
22500151673,,Shot Chart Detail,22500151,673,1630596,Evan Mobley,1610612739,Cleveland Cavaliers,4,4,28,Made Shot,Cutting Dunk Shot,2PT Field Goal,Restricted Area,Center(C),Less Than 8 ft.,1,5,10,1,1,20251102,CLE,ATL,26120,0,1628366|1628378|1629631|1630596|1642281,1,REG,2026,1610612739,,,,,
22500151679,,Shot Chart Detail,22500151,679,1630596,Evan Mobley,1610612739,Cleveland Cavaliers,4,4,11,Made Shot,Running Layup Shot,2PT Field Goal,Restricted Area,Center(C),Less Than 8 ft.,1,-6,11,1,1,20251102,CLE,ATL,26290,0,1628366|1628378|1629631|1630596|1642281,1,REG,2026,1610612739,,,,,
22500151686,,Shot Chart Detail,22500151,686,1642281,Jaylon Tyson,1610612739,Cleveland Cavaliers,4,3,44,Made Shot,Jump Shot,3PT Field Goal,Right Corner 3,Right Side(R),24+ ft.,23,234,8,1,1,20251102,CLE,ATL,26560,0,1628366|1628378|1629631|1630596|1642281,1,REG,2026,1610612739,,,,,
22500151691,,Shot Chart Detail,22500151,691,1630596,Evan Mobley,1610612739,Cleveland Cavaliers,4,3,6,Missed Shot,Turnaround Fadeaway shot,2PT Field Goal,Mid-Range,Right Side(R),8-16 ft.,15,99,113,1,0,20251102,CLE,ATL,26940,0,1628366|1628378|1629631|1630596|1642281,0,REG,2026,1610612739,,,,,
22500151693,,Shot Chart Detail,22500151,693,1629631,De'Andre Hunter,1610612739,Cleveland Cavaliers,4,3,1,Missed Shot,Jump Shot,3PT Field Goal,Left Corner 3,Left Side(L),24+ ft.,22,-222,29,1,0,20251102,CLE,ATL,26990,0,1628366|1628378|1629631|1630596|1642281,0,REG,2026,1610612739,,,,,
22500151697,,Shot Chart Detail,22500151,697,1628378,Donovan Mitchell,1610612739,Cleveland Cavaliers,4,2,33,Made Shot,Driving Floating Jump Shot,2PT Field Goal,In The Paint (Non-RA),Center(C),8-16 ft.,12,-50,111,1,1,20251102,CLE,ATL,27270,0,1628366|1628378|1629631|1630596|1642281,0,REG,2026,1610612739,,,,,
22500151711,,Shot Chart Detail,22500151,711,1642281,Jaylon Tyson,1610612739,Cleveland Cavaliers,4,1,35,Missed Shot,Jump Shot,3PT Field Goal,Left Corner 3,Left Side(L),24+ ft.,23,-230,8,1,0,20251102,CLE,ATL,27850,0,1628366|1628378|1629631|1630596|1642281,0,REG,2026,1610612739,,,,,
22500151715,,Shot Chart Detail,22500151,715,1630596,Evan Mobley,1610612739,Cleveland Cavaliers,4,1,24,Made Shot,Pullup Jump shot,3PT Field Goal,Above the Break 3,Center(C),24+ ft.,25,-48,246,1,1,20251102,CLE,ATL,27960,0,1628366|1628378|1629631|1630596|1642281,0,REG,2026,1610612739,,,,,
22500151728,,Shot Chart Detail,22500151,728,1642281,Jaylon Tyson,1610612739,Cleveland Cavaliers,4,0,50,Made Shot,Jump Shot,3PT Field Goal,Left Corner 3,Left Side(L),24+ ft.,22,-222,-4,1,1,20251102,CLE,ATL,28300,0,1628366|1628378|1629631|1630596|1642281,1,REG,2026,1610612739,,,,,
225001717,,Shot Chart Detail,22500171,7,1628378,Donovan Mitchell,1610612739,Cleveland Cavaliers,1,11,49,Missed Shot,Jump Shot,3PT Field Goal,Above the Break 3,Right Side Center(RC),24+ ft.,26,169,199,1,0,20251105,CLE,PHI,110,0,1628378|1628386|1629636|1630596|1642281,0,REG,2026,1610612739,,,,,
225001719,,Shot Chart Detail,22500171,9,1642281,Jaylon Tyson,1610612739,Cleveland Cavaliers,1,11,41,Made Shot,Tip Layup Shot,2PT Field Goal,Restricted Area,Center(C),Less Than 8 ft.,0,0,0,1,1,20251105,CLE,PHI,190,0,1628378|1628386|1629636|1630596|1642281,0,REG,2026,1610612739,,,,,
2250017112,,Shot Chart Detail,22500171,12,1629636,Darius Garland,1610612739,Cleveland Cavaliers,1,11,28,Missed Shot,Running Jump Shot,3PT Field Goal,Above the Break 3,Right Side Center(RC),24+ ft.,24,228,100,1,0,20251105,CLE,PHI,320,0,1628378|1628386|1629636|1630596|1642281,0,REG,2026,1610612739,,,,,
2250017115,,Shot Chart Detail,22500171,15,1630596,Evan Mobley,1610612739,Cleveland Cavaliers,1,11,13,Missed Shot,Hook Bank Shot,2PT Field Goal,Restricted Area,Center(C),Less Than 8 ft.,3,31,17,1,0,20251105,CLE,PHI,470,0,1628378|1628386|1629636|1630596|1642281,0,REG,2026,1610612739,,,,,
2250017119,,Shot Chart Detail,22500171,19,1629636,Darius Garland,1610612739,Cleveland Cavaliers,1,10,48,Made Shot,Jump Shot,3PT Field Goal,Left Corner 3,Left Side(L),24+ ft.,23,-234,6,1,1,20251105,CLE,PHI,720,0,1628378|1628386|1629636|1630596|1642281,1,REG,2026,1610612739,,,,,
2250017123,,Shot Chart Detail,22500171,23,1630596,Evan Mobley,1610612739,Cleveland Cavaliers,1,10,17,Made Shot,Running Dunk Shot,2PT Field Goal,Restricted Area,Center(C),Less Than 8 ft.,1,1,12,1,1,20251105,CLE,PHI,1030,0,1628378|1628386|1629636|1630596|1642281,1,REG,2026,1610612739,,,,,
2250017126,,Shot Chart Detail,22500171,26,1628378,Donovan Mitchell,1610612739,Cleveland Cavaliers,1,9,57,Made Shot,Jump Shot,3PT Field Goal,Left Corner 3,Left Side(L),24+ ft.,24,-238,38,1,1,20251105,CLE,PHI,1230,0,1628378|1628386|1629636|1630596|1642281,1,REG,2026,1610612739,,,,,
2250017129,,Shot Chart Detail,22500171,29,1628386,Jarrett Allen,1610612739,Cleveland Cavaliers,1,9,31,Made Shot,Reverse Layup Shot,2PT Field Goal,Restricted Area,Center(C),Less Than 8 ft.,1,7,10,1,1,20251105,CLE,PHI,1490,0,1628378|1628386|1629636|1630596|1642281,0,REG,2026,1610612739,,,,,
2250017136,,Shot Chart Detail,22500171,36,1628378,Donovan Mitchell,1610612739,Cleveland Cavaliers,1,8,53,Made Shot,Running Finger Roll Layup Shot,2PT Field Goal,Restricted Area,Center(C),Less Than 8 ft.,1,5,12,1,1,20251105,CLE,PHI,1870,0,1628378|1628386|1629636|1630596|1642281,0,REG,2026,1610612739,,,,,
2250017144,,Shot Chart Detail,22500171,44,1628386,Jarrett Allen,1610612739,Cleveland Cavaliers,1,8,6,Missed Shot,Jump Shot,3PT Field Goal,Left Corner 3,Left Side(L),24+ ft.,23,-233,26,1,0,20251105,CLE,PHI,2340,0,1628378|1628386|1629636|1630596|1642281,0,REG,2026,1610612739,,,,,
2250017148,,Shot Chart Detail,22500171,48,1628378,Donovan Mitchell,1610612739,Cleveland Cavaliers,1,7,57,Made Shot,Running Jump Shot,3PT Field Goal,Above the Break 3,Left Side Center(LC),24+ ft.,25,-196,169,1,1,20251105,CLE,PHI,2430,0,1628378|1628386|1629636|1630596|1642281,1,REG,2026,1610612739,,,,,
2250017160,,Shot Chart Detail,22500171,60,1630596,Evan Mobley,1610612739,Cleveland Cavaliers,1,7,25,Missed Shot,Fadeaway Bank shot,2PT Field Goal,In The Paint (Non-RA),Center(C),Less Than 8 ft.,5,47,22,1,0,20251105,CLE,PHI,2750,0,1628378|1628386|1629636|1630596|1642281,0,REG,2026,1610612739,,,,,
2250017170,,Shot Chart Detail,22500171,70,1630596,Evan Mobley,1610612739,Cleveland Cavaliers,1,6,51,Made Shot,Turnaround Fadeaway shot,2PT Field Goal,In The Paint (Non-RA),Center(C),8-16 ft.,9,42,88,1,1,20251105,CLE,PHI,3090,0,1628366|1629636|1629731|1630596|1642281,1,REG,2026,1610612739,,,,,
2250017180,,Shot Chart Detail,22500171,80,1630241,Sam Merrill,1610612739,Cleveland Cavaliers,1,6,33,Made Shot,Jump Shot,3PT Field Goal,Right Corner 3,Right Side(R),24+ ft.,24,233,76,1,1,20251105,CLE,PHI,3270,0,1628366|1629636|1630241|1630596|1642281,1,REG,2026,1610612739,,,,,
2250017187,,Shot Chart Detail,22500171,87,1630241,Sam Merrill,1610612739,Cleveland Cavaliers,1,5,50,Missed Shot,Jump Shot,3PT Field Goal,Above the Break 3,Left Side Center(LC),24+ ft.,24,-221,111,1,0,20251105,CLE,PHI,3700,0,1626204|1628366|1630241|1630596|1642281,0,REG,2026,1610612739,,,,,
2250017189,,Shot Chart Detail,22500171,89,1630596,Evan Mobley,1610612739,Cleveland Cavaliers,1,5,48,Missed Shot,Putback Layup Shot,2PT Field Goal,Restricted Area,Center(C),Less Than 8 ft.,2,-26,6,1,0,20251105,CLE,PHI,3720,0,1626204|1628366|1630241|1630596|1642281,0,REG,2026,1610612739,,,,,
2250017192,,Shot Chart Detail,22500171,92,1628366,Lonzo Ball,1610612739,Cleveland Cavaliers,1,5,43,Missed Shot,Jump Shot,3PT Field Goal,Above the Break 3,Center(C),24+ ft.,25,-40,254,1,0,20251105,CLE,PHI,3770,0,1626204|1628366|1630241|1630596|1642281,0,REG,2026,1610612739,,,,,
2250017194,,Shot Chart Detail,22500171,94,1642281,Jaylon Tyson,1610612739,Cleveland Cavaliers,1,5,39,Missed Shot,Jump Shot,3PT Field Goal,Above the Break 3,Left Side Center(LC),24+ ft.,25,-197,169,1,0,20251105,CLE,PHI,3810,0,1626204|1628366|1630241|1630596|1642281,0,REG,2026,1610612739,,,,,
2250017198,,Shot Chart Detail,22500171,98,1630596,Evan Mobley,1610612739,Cleveland Cavaliers,1,5,21,Made Shot,Jump Shot,3PT Field Goal,Above the Break 3,Left Side Center(LC),24+ ft.,25,-103,233,1,1,20251105,CLE,PHI,3990,0,1626204|1628366|1630241|1630596|1642281,1,REG,2026,1610612739,,,,,
22500171107,,Shot Chart Detail,22500171,107,1630596,Evan Mobley,1610612739,Cleveland Cavaliers,1,5,1,Made Shot,Jump Shot,3PT Field Goal,Above the Break 3,Center(C),24+ ft.,25,53,249,1,1,20251105,CLE,PHI,4190,0,1626204|1628366|1630241|1630596|1642281,1,REG,2026,1610612739,,,,,
22500171113,,Shot Chart Detail,22500171,113,1630596,Evan Mobley,1610612739,Cleveland Cavaliers,1,4,38,Made Shot,Dunk Shot,2PT Field Goal,Restricted Area,Center(C),Less Than 8 ft.,1,11,8,1,1,20251105,CLE,PHI,4420,0,1626204|1628366|1630241|1630596|1642281,1,REG,2026,1610612739,,,,,
22500171124,,Shot Chart Detail,22500171,124,1628386,Jarrett Allen,1610612739,Cleveland Cavaliers,1,3,54,Missed Shot,Driving Floating Jump Shot,2PT Field Goal,In The Paint (Non-RA),Center(C),Less Than 8 ft.,5,28,46,1,0,20251105,CLE,PHI,4860,0,1626204|1628366|1628378|1628386|1630241,0,REG,2026,1610612739,,,,,
22500171131,,Shot Chart Detail,22500171,131,1628386,Jarrett Allen,1610612739,Cleveland Cavaliers,1,3,18,Missed Shot,Jump Shot,3PT Field Goal,Right Corner 3,Right Side(R),24+ ft.,24,234,69,1,0,20251105,CLE,PHI,5220,0,1626204|1628366|1628378|1628386|1630241,0,REG,2026,1610612739,,,,,
22500171141,,Shot Chart Detail,22500171,141,1628386,Jarrett Allen,1610612739,Cleveland Cavaliers,1,2,44,Made Shot,Driving Bank Hook Shot,2PT Field Goal,Restricted Area,Center(C),Less Than 8 ft.,1,10,15,1,1,20251105,CLE,PHI,5560,0,1626204|1628366|1628378|1628386|1630241,1,REG,2026,1610612739,,,,,
22500171156,,Shot Chart Detail,22500171,156,1626204,Larry Nance Jr.,1610612739,Cleveland Cavaliers,1,1,46,Missed Shot,Jump Shot,3PT Field Goal,Right Corner 3,Right Side(R),24+ ft.,24,233,79,1,0,20251105,CLE,PHI,6140,0,1626204|1628366|1628378|1628386|1630241,0,REG,2026,1610612739,,,,,
22500171158,,Shot Chart Detail,22500171,158,1628386,Jarrett Allen,1610612739,Cleveland Cavaliers,1,1,42,Missed Shot,Driving Dunk Shot,2PT Field Goal,Restricted Area,Center(C),Less Than 8 ft.,2,11,27,1,0,20251105,CLE,PHI,6180,0,1626204|1628366|1628378|1628386|1630241,0,REG,2026,1610612739,,,,,
22500171163,,Shot Chart Detail,22500171,163,1628386,Jarrett Allen,1610612739,Cleveland Cavaliers,1,1,15,Made Shot,Floating Jump shot,2PT Field Goal,In The Paint (Non-RA),Center(C),8-16 ft.,13,47,122,1,1,20251105,CLE,PHI,6450,0,1626204|1628366|1628378|1628386|1630241,1,REG,2026,1610612739,,,,,
22500171169,,Shot Chart Detail,22500171,169,1628378,Donovan Mitchell,1610612739,Cleveland Cavaliers,1,0,47,Made Shot,Step Back Jump shot,3PT Field Goal,Above the Break 3,Right Side Center(RC),24+ ft.,25,218,130,1,1,20251105,CLE,PHI,6730,0,1626204|1628366|1628378|1628386|1630241,0,REG,2026,1610612739,,,,,
22500171190,,Shot Chart Detail,22500171,190,1626204,Larry Nance Jr.,1610612739,Cleveland Cavaliers,1,0,0,Missed Shot,Jump Shot,3PT Field Goal,Left Corner 3,Left Side(L),24+ ft.,23,-230,18,1,0,20251105,CLE,PHI,7200,0,1626204|1628378|1628386|1630596|1642281,0,REG,2026,1610612739,,,,,
22500171203,,Shot Chart Detail,22500171,203,1630596,Evan Mobley,1610612739,Cleveland Cavaliers,2,11,30,Made Shot,Pullup Jump shot,3PT Field Goal,Above the Break 3,Left Side Center(LC),24+ ft.,26,-175,193,1,1,20251105,CLE,PHI,7500,0,1626204|1628378|1630596|1641854|1642281,1,REG,2026,1610612739,,,,,
22500171210,,Shot Chart Detail,22500171,210,1628378,Donovan Mitchell,1610612739,Cleveland Cavaliers,2,11,3,Missed Shot,Pullup Jump shot,3PT Field Goal,Above the Break 3,Center(C),24+ ft.,25,-50,253,1,0,20251105,CLE,PHI,7770,0,1626204|1628378|1630596|1641854|1642281,0,REG,2026,1610612739,,,,,
22500171229,,Shot Chart Detail,22500171,229,1626204,Larry Nance Jr.,1610612739,Cleveland Cavaliers,2,10,8,Made Shot,Running Pull-Up Jump Shot,2PT Field Goal,In The Paint (Non-RA),Center(C),8-16 ft.,10,-28,102,1,1,20251105,CLE,PHI,8320,0,1626204|1628378|1630596|1641854|1642281,1,REG,2026,1610612739,,,,,
22500171242,,Shot Chart Detail,22500171,242,1628378,Donovan Mitchell,1610612739,Cleveland Cavaliers,2,9,32,Made Shot,Driving Finger Roll Layup Shot,2PT Field Goal,Restricted Area,Center(C),Less Than 8 ft.,3,36,12,1,1,20251105,CLE,PHI,8680,0,1628378|1628386|1630596|1641854|1642281,0,REG,2026,1610612739,,,,,
22500171256,,Shot Chart Detail,22500171,256,1642281,Jaylon Tyson,1610612739,Cleveland Cavaliers,2,8,50,Made Shot,Jump Shot,3PT Field Goal,Above the Break 3,Right Side Center(RC),24+ ft.,27,195,189,1,1,20251105,CLE,PHI,9100,0,1628378|1628386|1630596|1641854|1642281,1,REG,2026,1610612739,,,,,
22500171267,,Shot Chart Detail,22500171,267,1630596,Evan Mobley,1610612739,Cleveland Cavaliers,2,8,25,Missed Shot,Pullup Jump shot,2PT Field Goal,Mid-Range,Center(C),16-24 ft.,18,-5,181,1,0,20251105,CLE,PHI,9350,0,1628378|1628386|1630596|1641854|1642281,0,REG,2026,1610612739,,,,,
22500171284,,Shot Chart Detail,22500171,284,1628366,Lonzo Ball,1610612739,Cleveland Cavaliers,2,7,43,Missed Shot,Jump Shot,3PT Field Goal,Left Corner 3,Left Side(L),24+ ft.,23,-235,0,1,0,20251105,CLE,PHI,9770,0,1628366|1628386|1629636|1630596|1642281,0,REG,2026,1610612739,,,,,
22500171294,,Shot Chart Detail,22500171,294,1629636,Darius Garland,1610612739,Cleveland Cavaliers,2,7,15,Missed Shot,Pullup Jump shot,2PT Field Goal,In The Paint (Non-RA),Left Side(L),8-16 ft.,12,-70,107,1,0,20251105,CLE,PHI,10050,0,1628366|1628386|1629636|1630241|1642281,0,REG,2026,1610612739,,,,,
22500171296,,Shot Chart Detail,22500171,296,1630241,Sam Merrill,1610612739,Cleveland Cavaliers,2,7,10,Made Shot,Jump Shot,3PT Field Goal,Above the Break 3,Left Side Center(LC),24+ ft.,26,-180,190,1,1,20251105,CLE,PHI,10100,0,1628366|1628386|1629636|1630241|1642281,1,REG,2026,1610612739,,,,,
22500171310,,Shot Chart Detail,22500171,310,1628366,Lonzo Ball,1610612739,Cleveland Cavaliers,2,6,41,Missed Shot,Pullup Jump shot,3PT Field Goal,Above the Break 3,Right Side Center(RC),24+ ft.,26,110,236,1,0,20251105,CLE,PHI,10390,0,1628366|1628386|1629636|1630241|1642281,0,REG,2026,1610612739,,,,,
22500171315,,Shot Chart Detail,22500171,315,1629636,Darius Garland,1610612739,Cleveland Cavaliers,2,6,6,Missed Shot,Driving Floating Jump Shot,2PT Field Goal,In The Paint (Non-RA),Center(C),8-16 ft.,13,-5,132,1,0,20251105,CLE,PHI,10740,0,1628366|1628386|1629636|1630241|1642281,0,REG,2026,1610612739,,,,,
22500171317,,Shot Chart Detail,22500171,317,1628386,Jarrett Allen,1610612739,Cleveland Cavaliers,2,6,3,Made Shot,Reverse Layup Shot,2PT Field Goal,Restricted Area,Center(C),Less Than 8 ft.,1,0,13,1,1,20251105,CLE,PHI,10770,0,1628366|1628386|1629636|1630241|1642281,0,REG,2026,1610612739,,,,,
22500171323,,Shot Chart Detail,22500171,323,1642281,Jaylon Tyson,1610612739,Cleveland Cavaliers,2,5,31,Made Shot,Jump Shot,3PT Field Goal,Right Corner 3,Right Side(R),24+ ft.,23,230,15,1,1,20251105,CLE,PHI,11090,0,1628366|1628386|1629636|1630241|1642281,1,REG,2026,1610612739,,,,,
22500171328,,Shot Chart Detail,22500171,328,1642281,Jaylon Tyson,1610612739,Cleveland Cavaliers,2,5,8,Missed Shot,Jump Shot,3PT Field Goal,Above the Break 3,Right Side Center(RC),24+ ft.,25,154,199,1,0,20251105,CLE,PHI,11320,0,1628366|1628386|1629636|1630241|1642281,0,REG,2026,1610612739,,,,,
22500171342,,Shot Chart Detail,22500171,342,1630596,Evan Mobley,1610612739,Cleveland Cavaliers,2,4,21,Missed Shot,Driving Hook Shot,2PT Field Goal,Restricted Area,Center(C),Less Than 8 ft.,3,23,21,1,0,20251105,CLE,PHI,11790,0,1628366|1628378|1629636|1630241|1630596,0,REG,2026,1610612739,,,,,
22500171346,,Shot Chart Detail,22500171,346,1629636,Darius Garland,1610612739,Cleveland Cavaliers,2,4,2,Made Shot,Running Layup Shot,2PT Field Goal,Restricted Area,Center(C),Less Than 8 ft.,1,11,11,1,1,20251105,CLE,PHI,11980,0,1628366|1628378|1629636|1630241|1630596,0,REG,2026,1610612739,,,,,
22500171352,,Shot Chart Detail,22500171,352,1628378,Donovan Mitchell,1610612739,Cleveland Cavaliers,2,3,18,Made Shot,Pullup Jump shot,2PT Field Goal,In The Paint (Non-RA),Center(C),8-16 ft.,14,51,133,1,1,20251105,CLE,PHI,12420,0,1628366|1628378|1629636|1630241|1630596,1,REG,2026,1610612739,,,,,
22500171358,,Shot Chart Detail,22500171,358,1630596,Evan Mobley,1610612739,Cleveland Cavaliers,2,2,48,Missed Shot,Pullup Jump shot,3PT Field Goal,Above the Break 3,Right Side Center(RC),24+ ft.,25,151,209,1,0,20251105,CLE,PHI,12720,0,1628366|1628378|1629636|1630241|1630596,0,REG,2026,1610612739,,,,,
22500171372,,Shot Chart Detail,22500171,372,1629636,Darius Garland,1610612739,Cleveland Cavaliers,2,2,0,Made Shot,Running Jump Shot,3PT Field Goal,Above the Break 3,Right Side Center(RC),24+ ft.,25,224,121,1,1,20251105,CLE,PHI,13200,0,1628378|1629636|1630241|1630596|1641854,1,REG,2026,1610612739,,,,,
22500171379,,Shot Chart Detail,22500171,379,1629636,Darius Garland,1610612739,Cleveland Cavaliers,2,1,9,Missed Shot,Pullup Jump shot,3PT Field Goal,Above the Break 3,Left Side Center(LC),24+ ft.,26,-89,254,1,0,20251105,CLE,PHI,13710,0,1628378|1629636|1630241|1630596|1641854,0,REG,2026,1610612739,,,,,
22500171383,,Shot Chart Detail,22500171,383,1628378,Donovan Mitchell,1610612739,Cleveland Cavaliers,2,0,41,Missed Shot,Pullup Jump shot,3PT Field Goal,Above the Break 3,Left Side Center(LC),24+ ft.,28,-179,221,1,0,20251105,CLE,PHI,13990,0,1628378|1629636|1630241|1630596|1641854,0,REG,2026,1610612739,,,,,
22500171397,,Shot Chart Detail,22500171,397,1629636,Darius Garland,1610612739,Cleveland Cavaliers,2,0,0,Missed Shot,Pullup Jump shot,3PT Field Goal,Above the Break 3,Right Side Center(RC),24+ ft.,25,184,183,1,0,20251105,CLE,PHI,14400,0,1628378|1629636|1630241|1630596|1642281,0,REG,2026,1610612739,,,,,
22500171410,,Shot Chart Detail,22500171,410,1628378,Donovan Mitchell,1610612739,Cleveland Cavaliers,3,11,31,Missed Shot,Jump Shot,3PT Field Goal,Above the Break 3,Center(C),24+ ft.,26,-62,253,1,0,20251105,CLE,PHI,14690,0,1628378|1628386|1629636|1630596|1642281,0,REG,2026,1610612739,,,,,
22500171412,,Shot Chart Detail,22500171,412,1628386,Jarrett Allen,1610612739,Cleveland Cavaliers,3,11,26,Made Shot,Putback Dunk Shot,2PT Field Goal,Restricted Area,Center(C),Less Than 8 ft.,0,-1,5,1,1,20251105,CLE,PHI,14740,0,1628378|1628386|1629636|1630596|1642281,0,REG,2026,1610612739,,,,,
22500171418,,Shot Chart Detail,22500171,418,1629636,Darius Garland,1610612739,Cleveland Cavaliers,3,10,42,Missed Shot,Jump Shot,3PT Field Goal,Above the Break 3,Center(C),24+ ft.,27,45,272,1,0,20251105,CLE,PHI,15180,0,1628378|1628386|1629636|1630596|1642281,0,REG,2026,1610612739,,,,,
22500171421,,Shot Chart Detail,22500171,421,1628386,Jarrett Allen,1610612739,Cleveland Cavaliers,3,10,14,Missed Shot,Driving Finger Roll Layup Shot,2PT Field Goal,Restricted Area,Center(C),Less Than 8 ft.,3,13,36,1,0,20251105,CLE,PHI,15460,0,1628378|1628386|1629636|1630596|1642281,0,REG,2026,1610612739,,,,,
22500171437,,Shot Chart Detail,22500171,437,1630596,Evan Mobley,1610612739,Cleveland Cavaliers,3,9,19,Made Shot,Dunk Shot,2PT Field Goal,Restricted Area,Center(C),Less Than 8 ft.,1,-12,4,1,1,20251105,CLE,PHI,16010,0,1628378|1628386|1629636|1630596|1642281,1,REG,2026,1610612739,,,,,
22500171445,,Shot Chart Detail,22500171,445,1630596,Evan Mobley,1610612739,Cleveland Cavaliers,3,8,57,Made Shot,Running Layup Shot,2PT Field Goal,Restricted Area,Center(C),Less Than 8 ft.,0,5,8,1,1,20251105,CLE,PHI,16230,0,1628378|1628386|1629636|1630596|1642281,0,REG,2026,1610612739,,,,,
22500171454,,Shot Chart Detail,22500171,454,1628378,Donovan Mitchell,1610612739,Cleveland Cavaliers,3,8,25,Made Shot,Driving Finger Roll Layup Shot,2PT Field Goal,Restricted Area,Center(C),Less Than 8 ft.,2,-7,21,1,1,20251105,CLE,PHI,16550,0,1628378|1628386|1629636|1630596|1642281,1,REG,2026,1610612739,,,,,
22500171464,,Shot Chart Detail,22500171,464,1628386,Jarrett Allen,1610612739,Cleveland Cavaliers,3,7,42,Made Shot,Cutting Layup Shot,2PT Field Goal,Restricted Area,Center(C),Less Than 8 ft.,1,-17,9,1,1,20251105,CLE,PHI,16980,0,1628378|1628386|1629636|1630596|1642281,1,REG,2026,1610612739,,,,,
22500171468,,Shot Chart Detail,22500171,468,1628386,Jarrett Allen,1610612739,Cleveland Cavaliers,3,7,10,Made Shot,Running Dunk Shot,2PT Field Goal,Restricted Area,Center(C),Less Than 8 ft.,1,-9,8,1,1,20251105,CLE,PHI,17300,0,1628378|1628386|1629636|1630596|1642281,1,REG,2026,1610612739,,,,,
22500171482,,Shot Chart Detail,22500171,482,1630596,Evan Mobley,1610612739,Cleveland Cavaliers,3,6,25,Missed Shot,Floating Jump shot,2PT Field Goal,In The Paint (Non-RA),Center(C),Less Than 8 ft.,4,-39,9,1,0,20251105,CLE,PHI,17750,0,1628366|1629636|1630241|1630596|1642281,0,REG,2026,1610612739,,,,,
22500171494,,Shot Chart Detail,22500171,494,1630596,Evan Mobley,1610612739,Cleveland Cavaliers,3,5,30,Missed Shot,Jump Shot,3PT Field Goal,Above the Break 3,Left Side Center(LC),24+ ft.,24,-104,226,1,0,20251105,CLE,PHI,18300,0,1628366|1630241|1630596|1641854|1642281,0,REG,2026,1610612739,,,,,
22500171500,,Shot Chart Detail,22500171,500,1641854,Craig Porter Jr.,1610612739,Cleveland Cavaliers,3,4,53,Missed Shot,Pullup Jump shot,2PT Field Goal,In The Paint (Non-RA),Right Side(R),8-16 ft.,10,61,89,1,0,20251105,CLE,PHI,18670,0,1628366|1630241|1630596|1641854|1642281,0,REG,2026,1610612739,,,,,
22500171502,,Shot Chart Detail,22500171,502,1642281,Jaylon Tyson,1610612739,Cleveland Cavaliers,3,4,47,Made Shot,Tip Dunk Shot,2PT Field Goal,Restricted Area,Center(C),Less Than 8 ft.,0,0,0,1,1,20251105,CLE,PHI,18730,0,1628366|1630241|1630596|1641854|1642281,0,REG,2026,1610612739,,,,,
22500171518,,Shot Chart Detail,22500171,518,1628386,Jarrett Allen,1610612739,Cleveland Cavaliers,3,3,57,Made Shot,Running Dunk Shot,2PT Field Goal,Restricted Area,Center(C),Less Than 8 ft.,1,-6,15,1,1,20251105,CLE,PHI,19230,0,1628366|1628378|1628386|1630241|1641854,1,REG,2026,1610612739,,,,,
22500171522,,Shot Chart Detail,22500171,522,1628378,Donovan Mitchell,1610612739,Cleveland Cavaliers,3,3,32,Made Shot,Running Jump Shot,3PT Field Goal,Above the Break 3,Right Side Center(RC),24+ ft.,25,158,195,1,1,20251105,CLE,PHI,19480,0,1628366|1628378|1628386|1630241|1641854,1,REG,2026,1610612739,,,,,
22500171533,,Shot Chart Detail,22500171,533,1628386,Jarrett Allen,1610612739,Cleveland Cavaliers,3,2,49,Made Shot,Reverse Layup Shot,2PT Field Goal,Restricted Area,Center(C),Less Than 8 ft.,0,-9,3,1,1,20251105,CLE,PHI,19910,0,1628366|1628378|1628386|1630241|1641854,1,REG,2026,1610612739,,,,,
22500171541,,Shot Chart Detail,22500171,541,1628378,Donovan Mitchell,1610612739,Cleveland Cavaliers,3,1,56,Made Shot,Step Back Jump shot,3PT Field Goal,Above the Break 3,Left Side Center(LC),24+ ft.,25,-132,221,1,1,20251105,CLE,PHI,20440,0,1628366|1628378|1628386|1630241|1641854,0,REG,2026,1610612739,,,,,
22500171544,,Shot Chart Detail,22500171,544,1641854,Craig Porter Jr.,1610612739,Cleveland Cavaliers,3,1,35,Missed Shot,Jump Shot,3PT Field Goal,Right Corner 3,Right Side(R),24+ ft.,22,225,31,1,0,20251105,CLE,PHI,20650,0,1628366|1628378|1628386|1630241|1641854,0,REG,2026,1610612739,,,,,
22500171547,,Shot Chart Detail,22500171,547,1628378,Donovan Mitchell,1610612739,Cleveland Cavaliers,3,1,17,Made Shot,Step Back Jump shot,3PT Field Goal,Above the Break 3,Right Side Center(RC),24+ ft.,26,211,163,1,1,20251105,CLE,PHI,20830,0,1628366|1628378|1628386|1630241|1641854,1,REG,2026,1610612739,,,,,
22500171556,,Shot Chart Detail,22500171,556,1630241,Sam Merrill,1610612739,Cleveland Cavaliers,3,0,49,Made Shot,Jump Shot,3PT Field Goal,Above the Break 3,Right Side Center(RC),24+ ft.,26,221,137,1,1,20251105,CLE,PHI,21110,0,1628366|1628378|1628386|1630241|1641854,1,REG,2026,1610612739,,,,,
22500171560,,Shot Chart Detail,22500171,560,1628378,Donovan Mitchell,1610612739,Cleveland Cavaliers,3,0,32,Made Shot,Driving Finger Roll Layup Shot,2PT Field Goal,Restricted Area,Center(C),Less Than 8 ft.,0,2,0,1,1,20251105,CLE,PHI,21280,0,1628366|1628378|1628386|1630241|1641854,0,REG,2026,1610612739,,,,,
22500171566,,Shot Chart Detail,22500171,566,1641854,Craig Porter Jr.,1610612739,Cleveland Cavaliers,3,0,0,Missed Shot,Jump Shot,3PT Field Goal,Right Corner 3,Right Side(R),24+ ft.,22,229,14,1,0,20251105,CLE,PHI,21600,0,1628366|1628378|1628386|1630241|1641854,0,REG,2026,1610612739,,,,,
22500171580,,Shot Chart Detail,22500171,580,1628378,Donovan Mitchell,1610612739,Cleveland Cavaliers,4,11,46,Made Shot,Driving Finger Roll Layup Shot,2PT Field Goal,Restricted Area,Center(C),Less Than 8 ft.,1,4,11,1,1,20251105,CLE,PHI,21740,0,1626204|1628378|1630596|1641854|1642281,0,REG,2026,1610612739,,,,,
22500171591,,Shot Chart Detail,22500171,591,1626204,Larry Nance Jr.,1610612739,Cleveland Cavaliers,4,10,48,Made Shot,Cutting Dunk Shot,2PT Field Goal,Restricted Area,Center(C),Less Than 8 ft.,0,-4,6,1,1,20251105,CLE,PHI,22320,0,1626204|1628378|1630596|1641854|1642281,1,REG,2026,1610612739,,,,,
22500171595,,Shot Chart Detail,22500171,595,1630596,Evan Mobley,1610612739,Cleveland Cavaliers,4,10,22,Made Shot,Dunk Shot,2PT Field Goal,Restricted Area,Center(C),Less Than 8 ft.,1,-12,1,1,1,20251105,CLE,PHI,22580,0,1626204|1628378|1630596|1641854|1642281,1,REG,2026,1610612739,,,,,
22500171599,,Shot Chart Detail,22500171,599,1628378,Donovan Mitchell,1610612739,Cleveland Cavaliers,4,9,58,Missed Shot,Running Pull-Up Jump Shot,3PT Field Goal,Above the Break 3,Left Side Center(LC),24+ ft.,27,-114,245,1,0,20251105,CLE,PHI,22820,0,1626204|1628378|1630596|1641854|1642281,0,REG,2026,1610612739,,,,,
22500171601,,Shot Chart Detail,22500171,601,1628378,Donovan Mitchell,1610612739,Cleveland Cavaliers,4,9,42,Made Shot,Driving Floating Jump Shot,2PT Field Goal,In The Paint (Non-RA),Center(C),8-16 ft.,8,-15,88,1,1,20251105,CLE,PHI,22980,0,1626204|1628378|1630596|1641854|1642281,0,REG,2026,1610612739,,,,,
22500171609,,Shot Chart Detail,22500171,609,1628378,Donovan Mitchell,1610612739,Cleveland Cavaliers,4,8,59,Made Shot,Driving Floating Bank Jump Shot,2PT Field Goal,In The Paint (Non-RA),Center(C),Less Than 8 ft.,4,29,34,1,1,20251105,CLE,PHI,23410,0,1626204|1628378|1630596|1641854|1642281,0,REG,2026,1610612739,,,,,
22500171618,,Shot Chart Detail,22500171,618,1626204,Larry Nance Jr.,1610612739,Cleveland Cavaliers,4,8,35,Made Shot,Jump Shot,3PT Field Goal,Right Corner 3,Right Side(R),24+ ft.,22,228,6,1,1,20251105,CLE,PHI,23650,0,1626204|1628366|1630596|1641854|1642281,1,REG,2026,1610612739,,,,,
22500171622,,Shot Chart Detail,22500171,622,1642281,Jaylon Tyson,1610612739,Cleveland Cavaliers,4,8,6,Missed Shot,Jump Shot,3PT Field Goal,Right Corner 3,Right Side(R),24+ ft.,23,230,56,1,0,20251105,CLE,PHI,23940,0,1626204|1628366|1630596|1641854|1642281,0,REG,2026,1610612739,,,,,
22500171626,,Shot Chart Detail,22500171,626,1641854,Craig Porter Jr.,1610612739,Cleveland Cavaliers,4,7,46,Missed Shot,Running Jump Shot,3PT Field Goal,Right Corner 3,Right Side(R),24+ ft.,23,227,67,1,0,20251105,CLE,PHI,24140,0,1626204|1628366|1630596|1641854|1642281,0,REG,2026,1610612739,,,,,
22500171651,,Shot Chart Detail,22500171,651,1628386,Jarrett Allen,1610612739,Cleveland Cavaliers,4,7,0,Made Shot,Floating Jump shot,2PT Field Goal,Mid-Range,Right Side(R),8-16 ft.,14,113,85,1,1,20251105,CLE,PHI,24600,0,1626204|1628366|1628386|1629636|1630241,1,REG,2026,1610612739,,,,,
22500171655,,Shot Chart Detail,22500171,655,1628386,Jarrett Allen,1610612739,Cleveland Cavaliers,4,6,31,Missed Shot,Floating Jump shot,2PT Field Goal,In The Paint (Non-RA),Center(C),Less Than 8 ft.,7,-5,78,1,0,20251105,CLE,PHI,24890,0,1626204|1628366|1628386|1629636|1630241,0,REG,2026,1610612739,,,,,
22500171659,,Shot Chart Detail,22500171,659,1629636,Darius Garland,1610612739,Cleveland Cavaliers,4,5,58,Missed Shot,Pullup Jump shot,3PT Field Goal,Above the Break 3,Center(C),24+ ft.,29,-86,287,1,0,20251105,CLE,PHI,25220,0,1626204|1628366|1628386|1629636|1630241,0,REG,2026,1610612739,,,,,
22500171663,,Shot Chart Detail,22500171,663,1626204,Larry Nance Jr.,1610612739,Cleveland Cavaliers,4,5,38,Missed Shot,Cutting Dunk Shot,2PT Field Goal,Restricted Area,Center(C),Less Than 8 ft.,1,-13,10,1,0,20251105,CLE,PHI,25420,0,1626204|1628366|1628386|1629636|1630241,0,REG,2026,1610612739,,,,,
22500171682,,Shot Chart Detail,22500171,682,1628378,Donovan Mitchell,1610612739,Cleveland Cavaliers,4,4,33,Missed Shot,Turnaround Jump Shot,2PT Field Goal,In The Paint (Non-RA),Center(C),8-16 ft.,12,-43,115,1,0,20251105,CLE,PHI,26070,0,1628378|1628386|1629636|1630241|1630596,0,REG,2026,1610612739,,,,,
22500171687,,Shot Chart Detail,22500171,687,1628386,Jarrett Allen,1610612739,Cleveland Cavaliers,4,4,3,Made Shot,Cutting Dunk Shot,2PT Field Goal,Restricted Area,Center(C),Less Than 8 ft.,1,-6,10,1,1,20251105,CLE,PHI,26370,0,1628378|1628386|1629636|1630241|1630596,1,REG,2026,1610612739,,,,,
22500171699,,Shot Chart Detail,22500171,699,1630241,Sam Merrill,1610612739,Cleveland Cavaliers,4,3,6,Made Shot,Jump Shot,3PT Field Goal,Above the Break 3,Left Side Center(LC),24+ ft.,25,-189,173,1,1,20251105,CLE,PHI,26940,0,1628378|1628386|1629636|1630241|1630596,1,REG,2026,1610612739,,,,,
22500171707,,Shot Chart Detail,22500171,707,1630241,Sam Merrill,1610612739,Cleveland Cavaliers,4,2,29,Missed Shot,Turnaround Jump Shot,2PT Field Goal,Mid-Range,Center(C),8-16 ft.,14,-38,142,1,0,20251105,CLE,PHI,27310,0,1628378|1628386|1629636|1630241|1630596,0,REG,2026,1610612739,,,,,
22500171713,,Shot Chart Detail,22500171,713,1629636,Darius Garland,1610612739,Cleveland Cavaliers,4,1,43,Missed Shot,Driving Floating Jump Shot,2PT Field Goal,In The Paint (Non-RA),Center(C),8-16 ft.,8,-12,80,1,0,20251105,CLE,PHI,27770,0,1628378|1628386|1629636|1630241|1630596,0,REG,2026,1610612739,,,,,
22500171721,,Shot Chart Detail,22500171,721,1628378,Donovan Mitchell,1610612739,Cleveland Cavaliers,4,1,15,Made Shot,Driving Layup Shot,2PT Field Goal,Restricted Area,Center(C),Less Than 8 ft.,2,-13,24,1,1,20251105,CLE,PHI,28050,0,1628378|1628386|1629636|1630241|1630596,0,REG,2026,1610612739,,,,,
225001867,,Shot Chart Detail,22500186,7,1629631,De'Andre Hunter,1610612739,Cleveland Cavaliers,1,11,43,Made Shot,Jump Shot,2PT Field Goal,In The Paint (Non-RA),Center(C),8-16 ft.,12,6,127,1,1,20251108,CLE,CHI,170,0,1628378|1628386|1629631|1630596|1642281,1,REG,2026,1610612739,,,,,
2250018612,,Shot Chart Detail,22500186,12,1630596,Evan Mobley,1610612739,Cleveland Cavaliers,1,11,3,Made Shot,Running Dunk Shot,2PT Field Goal,Restricted Area,Center(C),Less Than 8 ft.,0,-1,9,1,1,20251108,CLE,CHI,570,0,1628378|1628386|1629631|1630596|1642281,1,REG,2026,1610612739,,,,,
2250018619,,Shot Chart Detail,22500186,19,1629631,De'Andre Hunter,1610612739,Cleveland Cavaliers,1,10,28,Made Shot,Running Jump Shot,3PT Field Goal,Above the Break 3,Center(C),24+ ft.,27,7,274,1,1,20251108,CLE,CHI,920,0,1628378|1628386|1629631|1630596|1642281,1,REG,2026,1610612739,,,,,
2250018639,,Shot Chart Detail,22500186,39,1629631,De'Andre Hunter,1610612739,Cleveland Cavaliers,1,9,27,Missed Shot,Running Pull-Up Jump Shot,3PT Field Goal,Above the Break 3,Left Side Center(LC),24+ ft.,25,-224,126,1,0,20251108,CLE,CHI,1530,0,1628378|1628386|1629631|1630596|1642281,0,REG,2026,1610612739,,,,,
2250018644,,Shot Chart Detail,22500186,44,1628378,Donovan Mitchell,1610612739,Cleveland Cavaliers,1,8,58,Missed Shot,Jump Shot,3PT Field Goal,Above the Break 3,Left Side Center(LC),24+ ft.,27,-86,261,1,0,20251108,CLE,CHI,1820,0,1628378|1628386|1629631|1630596|1642281,0,REG,2026,1610612739,,,,,
22500186154,,Shot Chart Detail,22500186,154,1628386,Jarrett Allen,1610612739,Cleveland Cavaliers,1,8,16,Missed Shot,Layup Shot,2PT Field Goal,Restricted Area,Center(C),Less Than 8 ft.,3,17,26,1,0,20251108,CLE,CHI,2240,0,1628378|1628386|1629631|1630596|1642281,0,REG,2026,1610612739,,,,,
2250018658,,Shot Chart Detail,22500186,58,1642281,Jaylon Tyson,1610612739,Cleveland Cavaliers,1,7,46,Made Shot,Driving Floating Bank Jump Shot,2PT Field Goal,Mid-Range,Right Side(R),8-16 ft.,8,86,21,1,1,20251108,CLE,CHI,2540,0,1628378|1628386|1629631|1630596|1642281,1,REG,2026,1610612739,,,,,
2250018661,,Shot Chart Detail,22500186,61,1629631,De'Andre Hunter,1610612739,Cleveland Cavaliers,1,7,20,Made Shot,Driving Floating Jump Shot,2PT Field Goal,In The Paint (Non-RA),Left Side(L),8-16 ft.,12,-66,101,1,1,20251108,CLE,CHI,2800,0,1628378|1628386|1629631|1630596|1642281,1,REG,2026,1610612739,,,,,
2250018682,,Shot Chart Detail,22500186,82,1628366,Lonzo Ball,1610612739,Cleveland Cavaliers,1,6,16,Missed Shot,Step Back Jump shot,3PT Field Goal,Above the Break 3,Right Side Center(RC),24+ ft.,29,169,245,1,0,20251108,CLE,CHI,3440,0,1628366|1629631|1629731|1630596|1642281,0,REG,2026,1610612739,,,,,
2250018686,,Shot Chart Detail,22500186,86,1630596,Evan Mobley,1610612739,Cleveland Cavaliers,1,5,51,Missed Shot,Pullup Jump shot,3PT Field Goal,Above the Break 3,Right Side Center(RC),24+ ft.,24,147,201,1,0,20251108,CLE,CHI,3690,0,1628366|1629631|1629731|1630596|1642281,0,REG,2026,1610612739,,,,,
2250018693,,Shot Chart Detail,22500186,93,1630596,Evan Mobley,1610612739,Cleveland Cavaliers,1,5,33,Made Shot,Driving Layup Shot,2PT Field Goal,Restricted Area,Center(C),Less Than 8 ft.,1,-4,10,1,1,20251108,CLE,CHI,3870,0,1628366|1629631|1629731|1630241|1630596,1,REG,2026,1610612739,,,,,
22500186104,,Shot Chart Detail,22500186,104,1630596,Evan Mobley,1610612739,Cleveland Cavaliers,1,4,47,Made Shot,Dunk Shot,2PT Field Goal,Restricted Area,Center(C),Less Than 8 ft.,0,1,0,1,1,20251108,CLE,CHI,4330,0,1628366|1629631|1629731|1630241|1630596,1,REG,2026,1610612739,,,,,
22500186108,,Shot Chart Detail,22500186,108,1630596,Evan Mobley,1610612739,Cleveland Cavaliers,1,4,22,Made Shot,Driving Layup Shot,2PT Field Goal,Restricted Area,Center(C),Less Than 8 ft.,0,0,-4,1,1,20251108,CLE,CHI,4580,0,1628366|1629631|1629731|1630241|1630596,1,REG,2026,1610612739,,,,,
22500186125,,Shot Chart Detail,22500186,125,1630241,Sam Merrill,1610612739,Cleveland Cavaliers,1,3,55,Missed Shot,Jump Shot,3PT Field Goal,Right Corner 3,Right Side(R),24+ ft.,23,237,37,1,0,20251108,CLE,CHI,4850,0,1628366|1628378|1628386|1629731|1630241,0,REG,2026,1610612739,,,,,
22500186127,,Shot Chart Detail,22500186,127,1628386,Jarrett Allen,1610612739,Cleveland Cavaliers,1,3,47,Made Shot,Cutting Finger Roll Layup Shot,2PT Field Goal,Restricted Area,Center(C),Less Than 8 ft.,0,-2,8,1,1,20251108,CLE,CHI,4930,0,1628366|1628378|1628386|1629731|1630241,1,REG,2026,1610612739,,,,,
22500186133,,Shot Chart Detail,22500186,133,1628378,Donovan Mitchell,1610612739,Cleveland Cavaliers,1,3,16,Missed Shot,Jump Shot,3PT Field Goal,Left Corner 3,Left Side(L),24+ ft.,23,-239,9,1,0,20251108,CLE,CHI,5240,0,1628366|1628378|1628386|1629731|1630241,0,REG,2026,1610612739,,,,,
22500186141,,Shot Chart Detail,22500186,141,1628378,Donovan Mitchell,1610612739,Cleveland Cavaliers,1,2,43,Made Shot,Driving Floating Jump Shot,2PT Field Goal,Mid-Range,Right Side(R),8-16 ft.,11,112,32,1,1,20251108,CLE,CHI,5570,0,1628366|1628378|1628386|1629731|1630241,0,REG,2026,1610612739,,,,,
22500186144,,Shot Chart Detail,22500186,144,1628386,Jarrett Allen,1610612739,Cleveland Cavaliers,1,2,31,Made Shot,Running Alley Oop Dunk Shot,2PT Field Goal,Restricted Area,Center(C),Less Than 8 ft.,3,-2,31,1,1,20251108,CLE,CHI,5690,0,1628366|1628378|1628386|1629731|1630241,1,REG,2026,1610612739,,,,,
22500186157,,Shot Chart Detail,22500186,157,1629731,Dean Wade,1610612739,Cleveland Cavaliers,1,1,59,Missed Shot,Jump Shot,3PT Field Goal,Left Corner 3,Left Side(L),24+ ft.,23,-234,-6,1,0,20251108,CLE,CHI,6010,0,1628366|1628378|1628386|1629731|1630241,0,REG,2026,1610612739,,,,,
22500186160,,Shot Chart Detail,22500186,160,1628378,Donovan Mitchell,1610612739,Cleveland Cavaliers,1,1,44,Missed Shot,Driving Floating Jump Shot,2PT Field Goal,In The Paint (Non-RA),Center(C),Less Than 8 ft.,7,-21,75,1,0,20251108,CLE,CHI,6160,0,1628366|1628378|1628386|1629731|1630241,0,REG,2026,1610612739,,,,,
22500186167,,Shot Chart Detail,22500186,167,1628366,Lonzo Ball,1610612739,Cleveland Cavaliers,1,1,13,Made Shot,Layup Shot,2PT Field Goal,Restricted Area,Center(C),Less Than 8 ft.,0,-4,5,1,1,20251108,CLE,CHI,6470,0,1628366|1628378|1628386|1629731|1630241,1,REG,2026,1610612739,,,,,
22500186170,,Shot Chart Detail,22500186,170,1628378,Donovan Mitchell,1610612739,Cleveland Cavaliers,1,0,54,Missed Shot,Step Back Jump shot,3PT Field Goal,Above the Break 3,Center(C),24+ ft.,25,-53,246,1,0,20251108,CLE,CHI,6660,0,1628366|1628378|1628386|1629731|1630241,0,REG,2026,1610612739,,,,,
22500186176,,Shot Chart Detail,22500186,176,1628386,Jarrett Allen,1610612739,Cleveland Cavaliers,1,0,34,Made Shot,Floating Jump shot,2PT Field Goal,In The Paint (Non-RA),Right Side(R),8-16 ft.,11,64,99,1,1,20251108,CLE,CHI,6860,0,1628366|1628378|1628386|1629731|1630241,1,REG,2026,1610612739,,,,,
22500186179,,Shot Chart Detail,22500186,179,1630241,Sam Merrill,1610612739,Cleveland Cavaliers,1,0,0,Missed Shot,Jump Shot,3PT Field Goal,Above the Break 3,Right Side Center(RC),24+ ft.,26,223,136,1,0,20251108,CLE,CHI,7200,0,1628366|1628378|1628386|1629731|1630241,0,REG,2026,1610612739,,,,,
22500186197,,Shot Chart Detail,22500186,197,1629731,Dean Wade,1610612739,Cleveland Cavaliers,2,11,34,Missed Shot,Jump Shot,3PT Field Goal,Left Corner 3,Left Side(L),24+ ft.,22,-228,-2,1,0,20251108,CLE,CHI,7460,0,1628378|1629731|1630596|1641854|1642281,0,REG,2026,1610612739,,,,,
22500186206,,Shot Chart Detail,22500186,206,1628378,Donovan Mitchell,1610612739,Cleveland Cavaliers,2,11,4,Missed Shot,Driving Finger Roll Layup Shot,2PT Field Goal,Restricted Area,Center(C),Less Than 8 ft.,1,-12,4,1,0,20251108,CLE,CHI,7760,0,1628378|1629731|1630596|1641854|1642281,0,REG,2026,1610612739,,,,,
22500186209,,Shot Chart Detail,22500186,209,1630596,Evan Mobley,1610612739,Cleveland Cavaliers,2,10,56,Made Shot,Floating Jump shot,2PT Field Goal,Restricted Area,Center(C),Less Than 8 ft.,3,4,31,1,1,20251108,CLE,CHI,7840,0,1628378|1629731|1630596|1641854|1642281,1,REG,2026,1610612739,,,,,
22500186213,,Shot Chart Detail,22500186,213,1629731,Dean Wade,1610612739,Cleveland Cavaliers,2,10,28,Missed Shot,Running Jump Shot,3PT Field Goal,Above the Break 3,Left Side Center(LC),24+ ft.,25,-212,134,1,0,20251108,CLE,CHI,8120,0,1628378|1629731|1630596|1641854|1642281,0,REG,2026,1610612739,,,,,
22500186221,,Shot Chart Detail,22500186,221,1628378,Donovan Mitchell,1610612739,Cleveland Cavaliers,2,10,14,Missed Shot,Pullup Jump shot,3PT Field Goal,Above the Break 3,Right Side Center(RC),24+ ft.,26,105,246,1,0,20251108,CLE,CHI,8260,0,1628378|1629731|1630596|1641854|1642281,0,REG,2026,1610612739,,,,,
22500186225,,Shot Chart Detail,22500186,225,1628378,Donovan Mitchell,1610612739,Cleveland Cavaliers,2,9,45,Missed Shot,Running Finger Roll Layup Shot,2PT Field Goal,Restricted Area,Center(C),Less Than 8 ft.,2,-5,24,1,0,20251108,CLE,CHI,8550,0,1628378|1629731|1630596|1641854|1642281,0,REG,2026,1610612739,,,,,
22500186235,,Shot Chart Detail,22500186,235,1628378,Donovan Mitchell,1610612739,Cleveland Cavaliers,2,9,23,Missed Shot,Driving Dunk Shot,2PT Field Goal,Restricted Area,Center(C),Less Than 8 ft.,3,-4,31,1,0,20251108,CLE,CHI,8770,0,1628378|1630596|1641854|1642281|1642878,0,REG,2026,1610612739,,,,,
22500186238,,Shot Chart Detail,22500186,238,1642281,Jaylon Tyson,1610612739,Cleveland Cavaliers,2,9,7,Missed Shot,Jump Shot,2PT Field Goal,Mid-Range,Left Side(L),16-24 ft.,21,-194,86,1,0,20251108,CLE,CHI,8930,0,1628378|1630596|1641854|1642281|1642878,0,REG,2026,1610612739,,,,,
22500186245,,Shot Chart Detail,22500186,245,1630596,Evan Mobley,1610612739,Cleveland Cavaliers,2,8,30,Made Shot,Pullup Jump shot,3PT Field Goal,Above the Break 3,Center(C),24+ ft.,24,-4,247,1,1,20251108,CLE,CHI,9300,0,1628378|1630596|1641854|1642281|1642878,1,REG,2026,1610612739,,,,,
22500186253,,Shot Chart Detail,22500186,253,1642281,Jaylon Tyson,1610612739,Cleveland Cavaliers,2,8,1,Missed Shot,Jump Shot,3PT Field Goal,Above the Break 3,Center(C),24+ ft.,25,74,240,1,0,20251108,CLE,CHI,9590,0,1628366|1630596|1641854|1642281|1642878,0,REG,2026,1610612739,,,,,
22500186264,,Shot Chart Detail,22500186,264,1642281,Jaylon Tyson,1610612739,Cleveland Cavaliers,2,7,29,Missed Shot,Cutting Dunk Shot,2PT Field Goal,Restricted Area,Center(C),Less Than 8 ft.,1,-7,13,1,0,20251108,CLE,CHI,9910,0,1628366|1628386|1630241|1642281|1642878,0,REG,2026,1610612739,,,,,
22500186269,,Shot Chart Detail,22500186,269,1642281,Jaylon Tyson,1610612739,Cleveland Cavaliers,2,7,8,Missed Shot,Driving Dunk Shot,2PT Field Goal,Restricted Area,Center(C),Less Than 8 ft.,0,-4,1,1,0,20251108,CLE,CHI,10120,0,1628366|1628386|1630241|1642281|1642878,0,REG,2026,1610612739,,,,,
22500186276,,Shot Chart Detail,22500186,276,1628366,Lonzo Ball,1610612739,Cleveland Cavaliers,2,6,24,Missed Shot,Jump Shot,3PT Field Goal,Above the Break 3,Center(C),24+ ft.,26,80,251,1,0,20251108,CLE,CHI,10560,0,1628366|1628386|1630241|1642281|1642878,0,REG,2026,1610612739,,,,,
22500186295,,Shot Chart Detail,22500186,295,1629631,De'Andre Hunter,1610612739,Cleveland Cavaliers,2,5,26,Made Shot,Turnaround Jump Shot,2PT Field Goal,In The Paint (Non-RA),Center(C),Less Than 8 ft.,6,11,68,1,1,20251108,CLE,CHI,11140,0,1628366|1628386|1629631|1630241|1642878,0,REG,2026,1610612739,,,,,
22500186301,,Shot Chart Detail,22500186,301,1642878,Tyrese Proctor,1610612739,Cleveland Cavaliers,2,4,53,Made Shot,Jump Shot,3PT Field Goal,Above the Break 3,Right Side Center(RC),24+ ft.,28,136,253,1,1,20251108,CLE,CHI,11470,0,1628366|1628386|1629631|1630241|1642878,1,REG,2026,1610612739,,,,,
22500186305,,Shot Chart Detail,22500186,305,1628386,Jarrett Allen,1610612739,Cleveland Cavaliers,2,4,18,Missed Shot,Cutting Finger Roll Layup Shot,2PT Field Goal,Restricted Area,Center(C),Less Than 8 ft.,1,-11,14,1,0,20251108,CLE,CHI,11820,0,1628366|1628386|1629631|1630241|1642878,0,REG,2026,1610612739,,,,,
22500186309,,Shot Chart Detail,22500186,309,1642878,Tyrese Proctor,1610612739,Cleveland Cavaliers,2,3,46,Made Shot,Jump Shot,3PT Field Goal,Above the Break 3,Center(C),24+ ft.,25,62,246,1,1,20251108,CLE,CHI,12140,0,1628366|1628386|1629631|1630241|1642878,1,REG,2026,1610612739,,,,,
22500186323,,Shot Chart Detail,22500186,323,1630241,Sam Merrill,1610612739,Cleveland Cavaliers,2,3,23,Made Shot,Jump Shot,3PT Field Goal,Above the Break 3,Right Side Center(RC),24+ ft.,27,205,185,1,1,20251108,CLE,CHI,12370,0,1628378|1629631|1630241|1630596|1642878,1,REG,2026,1610612739,,,,,
22500186336,,Shot Chart Detail,22500186,336,1628378,Donovan Mitchell,1610612739,Cleveland Cavaliers,2,2,27,Missed Shot,Pullup Jump shot,3PT Field Goal,Above the Break 3,Left Side Center(LC),24+ ft.,24,-125,205,1,0,20251108,CLE,CHI,12930,0,1628378|1629631|1630241|1630596|1642878,0,REG,2026,1610612739,,,,,
22500186338,,Shot Chart Detail,22500186,338,1642878,Tyrese Proctor,1610612739,Cleveland Cavaliers,2,2,19,Missed Shot,Jump Shot,3PT Field Goal,Above the Break 3,Left Side Center(LC),24+ ft.,25,-201,157,1,0,20251108,CLE,CHI,13010,0,1628378|1629631|1630241|1630596|1642878,0,REG,2026,1610612739,,,,,
22500186348,,Shot Chart Detail,22500186,348,1629631,De'Andre Hunter,1610612739,Cleveland Cavaliers,2,1,53,Made Shot,Pullup Jump shot,3PT Field Goal,Above the Break 3,Center(C),24+ ft.,25,-66,246,1,1,20251108,CLE,CHI,13270,0,1628378|1629631|1630241|1630596|1642281,0,REG,2026,1610612739,,,,,
22500186353,,Shot Chart Detail,22500186,353,1630241,Sam Merrill,1610612739,Cleveland Cavaliers,2,1,46,Missed Shot,Jump Shot,3PT Field Goal,Above the Break 3,Left Side Center(LC),24+ ft.,24,-207,137,1,0,20251108,CLE,CHI,13340,0,1628378|1629631|1630241|1630596|1642281,0,REG,2026,1610612739,,,,,
22500186368,,Shot Chart Detail,22500186,368,1630596,Evan Mobley,1610612739,Cleveland Cavaliers,2,0,55,Missed Shot,Pullup Jump shot,3PT Field Goal,Above the Break 3,Center(C),24+ ft.,24,-29,245,1,0,20251108,CLE,CHI,13850,0,1628378|1629631|1630241|1630596|1642281,0,REG,2026,1610612739,,,,,
22500186376,,Shot Chart Detail,22500186,376,1630241,Sam Merrill,1610612739,Cleveland Cavaliers,2,0,22,Made Shot,Jump Shot,3PT Field Goal,Above the Break 3,Right Side Center(RC),24+ ft.,25,221,127,1,1,20251108,CLE,CHI,14180,0,1628378|1629631|1630241|1630596|1642281,1,REG,2026,1610612739,,,,,
22500186393,,Shot Chart Detail,22500186,393,1628378,Donovan Mitchell,1610612739,Cleveland Cavaliers,3,11,35,Made Shot,Driving Floating Jump Shot,2PT Field Goal,In The Paint (Non-RA),Center(C),Less Than 8 ft.,7,-43,59,1,1,20251108,CLE,CHI,14650,0,1628378|1628386|1629631|1630596|1642281,0,REG,2026,1610612739,,,,,
22500186398,,Shot Chart Detail,22500186,398,1628378,Donovan Mitchell,1610612739,Cleveland Cavaliers,3,11,11,Missed Shot,Running Layup Shot,2PT Field Goal,Restricted Area,Center(C),Less Than 8 ft.,1,-11,0,1,0,20251108,CLE,CHI,14890,0,1628378|1628386|1629631|1630596|1642281,0,REG,2026,1610612739,,,,,
22500186402,,Shot Chart Detail,22500186,402,1629631,De'Andre Hunter,1610612739,Cleveland Cavaliers,3,10,55,Missed Shot,Driving Floating Jump Shot,2PT Field Goal,In The Paint (Non-RA),Center(C),Less Than 8 ft.,6,21,64,1,0,20251108,CLE,CHI,15050,0,1628378|1628386|1629631|1630596|1642281,0,REG,2026,1610612739,,,,,
22500186405,,Shot Chart Detail,22500186,405,1629631,De'Andre Hunter,1610612739,Cleveland Cavaliers,3,10,53,Made Shot,Putback Layup Shot,2PT Field Goal,Restricted Area,Center(C),Less Than 8 ft.,1,11,8,1,1,20251108,CLE,CHI,15070,0,1628378|1628386|1629631|1630596|1642281,0,REG,2026,1610612739,,,,,
22500186408,,Shot Chart Detail,22500186,408,1630596,Evan Mobley,1610612739,Cleveland Cavaliers,3,10,19,Made Shot,Driving Layup Shot,2PT Field Goal,Restricted Area,Center(C),Less Than 8 ft.,0,7,6,1,1,20251108,CLE,CHI,15410,0,1628378|1628386|1629631|1630596|1642281,0,REG,2026,1610612739,,,,,
22500186417,,Shot Chart Detail,22500186,417,1630596,Evan Mobley,1610612739,Cleveland Cavaliers,3,9,54,Made Shot,Driving Layup Shot,2PT Field Goal,Restricted Area,Center(C),Less Than 8 ft.,1,-1,10,1,1,20251108,CLE,CHI,15660,0,1628378|1628386|1629631|1630596|1642281,1,REG,2026,1610612739,,,,,
22500186420,,Shot Chart Detail,22500186,420,1642281,Jaylon Tyson,1610612739,Cleveland Cavaliers,3,9,31,Made Shot,Jump Shot,3PT Field Goal,Above the Break 3,Left Side Center(LC),24+ ft.,25,-147,209,1,1,20251108,CLE,CHI,15890,0,1628378|1628386|1629631|1630596|1642281,1,REG,2026,1610612739,,,,,
22500186429,,Shot Chart Detail,22500186,429,1629631,De'Andre Hunter,1610612739,Cleveland Cavaliers,3,9,6,Missed Shot,Jump Shot,3PT Field Goal,Left Corner 3,Left Side(L),24+ ft.,23,-235,12,1,0,20251108,CLE,CHI,16140,0,1628378|1628386|1629631|1630596|1642281,0,REG,2026,1610612739,,,,,
22500186433,,Shot Chart Detail,22500186,433,1629631,De'Andre Hunter,1610612739,Cleveland Cavaliers,3,8,43,Missed Shot,Driving Floating Bank Jump Shot,2PT Field Goal,In The Paint (Non-RA),Center(C),Less Than 8 ft.,4,39,31,1,0,20251108,CLE,CHI,16370,0,1628378|1628386|1629631|1630596|1642281,0,REG,2026,1610612739,,,,,
22500186435,,Shot Chart Detail,22500186,435,1630596,Evan Mobley,1610612739,Cleveland Cavaliers,3,8,39,Made Shot,Cutting Layup Shot,2PT Field Goal,Restricted Area,Center(C),Less Than 8 ft.,1,2,13,1,1,20251108,CLE,CHI,16410,0,1628378|1628386|1629631|1630596|1642281,1,REG,2026,1610612739,,,,,
22500186439,,Shot Chart Detail,22500186,439,1629631,De'Andre Hunter,1610612739,Cleveland Cavaliers,3,8,16,Made Shot,Jump Shot,3PT Field Goal,Above the Break 3,Center(C),24+ ft.,26,-64,252,1,1,20251108,CLE,CHI,16640,0,1628378|1628386|1629631|1630596|1642281,1,REG,2026,1610612739,,,,,
22500186447,,Shot Chart Detail,22500186,447,1628378,Donovan Mitchell,1610612739,Cleveland Cavaliers,3,7,23,Missed Shot,Step Back Jump shot,2PT Field Goal,Mid-Range,Left Side Center(LC),16-24 ft.,19,-116,155,1,0,20251108,CLE,CHI,17170,0,1628378|1628386|1629631|1630596|1642281,0,REG,2026,1610612739,,,,,
22500186462,,Shot Chart Detail,22500186,462,1629631,De'Andre Hunter,1610612739,Cleveland Cavaliers,3,6,54,Made Shot,Jump Shot,3PT Field Goal,Above the Break 3,Right Side Center(RC),24+ ft.,24,221,105,1,1,20251108,CLE,CHI,17460,0,1628366|1629631|1629731|1630596|1642281,1,REG,2026,1610612739,,,,,
22500186468,,Shot Chart Detail,22500186,468,1629631,De'Andre Hunter,1610612739,Cleveland Cavaliers,3,6,9,Made Shot,Driving Dunk Shot,2PT Field Goal,Restricted Area,Center(C),Less Than 8 ft.,0,5,8,1,1,20251108,CLE,CHI,17910,0,1628366|1629631|1629731|1630596|1642281,0,REG,2026,1610612739,,,,,
22500186482,,Shot Chart Detail,22500186,482,1629631,De'Andre Hunter,1610612739,Cleveland Cavaliers,3,5,25,Missed Shot,Step Back Jump shot,3PT Field Goal,Above the Break 3,Right Side Center(RC),24+ ft.,24,227,104,1,0,20251108,CLE,CHI,18350,0,1628366|1629631|1629731|1630241|1630596,0,REG,2026,1610612739,,,,,
22500186488,,Shot Chart Detail,22500186,488,1630241,Sam Merrill,1610612739,Cleveland Cavaliers,3,5,2,Made Shot,Driving Finger Roll Layup Shot,2PT Field Goal,Restricted Area,Center(C),Less Than 8 ft.,0,-5,-6,1,1,20251108,CLE,CHI,18580,0,1628366|1629631|1629731|1630241|1630596,1,REG,2026,1610612739,,,,,
22500186497,,Shot Chart Detail,22500186,497,1630241,Sam Merrill,1610612739,Cleveland Cavaliers,3,4,41,Missed Shot,Running Jump Shot,3PT Field Goal,Above the Break 3,Left Side Center(LC),24+ ft.,25,-158,205,1,0,20251108,CLE,CHI,18790,0,1628366|1629631|1629731|1630241|1630596,0,REG,2026,1610612739,,,,,
22500186508,,Shot Chart Detail,22500186,508,1628378,Donovan Mitchell,1610612739,Cleveland Cavaliers,3,4,14,Made Shot,Jump Shot,3PT Field Goal,Above the Break 3,Center(C),24+ ft.,27,38,277,1,1,20251108,CLE,CHI,19060,0,1628366|1628378|1628386|1629731|1630241,1,REG,2026,1610612739,,,,,
22500186512,,Shot Chart Detail,22500186,512,1628366,Lonzo Ball,1610612739,Cleveland Cavaliers,3,3,50,Missed Shot,Running Jump Shot,3PT Field Goal,Above the Break 3,Right Side Center(RC),24+ ft.,26,129,228,1,0,20251108,CLE,CHI,19300,0,1628366|1628378|1628386|1629731|1630241,0,REG,2026,1610612739,,,,,
22500186529,,Shot Chart Detail,22500186,529,1628378,Donovan Mitchell,1610612739,Cleveland Cavaliers,3,3,18,Made Shot,Pullup Jump shot,3PT Field Goal,Above the Break 3,Right Side Center(RC),24+ ft.,25,121,225,1,1,20251108,CLE,CHI,19620,0,1628366|1628378|1628386|1629731|1630241,0,REG,2026,1610612739,,,,,
22500186538,,Shot Chart Detail,22500186,538,1628378,Donovan Mitchell,1610612739,Cleveland Cavaliers,3,2,23,Made Shot,Pullup Jump shot,3PT Field Goal,Above the Break 3,Left Side Center(LC),24+ ft.,26,-104,239,1,1,20251108,CLE,CHI,20170,0,1628366|1628378|1628386|1629731|1630241,0,REG,2026,1610612739,,,,,
22500186541,,Shot Chart Detail,22500186,541,1628378,Donovan Mitchell,1610612739,Cleveland Cavaliers,3,2,4,Missed Shot,Pullup Jump shot,3PT Field Goal,Above the Break 3,Right Side Center(RC),24+ ft.,25,118,231,1,0,20251108,CLE,CHI,20360,0,1628366|1628378|1628386|1629731|1630241,0,REG,2026,1610612739,,,,,
22500186547,,Shot Chart Detail,22500186,547,1628386,Jarrett Allen,1610612739,Cleveland Cavaliers,3,1,35,Made Shot,Running Reverse Layup Shot,2PT Field Goal,Restricted Area,Center(C),Less Than 8 ft.,0,6,-4,1,1,20251108,CLE,CHI,20650,0,1628366|1628378|1628386|1629731|1630241,1,REG,2026,1610612739,,,,,
22500186595,,Shot Chart Detail,22500186,595,1630596,Evan Mobley,1610612739,Cleveland Cavaliers,4,11,41,Missed Shot,Jump Shot,3PT Field Goal,Right Corner 3,Right Side(R),24+ ft.,24,238,48,1,0,20251108,CLE,CHI,21790,0,1628378|1629731|1630596|1642281|1642878,0,REG,2026,1610612739,,,,,
22500186599,,Shot Chart Detail,22500186,599,1642281,Jaylon Tyson,1610612739,Cleveland Cavaliers,4,11,25,Made Shot,Running Layup Shot,2PT Field Goal,Restricted Area,Center(C),Less Than 8 ft.,0,5,6,1,1,20251108,CLE,CHI,21950,0,1628378|1629731|1630596|1642281|1642878,0,REG,2026,1610612739,,,,,
22500186610,,Shot Chart Detail,22500186,610,1628378,Donovan Mitchell,1610612739,Cleveland Cavaliers,4,10,39,Missed Shot,Running Layup Shot,2PT Field Goal,Restricted Area,Center(C),Less Than 8 ft.,0,-9,1,1,0,20251108,CLE,CHI,22410,0,1628378|1629731|1630596|1642281|1642878,0,REG,2026,1610612739,,,,,
22500186612,,Shot Chart Detail,22500186,612,1629731,Dean Wade,1610612739,Cleveland Cavaliers,4,10,34,Made Shot,Tip Dunk Shot,2PT Field Goal,Restricted Area,Center(C),Less Than 8 ft.,0,0,0,1,1,20251108,CLE,CHI,22460,0,1628378|1629731|1630596|1642281|1642878,0,REG,2026,1610612739,,,,,
22500186615,,Shot Chart Detail,22500186,615,1629731,Dean Wade,1610612739,Cleveland Cavaliers,4,10,0,Missed Shot,Jump Shot,3PT Field Goal,Above the Break 3,Right Side Center(RC),24+ ft.,24,120,212,1,0,20251108,CLE,CHI,22800,0,1628378|1629731|1630596|1642281|1642878,0,REG,2026,1610612739,,,,,
22500186623,,Shot Chart Detail,22500186,623,1628378,Donovan Mitchell,1610612739,Cleveland Cavaliers,4,9,25,Made Shot,Step Back Jump shot,3PT Field Goal,Above the Break 3,Left Side Center(LC),24+ ft.,25,-229,115,1,1,20251108,CLE,CHI,23150,0,1628366|1628378|1630596|1642281|1642878,1,REG,2026,1610612739,,,,,
22500186641,,Shot Chart Detail,22500186,641,1630596,Evan Mobley,1610612739,Cleveland Cavaliers,4,8,27,Missed Shot,Driving Layup Shot,2PT Field Goal,Restricted Area,Center(C),Less Than 8 ft.,1,4,11,1,0,20251108,CLE,CHI,23730,0,1628366|1629631|1630596|1642281|1642878,0,REG,2026,1610612739,,,,,
22500186650,,Shot Chart Detail,22500186,650,1628386,Jarrett Allen,1610612739,Cleveland Cavaliers,4,8,8,Missed Shot,Running Layup Shot,2PT Field Goal,Restricted Area,Center(C),Less Than 8 ft.,0,7,5,1,0,20251108,CLE,CHI,23920,0,1628366|1628386|1629631|1642281|1642878,0,REG,2026,1610612739,,,,,
22500186658,,Shot Chart Detail,22500186,658,1642878,Tyrese Proctor,1610612739,Cleveland Cavaliers,4,7,40,Missed Shot,Jump Shot,3PT Field Goal,Left Corner 3,Left Side(L),24+ ft.,24,-240,10,1,0,20251108,CLE,CHI,24200,0,1628366|1628386|1629631|1630241|1642878,0,REG,2026,1610612739,,,,,
22500186661,,Shot Chart Detail,22500186,661,1642878,Tyrese Proctor,1610612739,Cleveland Cavaliers,4,7,18,Missed Shot,Jump Shot,3PT Field Goal,Above the Break 3,Left Side Center(LC),24+ ft.,26,-116,237,1,0,20251108,CLE,CHI,24420,0,1628366|1628386|1629631|1630241|1642878,0,REG,2026,1610612739,,,,,
22500186665,,Shot Chart Detail,22500186,665,1628386,Jarrett Allen,1610612739,Cleveland Cavaliers,4,7,2,Missed Shot,Pullup Jump shot,2PT Field Goal,In The Paint (Non-RA),Left Side(L),8-16 ft.,12,-67,102,1,0,20251108,CLE,CHI,24580,0,1628366|1628386|1629631|1630241|1642878,0,REG,2026,1610612739,,,,,
22500186677,,Shot Chart Detail,22500186,677,1628378,Donovan Mitchell,1610612739,Cleveland Cavaliers,4,6,32,Missed Shot,Pullup Jump shot,3PT Field Goal,Above the Break 3,Right Side Center(RC),24+ ft.,25,216,138,1,0,20251108,CLE,CHI,24880,0,1628366|1628378|1628386|1629631|1630241,0,REG,2026,1610612739,,,,,
22500186685,,Shot Chart Detail,22500186,685,1630241,Sam Merrill,1610612739,Cleveland Cavaliers,4,6,12,Missed Shot,Driving Floating Jump Shot,2PT Field Goal,In The Paint (Non-RA),Center(C),8-16 ft.,9,23,91,1,0,20251108,CLE,CHI,25080,0,1628378|1628386|1629631|1630241|1630596,0,REG,2026,1610612739,,,,,
22500186687,,Shot Chart Detail,22500186,687,1628378,Donovan Mitchell,1610612739,Cleveland Cavaliers,4,6,7,Made Shot,Jump Shot,2PT Field Goal,Mid-Range,Right Side Center(RC),16-24 ft.,22,137,181,1,1,20251108,CLE,CHI,25130,0,1628378|1628386|1629631|1630241|1630596,1,REG,2026,1610612739,,,,,
22500186697,,Shot Chart Detail,22500186,697,1642281,Jaylon Tyson,1610612739,Cleveland Cavaliers,4,5,28,Made Shot,Jump Shot,3PT Field Goal,Above the Break 3,Right Side Center(RC),24+ ft.,25,222,118,1,1,20251108,CLE,CHI,25520,0,1628378|1629631|1630241|1630596|1642281,1,REG,2026,1610612739,,,,,
22500186704,,Shot Chart Detail,22500186,704,1642281,Jaylon Tyson,1610612739,Cleveland Cavaliers,4,4,23,Made Shot,Jump Shot,3PT Field Goal,Above the Break 3,Left Side Center(LC),24+ ft.,26,-227,127,1,1,20251108,CLE,CHI,26170,0,1628378|1629631|1630241|1630596|1642281,1,REG,2026,1610612739,,,,,
22500186708,,Shot Chart Detail,22500186,708,1629631,De'Andre Hunter,1610612739,Cleveland Cavaliers,4,3,45,Made Shot,Step Back Jump shot,2PT Field Goal,Mid-Range,Left Side Center(LC),16-24 ft.,17,-113,133,1,1,20251108,CLE,CHI,26550,0,1628378|1629631|1630241|1630596|1642281,0,REG,2026,1610612739,,,,,
22500186711,,Shot Chart Detail,22500186,711,1642281,Jaylon Tyson,1610612739,Cleveland Cavaliers,4,3,7,Made Shot,Driving Layup Shot,2PT Field Goal,Restricted Area,Center(C),Less Than 8 ft.,1,11,15,1,1,20251108,CLE,CHI,26930,0,1628378|1629631|1630241|1630596|1642281,1,REG,2026,1610612739,,,,,
22500186722,,Shot Chart Detail,22500186,722,1630596,Evan Mobley,1610612739,Cleveland Cavaliers,4,2,34,Missed Shot,Driving Floating Jump Shot,2PT Field Goal,In The Paint (Non-RA),Center(C),Less Than 8 ft.,6,47,41,1,0,20251108,CLE,CHI,27260,0,1628378|1629631|1630241|1630596|1642281,0,REG,2026,1610612739,,,,,
22500186725,,Shot Chart Detail,22500186,725,1629631,De'Andre Hunter,1610612739,Cleveland Cavaliers,4,2,23,Missed Shot,Pullup Jump shot,3PT Field Goal,Above the Break 3,Right Side Center(RC),24+ ft.,25,103,237,1,0,20251108,CLE,CHI,27370,0,1628378|1629631|1630241|1630596|1642281,0,REG,2026,1610612739,,,,,
22500186740,,Shot Chart Detail,22500186,740,1628378,Donovan Mitchell,1610612739,Cleveland Cavaliers,4,1,38,Made Shot,Pullup Jump shot,3PT Field Goal,Above the Break 3,Right Side Center(RC),24+ ft.,25,114,230,1,1,20251108,CLE,CHI,27820,0,1628378|1629631|1630241|1630596|1642281,0,REG,2026,1610612739,,,,,
22500186743,,Shot Chart Detail,22500186,743,1628378,Donovan Mitchell,1610612739,Cleveland Cavaliers,4,1,14,Made Shot,Driving Layup Shot,2PT Field Goal,Restricted Area,Center(C),Less Than 8 ft.,1,1,11,1,1,20251108,CLE,CHI,28060,0,1628378|1629631|1630241|1630596|1642281,0,REG,2026,1610612739,,,,,
22500186747,,Shot Chart Detail,22500186,747,1628378,Donovan Mitchell,1610612739,Cleveland Cavaliers,4,0,33,Made Shot,Driving Layup Shot,2PT Field Goal,Restricted Area,Center(C),Less Than 8 ft.,2,16,17,1,1,20251108,CLE,CHI,28470,0,1628378|1629631|1630241|1630596|1642281,1,REG,2026,1610612739,,,,,
225002019,,Shot Chart Detail,22500201,9,1629631,De'Andre Hunter,1610612739,Cleveland Cavaliers,1,11,34,Made Shot,Jump Shot,3PT Field Goal,Right Corner 3,Right Side(R),24+ ft.,23,233,55,1,1,20251110,MIA,CLE,260,0,1628378|1628386|1629631|1629636|1630596,1,REG,2026,1610612739,,,,,
2250020113,,Shot Chart Detail,22500201,13,1628378,Donovan Mitchell,1610612739,Cleveland Cavaliers,1,10,57,Missed Shot,Jump Shot,3PT Field Goal,Above the Break 3,Right Side Center(RC),24+ ft.,26,167,211,1,0,20251110,MIA,CLE,630,0,1628378|1628386|1629631|1629636|1630596,0,REG,2026,1610612739,,,,,
2250020119,,Shot Chart Detail,22500201,19,1629631,De'Andre Hunter,1610612739,Cleveland Cavaliers,1,10,31,Missed Shot,Jump Shot,3PT Field Goal,Above the Break 3,Right Side Center(RC),24+ ft.,25,131,220,1,0,20251110,MIA,CLE,890,0,1628378|1628386|1629631|1629636|1630596,0,REG,2026,1610612739,,,,,
2250020124,,Shot Chart Detail,22500201,24,1629631,De'Andre Hunter,1610612739,Cleveland Cavaliers,1,10,13,Made Shot,Running Finger Roll Layup Shot,2PT Field Goal,Restricted Area,Center(C),Less Than 8 ft.,2,13,24,1,1,20251110,MIA,CLE,1070,0,1628378|1628386|1629631|1629636|1630596,1,REG,2026,1610612739,,,,,
2250020132,,Shot Chart Detail,22500201,32,1628386,Jarrett Allen,1610612739,Cleveland Cavaliers,1,9,41,Made Shot,Driving Layup Shot,2PT Field Goal,In The Paint (Non-RA),Center(C),Less Than 8 ft.,7,58,42,1,1,20251110,MIA,CLE,1390,0,1628378|1628386|1629631|1629636|1630596,1,REG,2026,1610612739,,,,,
2250020135,,Shot Chart Detail,22500201,35,1629636,Darius Garland,1610612739,Cleveland Cavaliers,1,9,11,Missed Shot,Pullup Jump shot,3PT Field Goal,Left Corner 3,Left Side(L),24+ ft.,22,-229,-15,1,0,20251110,MIA,CLE,1690,0,1628378|1628386|1629631|1629636|1630596,0,REG,2026,1610612739,,,,,
2250020137,,Shot Chart Detail,22500201,37,1630596,Evan Mobley,1610612739,Cleveland Cavaliers,1,9,7,Missed Shot,Putback Layup Shot,2PT Field Goal,Restricted Area,Center(C),Less Than 8 ft.,2,1,24,1,0,20251110,MIA,CLE,1730,0,1628378|1628386|1629631|1629636|1630596,0,REG,2026,1610612739,,,,,
2250020141,,Shot Chart Detail,22500201,41,1629636,Darius Garland,1610612739,Cleveland Cavaliers,1,8,51,Missed Shot,Driving Finger Roll Layup Shot,2PT Field Goal,In The Paint (Non-RA),Center(C),Less Than 8 ft.,4,-27,34,1,0,20251110,MIA,CLE,1890,0,1628378|1628386|1629631|1629636|1630596,0,REG,2026,1610612739,,,,,
2250020143,,Shot Chart Detail,22500201,43,1629631,De'Andre Hunter,1610612739,Cleveland Cavaliers,1,8,45,Missed Shot,Jump Shot,3PT Field Goal,Above the Break 3,Left Side Center(LC),24+ ft.,26,-211,163,1,0,20251110,MIA,CLE,1950,0,1628378|1628386|1629631|1629636|1630596,0,REG,2026,1610612739,,,,,
2250020148,,Shot Chart Detail,22500201,48,1628378,Donovan Mitchell,1610612739,Cleveland Cavaliers,1,8,26,Missed Shot,Running Pull-Up Jump Shot,3PT Field Goal,Above the Break 3,Center(C),24+ ft.,25,69,241,1,0,20251110,MIA,CLE,2140,0,1628378|1628386|1629631|1629636|1630596,0,REG,2026,1610612739,,,,,
2250020150,,Shot Chart Detail,22500201,50,1629631,De'Andre Hunter,1610612739,Cleveland Cavaliers,1,8,19,Missed Shot,Driving Floating Jump Shot,2PT Field Goal,In The Paint (Non-RA),Center(C),Less Than 8 ft.,7,-49,57,1,0,20251110,MIA,CLE,2210,0,1628378|1628386|1629631|1629636|1630596,0,REG,2026,1610612739,,,,,
2250020153,,Shot Chart Detail,22500201,53,1630596,Evan Mobley,1610612739,Cleveland Cavaliers,1,8,1,Made Shot,Cutting Dunk Shot,2PT Field Goal,In The Paint (Non-RA),Center(C),Less Than 8 ft.,4,-42,6,1,1,20251110,MIA,CLE,2390,0,1628378|1628386|1629631|1629636|1630596,1,REG,2026,1610612739,,,,,
2250020157,,Shot Chart Detail,22500201,57,1628378,Donovan Mitchell,1610612739,Cleveland Cavaliers,1,7,35,Made Shot,Pullup Jump shot,2PT Field Goal,Mid-Range,Right Side Center(RC),16-24 ft.,19,152,125,1,1,20251110,MIA,CLE,2650,0,1628378|1628386|1629631|1629636|1630596,0,REG,2026,1610612739,,,,,
2250020160,,Shot Chart Detail,22500201,60,1628386,Jarrett Allen,1610612739,Cleveland Cavaliers,1,7,7,Made Shot,Reverse Layup Shot,2PT Field Goal,In The Paint (Non-RA),Center(C),Less Than 8 ft.,4,28,32,1,1,20251110,MIA,CLE,2930,0,1628378|1628386|1629631|1629636|1630596,0,REG,2026,1610612739,,,,,
2250020170,,Shot Chart Detail,22500201,70,1628386,Jarrett Allen,1610612739,Cleveland Cavaliers,1,6,46,Made Shot,Turnaround Bank shot,2PT Field Goal,In The Paint (Non-RA),Center(C),Less Than 8 ft.,5,-48,32,1,1,20251110,MIA,CLE,3140,0,1628386|1629631|1629636|1630241|1630596,1,REG,2026,1610612739,,,,,
2250020186,,Shot Chart Detail,22500201,86,1629631,De'Andre Hunter,1610612739,Cleveland Cavaliers,1,5,45,Missed Shot,Jump Shot,3PT Field Goal,Left Corner 3,Left Side(L),24+ ft.,22,-227,9,1,0,20251110,MIA,CLE,3750,0,1629631|1629636|1630241|1630596|1642281,0,REG,2026,1610612739,,,,,
2250020194,,Shot Chart Detail,22500201,94,1642281,Jaylon Tyson,1610612739,Cleveland Cavaliers,1,5,20,Missed Shot,Jump Shot,3PT Field Goal,Above the Break 3,Center(C),24+ ft.,25,20,250,1,0,20251110,MIA,CLE,4000,0,1629631|1629636|1630241|1630596|1642281,0,REG,2026,1610612739,,,,,
22500201116,,Shot Chart Detail,22500201,116,1630241,Sam Merrill,1610612739,Cleveland Cavaliers,1,4,26,Missed Shot,Jump Shot,3PT Field Goal,Above the Break 3,Left Side Center(LC),24+ ft.,25,-163,198,1,0,20251110,MIA,CLE,4540,0,1628366|1628378|1628386|1630241|1642281,0,REG,2026,1610612739,,,,,
22500201125,,Shot Chart Detail,22500201,125,1630241,Sam Merrill,1610612739,Cleveland Cavaliers,1,3,34,Missed Shot,Jump Shot,3PT Field Goal,Above the Break 3,Left Side Center(LC),24+ ft.,25,-147,205,1,0,20251110,MIA,CLE,5060,0,1628366|1628378|1628386|1630241|1642281,0,REG,2026,1610612739,,,,,
22500201127,,Shot Chart Detail,22500201,127,1628386,Jarrett Allen,1610612739,Cleveland Cavaliers,1,3,30,Made Shot,Putback Dunk Shot,2PT Field Goal,Restricted Area,Center(C),Less Than 8 ft.,2,15,16,1,1,20251110,MIA,CLE,5100,0,1628366|1628378|1628386|1630241|1642281,0,REG,2026,1610612739,,,,,
22500201130,,Shot Chart Detail,22500201,130,1628378,Donovan Mitchell,1610612739,Cleveland Cavaliers,1,2,59,Made Shot,Pullup Jump shot,3PT Field Goal,Above the Break 3,Right Side Center(RC),24+ ft.,25,161,197,1,1,20251110,MIA,CLE,5410,0,1628366|1628378|1628386|1630241|1642281,0,REG,2026,1610612739,,,,,
22500201143,,Shot Chart Detail,22500201,143,1628366,Lonzo Ball,1610612739,Cleveland Cavaliers,1,1,57,Missed Shot,Step Back Jump shot,3PT Field Goal,Above the Break 3,Left Side Center(LC),24+ ft.,25,-158,198,1,0,20251110,MIA,CLE,6030,0,1628366|1628378|1628386|1630241|1642281,0,REG,2026,1610612739,,,,,
22500201145,,Shot Chart Detail,22500201,145,1642281,Jaylon Tyson,1610612739,Cleveland Cavaliers,1,1,50,Made Shot,Tip Layup Shot,2PT Field Goal,Restricted Area,Center(C),Less Than 8 ft.,0,0,0,1,1,20251110,MIA,CLE,6100,0,1628366|1628378|1628386|1630241|1642281,0,REG,2026,1610612739,,,,,
22500201148,,Shot Chart Detail,22500201,148,1628366,Lonzo Ball,1610612739,Cleveland Cavaliers,1,1,31,Made Shot,Jump Shot,3PT Field Goal,Above the Break 3,Right Side Center(RC),24+ ft.,27,119,243,1,1,20251110,MIA,CLE,6290,0,1628366|1628378|1628386|1630241|1642281,1,REG,2026,1610612739,,,,,
22500201152,,Shot Chart Detail,22500201,152,1628378,Donovan Mitchell,1610612739,Cleveland Cavaliers,1,1,12,Made Shot,Driving Floating Jump Shot,2PT Field Goal,In The Paint (Non-RA),Center(C),Less Than 8 ft.,6,20,66,1,1,20251110,MIA,CLE,6480,0,1628366|1628378|1628386|1630241|1642281,0,REG,2026,1610612739,,,,,
22500201155,,Shot Chart Detail,22500201,155,1630241,Sam Merrill,1610612739,Cleveland Cavaliers,1,0,56,Missed Shot,Pullup Jump shot,3PT Field Goal,Above the Break 3,Center(C),24+ ft.,27,53,266,1,0,20251110,MIA,CLE,6640,0,1628366|1628378|1628386|1630241|1642281,0,REG,2026,1610612739,,,,,
22500201159,,Shot Chart Detail,22500201,159,1628378,Donovan Mitchell,1610612739,Cleveland Cavaliers,1,0,36,Missed Shot,Pullup Jump shot,3PT Field Goal,Above the Break 3,Left Side Center(LC),24+ ft.,26,-135,225,1,0,20251110,MIA,CLE,6840,0,1628366|1628378|1628386|1630241|1642281,0,REG,2026,1610612739,,,,,
22500201163,,Shot Chart Detail,22500201,163,1628386,Jarrett Allen,1610612739,Cleveland Cavaliers,1,0,5,Missed Shot,Layup Shot,2PT Field Goal,In The Paint (Non-RA),Center(C),Less Than 8 ft.,4,37,27,1,0,20251110,MIA,CLE,7150,0,1628366|1628378|1628386|1630241|1642281,0,REG,2026,1610612739,,,,,
22500201183,,Shot Chart Detail,22500201,183,1628378,Donovan Mitchell,1610612739,Cleveland Cavaliers,2,11,42,Missed Shot,Jump Shot,3PT Field Goal,Above the Break 3,Left Side Center(LC),24+ ft.,25,-163,194,1,0,20251110,MIA,CLE,7380,0,1628378|1629731|1630241|1630596|1641854,0,REG,2026,1610612739,,,,,
22500201186,,Shot Chart Detail,22500201,186,1630596,Evan Mobley,1610612739,Cleveland Cavaliers,2,11,38,Missed Shot,Dunk Shot,2PT Field Goal,Restricted Area,Center(C),Less Than 8 ft.,3,17,31,1,0,20251110,MIA,CLE,7420,0,1628378|1629731|1630241|1630596|1641854,0,REG,2026,1610612739,,,,,
22500201189,,Shot Chart Detail,22500201,189,1630596,Evan Mobley,1610612739,Cleveland Cavaliers,2,11,33,Made Shot,Putback Dunk Shot,2PT Field Goal,Restricted Area,Center(C),Less Than 8 ft.,3,17,32,1,1,20251110,MIA,CLE,7470,0,1628378|1629731|1630241|1630596|1641854,0,REG,2026,1610612739,,,,,
22500201192,,Shot Chart Detail,22500201,192,1641854,Craig Porter Jr.,1610612739,Cleveland Cavaliers,2,11,7,Missed Shot,Step Back Jump shot,3PT Field Goal,Above the Break 3,Right Side Center(RC),24+ ft.,25,131,224,1,0,20251110,MIA,CLE,7730,0,1628378|1629731|1630241|1630596|1641854,0,REG,2026,1610612739,,,,,
22500201197,,Shot Chart Detail,22500201,197,1630596,Evan Mobley,1610612739,Cleveland Cavaliers,2,10,35,Missed Shot,Floating Jump shot,2PT Field Goal,In The Paint (Non-RA),Center(C),Less Than 8 ft.,5,10,53,1,0,20251110,MIA,CLE,8050,0,1628378|1629731|1630241|1630596|1641854,0,REG,2026,1610612739,,,,,
22500201206,,Shot Chart Detail,22500201,206,1629731,Dean Wade,1610612739,Cleveland Cavaliers,2,9,49,Missed Shot,Cutting Layup Shot,2PT Field Goal,Restricted Area,Center(C),Less Than 8 ft.,2,-12,19,1,0,20251110,MIA,CLE,8510,0,1628378|1629731|1630241|1630596|1641854,0,REG,2026,1610612739,,,,,
22500201210,,Shot Chart Detail,22500201,210,1628378,Donovan Mitchell,1610612739,Cleveland Cavaliers,2,9,46,Missed Shot,Jump Shot,2PT Field Goal,Mid-Range,Right Side(R),16-24 ft.,16,161,-12,1,0,20251110,MIA,CLE,8540,0,1628378|1629731|1630241|1630596|1641854,0,REG,2026,1610612739,,,,,
22500201214,,Shot Chart Detail,22500201,214,1630241,Sam Merrill,1610612739,Cleveland Cavaliers,2,9,22,Missed Shot,Jump Shot,3PT Field Goal,Above the Break 3,Left Side Center(LC),24+ ft.,25,-140,210,1,0,20251110,MIA,CLE,8780,0,1628378|1629731|1630241|1630596|1641854,0,REG,2026,1610612739,,,,,
22500201229,,Shot Chart Detail,22500201,229,1628378,Donovan Mitchell,1610612739,Cleveland Cavaliers,2,8,52,Missed Shot,Step Back Jump shot,3PT Field Goal,Above the Break 3,Left Side Center(LC),24+ ft.,24,-118,215,1,0,20251110,MIA,CLE,9080,0,1628378|1629731|1630241|1630596|1641854,0,REG,2026,1610612739,,,,,
22500201231,,Shot Chart Detail,22500201,231,1641854,Craig Porter Jr.,1610612739,Cleveland Cavaliers,2,8,38,Made Shot,Driving Finger Roll Layup Shot,2PT Field Goal,In The Paint (Non-RA),Center(C),Less Than 8 ft.,4,39,24,1,1,20251110,MIA,CLE,9220,0,1628378|1629731|1630241|1630596|1641854,1,REG,2026,1610612739,,,,,
22500201239,,Shot Chart Detail,22500201,239,1630241,Sam Merrill,1610612739,Cleveland Cavaliers,2,8,10,Missed Shot,Jump Shot,3PT Field Goal,Above the Break 3,Right Side Center(RC),24+ ft.,25,120,220,1,0,20251110,MIA,CLE,9500,0,1628378|1629731|1630241|1630596|1641854,0,REG,2026,1610612739,,,,,
22500201249,,Shot Chart Detail,22500201,249,1629731,Dean Wade,1610612739,Cleveland Cavaliers,2,7,43,Made Shot,Jump Shot,3PT Field Goal,Right Corner 3,Right Side(R),24+ ft.,22,228,25,1,1,20251110,MIA,CLE,9770,0,1628366|1629631|1629731|1630596|1641854,1,REG,2026,1610612739,,,,,
22500201253,,Shot Chart Detail,22500201,253,1629631,De'Andre Hunter,1610612739,Cleveland Cavaliers,2,7,13,Missed Shot,Driving Floating Jump Shot,2PT Field Goal,In The Paint (Non-RA),Center(C),8-16 ft.,13,-27,129,1,0,20251110,MIA,CLE,10070,0,1628366|1629631|1629731|1630596|1641854,0,REG,2026,1610612739,,,,,
22500201281,,Shot Chart Detail,22500201,281,1629636,Darius Garland,1610612739,Cleveland Cavaliers,2,6,6,Missed Shot,Driving Floating Jump Shot,2PT Field Goal,In The Paint (Non-RA),Center(C),8-16 ft.,8,29,79,1,0,20251110,MIA,CLE,10740,0,1628366|1628386|1629631|1629636|1629731,0,REG,2026,1610612739,,,,,
22500201283,,Shot Chart Detail,22500201,283,1629631,De'Andre Hunter,1610612739,Cleveland Cavaliers,2,5,58,Made Shot,Turnaround Jump Shot,2PT Field Goal,Mid-Range,Left Side(L),16-24 ft.,17,-176,14,1,1,20251110,MIA,CLE,10820,0,1628366|1628386|1629631|1629636|1629731,1,REG,2026,1610612739,,,,,
22500201289,,Shot Chart Detail,22500201,289,1629636,Darius Garland,1610612739,Cleveland Cavaliers,2,5,33,Made Shot,Pullup Jump shot,2PT Field Goal,Mid-Range,Left Side Center(LC),16-24 ft.,18,-96,159,1,1,20251110,MIA,CLE,11070,0,1628366|1628386|1629631|1629636|1629731,0,REG,2026,1610612739,,,,,
22500201298,,Shot Chart Detail,22500201,298,1629636,Darius Garland,1610612739,Cleveland Cavaliers,2,5,1,Made Shot,Pullup Jump shot,3PT Field Goal,Above the Break 3,Center(C),24+ ft.,25,-76,239,1,1,20251110,MIA,CLE,11390,0,1628366|1628386|1629631|1629636|1629731,0,REG,2026,1610612739,,,,,
22500201303,,Shot Chart Detail,22500201,303,1628386,Jarrett Allen,1610612739,Cleveland Cavaliers,2,4,30,Missed Shot,Cutting Layup Shot,2PT Field Goal,In The Paint (Non-RA),Center(C),Less Than 8 ft.,4,-39,31,1,0,20251110,MIA,CLE,11700,0,1628366|1628386|1629631|1629636|1629731,0,REG,2026,1610612739,,,,,
22500201305,,Shot Chart Detail,22500201,305,1628386,Jarrett Allen,1610612739,Cleveland Cavaliers,2,4,26,Made Shot,Tip Layup Shot,2PT Field Goal,Restricted Area,Center(C),Less Than 8 ft.,0,0,0,1,1,20251110,MIA,CLE,11740,0,1628366|1628386|1629631|1629636|1629731,0,REG,2026,1610612739,,,,,
22500201308,,Shot Chart Detail,22500201,308,1628366,Lonzo Ball,1610612739,Cleveland Cavaliers,2,4,5,Missed Shot,Step Back Jump shot,3PT Field Goal,Above the Break 3,Center(C),24+ ft.,25,-37,251,1,0,20251110,MIA,CLE,11950,0,1628366|1628386|1629631|1629636|1629731,0,REG,2026,1610612739,,,,,
22500201312,,Shot Chart Detail,22500201,312,1628386,Jarrett Allen,1610612739,Cleveland Cavaliers,2,3,38,Missed Shot,Driving Finger Roll Layup Shot,2PT Field Goal,In The Paint (Non-RA),Center(C),Less Than 8 ft.,7,60,50,1,0,20251110,MIA,CLE,12220,0,1628366|1628386|1629631|1629636|1629731,0,REG,2026,1610612739,,,,,
22500201335,,Shot Chart Detail,22500201,335,1629636,Darius Garland,1610612739,Cleveland Cavaliers,2,2,31,Missed Shot,Pullup Jump shot,3PT Field Goal,Above the Break 3,Center(C),24+ ft.,27,-7,276,1,0,20251110,MIA,CLE,12890,0,1628378|1629631|1629636|1630596|1642281,0,REG,2026,1610612739,,,,,
22500201353,,Shot Chart Detail,22500201,353,1628378,Donovan Mitchell,1610612739,Cleveland Cavaliers,2,1,43,Missed Shot,Pullup Jump shot,3PT Field Goal,Above the Break 3,Right Side Center(RC),24+ ft.,25,213,131,1,0,20251110,MIA,CLE,13370,0,1628378|1629631|1629636|1630596|1642281,0,REG,2026,1610612739,,,,,
22500201364,,Shot Chart Detail,22500201,364,1628378,Donovan Mitchell,1610612739,Cleveland Cavaliers,2,0,39,Missed Shot,Driving Floating Jump Shot,2PT Field Goal,In The Paint (Non-RA),Center(C),8-16 ft.,10,-17,103,1,0,20251110,MIA,CLE,14010,0,1628378|1629631|1630241|1630596|1642281,0,REG,2026,1610612739,,,,,
22500201368,,Shot Chart Detail,22500201,368,1642281,Jaylon Tyson,1610612739,Cleveland Cavaliers,2,0,13,Made Shot,Jump Shot,3PT Field Goal,Above the Break 3,Left Side Center(LC),24+ ft.,24,-178,174,1,1,20251110,MIA,CLE,14270,0,1628378|1629631|1630241|1630596|1642281,1,REG,2026,1610612739,,,,,
22500201382,,Shot Chart Detail,22500201,382,1628386,Jarrett Allen,1610612739,Cleveland Cavaliers,3,11,40,Made Shot,Reverse Dunk Shot,2PT Field Goal,Restricted Area,Center(C),Less Than 8 ft.,1,17,6,1,1,20251110,MIA,CLE,14600,0,1628378|1628386|1629631|1629636|1630596,1,REG,2026,1610612739,,,,,
22500201387,,Shot Chart Detail,22500201,387,1629631,De'Andre Hunter,1610612739,Cleveland Cavaliers,3,11,1,Made Shot,Jump Shot,3PT Field Goal,Above the Break 3,Left Side Center(LC),24+ ft.,25,-113,230,1,1,20251110,MIA,CLE,14990,0,1628378|1628386|1629631|1629636|1630596,1,REG,2026,1610612739,,,,,
22500201391,,Shot Chart Detail,22500201,391,1628378,Donovan Mitchell,1610612739,Cleveland Cavaliers,3,10,39,Made Shot,Driving Layup Shot,2PT Field Goal,Restricted Area,Center(C),Less Than 8 ft.,3,7,37,1,1,20251110,MIA,CLE,15210,0,1628378|1628386|1629631|1629636|1630596,0,REG,2026,1610612739,,,,,
22500201399,,Shot Chart Detail,22500201,399,1628378,Donovan Mitchell,1610612739,Cleveland Cavaliers,3,10,8,Missed Shot,Jump Shot,3PT Field Goal,Above the Break 3,Center(C),24+ ft.,25,-51,247,1,0,20251110,MIA,CLE,15520,0,1628378|1628386|1629631|1629636|1630596,0,REG,2026,1610612739,,,,,
22500201413,,Shot Chart Detail,22500201,413,1628378,Donovan Mitchell,1610612739,Cleveland Cavaliers,3,9,25,Made Shot,Driving Layup Shot,2PT Field Goal,In The Paint (Non-RA),Center(C),Less Than 8 ft.,7,53,50,1,1,20251110,MIA,CLE,15950,0,1628378|1628386|1629631|1629636|1630596,0,REG,2026,1610612739,,,,,
22500201416,,Shot Chart Detail,22500201,416,1629636,Darius Garland,1610612739,Cleveland Cavaliers,3,9,1,Missed Shot,Driving Layup Shot,2PT Field Goal,In The Paint (Non-RA),Center(C),8-16 ft.,9,-43,81,1,0,20251110,MIA,CLE,16190,0,1628378|1628386|1629631|1629636|1630596,0,REG,2026,1610612739,,,,,
22500201423,,Shot Chart Detail,22500201,423,1630596,Evan Mobley,1610612739,Cleveland Cavaliers,3,8,42,Made Shot,Jump Shot,3PT Field Goal,Right Corner 3,Right Side(R),24+ ft.,23,230,12,1,1,20251110,MIA,CLE,16380,0,1628378|1628386|1629631|1629636|1630596,1,REG,2026,1610612739,,,,,
22500201427,,Shot Chart Detail,22500201,427,1629631,De'Andre Hunter,1610612739,Cleveland Cavaliers,3,8,17,Made Shot,Driving Floating Jump Shot,2PT Field Goal,In The Paint (Non-RA),Center(C),8-16 ft.,11,-27,109,1,1,20251110,MIA,CLE,16630,0,1628378|1628386|1629631|1629636|1630596,0,REG,2026,1610612739,,,,,
22500201430,,Shot Chart Detail,22500201,430,1629631,De'Andre Hunter,1610612739,Cleveland Cavaliers,3,7,46,Missed Shot,Jump Shot,3PT Field Goal,Above the Break 3,Center(C),24+ ft.,26,-33,262,1,0,20251110,MIA,CLE,16940,0,1628378|1628386|1629631|1629636|1630596,0,REG,2026,1610612739,,,,,
22500201432,,Shot Chart Detail,22500201,432,1629636,Darius Garland,1610612739,Cleveland Cavaliers,3,7,40,Missed Shot,Driving Layup Shot,2PT Field Goal,In The Paint (Non-RA),Center(C),Less Than 8 ft.,4,44,23,1,0,20251110,MIA,CLE,17000,0,1628378|1628386|1629631|1629636|1630596,0,REG,2026,1610612739,,,,,
22500201435,,Shot Chart Detail,22500201,435,1628378,Donovan Mitchell,1610612739,Cleveland Cavaliers,3,7,37,Made Shot,Putback Layup Shot,2PT Field Goal,Restricted Area,Center(C),Less Than 8 ft.,0,0,0,1,1,20251110,MIA,CLE,17030,0,1628378|1628386|1629631|1629636|1630596,0,REG,2026,1610612739,,,,,
22500201456,,Shot Chart Detail,22500201,456,1629636,Darius Garland,1610612739,Cleveland Cavaliers,3,6,26,Missed Shot,Driving Floating Jump Shot,2PT Field Goal,In The Paint (Non-RA),Center(C),8-16 ft.,8,-1,83,1,0,20251110,MIA,CLE,17740,0,1629631|1629636|1630241|1630596|1642281,0,REG,2026,1610612739,,,,,
22500201458,,Shot Chart Detail,22500201,458,1629631,De'Andre Hunter,1610612739,Cleveland Cavaliers,3,6,21,Missed Shot,Jump Shot,3PT Field Goal,Above the Break 3,Left Side Center(LC),24+ ft.,27,-119,243,1,0,20251110,MIA,CLE,17790,0,1629631|1629636|1630241|1630596|1642281,0,REG,2026,1610612739,,,,,
22500201462,,Shot Chart Detail,22500201,462,1629631,De'Andre Hunter,1610612739,Cleveland Cavaliers,3,5,59,Made Shot,Cutting Dunk Shot,2PT Field Goal,Restricted Area,Center(C),Less Than 8 ft.,1,-9,13,1,1,20251110,MIA,CLE,18010,0,1629631|1629636|1630241|1630596|1642281,1,REG,2026,1610612739,,,,,
22500201474,,Shot Chart Detail,22500201,474,1630596,Evan Mobley,1610612739,Cleveland Cavaliers,3,5,26,Made Shot,Jump Shot,3PT Field Goal,Above the Break 3,Right Side Center(RC),24+ ft.,25,94,238,1,1,20251110,MIA,CLE,18340,0,1628366|1629631|1630241|1630596|1642281,1,REG,2026,1610612739,,,,,
22500201478,,Shot Chart Detail,22500201,478,1630596,Evan Mobley,1610612739,Cleveland Cavaliers,3,4,57,Missed Shot,Driving Layup Shot,2PT Field Goal,In The Paint (Non-RA),Center(C),Less Than 8 ft.,6,58,38,1,0,20251110,MIA,CLE,18630,0,1628366|1629631|1630241|1630596|1642281,0,REG,2026,1610612739,,,,,
22500201483,,Shot Chart Detail,22500201,483,1628366,Lonzo Ball,1610612739,Cleveland Cavaliers,3,4,30,Made Shot,Jump Shot,3PT Field Goal,Right Corner 3,Right Side(R),24+ ft.,23,230,-6,1,1,20251110,MIA,CLE,18900,0,1628366|1629631|1630241|1630596|1642281,1,REG,2026,1610612739,,,,,
22500201497,,Shot Chart Detail,22500201,497,1642281,Jaylon Tyson,1610612739,Cleveland Cavaliers,3,4,5,Missed Shot,Jump Shot,3PT Field Goal,Left Corner 3,Left Side(L),24+ ft.,23,-230,38,1,0,20251110,MIA,CLE,19150,0,1628366|1628378|1628386|1630241|1642281,0,REG,2026,1610612739,,,,,
22500201511,,Shot Chart Detail,22500201,511,1630241,Sam Merrill,1610612739,Cleveland Cavaliers,3,3,46,Missed Shot,Jump Shot,3PT Field Goal,Above the Break 3,Left Side Center(LC),24+ ft.,27,-178,207,1,0,20251110,MIA,CLE,19340,0,1628366|1628378|1628386|1630241|1642281,0,REG,2026,1610612739,,,,,
22500201518,,Shot Chart Detail,22500201,518,1628378,Donovan Mitchell,1610612739,Cleveland Cavaliers,3,3,24,Made Shot,Driving Floating Bank Jump Shot,2PT Field Goal,In The Paint (Non-RA),Center(C),Less Than 8 ft.,6,58,37,1,1,20251110,MIA,CLE,19560,0,1628366|1628378|1628386|1630241|1642281,0,REG,2026,1610612739,,,,,
22500201528,,Shot Chart Detail,22500201,528,1642281,Jaylon Tyson,1610612739,Cleveland Cavaliers,3,3,5,Missed Shot,Hook Shot,2PT Field Goal,In The Paint (Non-RA),Center(C),Less Than 8 ft.,6,-15,59,1,0,20251110,MIA,CLE,19750,0,1628366|1628378|1629731|1630241|1642281,0,REG,2026,1610612739,,,,,
22500201530,,Shot Chart Detail,22500201,530,1628378,Donovan Mitchell,1610612739,Cleveland Cavaliers,3,3,2,Missed Shot,Jump Shot,3PT Field Goal,Right Corner 3,Right Side(R),24+ ft.,24,243,22,1,0,20251110,MIA,CLE,19780,0,1628366|1628378|1629731|1630241|1642281,0,REG,2026,1610612739,,,,,
22500201538,,Shot Chart Detail,22500201,538,1628366,Lonzo Ball,1610612739,Cleveland Cavaliers,3,2,39,Missed Shot,Step Back Jump shot,3PT Field Goal,Above the Break 3,Left Side Center(LC),24+ ft.,25,-188,175,1,0,20251110,MIA,CLE,20010,0,1628366|1628378|1629731|1630241|1642281,0,REG,2026,1610612739,,,,,
22500201540,,Shot Chart Detail,22500201,540,1628378,Donovan Mitchell,1610612739,Cleveland Cavaliers,3,2,33,Made Shot,Step Back Jump shot,3PT Field Goal,Above the Break 3,Right Side Center(RC),24+ ft.,26,107,243,1,1,20251110,MIA,CLE,20070,0,1628366|1628378|1629731|1630241|1642281,0,REG,2026,1610612739,,,,,
22500201551,,Shot Chart Detail,22500201,551,1629731,Dean Wade,1610612739,Cleveland Cavaliers,3,2,10,Made Shot,Running Pull-Up Jump Shot,3PT Field Goal,Above the Break 3,Left Side Center(LC),24+ ft.,24,-230,89,1,1,20251110,MIA,CLE,20300,0,1628366|1628378|1629731|1630241|1642281,1,REG,2026,1610612739,,,,,
22500201555,,Shot Chart Detail,22500201,555,1629731,Dean Wade,1610612739,Cleveland Cavaliers,3,1,46,Made Shot,Running Pull-Up Jump Shot,3PT Field Goal,Above the Break 3,Left Side Center(LC),24+ ft.,26,-178,195,1,1,20251110,MIA,CLE,20540,0,1628366|1628378|1629731|1630241|1642281,0,REG,2026,1610612739,,,,,
22500201565,,Shot Chart Detail,22500201,565,1642281,Jaylon Tyson,1610612739,Cleveland Cavaliers,3,1,9,Missed Shot,Cutting Layup Shot,2PT Field Goal,Restricted Area,Center(C),Less Than 8 ft.,3,-11,38,1,0,20251110,MIA,CLE,20910,0,1628366|1628378|1629731|1630241|1642281,0,REG,2026,1610612739,,,,,
22500201571,,Shot Chart Detail,22500201,571,1628378,Donovan Mitchell,1610612739,Cleveland Cavaliers,3,0,53,Missed Shot,Running Pull-Up Jump Shot,3PT Field Goal,Above the Break 3,Center(C),24+ ft.,25,58,248,1,0,20251110,MIA,CLE,21070,0,1628366|1628378|1629731|1630241|1642281,0,REG,2026,1610612739,,,,,
22500201601,,Shot Chart Detail,22500201,601,1628378,Donovan Mitchell,1610612739,Cleveland Cavaliers,4,11,30,Missed Shot,Step Back Jump shot,3PT Field Goal,Above the Break 3,Center(C),24+ ft.,25,40,256,1,0,20251110,MIA,CLE,21900,0,1628378|1629731|1630241|1630596|1642281,0,REG,2026,1610612739,,,,,
22500201603,,Shot Chart Detail,22500201,603,1630596,Evan Mobley,1610612739,Cleveland Cavaliers,4,11,24,Made Shot,Dunk Shot,2PT Field Goal,Restricted Area,Center(C),Less Than 8 ft.,2,22,11,1,1,20251110,MIA,CLE,21960,0,1628378|1629731|1630241|1630596|1642281,1,REG,2026,1610612739,,,,,
22500201607,,Shot Chart Detail,22500201,607,1630241,Sam Merrill,1610612739,Cleveland Cavaliers,4,11,3,Missed Shot,Pullup Jump shot,3PT Field Goal,Above the Break 3,Left Side Center(LC),24+ ft.,26,-98,249,1,0,20251110,MIA,CLE,22170,0,1628378|1629731|1630241|1630596|1642281,0,REG,2026,1610612739,,,,,
22500201611,,Shot Chart Detail,22500201,611,1630241,Sam Merrill,1610612739,Cleveland Cavaliers,4,10,44,Made Shot,Jump Shot,3PT Field Goal,Above the Break 3,Left Side Center(LC),24+ ft.,26,-137,225,1,1,20251110,MIA,CLE,22360,0,1628378|1629731|1630241|1630596|1642281,1,REG,2026,1610612739,,,,,
22500201615,,Shot Chart Detail,22500201,615,1630241,Sam Merrill,1610612739,Cleveland Cavaliers,4,10,5,Made Shot,Jump Shot,3PT Field Goal,Above the Break 3,Right Side Center(RC),24+ ft.,26,123,230,1,1,20251110,MIA,CLE,22750,0,1628378|1629731|1630241|1630596|1642281,1,REG,2026,1610612739,,,,,
22500201619,,Shot Chart Detail,22500201,619,1630241,Sam Merrill,1610612739,Cleveland Cavaliers,4,9,40,Made Shot,Jump Shot,3PT Field Goal,Right Corner 3,Right Side(R),24+ ft.,24,227,79,1,1,20251110,MIA,CLE,23000,0,1628378|1629731|1630241|1630596|1642281,0,REG,2026,1610612739,,,,,
22500201622,,Shot Chart Detail,22500201,622,1630241,Sam Merrill,1610612739,Cleveland Cavaliers,4,9,16,Made Shot,Jump Shot,3PT Field Goal,Above the Break 3,Left Side Center(LC),24+ ft.,30,-107,285,1,1,20251110,MIA,CLE,23240,0,1628378|1629731|1630241|1630596|1642281,1,REG,2026,1610612739,,,,,
22500201643,,Shot Chart Detail,22500201,643,1628378,Donovan Mitchell,1610612739,Cleveland Cavaliers,4,8,5,Missed Shot,Driving Floating Jump Shot,2PT Field Goal,In The Paint (Non-RA),Center(C),8-16 ft.,8,-4,83,1,0,20251110,MIA,CLE,23950,0,1628378|1629631|1629731|1630241|1630596,0,REG,2026,1610612739,,,,,
22500201648,,Shot Chart Detail,22500201,648,1630596,Evan Mobley,1610612739,Cleveland Cavaliers,4,7,55,Missed Shot,Driving Layup Shot,2PT Field Goal,In The Paint (Non-RA),Center(C),Less Than 8 ft.,6,-59,28,1,0,20251110,MIA,CLE,24050,0,1628366|1629631|1629731|1630241|1630596,0,REG,2026,1610612739,,,,,
22500201653,,Shot Chart Detail,22500201,653,1630241,Sam Merrill,1610612739,Cleveland Cavaliers,4,7,36,Missed Shot,Jump Shot,3PT Field Goal,Above the Break 3,Center(C),24+ ft.,27,-11,274,1,0,20251110,MIA,CLE,24240,0,1628366|1629631|1629731|1630241|1630596,0,REG,2026,1610612739,,,,,
22500201674,,Shot Chart Detail,22500201,674,1629731,Dean Wade,1610612739,Cleveland Cavaliers,4,7,25,Missed Shot,Jump Shot,3PT Field Goal,Above the Break 3,Right Side Center(RC),24+ ft.,25,168,193,1,0,20251110,MIA,CLE,24350,0,1628366|1629631|1629731|1630241|1630596,0,REG,2026,1610612739,,,,,
22500201655,,Shot Chart Detail,22500201,655,1628366,Lonzo Ball,1610612739,Cleveland Cavaliers,4,7,25,Made Shot,Step Back Jump shot,3PT Field Goal,Above the Break 3,Right Side Center(RC),24+ ft.,27,143,230,1,1,20251110,MIA,CLE,24350,0,1628366|1629631|1629731|1630241|1630596,1,REG,2026,1610612739,,,,,
22500201667,,Shot Chart Detail,22500201,667,1630241,Sam Merrill,1610612739,Cleveland Cavaliers,4,6,45,Missed Shot,Pullup Jump shot,3PT Field Goal,Above the Break 3,Left Side Center(LC),24+ ft.,25,-131,221,1,0,20251110,MIA,CLE,24750,0,1628366|1628386|1629631|1629731|1630241,0,REG,2026,1610612739,,,,,
22500201682,,Shot Chart Detail,22500201,682,1628378,Donovan Mitchell,1610612739,Cleveland Cavaliers,4,5,46,Missed Shot,Pullup Jump shot,3PT Field Goal,Above the Break 3,Right Side Center(RC),24+ ft.,26,142,221,1,0,20251110,MIA,CLE,25340,0,1628366|1628378|1628386|1629631|1642281,0,REG,2026,1610612739,,,,,
22500201686,,Shot Chart Detail,22500201,686,1628378,Donovan Mitchell,1610612739,Cleveland Cavaliers,4,5,37,Made Shot,Driving Reverse Layup Shot,2PT Field Goal,Restricted Area,Center(C),Less Than 8 ft.,2,9,22,1,1,20251110,MIA,CLE,25430,0,1628366|1628378|1628386|1629631|1642281,1,REG,2026,1610612739,,,,,
22500201698,,Shot Chart Detail,22500201,698,1629631,De'Andre Hunter,1610612739,Cleveland Cavaliers,4,5,12,Made Shot,Driving Floating Jump Shot,2PT Field Goal,In The Paint (Non-RA),Center(C),Less Than 8 ft.,7,-42,62,1,1,20251110,MIA,CLE,25680,0,1628366|1628378|1629631|1630596|1642281,1,REG,2026,1610612739,,,,,
22500201707,,Shot Chart Detail,22500201,707,1628366,Lonzo Ball,1610612739,Cleveland Cavaliers,4,4,40,Missed Shot,Jump Shot,3PT Field Goal,Above the Break 3,Left Side Center(LC),24+ ft.,27,-114,253,1,0,20251110,MIA,CLE,26000,0,1628366|1628378|1629631|1630596|1642281,0,REG,2026,1610612739,,,,,
22500201710,,Shot Chart Detail,22500201,710,1642281,Jaylon Tyson,1610612739,Cleveland Cavaliers,4,4,10,Made Shot,Jump Shot,3PT Field Goal,Right Corner 3,Right Side(R),24+ ft.,24,235,52,1,1,20251110,MIA,CLE,26300,0,1628366|1628378|1629631|1630596|1642281,1,REG,2026,1610612739,,,,,
22500201720,,Shot Chart Detail,22500201,720,1629631,De'Andre Hunter,1610612739,Cleveland Cavaliers,4,3,41,Missed Shot,Step Back Jump shot,2PT Field Goal,Mid-Range,Center(C),16-24 ft.,17,15,172,1,0,20251110,MIA,CLE,26590,0,1628378|1629631|1629731|1630596|1642281,0,REG,2026,1610612739,,,,,
22500201722,,Shot Chart Detail,22500201,722,1642281,Jaylon Tyson,1610612739,Cleveland Cavaliers,4,3,32,Missed Shot,Jump Shot,3PT Field Goal,Above the Break 3,Right Side Center(RC),24+ ft.,24,78,237,1,0,20251110,MIA,CLE,26680,0,1628378|1629631|1629731|1630596|1642281,0,REG,2026,1610612739,,,,,
22500201733,,Shot Chart Detail,22500201,733,1628378,Donovan Mitchell,1610612739,Cleveland Cavaliers,4,2,40,Missed Shot,Step Back Jump shot,3PT Field Goal,Above the Break 3,Left Side Center(LC),24+ ft.,27,-115,254,1,0,20251110,MIA,CLE,27200,0,1628378|1629631|1629731|1630596|1642281,0,REG,2026,1610612739,,,,,
22500201745,,Shot Chart Detail,22500201,745,1629631,De'Andre Hunter,1610612739,Cleveland Cavaliers,4,1,54,Missed Shot,Driving Layup Shot,2PT Field Goal,In The Paint (Non-RA),Right Side(R),8-16 ft.,10,78,74,1,0,20251110,MIA,CLE,27660,0,1628378|1629631|1629731|1630241|1630596,0,REG,2026,1610612739,,,,,
22500201754,,Shot Chart Detail,22500201,754,1642281,Jaylon Tyson,1610612739,Cleveland Cavaliers,4,1,30,Missed Shot,Putback Layup Shot,2PT Field Goal,In The Paint (Non-RA),Center(C),Less Than 8 ft.,6,51,42,1,0,20251110,MIA,CLE,27900,0,1628378|1629631|1630241|1630596|1642281,0,REG,2026,1610612739,,,,,
22500201752,,Shot Chart Detail,22500201,752,1628378,Donovan Mitchell,1610612739,Cleveland Cavaliers,4,1,30,Missed Shot,Driving Layup Shot,2PT Field Goal,In The Paint (Non-RA),Center(C),Less Than 8 ft.,6,50,46,1,0,20251110,MIA,CLE,27900,0,1628378|1629631|1630241|1630596|1642281,0,REG,2026,1610612739,,,,,
22500201756,,Shot Chart Detail,22500201,756,1630596,Evan Mobley,1610612739,Cleveland Cavaliers,4,1,30,Made Shot,Tip Dunk Shot,2PT Field Goal,Restricted Area,Center(C),Less Than 8 ft.,0,0,0,1,1,20251110,MIA,CLE,27900,0,1628378|1629631|1630241|1630596|1642281,0,REG,2026,1610612739,,,,,
22500201761,,Shot Chart Detail,22500201,761,1629631,De'Andre Hunter,1610612739,Cleveland Cavaliers,4,1,5,Made Shot,Driving Layup Shot,2PT Field Goal,In The Paint (Non-RA),Center(C),Less Than 8 ft.,6,60,27,1,1,20251110,MIA,CLE,28150,0,1628378|1629631|1630241|1630596|1642281,0,REG,2026,1610612739,,,,,
22500201764,,Shot Chart Detail,22500201,764,1630596,Evan Mobley,1610612739,Cleveland Cavaliers,4,0,34,Made Shot,Jump Shot,3PT Field Goal,Above the Break 3,Center(C),24+ ft.,26,16,267,1,1,20251110,MIA,CLE,28460,0,1628378|1629631|1630241|1630596|1642281,1,REG,2026,1610612739,,,,,
22500201781,,Shot Chart Detail,22500201,781,1628378,Donovan Mitchell,1610612739,Cleveland Cavaliers,4,0,1,Missed Shot,Pullup Jump shot,2PT Field Goal,Mid-Range,Left Side Center(LC),16-24 ft.,22,-109,194,1,0,20251110,MIA,CLE,28790,0,1628378|1629631|1629731|1630596|1642281,0,REG,2026,1610612739,,,,,
22500201797,,Shot Chart Detail,22500201,797,1630241,Sam Merrill,1610612739,Cleveland Cavaliers,5,4,19,Missed Shot,Jump Shot,3PT Field Goal,Above the Break 3,Left Side Center(LC),24+ ft.,25,-165,200,1,0,20251110,MIA,CLE,29210,1,1628378|1629631|1630241|1630596|1642281,0,REG,2026,1610612739,,,,,
22500201809,,Shot Chart Detail,22500201,809,1630596,Evan Mobley,1610612739,Cleveland Cavaliers,5,3,37,Missed Shot,Pullup Jump shot,3PT Field Goal,Above the Break 3,Left Side Center(LC),24+ ft.,25,-86,241,1,0,20251110,MIA,CLE,29630,1,1628378|1629631|1630241|1630596|1642281,0,REG,2026,1610612739,,,,,
22500201818,,Shot Chart Detail,22500201,818,1630596,Evan Mobley,1610612739,Cleveland Cavaliers,5,3,10,Missed Shot,Driving Finger Roll Layup Shot,2PT Field Goal,In The Paint (Non-RA),Center(C),Less Than 8 ft.,6,58,36,1,0,20251110,MIA,CLE,29900,1,1628378|1629731|1630241|1630596|1642281,0,REG,2026,1610612739,,,,,
22500201823,,Shot Chart Detail,22500201,823,1642281,Jaylon Tyson,1610612739,Cleveland Cavaliers,5,2,27,Missed Shot,Jump Shot,3PT Field Goal,Above the Break 3,Right Side Center(RC),24+ ft.,25,180,175,1,0,20251110,MIA,CLE,30330,1,1628378|1629731|1630241|1630596|1642281,0,REG,2026,1610612739,,,,,
22500201830,,Shot Chart Detail,22500201,830,1630596,Evan Mobley,1610612739,Cleveland Cavaliers,5,1,50,Made Shot,Pullup Jump shot,2PT Field Goal,In The Paint (Non-RA),Center(C),8-16 ft.,8,-1,80,1,1,20251110,MIA,CLE,30700,1,1628378|1629631|1630241|1630596|1642281,0,REG,2026,1610612739,,,,,
22500201840,,Shot Chart Detail,22500201,840,1629631,De'Andre Hunter,1610612739,Cleveland Cavaliers,5,1,13,Made Shot,Turnaround Fadeaway shot,2PT Field Goal,In The Paint (Non-RA),Left Side(L),8-16 ft.,12,-76,94,1,1,20251110,MIA,CLE,31070,1,1628378|1629631|1630241|1630596|1642281,0,REG,2026,1610612739,,,,,
22500201842,,Shot Chart Detail,22500201,842,1629631,De'Andre Hunter,1610612739,Cleveland Cavaliers,5,0,48,Missed Shot,Jump Shot,3PT Field Goal,Left Corner 3,Left Side(L),24+ ft.,24,-240,39,1,0,20251110,MIA,CLE,31320,1,1628378|1629631|1630241|1630596|1642281,0,REG,2026,1610612739,,,,,
22500201846,,Shot Chart Detail,22500201,846,1628378,Donovan Mitchell,1610612739,Cleveland Cavaliers,5,0,16,Missed Shot,Running Jump Shot,3PT Field Goal,Above the Break 3,Center(C),24+ ft.,25,38,252,1,0,20251110,MIA,CLE,31640,1,1628378|1629631|1630241|1630596|1642281,0,REG,2026,1610612739,,,,,
22500201848,,Shot Chart Detail,22500201,848,1630241,Sam Merrill,1610612739,Cleveland Cavaliers,5,0,11,Missed Shot,Jump Shot,3PT Field Goal,Above the Break 3,Left Side Center(LC),24+ ft.,26,-116,239,1,0,20251110,MIA,CLE,31690,1,1628378|1629631|1630241|1630596|1642281,0,REG,2026,1610612739,,,,,
22500201884,,Shot Chart Detail,22500201,884,1630241,Sam Merrill,1610612739,Cleveland Cavaliers,5,0,5,Missed Shot,Fadeaway Jump Shot,3PT Field Goal,Right Corner 3,Right Side(R),24+ ft.,23,232,50,1,0,20251110,MIA,CLE,31750,1,1628366|1628378|1629631|1630241|1630596,0,REG,2026,1610612739,,,,,
22500201886,,Shot Chart Detail,22500201,886,1628378,Donovan Mitchell,1610612739,Cleveland Cavaliers,5,0,0,Made Shot,Turnaround Fadeaway shot,3PT Field Goal,Left Corner 3,Left Side(L),24+ ft.,23,-237,23,1,1,20251110,MIA,CLE,31800,1,1628378|1629631|1629731|1630241|1630596,0,REG,2026,1610612739,,,,,
225002177,,Shot Chart Detail,22500217,7,1628386,Jarrett Allen,1610612739,Cleveland Cavaliers,1,11,45,Missed Shot,Driving Finger Roll Layup Shot,2PT Field Goal,In The Paint (Non-RA),Center(C),Less Than 8 ft.,5,51,4,1,0,20251112,MIA,CLE,150,0,1628366|1628386|1629631|1629731|1630241,0,REG,2026,1610612739,,,,,
225002179,,Shot Chart Detail,22500217,9,1629631,De'Andre Hunter,1610612739,Cleveland Cavaliers,1,11,34,Missed Shot,Cutting Layup Shot,2PT Field Goal,In The Paint (Non-RA),Center(C),Less Than 8 ft.,5,-43,30,1,0,20251112,MIA,CLE,260,0,1628366|1628386|1629631|1629731|1630241,0,REG,2026,1610612739,,,,,
2250021713,,Shot Chart Detail,22500217,13,1628386,Jarrett Allen,1610612739,Cleveland Cavaliers,1,11,32,Missed Shot,Alley Oop Layup shot,2PT Field Goal,In The Paint (Non-RA),Center(C),Less Than 8 ft.,5,22,51,1,0,20251112,MIA,CLE,280,0,1628366|1628386|1629631|1629731|1630241,0,REG,2026,1610612739,,,,,
2250021717,,Shot Chart Detail,22500217,17,1629731,Dean Wade,1610612739,Cleveland Cavaliers,1,11,4,Missed Shot,Turnaround Fadeaway shot,2PT Field Goal,Mid-Range,Left Side(L),8-16 ft.,10,-103,8,1,0,20251112,MIA,CLE,560,0,1628366|1628386|1629631|1629731|1630241,0,REG,2026,1610612739,,,,,
2250021730,,Shot Chart Detail,22500217,30,1628366,Lonzo Ball,1610612739,Cleveland Cavaliers,1,10,1,Missed Shot,Jump Shot,3PT Field Goal,Above the Break 3,Left Side Center(LC),24+ ft.,25,-201,163,1,0,20251112,MIA,CLE,1190,0,1628366|1628386|1629631|1629731|1630241,0,REG,2026,1610612739,,,,,
2250021733,,Shot Chart Detail,22500217,33,1628386,Jarrett Allen,1610612739,Cleveland Cavaliers,1,9,35,Made Shot,Driving Hook Shot,2PT Field Goal,In The Paint (Non-RA),Center(C),Less Than 8 ft.,4,34,35,1,1,20251112,MIA,CLE,1450,0,1628366|1628386|1629631|1629731|1630241,1,REG,2026,1610612739,,,,,
2250021737,,Shot Chart Detail,22500217,37,1629631,De'Andre Hunter,1610612739,Cleveland Cavaliers,1,9,16,Made Shot,Jump Shot,3PT Field Goal,Left Corner 3,Left Side(L),24+ ft.,24,-228,82,1,1,20251112,MIA,CLE,1640,0,1628366|1628386|1629631|1629731|1630241,1,REG,2026,1610612739,,,,,
2250021741,,Shot Chart Detail,22500217,41,1628366,Lonzo Ball,1610612739,Cleveland Cavaliers,1,8,41,Made Shot,Jump Shot,3PT Field Goal,Above the Break 3,Center(C),24+ ft.,25,-49,247,1,1,20251112,MIA,CLE,1990,0,1628366|1628386|1629631|1629731|1630241,1,REG,2026,1610612739,,,,,
2250021747,,Shot Chart Detail,22500217,47,1629631,De'Andre Hunter,1610612739,Cleveland Cavaliers,1,8,19,Made Shot,Driving Layup Shot,2PT Field Goal,In The Paint (Non-RA),Center(C),Less Than 8 ft.,5,51,19,1,1,20251112,MIA,CLE,2210,0,1628366|1628386|1629631|1629731|1630241,1,REG,2026,1610612739,,,,,
2250021750,,Shot Chart Detail,22500217,50,1630241,Sam Merrill,1610612739,Cleveland Cavaliers,1,7,53,Missed Shot,Jump Shot,3PT Field Goal,Above the Break 3,Right Side Center(RC),24+ ft.,26,83,247,1,0,20251112,MIA,CLE,2470,0,1628366|1628386|1629631|1629731|1630241,0,REG,2026,1610612739,,,,,
2250021759,,Shot Chart Detail,22500217,59,1630241,Sam Merrill,1610612739,Cleveland Cavaliers,1,7,31,Missed Shot,Jump Shot,3PT Field Goal,Above the Break 3,Left Side Center(LC),24+ ft.,24,-93,226,1,0,20251112,MIA,CLE,2690,0,1626204|1628366|1628386|1630241|1641854,0,REG,2026,1610612739,,,,,
2250021761,,Shot Chart Detail,22500217,61,1630241,Sam Merrill,1610612739,Cleveland Cavaliers,1,7,27,Missed Shot,Jump Shot,3PT Field Goal,Above the Break 3,Left Side Center(LC),24+ ft.,25,-96,234,1,0,20251112,MIA,CLE,2730,0,1626204|1628366|1628386|1630241|1641854,0,REG,2026,1610612739,,,,,
2250021763,,Shot Chart Detail,22500217,63,1641854,Craig Porter Jr.,1610612739,Cleveland Cavaliers,1,7,21,Made Shot,Tip Layup Shot,2PT Field Goal,Restricted Area,Center(C),Less Than 8 ft.,0,0,0,1,1,20251112,MIA,CLE,2790,0,1626204|1628366|1628386|1630241|1641854,0,REG,2026,1610612739,,,,,
2250021769,,Shot Chart Detail,22500217,69,1628366,Lonzo Ball,1610612739,Cleveland Cavaliers,1,7,2,Missed Shot,Cutting Layup Shot,2PT Field Goal,In The Paint (Non-RA),Center(C),Less Than 8 ft.,5,-53,27,1,0,20251112,MIA,CLE,2980,0,1626204|1628366|1628386|1630241|1641854,0,REG,2026,1610612739,,,,,
2250021772,,Shot Chart Detail,22500217,72,1628386,Jarrett Allen,1610612739,Cleveland Cavaliers,1,6,57,Made Shot,Jump Shot,2PT Field Goal,Mid-Range,Center(C),8-16 ft.,14,1,143,1,1,20251112,MIA,CLE,3030,0,1626204|1628366|1628386|1630241|1641854,1,REG,2026,1610612739,,,,,
2250021778,,Shot Chart Detail,22500217,78,1628386,Jarrett Allen,1610612739,Cleveland Cavaliers,1,6,31,Made Shot,Turnaround Hook Shot,2PT Field Goal,Restricted Area,Center(C),Less Than 8 ft.,3,12,37,1,1,20251112,MIA,CLE,3290,0,1626204|1628366|1628386|1630241|1641854,1,REG,2026,1610612739,,,,,
2250021780,,Shot Chart Detail,22500217,80,1628386,Jarrett Allen,1610612739,Cleveland Cavaliers,1,6,8,Missed Shot,Turnaround Hook Shot,2PT Field Goal,In The Paint (Non-RA),Center(C),Less Than 8 ft.,6,-61,3,1,0,20251112,MIA,CLE,3520,0,1626204|1628366|1628386|1630241|1641854,0,REG,2026,1610612739,,,,,
2250021796,,Shot Chart Detail,22500217,96,1641854,Craig Porter Jr.,1610612739,Cleveland Cavaliers,1,5,42,Made Shot,Pullup Jump shot,2PT Field Goal,In The Paint (Non-RA),Left Side(L),8-16 ft.,11,-76,90,1,1,20251112,MIA,CLE,3780,0,1626204|1628386|1631247|1641854|1642878,0,REG,2026,1610612739,,,,,
2250021799,,Shot Chart Detail,22500217,99,1626204,Larry Nance Jr.,1610612739,Cleveland Cavaliers,1,5,17,Missed Shot,Jump Shot,3PT Field Goal,Right Corner 3,Right Side(R),24+ ft.,23,232,6,1,0,20251112,MIA,CLE,4030,0,1626204|1628386|1631247|1641854|1642878,0,REG,2026,1610612739,,,,,
22500217103,,Shot Chart Detail,22500217,103,1631247,Luke Travers,1610612739,Cleveland Cavaliers,1,4,56,Missed Shot,Running Jump Shot,3PT Field Goal,Left Corner 3,Left Side(L),24+ ft.,22,-225,11,1,0,20251112,MIA,CLE,4240,0,1626204|1628386|1631247|1641854|1642878,0,REG,2026,1610612739,,,,,
22500217114,,Shot Chart Detail,22500217,114,1642878,Tyrese Proctor,1610612739,Cleveland Cavaliers,1,4,30,Missed Shot,Jump Shot,3PT Field Goal,Above the Break 3,Left Side Center(LC),24+ ft.,24,-163,179,1,0,20251112,MIA,CLE,4500,0,1626204|1629631|1631247|1641854|1642878,0,REG,2026,1610612739,,,,,
22500217118,,Shot Chart Detail,22500217,118,1642878,Tyrese Proctor,1610612739,Cleveland Cavaliers,1,4,22,Made Shot,Driving Floating Jump Shot,2PT Field Goal,Mid-Range,Right Side(R),8-16 ft.,13,88,100,1,1,20251112,MIA,CLE,4580,0,1626204|1629631|1631247|1641854|1642878,1,REG,2026,1610612739,,,,,
22500217135,,Shot Chart Detail,22500217,135,1642878,Tyrese Proctor,1610612739,Cleveland Cavaliers,1,3,46,Missed Shot,Pullup Jump shot,3PT Field Goal,Above the Break 3,Right Side Center(RC),24+ ft.,26,92,252,1,0,20251112,MIA,CLE,4940,0,1626204|1629631|1631247|1641854|1642878,0,REG,2026,1610612739,,,,,
22500217137,,Shot Chart Detail,22500217,137,1631247,Luke Travers,1610612739,Cleveland Cavaliers,1,3,41,Missed Shot,Tip Layup Shot,2PT Field Goal,Restricted Area,Center(C),Less Than 8 ft.,0,0,0,1,0,20251112,MIA,CLE,4990,0,1626204|1629631|1631247|1641854|1642878,0,REG,2026,1610612739,,,,,
22500217144,,Shot Chart Detail,22500217,144,1642878,Tyrese Proctor,1610612739,Cleveland Cavaliers,1,3,14,Missed Shot,Driving Floating Jump Shot,2PT Field Goal,In The Paint (Non-RA),Center(C),8-16 ft.,11,21,113,1,0,20251112,MIA,CLE,5260,0,1626204|1629631|1631247|1641854|1642878,0,REG,2026,1610612739,,,,,
22500217146,,Shot Chart Detail,22500217,146,1641854,Craig Porter Jr.,1610612739,Cleveland Cavaliers,1,3,7,Made Shot,Step Back Jump shot,3PT Field Goal,Left Corner 3,Left Side(L),24+ ft.,23,-235,15,1,1,20251112,MIA,CLE,5330,0,1626204|1629631|1631247|1641854|1642878,1,REG,2026,1610612739,,,,,
22500217149,,Shot Chart Detail,22500217,149,1631247,Luke Travers,1610612739,Cleveland Cavaliers,1,2,43,Missed Shot,Running Jump Shot,3PT Field Goal,Above the Break 3,Left Side Center(LC),24+ ft.,25,-134,213,1,0,20251112,MIA,CLE,5570,0,1626204|1629631|1631247|1641854|1642878,0,REG,2026,1610612739,,,,,
22500217166,,Shot Chart Detail,22500217,166,1626204,Larry Nance Jr.,1610612739,Cleveland Cavaliers,1,1,46,Missed Shot,Cutting Layup Shot,2PT Field Goal,Restricted Area,Center(C),Less Than 8 ft.,3,-26,27,1,0,20251112,MIA,CLE,6140,0,1626204|1629631|1631247|1641854|1642878,0,REG,2026,1610612739,,,,,
22500217170,,Shot Chart Detail,22500217,170,1629631,De'Andre Hunter,1610612739,Cleveland Cavaliers,1,1,19,Missed Shot,Pullup Jump shot,3PT Field Goal,Above the Break 3,Right Side Center(RC),24+ ft.,26,148,220,1,0,20251112,MIA,CLE,6410,0,1626204|1629631|1631247|1641854|1642878,0,REG,2026,1610612739,,,,,
22500217174,,Shot Chart Detail,22500217,174,1626204,Larry Nance Jr.,1610612739,Cleveland Cavaliers,1,0,55,Made Shot,Jump Shot,3PT Field Goal,Right Corner 3,Right Side(R),24+ ft.,23,233,5,1,1,20251112,MIA,CLE,6650,0,1626204|1629631|1631247|1641854|1642878,1,REG,2026,1610612739,,,,,
22500217185,,Shot Chart Detail,22500217,185,1629631,De'Andre Hunter,1610612739,Cleveland Cavaliers,1,0,29,Made Shot,Layup Shot,2PT Field Goal,In The Paint (Non-RA),Center(C),Less Than 8 ft.,4,21,40,1,1,20251112,MIA,CLE,6910,0,1626204|1629631|1631247|1641854|1642878,1,REG,2026,1610612739,,,,,
22500217193,,Shot Chart Detail,22500217,193,1642878,Tyrese Proctor,1610612739,Cleveland Cavaliers,1,0,4,Missed Shot,Driving Layup Shot,2PT Field Goal,In The Paint (Non-RA),Center(C),Less Than 8 ft.,4,17,46,1,0,20251112,MIA,CLE,7160,0,1626204|1629631|1630241|1641854|1642878,0,REG,2026,1610612739,,,,,
22500217197,,Shot Chart Detail,22500217,197,1629631,De'Andre Hunter,1610612739,Cleveland Cavaliers,1,0,3,Missed Shot,Jump Shot,3PT Field Goal,Left Corner 3,Left Side(L),24+ ft.,23,-232,31,1,0,20251112,MIA,CLE,7170,0,1626204|1629631|1630241|1641854|1642878,0,REG,2026,1610612739,,,,,
22500217210,,Shot Chart Detail,22500217,210,1628418,Thomas Bryant,1610612739,Cleveland Cavaliers,2,11,36,Made Shot,Layup Shot,2PT Field Goal,In The Paint (Non-RA),Center(C),Less Than 8 ft.,5,45,34,1,1,20251112,MIA,CLE,7440,0,1628418|1629631|1629731|1630241|1642878,1,REG,2026,1610612739,,,,,
22500217219,,Shot Chart Detail,22500217,219,1628418,Thomas Bryant,1610612739,Cleveland Cavaliers,2,11,16,Made Shot,Dunk Shot,2PT Field Goal,Restricted Area,Center(C),Less Than 8 ft.,3,-26,26,1,1,20251112,MIA,CLE,7640,0,1628418|1629631|1629731|1630241|1642878,1,REG,2026,1610612739,,,,,
22500217222,,Shot Chart Detail,22500217,222,1630241,Sam Merrill,1610612739,Cleveland Cavaliers,2,10,51,Missed Shot,Jump Shot,3PT Field Goal,Above the Break 3,Right Side Center(RC),24+ ft.,26,205,162,1,0,20251112,MIA,CLE,7890,0,1628418|1629631|1629731|1630241|1642878,0,REG,2026,1610612739,,,,,
22500217226,,Shot Chart Detail,22500217,226,1630241,Sam Merrill,1610612739,Cleveland Cavaliers,2,10,26,Missed Shot,Driving Finger Roll Layup Shot,2PT Field Goal,Restricted Area,Center(C),Less Than 8 ft.,3,-15,30,1,0,20251112,MIA,CLE,8140,0,1628418|1629631|1629731|1630241|1642878,0,REG,2026,1610612739,,,,,
22500217229,,Shot Chart Detail,22500217,229,1642878,Tyrese Proctor,1610612739,Cleveland Cavaliers,2,10,14,Missed Shot,Pullup Jump shot,2PT Field Goal,Mid-Range,Right Side Center(RC),16-24 ft.,21,97,196,1,0,20251112,MIA,CLE,8260,0,1628418|1629631|1629731|1630241|1642878,0,REG,2026,1610612739,,,,,
22500217234,,Shot Chart Detail,22500217,234,1642878,Tyrese Proctor,1610612739,Cleveland Cavaliers,2,9,44,Missed Shot,Pullup Jump shot,3PT Field Goal,Above the Break 3,Right Side Center(RC),24+ ft.,25,118,225,1,0,20251112,MIA,CLE,8560,0,1628418|1629631|1629731|1630241|1642878,0,REG,2026,1610612739,,,,,
22500217236,,Shot Chart Detail,22500217,236,1629631,De'Andre Hunter,1610612739,Cleveland Cavaliers,2,9,40,Made Shot,Tip Dunk Shot,2PT Field Goal,Restricted Area,Center(C),Less Than 8 ft.,0,0,0,1,1,20251112,MIA,CLE,8600,0,1628418|1629631|1629731|1630241|1642878,0,REG,2026,1610612739,,,,,
22500217241,,Shot Chart Detail,22500217,241,1629731,Dean Wade,1610612739,Cleveland Cavaliers,2,9,10,Missed Shot,Jump Shot,3PT Field Goal,Right Corner 3,Right Side(R),24+ ft.,23,234,27,1,0,20251112,MIA,CLE,8900,0,1628418|1629631|1629731|1630241|1642878,0,REG,2026,1610612739,,,,,
22500217245,,Shot Chart Detail,22500217,245,1628418,Thomas Bryant,1610612739,Cleveland Cavaliers,2,8,45,Missed Shot,Running Pull-Up Jump Shot,3PT Field Goal,Above the Break 3,Center(C),24+ ft.,25,-75,243,1,0,20251112,MIA,CLE,9150,0,1628418|1629631|1629731|1630241|1642878,0,REG,2026,1610612739,,,,,
22500217260,,Shot Chart Detail,22500217,260,1641854,Craig Porter Jr.,1610612739,Cleveland Cavaliers,2,8,7,Made Shot,Pullup Jump shot,3PT Field Goal,Above the Break 3,Left Side Center(LC),24+ ft.,26,-145,221,1,1,20251112,MIA,CLE,9530,0,1628366|1628418|1629731|1641772|1641854,0,REG,2026,1610612739,,,,,
22500217269,,Shot Chart Detail,22500217,269,1628366,Lonzo Ball,1610612739,Cleveland Cavaliers,2,7,47,Missed Shot,Step Back Jump shot,3PT Field Goal,Above the Break 3,Center(C),24+ ft.,27,-18,272,1,0,20251112,MIA,CLE,9730,0,1628366|1628418|1629731|1641772|1641854,0,REG,2026,1610612739,,,,,
22500217276,,Shot Chart Detail,22500217,276,1641772,Nae'Qwan Tomlin,1610612739,Cleveland Cavaliers,2,7,16,Missed Shot,Jump Shot,3PT Field Goal,Right Corner 3,Right Side(R),24+ ft.,22,229,-1,1,0,20251112,MIA,CLE,10040,0,1628366|1628418|1629731|1641772|1641854,0,REG,2026,1610612739,,,,,
22500217280,,Shot Chart Detail,22500217,280,1641854,Craig Porter Jr.,1610612739,Cleveland Cavaliers,2,6,33,Made Shot,Jump Shot,3PT Field Goal,Above the Break 3,Left Side Center(LC),24+ ft.,24,-212,131,1,1,20251112,MIA,CLE,10470,0,1628366|1628418|1629731|1641772|1641854,1,REG,2026,1610612739,,,,,
22500217297,,Shot Chart Detail,22500217,297,1641854,Craig Porter Jr.,1610612739,Cleveland Cavaliers,2,6,11,Made Shot,Driving Floating Jump Shot,2PT Field Goal,In The Paint (Non-RA),Center(C),Less Than 8 ft.,7,-9,73,1,1,20251112,MIA,CLE,10690,0,1626204|1628366|1628386|1641772|1641854,0,REG,2026,1610612739,,,,,
22500217304,,Shot Chart Detail,22500217,304,1628386,Jarrett Allen,1610612739,Cleveland Cavaliers,2,5,42,Missed Shot,Turnaround Bank Hook Shot,2PT Field Goal,In The Paint (Non-RA),Center(C),Less Than 8 ft.,6,-39,52,1,0,20251112,MIA,CLE,10980,0,1626204|1628366|1628386|1641772|1641854,0,REG,2026,1610612739,,,,,
22500217308,,Shot Chart Detail,22500217,308,1628386,Jarrett Allen,1610612739,Cleveland Cavaliers,2,5,20,Missed Shot,Hook Shot,2PT Field Goal,In The Paint (Non-RA),Center(C),Less Than 8 ft.,5,-16,51,1,0,20251112,MIA,CLE,11200,0,1626204|1628366|1628386|1641772|1641854,0,REG,2026,1610612739,,,,,
22500217313,,Shot Chart Detail,22500217,313,1628386,Jarrett Allen,1610612739,Cleveland Cavaliers,2,5,13,Made Shot,Turnaround Hook Shot,2PT Field Goal,Restricted Area,Center(C),Less Than 8 ft.,1,-9,17,1,1,20251112,MIA,CLE,11270,0,1626204|1628366|1628386|1641772|1641854,1,REG,2026,1610612739,,,,,
22500217319,,Shot Chart Detail,22500217,319,1628386,Jarrett Allen,1610612739,Cleveland Cavaliers,2,4,36,Made Shot,Hook Shot,2PT Field Goal,In The Paint (Non-RA),Center(C),Less Than 8 ft.,5,-2,52,1,1,20251112,MIA,CLE,11640,0,1626204|1628366|1628386|1641772|1641854,1,REG,2026,1610612739,,,,,
22500217340,,Shot Chart Detail,22500217,340,1628366,Lonzo Ball,1610612739,Cleveland Cavaliers,2,3,23,Made Shot,Jump Shot,3PT Field Goal,Above the Break 3,Left Side Center(LC),24+ ft.,25,-107,234,1,1,20251112,MIA,CLE,12370,0,1626204|1628366|1628386|1641772|1641854,1,REG,2026,1610612739,,,,,
22500217355,,Shot Chart Detail,22500217,355,1628366,Lonzo Ball,1610612739,Cleveland Cavaliers,2,2,42,Missed Shot,Jump Shot,3PT Field Goal,Above the Break 3,Left Side Center(LC),24+ ft.,24,-206,140,1,0,20251112,MIA,CLE,12780,0,1626204|1628366|1628386|1641772|1641854,0,REG,2026,1610612739,,,,,
22500217365,,Shot Chart Detail,22500217,365,1641772,Nae'Qwan Tomlin,1610612739,Cleveland Cavaliers,2,2,8,Missed Shot,Jump Shot,3PT Field Goal,Above the Break 3,Center(C),24+ ft.,28,66,274,1,0,20251112,MIA,CLE,13120,0,1626204|1628386|1629631|1641772|1641854,0,REG,2026,1610612739,,,,,
22500217382,,Shot Chart Detail,22500217,382,1628386,Jarrett Allen,1610612739,Cleveland Cavaliers,2,1,29,Made Shot,Driving Layup Shot,2PT Field Goal,Restricted Area,Center(C),Less Than 8 ft.,3,11,30,1,1,20251112,MIA,CLE,13510,0,1626204|1628386|1629631|1641772|1641854,1,REG,2026,1610612739,,,,,
22500217394,,Shot Chart Detail,22500217,394,1629631,De'Andre Hunter,1610612739,Cleveland Cavaliers,2,0,47,Made Shot,Pullup Jump shot,2PT Field Goal,In The Paint (Non-RA),Center(C),8-16 ft.,10,-2,109,1,1,20251112,MIA,CLE,13930,0,1626204|1628386|1629631|1641772|1641854,0,REG,2026,1610612739,,,,,
22500217397,,Shot Chart Detail,22500217,397,1628386,Jarrett Allen,1610612739,Cleveland Cavaliers,2,0,15,Made Shot,Driving Hook Shot,2PT Field Goal,In The Paint (Non-RA),Center(C),Less Than 8 ft.,5,34,42,1,1,20251112,MIA,CLE,14250,0,1626204|1628386|1629631|1641772|1641854,1,REG,2026,1610612739,,,,,
22500217426,,Shot Chart Detail,22500217,426,1628386,Jarrett Allen,1610612739,Cleveland Cavaliers,3,11,2,Missed Shot,Jump Shot,3PT Field Goal,Left Corner 3,Left Side(L),24+ ft.,23,-233,27,1,0,20251112,MIA,CLE,14980,0,1628366|1628386|1629631|1629731|1630241,0,REG,2026,1610612739,,,,,
22500217430,,Shot Chart Detail,22500217,430,1630241,Sam Merrill,1610612739,Cleveland Cavaliers,3,10,54,Missed Shot,Fadeaway Jump Shot,2PT Field Goal,Mid-Range,Center(C),16-24 ft.,19,-53,188,1,0,20251112,MIA,CLE,15060,0,1628366|1628386|1629631|1629731|1630241,0,REG,2026,1610612739,,,,,
22500217433,,Shot Chart Detail,22500217,433,1629731,Dean Wade,1610612739,Cleveland Cavaliers,3,10,25,Made Shot,Turnaround Jump Shot,2PT Field Goal,In The Paint (Non-RA),Center(C),8-16 ft.,14,-47,134,1,1,20251112,MIA,CLE,15350,0,1628366|1628386|1629631|1629731|1630241,1,REG,2026,1610612739,,,,,
22500217438,,Shot Chart Detail,22500217,438,1630241,Sam Merrill,1610612739,Cleveland Cavaliers,3,10,2,Missed Shot,Running Jump Shot,3PT Field Goal,Above the Break 3,Right Side Center(RC),24+ ft.,25,154,204,1,0,20251112,MIA,CLE,15580,0,1628366|1628386|1629631|1629731|1630241,0,REG,2026,1610612739,,,,,
22500217446,,Shot Chart Detail,22500217,446,1628386,Jarrett Allen,1610612739,Cleveland Cavaliers,3,8,58,Missed Shot,Hook Bank Shot,2PT Field Goal,In The Paint (Non-RA),Center(C),8-16 ft.,8,38,76,1,0,20251112,MIA,CLE,16220,0,1628366|1628386|1629631|1629731|1630241,0,REG,2026,1610612739,,,,,
22500217450,,Shot Chart Detail,22500217,450,1628366,Lonzo Ball,1610612739,Cleveland Cavaliers,3,8,40,Made Shot,Jump Shot,3PT Field Goal,Above the Break 3,Right Side Center(RC),24+ ft.,25,212,144,1,1,20251112,MIA,CLE,16400,0,1628366|1628386|1629631|1629731|1630241,1,REG,2026,1610612739,,,,,
22500217453,,Shot Chart Detail,22500217,453,1629631,De'Andre Hunter,1610612739,Cleveland Cavaliers,3,8,11,Made Shot,Driving Layup Shot,2PT Field Goal,In The Paint (Non-RA),Center(C),Less Than 8 ft.,6,54,36,1,1,20251112,MIA,CLE,16690,0,1628366|1628386|1629631|1629731|1630241,1,REG,2026,1610612739,,,,,
22500217464,,Shot Chart Detail,22500217,464,1630241,Sam Merrill,1610612739,Cleveland Cavaliers,3,7,43,Made Shot,Jump Shot,3PT Field Goal,Above the Break 3,Center(C),24+ ft.,25,48,254,1,1,20251112,MIA,CLE,16970,0,1626204|1628366|1628386|1630241|1641854,1,REG,2026,1610612739,,,,,
22500217467,,Shot Chart Detail,22500217,467,1630241,Sam Merrill,1610612739,Cleveland Cavaliers,3,7,18,Missed Shot,Pullup Jump shot,3PT Field Goal,Above the Break 3,Left Side Center(LC),24+ ft.,25,-97,232,1,0,20251112,MIA,CLE,17220,0,1626204|1628366|1628386|1630241|1641854,0,REG,2026,1610612739,,,,,
22500217478,,Shot Chart Detail,22500217,478,1628386,Jarrett Allen,1610612739,Cleveland Cavaliers,3,6,32,Made Shot,Driving Hook Shot,2PT Field Goal,Restricted Area,Center(C),Less Than 8 ft.,3,-13,34,1,1,20251112,MIA,CLE,17680,0,1626204|1628366|1628386|1630241|1641854,1,REG,2026,1610612739,,,,,
22500217488,,Shot Chart Detail,22500217,488,1628386,Jarrett Allen,1610612739,Cleveland Cavaliers,3,5,51,Missed Shot,Jump Shot,2PT Field Goal,In The Paint (Non-RA),Center(C),Less Than 8 ft.,7,11,71,1,0,20251112,MIA,CLE,18090,0,1626204|1628386|1629731|1630241|1641854,0,REG,2026,1610612739,,,,,
22500217497,,Shot Chart Detail,22500217,497,1629731,Dean Wade,1610612739,Cleveland Cavaliers,3,5,20,Missed Shot,Turnaround Fadeaway shot,2PT Field Goal,Mid-Range,Right Side Center(RC),16-24 ft.,16,105,132,1,0,20251112,MIA,CLE,18400,0,1626204|1629731|1630241|1641854|1642878,0,REG,2026,1610612739,,,,,
22500217508,,Shot Chart Detail,22500217,508,1641854,Craig Porter Jr.,1610612739,Cleveland Cavaliers,3,4,50,Missed Shot,Driving Layup Shot,2PT Field Goal,In The Paint (Non-RA),Center(C),Less Than 8 ft.,4,43,6,1,0,20251112,MIA,CLE,18700,0,1626204|1629731|1630241|1641854|1642878,0,REG,2026,1610612739,,,,,
22500217514,,Shot Chart Detail,22500217,514,1642878,Tyrese Proctor,1610612739,Cleveland Cavaliers,3,4,26,Missed Shot,Pullup Jump shot,2PT Field Goal,In The Paint (Non-RA),Center(C),8-16 ft.,9,-4,91,1,0,20251112,MIA,CLE,18940,0,1626204|1629631|1629731|1641854|1642878,0,REG,2026,1610612739,,,,,
22500217522,,Shot Chart Detail,22500217,522,1629731,Dean Wade,1610612739,Cleveland Cavaliers,3,3,57,Made Shot,Jump Shot,3PT Field Goal,Above the Break 3,Right Side Center(RC),24+ ft.,25,141,211,1,1,20251112,MIA,CLE,19230,0,1626204|1629631|1629731|1641854|1642878,1,REG,2026,1610612739,,,,,
22500217530,,Shot Chart Detail,22500217,530,1629731,Dean Wade,1610612739,Cleveland Cavaliers,3,3,16,Made Shot,Running Jump Shot,3PT Field Goal,Above the Break 3,Center(C),24+ ft.,25,-60,249,1,1,20251112,MIA,CLE,19640,0,1626204|1629631|1629731|1641854|1642878,1,REG,2026,1610612739,,,,,
22500217534,,Shot Chart Detail,22500217,534,1629731,Dean Wade,1610612739,Cleveland Cavaliers,3,2,44,Missed Shot,Step Back Jump shot,3PT Field Goal,Above the Break 3,Left Side Center(LC),24+ ft.,26,-145,216,1,0,20251112,MIA,CLE,19960,0,1626204|1629631|1629731|1641854|1642878,0,REG,2026,1610612739,,,,,
22500217548,,Shot Chart Detail,22500217,548,1629631,De'Andre Hunter,1610612739,Cleveland Cavaliers,3,2,26,Missed Shot,Pullup Jump shot,3PT Field Goal,Above the Break 3,Center(C),24+ ft.,25,11,259,1,0,20251112,MIA,CLE,20140,0,1628418|1629631|1629731|1641854|1642878,0,REG,2026,1610612739,,,,,
22500217552,,Shot Chart Detail,22500217,552,1641854,Craig Porter Jr.,1610612739,Cleveland Cavaliers,3,2,15,Missed Shot,Turnaround Fadeaway shot,2PT Field Goal,In The Paint (Non-RA),Left Side(L),8-16 ft.,9,-80,54,1,0,20251112,MIA,CLE,20250,0,1628418|1629631|1629731|1641854|1642878,0,REG,2026,1610612739,,,,,
22500217556,,Shot Chart Detail,22500217,556,1641854,Craig Porter Jr.,1610612739,Cleveland Cavaliers,3,2,1,Missed Shot,Running Layup Shot,2PT Field Goal,In The Paint (Non-RA),Center(C),Less Than 8 ft.,5,50,17,1,0,20251112,MIA,CLE,20390,0,1628418|1629631|1629731|1641854|1642878,0,REG,2026,1610612739,,,,,
22500217566,,Shot Chart Detail,22500217,566,1642878,Tyrese Proctor,1610612739,Cleveland Cavaliers,3,1,49,Made Shot,Driving Layup Shot,2PT Field Goal,In The Paint (Non-RA),Center(C),Less Than 8 ft.,6,-55,26,1,1,20251112,MIA,CLE,20510,0,1628418|1629631|1631247|1641854|1642878,0,REG,2026,1610612739,,,,,
22500217569,,Shot Chart Detail,22500217,569,1641854,Craig Porter Jr.,1610612739,Cleveland Cavaliers,3,1,40,Made Shot,Layup Shot,2PT Field Goal,In The Paint (Non-RA),Center(C),Less Than 8 ft.,5,-38,37,1,1,20251112,MIA,CLE,20600,0,1628418|1629631|1631247|1641854|1642878,0,REG,2026,1610612739,,,,,
22500217586,,Shot Chart Detail,22500217,586,1642878,Tyrese Proctor,1610612739,Cleveland Cavaliers,3,0,43,Made Shot,Jump Shot,3PT Field Goal,Right Corner 3,Right Side(R),24+ ft.,23,227,68,1,1,20251112,MIA,CLE,21170,0,1628418|1629631|1631247|1641854|1642878,1,REG,2026,1610612739,,,,,
22500217590,,Shot Chart Detail,22500217,590,1641854,Craig Porter Jr.,1610612739,Cleveland Cavaliers,3,0,15,Missed Shot,Fadeaway Jump Shot,2PT Field Goal,In The Paint (Non-RA),Center(C),8-16 ft.,13,-15,132,1,0,20251112,MIA,CLE,21450,0,1628418|1629631|1631247|1641854|1642878,0,REG,2026,1610612739,,,,,
22500217601,,Shot Chart Detail,22500217,601,1641772,Nae'Qwan Tomlin,1610612739,Cleveland Cavaliers,4,11,38,Missed Shot,Jump Shot,3PT Field Goal,Left Corner 3,Left Side(L),24+ ft.,23,-232,21,1,0,20251112,MIA,CLE,21820,0,1628418|1629631|1631247|1641772|1641854,0,REG,2026,1610612739,,,,,
22500217646,,Shot Chart Detail,22500217,646,1631247,Luke Travers,1610612739,Cleveland Cavaliers,4,10,3,Made Shot,Driving Floating Jump Shot,2PT Field Goal,In The Paint (Non-RA),Center(C),8-16 ft.,8,23,81,1,1,20251112,MIA,CLE,22770,0,1628418|1630241|1631247|1641772|1642878,1,REG,2026,1610612739,,,,,
22500217650,,Shot Chart Detail,22500217,650,1641772,Nae'Qwan Tomlin,1610612739,Cleveland Cavaliers,4,9,31,Missed Shot,Running Jump Shot,3PT Field Goal,Right Corner 3,Right Side(R),24+ ft.,23,233,6,1,0,20251112,MIA,CLE,23090,0,1628418|1630241|1631247|1641772|1642878,0,REG,2026,1610612739,,,,,
22500217653,,Shot Chart Detail,22500217,653,1630241,Sam Merrill,1610612739,Cleveland Cavaliers,4,9,17,Missed Shot,Jump Shot,3PT Field Goal,Above the Break 3,Right Side Center(RC),24+ ft.,26,105,247,1,0,20251112,MIA,CLE,23230,0,1628418|1630241|1631247|1641772|1642878,0,REG,2026,1610612739,,,,,
22500217655,,Shot Chart Detail,22500217,655,1641772,Nae'Qwan Tomlin,1610612739,Cleveland Cavaliers,4,9,13,Missed Shot,Tip Layup Shot,2PT Field Goal,Restricted Area,Center(C),Less Than 8 ft.,0,0,0,1,0,20251112,MIA,CLE,23270,0,1628418|1630241|1631247|1641772|1642878,0,REG,2026,1610612739,,,,,
22500217657,,Shot Chart Detail,22500217,657,1641772,Nae'Qwan Tomlin,1610612739,Cleveland Cavaliers,4,9,13,Made Shot,Tip Layup Shot,2PT Field Goal,Restricted Area,Center(C),Less Than 8 ft.,0,0,0,1,1,20251112,MIA,CLE,23270,0,1628418|1630241|1631247|1641772|1642878,0,REG,2026,1610612739,,,,,
22500217663,,Shot Chart Detail,22500217,663,1631247,Luke Travers,1610612739,Cleveland Cavaliers,4,8,44,Missed Shot,Jump Shot,3PT Field Goal,Above the Break 3,Right Side Center(RC),24+ ft.,25,93,242,1,0,20251112,MIA,CLE,23560,0,1628418|1630241|1631247|1641772|1642878,0,REG,2026,1610612739,,,,,
22500217665,,Shot Chart Detail,22500217,665,1642878,Tyrese Proctor,1610612739,Cleveland Cavaliers,4,8,34,Made Shot,Step Back Jump shot,3PT Field Goal,Above the Break 3,Center(C),24+ ft.,26,-22,265,1,1,20251112,MIA,CLE,23660,0,1628418|1630241|1631247|1641772|1642878,0,REG,2026,1610612739,,,,,
22500217668,,Shot Chart Detail,22500217,668,1642878,Tyrese Proctor,1610612739,Cleveland Cavaliers,4,8,10,Missed Shot,Step Back Jump shot,3PT Field Goal,Above the Break 3,Center(C),24+ ft.,27,-64,265,1,0,20251112,MIA,CLE,23900,0,1628418|1630241|1631247|1641772|1642878,0,REG,2026,1610612739,,,,,
22500217682,,Shot Chart Detail,22500217,682,1628418,Thomas Bryant,1610612739,Cleveland Cavaliers,4,7,32,Missed Shot,Jump Shot,3PT Field Goal,Above the Break 3,Left Side Center(LC),24+ ft.,27,-143,232,1,0,20251112,MIA,CLE,24280,0,1628418|1629731|1630241|1641772|1642878,0,REG,2026,1610612739,,,,,
22500217684,,Shot Chart Detail,22500217,684,1642878,Tyrese Proctor,1610612739,Cleveland Cavaliers,4,7,27,Missed Shot,Jump Shot,3PT Field Goal,Above the Break 3,Center(C),24+ ft.,26,53,259,1,0,20251112,MIA,CLE,24330,0,1628418|1629731|1630241|1641772|1642878,0,REG,2026,1610612739,,,,,
22500217691,,Shot Chart Detail,22500217,691,1642878,Tyrese Proctor,1610612739,Cleveland Cavaliers,4,7,3,Missed Shot,Driving Layup Shot,2PT Field Goal,In The Paint (Non-RA),Center(C),Less Than 8 ft.,4,26,34,1,0,20251112,MIA,CLE,24570,0,1628386|1629731|1630241|1641772|1642878,0,REG,2026,1610612739,,,,,
22500217693,,Shot Chart Detail,22500217,693,1628386,Jarrett Allen,1610612739,Cleveland Cavaliers,4,6,59,Made Shot,Putback Layup Shot,2PT Field Goal,In The Paint (Non-RA),Center(C),Less Than 8 ft.,4,29,34,1,1,20251112,MIA,CLE,24610,0,1628386|1629731|1630241|1641772|1642878,0,REG,2026,1610612739,,,,,
22500217700,,Shot Chart Detail,22500217,700,1641772,Nae'Qwan Tomlin,1610612739,Cleveland Cavaliers,4,6,32,Made Shot,Running Layup Shot,2PT Field Goal,In The Paint (Non-RA),Center(C),Less Than 8 ft.,6,-7,65,1,1,20251112,MIA,CLE,24880,0,1628386|1629731|1641772|1641854|1642878,0,REG,2026,1610612739,,,,,
22500217709,,Shot Chart Detail,22500217,709,1628386,Jarrett Allen,1610612739,Cleveland Cavaliers,4,5,28,Made Shot,Cutting Layup Shot,2PT Field Goal,In The Paint (Non-RA),Center(C),Less Than 8 ft.,5,42,34,1,1,20251112,MIA,CLE,25520,0,1628386|1629731|1641772|1641854|1642878,1,REG,2026,1610612739,,,,,
22500217716,,Shot Chart Detail,22500217,716,1641854,Craig Porter Jr.,1610612739,Cleveland Cavaliers,4,4,54,Missed Shot,Fadeaway Jump Shot,2PT Field Goal,In The Paint (Non-RA),Center(C),8-16 ft.,11,-22,109,1,0,20251112,MIA,CLE,25860,0,1628386|1629731|1641772|1641854|1642878,0,REG,2026,1610612739,,,,,
22500217731,,Shot Chart Detail,22500217,731,1642878,Tyrese Proctor,1610612739,Cleveland Cavaliers,4,3,51,Missed Shot,Pullup Jump shot,3PT Field Goal,Above the Break 3,Center(C),24+ ft.,25,43,256,1,0,20251112,MIA,CLE,26490,0,1628386|1629731|1641772|1641854|1642878,0,REG,2026,1610612739,,,,,
22500217747,,Shot Chart Detail,22500217,747,1629631,De'Andre Hunter,1610612739,Cleveland Cavaliers,4,2,36,Missed Shot,Pullup Jump shot,3PT Field Goal,Above the Break 3,Center(C),24+ ft.,26,-45,258,1,0,20251112,MIA,CLE,27240,0,1628366|1628386|1629631|1629731|1641854,0,REG,2026,1610612739,,,,,
22500217750,,Shot Chart Detail,22500217,750,1629631,De'Andre Hunter,1610612739,Cleveland Cavaliers,4,2,28,Made Shot,Cutting Layup Shot,2PT Field Goal,In The Paint (Non-RA),Center(C),Less Than 8 ft.,4,-22,41,1,1,20251112,MIA,CLE,27320,0,1628366|1628386|1629631|1629731|1641854,1,REG,2026,1610612739,,,,,
22500217757,,Shot Chart Detail,22500217,757,1628386,Jarrett Allen,1610612739,Cleveland Cavaliers,4,2,6,Made Shot,Layup Shot,2PT Field Goal,In The Paint (Non-RA),Center(C),Less Than 8 ft.,4,32,33,1,1,20251112,MIA,CLE,27540,0,1628366|1628386|1629631|1629731|1641854,1,REG,2026,1610612739,,,,,
22500217761,,Shot Chart Detail,22500217,761,1629631,De'Andre Hunter,1610612739,Cleveland Cavaliers,4,1,27,Made Shot,Driving Floating Jump Shot,2PT Field Goal,In The Paint (Non-RA),Center(C),Less Than 8 ft.,6,59,20,1,1,20251112,MIA,CLE,27930,0,1628366|1628386|1629631|1629731|1641854,0,REG,2026,1610612739,,,,,
22500217764,,Shot Chart Detail,22500217,764,1628366,Lonzo Ball,1610612739,Cleveland Cavaliers,4,0,58,Made Shot,Jump Shot,3PT Field Goal,Left Corner 3,Left Side(L),24+ ft.,23,-238,6,1,1,20251112,MIA,CLE,28220,0,1628366|1628386|1629631|1629731|1641854,1,REG,2026,1610612739,,,,,
22500217768,,Shot Chart Detail,22500217,768,1628386,Jarrett Allen,1610612739,Cleveland Cavaliers,4,0,31,Made Shot,Cutting Layup Shot,2PT Field Goal,In The Paint (Non-RA),Center(C),Less Than 8 ft.,5,37,39,1,1,20251112,MIA,CLE,28490,0,1628366|1628386|1629631|1629731|1641854,1,REG,2026,1610612739,,,,,
225002259,,Shot Chart Detail,22500225,9,1628386,Jarrett Allen,1610612739,Cleveland Cavaliers,1,11,39,Missed Shot,Driving Layup Shot,2PT Field Goal,Restricted Area,Center(C),Less Than 8 ft.,2,2,24,1,0,20251113,CLE,TOR,210,0,1628378|1628386|1629631|1630241|1630596,0,REG,2026,1610612739,,,,,
2250022513,,Shot Chart Detail,22500225,13,1628386,Jarrett Allen,1610612739,Cleveland Cavaliers,1,11,33,Made Shot,Floating Jump shot,2PT Field Goal,In The Paint (Non-RA),Center(C),8-16 ft.,9,-7,96,1,1,20251113,CLE,TOR,270,0,1628378|1628386|1629631|1630241|1630596,1,REG,2026,1610612739,,,,,
2250022517,,Shot Chart Detail,22500225,17,1629631,De'Andre Hunter,1610612739,Cleveland Cavaliers,1,11,7,Missed Shot,Jump Shot,3PT Field Goal,Right Corner 3,Right Side(R),24+ ft.,22,228,4,1,0,20251113,CLE,TOR,530,0,1628378|1628386|1629631|1630241|1630596,0,REG,2026,1610612739,,,,,
2250022523,,Shot Chart Detail,22500225,23,1628386,Jarrett Allen,1610612739,Cleveland Cavaliers,1,10,31,Made Shot,Floating Jump shot,2PT Field Goal,Restricted Area,Center(C),Less Than 8 ft.,1,-9,15,1,1,20251113,CLE,TOR,890,0,1628378|1628386|1629631|1630241|1630596,1,REG,2026,1610612739,,,,,
2250022527,,Shot Chart Detail,22500225,27,1629631,De'Andre Hunter,1610612739,Cleveland Cavaliers,1,10,1,Missed Shot,Running Reverse Layup Shot,2PT Field Goal,Restricted Area,Center(C),Less Than 8 ft.,1,-16,10,1,0,20251113,CLE,TOR,1190,0,1628378|1628386|1629631|1630241|1630596,0,REG,2026,1610612739,,,,,
2250022532,,Shot Chart Detail,22500225,32,1628378,Donovan Mitchell,1610612739,Cleveland Cavaliers,1,9,48,Missed Shot,Running Pull-Up Jump Shot,3PT Field Goal,Above the Break 3,Left Side Center(LC),24+ ft.,25,-130,216,1,0,20251113,CLE,TOR,1320,0,1628378|1628386|1629631|1630241|1630596,0,REG,2026,1610612739,,,,,
2250022538,,Shot Chart Detail,22500225,38,1630596,Evan Mobley,1610612739,Cleveland Cavaliers,1,9,27,Made Shot,Jump Shot,3PT Field Goal,Above the Break 3,Right Side Center(RC),24+ ft.,24,161,190,1,1,20251113,CLE,TOR,1530,0,1628378|1628386|1629631|1630241|1630596,1,REG,2026,1610612739,,,,,
2250022542,,Shot Chart Detail,22500225,42,1629631,De'Andre Hunter,1610612739,Cleveland Cavaliers,1,8,50,Missed Shot,Jump Shot,3PT Field Goal,Above the Break 3,Left Side Center(LC),24+ ft.,24,-189,160,1,0,20251113,CLE,TOR,1900,0,1628378|1628386|1629631|1630241|1630596,0,REG,2026,1610612739,,,,,
2250022546,,Shot Chart Detail,22500225,46,1628378,Donovan Mitchell,1610612739,Cleveland Cavaliers,1,8,31,Missed Shot,Pullup Jump shot,3PT Field Goal,Above the Break 3,Right Side Center(RC),24+ ft.,26,224,136,1,0,20251113,CLE,TOR,2090,0,1628378|1628386|1629631|1630241|1630596,0,REG,2026,1610612739,,,,,
2250022583,,Shot Chart Detail,22500225,83,1628378,Donovan Mitchell,1610612739,Cleveland Cavaliers,1,6,48,Missed Shot,Driving Layup Shot,2PT Field Goal,Restricted Area,Center(C),Less Than 8 ft.,2,16,21,1,0,20251113,CLE,TOR,3120,0,1628378|1628386|1629631|1630241|1630596,0,REG,2026,1610612739,,,,,
2250022587,,Shot Chart Detail,22500225,87,1630241,Sam Merrill,1610612739,Cleveland Cavaliers,1,6,35,Missed Shot,Jump Shot,3PT Field Goal,Above the Break 3,Left Side Center(LC),24+ ft.,24,-91,227,1,0,20251113,CLE,TOR,3250,0,1628378|1628386|1629631|1630241|1630596,0,REG,2026,1610612739,,,,,
2250022591,,Shot Chart Detail,22500225,91,1629631,De'Andre Hunter,1610612739,Cleveland Cavaliers,1,6,27,Made Shot,Driving Floating Jump Shot,2PT Field Goal,Mid-Range,Right Side(R),8-16 ft.,13,137,-7,1,1,20251113,CLE,TOR,3330,0,1628378|1628386|1629631|1630241|1630596,1,REG,2026,1610612739,,,,,
22500225109,,Shot Chart Detail,22500225,109,1641854,Craig Porter Jr.,1610612739,Cleveland Cavaliers,1,5,42,Made Shot,Pullup Jump shot,3PT Field Goal,Above the Break 3,Left Side Center(LC),24+ ft.,24,-113,221,1,1,20251113,CLE,TOR,3780,0,1629631|1629731|1630596|1641854|1642878,1,REG,2026,1610612739,,,,,
22500225113,,Shot Chart Detail,22500225,113,1629731,Dean Wade,1610612739,Cleveland Cavaliers,1,5,22,Missed Shot,Running Jump Shot,3PT Field Goal,Above the Break 3,Left Side Center(LC),24+ ft.,24,-172,178,1,0,20251113,CLE,TOR,3980,0,1629631|1629731|1630596|1641854|1642878,0,REG,2026,1610612739,,,,,
22500225117,,Shot Chart Detail,22500225,117,1629631,De'Andre Hunter,1610612739,Cleveland Cavaliers,1,4,40,Made Shot,Driving Finger Roll Layup Shot,2PT Field Goal,Restricted Area,Center(C),Less Than 8 ft.,0,1,4,1,1,20251113,CLE,TOR,4400,0,1629631|1629731|1630596|1641854|1642878,0,REG,2026,1610612739,,,,,
22500225134,,Shot Chart Detail,22500225,134,1642878,Tyrese Proctor,1610612739,Cleveland Cavaliers,1,3,31,Made Shot,Driving Floating Jump Shot,2PT Field Goal,Mid-Range,Right Side(R),8-16 ft.,12,121,8,1,1,20251113,CLE,TOR,5090,0,1626204|1628378|1629731|1641854|1642878,0,REG,2026,1610612739,,,,,
22500225137,,Shot Chart Detail,22500225,137,1628378,Donovan Mitchell,1610612739,Cleveland Cavaliers,1,2,59,Made Shot,Driving Floating Bank Jump Shot,2PT Field Goal,Mid-Range,Right Side(R),8-16 ft.,9,89,31,1,1,20251113,CLE,TOR,5410,0,1626204|1628378|1629731|1641854|1642878,0,REG,2026,1610612739,,,,,
22500225149,,Shot Chart Detail,22500225,149,1642878,Tyrese Proctor,1610612739,Cleveland Cavaliers,1,2,23,Missed Shot,Jump Shot,3PT Field Goal,Above the Break 3,Left Side Center(LC),24+ ft.,25,-97,231,1,0,20251113,CLE,TOR,5770,0,1626204|1628378|1629731|1641854|1642878,0,REG,2026,1610612739,,,,,
22500225165,,Shot Chart Detail,22500225,165,1642878,Tyrese Proctor,1610612739,Cleveland Cavaliers,1,0,47,Made Shot,Jump Shot,3PT Field Goal,Above the Break 3,Right Side Center(RC),24+ ft.,24,208,131,1,1,20251113,CLE,TOR,6730,0,1626204|1628378|1629731|1641854|1642878,1,REG,2026,1610612739,,,,,
22500225169,,Shot Chart Detail,22500225,169,1642878,Tyrese Proctor,1610612739,Cleveland Cavaliers,1,0,14,Missed Shot,Pullup Jump shot,3PT Field Goal,Above the Break 3,Left Side Center(LC),24+ ft.,24,-104,224,1,0,20251113,CLE,TOR,7060,0,1626204|1628378|1629731|1641854|1642878,0,REG,2026,1610612739,,,,,
22500225171,,Shot Chart Detail,22500225,171,1642878,Tyrese Proctor,1610612739,Cleveland Cavaliers,1,0,3,Missed Shot,Jump Shot,3PT Field Goal,Right Corner 3,Right Side(R),24+ ft.,23,238,6,1,0,20251113,CLE,TOR,7170,0,1626204|1628378|1629731|1641854|1642878,0,REG,2026,1610612739,,,,,
22500225185,,Shot Chart Detail,22500225,185,1628378,Donovan Mitchell,1610612739,Cleveland Cavaliers,2,11,37,Missed Shot,Step Back Jump shot,3PT Field Goal,Above the Break 3,Center(C),24+ ft.,25,-16,250,1,0,20251113,CLE,TOR,7430,0,1626204|1628378|1630596|1641772|1642878,0,REG,2026,1610612739,,,,,
22500225191,,Shot Chart Detail,22500225,191,1642878,Tyrese Proctor,1610612739,Cleveland Cavaliers,2,10,57,Missed Shot,Pullup Jump shot,3PT Field Goal,Above the Break 3,Center(C),24+ ft.,27,44,271,1,0,20251113,CLE,TOR,7830,0,1626204|1628378|1630596|1641772|1642878,0,REG,2026,1610612739,,,,,
22500225195,,Shot Chart Detail,22500225,195,1630596,Evan Mobley,1610612739,Cleveland Cavaliers,2,10,34,Missed Shot,Pullup Jump shot,3PT Field Goal,Above the Break 3,Center(C),24+ ft.,24,-50,243,1,0,20251113,CLE,TOR,8060,0,1626204|1628378|1630596|1641772|1642878,0,REG,2026,1610612739,,,,,
22500225212,,Shot Chart Detail,22500225,212,1641854,Craig Porter Jr.,1610612739,Cleveland Cavaliers,2,9,13,Made Shot,Driving Layup Shot,2PT Field Goal,Restricted Area,Center(C),Less Than 8 ft.,0,-7,-1,1,1,20251113,CLE,TOR,8870,0,1626204|1628378|1630596|1641772|1641854,1,REG,2026,1610612739,,,,,
22500225220,,Shot Chart Detail,22500225,220,1630596,Evan Mobley,1610612739,Cleveland Cavaliers,2,8,32,Missed Shot,Pullup Jump shot,2PT Field Goal,In The Paint (Non-RA),Center(C),8-16 ft.,12,0,126,1,0,20251113,CLE,TOR,9280,0,1628378|1629731|1630596|1641772|1641854,0,REG,2026,1610612739,,,,,
22500225224,,Shot Chart Detail,22500225,224,1641772,Nae'Qwan Tomlin,1610612739,Cleveland Cavaliers,2,8,14,Made Shot,Cutting Layup Shot,2PT Field Goal,Restricted Area,Center(C),Less Than 8 ft.,0,1,6,1,1,20251113,CLE,TOR,9460,0,1628378|1629731|1630596|1641772|1641854,1,REG,2026,1610612739,,,,,
22500225228,,Shot Chart Detail,22500225,228,1641854,Craig Porter Jr.,1610612739,Cleveland Cavaliers,2,7,43,Made Shot,Jump Shot,3PT Field Goal,Above the Break 3,Center(C),24+ ft.,25,16,253,1,1,20251113,CLE,TOR,9770,0,1628378|1629731|1630596|1641772|1641854,1,REG,2026,1610612739,,,,,
22500225232,,Shot Chart Detail,22500225,232,1628378,Donovan Mitchell,1610612739,Cleveland Cavaliers,2,7,14,Missed Shot,Running Jump Shot,3PT Field Goal,Above the Break 3,Left Side Center(LC),24+ ft.,25,-232,104,1,0,20251113,CLE,TOR,10060,0,1628378|1629731|1630596|1641772|1641854,0,REG,2026,1610612739,,,,,
22500225247,,Shot Chart Detail,22500225,247,1630241,Sam Merrill,1610612739,Cleveland Cavaliers,2,6,52,Missed Shot,Pullup Jump shot,2PT Field Goal,In The Paint (Non-RA),Center(C),8-16 ft.,13,1,136,1,0,20251113,CLE,TOR,10280,0,1628386|1629731|1630241|1641772|1641854,0,REG,2026,1610612739,,,,,
22500225249,,Shot Chart Detail,22500225,249,1641772,Nae'Qwan Tomlin,1610612739,Cleveland Cavaliers,2,6,50,Made Shot,Putback Layup Shot,2PT Field Goal,Restricted Area,Center(C),Less Than 8 ft.,1,-7,9,1,1,20251113,CLE,TOR,10300,0,1628386|1629731|1630241|1641772|1641854,0,REG,2026,1610612739,,,,,
22500225264,,Shot Chart Detail,22500225,264,1630241,Sam Merrill,1610612739,Cleveland Cavaliers,2,5,54,Made Shot,Jump Shot,3PT Field Goal,Left Corner 3,Left Side(L),24+ ft.,22,-225,-4,1,1,20251113,CLE,TOR,10860,0,1628386|1629731|1630241|1641772|1641854,1,REG,2026,1610612739,,,,,
22500225272,,Shot Chart Detail,22500225,272,1629631,De'Andre Hunter,1610612739,Cleveland Cavaliers,2,5,23,Made Shot,Jump Shot,3PT Field Goal,Above the Break 3,Center(C),24+ ft.,25,60,248,1,1,20251113,CLE,TOR,11170,0,1628386|1629631|1629731|1630241|1641854,1,REG,2026,1610612739,,,,,
22500225276,,Shot Chart Detail,22500225,276,1629631,De'Andre Hunter,1610612739,Cleveland Cavaliers,2,4,52,Made Shot,Driving Floating Jump Shot,2PT Field Goal,In The Paint (Non-RA),Center(C),8-16 ft.,10,-6,106,1,1,20251113,CLE,TOR,11480,0,1628386|1629631|1629731|1630241|1641854,1,REG,2026,1610612739,,,,,
22500225286,,Shot Chart Detail,22500225,286,1629631,De'Andre Hunter,1610612739,Cleveland Cavaliers,2,4,15,Missed Shot,Jump Shot,2PT Field Goal,Mid-Range,Right Side(R),8-16 ft.,13,135,-4,1,0,20251113,CLE,TOR,11850,0,1628386|1629631|1630241|1630596|1641854,0,REG,2026,1610612739,,,,,
22500225293,,Shot Chart Detail,22500225,293,1641854,Craig Porter Jr.,1610612739,Cleveland Cavaliers,2,3,40,Missed Shot,Pullup Jump shot,3PT Field Goal,Above the Break 3,Left Side Center(LC),24+ ft.,25,-234,110,1,0,20251113,CLE,TOR,12200,0,1628386|1629631|1630241|1630596|1641854,0,REG,2026,1610612739,,,,,
22500225297,,Shot Chart Detail,22500225,297,1630596,Evan Mobley,1610612739,Cleveland Cavaliers,2,3,9,Missed Shot,Cutting Layup Shot,2PT Field Goal,Restricted Area,Center(C),Less Than 8 ft.,1,-10,4,1,0,20251113,CLE,TOR,12510,0,1628386|1629631|1630241|1630596|1641854,0,REG,2026,1610612739,,,,,
22500225304,,Shot Chart Detail,22500225,304,1628378,Donovan Mitchell,1610612739,Cleveland Cavaliers,2,2,54,Made Shot,Driving Layup Shot,2PT Field Goal,Restricted Area,Center(C),Less Than 8 ft.,0,-6,4,1,1,20251113,CLE,TOR,12660,0,1628378|1628386|1629631|1630241|1630596,1,REG,2026,1610612739,,,,,
22500225307,,Shot Chart Detail,22500225,307,1629631,De'Andre Hunter,1610612739,Cleveland Cavaliers,2,2,13,Missed Shot,Jump Shot,3PT Field Goal,Above the Break 3,Right Side Center(RC),24+ ft.,24,143,204,1,0,20251113,CLE,TOR,13070,0,1628378|1628386|1629631|1630241|1630596,0,REG,2026,1610612739,,,,,
22500225309,,Shot Chart Detail,22500225,309,1630241,Sam Merrill,1610612739,Cleveland Cavaliers,2,2,5,Made Shot,Jump Shot,3PT Field Goal,Above the Break 3,Center(C),24+ ft.,24,-6,248,1,1,20251113,CLE,TOR,13150,0,1628378|1628386|1629631|1630241|1630596,1,REG,2026,1610612739,,,,,
22500225316,,Shot Chart Detail,22500225,316,1629631,De'Andre Hunter,1610612739,Cleveland Cavaliers,2,1,37,Missed Shot,Pullup Jump shot,2PT Field Goal,Mid-Range,Right Side(R),8-16 ft.,14,135,63,1,0,20251113,CLE,TOR,13430,0,1628378|1628386|1629631|1630241|1630596,0,REG,2026,1610612739,,,,,
22500225321,,Shot Chart Detail,22500225,321,1628378,Donovan Mitchell,1610612739,Cleveland Cavaliers,2,1,15,Missed Shot,Step Back Jump shot,3PT Field Goal,Above the Break 3,Left Side Center(LC),24+ ft.,24,-207,135,1,0,20251113,CLE,TOR,13650,0,1628378|1628386|1629631|1630241|1630596,0,REG,2026,1610612739,,,,,
22500225327,,Shot Chart Detail,22500225,327,1629631,De'Andre Hunter,1610612739,Cleveland Cavaliers,2,0,31,Made Shot,Driving Floating Jump Shot,2PT Field Goal,In The Paint (Non-RA),Center(C),Less Than 8 ft.,6,-67,9,1,1,20251113,CLE,TOR,14090,0,1628378|1628386|1629631|1630241|1630596,1,REG,2026,1610612739,,,,,
22500225339,,Shot Chart Detail,22500225,339,1630241,Sam Merrill,1610612739,Cleveland Cavaliers,3,11,46,Missed Shot,Pullup Jump shot,3PT Field Goal,Above the Break 3,Center(C),24+ ft.,28,-58,277,1,0,20251113,CLE,TOR,14540,0,1628378|1628386|1629631|1630241|1630596,0,REG,2026,1610612739,,,,,
22500225350,,Shot Chart Detail,22500225,350,1630596,Evan Mobley,1610612739,Cleveland Cavaliers,3,11,0,Missed Shot,Jump Shot,3PT Field Goal,Above the Break 3,Left Side Center(LC),24+ ft.,25,-120,227,1,0,20251113,CLE,TOR,15000,0,1628378|1628386|1629631|1630241|1630596,0,REG,2026,1610612739,,,,,
22500225359,,Shot Chart Detail,22500225,359,1628378,Donovan Mitchell,1610612739,Cleveland Cavaliers,3,10,10,Missed Shot,Jump Shot,3PT Field Goal,Right Corner 3,Right Side(R),24+ ft.,22,228,-11,1,0,20251113,CLE,TOR,15500,0,1628378|1628386|1629631|1630241|1630596,0,REG,2026,1610612739,,,,,
22500225361,,Shot Chart Detail,22500225,361,1630596,Evan Mobley,1610612739,Cleveland Cavaliers,3,10,8,Made Shot,Tip Layup Shot,2PT Field Goal,Restricted Area,Center(C),Less Than 8 ft.,0,0,0,1,1,20251113,CLE,TOR,15520,0,1628378|1628386|1629631|1630241|1630596,0,REG,2026,1610612739,,,,,
22500225364,,Shot Chart Detail,22500225,364,1630241,Sam Merrill,1610612739,Cleveland Cavaliers,3,9,29,Made Shot,Jump Shot,3PT Field Goal,Above the Break 3,Left Side Center(LC),24+ ft.,26,-164,207,1,1,20251113,CLE,TOR,15910,0,1628378|1628386|1629631|1630241|1630596,1,REG,2026,1610612739,,,,,
22500225370,,Shot Chart Detail,22500225,370,1628378,Donovan Mitchell,1610612739,Cleveland Cavaliers,3,9,7,Made Shot,Driving Finger Roll Layup Shot,2PT Field Goal,Restricted Area,Center(C),Less Than 8 ft.,1,-4,12,1,1,20251113,CLE,TOR,16130,0,1628378|1628386|1629631|1630241|1630596,0,REG,2026,1610612739,,,,,
22500225383,,Shot Chart Detail,22500225,383,1629631,De'Andre Hunter,1610612739,Cleveland Cavaliers,3,8,22,Made Shot,Step Back Jump shot,2PT Field Goal,Mid-Range,Left Side Center(LC),16-24 ft.,19,-130,142,1,1,20251113,CLE,TOR,16580,0,1628378|1629631|1629731|1630241|1630596,0,REG,2026,1610612739,,,,,
22500225386,,Shot Chart Detail,22500225,386,1628378,Donovan Mitchell,1610612739,Cleveland Cavaliers,3,8,8,Missed Shot,Running Pull-Up Jump Shot,3PT Field Goal,Above the Break 3,Left Side Center(LC),24+ ft.,26,-165,202,1,0,20251113,CLE,TOR,16720,0,1628378|1629631|1629731|1630241|1630596,0,REG,2026,1610612739,,,,,
22500225391,,Shot Chart Detail,22500225,391,1629731,Dean Wade,1610612739,Cleveland Cavaliers,3,7,35,Made Shot,Cutting Layup Shot,2PT Field Goal,Restricted Area,Center(C),Less Than 8 ft.,0,-2,8,1,1,20251113,CLE,TOR,17050,0,1628378|1629631|1629731|1630241|1630596,1,REG,2026,1610612739,,,,,
22500225411,,Shot Chart Detail,22500225,411,1628378,Donovan Mitchell,1610612739,Cleveland Cavaliers,3,6,28,Made Shot,Pullup Jump shot,3PT Field Goal,Above the Break 3,Right Side Center(RC),24+ ft.,25,221,117,1,1,20251113,CLE,TOR,17720,0,1628378|1629631|1629731|1630596|1641854,1,REG,2026,1610612739,,,,,
22500225414,,Shot Chart Detail,22500225,414,1629631,De'Andre Hunter,1610612739,Cleveland Cavaliers,3,5,52,Missed Shot,Jump Shot,3PT Field Goal,Above the Break 3,Center(C),24+ ft.,25,-2,259,1,0,20251113,CLE,TOR,18080,0,1628378|1629631|1629731|1630596|1641854,0,REG,2026,1610612739,,,,,
22500225433,,Shot Chart Detail,22500225,433,1641772,Nae'Qwan Tomlin,1610612739,Cleveland Cavaliers,3,4,51,Missed Shot,Running Reverse Layup Shot,2PT Field Goal,Restricted Area,Center(C),Less Than 8 ft.,1,6,12,1,0,20251113,CLE,TOR,18690,0,1628378|1629731|1630596|1641772|1641854,0,REG,2026,1610612739,,,,,
22500225435,,Shot Chart Detail,22500225,435,1641772,Nae'Qwan Tomlin,1610612739,Cleveland Cavaliers,3,4,48,Made Shot,Putback Layup Shot,2PT Field Goal,Restricted Area,Center(C),Less Than 8 ft.,1,10,11,1,1,20251113,CLE,TOR,18720,0,1628378|1629731|1630596|1641772|1641854,0,REG,2026,1610612739,,,,,
22500225441,,Shot Chart Detail,22500225,441,1629731,Dean Wade,1610612739,Cleveland Cavaliers,3,4,14,Missed Shot,Driving Layup Shot,2PT Field Goal,Restricted Area,Center(C),Less Than 8 ft.,1,7,18,1,0,20251113,CLE,TOR,19060,0,1629731|1630241|1630596|1641772|1641854,0,REG,2026,1610612739,,,,,
22500225460,,Shot Chart Detail,22500225,460,1641854,Craig Porter Jr.,1610612739,Cleveland Cavaliers,3,3,0,Made Shot,Driving Layup Shot,2PT Field Goal,Restricted Area,Center(C),Less Than 8 ft.,0,-2,7,1,1,20251113,CLE,TOR,19800,0,1628418|1629731|1630241|1641772|1641854,0,REG,2026,1610612739,,,,,
22500225468,,Shot Chart Detail,22500225,468,1641772,Nae'Qwan Tomlin,1610612739,Cleveland Cavaliers,3,2,40,Made Shot,Cutting Dunk Shot,2PT Field Goal,Restricted Area,Center(C),Less Than 8 ft.,0,-2,4,1,1,20251113,CLE,TOR,20000,0,1628418|1629731|1630241|1641772|1641854,1,REG,2026,1610612739,,,,,
22500225472,,Shot Chart Detail,22500225,472,1629731,Dean Wade,1610612739,Cleveland Cavaliers,3,2,8,Missed Shot,Jump Shot,3PT Field Goal,Above the Break 3,Right Side Center(RC),24+ ft.,25,82,238,1,0,20251113,CLE,TOR,20320,0,1628418|1629731|1630241|1641772|1641854,0,REG,2026,1610612739,,,,,
22500225476,,Shot Chart Detail,22500225,476,1641854,Craig Porter Jr.,1610612739,Cleveland Cavaliers,3,1,40,Missed Shot,Pullup Jump shot,3PT Field Goal,Above the Break 3,Right Side Center(RC),24+ ft.,26,127,230,1,0,20251113,CLE,TOR,20600,0,1628418|1629731|1630241|1641772|1641854,0,REG,2026,1610612739,,,,,
22500225478,,Shot Chart Detail,22500225,478,1630241,Sam Merrill,1610612739,Cleveland Cavaliers,3,1,36,Missed Shot,Jump Shot,3PT Field Goal,Above the Break 3,Left Side Center(LC),24+ ft.,25,-213,138,1,0,20251113,CLE,TOR,20640,0,1628418|1629731|1630241|1641772|1641854,0,REG,2026,1610612739,,,,,
22500225480,,Shot Chart Detail,22500225,480,1641772,Nae'Qwan Tomlin,1610612739,Cleveland Cavaliers,3,1,32,Made Shot,Putback Layup Shot,2PT Field Goal,Restricted Area,Center(C),Less Than 8 ft.,0,5,-3,1,1,20251113,CLE,TOR,20680,0,1628418|1629731|1630241|1641772|1641854,0,REG,2026,1610612739,,,,,
22500225493,,Shot Chart Detail,22500225,493,1628418,Thomas Bryant,1610612739,Cleveland Cavaliers,3,0,59,Missed Shot,Jump Shot,3PT Field Goal,Above the Break 3,Right Side Center(RC),24+ ft.,25,229,110,1,0,20251113,CLE,TOR,21010,0,1628378|1628418|1630241|1641772|1641854,0,REG,2026,1610612739,,,,,
22500225495,,Shot Chart Detail,22500225,495,1628418,Thomas Bryant,1610612739,Cleveland Cavaliers,3,0,52,Made Shot,Dunk Shot,2PT Field Goal,Restricted Area,Center(C),Less Than 8 ft.,0,1,-6,1,1,20251113,CLE,TOR,21080,0,1628378|1628418|1630241|1641772|1641854,1,REG,2026,1610612739,,,,,
22500225498,,Shot Chart Detail,22500225,498,1628378,Donovan Mitchell,1610612739,Cleveland Cavaliers,3,0,20,Made Shot,Driving Floating Jump Shot,2PT Field Goal,In The Paint (Non-RA),Center(C),Less Than 8 ft.,7,28,74,1,1,20251113,CLE,TOR,21400,0,1628378|1628418|1630241|1641772|1641854,0,REG,2026,1610612739,,,,,
22500225529,,Shot Chart Detail,22500225,529,1629631,De'Andre Hunter,1610612739,Cleveland Cavaliers,4,11,22,Made Shot,Layup Shot,2PT Field Goal,Restricted Area,Center(C),Less Than 8 ft.,1,4,18,1,1,20251113,CLE,TOR,21980,0,1628378|1628418|1629631|1641772|1641854,0,REG,2026,1610612739,,,,,
22500225549,,Shot Chart Detail,22500225,549,1630241,Sam Merrill,1610612739,Cleveland Cavaliers,4,10,31,Missed Shot,Jump Shot,3PT Field Goal,Above the Break 3,Right Side Center(RC),24+ ft.,25,118,228,1,0,20251113,CLE,TOR,22490,0,1628378|1629631|1630241|1630596|1641772,0,REG,2026,1610612739,,,,,
22500225552,,Shot Chart Detail,22500225,552,1628378,Donovan Mitchell,1610612739,Cleveland Cavaliers,4,10,8,Missed Shot,Driving Floating Jump Shot,2PT Field Goal,In The Paint (Non-RA),Right Side(R),8-16 ft.,10,58,89,1,0,20251113,CLE,TOR,22720,0,1628378|1629631|1630241|1630596|1641772,0,REG,2026,1610612739,,,,,
22500225556,,Shot Chart Detail,22500225,556,1641772,Nae'Qwan Tomlin,1610612739,Cleveland Cavaliers,4,10,5,Made Shot,Tip Layup Shot,2PT Field Goal,Restricted Area,Center(C),Less Than 8 ft.,0,0,0,1,1,20251113,CLE,TOR,22750,0,1628378|1629631|1630241|1630596|1641772,0,REG,2026,1610612739,,,,,
22500225554,,Shot Chart Detail,22500225,554,1628378,Donovan Mitchell,1610612739,Cleveland Cavaliers,4,10,5,Missed Shot,Putback Layup Shot,2PT Field Goal,Restricted Area,Center(C),Less Than 8 ft.,1,9,-8,1,0,20251113,CLE,TOR,22750,0,1628378|1629631|1630241|1630596|1641772,0,REG,2026,1610612739,,,,,
22500225563,,Shot Chart Detail,22500225,563,1641772,Nae'Qwan Tomlin,1610612739,Cleveland Cavaliers,4,9,31,Made Shot,Cutting Dunk Shot,2PT Field Goal,Restricted Area,Center(C),Less Than 8 ft.,1,1,10,1,1,20251113,CLE,TOR,23090,0,1628378|1629631|1630241|1630596|1641772,1,REG,2026,1610612739,,,,,
22500225568,,Shot Chart Detail,22500225,568,1641772,Nae'Qwan Tomlin,1610612739,Cleveland Cavaliers,4,8,57,Missed Shot,Jump Shot,3PT Field Goal,Above the Break 3,Right Side Center(RC),24+ ft.,25,183,183,1,0,20251113,CLE,TOR,23430,0,1628378|1629631|1630241|1630596|1641772,0,REG,2026,1610612739,,,,,
22500225572,,Shot Chart Detail,22500225,572,1628378,Donovan Mitchell,1610612739,Cleveland Cavaliers,4,8,43,Made Shot,Jump Shot,3PT Field Goal,Above the Break 3,Right Side Center(RC),24+ ft.,26,93,246,1,1,20251113,CLE,TOR,23570,0,1628378|1629631|1630241|1630596|1641772,1,REG,2026,1610612739,,,,,
22500225576,,Shot Chart Detail,22500225,576,1628378,Donovan Mitchell,1610612739,Cleveland Cavaliers,4,8,6,Missed Shot,Fadeaway Jump Shot,2PT Field Goal,Mid-Range,Left Side(L),8-16 ft.,13,-82,102,1,0,20251113,CLE,TOR,23940,0,1628378|1629631|1630241|1630596|1641772,0,REG,2026,1610612739,,,,,
22500225585,,Shot Chart Detail,22500225,585,1630241,Sam Merrill,1610612739,Cleveland Cavaliers,4,7,36,Missed Shot,Step Back Jump shot,3PT Field Goal,Above the Break 3,Left Side Center(LC),24+ ft.,25,-120,230,1,0,20251113,CLE,TOR,24240,0,1628378|1629731|1630241|1630596|1641772,0,REG,2026,1610612739,,,,,
22500225589,,Shot Chart Detail,22500225,589,1630241,Sam Merrill,1610612739,Cleveland Cavaliers,4,7,20,Made Shot,Driving Layup Shot,2PT Field Goal,Restricted Area,Center(C),Less Than 8 ft.,0,-2,5,1,1,20251113,CLE,TOR,24400,0,1628378|1629731|1630241|1630596|1641772,1,REG,2026,1610612739,,,,,
22500225611,,Shot Chart Detail,22500225,611,1628378,Donovan Mitchell,1610612739,Cleveland Cavaliers,4,6,12,Made Shot,Driving Floating Jump Shot,2PT Field Goal,Restricted Area,Center(C),Less Than 8 ft.,1,1,17,1,1,20251113,CLE,TOR,25080,0,1628378|1628386|1629731|1630596|1641854,0,REG,2026,1610612739,,,,,
22500225615,,Shot Chart Detail,22500225,615,1629731,Dean Wade,1610612739,Cleveland Cavaliers,4,5,51,Missed Shot,Jump Shot,3PT Field Goal,Right Corner 3,Right Side(R),24+ ft.,24,230,70,1,0,20251113,CLE,TOR,25290,0,1628378|1628386|1629731|1630596|1641854,0,REG,2026,1610612739,,,,,
22500225619,,Shot Chart Detail,22500225,619,1628386,Jarrett Allen,1610612739,Cleveland Cavaliers,4,5,33,Made Shot,Floating Jump shot,2PT Field Goal,In The Paint (Non-RA),Center(C),8-16 ft.,10,47,96,1,1,20251113,CLE,TOR,25470,0,1628378|1628386|1629731|1630596|1641854,1,REG,2026,1610612739,,,,,
22500225629,,Shot Chart Detail,22500225,629,1629631,De'Andre Hunter,1610612739,Cleveland Cavaliers,4,5,11,Missed Shot,Driving Floating Jump Shot,2PT Field Goal,Mid-Range,Right Side(R),8-16 ft.,9,92,34,1,0,20251113,CLE,TOR,25690,0,1628378|1628386|1629631|1630596|1641772,0,REG,2026,1610612739,,,,,
22500225647,,Shot Chart Detail,22500225,647,1630596,Evan Mobley,1610612739,Cleveland Cavaliers,4,3,25,Missed Shot,Turnaround Fadeaway shot,2PT Field Goal,In The Paint (Non-RA),Center(C),8-16 ft.,11,16,118,1,0,20251113,CLE,TOR,26750,0,1628378|1628386|1629631|1630596|1641772,0,REG,2026,1610612739,,,,,
22500225649,,Shot Chart Detail,22500225,649,1628386,Jarrett Allen,1610612739,Cleveland Cavaliers,4,3,23,Missed Shot,Reverse Layup Shot,2PT Field Goal,In The Paint (Non-RA),Center(C),Less Than 8 ft.,4,37,25,1,0,20251113,CLE,TOR,26770,0,1628378|1628386|1629631|1630596|1641772,0,REG,2026,1610612739,,,,,
22500225652,,Shot Chart Detail,22500225,652,1628386,Jarrett Allen,1610612739,Cleveland Cavaliers,4,3,17,Missed Shot,Jump Shot,2PT Field Goal,Mid-Range,Right Side(R),8-16 ft.,10,107,22,1,0,20251113,CLE,TOR,26830,0,1628378|1628386|1629631|1630596|1641772,0,REG,2026,1610612739,,,,,
22500225656,,Shot Chart Detail,22500225,656,1629631,De'Andre Hunter,1610612739,Cleveland Cavaliers,4,2,51,Missed Shot,Pullup Jump shot,2PT Field Goal,Mid-Range,Center(C),8-16 ft.,15,59,143,1,0,20251113,CLE,TOR,27090,0,1628378|1628386|1629631|1630596|1641772,0,REG,2026,1610612739,,,,,
22500225663,,Shot Chart Detail,22500225,663,1630241,Sam Merrill,1610612739,Cleveland Cavaliers,4,2,20,Missed Shot,Pullup Jump shot,3PT Field Goal,Above the Break 3,Center(C),24+ ft.,25,-69,249,1,0,20251113,CLE,TOR,27400,0,1628378|1628386|1629631|1630241|1630596,0,REG,2026,1610612739,,,,,
22500225678,,Shot Chart Detail,22500225,678,1628418,Thomas Bryant,1610612739,Cleveland Cavaliers,4,1,59,Missed Shot,Jump Shot,3PT Field Goal,Above the Break 3,Right Side Center(RC),24+ ft.,24,147,199,1,0,20251113,CLE,TOR,27610,0,1628418|1631247|1641772|1641854|1642878,0,REG,2026,1610612739,,,,,
22500225682,,Shot Chart Detail,22500225,682,1641772,Nae'Qwan Tomlin,1610612739,Cleveland Cavaliers,4,1,42,Made Shot,Running Layup Shot,2PT Field Goal,Restricted Area,Center(C),Less Than 8 ft.,1,6,8,1,1,20251113,CLE,TOR,27780,0,1628418|1631247|1641772|1641854|1642878,1,REG,2026,1610612739,,,,,
22500225701,,Shot Chart Detail,22500225,701,1642878,Tyrese Proctor,1610612739,Cleveland Cavaliers,4,1,7,Made Shot,Driving Floating Bank Jump Shot,2PT Field Goal,Restricted Area,Center(C),Less Than 8 ft.,1,10,16,1,1,20251113,CLE,TOR,28130,0,1628418|1631247|1641772|1641854|1642878,0,REG,2026,1610612739,,,,,
22500225704,,Shot Chart Detail,22500225,704,1642878,Tyrese Proctor,1610612739,Cleveland Cavaliers,4,0,38,Missed Shot,Running Layup Shot,2PT Field Goal,Restricted Area,Center(C),Less Than 8 ft.,2,4,22,1,0,20251113,CLE,TOR,28420,0,1628418|1631247|1641772|1641854|1642878,0,REG,2026,1610612739,,,,,
22500225708,,Shot Chart Detail,22500225,708,1628418,Thomas Bryant,1610612739,Cleveland Cavaliers,4,0,30,Made Shot,Cutting Dunk Shot,2PT Field Goal,Restricted Area,Center(C),Less Than 8 ft.,1,10,15,1,1,20251113,CLE,TOR,28500,0,1628418|1631247|1641772|1641854|1642878,1,REG,2026,1610612739,,,,,
2250022811,,Shot Chart Detail,22500228,11,1628378,Donovan Mitchell,1610612739,Cleveland Cavaliers,1,11,33,Made Shot,Pullup Jump shot,3PT Field Goal,Above the Break 3,Center(C),24+ ft.,25,4,256,1,1,20251115,CLE,MEM,270,0,1628378|1628386|1629631|1630241|1630596,1,REG,2026,1610612739,,,,,
2250022821,,Shot Chart Detail,22500228,21,1630596,Evan Mobley,1610612739,Cleveland Cavaliers,1,10,59,Missed Shot,Jump Shot,2PT Field Goal,Mid-Range,Left Side Center(LC),16-24 ft.,23,-147,181,1,0,20251115,CLE,MEM,610,0,1628378|1628386|1629631|1630241|1630596,0,REG,2026,1610612739,,,,,
2250022824,,Shot Chart Detail,22500228,24,1630241,Sam Merrill,1610612739,Cleveland Cavaliers,1,10,35,Missed Shot,Jump Shot,3PT Field Goal,Above the Break 3,Right Side Center(RC),24+ ft.,25,224,131,1,0,20251115,CLE,MEM,850,0,1628378|1628386|1629631|1630241|1630596,0,REG,2026,1610612739,,,,,
2250022828,,Shot Chart Detail,22500228,28,1629631,De'Andre Hunter,1610612739,Cleveland Cavaliers,1,10,17,Missed Shot,Jump Shot,3PT Field Goal,Right Corner 3,Right Side(R),24+ ft.,23,225,76,1,0,20251115,CLE,MEM,1030,0,1628378|1628386|1629631|1630241|1630596,0,REG,2026,1610612739,,,,,
2250022836,,Shot Chart Detail,22500228,36,1628378,Donovan Mitchell,1610612739,Cleveland Cavaliers,1,9,54,Made Shot,Pullup Jump shot,2PT Field Goal,In The Paint (Non-RA),Center(C),8-16 ft.,13,26,134,1,1,20251115,CLE,MEM,1260,0,1628378|1628386|1629631|1630241|1630596,0,REG,2026,1610612739,,,,,
2250022839,,Shot Chart Detail,22500228,39,1628378,Donovan Mitchell,1610612739,Cleveland Cavaliers,1,9,21,Missed Shot,Pullup Jump shot,3PT Field Goal,Above the Break 3,Right Side Center(RC),24+ ft.,26,131,230,1,0,20251115,CLE,MEM,1590,0,1628378|1628386|1629631|1630241|1630596,0,REG,2026,1610612739,,,,,
2250022851,,Shot Chart Detail,22500228,51,1630596,Evan Mobley,1610612739,Cleveland Cavaliers,1,8,42,Made Shot,Jump Shot,3PT Field Goal,Above the Break 3,Right Side Center(RC),24+ ft.,25,119,228,1,1,20251115,CLE,MEM,1980,0,1628378|1628386|1629631|1630241|1630596,1,REG,2026,1610612739,,,,,
2250022860,,Shot Chart Detail,22500228,60,1630596,Evan Mobley,1610612739,Cleveland Cavaliers,1,7,45,Missed Shot,Pullup Jump shot,3PT Field Goal,Above the Break 3,Right Side Center(RC),24+ ft.,26,234,117,1,0,20251115,CLE,MEM,2550,0,1628378|1628386|1629631|1630241|1630596,0,REG,2026,1610612739,,,,,
2250022872,,Shot Chart Detail,22500228,72,1630596,Evan Mobley,1610612739,Cleveland Cavaliers,1,7,18,Missed Shot,Driving Hook Shot,2PT Field Goal,Restricted Area,Center(C),Less Than 8 ft.,3,7,39,1,0,20251115,CLE,MEM,2820,0,1628378|1628386|1629631|1630241|1630596,0,REG,2026,1610612739,,,,,
2250022887,,Shot Chart Detail,22500228,87,1629631,De'Andre Hunter,1610612739,Cleveland Cavaliers,1,6,42,Missed Shot,Pullup Jump shot,2PT Field Goal,Mid-Range,Right Side(R),8-16 ft.,10,98,32,1,0,20251115,CLE,MEM,3180,0,1628366|1629631|1629731|1630241|1630596,0,REG,2026,1610612739,,,,,
2250022891,,Shot Chart Detail,22500228,91,1630241,Sam Merrill,1610612739,Cleveland Cavaliers,1,6,23,Made Shot,Jump Shot,3PT Field Goal,Above the Break 3,Left Side Center(LC),24+ ft.,25,-223,133,1,1,20251115,CLE,MEM,3370,0,1628366|1629631|1629731|1630241|1630596,1,REG,2026,1610612739,,,,,
22500228116,,Shot Chart Detail,22500228,116,1629731,Dean Wade,1610612739,Cleveland Cavaliers,1,4,58,Missed Shot,Jump Shot,3PT Field Goal,Above the Break 3,Left Side Center(LC),24+ ft.,27,-218,162,1,0,20251115,CLE,MEM,4220,0,1628366|1629631|1629731|1630596|1641854,0,REG,2026,1610612739,,,,,
22500228122,,Shot Chart Detail,22500228,122,1641854,Craig Porter Jr.,1610612739,Cleveland Cavaliers,1,4,38,Missed Shot,Driving Floating Jump Shot,2PT Field Goal,Restricted Area,Center(C),Less Than 8 ft.,1,5,18,1,0,20251115,CLE,MEM,4420,0,1628366|1629631|1629731|1630596|1641854,0,REG,2026,1610612739,,,,,
22500228124,,Shot Chart Detail,22500228,124,1641854,Craig Porter Jr.,1610612739,Cleveland Cavaliers,1,4,37,Made Shot,Floating Jump shot,2PT Field Goal,Restricted Area,Center(C),Less Than 8 ft.,0,0,0,1,1,20251115,CLE,MEM,4430,0,1628366|1629631|1629731|1630596|1641854,0,REG,2026,1610612739,,,,,
22500228127,,Shot Chart Detail,22500228,127,1628366,Lonzo Ball,1610612739,Cleveland Cavaliers,1,4,4,Missed Shot,Running Jump Shot,3PT Field Goal,Above the Break 3,Left Side Center(LC),24+ ft.,26,-224,134,1,0,20251115,CLE,MEM,4760,0,1628366|1629631|1629731|1630596|1641854,0,REG,2026,1610612739,,,,,
22500228135,,Shot Chart Detail,22500228,135,1628366,Lonzo Ball,1610612739,Cleveland Cavaliers,1,3,20,Missed Shot,Running Jump Shot,3PT Field Goal,Above the Break 3,Left Side Center(LC),24+ ft.,25,-221,122,1,0,20251115,CLE,MEM,5200,0,1628366|1629631|1629731|1630596|1641854,0,REG,2026,1610612739,,,,,
22500228149,,Shot Chart Detail,22500228,149,1628386,Jarrett Allen,1610612739,Cleveland Cavaliers,1,2,56,Missed Shot,Floating Jump shot,2PT Field Goal,In The Paint (Non-RA),Center(C),8-16 ft.,9,7,99,1,0,20251115,CLE,MEM,5440,0,1628366|1628378|1628386|1629731|1641854,0,REG,2026,1610612739,,,,,
22500228153,,Shot Chart Detail,22500228,153,1628378,Donovan Mitchell,1610612739,Cleveland Cavaliers,1,2,32,Made Shot,Pullup Jump shot,2PT Field Goal,Mid-Range,Right Side Center(RC),16-24 ft.,21,121,183,1,1,20251115,CLE,MEM,5680,0,1628366|1628378|1628386|1629731|1641854,0,REG,2026,1610612739,,,,,
22500228156,,Shot Chart Detail,22500228,156,1628378,Donovan Mitchell,1610612739,Cleveland Cavaliers,1,2,9,Missed Shot,Running Pull-Up Jump Shot,3PT Field Goal,Above the Break 3,Right Side Center(RC),24+ ft.,25,152,210,1,0,20251115,CLE,MEM,5910,0,1628366|1628378|1628386|1629731|1641854,0,REG,2026,1610612739,,,,,
22500228178,,Shot Chart Detail,22500228,178,1628386,Jarrett Allen,1610612739,Cleveland Cavaliers,1,1,42,Missed Shot,Running Layup Shot,2PT Field Goal,Restricted Area,Center(C),Less Than 8 ft.,3,10,30,1,0,20251115,CLE,MEM,6180,0,1628366|1628378|1628386|1629731|1641854,0,REG,2026,1610612739,,,,,
22500228182,,Shot Chart Detail,22500228,182,1628386,Jarrett Allen,1610612739,Cleveland Cavaliers,1,1,36,Made Shot,Jump Shot,2PT Field Goal,Mid-Range,Right Side Center(RC),16-24 ft.,18,145,111,1,1,20251115,CLE,MEM,6240,0,1628366|1628378|1628386|1629731|1641854,1,REG,2026,1610612739,,,,,
22500228186,,Shot Chart Detail,22500228,186,1628378,Donovan Mitchell,1610612739,Cleveland Cavaliers,1,1,6,Missed Shot,Step Back Jump shot,3PT Field Goal,Above the Break 3,Right Side Center(RC),24+ ft.,25,94,236,1,0,20251115,CLE,MEM,6540,0,1628366|1628378|1628386|1629731|1641854,0,REG,2026,1610612739,,,,,
22500228196,,Shot Chart Detail,22500228,196,1628366,Lonzo Ball,1610612739,Cleveland Cavaliers,1,0,41,Made Shot,Step Back Jump shot,3PT Field Goal,Above the Break 3,Right Side Center(RC),24+ ft.,26,223,147,1,1,20251115,CLE,MEM,6790,0,1628366|1628378|1628386|1629731|1641854,1,REG,2026,1610612739,,,,,
22500228240,,Shot Chart Detail,22500228,240,1641772,Nae'Qwan Tomlin,1610612739,Cleveland Cavaliers,2,10,42,Missed Shot,Cutting Dunk Shot,2PT Field Goal,Restricted Area,Center(C),Less Than 8 ft.,2,17,13,1,0,20251115,CLE,MEM,7980,0,1626204|1628378|1630241|1630596|1641772,0,REG,2026,1610612739,,,,,
22500228249,,Shot Chart Detail,22500228,249,1628378,Donovan Mitchell,1610612739,Cleveland Cavaliers,2,10,21,Missed Shot,Jump Shot,3PT Field Goal,Above the Break 3,Center(C),24+ ft.,25,-10,258,1,0,20251115,CLE,MEM,8190,0,1626204|1628378|1630241|1630596|1641772,0,REG,2026,1610612739,,,,,
22500228253,,Shot Chart Detail,22500228,253,1630596,Evan Mobley,1610612739,Cleveland Cavaliers,2,10,13,Made Shot,Jump Shot,3PT Field Goal,Above the Break 3,Right Side Center(RC),24+ ft.,26,121,233,1,1,20251115,CLE,MEM,8270,0,1626204|1628378|1630241|1630596|1641772,1,REG,2026,1610612739,,,,,
22500228261,,Shot Chart Detail,22500228,261,1630596,Evan Mobley,1610612739,Cleveland Cavaliers,2,9,42,Missed Shot,Driving Floating Jump Shot,2PT Field Goal,In The Paint (Non-RA),Center(C),8-16 ft.,11,-36,105,1,0,20251115,CLE,MEM,8580,0,1626204|1628378|1630241|1630596|1641772,0,REG,2026,1610612739,,,,,
22500228265,,Shot Chart Detail,22500228,265,1626204,Larry Nance Jr.,1610612739,Cleveland Cavaliers,2,9,17,Missed Shot,Jump Shot,3PT Field Goal,Above the Break 3,Left Side Center(LC),24+ ft.,25,-119,231,1,0,20251115,CLE,MEM,8830,0,1626204|1628378|1630241|1630596|1641772,0,REG,2026,1610612739,,,,,
22500228281,,Shot Chart Detail,22500228,281,1626204,Larry Nance Jr.,1610612739,Cleveland Cavaliers,2,8,22,Missed Shot,Jump Shot,3PT Field Goal,Right Corner 3,Right Side(R),24+ ft.,24,240,11,1,0,20251115,CLE,MEM,9380,0,1626204|1628378|1630241|1630596|1641772,0,REG,2026,1610612739,,,,,
22500228286,,Shot Chart Detail,22500228,286,1630596,Evan Mobley,1610612739,Cleveland Cavaliers,2,8,0,Made Shot,Driving Floating Jump Shot,2PT Field Goal,In The Paint (Non-RA),Center(C),8-16 ft.,8,-39,81,1,1,20251115,CLE,MEM,9600,0,1626204|1628378|1630241|1630596|1641772,0,REG,2026,1610612739,,,,,
22500228301,,Shot Chart Detail,22500228,301,1641772,Nae'Qwan Tomlin,1610612739,Cleveland Cavaliers,2,7,7,Made Shot,Cutting Layup Shot,2PT Field Goal,Restricted Area,Center(C),Less Than 8 ft.,1,-2,11,1,1,20251115,CLE,MEM,10130,0,1628366|1629731|1630241|1630596|1641772,1,REG,2026,1610612739,,,,,
22500228306,,Shot Chart Detail,22500228,306,1641772,Nae'Qwan Tomlin,1610612739,Cleveland Cavaliers,2,6,50,Missed Shot,Driving Floating Jump Shot,2PT Field Goal,In The Paint (Non-RA),Center(C),8-16 ft.,13,-65,116,1,0,20251115,CLE,MEM,10300,0,1628366|1629731|1630241|1630596|1641772,0,REG,2026,1610612739,,,,,
22500228325,,Shot Chart Detail,22500228,325,1628386,Jarrett Allen,1610612739,Cleveland Cavaliers,2,5,52,Made Shot,Driving Floating Bank Jump Shot,2PT Field Goal,Restricted Area,Center(C),Less Than 8 ft.,0,4,4,1,1,20251115,CLE,MEM,10880,0,1628366|1628386|1629631|1629731|1630241,1,REG,2026,1610612739,,,,,
22500228339,,Shot Chart Detail,22500228,339,1628366,Lonzo Ball,1610612739,Cleveland Cavaliers,2,4,46,Made Shot,Jump Shot,3PT Field Goal,Above the Break 3,Right Side Center(RC),24+ ft.,25,222,116,1,1,20251115,CLE,MEM,11540,0,1628366|1628386|1629631|1629731|1641854,1,REG,2026,1610612739,,,,,
22500228343,,Shot Chart Detail,22500228,343,1641854,Craig Porter Jr.,1610612739,Cleveland Cavaliers,2,4,7,Missed Shot,Driving Floating Jump Shot,2PT Field Goal,In The Paint (Non-RA),Center(C),8-16 ft.,12,32,123,1,0,20251115,CLE,MEM,11930,0,1628366|1628386|1629631|1629731|1641854,0,REG,2026,1610612739,,,,,
22500228349,,Shot Chart Detail,22500228,349,1628386,Jarrett Allen,1610612739,Cleveland Cavaliers,2,3,29,Made Shot,Cutting Dunk Shot,2PT Field Goal,Restricted Area,Center(C),Less Than 8 ft.,1,-9,7,1,1,20251115,CLE,MEM,12310,0,1628366|1628386|1629631|1629731|1641854,1,REG,2026,1610612739,,,,,
22500228381,,Shot Chart Detail,22500228,381,1629631,De'Andre Hunter,1610612739,Cleveland Cavaliers,2,2,23,Made Shot,Driving Floating Jump Shot,2PT Field Goal,In The Paint (Non-RA),Center(C),8-16 ft.,13,-10,132,1,1,20251115,CLE,MEM,12970,0,1628366|1628386|1629631|1629731|1641854,1,REG,2026,1610612739,,,,,
22500228387,,Shot Chart Detail,22500228,387,1629631,De'Andre Hunter,1610612739,Cleveland Cavaliers,2,1,54,Made Shot,Running Pull-Up Jump Shot,3PT Field Goal,Above the Break 3,Left Side Center(LC),24+ ft.,26,-175,204,1,1,20251115,CLE,MEM,13260,0,1628366|1628386|1629631|1629731|1641854,1,REG,2026,1610612739,,,,,
22500228400,,Shot Chart Detail,22500228,400,1628366,Lonzo Ball,1610612739,Cleveland Cavaliers,2,0,32,Made Shot,Step Back Jump shot,3PT Field Goal,Above the Break 3,Left Side Center(LC),24+ ft.,32,-154,286,1,1,20251115,CLE,MEM,14080,0,1628366|1628386|1629631|1629731|1641854,0,REG,2026,1610612739,,,,,
22500228410,,Shot Chart Detail,22500228,410,1629631,De'Andre Hunter,1610612739,Cleveland Cavaliers,2,0,1,Missed Shot,Step Back Jump shot,3PT Field Goal,Above the Break 3,Left Side Center(LC),24+ ft.,24,-173,180,1,0,20251115,CLE,MEM,14390,0,1628366|1628378|1628386|1629631|1630241,0,REG,2026,1610612739,,,,,
22500228423,,Shot Chart Detail,22500228,423,1630596,Evan Mobley,1610612739,Cleveland Cavaliers,3,11,45,Missed Shot,Driving Floating Bank Jump Shot,2PT Field Goal,In The Paint (Non-RA),Center(C),Less Than 8 ft.,5,49,22,1,0,20251115,CLE,MEM,14550,0,1628378|1628386|1629631|1630241|1630596,0,REG,2026,1610612739,,,,,
22500228425,,Shot Chart Detail,22500228,425,1628378,Donovan Mitchell,1610612739,Cleveland Cavaliers,3,11,37,Missed Shot,Jump Shot,3PT Field Goal,Above the Break 3,Left Side Center(LC),24+ ft.,24,-201,145,1,0,20251115,CLE,MEM,14630,0,1628378|1628386|1629631|1630241|1630596,0,REG,2026,1610612739,,,,,
22500228433,,Shot Chart Detail,22500228,433,1629631,De'Andre Hunter,1610612739,Cleveland Cavaliers,3,11,4,Made Shot,Pullup Jump shot,2PT Field Goal,Mid-Range,Left Side(L),8-16 ft.,12,-118,38,1,1,20251115,CLE,MEM,14960,0,1628378|1628386|1629631|1630241|1630596,0,REG,2026,1610612739,,,,,
22500228441,,Shot Chart Detail,22500228,441,1629631,De'Andre Hunter,1610612739,Cleveland Cavaliers,3,10,22,Missed Shot,Step Back Jump shot,2PT Field Goal,Mid-Range,Left Side(L),8-16 ft.,14,-146,5,1,0,20251115,CLE,MEM,15380,0,1628378|1628386|1629631|1630241|1630596,0,REG,2026,1610612739,,,,,
22500228445,,Shot Chart Detail,22500228,445,1628378,Donovan Mitchell,1610612739,Cleveland Cavaliers,3,9,56,Made Shot,Pullup Jump shot,2PT Field Goal,In The Paint (Non-RA),Left Side(L),8-16 ft.,10,-71,82,1,1,20251115,CLE,MEM,15640,0,1628378|1628386|1629631|1630241|1630596,0,REG,2026,1610612739,,,,,
22500228450,,Shot Chart Detail,22500228,450,1630241,Sam Merrill,1610612739,Cleveland Cavaliers,3,9,33,Missed Shot,Pullup Jump shot,3PT Field Goal,Above the Break 3,Left Side Center(LC),24+ ft.,24,-140,197,1,0,20251115,CLE,MEM,15870,0,1628378|1628386|1629631|1630241|1630596,0,REG,2026,1610612739,,,,,
22500228461,,Shot Chart Detail,22500228,461,1630241,Sam Merrill,1610612739,Cleveland Cavaliers,3,8,58,Made Shot,Jump Shot,3PT Field Goal,Left Corner 3,Left Side(L),24+ ft.,23,-235,-7,1,1,20251115,CLE,MEM,16220,0,1628378|1628386|1629631|1630241|1630596,1,REG,2026,1610612739,,,,,
22500228465,,Shot Chart Detail,22500228,465,1628378,Donovan Mitchell,1610612739,Cleveland Cavaliers,3,8,32,Made Shot,Driving Floating Jump Shot,2PT Field Goal,In The Paint (Non-RA),Center(C),Less Than 8 ft.,5,12,50,1,1,20251115,CLE,MEM,16480,0,1628378|1628386|1629631|1630241|1630596,0,REG,2026,1610612739,,,,,
22500228468,,Shot Chart Detail,22500228,468,1628378,Donovan Mitchell,1610612739,Cleveland Cavaliers,3,8,8,Missed Shot,Pullup Jump shot,3PT Field Goal,Above the Break 3,Center(C),24+ ft.,26,-5,264,1,0,20251115,CLE,MEM,16720,0,1628378|1628386|1629631|1630241|1630596,0,REG,2026,1610612739,,,,,
22500228492,,Shot Chart Detail,22500228,492,1629731,Dean Wade,1610612739,Cleveland Cavaliers,3,7,3,Missed Shot,Jump Shot,3PT Field Goal,Above the Break 3,Center(C),24+ ft.,24,2,246,1,0,20251115,CLE,MEM,17370,0,1628366|1629631|1629731|1630241|1630596,0,REG,2026,1610612739,,,,,
22500228496,,Shot Chart Detail,22500228,496,1629731,Dean Wade,1610612739,Cleveland Cavaliers,3,6,24,Made Shot,Driving Reverse Layup Shot,2PT Field Goal,Restricted Area,Center(C),Less Than 8 ft.,1,-6,-12,1,1,20251115,CLE,MEM,17760,0,1628366|1629631|1629731|1630241|1630596,1,REG,2026,1610612739,,,,,
22500228516,,Shot Chart Detail,22500228,516,1629731,Dean Wade,1610612739,Cleveland Cavaliers,3,5,26,Made Shot,Cutting Dunk Shot,2PT Field Goal,Restricted Area,Center(C),Less Than 8 ft.,1,-11,-4,1,1,20251115,CLE,MEM,18340,0,1628366|1629631|1629731|1630596|1641772,1,REG,2026,1610612739,,,,,
22500228521,,Shot Chart Detail,22500228,521,1630596,Evan Mobley,1610612739,Cleveland Cavaliers,3,4,54,Missed Shot,Jump Shot,3PT Field Goal,Above the Break 3,Left Side Center(LC),24+ ft.,24,-113,220,1,0,20251115,CLE,MEM,18660,0,1628366|1629631|1629731|1630596|1641772,0,REG,2026,1610612739,,,,,
22500228529,,Shot Chart Detail,22500228,529,1630596,Evan Mobley,1610612739,Cleveland Cavaliers,3,4,0,Made Shot,Cutting Layup Shot,2PT Field Goal,Restricted Area,Center(C),Less Than 8 ft.,1,-11,5,1,1,20251115,CLE,MEM,19200,0,1628366|1629631|1629731|1630596|1641772,1,REG,2026,1610612739,,,,,
22500228551,,Shot Chart Detail,22500228,551,1628378,Donovan Mitchell,1610612739,Cleveland Cavaliers,3,2,57,Missed Shot,Pullup Jump shot,3PT Field Goal,Above the Break 3,Right Side Center(RC),24+ ft.,28,181,220,1,0,20251115,CLE,MEM,19830,0,1628366|1628378|1628386|1641772|1641854,0,REG,2026,1610612739,,,,,
22500228557,,Shot Chart Detail,22500228,557,1628386,Jarrett Allen,1610612739,Cleveland Cavaliers,3,2,52,Made Shot,Dunk Shot,2PT Field Goal,Restricted Area,Center(C),Less Than 8 ft.,1,-11,4,1,1,20251115,CLE,MEM,19880,0,1628366|1628378|1628386|1641772|1641854,0,REG,2026,1610612739,,,,,
22500228567,,Shot Chart Detail,22500228,567,1641854,Craig Porter Jr.,1610612739,Cleveland Cavaliers,3,1,58,Missed Shot,Turnaround Fadeaway shot,2PT Field Goal,Mid-Range,Right Side(R),8-16 ft.,14,130,55,1,0,20251115,CLE,MEM,20420,0,1628378|1628386|1641772|1641854|1642878,0,REG,2026,1610612739,,,,,
22500228582,,Shot Chart Detail,22500228,582,1630241,Sam Merrill,1610612739,Cleveland Cavaliers,3,1,32,Missed Shot,Jump Shot,3PT Field Goal,Above the Break 3,Right Side Center(RC),24+ ft.,26,159,208,1,0,20251115,CLE,MEM,20680,0,1628378|1628386|1630241|1641772|1642878,0,REG,2026,1610612739,,,,,
22500228593,,Shot Chart Detail,22500228,593,1628378,Donovan Mitchell,1610612739,Cleveland Cavaliers,3,0,53,Made Shot,Pullup Jump shot,2PT Field Goal,Mid-Range,Left Side Center(LC),16-24 ft.,19,-103,160,1,1,20251115,CLE,MEM,21070,0,1628378|1628386|1630241|1641772|1642878,0,REG,2026,1610612739,,,,,
22500228599,,Shot Chart Detail,22500228,599,1642878,Tyrese Proctor,1610612739,Cleveland Cavaliers,3,0,7,Missed Shot,Jump Shot,3PT Field Goal,Above the Break 3,Left Side Center(LC),24+ ft.,25,-151,200,1,0,20251115,CLE,MEM,21530,0,1628378|1628386|1630241|1641772|1642878,0,REG,2026,1610612739,,,,,
22500228614,,Shot Chart Detail,22500228,614,1630596,Evan Mobley,1610612739,Cleveland Cavaliers,4,11,31,Missed Shot,Driving Reverse Layup Shot,2PT Field Goal,Restricted Area,Center(C),Less Than 8 ft.,0,0,9,1,0,20251115,CLE,MEM,21890,0,1628378|1630241|1630596|1641772|1642878,0,REG,2026,1610612739,,,,,
22500228616,,Shot Chart Detail,22500228,616,1642878,Tyrese Proctor,1610612739,Cleveland Cavaliers,4,11,24,Missed Shot,Jump Shot,3PT Field Goal,Above the Break 3,Right Side Center(RC),24+ ft.,25,206,147,1,0,20251115,CLE,MEM,21960,0,1628378|1630241|1630596|1641772|1642878,0,REG,2026,1610612739,,,,,
22500228623,,Shot Chart Detail,22500228,623,1630241,Sam Merrill,1610612739,Cleveland Cavaliers,4,11,5,Missed Shot,Jump Shot,3PT Field Goal,Above the Break 3,Left Side Center(LC),24+ ft.,24,-86,226,1,0,20251115,CLE,MEM,22150,0,1628378|1630241|1630596|1641772|1642878,0,REG,2026,1610612739,,,,,
22500228633,,Shot Chart Detail,22500228,633,1628378,Donovan Mitchell,1610612739,Cleveland Cavaliers,4,10,39,Missed Shot,Jump Shot,3PT Field Goal,Above the Break 3,Center(C),24+ ft.,24,45,245,1,0,20251115,CLE,MEM,22410,0,1628378|1630241|1630596|1641772|1642878,0,REG,2026,1610612739,,,,,
22500228637,,Shot Chart Detail,22500228,637,1630241,Sam Merrill,1610612739,Cleveland Cavaliers,4,10,31,Made Shot,Pullup Jump shot,2PT Field Goal,Mid-Range,Right Side Center(RC),16-24 ft.,16,96,137,1,1,20251115,CLE,MEM,22490,0,1628378|1630241|1630596|1641772|1642878,1,REG,2026,1610612739,,,,,
22500228647,,Shot Chart Detail,22500228,647,1630596,Evan Mobley,1610612739,Cleveland Cavaliers,4,10,7,Made Shot,Jump Shot,3PT Field Goal,Above the Break 3,Right Side Center(RC),24+ ft.,26,240,101,1,1,20251115,CLE,MEM,22730,0,1628366|1628378|1630241|1630596|1641772,1,REG,2026,1610612739,,,,,
22500228651,,Shot Chart Detail,22500228,651,1630596,Evan Mobley,1610612739,Cleveland Cavaliers,4,9,42,Missed Shot,Jump Shot,2PT Field Goal,Mid-Range,Right Side Center(RC),16-24 ft.,18,86,159,1,0,20251115,CLE,MEM,22980,0,1628366|1628378|1630241|1630596|1641772,0,REG,2026,1610612739,,,,,
22500228655,,Shot Chart Detail,22500228,655,1630241,Sam Merrill,1610612739,Cleveland Cavaliers,4,9,19,Made Shot,Running Layup Shot,2PT Field Goal,Restricted Area,Center(C),Less Than 8 ft.,1,-9,8,1,1,20251115,CLE,MEM,23210,0,1628366|1628378|1630241|1630596|1641772,1,REG,2026,1610612739,,,,,
22500228672,,Shot Chart Detail,22500228,672,1641772,Nae'Qwan Tomlin,1610612739,Cleveland Cavaliers,4,8,2,Missed Shot,Jump Shot,3PT Field Goal,Above the Break 3,Left Side Center(LC),24+ ft.,24,-218,121,1,0,20251115,CLE,MEM,23980,0,1628366|1628378|1629631|1630596|1641772,0,REG,2026,1610612739,,,,,
22500228686,,Shot Chart Detail,22500228,686,1628378,Donovan Mitchell,1610612739,Cleveland Cavaliers,4,7,38,Missed Shot,Driving Reverse Layup Shot,2PT Field Goal,Restricted Area,Center(C),Less Than 8 ft.,1,-7,11,1,0,20251115,CLE,MEM,24220,0,1628378|1629631|1629731|1630596|1641772,0,REG,2026,1610612739,,,,,
22500228688,,Shot Chart Detail,22500228,688,1630596,Evan Mobley,1610612739,Cleveland Cavaliers,4,7,37,Made Shot,Tip Dunk Shot,2PT Field Goal,Restricted Area,Center(C),Less Than 8 ft.,0,0,0,1,1,20251115,CLE,MEM,24230,0,1628378|1629631|1629731|1630596|1641772,0,REG,2026,1610612739,,,,,
22500228694,,Shot Chart Detail,22500228,694,1630596,Evan Mobley,1610612739,Cleveland Cavaliers,4,7,7,Made Shot,Driving Floating Jump Shot,2PT Field Goal,In The Paint (Non-RA),Center(C),Less Than 8 ft.,5,-32,42,1,1,20251115,CLE,MEM,24530,0,1628378|1629631|1629731|1630596|1641772,0,REG,2026,1610612739,,,,,
22500228697,,Shot Chart Detail,22500228,697,1628378,Donovan Mitchell,1610612739,Cleveland Cavaliers,4,6,34,Made Shot,Jump Shot,3PT Field Goal,Above the Break 3,Center(C),24+ ft.,25,-65,243,1,1,20251115,CLE,MEM,24860,0,1628378|1629631|1629731|1630596|1641772,1,REG,2026,1610612739,,,,,
22500228701,,Shot Chart Detail,22500228,701,1629631,De'Andre Hunter,1610612739,Cleveland Cavaliers,4,5,55,Made Shot,Cutting Layup Shot,2PT Field Goal,Restricted Area,Center(C),Less Than 8 ft.,1,4,16,1,1,20251115,CLE,MEM,25250,0,1628378|1629631|1629731|1630596|1641772,1,REG,2026,1610612739,,,,,
22500228715,,Shot Chart Detail,22500228,715,1628378,Donovan Mitchell,1610612739,Cleveland Cavaliers,4,5,16,Made Shot,Step Back Jump shot,3PT Field Goal,Above the Break 3,Left Side Center(LC),24+ ft.,25,-191,166,1,1,20251115,CLE,MEM,25640,0,1628378|1628386|1629631|1629731|1630596,0,REG,2026,1610612739,,,,,
22500228718,,Shot Chart Detail,22500228,718,1628378,Donovan Mitchell,1610612739,Cleveland Cavaliers,4,4,46,Missed Shot,Running Pull-Up Jump Shot,3PT Field Goal,Above the Break 3,Right Side Center(RC),24+ ft.,25,218,130,1,0,20251115,CLE,MEM,25940,0,1628378|1628386|1629631|1629731|1630596,0,REG,2026,1610612739,,,,,
22500228722,,Shot Chart Detail,22500228,722,1628378,Donovan Mitchell,1610612739,Cleveland Cavaliers,4,4,20,Made Shot,Jump Shot,3PT Field Goal,Left Corner 3,Left Side(L),24+ ft.,23,-232,42,1,1,20251115,CLE,MEM,26200,0,1628378|1628386|1629631|1629731|1630596,1,REG,2026,1610612739,,,,,
22500228726,,Shot Chart Detail,22500228,726,1628386,Jarrett Allen,1610612739,Cleveland Cavaliers,4,4,0,Made Shot,Running Dunk Shot,2PT Field Goal,Restricted Area,Center(C),Less Than 8 ft.,0,-7,6,1,1,20251115,CLE,MEM,26400,0,1628378|1628386|1629631|1629731|1630596,1,REG,2026,1610612739,,,,,
22500228737,,Shot Chart Detail,22500228,737,1628378,Donovan Mitchell,1610612739,Cleveland Cavaliers,4,3,36,Made Shot,Driving Floating Jump Shot,2PT Field Goal,In The Paint (Non-RA),Right Side(R),8-16 ft.,11,58,95,1,1,20251115,CLE,MEM,26640,0,1628378|1628386|1629631|1629731|1630596,1,REG,2026,1610612739,,,,,
22500228766,,Shot Chart Detail,22500228,766,1628378,Donovan Mitchell,1610612739,Cleveland Cavaliers,4,2,32,Missed Shot,Driving Floating Jump Shot,2PT Field Goal,In The Paint (Non-RA),Center(C),8-16 ft.,11,13,113,1,0,20251115,CLE,MEM,27280,0,1628378|1628386|1629631|1630241|1630596,0,REG,2026,1610612739,,,,,
22500228769,,Shot Chart Detail,22500228,769,1628386,Jarrett Allen,1610612739,Cleveland Cavaliers,4,1,54,Missed Shot,Layup Shot,2PT Field Goal,Restricted Area,Center(C),Less Than 8 ft.,2,10,24,1,0,20251115,CLE,MEM,27660,0,1628378|1628386|1629631|1630241|1630596,0,REG,2026,1610612739,,,,,
22500228782,,Shot Chart Detail,22500228,782,1630596,Evan Mobley,1610612739,Cleveland Cavaliers,4,0,39,Missed Shot,Pullup Jump shot,3PT Field Goal,Above the Break 3,Right Side Center(RC),24+ ft.,25,120,224,1,0,20251115,CLE,MEM,28410,0,1628378|1629631|1629731|1630241|1630596,0,REG,2026,1610612739,,,,,
22500228784,,Shot Chart Detail,22500228,784,1630241,Sam Merrill,1610612739,Cleveland Cavaliers,4,0,38,Made Shot,Putback Layup Shot,2PT Field Goal,Restricted Area,Center(C),Less Than 8 ft.,1,-2,16,1,1,20251115,CLE,MEM,28420,0,1628378|1629631|1629731|1630241|1630596,0,REG,2026,1610612739,,,,,
225002417,,Shot Chart Detail,22500241,7,1630241,Sam Merrill,1610612739,Cleveland Cavaliers,1,11,46,Missed Shot,Jump Shot,3PT Field Goal,Above the Break 3,Left Side Center(LC),24+ ft.,25,-174,180,1,0,20251117,CLE,MIL,140,0,1628378|1628386|1629631|1630241|1630596,0,REG,2026,1610612739,,,,,
2250024113,,Shot Chart Detail,22500241,13,1628378,Donovan Mitchell,1610612739,Cleveland Cavaliers,1,11,14,Made Shot,Step Back Jump shot,2PT Field Goal,Mid-Range,Right Side Center(RC),16-24 ft.,19,142,132,1,1,20251117,CLE,MIL,460,0,1628378|1628386|1629631|1630241|1630596,1,REG,2026,1610612739,,,,,
2250024118,,Shot Chart Detail,22500241,18,1628386,Jarrett Allen,1610612739,Cleveland Cavaliers,1,10,35,Missed Shot,Reverse Layup Shot,2PT Field Goal,Restricted Area,Center(C),Less Than 8 ft.,2,-22,1,1,0,20251117,CLE,MIL,850,0,1628378|1628386|1629631|1630241|1630596,0,REG,2026,1610612739,,,,,
2250024123,,Shot Chart Detail,22500241,23,1628378,Donovan Mitchell,1610612739,Cleveland Cavaliers,1,10,4,Missed Shot,Pullup Jump shot,2PT Field Goal,Mid-Range,Center(C),16-24 ft.,20,34,205,1,0,20251117,CLE,MIL,1160,0,1628378|1628386|1629631|1630241|1630596,0,REG,2026,1610612739,,,,,
2250024128,,Shot Chart Detail,22500241,28,1629631,De'Andre Hunter,1610612739,Cleveland Cavaliers,1,9,36,Made Shot,Pullup Jump shot,2PT Field Goal,Mid-Range,Right Side(R),8-16 ft.,14,132,47,1,1,20251117,CLE,MIL,1440,0,1628378|1628386|1629631|1630241|1630596,1,REG,2026,1610612739,,,,,
2250024133,,Shot Chart Detail,22500241,33,1628386,Jarrett Allen,1610612739,Cleveland Cavaliers,1,9,8,Made Shot,Cutting Dunk Shot,2PT Field Goal,Restricted Area,Center(C),Less Than 8 ft.,3,-2,31,1,1,20251117,CLE,MIL,1720,0,1628378|1628386|1629631|1630241|1630596,1,REG,2026,1610612739,,,,,
2250024139,,Shot Chart Detail,22500241,39,1629631,De'Andre Hunter,1610612739,Cleveland Cavaliers,1,8,40,Missed Shot,Jump Shot,3PT Field Goal,Above the Break 3,Center(C),24+ ft.,25,75,246,1,0,20251117,CLE,MIL,2000,0,1628378|1628386|1629631|1630241|1630596,0,REG,2026,1610612739,,,,,
2250024151,,Shot Chart Detail,22500241,51,1628378,Donovan Mitchell,1610612739,Cleveland Cavaliers,1,7,55,Made Shot,Driving Layup Shot,2PT Field Goal,Restricted Area,Center(C),Less Than 8 ft.,1,7,16,1,1,20251117,CLE,MIL,2450,0,1628378|1628386|1629631|1630241|1630596,0,REG,2026,1610612739,,,,,
2250024175,,Shot Chart Detail,22500241,75,1630596,Evan Mobley,1610612739,Cleveland Cavaliers,1,6,47,Made Shot,Jump Shot,3PT Field Goal,Above the Break 3,Left Side Center(LC),24+ ft.,25,-82,239,1,1,20251117,CLE,MIL,3130,0,1628366|1629631|1629731|1630241|1630596,1,REG,2026,1610612739,,,,,
2250024183,,Shot Chart Detail,22500241,83,1628366,Lonzo Ball,1610612739,Cleveland Cavaliers,1,5,50,Missed Shot,Jump Shot,3PT Field Goal,Left Corner 3,Left Side(L),24+ ft.,23,-233,-11,1,0,20251117,CLE,MIL,3700,0,1628366|1629631|1629731|1630241|1630596,0,REG,2026,1610612739,,,,,
2250024192,,Shot Chart Detail,22500241,92,1630596,Evan Mobley,1610612739,Cleveland Cavaliers,1,5,7,Missed Shot,Driving Layup Shot,2PT Field Goal,Restricted Area,Center(C),Less Than 8 ft.,1,-2,15,1,0,20251117,CLE,MIL,4130,0,1628366|1629631|1629731|1630596|1641854,0,REG,2026,1610612739,,,,,
2250024196,,Shot Chart Detail,22500241,96,1629731,Dean Wade,1610612739,Cleveland Cavaliers,1,4,47,Made Shot,Jump Shot,3PT Field Goal,Above the Break 3,Right Side Center(RC),24+ ft.,25,229,120,1,1,20251117,CLE,MIL,4330,0,1628366|1629631|1629731|1630596|1641854,1,REG,2026,1610612739,,,,,
22500241106,,Shot Chart Detail,22500241,106,1628386,Jarrett Allen,1610612739,Cleveland Cavaliers,1,4,9,Missed Shot,Jump Shot,2PT Field Goal,Mid-Range,Right Side Center(RC),16-24 ft.,17,89,147,1,0,20251117,CLE,MIL,4710,0,1628366|1628378|1628386|1629731|1641854,0,REG,2026,1610612739,,,,,
22500241114,,Shot Chart Detail,22500241,114,1628378,Donovan Mitchell,1610612739,Cleveland Cavaliers,1,3,3,Made Shot,Step Back Jump shot,3PT Field Goal,Above the Break 3,Left Side Center(LC),24+ ft.,25,-123,225,1,1,20251117,CLE,MIL,5370,0,1628366|1628378|1628386|1629731|1641854,1,REG,2026,1610612739,,,,,
22500241118,,Shot Chart Detail,22500241,118,1628378,Donovan Mitchell,1610612739,Cleveland Cavaliers,1,2,32,Made Shot,Step Back Jump shot,3PT Field Goal,Above the Break 3,Right Side Center(RC),24+ ft.,26,211,161,1,1,20251117,CLE,MIL,5680,0,1628366|1628378|1628386|1629731|1641854,0,REG,2026,1610612739,,,,,
22500241121,,Shot Chart Detail,22500241,121,1641854,Craig Porter Jr.,1610612739,Cleveland Cavaliers,1,2,15,Made Shot,Running Layup Shot,2PT Field Goal,Restricted Area,Center(C),Less Than 8 ft.,0,-2,8,1,1,20251117,CLE,MIL,5850,0,1628366|1628378|1628386|1629731|1641854,0,REG,2026,1610612739,,,,,
22500241124,,Shot Chart Detail,22500241,124,1628378,Donovan Mitchell,1610612739,Cleveland Cavaliers,1,1,51,Missed Shot,Running Jump Shot,3PT Field Goal,Above the Break 3,Right Side Center(RC),24+ ft.,26,159,211,1,0,20251117,CLE,MIL,6090,0,1628366|1628378|1628386|1629731|1641854,0,REG,2026,1610612739,,,,,
22500241128,,Shot Chart Detail,22500241,128,1628378,Donovan Mitchell,1610612739,Cleveland Cavaliers,1,1,15,Made Shot,Driving Layup Shot,2PT Field Goal,Restricted Area,Center(C),Less Than 8 ft.,1,-6,13,1,1,20251117,CLE,MIL,6450,0,1628366|1628378|1628386|1629731|1641854,0,REG,2026,1610612739,,,,,
22500241134,,Shot Chart Detail,22500241,134,1628378,Donovan Mitchell,1610612739,Cleveland Cavaliers,1,0,38,Missed Shot,Step Back Jump shot,2PT Field Goal,Mid-Range,Right Side Center(RC),16-24 ft.,22,162,161,1,0,20251117,CLE,MIL,6820,0,1628366|1628378|1628386|1629731|1641854,0,REG,2026,1610612739,,,,,
22500241139,,Shot Chart Detail,22500241,139,1630596,Evan Mobley,1610612739,Cleveland Cavaliers,1,0,33,Missed Shot,Driving Floating Bank Jump Shot,2PT Field Goal,In The Paint (Non-RA),Center(C),Less Than 8 ft.,7,61,42,1,0,20251117,CLE,MIL,6870,0,1628366|1628378|1629731|1630596|1641854,0,REG,2026,1610612739,,,,,
22500241143,,Shot Chart Detail,22500241,143,1630596,Evan Mobley,1610612739,Cleveland Cavaliers,1,0,7,Missed Shot,Jump Shot,3PT Field Goal,Backcourt,Back Court(BC),Back Court Shot,61,-12,610,1,0,20251117,CLE,MIL,7130,0,1628366|1628378|1629731|1630596|1641854,0,REG,2026,1610612739,,,,,
22500241170,,Shot Chart Detail,22500241,170,1628378,Donovan Mitchell,1610612739,Cleveland Cavaliers,2,10,32,Made Shot,Pullup Jump shot,2PT Field Goal,In The Paint (Non-RA),Center(C),8-16 ft.,12,-64,111,1,1,20251117,CLE,MIL,8080,0,1628378|1628418|1630241|1630596|1641772,0,REG,2026,1610612739,,,,,
22500241173,,Shot Chart Detail,22500241,173,1628378,Donovan Mitchell,1610612739,Cleveland Cavaliers,2,9,57,Made Shot,Driving Reverse Layup Shot,2PT Field Goal,Restricted Area,Center(C),Less Than 8 ft.,0,2,6,1,1,20251117,CLE,MIL,8430,0,1628378|1628418|1630241|1630596|1641772,0,REG,2026,1610612739,,,,,
22500241179,,Shot Chart Detail,22500241,179,1628378,Donovan Mitchell,1610612739,Cleveland Cavaliers,2,9,19,Made Shot,Pullup Jump shot,3PT Field Goal,Above the Break 3,Center(C),24+ ft.,29,43,288,1,1,20251117,CLE,MIL,8810,0,1628378|1628418|1630241|1630596|1641772,0,REG,2026,1610612739,,,,,
22500241182,,Shot Chart Detail,22500241,182,1630241,Sam Merrill,1610612739,Cleveland Cavaliers,2,8,57,Missed Shot,Pullup Jump shot,3PT Field Goal,Above the Break 3,Center(C),24+ ft.,26,0,263,1,0,20251117,CLE,MIL,9030,0,1628378|1628418|1630241|1630596|1641772,0,REG,2026,1610612739,,,,,
22500241191,,Shot Chart Detail,22500241,191,1641772,Nae'Qwan Tomlin,1610612739,Cleveland Cavaliers,2,8,28,Missed Shot,Jump Shot,3PT Field Goal,Above the Break 3,Left Side Center(LC),24+ ft.,24,-206,134,1,0,20251117,CLE,MIL,9320,0,1628378|1628418|1630241|1630596|1641772,0,REG,2026,1610612739,,,,,
22500241196,,Shot Chart Detail,22500241,196,1628378,Donovan Mitchell,1610612739,Cleveland Cavaliers,2,8,4,Made Shot,Running Finger Roll Layup Shot,2PT Field Goal,Restricted Area,Center(C),Less Than 8 ft.,1,1,19,1,1,20251117,CLE,MIL,9560,0,1628378|1628418|1630241|1630596|1641772,0,REG,2026,1610612739,,,,,
22500241228,,Shot Chart Detail,22500241,228,1630241,Sam Merrill,1610612739,Cleveland Cavaliers,2,7,18,Made Shot,Running Jump Shot,3PT Field Goal,Above the Break 3,Left Side Center(LC),24+ ft.,24,-218,117,1,1,20251117,CLE,MIL,10020,0,1628366|1628386|1629731|1630241|1641772,1,REG,2026,1610612739,,,,,
22500241238,,Shot Chart Detail,22500241,238,1628366,Lonzo Ball,1610612739,Cleveland Cavaliers,2,6,47,Missed Shot,Driving Finger Roll Layup Shot,2PT Field Goal,Restricted Area,Center(C),Less Than 8 ft.,1,1,16,1,0,20251117,CLE,MIL,10330,0,1628366|1628386|1629731|1630241|1641772,0,REG,2026,1610612739,,,,,
22500241240,,Shot Chart Detail,22500241,240,1628386,Jarrett Allen,1610612739,Cleveland Cavaliers,2,6,43,Made Shot,Tip Layup Shot,2PT Field Goal,Restricted Area,Center(C),Less Than 8 ft.,0,0,0,1,1,20251117,CLE,MIL,10370,0,1628366|1628386|1629731|1630241|1641772,0,REG,2026,1610612739,,,,,
22500241253,,Shot Chart Detail,22500241,253,1629731,Dean Wade,1610612739,Cleveland Cavaliers,2,5,47,Missed Shot,Jump Shot,3PT Field Goal,Above the Break 3,Center(C),24+ ft.,24,-9,248,1,0,20251117,CLE,MIL,10930,0,1628366|1628386|1629731|1630241|1641772,0,REG,2026,1610612739,,,,,
22500241263,,Shot Chart Detail,22500241,263,1628386,Jarrett Allen,1610612739,Cleveland Cavaliers,2,5,20,Missed Shot,Turnaround Bank Hook Shot,2PT Field Goal,In The Paint (Non-RA),Center(C),Less Than 8 ft.,5,44,24,1,0,20251117,CLE,MIL,11200,0,1628366|1628386|1629631|1629731|1641854,0,REG,2026,1610612739,,,,,
22500241269,,Shot Chart Detail,22500241,269,1628386,Jarrett Allen,1610612739,Cleveland Cavaliers,2,4,57,Made Shot,Driving Layup Shot,2PT Field Goal,Restricted Area,Center(C),Less Than 8 ft.,0,-2,6,1,1,20251117,CLE,MIL,11430,0,1628366|1628386|1629631|1629731|1641854,0,REG,2026,1610612739,,,,,
22500241273,,Shot Chart Detail,22500241,273,1628366,Lonzo Ball,1610612739,Cleveland Cavaliers,2,4,19,Missed Shot,Jump Shot,3PT Field Goal,Left Corner 3,Left Side(L),24+ ft.,23,-232,26,1,0,20251117,CLE,MIL,11810,0,1628366|1628386|1629631|1629731|1641854,0,REG,2026,1610612739,,,,,
22500241313,,Shot Chart Detail,22500241,313,1628386,Jarrett Allen,1610612739,Cleveland Cavaliers,2,2,35,Made Shot,Dunk Shot,2PT Field Goal,Restricted Area,Center(C),Less Than 8 ft.,1,5,14,1,1,20251117,CLE,MIL,12850,0,1628378|1628386|1629631|1630596|1641854,1,REG,2026,1610612739,,,,,
22500241320,,Shot Chart Detail,22500241,320,1629631,De'Andre Hunter,1610612739,Cleveland Cavaliers,2,2,5,Made Shot,Pullup Jump shot,2PT Field Goal,In The Paint (Non-RA),Left Side(L),8-16 ft.,12,-62,105,1,1,20251117,CLE,MIL,13150,0,1628378|1628386|1629631|1630596|1641854,1,REG,2026,1610612739,,,,,
22500241333,,Shot Chart Detail,22500241,333,1628378,Donovan Mitchell,1610612739,Cleveland Cavaliers,2,1,34,Made Shot,Driving Floating Jump Shot,2PT Field Goal,In The Paint (Non-RA),Right Side(R),8-16 ft.,12,67,104,1,1,20251117,CLE,MIL,13460,0,1628378|1628386|1629631|1630596|1641854,0,REG,2026,1610612739,,,,,
22500241338,,Shot Chart Detail,22500241,338,1629631,De'Andre Hunter,1610612739,Cleveland Cavaliers,2,0,45,Made Shot,Driving Reverse Layup Shot,2PT Field Goal,Restricted Area,Center(C),Less Than 8 ft.,0,0,4,1,1,20251117,CLE,MIL,13950,0,1628378|1628386|1629631|1630596|1641854,1,REG,2026,1610612739,,,,,
22500241344,,Shot Chart Detail,22500241,344,1629631,De'Andre Hunter,1610612739,Cleveland Cavaliers,2,0,1,Missed Shot,Pullup Jump shot,2PT Field Goal,Mid-Range,Center(C),16-24 ft.,17,-37,167,1,0,20251117,CLE,MIL,14390,0,1628378|1628386|1629631|1630596|1641854,0,REG,2026,1610612739,,,,,
22500241360,,Shot Chart Detail,22500241,360,1630241,Sam Merrill,1610612739,Cleveland Cavaliers,3,11,23,Made Shot,Jump Shot,3PT Field Goal,Above the Break 3,Left Side Center(LC),24+ ft.,25,-153,206,1,1,20251117,CLE,MIL,14770,0,1628378|1628386|1629631|1630241|1630596,1,REG,2026,1610612739,,,,,
22500241364,,Shot Chart Detail,22500241,364,1630241,Sam Merrill,1610612739,Cleveland Cavaliers,3,10,57,Made Shot,Jump Shot,3PT Field Goal,Left Corner 3,Left Side(L),24+ ft.,24,-243,8,1,1,20251117,CLE,MIL,15030,0,1628378|1628386|1629631|1630241|1630596,1,REG,2026,1610612739,,,,,
22500241371,,Shot Chart Detail,22500241,371,1630596,Evan Mobley,1610612739,Cleveland Cavaliers,3,10,19,Missed Shot,Driving Hook Shot,2PT Field Goal,In The Paint (Non-RA),Center(C),8-16 ft.,9,-32,91,1,0,20251117,CLE,MIL,15410,0,1628378|1628386|1629631|1630241|1630596,0,REG,2026,1610612739,,,,,
22500241375,,Shot Chart Detail,22500241,375,1629631,De'Andre Hunter,1610612739,Cleveland Cavaliers,3,9,50,Made Shot,Pullup Jump shot,3PT Field Goal,Above the Break 3,Center(C),24+ ft.,25,20,257,1,1,20251117,CLE,MIL,15700,0,1628378|1628386|1629631|1630241|1630596,0,REG,2026,1610612739,,,,,
22500241378,,Shot Chart Detail,22500241,378,1629631,De'Andre Hunter,1610612739,Cleveland Cavaliers,3,9,20,Missed Shot,Driving Finger Roll Layup Shot,2PT Field Goal,Restricted Area,Center(C),Less Than 8 ft.,1,11,10,1,0,20251117,CLE,MIL,16000,0,1628378|1628386|1629631|1630241|1630596,0,REG,2026,1610612739,,,,,
22500241382,,Shot Chart Detail,22500241,382,1628378,Donovan Mitchell,1610612739,Cleveland Cavaliers,3,9,1,Missed Shot,Running Pull-Up Jump Shot,3PT Field Goal,Above the Break 3,Left Side Center(LC),24+ ft.,25,-135,222,1,0,20251117,CLE,MIL,16190,0,1628378|1628386|1629631|1630241|1630596,0,REG,2026,1610612739,,,,,
22500241387,,Shot Chart Detail,22500241,387,1628378,Donovan Mitchell,1610612739,Cleveland Cavaliers,3,8,35,Made Shot,Running Finger Roll Layup Shot,2PT Field Goal,Restricted Area,Center(C),Less Than 8 ft.,0,4,4,1,1,20251117,CLE,MIL,16450,0,1628378|1628386|1629631|1630241|1630596,0,REG,2026,1610612739,,,,,
22500241391,,Shot Chart Detail,22500241,391,1630596,Evan Mobley,1610612739,Cleveland Cavaliers,3,8,1,Missed Shot,Jump Shot,2PT Field Goal,Mid-Range,Center(C),8-16 ft.,14,18,144,1,0,20251117,CLE,MIL,16790,0,1628378|1628386|1629631|1630241|1630596,0,REG,2026,1610612739,,,,,
22500241408,,Shot Chart Detail,22500241,408,1629631,De'Andre Hunter,1610612739,Cleveland Cavaliers,3,7,21,Made Shot,Driving Floating Bank Jump Shot,2PT Field Goal,In The Paint (Non-RA),Right Side(R),8-16 ft.,8,76,29,1,1,20251117,CLE,MIL,17190,0,1628366|1629631|1629731|1630241|1630596,0,REG,2026,1610612739,,,,,
22500241432,,Shot Chart Detail,22500241,432,1630596,Evan Mobley,1610612739,Cleveland Cavaliers,3,5,46,Made Shot,Driving Layup Shot,2PT Field Goal,Restricted Area,Center(C),Less Than 8 ft.,1,-10,5,1,1,20251117,CLE,MIL,18140,0,1628366|1629631|1629731|1630596|1641854,0,REG,2026,1610612739,,,,,
22500241435,,Shot Chart Detail,22500241,435,1641854,Craig Porter Jr.,1610612739,Cleveland Cavaliers,3,5,25,Made Shot,Running Dunk Shot,2PT Field Goal,Restricted Area,Center(C),Less Than 8 ft.,0,-4,-5,1,1,20251117,CLE,MIL,18350,0,1628366|1629631|1629731|1630596|1641854,0,REG,2026,1610612739,,,,,
22500241438,,Shot Chart Detail,22500241,438,1629631,De'Andre Hunter,1610612739,Cleveland Cavaliers,3,4,58,Missed Shot,Pullup Jump shot,3PT Field Goal,Above the Break 3,Right Side Center(RC),24+ ft.,25,227,112,1,0,20251117,CLE,MIL,18620,0,1628366|1629631|1629731|1630596|1641854,0,REG,2026,1610612739,,,,,
22500241442,,Shot Chart Detail,22500241,442,1629631,De'Andre Hunter,1610612739,Cleveland Cavaliers,3,4,37,Missed Shot,Running Finger Roll Layup Shot,2PT Field Goal,Restricted Area,Center(C),Less Than 8 ft.,0,-1,8,1,0,20251117,CLE,MIL,18830,0,1628366|1629631|1629731|1630596|1641854,0,REG,2026,1610612739,,,,,
22500241453,,Shot Chart Detail,22500241,453,1628366,Lonzo Ball,1610612739,Cleveland Cavaliers,3,3,58,Missed Shot,Jump Shot,3PT Field Goal,Left Corner 3,Left Side(L),24+ ft.,23,-237,-20,1,0,20251117,CLE,MIL,19220,0,1628366|1628378|1628386|1629731|1641854,0,REG,2026,1610612739,,,,,
22500241460,,Shot Chart Detail,22500241,460,1628378,Donovan Mitchell,1610612739,Cleveland Cavaliers,3,3,24,Missed Shot,Driving Floating Bank Jump Shot,2PT Field Goal,In The Paint (Non-RA),Center(C),Less Than 8 ft.,7,70,18,1,0,20251117,CLE,MIL,19560,0,1628366|1628378|1628386|1629731|1641854,0,REG,2026,1610612739,,,,,
22500241462,,Shot Chart Detail,22500241,462,1641854,Craig Porter Jr.,1610612739,Cleveland Cavaliers,3,3,18,Made Shot,Pullup Jump shot,2PT Field Goal,In The Paint (Non-RA),Center(C),8-16 ft.,13,16,131,1,1,20251117,CLE,MIL,19620,0,1628366|1628378|1628386|1629731|1641854,1,REG,2026,1610612739,,,,,
22500241465,,Shot Chart Detail,22500241,465,1628378,Donovan Mitchell,1610612739,Cleveland Cavaliers,3,2,54,Missed Shot,Driving Finger Roll Layup Shot,2PT Field Goal,In The Paint (Non-RA),Center(C),Less Than 8 ft.,4,-43,21,1,0,20251117,CLE,MIL,19860,0,1628366|1628378|1628386|1629731|1641854,0,REG,2026,1610612739,,,,,
22500241468,,Shot Chart Detail,22500241,468,1628366,Lonzo Ball,1610612739,Cleveland Cavaliers,3,2,31,Made Shot,Cutting Layup Shot,2PT Field Goal,Restricted Area,Center(C),Less Than 8 ft.,0,6,7,1,1,20251117,CLE,MIL,20090,0,1628366|1628378|1628386|1629731|1641854,1,REG,2026,1610612739,,,,,
22500241489,,Shot Chart Detail,22500241,489,1628378,Donovan Mitchell,1610612739,Cleveland Cavaliers,3,1,16,Made Shot,Jump Shot,3PT Field Goal,Above the Break 3,Right Side Center(RC),24+ ft.,25,205,159,1,1,20251117,CLE,MIL,20840,0,1628366|1628378|1628386|1629731|1641854,0,REG,2026,1610612739,,,,,
22500241492,,Shot Chart Detail,22500241,492,1628366,Lonzo Ball,1610612739,Cleveland Cavaliers,3,0,44,Made Shot,Step Back Jump shot,3PT Field Goal,Above the Break 3,Right Side Center(RC),24+ ft.,25,212,134,1,1,20251117,CLE,MIL,21160,0,1628366|1628378|1628386|1629731|1641854,1,REG,2026,1610612739,,,,,
22500241495,,Shot Chart Detail,22500241,495,1628378,Donovan Mitchell,1610612739,Cleveland Cavaliers,3,0,5,Made Shot,Driving Reverse Layup Shot,2PT Field Goal,Restricted Area,Center(C),Less Than 8 ft.,1,-6,10,1,1,20251117,CLE,MIL,21550,0,1628366|1628378|1628386|1629731|1641854,0,REG,2026,1610612739,,,,,
22500241498,,Shot Chart Detail,22500241,498,1641854,Craig Porter Jr.,1610612739,Cleveland Cavaliers,3,0,0,Made Shot,Cutting Layup Shot,2PT Field Goal,Restricted Area,Center(C),Less Than 8 ft.,0,-4,-5,1,1,20251117,CLE,MIL,21600,0,1628366|1628378|1628386|1629731|1641854,1,REG,2026,1610612739,,,,,
22500241511,,Shot Chart Detail,22500241,511,1628378,Donovan Mitchell,1610612739,Cleveland Cavaliers,4,11,11,Missed Shot,Step Back Jump shot,3PT Field Goal,Right Corner 3,Right Side(R),24+ ft.,25,237,83,1,0,20251117,CLE,MIL,22090,0,1628378|1628418|1630596|1641772|1641854,0,REG,2026,1610612739,,,,,
22500241516,,Shot Chart Detail,22500241,516,1641854,Craig Porter Jr.,1610612739,Cleveland Cavaliers,4,10,30,Made Shot,Pullup Jump shot,3PT Field Goal,Above the Break 3,Right Side Center(RC),24+ ft.,25,205,144,1,1,20251117,CLE,MIL,22500,0,1628378|1628418|1630596|1641772|1641854,1,REG,2026,1610612739,,,,,
22500241520,,Shot Chart Detail,22500241,520,1641854,Craig Porter Jr.,1610612739,Cleveland Cavaliers,4,10,1,Missed Shot,Running Pull-Up Jump Shot,3PT Field Goal,Above the Break 3,Right Side Center(RC),24+ ft.,25,202,149,1,0,20251117,CLE,MIL,22790,0,1628378|1628418|1630596|1641772|1641854,0,REG,2026,1610612739,,,,,
22500241523,,Shot Chart Detail,22500241,523,1628418,Thomas Bryant,1610612739,Cleveland Cavaliers,4,9,48,Missed Shot,Jump Shot,3PT Field Goal,Above the Break 3,Left Side Center(LC),24+ ft.,25,-180,185,1,0,20251117,CLE,MIL,22920,0,1628378|1628418|1630596|1641772|1641854,0,REG,2026,1610612739,,,,,
22500241539,,Shot Chart Detail,22500241,539,1641772,Nae'Qwan Tomlin,1610612739,Cleveland Cavaliers,4,9,2,Made Shot,Running Reverse Layup Shot,2PT Field Goal,Restricted Area,Center(C),Less Than 8 ft.,0,-4,2,1,1,20251117,CLE,MIL,23380,0,1628378|1629731|1630241|1630596|1641772,1,REG,2026,1610612739,,,,,
22500241544,,Shot Chart Detail,22500241,544,1630241,Sam Merrill,1610612739,Cleveland Cavaliers,4,8,29,Made Shot,Jump Shot,3PT Field Goal,Above the Break 3,Left Side Center(LC),24+ ft.,26,-219,141,1,1,20251117,CLE,MIL,23710,0,1628378|1629731|1630241|1630596|1641772,1,REG,2026,1610612739,,,,,
22500241555,,Shot Chart Detail,22500241,555,1628366,Lonzo Ball,1610612739,Cleveland Cavaliers,4,7,53,Missed Shot,Step Back Bank Jump Shot,3PT Field Goal,Above the Break 3,Left Side Center(LC),24+ ft.,26,-230,134,1,0,20251117,CLE,MIL,24070,0,1628366|1629731|1630241|1630596|1641772,0,REG,2026,1610612739,,,,,
22500241559,,Shot Chart Detail,22500241,559,1630241,Sam Merrill,1610612739,Cleveland Cavaliers,4,7,31,Made Shot,Jump Shot,3PT Field Goal,Above the Break 3,Right Side Center(RC),24+ ft.,26,233,118,1,1,20251117,CLE,MIL,24290,0,1628366|1629731|1630241|1630596|1641772,1,REG,2026,1610612739,,,,,
22500241566,,Shot Chart Detail,22500241,566,1630241,Sam Merrill,1610612739,Cleveland Cavaliers,4,6,59,Missed Shot,Jump Shot,3PT Field Goal,Above the Break 3,Left Side Center(LC),24+ ft.,25,-185,181,1,0,20251117,CLE,MIL,24610,0,1628366|1629731|1630241|1630596|1641772,0,REG,2026,1610612739,,,,,
22500241570,,Shot Chart Detail,22500241,570,1630596,Evan Mobley,1610612739,Cleveland Cavaliers,4,6,35,Made Shot,Driving Layup Shot,2PT Field Goal,Restricted Area,Center(C),Less Than 8 ft.,0,5,6,1,1,20251117,CLE,MIL,24850,0,1628366|1629731|1630241|1630596|1641772,1,REG,2026,1610612739,,,,,
22500241576,,Shot Chart Detail,22500241,576,1630241,Sam Merrill,1610612739,Cleveland Cavaliers,4,6,1,Made Shot,Jump Shot,3PT Field Goal,Above the Break 3,Left Side Center(LC),24+ ft.,25,-218,134,1,1,20251117,CLE,MIL,25190,0,1628366|1628378|1629731|1630241|1630596,1,REG,2026,1610612739,,,,,
22500241580,,Shot Chart Detail,22500241,580,1628366,Lonzo Ball,1610612739,Cleveland Cavaliers,4,5,23,Missed Shot,Jump Shot,3PT Field Goal,Above the Break 3,Left Side Center(LC),24+ ft.,29,-228,180,1,0,20251117,CLE,MIL,25570,0,1628366|1628378|1629731|1630241|1630596,0,REG,2026,1610612739,,,,,
22500241612,,Shot Chart Detail,22500241,612,1629731,Dean Wade,1610612739,Cleveland Cavaliers,4,3,34,Made Shot,Cutting Dunk Shot,2PT Field Goal,Restricted Area,Center(C),Less Than 8 ft.,0,5,6,1,1,20251117,CLE,MIL,26660,0,1628378|1629631|1629731|1630241|1630596,1,REG,2026,1610612739,,,,,
22500241615,,Shot Chart Detail,22500241,615,1628378,Donovan Mitchell,1610612739,Cleveland Cavaliers,4,3,9,Made Shot,Driving Layup Shot,2PT Field Goal,Restricted Area,Center(C),Less Than 8 ft.,1,6,10,1,1,20251117,CLE,MIL,26910,0,1628378|1629631|1629731|1630241|1630596,0,REG,2026,1610612739,,,,,
22500241618,,Shot Chart Detail,22500241,618,1630596,Evan Mobley,1610612739,Cleveland Cavaliers,4,2,48,Made Shot,Dunk Shot,2PT Field Goal,Restricted Area,Center(C),Less Than 8 ft.,0,-5,4,1,1,20251117,CLE,MIL,27120,0,1628378|1629631|1629731|1630241|1630596,1,REG,2026,1610612739,,,,,
22500241623,,Shot Chart Detail,22500241,623,1629631,De'Andre Hunter,1610612739,Cleveland Cavaliers,4,2,8,Missed Shot,Jump Shot,3PT Field Goal,Above the Break 3,Left Side Center(LC),24+ ft.,25,-230,107,1,0,20251117,CLE,MIL,27520,0,1628378|1629631|1629731|1630241|1630596,0,REG,2026,1610612739,,,,,
22500241627,,Shot Chart Detail,22500241,627,1630241,Sam Merrill,1610612739,Cleveland Cavaliers,4,1,38,Made Shot,Driving Layup Shot,2PT Field Goal,Restricted Area,Center(C),Less Than 8 ft.,1,9,11,1,1,20251117,CLE,MIL,27820,0,1628378|1629631|1629731|1630241|1630596,1,REG,2026,1610612739,,,,,
22500241631,,Shot Chart Detail,22500241,631,1628378,Donovan Mitchell,1610612739,Cleveland Cavaliers,4,1,4,Missed Shot,Step Back Jump shot,3PT Field Goal,Above the Break 3,Left Side Center(LC),24+ ft.,29,-207,205,1,0,20251117,CLE,MIL,28160,0,1628378|1629631|1629731|1630241|1630596,0,REG,2026,1610612739,,,,,
225002557,,Shot Chart Detail,22500255,7,1641772,Nae'Qwan Tomlin,1610612739,Cleveland Cavaliers,1,11,42,Missed Shot,Jump Shot,3PT Field Goal,Above the Break 3,Left Side Center(LC),24+ ft.,26,-208,156,1,0,20251119,CLE,HOU,180,0,1628378|1628386|1629631|1630596|1641772,0,REG,2026,1610612739,,,,,
2250025515,,Shot Chart Detail,22500255,15,1628386,Jarrett Allen,1610612739,Cleveland Cavaliers,1,11,5,Missed Shot,Driving Floating Jump Shot,2PT Field Goal,In The Paint (Non-RA),Center(C),8-16 ft.,9,-38,84,1,0,20251119,CLE,HOU,550,0,1628378|1628386|1629631|1630596|1641772,0,REG,2026,1610612739,,,,,
2250025539,,Shot Chart Detail,22500255,39,1629631,De'Andre Hunter,1610612739,Cleveland Cavaliers,1,9,31,Made Shot,Jump Shot,3PT Field Goal,Right Corner 3,Right Side(R),24+ ft.,23,229,29,1,1,20251119,CLE,HOU,1490,0,1628378|1628386|1629631|1630596|1641772,1,REG,2026,1610612739,,,,,
2250025544,,Shot Chart Detail,22500255,44,1629631,De'Andre Hunter,1610612739,Cleveland Cavaliers,1,9,3,Made Shot,Pullup Jump shot,3PT Field Goal,Above the Break 3,Center(C),24+ ft.,24,21,246,1,1,20251119,CLE,HOU,1770,0,1628378|1628386|1629631|1630596|1641772,0,REG,2026,1610612739,,,,,
2250025546,,Shot Chart Detail,22500255,46,1629631,De'Andre Hunter,1610612739,Cleveland Cavaliers,1,8,16,Made Shot,Pullup Jump shot,2PT Field Goal,In The Paint (Non-RA),Center(C),8-16 ft.,13,17,138,1,1,20251119,CLE,HOU,2240,0,1628378|1628386|1629631|1630596|1641772,0,REG,2026,1610612739,,,,,
2250025548,,Shot Chart Detail,22500255,48,1628386,Jarrett Allen,1610612739,Cleveland Cavaliers,1,7,49,Missed Shot,Cutting Layup Shot,2PT Field Goal,In The Paint (Non-RA),Center(C),Less Than 8 ft.,5,51,8,1,0,20251119,CLE,HOU,2510,0,1628378|1628386|1629631|1630596|1641772,0,REG,2026,1610612739,,,,,
2250025550,,Shot Chart Detail,22500255,50,1628378,Donovan Mitchell,1610612739,Cleveland Cavaliers,1,7,44,Missed Shot,Jump Shot,3PT Field Goal,Above the Break 3,Right Side Center(RC),24+ ft.,27,186,206,1,0,20251119,CLE,HOU,2560,0,1628378|1628386|1629631|1630596|1641772,0,REG,2026,1610612739,,,,,
2250025554,,Shot Chart Detail,22500255,54,1628378,Donovan Mitchell,1610612739,Cleveland Cavaliers,1,7,30,Made Shot,Driving Floating Jump Shot,2PT Field Goal,In The Paint (Non-RA),Center(C),Less Than 8 ft.,6,33,52,1,1,20251119,CLE,HOU,2700,0,1628378|1628386|1629631|1630596|1641772,0,REG,2026,1610612739,,,,,
2250025556,,Shot Chart Detail,22500255,56,1630596,Evan Mobley,1610612739,Cleveland Cavaliers,1,6,56,Made Shot,Driving Hook Shot,2PT Field Goal,In The Paint (Non-RA),Right Side(R),8-16 ft.,10,67,85,1,1,20251119,CLE,HOU,3040,0,1628378|1628386|1629631|1630596|1641772,0,REG,2026,1610612739,,,,,
2250025560,,Shot Chart Detail,22500255,60,1628378,Donovan Mitchell,1610612739,Cleveland Cavaliers,1,6,32,Missed Shot,Running Pull-Up Jump Shot,3PT Field Goal,Above the Break 3,Left Side Center(LC),24+ ft.,25,-205,146,1,0,20251119,CLE,HOU,3280,0,1628378|1628386|1629631|1630596|1641772,0,REG,2026,1610612739,,,,,
2250025565,,Shot Chart Detail,22500255,65,1630596,Evan Mobley,1610612739,Cleveland Cavaliers,1,6,5,Made Shot,Turnaround Fadeaway shot,2PT Field Goal,In The Paint (Non-RA),Left Side(L),8-16 ft.,8,-44,75,1,1,20251119,CLE,HOU,3550,0,1628378|1628386|1629631|1630596|1641772,1,REG,2026,1610612739,,,,,
2250025585,,Shot Chart Detail,22500255,85,1628366,Lonzo Ball,1610612739,Cleveland Cavaliers,1,5,34,Missed Shot,Pullup Jump shot,3PT Field Goal,Above the Break 3,Left Side Center(LC),24+ ft.,24,-137,204,1,0,20251119,CLE,HOU,3860,0,1628366|1628386|1629731|1641772|1641854,0,REG,2026,1610612739,,,,,
2250025590,,Shot Chart Detail,22500255,90,1629731,Dean Wade,1610612739,Cleveland Cavaliers,1,5,7,Missed Shot,Jump Shot,3PT Field Goal,Left Corner 3,Left Side(L),24+ ft.,23,-233,-11,1,0,20251119,CLE,HOU,4130,0,1628366|1628386|1629731|1641772|1641854,0,REG,2026,1610612739,,,,,
2250025594,,Shot Chart Detail,22500255,94,1629731,Dean Wade,1610612739,Cleveland Cavaliers,1,4,42,Missed Shot,Jump Shot,3PT Field Goal,Above the Break 3,Left Side Center(LC),24+ ft.,24,-212,121,1,0,20251119,CLE,HOU,4380,0,1628366|1628386|1629731|1641772|1641854,0,REG,2026,1610612739,,,,,
2250025599,,Shot Chart Detail,22500255,99,1641772,Nae'Qwan Tomlin,1610612739,Cleveland Cavaliers,1,4,10,Missed Shot,Jump Shot,3PT Field Goal,Left Corner 3,Left Side(L),24+ ft.,24,-244,-15,1,0,20251119,CLE,HOU,4700,0,1628366|1628386|1629731|1641772|1641854,0,REG,2026,1610612739,,,,,
22500255104,,Shot Chart Detail,22500255,104,1628386,Jarrett Allen,1610612739,Cleveland Cavaliers,1,3,44,Missed Shot,Driving Layup Shot,2PT Field Goal,Restricted Area,Center(C),Less Than 8 ft.,0,-4,8,1,0,20251119,CLE,HOU,4960,0,1628366|1628386|1629731|1641772|1641854,0,REG,2026,1610612739,,,,,
22500255116,,Shot Chart Detail,22500255,116,1628378,Donovan Mitchell,1610612739,Cleveland Cavaliers,1,3,19,Missed Shot,Jump Shot,3PT Field Goal,Above the Break 3,Center(C),24+ ft.,26,-5,260,1,0,20251119,CLE,HOU,5210,0,1628366|1628378|1629731|1630596|1641854,0,REG,2026,1610612739,,,,,
22500255118,,Shot Chart Detail,22500255,118,1629731,Dean Wade,1610612739,Cleveland Cavaliers,1,3,8,Missed Shot,Cutting Layup Shot,2PT Field Goal,Restricted Area,Center(C),Less Than 8 ft.,2,-25,-6,1,0,20251119,CLE,HOU,5320,0,1628366|1628378|1629731|1630596|1641854,0,REG,2026,1610612739,,,,,
22500255136,,Shot Chart Detail,22500255,136,1641854,Craig Porter Jr.,1610612739,Cleveland Cavaliers,1,1,44,Made Shot,Jump Shot,3PT Field Goal,Right Corner 3,Right Side(R),24+ ft.,22,225,24,1,1,20251119,CLE,HOU,6160,0,1628366|1628378|1629731|1630596|1641854,1,REG,2026,1610612739,,,,,
22500255140,,Shot Chart Detail,22500255,140,1630596,Evan Mobley,1610612739,Cleveland Cavaliers,1,1,7,Missed Shot,Jump Shot,3PT Field Goal,Above the Break 3,Left Side Center(LC),24+ ft.,24,-114,222,1,0,20251119,CLE,HOU,6530,0,1628366|1628378|1629731|1630596|1641854,0,REG,2026,1610612739,,,,,
22500255145,,Shot Chart Detail,22500255,145,1628378,Donovan Mitchell,1610612739,Cleveland Cavaliers,1,0,35,Missed Shot,Driving Finger Roll Layup Shot,2PT Field Goal,Restricted Area,Center(C),Less Than 8 ft.,1,-13,-2,1,0,20251119,CLE,HOU,6850,0,1628366|1628378|1629731|1630596|1641854,0,REG,2026,1610612739,,,,,
22500255173,,Shot Chart Detail,22500255,173,1628418,Thomas Bryant,1610612739,Cleveland Cavaliers,2,11,27,Missed Shot,Driving Layup Shot,2PT Field Goal,Restricted Area,Center(C),Less Than 8 ft.,2,7,29,1,0,20251119,CLE,HOU,7530,0,1628378|1628418|1630596|1641854|1642878,0,REG,2026,1610612739,,,,,
22500255178,,Shot Chart Detail,22500255,178,1630596,Evan Mobley,1610612739,Cleveland Cavaliers,2,10,58,Made Shot,Cutting Dunk Shot,2PT Field Goal,Restricted Area,Center(C),Less Than 8 ft.,0,-1,-6,1,1,20251119,CLE,HOU,7820,0,1628378|1628418|1630596|1641854|1642878,1,REG,2026,1610612739,,,,,
22500255189,,Shot Chart Detail,22500255,189,1630596,Evan Mobley,1610612739,Cleveland Cavaliers,2,10,1,Made Shot,Driving Layup Shot,2PT Field Goal,Restricted Area,Center(C),Less Than 8 ft.,0,-2,8,1,1,20251119,CLE,HOU,8390,0,1628378|1628418|1630596|1641854|1642878,1,REG,2026,1610612739,,,,,
22500255197,,Shot Chart Detail,22500255,197,1630596,Evan Mobley,1610612739,Cleveland Cavaliers,2,9,30,Missed Shot,Jump Shot,3PT Field Goal,Above the Break 3,Center(C),24+ ft.,25,21,250,1,0,20251119,CLE,HOU,8700,0,1628378|1628418|1630596|1641854|1642878,0,REG,2026,1610612739,,,,,
22500255210,,Shot Chart Detail,22500255,210,1642878,Tyrese Proctor,1610612739,Cleveland Cavaliers,2,8,47,Missed Shot,Driving Floating Jump Shot,2PT Field Goal,Mid-Range,Right Side(R),8-16 ft.,8,81,26,1,0,20251119,CLE,HOU,9130,0,1628378|1628418|1630596|1641854|1642878,0,REG,2026,1610612739,,,,,
22500255231,,Shot Chart Detail,22500255,231,1641772,Nae'Qwan Tomlin,1610612739,Cleveland Cavaliers,2,7,52,Made Shot,Turnaround Jump Shot,2PT Field Goal,In The Paint (Non-RA),Center(C),Less Than 8 ft.,4,0,46,1,1,20251119,CLE,HOU,9680,0,1628366|1628386|1629631|1641772|1642878,1,REG,2026,1610612739,,,,,
22500255234,,Shot Chart Detail,22500255,234,1641772,Nae'Qwan Tomlin,1610612739,Cleveland Cavaliers,2,7,20,Missed Shot,Jump Shot,3PT Field Goal,Left Corner 3,Left Side(L),24+ ft.,22,-227,3,1,0,20251119,CLE,HOU,10000,0,1628366|1628386|1629631|1641772|1642878,0,REG,2026,1610612739,,,,,
22500255236,,Shot Chart Detail,22500255,236,1641772,Nae'Qwan Tomlin,1610612739,Cleveland Cavaliers,2,7,16,Made Shot,Putback Dunk Shot,2PT Field Goal,Restricted Area,Center(C),Less Than 8 ft.,0,0,0,1,1,20251119,CLE,HOU,10040,0,1628366|1628386|1629631|1641772|1642878,0,REG,2026,1610612739,,,,,
22500255238,,Shot Chart Detail,22500255,238,1628386,Jarrett Allen,1610612739,Cleveland Cavaliers,2,6,39,Made Shot,Cutting Layup Shot,2PT Field Goal,Restricted Area,Center(C),Less Than 8 ft.,1,-7,8,1,1,20251119,CLE,HOU,10410,0,1628366|1628386|1629631|1641772|1642878,1,REG,2026,1610612739,,,,,
22500255242,,Shot Chart Detail,22500255,242,1629631,De'Andre Hunter,1610612739,Cleveland Cavaliers,2,6,1,Missed Shot,Jump Shot,3PT Field Goal,Above the Break 3,Right Side Center(RC),24+ ft.,26,108,237,1,0,20251119,CLE,HOU,10790,0,1628366|1628386|1629631|1641772|1642878,0,REG,2026,1610612739,,,,,
22500255244,,Shot Chart Detail,22500255,244,1641772,Nae'Qwan Tomlin,1610612739,Cleveland Cavaliers,2,5,54,Made Shot,Putback Dunk Shot,2PT Field Goal,Restricted Area,Center(C),Less Than 8 ft.,0,0,0,1,1,20251119,CLE,HOU,10860,0,1628366|1628386|1629631|1641772|1642878,0,REG,2026,1610612739,,,,,
22500255263,,Shot Chart Detail,22500255,263,1629731,Dean Wade,1610612739,Cleveland Cavaliers,2,5,31,Missed Shot,Jump Shot,3PT Field Goal,Above the Break 3,Right Side Center(RC),24+ ft.,27,147,229,1,0,20251119,CLE,HOU,11090,0,1628366|1628386|1629631|1629731|1641772,0,REG,2026,1610612739,,,,,
22500255265,,Shot Chart Detail,22500255,265,1629631,De'Andre Hunter,1610612739,Cleveland Cavaliers,2,5,24,Missed Shot,Driving Layup Shot,2PT Field Goal,Restricted Area,Center(C),Less Than 8 ft.,1,-9,13,1,0,20251119,CLE,HOU,11160,0,1628366|1628386|1629631|1629731|1641772,0,REG,2026,1610612739,,,,,
22500255270,,Shot Chart Detail,22500255,270,1641772,Nae'Qwan Tomlin,1610612739,Cleveland Cavaliers,2,5,5,Missed Shot,Pullup Jump shot,3PT Field Goal,Above the Break 3,Right Side Center(RC),24+ ft.,26,163,204,1,0,20251119,CLE,HOU,11350,0,1628366|1628386|1629631|1629731|1641772,0,REG,2026,1610612739,,,,,
22500255274,,Shot Chart Detail,22500255,274,1628386,Jarrett Allen,1610612739,Cleveland Cavaliers,2,4,41,Made Shot,Turnaround Hook Shot,2PT Field Goal,In The Paint (Non-RA),Center(C),Less Than 8 ft.,7,5,73,1,1,20251119,CLE,HOU,11590,0,1628366|1628386|1629631|1629731|1641772,1,REG,2026,1610612739,,,,,
22500255282,,Shot Chart Detail,22500255,282,1628366,Lonzo Ball,1610612739,Cleveland Cavaliers,2,4,0,Missed Shot,Jump Shot,3PT Field Goal,Above the Break 3,Center(C),24+ ft.,28,2,283,1,0,20251119,CLE,HOU,12000,0,1628366|1628386|1629631|1629731|1630596,0,REG,2026,1610612739,,,,,
22500255292,,Shot Chart Detail,22500255,292,1628366,Lonzo Ball,1610612739,Cleveland Cavaliers,2,3,24,Missed Shot,Jump Shot,3PT Field Goal,Left Corner 3,Left Side(L),24+ ft.,24,-241,16,1,0,20251119,CLE,HOU,12360,0,1628366|1628378|1628386|1629631|1630596,0,REG,2026,1610612739,,,,,
22500255300,,Shot Chart Detail,22500255,300,1630596,Evan Mobley,1610612739,Cleveland Cavaliers,2,2,50,Missed Shot,Turnaround Jump Shot,2PT Field Goal,In The Paint (Non-RA),Right Side(R),8-16 ft.,11,80,79,1,0,20251119,CLE,HOU,12700,0,1628366|1628378|1628386|1629631|1630596,0,REG,2026,1610612739,,,,,
22500255314,,Shot Chart Detail,22500255,314,1628378,Donovan Mitchell,1610612739,Cleveland Cavaliers,2,2,24,Missed Shot,Running Finger Roll Layup Shot,2PT Field Goal,Restricted Area,Center(C),Less Than 8 ft.,0,5,8,1,0,20251119,CLE,HOU,12960,0,1628366|1628378|1628386|1629631|1630596,0,REG,2026,1610612739,,,,,
22500255321,,Shot Chart Detail,22500255,321,1628386,Jarrett Allen,1610612739,Cleveland Cavaliers,2,1,58,Missed Shot,Driving Finger Roll Layup Shot,2PT Field Goal,Restricted Area,Center(C),Less Than 8 ft.,0,-5,-8,1,0,20251119,CLE,HOU,13220,0,1628366|1628378|1628386|1629631|1630596,0,REG,2026,1610612739,,,,,
22500255334,,Shot Chart Detail,22500255,334,1628378,Donovan Mitchell,1610612739,Cleveland Cavaliers,2,1,18,Missed Shot,Pullup Jump shot,2PT Field Goal,Mid-Range,Right Side Center(RC),16-24 ft.,18,140,117,1,0,20251119,CLE,HOU,13620,0,1628366|1628378|1628386|1629631|1630596,0,REG,2026,1610612739,,,,,
22500255354,,Shot Chart Detail,22500255,354,1630596,Evan Mobley,1610612739,Cleveland Cavaliers,2,0,34,Missed Shot,Cutting Layup Shot,2PT Field Goal,Restricted Area,Center(C),Less Than 8 ft.,2,-7,21,1,0,20251119,CLE,HOU,14060,0,1628366|1628378|1629631|1629731|1630596,0,REG,2026,1610612739,,,,,
22500255358,,Shot Chart Detail,22500255,358,1629631,De'Andre Hunter,1610612739,Cleveland Cavaliers,2,0,11,Made Shot,Jump Shot,3PT Field Goal,Above the Break 3,Left Side Center(LC),24+ ft.,23,-211,111,1,1,20251119,CLE,HOU,14290,0,1628366|1628378|1629631|1629731|1630596,1,REG,2026,1610612739,,,,,
22500255373,,Shot Chart Detail,22500255,373,1630596,Evan Mobley,1610612739,Cleveland Cavaliers,3,11,25,Made Shot,Layup Shot,2PT Field Goal,Restricted Area,Center(C),Less Than 8 ft.,0,1,-3,1,1,20251119,CLE,HOU,14750,0,1628378|1628386|1629631|1630596|1641772,0,REG,2026,1610612739,,,,,
22500255381,,Shot Chart Detail,22500255,381,1641772,Nae'Qwan Tomlin,1610612739,Cleveland Cavaliers,3,10,31,Made Shot,Driving Layup Shot,2PT Field Goal,Restricted Area,Center(C),Less Than 8 ft.,2,-12,16,1,1,20251119,CLE,HOU,15290,0,1628378|1628386|1629631|1630596|1641772,1,REG,2026,1610612739,,,,,
22500255387,,Shot Chart Detail,22500255,387,1630596,Evan Mobley,1610612739,Cleveland Cavaliers,3,9,48,Missed Shot,Driving Layup Shot,2PT Field Goal,In The Paint (Non-RA),Center(C),Less Than 8 ft.,5,21,54,1,0,20251119,CLE,HOU,15720,0,1628378|1628386|1629631|1630596|1641772,0,REG,2026,1610612739,,,,,
22500255410,,Shot Chart Detail,22500255,410,1641854,Craig Porter Jr.,1610612739,Cleveland Cavaliers,3,7,58,Missed Shot,Step Back Jump shot,3PT Field Goal,Above the Break 3,Left Side Center(LC),24+ ft.,26,-207,172,1,0,20251119,CLE,HOU,16820,0,1628378|1628386|1629631|1630596|1641854,0,REG,2026,1610612739,,,,,
22500255414,,Shot Chart Detail,22500255,414,1630596,Evan Mobley,1610612739,Cleveland Cavaliers,3,7,34,Made Shot,Driving Layup Shot,2PT Field Goal,Restricted Area,Center(C),Less Than 8 ft.,1,2,10,1,1,20251119,CLE,HOU,17060,0,1628378|1628386|1629631|1630596|1641854,1,REG,2026,1610612739,,,,,
22500255425,,Shot Chart Detail,22500255,425,1641854,Craig Porter Jr.,1610612739,Cleveland Cavaliers,3,7,1,Made Shot,Driving Layup Shot,2PT Field Goal,Restricted Area,Center(C),Less Than 8 ft.,2,17,13,1,1,20251119,CLE,HOU,17390,0,1628366|1629631|1629731|1630596|1641854,1,REG,2026,1610612739,,,,,
22500255431,,Shot Chart Detail,22500255,431,1629631,De'Andre Hunter,1610612739,Cleveland Cavaliers,3,6,29,Missed Shot,Jump Shot,3PT Field Goal,Above the Break 3,Right Side Center(RC),24+ ft.,25,217,125,1,0,20251119,CLE,HOU,17710,0,1628366|1629631|1629731|1630596|1641854,0,REG,2026,1610612739,,,,,
22500255433,,Shot Chart Detail,22500255,433,1628366,Lonzo Ball,1610612739,Cleveland Cavaliers,3,6,24,Missed Shot,Jump Shot,3PT Field Goal,Above the Break 3,Left Side Center(LC),24+ ft.,26,-196,183,1,0,20251119,CLE,HOU,17760,0,1628366|1629631|1629731|1630596|1641854,0,REG,2026,1610612739,,,,,
22500255439,,Shot Chart Detail,22500255,439,1628366,Lonzo Ball,1610612739,Cleveland Cavaliers,3,5,49,Made Shot,Running Pull-Up Jump Shot,3PT Field Goal,Right Corner 3,Right Side(R),24+ ft.,22,229,17,1,1,20251119,CLE,HOU,18110,0,1628366|1629631|1629731|1630596|1641854,1,REG,2026,1610612739,,,,,
22500255465,,Shot Chart Detail,22500255,465,1630596,Evan Mobley,1610612739,Cleveland Cavaliers,3,4,51,Made Shot,Driving Layup Shot,2PT Field Goal,Restricted Area,Center(C),Less Than 8 ft.,0,5,8,1,1,20251119,CLE,HOU,18690,0,1628366|1629731|1630596|1641772|1641854,0,REG,2026,1610612739,,,,,
22500255469,,Shot Chart Detail,22500255,469,1641854,Craig Porter Jr.,1610612739,Cleveland Cavaliers,3,4,25,Made Shot,Turnaround Fadeaway shot,2PT Field Goal,Mid-Range,Right Side(R),8-16 ft.,9,82,41,1,1,20251119,CLE,HOU,18950,0,1628366|1629731|1630596|1641772|1641854,1,REG,2026,1610612739,,,,,
22500255491,,Shot Chart Detail,22500255,491,1628366,Lonzo Ball,1610612739,Cleveland Cavaliers,3,3,4,Made Shot,Step Back Jump shot,3PT Field Goal,Above the Break 3,Left Side Center(LC),24+ ft.,25,-115,227,1,1,20251119,CLE,HOU,19760,0,1628366|1628386|1629731|1641772|1641854,1,REG,2026,1610612739,,,,,
22500255497,,Shot Chart Detail,22500255,497,1641772,Nae'Qwan Tomlin,1610612739,Cleveland Cavaliers,3,2,15,Missed Shot,Layup Shot,2PT Field Goal,Restricted Area,Center(C),Less Than 8 ft.,2,22,17,1,0,20251119,CLE,HOU,20250,0,1628366|1628386|1629731|1641772|1641854,0,REG,2026,1610612739,,,,,
22500255508,,Shot Chart Detail,22500255,508,1641854,Craig Porter Jr.,1610612739,Cleveland Cavaliers,3,1,40,Made Shot,Driving Bank Hook Shot,2PT Field Goal,Restricted Area,Center(C),Less Than 8 ft.,0,6,1,1,1,20251119,CLE,HOU,20600,0,1628366|1628386|1629731|1641772|1641854,0,REG,2026,1610612739,,,,,
22500255514,,Shot Chart Detail,22500255,514,1641772,Nae'Qwan Tomlin,1610612739,Cleveland Cavaliers,3,1,9,Missed Shot,Jump Shot,3PT Field Goal,Left Corner 3,Left Side(L),24+ ft.,23,-233,22,1,0,20251119,CLE,HOU,20910,0,1628366|1628386|1629731|1641772|1641854,0,REG,2026,1610612739,,,,,
22500255525,,Shot Chart Detail,22500255,525,1628366,Lonzo Ball,1610612739,Cleveland Cavaliers,3,0,39,Missed Shot,Pullup Jump shot,3PT Field Goal,Above the Break 3,Right Side Center(RC),24+ ft.,24,230,95,1,0,20251119,CLE,HOU,21210,0,1628366|1628378|1628386|1629731|1641854,0,REG,2026,1610612739,,,,,
22500255528,,Shot Chart Detail,22500255,528,1628386,Jarrett Allen,1610612739,Cleveland Cavaliers,3,0,34,Missed Shot,Floating Jump shot,2PT Field Goal,In The Paint (Non-RA),Center(C),Less Than 8 ft.,4,-32,37,1,0,20251119,CLE,HOU,21260,0,1628366|1628378|1628386|1629731|1641854,0,REG,2026,1610612739,,,,,
22500255530,,Shot Chart Detail,22500255,530,1628386,Jarrett Allen,1610612739,Cleveland Cavaliers,3,0,31,Made Shot,Putback Dunk Shot,2PT Field Goal,Restricted Area,Center(C),Less Than 8 ft.,0,0,0,1,1,20251119,CLE,HOU,21290,0,1628366|1628378|1628386|1629731|1641854,0,REG,2026,1610612739,,,,,
22500255564,,Shot Chart Detail,22500255,564,1628378,Donovan Mitchell,1610612739,Cleveland Cavaliers,4,11,17,Made Shot,Jump Shot,3PT Field Goal,Above the Break 3,Right Side Center(RC),24+ ft.,24,207,125,1,1,20251119,CLE,HOU,22030,0,1628378|1629731|1630596|1641854|1642878,1,REG,2026,1610612739,,,,,
22500255568,,Shot Chart Detail,22500255,568,1628378,Donovan Mitchell,1610612739,Cleveland Cavaliers,4,10,54,Made Shot,Running Pull-Up Jump Shot,3PT Field Goal,Above the Break 3,Right Side Center(RC),24+ ft.,25,212,149,1,1,20251119,CLE,HOU,22260,0,1628378|1629731|1630596|1641854|1642878,1,REG,2026,1610612739,,,,,
22500255574,,Shot Chart Detail,22500255,574,1628378,Donovan Mitchell,1610612739,Cleveland Cavaliers,4,10,16,Missed Shot,Pullup Jump shot,3PT Field Goal,Above the Break 3,Center(C),24+ ft.,29,-89,280,1,0,20251119,CLE,HOU,22640,0,1628378|1629731|1630596|1641854|1642878,0,REG,2026,1610612739,,,,,
22500255578,,Shot Chart Detail,22500255,578,1628378,Donovan Mitchell,1610612739,Cleveland Cavaliers,4,10,9,Missed Shot,Jump Shot,3PT Field Goal,Above the Break 3,Left Side Center(LC),24+ ft.,28,-199,210,1,0,20251119,CLE,HOU,22710,0,1628378|1629731|1630596|1641854|1642878,0,REG,2026,1610612739,,,,,
22500255582,,Shot Chart Detail,22500255,582,1629731,Dean Wade,1610612739,Cleveland Cavaliers,4,9,37,Made Shot,Jump Shot,3PT Field Goal,Above the Break 3,Right Side Center(RC),24+ ft.,24,197,153,1,1,20251119,CLE,HOU,23030,0,1628378|1629731|1630596|1641854|1642878,1,REG,2026,1610612739,,,,,
22500255600,,Shot Chart Detail,22500255,600,1628378,Donovan Mitchell,1610612739,Cleveland Cavaliers,4,8,32,Made Shot,Running Layup Shot,2PT Field Goal,Restricted Area,Center(C),Less Than 8 ft.,2,20,8,1,1,20251119,CLE,HOU,23680,0,1628378|1629631|1629731|1630596|1642878,0,REG,2026,1610612739,,,,,
22500255619,,Shot Chart Detail,22500255,619,1629631,De'Andre Hunter,1610612739,Cleveland Cavaliers,4,7,14,Missed Shot,Turnaround Fadeaway shot,2PT Field Goal,In The Paint (Non-RA),Left Side(L),8-16 ft.,13,-74,110,1,0,20251119,CLE,HOU,24460,0,1628366|1628378|1628386|1629631|1629731,0,REG,2026,1610612739,,,,,
22500255624,,Shot Chart Detail,22500255,624,1628378,Donovan Mitchell,1610612739,Cleveland Cavaliers,4,6,44,Made Shot,Turnaround Fadeaway shot,2PT Field Goal,Mid-Range,Right Side(R),8-16 ft.,10,82,65,1,1,20251119,CLE,HOU,24760,0,1628366|1628378|1628386|1629631|1629731,0,REG,2026,1610612739,,,,,
22500255627,,Shot Chart Detail,22500255,627,1628378,Donovan Mitchell,1610612739,Cleveland Cavaliers,4,6,9,Made Shot,Pullup Jump shot,3PT Field Goal,Above the Break 3,Center(C),24+ ft.,26,61,263,1,1,20251119,CLE,HOU,25110,0,1628366|1628378|1628386|1629631|1629731,0,REG,2026,1610612739,,,,,
22500255630,,Shot Chart Detail,22500255,630,1628378,Donovan Mitchell,1610612739,Cleveland Cavaliers,4,5,39,Made Shot,Driving Finger Roll Layup Shot,2PT Field Goal,Restricted Area,Center(C),Less Than 8 ft.,2,22,15,1,1,20251119,CLE,HOU,25410,0,1628366|1628378|1628386|1629631|1629731,0,REG,2026,1610612739,,,,,
22500255632,,Shot Chart Detail,22500255,632,1628366,Lonzo Ball,1610612739,Cleveland Cavaliers,4,5,7,Missed Shot,Jump Shot,3PT Field Goal,Above the Break 3,Left Side Center(LC),24+ ft.,24,-172,181,1,0,20251119,CLE,HOU,25730,0,1628366|1628378|1628386|1629631|1629731,0,REG,2026,1610612739,,,,,
22500255640,,Shot Chart Detail,22500255,640,1628378,Donovan Mitchell,1610612739,Cleveland Cavaliers,4,4,55,Missed Shot,Jump Shot,3PT Field Goal,Above the Break 3,Right Side Center(RC),24+ ft.,26,124,236,1,0,20251119,CLE,HOU,25850,0,1628378|1628386|1629631|1630596|1641854,0,REG,2026,1610612739,,,,,
22500255675,,Shot Chart Detail,22500255,675,1628386,Jarrett Allen,1610612739,Cleveland Cavaliers,4,3,13,Made Shot,Running Alley Oop Dunk Shot,2PT Field Goal,Restricted Area,Center(C),Less Than 8 ft.,1,-12,5,1,1,20251119,CLE,HOU,26870,0,1628378|1628386|1629631|1630596|1641854,1,REG,2026,1610612739,,,,,
22500255684,,Shot Chart Detail,22500255,684,1628378,Donovan Mitchell,1610612739,Cleveland Cavaliers,4,2,48,Made Shot,Driving Layup Shot,2PT Field Goal,Restricted Area,Center(C),Less Than 8 ft.,1,6,18,1,1,20251119,CLE,HOU,27120,0,1628378|1629631|1629731|1630596|1641854,0,REG,2026,1610612739,,,,,
22500255686,,Shot Chart Detail,22500255,686,1641854,Craig Porter Jr.,1610612739,Cleveland Cavaliers,4,2,23,Missed Shot,Driving Floating Jump Shot,2PT Field Goal,In The Paint (Non-RA),Right Side(R),8-16 ft.,9,53,73,1,0,20251119,CLE,HOU,27370,0,1628378|1629631|1629731|1630596|1641854,0,REG,2026,1610612739,,,,,
22500255698,,Shot Chart Detail,22500255,698,1629631,De'Andre Hunter,1610612739,Cleveland Cavaliers,4,1,18,Made Shot,Running Jump Shot,3PT Field Goal,Above the Break 3,Center(C),24+ ft.,29,-56,288,1,1,20251119,CLE,HOU,28020,0,1628378|1629631|1629731|1630596|1641854,1,REG,2026,1610612739,,,,,
22500255707,,Shot Chart Detail,22500255,707,1629631,De'Andre Hunter,1610612739,Cleveland Cavaliers,4,0,31,Made Shot,Pullup Jump shot,3PT Field Goal,Above the Break 3,Right Side Center(RC),24+ ft.,25,206,151,1,1,20251119,CLE,HOU,28490,0,1628378|1629631|1629731|1630596|1641854,0,REG,2026,1610612739,,,,,
22500255715,,Shot Chart Detail,22500255,715,1630596,Evan Mobley,1610612739,Cleveland Cavaliers,4,0,26,Missed Shot,Jump Shot,3PT Field Goal,Above the Break 3,Left Side Center(LC),24+ ft.,25,-146,207,1,0,20251119,CLE,HOU,28540,0,1628366|1628378|1629631|1629731|1630596,0,REG,2026,1610612739,,,,,
22500255722,,Shot Chart Detail,22500255,722,1629631,De'Andre Hunter,1610612739,Cleveland Cavaliers,4,0,16,Missed Shot,Jump Shot,3PT Field Goal,Above the Break 3,Left Side Center(LC),24+ ft.,26,-213,160,1,0,20251119,CLE,HOU,28640,0,1628366|1628378|1629631|1629731|1630596,0,REG,2026,1610612739,,,,,
