SHOT_ID,video_url,GRID_TYPE,GAME_ID,GAME_EVENT_ID,PLAYER_ID,PLAYER_NAME,TEAM_ID,TEAM_NAME,PERIOD,MINUTES_REMAINING,SECONDS_REMAINING,EVENT_TYPE,ACTION_TYPE,SHOT_TYPE,SHOT_ZONE_BASIC,SHOT_ZONE_AREA,SHOT_ZONE_RANGE,SHOT_DISTANCE,LOC_X,LOC_Y,SHOT_ATTEMPTED_FLAG,SHOT_MADE_FLAG,GAME_DATE,HTM,VTM,time,extra,PLAYERS_ON,assisted,season_type,year_source,team_id,year,month,day,api_game_id,uuid
225000087,,Shot Chart Detail,22500008,7,1628978,Donte DiVincenzo,1610612750,Minnesota Timberwolves,1,11,40,Missed Shot,Pullup Jump shot,3PT Field Goal,Above the Break 3,Center(C),24+ ft.,25,-5,258,1,0,20251027,MIN,DEN,200,0,201144|203497|203944|1628978|1630183,0,REG,2026,1610612750,,,,,
2250000824,,Shot Chart Detail,22500008,24,1630183,Jaden McDaniels,1610612750,Minnesota Timberwolves,1,10,23,Made Shot,Driving Dunk Shot,2PT Field Goal,Restricted Area,Center(C),Less Than 8 ft.,0,-5,5,1,1,20251027,MIN,DEN,970,0,201144|203497|203944|1628978|1630183,1,REG,2026,1610612750,,,,,
2250000828,,Shot Chart Detail,22500008,28,203944,Julius Randle,1610612750,Minnesota Timberwolves,1,9,43,Missed Shot,Jump Shot,3PT Field Goal,Left Corner 3,Left Side(L),24+ ft.,23,-235,5,1,0,20251027,MIN,DEN,1370,0,201144|203497|203944|1628978|1630183,0,REG,2026,1610612750,,,,,
2250000834,,Shot Chart Detail,22500008,34,203944,Julius Randle,1610612750,Minnesota Timberwolves,1,9,21,Missed Shot,Jump Shot,3PT Field Goal,Above the Break 3,Left Side Center(LC),24+ ft.,24,-214,124,1,0,20251027,MIN,DEN,1590,0,201144|203497|203944|1628978|1630183,0,REG,2026,1610612750,,,,,
2250000845,,Shot Chart Detail,22500008,45,1630545,Terrence Shannon Jr.,1610612750,Minnesota Timberwolves,1,8,42,Missed Shot,Jump Shot,3PT Field Goal,Right Corner 3,Right Side(R),24+ ft.,23,233,15,1,0,20251027,MIN,DEN,1980,0,201144|203497|203944|1630183|1630545,0,REG,2026,1610612750,,,,,
2250000854,,Shot Chart Detail,22500008,54,1630183,Jaden McDaniels,1610612750,Minnesota Timberwolves,1,7,41,Missed Shot,Pullup Jump shot,2PT Field Goal,Mid-Range,Center(C),16-24 ft.,16,32,158,1,0,20251027,MIN,DEN,2590,0,201144|203497|203944|1630183|1630545,0,REG,2026,1610612750,,,,,
2250000864,,Shot Chart Detail,22500008,64,203497,Rudy Gobert,1610612750,Minnesota Timberwolves,1,7,3,Made Shot,Alley Oop Dunk Shot,2PT Field Goal,Restricted Area,Center(C),Less Than 8 ft.,1,-1,15,1,1,20251027,MIN,DEN,2970,0,201144|203497|203944|1630183|1630545,1,REG,2026,1610612750,,,,,
2250000868,,Shot Chart Detail,22500008,68,201144,Mike Conley,1610612750,Minnesota Timberwolves,1,6,41,Made Shot,Driving Finger Roll Layup Shot,2PT Field Goal,Restricted Area,Center(C),Less Than 8 ft.,3,6,35,1,1,20251027,MIN,DEN,3190,0,201144|203497|203944|1630183|1630545,1,REG,2026,1610612750,,,,,
2250000872,,Shot Chart Detail,22500008,72,1630183,Jaden McDaniels,1610612750,Minnesota Timberwolves,1,6,15,Made Shot,Driving Layup Shot,2PT Field Goal,Restricted Area,Center(C),Less Than 8 ft.,1,-1,14,1,1,20251027,MIN,DEN,3450,0,201144|203497|203944|1630183|1630545,1,REG,2026,1610612750,,,,,
2250000876,,Shot Chart Detail,22500008,76,1630545,Terrence Shannon Jr.,1610612750,Minnesota Timberwolves,1,5,56,Missed Shot,Running Layup Shot,2PT Field Goal,Restricted Area,Center(C),Less Than 8 ft.,1,4,14,1,0,20251027,MIN,DEN,3640,0,201144|203497|203944|1630183|1630545,0,REG,2026,1610612750,,,,,
2250000880,,Shot Chart Detail,22500008,80,201144,Mike Conley,1610612750,Minnesota Timberwolves,1,5,33,Made Shot,Driving Finger Roll Layup Shot,2PT Field Goal,Restricted Area,Center(C),Less Than 8 ft.,2,6,26,1,1,20251027,MIN,DEN,3870,0,201144|203497|203944|1630183|1630545,0,REG,2026,1610612750,,,,,
2250000894,,Shot Chart Detail,22500008,94,1630545,Terrence Shannon Jr.,1610612750,Minnesota Timberwolves,1,5,5,Made Shot,Pullup Jump shot,3PT Field Goal,Above the Break 3,Center(C),24+ ft.,25,21,252,1,1,20251027,MIN,DEN,4150,0,203497|1629675|1630183|1630545|1642265,0,REG,2026,1610612750,,,,,
22500008102,,Shot Chart Detail,22500008,102,203497,Rudy Gobert,1610612750,Minnesota Timberwolves,1,4,12,Missed Shot,Running Layup Shot,2PT Field Goal,Restricted Area,Center(C),Less Than 8 ft.,0,-1,8,1,0,20251027,MIN,DEN,4680,0,203497|1629675|1630183|1630545|1642265,0,REG,2026,1610612750,,,,,
22500008107,,Shot Chart Detail,22500008,107,1629675,Naz Reid,1610612750,Minnesota Timberwolves,1,3,51,Made Shot,Cutting Finger Roll Layup Shot,2PT Field Goal,Restricted Area,Center(C),Less Than 8 ft.,1,4,15,1,1,20251027,MIN,DEN,4890,0,203497|1629675|1630183|1630545|1642265,1,REG,2026,1610612750,,,,,
22500008119,,Shot Chart Detail,22500008,119,1629675,Naz Reid,1610612750,Minnesota Timberwolves,1,3,5,Missed Shot,Running Jump Shot,3PT Field Goal,Above the Break 3,Center(C),24+ ft.,26,22,261,1,0,20251027,MIN,DEN,5350,0,203497|1629675|1630183|1630545|1642265,0,REG,2026,1610612750,,,,,
22500008137,,Shot Chart Detail,22500008,137,1630183,Jaden McDaniels,1610612750,Minnesota Timberwolves,1,1,57,Made Shot,Pullup Jump shot,3PT Field Goal,Above the Break 3,Left Side Center(LC),24+ ft.,24,-150,197,1,1,20251027,MIN,DEN,6030,0,203944|1629675|1630183|1630545|1642265,1,REG,2026,1610612750,,,,,
22500008142,,Shot Chart Detail,22500008,142,1630183,Jaden McDaniels,1610612750,Minnesota Timberwolves,1,1,25,Made Shot,Floating Jump shot,2PT Field Goal,In The Paint (Non-RA),Center(C),Less Than 8 ft.,7,16,78,1,1,20251027,MIN,DEN,6350,0,203944|1629675|1630183|1630545|1642265,1,REG,2026,1610612750,,,,,
22500008148,,Shot Chart Detail,22500008,148,1642265,Rob Dillingham,1610612750,Minnesota Timberwolves,1,1,0,Made Shot,Driving Layup Shot,2PT Field Goal,Restricted Area,Center(C),Less Than 8 ft.,2,17,14,1,1,20251027,MIN,DEN,6600,0,203944|1629675|1630183|1630545|1642265,0,REG,2026,1610612750,,,,,
22500008150,,Shot Chart Detail,22500008,150,203944,Julius Randle,1610612750,Minnesota Timberwolves,1,0,32,Made Shot,Driving Floating Jump Shot,2PT Field Goal,In The Paint (Non-RA),Center(C),Less Than 8 ft.,5,-25,50,1,1,20251027,MIN,DEN,6880,0,203944|1629675|1630183|1630545|1642265,0,REG,2026,1610612750,,,,,
22500008161,,Shot Chart Detail,22500008,161,203944,Julius Randle,1610612750,Minnesota Timberwolves,1,0,2,Made Shot,Driving Layup Shot,2PT Field Goal,Restricted Area,Center(C),Less Than 8 ft.,0,2,8,1,1,20251027,MIN,DEN,7180,0,203944|1629675|1630183|1630545|1642265,0,REG,2026,1610612750,,,,,
22500008186,,Shot Chart Detail,22500008,186,1630538,Bones Hyland,1610612750,Minnesota Timberwolves,2,10,58,Made Shot,Jump Shot,3PT Field Goal,Left Corner 3,Left Side(L),24+ ft.,22,-224,13,1,1,20251027,MIN,DEN,7820,0,203944|1628978|1629675|1630538|1642265,1,REG,2026,1610612750,,,,,
22500008190,,Shot Chart Detail,22500008,190,1628978,Donte DiVincenzo,1610612750,Minnesota Timberwolves,2,10,27,Missed Shot,Driving Floating Jump Shot,2PT Field Goal,In The Paint (Non-RA),Center(C),Less Than 8 ft.,7,23,75,1,0,20251027,MIN,DEN,8130,0,203944|1628978|1629675|1630538|1642265,0,REG,2026,1610612750,,,,,
22500008194,,Shot Chart Detail,22500008,194,1628978,Donte DiVincenzo,1610612750,Minnesota Timberwolves,2,10,12,Missed Shot,Pullup Jump shot,3PT Field Goal,Above the Break 3,Left Side Center(LC),24+ ft.,24,-195,140,1,0,20251027,MIN,DEN,8280,0,203944|1628978|1629675|1630538|1642265,0,REG,2026,1610612750,,,,,
22500008197,,Shot Chart Detail,22500008,197,1629675,Naz Reid,1610612750,Minnesota Timberwolves,2,9,28,Made Shot,Turnaround Hook Shot,2PT Field Goal,In The Paint (Non-RA),Center(C),Less Than 8 ft.,4,2,47,1,1,20251027,MIN,DEN,8720,0,203944|1628978|1629675|1630538|1642265,0,REG,2026,1610612750,,,,,
22500008200,,Shot Chart Detail,22500008,200,203944,Julius Randle,1610612750,Minnesota Timberwolves,2,9,4,Missed Shot,Jump Shot,3PT Field Goal,Above the Break 3,Right Side Center(RC),24+ ft.,25,148,209,1,0,20251027,MIN,DEN,8960,0,203944|1628978|1629675|1630538|1642265,0,REG,2026,1610612750,,,,,
22500008204,,Shot Chart Detail,22500008,204,1628978,Donte DiVincenzo,1610612750,Minnesota Timberwolves,2,8,46,Made Shot,Running Jump Shot,3PT Field Goal,Above the Break 3,Center(C),24+ ft.,26,49,258,1,1,20251027,MIN,DEN,9140,0,203944|1628978|1629675|1630538|1642265,1,REG,2026,1610612750,,,,,
22500008211,,Shot Chart Detail,22500008,211,203944,Julius Randle,1610612750,Minnesota Timberwolves,2,8,25,Made Shot,Running Dunk Shot,2PT Field Goal,Restricted Area,Center(C),Less Than 8 ft.,2,10,19,1,1,20251027,MIN,DEN,9350,0,203944|1628978|1629675|1630538|1642265,1,REG,2026,1610612750,,,,,
22500008225,,Shot Chart Detail,22500008,225,1630538,Bones Hyland,1610612750,Minnesota Timberwolves,2,7,43,Missed Shot,Jump Shot,3PT Field Goal,Above the Break 3,Left Side Center(LC),24+ ft.,24,-223,94,1,0,20251027,MIN,DEN,9770,0,201144|203497|1628978|1629675|1630538,0,REG,2026,1610612750,,,,,
22500008229,,Shot Chart Detail,22500008,229,1629675,Naz Reid,1610612750,Minnesota Timberwolves,2,7,19,Missed Shot,Fadeaway Jump Shot,2PT Field Goal,Mid-Range,Left Side(L),8-16 ft.,12,-112,45,1,0,20251027,MIN,DEN,10010,0,201144|203497|1628978|1629675|1630538,0,REG,2026,1610612750,,,,,
22500008234,,Shot Chart Detail,22500008,234,201144,Mike Conley,1610612750,Minnesota Timberwolves,2,7,7,Missed Shot,Running Pull-Up Jump Shot,3PT Field Goal,Right Corner 3,Right Side(R),24+ ft.,22,225,4,1,0,20251027,MIN,DEN,10130,0,201144|203497|1628978|1629675|1630538,0,REG,2026,1610612750,,,,,
22500008236,,Shot Chart Detail,22500008,236,1629675,Naz Reid,1610612750,Minnesota Timberwolves,2,7,2,Made Shot,Putback Layup Shot,2PT Field Goal,Restricted Area,Center(C),Less Than 8 ft.,1,-4,16,1,1,20251027,MIN,DEN,10180,0,201144|203497|1628978|1629675|1630538,0,REG,2026,1610612750,,,,,
22500008248,,Shot Chart Detail,22500008,248,1629675,Naz Reid,1610612750,Minnesota Timberwolves,2,6,24,Made Shot,Driving Floating Jump Shot,2PT Field Goal,In The Paint (Non-RA),Center(C),8-16 ft.,8,-7,88,1,1,20251027,MIN,DEN,10560,0,201144|203944|1628978|1629675|1630183,1,REG,2026,1610612750,,,,,
22500008252,,Shot Chart Detail,22500008,252,1628978,Donte DiVincenzo,1610612750,Minnesota Timberwolves,2,5,56,Made Shot,Running Jump Shot,3PT Field Goal,Above the Break 3,Right Side Center(RC),24+ ft.,25,229,114,1,1,20251027,MIN,DEN,10840,0,201144|203944|1628978|1629675|1630183,1,REG,2026,1610612750,,,,,
22500008264,,Shot Chart Detail,22500008,264,203944,Julius Randle,1610612750,Minnesota Timberwolves,2,5,21,Made Shot,Driving Floating Bank Jump Shot,2PT Field Goal,In The Paint (Non-RA),Center(C),Less Than 8 ft.,5,27,43,1,1,20251027,MIN,DEN,11190,0,201144|203944|1628978|1629675|1630183,1,REG,2026,1610612750,,,,,
22500008268,,Shot Chart Detail,22500008,268,201144,Mike Conley,1610612750,Minnesota Timberwolves,2,4,55,Missed Shot,Driving Floating Jump Shot,2PT Field Goal,In The Paint (Non-RA),Center(C),8-16 ft.,8,28,82,1,0,20251027,MIN,DEN,11450,0,201144|203944|1628978|1629675|1630183,0,REG,2026,1610612750,,,,,
22500008270,,Shot Chart Detail,22500008,270,203944,Julius Randle,1610612750,Minnesota Timberwolves,2,4,54,Made Shot,Putback Layup Shot,2PT Field Goal,Restricted Area,Center(C),Less Than 8 ft.,2,-9,20,1,1,20251027,MIN,DEN,11460,0,201144|203944|1628978|1629675|1630183,0,REG,2026,1610612750,,,,,
22500008278,,Shot Chart Detail,22500008,278,1628978,Donte DiVincenzo,1610612750,Minnesota Timberwolves,2,4,18,Made Shot,Step Back Jump shot,3PT Field Goal,Above the Break 3,Right Side Center(RC),24+ ft.,28,152,241,1,1,20251027,MIN,DEN,11820,0,201144|203944|1628978|1630183|1630545,0,REG,2026,1610612750,,,,,
22500008280,,Shot Chart Detail,22500008,280,1630183,Jaden McDaniels,1610612750,Minnesota Timberwolves,2,3,51,Made Shot,Driving Layup Shot,2PT Field Goal,Restricted Area,Center(C),Less Than 8 ft.,3,-18,24,1,1,20251027,MIN,DEN,12090,0,201144|203944|1628978|1630183|1630545,0,REG,2026,1610612750,,,,,
22500008284,,Shot Chart Detail,22500008,284,1630183,Jaden McDaniels,1610612750,Minnesota Timberwolves,2,3,19,Made Shot,Driving Finger Roll Layup Shot,2PT Field Goal,Restricted Area,Center(C),Less Than 8 ft.,0,4,6,1,1,20251027,MIN,DEN,12410,0,201144|203944|1628978|1630183|1630545,1,REG,2026,1610612750,,,,,
22500008293,,Shot Chart Detail,22500008,293,1630545,Terrence Shannon Jr.,1610612750,Minnesota Timberwolves,2,2,47,Missed Shot,Pullup Jump shot,3PT Field Goal,Above the Break 3,Left Side Center(LC),24+ ft.,24,-162,187,1,0,20251027,MIN,DEN,12730,0,201144|203944|1628978|1630183|1630545,0,REG,2026,1610612750,,,,,
22500008298,,Shot Chart Detail,22500008,298,1630183,Jaden McDaniels,1610612750,Minnesota Timberwolves,2,2,27,Missed Shot,Jump Shot,3PT Field Goal,Right Corner 3,Right Side(R),24+ ft.,22,228,10,1,0,20251027,MIN,DEN,12930,0,201144|203944|1628978|1630183|1630545,0,REG,2026,1610612750,,,,,
22500008309,,Shot Chart Detail,22500008,309,203944,Julius Randle,1610612750,Minnesota Timberwolves,2,1,56,Missed Shot,Turnaround Fadeaway shot,2PT Field Goal,In The Paint (Non-RA),Center(C),8-16 ft.,8,2,83,1,0,20251027,MIN,DEN,13240,0,201144|203944|1628978|1629675|1630183,0,REG,2026,1610612750,,,,,
22500008313,,Shot Chart Detail,22500008,313,203944,Julius Randle,1610612750,Minnesota Timberwolves,2,1,51,Made Shot,Jump Shot,3PT Field Goal,Above the Break 3,Center(C),24+ ft.,24,-60,242,1,1,20251027,MIN,DEN,13290,0,201144|203944|1628978|1629675|1630183,1,REG,2026,1610612750,,,,,
22500008342,,Shot Chart Detail,22500008,342,201144,Mike Conley,1610612750,Minnesota Timberwolves,2,0,41,Missed Shot,Running Layup Shot,2PT Field Goal,Restricted Area,Center(C),Less Than 8 ft.,3,2,31,1,0,20251027,MIN,DEN,13990,0,201144|203944|1629675|1630183|1630545,0,REG,2026,1610612750,,,,,
22500008344,,Shot Chart Detail,22500008,344,1630183,Jaden McDaniels,1610612750,Minnesota Timberwolves,2,0,27,Missed Shot,Jump Shot,2PT Field Goal,In The Paint (Non-RA),Center(C),8-16 ft.,10,42,98,1,0,20251027,MIN,DEN,14130,0,201144|203944|1629675|1630183|1630545,0,REG,2026,1610612750,,,,,
22500008372,,Shot Chart Detail,22500008,372,1630183,Jaden McDaniels,1610612750,Minnesota Timberwolves,3,11,23,Made Shot,Pullup Jump shot,2PT Field Goal,Mid-Range,Center(C),16-24 ft.,17,-26,168,1,1,20251027,MIN,DEN,14770,0,201144|203497|203944|1628978|1630183,0,REG,2026,1610612750,,,,,
22500008375,,Shot Chart Detail,22500008,375,203497,Rudy Gobert,1610612750,Minnesota Timberwolves,3,10,43,Missed Shot,Cutting Layup Shot,2PT Field Goal,Restricted Area,Center(C),Less Than 8 ft.,2,-9,25,1,0,20251027,MIN,DEN,15170,0,201144|203497|203944|1628978|1630183,0,REG,2026,1610612750,,,,,
22500008380,,Shot Chart Detail,22500008,380,201144,Mike Conley,1610612750,Minnesota Timberwolves,3,10,24,Made Shot,Pullup Jump shot,3PT Field Goal,Above the Break 3,Left Side Center(LC),24+ ft.,26,-104,242,1,1,20251027,MIN,DEN,15360,0,201144|203497|203944|1628978|1630183,0,REG,2026,1610612750,,,,,
22500008391,,Shot Chart Detail,22500008,391,1628978,Donte DiVincenzo,1610612750,Minnesota Timberwolves,3,9,41,Missed Shot,Pullup Jump shot,3PT Field Goal,Above the Break 3,Right Side Center(RC),24+ ft.,25,129,223,1,0,20251027,MIN,DEN,15790,0,201144|203497|203944|1628978|1630183,0,REG,2026,1610612750,,,,,
22500008394,,Shot Chart Detail,22500008,394,203944,Julius Randle,1610612750,Minnesota Timberwolves,3,9,7,Missed Shot,Pullup Jump shot,2PT Field Goal,Mid-Range,Left Side(L),8-16 ft.,14,-109,102,1,0,20251027,MIN,DEN,16130,0,201144|203497|203944|1628978|1630183,0,REG,2026,1610612750,,,,,
22500008398,,Shot Chart Detail,22500008,398,1630183,Jaden McDaniels,1610612750,Minnesota Timberwolves,3,8,41,Made Shot,Driving Finger Roll Layup Shot,2PT Field Goal,In The Paint (Non-RA),Center(C),Less Than 8 ft.,4,-29,28,1,1,20251027,MIN,DEN,16390,0,201144|203497|203944|1628978|1630183,0,REG,2026,1610612750,,,,,
22500008400,,Shot Chart Detail,22500008,400,1630183,Jaden McDaniels,1610612750,Minnesota Timberwolves,3,8,11,Made Shot,Driving Finger Roll Layup Shot,2PT Field Goal,Restricted Area,Center(C),Less Than 8 ft.,0,1,1,1,1,20251027,MIN,DEN,16690,0,201144|203497|203944|1628978|1630183,1,REG,2026,1610612750,,,,,
22500008407,,Shot Chart Detail,22500008,407,203944,Julius Randle,1610612750,Minnesota Timberwolves,3,7,16,Missed Shot,Driving Floating Jump Shot,2PT Field Goal,In The Paint (Non-RA),Center(C),Less Than 8 ft.,7,-1,76,1,0,20251027,MIN,DEN,17240,0,201144|203497|203944|1628978|1630183,0,REG,2026,1610612750,,,,,
22500008422,,Shot Chart Detail,22500008,422,201144,Mike Conley,1610612750,Minnesota Timberwolves,3,6,9,Missed Shot,Driving Floating Jump Shot,2PT Field Goal,In The Paint (Non-RA),Center(C),Less Than 8 ft.,5,-10,58,1,0,20251027,MIN,DEN,17910,0,201144|203497|1628978|1629675|1630183,0,REG,2026,1610612750,,,,,
22500008459,,Shot Chart Detail,22500008,459,203944,Julius Randle,1610612750,Minnesota Timberwolves,3,4,12,Made Shot,Driving Layup Shot,2PT Field Goal,Restricted Area,Center(C),Less Than 8 ft.,0,4,-3,1,1,20251027,MIN,DEN,19080,0,203944|1629675|1630183|1630545|1642265,0,REG,2026,1610612750,,,,,
22500008465,,Shot Chart Detail,22500008,465,1629675,Naz Reid,1610612750,Minnesota Timberwolves,3,3,45,Made Shot,Jump Shot,3PT Field Goal,Left Corner 3,Left Side(L),24+ ft.,23,-237,-9,1,1,20251027,MIN,DEN,19350,0,203944|1629675|1630183|1630545|1642265,1,REG,2026,1610612750,,,,,
22500008468,,Shot Chart Detail,22500008,468,1642265,Rob Dillingham,1610612750,Minnesota Timberwolves,3,3,15,Made Shot,Pullup Jump shot,2PT Field Goal,Mid-Range,Center(C),8-16 ft.,15,-7,153,1,1,20251027,MIN,DEN,19650,0,203944|1629675|1630183|1630545|1642265,0,REG,2026,1610612750,,,,,
22500008476,,Shot Chart Detail,22500008,476,1630183,Jaden McDaniels,1610612750,Minnesota Timberwolves,3,2,11,Made Shot,Driving Layup Shot,2PT Field Goal,Restricted Area,Center(C),Less Than 8 ft.,2,-11,18,1,1,20251027,MIN,DEN,20290,0,203944|1629675|1630183|1630538|1630545,1,REG,2026,1610612750,,,,,
22500008482,,Shot Chart Detail,22500008,482,1629675,Naz Reid,1610612750,Minnesota Timberwolves,3,1,35,Made Shot,Step Back Jump shot,3PT Field Goal,Right Corner 3,Right Side(R),24+ ft.,22,229,8,1,1,20251027,MIN,DEN,20650,0,203944|1629675|1630183|1630538|1630545,0,REG,2026,1610612750,,,,,
22500008490,,Shot Chart Detail,22500008,490,1630538,Bones Hyland,1610612750,Minnesota Timberwolves,3,0,38,Missed Shot,Driving Finger Roll Layup Shot,2PT Field Goal,Restricted Area,Center(C),Less Than 8 ft.,2,2,20,1,0,20251027,MIN,DEN,21220,0,203944|1629675|1630183|1630538|1630545,0,REG,2026,1610612750,,,,,
22500008530,,Shot Chart Detail,22500008,530,201144,Mike Conley,1610612750,Minnesota Timberwolves,4,11,46,Missed Shot,Pullup Jump shot,3PT Field Goal,Above the Break 3,Right Side Center(RC),24+ ft.,25,85,243,1,0,20251027,MIN,DEN,21740,0,201144|203497|1628978|1629675|1630545,0,REG,2026,1610612750,,,,,
22500008539,,Shot Chart Detail,22500008,539,203497,Rudy Gobert,1610612750,Minnesota Timberwolves,4,11,20,Missed Shot,Cutting Finger Roll Layup Shot,2PT Field Goal,Restricted Area,Center(C),Less Than 8 ft.,3,11,29,1,0,20251027,MIN,DEN,22000,0,201144|203497|1628978|1629675|1630545,0,REG,2026,1610612750,,,,,
22500008541,,Shot Chart Detail,22500008,541,203497,Rudy Gobert,1610612750,Minnesota Timberwolves,4,11,17,Made Shot,Putback Layup Shot,2PT Field Goal,Restricted Area,Center(C),Less Than 8 ft.,0,0,0,1,1,20251027,MIN,DEN,22030,0,201144|203497|1628978|1629675|1630545,0,REG,2026,1610612750,,,,,
22500008551,,Shot Chart Detail,22500008,551,1630545,Terrence Shannon Jr.,1610612750,Minnesota Timberwolves,4,10,43,Missed Shot,Running Layup Shot,2PT Field Goal,In The Paint (Non-RA),Center(C),Less Than 8 ft.,4,-13,38,1,0,20251027,MIN,DEN,22370,0,201144|203497|1628978|1629675|1630545,0,REG,2026,1610612750,,,,,
22500008562,,Shot Chart Detail,22500008,562,1629675,Naz Reid,1610612750,Minnesota Timberwolves,4,10,19,Missed Shot,Jump Shot,3PT Field Goal,Above the Break 3,Center(C),24+ ft.,26,26,264,1,0,20251027,MIN,DEN,22610,0,201144|203497|1628978|1629675|1630545,0,REG,2026,1610612750,,,,,
22500008566,,Shot Chart Detail,22500008,566,203497,Rudy Gobert,1610612750,Minnesota Timberwolves,4,10,6,Missed Shot,Cutting Layup Shot,2PT Field Goal,In The Paint (Non-RA),Center(C),Less Than 8 ft.,4,15,43,1,0,20251027,MIN,DEN,22740,0,201144|203497|1628978|1629675|1630545,0,REG,2026,1610612750,,,,,
22500008570,,Shot Chart Detail,22500008,570,1630545,Terrence Shannon Jr.,1610612750,Minnesota Timberwolves,4,9,50,Made Shot,Driving Layup Shot,2PT Field Goal,Restricted Area,Center(C),Less Than 8 ft.,0,2,7,1,1,20251027,MIN,DEN,22900,0,201144|203497|1628978|1629675|1630545,0,REG,2026,1610612750,,,,,
22500008572,,Shot Chart Detail,22500008,572,1629675,Naz Reid,1610612750,Minnesota Timberwolves,4,9,15,Made Shot,Driving Floating Jump Shot,2PT Field Goal,In The Paint (Non-RA),Center(C),Less Than 8 ft.,6,7,62,1,1,20251027,MIN,DEN,23250,0,201144|203497|1628978|1629675|1630545,1,REG,2026,1610612750,,,,,
22500008576,,Shot Chart Detail,22500008,576,1628978,Donte DiVincenzo,1610612750,Minnesota Timberwolves,4,8,51,Missed Shot,Pullup Jump shot,2PT Field Goal,Mid-Range,Right Side(R),8-16 ft.,11,100,62,1,0,20251027,MIN,DEN,23490,0,201144|203497|1628978|1629675|1630545,0,REG,2026,1610612750,,,,,
22500008591,,Shot Chart Detail,22500008,591,1629675,Naz Reid,1610612750,Minnesota Timberwolves,4,7,47,Missed Shot,Pullup Jump shot,3PT Field Goal,Above the Break 3,Right Side Center(RC),24+ ft.,26,120,237,1,0,20251027,MIN,DEN,24130,0,201144|203497|1628978|1629675|1630545,0,REG,2026,1610612750,,,,,
22500008602,,Shot Chart Detail,22500008,602,203944,Julius Randle,1610612750,Minnesota Timberwolves,4,7,10,Missed Shot,Turnaround Jump Shot,2PT Field Goal,In The Paint (Non-RA),Center(C),Less Than 8 ft.,7,4,74,1,0,20251027,MIN,DEN,24500,0,203497|203944|1628978|1630183|1630538,0,REG,2026,1610612750,,,,,
22500008607,,Shot Chart Detail,22500008,607,1630538,Bones Hyland,1610612750,Minnesota Timberwolves,4,6,44,Missed Shot,Jump Shot,3PT Field Goal,Right Corner 3,Right Side(R),24+ ft.,22,223,33,1,0,20251027,MIN,DEN,24760,0,203497|203944|1628978|1630183|1630538,0,REG,2026,1610612750,,,,,
22500008623,,Shot Chart Detail,22500008,623,1628978,Donte DiVincenzo,1610612750,Minnesota Timberwolves,4,5,44,Missed Shot,Running Jump Shot,3PT Field Goal,Above the Break 3,Left Side Center(LC),24+ ft.,26,-159,211,1,0,20251027,MIN,DEN,25360,0,203497|203944|1628978|1630183|1630538,0,REG,2026,1610612750,,,,,
22500008625,,Shot Chart Detail,22500008,625,203497,Rudy Gobert,1610612750,Minnesota Timberwolves,4,5,41,Made Shot,Tip Dunk Shot,2PT Field Goal,Restricted Area,Center(C),Less Than 8 ft.,0,0,0,1,1,20251027,MIN,DEN,25390,0,203497|203944|1628978|1630183|1630538,0,REG,2026,1610612750,,,,,
22500008634,,Shot Chart Detail,22500008,634,1630183,Jaden McDaniels,1610612750,Minnesota Timberwolves,4,4,42,Missed Shot,Pullup Jump shot,2PT Field Goal,In The Paint (Non-RA),Center(C),8-16 ft.,11,31,115,1,0,20251027,MIN,DEN,25980,0,203497|203944|1628978|1630183|1630538,0,REG,2026,1610612750,,,,,
22500008641,,Shot Chart Detail,22500008,641,1628978,Donte DiVincenzo,1610612750,Minnesota Timberwolves,4,4,19,Missed Shot,Jump Shot,3PT Field Goal,Left Corner 3,Left Side(L),24+ ft.,23,-234,-24,1,0,20251027,MIN,DEN,26210,0,203497|203944|1628978|1630183|1630538,0,REG,2026,1610612750,,,,,
22500008644,,Shot Chart Detail,22500008,644,1630183,Jaden McDaniels,1610612750,Minnesota Timberwolves,4,3,56,Missed Shot,Fadeaway Jump Shot,2PT Field Goal,In The Paint (Non-RA),Center(C),Less Than 8 ft.,6,18,63,1,0,20251027,MIN,DEN,26440,0,203497|203944|1628978|1630183|1630538,0,REG,2026,1610612750,,,,,
22500008652,,Shot Chart Detail,22500008,652,1629675,Naz Reid,1610612750,Minnesota Timberwolves,4,3,43,Missed Shot,Jump Shot,3PT Field Goal,Above the Break 3,Center(C),24+ ft.,26,-53,263,1,0,20251027,MIN,DEN,26570,0,203944|1628978|1629675|1630183|1630538,0,REG,2026,1610612750,,,,,
22500008658,,Shot Chart Detail,22500008,658,1630183,Jaden McDaniels,1610612750,Minnesota Timberwolves,4,3,8,Missed Shot,Running Jump Shot,3PT Field Goal,Above the Break 3,Left Side Center(LC),24+ ft.,26,-83,249,1,0,20251027,MIN,DEN,26920,0,203944|1628978|1629675|1630183|1630538,0,REG,2026,1610612750,,,,,
22500008677,,Shot Chart Detail,22500008,677,203944,Julius Randle,1610612750,Minnesota Timberwolves,4,2,27,Made Shot,Driving Floating Bank Jump Shot,2PT Field Goal,In The Paint (Non-RA),Center(C),Less Than 8 ft.,6,36,58,1,1,20251027,MIN,DEN,27330,0,203944|1630538|1630545|1630548|1631159,0,REG,2026,1610612750,,,,,
22500008689,,Shot Chart Detail,22500008,689,1630538,Bones Hyland,1610612750,Minnesota Timberwolves,4,2,2,Missed Shot,Step Back Jump shot,3PT Field Goal,Above the Break 3,Right Side Center(RC),24+ ft.,25,181,176,1,0,20251027,MIN,DEN,27580,0,1630538|1630545|1630548|1631159|1642866,0,REG,2026,1610612750,,,,,
22500008691,,Shot Chart Detail,22500008,691,1630538,Bones Hyland,1610612750,Minnesota Timberwolves,4,1,56,Missed Shot,Jump Shot,3PT Field Goal,Above the Break 3,Center(C),24+ ft.,26,-5,263,1,0,20251027,MIN,DEN,27640,0,1630538|1630545|1630548|1631159|1642866,0,REG,2026,1610612750,,,,,
22500008695,,Shot Chart Detail,22500008,695,1630545,Terrence Shannon Jr.,1610612750,Minnesota Timberwolves,4,1,27,Missed Shot,Pullup Jump shot,2PT Field Goal,In The Paint (Non-RA),Center(C),8-16 ft.,14,51,138,1,0,20251027,MIN,DEN,27930,0,1630538|1630545|1630548|1631159|1642866,0,REG,2026,1610612750,,,,,
22500008710,,Shot Chart Detail,22500008,710,1630545,Terrence Shannon Jr.,1610612750,Minnesota Timberwolves,4,0,56,Made Shot,Driving Floating Jump Shot,2PT Field Goal,In The Paint (Non-RA),Center(C),Less Than 8 ft.,7,12,70,1,1,20251027,MIN,DEN,28240,0,1630538|1630545|1630548|1631159|1642866,0,REG,2026,1610612750,,,,,
22500008714,,Shot Chart Detail,22500008,714,1630548,Johnny Juzang,1610612750,Minnesota Timberwolves,4,0,16,Missed Shot,Step Back Jump shot,2PT Field Goal,Mid-Range,Right Side(R),8-16 ft.,11,114,29,1,0,20251027,MIN,DEN,28640,0,1630538|1630545|1630548|1631159|1642866,0,REG,2026,1610612750,,,,,
225000197,,Shot Chart Detail,22500019,7,1630162,Anthony Edwards,1610612750,Minnesota Timberwolves,1,11,44,Missed Shot,Pullup Jump shot,3PT Field Goal,Above the Break 3,Center(C),24+ ft.,26,-44,258,1,0,20251024,LAL,MIN,160,0,203497|203944|1628978|1630162|1630183,0,REG,2026,1610612750,,,,,
2250001910,,Shot Chart Detail,22500019,10,1628978,Donte DiVincenzo,1610612750,Minnesota Timberwolves,1,11,34,Made Shot,Driving Floating Jump Shot,2PT Field Goal,In The Paint (Non-RA),Center(C),8-16 ft.,9,31,90,1,1,20251024,LAL,MIN,260,0,203497|203944|1628978|1630162|1630183,1,REG,2026,1610612750,,,,,
2250001915,,Shot Chart Detail,22500019,15,1630183,Jaden McDaniels,1610612750,Minnesota Timberwolves,1,11,1,Made Shot,Running Finger Roll Layup Shot,2PT Field Goal,Restricted Area,Center(C),Less Than 8 ft.,0,4,9,1,1,20251024,LAL,MIN,590,0,203497|203944|1628978|1630162|1630183,1,REG,2026,1610612750,,,,,
2250001919,,Shot Chart Detail,22500019,19,1630183,Jaden McDaniels,1610612750,Minnesota Timberwolves,1,10,37,Made Shot,Fadeaway Jump Shot,2PT Field Goal,In The Paint (Non-RA),Center(C),8-16 ft.,10,43,94,1,1,20251024,LAL,MIN,830,0,203497|203944|1628978|1630162|1630183,1,REG,2026,1610612750,,,,,
2250001925,,Shot Chart Detail,22500019,25,1630183,Jaden McDaniels,1610612750,Minnesota Timberwolves,1,9,56,Missed Shot,Pullup Jump shot,3PT Field Goal,Left Corner 3,Left Side(L),24+ ft.,22,-228,27,1,0,20251024,LAL,MIN,1240,0,203497|203944|1628978|1630162|1630183,0,REG,2026,1610612750,,,,,
2250001928,,Shot Chart Detail,22500019,28,203944,Julius Randle,1610612750,Minnesota Timberwolves,1,9,48,Made Shot,Jump Shot,3PT Field Goal,Left Corner 3,Left Side(L),24+ ft.,24,-240,10,1,1,20251024,LAL,MIN,1320,0,203497|203944|1628978|1630162|1630183,1,REG,2026,1610612750,,,,,
2250001938,,Shot Chart Detail,22500019,38,1630162,Anthony Edwards,1610612750,Minnesota Timberwolves,1,9,2,Missed Shot,Step Back Jump shot,2PT Field Goal,Mid-Range,Right Side(R),8-16 ft.,13,115,61,1,0,20251024,LAL,MIN,1780,0,203497|203944|1628978|1630162|1630183,0,REG,2026,1610612750,,,,,
2250001942,,Shot Chart Detail,22500019,42,203944,Julius Randle,1610612750,Minnesota Timberwolves,1,8,41,Made Shot,Pullup Jump shot,3PT Field Goal,Above the Break 3,Left Side Center(LC),24+ ft.,27,-86,260,1,1,20251024,LAL,MIN,1990,0,203497|203944|1628978|1630162|1630183,1,REG,2026,1610612750,,,,,
2250001946,,Shot Chart Detail,22500019,46,1628978,Donte DiVincenzo,1610612750,Minnesota Timberwolves,1,8,9,Made Shot,Jump Shot,3PT Field Goal,Above the Break 3,Center(C),24+ ft.,27,-15,276,1,1,20251024,LAL,MIN,2310,0,203497|203944|1628978|1630162|1630183,1,REG,2026,1610612750,,,,,
2250001950,,Shot Chart Detail,22500019,50,1628978,Donte DiVincenzo,1610612750,Minnesota Timberwolves,1,7,47,Made Shot,Jump Shot,3PT Field Goal,Right Corner 3,Right Side(R),24+ ft.,23,228,69,1,1,20251024,LAL,MIN,2530,0,203497|203944|1628978|1630162|1630183,1,REG,2026,1610612750,,,,,
2250001954,,Shot Chart Detail,22500019,54,1630162,Anthony Edwards,1610612750,Minnesota Timberwolves,1,7,25,Made Shot,Running Layup Shot,2PT Field Goal,Restricted Area,Center(C),Less Than 8 ft.,1,-7,15,1,1,20251024,LAL,MIN,2750,0,203497|203944|1628978|1630162|1630183,1,REG,2026,1610612750,,,,,
2250001959,,Shot Chart Detail,22500019,59,1630162,Anthony Edwards,1610612750,Minnesota Timberwolves,1,6,49,Made Shot,Turnaround Jump Shot,2PT Field Goal,Mid-Range,Center(C),8-16 ft.,15,2,158,1,1,20251024,LAL,MIN,3110,0,203497|203944|1628978|1630162|1630183,0,REG,2026,1610612750,,,,,
2250001962,,Shot Chart Detail,22500019,62,1630162,Anthony Edwards,1610612750,Minnesota Timberwolves,1,6,32,Made Shot,Step Back Jump shot,3PT Field Goal,Above the Break 3,Center(C),24+ ft.,27,45,276,1,1,20251024,LAL,MIN,3280,0,203497|203944|1628978|1630162|1630183,0,REG,2026,1610612750,,,,,
2250001980,,Shot Chart Detail,22500019,80,203944,Julius Randle,1610612750,Minnesota Timberwolves,1,6,0,Made Shot,Pullup Jump shot,2PT Field Goal,Mid-Range,Center(C),16-24 ft.,16,43,156,1,1,20251024,LAL,MIN,3600,0,203944|1628978|1629675|1630162|1630183,1,REG,2026,1610612750,,,,,
2250001984,,Shot Chart Detail,22500019,84,1629675,Naz Reid,1610612750,Minnesota Timberwolves,1,5,36,Missed Shot,Floating Jump shot,2PT Field Goal,In The Paint (Non-RA),Center(C),8-16 ft.,11,6,113,1,0,20251024,LAL,MIN,3840,0,203944|1628978|1629675|1630162|1630183,0,REG,2026,1610612750,,,,,
2250001987,,Shot Chart Detail,22500019,87,203944,Julius Randle,1610612750,Minnesota Timberwolves,1,5,16,Missed Shot,Jump Shot,3PT Field Goal,Above the Break 3,Center(C),24+ ft.,29,75,288,1,0,20251024,LAL,MIN,4040,0,203944|1628978|1629675|1630162|1630183,0,REG,2026,1610612750,,,,,
2250001994,,Shot Chart Detail,22500019,94,1630162,Anthony Edwards,1610612750,Minnesota Timberwolves,1,4,34,Missed Shot,Pullup Jump shot,3PT Field Goal,Above the Break 3,Right Side Center(RC),24+ ft.,29,94,278,1,0,20251024,LAL,MIN,4460,0,201144|203944|1629675|1630162|1630183,0,REG,2026,1610612750,,,,,
22500019105,,Shot Chart Detail,22500019,105,1630545,Terrence Shannon Jr.,1610612750,Minnesota Timberwolves,1,3,45,Missed Shot,Driving Reverse Layup Shot,2PT Field Goal,In The Paint (Non-RA),Center(C),Less Than 8 ft.,4,29,40,1,0,20251024,LAL,MIN,4950,0,201144|1629675|1630162|1630183|1630545,0,REG,2026,1610612750,,,,,
22500019108,,Shot Chart Detail,22500019,108,1630183,Jaden McDaniels,1610612750,Minnesota Timberwolves,1,3,44,Made Shot,Putback Layup Shot,2PT Field Goal,Restricted Area,Center(C),Less Than 8 ft.,2,12,21,1,1,20251024,LAL,MIN,4960,0,201144|1629675|1630162|1630183|1630545,0,REG,2026,1610612750,,,,,
22500019116,,Shot Chart Detail,22500019,116,1630162,Anthony Edwards,1610612750,Minnesota Timberwolves,1,3,18,Made Shot,Driving Floating Bank Jump Shot,2PT Field Goal,In The Paint (Non-RA),Center(C),8-16 ft.,10,28,100,1,1,20251024,LAL,MIN,5220,0,201144|1629675|1630162|1630183|1630545,0,REG,2026,1610612750,,,,,
22500019123,,Shot Chart Detail,22500019,123,1630162,Anthony Edwards,1610612750,Minnesota Timberwolves,1,3,12,Made Shot,Pullup Jump shot,2PT Field Goal,Mid-Range,Left Side(L),8-16 ft.,15,-82,131,1,1,20251024,LAL,MIN,5280,0,201144|203497|1629675|1630162|1630545,0,REG,2026,1610612750,,,,,
22500019125,,Shot Chart Detail,22500019,125,201144,Mike Conley,1610612750,Minnesota Timberwolves,1,2,32,Missed Shot,Driving Floating Jump Shot,2PT Field Goal,In The Paint (Non-RA),Center(C),8-16 ft.,9,-38,82,1,0,20251024,LAL,MIN,5680,0,201144|203497|1629675|1630162|1630545,0,REG,2026,1610612750,,,,,
22500019127,,Shot Chart Detail,22500019,127,201144,Mike Conley,1610612750,Minnesota Timberwolves,1,2,27,Missed Shot,Tip Layup Shot,2PT Field Goal,Restricted Area,Center(C),Less Than 8 ft.,0,0,0,1,0,20251024,LAL,MIN,5730,0,201144|203497|1629675|1630162|1630545,0,REG,2026,1610612750,,,,,
22500019134,,Shot Chart Detail,22500019,134,1629675,Naz Reid,1610612750,Minnesota Timberwolves,1,2,3,Made Shot,Jump Shot,3PT Field Goal,Above the Break 3,Left Side Center(LC),24+ ft.,27,-91,260,1,1,20251024,LAL,MIN,5970,0,201144|203497|1629675|1630162|1630545,1,REG,2026,1610612750,,,,,
22500019137,,Shot Chart Detail,22500019,137,201144,Mike Conley,1610612750,Minnesota Timberwolves,1,1,37,Missed Shot,Pullup Jump shot,3PT Field Goal,Above the Break 3,Right Side Center(RC),24+ ft.,25,218,141,1,0,20251024,LAL,MIN,6230,0,201144|203497|1629675|1630162|1630545,0,REG,2026,1610612750,,,,,
22500019142,,Shot Chart Detail,22500019,142,1630162,Anthony Edwards,1610612750,Minnesota Timberwolves,1,1,23,Made Shot,Step Back Jump shot,3PT Field Goal,Above the Break 3,Left Side Center(LC),24+ ft.,26,-87,251,1,1,20251024,LAL,MIN,6370,0,201144|203497|1629675|1630162|1630545,0,REG,2026,1610612750,,,,,
22500019144,,Shot Chart Detail,22500019,144,1630545,Terrence Shannon Jr.,1610612750,Minnesota Timberwolves,1,0,53,Missed Shot,Jump Shot,3PT Field Goal,Above the Break 3,Left Side Center(LC),24+ ft.,28,-138,247,1,0,20251024,LAL,MIN,6670,0,201144|203497|1629675|1630162|1630545,0,REG,2026,1610612750,,,,,
22500019153,,Shot Chart Detail,22500019,153,1629675,Naz Reid,1610612750,Minnesota Timberwolves,1,0,30,Missed Shot,Jump Shot,3PT Field Goal,Above the Break 3,Right Side Center(RC),24+ ft.,29,150,252,1,0,20251024,LAL,MIN,6900,0,201144|203497|1629675|1630162|1630545,0,REG,2026,1610612750,,,,,
22500019184,,Shot Chart Detail,22500019,184,1628978,Donte DiVincenzo,1610612750,Minnesota Timberwolves,2,10,47,Made Shot,Jump Shot,3PT Field Goal,Above the Break 3,Left Side Center(LC),24+ ft.,25,-96,241,1,1,20251024,LAL,MIN,7930,0,201144|203497|1628978|1629675|1641740,1,REG,2026,1610612750,,,,,
22500019188,,Shot Chart Detail,22500019,188,1641740,Jaylen Clark,1610612750,Minnesota Timberwolves,2,10,18,Missed Shot,Driving Floating Jump Shot,2PT Field Goal,In The Paint (Non-RA),Center(C),Less Than 8 ft.,4,-38,14,1,0,20251024,LAL,MIN,8220,0,201144|203497|1628978|1629675|1641740,0,REG,2026,1610612750,,,,,
22500019193,,Shot Chart Detail,22500019,193,1641740,Jaylen Clark,1610612750,Minnesota Timberwolves,2,10,17,Made Shot,Tip Layup Shot,2PT Field Goal,Restricted Area,Center(C),Less Than 8 ft.,3,-28,13,1,1,20251024,LAL,MIN,8230,0,201144|203497|1628978|1629675|1641740,0,REG,2026,1610612750,,,,,
22500019195,,Shot Chart Detail,22500019,195,1629675,Naz Reid,1610612750,Minnesota Timberwolves,2,9,42,Missed Shot,Driving Floating Bank Jump Shot,2PT Field Goal,Mid-Range,Right Side(R),8-16 ft.,15,146,58,1,0,20251024,LAL,MIN,8580,0,201144|203497|1628978|1629675|1641740,0,REG,2026,1610612750,,,,,
22500019208,,Shot Chart Detail,22500019,208,1630538,Bones Hyland,1610612750,Minnesota Timberwolves,2,9,3,Missed Shot,Step Back Jump shot,3PT Field Goal,Above the Break 3,Left Side Center(LC),24+ ft.,27,-191,198,1,0,20251024,LAL,MIN,8970,0,203497|1628978|1629675|1630538|1641740,0,REG,2026,1610612750,,,,,
22500019210,,Shot Chart Detail,22500019,210,1628978,Donte DiVincenzo,1610612750,Minnesota Timberwolves,2,8,56,Missed Shot,Pullup Jump shot,3PT Field Goal,Above the Break 3,Center(C),24+ ft.,29,67,290,1,0,20251024,LAL,MIN,9040,0,203497|1628978|1629675|1630538|1641740,0,REG,2026,1610612750,,,,,
22500019212,,Shot Chart Detail,22500019,212,1641740,Jaylen Clark,1610612750,Minnesota Timberwolves,2,8,49,Made Shot,Layup Shot,2PT Field Goal,Restricted Area,Center(C),Less Than 8 ft.,2,17,19,1,1,20251024,LAL,MIN,9110,0,203497|1628978|1629675|1630538|1641740,1,REG,2026,1610612750,,,,,
22500019223,,Shot Chart Detail,22500019,223,1641740,Jaylen Clark,1610612750,Minnesota Timberwolves,2,8,18,Made Shot,Jump Shot,3PT Field Goal,Left Corner 3,Left Side(L),24+ ft.,23,-233,21,1,1,20251024,LAL,MIN,9420,0,203944|1628978|1629675|1630538|1641740,1,REG,2026,1610612750,,,,,
22500019227,,Shot Chart Detail,22500019,227,1630538,Bones Hyland,1610612750,Minnesota Timberwolves,2,7,49,Made Shot,Jump Shot,2PT Field Goal,Mid-Range,Right Side(R),8-16 ft.,14,141,13,1,1,20251024,LAL,MIN,9710,0,203944|1628978|1629675|1630538|1641740,1,REG,2026,1610612750,,,,,
22500019231,,Shot Chart Detail,22500019,231,1628978,Donte DiVincenzo,1610612750,Minnesota Timberwolves,2,7,11,Missed Shot,Jump Shot,3PT Field Goal,Left Corner 3,Left Side(L),24+ ft.,23,-235,17,1,0,20251024,LAL,MIN,10090,0,203944|1628978|1629675|1630538|1641740,0,REG,2026,1610612750,,,,,
22500019235,,Shot Chart Detail,22500019,235,203944,Julius Randle,1610612750,Minnesota Timberwolves,2,6,34,Made Shot,Fadeaway Bank shot,2PT Field Goal,Mid-Range,Right Side(R),8-16 ft.,8,88,17,1,1,20251024,LAL,MIN,10460,0,203944|1628978|1629675|1630538|1641740,0,REG,2026,1610612750,,,,,
22500019247,,Shot Chart Detail,22500019,247,1630538,Bones Hyland,1610612750,Minnesota Timberwolves,2,6,12,Made Shot,Jump Shot,3PT Field Goal,Above the Break 3,Center(C),24+ ft.,27,34,277,1,1,20251024,LAL,MIN,10680,0,203944|1629675|1630162|1630183|1630538,1,REG,2026,1610612750,,,,,
22500019268,,Shot Chart Detail,22500019,268,203944,Julius Randle,1610612750,Minnesota Timberwolves,2,4,15,Missed Shot,Driving Floating Jump Shot,2PT Field Goal,In The Paint (Non-RA),Center(C),Less Than 8 ft.,7,0,73,1,0,20251024,LAL,MIN,11850,0,203944|1629675|1630162|1630183|1630538,0,REG,2026,1610612750,,,,,
22500019270,,Shot Chart Detail,22500019,270,1630183,Jaden McDaniels,1610612750,Minnesota Timberwolves,2,4,3,Made Shot,Alley Oop Dunk Shot,2PT Field Goal,Restricted Area,Center(C),Less Than 8 ft.,1,5,13,1,1,20251024,LAL,MIN,11970,0,203944|1629675|1630162|1630183|1630538,1,REG,2026,1610612750,,,,,
22500019282,,Shot Chart Detail,22500019,282,1630162,Anthony Edwards,1610612750,Minnesota Timberwolves,2,3,20,Missed Shot,Pullup Jump shot,2PT Field Goal,In The Paint (Non-RA),Center(C),8-16 ft.,15,-74,136,1,0,20251024,LAL,MIN,12400,0,203497|203944|1628978|1630162|1630183,0,REG,2026,1610612750,,,,,
22500019293,,Shot Chart Detail,22500019,293,203944,Julius Randle,1610612750,Minnesota Timberwolves,2,2,41,Missed Shot,Turnaround Fadeaway shot,2PT Field Goal,Mid-Range,Left Side(L),8-16 ft.,13,-134,34,1,0,20251024,LAL,MIN,12790,0,203497|203944|1628978|1630162|1630183,0,REG,2026,1610612750,,,,,
22500019298,,Shot Chart Detail,22500019,298,1628978,Donte DiVincenzo,1610612750,Minnesota Timberwolves,2,2,10,Missed Shot,Jump Shot,3PT Field Goal,Above the Break 3,Right Side Center(RC),24+ ft.,26,192,189,1,0,20251024,LAL,MIN,13100,0,203497|203944|1628978|1630162|1630183,0,REG,2026,1610612750,,,,,
22500019302,,Shot Chart Detail,22500019,302,203944,Julius Randle,1610612750,Minnesota Timberwolves,2,1,38,Missed Shot,Jump Shot,3PT Field Goal,Right Corner 3,Right Side(R),24+ ft.,23,239,13,1,0,20251024,LAL,MIN,13420,0,203497|203944|1628978|1630162|1630183,0,REG,2026,1610612750,,,,,
22500019304,,Shot Chart Detail,22500019,304,203497,Rudy Gobert,1610612750,Minnesota Timberwolves,2,1,33,Missed Shot,Putback Layup Shot,2PT Field Goal,In The Paint (Non-RA),Center(C),Less Than 8 ft.,4,1,41,1,0,20251024,LAL,MIN,13470,0,203497|203944|1628978|1630162|1630183,0,REG,2026,1610612750,,,,,
22500019306,,Shot Chart Detail,22500019,306,203944,Julius Randle,1610612750,Minnesota Timberwolves,2,1,32,Made Shot,Tip Dunk Shot,2PT Field Goal,Restricted Area,Center(C),Less Than 8 ft.,0,0,0,1,1,20251024,LAL,MIN,13480,0,203497|203944|1628978|1630162|1630183,0,REG,2026,1610612750,,,,,
22500019309,,Shot Chart Detail,22500019,309,1630183,Jaden McDaniels,1610612750,Minnesota Timberwolves,2,0,46,Missed Shot,Pullup Jump shot,3PT Field Goal,Above the Break 3,Left Side Center(LC),24+ ft.,27,-161,221,1,0,20251024,LAL,MIN,13940,0,203497|203944|1628978|1630162|1630183,0,REG,2026,1610612750,,,,,
22500019329,,Shot Chart Detail,22500019,329,1630162,Anthony Edwards,1610612750,Minnesota Timberwolves,2,0,0,Missed Shot,Pullup Jump shot,3PT Field Goal,Above the Break 3,Center(C),24+ ft.,26,-7,264,1,0,20251024,LAL,MIN,14400,0,203497|203944|1628978|1630162|1630183,0,REG,2026,1610612750,,,,,
22500019342,,Shot Chart Detail,22500019,342,1628978,Donte DiVincenzo,1610612750,Minnesota Timberwolves,3,11,40,Missed Shot,Jump Shot,3PT Field Goal,Above the Break 3,Left Side Center(LC),24+ ft.,27,-183,206,1,0,20251024,LAL,MIN,14600,0,203497|203944|1628978|1630162|1630183,0,REG,2026,1610612750,,,,,
22500019345,,Shot Chart Detail,22500019,345,203944,Julius Randle,1610612750,Minnesota Timberwolves,3,11,16,Made Shot,Driving Layup Shot,2PT Field Goal,Restricted Area,Center(C),Less Than 8 ft.,2,-20,12,1,1,20251024,LAL,MIN,14840,0,203497|203944|1628978|1630162|1630183,0,REG,2026,1610612750,,,,,
22500019351,,Shot Chart Detail,22500019,351,203944,Julius Randle,1610612750,Minnesota Timberwolves,3,10,32,Made Shot,Step Back Jump shot,3PT Field Goal,Above the Break 3,Right Side Center(RC),24+ ft.,27,162,218,1,1,20251024,LAL,MIN,15280,0,203497|203944|1628978|1630162|1630183,0,REG,2026,1610612750,,,,,
22500019355,,Shot Chart Detail,22500019,355,1630183,Jaden McDaniels,1610612750,Minnesota Timberwolves,3,9,50,Missed Shot,Driving Reverse Layup Shot,2PT Field Goal,In The Paint (Non-RA),Center(C),Less Than 8 ft.,4,1,42,1,0,20251024,LAL,MIN,15700,0,203497|203944|1628978|1630162|1630183,0,REG,2026,1610612750,,,,,
22500019360,,Shot Chart Detail,22500019,360,1630162,Anthony Edwards,1610612750,Minnesota Timberwolves,3,9,28,Made Shot,Pullup Jump shot,2PT Field Goal,In The Paint (Non-RA),Center(C),8-16 ft.,13,55,120,1,1,20251024,LAL,MIN,15920,0,203497|203944|1628978|1630162|1630183,0,REG,2026,1610612750,,,,,
22500019376,,Shot Chart Detail,22500019,376,1630183,Jaden McDaniels,1610612750,Minnesota Timberwolves,3,8,24,Made Shot,Driving Layup Shot,2PT Field Goal,Restricted Area,Center(C),Less Than 8 ft.,0,0,8,1,1,20251024,LAL,MIN,16560,0,203497|203944|1628978|1630162|1630183,1,REG,2026,1610612750,,,,,
22500019384,,Shot Chart Detail,22500019,384,1641740,Jaylen Clark,1610612750,Minnesota Timberwolves,3,7,51,Missed Shot,Cutting Layup Shot,2PT Field Goal,Restricted Area,Center(C),Less Than 8 ft.,2,25,15,1,0,20251024,LAL,MIN,16890,0,203497|203944|1628978|1630162|1641740,0,REG,2026,1610612750,,,,,
22500019407,,Shot Chart Detail,22500019,407,203944,Julius Randle,1610612750,Minnesota Timberwolves,3,6,30,Made Shot,Jump Shot,3PT Field Goal,Above the Break 3,Left Side Center(LC),24+ ft.,26,-180,195,1,1,20251024,LAL,MIN,17700,0,203944|1629675|1630162|1630545|1641740,1,REG,2026,1610612750,,,,,
22500019411,,Shot Chart Detail,22500019,411,1630162,Anthony Edwards,1610612750,Minnesota Timberwolves,3,5,59,Made Shot,Driving Layup Shot,2PT Field Goal,Restricted Area,Center(C),Less Than 8 ft.,2,-17,22,1,1,20251024,LAL,MIN,18010,0,203944|1629675|1630162|1630545|1641740,0,REG,2026,1610612750,,,,,
22500019424,,Shot Chart Detail,22500019,424,203944,Julius Randle,1610612750,Minnesota Timberwolves,3,5,16,Made Shot,Driving Layup Shot,2PT Field Goal,Restricted Area,Center(C),Less Than 8 ft.,3,-26,22,1,1,20251024,LAL,MIN,18440,0,203944|1629675|1630162|1630545|1641740,1,REG,2026,1610612750,,,,,
22500019433,,Shot Chart Detail,22500019,433,1630162,Anthony Edwards,1610612750,Minnesota Timberwolves,3,4,33,Made Shot,Driving Finger Roll Layup Shot,2PT Field Goal,Restricted Area,Center(C),Less Than 8 ft.,0,5,8,1,1,20251024,LAL,MIN,18870,0,201144|1629675|1630162|1630545|1641740,0,REG,2026,1610612750,,,,,
22500019444,,Shot Chart Detail,22500019,444,1630162,Anthony Edwards,1610612750,Minnesota Timberwolves,3,3,23,Missed Shot,Pullup Jump shot,2PT Field Goal,In The Paint (Non-RA),Center(C),8-16 ft.,10,34,99,1,0,20251024,LAL,MIN,19570,0,201144|1629675|1630162|1630545|1641740,0,REG,2026,1610612750,,,,,
22500019452,,Shot Chart Detail,22500019,452,1630162,Anthony Edwards,1610612750,Minnesota Timberwolves,3,3,2,Made Shot,Cutting Layup Shot,2PT Field Goal,Restricted Area,Center(C),Less Than 8 ft.,2,-9,23,1,1,20251024,LAL,MIN,19780,0,203497|1629675|1630162|1630545|1641740,1,REG,2026,1610612750,,,,,
22500019472,,Shot Chart Detail,22500019,472,203944,Julius Randle,1610612750,Minnesota Timberwolves,3,1,47,Missed Shot,Jump Shot,3PT Field Goal,Above the Break 3,Left Side Center(LC),24+ ft.,27,-203,181,1,0,20251024,LAL,MIN,20530,0,203497|203944|1630162|1630538|1630545,0,REG,2026,1610612750,,,,,
22500019491,,Shot Chart Detail,22500019,491,1630162,Anthony Edwards,1610612750,Minnesota Timberwolves,3,0,34,Missed Shot,Driving Floating Bank Jump Shot,2PT Field Goal,In The Paint (Non-RA),Center(C),Less Than 8 ft.,4,-39,17,1,0,20251024,LAL,MIN,21260,0,203497|203944|1628978|1630162|1630538,0,REG,2026,1610612750,,,,,
22500019493,,Shot Chart Detail,22500019,493,203497,Rudy Gobert,1610612750,Minnesota Timberwolves,3,0,32,Made Shot,Tip Layup Shot,2PT Field Goal,Restricted Area,Center(C),Less Than 8 ft.,0,0,0,1,1,20251024,LAL,MIN,21280,0,203497|203944|1628978|1630162|1630538,0,REG,2026,1610612750,,,,,
22500019498,,Shot Chart Detail,22500019,498,203944,Julius Randle,1610612750,Minnesota Timberwolves,3,0,0,Missed Shot,Layup Shot,2PT Field Goal,In The Paint (Non-RA),Center(C),Less Than 8 ft.,4,-12,39,1,0,20251024,LAL,MIN,21600,0,203497|203944|1628978|1630162|1630538,0,REG,2026,1610612750,,,,,
22500019511,,Shot Chart Detail,22500019,511,1629675,Naz Reid,1610612750,Minnesota Timberwolves,4,11,40,Missed Shot,Hook Shot,2PT Field Goal,Restricted Area,Center(C),Less Than 8 ft.,3,29,26,1,0,20251024,LAL,MIN,21800,0,203497|1628978|1629675|1630183|1630538,0,REG,2026,1610612750,,,,,
22500019521,,Shot Chart Detail,22500019,521,1630183,Jaden McDaniels,1610612750,Minnesota Timberwolves,4,11,2,Missed Shot,Driving Layup Shot,2PT Field Goal,Restricted Area,Center(C),Less Than 8 ft.,3,-13,31,1,0,20251024,LAL,MIN,22180,0,203497|1628978|1629675|1630183|1630538,0,REG,2026,1610612750,,,,,
22500019525,,Shot Chart Detail,22500019,525,1629675,Naz Reid,1610612750,Minnesota Timberwolves,4,10,31,Missed Shot,Pullup Jump shot,3PT Field Goal,Above the Break 3,Center(C),24+ ft.,25,27,256,1,0,20251024,LAL,MIN,22490,0,203497|1628978|1629675|1630183|1630538,0,REG,2026,1610612750,,,,,
22500019529,,Shot Chart Detail,22500019,529,1630538,Bones Hyland,1610612750,Minnesota Timberwolves,4,9,55,Made Shot,Driving Layup Shot,2PT Field Goal,Restricted Area,Center(C),Less Than 8 ft.,1,-11,12,1,1,20251024,LAL,MIN,22850,0,203497|1628978|1629675|1630183|1630538,0,REG,2026,1610612750,,,,,
22500019534,,Shot Chart Detail,22500019,534,1629675,Naz Reid,1610612750,Minnesota Timberwolves,4,9,30,Made Shot,Driving Reverse Layup Shot,2PT Field Goal,Restricted Area,Center(C),Less Than 8 ft.,0,-6,2,1,1,20251024,LAL,MIN,23100,0,203497|1628978|1629675|1630183|1630538,1,REG,2026,1610612750,,,,,
22500019537,,Shot Chart Detail,22500019,537,1630183,Jaden McDaniels,1610612750,Minnesota Timberwolves,4,8,57,Missed Shot,Jump Shot,3PT Field Goal,Above the Break 3,Left Side Center(LC),24+ ft.,29,-172,239,1,0,20251024,LAL,MIN,23430,0,203497|1628978|1629675|1630183|1630538,0,REG,2026,1610612750,,,,,
22500019546,,Shot Chart Detail,22500019,546,1629675,Naz Reid,1610612750,Minnesota Timberwolves,4,8,31,Missed Shot,Step Back Jump shot,3PT Field Goal,Above the Break 3,Center(C),24+ ft.,27,-66,264,1,0,20251024,LAL,MIN,23690,0,203497|1628978|1629675|1630183|1630538,0,REG,2026,1610612750,,,,,
22500019548,,Shot Chart Detail,22500019,548,1629675,Naz Reid,1610612750,Minnesota Timberwolves,4,8,20,Missed Shot,Hook Shot,2PT Field Goal,In The Paint (Non-RA),Center(C),Less Than 8 ft.,7,-13,73,1,0,20251024,LAL,MIN,23800,0,203497|1628978|1629675|1630183|1630538,0,REG,2026,1610612750,,,,,
22500019562,,Shot Chart Detail,22500019,562,1630545,Terrence Shannon Jr.,1610612750,Minnesota Timberwolves,4,7,42,Missed Shot,Driving Floating Jump Shot,2PT Field Goal,Mid-Range,Center(C),8-16 ft.,15,-10,157,1,0,20251024,LAL,MIN,24180,0,203944|1630162|1630183|1630545|1642265,0,REG,2026,1610612750,,,,,
22500019571,,Shot Chart Detail,22500019,571,1630162,Anthony Edwards,1610612750,Minnesota Timberwolves,4,7,0,Made Shot,Pullup Jump shot,3PT Field Goal,Above the Break 3,Right Side Center(RC),24+ ft.,25,138,220,1,1,20251024,LAL,MIN,24600,0,203944|1628978|1630162|1630183|1630545,1,REG,2026,1610612750,,,,,
22500019583,,Shot Chart Detail,22500019,583,203944,Julius Randle,1610612750,Minnesota Timberwolves,4,6,6,Missed Shot,Jump Shot,3PT Field Goal,Above the Break 3,Right Side Center(RC),24+ ft.,26,173,196,1,0,20251024,LAL,MIN,25140,0,203944|1628978|1630162|1630183|1630545,0,REG,2026,1610612750,,,,,
22500019586,,Shot Chart Detail,22500019,586,1630183,Jaden McDaniels,1610612750,Minnesota Timberwolves,4,5,31,Missed Shot,Fadeaway Jump Shot,2PT Field Goal,In The Paint (Non-RA),Left Side(L),8-16 ft.,10,-61,85,1,0,20251024,LAL,MIN,25490,0,203944|1628978|1630162|1630183|1630545,0,REG,2026,1610612750,,,,,
22500019593,,Shot Chart Detail,22500019,593,1630162,Anthony Edwards,1610612750,Minnesota Timberwolves,4,5,10,Missed Shot,Step Back Jump shot,2PT Field Goal,Mid-Range,Right Side(R),8-16 ft.,14,140,4,1,0,20251024,LAL,MIN,25700,0,203944|1628978|1630162|1630183|1630545,0,REG,2026,1610612750,,,,,
22500019609,,Shot Chart Detail,22500019,609,1630183,Jaden McDaniels,1610612750,Minnesota Timberwolves,4,4,18,Missed Shot,Pullup Jump shot,3PT Field Goal,Left Corner 3,Left Side(L),24+ ft.,23,-235,36,1,0,20251024,LAL,MIN,26220,0,1630162|1630183|1630538|1641740|1642866,0,REG,2026,1610612750,,,,,
22500019616,,Shot Chart Detail,22500019,616,1630538,Bones Hyland,1610612750,Minnesota Timberwolves,4,3,45,Missed Shot,Jump Shot,3PT Field Goal,Above the Break 3,Center(C),24+ ft.,28,1,285,1,0,20251024,LAL,MIN,26550,0,204060|1630538|1631159|1641740|1642866,0,REG,2026,1610612750,,,,,
22500019643,,Shot Chart Detail,22500019,643,1642866,Joan Beringer,1610612750,Minnesota Timberwolves,4,2,49,Made Shot,Alley Oop Dunk Shot,2PT Field Goal,Restricted Area,Center(C),Less Than 8 ft.,0,9,-3,1,1,20251024,LAL,MIN,27110,0,204060|1630538|1630548|1631159|1642866,1,REG,2026,1610612750,,,,,
22500019647,,Shot Chart Detail,22500019,647,1630538,Bones Hyland,1610612750,Minnesota Timberwolves,4,2,20,Made Shot,Driving Layup Shot,2PT Field Goal,Restricted Area,Center(C),Less Than 8 ft.,1,10,-1,1,1,20251024,LAL,MIN,27400,0,204060|1630538|1630548|1631159|1642866,0,REG,2026,1610612750,,,,,
22500019650,,Shot Chart Detail,22500019,650,1631159,Leonard Miller,1610612750,Minnesota Timberwolves,4,1,55,Made Shot,Running Layup Shot,2PT Field Goal,Restricted Area,Center(C),Less Than 8 ft.,0,5,-3,1,1,20251024,LAL,MIN,27650,0,204060|1630538|1630548|1631159|1642866,1,REG,2026,1610612750,,,,,
22500019664,,Shot Chart Detail,22500019,664,1630548,Johnny Juzang,1610612750,Minnesota Timberwolves,4,0,45,Missed Shot,Jump Shot,3PT Field Goal,Left Corner 3,Left Side(L),24+ ft.,23,-235,36,1,0,20251024,LAL,MIN,28350,0,204060|1630538|1630548|1631159|1642866,0,REG,2026,1610612750,,,,,
22500019666,,Shot Chart Detail,22500019,666,204060,Joe Ingles,1610612750,Minnesota Timberwolves,4,0,37,Missed Shot,Jump Shot,3PT Field Goal,Above the Break 3,Right Side Center(RC),24+ ft.,26,125,239,1,0,20251024,LAL,MIN,28430,0,204060|1630538|1630548|1631159|1642866,0,REG,2026,1610612750,,,,,
22500019668,,Shot Chart Detail,22500019,668,1630548,Johnny Juzang,1610612750,Minnesota Timberwolves,4,0,33,Missed Shot,Jump Shot,3PT Field Goal,Right Corner 3,Right Side(R),24+ ft.,23,234,27,1,0,20251024,LAL,MIN,28470,0,204060|1630538|1630548|1631159|1642866,0,REG,2026,1610612750,,,,,
2250003610,,Shot Chart Detail,22500036,10,1630183,Jaden McDaniels,1610612750,Minnesota Timberwolves,1,11,52,Made Shot,Driving Dunk Shot,2PT Field Goal,Restricted Area,Center(C),Less Than 8 ft.,1,0,13,1,1,20251107,MIN,UTA,80,0,203497|203944|1628978|1630162|1630183,0,REG,2026,1610612750,,,,,
2250003613,,Shot Chart Detail,22500036,13,1630162,Anthony Edwards,1610612750,Minnesota Timberwolves,1,11,27,Made Shot,Step Back Jump shot,3PT Field Goal,Above the Break 3,Left Side Center(LC),24+ ft.,25,-137,215,1,1,20251107,MIN,UTA,330,0,203497|203944|1628978|1630162|1630183,0,REG,2026,1610612750,,,,,
2250003616,,Shot Chart Detail,22500036,16,1630162,Anthony Edwards,1610612750,Minnesota Timberwolves,1,10,51,Made Shot,Turnaround Fadeaway shot,2PT Field Goal,Mid-Range,Right Side(R),8-16 ft.,11,103,59,1,1,20251107,MIN,UTA,690,0,203497|203944|1628978|1630162|1630183,1,REG,2026,1610612750,,,,,
2250003623,,Shot Chart Detail,22500036,23,1630162,Anthony Edwards,1610612750,Minnesota Timberwolves,1,10,28,Made Shot,Jump Shot,3PT Field Goal,Above the Break 3,Right Side Center(RC),24+ ft.,25,154,197,1,1,20251107,MIN,UTA,920,0,203497|203944|1628978|1630162|1630183,1,REG,2026,1610612750,,,,,
2250003629,,Shot Chart Detail,22500036,29,1630162,Anthony Edwards,1610612750,Minnesota Timberwolves,1,10,8,Missed Shot,Running Pull-Up Jump Shot,2PT Field Goal,Mid-Range,Center(C),16-24 ft.,20,-5,200,1,0,20251107,MIN,UTA,1120,0,203497|203944|1628978|1630162|1630183,0,REG,2026,1610612750,,,,,
2250003633,,Shot Chart Detail,22500036,33,203944,Julius Randle,1610612750,Minnesota Timberwolves,1,10,0,Made Shot,Jump Shot,3PT Field Goal,Right Corner 3,Right Side(R),24+ ft.,22,228,18,1,1,20251107,MIN,UTA,1200,0,203497|203944|1628978|1630162|1630183,1,REG,2026,1610612750,,,,,
2250003638,,Shot Chart Detail,22500036,38,203944,Julius Randle,1610612750,Minnesota Timberwolves,1,9,21,Made Shot,Driving Finger Roll Layup Shot,2PT Field Goal,In The Paint (Non-RA),Center(C),Less Than 8 ft.,4,-28,32,1,1,20251107,MIN,UTA,1590,0,203497|203944|1628978|1630162|1630183,0,REG,2026,1610612750,,,,,
2250003645,,Shot Chart Detail,22500036,45,203944,Julius Randle,1610612750,Minnesota Timberwolves,1,8,38,Missed Shot,Jump Shot,3PT Field Goal,Above the Break 3,Center(C),24+ ft.,25,-13,253,1,0,20251107,MIN,UTA,2020,0,203497|203944|1628978|1630162|1630183,0,REG,2026,1610612750,,,,,
2250003653,,Shot Chart Detail,22500036,53,1630183,Jaden McDaniels,1610612750,Minnesota Timberwolves,1,7,56,Made Shot,Driving Finger Roll Layup Shot,2PT Field Goal,Restricted Area,Center(C),Less Than 8 ft.,3,-31,20,1,1,20251107,MIN,UTA,2440,0,203497|203944|1628978|1630162|1630183,1,REG,2026,1610612750,,,,,
2250003658,,Shot Chart Detail,22500036,58,203497,Rudy Gobert,1610612750,Minnesota Timberwolves,1,7,36,Made Shot,Alley Oop Layup shot,2PT Field Goal,Restricted Area,Center(C),Less Than 8 ft.,2,-20,6,1,1,20251107,MIN,UTA,2640,0,203497|203944|1628978|1630162|1630183,1,REG,2026,1610612750,,,,,
2250003668,,Shot Chart Detail,22500036,68,1630183,Jaden McDaniels,1610612750,Minnesota Timberwolves,1,6,59,Made Shot,Cutting Layup Shot,2PT Field Goal,Restricted Area,Center(C),Less Than 8 ft.,3,-32,4,1,1,20251107,MIN,UTA,3010,0,203497|203944|1628978|1630162|1630183,1,REG,2026,1610612750,,,,,
2250003674,,Shot Chart Detail,22500036,74,1630162,Anthony Edwards,1610612750,Minnesota Timberwolves,1,6,20,Made Shot,Jump Shot,3PT Field Goal,Above the Break 3,Right Side Center(RC),24+ ft.,25,179,178,1,1,20251107,MIN,UTA,3400,0,203497|203944|1628978|1630162|1630183,1,REG,2026,1610612750,,,,,
2250003682,,Shot Chart Detail,22500036,82,1628978,Donte DiVincenzo,1610612750,Minnesota Timberwolves,1,5,46,Missed Shot,Running Jump Shot,3PT Field Goal,Above the Break 3,Left Side Center(LC),24+ ft.,25,-161,201,1,0,20251107,MIN,UTA,3740,0,203497|203944|1628978|1630162|1630183,0,REG,2026,1610612750,,,,,
2250003684,,Shot Chart Detail,22500036,84,203497,Rudy Gobert,1610612750,Minnesota Timberwolves,1,5,42,Made Shot,Putback Dunk Shot,2PT Field Goal,Restricted Area,Center(C),Less Than 8 ft.,1,-5,11,1,1,20251107,MIN,UTA,3780,0,203497|203944|1628978|1630162|1630183,0,REG,2026,1610612750,,,,,
22500036104,,Shot Chart Detail,22500036,104,1630162,Anthony Edwards,1610612750,Minnesota Timberwolves,1,4,45,Missed Shot,Driving Layup Shot,2PT Field Goal,Restricted Area,Center(C),Less Than 8 ft.,3,-27,27,1,0,20251107,MIN,UTA,4350,0,201144|203497|1629675|1630162|1641740,0,REG,2026,1610612750,,,,,
22500036112,,Shot Chart Detail,22500036,112,1630162,Anthony Edwards,1610612750,Minnesota Timberwolves,1,4,7,Missed Shot,Pullup Jump shot,3PT Field Goal,Above the Break 3,Right Side Center(RC),24+ ft.,27,102,256,1,0,20251107,MIN,UTA,4730,0,201144|203497|1629675|1630162|1641740,0,REG,2026,1610612750,,,,,
22500036114,,Shot Chart Detail,22500036,114,1630162,Anthony Edwards,1610612750,Minnesota Timberwolves,1,4,2,Made Shot,Cutting Dunk Shot,2PT Field Goal,Restricted Area,Center(C),Less Than 8 ft.,1,-4,16,1,1,20251107,MIN,UTA,4780,0,201144|203497|1629675|1630162|1641740,1,REG,2026,1610612750,,,,,
22500036118,,Shot Chart Detail,22500036,118,1630162,Anthony Edwards,1610612750,Minnesota Timberwolves,1,3,38,Missed Shot,Step Back Jump shot,3PT Field Goal,Above the Break 3,Left Side Center(LC),24+ ft.,25,-224,113,1,0,20251107,MIN,UTA,5020,0,201144|203497|1629675|1630162|1641740,0,REG,2026,1610612750,,,,,
22500036129,,Shot Chart Detail,22500036,129,1630183,Jaden McDaniels,1610612750,Minnesota Timberwolves,1,3,14,Made Shot,Jump Shot,3PT Field Goal,Right Corner 3,Right Side(R),24+ ft.,23,230,38,1,1,20251107,MIN,UTA,5260,0,201144|203944|1629675|1630183|1641740,1,REG,2026,1610612750,,,,,
22500036133,,Shot Chart Detail,22500036,133,203944,Julius Randle,1610612750,Minnesota Timberwolves,1,2,55,Made Shot,Running Layup Shot,2PT Field Goal,Restricted Area,Center(C),Less Than 8 ft.,3,-25,18,1,1,20251107,MIN,UTA,5450,0,201144|203944|1629675|1630183|1641740,1,REG,2026,1610612750,,,,,
22500036137,,Shot Chart Detail,22500036,137,1641740,Jaylen Clark,1610612750,Minnesota Timberwolves,1,2,20,Missed Shot,Driving Floating Jump Shot,2PT Field Goal,Mid-Range,Left Side(L),8-16 ft.,10,-100,20,1,0,20251107,MIN,UTA,5800,0,201144|203944|1629675|1630183|1641740,0,REG,2026,1610612750,,,,,
22500036153,,Shot Chart Detail,22500036,153,1629675,Naz Reid,1610612750,Minnesota Timberwolves,1,1,27,Made Shot,Jump Shot,3PT Field Goal,Above the Break 3,Right Side Center(RC),24+ ft.,24,126,211,1,1,20251107,MIN,UTA,6330,0,201144|203944|1629675|1630183|1641740,1,REG,2026,1610612750,,,,,
22500036161,,Shot Chart Detail,22500036,161,1630183,Jaden McDaniels,1610612750,Minnesota Timberwolves,1,1,11,Missed Shot,Pullup Jump shot,2PT Field Goal,Mid-Range,Left Side(L),8-16 ft.,14,-127,62,1,0,20251107,MIN,UTA,6490,0,201144|203944|1629675|1630183|1642265,0,REG,2026,1610612750,,,,,
22500036166,,Shot Chart Detail,22500036,166,1630183,Jaden McDaniels,1610612750,Minnesota Timberwolves,1,0,55,Missed Shot,Driving Layup Shot,2PT Field Goal,Restricted Area,Center(C),Less Than 8 ft.,3,31,20,1,0,20251107,MIN,UTA,6650,0,201144|203944|1629675|1630183|1642265,0,REG,2026,1610612750,,,,,
22500036168,,Shot Chart Detail,22500036,168,1630183,Jaden McDaniels,1610612750,Minnesota Timberwolves,1,0,53,Missed Shot,Tip Layup Shot,2PT Field Goal,Restricted Area,Center(C),Less Than 8 ft.,0,0,0,1,0,20251107,MIN,UTA,6670,0,201144|203944|1629675|1630183|1642265,0,REG,2026,1610612750,,,,,
22500036170,,Shot Chart Detail,22500036,170,1630183,Jaden McDaniels,1610612750,Minnesota Timberwolves,1,0,51,Made Shot,Putback Layup Shot,2PT Field Goal,Restricted Area,Center(C),Less Than 8 ft.,2,-15,18,1,1,20251107,MIN,UTA,6690,0,201144|203944|1629675|1630183|1642265,0,REG,2026,1610612750,,,,,
22500036202,,Shot Chart Detail,22500036,202,1642265,Rob Dillingham,1610612750,Minnesota Timberwolves,2,11,2,Made Shot,Driving Floating Bank Jump Shot,2PT Field Goal,Mid-Range,Left Side(L),8-16 ft.,9,-82,55,1,1,20251107,MIN,UTA,7780,0,203497|1628978|1629675|1630183|1642265,0,REG,2026,1610612750,,,,,
22500036208,,Shot Chart Detail,22500036,208,1642265,Rob Dillingham,1610612750,Minnesota Timberwolves,2,10,23,Missed Shot,Turnaround Jump Shot,2PT Field Goal,In The Paint (Non-RA),Right Side(R),8-16 ft.,13,80,104,1,0,20251107,MIN,UTA,8170,0,203497|1628978|1629675|1630183|1642265,0,REG,2026,1610612750,,,,,
22500036223,,Shot Chart Detail,22500036,223,1628978,Donte DiVincenzo,1610612750,Minnesota Timberwolves,2,9,46,Missed Shot,Jump Shot,3PT Field Goal,Above the Break 3,Center(C),24+ ft.,25,-23,257,1,0,20251107,MIN,UTA,8540,0,203497|1628978|1629675|1630183|1642265,0,REG,2026,1610612750,,,,,
22500036227,,Shot Chart Detail,22500036,227,203497,Rudy Gobert,1610612750,Minnesota Timberwolves,2,9,22,Missed Shot,Running Layup Shot,2PT Field Goal,In The Paint (Non-RA),Center(C),Less Than 8 ft.,4,-29,39,1,0,20251107,MIN,UTA,8780,0,203497|1628978|1629675|1630183|1642265,0,REG,2026,1610612750,,,,,
22500036229,,Shot Chart Detail,22500036,229,1642265,Rob Dillingham,1610612750,Minnesota Timberwolves,2,9,16,Missed Shot,Running Jump Shot,3PT Field Goal,Above the Break 3,Left Side Center(LC),24+ ft.,25,-172,185,1,0,20251107,MIN,UTA,8840,0,203497|1628978|1629675|1630183|1642265,0,REG,2026,1610612750,,,,,
22500036234,,Shot Chart Detail,22500036,234,1628978,Donte DiVincenzo,1610612750,Minnesota Timberwolves,2,8,58,Missed Shot,Jump Shot,3PT Field Goal,Above the Break 3,Right Side Center(RC),24+ ft.,27,108,249,1,0,20251107,MIN,UTA,9020,0,203497|1628978|1629675|1630183|1642265,0,REG,2026,1610612750,,,,,
22500036252,,Shot Chart Detail,22500036,252,201144,Mike Conley,1610612750,Minnesota Timberwolves,2,7,56,Missed Shot,Jump Shot,3PT Field Goal,Above the Break 3,Center(C),24+ ft.,25,-16,253,1,0,20251107,MIN,UTA,9640,0,201144|203497|1628978|1629675|1630162,0,REG,2026,1610612750,,,,,
22500036263,,Shot Chart Detail,22500036,263,1628978,Donte DiVincenzo,1610612750,Minnesota Timberwolves,2,7,12,Made Shot,Jump Shot,3PT Field Goal,Above the Break 3,Left Side Center(LC),24+ ft.,27,-158,226,1,1,20251107,MIN,UTA,10080,0,201144|203497|203944|1628978|1630162,1,REG,2026,1610612750,,,,,
22500036275,,Shot Chart Detail,22500036,275,1630162,Anthony Edwards,1610612750,Minnesota Timberwolves,2,6,8,Missed Shot,Running Pull-Up Jump Shot,3PT Field Goal,Above the Break 3,Right Side Center(RC),24+ ft.,24,91,227,1,0,20251107,MIN,UTA,10720,0,201144|203497|203944|1628978|1630162,0,REG,2026,1610612750,,,,,
22500036277,,Shot Chart Detail,22500036,277,203944,Julius Randle,1610612750,Minnesota Timberwolves,2,6,7,Missed Shot,Tip Layup Shot,2PT Field Goal,Restricted Area,Center(C),Less Than 8 ft.,0,0,0,1,0,20251107,MIN,UTA,10730,0,201144|203497|203944|1628978|1630162,0,REG,2026,1610612750,,,,,
22500036279,,Shot Chart Detail,22500036,279,203944,Julius Randle,1610612750,Minnesota Timberwolves,2,6,5,Missed Shot,Tip Layup Shot,2PT Field Goal,Restricted Area,Center(C),Less Than 8 ft.,0,0,0,1,0,20251107,MIN,UTA,10750,0,201144|203497|203944|1628978|1630162,0,REG,2026,1610612750,,,,,
22500036281,,Shot Chart Detail,22500036,281,1630162,Anthony Edwards,1610612750,Minnesota Timberwolves,2,6,1,Made Shot,Jump Shot,3PT Field Goal,Above the Break 3,Center(C),24+ ft.,25,0,256,1,1,20251107,MIN,UTA,10790,0,201144|203497|203944|1628978|1630162,1,REG,2026,1610612750,,,,,
22500036290,,Shot Chart Detail,22500036,290,203944,Julius Randle,1610612750,Minnesota Timberwolves,2,5,29,Made Shot,Cutting Layup Shot,2PT Field Goal,Restricted Area,Center(C),Less Than 8 ft.,3,-25,17,1,1,20251107,MIN,UTA,11110,0,201144|203497|203944|1628978|1630162,1,REG,2026,1610612750,,,,,
22500036301,,Shot Chart Detail,22500036,301,1641740,Jaylen Clark,1610612750,Minnesota Timberwolves,2,5,3,Missed Shot,Driving Floating Jump Shot,2PT Field Goal,Mid-Range,Right Side(R),8-16 ft.,10,100,22,1,0,20251107,MIN,UTA,11370,0,201144|203497|203944|1630162|1641740,0,REG,2026,1610612750,,,,,
22500036305,,Shot Chart Detail,22500036,305,1630162,Anthony Edwards,1610612750,Minnesota Timberwolves,2,4,52,Made Shot,Running Layup Shot,2PT Field Goal,Restricted Area,Center(C),Less Than 8 ft.,2,-22,15,1,1,20251107,MIN,UTA,11480,0,201144|203497|203944|1630162|1641740,1,REG,2026,1610612750,,,,,
22500036309,,Shot Chart Detail,22500036,309,203944,Julius Randle,1610612750,Minnesota Timberwolves,2,4,33,Missed Shot,Driving Layup Shot,2PT Field Goal,In The Paint (Non-RA),Center(C),Less Than 8 ft.,4,-42,21,1,0,20251107,MIN,UTA,11670,0,201144|203497|203944|1630162|1641740,0,REG,2026,1610612750,,,,,
22500036311,,Shot Chart Detail,22500036,311,203497,Rudy Gobert,1610612750,Minnesota Timberwolves,2,4,30,Made Shot,Putback Layup Shot,2PT Field Goal,Restricted Area,Center(C),Less Than 8 ft.,1,-11,15,1,1,20251107,MIN,UTA,11700,0,201144|203497|203944|1630162|1641740,0,REG,2026,1610612750,,,,,
22500036318,,Shot Chart Detail,22500036,318,201144,Mike Conley,1610612750,Minnesota Timberwolves,2,3,41,Made Shot,Jump Shot,3PT Field Goal,Above the Break 3,Right Side Center(RC),24+ ft.,25,123,226,1,1,20251107,MIN,UTA,12190,0,201144|203497|203944|1630162|1641740,1,REG,2026,1610612750,,,,,
22500036331,,Shot Chart Detail,22500036,331,203944,Julius Randle,1610612750,Minnesota Timberwolves,2,3,11,Made Shot,Driving Layup Shot,2PT Field Goal,Restricted Area,Center(C),Less Than 8 ft.,3,-26,15,1,1,20251107,MIN,UTA,12490,0,201144|203944|1629675|1630162|1641740,1,REG,2026,1610612750,,,,,
22500036340,,Shot Chart Detail,22500036,340,1630162,Anthony Edwards,1610612750,Minnesota Timberwolves,2,2,44,Made Shot,Jump Shot,3PT Field Goal,Left Corner 3,Left Side(L),24+ ft.,22,-227,26,1,1,20251107,MIN,UTA,12760,0,201144|203944|1629675|1630162|1641740,1,REG,2026,1610612750,,,,,
22500036355,,Shot Chart Detail,22500036,355,1630162,Anthony Edwards,1610612750,Minnesota Timberwolves,2,1,44,Missed Shot,Pullup Jump shot,3PT Field Goal,Above the Break 3,Left Side Center(LC),24+ ft.,24,-136,209,1,0,20251107,MIN,UTA,13360,0,203944|1629675|1630162|1630183|1641740,0,REG,2026,1610612750,,,,,
22500036359,,Shot Chart Detail,22500036,359,1630162,Anthony Edwards,1610612750,Minnesota Timberwolves,2,1,31,Made Shot,Running Dunk Shot,2PT Field Goal,Restricted Area,Center(C),Less Than 8 ft.,0,-5,6,1,1,20251107,MIN,UTA,13490,0,203944|1629675|1630162|1630183|1641740,1,REG,2026,1610612750,,,,,
22500036363,,Shot Chart Detail,22500036,363,1641740,Jaylen Clark,1610612750,Minnesota Timberwolves,2,1,4,Made Shot,Jump Shot,3PT Field Goal,Left Corner 3,Left Side(L),24+ ft.,23,-228,73,1,1,20251107,MIN,UTA,13760,0,203944|1629675|1630162|1630183|1641740,1,REG,2026,1610612750,,,,,
22500036367,,Shot Chart Detail,22500036,367,1630162,Anthony Edwards,1610612750,Minnesota Timberwolves,2,0,34,Made Shot,Pullup Jump shot,3PT Field Goal,Above the Break 3,Left Side Center(LC),24+ ft.,27,-89,257,1,1,20251107,MIN,UTA,14060,0,203944|1629675|1630162|1630183|1641740,1,REG,2026,1610612750,,,,,
22500036372,,Shot Chart Detail,22500036,372,1630183,Jaden McDaniels,1610612750,Minnesota Timberwolves,2,0,10,Made Shot,Running Layup Shot,2PT Field Goal,Restricted Area,Center(C),Less Than 8 ft.,2,23,13,1,1,20251107,MIN,UTA,14300,0,203944|1629675|1630162|1630183|1641740,1,REG,2026,1610612750,,,,,
22500036389,,Shot Chart Detail,22500036,389,1630162,Anthony Edwards,1610612750,Minnesota Timberwolves,3,11,40,Made Shot,Turnaround Fadeaway shot,2PT Field Goal,In The Paint (Non-RA),Center(C),Less Than 8 ft.,7,44,55,1,1,20251107,MIN,UTA,14600,0,203497|203944|1628978|1630162|1630183,0,REG,2026,1610612750,,,,,
22500036396,,Shot Chart Detail,22500036,396,1630162,Anthony Edwards,1610612750,Minnesota Timberwolves,3,10,48,Missed Shot,Step Back Jump shot,3PT Field Goal,Above the Break 3,Left Side Center(LC),24+ ft.,23,-218,98,1,0,20251107,MIN,UTA,15120,0,203497|203944|1628978|1630162|1630183,0,REG,2026,1610612750,,,,,
22500036405,,Shot Chart Detail,22500036,405,203497,Rudy Gobert,1610612750,Minnesota Timberwolves,3,10,5,Made Shot,Alley Oop Dunk Shot,2PT Field Goal,Restricted Area,Center(C),Less Than 8 ft.,0,0,0,1,1,20251107,MIN,UTA,15550,0,203497|203944|1628978|1630162|1630183,1,REG,2026,1610612750,,,,,
22500036411,,Shot Chart Detail,22500036,411,1630183,Jaden McDaniels,1610612750,Minnesota Timberwolves,3,9,37,Missed Shot,Driving Layup Shot,2PT Field Goal,In The Paint (Non-RA),Center(C),Less Than 8 ft.,5,-49,16,1,0,20251107,MIN,UTA,15830,0,203497|203944|1628978|1630162|1630183,0,REG,2026,1610612750,,,,,
22500036420,,Shot Chart Detail,22500036,420,1630162,Anthony Edwards,1610612750,Minnesota Timberwolves,3,9,0,Made Shot,Pullup Jump shot,3PT Field Goal,Above the Break 3,Center(C),24+ ft.,24,-16,245,1,1,20251107,MIN,UTA,16200,0,203497|203944|1628978|1630162|1630183,0,REG,2026,1610612750,,,,,
22500036429,,Shot Chart Detail,22500036,429,1630183,Jaden McDaniels,1610612750,Minnesota Timberwolves,3,8,8,Missed Shot,Driving Floating Bank Jump Shot,2PT Field Goal,Restricted Area,Center(C),Less Than 8 ft.,3,-31,10,1,0,20251107,MIN,UTA,16720,0,203497|203944|1628978|1630162|1630183,0,REG,2026,1610612750,,,,,
22500036433,,Shot Chart Detail,22500036,433,203944,Julius Randle,1610612750,Minnesota Timberwolves,3,7,41,Missed Shot,Jump Shot,3PT Field Goal,Above the Break 3,Left Side Center(LC),24+ ft.,24,-126,209,1,0,20251107,MIN,UTA,16990,0,203497|203944|1628978|1630162|1630183,0,REG,2026,1610612750,,,,,
22500036435,,Shot Chart Detail,22500036,435,203497,Rudy Gobert,1610612750,Minnesota Timberwolves,3,7,37,Missed Shot,Finger Roll Layup Shot,2PT Field Goal,Restricted Area,Center(C),Less Than 8 ft.,1,13,15,1,0,20251107,MIN,UTA,17030,0,203497|203944|1628978|1630162|1630183,0,REG,2026,1610612750,,,,,
22500036442,,Shot Chart Detail,22500036,442,1630183,Jaden McDaniels,1610612750,Minnesota Timberwolves,3,7,17,Made Shot,Jump Shot,3PT Field Goal,Left Corner 3,Left Side(L),24+ ft.,22,-228,-2,1,1,20251107,MIN,UTA,17230,0,203497|203944|1628978|1630162|1630183,1,REG,2026,1610612750,,,,,
22500036446,,Shot Chart Detail,22500036,446,1630183,Jaden McDaniels,1610612750,Minnesota Timberwolves,3,6,51,Made Shot,Driving Finger Roll Layup Shot,2PT Field Goal,Restricted Area,Center(C),Less Than 8 ft.,1,-13,1,1,1,20251107,MIN,UTA,17490,0,203497|203944|1628978|1630162|1630183,1,REG,2026,1610612750,,,,,
22500036464,,Shot Chart Detail,22500036,464,1629675,Naz Reid,1610612750,Minnesota Timberwolves,3,6,19,Missed Shot,Jump Shot,3PT Field Goal,Above the Break 3,Center(C),24+ ft.,25,-76,240,1,0,20251107,MIN,UTA,17810,0,203497|1628978|1629675|1630162|1641740,0,REG,2026,1610612750,,,,,
22500036468,,Shot Chart Detail,22500036,468,1629675,Naz Reid,1610612750,Minnesota Timberwolves,3,5,57,Missed Shot,Turnaround Jump Shot,2PT Field Goal,In The Paint (Non-RA),Center(C),Less Than 8 ft.,6,-61,29,1,0,20251107,MIN,UTA,18030,0,203497|1628978|1629675|1630162|1641740,0,REG,2026,1610612750,,,,,
22500036476,,Shot Chart Detail,22500036,476,1630162,Anthony Edwards,1610612750,Minnesota Timberwolves,3,5,44,Missed Shot,Driving Reverse Layup Shot,2PT Field Goal,Restricted Area,Center(C),Less Than 8 ft.,2,-18,11,1,0,20251107,MIN,UTA,18160,0,203497|1628978|1629675|1630162|1641740,0,REG,2026,1610612750,,,,,
22500036480,,Shot Chart Detail,22500036,480,1629675,Naz Reid,1610612750,Minnesota Timberwolves,3,5,25,Missed Shot,Jump Shot,3PT Field Goal,Left Corner 3,Left Side(L),24+ ft.,22,-228,-2,1,0,20251107,MIN,UTA,18350,0,203497|1628978|1629675|1630162|1641740,0,REG,2026,1610612750,,,,,
22500036493,,Shot Chart Detail,22500036,493,1641740,Jaylen Clark,1610612750,Minnesota Timberwolves,3,4,33,Made Shot,Driving Floating Bank Jump Shot,2PT Field Goal,Mid-Range,Right Side(R),8-16 ft.,9,91,38,1,1,20251107,MIN,UTA,18870,0,201144|203497|1629675|1630162|1641740,0,REG,2026,1610612750,,,,,
22500036496,,Shot Chart Detail,22500036,496,1630162,Anthony Edwards,1610612750,Minnesota Timberwolves,3,4,5,Missed Shot,Driving Floating Bank Jump Shot,2PT Field Goal,In The Paint (Non-RA),Center(C),Less Than 8 ft.,6,4,61,1,0,20251107,MIN,UTA,19150,0,201144|203497|1629675|1630162|1641740,0,REG,2026,1610612750,,,,,
22500036524,,Shot Chart Detail,22500036,524,203944,Julius Randle,1610612750,Minnesota Timberwolves,3,2,38,Made Shot,Driving Floating Bank Jump Shot,2PT Field Goal,Restricted Area,Center(C),Less Than 8 ft.,3,-29,10,1,1,20251107,MIN,UTA,20020,0,201144|203944|1629675|1630183|1641740,0,REG,2026,1610612750,,,,,
22500036537,,Shot Chart Detail,22500036,537,1629675,Naz Reid,1610612750,Minnesota Timberwolves,3,1,37,Made Shot,Driving Floating Jump Shot,2PT Field Goal,In The Paint (Non-RA),Center(C),8-16 ft.,10,43,92,1,1,20251107,MIN,UTA,20630,0,201144|203944|1629675|1630183|1641740,0,REG,2026,1610612750,,,,,
22500036540,,Shot Chart Detail,22500036,540,203944,Julius Randle,1610612750,Minnesota Timberwolves,3,1,9,Missed Shot,Jump Shot,3PT Field Goal,Above the Break 3,Left Side Center(LC),24+ ft.,24,-80,230,1,0,20251107,MIN,UTA,20910,0,201144|203944|1629675|1630183|1641740,0,REG,2026,1610612750,,,,,
22500036571,,Shot Chart Detail,22500036,571,1629675,Naz Reid,1610612750,Minnesota Timberwolves,4,11,23,Missed Shot,Step Back Jump shot,3PT Field Goal,Above the Break 3,Right Side Center(RC),24+ ft.,25,120,224,1,0,20251107,MIN,UTA,21970,0,203497|1629675|1630183|1641740|1642265,0,REG,2026,1610612750,,,,,
22500036575,,Shot Chart Detail,22500036,575,1642265,Rob Dillingham,1610612750,Minnesota Timberwolves,4,10,55,Missed Shot,Driving Finger Roll Layup Shot,2PT Field Goal,Restricted Area,Center(C),Less Than 8 ft.,3,0,34,1,0,20251107,MIN,UTA,22250,0,203497|1629675|1630183|1641740|1642265,0,REG,2026,1610612750,,,,,
22500036582,,Shot Chart Detail,22500036,582,1642265,Rob Dillingham,1610612750,Minnesota Timberwolves,4,10,14,Missed Shot,Jump Shot,3PT Field Goal,Right Corner 3,Right Side(R),24+ ft.,22,228,29,1,0,20251107,MIN,UTA,22660,0,203497|1629675|1630183|1641740|1642265,0,REG,2026,1610612750,,,,,
22500036589,,Shot Chart Detail,22500036,589,1630183,Jaden McDaniels,1610612750,Minnesota Timberwolves,4,9,54,Made Shot,Jump Shot,3PT Field Goal,Above the Break 3,Left Side Center(LC),24+ ft.,24,-181,172,1,1,20251107,MIN,UTA,22860,0,203497|1629675|1630183|1641740|1642265,1,REG,2026,1610612750,,,,,
22500036595,,Shot Chart Detail,22500036,595,1642265,Rob Dillingham,1610612750,Minnesota Timberwolves,4,9,19,Made Shot,Turnaround Fadeaway shot,2PT Field Goal,In The Paint (Non-RA),Center(C),Less Than 8 ft.,7,-69,30,1,1,20251107,MIN,UTA,23210,0,203497|1629675|1630183|1641740|1642265,0,REG,2026,1610612750,,,,,
22500036620,,Shot Chart Detail,22500036,620,1630538,Bones Hyland,1610612750,Minnesota Timberwolves,4,8,17,Made Shot,Driving Finger Roll Layup Shot,2PT Field Goal,Restricted Area,Center(C),Less Than 8 ft.,2,-27,9,1,1,20251107,MIN,UTA,23830,0,204060|1630538|1631159|1642265|1642866,0,REG,2026,1610612750,,,,,
22500036622,,Shot Chart Detail,22500036,622,1642265,Rob Dillingham,1610612750,Minnesota Timberwolves,4,7,58,Missed Shot,Pullup Jump shot,3PT Field Goal,Above the Break 3,Center(C),24+ ft.,24,20,245,1,0,20251107,MIN,UTA,24020,0,204060|1630538|1631159|1642265|1642866,0,REG,2026,1610612750,,,,,
22500036628,,Shot Chart Detail,22500036,628,1642265,Rob Dillingham,1610612750,Minnesota Timberwolves,4,7,32,Made Shot,Driving Finger Roll Layup Shot,2PT Field Goal,Restricted Area,Center(C),Less Than 8 ft.,2,4,27,1,1,20251107,MIN,UTA,24280,0,204060|1630538|1631159|1642265|1642866,0,REG,2026,1610612750,,,,,
22500036633,,Shot Chart Detail,22500036,633,1642866,Joan Beringer,1610612750,Minnesota Timberwolves,4,6,54,Made Shot,Cutting Dunk Shot,2PT Field Goal,Restricted Area,Center(C),Less Than 8 ft.,0,4,3,1,1,20251107,MIN,UTA,24660,0,204060|1630538|1631159|1642265|1642866,1,REG,2026,1610612750,,,,,
22500036636,,Shot Chart Detail,22500036,636,1642265,Rob Dillingham,1610612750,Minnesota Timberwolves,4,6,32,Made Shot,Driving Layup Shot,2PT Field Goal,Restricted Area,Center(C),Less Than 8 ft.,1,-18,6,1,1,20251107,MIN,UTA,24880,0,204060|1630538|1631159|1642265|1642866,0,REG,2026,1610612750,,,,,
22500036652,,Shot Chart Detail,22500036,652,1642866,Joan Beringer,1610612750,Minnesota Timberwolves,4,5,39,Made Shot,Alley Oop Dunk Shot,2PT Field Goal,Restricted Area,Center(C),Less Than 8 ft.,0,6,4,1,1,20251107,MIN,UTA,25410,0,204060|1630538|1631159|1642265|1642866,1,REG,2026,1610612750,,,,,
22500036663,,Shot Chart Detail,22500036,663,1642866,Joan Beringer,1610612750,Minnesota Timberwolves,4,5,1,Made Shot,Driving Dunk Shot,2PT Field Goal,Restricted Area,Center(C),Less Than 8 ft.,0,7,0,1,1,20251107,MIN,UTA,25790,0,204060|1630538|1630548|1631159|1642866,0,REG,2026,1610612750,,,,,
22500036678,,Shot Chart Detail,22500036,678,1630538,Bones Hyland,1610612750,Minnesota Timberwolves,4,4,22,Made Shot,Jump Shot,3PT Field Goal,Above the Break 3,Center(C),24+ ft.,27,-33,272,1,1,20251107,MIN,UTA,26180,0,204060|1630538|1630548|1631159|1642866,1,REG,2026,1610612750,,,,,
22500036686,,Shot Chart Detail,22500036,686,1630538,Bones Hyland,1610612750,Minnesota Timberwolves,4,3,47,Made Shot,Running Jump Shot,3PT Field Goal,Above the Break 3,Center(C),24+ ft.,24,29,247,1,1,20251107,MIN,UTA,26530,0,204060|1630538|1630548|1631159|1642866,1,REG,2026,1610612750,,,,,
22500036692,,Shot Chart Detail,22500036,692,1631159,Leonard Miller,1610612750,Minnesota Timberwolves,4,3,17,Made Shot,Driving Layup Shot,2PT Field Goal,Restricted Area,Center(C),Less Than 8 ft.,1,-18,-1,1,1,20251107,MIN,UTA,26830,0,204060|1630538|1630548|1631159|1642866,1,REG,2026,1610612750,,,,,
22500036696,,Shot Chart Detail,22500036,696,1631159,Leonard Miller,1610612750,Minnesota Timberwolves,4,3,4,Made Shot,Running Layup Shot,2PT Field Goal,Restricted Area,Center(C),Less Than 8 ft.,2,-29,3,1,1,20251107,MIN,UTA,26960,0,204060|1630538|1630548|1631159|1642866,1,REG,2026,1610612750,,,,,
22500036703,,Shot Chart Detail,22500036,703,1630538,Bones Hyland,1610612750,Minnesota Timberwolves,4,2,40,Made Shot,Driving Layup Shot,2PT Field Goal,Restricted Area,Center(C),Less Than 8 ft.,1,-15,4,1,1,20251107,MIN,UTA,27200,0,204060|1630538|1630548|1631159|1642866,0,REG,2026,1610612750,,,,,
22500036707,,Shot Chart Detail,22500036,707,204060,Joe Ingles,1610612750,Minnesota Timberwolves,4,2,15,Missed Shot,Pullup Jump shot,3PT Field Goal,Above the Break 3,Center(C),24+ ft.,27,83,264,1,0,20251107,MIN,UTA,27450,0,204060|1630538|1630548|1631159|1642866,0,REG,2026,1610612750,,,,,
225000447,,Shot Chart Detail,22500044,7,203497,Rudy Gobert,1610612750,Minnesota Timberwolves,1,11,35,Made Shot,Cutting Layup Shot,2PT Field Goal,Restricted Area,Center(C),Less Than 8 ft.,3,7,36,1,1,20251114,MIN,SAC,250,0,203497|203944|1628978|1630162|1630183,1,REG,2026,1610612750,,,,,
2250004417,,Shot Chart Detail,22500044,17,203944,Julius Randle,1610612750,Minnesota Timberwolves,1,10,47,Missed Shot,Step Back Jump shot,2PT Field Goal,Mid-Range,Right Side(R),8-16 ft.,14,143,5,1,0,20251114,MIN,SAC,730,0,203497|203944|1628978|1630162|1630183,0,REG,2026,1610612750,,,,,
2250004425,,Shot Chart Detail,22500044,25,203944,Julius Randle,1610612750,Minnesota Timberwolves,1,10,14,Made Shot,Turnaround Fadeaway shot,2PT Field Goal,Mid-Range,Left Side(L),8-16 ft.,11,-112,0,1,1,20251114,MIN,SAC,1060,0,201144|203497|203944|1628978|1630162,0,REG,2026,1610612750,,,,,
2250004431,,Shot Chart Detail,22500044,31,1630162,Anthony Edwards,1610612750,Minnesota Timberwolves,1,9,38,Made Shot,Pullup Jump shot,2PT Field Goal,Mid-Range,Right Side(R),16-24 ft.,17,172,-1,1,1,20251114,MIN,SAC,1420,0,201144|203497|203944|1628978|1630162,1,REG,2026,1610612750,,,,,
2250004435,,Shot Chart Detail,22500044,35,1630162,Anthony Edwards,1610612750,Minnesota Timberwolves,1,9,7,Made Shot,Driving Layup Shot,2PT Field Goal,Restricted Area,Center(C),Less Than 8 ft.,1,9,6,1,1,20251114,MIN,SAC,1730,0,201144|203497|203944|1628978|1630162,1,REG,2026,1610612750,,,,,
2250004442,,Shot Chart Detail,22500044,42,201144,Mike Conley,1610612750,Minnesota Timberwolves,1,8,46,Made Shot,Running Pull-Up Jump Shot,3PT Field Goal,Left Corner 3,Left Side(L),24+ ft.,22,-229,-5,1,1,20251114,MIN,SAC,1940,0,201144|203497|203944|1628978|1630162,1,REG,2026,1610612750,,,,,
2250004454,,Shot Chart Detail,22500044,54,203944,Julius Randle,1610612750,Minnesota Timberwolves,1,8,0,Made Shot,Jump Shot,3PT Field Goal,Above the Break 3,Left Side Center(LC),24+ ft.,25,-200,152,1,1,20251114,MIN,SAC,2400,0,203497|203944|1628978|1630162|1630183,1,REG,2026,1610612750,,,,,
2250004460,,Shot Chart Detail,22500044,60,1628978,Donte DiVincenzo,1610612750,Minnesota Timberwolves,1,7,22,Made Shot,Jump Shot,3PT Field Goal,Above the Break 3,Left Side Center(LC),24+ ft.,24,-188,161,1,1,20251114,MIN,SAC,2780,0,203497|203944|1628978|1630162|1630183,1,REG,2026,1610612750,,,,,
2250004474,,Shot Chart Detail,22500044,74,1630183,Jaden McDaniels,1610612750,Minnesota Timberwolves,1,6,21,Made Shot,Driving Finger Roll Layup Shot,2PT Field Goal,Restricted Area,Center(C),Less Than 8 ft.,0,-5,6,1,1,20251114,MIN,SAC,3390,0,203497|203944|1628978|1630162|1630183,0,REG,2026,1610612750,,,,,
2250004476,,Shot Chart Detail,22500044,76,203944,Julius Randle,1610612750,Minnesota Timberwolves,1,5,56,Missed Shot,Turnaround Fadeaway shot,2PT Field Goal,In The Paint (Non-RA),Center(C),Less Than 8 ft.,7,45,59,1,0,20251114,MIN,SAC,3640,0,203497|203944|1628978|1630162|1630183,0,REG,2026,1610612750,,,,,
2250004497,,Shot Chart Detail,22500044,97,1629675,Naz Reid,1610612750,Minnesota Timberwolves,1,5,0,Missed Shot,Jump Shot,3PT Field Goal,Left Corner 3,Left Side(L),24+ ft.,22,-229,-2,1,0,20251114,MIN,SAC,4200,0,203497|1628978|1629675|1630162|1630183,0,REG,2026,1610612750,,,,,
2250004499,,Shot Chart Detail,22500044,99,1629675,Naz Reid,1610612750,Minnesota Timberwolves,1,4,54,Made Shot,Floating Jump shot,2PT Field Goal,In The Paint (Non-RA),Center(C),Less Than 8 ft.,4,5,45,1,1,20251114,MIN,SAC,4260,0,203497|1628978|1629675|1630162|1630183,0,REG,2026,1610612750,,,,,
22500044102,,Shot Chart Detail,22500044,102,1628978,Donte DiVincenzo,1610612750,Minnesota Timberwolves,1,4,21,Made Shot,Jump Shot,3PT Field Goal,Above the Break 3,Right Side Center(RC),24+ ft.,24,195,155,1,1,20251114,MIN,SAC,4590,0,203497|1628978|1629675|1630162|1630183,1,REG,2026,1610612750,,,,,
22500044115,,Shot Chart Detail,22500044,115,1630162,Anthony Edwards,1610612750,Minnesota Timberwolves,1,3,20,Missed Shot,Step Back Jump shot,2PT Field Goal,Mid-Range,Right Side Center(RC),16-24 ft.,17,130,115,1,0,20251114,MIN,SAC,5200,0,201144|203497|1629675|1630162|1630183,0,REG,2026,1610612750,,,,,
22500044119,,Shot Chart Detail,22500044,119,1630183,Jaden McDaniels,1610612750,Minnesota Timberwolves,1,2,56,Made Shot,Driving Floating Jump Shot,2PT Field Goal,In The Paint (Non-RA),Center(C),8-16 ft.,9,-8,96,1,1,20251114,MIN,SAC,5440,0,201144|203497|1629675|1630162|1630183,1,REG,2026,1610612750,,,,,
22500044140,,Shot Chart Detail,22500044,140,203944,Julius Randle,1610612750,Minnesota Timberwolves,1,1,24,Made Shot,Step Back Jump shot,3PT Field Goal,Above the Break 3,Right Side Center(RC),24+ ft.,24,174,179,1,1,20251114,MIN,SAC,6360,0,201144|203944|1629675|1630183|1641740,0,REG,2026,1610612750,,,,,
22500044156,,Shot Chart Detail,22500044,156,1629675,Naz Reid,1610612750,Minnesota Timberwolves,1,0,38,Missed Shot,Jump Shot,3PT Field Goal,Above the Break 3,Left Side Center(LC),24+ ft.,25,-205,148,1,0,20251114,MIN,SAC,6820,0,203944|1628978|1629675|1630183|1641740,0,REG,2026,1610612750,,,,,
22500044158,,Shot Chart Detail,22500044,158,203944,Julius Randle,1610612750,Minnesota Timberwolves,1,0,34,Missed Shot,Putback Layup Shot,2PT Field Goal,In The Paint (Non-RA),Center(C),Less Than 8 ft.,4,-27,31,1,0,20251114,MIN,SAC,6860,0,203944|1628978|1629675|1630183|1641740,0,REG,2026,1610612750,,,,,
22500044160,,Shot Chart Detail,22500044,160,1630183,Jaden McDaniels,1610612750,Minnesota Timberwolves,1,0,25,Made Shot,Driving Floating Jump Shot,2PT Field Goal,Restricted Area,Center(C),Less Than 8 ft.,3,-2,38,1,1,20251114,MIN,SAC,6950,0,203944|1628978|1629675|1630183|1641740,1,REG,2026,1610612750,,,,,
22500044203,,Shot Chart Detail,22500044,203,1628978,Donte DiVincenzo,1610612750,Minnesota Timberwolves,2,10,52,Made Shot,Driving Finger Roll Layup Shot,2PT Field Goal,Restricted Area,Center(C),Less Than 8 ft.,3,31,24,1,1,20251114,MIN,SAC,7880,0,203497|1628978|1629675|1641740|1642265,1,REG,2026,1610612750,,,,,
22500044207,,Shot Chart Detail,22500044,207,1628978,Donte DiVincenzo,1610612750,Minnesota Timberwolves,2,10,18,Missed Shot,Pullup Jump shot,3PT Field Goal,Above the Break 3,Center(C),24+ ft.,25,5,251,1,0,20251114,MIN,SAC,8220,0,203497|1628978|1629675|1641740|1642265,0,REG,2026,1610612750,,,,,
22500044209,,Shot Chart Detail,22500044,209,1628978,Donte DiVincenzo,1610612750,Minnesota Timberwolves,2,10,12,Missed Shot,Jump Shot,3PT Field Goal,Left Corner 3,Left Side(L),24+ ft.,23,-238,-22,1,0,20251114,MIN,SAC,8280,0,203497|1628978|1629675|1641740|1642265,0,REG,2026,1610612750,,,,,
22500044223,,Shot Chart Detail,22500044,223,203497,Rudy Gobert,1610612750,Minnesota Timberwolves,2,9,35,Missed Shot,Running Layup Shot,2PT Field Goal,In The Paint (Non-RA),Center(C),Less Than 8 ft.,4,36,27,1,0,20251114,MIN,SAC,8650,0,203497|1628978|1629675|1641740|1642265,0,REG,2026,1610612750,,,,,
22500044225,,Shot Chart Detail,22500044,225,1629675,Naz Reid,1610612750,Minnesota Timberwolves,2,9,26,Made Shot,Driving Finger Roll Layup Shot,2PT Field Goal,Restricted Area,Center(C),Less Than 8 ft.,3,17,26,1,1,20251114,MIN,SAC,8740,0,203497|1628978|1629675|1641740|1642265,0,REG,2026,1610612750,,,,,
22500044251,,Shot Chart Detail,22500044,251,1630162,Anthony Edwards,1610612750,Minnesota Timberwolves,2,8,19,Missed Shot,Running Pull-Up Jump Shot,3PT Field Goal,Above the Break 3,Right Side Center(RC),24+ ft.,25,154,209,1,0,20251114,MIN,SAC,9410,0,203497|1628978|1629675|1630162|1642265,0,REG,2026,1610612750,,,,,
22500044262,,Shot Chart Detail,22500044,262,1629675,Naz Reid,1610612750,Minnesota Timberwolves,2,7,59,Made Shot,Jump Shot,3PT Field Goal,Above the Break 3,Left Side Center(LC),24+ ft.,25,-191,169,1,1,20251114,MIN,SAC,9610,0,203497|1628978|1629675|1630162|1642265,1,REG,2026,1610612750,,,,,
22500044266,,Shot Chart Detail,22500044,266,1628978,Donte DiVincenzo,1610612750,Minnesota Timberwolves,2,7,29,Missed Shot,Jump Shot,3PT Field Goal,Left Corner 3,Left Side(L),24+ ft.,22,-223,26,1,0,20251114,MIN,SAC,9910,0,203497|1628978|1629675|1630162|1642265,0,REG,2026,1610612750,,,,,
22500044278,,Shot Chart Detail,22500044,278,1630162,Anthony Edwards,1610612750,Minnesota Timberwolves,2,6,50,Made Shot,Driving Finger Roll Layup Shot,2PT Field Goal,Restricted Area,Center(C),Less Than 8 ft.,1,2,17,1,1,20251114,MIN,SAC,10300,0,203944|1628978|1629675|1630162|1642265,0,REG,2026,1610612750,,,,,
22500044295,,Shot Chart Detail,22500044,295,1630183,Jaden McDaniels,1610612750,Minnesota Timberwolves,2,5,55,Made Shot,Driving Finger Roll Layup Shot,2PT Field Goal,Restricted Area,Center(C),Less Than 8 ft.,0,0,4,1,1,20251114,MIN,SAC,10850,0,201144|203944|1629675|1630162|1630183,1,REG,2026,1610612750,,,,,
22500044320,,Shot Chart Detail,22500044,320,1630162,Anthony Edwards,1610612750,Minnesota Timberwolves,2,4,35,Missed Shot,Driving Layup Shot,2PT Field Goal,Restricted Area,Center(C),Less Than 8 ft.,2,-20,4,1,0,20251114,MIN,SAC,11650,0,201144|203497|203944|1630162|1641740,0,REG,2026,1610612750,,,,,
22500044325,,Shot Chart Detail,22500044,325,201144,Mike Conley,1610612750,Minnesota Timberwolves,2,4,18,Missed Shot,Jump Shot,3PT Field Goal,Above the Break 3,Left Side Center(LC),24+ ft.,26,-88,247,1,0,20251114,MIN,SAC,11820,0,201144|203497|203944|1630162|1641740,0,REG,2026,1610612750,,,,,
22500044337,,Shot Chart Detail,22500044,337,201144,Mike Conley,1610612750,Minnesota Timberwolves,2,3,29,Made Shot,Jump Shot,3PT Field Goal,Above the Break 3,Right Side Center(RC),24+ ft.,25,185,172,1,1,20251114,MIN,SAC,12310,0,201144|203497|203944|1630162|1641740,1,REG,2026,1610612750,,,,,
22500044349,,Shot Chart Detail,22500044,349,1641740,Jaylen Clark,1610612750,Minnesota Timberwolves,2,3,22,Missed Shot,Layup Shot,2PT Field Goal,Restricted Area,Center(C),Less Than 8 ft.,2,11,23,1,0,20251114,MIN,SAC,12380,0,201144|203497|203944|1630162|1641740,0,REG,2026,1610612750,,,,,
22500044341,,Shot Chart Detail,22500044,341,1641740,Jaylen Clark,1610612750,Minnesota Timberwolves,2,3,20,Missed Shot,Tip Layup Shot,2PT Field Goal,Restricted Area,Center(C),Less Than 8 ft.,1,-13,-2,1,0,20251114,MIN,SAC,12400,0,201144|203497|203944|1630162|1641740,0,REG,2026,1610612750,,,,,
22500044351,,Shot Chart Detail,22500044,351,1630162,Anthony Edwards,1610612750,Minnesota Timberwolves,2,2,36,Missed Shot,Pullup Jump shot,3PT Field Goal,Above the Break 3,Left Side Center(LC),24+ ft.,25,-103,229,1,0,20251114,MIN,SAC,12840,0,201144|203497|203944|1630162|1641740,0,REG,2026,1610612750,,,,,
22500044366,,Shot Chart Detail,22500044,366,1630162,Anthony Edwards,1610612750,Minnesota Timberwolves,2,1,54,Missed Shot,Running Layup Shot,2PT Field Goal,Restricted Area,Center(C),Less Than 8 ft.,3,31,5,1,0,20251114,MIN,SAC,13260,0,201144|203497|203944|1630162|1641740,0,REG,2026,1610612750,,,,,
22500044370,,Shot Chart Detail,22500044,370,203497,Rudy Gobert,1610612750,Minnesota Timberwolves,2,1,43,Made Shot,Cutting Layup Shot,2PT Field Goal,Restricted Area,Center(C),Less Than 8 ft.,2,15,15,1,1,20251114,MIN,SAC,13370,0,201144|203497|203944|1630162|1641740,1,REG,2026,1610612750,,,,,
22500044374,,Shot Chart Detail,22500044,374,203497,Rudy Gobert,1610612750,Minnesota Timberwolves,2,1,18,Missed Shot,Driving Layup Shot,2PT Field Goal,Restricted Area,Center(C),Less Than 8 ft.,3,-2,38,1,0,20251114,MIN,SAC,13620,0,201144|203497|203944|1630162|1641740,0,REG,2026,1610612750,,,,,
22500044377,,Shot Chart Detail,22500044,377,201144,Mike Conley,1610612750,Minnesota Timberwolves,2,1,11,Missed Shot,Jump Shot,3PT Field Goal,Above the Break 3,Right Side Center(RC),24+ ft.,26,214,151,1,0,20251114,MIN,SAC,13690,0,201144|203497|203944|1630162|1641740,0,REG,2026,1610612750,,,,,
22500044380,,Shot Chart Detail,22500044,380,1630162,Anthony Edwards,1610612750,Minnesota Timberwolves,2,0,55,Made Shot,Driving Floating Bank Jump Shot,2PT Field Goal,Restricted Area,Center(C),Less Than 8 ft.,2,-27,8,1,1,20251114,MIN,SAC,13850,0,201144|203497|203944|1630162|1641740,1,REG,2026,1610612750,,,,,
22500044383,,Shot Chart Detail,22500044,383,1630162,Anthony Edwards,1610612750,Minnesota Timberwolves,2,0,34,Missed Shot,Step Back Jump shot,3PT Field Goal,Above the Break 3,Left Side Center(LC),24+ ft.,27,-132,237,1,0,20251114,MIN,SAC,14060,0,201144|203497|203944|1630162|1641740,0,REG,2026,1610612750,,,,,
22500044391,,Shot Chart Detail,22500044,391,203944,Julius Randle,1610612750,Minnesota Timberwolves,2,0,4,Made Shot,Running Layup Shot,2PT Field Goal,Restricted Area,Center(C),Less Than 8 ft.,1,-12,1,1,1,20251114,MIN,SAC,14360,0,201144|203497|203944|1630162|1641740,0,REG,2026,1610612750,,,,,
22500044415,,Shot Chart Detail,22500044,415,1630162,Anthony Edwards,1610612750,Minnesota Timberwolves,3,10,56,Missed Shot,Driving Floating Jump Shot,2PT Field Goal,In The Paint (Non-RA),Center(C),Less Than 8 ft.,4,-5,48,1,0,20251114,MIN,SAC,15040,0,203497|203944|1628978|1630162|1630183,0,REG,2026,1610612750,,,,,
22500044418,,Shot Chart Detail,22500044,418,203944,Julius Randle,1610612750,Minnesota Timberwolves,3,10,41,Missed Shot,Step Back Jump shot,3PT Field Goal,Above the Break 3,Center(C),24+ ft.,26,47,259,1,0,20251114,MIN,SAC,15190,0,203497|203944|1628978|1630162|1630183,0,REG,2026,1610612750,,,,,
22500044422,,Shot Chart Detail,22500044,422,1628978,Donte DiVincenzo,1610612750,Minnesota Timberwolves,3,10,35,Missed Shot,Jump Shot,3PT Field Goal,Right Corner 3,Right Side(R),24+ ft.,22,229,-6,1,0,20251114,MIN,SAC,15250,0,203497|203944|1628978|1630162|1630183,0,REG,2026,1610612750,,,,,
22500044439,,Shot Chart Detail,22500044,439,1628978,Donte DiVincenzo,1610612750,Minnesota Timberwolves,3,9,32,Made Shot,Jump Shot,3PT Field Goal,Above the Break 3,Left Side Center(LC),24+ ft.,26,-206,159,1,1,20251114,MIN,SAC,15880,0,203497|203944|1628978|1630162|1630183,1,REG,2026,1610612750,,,,,
22500044456,,Shot Chart Detail,22500044,456,1630162,Anthony Edwards,1610612750,Minnesota Timberwolves,3,8,14,Made Shot,Pullup Jump shot,2PT Field Goal,Mid-Range,Right Side(R),8-16 ft.,14,112,89,1,1,20251114,MIN,SAC,16660,0,203497|203944|1628978|1630162|1630183,1,REG,2026,1610612750,,,,,
22500044465,,Shot Chart Detail,22500044,465,1630162,Anthony Edwards,1610612750,Minnesota Timberwolves,3,7,49,Made Shot,Driving Dunk Shot,2PT Field Goal,Restricted Area,Center(C),Less Than 8 ft.,1,7,12,1,1,20251114,MIN,SAC,16910,0,203497|203944|1628978|1630162|1630183,1,REG,2026,1610612750,,,,,
22500044468,,Shot Chart Detail,22500044,468,203944,Julius Randle,1610612750,Minnesota Timberwolves,3,7,30,Made Shot,Driving Layup Shot,2PT Field Goal,In The Paint (Non-RA),Center(C),Less Than 8 ft.,4,-39,26,1,1,20251114,MIN,SAC,17100,0,203497|203944|1628978|1630162|1630183,0,REG,2026,1610612750,,,,,
22500044471,,Shot Chart Detail,22500044,471,1630183,Jaden McDaniels,1610612750,Minnesota Timberwolves,3,7,13,Made Shot,Reverse Layup Shot,2PT Field Goal,Restricted Area,Center(C),Less Than 8 ft.,2,-22,15,1,1,20251114,MIN,SAC,17270,0,203497|203944|1628978|1630162|1630183,1,REG,2026,1610612750,,,,,
22500044476,,Shot Chart Detail,22500044,476,1630162,Anthony Edwards,1610612750,Minnesota Timberwolves,3,6,45,Missed Shot,Running Pull-Up Jump Shot,3PT Field Goal,Above the Break 3,Right Side Center(RC),24+ ft.,25,147,209,1,0,20251114,MIN,SAC,17550,0,203497|203944|1628978|1630162|1630183,0,REG,2026,1610612750,,,,,
22500044495,,Shot Chart Detail,22500044,495,203944,Julius Randle,1610612750,Minnesota Timberwolves,3,5,59,Made Shot,Turnaround Bank shot,2PT Field Goal,In The Paint (Non-RA),Center(C),Less Than 8 ft.,5,-28,53,1,1,20251114,MIN,SAC,18010,0,203497|203944|1628978|1630162|1641740,0,REG,2026,1610612750,,,,,
22500044499,,Shot Chart Detail,22500044,499,1630162,Anthony Edwards,1610612750,Minnesota Timberwolves,3,5,14,Made Shot,Jump Shot,3PT Field Goal,Above the Break 3,Right Side Center(RC),24+ ft.,28,176,230,1,1,20251114,MIN,SAC,18460,0,203497|203944|1628978|1630162|1641740,1,REG,2026,1610612750,,,,,
22500044512,,Shot Chart Detail,22500044,512,1641740,Jaylen Clark,1610612750,Minnesota Timberwolves,3,4,13,Missed Shot,Jump Shot,3PT Field Goal,Left Corner 3,Left Side(L),24+ ft.,24,-240,11,1,0,20251114,MIN,SAC,19070,0,203497|1628978|1629675|1630162|1641740,0,REG,2026,1610612750,,,,,
22500044525,,Shot Chart Detail,22500044,525,1630162,Anthony Edwards,1610612750,Minnesota Timberwolves,3,3,42,Made Shot,Pullup Jump shot,2PT Field Goal,In The Paint (Non-RA),Right Side(R),8-16 ft.,8,58,58,1,1,20251114,MIN,SAC,19380,0,203497|1628978|1629675|1630162|1641740,0,REG,2026,1610612750,,,,,
22500044541,,Shot Chart Detail,22500044,541,1629675,Naz Reid,1610612750,Minnesota Timberwolves,3,2,32,Missed Shot,Jump Shot,3PT Field Goal,Left Corner 3,Left Side(L),24+ ft.,23,-234,-8,1,0,20251114,MIN,SAC,20080,0,1629675|1630162|1630183|1641740|1642265,0,REG,2026,1610612750,,,,,
22500044553,,Shot Chart Detail,22500044,553,1641740,Jaylen Clark,1610612750,Minnesota Timberwolves,3,1,41,Made Shot,Cutting Dunk Shot,2PT Field Goal,Restricted Area,Center(C),Less Than 8 ft.,1,6,12,1,1,20251114,MIN,SAC,20590,0,1629675|1630162|1630183|1641740|1642265,1,REG,2026,1610612750,,,,,
22500044562,,Shot Chart Detail,22500044,562,1629675,Naz Reid,1610612750,Minnesota Timberwolves,3,0,33,Missed Shot,Jump Shot,3PT Field Goal,Right Corner 3,Right Side(R),24+ ft.,23,230,-3,1,0,20251114,MIN,SAC,21270,0,1629675|1630162|1630183|1641740|1642265,0,REG,2026,1610612750,,,,,
22500044564,,Shot Chart Detail,22500044,564,1642265,Rob Dillingham,1610612750,Minnesota Timberwolves,3,0,27,Missed Shot,Tip Layup Shot,2PT Field Goal,In The Paint (Non-RA),Center(C),Less Than 8 ft.,7,47,60,1,0,20251114,MIN,SAC,21330,0,1629675|1630162|1630183|1641740|1642265,0,REG,2026,1610612750,,,,,
22500044568,,Shot Chart Detail,22500044,568,1630162,Anthony Edwards,1610612750,Minnesota Timberwolves,3,0,1,Missed Shot,Running Layup Shot,2PT Field Goal,Restricted Area,Center(C),Less Than 8 ft.,3,-12,31,1,0,20251114,MIN,SAC,21590,0,1629675|1630162|1630183|1641740|1642265,0,REG,2026,1610612750,,,,,
22500044583,,Shot Chart Detail,22500044,583,203944,Julius Randle,1610612750,Minnesota Timberwolves,4,11,41,Made Shot,Driving Floating Bank Jump Shot,2PT Field Goal,In The Paint (Non-RA),Center(C),Less Than 8 ft.,4,-23,34,1,1,20251114,MIN,SAC,21790,0,201144|203944|1628978|1629675|1630183,0,REG,2026,1610612750,,,,,
22500044589,,Shot Chart Detail,22500044,589,203944,Julius Randle,1610612750,Minnesota Timberwolves,4,10,48,Missed Shot,Step Back Jump shot,3PT Field Goal,Above the Break 3,Center(C),24+ ft.,25,62,247,1,0,20251114,MIN,SAC,22320,0,201144|203944|1628978|1629675|1630183,0,REG,2026,1610612750,,,,,
22500044594,,Shot Chart Detail,22500044,594,1630183,Jaden McDaniels,1610612750,Minnesota Timberwolves,4,10,18,Missed Shot,Jump Shot,3PT Field Goal,Above the Break 3,Right Side Center(RC),24+ ft.,27,163,226,1,0,20251114,MIN,SAC,22620,0,201144|203944|1628978|1629675|1630183,0,REG,2026,1610612750,,,,,
22500044598,,Shot Chart Detail,22500044,598,1630183,Jaden McDaniels,1610612750,Minnesota Timberwolves,4,9,47,Made Shot,Cutting Layup Shot,2PT Field Goal,Restricted Area,Center(C),Less Than 8 ft.,3,28,11,1,1,20251114,MIN,SAC,22930,0,201144|203944|1628978|1629675|1630183,1,REG,2026,1610612750,,,,,
22500044604,,Shot Chart Detail,22500044,604,1628978,Donte DiVincenzo,1610612750,Minnesota Timberwolves,4,9,28,Made Shot,Running Jump Shot,3PT Field Goal,Left Corner 3,Left Side(L),24+ ft.,22,-228,5,1,1,20251114,MIN,SAC,23120,0,201144|203944|1628978|1629675|1630183,1,REG,2026,1610612750,,,,,
22500044616,,Shot Chart Detail,22500044,616,1628978,Donte DiVincenzo,1610612750,Minnesota Timberwolves,4,8,57,Made Shot,Jump Shot,3PT Field Goal,Above the Break 3,Center(C),24+ ft.,31,-88,306,1,1,20251114,MIN,SAC,23430,0,201144|203944|1628978|1629675|1630183,1,REG,2026,1610612750,,,,,
22500044625,,Shot Chart Detail,22500044,625,201144,Mike Conley,1610612750,Minnesota Timberwolves,4,8,8,Missed Shot,Pullup Jump shot,3PT Field Goal,Above the Break 3,Right Side Center(RC),24+ ft.,25,82,242,1,0,20251114,MIN,SAC,23920,0,201144|203944|1628978|1629675|1630183,0,REG,2026,1610612750,,,,,
22500044627,,Shot Chart Detail,22500044,627,1629675,Naz Reid,1610612750,Minnesota Timberwolves,4,8,4,Missed Shot,Driving Floating Jump Shot,2PT Field Goal,Mid-Range,Center(C),8-16 ft.,14,-6,141,1,0,20251114,MIN,SAC,23960,0,201144|203944|1628978|1629675|1630183,0,REG,2026,1610612750,,,,,
22500044630,,Shot Chart Detail,22500044,630,1629675,Naz Reid,1610612750,Minnesota Timberwolves,4,7,37,Made Shot,Driving Layup Shot,2PT Field Goal,Restricted Area,Center(C),Less Than 8 ft.,2,21,16,1,1,20251114,MIN,SAC,24230,0,201144|203944|1628978|1629675|1630183,1,REG,2026,1610612750,,,,,
22500044634,,Shot Chart Detail,22500044,634,1630183,Jaden McDaniels,1610612750,Minnesota Timberwolves,4,7,15,Missed Shot,Jump Shot,3PT Field Goal,Left Corner 3,Left Side(L),24+ ft.,23,-232,11,1,0,20251114,MIN,SAC,24450,0,201144|203944|1628978|1629675|1630183,0,REG,2026,1610612750,,,,,
22500044638,,Shot Chart Detail,22500044,638,1629675,Naz Reid,1610612750,Minnesota Timberwolves,4,6,56,Missed Shot,Running Layup Shot,2PT Field Goal,Restricted Area,Center(C),Less Than 8 ft.,1,12,5,1,0,20251114,MIN,SAC,24640,0,201144|203944|1628978|1629675|1630183,0,REG,2026,1610612750,,,,,
22500044640,,Shot Chart Detail,22500044,640,203944,Julius Randle,1610612750,Minnesota Timberwolves,4,6,55,Made Shot,Tip Layup Shot,2PT Field Goal,Restricted Area,Center(C),Less Than 8 ft.,0,0,0,1,1,20251114,MIN,SAC,24650,0,201144|203944|1628978|1629675|1630183,0,REG,2026,1610612750,,,,,
22500044647,,Shot Chart Detail,22500044,647,1629675,Naz Reid,1610612750,Minnesota Timberwolves,4,6,23,Made Shot,Jump Shot,3PT Field Goal,Above the Break 3,Left Side Center(LC),24+ ft.,27,-156,232,1,1,20251114,MIN,SAC,24970,0,201144|203497|1628978|1629675|1630183,1,REG,2026,1610612750,,,,,
22500044653,,Shot Chart Detail,22500044,653,203497,Rudy Gobert,1610612750,Minnesota Timberwolves,4,5,50,Made Shot,Driving Dunk Shot,2PT Field Goal,Restricted Area,Center(C),Less Than 8 ft.,1,9,8,1,1,20251114,MIN,SAC,25300,0,203497|1628978|1629675|1630162|1630183,1,REG,2026,1610612750,,,,,
22500044665,,Shot Chart Detail,22500044,665,1630162,Anthony Edwards,1610612750,Minnesota Timberwolves,4,5,7,Missed Shot,Pullup Jump shot,3PT Field Goal,Above the Break 3,Center(C),24+ ft.,27,34,277,1,0,20251114,MIN,SAC,25730,0,203497|1629675|1630162|1630183|1641740,0,REG,2026,1610612750,,,,,
22500044672,,Shot Chart Detail,22500044,672,1629675,Naz Reid,1610612750,Minnesota Timberwolves,4,4,39,Missed Shot,Cutting Layup Shot,2PT Field Goal,Mid-Range,Right Side(R),8-16 ft.,9,91,26,1,0,20251114,MIN,SAC,26010,0,203497|1629675|1630162|1630183|1641740,0,REG,2026,1610612750,,,,,
22500044682,,Shot Chart Detail,22500044,682,203944,Julius Randle,1610612750,Minnesota Timberwolves,4,4,5,Missed Shot,Driving Floating Bank Jump Shot,2PT Field Goal,In The Paint (Non-RA),Center(C),Less Than 8 ft.,4,36,27,1,0,20251114,MIN,SAC,26350,0,203497|203944|1630162|1630183|1641740,0,REG,2026,1610612750,,,,,
22500044684,,Shot Chart Detail,22500044,684,203497,Rudy Gobert,1610612750,Minnesota Timberwolves,4,4,3,Made Shot,Putback Layup Shot,2PT Field Goal,Restricted Area,Center(C),Less Than 8 ft.,2,17,11,1,1,20251114,MIN,SAC,26370,0,203497|203944|1630162|1630183|1641740,0,REG,2026,1610612750,,,,,
22500044700,,Shot Chart Detail,22500044,700,1630183,Jaden McDaniels,1610612750,Minnesota Timberwolves,4,2,38,Missed Shot,Driving Floating Jump Shot,2PT Field Goal,In The Paint (Non-RA),Left Side(L),8-16 ft.,8,-43,69,1,0,20251114,MIN,SAC,27220,0,203497|203944|1630162|1630183|1641740,0,REG,2026,1610612750,,,,,
22500044710,,Shot Chart Detail,22500044,710,203944,Julius Randle,1610612750,Minnesota Timberwolves,4,2,3,Made Shot,Driving Layup Shot,2PT Field Goal,Restricted Area,Center(C),Less Than 8 ft.,3,-5,31,1,1,20251114,MIN,SAC,27570,0,203497|203944|1630162|1630183|1641740,0,REG,2026,1610612750,,,,,
22500044716,,Shot Chart Detail,22500044,716,203944,Julius Randle,1610612750,Minnesota Timberwolves,4,1,49,Missed Shot,Running Layup Shot,2PT Field Goal,Restricted Area,Center(C),Less Than 8 ft.,1,11,-5,1,0,20251114,MIN,SAC,27710,0,203497|203944|1630162|1630183|1641740,0,REG,2026,1610612750,,,,,
22500044721,,Shot Chart Detail,22500044,721,1641740,Jaylen Clark,1610612750,Minnesota Timberwolves,4,1,30,Missed Shot,Jump Shot,3PT Field Goal,Above the Break 3,Left Side Center(LC),24+ ft.,25,-178,184,1,0,20251114,MIN,SAC,27900,0,203497|203944|1630162|1630183|1641740,0,REG,2026,1610612750,,,,,
22500044733,,Shot Chart Detail,22500044,733,1630162,Anthony Edwards,1610612750,Minnesota Timberwolves,4,1,12,Missed Shot,Pullup Jump shot,3PT Field Goal,Above the Break 3,Center(C),24+ ft.,26,36,259,1,0,20251114,MIN,SAC,28080,0,203497|203944|1628978|1630162|1641740,0,REG,2026,1610612750,,,,,
22500044735,,Shot Chart Detail,22500044,735,1630162,Anthony Edwards,1610612750,Minnesota Timberwolves,4,1,7,Made Shot,Cutting Layup Shot,2PT Field Goal,Restricted Area,Center(C),Less Than 8 ft.,3,-29,17,1,1,20251114,MIN,SAC,28130,0,203497|203944|1628978|1630162|1641740,1,REG,2026,1610612750,,,,,
22500044739,,Shot Chart Detail,22500044,739,1628978,Donte DiVincenzo,1610612750,Minnesota Timberwolves,4,0,47,Missed Shot,Jump Shot,3PT Field Goal,Above the Break 3,Right Side Center(RC),24+ ft.,26,181,188,1,0,20251114,MIN,SAC,28330,0,203497|203944|1628978|1630162|1641740,0,REG,2026,1610612750,,,,,
22500044768,,Shot Chart Detail,22500044,768,1631159,Leonard Miller,1610612750,Minnesota Timberwolves,4,0,0,Missed Shot,Step Back Jump shot,3PT Field Goal,Left Corner 3,Left Side(L),24+ ft.,24,-232,63,1,0,20251114,MIN,SAC,28800,0,1630538|1630548|1631159|1642265|1642866,0,REG,2026,1610612750,,,,,
225000539,,Shot Chart Detail,22500053,9,1630162,Anthony Edwards,1610612750,Minnesota Timberwolves,1,11,22,Made Shot,Pullup Jump shot,3PT Field Goal,Above the Break 3,Left Side Center(LC),24+ ft.,25,-126,227,1,1,20251121,PHX,MIN,380,0,203497|203944|1628978|1630162|1630183,1,REG,2026,1610612750,,,,,
2250005317,,Shot Chart Detail,22500053,17,1628978,Donte DiVincenzo,1610612750,Minnesota Timberwolves,1,11,5,Missed Shot,Running Layup Shot,2PT Field Goal,In The Paint (Non-RA),Center(C),Less Than 8 ft.,4,37,23,1,0,20251121,PHX,MIN,550,0,203497|203944|1628978|1630162|1630183,0,REG,2026,1610612750,,,,,
2250005319,,Shot Chart Detail,22500053,19,1630162,Anthony Edwards,1610612750,Minnesota Timberwolves,1,10,59,Missed Shot,Driving Layup Shot,2PT Field Goal,In The Paint (Non-RA),Center(C),Less Than 8 ft.,6,-5,63,1,0,20251121,PHX,MIN,610,0,203497|203944|1628978|1630162|1630183,0,REG,2026,1610612750,,,,,
2250005323,,Shot Chart Detail,22500053,23,203497,Rudy Gobert,1610612750,Minnesota Timberwolves,1,10,33,Missed Shot,Driving Hook Shot,2PT Field Goal,In The Paint (Non-RA),Center(C),8-16 ft.,9,-20,88,1,0,20251121,PHX,MIN,870,0,203497|203944|1628978|1630162|1630183,0,REG,2026,1610612750,,,,,
2250005327,,Shot Chart Detail,22500053,27,1630162,Anthony Edwards,1610612750,Minnesota Timberwolves,1,10,7,Missed Shot,Driving Floating Jump Shot,2PT Field Goal,In The Paint (Non-RA),Center(C),Less Than 8 ft.,7,-65,42,1,0,20251121,PHX,MIN,1130,0,203497|203944|1628978|1630162|1630183,0,REG,2026,1610612750,,,,,
2250005329,,Shot Chart Detail,22500053,29,1630183,Jaden McDaniels,1610612750,Minnesota Timberwolves,1,10,4,Made Shot,Driving Dunk Shot,2PT Field Goal,Restricted Area,Center(C),Less Than 8 ft.,2,-12,23,1,1,20251121,PHX,MIN,1160,0,203497|203944|1628978|1630162|1630183,0,REG,2026,1610612750,,,,,
2250005338,,Shot Chart Detail,22500053,38,1628978,Donte DiVincenzo,1610612750,Minnesota Timberwolves,1,9,19,Missed Shot,Running Jump Shot,3PT Field Goal,Above the Break 3,Right Side Center(RC),24+ ft.,27,165,214,1,0,20251121,PHX,MIN,1610,0,203497|203944|1628978|1630162|1630183,0,REG,2026,1610612750,,,,,
2250005348,,Shot Chart Detail,22500053,48,203944,Julius Randle,1610612750,Minnesota Timberwolves,1,8,21,Made Shot,Step Back Jump shot,3PT Field Goal,Above the Break 3,Right Side Center(RC),24+ ft.,25,184,173,1,1,20251121,PHX,MIN,2190,0,203497|203944|1628978|1630162|1630183,0,REG,2026,1610612750,,,,,
2250005357,,Shot Chart Detail,22500053,57,203944,Julius Randle,1610612750,Minnesota Timberwolves,1,7,23,Made Shot,Pullup Jump shot,2PT Field Goal,In The Paint (Non-RA),Center(C),8-16 ft.,11,7,113,1,1,20251121,PHX,MIN,2770,0,203497|203944|1628978|1630162|1630183,1,REG,2026,1610612750,,,,,
2250005361,,Shot Chart Detail,22500053,61,203944,Julius Randle,1610612750,Minnesota Timberwolves,1,6,54,Made Shot,Pullup Jump shot,3PT Field Goal,Above the Break 3,Center(C),24+ ft.,30,55,295,1,1,20251121,PHX,MIN,3060,0,203497|203944|1628978|1630162|1630183,1,REG,2026,1610612750,,,,,
2250005368,,Shot Chart Detail,22500053,68,203944,Julius Randle,1610612750,Minnesota Timberwolves,1,6,27,Missed Shot,Pullup Jump shot,2PT Field Goal,Mid-Range,Right Side(R),8-16 ft.,12,102,75,1,0,20251121,PHX,MIN,3330,0,203497|203944|1628978|1630162|1630183,0,REG,2026,1610612750,,,,,
2250005370,,Shot Chart Detail,22500053,70,1630183,Jaden McDaniels,1610612750,Minnesota Timberwolves,1,6,18,Missed Shot,Jump Shot,3PT Field Goal,Left Corner 3,Left Side(L),24+ ft.,24,-243,18,1,0,20251121,PHX,MIN,3420,0,203497|203944|1628978|1630162|1630183,0,REG,2026,1610612750,,,,,
2250005372,,Shot Chart Detail,22500053,72,203944,Julius Randle,1610612750,Minnesota Timberwolves,1,6,14,Missed Shot,Jump Shot,3PT Field Goal,Above the Break 3,Center(C),24+ ft.,28,-2,281,1,0,20251121,PHX,MIN,3460,0,203497|203944|1628978|1630162|1630183,0,REG,2026,1610612750,,,,,
2250005376,,Shot Chart Detail,22500053,76,1628978,Donte DiVincenzo,1610612750,Minnesota Timberwolves,1,6,4,Missed Shot,Jump Shot,3PT Field Goal,Above the Break 3,Right Side Center(RC),24+ ft.,28,201,202,1,0,20251121,PHX,MIN,3560,0,203497|203944|1628978|1630162|1630183,0,REG,2026,1610612750,,,,,
2250005380,,Shot Chart Detail,22500053,80,1630183,Jaden McDaniels,1610612750,Minnesota Timberwolves,1,5,49,Missed Shot,Jump Shot,3PT Field Goal,Left Corner 3,Left Side(L),24+ ft.,24,-240,18,1,0,20251121,PHX,MIN,3710,0,203497|203944|1628978|1630162|1630183,0,REG,2026,1610612750,,,,,
22500053152,,Shot Chart Detail,22500053,152,203497,Rudy Gobert,1610612750,Minnesota Timberwolves,1,5,48,Missed Shot,Tip Layup Shot,2PT Field Goal,Restricted Area,Center(C),Less Than 8 ft.,1,-11,4,1,0,20251121,PHX,MIN,3720,0,203497|203944|1628978|1630162|1630183,0,REG,2026,1610612750,,,,,
2250005395,,Shot Chart Detail,22500053,95,1629675,Naz Reid,1610612750,Minnesota Timberwolves,1,5,3,Missed Shot,Driving Hook Shot,2PT Field Goal,In The Paint (Non-RA),Center(C),8-16 ft.,11,-33,113,1,0,20251121,PHX,MIN,4170,0,203497|1628978|1629675|1630162|1630183,0,REG,2026,1610612750,,,,,
22500053107,,Shot Chart Detail,22500053,107,201144,Mike Conley,1610612750,Minnesota Timberwolves,1,4,44,Missed Shot,Driving Floating Jump Shot,2PT Field Goal,In The Paint (Non-RA),Center(C),8-16 ft.,10,15,102,1,0,20251121,PHX,MIN,4360,0,201144|203497|1629675|1630162|1630183,0,REG,2026,1610612750,,,,,
22500053112,,Shot Chart Detail,22500053,112,1630162,Anthony Edwards,1610612750,Minnesota Timberwolves,1,4,14,Made Shot,Driving Layup Shot,2PT Field Goal,In The Paint (Non-RA),Center(C),Less Than 8 ft.,5,29,43,1,1,20251121,PHX,MIN,4660,0,201144|203497|1629675|1630162|1630183,1,REG,2026,1610612750,,,,,
22500053116,,Shot Chart Detail,22500053,116,1630162,Anthony Edwards,1610612750,Minnesota Timberwolves,1,3,34,Made Shot,Driving Hook Shot,2PT Field Goal,In The Paint (Non-RA),Center(C),Less Than 8 ft.,6,-5,64,1,1,20251121,PHX,MIN,5060,0,201144|203497|1629675|1630162|1630183,0,REG,2026,1610612750,,,,,
22500053130,,Shot Chart Detail,22500053,130,1629675,Naz Reid,1610612750,Minnesota Timberwolves,1,2,39,Missed Shot,Running Jump Shot,3PT Field Goal,Above the Break 3,Left Side Center(LC),24+ ft.,28,-157,233,1,0,20251121,PHX,MIN,5610,0,201144|203944|1629675|1630162|1641740,0,REG,2026,1610612750,,,,,
22500053140,,Shot Chart Detail,22500053,140,1629675,Naz Reid,1610612750,Minnesota Timberwolves,1,1,48,Made Shot,Driving Hook Shot,2PT Field Goal,In The Paint (Non-RA),Center(C),8-16 ft.,10,5,107,1,1,20251121,PHX,MIN,6120,0,201144|203944|1629675|1630162|1641740,0,REG,2026,1610612750,,,,,
22500053143,,Shot Chart Detail,22500053,143,1630162,Anthony Edwards,1610612750,Minnesota Timberwolves,1,1,18,Missed Shot,Step Back Jump shot,3PT Field Goal,Above the Break 3,Left Side Center(LC),24+ ft.,26,-88,254,1,0,20251121,PHX,MIN,6420,0,201144|203944|1629675|1630162|1641740,0,REG,2026,1610612750,,,,,
22500053150,,Shot Chart Detail,22500053,150,1629675,Naz Reid,1610612750,Minnesota Timberwolves,1,0,57,Missed Shot,Jump Shot,3PT Field Goal,Above the Break 3,Right Side Center(RC),24+ ft.,26,108,247,1,0,20251121,PHX,MIN,6630,0,201144|203944|1629675|1630162|1641740,0,REG,2026,1610612750,,,,,
22500053161,,Shot Chart Detail,22500053,161,1629675,Naz Reid,1610612750,Minnesota Timberwolves,1,0,42,Missed Shot,Driving Floating Jump Shot,2PT Field Goal,In The Paint (Non-RA),Center(C),8-16 ft.,10,27,105,1,0,20251121,PHX,MIN,6780,0,201144|203944|1629675|1630162|1641740,0,REG,2026,1610612750,,,,,
22500053163,,Shot Chart Detail,22500053,163,1629675,Naz Reid,1610612750,Minnesota Timberwolves,1,0,40,Made Shot,Putback Layup Shot,2PT Field Goal,Restricted Area,Center(C),Less Than 8 ft.,2,-17,23,1,1,20251121,PHX,MIN,6800,0,201144|203944|1629675|1630162|1641740,0,REG,2026,1610612750,,,,,
22500053170,,Shot Chart Detail,22500053,170,201144,Mike Conley,1610612750,Minnesota Timberwolves,1,0,1,Missed Shot,Jump Shot,3PT Field Goal,Above the Break 3,Right Side Center(RC),24+ ft.,26,158,215,1,0,20251121,PHX,MIN,7190,0,201144|203944|1629675|1630162|1641740,0,REG,2026,1610612750,,,,,
22500053172,,Shot Chart Detail,22500053,172,1641740,Jaylen Clark,1610612750,Minnesota Timberwolves,1,0,0,Missed Shot,Putback Layup Shot,2PT Field Goal,In The Paint (Non-RA),Center(C),Less Than 8 ft.,5,-47,29,1,0,20251121,PHX,MIN,7200,0,201144|203944|1629675|1630162|1641740,0,REG,2026,1610612750,,,,,
22500053189,,Shot Chart Detail,22500053,189,203497,Rudy Gobert,1610612750,Minnesota Timberwolves,2,11,48,Made Shot,Dunk Shot,2PT Field Goal,Restricted Area,Center(C),Less Than 8 ft.,3,-31,25,1,1,20251121,PHX,MIN,7320,0,201144|203497|1628978|1629675|1630183,0,REG,2026,1610612750,,,,,
22500053192,,Shot Chart Detail,22500053,192,1630183,Jaden McDaniels,1610612750,Minnesota Timberwolves,2,11,21,Missed Shot,Running Layup Shot,2PT Field Goal,In The Paint (Non-RA),Center(C),Less Than 8 ft.,4,-36,29,1,0,20251121,PHX,MIN,7590,0,201144|203497|1628978|1629675|1630183,0,REG,2026,1610612750,,,,,
22500053199,,Shot Chart Detail,22500053,199,1628978,Donte DiVincenzo,1610612750,Minnesota Timberwolves,2,10,45,Missed Shot,Driving Floating Bank Jump Shot,2PT Field Goal,Mid-Range,Right Side(R),8-16 ft.,10,100,39,1,0,20251121,PHX,MIN,7950,0,201144|203497|1628978|1629675|1630183,0,REG,2026,1610612750,,,,,
22500053206,,Shot Chart Detail,22500053,206,1630183,Jaden McDaniels,1610612750,Minnesota Timberwolves,2,10,14,Made Shot,Cutting Dunk Shot,2PT Field Goal,Restricted Area,Center(C),Less Than 8 ft.,3,-31,17,1,1,20251121,PHX,MIN,8260,0,201144|203497|1628978|1629675|1630183,1,REG,2026,1610612750,,,,,
22500053217,,Shot Chart Detail,22500053,217,1630183,Jaden McDaniels,1610612750,Minnesota Timberwolves,2,9,5,Made Shot,Driving Finger Roll Layup Shot,2PT Field Goal,In The Paint (Non-RA),Center(C),Less Than 8 ft.,7,-53,58,1,1,20251121,PHX,MIN,8950,0,203497|1628978|1629675|1630183|1642265,0,REG,2026,1610612750,,,,,
22500053220,,Shot Chart Detail,22500053,220,1629675,Naz Reid,1610612750,Minnesota Timberwolves,2,8,32,Missed Shot,Turnaround Hook Shot,2PT Field Goal,In The Paint (Non-RA),Center(C),Less Than 8 ft.,7,-12,79,1,0,20251121,PHX,MIN,9280,0,203497|1628978|1629675|1630183|1642265,0,REG,2026,1610612750,,,,,
22500053235,,Shot Chart Detail,22500053,235,1630183,Jaden McDaniels,1610612750,Minnesota Timberwolves,2,8,8,Missed Shot,Jump Shot,3PT Field Goal,Left Corner 3,Left Side(L),24+ ft.,24,-243,12,1,0,20251121,PHX,MIN,9520,0,203497|203944|1630162|1630183|1642265,0,REG,2026,1610612750,,,,,
22500053243,,Shot Chart Detail,22500053,243,1642265,Rob Dillingham,1610612750,Minnesota Timberwolves,2,7,18,Made Shot,Jump Shot,3PT Field Goal,Left Corner 3,Left Side(L),24+ ft.,24,-239,33,1,1,20251121,PHX,MIN,10020,0,203497|203944|1630162|1630183|1642265,1,REG,2026,1610612750,,,,,
22500053256,,Shot Chart Detail,22500053,256,1630162,Anthony Edwards,1610612750,Minnesota Timberwolves,2,6,15,Missed Shot,Jump Shot,3PT Field Goal,Above the Break 3,Right Side Center(RC),24+ ft.,28,189,217,1,0,20251121,PHX,MIN,10650,0,203497|203944|1630162|1630183|1642265,0,REG,2026,1610612750,,,,,
22500053268,,Shot Chart Detail,22500053,268,1630162,Anthony Edwards,1610612750,Minnesota Timberwolves,2,5,37,Made Shot,Finger Roll Layup Shot,2PT Field Goal,In The Paint (Non-RA),Center(C),Less Than 8 ft.,6,-7,67,1,1,20251121,PHX,MIN,11030,0,203944|1629675|1630162|1630183|1642265,0,REG,2026,1610612750,,,,,
22500053276,,Shot Chart Detail,22500053,276,203944,Julius Randle,1610612750,Minnesota Timberwolves,2,5,15,Missed Shot,Jump Shot,3PT Field Goal,Left Corner 3,Left Side(L),24+ ft.,23,-239,16,1,0,20251121,PHX,MIN,11250,0,203944|1629675|1630162|1630183|1642265,0,REG,2026,1610612750,,,,,
22500053281,,Shot Chart Detail,22500053,281,1629675,Naz Reid,1610612750,Minnesota Timberwolves,2,4,47,Missed Shot,Turnaround Hook Shot,2PT Field Goal,In The Paint (Non-RA),Center(C),Less Than 8 ft.,7,59,46,1,0,20251121,PHX,MIN,11530,0,203944|1629675|1630162|1630183|1642265,0,REG,2026,1610612750,,,,,
22500053295,,Shot Chart Detail,22500053,295,1630162,Anthony Edwards,1610612750,Minnesota Timberwolves,2,4,14,Made Shot,Driving Layup Shot,2PT Field Goal,In The Paint (Non-RA),Center(C),Less Than 8 ft.,5,32,41,1,1,20251121,PHX,MIN,11860,0,203944|1629675|1630162|1630183|1642265,0,REG,2026,1610612750,,,,,
22500053298,,Shot Chart Detail,22500053,298,203944,Julius Randle,1610612750,Minnesota Timberwolves,2,3,46,Made Shot,Driving Layup Shot,2PT Field Goal,In The Paint (Non-RA),Left Side(L),8-16 ft.,8,-58,57,1,1,20251121,PHX,MIN,12140,0,203944|1629675|1630162|1630183|1642265,0,REG,2026,1610612750,,,,,
22500053300,,Shot Chart Detail,22500053,300,1630162,Anthony Edwards,1610612750,Minnesota Timberwolves,2,3,18,Missed Shot,Driving Layup Shot,2PT Field Goal,In The Paint (Non-RA),Center(C),Less Than 8 ft.,6,-11,68,1,0,20251121,PHX,MIN,12420,0,203944|1629675|1630162|1630183|1642265,0,REG,2026,1610612750,,,,,
22500053304,,Shot Chart Detail,22500053,304,1630162,Anthony Edwards,1610612750,Minnesota Timberwolves,2,3,9,Missed Shot,Running Jump Shot,3PT Field Goal,Above the Break 3,Left Side Center(LC),24+ ft.,26,-248,89,1,0,20251121,PHX,MIN,12510,0,203944|1629675|1630162|1630183|1642265,0,REG,2026,1610612750,,,,,
22500053306,,Shot Chart Detail,22500053,306,1642265,Rob Dillingham,1610612750,Minnesota Timberwolves,2,3,2,Made Shot,Pullup Jump shot,2PT Field Goal,Mid-Range,Left Side Center(LC),16-24 ft.,22,-88,210,1,1,20251121,PHX,MIN,12580,0,203944|1629675|1630162|1630183|1642265,0,REG,2026,1610612750,,,,,
22500053318,,Shot Chart Detail,22500053,318,1629675,Naz Reid,1610612750,Minnesota Timberwolves,2,1,58,Made Shot,Jump Shot,3PT Field Goal,Above the Break 3,Left Side Center(LC),24+ ft.,27,-158,227,1,1,20251121,PHX,MIN,13220,0,203944|1629675|1630162|1630183|1642265,1,REG,2026,1610612750,,,,,
22500053322,,Shot Chart Detail,22500053,322,1630162,Anthony Edwards,1610612750,Minnesota Timberwolves,2,1,26,Made Shot,Jump Shot,3PT Field Goal,Above the Break 3,Right Side Center(RC),24+ ft.,26,107,247,1,1,20251121,PHX,MIN,13540,0,203944|1629675|1630162|1630183|1642265,1,REG,2026,1610612750,,,,,
22500053330,,Shot Chart Detail,22500053,330,1642265,Rob Dillingham,1610612750,Minnesota Timberwolves,2,0,53,Missed Shot,Driving Layup Shot,2PT Field Goal,In The Paint (Non-RA),Center(C),Less Than 8 ft.,6,43,53,1,0,20251121,PHX,MIN,13870,0,203944|1629675|1630162|1630183|1642265,0,REG,2026,1610612750,,,,,
22500053345,,Shot Chart Detail,22500053,345,1630162,Anthony Edwards,1610612750,Minnesota Timberwolves,2,0,21,Missed Shot,Jump Shot,3PT Field Goal,Above the Break 3,Left Side Center(LC),24+ ft.,26,-186,184,1,0,20251121,PHX,MIN,14190,0,203944|1629675|1630162|1630183|1642265,0,REG,2026,1610612750,,,,,
22500053368,,Shot Chart Detail,22500053,368,203944,Julius Randle,1610612750,Minnesota Timberwolves,3,11,42,Made Shot,Layup Shot,2PT Field Goal,Restricted Area,Center(C),Less Than 8 ft.,1,7,10,1,1,20251121,PHX,MIN,14580,0,203497|203944|1628978|1630162|1630183,0,REG,2026,1610612750,,,,,
22500053369,,Shot Chart Detail,22500053,369,1630162,Anthony Edwards,1610612750,Minnesota Timberwolves,3,11,12,Made Shot,Pullup Jump shot,3PT Field Goal,Above the Break 3,Center(C),24+ ft.,25,32,250,1,1,20251121,PHX,MIN,14880,0,203497|203944|1628978|1630162|1630183,1,REG,2026,1610612750,,,,,
22500053382,,Shot Chart Detail,22500053,382,1630162,Anthony Edwards,1610612750,Minnesota Timberwolves,3,10,0,Missed Shot,Step Back Jump shot,3PT Field Goal,Above the Break 3,Left Side Center(LC),24+ ft.,26,-158,214,1,0,20251121,PHX,MIN,15600,0,203497|203944|1628978|1630162|1630183,0,REG,2026,1610612750,,,,,
22500053385,,Shot Chart Detail,22500053,385,203497,Rudy Gobert,1610612750,Minnesota Timberwolves,3,9,38,Made Shot,Cutting Dunk Shot,2PT Field Goal,In The Paint (Non-RA),Center(C),Less Than 8 ft.,6,29,58,1,1,20251121,PHX,MIN,15820,0,203497|203944|1628978|1630162|1630183,1,REG,2026,1610612750,,,,,
22500053389,,Shot Chart Detail,22500053,389,1630183,Jaden McDaniels,1610612750,Minnesota Timberwolves,3,9,13,Missed Shot,Jump Shot,3PT Field Goal,Left Corner 3,Left Side(L),24+ ft.,22,-223,27,1,0,20251121,PHX,MIN,16070,0,203497|203944|1628978|1630162|1630183,0,REG,2026,1610612750,,,,,
22500053391,,Shot Chart Detail,22500053,391,1630183,Jaden McDaniels,1610612750,Minnesota Timberwolves,3,9,9,Made Shot,Putback Layup Shot,2PT Field Goal,In The Paint (Non-RA),Center(C),Less Than 8 ft.,5,-47,29,1,1,20251121,PHX,MIN,16110,0,203497|203944|1628978|1630162|1630183,0,REG,2026,1610612750,,,,,
22500053399,,Shot Chart Detail,22500053,399,1630162,Anthony Edwards,1610612750,Minnesota Timberwolves,3,8,37,Made Shot,Driving Layup Shot,2PT Field Goal,In The Paint (Non-RA),Center(C),Less Than 8 ft.,5,22,45,1,1,20251121,PHX,MIN,16430,0,203497|203944|1628978|1630162|1630183,1,REG,2026,1610612750,,,,,
22500053403,,Shot Chart Detail,22500053,403,1630162,Anthony Edwards,1610612750,Minnesota Timberwolves,3,8,14,Made Shot,Step Back Jump shot,3PT Field Goal,Above the Break 3,Right Side Center(RC),24+ ft.,28,174,229,1,1,20251121,PHX,MIN,16660,0,203497|203944|1628978|1630162|1630183,0,REG,2026,1610612750,,,,,
22500053417,,Shot Chart Detail,22500053,417,203944,Julius Randle,1610612750,Minnesota Timberwolves,3,7,21,Made Shot,Turnaround Fadeaway shot,2PT Field Goal,In The Paint (Non-RA),Center(C),8-16 ft.,8,4,85,1,1,20251121,PHX,MIN,17190,0,203497|203944|1628978|1630162|1630183,0,REG,2026,1610612750,,,,,
22500053420,,Shot Chart Detail,22500053,420,1630162,Anthony Edwards,1610612750,Minnesota Timberwolves,3,7,2,Made Shot,Driving Finger Roll Layup Shot,2PT Field Goal,In The Paint (Non-RA),Center(C),Less Than 8 ft.,4,-33,35,1,1,20251121,PHX,MIN,17380,0,203497|203944|1628978|1630162|1630183,0,REG,2026,1610612750,,,,,
22500053427,,Shot Chart Detail,22500053,427,203944,Julius Randle,1610612750,Minnesota Timberwolves,3,6,27,Missed Shot,Driving Floating Bank Jump Shot,2PT Field Goal,In The Paint (Non-RA),Center(C),Less Than 8 ft.,4,-31,37,1,0,20251121,PHX,MIN,17730,0,203497|203944|1628978|1630162|1630183,0,REG,2026,1610612750,,,,,
22500053432,,Shot Chart Detail,22500053,432,1630162,Anthony Edwards,1610612750,Minnesota Timberwolves,3,6,0,Made Shot,Driving Finger Roll Layup Shot,2PT Field Goal,In The Paint (Non-RA),Right Side(R),8-16 ft.,8,70,53,1,1,20251121,PHX,MIN,18000,0,203497|203944|1628978|1630162|1630183,0,REG,2026,1610612750,,,,,
22500053447,,Shot Chart Detail,22500053,447,1630162,Anthony Edwards,1610612750,Minnesota Timberwolves,3,5,19,Made Shot,Step Back Jump shot,3PT Field Goal,Above the Break 3,Left Side Center(LC),24+ ft.,25,-214,145,1,1,20251121,PHX,MIN,18410,0,203497|1628978|1629675|1630162|1630183,0,REG,2026,1610612750,,,,,
22500053483,,Shot Chart Detail,22500053,483,1630162,Anthony Edwards,1610612750,Minnesota Timberwolves,3,3,0,Made Shot,Driving Layup Shot,2PT Field Goal,In The Paint (Non-RA),Center(C),Less Than 8 ft.,5,56,19,1,1,20251121,PHX,MIN,19800,0,203944|1628978|1629675|1630162|1641740,0,REG,2026,1610612750,,,,,
22500053490,,Shot Chart Detail,22500053,490,203944,Julius Randle,1610612750,Minnesota Timberwolves,3,2,32,Missed Shot,Jump Shot,3PT Field Goal,Left Corner 3,Left Side(L),24+ ft.,22,-222,-18,1,0,20251121,PHX,MIN,20080,0,201144|203944|1629675|1630162|1641740,0,REG,2026,1610612750,,,,,
22500053494,,Shot Chart Detail,22500053,494,201144,Mike Conley,1610612750,Minnesota Timberwolves,3,2,17,Missed Shot,Jump Shot,3PT Field Goal,Right Corner 3,Right Side(R),24+ ft.,24,241,10,1,0,20251121,PHX,MIN,20230,0,201144|203944|1629675|1630162|1641740,0,REG,2026,1610612750,,,,,
22500053560,,Shot Chart Detail,22500053,560,1630183,Jaden McDaniels,1610612750,Minnesota Timberwolves,4,11,21,Missed Shot,Jump Shot,3PT Field Goal,Right Corner 3,Right Side(R),24+ ft.,24,241,5,1,0,20251121,PHX,MIN,21990,0,201144|203497|1628978|1629675|1630183,0,REG,2026,1610612750,,,,,
22500053567,,Shot Chart Detail,22500053,567,1629675,Naz Reid,1610612750,Minnesota Timberwolves,4,10,52,Made Shot,Driving Floating Jump Shot,2PT Field Goal,In The Paint (Non-RA),Right Side(R),8-16 ft.,8,51,67,1,1,20251121,PHX,MIN,22280,0,201144|203497|1628978|1629675|1630183,1,REG,2026,1610612750,,,,,
22500053572,,Shot Chart Detail,22500053,572,1630183,Jaden McDaniels,1610612750,Minnesota Timberwolves,4,10,44,Missed Shot,Layup Shot,2PT Field Goal,In The Paint (Non-RA),Center(C),Less Than 8 ft.,4,40,20,1,0,20251121,PHX,MIN,22360,0,201144|203497|1628978|1629675|1630183,0,REG,2026,1610612750,,,,,
22500053581,,Shot Chart Detail,22500053,581,1628978,Donte DiVincenzo,1610612750,Minnesota Timberwolves,4,10,12,Missed Shot,Jump Shot,3PT Field Goal,Above the Break 3,Right Side Center(RC),24+ ft.,26,115,237,1,0,20251121,PHX,MIN,22680,0,201144|203497|1628978|1629675|1630183,0,REG,2026,1610612750,,,,,
22500053588,,Shot Chart Detail,22500053,588,201144,Mike Conley,1610612750,Minnesota Timberwolves,4,9,45,Made Shot,Jump Shot,3PT Field Goal,Above the Break 3,Center(C),24+ ft.,26,-4,260,1,1,20251121,PHX,MIN,22950,0,201144|203497|1628978|1629675|1630183,1,REG,2026,1610612750,,,,,
22500053595,,Shot Chart Detail,22500053,595,203497,Rudy Gobert,1610612750,Minnesota Timberwolves,4,9,2,Made Shot,Alley Oop Layup shot,2PT Field Goal,Restricted Area,Center(C),Less Than 8 ft.,2,-23,5,1,1,20251121,PHX,MIN,23380,0,201144|203497|1628978|1629675|1630183,1,REG,2026,1610612750,,,,,
22500053606,,Shot Chart Detail,22500053,606,1628978,Donte DiVincenzo,1610612750,Minnesota Timberwolves,4,8,29,Made Shot,Running Jump Shot,3PT Field Goal,Above the Break 3,Center(C),24+ ft.,28,82,277,1,1,20251121,PHX,MIN,23710,0,201144|203497|1628978|1629675|1630183,1,REG,2026,1610612750,,,,,
22500053614,,Shot Chart Detail,22500053,614,203497,Rudy Gobert,1610612750,Minnesota Timberwolves,4,7,48,Missed Shot,Alley Oop Layup shot,2PT Field Goal,Restricted Area,Center(C),Less Than 8 ft.,2,-23,11,1,0,20251121,PHX,MIN,24120,0,201144|203497|1628978|1629675|1630183,0,REG,2026,1610612750,,,,,
22500053616,,Shot Chart Detail,22500053,616,203497,Rudy Gobert,1610612750,Minnesota Timberwolves,4,7,47,Missed Shot,Tip Layup Shot,2PT Field Goal,Restricted Area,Center(C),Less Than 8 ft.,1,9,14,1,0,20251121,PHX,MIN,24130,0,201144|203497|1628978|1629675|1630183,0,REG,2026,1610612750,,,,,
22500053618,,Shot Chart Detail,22500053,618,203497,Rudy Gobert,1610612750,Minnesota Timberwolves,4,7,47,Made Shot,Tip Layup Shot,2PT Field Goal,Restricted Area,Center(C),Less Than 8 ft.,1,2,16,1,1,20251121,PHX,MIN,24130,0,201144|203497|1628978|1629675|1630183,0,REG,2026,1610612750,,,,,
22500053629,,Shot Chart Detail,22500053,629,1628978,Donte DiVincenzo,1610612750,Minnesota Timberwolves,4,7,15,Missed Shot,Jump Shot,3PT Field Goal,Left Corner 3,Left Side(L),24+ ft.,23,-230,63,1,0,20251121,PHX,MIN,24450,0,203497|1628978|1629675|1630162|1630183,0,REG,2026,1610612750,,,,,
22500053633,,Shot Chart Detail,22500053,633,1630162,Anthony Edwards,1610612750,Minnesota Timberwolves,4,7,3,Missed Shot,Turnaround Jump Shot,2PT Field Goal,Mid-Range,Left Side(L),8-16 ft.,15,-92,122,1,0,20251121,PHX,MIN,24570,0,203497|1628978|1629675|1630162|1630183,0,REG,2026,1610612750,,,,,
22500053640,,Shot Chart Detail,22500053,640,1630162,Anthony Edwards,1610612750,Minnesota Timberwolves,4,6,28,Made Shot,Running Layup Shot,2PT Field Goal,Restricted Area,Center(C),Less Than 8 ft.,2,-18,20,1,1,20251121,PHX,MIN,24920,0,203497|1628978|1629675|1630162|1630183,0,REG,2026,1610612750,,,,,
22500053664,,Shot Chart Detail,22500053,664,203497,Rudy Gobert,1610612750,Minnesota Timberwolves,4,5,9,Made Shot,Cutting Dunk Shot,2PT Field Goal,Restricted Area,Center(C),Less Than 8 ft.,2,27,-2,1,1,20251121,PHX,MIN,25710,0,203497|203944|1628978|1630162|1630183,1,REG,2026,1610612750,,,,,
22500053672,,Shot Chart Detail,22500053,672,1630162,Anthony Edwards,1610612750,Minnesota Timberwolves,4,4,9,Missed Shot,Jump Shot,3PT Field Goal,Above the Break 3,Right Side Center(RC),24+ ft.,27,109,251,1,0,20251121,PHX,MIN,26310,0,203497|203944|1628978|1630162|1630183,0,REG,2026,1610612750,,,,,
22500053679,,Shot Chart Detail,22500053,679,203944,Julius Randle,1610612750,Minnesota Timberwolves,4,3,24,Missed Shot,Jump Shot,3PT Field Goal,Left Corner 3,Left Side(L),24+ ft.,23,-232,-12,1,0,20251121,PHX,MIN,26760,0,203497|203944|1628978|1630162|1630183,0,REG,2026,1610612750,,,,,
22500053687,,Shot Chart Detail,22500053,687,1628978,Donte DiVincenzo,1610612750,Minnesota Timberwolves,4,3,8,Made Shot,Jump Shot,3PT Field Goal,Above the Break 3,Left Side Center(LC),24+ ft.,28,-176,221,1,1,20251121,PHX,MIN,26920,0,203497|203944|1628978|1630162|1630183,1,REG,2026,1610612750,,,,,
22500053703,,Shot Chart Detail,22500053,703,1628978,Donte DiVincenzo,1610612750,Minnesota Timberwolves,4,1,51,Missed Shot,Fadeaway Jump Shot,3PT Field Goal,Right Corner 3,Right Side(R),24+ ft.,25,239,82,1,0,20251121,PHX,MIN,27690,0,203497|203944|1628978|1630162|1630183,0,REG,2026,1610612750,,,,,
22500053705,,Shot Chart Detail,22500053,705,203497,Rudy Gobert,1610612750,Minnesota Timberwolves,4,1,46,Missed Shot,Tip Layup Shot,2PT Field Goal,In The Paint (Non-RA),Center(C),Less Than 8 ft.,4,40,27,1,0,20251121,PHX,MIN,27740,0,203497|203944|1628978|1630162|1630183,0,REG,2026,1610612750,,,,,
22500053708,,Shot Chart Detail,22500053,708,1630183,Jaden McDaniels,1610612750,Minnesota Timberwolves,4,1,31,Made Shot,Pullup Jump shot,2PT Field Goal,In The Paint (Non-RA),Center(C),8-16 ft.,11,15,111,1,1,20251121,PHX,MIN,27890,0,203497|203944|1628978|1630162|1630183,1,REG,2026,1610612750,,,,,
22500053773,,Shot Chart Detail,22500053,773,203944,Julius Randle,1610612750,Minnesota Timberwolves,4,0,0,Missed Shot,Pullup Jump shot,3PT Field Goal,Above the Break 3,Right Side Center(RC),24+ ft.,28,119,257,1,0,20251121,PHX,MIN,28800,0,203497|203944|1628978|1630162|1630183,0,REG,2026,1610612750,,,,,
225000899,,Shot Chart Detail,22500089,9,203944,Julius Randle,1610612750,Minnesota Timberwolves,1,11,31,Missed Shot,Step Back Jump shot,2PT Field Goal,Mid-Range,Right Side(R),8-16 ft.,15,151,12,1,0,20251022,POR,MIN,290,0,203497|203944|1628978|1630162|1630183,0,REG,2026,1610612750,,,,,
2250008911,,Shot Chart Detail,22500089,11,1630162,Anthony Edwards,1610612750,Minnesota Timberwolves,1,11,24,Missed Shot,Jump Shot,3PT Field Goal,Above the Break 3,Center(C),24+ ft.,26,-71,251,1,0,20251022,POR,MIN,360,0,203497|203944|1628978|1630162|1630183,0,REG,2026,1610612750,,,,,
2250008917,,Shot Chart Detail,22500089,17,1628978,Donte DiVincenzo,1610612750,Minnesota Timberwolves,1,10,58,Missed Shot,Jump Shot,3PT Field Goal,Above the Break 3,Left Side Center(LC),24+ ft.,25,-199,162,1,0,20251022,POR,MIN,620,0,203497|203944|1628978|1630162|1630183,0,REG,2026,1610612750,,,,,
2250008921,,Shot Chart Detail,22500089,21,1628978,Donte DiVincenzo,1610612750,Minnesota Timberwolves,1,10,28,Made Shot,Jump Shot,3PT Field Goal,Above the Break 3,Left Side Center(LC),24+ ft.,29,-161,249,1,1,20251022,POR,MIN,920,0,203497|203944|1628978|1630162|1630183,1,REG,2026,1610612750,,,,,
2250008925,,Shot Chart Detail,22500089,25,1628978,Donte DiVincenzo,1610612750,Minnesota Timberwolves,1,10,11,Made Shot,Running Layup Shot,2PT Field Goal,Restricted Area,Center(C),Less Than 8 ft.,1,7,16,1,1,20251022,POR,MIN,1090,0,203497|203944|1628978|1630162|1630183,0,REG,2026,1610612750,,,,,
2250008928,,Shot Chart Detail,22500089,28,1630162,Anthony Edwards,1610612750,Minnesota Timberwolves,1,9,49,Made Shot,Pullup Jump shot,3PT Field Goal,Above the Break 3,Center(C),24+ ft.,27,25,269,1,1,20251022,POR,MIN,1310,0,203497|203944|1628978|1630162|1630183,0,REG,2026,1610612750,,,,,
2250008935,,Shot Chart Detail,22500089,35,203497,Rudy Gobert,1610612750,Minnesota Timberwolves,1,9,15,Missed Shot,Cutting Dunk Shot,2PT Field Goal,Restricted Area,Center(C),Less Than 8 ft.,2,20,0,1,0,20251022,POR,MIN,1650,0,203497|203944|1628978|1630162|1630183,0,REG,2026,1610612750,,,,,
2250008940,,Shot Chart Detail,22500089,40,1630183,Jaden McDaniels,1610612750,Minnesota Timberwolves,1,8,50,Made Shot,Jump Shot,3PT Field Goal,Right Corner 3,Right Side(R),24+ ft.,22,221,36,1,1,20251022,POR,MIN,1900,0,203497|203944|1628978|1630162|1630183,1,REG,2026,1610612750,,,,,
2250008959,,Shot Chart Detail,22500089,59,1630162,Anthony Edwards,1610612750,Minnesota Timberwolves,1,7,29,Missed Shot,Driving Layup Shot,2PT Field Goal,Restricted Area,Center(C),Less Than 8 ft.,1,13,-4,1,0,20251022,POR,MIN,2710,0,203497|203944|1628978|1630162|1630183,0,REG,2026,1610612750,,,,,
2250008969,,Shot Chart Detail,22500089,69,1628978,Donte DiVincenzo,1610612750,Minnesota Timberwolves,1,6,47,Missed Shot,Jump Shot,3PT Field Goal,Above the Break 3,Right Side Center(RC),24+ ft.,26,105,248,1,0,20251022,POR,MIN,3130,0,203944|1628978|1629675|1630162|1630183,0,REG,2026,1610612750,,,,,
2250008976,,Shot Chart Detail,22500089,76,1630183,Jaden McDaniels,1610612750,Minnesota Timberwolves,1,6,17,Missed Shot,Jump Shot,3PT Field Goal,Above the Break 3,Left Side Center(LC),24+ ft.,25,-161,195,1,0,20251022,POR,MIN,3430,0,203944|1628978|1629675|1630162|1630183,0,REG,2026,1610612750,,,,,
2250008985,,Shot Chart Detail,22500089,85,1628978,Donte DiVincenzo,1610612750,Minnesota Timberwolves,1,5,52,Made Shot,Jump Shot,2PT Field Goal,Mid-Range,Center(C),16-24 ft.,16,17,162,1,1,20251022,POR,MIN,3680,0,203944|1628978|1629675|1630162|1630183,1,REG,2026,1610612750,,,,,
2250008994,,Shot Chart Detail,22500089,94,203944,Julius Randle,1610612750,Minnesota Timberwolves,1,5,22,Made Shot,Jump Shot,3PT Field Goal,Above the Break 3,Left Side Center(LC),24+ ft.,26,-154,211,1,1,20251022,POR,MIN,3980,0,203944|1628978|1629675|1630162|1630545,1,REG,2026,1610612750,,,,,
2250008998,,Shot Chart Detail,22500089,98,203944,Julius Randle,1610612750,Minnesota Timberwolves,1,4,51,Made Shot,Running Jump Shot,3PT Field Goal,Right Corner 3,Right Side(R),24+ ft.,22,228,10,1,1,20251022,POR,MIN,4290,0,203944|1628978|1629675|1630162|1630545,1,REG,2026,1610612750,,,,,
22500089102,,Shot Chart Detail,22500089,102,1630162,Anthony Edwards,1610612750,Minnesota Timberwolves,1,4,27,Made Shot,Pullup Jump shot,2PT Field Goal,Mid-Range,Left Side(L),8-16 ft.,13,-87,97,1,1,20251022,POR,MIN,4530,0,203944|1628978|1629675|1630162|1630545,0,REG,2026,1610612750,,,,,
22500089115,,Shot Chart Detail,22500089,115,1630162,Anthony Edwards,1610612750,Minnesota Timberwolves,1,3,48,Missed Shot,Step Back Jump shot,3PT Field Goal,Above the Break 3,Right Side Center(RC),24+ ft.,25,109,228,1,0,20251022,POR,MIN,4920,0,201144|203944|1629675|1630162|1630545,0,REG,2026,1610612750,,,,,
22500089140,,Shot Chart Detail,22500089,140,201144,Mike Conley,1610612750,Minnesota Timberwolves,1,2,16,Missed Shot,Jump Shot,3PT Field Goal,Left Corner 3,Left Side(L),24+ ft.,23,-235,13,1,0,20251022,POR,MIN,5840,0,201144|1629675|1630162|1630545|1641740,0,REG,2026,1610612750,,,,,
22500089143,,Shot Chart Detail,22500089,143,1641740,Jaylen Clark,1610612750,Minnesota Timberwolves,1,1,38,Missed Shot,Cutting Layup Shot,2PT Field Goal,In The Paint (Non-RA),Center(C),Less Than 8 ft.,4,-45,7,1,0,20251022,POR,MIN,6220,0,201144|1629675|1630162|1630545|1641740,0,REG,2026,1610612750,,,,,
22500089145,,Shot Chart Detail,22500089,145,1629675,Naz Reid,1610612750,Minnesota Timberwolves,1,1,36,Made Shot,Tip Layup Shot,2PT Field Goal,Restricted Area,Center(C),Less Than 8 ft.,0,0,0,1,1,20251022,POR,MIN,6240,0,201144|1629675|1630162|1630545|1641740,0,REG,2026,1610612750,,,,,
22500089148,,Shot Chart Detail,22500089,148,1629675,Naz Reid,1610612750,Minnesota Timberwolves,1,1,14,Missed Shot,Jump Shot,3PT Field Goal,Above the Break 3,Right Side Center(RC),24+ ft.,24,208,134,1,0,20251022,POR,MIN,6460,0,201144|1629675|1630162|1630545|1641740,0,REG,2026,1610612750,,,,,
22500089159,,Shot Chart Detail,22500089,159,1629675,Naz Reid,1610612750,Minnesota Timberwolves,1,0,52,Missed Shot,Cutting Dunk Shot,2PT Field Goal,Restricted Area,Center(C),Less Than 8 ft.,1,-6,16,1,0,20251022,POR,MIN,6680,0,201144|1629675|1630162|1630545|1641740,0,REG,2026,1610612750,,,,,
22500089162,,Shot Chart Detail,22500089,162,1629675,Naz Reid,1610612750,Minnesota Timberwolves,1,0,45,Made Shot,Driving Layup Shot,2PT Field Goal,Restricted Area,Center(C),Less Than 8 ft.,3,31,7,1,1,20251022,POR,MIN,6750,0,201144|1629675|1630162|1630545|1641740,1,REG,2026,1610612750,,,,,
22500089165,,Shot Chart Detail,22500089,165,1630162,Anthony Edwards,1610612750,Minnesota Timberwolves,1,0,24,Made Shot,Running Jump Shot,3PT Field Goal,Above the Break 3,Left Side Center(LC),24+ ft.,25,-230,118,1,1,20251022,POR,MIN,6960,0,201144|1629675|1630162|1630545|1641740,1,REG,2026,1610612750,,,,,
22500089196,,Shot Chart Detail,22500089,196,201144,Mike Conley,1610612750,Minnesota Timberwolves,2,10,33,Missed Shot,Driving Floating Jump Shot,2PT Field Goal,Restricted Area,Center(C),Less Than 8 ft.,3,10,31,1,0,20251022,POR,MIN,8070,0,201144|203497|1628978|1629675|1641740,0,REG,2026,1610612750,,,,,
22500089198,,Shot Chart Detail,22500089,198,201144,Mike Conley,1610612750,Minnesota Timberwolves,2,10,31,Missed Shot,Tip Layup Shot,2PT Field Goal,Restricted Area,Center(C),Less Than 8 ft.,0,0,0,1,0,20251022,POR,MIN,8090,0,201144|203497|1628978|1629675|1641740,0,REG,2026,1610612750,,,,,
22500089200,,Shot Chart Detail,22500089,200,203497,Rudy Gobert,1610612750,Minnesota Timberwolves,2,10,29,Made Shot,Tip Layup Shot,2PT Field Goal,Restricted Area,Center(C),Less Than 8 ft.,0,0,0,1,1,20251022,POR,MIN,8110,0,201144|203497|1628978|1629675|1641740,0,REG,2026,1610612750,,,,,
22500089203,,Shot Chart Detail,22500089,203,1641740,Jaylen Clark,1610612750,Minnesota Timberwolves,2,10,8,Missed Shot,Jump Shot,3PT Field Goal,Right Corner 3,Right Side(R),24+ ft.,22,224,7,1,0,20251022,POR,MIN,8320,0,201144|203497|1628978|1629675|1641740,0,REG,2026,1610612750,,,,,
22500089228,,Shot Chart Detail,22500089,228,1630545,Terrence Shannon Jr.,1610612750,Minnesota Timberwolves,2,8,45,Missed Shot,Driving Layup Shot,2PT Field Goal,Restricted Area,Center(C),Less Than 8 ft.,1,4,13,1,0,20251022,POR,MIN,9150,0,203497|203944|1628978|1630183|1630545,0,REG,2026,1610612750,,,,,
22500089232,,Shot Chart Detail,22500089,232,1630183,Jaden McDaniels,1610612750,Minnesota Timberwolves,2,8,19,Missed Shot,Pullup Jump shot,2PT Field Goal,Mid-Range,Right Side(R),8-16 ft.,11,113,-9,1,0,20251022,POR,MIN,9410,0,203497|203944|1628978|1630183|1630545,0,REG,2026,1610612750,,,,,
22500089259,,Shot Chart Detail,22500089,259,203944,Julius Randle,1610612750,Minnesota Timberwolves,2,7,14,Made Shot,Turnaround Fadeaway shot,2PT Field Goal,In The Paint (Non-RA),Right Side(R),8-16 ft.,11,67,88,1,1,20251022,POR,MIN,10060,0,203497|203944|1630162|1630183|1630545,0,REG,2026,1610612750,,,,,
22500089265,,Shot Chart Detail,22500089,265,1630183,Jaden McDaniels,1610612750,Minnesota Timberwolves,2,6,45,Missed Shot,Running Layup Shot,2PT Field Goal,Restricted Area,Center(C),Less Than 8 ft.,1,6,10,1,0,20251022,POR,MIN,10350,0,203497|203944|1630162|1630183|1630545,0,REG,2026,1610612750,,,,,
22500089267,,Shot Chart Detail,22500089,267,203944,Julius Randle,1610612750,Minnesota Timberwolves,2,6,43,Made Shot,Tip Layup Shot,2PT Field Goal,Restricted Area,Center(C),Less Than 8 ft.,0,0,0,1,1,20251022,POR,MIN,10370,0,203497|203944|1630162|1630183|1630545,0,REG,2026,1610612750,,,,,
22500089270,,Shot Chart Detail,22500089,270,1630183,Jaden McDaniels,1610612750,Minnesota Timberwolves,2,6,6,Made Shot,Driving Dunk Shot,2PT Field Goal,Restricted Area,Center(C),Less Than 8 ft.,1,-15,7,1,1,20251022,POR,MIN,10740,0,203497|203944|1630162|1630183|1630545,1,REG,2026,1610612750,,,,,
22500089282,,Shot Chart Detail,22500089,282,203944,Julius Randle,1610612750,Minnesota Timberwolves,2,5,43,Missed Shot,Running Jump Shot,3PT Field Goal,Right Corner 3,Right Side(R),24+ ft.,22,223,7,1,0,20251022,POR,MIN,10970,0,203497|203944|1630162|1630183|1630545,0,REG,2026,1610612750,,,,,
22500089293,,Shot Chart Detail,22500089,293,1630162,Anthony Edwards,1610612750,Minnesota Timberwolves,2,5,4,Made Shot,Step Back Jump shot,3PT Field Goal,Above the Break 3,Left Side Center(LC),24+ ft.,28,-125,253,1,1,20251022,POR,MIN,11360,0,203497|203944|1630162|1630183|1630545,0,REG,2026,1610612750,,,,,
22500089296,,Shot Chart Detail,22500089,296,1630162,Anthony Edwards,1610612750,Minnesota Timberwolves,2,4,37,Missed Shot,Driving Floating Bank Jump Shot,2PT Field Goal,In The Paint (Non-RA),Left Side(L),8-16 ft.,9,-51,83,1,0,20251022,POR,MIN,11630,0,203497|203944|1630162|1630183|1630545,0,REG,2026,1610612750,,,,,
22500089298,,Shot Chart Detail,22500089,298,1630162,Anthony Edwards,1610612750,Minnesota Timberwolves,2,4,35,Made Shot,Tip Layup Shot,2PT Field Goal,Restricted Area,Center(C),Less Than 8 ft.,0,0,0,1,1,20251022,POR,MIN,11650,0,203497|203944|1630162|1630183|1630545,0,REG,2026,1610612750,,,,,
22500089301,,Shot Chart Detail,22500089,301,1630162,Anthony Edwards,1610612750,Minnesota Timberwolves,2,4,4,Missed Shot,Pullup Jump shot,2PT Field Goal,In The Paint (Non-RA),Center(C),8-16 ft.,10,-16,100,1,0,20251022,POR,MIN,11960,0,203497|203944|1630162|1630183|1630545,0,REG,2026,1610612750,,,,,
22500089314,,Shot Chart Detail,22500089,314,1630183,Jaden McDaniels,1610612750,Minnesota Timberwolves,2,3,42,Made Shot,Jump Shot,3PT Field Goal,Above the Break 3,Right Side Center(RC),24+ ft.,25,176,179,1,1,20251022,POR,MIN,12180,0,203944|1628978|1629675|1630162|1630183,1,REG,2026,1610612750,,,,,
22500089318,,Shot Chart Detail,22500089,318,1630183,Jaden McDaniels,1610612750,Minnesota Timberwolves,2,3,18,Made Shot,Running Layup Shot,2PT Field Goal,Restricted Area,Center(C),Less Than 8 ft.,1,7,10,1,1,20251022,POR,MIN,12420,0,203944|1628978|1629675|1630162|1630183,1,REG,2026,1610612750,,,,,
22500089322,,Shot Chart Detail,22500089,322,203944,Julius Randle,1610612750,Minnesota Timberwolves,2,2,49,Missed Shot,Fadeaway Jump Shot,2PT Field Goal,In The Paint (Non-RA),Center(C),8-16 ft.,9,1,91,1,0,20251022,POR,MIN,12710,0,203944|1628978|1629675|1630162|1630183,0,REG,2026,1610612750,,,,,
22500089329,,Shot Chart Detail,22500089,329,1630162,Anthony Edwards,1610612750,Minnesota Timberwolves,2,2,21,Missed Shot,Pullup Jump shot,3PT Field Goal,Above the Break 3,Right Side Center(RC),24+ ft.,25,147,209,1,0,20251022,POR,MIN,12990,0,203944|1628978|1629675|1630162|1630183,0,REG,2026,1610612750,,,,,
22500089341,,Shot Chart Detail,22500089,341,203944,Julius Randle,1610612750,Minnesota Timberwolves,2,1,43,Made Shot,Driving Layup Shot,2PT Field Goal,Restricted Area,Center(C),Less Than 8 ft.,2,-20,-4,1,1,20251022,POR,MIN,13370,0,203944|1628978|1629675|1630162|1630183,0,REG,2026,1610612750,,,,,
22500089354,,Shot Chart Detail,22500089,354,1630162,Anthony Edwards,1610612750,Minnesota Timberwolves,2,0,36,Made Shot,Driving Layup Shot,2PT Field Goal,Restricted Area,Center(C),Less Than 8 ft.,2,-21,10,1,1,20251022,POR,MIN,14040,0,203944|1628978|1629675|1630162|1641740,0,REG,2026,1610612750,,,,,
22500089374,,Shot Chart Detail,22500089,374,1630162,Anthony Edwards,1610612750,Minnesota Timberwolves,3,11,39,Made Shot,Driving Floating Jump Shot,2PT Field Goal,Mid-Range,Center(C),8-16 ft.,14,25,142,1,1,20251022,POR,MIN,14610,0,203497|203944|1628978|1630162|1630183,0,REG,2026,1610612750,,,,,
22500089384,,Shot Chart Detail,22500089,384,1630162,Anthony Edwards,1610612750,Minnesota Timberwolves,3,10,57,Missed Shot,Step Back Jump shot,3PT Field Goal,Above the Break 3,Left Side Center(LC),24+ ft.,25,-202,155,1,0,20251022,POR,MIN,15030,0,203497|203944|1628978|1630162|1630183,0,REG,2026,1610612750,,,,,
22500089392,,Shot Chart Detail,22500089,392,1630162,Anthony Edwards,1610612750,Minnesota Timberwolves,3,10,38,Made Shot,Running Dunk Shot,2PT Field Goal,Restricted Area,Center(C),Less Than 8 ft.,1,6,15,1,1,20251022,POR,MIN,15220,0,203497|203944|1628978|1630162|1630183,1,REG,2026,1610612750,,,,,
22500089395,,Shot Chart Detail,22500089,395,1628978,Donte DiVincenzo,1610612750,Minnesota Timberwolves,3,10,7,Missed Shot,Driving Floating Bank Jump Shot,2PT Field Goal,In The Paint (Non-RA),Right Side(R),8-16 ft.,8,59,57,1,0,20251022,POR,MIN,15530,0,203497|203944|1628978|1630162|1630183,0,REG,2026,1610612750,,,,,
22500089415,,Shot Chart Detail,22500089,415,203944,Julius Randle,1610612750,Minnesota Timberwolves,3,9,18,Missed Shot,Running Layup Shot,2PT Field Goal,Restricted Area,Center(C),Less Than 8 ft.,1,16,10,1,0,20251022,POR,MIN,16020,0,203497|203944|1628978|1630162|1630545,0,REG,2026,1610612750,,,,,
22500089418,,Shot Chart Detail,22500089,418,1630545,Terrence Shannon Jr.,1610612750,Minnesota Timberwolves,3,9,16,Made Shot,Putback Layup Shot,2PT Field Goal,Restricted Area,Center(C),Less Than 8 ft.,0,0,0,1,1,20251022,POR,MIN,16040,0,203497|203944|1628978|1630162|1630545,0,REG,2026,1610612750,,,,,
22500089421,,Shot Chart Detail,22500089,421,1630162,Anthony Edwards,1610612750,Minnesota Timberwolves,3,8,56,Missed Shot,Running Layup Shot,2PT Field Goal,Restricted Area,Center(C),Less Than 8 ft.,1,-11,6,1,0,20251022,POR,MIN,16240,0,203497|203944|1628978|1630162|1630545,0,REG,2026,1610612750,,,,,
22500089430,,Shot Chart Detail,22500089,430,1630545,Terrence Shannon Jr.,1610612750,Minnesota Timberwolves,3,8,7,Made Shot,Jump Shot,3PT Field Goal,Above the Break 3,Left Side Center(LC),24+ ft.,28,-156,241,1,1,20251022,POR,MIN,16730,0,203497|203944|1628978|1630162|1630545,1,REG,2026,1610612750,,,,,
22500089442,,Shot Chart Detail,22500089,442,1630162,Anthony Edwards,1610612750,Minnesota Timberwolves,3,7,20,Missed Shot,Driving Floating Bank Jump Shot,2PT Field Goal,Restricted Area,Center(C),Less Than 8 ft.,2,23,10,1,0,20251022,POR,MIN,17200,0,201144|203497|203944|1630162|1630545,0,REG,2026,1610612750,,,,,
22500089446,,Shot Chart Detail,22500089,446,203497,Rudy Gobert,1610612750,Minnesota Timberwolves,3,6,41,Made Shot,Layup Shot,2PT Field Goal,Restricted Area,Center(C),Less Than 8 ft.,0,-5,1,1,1,20251022,POR,MIN,17590,0,201144|203497|203944|1630162|1630545,1,REG,2026,1610612750,,,,,
22500089450,,Shot Chart Detail,22500089,450,203944,Julius Randle,1610612750,Minnesota Timberwolves,3,6,4,Made Shot,Driving Layup Shot,2PT Field Goal,Restricted Area,Center(C),Less Than 8 ft.,3,31,5,1,1,20251022,POR,MIN,17960,0,201144|203497|203944|1630162|1630545,0,REG,2026,1610612750,,,,,
22500089460,,Shot Chart Detail,22500089,460,201144,Mike Conley,1610612750,Minnesota Timberwolves,3,5,16,Missed Shot,Driving Layup Shot,2PT Field Goal,Restricted Area,Center(C),Less Than 8 ft.,1,-13,-5,1,0,20251022,POR,MIN,18440,0,201144|203944|1629675|1630162|1630545,0,REG,2026,1610612750,,,,,
22500089481,,Shot Chart Detail,22500089,481,1630162,Anthony Edwards,1610612750,Minnesota Timberwolves,3,4,13,Made Shot,Step Back Jump shot,2PT Field Goal,Mid-Range,Center(C),16-24 ft.,19,-6,195,1,1,20251022,POR,MIN,19070,0,201144|1629675|1630162|1630545|1641740,0,REG,2026,1610612750,,,,,
22500089490,,Shot Chart Detail,22500089,490,201144,Mike Conley,1610612750,Minnesota Timberwolves,3,3,47,Made Shot,Jump Shot,3PT Field Goal,Right Corner 3,Right Side(R),24+ ft.,23,235,11,1,1,20251022,POR,MIN,19330,0,201144|1629675|1630162|1630545|1641740,1,REG,2026,1610612750,,,,,
22500089496,,Shot Chart Detail,22500089,496,1630162,Anthony Edwards,1610612750,Minnesota Timberwolves,3,3,14,Missed Shot,Step Back Jump shot,2PT Field Goal,Mid-Range,Right Side Center(RC),16-24 ft.,21,85,195,1,0,20251022,POR,MIN,19660,0,201144|1629675|1630162|1630545|1641740,0,REG,2026,1610612750,,,,,
22500089501,,Shot Chart Detail,22500089,501,1641740,Jaylen Clark,1610612750,Minnesota Timberwolves,3,3,4,Missed Shot,Jump Shot,3PT Field Goal,Above the Break 3,Right Side Center(RC),24+ ft.,25,91,234,1,0,20251022,POR,MIN,19760,0,201144|1629675|1630162|1630545|1641740,0,REG,2026,1610612750,,,,,
22500089511,,Shot Chart Detail,22500089,511,1630162,Anthony Edwards,1610612750,Minnesota Timberwolves,3,2,35,Missed Shot,Driving Layup Shot,2PT Field Goal,Restricted Area,Center(C),Less Than 8 ft.,2,-26,9,1,0,20251022,POR,MIN,20050,0,201144|1629675|1630162|1630545|1641740,0,REG,2026,1610612750,,,,,
22500089515,,Shot Chart Detail,22500089,515,1630162,Anthony Edwards,1610612750,Minnesota Timberwolves,3,2,25,Made Shot,Running Dunk Shot,2PT Field Goal,Restricted Area,Center(C),Less Than 8 ft.,0,7,6,1,1,20251022,POR,MIN,20150,0,201144|1629675|1630162|1630545|1641740,1,REG,2026,1610612750,,,,,
22500089526,,Shot Chart Detail,22500089,526,1641740,Jaylen Clark,1610612750,Minnesota Timberwolves,3,2,1,Missed Shot,Tip Layup Shot,2PT Field Goal,Restricted Area,Center(C),Less Than 8 ft.,0,0,0,1,0,20251022,POR,MIN,20390,0,201144|1629675|1630162|1630545|1641740,0,REG,2026,1610612750,,,,,
22500089524,,Shot Chart Detail,22500089,524,1630162,Anthony Edwards,1610612750,Minnesota Timberwolves,3,2,1,Missed Shot,Driving Floating Jump Shot,2PT Field Goal,In The Paint (Non-RA),Center(C),Less Than 8 ft.,4,29,30,1,0,20251022,POR,MIN,20390,0,201144|1629675|1630162|1630545|1641740,0,REG,2026,1610612750,,,,,
22500089530,,Shot Chart Detail,22500089,530,1630545,Terrence Shannon Jr.,1610612750,Minnesota Timberwolves,3,1,45,Made Shot,Driving Layup Shot,2PT Field Goal,Restricted Area,Center(C),Less Than 8 ft.,2,28,6,1,1,20251022,POR,MIN,20550,0,201144|1629675|1630162|1630545|1641740,0,REG,2026,1610612750,,,,,
22500089538,,Shot Chart Detail,22500089,538,1630545,Terrence Shannon Jr.,1610612750,Minnesota Timberwolves,3,0,50,Made Shot,Step Back Jump shot,3PT Field Goal,Left Corner 3,Left Side(L),24+ ft.,23,-232,-5,1,1,20251022,POR,MIN,21100,0,203497|1629675|1630162|1630545|1641740,0,REG,2026,1610612750,,,,,
22500089543,,Shot Chart Detail,22500089,543,1630162,Anthony Edwards,1610612750,Minnesota Timberwolves,3,0,33,Missed Shot,Turnaround Fadeaway shot,2PT Field Goal,Mid-Range,Right Side Center(RC),16-24 ft.,20,76,187,1,0,20251022,POR,MIN,21270,0,203497|1629675|1630162|1630545|1641740,0,REG,2026,1610612750,,,,,
22500089550,,Shot Chart Detail,22500089,550,1630162,Anthony Edwards,1610612750,Minnesota Timberwolves,3,0,0,Missed Shot,Pullup Jump shot,3PT Field Goal,Above the Break 3,Left Side Center(LC),24+ ft.,25,-161,197,1,0,20251022,POR,MIN,21600,0,203497|1629675|1630162|1630545|1641740,0,REG,2026,1610612750,,,,,
22500089567,,Shot Chart Detail,22500089,567,1641740,Jaylen Clark,1610612750,Minnesota Timberwolves,4,11,44,Made Shot,Running Layup Shot,2PT Field Goal,Restricted Area,Center(C),Less Than 8 ft.,1,13,10,1,1,20251022,POR,MIN,21760,0,203497|203944|1630183|1630538|1641740,0,REG,2026,1610612750,,,,,
22500089583,,Shot Chart Detail,22500089,583,1630183,Jaden McDaniels,1610612750,Minnesota Timberwolves,4,10,34,Missed Shot,Pullup Jump shot,2PT Field Goal,Mid-Range,Center(C),8-16 ft.,15,74,140,1,0,20251022,POR,MIN,22460,0,203497|203944|1630183|1630538|1641740,0,REG,2026,1610612750,,,,,
22500089587,,Shot Chart Detail,22500089,587,1630183,Jaden McDaniels,1610612750,Minnesota Timberwolves,4,10,20,Missed Shot,Turnaround Fadeaway shot,2PT Field Goal,In The Paint (Non-RA),Left Side(L),8-16 ft.,10,-69,73,1,0,20251022,POR,MIN,22600,0,203497|203944|1630183|1630538|1641740,0,REG,2026,1610612750,,,,,
22500089594,,Shot Chart Detail,22500089,594,1630538,Bones Hyland,1610612750,Minnesota Timberwolves,4,10,4,Made Shot,Running Layup Shot,2PT Field Goal,Restricted Area,Center(C),Less Than 8 ft.,0,5,-2,1,1,20251022,POR,MIN,22760,0,203497|203944|1630183|1630538|1641740,1,REG,2026,1610612750,,,,,
22500089610,,Shot Chart Detail,22500089,610,203944,Julius Randle,1610612750,Minnesota Timberwolves,4,8,46,Missed Shot,Pullup Jump shot,2PT Field Goal,Mid-Range,Right Side(R),8-16 ft.,10,102,11,1,0,20251022,POR,MIN,23540,0,203497|203944|1630183|1630538|1641740,0,REG,2026,1610612750,,,,,
22500089637,,Shot Chart Detail,22500089,637,1630183,Jaden McDaniels,1610612750,Minnesota Timberwolves,4,7,44,Missed Shot,Driving Floating Jump Shot,2PT Field Goal,In The Paint (Non-RA),Center(C),8-16 ft.,9,33,89,1,0,20251022,POR,MIN,24160,0,203497|203944|1630183|1630538|1641740,0,REG,2026,1610612750,,,,,
22500089644,,Shot Chart Detail,22500089,644,1630183,Jaden McDaniels,1610612750,Minnesota Timberwolves,4,7,14,Made Shot,Pullup Jump shot,2PT Field Goal,Mid-Range,Left Side(L),8-16 ft.,14,-140,5,1,1,20251022,POR,MIN,24460,0,203497|203944|1630162|1630183|1630538,1,REG,2026,1610612750,,,,,
22500089664,,Shot Chart Detail,22500089,664,203944,Julius Randle,1610612750,Minnesota Timberwolves,4,5,51,Made Shot,Jump Shot,3PT Field Goal,Left Corner 3,Left Side(L),24+ ft.,22,-227,-2,1,1,20251022,POR,MIN,25290,0,203497|203944|1630162|1630183|1630538,1,REG,2026,1610612750,,,,,
22500089668,,Shot Chart Detail,22500089,668,1630538,Bones Hyland,1610612750,Minnesota Timberwolves,4,5,27,Missed Shot,Running Jump Shot,3PT Field Goal,Left Corner 3,Left Side(L),24+ ft.,22,-225,19,1,0,20251022,POR,MIN,25530,0,203497|203944|1630162|1630183|1630538,0,REG,2026,1610612750,,,,,
22500089680,,Shot Chart Detail,22500089,680,1630162,Anthony Edwards,1610612750,Minnesota Timberwolves,4,4,29,Made Shot,Step Back Jump shot,2PT Field Goal,Mid-Range,Left Side(L),16-24 ft.,17,-159,62,1,1,20251022,POR,MIN,26110,0,203497|203944|1630162|1630183|1630538,1,REG,2026,1610612750,,,,,
22500089692,,Shot Chart Detail,22500089,692,1630162,Anthony Edwards,1610612750,Minnesota Timberwolves,4,3,36,Made Shot,Pullup Jump shot,3PT Field Goal,Above the Break 3,Right Side Center(RC),24+ ft.,27,129,246,1,1,20251022,POR,MIN,26640,0,203497|203944|1630162|1630183|1630545,1,REG,2026,1610612750,,,,,
22500089702,,Shot Chart Detail,22500089,702,1630545,Terrence Shannon Jr.,1610612750,Minnesota Timberwolves,4,2,48,Missed Shot,Running Layup Shot,2PT Field Goal,Restricted Area,Center(C),Less Than 8 ft.,2,22,10,1,0,20251022,POR,MIN,27120,0,203497|203944|1630162|1630183|1630545,0,REG,2026,1610612750,,,,,
22500089710,,Shot Chart Detail,22500089,710,1630183,Jaden McDaniels,1610612750,Minnesota Timberwolves,4,2,25,Made Shot,Jump Shot,3PT Field Goal,Left Corner 3,Left Side(L),24+ ft.,22,-228,15,1,1,20251022,POR,MIN,27350,0,203497|203944|1630162|1630183|1630545,1,REG,2026,1610612750,,,,,
22500089718,,Shot Chart Detail,22500089,718,203944,Julius Randle,1610612750,Minnesota Timberwolves,4,1,42,Missed Shot,Jump Shot,3PT Field Goal,Above the Break 3,Right Side Center(RC),24+ ft.,26,194,174,1,0,20251022,POR,MIN,27780,0,203497|203944|1630162|1630183|1630545,0,REG,2026,1610612750,,,,,
22500089722,,Shot Chart Detail,22500089,722,1630162,Anthony Edwards,1610612750,Minnesota Timberwolves,4,1,14,Made Shot,Step Back Jump shot,3PT Field Goal,Above the Break 3,Center(C),24+ ft.,27,-74,260,1,1,20251022,POR,MIN,28060,0,203497|203944|1630162|1630183|1630545,0,REG,2026,1610612750,,,,,
22500089731,,Shot Chart Detail,22500089,731,203497,Rudy Gobert,1610612750,Minnesota Timberwolves,4,0,32,Made Shot,Tip Dunk Shot,2PT Field Goal,Restricted Area,Center(C),Less Than 8 ft.,0,0,0,1,1,20251022,POR,MIN,28480,0,203497|203944|1630162|1630183|1630545,0,REG,2026,1610612750,,,,,
22500089729,,Shot Chart Detail,22500089,729,1630545,Terrence Shannon Jr.,1610612750,Minnesota Timberwolves,4,0,32,Missed Shot,Driving Reverse Layup Shot,2PT Field Goal,Restricted Area,Center(C),Less Than 8 ft.,1,15,11,1,0,20251022,POR,MIN,28480,0,203497|203944|1630162|1630183|1630545,0,REG,2026,1610612750,,,,,
22500089743,,Shot Chart Detail,22500089,743,1630162,Anthony Edwards,1610612750,Minnesota Timberwolves,4,0,7,Made Shot,Step Back Jump shot,2PT Field Goal,Mid-Range,Left Side(L),16-24 ft.,20,-189,90,1,1,20251022,POR,MIN,28730,0,203944|1629675|1630162|1630183|1630545,0,REG,2026,1610612750,,,,,
225001107,,Shot Chart Detail,22500110,7,203944,Julius Randle,1610612750,Minnesota Timberwolves,1,11,42,Made Shot,Step Back Jump shot,2PT Field Goal,In The Paint (Non-RA),Center(C),8-16 ft.,12,-49,118,1,1,20251026,MIN,IND,180,0,203497|203944|1628978|1630162|1630183,0,REG,2026,1610612750,,,,,
2250011011,,Shot Chart Detail,22500110,11,1630162,Anthony Edwards,1610612750,Minnesota Timberwolves,1,11,6,Made Shot,Pullup Jump shot,3PT Field Goal,Above the Break 3,Left Side Center(LC),24+ ft.,25,-178,185,1,1,20251026,MIN,IND,540,0,203497|203944|1628978|1630162|1630183,1,REG,2026,1610612750,,,,,
2250011015,,Shot Chart Detail,22500110,15,1630162,Anthony Edwards,1610612750,Minnesota Timberwolves,1,10,46,Missed Shot,Running Pull-Up Jump Shot,2PT Field Goal,Mid-Range,Right Side(R),8-16 ft.,11,114,29,1,0,20251026,MIN,IND,740,0,203497|203944|1628978|1630162|1630183,0,REG,2026,1610612750,,,,,
2250011020,,Shot Chart Detail,22500110,20,1630183,Jaden McDaniels,1610612750,Minnesota Timberwolves,1,10,17,Made Shot,Jump Shot,3PT Field Goal,Left Corner 3,Left Side(L),24+ ft.,23,-230,7,1,1,20251026,MIN,IND,1030,0,203497|203944|1628978|1630162|1630183,1,REG,2026,1610612750,,,,,
2250011024,,Shot Chart Detail,22500110,24,1630162,Anthony Edwards,1610612750,Minnesota Timberwolves,1,9,49,Missed Shot,Jump Shot,3PT Field Goal,Above the Break 3,Left Side Center(LC),24+ ft.,25,-200,155,1,0,20251026,MIN,IND,1310,0,203497|203944|1628978|1630162|1630183,0,REG,2026,1610612750,,,,,
2250011026,,Shot Chart Detail,22500110,26,203944,Julius Randle,1610612750,Minnesota Timberwolves,1,9,37,Made Shot,Pullup Jump shot,3PT Field Goal,Above the Break 3,Right Side Center(RC),24+ ft.,24,93,231,1,1,20251026,MIN,IND,1430,0,203497|203944|1628978|1630162|1630183,1,REG,2026,1610612750,,,,,
2250011033,,Shot Chart Detail,22500110,33,1630162,Anthony Edwards,1610612750,Minnesota Timberwolves,1,9,5,Missed Shot,Running Jump Shot,3PT Field Goal,Left Corner 3,Left Side(L),24+ ft.,23,-229,22,1,0,20251026,MIN,IND,1750,0,203497|203944|1628978|1630162|1630183,0,REG,2026,1610612750,,,,,
2250011037,,Shot Chart Detail,22500110,37,1630162,Anthony Edwards,1610612750,Minnesota Timberwolves,1,8,53,Made Shot,Running Layup Shot,2PT Field Goal,Restricted Area,Center(C),Less Than 8 ft.,2,15,21,1,1,20251026,MIN,IND,1870,0,203497|203944|1628978|1630162|1630183,1,REG,2026,1610612750,,,,,
2250011051,,Shot Chart Detail,22500110,51,1628978,Donte DiVincenzo,1610612750,Minnesota Timberwolves,1,8,11,Missed Shot,Jump Shot,3PT Field Goal,Above the Break 3,Left Side Center(LC),24+ ft.,25,-161,201,1,0,20251026,MIN,IND,2290,0,203497|203944|1628978|1630183|1630538,0,REG,2026,1610612750,,,,,
2250011053,,Shot Chart Detail,22500110,53,203497,Rudy Gobert,1610612750,Minnesota Timberwolves,1,8,8,Made Shot,Putback Layup Shot,2PT Field Goal,Restricted Area,Center(C),Less Than 8 ft.,1,10,15,1,1,20251026,MIN,IND,2320,0,203497|203944|1628978|1630183|1630538,0,REG,2026,1610612750,,,,,
2250011055,,Shot Chart Detail,22500110,55,203944,Julius Randle,1610612750,Minnesota Timberwolves,1,7,47,Made Shot,Step Back Jump shot,2PT Field Goal,Mid-Range,Left Side Center(LC),16-24 ft.,17,-110,142,1,1,20251026,MIN,IND,2530,0,203497|203944|1628978|1630183|1630538,0,REG,2026,1610612750,,,,,
2250011062,,Shot Chart Detail,22500110,62,203944,Julius Randle,1610612750,Minnesota Timberwolves,1,7,13,Made Shot,Fadeaway Jump Shot,2PT Field Goal,In The Paint (Non-RA),Center(C),8-16 ft.,13,17,137,1,1,20251026,MIN,IND,2870,0,203497|203944|1628978|1630183|1630538,0,REG,2026,1610612750,,,,,
2250011065,,Shot Chart Detail,22500110,65,1630183,Jaden McDaniels,1610612750,Minnesota Timberwolves,1,6,51,Missed Shot,Fadeaway Jump Shot,2PT Field Goal,Mid-Range,Right Side(R),8-16 ft.,13,131,5,1,0,20251026,MIN,IND,3090,0,203497|203944|1628978|1630183|1630538,0,REG,2026,1610612750,,,,,
2250011081,,Shot Chart Detail,22500110,81,203944,Julius Randle,1610612750,Minnesota Timberwolves,1,6,9,Made Shot,Turnaround Fadeaway shot,2PT Field Goal,In The Paint (Non-RA),Center(C),8-16 ft.,13,43,133,1,1,20251026,MIN,IND,3510,0,203497|203944|1628978|1630183|1630538,0,REG,2026,1610612750,,,,,
2250011083,,Shot Chart Detail,22500110,83,1630538,Bones Hyland,1610612750,Minnesota Timberwolves,1,5,35,Missed Shot,Driving Layup Shot,2PT Field Goal,Restricted Area,Center(C),Less Than 8 ft.,2,27,3,1,0,20251026,MIN,IND,3850,0,203497|203944|1628978|1630183|1630538,0,REG,2026,1610612750,,,,,
2250011090,,Shot Chart Detail,22500110,90,203944,Julius Randle,1610612750,Minnesota Timberwolves,1,5,6,Missed Shot,Step Back Jump shot,2PT Field Goal,In The Paint (Non-RA),Center(C),8-16 ft.,12,-22,126,1,0,20251026,MIN,IND,4140,0,203497|203944|1628978|1630183|1630538,0,REG,2026,1610612750,,,,,
22500110106,,Shot Chart Detail,22500110,106,201144,Mike Conley,1610612750,Minnesota Timberwolves,1,4,32,Missed Shot,Jump Shot,3PT Field Goal,Above the Break 3,Center(C),24+ ft.,25,22,254,1,0,20251026,MIN,IND,4480,0,201144|203944|1629675|1630183|1630545,0,REG,2026,1610612750,,,,,
22500110108,,Shot Chart Detail,22500110,108,1630183,Jaden McDaniels,1610612750,Minnesota Timberwolves,1,4,26,Missed Shot,Jump Bank Shot,2PT Field Goal,In The Paint (Non-RA),Center(C),Less Than 8 ft.,6,-51,39,1,0,20251026,MIN,IND,4540,0,201144|203944|1629675|1630183|1630545,0,REG,2026,1610612750,,,,,
22500110131,,Shot Chart Detail,22500110,131,1630545,Terrence Shannon Jr.,1610612750,Minnesota Timberwolves,1,4,14,Missed Shot,Driving Layup Shot,2PT Field Goal,In The Paint (Non-RA),Left Side(L),8-16 ft.,9,-74,54,1,0,20251026,MIN,IND,4660,0,201144|203944|1629675|1630183|1630545,0,REG,2026,1610612750,,,,,
22500110110,,Shot Chart Detail,22500110,110,1630183,Jaden McDaniels,1610612750,Minnesota Timberwolves,1,4,12,Missed Shot,Jump Shot,2PT Field Goal,Mid-Range,Left Side(L),8-16 ft.,10,-100,-4,1,0,20251026,MIN,IND,4680,0,201144|203944|1629675|1630183|1630545,0,REG,2026,1610612750,,,,,
22500110113,,Shot Chart Detail,22500110,113,1629675,Naz Reid,1610612750,Minnesota Timberwolves,1,3,49,Missed Shot,Driving Hook Shot,2PT Field Goal,Restricted Area,Center(C),Less Than 8 ft.,3,31,23,1,0,20251026,MIN,IND,4910,0,201144|203944|1629675|1630183|1630545,0,REG,2026,1610612750,,,,,
22500110117,,Shot Chart Detail,22500110,117,203944,Julius Randle,1610612750,Minnesota Timberwolves,1,3,23,Missed Shot,Jump Shot,3PT Field Goal,Right Corner 3,Right Side(R),24+ ft.,22,225,21,1,0,20251026,MIN,IND,5170,0,201144|203944|1629675|1630183|1630545,0,REG,2026,1610612750,,,,,
22500110140,,Shot Chart Detail,22500110,140,1630183,Jaden McDaniels,1610612750,Minnesota Timberwolves,1,2,33,Missed Shot,Jump Shot,3PT Field Goal,Left Corner 3,Left Side(L),24+ ft.,22,-228,22,1,0,20251026,MIN,IND,5670,0,201144|203497|1629675|1630183|1630545,0,REG,2026,1610612750,,,,,
22500110143,,Shot Chart Detail,22500110,143,1630545,Terrence Shannon Jr.,1610612750,Minnesota Timberwolves,1,2,2,Made Shot,Pullup Jump shot,3PT Field Goal,Above the Break 3,Left Side Center(LC),24+ ft.,25,-115,226,1,1,20251026,MIN,IND,5980,0,201144|203497|1629675|1630183|1630545,0,REG,2026,1610612750,,,,,
22500110151,,Shot Chart Detail,22500110,151,1629675,Naz Reid,1610612750,Minnesota Timberwolves,1,1,31,Missed Shot,Jump Shot,3PT Field Goal,Right Corner 3,Right Side(R),24+ ft.,22,221,1,1,0,20251026,MIN,IND,6290,0,201144|203497|1629675|1630545|1641740,0,REG,2026,1610612750,,,,,
22500110157,,Shot Chart Detail,22500110,157,1641740,Jaylen Clark,1610612750,Minnesota Timberwolves,1,0,58,Missed Shot,Driving Floating Jump Shot,2PT Field Goal,In The Paint (Non-RA),Left Side(L),8-16 ft.,9,-76,52,1,0,20251026,MIN,IND,6620,0,201144|203497|1629675|1630545|1641740,0,REG,2026,1610612750,,,,,
22500110164,,Shot Chart Detail,22500110,164,201144,Mike Conley,1610612750,Minnesota Timberwolves,1,0,38,Made Shot,Step Back Jump shot,3PT Field Goal,Above the Break 3,Right Side Center(RC),24+ ft.,24,211,125,1,1,20251026,MIN,IND,6820,0,201144|203497|1629675|1630545|1641740,1,REG,2026,1610612750,,,,,
22500110168,,Shot Chart Detail,22500110,168,1641740,Jaylen Clark,1610612750,Minnesota Timberwolves,1,0,10,Missed Shot,Jump Shot,3PT Field Goal,Left Corner 3,Left Side(L),24+ ft.,24,-230,80,1,0,20251026,MIN,IND,7100,0,201144|203497|1629675|1630545|1641740,0,REG,2026,1610612750,,,,,
22500110180,,Shot Chart Detail,22500110,180,1629675,Naz Reid,1610612750,Minnesota Timberwolves,2,11,26,Missed Shot,Jump Shot,3PT Field Goal,Above the Break 3,Left Side Center(LC),24+ ft.,25,-208,141,1,0,20251026,MIN,IND,7540,0,201144|203497|1629675|1630545|1641740,0,REG,2026,1610612750,,,,,
22500110184,,Shot Chart Detail,22500110,184,201144,Mike Conley,1610612750,Minnesota Timberwolves,2,11,6,Missed Shot,Jump Shot,3PT Field Goal,Above the Break 3,Left Side Center(LC),24+ ft.,26,-144,217,1,0,20251026,MIN,IND,7740,0,201144|203497|1629675|1630545|1641740,0,REG,2026,1610612750,,,,,
22500110201,,Shot Chart Detail,22500110,201,203497,Rudy Gobert,1610612750,Minnesota Timberwolves,2,10,17,Made Shot,Cutting Layup Shot,2PT Field Goal,Restricted Area,Center(C),Less Than 8 ft.,3,31,24,1,1,20251026,MIN,IND,8230,0,201144|203497|1629675|1630545|1641740,1,REG,2026,1610612750,,,,,
22500110215,,Shot Chart Detail,22500110,215,1630545,Terrence Shannon Jr.,1610612750,Minnesota Timberwolves,2,9,24,Missed Shot,Driving Layup Shot,2PT Field Goal,In The Paint (Non-RA),Center(C),Less Than 8 ft.,7,56,53,1,0,20251026,MIN,IND,8760,0,203944|1628978|1629675|1630545|1641740,0,REG,2026,1610612750,,,,,
22500110228,,Shot Chart Detail,22500110,228,1641740,Jaylen Clark,1610612750,Minnesota Timberwolves,2,8,49,Made Shot,Running Layup Shot,2PT Field Goal,Restricted Area,Center(C),Less Than 8 ft.,0,-6,2,1,1,20251026,MIN,IND,9110,0,203944|1628978|1629675|1630545|1641740,0,REG,2026,1610612750,,,,,
22500110237,,Shot Chart Detail,22500110,237,1629675,Naz Reid,1610612750,Minnesota Timberwolves,2,8,10,Made Shot,Driving Hook Shot,2PT Field Goal,In The Paint (Non-RA),Center(C),Less Than 8 ft.,4,25,41,1,1,20251026,MIN,IND,9500,0,203944|1628978|1629675|1630538|1641740,0,REG,2026,1610612750,,,,,
22500110240,,Shot Chart Detail,22500110,240,1628978,Donte DiVincenzo,1610612750,Minnesota Timberwolves,2,7,42,Made Shot,Jump Shot,3PT Field Goal,Above the Break 3,Left Side Center(LC),24+ ft.,25,-162,197,1,1,20251026,MIN,IND,9780,0,203944|1628978|1629675|1630538|1641740,1,REG,2026,1610612750,,,,,
22500110259,,Shot Chart Detail,22500110,259,203944,Julius Randle,1610612750,Minnesota Timberwolves,2,6,40,Missed Shot,Jump Shot,3PT Field Goal,Left Corner 3,Left Side(L),24+ ft.,23,-227,65,1,0,20251026,MIN,IND,10400,0,203944|1628978|1629675|1630183|1630538,0,REG,2026,1610612750,,,,,
22500110263,,Shot Chart Detail,22500110,263,1630183,Jaden McDaniels,1610612750,Minnesota Timberwolves,2,6,15,Made Shot,Cutting Layup Shot,2PT Field Goal,Restricted Area,Center(C),Less Than 8 ft.,1,-6,8,1,1,20251026,MIN,IND,10650,0,203944|1628978|1629675|1630183|1630538,1,REG,2026,1610612750,,,,,
22500110267,,Shot Chart Detail,22500110,267,1629675,Naz Reid,1610612750,Minnesota Timberwolves,2,5,59,Missed Shot,Running Layup Shot,2PT Field Goal,Restricted Area,Center(C),Less Than 8 ft.,1,9,10,1,0,20251026,MIN,IND,10810,0,203944|1628978|1629675|1630183|1630538,0,REG,2026,1610612750,,,,,
22500110285,,Shot Chart Detail,22500110,285,203944,Julius Randle,1610612750,Minnesota Timberwolves,2,4,53,Made Shot,Driving Layup Shot,2PT Field Goal,Restricted Area,Center(C),Less Than 8 ft.,3,-32,21,1,1,20251026,MIN,IND,11470,0,203497|203944|1628978|1630183|1630538,0,REG,2026,1610612750,,,,,
22500110305,,Shot Chart Detail,22500110,305,1628978,Donte DiVincenzo,1610612750,Minnesota Timberwolves,2,3,50,Made Shot,Jump Shot,3PT Field Goal,Above the Break 3,Left Side Center(LC),24+ ft.,25,-165,200,1,1,20251026,MIN,IND,12100,0,203497|203944|1628978|1630183|1630538,1,REG,2026,1610612750,,,,,
22500110311,,Shot Chart Detail,22500110,311,203944,Julius Randle,1610612750,Minnesota Timberwolves,2,3,29,Made Shot,Jump Shot,2PT Field Goal,Mid-Range,Left Side(L),16-24 ft.,17,-170,43,1,1,20251026,MIN,IND,12310,0,203497|203944|1628978|1630183|1630538,1,REG,2026,1610612750,,,,,
22500110315,,Shot Chart Detail,22500110,315,203944,Julius Randle,1610612750,Minnesota Timberwolves,2,2,48,Missed Shot,Step Back Jump shot,3PT Field Goal,Above the Break 3,Left Side Center(LC),24+ ft.,25,-123,228,1,0,20251026,MIN,IND,12720,0,203497|203944|1628978|1630183|1630538,0,REG,2026,1610612750,,,,,
22500110319,,Shot Chart Detail,22500110,319,1630183,Jaden McDaniels,1610612750,Minnesota Timberwolves,2,2,24,Missed Shot,Pullup Jump shot,2PT Field Goal,In The Paint (Non-RA),Left Side(L),8-16 ft.,11,-67,93,1,0,20251026,MIN,IND,12960,0,203497|203944|1628978|1630183|1630538,0,REG,2026,1610612750,,,,,
22500110323,,Shot Chart Detail,22500110,323,1628978,Donte DiVincenzo,1610612750,Minnesota Timberwolves,2,2,1,Made Shot,Cutting Layup Shot,2PT Field Goal,Restricted Area,Center(C),Less Than 8 ft.,1,-6,10,1,1,20251026,MIN,IND,13190,0,203497|203944|1628978|1630183|1630538,1,REG,2026,1610612750,,,,,
22500110337,,Shot Chart Detail,22500110,337,201144,Mike Conley,1610612750,Minnesota Timberwolves,2,1,0,Missed Shot,Jump Shot,3PT Field Goal,Above the Break 3,Right Side Center(RC),24+ ft.,24,136,209,1,0,20251026,MIN,IND,13800,0,201144|203497|203944|1628978|1630545,0,REG,2026,1610612750,,,,,
22500110368,,Shot Chart Detail,22500110,368,203497,Rudy Gobert,1610612750,Minnesota Timberwolves,3,11,30,Made Shot,Cutting Finger Roll Layup Shot,2PT Field Goal,Restricted Area,Center(C),Less Than 8 ft.,0,5,6,1,1,20251026,MIN,IND,14700,0,201144|203497|203944|1628978|1630183,1,REG,2026,1610612750,,,,,
22500110383,,Shot Chart Detail,22500110,383,1628978,Donte DiVincenzo,1610612750,Minnesota Timberwolves,3,10,36,Missed Shot,Jump Shot,3PT Field Goal,Above the Break 3,Center(C),24+ ft.,24,64,241,1,0,20251026,MIN,IND,15240,0,201144|203497|203944|1628978|1630183,0,REG,2026,1610612750,,,,,
22500110390,,Shot Chart Detail,22500110,390,1630183,Jaden McDaniels,1610612750,Minnesota Timberwolves,3,9,51,Missed Shot,Jump Shot,3PT Field Goal,Right Corner 3,Right Side(R),24+ ft.,24,228,77,1,0,20251026,MIN,IND,15690,0,201144|203497|203944|1628978|1630183,0,REG,2026,1610612750,,,,,
22500110394,,Shot Chart Detail,22500110,394,203944,Julius Randle,1610612750,Minnesota Timberwolves,3,9,35,Missed Shot,Jump Shot,2PT Field Goal,In The Paint (Non-RA),Center(C),8-16 ft.,10,0,103,1,0,20251026,MIN,IND,15850,0,201144|203497|203944|1628978|1630183,0,REG,2026,1610612750,,,,,
22500110397,,Shot Chart Detail,22500110,397,1630183,Jaden McDaniels,1610612750,Minnesota Timberwolves,3,8,57,Missed Shot,Jump Shot,3PT Field Goal,Above the Break 3,Left Side Center(LC),24+ ft.,24,-108,222,1,0,20251026,MIN,IND,16230,0,201144|203497|203944|1628978|1630183,0,REG,2026,1610612750,,,,,
22500110415,,Shot Chart Detail,22500110,415,203497,Rudy Gobert,1610612750,Minnesota Timberwolves,3,8,8,Missed Shot,Driving Layup Shot,2PT Field Goal,Restricted Area,Center(C),Less Than 8 ft.,1,4,15,1,0,20251026,MIN,IND,16720,0,201144|203497|203944|1628978|1630183,0,REG,2026,1610612750,,,,,
22500110425,,Shot Chart Detail,22500110,425,203497,Rudy Gobert,1610612750,Minnesota Timberwolves,3,7,32,Made Shot,Cutting Dunk Shot,2PT Field Goal,Restricted Area,Center(C),Less Than 8 ft.,0,4,6,1,1,20251026,MIN,IND,17080,0,201144|203497|203944|1628978|1630183,1,REG,2026,1610612750,,,,,
22500110429,,Shot Chart Detail,22500110,429,1628978,Donte DiVincenzo,1610612750,Minnesota Timberwolves,3,7,4,Missed Shot,Running Pull-Up Jump Shot,3PT Field Goal,Above the Break 3,Right Side Center(RC),24+ ft.,26,186,182,1,0,20251026,MIN,IND,17360,0,201144|203497|203944|1628978|1630183,0,REG,2026,1610612750,,,,,
22500110450,,Shot Chart Detail,22500110,450,203944,Julius Randle,1610612750,Minnesota Timberwolves,3,5,39,Missed Shot,Driving Floating Bank Jump Shot,2PT Field Goal,In The Paint (Non-RA),Center(C),Less Than 8 ft.,6,-61,25,1,0,20251026,MIN,IND,18210,0,201144|203497|203944|1628978|1630183,0,REG,2026,1610612750,,,,,
22500110454,,Shot Chart Detail,22500110,454,1628978,Donte DiVincenzo,1610612750,Minnesota Timberwolves,3,5,17,Made Shot,Driving Layup Shot,2PT Field Goal,Restricted Area,Center(C),Less Than 8 ft.,1,5,11,1,1,20251026,MIN,IND,18430,0,201144|203497|203944|1628978|1630183,0,REG,2026,1610612750,,,,,
22500110478,,Shot Chart Detail,22500110,478,1628978,Donte DiVincenzo,1610612750,Minnesota Timberwolves,3,4,2,Made Shot,Jump Shot,3PT Field Goal,Above the Break 3,Right Side Center(RC),24+ ft.,27,170,216,1,1,20251026,MIN,IND,19180,0,203944|1628978|1629675|1630538|1641740,1,REG,2026,1610612750,,,,,
22500110482,,Shot Chart Detail,22500110,482,1628978,Donte DiVincenzo,1610612750,Minnesota Timberwolves,3,3,34,Missed Shot,Running Layup Shot,2PT Field Goal,Restricted Area,Center(C),Less Than 8 ft.,1,9,8,1,0,20251026,MIN,IND,19460,0,203944|1628978|1629675|1630538|1641740,0,REG,2026,1610612750,,,,,
22500110484,,Shot Chart Detail,22500110,484,1628978,Donte DiVincenzo,1610612750,Minnesota Timberwolves,3,3,28,Missed Shot,Jump Shot,3PT Field Goal,Right Corner 3,Right Side(R),24+ ft.,23,227,58,1,0,20251026,MIN,IND,19520,0,203944|1628978|1629675|1630538|1641740,0,REG,2026,1610612750,,,,,
22500110486,,Shot Chart Detail,22500110,486,1628978,Donte DiVincenzo,1610612750,Minnesota Timberwolves,3,3,23,Missed Shot,Reverse Layup Shot,2PT Field Goal,Restricted Area,Center(C),Less Than 8 ft.,1,-1,14,1,0,20251026,MIN,IND,19570,0,203944|1628978|1629675|1630538|1641740,0,REG,2026,1610612750,,,,,
22500110488,,Shot Chart Detail,22500110,488,1629675,Naz Reid,1610612750,Minnesota Timberwolves,3,3,21,Missed Shot,Putback Layup Shot,2PT Field Goal,Restricted Area,Center(C),Less Than 8 ft.,1,-13,15,1,0,20251026,MIN,IND,19590,0,203944|1628978|1629675|1630538|1641740,0,REG,2026,1610612750,,,,,
22500110493,,Shot Chart Detail,22500110,493,1630538,Bones Hyland,1610612750,Minnesota Timberwolves,3,3,11,Made Shot,Running Layup Shot,2PT Field Goal,Restricted Area,Center(C),Less Than 8 ft.,0,0,4,1,1,20251026,MIN,IND,19690,0,203944|1628978|1629675|1630538|1641740,0,REG,2026,1610612750,,,,,
22500110502,,Shot Chart Detail,22500110,502,1629675,Naz Reid,1610612750,Minnesota Timberwolves,3,2,44,Made Shot,Driving Layup Shot,2PT Field Goal,Restricted Area,Center(C),Less Than 8 ft.,1,15,6,1,1,20251026,MIN,IND,19960,0,203497|1628978|1629675|1630538|1641740,0,REG,2026,1610612750,,,,,
22500110509,,Shot Chart Detail,22500110,509,203497,Rudy Gobert,1610612750,Minnesota Timberwolves,3,1,58,Made Shot,Cutting Layup Shot,2PT Field Goal,Restricted Area,Center(C),Less Than 8 ft.,2,-5,20,1,1,20251026,MIN,IND,20420,0,203497|1628978|1629675|1630538|1641740,1,REG,2026,1610612750,,,,,
22500110514,,Shot Chart Detail,22500110,514,1628978,Donte DiVincenzo,1610612750,Minnesota Timberwolves,3,1,29,Missed Shot,Running Jump Shot,3PT Field Goal,Above the Break 3,Left Side Center(LC),24+ ft.,25,-163,192,1,0,20251026,MIN,IND,20710,0,203497|1628978|1629675|1630538|1641740,0,REG,2026,1610612750,,,,,
22500110516,,Shot Chart Detail,22500110,516,1641740,Jaylen Clark,1610612750,Minnesota Timberwolves,3,1,25,Made Shot,Floating Jump shot,2PT Field Goal,In The Paint (Non-RA),Center(C),Less Than 8 ft.,6,-34,56,1,1,20251026,MIN,IND,20750,0,203497|1628978|1629675|1630538|1641740,0,REG,2026,1610612750,,,,,
22500110533,,Shot Chart Detail,22500110,533,1630538,Bones Hyland,1610612750,Minnesota Timberwolves,3,0,41,Missed Shot,Driving Layup Shot,2PT Field Goal,Restricted Area,Center(C),Less Than 8 ft.,3,-23,25,1,0,20251026,MIN,IND,21190,0,203497|1628978|1629675|1630538|1641740,0,REG,2026,1610612750,,,,,
22500110545,,Shot Chart Detail,22500110,545,1630538,Bones Hyland,1610612750,Minnesota Timberwolves,3,0,22,Made Shot,Step Back Jump shot,3PT Field Goal,Above the Break 3,Right Side Center(RC),24+ ft.,25,201,158,1,1,20251026,MIN,IND,21380,0,203497|1628978|1629675|1630538|1641740,0,REG,2026,1610612750,,,,,
22500110562,,Shot Chart Detail,22500110,562,1629675,Naz Reid,1610612750,Minnesota Timberwolves,4,11,46,Made Shot,Driving Layup Shot,2PT Field Goal,Restricted Area,Center(C),Less Than 8 ft.,2,26,7,1,1,20251026,MIN,IND,21740,0,201144|203944|1629675|1630183|1641740,1,REG,2026,1610612750,,,,,
22500110566,,Shot Chart Detail,22500110,566,1629675,Naz Reid,1610612750,Minnesota Timberwolves,4,11,21,Missed Shot,Jump Shot,3PT Field Goal,Above the Break 3,Right Side Center(RC),24+ ft.,26,142,218,1,0,20251026,MIN,IND,21990,0,201144|203944|1629675|1630183|1641740,0,REG,2026,1610612750,,,,,
22500110573,,Shot Chart Detail,22500110,573,1630183,Jaden McDaniels,1610612750,Minnesota Timberwolves,4,10,27,Missed Shot,Step Back Jump shot,3PT Field Goal,Above the Break 3,Left Side Center(LC),24+ ft.,24,-191,152,1,0,20251026,MIN,IND,22530,0,201144|203944|1629675|1630183|1641740,0,REG,2026,1610612750,,,,,
22500110575,,Shot Chart Detail,22500110,575,1629675,Naz Reid,1610612750,Minnesota Timberwolves,4,10,25,Made Shot,Putback Layup Shot,2PT Field Goal,Restricted Area,Center(C),Less Than 8 ft.,2,25,4,1,1,20251026,MIN,IND,22550,0,201144|203944|1629675|1630183|1641740,0,REG,2026,1610612750,,,,,
22500110587,,Shot Chart Detail,22500110,587,203944,Julius Randle,1610612750,Minnesota Timberwolves,4,9,22,Made Shot,Driving Floating Jump Shot,2PT Field Goal,In The Paint (Non-RA),Center(C),Less Than 8 ft.,4,-34,24,1,1,20251026,MIN,IND,23180,0,201144|203944|1629675|1630183|1641740,0,REG,2026,1610612750,,,,,
22500110596,,Shot Chart Detail,22500110,596,203944,Julius Randle,1610612750,Minnesota Timberwolves,4,8,52,Missed Shot,Driving Layup Shot,2PT Field Goal,Restricted Area,Center(C),Less Than 8 ft.,2,-21,5,1,0,20251026,MIN,IND,23480,0,201144|203944|1629675|1630183|1641740,0,REG,2026,1610612750,,,,,
22500110605,,Shot Chart Detail,22500110,605,203944,Julius Randle,1610612750,Minnesota Timberwolves,4,8,18,Made Shot,Driving Layup Shot,2PT Field Goal,Restricted Area,Center(C),Less Than 8 ft.,3,-33,4,1,1,20251026,MIN,IND,23820,0,201144|203944|1629675|1630183|1641740,1,REG,2026,1610612750,,,,,
22500110615,,Shot Chart Detail,22500110,615,1629675,Naz Reid,1610612750,Minnesota Timberwolves,4,7,44,Made Shot,Turnaround Hook Shot,2PT Field Goal,In The Paint (Non-RA),Center(C),Less Than 8 ft.,4,-29,37,1,1,20251026,MIN,IND,24160,0,201144|203944|1628978|1629675|1630183,0,REG,2026,1610612750,,,,,
22500110618,,Shot Chart Detail,22500110,618,1629675,Naz Reid,1610612750,Minnesota Timberwolves,4,7,10,Made Shot,Jump Shot,3PT Field Goal,Above the Break 3,Center(C),24+ ft.,26,-13,260,1,1,20251026,MIN,IND,24500,0,201144|203944|1628978|1629675|1630183,1,REG,2026,1610612750,,,,,
22500110629,,Shot Chart Detail,22500110,629,203944,Julius Randle,1610612750,Minnesota Timberwolves,4,6,40,Made Shot,Driving Layup Shot,2PT Field Goal,Restricted Area,Center(C),Less Than 8 ft.,2,-23,3,1,1,20251026,MIN,IND,24800,0,203944|1628978|1629675|1630183|1630538,0,REG,2026,1610612750,,,,,
22500110636,,Shot Chart Detail,22500110,636,1630183,Jaden McDaniels,1610612750,Minnesota Timberwolves,4,5,51,Missed Shot,Driving Layup Shot,2PT Field Goal,Restricted Area,Center(C),Less Than 8 ft.,2,23,8,1,0,20251026,MIN,IND,25290,0,203497|1628978|1629675|1630183|1630538,0,REG,2026,1610612750,,,,,
22500110646,,Shot Chart Detail,22500110,646,1630538,Bones Hyland,1610612750,Minnesota Timberwolves,4,5,17,Missed Shot,Jump Shot,3PT Field Goal,Left Corner 3,Left Side(L),24+ ft.,22,-228,-15,1,0,20251026,MIN,IND,25630,0,203497|1628978|1629675|1630183|1630538,0,REG,2026,1610612750,,,,,
22500110683,,Shot Chart Detail,22500110,683,203944,Julius Randle,1610612750,Minnesota Timberwolves,4,3,22,Made Shot,Pullup Jump shot,2PT Field Goal,In The Paint (Non-RA),Center(C),8-16 ft.,12,-4,122,1,1,20251026,MIN,IND,26780,0,201144|203497|203944|1628978|1630183,0,REG,2026,1610612750,,,,,
22500110693,,Shot Chart Detail,22500110,693,1630183,Jaden McDaniels,1610612750,Minnesota Timberwolves,4,2,18,Missed Shot,Jump Shot,3PT Field Goal,Left Corner 3,Left Side(L),24+ ft.,22,-228,-1,1,0,20251026,MIN,IND,27420,0,201144|203497|203944|1628978|1630183,0,REG,2026,1610612750,,,,,
22500110702,,Shot Chart Detail,22500110,702,1628978,Donte DiVincenzo,1610612750,Minnesota Timberwolves,4,1,37,Missed Shot,Driving Floating Jump Shot,2PT Field Goal,In The Paint (Non-RA),Center(C),Less Than 8 ft.,6,1,64,1,0,20251026,MIN,IND,27830,0,201144|203497|203944|1628978|1630183,0,REG,2026,1610612750,,,,,
22500110709,,Shot Chart Detail,22500110,709,203497,Rudy Gobert,1610612750,Minnesota Timberwolves,4,1,11,Made Shot,Dunk Shot,2PT Field Goal,Restricted Area,Center(C),Less Than 8 ft.,1,1,10,1,1,20251026,MIN,IND,28090,0,201144|203497|203944|1628978|1630183,1,REG,2026,1610612750,,,,,
22500110724,,Shot Chart Detail,22500110,724,1630183,Jaden McDaniels,1610612750,Minnesota Timberwolves,4,0,20,Made Shot,Driving Finger Roll Layup Shot,2PT Field Goal,Restricted Area,Center(C),Less Than 8 ft.,1,0,16,1,1,20251026,MIN,IND,28600,0,203497|203944|1628978|1630183|1641740,0,REG,2026,1610612750,,,,,
225001368,,Shot Chart Detail,22500136,8,203944,Julius Randle,1610612750,Minnesota Timberwolves,1,11,37,Missed Shot,Jump Shot,2PT Field Goal,Mid-Range,Right Side Center(RC),16-24 ft.,18,115,140,1,0,20251029,MIN,LAL,230,0,201144|203497|203944|1628978|1630183,0,REG,2026,1610612750,,,,,
2250013612,,Shot Chart Detail,22500136,12,1628978,Donte DiVincenzo,1610612750,Minnesota Timberwolves,1,11,13,Missed Shot,Jump Shot,3PT Field Goal,Above the Break 3,Right Side Center(RC),24+ ft.,24,211,124,1,0,20251029,MIN,LAL,470,0,201144|203497|203944|1628978|1630183,0,REG,2026,1610612750,,,,,
2250013615,,Shot Chart Detail,22500136,15,1630183,Jaden McDaniels,1610612750,Minnesota Timberwolves,1,10,46,Made Shot,Pullup Jump shot,2PT Field Goal,In The Paint (Non-RA),Center(C),8-16 ft.,11,-47,105,1,1,20251029,MIN,LAL,740,0,201144|203497|203944|1628978|1630183,0,REG,2026,1610612750,,,,,
2250013619,,Shot Chart Detail,22500136,19,203944,Julius Randle,1610612750,Minnesota Timberwolves,1,10,21,Made Shot,Pullup Jump shot,3PT Field Goal,Above the Break 3,Left Side Center(LC),24+ ft.,24,-107,221,1,1,20251029,MIN,LAL,990,0,201144|203497|203944|1628978|1630183,0,REG,2026,1610612750,,,,,
2250013624,,Shot Chart Detail,22500136,24,201144,Mike Conley,1610612750,Minnesota Timberwolves,1,9,41,Made Shot,Jump Shot,3PT Field Goal,Above the Break 3,Left Side Center(LC),24+ ft.,24,-194,156,1,1,20251029,MIN,LAL,1390,0,201144|203497|203944|1628978|1630183,1,REG,2026,1610612750,,,,,
2250013628,,Shot Chart Detail,22500136,28,203944,Julius Randle,1610612750,Minnesota Timberwolves,1,9,16,Made Shot,Driving Floating Jump Shot,2PT Field Goal,In The Paint (Non-RA),Center(C),Less Than 8 ft.,6,-20,61,1,1,20251029,MIN,LAL,1640,0,201144|203497|203944|1628978|1630183,0,REG,2026,1610612750,,,,,
2250013630,,Shot Chart Detail,22500136,30,203944,Julius Randle,1610612750,Minnesota Timberwolves,1,8,40,Made Shot,Jump Shot,3PT Field Goal,Left Corner 3,Left Side(L),24+ ft.,22,-228,1,1,1,20251029,MIN,LAL,2000,0,201144|203497|203944|1628978|1630183,1,REG,2026,1610612750,,,,,
2250013633,,Shot Chart Detail,22500136,33,1628978,Donte DiVincenzo,1610612750,Minnesota Timberwolves,1,8,14,Made Shot,Step Back Jump shot,3PT Field Goal,Above the Break 3,Left Side Center(LC),24+ ft.,24,-199,148,1,1,20251029,MIN,LAL,2260,0,201144|203497|203944|1628978|1630183,1,REG,2026,1610612750,,,,,
2250013636,,Shot Chart Detail,22500136,36,1630183,Jaden McDaniels,1610612750,Minnesota Timberwolves,1,7,51,Made Shot,Running Layup Shot,2PT Field Goal,Restricted Area,Center(C),Less Than 8 ft.,0,-9,3,1,1,20251029,MIN,LAL,2490,0,201144|203497|203944|1628978|1630183,1,REG,2026,1610612750,,,,,
2250013646,,Shot Chart Detail,22500136,46,1630183,Jaden McDaniels,1610612750,Minnesota Timberwolves,1,7,34,Missed Shot,Driving Layup Shot,2PT Field Goal,In The Paint (Non-RA),Center(C),Less Than 8 ft.,5,38,36,1,0,20251029,MIN,LAL,2660,0,201144|203497|203944|1628978|1630183,0,REG,2026,1610612750,,,,,
2250013650,,Shot Chart Detail,22500136,50,1628978,Donte DiVincenzo,1610612750,Minnesota Timberwolves,1,7,25,Missed Shot,Driving Floating Bank Jump Shot,2PT Field Goal,In The Paint (Non-RA),Center(C),Less Than 8 ft.,6,-53,34,1,0,20251029,MIN,LAL,2750,0,201144|203497|203944|1628978|1630183,0,REG,2026,1610612750,,,,,
2250013659,,Shot Chart Detail,22500136,59,1630183,Jaden McDaniels,1610612750,Minnesota Timberwolves,1,6,42,Missed Shot,Pullup Jump shot,2PT Field Goal,In The Paint (Non-RA),Center(C),8-16 ft.,12,16,124,1,0,20251029,MIN,LAL,3180,0,201144|203497|203944|1628978|1630183,0,REG,2026,1610612750,,,,,
2250013665,,Shot Chart Detail,22500136,65,203944,Julius Randle,1610612750,Minnesota Timberwolves,1,6,10,Missed Shot,Turnaround Fadeaway shot,2PT Field Goal,In The Paint (Non-RA),Center(C),Less Than 8 ft.,5,-5,59,1,0,20251029,MIN,LAL,3500,0,201144|203497|203944|1628978|1630183,0,REG,2026,1610612750,,,,,
2250013669,,Shot Chart Detail,22500136,69,1628978,Donte DiVincenzo,1610612750,Minnesota Timberwolves,1,5,46,Made Shot,Jump Shot,3PT Field Goal,Above the Break 3,Left Side Center(LC),24+ ft.,24,-199,145,1,1,20251029,MIN,LAL,3740,0,201144|203497|203944|1628978|1630183,1,REG,2026,1610612750,,,,,
2250013678,,Shot Chart Detail,22500136,78,1630183,Jaden McDaniels,1610612750,Minnesota Timberwolves,1,5,10,Made Shot,Jump Shot,3PT Field Goal,Left Corner 3,Left Side(L),24+ ft.,23,-230,6,1,1,20251029,MIN,LAL,4100,0,203497|1628978|1629675|1630183|1642265,1,REG,2026,1610612750,,,,,
2250013690,,Shot Chart Detail,22500136,90,1629675,Naz Reid,1610612750,Minnesota Timberwolves,1,4,48,Missed Shot,Jump Shot,3PT Field Goal,Above the Break 3,Left Side Center(LC),24+ ft.,25,-152,208,1,0,20251029,MIN,LAL,4320,0,203497|1629675|1630183|1630545|1642265,0,REG,2026,1610612750,,,,,
2250013694,,Shot Chart Detail,22500136,94,203497,Rudy Gobert,1610612750,Minnesota Timberwolves,1,4,13,Missed Shot,Driving Layup Shot,2PT Field Goal,Restricted Area,Center(C),Less Than 8 ft.,2,-23,6,1,0,20251029,MIN,LAL,4670,0,203497|1629675|1630183|1630545|1642265,0,REG,2026,1610612750,,,,,
2250013698,,Shot Chart Detail,22500136,98,1642265,Rob Dillingham,1610612750,Minnesota Timberwolves,1,4,0,Missed Shot,Running Layup Shot,2PT Field Goal,Restricted Area,Center(C),Less Than 8 ft.,2,18,19,1,0,20251029,MIN,LAL,4800,0,203497|1629675|1630183|1630545|1642265,0,REG,2026,1610612750,,,,,
22500136138,,Shot Chart Detail,22500136,138,203944,Julius Randle,1610612750,Minnesota Timberwolves,1,2,16,Made Shot,Jump Shot,3PT Field Goal,Above the Break 3,Center(C),24+ ft.,24,5,246,1,1,20251029,MIN,LAL,5840,0,203944|1629675|1630538|1630545|1642265,1,REG,2026,1610612750,,,,,
22500136141,,Shot Chart Detail,22500136,141,1629675,Naz Reid,1610612750,Minnesota Timberwolves,1,1,46,Missed Shot,Jump Shot,3PT Field Goal,Above the Break 3,Right Side Center(RC),24+ ft.,24,227,93,1,0,20251029,MIN,LAL,6140,0,203944|1629675|1630538|1630545|1642265,0,REG,2026,1610612750,,,,,
22500136145,,Shot Chart Detail,22500136,145,1630538,Bones Hyland,1610612750,Minnesota Timberwolves,1,1,33,Made Shot,Running Finger Roll Layup Shot,2PT Field Goal,Restricted Area,Center(C),Less Than 8 ft.,0,-5,5,1,1,20251029,MIN,LAL,6270,0,203944|1629675|1630538|1630545|1642265,1,REG,2026,1610612750,,,,,
22500136148,,Shot Chart Detail,22500136,148,1642265,Rob Dillingham,1610612750,Minnesota Timberwolves,1,1,15,Missed Shot,Driving Layup Shot,2PT Field Goal,Restricted Area,Center(C),Less Than 8 ft.,1,11,16,1,0,20251029,MIN,LAL,6450,0,203944|1629675|1630538|1630545|1642265,0,REG,2026,1610612750,,,,,
22500136155,,Shot Chart Detail,22500136,155,203944,Julius Randle,1610612750,Minnesota Timberwolves,1,1,8,Missed Shot,Jump Shot,3PT Field Goal,Above the Break 3,Center(C),24+ ft.,25,-6,252,1,0,20251029,MIN,LAL,6520,0,203944|1629675|1630538|1630545|1642265,0,REG,2026,1610612750,,,,,
22500136159,,Shot Chart Detail,22500136,159,1630545,Terrence Shannon Jr.,1610612750,Minnesota Timberwolves,1,0,37,Missed Shot,Jump Shot,3PT Field Goal,Left Corner 3,Left Side(L),24+ ft.,22,-224,37,1,0,20251029,MIN,LAL,6830,0,203944|1629675|1630538|1630545|1642265,0,REG,2026,1610612750,,,,,
22500136161,,Shot Chart Detail,22500136,161,1629675,Naz Reid,1610612750,Minnesota Timberwolves,1,0,33,Made Shot,Layup Shot,2PT Field Goal,Restricted Area,Center(C),Less Than 8 ft.,2,24,14,1,1,20251029,MIN,LAL,6870,0,203944|1629675|1630538|1630545|1642265,1,REG,2026,1610612750,,,,,
22500136164,,Shot Chart Detail,22500136,164,1629675,Naz Reid,1610612750,Minnesota Timberwolves,1,0,4,Missed Shot,Jump Shot,3PT Field Goal,Right Corner 3,Right Side(R),24+ ft.,23,232,-8,1,0,20251029,MIN,LAL,7160,0,203944|1629675|1630538|1630545|1642265,0,REG,2026,1610612750,,,,,
22500136182,,Shot Chart Detail,22500136,182,1629675,Naz Reid,1610612750,Minnesota Timberwolves,2,11,51,Made Shot,Jump Shot,3PT Field Goal,Above the Break 3,Left Side Center(LC),24+ ft.,25,-191,164,1,1,20251029,MIN,LAL,7290,0,203497|1628978|1629675|1630183|1642265,1,REG,2026,1610612750,,,,,
22500136196,,Shot Chart Detail,22500136,196,203497,Rudy Gobert,1610612750,Minnesota Timberwolves,2,10,50,Made Shot,Alley Oop Dunk Shot,2PT Field Goal,Restricted Area,Center(C),Less Than 8 ft.,0,5,1,1,1,20251029,MIN,LAL,7900,0,203497|1628978|1629675|1630183|1642265,1,REG,2026,1610612750,,,,,
22500136200,,Shot Chart Detail,22500136,200,1642265,Rob Dillingham,1610612750,Minnesota Timberwolves,2,10,29,Made Shot,Pullup Jump shot,2PT Field Goal,Mid-Range,Center(C),8-16 ft.,15,-6,152,1,1,20251029,MIN,LAL,8110,0,203497|1628978|1629675|1630183|1642265,0,REG,2026,1610612750,,,,,
22500136207,,Shot Chart Detail,22500136,207,1642265,Rob Dillingham,1610612750,Minnesota Timberwolves,2,9,58,Missed Shot,Running Layup Shot,2PT Field Goal,Restricted Area,Center(C),Less Than 8 ft.,3,-26,29,1,0,20251029,MIN,LAL,8420,0,203497|1628978|1629675|1630183|1642265,0,REG,2026,1610612750,,,,,
22500136209,,Shot Chart Detail,22500136,209,203497,Rudy Gobert,1610612750,Minnesota Timberwolves,2,9,56,Made Shot,Tip Dunk Shot,2PT Field Goal,Restricted Area,Center(C),Less Than 8 ft.,0,0,0,1,1,20251029,MIN,LAL,8440,0,203497|1628978|1629675|1630183|1642265,0,REG,2026,1610612750,,,,,
22500136218,,Shot Chart Detail,22500136,218,1629675,Naz Reid,1610612750,Minnesota Timberwolves,2,9,21,Missed Shot,Driving Floating Jump Shot,2PT Field Goal,In The Paint (Non-RA),Center(C),Less Than 8 ft.,6,-5,68,1,0,20251029,MIN,LAL,8790,0,203497|1628978|1629675|1630183|1642265,0,REG,2026,1610612750,,,,,
22500136221,,Shot Chart Detail,22500136,221,1629675,Naz Reid,1610612750,Minnesota Timberwolves,2,9,18,Missed Shot,Putback Layup Shot,2PT Field Goal,In The Paint (Non-RA),Center(C),Less Than 8 ft.,5,-7,56,1,0,20251029,MIN,LAL,8820,0,203497|1628978|1629675|1630183|1642265,0,REG,2026,1610612750,,,,,
22500136227,,Shot Chart Detail,22500136,227,1642265,Rob Dillingham,1610612750,Minnesota Timberwolves,2,8,45,Missed Shot,Pullup Jump shot,2PT Field Goal,Mid-Range,Center(C),16-24 ft.,20,-25,206,1,0,20251029,MIN,LAL,9150,0,203497|1628978|1629675|1630183|1642265,0,REG,2026,1610612750,,,,,
22500136230,,Shot Chart Detail,22500136,230,1630183,Jaden McDaniels,1610612750,Minnesota Timberwolves,2,8,15,Made Shot,Floating Jump shot,2PT Field Goal,In The Paint (Non-RA),Left Side(L),8-16 ft.,9,-58,69,1,1,20251029,MIN,LAL,9450,0,203497|1628978|1629675|1630183|1642265,1,REG,2026,1610612750,,,,,
22500136234,,Shot Chart Detail,22500136,234,1630183,Jaden McDaniels,1610612750,Minnesota Timberwolves,2,7,43,Made Shot,Driving Layup Shot,2PT Field Goal,In The Paint (Non-RA),Center(C),Less Than 8 ft.,4,29,31,1,1,20251029,MIN,LAL,9770,0,203497|1628978|1629675|1630183|1642265,1,REG,2026,1610612750,,,,,
22500136238,,Shot Chart Detail,22500136,238,203497,Rudy Gobert,1610612750,Minnesota Timberwolves,2,7,21,Made Shot,Layup Shot,2PT Field Goal,Restricted Area,Center(C),Less Than 8 ft.,1,6,8,1,1,20251029,MIN,LAL,9990,0,203497|1628978|1629675|1630183|1642265,1,REG,2026,1610612750,,,,,
22500136242,,Shot Chart Detail,22500136,242,1629675,Naz Reid,1610612750,Minnesota Timberwolves,2,6,49,Missed Shot,Jump Shot,3PT Field Goal,Left Corner 3,Left Side(L),24+ ft.,23,-233,8,1,0,20251029,MIN,LAL,10310,0,203497|1628978|1629675|1630183|1642265,0,REG,2026,1610612750,,,,,
22500136260,,Shot Chart Detail,22500136,260,203944,Julius Randle,1610612750,Minnesota Timberwolves,2,5,51,Missed Shot,Jump Shot,3PT Field Goal,Right Corner 3,Right Side(R),24+ ft.,22,225,36,1,0,20251029,MIN,LAL,10890,0,201144|203497|203944|1628978|1630183,0,REG,2026,1610612750,,,,,
22500136264,,Shot Chart Detail,22500136,264,1630183,Jaden McDaniels,1610612750,Minnesota Timberwolves,2,5,28,Missed Shot,Running Pull-Up Jump Shot,2PT Field Goal,In The Paint (Non-RA),Center(C),Less Than 8 ft.,7,44,61,1,0,20251029,MIN,LAL,11120,0,201144|203497|203944|1628978|1630183,0,REG,2026,1610612750,,,,,
22500136284,,Shot Chart Detail,22500136,284,203944,Julius Randle,1610612750,Minnesota Timberwolves,2,3,52,Missed Shot,Driving Layup Shot,2PT Field Goal,Restricted Area,Center(C),Less Than 8 ft.,1,10,9,1,0,20251029,MIN,LAL,12080,0,201144|203497|203944|1630183|1630545,0,REG,2026,1610612750,,,,,
22500136290,,Shot Chart Detail,22500136,290,201144,Mike Conley,1610612750,Minnesota Timberwolves,2,3,26,Missed Shot,Pullup Jump shot,3PT Field Goal,Above the Break 3,Right Side Center(RC),24+ ft.,24,178,164,1,0,20251029,MIN,LAL,12340,0,201144|203497|203944|1630183|1630545,0,REG,2026,1610612750,,,,,
22500136292,,Shot Chart Detail,22500136,292,1630545,Terrence Shannon Jr.,1610612750,Minnesota Timberwolves,2,3,23,Missed Shot,Putback Layup Shot,2PT Field Goal,Restricted Area,Center(C),Less Than 8 ft.,3,36,17,1,0,20251029,MIN,LAL,12370,0,201144|203497|203944|1630183|1630545,0,REG,2026,1610612750,,,,,
22500136298,,Shot Chart Detail,22500136,298,203944,Julius Randle,1610612750,Minnesota Timberwolves,2,2,39,Made Shot,Pullup Jump shot,2PT Field Goal,Mid-Range,Right Side(R),8-16 ft.,14,146,14,1,1,20251029,MIN,LAL,12810,0,201144|203497|203944|1630183|1630545,1,REG,2026,1610612750,,,,,
22500136313,,Shot Chart Detail,22500136,313,203944,Julius Randle,1610612750,Minnesota Timberwolves,2,2,10,Made Shot,Running Finger Roll Layup Shot,2PT Field Goal,Restricted Area,Center(C),Less Than 8 ft.,1,-5,9,1,1,20251029,MIN,LAL,13100,0,201144|203944|1629675|1630183|1630545,1,REG,2026,1610612750,,,,,
22500136318,,Shot Chart Detail,22500136,318,203944,Julius Randle,1610612750,Minnesota Timberwolves,2,1,29,Made Shot,Turnaround Fadeaway shot,2PT Field Goal,In The Paint (Non-RA),Center(C),8-16 ft.,13,19,129,1,1,20251029,MIN,LAL,13510,0,201144|203944|1629675|1630183|1630545,0,REG,2026,1610612750,,,,,
22500136336,,Shot Chart Detail,22500136,336,201144,Mike Conley,1610612750,Minnesota Timberwolves,2,0,8,Missed Shot,Step Back Jump shot,2PT Field Goal,Mid-Range,Right Side Center(RC),16-24 ft.,22,135,177,1,0,20251029,MIN,LAL,14320,0,201144|203944|1628978|1629675|1630183,0,REG,2026,1610612750,,,,,
22500136348,,Shot Chart Detail,22500136,348,203944,Julius Randle,1610612750,Minnesota Timberwolves,3,11,47,Made Shot,Jump Shot,3PT Field Goal,Above the Break 3,Left Side Center(LC),24+ ft.,25,-197,162,1,1,20251029,MIN,LAL,14530,0,201144|203497|203944|1628978|1630183,1,REG,2026,1610612750,,,,,
22500136352,,Shot Chart Detail,22500136,352,203944,Julius Randle,1610612750,Minnesota Timberwolves,3,11,16,Missed Shot,Driving Floating Jump Shot,2PT Field Goal,In The Paint (Non-RA),Center(C),Less Than 8 ft.,6,20,62,1,0,20251029,MIN,LAL,14840,0,201144|203497|203944|1628978|1630183,0,REG,2026,1610612750,,,,,
22500136362,,Shot Chart Detail,22500136,362,201144,Mike Conley,1610612750,Minnesota Timberwolves,3,10,22,Made Shot,Driving Floating Jump Shot,2PT Field Goal,In The Paint (Non-RA),Center(C),8-16 ft.,11,31,109,1,1,20251029,MIN,LAL,15380,0,201144|203497|203944|1628978|1630183,1,REG,2026,1610612750,,,,,
22500136381,,Shot Chart Detail,22500136,381,203944,Julius Randle,1610612750,Minnesota Timberwolves,3,8,19,Missed Shot,Pullup Jump shot,3PT Field Goal,Above the Break 3,Center(C),24+ ft.,25,-53,248,1,0,20251029,MIN,LAL,16610,0,201144|203497|203944|1628978|1630183,0,REG,2026,1610612750,,,,,
22500136391,,Shot Chart Detail,22500136,391,203944,Julius Randle,1610612750,Minnesota Timberwolves,3,7,52,Missed Shot,Pullup Jump shot,2PT Field Goal,Mid-Range,Right Side(R),8-16 ft.,12,125,10,1,0,20251029,MIN,LAL,16880,0,201144|203497|203944|1628978|1630183,0,REG,2026,1610612750,,,,,
22500136395,,Shot Chart Detail,22500136,395,1628978,Donte DiVincenzo,1610612750,Minnesota Timberwolves,3,7,32,Missed Shot,Jump Shot,3PT Field Goal,Above the Break 3,Left Side Center(LC),24+ ft.,28,-159,235,1,0,20251029,MIN,LAL,17080,0,201144|203497|203944|1628978|1630183,0,REG,2026,1610612750,,,,,
22500136399,,Shot Chart Detail,22500136,399,1630183,Jaden McDaniels,1610612750,Minnesota Timberwolves,3,7,4,Missed Shot,Step Back Jump shot,3PT Field Goal,Above the Break 3,Right Side Center(RC),24+ ft.,25,104,238,1,0,20251029,MIN,LAL,17360,0,201144|203497|203944|1628978|1630183,0,REG,2026,1610612750,,,,,
22500136409,,Shot Chart Detail,22500136,409,203944,Julius Randle,1610612750,Minnesota Timberwolves,3,6,40,Made Shot,Driving Floating Bank Jump Shot,2PT Field Goal,Mid-Range,Left Side(L),8-16 ft.,13,-131,27,1,1,20251029,MIN,LAL,17600,0,201144|203497|203944|1628978|1630183,1,REG,2026,1610612750,,,,,
22500136422,,Shot Chart Detail,22500136,422,1642265,Rob Dillingham,1610612750,Minnesota Timberwolves,3,6,1,Made Shot,Driving Finger Roll Layup Shot,2PT Field Goal,Restricted Area,Center(C),Less Than 8 ft.,2,-1,27,1,1,20251029,MIN,LAL,17990,0,203944|1628978|1629675|1630183|1642265,1,REG,2026,1610612750,,,,,
22500136436,,Shot Chart Detail,22500136,436,1642265,Rob Dillingham,1610612750,Minnesota Timberwolves,3,5,13,Made Shot,Pullup Jump shot,2PT Field Goal,Mid-Range,Right Side(R),8-16 ft.,11,108,39,1,1,20251029,MIN,LAL,18470,0,203944|1628978|1629675|1630183|1642265,1,REG,2026,1610612750,,,,,
22500136439,,Shot Chart Detail,22500136,439,1630183,Jaden McDaniels,1610612750,Minnesota Timberwolves,3,4,41,Made Shot,Driving Floating Bank Jump Shot,2PT Field Goal,In The Paint (Non-RA),Left Side(L),8-16 ft.,8,-56,65,1,1,20251029,MIN,LAL,18790,0,203944|1628978|1629675|1630183|1642265,1,REG,2026,1610612750,,,,,
22500136443,,Shot Chart Detail,22500136,443,1630183,Jaden McDaniels,1610612750,Minnesota Timberwolves,3,4,23,Missed Shot,Running Layup Shot,2PT Field Goal,Restricted Area,Center(C),Less Than 8 ft.,1,13,4,1,0,20251029,MIN,LAL,18970,0,203944|1628978|1629675|1630183|1642265,0,REG,2026,1610612750,,,,,
22500136445,,Shot Chart Detail,22500136,445,1630183,Jaden McDaniels,1610612750,Minnesota Timberwolves,3,4,22,Missed Shot,Tip Layup Shot,2PT Field Goal,Restricted Area,Center(C),Less Than 8 ft.,0,0,0,1,0,20251029,MIN,LAL,18980,0,203944|1628978|1629675|1630183|1642265,0,REG,2026,1610612750,,,,,
22500136447,,Shot Chart Detail,22500136,447,1630183,Jaden McDaniels,1610612750,Minnesota Timberwolves,3,4,20,Made Shot,Tip Layup Shot,2PT Field Goal,Restricted Area,Center(C),Less Than 8 ft.,0,0,0,1,1,20251029,MIN,LAL,19000,0,203944|1628978|1629675|1630183|1642265,0,REG,2026,1610612750,,,,,
22500136453,,Shot Chart Detail,22500136,453,203944,Julius Randle,1610612750,Minnesota Timberwolves,3,3,35,Missed Shot,Driving Dunk Shot,2PT Field Goal,Restricted Area,Center(C),Less Than 8 ft.,1,10,15,1,0,20251029,MIN,LAL,19450,0,203944|1628978|1629675|1630545|1642265,0,REG,2026,1610612750,,,,,
22500136460,,Shot Chart Detail,22500136,460,1630545,Terrence Shannon Jr.,1610612750,Minnesota Timberwolves,3,3,28,Missed Shot,Jump Shot,3PT Field Goal,Right Corner 3,Right Side(R),24+ ft.,23,233,16,1,0,20251029,MIN,LAL,19520,0,203944|1628978|1629675|1630545|1642265,0,REG,2026,1610612750,,,,,
22500136479,,Shot Chart Detail,22500136,479,1629675,Naz Reid,1610612750,Minnesota Timberwolves,3,2,31,Missed Shot,Pullup Jump shot,2PT Field Goal,Mid-Range,Left Side Center(LC),16-24 ft.,21,-126,175,1,0,20251029,MIN,LAL,20090,0,203497|1629675|1630538|1630545|1642265,0,REG,2026,1610612750,,,,,
22500136484,,Shot Chart Detail,22500136,484,1629675,Naz Reid,1610612750,Minnesota Timberwolves,3,2,2,Missed Shot,Driving Floating Jump Shot,2PT Field Goal,In The Paint (Non-RA),Center(C),Less Than 8 ft.,6,17,64,1,0,20251029,MIN,LAL,20380,0,203497|1629675|1630538|1630545|1642265,0,REG,2026,1610612750,,,,,
22500136487,,Shot Chart Detail,22500136,487,1642265,Rob Dillingham,1610612750,Minnesota Timberwolves,3,1,36,Made Shot,Driving Layup Shot,2PT Field Goal,Restricted Area,Center(C),Less Than 8 ft.,3,28,26,1,1,20251029,MIN,LAL,20640,0,203497|1629675|1630538|1630545|1642265,0,REG,2026,1610612750,,,,,
22500136494,,Shot Chart Detail,22500136,494,1630183,Jaden McDaniels,1610612750,Minnesota Timberwolves,3,1,9,Made Shot,Jump Shot,3PT Field Goal,Left Corner 3,Left Side(L),24+ ft.,23,-233,55,1,1,20251029,MIN,LAL,20910,0,203497|1629675|1630183|1630538|1630545,1,REG,2026,1610612750,,,,,
22500136501,,Shot Chart Detail,22500136,501,1630538,Bones Hyland,1610612750,Minnesota Timberwolves,3,0,43,Made Shot,Pullup Jump shot,3PT Field Goal,Above the Break 3,Center(C),24+ ft.,26,-58,256,1,1,20251029,MIN,LAL,21170,0,203497|1629675|1630183|1630538|1630545,0,REG,2026,1610612750,,,,,
22500136503,,Shot Chart Detail,22500136,503,1630538,Bones Hyland,1610612750,Minnesota Timberwolves,3,0,25,Made Shot,Pullup Jump shot,3PT Field Goal,Above the Break 3,Right Side Center(RC),24+ ft.,25,132,222,1,1,20251029,MIN,LAL,21350,0,203497|1629675|1630183|1630538|1630545,0,REG,2026,1610612750,,,,,
22500136539,,Shot Chart Detail,22500136,539,1630538,Bones Hyland,1610612750,Minnesota Timberwolves,4,10,14,Missed Shot,Jump Shot,3PT Field Goal,Above the Break 3,Left Side Center(LC),24+ ft.,26,-158,217,1,0,20251029,MIN,LAL,22660,0,203497|1629675|1630183|1630538|1630545,0,REG,2026,1610612750,,,,,
22500136573,,Shot Chart Detail,22500136,573,201144,Mike Conley,1610612750,Minnesota Timberwolves,4,8,8,Missed Shot,Jump Shot,3PT Field Goal,Above the Break 3,Right Side Center(RC),24+ ft.,25,172,185,1,0,20251029,MIN,LAL,23920,0,201144|203497|203944|1628978|1630183,0,REG,2026,1610612750,,,,,
22500136579,,Shot Chart Detail,22500136,579,1630183,Jaden McDaniels,1610612750,Minnesota Timberwolves,4,7,28,Missed Shot,Driving Dunk Shot,2PT Field Goal,Restricted Area,Center(C),Less Than 8 ft.,1,10,13,1,0,20251029,MIN,LAL,24320,0,201144|203497|203944|1628978|1630183,0,REG,2026,1610612750,,,,,
22500136581,,Shot Chart Detail,22500136,581,1630183,Jaden McDaniels,1610612750,Minnesota Timberwolves,4,7,25,Missed Shot,Floating Jump shot,2PT Field Goal,In The Paint (Non-RA),Center(C),Less Than 8 ft.,6,13,59,1,0,20251029,MIN,LAL,24350,0,201144|203497|203944|1628978|1630183,0,REG,2026,1610612750,,,,,
22500136587,,Shot Chart Detail,22500136,587,203944,Julius Randle,1610612750,Minnesota Timberwolves,4,7,6,Missed Shot,Driving Layup Shot,2PT Field Goal,In The Paint (Non-RA),Center(C),Less Than 8 ft.,4,33,33,1,0,20251029,MIN,LAL,24540,0,201144|203497|203944|1628978|1630183,0,REG,2026,1610612750,,,,,
22500136596,,Shot Chart Detail,22500136,596,1628978,Donte DiVincenzo,1610612750,Minnesota Timberwolves,4,6,20,Made Shot,Driving Finger Roll Layup Shot,2PT Field Goal,In The Paint (Non-RA),Center(C),Less Than 8 ft.,4,-17,38,1,1,20251029,MIN,LAL,25000,0,201144|203497|203944|1628978|1630183,1,REG,2026,1610612750,,,,,
22500136602,,Shot Chart Detail,22500136,602,1630183,Jaden McDaniels,1610612750,Minnesota Timberwolves,4,5,52,Made Shot,Driving Finger Roll Layup Shot,2PT Field Goal,Restricted Area,Center(C),Less Than 8 ft.,2,11,20,1,1,20251029,MIN,LAL,25280,0,201144|203497|203944|1628978|1630183,1,REG,2026,1610612750,,,,,
22500136631,,Shot Chart Detail,22500136,631,201144,Mike Conley,1610612750,Minnesota Timberwolves,4,4,22,Made Shot,Jump Shot,3PT Field Goal,Above the Break 3,Left Side Center(LC),24+ ft.,24,-165,186,1,1,20251029,MIN,LAL,26180,0,201144|203497|203944|1628978|1630183,1,REG,2026,1610612750,,,,,
22500136635,,Shot Chart Detail,22500136,635,203497,Rudy Gobert,1610612750,Minnesota Timberwolves,4,3,41,Made Shot,Dunk Shot,2PT Field Goal,Restricted Area,Center(C),Less Than 8 ft.,1,-9,11,1,1,20251029,MIN,LAL,26590,0,201144|203497|203944|1628978|1630183,1,REG,2026,1610612750,,,,,
22500136639,,Shot Chart Detail,22500136,639,1628978,Donte DiVincenzo,1610612750,Minnesota Timberwolves,4,3,5,Made Shot,Jump Shot,3PT Field Goal,Above the Break 3,Left Side Center(LC),24+ ft.,26,-211,158,1,1,20251029,MIN,LAL,26950,0,201144|203497|203944|1628978|1630183,1,REG,2026,1610612750,,,,,
22500136658,,Shot Chart Detail,22500136,658,1630183,Jaden McDaniels,1610612750,Minnesota Timberwolves,4,1,38,Made Shot,Running Jump Shot,3PT Field Goal,Above the Break 3,Left Side Center(LC),24+ ft.,25,-202,162,1,1,20251029,MIN,LAL,27820,0,201144|203497|203944|1628978|1630183,1,REG,2026,1610612750,,,,,
22500136663,,Shot Chart Detail,22500136,663,1630183,Jaden McDaniels,1610612750,Minnesota Timberwolves,4,0,49,Made Shot,Dunk Shot,2PT Field Goal,Restricted Area,Center(C),Less Than 8 ft.,1,7,10,1,1,20251029,MIN,LAL,28310,0,201144|203497|203944|1628978|1630183,1,REG,2026,1610612750,,,,,
22500136667,,Shot Chart Detail,22500136,667,203944,Julius Randle,1610612750,Minnesota Timberwolves,4,0,10,Made Shot,Driving Finger Roll Layup Shot,2PT Field Goal,Restricted Area,Center(C),Less Than 8 ft.,2,7,20,1,1,20251029,MIN,LAL,28700,0,201144|203497|203944|1630183|1630538,0,REG,2026,1610612750,,,,,
225001437,,Shot Chart Detail,22500143,7,1628978,Donte DiVincenzo,1610612750,Minnesota Timberwolves,1,11,43,Missed Shot,Pullup Jump shot,3PT Field Goal,Above the Break 3,Left Side Center(LC),24+ ft.,25,-210,153,1,0,20251101,CHA,MIN,170,0,201144|203497|203944|1628978|1630183,0,REG,2026,1610612750,,,,,
2250014311,,Shot Chart Detail,22500143,11,1630183,Jaden McDaniels,1610612750,Minnesota Timberwolves,1,11,16,Made Shot,Running Finger Roll Layup Shot,2PT Field Goal,Restricted Area,Center(C),Less Than 8 ft.,3,21,28,1,1,20251101,CHA,MIN,440,0,201144|203497|203944|1628978|1630183,1,REG,2026,1610612750,,,,,
2250014315,,Shot Chart Detail,22500143,15,203944,Julius Randle,1610612750,Minnesota Timberwolves,1,10,49,Missed Shot,Pullup Jump shot,2PT Field Goal,Mid-Range,Center(C),16-24 ft.,19,-38,191,1,0,20251101,CHA,MIN,710,0,201144|203497|203944|1628978|1630183,0,REG,2026,1610612750,,,,,
2250014327,,Shot Chart Detail,22500143,27,1628978,Donte DiVincenzo,1610612750,Minnesota Timberwolves,1,9,54,Missed Shot,Running Jump Shot,3PT Field Goal,Above the Break 3,Left Side Center(LC),24+ ft.,24,-218,111,1,0,20251101,CHA,MIN,1260,0,201144|203497|203944|1628978|1630183,0,REG,2026,1610612750,,,,,
2250014331,,Shot Chart Detail,22500143,31,203497,Rudy Gobert,1610612750,Minnesota Timberwolves,1,9,34,Made Shot,Cutting Dunk Shot,2PT Field Goal,Restricted Area,Center(C),Less Than 8 ft.,2,15,15,1,1,20251101,CHA,MIN,1460,0,201144|203497|203944|1628978|1630183,1,REG,2026,1610612750,,,,,
2250014336,,Shot Chart Detail,22500143,36,1628978,Donte DiVincenzo,1610612750,Minnesota Timberwolves,1,9,13,Made Shot,Jump Shot,3PT Field Goal,Above the Break 3,Right Side Center(RC),24+ ft.,27,176,206,1,1,20251101,CHA,MIN,1670,0,201144|203497|203944|1628978|1630183,1,REG,2026,1610612750,,,,,
2250014340,,Shot Chart Detail,22500143,40,203944,Julius Randle,1610612750,Minnesota Timberwolves,1,8,43,Missed Shot,Driving Layup Shot,2PT Field Goal,In The Paint (Non-RA),Center(C),Less Than 8 ft.,4,-15,42,1,0,20251101,CHA,MIN,1970,0,201144|203497|203944|1628978|1630183,0,REG,2026,1610612750,,,,,
2250014346,,Shot Chart Detail,22500143,46,203944,Julius Randle,1610612750,Minnesota Timberwolves,1,8,11,Made Shot,Driving Floating Bank Jump Shot,2PT Field Goal,In The Paint (Non-RA),Center(C),8-16 ft.,10,-23,107,1,1,20251101,CHA,MIN,2290,0,201144|203497|203944|1628978|1630183,1,REG,2026,1610612750,,,,,
2250014350,,Shot Chart Detail,22500143,50,1628978,Donte DiVincenzo,1610612750,Minnesota Timberwolves,1,7,48,Missed Shot,Pullup Jump shot,3PT Field Goal,Above the Break 3,Left Side Center(LC),24+ ft.,26,-108,239,1,0,20251101,CHA,MIN,2520,0,201144|203497|203944|1628978|1630183,0,REG,2026,1610612750,,,,,
2250014354,,Shot Chart Detail,22500143,54,203944,Julius Randle,1610612750,Minnesota Timberwolves,1,7,17,Made Shot,Jump Shot,3PT Field Goal,Above the Break 3,Right Side Center(RC),24+ ft.,26,153,212,1,1,20251101,CHA,MIN,2830,0,201144|203497|203944|1628978|1630183,1,REG,2026,1610612750,,,,,
2250014361,,Shot Chart Detail,22500143,61,201144,Mike Conley,1610612750,Minnesota Timberwolves,1,6,41,Missed Shot,Step Back Jump shot,3PT Field Goal,Above the Break 3,Right Side Center(RC),24+ ft.,25,191,168,1,0,20251101,CHA,MIN,3190,0,201144|203497|203944|1628978|1630183,0,REG,2026,1610612750,,,,,
2250014365,,Shot Chart Detail,22500143,65,203944,Julius Randle,1610612750,Minnesota Timberwolves,1,6,22,Made Shot,Jump Shot,3PT Field Goal,Above the Break 3,Right Side Center(RC),24+ ft.,26,184,190,1,1,20251101,CHA,MIN,3380,0,201144|203497|203944|1628978|1630183,1,REG,2026,1610612750,,,,,
2250014376,,Shot Chart Detail,22500143,76,203944,Julius Randle,1610612750,Minnesota Timberwolves,1,5,41,Missed Shot,Pullup Jump shot,3PT Field Goal,Above the Break 3,Center(C),24+ ft.,27,-82,259,1,0,20251101,CHA,MIN,3790,0,203944|1628978|1629675|1630183|1642265,0,REG,2026,1610612750,,,,,
2250014380,,Shot Chart Detail,22500143,80,1642265,Rob Dillingham,1610612750,Minnesota Timberwolves,1,5,0,Made Shot,Driving Floating Bank Jump Shot,2PT Field Goal,In The Paint (Non-RA),Center(C),Less Than 8 ft.,5,44,26,1,1,20251101,CHA,MIN,4200,0,203944|1628978|1629675|1630183|1642265,0,REG,2026,1610612750,,,,,
2250014383,,Shot Chart Detail,22500143,83,1629675,Naz Reid,1610612750,Minnesota Timberwolves,1,4,24,Missed Shot,Jump Shot,3PT Field Goal,Above the Break 3,Left Side Center(LC),24+ ft.,28,-105,263,1,0,20251101,CHA,MIN,4560,0,203944|1628978|1629675|1630183|1642265,0,REG,2026,1610612750,,,,,
2250014387,,Shot Chart Detail,22500143,87,203944,Julius Randle,1610612750,Minnesota Timberwolves,1,3,57,Made Shot,Driving Layup Shot,2PT Field Goal,Restricted Area,Center(C),Less Than 8 ft.,2,12,26,1,1,20251101,CHA,MIN,4830,0,203944|1628978|1629675|1630183|1642265,0,REG,2026,1610612750,,,,,
2250014396,,Shot Chart Detail,22500143,96,1642265,Rob Dillingham,1610612750,Minnesota Timberwolves,1,3,20,Missed Shot,Pullup Jump shot,2PT Field Goal,Mid-Range,Center(C),16-24 ft.,16,9,165,1,0,20251101,CHA,MIN,5200,0,203944|1629675|1630183|1630545|1642265,0,REG,2026,1610612750,,,,,
22500143105,,Shot Chart Detail,22500143,105,1630183,Jaden McDaniels,1610612750,Minnesota Timberwolves,1,2,51,Missed Shot,Turnaround Fadeaway shot,2PT Field Goal,In The Paint (Non-RA),Center(C),8-16 ft.,11,0,118,1,0,20251101,CHA,MIN,5490,0,203497|1629675|1630183|1630545|1642265,0,REG,2026,1610612750,,,,,
22500143128,,Shot Chart Detail,22500143,128,203497,Rudy Gobert,1610612750,Minnesota Timberwolves,1,1,15,Made Shot,Cutting Dunk Shot,2PT Field Goal,Restricted Area,Center(C),Less Than 8 ft.,1,7,13,1,1,20251101,CHA,MIN,6450,0,203497|203944|1630183|1630545|1642265,1,REG,2026,1610612750,,,,,
22500143142,,Shot Chart Detail,22500143,142,1630183,Jaden McDaniels,1610612750,Minnesota Timberwolves,1,0,31,Missed Shot,Pullup Jump shot,2PT Field Goal,Mid-Range,Right Side(R),8-16 ft.,13,131,39,1,0,20251101,CHA,MIN,6890,0,203497|203944|1630183|1630545|1642265,0,REG,2026,1610612750,,,,,
22500143167,,Shot Chart Detail,22500143,167,1630545,Terrence Shannon Jr.,1610612750,Minnesota Timberwolves,2,11,32,Missed Shot,Jump Shot,3PT Field Goal,Above the Break 3,Left Side Center(LC),24+ ft.,27,-129,241,1,0,20251101,CHA,MIN,7480,0,201144|203497|1628978|1629675|1630545,0,REG,2026,1610612750,,,,,
22500143180,,Shot Chart Detail,22500143,180,1629675,Naz Reid,1610612750,Minnesota Timberwolves,2,11,16,Missed Shot,Driving Dunk Shot,2PT Field Goal,In The Paint (Non-RA),Center(C),Less Than 8 ft.,4,-18,44,1,0,20251101,CHA,MIN,7640,0,201144|203497|1628978|1629675|1630545,0,REG,2026,1610612750,,,,,
22500143191,,Shot Chart Detail,22500143,191,201144,Mike Conley,1610612750,Minnesota Timberwolves,2,10,16,Missed Shot,Floating Jump shot,2PT Field Goal,In The Paint (Non-RA),Center(C),8-16 ft.,8,12,86,1,0,20251101,CHA,MIN,8240,0,201144|203497|1629675|1630545|1641740,0,REG,2026,1610612750,,,,,
22500143195,,Shot Chart Detail,22500143,195,1629675,Naz Reid,1610612750,Minnesota Timberwolves,2,9,54,Made Shot,Floating Jump shot,2PT Field Goal,In The Paint (Non-RA),Center(C),8-16 ft.,14,-60,137,1,1,20251101,CHA,MIN,8460,0,201144|203497|1629675|1630545|1641740,1,REG,2026,1610612750,,,,,
22500143204,,Shot Chart Detail,22500143,204,1629675,Naz Reid,1610612750,Minnesota Timberwolves,2,9,20,Made Shot,Jump Shot,3PT Field Goal,Above the Break 3,Right Side Center(RC),24+ ft.,26,127,233,1,1,20251101,CHA,MIN,8800,0,201144|203497|1629675|1630538|1641740,1,REG,2026,1610612750,,,,,
22500143211,,Shot Chart Detail,22500143,211,1629675,Naz Reid,1610612750,Minnesota Timberwolves,2,8,48,Made Shot,Pullup Jump shot,3PT Field Goal,Above the Break 3,Right Side Center(RC),24+ ft.,25,168,196,1,1,20251101,CHA,MIN,9120,0,201144|203497|1629675|1630538|1641740,0,REG,2026,1610612750,,,,,
22500143213,,Shot Chart Detail,22500143,213,1629675,Naz Reid,1610612750,Minnesota Timberwolves,2,8,13,Made Shot,Turnaround Hook Shot,2PT Field Goal,In The Paint (Non-RA),Center(C),Less Than 8 ft.,7,-4,75,1,1,20251101,CHA,MIN,9470,0,201144|203497|1629675|1630538|1641740,0,REG,2026,1610612750,,,,,
22500143216,,Shot Chart Detail,22500143,216,1630538,Bones Hyland,1610612750,Minnesota Timberwolves,2,7,44,Missed Shot,Step Back Jump shot,3PT Field Goal,Above the Break 3,Left Side Center(LC),24+ ft.,27,-123,241,1,0,20251101,CHA,MIN,9760,0,201144|203497|1629675|1630538|1641740,0,REG,2026,1610612750,,,,,
22500143228,,Shot Chart Detail,22500143,228,1641740,Jaylen Clark,1610612750,Minnesota Timberwolves,2,6,54,Made Shot,Driving Hook Shot,2PT Field Goal,Restricted Area,Center(C),Less Than 8 ft.,3,9,33,1,1,20251101,CHA,MIN,10260,0,201144|203497|1629675|1630538|1641740,1,REG,2026,1610612750,,,,,
22500143232,,Shot Chart Detail,22500143,232,1641740,Jaylen Clark,1610612750,Minnesota Timberwolves,2,6,21,Missed Shot,Jump Shot,3PT Field Goal,Right Corner 3,Right Side(R),24+ ft.,23,229,58,1,0,20251101,CHA,MIN,10590,0,201144|203497|1629675|1630538|1641740,0,REG,2026,1610612750,,,,,
22500143237,,Shot Chart Detail,22500143,237,1629675,Naz Reid,1610612750,Minnesota Timberwolves,2,5,47,Missed Shot,Turnaround Fadeaway shot,2PT Field Goal,Mid-Range,Left Side(L),8-16 ft.,15,-110,111,1,0,20251101,CHA,MIN,10930,0,201144|203497|1629675|1630538|1641740,0,REG,2026,1610612750,,,,,
22500143240,,Shot Chart Detail,22500143,240,201144,Mike Conley,1610612750,Minnesota Timberwolves,2,5,16,Made Shot,Pullup Jump shot,3PT Field Goal,Above the Break 3,Right Side Center(RC),24+ ft.,27,140,232,1,1,20251101,CHA,MIN,11240,0,201144|203497|1629675|1630538|1641740,1,REG,2026,1610612750,,,,,
22500143253,,Shot Chart Detail,22500143,253,1629675,Naz Reid,1610612750,Minnesota Timberwolves,2,4,44,Missed Shot,Step Back Jump shot,3PT Field Goal,Above the Break 3,Center(C),24+ ft.,26,23,263,1,0,20251101,CHA,MIN,11560,0,203944|1629675|1630183|1630538|1641740,0,REG,2026,1610612750,,,,,
22500143263,,Shot Chart Detail,22500143,263,203944,Julius Randle,1610612750,Minnesota Timberwolves,2,3,57,Made Shot,Driving Floating Jump Shot,2PT Field Goal,In The Paint (Non-RA),Center(C),8-16 ft.,11,-10,111,1,1,20251101,CHA,MIN,12030,0,203944|1629675|1630183|1630538|1630545,1,REG,2026,1610612750,,,,,
22500143276,,Shot Chart Detail,22500143,276,203944,Julius Randle,1610612750,Minnesota Timberwolves,2,3,14,Made Shot,Driving Layup Shot,2PT Field Goal,Restricted Area,Center(C),Less Than 8 ft.,2,4,23,1,1,20251101,CHA,MIN,12460,0,203944|1628978|1630183|1630538|1630545,0,REG,2026,1610612750,,,,,
22500143282,,Shot Chart Detail,22500143,282,1630538,Bones Hyland,1610612750,Minnesota Timberwolves,2,2,16,Made Shot,Pullup Jump shot,3PT Field Goal,Above the Break 3,Right Side Center(RC),24+ ft.,26,146,216,1,1,20251101,CHA,MIN,13040,0,203944|1628978|1630183|1630538|1630545,0,REG,2026,1610612750,,,,,
22500143507,,Shot Chart Detail,22500143,507,1630538,Bones Hyland,1610612750,Minnesota Timberwolves,2,2,0,Missed Shot,Pullup Jump shot,3PT Field Goal,Above the Break 3,Center(C),24+ ft.,26,-16,269,1,0,20251101,CHA,MIN,13200,0,203944|1628978|1630183|1630538|1630545,0,REG,2026,1610612750,,,,,
22500143301,,Shot Chart Detail,22500143,301,1628978,Donte DiVincenzo,1610612750,Minnesota Timberwolves,2,1,7,Missed Shot,Driving Finger Roll Layup Shot,2PT Field Goal,In The Paint (Non-RA),Center(C),Less Than 8 ft.,4,26,31,1,0,20251101,CHA,MIN,13730,0,203944|1628978|1630183|1630538|1630545,0,REG,2026,1610612750,,,,,
22500143311,,Shot Chart Detail,22500143,311,201144,Mike Conley,1610612750,Minnesota Timberwolves,2,0,48,Missed Shot,Driving Finger Roll Layup Shot,2PT Field Goal,Restricted Area,Center(C),Less Than 8 ft.,2,-15,22,1,0,20251101,CHA,MIN,13920,0,201144|203944|1628978|1630545|1641740,0,REG,2026,1610612750,,,,,
22500143317,,Shot Chart Detail,22500143,317,201144,Mike Conley,1610612750,Minnesota Timberwolves,2,0,7,Made Shot,Cutting Layup Shot,2PT Field Goal,Restricted Area,Center(C),Less Than 8 ft.,1,2,15,1,1,20251101,CHA,MIN,14330,0,201144|203944|1628978|1630545|1641740,1,REG,2026,1610612750,,,,,
22500143345,,Shot Chart Detail,22500143,345,1628978,Donte DiVincenzo,1610612750,Minnesota Timberwolves,3,11,20,Missed Shot,Jump Shot,3PT Field Goal,Left Corner 3,Left Side(L),24+ ft.,22,-224,6,1,0,20251101,CHA,MIN,14800,0,201144|203497|203944|1628978|1630183,0,REG,2026,1610612750,,,,,
22500143349,,Shot Chart Detail,22500143,349,1628978,Donte DiVincenzo,1610612750,Minnesota Timberwolves,3,11,12,Missed Shot,Jump Shot,3PT Field Goal,Left Corner 3,Left Side(L),24+ ft.,22,-227,1,1,0,20251101,CHA,MIN,14880,0,201144|203497|203944|1628978|1630183,0,REG,2026,1610612750,,,,,
22500143351,,Shot Chart Detail,22500143,351,203944,Julius Randle,1610612750,Minnesota Timberwolves,3,11,7,Made Shot,Putback Layup Shot,2PT Field Goal,Restricted Area,Center(C),Less Than 8 ft.,0,0,0,1,1,20251101,CHA,MIN,14930,0,201144|203497|203944|1628978|1630183,0,REG,2026,1610612750,,,,,
22500143353,,Shot Chart Detail,22500143,353,1630183,Jaden McDaniels,1610612750,Minnesota Timberwolves,3,10,37,Missed Shot,Driving Layup Shot,2PT Field Goal,Restricted Area,Center(C),Less Than 8 ft.,1,-9,16,1,0,20251101,CHA,MIN,15230,0,201144|203497|203944|1628978|1630183,0,REG,2026,1610612750,,,,,
22500143356,,Shot Chart Detail,22500143,356,203497,Rudy Gobert,1610612750,Minnesota Timberwolves,3,10,33,Made Shot,Putback Layup Shot,2PT Field Goal,Restricted Area,Center(C),Less Than 8 ft.,0,2,5,1,1,20251101,CHA,MIN,15270,0,201144|203497|203944|1628978|1630183,0,REG,2026,1610612750,,,,,
22500143359,,Shot Chart Detail,22500143,359,203497,Rudy Gobert,1610612750,Minnesota Timberwolves,3,10,19,Made Shot,Cutting Dunk Shot,2PT Field Goal,Restricted Area,Center(C),Less Than 8 ft.,0,0,-4,1,1,20251101,CHA,MIN,15410,0,201144|203497|203944|1628978|1630183,1,REG,2026,1610612750,,,,,
22500143362,,Shot Chart Detail,22500143,362,1630183,Jaden McDaniels,1610612750,Minnesota Timberwolves,3,9,52,Made Shot,Pullup Jump shot,2PT Field Goal,In The Paint (Non-RA),Center(C),Less Than 8 ft.,7,4,71,1,1,20251101,CHA,MIN,15680,0,201144|203497|203944|1628978|1630183,0,REG,2026,1610612750,,,,,
22500143365,,Shot Chart Detail,22500143,365,1630183,Jaden McDaniels,1610612750,Minnesota Timberwolves,3,9,27,Made Shot,Jump Shot,3PT Field Goal,Above the Break 3,Left Side Center(LC),24+ ft.,25,-188,179,1,1,20251101,CHA,MIN,15930,0,201144|203497|203944|1628978|1630183,1,REG,2026,1610612750,,,,,
22500143369,,Shot Chart Detail,22500143,369,203497,Rudy Gobert,1610612750,Minnesota Timberwolves,3,9,7,Made Shot,Finger Roll Layup Shot,2PT Field Goal,Restricted Area,Center(C),Less Than 8 ft.,0,-2,3,1,1,20251101,CHA,MIN,16130,0,201144|203497|203944|1628978|1630183,1,REG,2026,1610612750,,,,,
22500143376,,Shot Chart Detail,22500143,376,203944,Julius Randle,1610612750,Minnesota Timberwolves,3,8,22,Made Shot,Turnaround Fadeaway shot,2PT Field Goal,Mid-Range,Right Side(R),8-16 ft.,13,92,103,1,1,20251101,CHA,MIN,16580,0,201144|203497|203944|1628978|1630183,0,REG,2026,1610612750,,,,,
22500143379,,Shot Chart Detail,22500143,379,203944,Julius Randle,1610612750,Minnesota Timberwolves,3,8,2,Missed Shot,Running Pull-Up Jump Shot,3PT Field Goal,Above the Break 3,Left Side Center(LC),24+ ft.,25,-179,176,1,0,20251101,CHA,MIN,16780,0,201144|203497|203944|1628978|1630183,0,REG,2026,1610612750,,,,,
22500143383,,Shot Chart Detail,22500143,383,203944,Julius Randle,1610612750,Minnesota Timberwolves,3,7,40,Missed Shot,Turnaround Bank shot,2PT Field Goal,Restricted Area,Center(C),Less Than 8 ft.,2,-27,8,1,0,20251101,CHA,MIN,17000,0,201144|203497|203944|1628978|1630183,0,REG,2026,1610612750,,,,,
22500143389,,Shot Chart Detail,22500143,389,1628978,Donte DiVincenzo,1610612750,Minnesota Timberwolves,3,7,22,Missed Shot,Jump Shot,3PT Field Goal,Above the Break 3,Left Side Center(LC),24+ ft.,24,-201,147,1,0,20251101,CHA,MIN,17180,0,201144|203497|203944|1628978|1630183,0,REG,2026,1610612750,,,,,
22500143392,,Shot Chart Detail,22500143,392,1630183,Jaden McDaniels,1610612750,Minnesota Timberwolves,3,6,58,Made Shot,Driving Layup Shot,2PT Field Goal,Restricted Area,Center(C),Less Than 8 ft.,1,9,13,1,1,20251101,CHA,MIN,17420,0,201144|203497|203944|1628978|1630183,0,REG,2026,1610612750,,,,,
22500143396,,Shot Chart Detail,22500143,396,203944,Julius Randle,1610612750,Minnesota Timberwolves,3,6,46,Made Shot,Driving Floating Jump Shot,2PT Field Goal,Restricted Area,Center(C),Less Than 8 ft.,1,6,11,1,1,20251101,CHA,MIN,17540,0,201144|203497|203944|1628978|1630183,0,REG,2026,1610612750,,,,,
22500143419,,Shot Chart Detail,22500143,419,203944,Julius Randle,1610612750,Minnesota Timberwolves,3,5,20,Made Shot,Jump Shot,3PT Field Goal,Above the Break 3,Right Side Center(RC),24+ ft.,26,93,246,1,1,20251101,CHA,MIN,18400,0,203497|203944|1628978|1630183|1642265,0,REG,2026,1610612750,,,,,
22500143425,,Shot Chart Detail,22500143,425,1628978,Donte DiVincenzo,1610612750,Minnesota Timberwolves,3,4,33,Made Shot,Running Finger Roll Layup Shot,2PT Field Goal,Restricted Area,Center(C),Less Than 8 ft.,0,-6,3,1,1,20251101,CHA,MIN,18870,0,203497|203944|1628978|1630183|1642265,1,REG,2026,1610612750,,,,,
22500143429,,Shot Chart Detail,22500143,429,203944,Julius Randle,1610612750,Minnesota Timberwolves,3,4,8,Missed Shot,Running Layup Shot,2PT Field Goal,Restricted Area,Center(C),Less Than 8 ft.,0,0,-2,1,0,20251101,CHA,MIN,19120,0,203497|203944|1628978|1630183|1642265,0,REG,2026,1610612750,,,,,
22500143431,,Shot Chart Detail,22500143,431,203497,Rudy Gobert,1610612750,Minnesota Timberwolves,3,4,6,Missed Shot,Tip Layup Shot,2PT Field Goal,Restricted Area,Center(C),Less Than 8 ft.,0,0,0,1,0,20251101,CHA,MIN,19140,0,203497|203944|1628978|1630183|1642265,0,REG,2026,1610612750,,,,,
22500143433,,Shot Chart Detail,22500143,433,203497,Rudy Gobert,1610612750,Minnesota Timberwolves,3,4,1,Missed Shot,Putback Dunk Shot,2PT Field Goal,Restricted Area,Center(C),Less Than 8 ft.,0,0,0,1,0,20251101,CHA,MIN,19190,0,203497|203944|1628978|1630183|1642265,0,REG,2026,1610612750,,,,,
22500143437,,Shot Chart Detail,22500143,437,1628978,Donte DiVincenzo,1610612750,Minnesota Timberwolves,3,3,40,Made Shot,Jump Shot,3PT Field Goal,Above the Break 3,Left Side Center(LC),24+ ft.,25,-164,195,1,1,20251101,CHA,MIN,19400,0,203497|203944|1628978|1630183|1642265,1,REG,2026,1610612750,,,,,
22500143453,,Shot Chart Detail,22500143,453,1629675,Naz Reid,1610612750,Minnesota Timberwolves,3,2,59,Missed Shot,Driving Layup Shot,2PT Field Goal,In The Paint (Non-RA),Center(C),Less Than 8 ft.,4,10,43,1,0,20251101,CHA,MIN,19810,0,203497|1628978|1629675|1641740|1642265,0,REG,2026,1610612750,,,,,
22500143456,,Shot Chart Detail,22500143,456,1642265,Rob Dillingham,1610612750,Minnesota Timberwolves,3,2,43,Made Shot,Driving Finger Roll Layup Shot,2PT Field Goal,Restricted Area,Center(C),Less Than 8 ft.,2,27,0,1,1,20251101,CHA,MIN,19970,0,203497|1628978|1629675|1641740|1642265,0,REG,2026,1610612750,,,,,
22500143460,,Shot Chart Detail,22500143,460,1642265,Rob Dillingham,1610612750,Minnesota Timberwolves,3,2,25,Missed Shot,Running Layup Shot,2PT Field Goal,Restricted Area,Center(C),Less Than 8 ft.,1,5,14,1,0,20251101,CHA,MIN,20150,0,203497|1628978|1629675|1641740|1642265,0,REG,2026,1610612750,,,,,
22500143466,,Shot Chart Detail,22500143,466,1628978,Donte DiVincenzo,1610612750,Minnesota Timberwolves,3,1,58,Made Shot,Step Back Jump shot,3PT Field Goal,Above the Break 3,Left Side Center(LC),24+ ft.,25,-147,211,1,1,20251101,CHA,MIN,20420,0,203497|1628978|1629675|1641740|1642265,1,REG,2026,1610612750,,,,,
22500143476,,Shot Chart Detail,22500143,476,1642265,Rob Dillingham,1610612750,Minnesota Timberwolves,3,1,19,Missed Shot,Pullup Jump shot,2PT Field Goal,Mid-Range,Center(C),16-24 ft.,16,48,158,1,0,20251101,CHA,MIN,20810,0,203497|1628978|1629675|1641740|1642265,0,REG,2026,1610612750,,,,,
22500143492,,Shot Chart Detail,22500143,492,1629675,Naz Reid,1610612750,Minnesota Timberwolves,3,0,13,Made Shot,Jump Shot,3PT Field Goal,Above the Break 3,Left Side Center(LC),24+ ft.,25,-214,137,1,1,20251101,CHA,MIN,21470,0,203497|1628978|1629675|1641740|1642265,1,REG,2026,1610612750,,,,,
22500143516,,Shot Chart Detail,22500143,516,203944,Julius Randle,1610612750,Minnesota Timberwolves,4,11,48,Made Shot,Cutting Layup Shot,2PT Field Goal,Restricted Area,Center(C),Less Than 8 ft.,1,7,8,1,1,20251101,CHA,MIN,21720,0,201144|203944|1629675|1630183|1641740,1,REG,2026,1610612750,,,,,
22500143521,,Shot Chart Detail,22500143,521,203944,Julius Randle,1610612750,Minnesota Timberwolves,4,11,17,Missed Shot,Jump Shot,3PT Field Goal,Above the Break 3,Right Side Center(RC),24+ ft.,25,92,240,1,0,20251101,CHA,MIN,22030,0,201144|203944|1629675|1630183|1641740,0,REG,2026,1610612750,,,,,
22500143526,,Shot Chart Detail,22500143,526,1629675,Naz Reid,1610612750,Minnesota Timberwolves,4,10,40,Made Shot,Driving Reverse Layup Shot,2PT Field Goal,Restricted Area,Center(C),Less Than 8 ft.,0,-4,6,1,1,20251101,CHA,MIN,22400,0,201144|203944|1629675|1630183|1641740,0,REG,2026,1610612750,,,,,
22500143533,,Shot Chart Detail,22500143,533,1630183,Jaden McDaniels,1610612750,Minnesota Timberwolves,4,10,13,Missed Shot,Driving Floating Jump Shot,2PT Field Goal,Restricted Area,Center(C),Less Than 8 ft.,3,7,32,1,0,20251101,CHA,MIN,22670,0,201144|203944|1629675|1630183|1641740,0,REG,2026,1610612750,,,,,
22500143539,,Shot Chart Detail,22500143,539,1641740,Jaylen Clark,1610612750,Minnesota Timberwolves,4,9,56,Missed Shot,Jump Shot,3PT Field Goal,Right Corner 3,Right Side(R),24+ ft.,22,225,0,1,0,20251101,CHA,MIN,22840,0,201144|203944|1629675|1630183|1641740,0,REG,2026,1610612750,,,,,
22500143548,,Shot Chart Detail,22500143,548,1629675,Naz Reid,1610612750,Minnesota Timberwolves,4,9,16,Missed Shot,Turnaround Hook Shot,2PT Field Goal,In The Paint (Non-RA),Center(C),Less Than 8 ft.,6,5,68,1,0,20251101,CHA,MIN,23240,0,201144|203944|1629675|1630183|1641740,0,REG,2026,1610612750,,,,,
22500143552,,Shot Chart Detail,22500143,552,1641740,Jaylen Clark,1610612750,Minnesota Timberwolves,4,9,4,Made Shot,Running Dunk Shot,2PT Field Goal,Restricted Area,Center(C),Less Than 8 ft.,0,-6,5,1,1,20251101,CHA,MIN,23360,0,201144|203944|1629675|1630183|1641740,0,REG,2026,1610612750,,,,,
22500143556,,Shot Chart Detail,22500143,556,1630183,Jaden McDaniels,1610612750,Minnesota Timberwolves,4,8,38,Made Shot,Cutting Layup Shot,2PT Field Goal,Restricted Area,Center(C),Less Than 8 ft.,0,9,4,1,1,20251101,CHA,MIN,23620,0,201144|203944|1629675|1630183|1641740,1,REG,2026,1610612750,,,,,
22500143604,,Shot Chart Detail,22500143,604,203497,Rudy Gobert,1610612750,Minnesota Timberwolves,4,8,13,Missed Shot,Driving Dunk Shot,2PT Field Goal,Restricted Area,Center(C),Less Than 8 ft.,2,0,29,1,0,20251101,CHA,MIN,23870,0,201144|203497|1629675|1630183|1641740,0,REG,2026,1610612750,,,,,
22500143572,,Shot Chart Detail,22500143,572,203497,Rudy Gobert,1610612750,Minnesota Timberwolves,4,7,57,Made Shot,Running Alley Oop Dunk Shot,2PT Field Goal,Restricted Area,Center(C),Less Than 8 ft.,0,-4,-1,1,1,20251101,CHA,MIN,24030,0,201144|203497|1629675|1630183|1641740,1,REG,2026,1610612750,,,,,
22500143580,,Shot Chart Detail,22500143,580,1629675,Naz Reid,1610612750,Minnesota Timberwolves,4,7,34,Made Shot,Running Alley Oop Dunk Shot,2PT Field Goal,Restricted Area,Center(C),Less Than 8 ft.,0,-5,1,1,1,20251101,CHA,MIN,24260,0,201144|203497|1629675|1630183|1641740,1,REG,2026,1610612750,,,,,
22500143595,,Shot Chart Detail,22500143,595,1641740,Jaylen Clark,1610612750,Minnesota Timberwolves,4,6,20,Made Shot,Cutting Dunk Shot,2PT Field Goal,Restricted Area,Center(C),Less Than 8 ft.,1,-7,11,1,1,20251101,CHA,MIN,25000,0,201144|203497|1628978|1629675|1641740,1,REG,2026,1610612750,,,,,
22500143599,,Shot Chart Detail,22500143,599,1641740,Jaylen Clark,1610612750,Minnesota Timberwolves,4,5,41,Missed Shot,Jump Shot,3PT Field Goal,Left Corner 3,Left Side(L),24+ ft.,23,-233,34,1,0,20251101,CHA,MIN,25390,0,201144|203497|1628978|1629675|1641740,0,REG,2026,1610612750,,,,,
22500143612,,Shot Chart Detail,22500143,612,1628978,Donte DiVincenzo,1610612750,Minnesota Timberwolves,4,5,5,Made Shot,Pullup Jump shot,3PT Field Goal,Above the Break 3,Left Side Center(LC),24+ ft.,25,-201,158,1,1,20251101,CHA,MIN,25750,0,203497|203944|1628978|1630183|1642265,1,REG,2026,1610612750,,,,,
22500143615,,Shot Chart Detail,22500143,615,1628978,Donte DiVincenzo,1610612750,Minnesota Timberwolves,4,4,23,Made Shot,Jump Shot,3PT Field Goal,Above the Break 3,Left Side Center(LC),24+ ft.,26,-174,197,1,1,20251101,CHA,MIN,26170,0,203497|203944|1628978|1630183|1642265,1,REG,2026,1610612750,,,,,
22500143628,,Shot Chart Detail,22500143,628,1630183,Jaden McDaniels,1610612750,Minnesota Timberwolves,4,3,41,Made Shot,Jump Shot,3PT Field Goal,Right Corner 3,Right Side(R),24+ ft.,23,239,8,1,1,20251101,CHA,MIN,26590,0,203497|203944|1628978|1630183|1642265,1,REG,2026,1610612750,,,,,
22500143641,,Shot Chart Detail,22500143,641,1628978,Donte DiVincenzo,1610612750,Minnesota Timberwolves,4,3,5,Missed Shot,Jump Shot,3PT Field Goal,Above the Break 3,Right Side Center(RC),24+ ft.,27,163,224,1,0,20251101,CHA,MIN,26950,0,201144|203497|203944|1628978|1642265,0,REG,2026,1610612750,,,,,
22500143651,,Shot Chart Detail,22500143,651,201144,Mike Conley,1610612750,Minnesota Timberwolves,4,2,32,Made Shot,Pullup Jump shot,3PT Field Goal,Above the Break 3,Left Side Center(LC),24+ ft.,25,-146,205,1,1,20251101,CHA,MIN,27280,0,201144|203497|203944|1628978|1641740,1,REG,2026,1610612750,,,,,
22500143663,,Shot Chart Detail,22500143,663,203944,Julius Randle,1610612750,Minnesota Timberwolves,4,1,26,Made Shot,Pullup Jump shot,2PT Field Goal,Mid-Range,Center(C),16-24 ft.,16,-31,163,1,1,20251101,CHA,MIN,27940,0,201144|203497|203944|1628978|1641740,1,REG,2026,1610612750,,,,,
22500143697,,Shot Chart Detail,22500143,697,1630548,Johnny Juzang,1610612750,Minnesota Timberwolves,4,0,45,Made Shot,Jump Shot,3PT Field Goal,Above the Break 3,Left Side Center(LC),24+ ft.,24,-147,201,1,1,20251101,CHA,MIN,28350,0,1630538|1630545|1630548|1642265|1642866,1,REG,2026,1610612750,,,,,
2250015617,,Shot Chart Detail,22500156,17,203944,Julius Randle,1610612750,Minnesota Timberwolves,1,10,49,Made Shot,Step Back Jump shot,2PT Field Goal,In The Paint (Non-RA),Center(C),8-16 ft.,12,-1,128,1,1,20251103,BKN,MIN,710,0,201144|203497|203944|1628978|1630183,0,REG,2026,1610612750,,,,,
2250015627,,Shot Chart Detail,22500156,27,203944,Julius Randle,1610612750,Minnesota Timberwolves,1,9,58,Missed Shot,Pullup Jump shot,3PT Field Goal,Above the Break 3,Right Side Center(RC),24+ ft.,25,159,194,1,0,20251103,BKN,MIN,1220,0,201144|203497|203944|1628978|1630183,0,REG,2026,1610612750,,,,,
2250015634,,Shot Chart Detail,22500156,34,201144,Mike Conley,1610612750,Minnesota Timberwolves,1,9,15,Made Shot,Jump Shot,3PT Field Goal,Above the Break 3,Center(C),24+ ft.,25,27,253,1,1,20251103,BKN,MIN,1650,0,201144|203497|203944|1628978|1630183,1,REG,2026,1610612750,,,,,
2250015637,,Shot Chart Detail,22500156,37,1628978,Donte DiVincenzo,1610612750,Minnesota Timberwolves,1,8,44,Made Shot,Pullup Jump shot,2PT Field Goal,Mid-Range,Center(C),16-24 ft.,18,42,183,1,1,20251103,BKN,MIN,1960,0,201144|203497|203944|1628978|1630183,1,REG,2026,1610612750,,,,,
2250015646,,Shot Chart Detail,22500156,46,201144,Mike Conley,1610612750,Minnesota Timberwolves,1,7,53,Made Shot,Driving Floating Jump Shot,2PT Field Goal,In The Paint (Non-RA),Left Side(L),8-16 ft.,9,-61,78,1,1,20251103,BKN,MIN,2470,0,201144|203497|203944|1628978|1630183,1,REG,2026,1610612750,,,,,
2250015656,,Shot Chart Detail,22500156,56,1628978,Donte DiVincenzo,1610612750,Minnesota Timberwolves,1,6,57,Missed Shot,Jump Shot,3PT Field Goal,Above the Break 3,Center(C),24+ ft.,28,-86,275,1,0,20251103,BKN,MIN,3030,0,201144|203497|203944|1628978|1630183,0,REG,2026,1610612750,,,,,
2250015660,,Shot Chart Detail,22500156,60,1630183,Jaden McDaniels,1610612750,Minnesota Timberwolves,1,6,36,Made Shot,Driving Floating Bank Jump Shot,2PT Field Goal,In The Paint (Non-RA),Center(C),Less Than 8 ft.,6,-43,42,1,1,20251103,BKN,MIN,3240,0,201144|203497|203944|1628978|1630183,1,REG,2026,1610612750,,,,,
2250015670,,Shot Chart Detail,22500156,70,203944,Julius Randle,1610612750,Minnesota Timberwolves,1,6,3,Missed Shot,Jump Shot,3PT Field Goal,Above the Break 3,Left Side Center(LC),24+ ft.,25,-200,157,1,0,20251103,BKN,MIN,3570,0,201144|203497|203944|1628978|1630183,0,REG,2026,1610612750,,,,,
2250015672,,Shot Chart Detail,22500156,72,1628978,Donte DiVincenzo,1610612750,Minnesota Timberwolves,1,5,51,Made Shot,Jump Shot,3PT Field Goal,Above the Break 3,Right Side Center(RC),24+ ft.,25,212,141,1,1,20251103,BKN,MIN,3690,0,201144|203497|203944|1628978|1630183,1,REG,2026,1610612750,,,,,
2250015687,,Shot Chart Detail,22500156,87,1629675,Naz Reid,1610612750,Minnesota Timberwolves,1,5,22,Missed Shot,Driving Layup Shot,2PT Field Goal,In The Paint (Non-RA),Left Side(L),8-16 ft.,8,-64,58,1,0,20251103,BKN,MIN,3980,0,203944|1628978|1629675|1630183|1642265,0,REG,2026,1610612750,,,,,
2250015691,,Shot Chart Detail,22500156,91,1630183,Jaden McDaniels,1610612750,Minnesota Timberwolves,1,4,57,Made Shot,Driving Floating Bank Jump Shot,2PT Field Goal,In The Paint (Non-RA),Center(C),Less Than 8 ft.,7,-61,50,1,1,20251103,BKN,MIN,4230,0,203944|1628978|1629675|1630183|1642265,0,REG,2026,1610612750,,,,,
2250015693,,Shot Chart Detail,22500156,93,203944,Julius Randle,1610612750,Minnesota Timberwolves,1,4,37,Missed Shot,Driving Floating Jump Shot,2PT Field Goal,In The Paint (Non-RA),Center(C),8-16 ft.,8,-23,78,1,0,20251103,BKN,MIN,4430,0,203944|1628978|1629675|1630183|1642265,0,REG,2026,1610612750,,,,,
22500156128,,Shot Chart Detail,22500156,128,1630183,Jaden McDaniels,1610612750,Minnesota Timberwolves,1,3,19,Made Shot,Jump Shot,3PT Field Goal,Above the Break 3,Left Side Center(LC),24+ ft.,25,-125,222,1,1,20251103,BKN,MIN,5210,0,203497|203944|1630183|1641740|1642265,1,REG,2026,1610612750,,,,,
22500156147,,Shot Chart Detail,22500156,147,1642265,Rob Dillingham,1610612750,Minnesota Timberwolves,1,2,28,Made Shot,Driving Layup Shot,2PT Field Goal,Restricted Area,Center(C),Less Than 8 ft.,1,16,-5,1,1,20251103,BKN,MIN,5720,0,203497|203944|1630545|1641740|1642265,1,REG,2026,1610612750,,,,,
22500156151,,Shot Chart Detail,22500156,151,203944,Julius Randle,1610612750,Minnesota Timberwolves,1,2,0,Missed Shot,Jump Shot,3PT Field Goal,Above the Break 3,Right Side Center(RC),24+ ft.,25,124,218,1,0,20251103,BKN,MIN,6000,0,203497|203944|1630545|1641740|1642265,0,REG,2026,1610612750,,,,,
22500156153,,Shot Chart Detail,22500156,153,203497,Rudy Gobert,1610612750,Minnesota Timberwolves,1,1,54,Made Shot,Putback Layup Shot,2PT Field Goal,Restricted Area,Center(C),Less Than 8 ft.,0,0,0,1,1,20251103,BKN,MIN,6060,0,203497|203944|1630545|1641740|1642265,0,REG,2026,1610612750,,,,,
22500156156,,Shot Chart Detail,22500156,156,203497,Rudy Gobert,1610612750,Minnesota Timberwolves,1,1,28,Made Shot,Dunk Shot,2PT Field Goal,Restricted Area,Center(C),Less Than 8 ft.,0,-1,7,1,1,20251103,BKN,MIN,6320,0,203497|203944|1630545|1641740|1642265,1,REG,2026,1610612750,,,,,
22500156171,,Shot Chart Detail,22500156,171,1642265,Rob Dillingham,1610612750,Minnesota Timberwolves,1,0,24,Missed Shot,Driving Floating Jump Shot,2PT Field Goal,In The Paint (Non-RA),Center(C),Less Than 8 ft.,5,-49,29,1,0,20251103,BKN,MIN,6960,0,203497|203944|1630545|1641740|1642265,0,REG,2026,1610612750,,,,,
22500156191,,Shot Chart Detail,22500156,191,1628978,Donte DiVincenzo,1610612750,Minnesota Timberwolves,2,11,35,Missed Shot,Jump Shot,3PT Field Goal,Right Corner 3,Right Side(R),24+ ft.,23,235,-11,1,0,20251103,BKN,MIN,7450,0,201144|203497|1628978|1629675|1630545,0,REG,2026,1610612750,,,,,
22500156193,,Shot Chart Detail,22500156,193,1630545,Terrence Shannon Jr.,1610612750,Minnesota Timberwolves,2,11,21,Made Shot,Driving Dunk Shot,2PT Field Goal,Restricted Area,Center(C),Less Than 8 ft.,1,-1,10,1,1,20251103,BKN,MIN,7590,0,201144|203497|1628978|1629675|1630545,1,REG,2026,1610612750,,,,,
22500156197,,Shot Chart Detail,22500156,197,1629675,Naz Reid,1610612750,Minnesota Timberwolves,2,10,55,Made Shot,Step Back Jump shot,3PT Field Goal,Above the Break 3,Left Side Center(LC),24+ ft.,25,-127,222,1,1,20251103,BKN,MIN,7850,0,201144|203497|1628978|1629675|1630545,1,REG,2026,1610612750,,,,,
22500156203,,Shot Chart Detail,22500156,203,1629675,Naz Reid,1610612750,Minnesota Timberwolves,2,10,18,Missed Shot,Step Back Jump shot,3PT Field Goal,Left Corner 3,Left Side(L),24+ ft.,22,-229,-13,1,0,20251103,BKN,MIN,8220,0,201144|203497|1628978|1629675|1630545,0,REG,2026,1610612750,,,,,
22500156210,,Shot Chart Detail,22500156,210,203497,Rudy Gobert,1610612750,Minnesota Timberwolves,2,9,55,Made Shot,Driving Finger Roll Layup Shot,2PT Field Goal,Restricted Area,Center(C),Less Than 8 ft.,3,-11,32,1,1,20251103,BKN,MIN,8450,0,201144|203497|1628978|1629675|1630545,1,REG,2026,1610612750,,,,,
22500156226,,Shot Chart Detail,22500156,226,1629675,Naz Reid,1610612750,Minnesota Timberwolves,2,8,42,Made Shot,Turnaround Bank shot,2PT Field Goal,Restricted Area,Center(C),Less Than 8 ft.,3,-33,16,1,1,20251103,BKN,MIN,9180,0,201144|203497|1628978|1629675|1630545,0,REG,2026,1610612750,,,,,
22500156238,,Shot Chart Detail,22500156,238,201144,Mike Conley,1610612750,Minnesota Timberwolves,2,8,1,Missed Shot,Step Back Jump shot,3PT Field Goal,Above the Break 3,Right Side Center(RC),24+ ft.,25,88,236,1,0,20251103,BKN,MIN,9590,0,201144|1628978|1629675|1630183|1630545,0,REG,2026,1610612750,,,,,
22500156255,,Shot Chart Detail,22500156,255,1628978,Donte DiVincenzo,1610612750,Minnesota Timberwolves,2,7,20,Missed Shot,Driving Floating Jump Shot,2PT Field Goal,In The Paint (Non-RA),Left Side(L),8-16 ft.,10,-54,92,1,0,20251103,BKN,MIN,10000,0,201144|1628978|1629675|1630183|1641740,0,REG,2026,1610612750,,,,,
22500156257,,Shot Chart Detail,22500156,257,1630183,Jaden McDaniels,1610612750,Minnesota Timberwolves,2,7,12,Missed Shot,Driving Dunk Shot,2PT Field Goal,Restricted Area,Center(C),Less Than 8 ft.,0,-1,0,1,0,20251103,BKN,MIN,10080,0,201144|1628978|1629675|1630183|1641740,0,REG,2026,1610612750,,,,,
22500156265,,Shot Chart Detail,22500156,265,1628978,Donte DiVincenzo,1610612750,Minnesota Timberwolves,2,6,44,Made Shot,Jump Shot,3PT Field Goal,Above the Break 3,Right Side Center(RC),24+ ft.,26,105,241,1,1,20251103,BKN,MIN,10360,0,201144|1628978|1629675|1630183|1641740,1,REG,2026,1610612750,,,,,
22500156269,,Shot Chart Detail,22500156,269,1628978,Donte DiVincenzo,1610612750,Minnesota Timberwolves,2,5,59,Missed Shot,Jump Shot,3PT Field Goal,Above the Break 3,Center(C),24+ ft.,28,-4,283,1,0,20251103,BKN,MIN,10810,0,201144|1628978|1629675|1630183|1641740,0,REG,2026,1610612750,,,,,
22500156271,,Shot Chart Detail,22500156,271,201144,Mike Conley,1610612750,Minnesota Timberwolves,2,5,51,Made Shot,Jump Shot,3PT Field Goal,Left Corner 3,Left Side(L),24+ ft.,23,-237,0,1,1,20251103,BKN,MIN,10890,0,201144|1628978|1629675|1630183|1641740,1,REG,2026,1610612750,,,,,
22500156281,,Shot Chart Detail,22500156,281,1629675,Naz Reid,1610612750,Minnesota Timberwolves,2,5,21,Made Shot,Driving Layup Shot,2PT Field Goal,In The Paint (Non-RA),Center(C),Less Than 8 ft.,4,-36,32,1,1,20251103,BKN,MIN,11190,0,201144|203944|1629675|1630183|1641740,1,REG,2026,1610612750,,,,,
22500156289,,Shot Chart Detail,22500156,289,1630183,Jaden McDaniels,1610612750,Minnesota Timberwolves,2,4,36,Made Shot,Jump Shot,3PT Field Goal,Above the Break 3,Right Side Center(RC),24+ ft.,26,129,226,1,1,20251103,BKN,MIN,11640,0,203944|1629675|1630183|1641740|1642265,1,REG,2026,1610612750,,,,,
22500156294,,Shot Chart Detail,22500156,294,1642265,Rob Dillingham,1610612750,Minnesota Timberwolves,2,4,3,Missed Shot,Jump Shot,3PT Field Goal,Above the Break 3,Right Side Center(RC),24+ ft.,25,86,239,1,0,20251103,BKN,MIN,11970,0,203497|203944|1630183|1641740|1642265,0,REG,2026,1610612750,,,,,
22500156296,,Shot Chart Detail,22500156,296,1630183,Jaden McDaniels,1610612750,Minnesota Timberwolves,2,3,54,Made Shot,Driving Floating Jump Shot,2PT Field Goal,In The Paint (Non-RA),Center(C),Less Than 8 ft.,5,-11,54,1,1,20251103,BKN,MIN,12060,0,203497|203944|1630183|1641740|1642265,1,REG,2026,1610612750,,,,,
22500156303,,Shot Chart Detail,22500156,303,1630183,Jaden McDaniels,1610612750,Minnesota Timberwolves,2,3,13,Made Shot,Turnaround Jump Shot,2PT Field Goal,In The Paint (Non-RA),Center(C),Less Than 8 ft.,5,10,50,1,1,20251103,BKN,MIN,12470,0,203497|203944|1630183|1641740|1642265,1,REG,2026,1610612750,,,,,
22500156306,,Shot Chart Detail,22500156,306,1642265,Rob Dillingham,1610612750,Minnesota Timberwolves,2,2,37,Missed Shot,Driving Finger Roll Layup Shot,2PT Field Goal,In The Paint (Non-RA),Center(C),Less Than 8 ft.,4,-13,48,1,0,20251103,BKN,MIN,12830,0,203497|203944|1630183|1641740|1642265,0,REG,2026,1610612750,,,,,
22500156308,,Shot Chart Detail,22500156,308,1641740,Jaylen Clark,1610612750,Minnesota Timberwolves,2,2,33,Made Shot,Tip Dunk Shot,2PT Field Goal,Restricted Area,Center(C),Less Than 8 ft.,0,0,0,1,1,20251103,BKN,MIN,12870,0,203497|203944|1630183|1641740|1642265,0,REG,2026,1610612750,,,,,
22500156311,,Shot Chart Detail,22500156,311,1630183,Jaden McDaniels,1610612750,Minnesota Timberwolves,2,2,3,Missed Shot,Jump Shot,3PT Field Goal,Left Corner 3,Left Side(L),24+ ft.,22,-229,4,1,0,20251103,BKN,MIN,13170,0,203497|203944|1630183|1641740|1642265,0,REG,2026,1610612750,,,,,
22500156316,,Shot Chart Detail,22500156,316,203944,Julius Randle,1610612750,Minnesota Timberwolves,2,1,35,Made Shot,Driving Layup Shot,2PT Field Goal,Restricted Area,Center(C),Less Than 8 ft.,2,-23,4,1,1,20251103,BKN,MIN,13450,0,203497|203944|1630183|1641740|1642265,0,REG,2026,1610612750,,,,,
22500156336,,Shot Chart Detail,22500156,336,203497,Rudy Gobert,1610612750,Minnesota Timberwolves,2,0,25,Made Shot,Alley Oop Dunk Shot,2PT Field Goal,Restricted Area,Center(C),Less Than 8 ft.,0,6,4,1,1,20251103,BKN,MIN,14150,0,203497|203944|1630183|1641740|1642265,1,REG,2026,1610612750,,,,,
22500156350,,Shot Chart Detail,22500156,350,201144,Mike Conley,1610612750,Minnesota Timberwolves,3,11,33,Missed Shot,Running Jump Shot,3PT Field Goal,Right Corner 3,Right Side(R),24+ ft.,22,229,14,1,0,20251103,BKN,MIN,14670,0,201144|203497|203944|1628978|1630183,0,REG,2026,1610612750,,,,,
22500156352,,Shot Chart Detail,22500156,352,1628978,Donte DiVincenzo,1610612750,Minnesota Timberwolves,3,11,28,Made Shot,Putback Layup Shot,2PT Field Goal,Restricted Area,Center(C),Less Than 8 ft.,1,-6,17,1,1,20251103,BKN,MIN,14720,0,201144|203497|203944|1628978|1630183,0,REG,2026,1610612750,,,,,
22500156355,,Shot Chart Detail,22500156,355,203944,Julius Randle,1610612750,Minnesota Timberwolves,3,10,55,Made Shot,Driving Layup Shot,2PT Field Goal,Restricted Area,Center(C),Less Than 8 ft.,3,29,9,1,1,20251103,BKN,MIN,15050,0,201144|203497|203944|1628978|1630183,1,REG,2026,1610612750,,,,,
22500156362,,Shot Chart Detail,22500156,362,203497,Rudy Gobert,1610612750,Minnesota Timberwolves,3,10,27,Made Shot,Alley Oop Dunk Shot,2PT Field Goal,Restricted Area,Center(C),Less Than 8 ft.,0,-6,5,1,1,20251103,BKN,MIN,15330,0,201144|203497|203944|1628978|1630183,1,REG,2026,1610612750,,,,,
22500156366,,Shot Chart Detail,22500156,366,1628978,Donte DiVincenzo,1610612750,Minnesota Timberwolves,3,10,6,Made Shot,Running Pull-Up Jump Shot,3PT Field Goal,Above the Break 3,Right Side Center(RC),24+ ft.,27,161,220,1,1,20251103,BKN,MIN,15540,0,201144|203497|203944|1628978|1630183,1,REG,2026,1610612750,,,,,
22500156377,,Shot Chart Detail,22500156,377,203497,Rudy Gobert,1610612750,Minnesota Timberwolves,3,9,39,Made Shot,Cutting Dunk Shot,2PT Field Goal,Restricted Area,Center(C),Less Than 8 ft.,0,-2,8,1,1,20251103,BKN,MIN,15810,0,201144|203497|203944|1628978|1630183,1,REG,2026,1610612750,,,,,
22500156384,,Shot Chart Detail,22500156,384,1630183,Jaden McDaniels,1610612750,Minnesota Timberwolves,3,9,8,Made Shot,Driving Floating Jump Shot,2PT Field Goal,In The Paint (Non-RA),Center(C),Less Than 8 ft.,4,-20,35,1,1,20251103,BKN,MIN,16120,0,201144|203497|203944|1628978|1630183,1,REG,2026,1610612750,,,,,
22500156398,,Shot Chart Detail,22500156,398,203944,Julius Randle,1610612750,Minnesota Timberwolves,3,8,11,Made Shot,Driving Layup Shot,2PT Field Goal,Restricted Area,Center(C),Less Than 8 ft.,0,-7,0,1,1,20251103,BKN,MIN,16690,0,201144|203497|203944|1628978|1641740,1,REG,2026,1610612750,,,,,
22500156403,,Shot Chart Detail,22500156,403,1641740,Jaylen Clark,1610612750,Minnesota Timberwolves,3,7,27,Missed Shot,Jump Shot,3PT Field Goal,Right Corner 3,Right Side(R),24+ ft.,23,233,1,1,0,20251103,BKN,MIN,17130,0,201144|203497|203944|1628978|1641740,0,REG,2026,1610612750,,,,,
22500156406,,Shot Chart Detail,22500156,406,1628978,Donte DiVincenzo,1610612750,Minnesota Timberwolves,3,7,9,Missed Shot,Jump Shot,3PT Field Goal,Above the Break 3,Right Side Center(RC),24+ ft.,25,222,117,1,0,20251103,BKN,MIN,17310,0,201144|203497|203944|1628978|1641740,0,REG,2026,1610612750,,,,,
22500156416,,Shot Chart Detail,22500156,416,1628978,Donte DiVincenzo,1610612750,Minnesota Timberwolves,3,6,28,Made Shot,Jump Shot,3PT Field Goal,Left Corner 3,Left Side(L),24+ ft.,22,-225,-12,1,1,20251103,BKN,MIN,17720,0,201144|203497|203944|1628978|1641740,1,REG,2026,1610612750,,,,,
22500156439,,Shot Chart Detail,22500156,439,1629675,Naz Reid,1610612750,Minnesota Timberwolves,3,5,24,Missed Shot,Jump Shot,3PT Field Goal,Right Corner 3,Right Side(R),24+ ft.,23,235,29,1,0,20251103,BKN,MIN,18360,0,203944|1628978|1629675|1641740|1642265,0,REG,2026,1610612750,,,,,
22500156441,,Shot Chart Detail,22500156,441,1628978,Donte DiVincenzo,1610612750,Minnesota Timberwolves,3,5,9,Missed Shot,Pullup Jump shot,3PT Field Goal,Above the Break 3,Right Side Center(RC),24+ ft.,24,197,153,1,0,20251103,BKN,MIN,18510,0,203944|1628978|1629675|1641740|1642265,0,REG,2026,1610612750,,,,,
22500156454,,Shot Chart Detail,22500156,454,1642265,Rob Dillingham,1610612750,Minnesota Timberwolves,3,4,42,Missed Shot,Pullup Jump shot,2PT Field Goal,Mid-Range,Center(C),16-24 ft.,18,56,179,1,0,20251103,BKN,MIN,18780,0,203944|1629675|1630538|1641740|1642265,0,REG,2026,1610612750,,,,,
22500156462,,Shot Chart Detail,22500156,462,203944,Julius Randle,1610612750,Minnesota Timberwolves,3,4,0,Made Shot,Running Dunk Shot,2PT Field Goal,Restricted Area,Center(C),Less Than 8 ft.,1,10,1,1,1,20251103,BKN,MIN,19200,0,203944|1629675|1630538|1641740|1642265,0,REG,2026,1610612750,,,,,
22500156470,,Shot Chart Detail,22500156,470,1630538,Bones Hyland,1610612750,Minnesota Timberwolves,3,3,33,Missed Shot,Step Back Jump shot,3PT Field Goal,Above the Break 3,Right Side Center(RC),24+ ft.,24,206,141,1,0,20251103,BKN,MIN,19470,0,203944|1629675|1630538|1641740|1642265,0,REG,2026,1610612750,,,,,
22500156474,,Shot Chart Detail,22500156,474,1629675,Naz Reid,1610612750,Minnesota Timberwolves,3,3,7,Made Shot,Driving Layup Shot,2PT Field Goal,Restricted Area,Center(C),Less Than 8 ft.,1,-15,-5,1,1,20251103,BKN,MIN,19730,0,203944|1629675|1630538|1641740|1642265,1,REG,2026,1610612750,,,,,
22500156477,,Shot Chart Detail,22500156,477,1630538,Bones Hyland,1610612750,Minnesota Timberwolves,3,2,47,Missed Shot,Jump Shot,3PT Field Goal,Above the Break 3,Left Side Center(LC),24+ ft.,24,-169,177,1,0,20251103,BKN,MIN,19930,0,203944|1629675|1630538|1641740|1642265,0,REG,2026,1610612750,,,,,
22500156479,,Shot Chart Detail,22500156,479,1641740,Jaylen Clark,1610612750,Minnesota Timberwolves,3,2,43,Missed Shot,Putback Layup Shot,2PT Field Goal,Restricted Area,Center(C),Less Than 8 ft.,2,17,11,1,0,20251103,BKN,MIN,19970,0,203944|1629675|1630538|1641740|1642265,0,REG,2026,1610612750,,,,,
22500156492,,Shot Chart Detail,22500156,492,203944,Julius Randle,1610612750,Minnesota Timberwolves,3,2,38,Missed Shot,Tip Layup Shot,2PT Field Goal,Restricted Area,Center(C),Less Than 8 ft.,0,0,0,1,0,20251103,BKN,MIN,20020,0,203944|1629675|1630545|1641740|1642265,0,REG,2026,1610612750,,,,,
22500156514,,Shot Chart Detail,22500156,514,203944,Julius Randle,1610612750,Minnesota Timberwolves,3,1,1,Made Shot,Driving Layup Shot,2PT Field Goal,Restricted Area,Center(C),Less Than 8 ft.,2,-25,3,1,1,20251103,BKN,MIN,20990,0,203944|1629675|1630545|1641740|1642265,0,REG,2026,1610612750,,,,,
22500156542,,Shot Chart Detail,22500156,542,1628978,Donte DiVincenzo,1610612750,Minnesota Timberwolves,4,11,29,Missed Shot,Jump Shot,3PT Field Goal,Left Corner 3,Left Side(L),24+ ft.,23,-233,30,1,0,20251103,BKN,MIN,21910,0,201144|203497|1628978|1629675|1630183,0,REG,2026,1610612750,,,,,
22500156545,,Shot Chart Detail,22500156,545,1628978,Donte DiVincenzo,1610612750,Minnesota Timberwolves,4,11,21,Missed Shot,Driving Floating Jump Shot,2PT Field Goal,In The Paint (Non-RA),Right Side(R),8-16 ft.,9,62,72,1,0,20251103,BKN,MIN,21990,0,201144|203497|1628978|1629675|1630183,0,REG,2026,1610612750,,,,,
22500156564,,Shot Chart Detail,22500156,564,1630183,Jaden McDaniels,1610612750,Minnesota Timberwolves,4,9,56,Made Shot,Fadeaway Jump Shot,2PT Field Goal,In The Paint (Non-RA),Right Side(R),8-16 ft.,13,66,113,1,1,20251103,BKN,MIN,22840,0,201144|203497|1628978|1629675|1630183,1,REG,2026,1610612750,,,,,
22500156590,,Shot Chart Detail,22500156,590,1629675,Naz Reid,1610612750,Minnesota Timberwolves,4,8,8,Made Shot,Jump Shot,3PT Field Goal,Above the Break 3,Right Side Center(RC),24+ ft.,28,146,239,1,1,20251103,BKN,MIN,23920,0,201144|203497|1628978|1629675|1630183,1,REG,2026,1610612750,,,,,
22500156627,,Shot Chart Detail,22500156,627,1628978,Donte DiVincenzo,1610612750,Minnesota Timberwolves,4,6,14,Made Shot,Running Jump Shot,3PT Field Goal,Above the Break 3,Right Side Center(RC),24+ ft.,27,156,230,1,1,20251103,BKN,MIN,25060,0,203497|203944|1628978|1629675|1630183,1,REG,2026,1610612750,,,,,
22500156635,,Shot Chart Detail,22500156,635,1628978,Donte DiVincenzo,1610612750,Minnesota Timberwolves,4,5,44,Made Shot,Jump Shot,3PT Field Goal,Left Corner 3,Left Side(L),24+ ft.,24,-239,-22,1,1,20251103,BKN,MIN,25360,0,203497|203944|1628978|1629675|1630183,1,REG,2026,1610612750,,,,,
22500156640,,Shot Chart Detail,22500156,640,1629675,Naz Reid,1610612750,Minnesota Timberwolves,4,5,4,Made Shot,Jump Shot,3PT Field Goal,Right Corner 3,Right Side(R),24+ ft.,23,237,34,1,1,20251103,BKN,MIN,25760,0,203497|203944|1628978|1629675|1630183,1,REG,2026,1610612750,,,,,
22500156660,,Shot Chart Detail,22500156,660,1630183,Jaden McDaniels,1610612750,Minnesota Timberwolves,4,4,7,Made Shot,Fadeaway Jump Shot,2PT Field Goal,Mid-Range,Left Side Center(LC),16-24 ft.,16,-94,134,1,1,20251103,BKN,MIN,26330,0,203497|203944|1628978|1629675|1630183,0,REG,2026,1610612750,,,,,
22500156664,,Shot Chart Detail,22500156,664,203944,Julius Randle,1610612750,Minnesota Timberwolves,4,3,33,Missed Shot,Cutting Layup Shot,2PT Field Goal,Restricted Area,Center(C),Less Than 8 ft.,2,-7,24,1,0,20251103,BKN,MIN,26670,0,203497|203944|1628978|1629675|1630183,0,REG,2026,1610612750,,,,,
22500156679,,Shot Chart Detail,22500156,679,1628978,Donte DiVincenzo,1610612750,Minnesota Timberwolves,4,3,29,Missed Shot,Jump Shot,3PT Field Goal,Left Corner 3,Left Side(L),24+ ft.,22,-227,-26,1,0,20251103,BKN,MIN,26710,0,203497|203944|1628978|1629675|1630183,0,REG,2026,1610612750,,,,,
22500156681,,Shot Chart Detail,22500156,681,1629675,Naz Reid,1610612750,Minnesota Timberwolves,4,3,18,Made Shot,Jump Shot,3PT Field Goal,Left Corner 3,Left Side(L),24+ ft.,23,-229,-27,1,1,20251103,BKN,MIN,26820,0,203497|203944|1628978|1629675|1630183,1,REG,2026,1610612750,,,,,
22500156704,,Shot Chart Detail,22500156,704,1631159,Leonard Miller,1610612750,Minnesota Timberwolves,4,2,29,Missed Shot,Jump Shot,3PT Field Goal,Left Corner 3,Left Side(L),24+ ft.,23,-232,-11,1,0,20251103,BKN,MIN,27310,0,1630538|1630545|1631159|1642265|1642866,0,REG,2026,1610612750,,,,,
22500156714,,Shot Chart Detail,22500156,714,1642265,Rob Dillingham,1610612750,Minnesota Timberwolves,4,1,51,Made Shot,Driving Floating Jump Shot,2PT Field Goal,Restricted Area,Center(C),Less Than 8 ft.,2,-2,25,1,1,20251103,BKN,MIN,27690,0,1630538|1630545|1631159|1642265|1642866,1,REG,2026,1610612750,,,,,
22500156723,,Shot Chart Detail,22500156,723,1630545,Terrence Shannon Jr.,1610612750,Minnesota Timberwolves,4,1,29,Missed Shot,Jump Shot,3PT Field Goal,Right Corner 3,Right Side(R),24+ ft.,23,238,22,1,0,20251103,BKN,MIN,27910,0,1630538|1630545|1631159|1642265|1642866,0,REG,2026,1610612750,,,,,
22500156730,,Shot Chart Detail,22500156,730,1642866,Joan Beringer,1610612750,Minnesota Timberwolves,4,1,11,Missed Shot,Alley Oop Layup shot,2PT Field Goal,Restricted Area,Center(C),Less Than 8 ft.,0,-5,0,1,0,20251103,BKN,MIN,28090,0,1630538|1630545|1631159|1642265|1642866,0,REG,2026,1610612750,,,,,
22500156734,,Shot Chart Detail,22500156,734,1630545,Terrence Shannon Jr.,1610612750,Minnesota Timberwolves,4,0,54,Missed Shot,Driving Layup Shot,2PT Field Goal,Restricted Area,Center(C),Less Than 8 ft.,1,10,-1,1,0,20251103,BKN,MIN,28260,0,1630538|1630545|1631159|1642265|1642866,0,REG,2026,1610612750,,,,,
22500156741,,Shot Chart Detail,22500156,741,1631159,Leonard Miller,1610612750,Minnesota Timberwolves,4,0,33,Made Shot,Turnaround Bank shot,2PT Field Goal,In The Paint (Non-RA),Center(C),Less Than 8 ft.,4,-36,24,1,1,20251103,BKN,MIN,28470,0,1630538|1630545|1631159|1642265|1642866,0,REG,2026,1610612750,,,,,
2250017513,,Shot Chart Detail,22500175,13,203944,Julius Randle,1610612750,Minnesota Timberwolves,1,11,27,Made Shot,Jump Shot,3PT Field Goal,Above the Break 3,Center(C),24+ ft.,25,-26,258,1,1,20251105,NYK,MIN,330,0,203497|203944|1628978|1630162|1630183,1,REG,2026,1610612750,,,,,
2250017516,,Shot Chart Detail,22500175,16,1628978,Donte DiVincenzo,1610612750,Minnesota Timberwolves,1,10,50,Missed Shot,Jump Shot,3PT Field Goal,Above the Break 3,Right Side Center(RC),24+ ft.,26,123,230,1,0,20251105,NYK,MIN,700,0,203497|203944|1628978|1630162|1630183,0,REG,2026,1610612750,,,,,
2250017520,,Shot Chart Detail,22500175,20,203944,Julius Randle,1610612750,Minnesota Timberwolves,1,10,27,Missed Shot,Jump Shot,3PT Field Goal,Above the Break 3,Right Side Center(RC),24+ ft.,25,197,157,1,0,20251105,NYK,MIN,930,0,203497|203944|1628978|1630162|1630183,0,REG,2026,1610612750,,,,,
2250017523,,Shot Chart Detail,22500175,23,1630183,Jaden McDaniels,1610612750,Minnesota Timberwolves,1,10,12,Made Shot,Step Back Jump shot,3PT Field Goal,Above the Break 3,Left Side Center(LC),24+ ft.,26,-126,228,1,1,20251105,NYK,MIN,1080,0,203497|203944|1628978|1630162|1630183,1,REG,2026,1610612750,,,,,
2250017529,,Shot Chart Detail,22500175,29,203944,Julius Randle,1610612750,Minnesota Timberwolves,1,9,31,Made Shot,Jump Shot,3PT Field Goal,Above the Break 3,Right Side Center(RC),24+ ft.,25,105,231,1,1,20251105,NYK,MIN,1490,0,203497|203944|1628978|1630162|1630183,1,REG,2026,1610612750,,,,,
2250017543,,Shot Chart Detail,22500175,43,203944,Julius Randle,1610612750,Minnesota Timberwolves,1,8,44,Missed Shot,Step Back Jump shot,2PT Field Goal,Mid-Range,Center(C),8-16 ft.,15,-42,151,1,0,20251105,NYK,MIN,1960,0,203497|203944|1628978|1630162|1630183,0,REG,2026,1610612750,,,,,
2250017547,,Shot Chart Detail,22500175,47,1630162,Anthony Edwards,1610612750,Minnesota Timberwolves,1,8,26,Made Shot,Running Layup Shot,2PT Field Goal,Restricted Area,Center(C),Less Than 8 ft.,0,-6,0,1,1,20251105,NYK,MIN,2140,0,203497|203944|1628978|1630162|1630183,0,REG,2026,1610612750,,,,,
2250017550,,Shot Chart Detail,22500175,50,1630162,Anthony Edwards,1610612750,Minnesota Timberwolves,1,8,6,Missed Shot,Step Back Jump shot,3PT Field Goal,Above the Break 3,Left Side Center(LC),24+ ft.,25,-172,193,1,0,20251105,NYK,MIN,2340,0,203497|203944|1628978|1630162|1630183,0,REG,2026,1610612750,,,,,
2250017552,,Shot Chart Detail,22500175,52,203497,Rudy Gobert,1610612750,Minnesota Timberwolves,1,8,2,Made Shot,Putback Layup Shot,2PT Field Goal,Restricted Area,Center(C),Less Than 8 ft.,0,4,-5,1,1,20251105,NYK,MIN,2380,0,203497|203944|1628978|1630162|1630183,0,REG,2026,1610612750,,,,,
2250017557,,Shot Chart Detail,22500175,57,1628978,Donte DiVincenzo,1610612750,Minnesota Timberwolves,1,7,32,Missed Shot,Running Jump Shot,3PT Field Goal,Above the Break 3,Left Side Center(LC),24+ ft.,29,-178,233,1,0,20251105,NYK,MIN,2680,0,203497|203944|1628978|1630162|1630183,0,REG,2026,1610612750,,,,,
2250017561,,Shot Chart Detail,22500175,61,1630183,Jaden McDaniels,1610612750,Minnesota Timberwolves,1,6,53,Made Shot,Turnaround Fadeaway shot,2PT Field Goal,Mid-Range,Right Side(R),8-16 ft.,10,93,41,1,1,20251105,NYK,MIN,3070,0,203497|203944|1628978|1630162|1630183,0,REG,2026,1610612750,,,,,
2250017563,,Shot Chart Detail,22500175,63,1630162,Anthony Edwards,1610612750,Minnesota Timberwolves,1,6,8,Missed Shot,Pullup Jump shot,3PT Field Goal,Above the Break 3,Left Side Center(LC),24+ ft.,24,-223,92,1,0,20251105,NYK,MIN,3520,0,203497|203944|1628978|1630162|1630183,0,REG,2026,1610612750,,,,,
2250017582,,Shot Chart Detail,22500175,82,201144,Mike Conley,1610612750,Minnesota Timberwolves,1,5,16,Made Shot,Jump Shot,3PT Field Goal,Above the Break 3,Right Side Center(RC),24+ ft.,25,126,218,1,1,20251105,NYK,MIN,4040,0,201144|203944|1628978|1629675|1630183,1,REG,2026,1610612750,,,,,
2250017591,,Shot Chart Detail,22500175,91,203944,Julius Randle,1610612750,Minnesota Timberwolves,1,4,15,Made Shot,Driving Finger Roll Layup Shot,2PT Field Goal,Restricted Area,Center(C),Less Than 8 ft.,1,-11,11,1,1,20251105,NYK,MIN,4650,0,201144|203944|1628978|1629675|1630183,1,REG,2026,1610612750,,,,,
2250017598,,Shot Chart Detail,22500175,98,203944,Julius Randle,1610612750,Minnesota Timberwolves,1,3,49,Made Shot,Turnaround Jump Shot,2PT Field Goal,In The Paint (Non-RA),Center(C),8-16 ft.,10,-10,100,1,1,20251105,NYK,MIN,4910,0,201144|203944|1628978|1629675|1630183,0,REG,2026,1610612750,,,,,
22500175105,,Shot Chart Detail,22500175,105,203944,Julius Randle,1610612750,Minnesota Timberwolves,1,3,3,Missed Shot,Step Back Jump shot,2PT Field Goal,Mid-Range,Right Side(R),8-16 ft.,15,147,42,1,0,20251105,NYK,MIN,5370,0,201144|203944|1629675|1630183|1641740,0,REG,2026,1610612750,,,,,
22500175108,,Shot Chart Detail,22500175,108,1629675,Naz Reid,1610612750,Minnesota Timberwolves,1,2,22,Missed Shot,Jump Shot,3PT Field Goal,Above the Break 3,Center(C),24+ ft.,28,-1,284,1,0,20251105,NYK,MIN,5780,0,201144|203944|1629675|1630183|1641740,0,REG,2026,1610612750,,,,,
22500175112,,Shot Chart Detail,22500175,112,1630183,Jaden McDaniels,1610612750,Minnesota Timberwolves,1,2,8,Missed Shot,Running Layup Shot,2PT Field Goal,Restricted Area,Center(C),Less Than 8 ft.,1,11,0,1,0,20251105,NYK,MIN,5920,0,201144|203944|1629675|1630183|1641740,0,REG,2026,1610612750,,,,,
22500175115,,Shot Chart Detail,22500175,115,201144,Mike Conley,1610612750,Minnesota Timberwolves,1,1,59,Made Shot,Jump Shot,3PT Field Goal,Above the Break 3,Right Side Center(RC),24+ ft.,25,153,206,1,1,20251105,NYK,MIN,6010,0,201144|203944|1629675|1630183|1641740,1,REG,2026,1610612750,,,,,
22500175138,,Shot Chart Detail,22500175,138,1630162,Anthony Edwards,1610612750,Minnesota Timberwolves,1,0,31,Missed Shot,Pullup Jump shot,2PT Field Goal,Mid-Range,Center(C),16-24 ft.,16,0,163,1,0,20251105,NYK,MIN,6890,0,201144|203497|1629675|1630162|1641740,0,REG,2026,1610612750,,,,,
22500175154,,Shot Chart Detail,22500175,154,1641740,Jaylen Clark,1610612750,Minnesota Timberwolves,2,11,40,Missed Shot,Driving Layup Shot,2PT Field Goal,Restricted Area,Center(C),Less Than 8 ft.,2,21,18,1,0,20251105,NYK,MIN,7400,0,201144|203497|1629675|1630162|1641740,0,REG,2026,1610612750,,,,,
22500175168,,Shot Chart Detail,22500175,168,203497,Rudy Gobert,1610612750,Minnesota Timberwolves,2,10,43,Made Shot,Alley Oop Dunk Shot,2PT Field Goal,Restricted Area,Center(C),Less Than 8 ft.,0,-6,2,1,1,20251105,NYK,MIN,7970,0,201144|203497|1628978|1629675|1630162,1,REG,2026,1610612750,,,,,
22500175172,,Shot Chart Detail,22500175,172,1629675,Naz Reid,1610612750,Minnesota Timberwolves,2,10,12,Missed Shot,Driving Floating Jump Shot,2PT Field Goal,In The Paint (Non-RA),Center(C),Less Than 8 ft.,5,-9,54,1,0,20251105,NYK,MIN,8280,0,201144|203497|1628978|1629675|1630162,0,REG,2026,1610612750,,,,,
22500175174,,Shot Chart Detail,22500175,174,1629675,Naz Reid,1610612750,Minnesota Timberwolves,2,10,9,Made Shot,Tip Layup Shot,2PT Field Goal,Restricted Area,Center(C),Less Than 8 ft.,0,0,0,1,1,20251105,NYK,MIN,8310,0,201144|203497|1628978|1629675|1630162,0,REG,2026,1610612750,,,,,
22500175183,,Shot Chart Detail,22500175,183,1629675,Naz Reid,1610612750,Minnesota Timberwolves,2,9,32,Missed Shot,Jump Shot,3PT Field Goal,Left Corner 3,Left Side(L),24+ ft.,22,-228,-13,1,0,20251105,NYK,MIN,8680,0,203944|1628978|1629675|1630162|1642265,0,REG,2026,1610612750,,,,,
22500175191,,Shot Chart Detail,22500175,191,1630162,Anthony Edwards,1610612750,Minnesota Timberwolves,2,8,36,Made Shot,Step Back Jump shot,3PT Field Goal,Above the Break 3,Right Side Center(RC),24+ ft.,25,145,204,1,1,20251105,NYK,MIN,9240,0,203944|1628978|1629675|1630162|1642265,1,REG,2026,1610612750,,,,,
22500175195,,Shot Chart Detail,22500175,195,1628978,Donte DiVincenzo,1610612750,Minnesota Timberwolves,2,8,16,Made Shot,Running Jump Shot,3PT Field Goal,Above the Break 3,Right Side Center(RC),24+ ft.,26,174,199,1,1,20251105,NYK,MIN,9440,0,203944|1628978|1629675|1630162|1642265,1,REG,2026,1610612750,,,,,
22500175204,,Shot Chart Detail,22500175,204,1642265,Rob Dillingham,1610612750,Minnesota Timberwolves,2,7,47,Missed Shot,Jump Shot,3PT Field Goal,Left Corner 3,Left Side(L),24+ ft.,23,-233,2,1,0,20251105,NYK,MIN,9730,0,203944|1628978|1629675|1630162|1642265,0,REG,2026,1610612750,,,,,
22500175220,,Shot Chart Detail,22500175,220,1629675,Naz Reid,1610612750,Minnesota Timberwolves,2,6,53,Missed Shot,Jump Shot,3PT Field Goal,Above the Break 3,Left Side Center(LC),24+ ft.,26,-109,246,1,0,20251105,NYK,MIN,10270,0,203944|1628978|1629675|1630183|1642265,0,REG,2026,1610612750,,,,,
22500175226,,Shot Chart Detail,22500175,226,1630183,Jaden McDaniels,1610612750,Minnesota Timberwolves,2,6,14,Missed Shot,Driving Floating Jump Shot,2PT Field Goal,Mid-Range,Center(C),8-16 ft.,14,4,143,1,0,20251105,NYK,MIN,10660,0,203944|1628978|1629675|1630183|1642265,0,REG,2026,1610612750,,,,,
22500175239,,Shot Chart Detail,22500175,239,203944,Julius Randle,1610612750,Minnesota Timberwolves,2,5,4,Made Shot,Jump Shot,3PT Field Goal,Above the Break 3,Center(C),24+ ft.,25,-27,258,1,1,20251105,NYK,MIN,11360,0,203497|203944|1628978|1630183|1642265,1,REG,2026,1610612750,,,,,
22500175253,,Shot Chart Detail,22500175,253,1628978,Donte DiVincenzo,1610612750,Minnesota Timberwolves,2,4,19,Made Shot,Jump Shot,3PT Field Goal,Above the Break 3,Center(C),24+ ft.,27,-69,268,1,1,20251105,NYK,MIN,11810,0,201144|203497|203944|1628978|1630183,1,REG,2026,1610612750,,,,,
22500175257,,Shot Chart Detail,22500175,257,1630183,Jaden McDaniels,1610612750,Minnesota Timberwolves,2,3,49,Made Shot,Running Jump Shot,3PT Field Goal,Right Corner 3,Right Side(R),24+ ft.,23,232,-16,1,1,20251105,NYK,MIN,12110,0,201144|203497|203944|1628978|1630183,1,REG,2026,1610612750,,,,,
22500175262,,Shot Chart Detail,22500175,262,1628978,Donte DiVincenzo,1610612750,Minnesota Timberwolves,2,3,14,Made Shot,Jump Shot,3PT Field Goal,Left Corner 3,Left Side(L),24+ ft.,22,-221,5,1,1,20251105,NYK,MIN,12460,0,201144|203497|203944|1628978|1630183,1,REG,2026,1610612750,,,,,
22500175266,,Shot Chart Detail,22500175,266,203944,Julius Randle,1610612750,Minnesota Timberwolves,2,2,42,Missed Shot,Step Back Jump shot,3PT Field Goal,Above the Break 3,Left Side Center(LC),24+ ft.,26,-119,239,1,0,20251105,NYK,MIN,12780,0,201144|203497|203944|1628978|1630183,0,REG,2026,1610612750,,,,,
22500175272,,Shot Chart Detail,22500175,272,1628978,Donte DiVincenzo,1610612750,Minnesota Timberwolves,2,2,4,Made Shot,Jump Shot,3PT Field Goal,Above the Break 3,Left Side Center(LC),24+ ft.,27,-145,237,1,1,20251105,NYK,MIN,13160,0,201144|203497|203944|1628978|1630183,1,REG,2026,1610612750,,,,,
22500175288,,Shot Chart Detail,22500175,288,1628978,Donte DiVincenzo,1610612750,Minnesota Timberwolves,2,1,8,Missed Shot,Jump Shot,3PT Field Goal,Above the Break 3,Left Side Center(LC),24+ ft.,25,-208,155,1,0,20251105,NYK,MIN,13720,0,203497|203944|1628978|1630162|1630183,0,REG,2026,1610612750,,,,,
22500175305,,Shot Chart Detail,22500175,305,203944,Julius Randle,1610612750,Minnesota Timberwolves,2,0,8,Made Shot,Running Alley Oop Layup Shot,2PT Field Goal,Restricted Area,Center(C),Less Than 8 ft.,1,-9,13,1,1,20251105,NYK,MIN,14320,0,203944|1628978|1630162|1630183|1641740,1,REG,2026,1610612750,,,,,
22500175316,,Shot Chart Detail,22500175,316,1630162,Anthony Edwards,1610612750,Minnesota Timberwolves,3,11,44,Missed Shot,Turnaround Fadeaway shot,2PT Field Goal,In The Paint (Non-RA),Center(C),Less Than 8 ft.,4,1,42,1,0,20251105,NYK,MIN,14560,0,203497|203944|1628978|1630162|1630183,0,REG,2026,1610612750,,,,,
22500175321,,Shot Chart Detail,22500175,321,1628978,Donte DiVincenzo,1610612750,Minnesota Timberwolves,3,11,31,Missed Shot,Running Jump Shot,3PT Field Goal,Above the Break 3,Right Side Center(RC),24+ ft.,25,173,190,1,0,20251105,NYK,MIN,14690,0,203497|203944|1628978|1630162|1630183,0,REG,2026,1610612750,,,,,
22500175325,,Shot Chart Detail,22500175,325,203944,Julius Randle,1610612750,Minnesota Timberwolves,3,11,13,Made Shot,Running Finger Roll Layup Shot,2PT Field Goal,Restricted Area,Center(C),Less Than 8 ft.,1,-5,14,1,1,20251105,NYK,MIN,14870,0,203497|203944|1628978|1630162|1630183,1,REG,2026,1610612750,,,,,
22500175328,,Shot Chart Detail,22500175,328,1628978,Donte DiVincenzo,1610612750,Minnesota Timberwolves,3,10,45,Missed Shot,Driving Layup Shot,2PT Field Goal,Restricted Area,Center(C),Less Than 8 ft.,0,-2,8,1,0,20251105,NYK,MIN,15150,0,203497|203944|1628978|1630162|1630183,0,REG,2026,1610612750,,,,,
22500175332,,Shot Chart Detail,22500175,332,203944,Julius Randle,1610612750,Minnesota Timberwolves,3,10,24,Missed Shot,Jump Shot,3PT Field Goal,Above the Break 3,Left Side Center(LC),24+ ft.,24,-88,227,1,0,20251105,NYK,MIN,15360,0,203497|203944|1628978|1630162|1630183,0,REG,2026,1610612750,,,,,
22500175334,,Shot Chart Detail,22500175,334,1630183,Jaden McDaniels,1610612750,Minnesota Timberwolves,3,10,18,Missed Shot,Jump Shot,3PT Field Goal,Above the Break 3,Center(C),24+ ft.,25,-1,251,1,0,20251105,NYK,MIN,15420,0,203497|203944|1628978|1630162|1630183,0,REG,2026,1610612750,,,,,
22500175338,,Shot Chart Detail,22500175,338,1630162,Anthony Edwards,1610612750,Minnesota Timberwolves,3,9,56,Missed Shot,Step Back Jump shot,2PT Field Goal,Mid-Range,Right Side Center(RC),16-24 ft.,21,96,193,1,0,20251105,NYK,MIN,15640,0,203497|203944|1628978|1630162|1630183,0,REG,2026,1610612750,,,,,
22500175341,,Shot Chart Detail,22500175,341,1630183,Jaden McDaniels,1610612750,Minnesota Timberwolves,3,9,51,Made Shot,Jump Shot,3PT Field Goal,Left Corner 3,Left Side(L),24+ ft.,23,-230,-8,1,1,20251105,NYK,MIN,15690,0,203497|203944|1628978|1630162|1630183,1,REG,2026,1610612750,,,,,
22500175362,,Shot Chart Detail,22500175,362,203944,Julius Randle,1610612750,Minnesota Timberwolves,3,8,16,Missed Shot,Driving Layup Shot,2PT Field Goal,Restricted Area,Center(C),Less Than 8 ft.,1,-10,6,1,0,20251105,NYK,MIN,16640,0,203497|203944|1628978|1630162|1630183,0,REG,2026,1610612750,,,,,
22500175364,,Shot Chart Detail,22500175,364,203497,Rudy Gobert,1610612750,Minnesota Timberwolves,3,8,14,Made Shot,Putback Layup Shot,2PT Field Goal,Restricted Area,Center(C),Less Than 8 ft.,1,6,11,1,1,20251105,NYK,MIN,16660,0,203497|203944|1628978|1630162|1630183,0,REG,2026,1610612750,,,,,
22500175367,,Shot Chart Detail,22500175,367,1628978,Donte DiVincenzo,1610612750,Minnesota Timberwolves,3,7,54,Missed Shot,Jump Shot,3PT Field Goal,Above the Break 3,Left Side Center(LC),24+ ft.,24,-140,200,1,0,20251105,NYK,MIN,16860,0,203497|203944|1628978|1630162|1630183,0,REG,2026,1610612750,,,,,
22500175377,,Shot Chart Detail,22500175,377,1628978,Donte DiVincenzo,1610612750,Minnesota Timberwolves,3,7,29,Made Shot,Cutting Dunk Shot,2PT Field Goal,Restricted Area,Center(C),Less Than 8 ft.,0,0,5,1,1,20251105,NYK,MIN,17110,0,203497|203944|1628978|1630162|1630183,1,REG,2026,1610612750,,,,,
22500175380,,Shot Chart Detail,22500175,380,1630162,Anthony Edwards,1610612750,Minnesota Timberwolves,3,7,0,Missed Shot,Pullup Jump shot,3PT Field Goal,Above the Break 3,Left Side Center(LC),24+ ft.,25,-108,236,1,0,20251105,NYK,MIN,17400,0,203497|203944|1628978|1630162|1630183,0,REG,2026,1610612750,,,,,
22500175384,,Shot Chart Detail,22500175,384,1630183,Jaden McDaniels,1610612750,Minnesota Timberwolves,3,6,24,Missed Shot,Layup Shot,2PT Field Goal,In The Paint (Non-RA),Center(C),Less Than 8 ft.,6,69,9,1,0,20251105,NYK,MIN,17760,0,203497|203944|1628978|1630162|1630183,0,REG,2026,1610612750,,,,,
22500175406,,Shot Chart Detail,22500175,406,1630162,Anthony Edwards,1610612750,Minnesota Timberwolves,3,5,13,Made Shot,Driving Layup Shot,2PT Field Goal,Restricted Area,Center(C),Less Than 8 ft.,1,-7,10,1,1,20251105,NYK,MIN,18470,0,201144|203944|1629675|1630162|1630183,0,REG,2026,1610612750,,,,,
22500175418,,Shot Chart Detail,22500175,418,1630183,Jaden McDaniels,1610612750,Minnesota Timberwolves,3,4,52,Missed Shot,Driving Layup Shot,2PT Field Goal,In The Paint (Non-RA),Center(C),Less Than 8 ft.,4,-16,42,1,0,20251105,NYK,MIN,18680,0,201144|203944|1629675|1630162|1630183,0,REG,2026,1610612750,,,,,
22500175424,,Shot Chart Detail,22500175,424,203944,Julius Randle,1610612750,Minnesota Timberwolves,3,4,34,Missed Shot,Driving Layup Shot,2PT Field Goal,Restricted Area,Center(C),Less Than 8 ft.,1,9,17,1,0,20251105,NYK,MIN,18860,0,201144|203944|1629675|1630162|1630183,0,REG,2026,1610612750,,,,,
22500175431,,Shot Chart Detail,22500175,431,1630162,Anthony Edwards,1610612750,Minnesota Timberwolves,3,4,5,Made Shot,Step Back Jump shot,3PT Field Goal,Above the Break 3,Left Side Center(LC),24+ ft.,24,-97,230,1,1,20251105,NYK,MIN,19150,0,201144|203944|1629675|1630162|1630183,0,REG,2026,1610612750,,,,,
22500175434,,Shot Chart Detail,22500175,434,1630162,Anthony Edwards,1610612750,Minnesota Timberwolves,3,3,38,Missed Shot,Fadeaway Bank shot,2PT Field Goal,In The Paint (Non-RA),Left Side(L),8-16 ft.,10,-72,83,1,0,20251105,NYK,MIN,19420,0,201144|203944|1629675|1630162|1630183,0,REG,2026,1610612750,,,,,
22500175438,,Shot Chart Detail,22500175,438,203944,Julius Randle,1610612750,Minnesota Timberwolves,3,3,30,Made Shot,Driving Layup Shot,2PT Field Goal,Restricted Area,Center(C),Less Than 8 ft.,1,0,10,1,1,20251105,NYK,MIN,19500,0,201144|203944|1629675|1630162|1630183,1,REG,2026,1610612750,,,,,
22500175448,,Shot Chart Detail,22500175,448,203944,Julius Randle,1610612750,Minnesota Timberwolves,3,2,52,Missed Shot,Driving Floating Jump Shot,2PT Field Goal,Restricted Area,Center(C),Less Than 8 ft.,3,-1,35,1,0,20251105,NYK,MIN,19880,0,201144|203944|1628978|1629675|1641740,0,REG,2026,1610612750,,,,,
22500175468,,Shot Chart Detail,22500175,468,1629675,Naz Reid,1610612750,Minnesota Timberwolves,3,1,51,Made Shot,Jump Shot,3PT Field Goal,Above the Break 3,Left Side Center(LC),24+ ft.,25,-123,229,1,1,20251105,NYK,MIN,20490,0,201144|203497|1628978|1629675|1641740,1,REG,2026,1610612750,,,,,
22500175471,,Shot Chart Detail,22500175,471,1629675,Naz Reid,1610612750,Minnesota Timberwolves,3,1,21,Missed Shot,Jump Shot,3PT Field Goal,Above the Break 3,Left Side Center(LC),24+ ft.,25,-151,200,1,0,20251105,NYK,MIN,20790,0,201144|203497|1628978|1629675|1641740,0,REG,2026,1610612750,,,,,
22500175475,,Shot Chart Detail,22500175,475,1641740,Jaylen Clark,1610612750,Minnesota Timberwolves,3,0,51,Made Shot,Jump Shot,3PT Field Goal,Left Corner 3,Left Side(L),24+ ft.,22,-229,-21,1,1,20251105,NYK,MIN,21090,0,201144|203497|1628978|1629675|1641740,1,REG,2026,1610612750,,,,,
22500175515,,Shot Chart Detail,22500175,515,203944,Julius Randle,1610612750,Minnesota Timberwolves,4,11,4,Made Shot,Driving Layup Shot,2PT Field Goal,Restricted Area,Center(C),Less Than 8 ft.,1,-11,11,1,1,20251105,NYK,MIN,22160,0,201144|203944|1629675|1630162|1641740,1,REG,2026,1610612750,,,,,
22500175538,,Shot Chart Detail,22500175,538,1628978,Donte DiVincenzo,1610612750,Minnesota Timberwolves,4,9,58,Made Shot,Driving Floating Jump Shot,2PT Field Goal,In The Paint (Non-RA),Center(C),Less Than 8 ft.,5,-1,57,1,1,20251105,NYK,MIN,22820,0,203944|1628978|1630162|1630183|1641740,1,REG,2026,1610612750,,,,,
22500175549,,Shot Chart Detail,22500175,549,203944,Julius Randle,1610612750,Minnesota Timberwolves,4,9,18,Missed Shot,Driving Layup Shot,2PT Field Goal,Restricted Area,Center(C),Less Than 8 ft.,3,-25,19,1,0,20251105,NYK,MIN,23220,0,203944|1628978|1630162|1630183|1641740,0,REG,2026,1610612750,,,,,
22500175555,,Shot Chart Detail,22500175,555,1628978,Donte DiVincenzo,1610612750,Minnesota Timberwolves,4,8,52,Made Shot,Pullup Jump shot,3PT Field Goal,Above the Break 3,Left Side Center(LC),24+ ft.,24,-113,216,1,1,20251105,NYK,MIN,23480,0,203497|203944|1628978|1630162|1630183,1,REG,2026,1610612750,,,,,
22500175559,,Shot Chart Detail,22500175,559,1630162,Anthony Edwards,1610612750,Minnesota Timberwolves,4,8,14,Made Shot,Pullup Jump shot,3PT Field Goal,Above the Break 3,Right Side Center(RC),24+ ft.,25,113,234,1,1,20251105,NYK,MIN,23860,0,203497|203944|1628978|1630162|1630183,0,REG,2026,1610612750,,,,,
22500175562,,Shot Chart Detail,22500175,562,1630162,Anthony Edwards,1610612750,Minnesota Timberwolves,4,7,30,Missed Shot,Step Back Jump shot,3PT Field Goal,Above the Break 3,Left Side Center(LC),24+ ft.,25,-147,208,1,0,20251105,NYK,MIN,24300,0,203497|203944|1628978|1630162|1630183,0,REG,2026,1610612750,,,,,
22500175591,,Shot Chart Detail,22500175,591,203944,Julius Randle,1610612750,Minnesota Timberwolves,4,6,13,Made Shot,Driving Hook Shot,2PT Field Goal,In The Paint (Non-RA),Center(C),Less Than 8 ft.,6,-62,6,1,1,20251105,NYK,MIN,25070,0,203497|203944|1628978|1630183|1642265,1,REG,2026,1610612750,,,,,
22500175606,,Shot Chart Detail,22500175,606,1630183,Jaden McDaniels,1610612750,Minnesota Timberwolves,4,5,16,Missed Shot,Jump Shot,3PT Field Goal,Above the Break 3,Right Side Center(RC),24+ ft.,25,97,241,1,0,20251105,NYK,MIN,25640,0,203497|203944|1628978|1630183|1642265,0,REG,2026,1610612750,,,,,
22500175610,,Shot Chart Detail,22500175,610,203944,Julius Randle,1610612750,Minnesota Timberwolves,4,4,50,Made Shot,Layup Shot,2PT Field Goal,Restricted Area,Center(C),Less Than 8 ft.,1,-2,14,1,1,20251105,NYK,MIN,25900,0,203497|203944|1628978|1630183|1642265,1,REG,2026,1610612750,,,,,
22500175620,,Shot Chart Detail,22500175,620,1642265,Rob Dillingham,1610612750,Minnesota Timberwolves,4,4,17,Missed Shot,Jump Shot,2PT Field Goal,Mid-Range,Center(C),16-24 ft.,17,5,172,1,0,20251105,NYK,MIN,26230,0,203944|1628978|1629675|1641740|1642265,0,REG,2026,1610612750,,,,,
22500175623,,Shot Chart Detail,22500175,623,203944,Julius Randle,1610612750,Minnesota Timberwolves,4,4,16,Made Shot,Tip Layup Shot,2PT Field Goal,Restricted Area,Center(C),Less Than 8 ft.,2,2,27,1,1,20251105,NYK,MIN,26240,0,203944|1628978|1629675|1641740|1642265,0,REG,2026,1610612750,,,,,
22500175632,,Shot Chart Detail,22500175,632,1628978,Donte DiVincenzo,1610612750,Minnesota Timberwolves,4,3,22,Missed Shot,Jump Shot,3PT Field Goal,Above the Break 3,Right Side Center(RC),24+ ft.,29,148,251,1,0,20251105,NYK,MIN,26780,0,203944|1628978|1629675|1641740|1642265,0,REG,2026,1610612750,,,,,
22500175634,,Shot Chart Detail,22500175,634,1628978,Donte DiVincenzo,1610612750,Minnesota Timberwolves,4,3,19,Missed Shot,Driving Layup Shot,2PT Field Goal,Restricted Area,Center(C),Less Than 8 ft.,1,-10,9,1,0,20251105,NYK,MIN,26810,0,203944|1628978|1629675|1641740|1642265,0,REG,2026,1610612750,,,,,
22500175651,,Shot Chart Detail,22500175,651,1642265,Rob Dillingham,1610612750,Minnesota Timberwolves,4,3,13,Missed Shot,Jump Shot,3PT Field Goal,Above the Break 3,Left Side Center(LC),24+ ft.,26,-150,215,1,0,20251105,NYK,MIN,26870,0,204060|1630538|1631159|1642265|1642866,0,REG,2026,1610612750,,,,,
22500175656,,Shot Chart Detail,22500175,656,1642265,Rob Dillingham,1610612750,Minnesota Timberwolves,4,2,50,Made Shot,Jump Shot,3PT Field Goal,Above the Break 3,Left Side Center(LC),24+ ft.,26,-131,225,1,1,20251105,NYK,MIN,27100,0,204060|1630538|1631159|1642265|1642866,1,REG,2026,1610612750,,,,,
22500175669,,Shot Chart Detail,22500175,669,1642265,Rob Dillingham,1610612750,Minnesota Timberwolves,4,2,18,Missed Shot,Driving Finger Roll Layup Shot,2PT Field Goal,Restricted Area,Center(C),Less Than 8 ft.,1,13,4,1,0,20251105,NYK,MIN,27420,0,204060|1630538|1631159|1642265|1642866,0,REG,2026,1610612750,,,,,
22500175673,,Shot Chart Detail,22500175,673,1642265,Rob Dillingham,1610612750,Minnesota Timberwolves,4,2,1,Made Shot,Running Layup Shot,2PT Field Goal,Restricted Area,Center(C),Less Than 8 ft.,2,17,13,1,1,20251105,NYK,MIN,27590,0,204060|1630538|1631159|1642265|1642866,1,REG,2026,1610612750,,,,,
22500175680,,Shot Chart Detail,22500175,680,1642866,Joan Beringer,1610612750,Minnesota Timberwolves,4,1,42,Made Shot,Alley Oop Dunk Shot,2PT Field Goal,Restricted Area,Center(C),Less Than 8 ft.,1,-1,16,1,1,20251105,NYK,MIN,27780,0,204060|1630538|1631159|1642265|1642866,1,REG,2026,1610612750,,,,,
22500175684,,Shot Chart Detail,22500175,684,1642265,Rob Dillingham,1610612750,Minnesota Timberwolves,4,1,22,Missed Shot,Pullup Jump shot,2PT Field Goal,Mid-Range,Left Side Center(LC),16-24 ft.,16,-62,151,1,0,20251105,NYK,MIN,27980,0,204060|1630538|1631159|1642265|1642866,0,REG,2026,1610612750,,,,,
22500175689,,Shot Chart Detail,22500175,689,1631159,Leonard Miller,1610612750,Minnesota Timberwolves,4,0,56,Missed Shot,Driving Floating Bank Jump Shot,2PT Field Goal,In The Paint (Non-RA),Right Side(R),8-16 ft.,9,76,62,1,0,20251105,NYK,MIN,28240,0,204060|1630538|1631159|1642265|1642866,0,REG,2026,1610612750,,,,,
22500175694,,Shot Chart Detail,22500175,694,1631159,Leonard Miller,1610612750,Minnesota Timberwolves,4,0,38,Made Shot,Reverse Layup Shot,2PT Field Goal,Restricted Area,Center(C),Less Than 8 ft.,2,-18,9,1,1,20251105,NYK,MIN,28420,0,204060|1630538|1631159|1642265|1642866,1,REG,2026,1610612750,,,,,
225001977,,Shot Chart Detail,22500197,7,1630162,Anthony Edwards,1610612750,Minnesota Timberwolves,1,11,46,Missed Shot,Pullup Jump shot,3PT Field Goal,Above the Break 3,Left Side Center(LC),24+ ft.,25,-110,225,1,0,20251109,SAC,MIN,140,0,203497|203944|1628978|1630162|1630183,0,REG,2026,1610612750,,,,,
2250019712,,Shot Chart Detail,22500197,12,203497,Rudy Gobert,1610612750,Minnesota Timberwolves,1,11,17,Made Shot,Running Layup Shot,2PT Field Goal,Restricted Area,Center(C),Less Than 8 ft.,0,9,1,1,1,20251109,SAC,MIN,430,0,203497|203944|1628978|1630162|1630183,0,REG,2026,1610612750,,,,,
2250019714,,Shot Chart Detail,22500197,14,203944,Julius Randle,1610612750,Minnesota Timberwolves,1,10,43,Missed Shot,Jump Shot,3PT Field Goal,Above the Break 3,Right Side Center(RC),24+ ft.,23,213,108,1,0,20251109,SAC,MIN,770,0,203497|203944|1628978|1630162|1630183,0,REG,2026,1610612750,,,,,
2250019724,,Shot Chart Detail,22500197,24,203497,Rudy Gobert,1610612750,Minnesota Timberwolves,1,10,11,Made Shot,Running Alley Oop Dunk Shot,2PT Field Goal,Restricted Area,Center(C),Less Than 8 ft.,1,9,-13,1,1,20251109,SAC,MIN,1090,0,203497|203944|1628978|1630162|1630183,1,REG,2026,1610612750,,,,,
2250019728,,Shot Chart Detail,22500197,28,1630162,Anthony Edwards,1610612750,Minnesota Timberwolves,1,9,46,Missed Shot,Pullup Jump shot,3PT Field Goal,Above the Break 3,Right Side Center(RC),24+ ft.,24,216,111,1,0,20251109,SAC,MIN,1340,0,203497|203944|1628978|1630162|1630183,0,REG,2026,1610612750,,,,,
2250019733,,Shot Chart Detail,22500197,33,203497,Rudy Gobert,1610612750,Minnesota Timberwolves,1,9,25,Made Shot,Cutting Dunk Shot,2PT Field Goal,Restricted Area,Center(C),Less Than 8 ft.,0,-7,-1,1,1,20251109,SAC,MIN,1550,0,203497|203944|1628978|1630162|1630183,1,REG,2026,1610612750,,,,,
2250019736,,Shot Chart Detail,22500197,36,1628978,Donte DiVincenzo,1610612750,Minnesota Timberwolves,1,8,43,Made Shot,Pullup Jump shot,3PT Field Goal,Above the Break 3,Center(C),24+ ft.,24,-12,245,1,1,20251109,SAC,MIN,1970,0,203497|203944|1628978|1630162|1630183,1,REG,2026,1610612750,,,,,
2250019741,,Shot Chart Detail,22500197,41,1630183,Jaden McDaniels,1610612750,Minnesota Timberwolves,1,8,5,Made Shot,Pullup Jump shot,2PT Field Goal,Mid-Range,Left Side(L),8-16 ft.,10,-103,0,1,1,20251109,SAC,MIN,2350,0,203497|203944|1628978|1630162|1630183,0,REG,2026,1610612750,,,,,
2250019751,,Shot Chart Detail,22500197,51,203944,Julius Randle,1610612750,Minnesota Timberwolves,1,7,17,Made Shot,Cutting Dunk Shot,2PT Field Goal,Restricted Area,Center(C),Less Than 8 ft.,1,-10,5,1,1,20251109,SAC,MIN,2830,0,203497|203944|1628978|1630162|1630183,1,REG,2026,1610612750,,,,,
2250019758,,Shot Chart Detail,22500197,58,203944,Julius Randle,1610612750,Minnesota Timberwolves,1,6,34,Made Shot,Driving Floating Jump Shot,2PT Field Goal,Restricted Area,Center(C),Less Than 8 ft.,3,9,36,1,1,20251109,SAC,MIN,3260,0,203497|203944|1628978|1630162|1630183,0,REG,2026,1610612750,,,,,
2250019763,,Shot Chart Detail,22500197,63,1630162,Anthony Edwards,1610612750,Minnesota Timberwolves,1,6,8,Missed Shot,Pullup Jump shot,3PT Field Goal,Above the Break 3,Right Side Center(RC),24+ ft.,24,123,210,1,0,20251109,SAC,MIN,3520,0,203497|203944|1628978|1630162|1630183,0,REG,2026,1610612750,,,,,
2250019767,,Shot Chart Detail,22500197,67,203944,Julius Randle,1610612750,Minnesota Timberwolves,1,5,47,Made Shot,Driving Floating Bank Jump Shot,2PT Field Goal,In The Paint (Non-RA),Center(C),Less Than 8 ft.,7,-2,79,1,1,20251109,SAC,MIN,3730,0,203497|203944|1628978|1630162|1630183,0,REG,2026,1610612750,,,,,
2250019770,,Shot Chart Detail,22500197,70,203944,Julius Randle,1610612750,Minnesota Timberwolves,1,5,14,Missed Shot,Jump Shot,3PT Field Goal,Above the Break 3,Left Side Center(LC),24+ ft.,24,-161,190,1,0,20251109,SAC,MIN,4060,0,203497|203944|1628978|1630162|1630183,0,REG,2026,1610612750,,,,,
2250019774,,Shot Chart Detail,22500197,74,1630162,Anthony Edwards,1610612750,Minnesota Timberwolves,1,4,49,Missed Shot,Turnaround Jump Shot,2PT Field Goal,Mid-Range,Left Side(L),8-16 ft.,13,-132,35,1,0,20251109,SAC,MIN,4310,0,203497|203944|1628978|1630162|1630183,0,REG,2026,1610612750,,,,,
2250019778,,Shot Chart Detail,22500197,78,1628978,Donte DiVincenzo,1610612750,Minnesota Timberwolves,1,4,32,Missed Shot,Jump Shot,3PT Field Goal,Above the Break 3,Right Side Center(RC),24+ ft.,24,203,138,1,0,20251109,SAC,MIN,4480,0,203497|203944|1628978|1630162|1630183,0,REG,2026,1610612750,,,,,
2250019799,,Shot Chart Detail,22500197,99,203497,Rudy Gobert,1610612750,Minnesota Timberwolves,1,3,44,Made Shot,Layup Shot,2PT Field Goal,Restricted Area,Center(C),Less Than 8 ft.,2,26,0,1,1,20251109,SAC,MIN,4960,0,201144|203497|1629675|1630162|1641740,1,REG,2026,1610612750,,,,,
22500197105,,Shot Chart Detail,22500197,105,1629675,Naz Reid,1610612750,Minnesota Timberwolves,1,3,21,Made Shot,Running Jump Shot,3PT Field Goal,Above the Break 3,Center(C),24+ ft.,24,61,236,1,1,20251109,SAC,MIN,5190,0,201144|203497|1629675|1630162|1641740,1,REG,2026,1610612750,,,,,
22500197109,,Shot Chart Detail,22500197,109,1629675,Naz Reid,1610612750,Minnesota Timberwolves,1,2,44,Missed Shot,Floating Jump shot,2PT Field Goal,Mid-Range,Right Side(R),8-16 ft.,11,110,34,1,0,20251109,SAC,MIN,5560,0,201144|203497|1629675|1630162|1641740,0,REG,2026,1610612750,,,,,
22500197114,,Shot Chart Detail,22500197,114,1630162,Anthony Edwards,1610612750,Minnesota Timberwolves,1,2,23,Missed Shot,Pullup Jump shot,3PT Field Goal,Above the Break 3,Left Side Center(LC),24+ ft.,24,-94,227,1,0,20251109,SAC,MIN,5770,0,201144|203497|1629675|1630162|1641740,0,REG,2026,1610612750,,,,,
22500197124,,Shot Chart Detail,22500197,124,201144,Mike Conley,1610612750,Minnesota Timberwolves,1,1,5,Made Shot,Jump Shot,3PT Field Goal,Above the Break 3,Right Side Center(RC),24+ ft.,24,132,205,1,1,20251109,SAC,MIN,6550,0,201144|203497|1629675|1630162|1641740,1,REG,2026,1610612750,,,,,
22500197128,,Shot Chart Detail,22500197,128,1641740,Jaylen Clark,1610612750,Minnesota Timberwolves,1,0,35,Made Shot,Jump Shot,3PT Field Goal,Right Corner 3,Right Side(R),24+ ft.,22,224,-8,1,1,20251109,SAC,MIN,6850,0,201144|203497|1629675|1630162|1641740,1,REG,2026,1610612750,,,,,
22500197146,,Shot Chart Detail,22500197,146,203944,Julius Randle,1610612750,Minnesota Timberwolves,2,11,33,Made Shot,Jump Shot,3PT Field Goal,Above the Break 3,Left Side Center(LC),24+ ft.,24,-125,214,1,1,20251109,SAC,MIN,7470,0,201144|203944|1629675|1630183|1641740,1,REG,2026,1610612750,,,,,
22500197150,,Shot Chart Detail,22500197,150,203944,Julius Randle,1610612750,Minnesota Timberwolves,2,11,0,Missed Shot,Driving Layup Shot,2PT Field Goal,Restricted Area,Center(C),Less Than 8 ft.,1,16,3,1,0,20251109,SAC,MIN,7800,0,201144|203944|1629675|1630183|1641740,0,REG,2026,1610612750,,,,,
22500197159,,Shot Chart Detail,22500197,159,1630183,Jaden McDaniels,1610612750,Minnesota Timberwolves,2,10,26,Made Shot,Running Layup Shot,2PT Field Goal,Restricted Area,Center(C),Less Than 8 ft.,1,12,6,1,1,20251109,SAC,MIN,8140,0,201144|203944|1629675|1630183|1641740,0,REG,2026,1610612750,,,,,
22500197177,,Shot Chart Detail,22500197,177,1630183,Jaden McDaniels,1610612750,Minnesota Timberwolves,2,9,13,Made Shot,Pullup Jump shot,3PT Field Goal,Above the Break 3,Left Side Center(LC),24+ ft.,24,-129,211,1,1,20251109,SAC,MIN,8870,0,203944|1629675|1630183|1641740|1642265,0,REG,2026,1610612750,,,,,
22500197189,,Shot Chart Detail,22500197,189,203944,Julius Randle,1610612750,Minnesota Timberwolves,2,8,40,Missed Shot,Turnaround Jump Shot,2PT Field Goal,In The Paint (Non-RA),Center(C),8-16 ft.,10,-29,100,1,0,20251109,SAC,MIN,9200,0,203944|1628978|1629675|1630183|1642265,0,REG,2026,1610612750,,,,,
22500197207,,Shot Chart Detail,22500197,207,1629675,Naz Reid,1610612750,Minnesota Timberwolves,2,7,43,Missed Shot,Jump Shot,3PT Field Goal,Above the Break 3,Right Side Center(RC),24+ ft.,25,134,220,1,0,20251109,SAC,MIN,9770,0,203944|1628978|1629675|1630183|1642265,0,REG,2026,1610612750,,,,,
22500197226,,Shot Chart Detail,22500197,226,1642265,Rob Dillingham,1610612750,Minnesota Timberwolves,2,7,2,Missed Shot,Layup Shot,2PT Field Goal,Restricted Area,Center(C),Less Than 8 ft.,3,-18,30,1,0,20251109,SAC,MIN,10180,0,203497|1628978|1629675|1630162|1642265,0,REG,2026,1610612750,,,,,
22500197230,,Shot Chart Detail,22500197,230,203497,Rudy Gobert,1610612750,Minnesota Timberwolves,2,6,44,Missed Shot,Cutting Layup Shot,2PT Field Goal,In The Paint (Non-RA),Center(C),Less Than 8 ft.,6,-60,19,1,0,20251109,SAC,MIN,10360,0,203497|1628978|1629675|1630162|1642265,0,REG,2026,1610612750,,,,,
22500197235,,Shot Chart Detail,22500197,235,1628978,Donte DiVincenzo,1610612750,Minnesota Timberwolves,2,6,20,Missed Shot,Running Jump Shot,3PT Field Goal,Right Corner 3,Right Side(R),24+ ft.,22,229,6,1,0,20251109,SAC,MIN,10600,0,203497|1628978|1629675|1630162|1642265,0,REG,2026,1610612750,,,,,
22500197237,,Shot Chart Detail,22500197,237,203497,Rudy Gobert,1610612750,Minnesota Timberwolves,2,6,17,Made Shot,Alley Oop Layup shot,2PT Field Goal,Restricted Area,Center(C),Less Than 8 ft.,1,-13,6,1,1,20251109,SAC,MIN,10630,0,203497|1628978|1629675|1630162|1642265,1,REG,2026,1610612750,,,,,
22500197256,,Shot Chart Detail,22500197,256,1629675,Naz Reid,1610612750,Minnesota Timberwolves,2,5,21,Made Shot,Jump Shot,3PT Field Goal,Left Corner 3,Left Side(L),24+ ft.,23,-234,-22,1,1,20251109,SAC,MIN,11190,0,201144|203497|1628978|1629675|1630162,1,REG,2026,1610612750,,,,,
22500197260,,Shot Chart Detail,22500197,260,1629675,Naz Reid,1610612750,Minnesota Timberwolves,2,4,47,Missed Shot,Step Back Jump shot,3PT Field Goal,Above the Break 3,Right Side Center(RC),24+ ft.,25,99,232,1,0,20251109,SAC,MIN,11530,0,201144|203497|1628978|1629675|1630162,0,REG,2026,1610612750,,,,,
22500197263,,Shot Chart Detail,22500197,263,1630162,Anthony Edwards,1610612750,Minnesota Timberwolves,2,4,24,Made Shot,Pullup Jump shot,3PT Field Goal,Above the Break 3,Left Side Center(LC),24+ ft.,24,-112,222,1,1,20251109,SAC,MIN,11760,0,201144|203497|1628978|1629675|1630162,0,REG,2026,1610612750,,,,,
22500197266,,Shot Chart Detail,22500197,266,1630162,Anthony Edwards,1610612750,Minnesota Timberwolves,2,4,7,Made Shot,Running Pull-Up Jump Shot,3PT Field Goal,Above the Break 3,Center(C),24+ ft.,24,-25,241,1,1,20251109,SAC,MIN,11930,0,201144|203497|1628978|1629675|1630162,0,REG,2026,1610612750,,,,,
22500197282,,Shot Chart Detail,22500197,282,1630162,Anthony Edwards,1610612750,Minnesota Timberwolves,2,3,37,Missed Shot,Floating Jump shot,2PT Field Goal,In The Paint (Non-RA),Center(C),Less Than 8 ft.,7,-12,79,1,0,20251109,SAC,MIN,12230,0,201144|203497|203944|1628978|1630162,0,REG,2026,1610612750,,,,,
22500197289,,Shot Chart Detail,22500197,289,201144,Mike Conley,1610612750,Minnesota Timberwolves,2,3,17,Missed Shot,Jump Shot,3PT Field Goal,Above the Break 3,Right Side Center(RC),24+ ft.,24,161,179,1,0,20251109,SAC,MIN,12430,0,201144|203497|203944|1628978|1630162,0,REG,2026,1610612750,,,,,
22500197291,,Shot Chart Detail,22500197,291,1628978,Donte DiVincenzo,1610612750,Minnesota Timberwolves,2,3,9,Made Shot,Tip Dunk Shot,2PT Field Goal,Restricted Area,Center(C),Less Than 8 ft.,0,0,0,1,1,20251109,SAC,MIN,12510,0,201144|203497|203944|1628978|1630162,0,REG,2026,1610612750,,,,,
22500197308,,Shot Chart Detail,22500197,308,203944,Julius Randle,1610612750,Minnesota Timberwolves,2,2,6,Made Shot,Cutting Layup Shot,2PT Field Goal,Restricted Area,Center(C),Less Than 8 ft.,2,-20,8,1,1,20251109,SAC,MIN,13140,0,201144|203497|203944|1628978|1630162,1,REG,2026,1610612750,,,,,
22500197312,,Shot Chart Detail,22500197,312,1630162,Anthony Edwards,1610612750,Minnesota Timberwolves,2,1,43,Made Shot,Driving Floating Jump Shot,2PT Field Goal,In The Paint (Non-RA),Center(C),Less Than 8 ft.,6,9,67,1,1,20251109,SAC,MIN,13370,0,201144|203497|203944|1628978|1630162,1,REG,2026,1610612750,,,,,
22500197315,,Shot Chart Detail,22500197,315,1630162,Anthony Edwards,1610612750,Minnesota Timberwolves,2,1,26,Made Shot,Running Pull-Up Jump Shot,3PT Field Goal,Above the Break 3,Right Side Center(RC),24+ ft.,24,119,213,1,1,20251109,SAC,MIN,13540,0,201144|203497|203944|1628978|1630162,1,REG,2026,1610612750,,,,,
22500197326,,Shot Chart Detail,22500197,326,203944,Julius Randle,1610612750,Minnesota Timberwolves,2,1,9,Missed Shot,Driving Reverse Layup Shot,2PT Field Goal,Restricted Area,Center(C),Less Than 8 ft.,1,12,-5,1,0,20251109,SAC,MIN,13710,0,201144|203497|203944|1628978|1630162,0,REG,2026,1610612750,,,,,
22500197334,,Shot Chart Detail,22500197,334,1630162,Anthony Edwards,1610612750,Minnesota Timberwolves,2,0,48,Missed Shot,Driving Floating Jump Shot,2PT Field Goal,In The Paint (Non-RA),Center(C),Less Than 8 ft.,7,49,56,1,0,20251109,SAC,MIN,13920,0,203497|203944|1628978|1630162|1630183,0,REG,2026,1610612750,,,,,
22500197342,,Shot Chart Detail,22500197,342,203944,Julius Randle,1610612750,Minnesota Timberwolves,2,0,12,Made Shot,Turnaround Jump Shot,2PT Field Goal,In The Paint (Non-RA),Center(C),8-16 ft.,14,-40,135,1,1,20251109,SAC,MIN,14280,0,203497|203944|1628978|1630162|1630183,0,REG,2026,1610612750,,,,,
22500197356,,Shot Chart Detail,22500197,356,203944,Julius Randle,1610612750,Minnesota Timberwolves,3,11,15,Missed Shot,Jump Shot,3PT Field Goal,Left Corner 3,Left Side(L),24+ ft.,23,-228,71,1,0,20251109,SAC,MIN,14850,0,203497|203944|1628978|1630162|1630183,0,REG,2026,1610612750,,,,,
22500197360,,Shot Chart Detail,22500197,360,1628978,Donte DiVincenzo,1610612750,Minnesota Timberwolves,3,10,50,Missed Shot,Jump Shot,3PT Field Goal,Above the Break 3,Right Side Center(RC),24+ ft.,26,165,210,1,0,20251109,SAC,MIN,15100,0,203497|203944|1628978|1630162|1630183,0,REG,2026,1610612750,,,,,
22500197362,,Shot Chart Detail,22500197,362,1630162,Anthony Edwards,1610612750,Minnesota Timberwolves,3,10,42,Made Shot,Jump Shot,3PT Field Goal,Above the Break 3,Center(C),24+ ft.,28,-36,285,1,1,20251109,SAC,MIN,15180,0,203497|203944|1628978|1630162|1630183,1,REG,2026,1610612750,,,,,
22500197371,,Shot Chart Detail,22500197,371,1630183,Jaden McDaniels,1610612750,Minnesota Timberwolves,3,10,0,Missed Shot,Pullup Jump shot,3PT Field Goal,Above the Break 3,Left Side Center(LC),24+ ft.,26,-121,232,1,0,20251109,SAC,MIN,15600,0,203497|203944|1628978|1630162|1630183,0,REG,2026,1610612750,,,,,
22500197380,,Shot Chart Detail,22500197,380,1630162,Anthony Edwards,1610612750,Minnesota Timberwolves,3,9,33,Missed Shot,Pullup Jump shot,3PT Field Goal,Above the Break 3,Left Side Center(LC),24+ ft.,25,-89,238,1,0,20251109,SAC,MIN,15870,0,203497|203944|1628978|1630162|1630183,0,REG,2026,1610612750,,,,,
22500197383,,Shot Chart Detail,22500197,383,1630183,Jaden McDaniels,1610612750,Minnesota Timberwolves,3,9,8,Made Shot,Fadeaway Jump Shot,2PT Field Goal,In The Paint (Non-RA),Center(C),8-16 ft.,12,21,125,1,1,20251109,SAC,MIN,16120,0,203497|203944|1628978|1630162|1630183,0,REG,2026,1610612750,,,,,
22500197386,,Shot Chart Detail,22500197,386,203497,Rudy Gobert,1610612750,Minnesota Timberwolves,3,8,51,Made Shot,Cutting Layup Shot,2PT Field Goal,Restricted Area,Center(C),Less Than 8 ft.,3,-9,29,1,1,20251109,SAC,MIN,16290,0,203497|203944|1628978|1630162|1630183,1,REG,2026,1610612750,,,,,
22500197393,,Shot Chart Detail,22500197,393,1630162,Anthony Edwards,1610612750,Minnesota Timberwolves,3,8,23,Made Shot,Pullup Jump shot,3PT Field Goal,Above the Break 3,Right Side Center(RC),24+ ft.,26,159,209,1,1,20251109,SAC,MIN,16570,0,203497|203944|1628978|1630162|1630183,1,REG,2026,1610612750,,,,,
22500197404,,Shot Chart Detail,22500197,404,1630183,Jaden McDaniels,1610612750,Minnesota Timberwolves,3,7,48,Made Shot,Jump Shot,3PT Field Goal,Right Corner 3,Right Side(R),24+ ft.,24,243,16,1,1,20251109,SAC,MIN,16920,0,203497|203944|1628978|1630162|1630183,1,REG,2026,1610612750,,,,,
22500197408,,Shot Chart Detail,22500197,408,203944,Julius Randle,1610612750,Minnesota Timberwolves,3,7,10,Made Shot,Pullup Jump shot,2PT Field Goal,In The Paint (Non-RA),Center(C),8-16 ft.,12,0,126,1,1,20251109,SAC,MIN,17300,0,203497|203944|1628978|1630162|1630183,0,REG,2026,1610612750,,,,,
22500197412,,Shot Chart Detail,22500197,412,1628978,Donte DiVincenzo,1610612750,Minnesota Timberwolves,3,6,41,Missed Shot,Jump Shot,3PT Field Goal,Above the Break 3,Right Side Center(RC),24+ ft.,28,161,231,1,0,20251109,SAC,MIN,17590,0,203497|203944|1628978|1630162|1630183,0,REG,2026,1610612750,,,,,
22500197428,,Shot Chart Detail,22500197,428,1630183,Jaden McDaniels,1610612750,Minnesota Timberwolves,3,6,3,Made Shot,Driving Layup Shot,2PT Field Goal,In The Paint (Non-RA),Center(C),Less Than 8 ft.,5,-21,55,1,1,20251109,SAC,MIN,17970,0,201144|203497|1629675|1630162|1630183,0,REG,2026,1610612750,,,,,
22500197436,,Shot Chart Detail,22500197,436,1629675,Naz Reid,1610612750,Minnesota Timberwolves,3,5,26,Missed Shot,Turnaround Jump Shot,2PT Field Goal,In The Paint (Non-RA),Center(C),8-16 ft.,10,-10,106,1,0,20251109,SAC,MIN,18340,0,201144|203497|1629675|1630162|1630183,0,REG,2026,1610612750,,,,,
22500197445,,Shot Chart Detail,22500197,445,1630162,Anthony Edwards,1610612750,Minnesota Timberwolves,3,5,3,Made Shot,Driving Finger Roll Layup Shot,2PT Field Goal,Restricted Area,Center(C),Less Than 8 ft.,3,13,29,1,1,20251109,SAC,MIN,18570,0,201144|203497|1629675|1630162|1641740,0,REG,2026,1610612750,,,,,
22500197452,,Shot Chart Detail,22500197,452,1641740,Jaylen Clark,1610612750,Minnesota Timberwolves,3,4,31,Made Shot,Running Jump Shot,3PT Field Goal,Left Corner 3,Left Side(L),24+ ft.,22,-227,17,1,1,20251109,SAC,MIN,18890,0,201144|203497|1629675|1630162|1641740,1,REG,2026,1610612750,,,,,
22500197456,,Shot Chart Detail,22500197,456,1641740,Jaylen Clark,1610612750,Minnesota Timberwolves,3,4,9,Missed Shot,Jump Shot,3PT Field Goal,Left Corner 3,Left Side(L),24+ ft.,22,-222,21,1,0,20251109,SAC,MIN,19110,0,201144|203497|1629675|1630162|1641740,0,REG,2026,1610612750,,,,,
22500197472,,Shot Chart Detail,22500197,472,1629675,Naz Reid,1610612750,Minnesota Timberwolves,3,3,33,Made Shot,Driving Floating Jump Shot,2PT Field Goal,In The Paint (Non-RA),Center(C),Less Than 8 ft.,6,13,62,1,1,20251109,SAC,MIN,19470,0,201144|203944|1629675|1630162|1641740,0,REG,2026,1610612750,,,,,
22500197475,,Shot Chart Detail,22500197,475,1629675,Naz Reid,1610612750,Minnesota Timberwolves,3,3,3,Missed Shot,Driving Floating Bank Jump Shot,2PT Field Goal,In The Paint (Non-RA),Right Side(R),8-16 ft.,8,70,47,1,0,20251109,SAC,MIN,19770,0,201144|203944|1629675|1630162|1641740,0,REG,2026,1610612750,,,,,
22500197477,,Shot Chart Detail,22500197,477,203944,Julius Randle,1610612750,Minnesota Timberwolves,3,3,0,Missed Shot,Putback Layup Shot,2PT Field Goal,In The Paint (Non-RA),Center(C),Less Than 8 ft.,5,-31,48,1,0,20251109,SAC,MIN,19800,0,201144|203944|1629675|1630162|1641740,0,REG,2026,1610612750,,,,,
22500197481,,Shot Chart Detail,22500197,481,1630162,Anthony Edwards,1610612750,Minnesota Timberwolves,3,2,30,Missed Shot,Jump Shot,3PT Field Goal,Above the Break 3,Right Side Center(RC),24+ ft.,28,96,264,1,0,20251109,SAC,MIN,20100,0,201144|203944|1629675|1630162|1641740,0,REG,2026,1610612750,,,,,
22500197491,,Shot Chart Detail,22500197,491,201144,Mike Conley,1610612750,Minnesota Timberwolves,3,1,59,Made Shot,Jump Shot,3PT Field Goal,Above the Break 3,Right Side Center(RC),24+ ft.,26,189,179,1,1,20251109,SAC,MIN,20410,0,201144|203944|1629675|1630183|1641740,1,REG,2026,1610612750,,,,,
22500197498,,Shot Chart Detail,22500197,498,1629675,Naz Reid,1610612750,Minnesota Timberwolves,3,1,6,Missed Shot,Jump Shot,3PT Field Goal,Above the Break 3,Left Side Center(LC),24+ ft.,28,-174,222,1,0,20251109,SAC,MIN,20940,0,201144|203944|1629675|1630183|1641740,0,REG,2026,1610612750,,,,,
22500197500,,Shot Chart Detail,22500197,500,203944,Julius Randle,1610612750,Minnesota Timberwolves,3,1,1,Made Shot,Putback Layup Shot,2PT Field Goal,In The Paint (Non-RA),Center(C),Less Than 8 ft.,4,17,44,1,1,20251109,SAC,MIN,20990,0,201144|203944|1629675|1630183|1641740,0,REG,2026,1610612750,,,,,
22500197503,,Shot Chart Detail,22500197,503,1630183,Jaden McDaniels,1610612750,Minnesota Timberwolves,3,0,48,Made Shot,Running Layup Shot,2PT Field Goal,Restricted Area,Center(C),Less Than 8 ft.,2,12,25,1,1,20251109,SAC,MIN,21120,0,201144|203944|1629675|1630183|1641740,0,REG,2026,1610612750,,,,,
22500197511,,Shot Chart Detail,22500197,511,1629675,Naz Reid,1610612750,Minnesota Timberwolves,3,0,31,Made Shot,Jump Shot,3PT Field Goal,Above the Break 3,Left Side Center(LC),24+ ft.,27,-126,244,1,1,20251109,SAC,MIN,21290,0,201144|203944|1628978|1629675|1630183,1,REG,2026,1610612750,,,,,
22500197515,,Shot Chart Detail,22500197,515,203944,Julius Randle,1610612750,Minnesota Timberwolves,3,0,0,Missed Shot,Fadeaway Jump Shot,2PT Field Goal,In The Paint (Non-RA),Right Side(R),8-16 ft.,11,75,88,1,0,20251109,SAC,MIN,21600,0,201144|203944|1628978|1629675|1630183,0,REG,2026,1610612750,,,,,
22500197527,,Shot Chart Detail,22500197,527,1629675,Naz Reid,1610612750,Minnesota Timberwolves,4,11,45,Missed Shot,Jump Shot,3PT Field Goal,Above the Break 3,Left Side Center(LC),24+ ft.,28,-206,193,1,0,20251109,SAC,MIN,21750,0,203497|1628978|1629675|1630183|1642265,0,REG,2026,1610612750,,,,,
22500197533,,Shot Chart Detail,22500197,533,1629675,Naz Reid,1610612750,Minnesota Timberwolves,4,11,19,Made Shot,Driving Floating Jump Shot,2PT Field Goal,In The Paint (Non-RA),Center(C),8-16 ft.,11,47,102,1,1,20251109,SAC,MIN,22010,0,203497|1628978|1629675|1630183|1642265,1,REG,2026,1610612750,,,,,
22500197539,,Shot Chart Detail,22500197,539,1642265,Rob Dillingham,1610612750,Minnesota Timberwolves,4,10,39,Missed Shot,Pullup Jump shot,2PT Field Goal,Mid-Range,Center(C),16-24 ft.,17,37,173,1,0,20251109,SAC,MIN,22410,0,203497|1628978|1629675|1630183|1642265,0,REG,2026,1610612750,,,,,
22500197541,,Shot Chart Detail,22500197,541,203497,Rudy Gobert,1610612750,Minnesota Timberwolves,4,10,34,Made Shot,Putback Layup Shot,2PT Field Goal,Restricted Area,Center(C),Less Than 8 ft.,2,12,22,1,1,20251109,SAC,MIN,22460,0,203497|1628978|1629675|1630183|1642265,0,REG,2026,1610612750,,,,,
22500197554,,Shot Chart Detail,22500197,554,1630183,Jaden McDaniels,1610612750,Minnesota Timberwolves,4,9,49,Missed Shot,Driving Layup Shot,2PT Field Goal,In The Paint (Non-RA),Right Side(R),8-16 ft.,8,58,65,1,0,20251109,SAC,MIN,22910,0,203497|1628978|1629675|1630183|1642265,0,REG,2026,1610612750,,,,,
22500197556,,Shot Chart Detail,22500197,556,1630183,Jaden McDaniels,1610612750,Minnesota Timberwolves,4,9,45,Made Shot,Tip Dunk Shot,2PT Field Goal,Restricted Area,Center(C),Less Than 8 ft.,0,0,0,1,1,20251109,SAC,MIN,22950,0,203497|1628978|1629675|1630183|1642265,0,REG,2026,1610612750,,,,,
22500197559,,Shot Chart Detail,22500197,559,1642265,Rob Dillingham,1610612750,Minnesota Timberwolves,4,9,18,Missed Shot,Driving Layup Shot,2PT Field Goal,In The Paint (Non-RA),Center(C),Less Than 8 ft.,5,-40,38,1,0,20251109,SAC,MIN,23220,0,203497|1628978|1629675|1630183|1642265,0,REG,2026,1610612750,,,,,
22500197568,,Shot Chart Detail,22500197,568,203497,Rudy Gobert,1610612750,Minnesota Timberwolves,4,8,52,Made Shot,Cutting Dunk Shot,2PT Field Goal,Restricted Area,Center(C),Less Than 8 ft.,2,5,25,1,1,20251109,SAC,MIN,23480,0,203497|1628978|1629675|1630183|1642265,1,REG,2026,1610612750,,,,,
22500197578,,Shot Chart Detail,22500197,578,203497,Rudy Gobert,1610612750,Minnesota Timberwolves,4,8,24,Made Shot,Cutting Dunk Shot,2PT Field Goal,Restricted Area,Center(C),Less Than 8 ft.,2,-1,25,1,1,20251109,SAC,MIN,23760,0,203497|1628978|1629675|1641740|1642265,1,REG,2026,1610612750,,,,,
22500197592,,Shot Chart Detail,22500197,592,1628978,Donte DiVincenzo,1610612750,Minnesota Timberwolves,4,7,53,Missed Shot,Jump Shot,3PT Field Goal,Above the Break 3,Center(C),24+ ft.,30,13,300,1,0,20251109,SAC,MIN,24070,0,203497|1628978|1629675|1641740|1642265,0,REG,2026,1610612750,,,,,
22500197600,,Shot Chart Detail,22500197,600,1629675,Naz Reid,1610612750,Minnesota Timberwolves,4,7,7,Missed Shot,Jump Shot,3PT Field Goal,Backcourt,Back Court(BC),Back Court Shot,46,-143,447,1,0,20251109,SAC,MIN,24530,0,203497|1628978|1629675|1641740|1642265,0,REG,2026,1610612750,,,,,
22500197607,,Shot Chart Detail,22500197,607,1641740,Jaylen Clark,1610612750,Minnesota Timberwolves,4,6,34,Made Shot,Jump Shot,3PT Field Goal,Right Corner 3,Right Side(R),24+ ft.,23,237,10,1,1,20251109,SAC,MIN,24860,0,203497|1629675|1630162|1641740|1642265,1,REG,2026,1610612750,,,,,
22500197618,,Shot Chart Detail,22500197,618,1629675,Naz Reid,1610612750,Minnesota Timberwolves,4,5,58,Missed Shot,Jump Shot,3PT Field Goal,Above the Break 3,Right Side Center(RC),24+ ft.,28,168,230,1,0,20251109,SAC,MIN,25220,0,203497|1629675|1630538|1641740|1642265,0,REG,2026,1610612750,,,,,
22500197635,,Shot Chart Detail,22500197,635,1630538,Bones Hyland,1610612750,Minnesota Timberwolves,4,5,11,Made Shot,Running Layup Shot,2PT Field Goal,Restricted Area,Center(C),Less Than 8 ft.,2,12,18,1,1,20251109,SAC,MIN,25690,0,1629675|1630538|1641740|1642265|1642866,0,REG,2026,1610612750,,,,,
22500197648,,Shot Chart Detail,22500197,648,1642265,Rob Dillingham,1610612750,Minnesota Timberwolves,4,4,43,Missed Shot,Pullup Jump shot,3PT Field Goal,Above the Break 3,Left Side Center(LC),24+ ft.,26,-104,249,1,0,20251109,SAC,MIN,25970,0,1630538|1630548|1631159|1642265|1642866,0,REG,2026,1610612750,,,,,
22500197652,,Shot Chart Detail,22500197,652,1630548,Johnny Juzang,1610612750,Minnesota Timberwolves,4,4,11,Made Shot,Pullup Jump shot,2PT Field Goal,Mid-Range,Left Side Center(LC),16-24 ft.,17,-99,143,1,1,20251109,SAC,MIN,26290,0,1630538|1630548|1631159|1642265|1642866,0,REG,2026,1610612750,,,,,
22500197656,,Shot Chart Detail,22500197,656,1631159,Leonard Miller,1610612750,Minnesota Timberwolves,4,3,47,Missed Shot,Running Jump Shot,3PT Field Goal,Right Corner 3,Right Side(R),24+ ft.,23,230,34,1,0,20251109,SAC,MIN,26530,0,1630538|1630548|1631159|1642265|1642866,0,REG,2026,1610612750,,,,,
22500197663,,Shot Chart Detail,22500197,663,1642265,Rob Dillingham,1610612750,Minnesota Timberwolves,4,3,19,Made Shot,Step Back Jump shot,2PT Field Goal,In The Paint (Non-RA),Center(C),8-16 ft.,13,-56,126,1,1,20251109,SAC,MIN,26810,0,1630538|1630548|1631159|1642265|1642866,0,REG,2026,1610612750,,,,,
22500197665,,Shot Chart Detail,22500197,665,1642265,Rob Dillingham,1610612750,Minnesota Timberwolves,4,3,4,Made Shot,Step Back Jump shot,3PT Field Goal,Above the Break 3,Right Side Center(RC),24+ ft.,26,172,202,1,1,20251109,SAC,MIN,26960,0,1630538|1630548|1631159|1642265|1642866,0,REG,2026,1610612750,,,,,
22500197673,,Shot Chart Detail,22500197,673,1630548,Johnny Juzang,1610612750,Minnesota Timberwolves,4,2,35,Missed Shot,Pullup Jump shot,3PT Field Goal,Above the Break 3,Right Side Center(RC),24+ ft.,24,197,153,1,0,20251109,SAC,MIN,27250,0,1630538|1630548|1631159|1642265|1642866,0,REG,2026,1610612750,,,,,
22500197678,,Shot Chart Detail,22500197,678,1642265,Rob Dillingham,1610612750,Minnesota Timberwolves,4,2,4,Missed Shot,Driving Floating Bank Jump Shot,2PT Field Goal,In The Paint (Non-RA),Center(C),Less Than 8 ft.,4,-11,39,1,0,20251109,SAC,MIN,27560,0,1630538|1630548|1631159|1642265|1642866,0,REG,2026,1610612750,,,,,
22500197682,,Shot Chart Detail,22500197,682,1630538,Bones Hyland,1610612750,Minnesota Timberwolves,4,1,49,Made Shot,Driving Layup Shot,2PT Field Goal,Restricted Area,Center(C),Less Than 8 ft.,3,15,32,1,1,20251109,SAC,MIN,27710,0,1630538|1630548|1631159|1642265|1642866,0,REG,2026,1610612750,,,,,
22500197685,,Shot Chart Detail,22500197,685,1642265,Rob Dillingham,1610612750,Minnesota Timberwolves,4,1,27,Made Shot,Driving Floating Bank Jump Shot,2PT Field Goal,In The Paint (Non-RA),Center(C),Less Than 8 ft.,4,32,32,1,1,20251109,SAC,MIN,27930,0,1630538|1630548|1631159|1642265|1642866,1,REG,2026,1610612750,,,,,
22500197697,,Shot Chart Detail,22500197,697,1631159,Leonard Miller,1610612750,Minnesota Timberwolves,4,0,47,Made Shot,Running Reverse Layup Shot,2PT Field Goal,Restricted Area,Center(C),Less Than 8 ft.,2,10,28,1,1,20251109,SAC,MIN,28330,0,1630538|1630548|1631159|1642265|1642866,1,REG,2026,1610612750,,,,,
22500197703,,Shot Chart Detail,22500197,703,1630538,Bones Hyland,1610612750,Minnesota Timberwolves,4,0,30,Missed Shot,Step Back Jump shot,3PT Field Goal,Above the Break 3,Center(C),24+ ft.,28,83,277,1,0,20251109,SAC,MIN,28500,0,1630538|1630548|1631159|1642265|1642866,0,REG,2026,1610612750,,,,,
22500197705,,Shot Chart Detail,22500197,705,1630548,Johnny Juzang,1610612750,Minnesota Timberwolves,4,0,18,Missed Shot,Jump Shot,3PT Field Goal,Above the Break 3,Center(C),24+ ft.,28,-87,270,1,0,20251109,SAC,MIN,28620,0,1630538|1630548|1631159|1642265|1642866,0,REG,2026,1610612750,,,,,
22500197709,,Shot Chart Detail,22500197,709,1642866,Joan Beringer,1610612750,Minnesota Timberwolves,4,0,0,Made Shot,Cutting Dunk Shot,2PT Field Goal,Restricted Area,Center(C),Less Than 8 ft.,2,7,21,1,1,20251109,SAC,MIN,28800,0,1630538|1630548|1631159|1642265|1642866,1,REG,2026,1610612750,,,,,
225002059,,Shot Chart Detail,22500205,9,1628978,Donte DiVincenzo,1610612750,Minnesota Timberwolves,1,11,30,Missed Shot,Jump Shot,3PT Field Goal,Above the Break 3,Center(C),24+ ft.,26,53,256,1,0,20251110,UTA,MIN,300,0,203497|203944|1628978|1630162|1630183,0,REG,2026,1610612750,,,,,
2250020513,,Shot Chart Detail,22500205,13,203497,Rudy Gobert,1610612750,Minnesota Timberwolves,1,11,12,Made Shot,Cutting Dunk Shot,2PT Field Goal,In The Paint (Non-RA),Center(C),Less Than 8 ft.,4,-11,43,1,1,20251110,UTA,MIN,480,0,203497|203944|1628978|1630162|1630183,1,REG,2026,1610612750,,,,,
2250020520,,Shot Chart Detail,22500205,20,1628978,Donte DiVincenzo,1610612750,Minnesota Timberwolves,1,10,18,Missed Shot,Jump Shot,3PT Field Goal,Above the Break 3,Left Side Center(LC),24+ ft.,26,-214,160,1,0,20251110,UTA,MIN,1020,0,203497|203944|1628978|1630162|1630183,0,REG,2026,1610612750,,,,,
2250020528,,Shot Chart Detail,22500205,28,1630162,Anthony Edwards,1610612750,Minnesota Timberwolves,1,9,40,Made Shot,Pullup Jump shot,3PT Field Goal,Above the Break 3,Center(C),24+ ft.,28,-12,284,1,1,20251110,UTA,MIN,1400,0,203497|203944|1628978|1630162|1630183,0,REG,2026,1610612750,,,,,
2250020533,,Shot Chart Detail,22500205,33,1630162,Anthony Edwards,1610612750,Minnesota Timberwolves,1,9,6,Missed Shot,Pullup Jump shot,3PT Field Goal,Above the Break 3,Center(C),24+ ft.,24,-25,248,1,0,20251110,UTA,MIN,1740,0,203497|203944|1628978|1630162|1630183,0,REG,2026,1610612750,,,,,
2250020537,,Shot Chart Detail,22500205,37,203944,Julius Randle,1610612750,Minnesota Timberwolves,1,8,39,Missed Shot,Step Back Jump shot,3PT Field Goal,Above the Break 3,Center(C),24+ ft.,25,-69,242,1,0,20251110,UTA,MIN,2010,0,203497|203944|1628978|1630162|1630183,0,REG,2026,1610612750,,,,,
2250020541,,Shot Chart Detail,22500205,41,1630162,Anthony Edwards,1610612750,Minnesota Timberwolves,1,8,15,Missed Shot,Driving Floating Jump Shot,2PT Field Goal,In The Paint (Non-RA),Center(C),8-16 ft.,11,11,113,1,0,20251110,UTA,MIN,2250,0,203497|203944|1628978|1630162|1630183,0,REG,2026,1610612750,,,,,
2250020543,,Shot Chart Detail,22500205,43,203497,Rudy Gobert,1610612750,Minnesota Timberwolves,1,8,12,Made Shot,Putback Layup Shot,2PT Field Goal,In The Paint (Non-RA),Center(C),Less Than 8 ft.,4,-4,41,1,1,20251110,UTA,MIN,2280,0,203497|203944|1628978|1630162|1630183,0,REG,2026,1610612750,,,,,
2250020556,,Shot Chart Detail,22500205,56,203497,Rudy Gobert,1610612750,Minnesota Timberwolves,1,7,28,Made Shot,Dunk Shot,2PT Field Goal,Restricted Area,Center(C),Less Than 8 ft.,3,-13,34,1,1,20251110,UTA,MIN,2720,0,203497|203944|1628978|1630162|1630183,1,REG,2026,1610612750,,,,,
2250020565,,Shot Chart Detail,22500205,65,1630183,Jaden McDaniels,1610612750,Minnesota Timberwolves,1,6,59,Made Shot,Driving Floating Jump Shot,2PT Field Goal,In The Paint (Non-RA),Left Side(L),8-16 ft.,8,-65,57,1,1,20251110,UTA,MIN,3010,0,203497|203944|1628978|1630162|1630183,1,REG,2026,1610612750,,,,,
2250020568,,Shot Chart Detail,22500205,68,1630162,Anthony Edwards,1610612750,Minnesota Timberwolves,1,6,29,Missed Shot,Driving Floating Jump Shot,2PT Field Goal,In The Paint (Non-RA),Center(C),Less Than 8 ft.,7,-10,70,1,0,20251110,UTA,MIN,3310,0,203497|203944|1628978|1630162|1630183,0,REG,2026,1610612750,,,,,
2250020575,,Shot Chart Detail,22500205,75,203497,Rudy Gobert,1610612750,Minnesota Timberwolves,1,5,59,Made Shot,Driving Layup Shot,2PT Field Goal,In The Paint (Non-RA),Center(C),Less Than 8 ft.,4,-43,20,1,1,20251110,UTA,MIN,3610,0,203497|203944|1628978|1630162|1630183,1,REG,2026,1610612750,,,,,
2250020592,,Shot Chart Detail,22500205,92,1630162,Anthony Edwards,1610612750,Minnesota Timberwolves,1,5,21,Missed Shot,Driving Layup Shot,2PT Field Goal,In The Paint (Non-RA),Center(C),Less Than 8 ft.,4,2,43,1,0,20251110,UTA,MIN,3990,0,203944|1628978|1629675|1630162|1641740,0,REG,2026,1610612750,,,,,
2250020597,,Shot Chart Detail,22500205,97,1630162,Anthony Edwards,1610612750,Minnesota Timberwolves,1,4,51,Made Shot,Step Back Jump shot,3PT Field Goal,Above the Break 3,Center(C),24+ ft.,25,23,251,1,1,20251110,UTA,MIN,4290,0,203944|1628978|1629675|1630162|1641740,0,REG,2026,1610612750,,,,,
22500205105,,Shot Chart Detail,22500205,105,1629675,Naz Reid,1610612750,Minnesota Timberwolves,1,4,19,Made Shot,Jump Shot,3PT Field Goal,Right Corner 3,Right Side(R),24+ ft.,22,225,-4,1,1,20251110,UTA,MIN,4610,0,201144|203944|1629675|1630162|1641740,1,REG,2026,1610612750,,,,,
22500205109,,Shot Chart Detail,22500205,109,1630162,Anthony Edwards,1610612750,Minnesota Timberwolves,1,3,32,Made Shot,Driving Dunk Shot,2PT Field Goal,Restricted Area,Center(C),Less Than 8 ft.,3,-21,34,1,1,20251110,UTA,MIN,5080,0,201144|203944|1629675|1630162|1641740,0,REG,2026,1610612750,,,,,
22500205113,,Shot Chart Detail,22500205,113,1629675,Naz Reid,1610612750,Minnesota Timberwolves,1,3,10,Made Shot,Floating Jump shot,2PT Field Goal,In The Paint (Non-RA),Center(C),Less Than 8 ft.,6,21,64,1,1,20251110,UTA,MIN,5300,0,201144|203944|1629675|1630162|1641740,1,REG,2026,1610612750,,,,,
22500205119,,Shot Chart Detail,22500205,119,201144,Mike Conley,1610612750,Minnesota Timberwolves,1,2,46,Made Shot,Running Pull-Up Jump Shot,3PT Field Goal,Above the Break 3,Right Side Center(RC),24+ ft.,25,124,227,1,1,20251110,UTA,MIN,5540,0,201144|203944|1629675|1630162|1641740,1,REG,2026,1610612750,,,,,
22500205122,,Shot Chart Detail,22500205,122,203944,Julius Randle,1610612750,Minnesota Timberwolves,1,2,2,Missed Shot,Jump Shot,3PT Field Goal,Right Corner 3,Right Side(R),24+ ft.,22,224,12,1,0,20251110,UTA,MIN,5980,0,201144|203944|1629675|1630162|1641740,0,REG,2026,1610612750,,,,,
22500205126,,Shot Chart Detail,22500205,126,203944,Julius Randle,1610612750,Minnesota Timberwolves,1,1,42,Missed Shot,Driving Floating Bank Jump Shot,2PT Field Goal,In The Paint (Non-RA),Center(C),Less Than 8 ft.,7,-65,44,1,0,20251110,UTA,MIN,6180,0,201144|203944|1629675|1630162|1641740,0,REG,2026,1610612750,,,,,
22500205130,,Shot Chart Detail,22500205,130,1629675,Naz Reid,1610612750,Minnesota Timberwolves,1,1,13,Missed Shot,Jump Shot,3PT Field Goal,Above the Break 3,Right Side Center(RC),24+ ft.,24,153,195,1,0,20251110,UTA,MIN,6470,0,201144|203944|1629675|1630162|1641740,0,REG,2026,1610612750,,,,,
22500205150,,Shot Chart Detail,22500205,150,1641740,Jaylen Clark,1610612750,Minnesota Timberwolves,1,0,38,Missed Shot,Jump Shot,3PT Field Goal,Left Corner 3,Left Side(L),24+ ft.,23,-233,36,1,0,20251110,UTA,MIN,6820,0,201144|203497|1629675|1630183|1641740,0,REG,2026,1610612750,,,,,
22500205154,,Shot Chart Detail,22500205,154,1630183,Jaden McDaniels,1610612750,Minnesota Timberwolves,1,0,10,Missed Shot,Turnaround Jump Shot,2PT Field Goal,Mid-Range,Right Side(R),8-16 ft.,14,87,112,1,0,20251110,UTA,MIN,7100,0,201144|203497|1629675|1630183|1641740,0,REG,2026,1610612750,,,,,
22500205156,,Shot Chart Detail,22500205,156,1630183,Jaden McDaniels,1610612750,Minnesota Timberwolves,1,0,0,Missed Shot,Driving Floating Jump Shot,2PT Field Goal,In The Paint (Non-RA),Left Side(L),8-16 ft.,10,-71,79,1,0,20251110,UTA,MIN,7200,0,201144|203497|1629675|1630183|1641740,0,REG,2026,1610612750,,,,,
22500205165,,Shot Chart Detail,22500205,165,1628978,Donte DiVincenzo,1610612750,Minnesota Timberwolves,2,11,45,Made Shot,Jump Shot,3PT Field Goal,Above the Break 3,Left Side Center(LC),24+ ft.,26,-218,154,1,1,20251110,UTA,MIN,7350,0,201144|203497|1628978|1629675|1630183,1,REG,2026,1610612750,,,,,
22500205169,,Shot Chart Detail,22500205,169,1629675,Naz Reid,1610612750,Minnesota Timberwolves,2,11,25,Missed Shot,Running Jump Shot,3PT Field Goal,Above the Break 3,Left Side Center(LC),24+ ft.,26,-147,221,1,0,20251110,UTA,MIN,7550,0,201144|203497|1628978|1629675|1630183,0,REG,2026,1610612750,,,,,
22500205175,,Shot Chart Detail,22500205,175,1630183,Jaden McDaniels,1610612750,Minnesota Timberwolves,2,11,4,Missed Shot,Running Layup Shot,2PT Field Goal,In The Paint (Non-RA),Center(C),Less Than 8 ft.,6,58,23,1,0,20251110,UTA,MIN,7760,0,201144|203497|1628978|1629675|1630183,0,REG,2026,1610612750,,,,,
22500205180,,Shot Chart Detail,22500205,180,203497,Rudy Gobert,1610612750,Minnesota Timberwolves,2,10,46,Missed Shot,Floating Jump shot,2PT Field Goal,Mid-Range,Right Side(R),8-16 ft.,9,85,32,1,0,20251110,UTA,MIN,7940,0,201144|203497|1628978|1629675|1630183,0,REG,2026,1610612750,,,,,
22500205185,,Shot Chart Detail,22500205,185,1630183,Jaden McDaniels,1610612750,Minnesota Timberwolves,2,10,19,Missed Shot,Step Back Jump shot,3PT Field Goal,Above the Break 3,Left Side Center(LC),24+ ft.,24,-229,97,1,0,20251110,UTA,MIN,8210,0,201144|203497|1628978|1629675|1630183,0,REG,2026,1610612750,,,,,
22500205191,,Shot Chart Detail,22500205,191,1629675,Naz Reid,1610612750,Minnesota Timberwolves,2,9,49,Made Shot,Turnaround Hook Shot,2PT Field Goal,In The Paint (Non-RA),Center(C),Less Than 8 ft.,4,-11,42,1,1,20251110,UTA,MIN,8510,0,201144|203497|1628978|1629675|1630183,0,REG,2026,1610612750,,,,,
22500205195,,Shot Chart Detail,22500205,195,1642265,Rob Dillingham,1610612750,Minnesota Timberwolves,2,9,12,Missed Shot,Driving Floating Bank Jump Shot,2PT Field Goal,In The Paint (Non-RA),Left Side(L),8-16 ft.,9,-75,60,1,0,20251110,UTA,MIN,8880,0,203497|1628978|1629675|1630183|1642265,0,REG,2026,1610612750,,,,,
22500205203,,Shot Chart Detail,22500205,203,1628978,Donte DiVincenzo,1610612750,Minnesota Timberwolves,2,8,47,Missed Shot,Jump Shot,3PT Field Goal,Above the Break 3,Left Side Center(LC),24+ ft.,28,-227,179,1,0,20251110,UTA,MIN,9130,0,203497|1628978|1629675|1630183|1642265,0,REG,2026,1610612750,,,,,
22500205213,,Shot Chart Detail,22500205,213,1628978,Donte DiVincenzo,1610612750,Minnesota Timberwolves,2,8,0,Missed Shot,Step Back Jump shot,3PT Field Goal,Above the Break 3,Center(C),24+ ft.,26,-42,257,1,0,20251110,UTA,MIN,9600,0,203497|1628978|1629675|1630183|1642265,0,REG,2026,1610612750,,,,,
22500205228,,Shot Chart Detail,22500205,228,203497,Rudy Gobert,1610612750,Minnesota Timberwolves,2,6,55,Made Shot,Cutting Layup Shot,2PT Field Goal,In The Paint (Non-RA),Center(C),Less Than 8 ft.,7,-61,43,1,1,20251110,UTA,MIN,10250,0,203497|203944|1630162|1630183|1642265,1,REG,2026,1610612750,,,,,
22500205241,,Shot Chart Detail,22500205,241,203944,Julius Randle,1610612750,Minnesota Timberwolves,2,6,25,Missed Shot,Pullup Jump shot,2PT Field Goal,In The Paint (Non-RA),Center(C),8-16 ft.,13,-65,117,1,0,20251110,UTA,MIN,10550,0,203497|203944|1630162|1630183|1642265,0,REG,2026,1610612750,,,,,
22500205245,,Shot Chart Detail,22500205,245,203497,Rudy Gobert,1610612750,Minnesota Timberwolves,2,5,56,Made Shot,Alley Oop Dunk Shot,2PT Field Goal,In The Paint (Non-RA),Center(C),Less Than 8 ft.,4,-42,7,1,1,20251110,UTA,MIN,10840,0,203497|203944|1630162|1630183|1642265,1,REG,2026,1610612750,,,,,
22500205256,,Shot Chart Detail,22500205,256,1630162,Anthony Edwards,1610612750,Minnesota Timberwolves,2,4,54,Missed Shot,Driving Floating Jump Shot,2PT Field Goal,In The Paint (Non-RA),Center(C),Less Than 8 ft.,7,-70,20,1,0,20251110,UTA,MIN,11460,0,201144|203497|203944|1630162|1630183,0,REG,2026,1610612750,,,,,
22500205259,,Shot Chart Detail,22500205,259,203944,Julius Randle,1610612750,Minnesota Timberwolves,2,4,46,Missed Shot,Driving Layup Shot,2PT Field Goal,In The Paint (Non-RA),Center(C),8-16 ft.,9,20,95,1,0,20251110,UTA,MIN,11540,0,201144|203497|203944|1630162|1630183,0,REG,2026,1610612750,,,,,
22500205276,,Shot Chart Detail,22500205,276,1630162,Anthony Edwards,1610612750,Minnesota Timberwolves,2,4,10,Missed Shot,Pullup Jump shot,2PT Field Goal,Mid-Range,Center(C),16-24 ft.,18,-17,186,1,0,20251110,UTA,MIN,11900,0,201144|203497|1629675|1630162|1630183,0,REG,2026,1610612750,,,,,
22500205287,,Shot Chart Detail,22500205,287,1628978,Donte DiVincenzo,1610612750,Minnesota Timberwolves,2,3,45,Missed Shot,Jump Shot,3PT Field Goal,Right Corner 3,Right Side(R),24+ ft.,22,227,5,1,0,20251110,UTA,MIN,12150,0,203944|1628978|1629675|1630162|1641740,0,REG,2026,1610612750,,,,,
22500205291,,Shot Chart Detail,22500205,291,1629675,Naz Reid,1610612750,Minnesota Timberwolves,2,3,33,Missed Shot,Driving Layup Shot,2PT Field Goal,In The Paint (Non-RA),Center(C),Less Than 8 ft.,7,53,52,1,0,20251110,UTA,MIN,12270,0,203944|1628978|1629675|1630162|1641740,0,REG,2026,1610612750,,,,,
22500205294,,Shot Chart Detail,22500205,294,203944,Julius Randle,1610612750,Minnesota Timberwolves,2,3,27,Made Shot,Putback Dunk Shot,2PT Field Goal,Restricted Area,Center(C),Less Than 8 ft.,3,-28,26,1,1,20251110,UTA,MIN,12330,0,203944|1628978|1629675|1630162|1641740,0,REG,2026,1610612750,,,,,
22500205299,,Shot Chart Detail,22500205,299,1629675,Naz Reid,1610612750,Minnesota Timberwolves,2,3,2,Missed Shot,Running Jump Shot,3PT Field Goal,Right Corner 3,Right Side(R),24+ ft.,23,233,-9,1,0,20251110,UTA,MIN,12580,0,203944|1628978|1629675|1630162|1641740,0,REG,2026,1610612750,,,,,
22500205304,,Shot Chart Detail,22500205,304,1630162,Anthony Edwards,1610612750,Minnesota Timberwolves,2,2,40,Missed Shot,Pullup Jump shot,2PT Field Goal,Mid-Range,Left Side Center(LC),16-24 ft.,18,-89,160,1,0,20251110,UTA,MIN,12800,0,203944|1628978|1629675|1630162|1641740,0,REG,2026,1610612750,,,,,
22500205306,,Shot Chart Detail,22500205,306,1628978,Donte DiVincenzo,1610612750,Minnesota Timberwolves,2,2,32,Made Shot,Driving Floating Jump Shot,2PT Field Goal,Mid-Range,Left Side Center(LC),16-24 ft.,16,-92,142,1,1,20251110,UTA,MIN,12880,0,203944|1628978|1629675|1630162|1641740,1,REG,2026,1610612750,,,,,
22500205316,,Shot Chart Detail,22500205,316,203944,Julius Randle,1610612750,Minnesota Timberwolves,2,1,53,Made Shot,Driving Layup Shot,2PT Field Goal,In The Paint (Non-RA),Left Side(L),8-16 ft.,8,-54,60,1,1,20251110,UTA,MIN,13270,0,203944|1628978|1629675|1630162|1641740,0,REG,2026,1610612750,,,,,
22500205325,,Shot Chart Detail,22500205,325,1641740,Jaylen Clark,1610612750,Minnesota Timberwolves,2,1,32,Made Shot,Floating Jump shot,2PT Field Goal,In The Paint (Non-RA),Center(C),Less Than 8 ft.,7,-72,21,1,1,20251110,UTA,MIN,13480,0,203944|1628978|1629675|1630162|1641740,1,REG,2026,1610612750,,,,,
22500205331,,Shot Chart Detail,22500205,331,1630162,Anthony Edwards,1610612750,Minnesota Timberwolves,2,1,8,Missed Shot,Step Back Jump shot,3PT Field Goal,Above the Break 3,Left Side Center(LC),24+ ft.,25,-191,167,1,0,20251110,UTA,MIN,13720,0,203944|1628978|1629675|1630162|1641740,0,REG,2026,1610612750,,,,,
22500205335,,Shot Chart Detail,22500205,335,203944,Julius Randle,1610612750,Minnesota Timberwolves,2,0,45,Made Shot,Turnaround Jump Shot,2PT Field Goal,In The Paint (Non-RA),Center(C),8-16 ft.,11,-53,104,1,1,20251110,UTA,MIN,13950,0,203944|1628978|1629675|1630162|1641740,0,REG,2026,1610612750,,,,,
22500205343,,Shot Chart Detail,22500205,343,1630162,Anthony Edwards,1610612750,Minnesota Timberwolves,2,0,32,Made Shot,Driving Dunk Shot,2PT Field Goal,In The Paint (Non-RA),Center(C),Less Than 8 ft.,4,-21,38,1,1,20251110,UTA,MIN,14080,0,203944|1628978|1629675|1630162|1641740,0,REG,2026,1610612750,,,,,
22500205347,,Shot Chart Detail,22500205,347,203944,Julius Randle,1610612750,Minnesota Timberwolves,2,0,0,Made Shot,Reverse Layup Shot,2PT Field Goal,Restricted Area,Center(C),Less Than 8 ft.,2,-27,7,1,1,20251110,UTA,MIN,14400,0,203944|1628978|1629675|1630162|1641740,1,REG,2026,1610612750,,,,,
22500205358,,Shot Chart Detail,22500205,358,1630162,Anthony Edwards,1610612750,Minnesota Timberwolves,3,11,48,Made Shot,Pullup Jump shot,2PT Field Goal,Mid-Range,Center(C),16-24 ft.,20,-18,203,1,1,20251110,UTA,MIN,14520,0,203497|203944|1628978|1630162|1630183,0,REG,2026,1610612750,,,,,
22500205361,,Shot Chart Detail,22500205,361,203944,Julius Randle,1610612750,Minnesota Timberwolves,3,11,30,Missed Shot,Running Layup Shot,2PT Field Goal,In The Paint (Non-RA),Center(C),Less Than 8 ft.,4,-33,35,1,0,20251110,UTA,MIN,14700,0,203497|203944|1628978|1630162|1630183,0,REG,2026,1610612750,,,,,
22500205364,,Shot Chart Detail,22500205,364,1630183,Jaden McDaniels,1610612750,Minnesota Timberwolves,3,11,6,Missed Shot,Turnaround Jump Shot,2PT Field Goal,In The Paint (Non-RA),Right Side(R),8-16 ft.,10,76,75,1,0,20251110,UTA,MIN,14940,0,203497|203944|1628978|1630162|1630183,0,REG,2026,1610612750,,,,,
22500205380,,Shot Chart Detail,22500205,380,1630162,Anthony Edwards,1610612750,Minnesota Timberwolves,3,10,7,Made Shot,Jump Shot,3PT Field Goal,Above the Break 3,Right Side Center(RC),24+ ft.,24,219,119,1,1,20251110,UTA,MIN,15530,0,203497|203944|1628978|1630162|1630183,1,REG,2026,1610612750,,,,,
22500205384,,Shot Chart Detail,22500205,384,203944,Julius Randle,1610612750,Minnesota Timberwolves,3,9,46,Made Shot,Driving Dunk Shot,2PT Field Goal,In The Paint (Non-RA),Center(C),Less Than 8 ft.,4,32,27,1,1,20251110,UTA,MIN,15740,0,203497|203944|1628978|1630162|1630183,1,REG,2026,1610612750,,,,,
22500205391,,Shot Chart Detail,22500205,391,1630162,Anthony Edwards,1610612750,Minnesota Timberwolves,3,9,17,Made Shot,Driving Layup Shot,2PT Field Goal,In The Paint (Non-RA),Center(C),Less Than 8 ft.,5,40,30,1,1,20251110,UTA,MIN,16030,0,203497|203944|1628978|1630162|1630183,1,REG,2026,1610612750,,,,,
22500205405,,Shot Chart Detail,22500205,405,1630162,Anthony Edwards,1610612750,Minnesota Timberwolves,3,8,15,Made Shot,Pullup Jump shot,2PT Field Goal,Mid-Range,Right Side Center(RC),16-24 ft.,20,162,130,1,1,20251110,UTA,MIN,16650,0,203497|203944|1628978|1630162|1630183,0,REG,2026,1610612750,,,,,
22500205411,,Shot Chart Detail,22500205,411,203944,Julius Randle,1610612750,Minnesota Timberwolves,3,7,47,Missed Shot,Jump Shot,3PT Field Goal,Above the Break 3,Center(C),24+ ft.,25,-67,247,1,0,20251110,UTA,MIN,16930,0,203497|203944|1628978|1630162|1630183,0,REG,2026,1610612750,,,,,
22500205438,,Shot Chart Detail,22500205,438,1630183,Jaden McDaniels,1610612750,Minnesota Timberwolves,3,6,45,Made Shot,Running Alley Oop Dunk Shot,2PT Field Goal,Restricted Area,Center(C),Less Than 8 ft.,3,-9,31,1,1,20251110,UTA,MIN,17550,0,203497|203944|1628978|1630162|1630183,1,REG,2026,1610612750,,,,,
22500205442,,Shot Chart Detail,22500205,442,203497,Rudy Gobert,1610612750,Minnesota Timberwolves,3,6,15,Made Shot,Running Layup Shot,2PT Field Goal,In The Paint (Non-RA),Center(C),Less Than 8 ft.,6,15,61,1,1,20251110,UTA,MIN,17850,0,203497|203944|1628978|1630162|1630183,1,REG,2026,1610612750,,,,,
22500205462,,Shot Chart Detail,22500205,462,1629675,Naz Reid,1610612750,Minnesota Timberwolves,3,4,58,Missed Shot,Jump Shot,3PT Field Goal,Left Corner 3,Left Side(L),24+ ft.,22,-228,-25,1,0,20251110,UTA,MIN,18620,0,203944|1628978|1629675|1630162|1630183,0,REG,2026,1610612750,,,,,
22500205474,,Shot Chart Detail,22500205,474,1630162,Anthony Edwards,1610612750,Minnesota Timberwolves,3,4,7,Made Shot,Pullup Jump shot,3PT Field Goal,Above the Break 3,Center(C),24+ ft.,25,-64,248,1,1,20251110,UTA,MIN,19130,0,201144|203944|1629675|1630162|1641740,1,REG,2026,1610612750,,,,,
22500205482,,Shot Chart Detail,22500205,482,1630162,Anthony Edwards,1610612750,Minnesota Timberwolves,3,3,38,Made Shot,Step Back Jump shot,3PT Field Goal,Above the Break 3,Center(C),24+ ft.,26,-12,267,1,1,20251110,UTA,MIN,19420,0,201144|203944|1629675|1630162|1641740,0,REG,2026,1610612750,,,,,
22500205485,,Shot Chart Detail,22500205,485,203944,Julius Randle,1610612750,Minnesota Timberwolves,3,3,13,Missed Shot,Turnaround Jump Shot,2PT Field Goal,In The Paint (Non-RA),Center(C),Less Than 8 ft.,5,-4,57,1,0,20251110,UTA,MIN,19670,0,201144|203944|1629675|1630162|1641740,0,REG,2026,1610612750,,,,,
22500205495,,Shot Chart Detail,22500205,495,1630183,Jaden McDaniels,1610612750,Minnesota Timberwolves,3,2,55,Missed Shot,Driving Layup Shot,2PT Field Goal,In The Paint (Non-RA),Center(C),Less Than 8 ft.,6,12,59,1,0,20251110,UTA,MIN,19850,0,201144|1629675|1630162|1630183|1641740,0,REG,2026,1610612750,,,,,
22500205503,,Shot Chart Detail,22500205,503,1630162,Anthony Edwards,1610612750,Minnesota Timberwolves,3,2,31,Missed Shot,Pullup Jump shot,3PT Field Goal,Above the Break 3,Center(C),24+ ft.,27,-2,277,1,0,20251110,UTA,MIN,20090,0,201144|203944|1629675|1630162|1641740,0,REG,2026,1610612750,,,,,
22500205517,,Shot Chart Detail,22500205,517,1629675,Naz Reid,1610612750,Minnesota Timberwolves,3,1,50,Missed Shot,Jump Shot,3PT Field Goal,Above the Break 3,Center(C),24+ ft.,27,-23,271,1,0,20251110,UTA,MIN,20500,0,201144|203944|1628978|1629675|1630162,0,REG,2026,1610612750,,,,,
22500205519,,Shot Chart Detail,22500205,519,201144,Mike Conley,1610612750,Minnesota Timberwolves,3,1,43,Missed Shot,Jump Shot,3PT Field Goal,Right Corner 3,Right Side(R),24+ ft.,23,234,-7,1,0,20251110,UTA,MIN,20570,0,201144|203944|1628978|1629675|1630162,0,REG,2026,1610612750,,,,,
22500205523,,Shot Chart Detail,22500205,523,1630162,Anthony Edwards,1610612750,Minnesota Timberwolves,3,1,12,Made Shot,Step Back Jump shot,2PT Field Goal,Mid-Range,Right Side Center(RC),16-24 ft.,18,129,131,1,1,20251110,UTA,MIN,20880,0,201144|203944|1628978|1629675|1630162,0,REG,2026,1610612750,,,,,
22500205528,,Shot Chart Detail,22500205,528,203944,Julius Randle,1610612750,Minnesota Timberwolves,3,0,42,Made Shot,Step Back Jump shot,3PT Field Goal,Above the Break 3,Center(C),24+ ft.,25,74,241,1,1,20251110,UTA,MIN,21180,0,201144|203944|1628978|1629675|1630162,0,REG,2026,1610612750,,,,,
22500205544,,Shot Chart Detail,22500205,544,1630162,Anthony Edwards,1610612750,Minnesota Timberwolves,3,0,0,Missed Shot,Step Back Jump shot,3PT Field Goal,Above the Break 3,Left Side Center(LC),24+ ft.,28,-199,199,1,0,20251110,UTA,MIN,21600,0,201144|203944|1628978|1629675|1630162,0,REG,2026,1610612750,,,,,
22500205560,,Shot Chart Detail,22500205,560,201144,Mike Conley,1610612750,Minnesota Timberwolves,4,11,18,Missed Shot,Driving Floating Jump Shot,2PT Field Goal,In The Paint (Non-RA),Left Side(L),8-16 ft.,8,-62,63,1,0,20251110,UTA,MIN,22020,0,201144|203497|1628978|1629675|1630183,0,REG,2026,1610612750,,,,,
22500205565,,Shot Chart Detail,22500205,565,1628978,Donte DiVincenzo,1610612750,Minnesota Timberwolves,4,10,54,Made Shot,Driving Floating Jump Shot,2PT Field Goal,In The Paint (Non-RA),Center(C),8-16 ft.,12,15,126,1,1,20251110,UTA,MIN,22260,0,201144|203497|1628978|1629675|1630183,0,REG,2026,1610612750,,,,,
22500205572,,Shot Chart Detail,22500205,572,1630183,Jaden McDaniels,1610612750,Minnesota Timberwolves,4,10,9,Made Shot,Jump Shot,3PT Field Goal,Above the Break 3,Right Side Center(RC),24+ ft.,27,201,185,1,1,20251110,UTA,MIN,22710,0,201144|203497|1628978|1629675|1630183,1,REG,2026,1610612750,,,,,
22500205581,,Shot Chart Detail,22500205,581,1628978,Donte DiVincenzo,1610612750,Minnesota Timberwolves,4,9,38,Missed Shot,Pullup Jump shot,3PT Field Goal,Above the Break 3,Left Side Center(LC),24+ ft.,25,-159,199,1,0,20251110,UTA,MIN,23020,0,201144|203497|1628978|1629675|1630183,0,REG,2026,1610612750,,,,,
22500205587,,Shot Chart Detail,22500205,587,1630183,Jaden McDaniels,1610612750,Minnesota Timberwolves,4,9,9,Missed Shot,Pullup Jump shot,2PT Field Goal,In The Paint (Non-RA),Center(C),8-16 ft.,9,-36,92,1,0,20251110,UTA,MIN,23310,0,201144|203497|1628978|1629675|1630183,0,REG,2026,1610612750,,,,,
22500205597,,Shot Chart Detail,22500205,597,1630183,Jaden McDaniels,1610612750,Minnesota Timberwolves,4,8,29,Made Shot,Driving Floating Jump Shot,2PT Field Goal,In The Paint (Non-RA),Center(C),Less Than 8 ft.,7,-25,67,1,1,20251110,UTA,MIN,23710,0,201144|203497|1628978|1629675|1630183,1,REG,2026,1610612750,,,,,
22500205610,,Shot Chart Detail,22500205,610,1629675,Naz Reid,1610612750,Minnesota Timberwolves,4,7,29,Missed Shot,Jump Shot,3PT Field Goal,Above the Break 3,Center(C),24+ ft.,28,70,274,1,0,20251110,UTA,MIN,24310,0,203497|1628978|1629675|1630162|1630183,0,REG,2026,1610612750,,,,,
22500205615,,Shot Chart Detail,22500205,615,1630183,Jaden McDaniels,1610612750,Minnesota Timberwolves,4,7,4,Made Shot,Running Layup Shot,2PT Field Goal,In The Paint (Non-RA),Center(C),Less Than 8 ft.,4,-37,32,1,1,20251110,UTA,MIN,24560,0,203497|1628978|1629675|1630162|1630183,1,REG,2026,1610612750,,,,,
22500205619,,Shot Chart Detail,22500205,619,1630162,Anthony Edwards,1610612750,Minnesota Timberwolves,4,6,21,Missed Shot,Jump Shot,2PT Field Goal,Mid-Range,Center(C),16-24 ft.,17,-42,174,1,0,20251110,UTA,MIN,24990,0,203497|1628978|1629675|1630162|1630183,0,REG,2026,1610612750,,,,,
22500205623,,Shot Chart Detail,22500205,623,1630162,Anthony Edwards,1610612750,Minnesota Timberwolves,4,5,59,Made Shot,Driving Floating Bank Jump Shot,2PT Field Goal,Restricted Area,Center(C),Less Than 8 ft.,3,-26,20,1,1,20251110,UTA,MIN,25210,0,203497|1628978|1629675|1630162|1630183,0,REG,2026,1610612750,,,,,
22500205636,,Shot Chart Detail,22500205,636,1630183,Jaden McDaniels,1610612750,Minnesota Timberwolves,4,5,24,Made Shot,Driving Dunk Shot,2PT Field Goal,In The Paint (Non-RA),Center(C),Less Than 8 ft.,6,60,10,1,1,20251110,UTA,MIN,25560,0,203497|1628978|1629675|1630162|1630183,1,REG,2026,1610612750,,,,,
22500205647,,Shot Chart Detail,22500205,647,1628978,Donte DiVincenzo,1610612750,Minnesota Timberwolves,4,4,31,Missed Shot,Jump Shot,3PT Field Goal,Left Corner 3,Left Side(L),24+ ft.,22,-227,-13,1,0,20251110,UTA,MIN,26090,0,203497|1628978|1629675|1630162|1630183,0,REG,2026,1610612750,,,,,
22500205653,,Shot Chart Detail,22500205,653,203944,Julius Randle,1610612750,Minnesota Timberwolves,4,4,18,Missed Shot,Step Back Jump shot,2PT Field Goal,Mid-Range,Right Side Center(RC),16-24 ft.,20,132,152,1,0,20251110,UTA,MIN,26220,0,203497|203944|1628978|1630162|1630183,0,REG,2026,1610612750,,,,,
22500205687,,Shot Chart Detail,22500205,687,1628978,Donte DiVincenzo,1610612750,Minnesota Timberwolves,4,2,15,Made Shot,Driving Layup Shot,2PT Field Goal,In The Paint (Non-RA),Center(C),Less Than 8 ft.,4,-10,45,1,1,20251110,UTA,MIN,27450,0,203497|203944|1628978|1630162|1630183,1,REG,2026,1610612750,,,,,
22500205691,,Shot Chart Detail,22500205,691,1630162,Anthony Edwards,1610612750,Minnesota Timberwolves,4,1,31,Made Shot,Pullup Jump shot,2PT Field Goal,Mid-Range,Center(C),16-24 ft.,18,-17,187,1,1,20251110,UTA,MIN,27890,0,203497|203944|1628978|1630162|1630183,0,REG,2026,1610612750,,,,,
22500205693,,Shot Chart Detail,22500205,693,203944,Julius Randle,1610612750,Minnesota Timberwolves,4,1,3,Made Shot,Cutting Layup Shot,2PT Field Goal,Restricted Area,Center(C),Less Than 8 ft.,2,-20,11,1,1,20251110,UTA,MIN,28170,0,203497|203944|1628978|1630162|1630183,1,REG,2026,1610612750,,,,,
22500205696,,Shot Chart Detail,22500205,696,1630162,Anthony Edwards,1610612750,Minnesota Timberwolves,4,0,37,Missed Shot,Pullup Jump shot,2PT Field Goal,Mid-Range,Right Side(R),8-16 ft.,14,126,73,1,0,20251110,UTA,MIN,28430,0,203497|203944|1628978|1630162|1630183,0,REG,2026,1610612750,,,,,
225002328,,Shot Chart Detail,22500232,8,1630162,Anthony Edwards,1610612750,Minnesota Timberwolves,1,11,20,Missed Shot,Jump Shot,3PT Field Goal,Above the Break 3,Left Side Center(LC),24+ ft.,24,-147,201,1,0,20251115,MIN,DEN,400,0,203497|203944|1628978|1630162|1630183,0,REG,2026,1610612750,,,,,
2250023224,,Shot Chart Detail,22500232,24,1628978,Donte DiVincenzo,1610612750,Minnesota Timberwolves,1,10,18,Made Shot,Jump Shot,3PT Field Goal,Above the Break 3,Left Side Center(LC),24+ ft.,24,-150,195,1,1,20251115,MIN,DEN,1020,0,203497|203944|1628978|1630162|1630183,1,REG,2026,1610612750,,,,,
2250023232,,Shot Chart Detail,22500232,32,1628978,Donte DiVincenzo,1610612750,Minnesota Timberwolves,1,9,25,Missed Shot,Jump Shot,3PT Field Goal,Above the Break 3,Right Side Center(RC),24+ ft.,26,97,245,1,0,20251115,MIN,DEN,1550,0,203497|203944|1628978|1630162|1630183,0,REG,2026,1610612750,,,,,
2250023241,,Shot Chart Detail,22500232,41,203944,Julius Randle,1610612750,Minnesota Timberwolves,1,8,48,Missed Shot,Step Back Jump shot,2PT Field Goal,In The Paint (Non-RA),Center(C),8-16 ft.,12,4,120,1,0,20251115,MIN,DEN,1920,0,203497|203944|1628978|1630162|1630183,0,REG,2026,1610612750,,,,,
2250023245,,Shot Chart Detail,22500232,45,203944,Julius Randle,1610612750,Minnesota Timberwolves,1,8,21,Missed Shot,Jump Shot,3PT Field Goal,Left Corner 3,Left Side(L),24+ ft.,22,-225,22,1,0,20251115,MIN,DEN,2190,0,203497|203944|1628978|1630162|1630183,0,REG,2026,1610612750,,,,,
2250023260,,Shot Chart Detail,22500232,60,1630162,Anthony Edwards,1610612750,Minnesota Timberwolves,1,7,23,Missed Shot,Running Pull-Up Jump Shot,3PT Field Goal,Above the Break 3,Center(C),24+ ft.,25,-37,256,1,0,20251115,MIN,DEN,2770,0,203497|203944|1628978|1630162|1630183,0,REG,2026,1610612750,,,,,
2250023262,,Shot Chart Detail,22500232,62,203944,Julius Randle,1610612750,Minnesota Timberwolves,1,7,20,Made Shot,Putback Layup Shot,2PT Field Goal,Restricted Area,Center(C),Less Than 8 ft.,1,6,16,1,1,20251115,MIN,DEN,2800,0,203497|203944|1628978|1630162|1630183,0,REG,2026,1610612750,,,,,
2250023265,,Shot Chart Detail,22500232,65,1630183,Jaden McDaniels,1610612750,Minnesota Timberwolves,1,6,54,Missed Shot,Driving Floating Jump Shot,2PT Field Goal,In The Paint (Non-RA),Center(C),8-16 ft.,8,-21,83,1,0,20251115,MIN,DEN,3060,0,203497|203944|1628978|1630162|1630183,0,REG,2026,1610612750,,,,,
2250023271,,Shot Chart Detail,22500232,71,1630183,Jaden McDaniels,1610612750,Minnesota Timberwolves,1,6,34,Missed Shot,Pullup Jump shot,2PT Field Goal,In The Paint (Non-RA),Left Side(L),8-16 ft.,9,-50,79,1,0,20251115,MIN,DEN,3260,0,203497|1628978|1629675|1630162|1630183,0,REG,2026,1610612750,,,,,
2250023273,,Shot Chart Detail,22500232,73,203497,Rudy Gobert,1610612750,Minnesota Timberwolves,1,6,32,Made Shot,Tip Layup Shot,2PT Field Goal,Restricted Area,Center(C),Less Than 8 ft.,0,0,0,1,1,20251115,MIN,DEN,3280,0,203497|1628978|1629675|1630162|1630183,0,REG,2026,1610612750,,,,,
2250023276,,Shot Chart Detail,22500232,76,1630162,Anthony Edwards,1610612750,Minnesota Timberwolves,1,5,46,Missed Shot,Fadeaway Jump Shot,2PT Field Goal,Mid-Range,Right Side(R),8-16 ft.,11,109,35,1,0,20251115,MIN,DEN,3740,0,203497|1628978|1629675|1630162|1630183,0,REG,2026,1610612750,,,,,
2250023281,,Shot Chart Detail,22500232,81,1629675,Naz Reid,1610612750,Minnesota Timberwolves,1,5,28,Made Shot,Driving Finger Roll Layup Shot,2PT Field Goal,Restricted Area,Center(C),Less Than 8 ft.,0,5,3,1,1,20251115,MIN,DEN,3920,0,203497|1628978|1629675|1630162|1630183,1,REG,2026,1610612750,,,,,
2250023285,,Shot Chart Detail,22500232,85,1630183,Jaden McDaniels,1610612750,Minnesota Timberwolves,1,5,4,Made Shot,Running Pull-Up Jump Shot,3PT Field Goal,Above the Break 3,Right Side Center(RC),24+ ft.,24,142,201,1,1,20251115,MIN,DEN,4160,0,203497|1628978|1629675|1630162|1630183,1,REG,2026,1610612750,,,,,
22500232109,,Shot Chart Detail,22500232,109,1630162,Anthony Edwards,1610612750,Minnesota Timberwolves,1,4,23,Missed Shot,Driving Floating Jump Shot,2PT Field Goal,Restricted Area,Center(C),Less Than 8 ft.,2,-13,24,1,0,20251115,MIN,DEN,4570,0,201144|203944|1629675|1630162|1630183,0,REG,2026,1610612750,,,,,
22500232112,,Shot Chart Detail,22500232,112,1630183,Jaden McDaniels,1610612750,Minnesota Timberwolves,1,4,0,Made Shot,Turnaround Jump Shot,2PT Field Goal,In The Paint (Non-RA),Center(C),Less Than 8 ft.,6,9,62,1,1,20251115,MIN,DEN,4800,0,201144|203944|1629675|1630162|1630183,1,REG,2026,1610612750,,,,,
22500232120,,Shot Chart Detail,22500232,120,1629675,Naz Reid,1610612750,Minnesota Timberwolves,1,3,29,Missed Shot,Pullup Jump shot,3PT Field Goal,Above the Break 3,Left Side Center(LC),24+ ft.,26,-82,247,1,0,20251115,MIN,DEN,5110,0,201144|203944|1629675|1630162|1641740,0,REG,2026,1610612750,,,,,
22500232124,,Shot Chart Detail,22500232,124,201144,Mike Conley,1610612750,Minnesota Timberwolves,1,3,8,Missed Shot,Driving Floating Jump Shot,2PT Field Goal,Restricted Area,Center(C),Less Than 8 ft.,3,4,34,1,0,20251115,MIN,DEN,5320,0,201144|203944|1629675|1630162|1641740,0,REG,2026,1610612750,,,,,
22500232129,,Shot Chart Detail,22500232,129,203944,Julius Randle,1610612750,Minnesota Timberwolves,1,2,57,Made Shot,Driving Floating Bank Jump Shot,2PT Field Goal,Mid-Range,Right Side(R),8-16 ft.,12,82,98,1,1,20251115,MIN,DEN,5430,0,201144|203944|1629675|1630162|1641740,1,REG,2026,1610612750,,,,,
22500232140,,Shot Chart Detail,22500232,140,1629675,Naz Reid,1610612750,Minnesota Timberwolves,1,2,32,Made Shot,Driving Floating Jump Shot,2PT Field Goal,In The Paint (Non-RA),Center(C),Less Than 8 ft.,7,-16,75,1,1,20251115,MIN,DEN,5680,0,201144|203944|1629675|1630162|1641740,1,REG,2026,1610612750,,,,,
22500232144,,Shot Chart Detail,22500232,144,201144,Mike Conley,1610612750,Minnesota Timberwolves,1,2,5,Made Shot,Running Layup Shot,2PT Field Goal,Restricted Area,Center(C),Less Than 8 ft.,0,4,8,1,1,20251115,MIN,DEN,5950,0,201144|203944|1629675|1630162|1641740,1,REG,2026,1610612750,,,,,
22500232166,,Shot Chart Detail,22500232,166,203944,Julius Randle,1610612750,Minnesota Timberwolves,1,0,55,Made Shot,Driving Finger Roll Layup Shot,2PT Field Goal,Restricted Area,Center(C),Less Than 8 ft.,1,0,11,1,1,20251115,MIN,DEN,6650,0,201144|203944|1629675|1630162|1641740,0,REG,2026,1610612750,,,,,
22500232172,,Shot Chart Detail,22500232,172,1630162,Anthony Edwards,1610612750,Minnesota Timberwolves,1,0,34,Missed Shot,Step Back Jump shot,3PT Field Goal,Above the Break 3,Left Side Center(LC),24+ ft.,24,-120,215,1,0,20251115,MIN,DEN,6860,0,201144|203944|1629675|1630162|1641740,0,REG,2026,1610612750,,,,,
22500232177,,Shot Chart Detail,22500232,177,1629675,Naz Reid,1610612750,Minnesota Timberwolves,1,0,0,Made Shot,Jump Shot,3PT Field Goal,Left Corner 3,Left Side(L),24+ ft.,22,-224,9,1,1,20251115,MIN,DEN,7200,0,201144|203944|1629675|1630162|1641740,1,REG,2026,1610612750,,,,,
22500232189,,Shot Chart Detail,22500232,189,1628978,Donte DiVincenzo,1610612750,Minnesota Timberwolves,2,11,43,Missed Shot,Pullup Jump shot,3PT Field Goal,Above the Break 3,Left Side Center(LC),24+ ft.,24,-145,203,1,0,20251115,MIN,DEN,7370,0,201144|203497|1628978|1629675|1641740,0,REG,2026,1610612750,,,,,
22500232193,,Shot Chart Detail,22500232,193,1629675,Naz Reid,1610612750,Minnesota Timberwolves,2,11,10,Missed Shot,Driving Layup Shot,2PT Field Goal,In The Paint (Non-RA),Center(C),Less Than 8 ft.,5,11,53,1,0,20251115,MIN,DEN,7700,0,201144|203497|1628978|1629675|1641740,0,REG,2026,1610612750,,,,,
22500232206,,Shot Chart Detail,22500232,206,1629675,Naz Reid,1610612750,Minnesota Timberwolves,2,10,10,Made Shot,Running Pull-Up Jump Shot,3PT Field Goal,Right Corner 3,Right Side(R),24+ ft.,23,234,8,1,1,20251115,MIN,DEN,8300,0,201144|203497|1628978|1629675|1630183,1,REG,2026,1610612750,,,,,
22500232212,,Shot Chart Detail,22500232,212,201144,Mike Conley,1610612750,Minnesota Timberwolves,2,9,28,Missed Shot,Jump Shot,3PT Field Goal,Above the Break 3,Left Side Center(LC),24+ ft.,25,-102,237,1,0,20251115,MIN,DEN,8720,0,201144|203497|1628978|1629675|1630183,0,REG,2026,1610612750,,,,,
22500232220,,Shot Chart Detail,22500232,220,1630183,Jaden McDaniels,1610612750,Minnesota Timberwolves,2,8,56,Missed Shot,Turnaround Jump Shot,2PT Field Goal,Mid-Range,Left Side(L),8-16 ft.,9,-86,29,1,0,20251115,MIN,DEN,9040,0,203497|1628978|1629675|1630183|1642265,0,REG,2026,1610612750,,,,,
22500232231,,Shot Chart Detail,22500232,231,203944,Julius Randle,1610612750,Minnesota Timberwolves,2,8,28,Made Shot,Jump Shot,3PT Field Goal,Above the Break 3,Center(C),24+ ft.,25,9,252,1,1,20251115,MIN,DEN,9320,0,203944|1628978|1629675|1630183|1642265,1,REG,2026,1610612750,,,,,
22500232234,,Shot Chart Detail,22500232,234,1630183,Jaden McDaniels,1610612750,Minnesota Timberwolves,2,7,55,Missed Shot,Driving Layup Shot,2PT Field Goal,Restricted Area,Center(C),Less Than 8 ft.,0,2,6,1,0,20251115,MIN,DEN,9650,0,203944|1628978|1629675|1630183|1642265,0,REG,2026,1610612750,,,,,
22500232239,,Shot Chart Detail,22500232,239,1630183,Jaden McDaniels,1610612750,Minnesota Timberwolves,2,7,37,Missed Shot,Running Jump Shot,3PT Field Goal,Left Corner 3,Left Side(L),24+ ft.,22,-224,40,1,0,20251115,MIN,DEN,9830,0,203944|1628978|1629675|1630183|1642265,0,REG,2026,1610612750,,,,,
22500232241,,Shot Chart Detail,22500232,241,1630183,Jaden McDaniels,1610612750,Minnesota Timberwolves,2,7,33,Made Shot,Putback Layup Shot,2PT Field Goal,Restricted Area,Center(C),Less Than 8 ft.,0,9,-2,1,1,20251115,MIN,DEN,9870,0,203944|1628978|1629675|1630183|1642265,0,REG,2026,1610612750,,,,,
22500232254,,Shot Chart Detail,22500232,254,1629675,Naz Reid,1610612750,Minnesota Timberwolves,2,6,46,Made Shot,Jump Shot,3PT Field Goal,Left Corner 3,Left Side(L),24+ ft.,22,-228,16,1,1,20251115,MIN,DEN,10340,0,203944|1629675|1630162|1630183|1642265,1,REG,2026,1610612750,,,,,
22500232266,,Shot Chart Detail,22500232,266,1642265,Rob Dillingham,1610612750,Minnesota Timberwolves,2,6,11,Made Shot,Jump Shot,3PT Field Goal,Above the Break 3,Right Side Center(RC),24+ ft.,26,104,243,1,1,20251115,MIN,DEN,10690,0,203944|1629675|1630162|1630183|1642265,1,REG,2026,1610612750,,,,,
22500232270,,Shot Chart Detail,22500232,270,1629675,Naz Reid,1610612750,Minnesota Timberwolves,2,5,30,Made Shot,Jump Shot,3PT Field Goal,Left Corner 3,Left Side(L),24+ ft.,22,-223,19,1,1,20251115,MIN,DEN,11100,0,203944|1629675|1630162|1630183|1642265,1,REG,2026,1610612750,,,,,
22500232285,,Shot Chart Detail,22500232,285,1642265,Rob Dillingham,1610612750,Minnesota Timberwolves,2,4,49,Missed Shot,Running Layup Shot,2PT Field Goal,Restricted Area,Center(C),Less Than 8 ft.,1,6,15,1,0,20251115,MIN,DEN,11510,0,203944|1629675|1630162|1630183|1642265,0,REG,2026,1610612750,,,,,
22500232293,,Shot Chart Detail,22500232,293,1630162,Anthony Edwards,1610612750,Minnesota Timberwolves,2,4,4,Made Shot,Running Dunk Shot,2PT Field Goal,Restricted Area,Center(C),Less Than 8 ft.,1,0,14,1,1,20251115,MIN,DEN,11960,0,203944|1629675|1630162|1630183|1642265,1,REG,2026,1610612750,,,,,
22500232306,,Shot Chart Detail,22500232,306,1630162,Anthony Edwards,1610612750,Minnesota Timberwolves,2,3,20,Missed Shot,Step Back Jump shot,3PT Field Goal,Above the Break 3,Center(C),24+ ft.,25,40,256,1,0,20251115,MIN,DEN,12400,0,203944|1628978|1629675|1630162|1642265,0,REG,2026,1610612750,,,,,
22500232309,,Shot Chart Detail,22500232,309,203944,Julius Randle,1610612750,Minnesota Timberwolves,2,2,45,Missed Shot,Pullup Jump shot,3PT Field Goal,Above the Break 3,Center(C),24+ ft.,26,-11,266,1,0,20251115,MIN,DEN,12750,0,203944|1628978|1629675|1630162|1642265,0,REG,2026,1610612750,,,,,
22500232314,,Shot Chart Detail,22500232,314,1628978,Donte DiVincenzo,1610612750,Minnesota Timberwolves,2,2,24,Missed Shot,Jump Shot,3PT Field Goal,Above the Break 3,Right Side Center(RC),24+ ft.,26,107,245,1,0,20251115,MIN,DEN,12960,0,201144|203944|1628978|1629675|1630162,0,REG,2026,1610612750,,,,,
22500232317,,Shot Chart Detail,22500232,317,1628978,Donte DiVincenzo,1610612750,Minnesota Timberwolves,2,1,50,Missed Shot,Cutting Layup Shot,2PT Field Goal,Restricted Area,Center(C),Less Than 8 ft.,3,9,29,1,0,20251115,MIN,DEN,13300,0,201144|203944|1628978|1629675|1630162,0,REG,2026,1610612750,,,,,
22500232328,,Shot Chart Detail,22500232,328,1630162,Anthony Edwards,1610612750,Minnesota Timberwolves,2,1,13,Missed Shot,Floating Jump shot,2PT Field Goal,Mid-Range,Left Side(L),8-16 ft.,11,-107,30,1,0,20251115,MIN,DEN,13670,0,201144|203497|203944|1628978|1630162,0,REG,2026,1610612750,,,,,
22500232337,,Shot Chart Detail,22500232,337,201144,Mike Conley,1610612750,Minnesota Timberwolves,2,0,36,Made Shot,Running Jump Shot,3PT Field Goal,Above the Break 3,Left Side Center(LC),24+ ft.,23,-190,145,1,1,20251115,MIN,DEN,14040,0,201144|203497|203944|1628978|1630162,1,REG,2026,1610612750,,,,,
22500232340,,Shot Chart Detail,22500232,340,203944,Julius Randle,1610612750,Minnesota Timberwolves,2,0,11,Made Shot,Driving Finger Roll Layup Shot,2PT Field Goal,Restricted Area,Center(C),Less Than 8 ft.,1,1,15,1,1,20251115,MIN,DEN,14290,0,203497|203944|1630162|1630183|1641740,0,REG,2026,1610612750,,,,,
22500232361,,Shot Chart Detail,22500232,361,1630162,Anthony Edwards,1610612750,Minnesota Timberwolves,3,11,44,Missed Shot,Fadeaway Jump Shot,2PT Field Goal,In The Paint (Non-RA),Center(C),Less Than 8 ft.,6,4,68,1,0,20251115,MIN,DEN,14560,0,203497|203944|1628978|1630162|1630183,0,REG,2026,1610612750,,,,,
22500232365,,Shot Chart Detail,22500232,365,1630183,Jaden McDaniels,1610612750,Minnesota Timberwolves,3,11,22,Missed Shot,Driving Floating Jump Shot,2PT Field Goal,In The Paint (Non-RA),Center(C),Less Than 8 ft.,5,-29,45,1,0,20251115,MIN,DEN,14780,0,203497|203944|1628978|1630162|1630183,0,REG,2026,1610612750,,,,,
22500232370,,Shot Chart Detail,22500232,370,1630162,Anthony Edwards,1610612750,Minnesota Timberwolves,3,10,32,Made Shot,Driving Floating Jump Shot,2PT Field Goal,In The Paint (Non-RA),Center(C),8-16 ft.,8,2,81,1,1,20251115,MIN,DEN,15280,0,203497|203944|1628978|1630162|1630183,0,REG,2026,1610612750,,,,,
22500232380,,Shot Chart Detail,22500232,380,203944,Julius Randle,1610612750,Minnesota Timberwolves,3,10,4,Missed Shot,Pullup Jump shot,2PT Field Goal,Mid-Range,Left Side Center(LC),16-24 ft.,18,-62,172,1,0,20251115,MIN,DEN,15560,0,203497|203944|1628978|1630162|1630183,0,REG,2026,1610612750,,,,,
22500232382,,Shot Chart Detail,22500232,382,203497,Rudy Gobert,1610612750,Minnesota Timberwolves,3,10,0,Missed Shot,Putback Layup Shot,2PT Field Goal,Restricted Area,Center(C),Less Than 8 ft.,1,18,-6,1,0,20251115,MIN,DEN,15600,0,203497|203944|1628978|1630162|1630183,0,REG,2026,1610612750,,,,,
22500232390,,Shot Chart Detail,22500232,390,1630183,Jaden McDaniels,1610612750,Minnesota Timberwolves,3,9,24,Made Shot,Pullup Jump shot,2PT Field Goal,In The Paint (Non-RA),Center(C),8-16 ft.,11,17,109,1,1,20251115,MIN,DEN,15960,0,203497|203944|1628978|1630162|1630183,1,REG,2026,1610612750,,,,,
22500232394,,Shot Chart Detail,22500232,394,1628978,Donte DiVincenzo,1610612750,Minnesota Timberwolves,3,8,51,Missed Shot,Jump Shot,3PT Field Goal,Above the Break 3,Left Side Center(LC),24+ ft.,27,-163,222,1,0,20251115,MIN,DEN,16290,0,203497|203944|1628978|1630162|1630183,0,REG,2026,1610612750,,,,,
22500232398,,Shot Chart Detail,22500232,398,203497,Rudy Gobert,1610612750,Minnesota Timberwolves,3,8,27,Made Shot,Alley Oop Dunk Shot,2PT Field Goal,Restricted Area,Center(C),Less Than 8 ft.,1,13,6,1,1,20251115,MIN,DEN,16530,0,203497|203944|1628978|1630162|1630183,1,REG,2026,1610612750,,,,,
22500232409,,Shot Chart Detail,22500232,409,203944,Julius Randle,1610612750,Minnesota Timberwolves,3,7,14,Made Shot,Driving Layup Shot,2PT Field Goal,Restricted Area,Center(C),Less Than 8 ft.,3,4,34,1,1,20251115,MIN,DEN,17260,0,203497|203944|1628978|1630162|1630183,0,REG,2026,1610612750,,,,,
22500232416,,Shot Chart Detail,22500232,416,1630162,Anthony Edwards,1610612750,Minnesota Timberwolves,3,6,23,Made Shot,Driving Layup Shot,2PT Field Goal,In The Paint (Non-RA),Center(C),Less Than 8 ft.,4,-1,49,1,1,20251115,MIN,DEN,17770,0,203497|203944|1628978|1630162|1630183,0,REG,2026,1610612750,,,,,
22500232417,,Shot Chart Detail,22500232,417,1630162,Anthony Edwards,1610612750,Minnesota Timberwolves,3,5,52,Missed Shot,Turnaround Jump Shot,2PT Field Goal,In The Paint (Non-RA),Center(C),Less Than 8 ft.,4,-4,43,1,0,20251115,MIN,DEN,18080,0,201144|203944|1629675|1630162|1641740,0,REG,2026,1610612750,,,,,
22500232424,,Shot Chart Detail,22500232,424,203944,Julius Randle,1610612750,Minnesota Timberwolves,3,5,43,Missed Shot,Step Back Jump shot,3PT Field Goal,Above the Break 3,Center(C),24+ ft.,25,-66,246,1,0,20251115,MIN,DEN,18170,0,201144|203944|1629675|1630162|1641740,0,REG,2026,1610612750,,,,,
22500232426,,Shot Chart Detail,22500232,426,1629675,Naz Reid,1610612750,Minnesota Timberwolves,3,5,34,Missed Shot,Jump Shot,3PT Field Goal,Above the Break 3,Left Side Center(LC),24+ ft.,25,-89,239,1,0,20251115,MIN,DEN,18260,0,201144|203944|1629675|1630162|1641740,0,REG,2026,1610612750,,,,,
22500232428,,Shot Chart Detail,22500232,428,203944,Julius Randle,1610612750,Minnesota Timberwolves,3,5,21,Made Shot,Running Dunk Shot,2PT Field Goal,Restricted Area,Center(C),Less Than 8 ft.,2,0,21,1,1,20251115,MIN,DEN,18390,0,201144|203944|1629675|1630162|1641740,0,REG,2026,1610612750,,,,,
22500232437,,Shot Chart Detail,22500232,437,1630162,Anthony Edwards,1610612750,Minnesota Timberwolves,3,4,51,Missed Shot,Turnaround Fadeaway Bank Jump Shot,2PT Field Goal,In The Paint (Non-RA),Center(C),Less Than 8 ft.,4,-29,28,1,0,20251115,MIN,DEN,18690,0,201144|203944|1629675|1630162|1641740,0,REG,2026,1610612750,,,,,
22500232453,,Shot Chart Detail,22500232,453,1641740,Jaylen Clark,1610612750,Minnesota Timberwolves,3,3,43,Made Shot,Jump Shot,3PT Field Goal,Left Corner 3,Left Side(L),24+ ft.,22,-225,5,1,1,20251115,MIN,DEN,19370,0,201144|203944|1629675|1630162|1641740,1,REG,2026,1610612750,,,,,
22500232455,,Shot Chart Detail,22500232,455,1630162,Anthony Edwards,1610612750,Minnesota Timberwolves,3,3,3,Missed Shot,Pullup Jump shot,3PT Field Goal,Above the Break 3,Right Side Center(RC),24+ ft.,26,229,135,1,0,20251115,MIN,DEN,19770,0,201144|203944|1629675|1630162|1641740,0,REG,2026,1610612750,,,,,
22500232466,,Shot Chart Detail,22500232,466,203944,Julius Randle,1610612750,Minnesota Timberwolves,3,2,18,Missed Shot,Driving Layup Shot,2PT Field Goal,In The Paint (Non-RA),Center(C),Less Than 8 ft.,4,-47,13,1,0,20251115,MIN,DEN,20220,0,201144|203944|1629675|1630162|1641740,0,REG,2026,1610612750,,,,,
22500232473,,Shot Chart Detail,22500232,473,1630162,Anthony Edwards,1610612750,Minnesota Timberwolves,3,1,51,Missed Shot,Jump Shot,3PT Field Goal,Above the Break 3,Right Side Center(RC),24+ ft.,27,228,148,1,0,20251115,MIN,DEN,20490,0,201144|203944|1629675|1630162|1641740,0,REG,2026,1610612750,,,,,
22500232479,,Shot Chart Detail,22500232,479,1630162,Anthony Edwards,1610612750,Minnesota Timberwolves,3,0,32,Made Shot,Driving Layup Shot,2PT Field Goal,Restricted Area,Center(C),Less Than 8 ft.,2,6,25,1,1,20251115,MIN,DEN,21280,0,201144|203944|1629675|1630162|1641740,0,REG,2026,1610612750,,,,,
22500232484,,Shot Chart Detail,22500232,484,1630162,Anthony Edwards,1610612750,Minnesota Timberwolves,3,0,14,Made Shot,Driving Layup Shot,2PT Field Goal,Restricted Area,Center(C),Less Than 8 ft.,2,26,4,1,1,20251115,MIN,DEN,21460,0,201144|203944|1628978|1629675|1630162,0,REG,2026,1610612750,,,,,
22500232487,,Shot Chart Detail,22500232,487,203944,Julius Randle,1610612750,Minnesota Timberwolves,3,0,1,Made Shot,Running Dunk Shot,2PT Field Goal,Restricted Area,Center(C),Less Than 8 ft.,2,-6,20,1,1,20251115,MIN,DEN,21590,0,201144|203944|1628978|1629675|1630162,0,REG,2026,1610612750,,,,,
22500232542,,Shot Chart Detail,22500232,542,201144,Mike Conley,1610612750,Minnesota Timberwolves,4,11,21,Missed Shot,Jump Shot,3PT Field Goal,Above the Break 3,Right Side Center(RC),24+ ft.,26,126,233,1,0,20251115,MIN,DEN,21990,0,201144|203497|1628978|1629675|1630183,0,REG,2026,1610612750,,,,,
22500232544,,Shot Chart Detail,22500232,544,1629675,Naz Reid,1610612750,Minnesota Timberwolves,4,11,18,Made Shot,Putback Layup Shot,2PT Field Goal,Restricted Area,Center(C),Less Than 8 ft.,3,31,-1,1,1,20251115,MIN,DEN,22020,0,201144|203497|1628978|1629675|1630183,0,REG,2026,1610612750,,,,,
22500232547,,Shot Chart Detail,22500232,547,1630183,Jaden McDaniels,1610612750,Minnesota Timberwolves,4,10,44,Made Shot,Driving Floating Bank Jump Shot,2PT Field Goal,Restricted Area,Center(C),Less Than 8 ft.,3,33,17,1,1,20251115,MIN,DEN,22360,0,201144|203497|1628978|1629675|1630183,1,REG,2026,1610612750,,,,,
22500232554,,Shot Chart Detail,22500232,554,1628978,Donte DiVincenzo,1610612750,Minnesota Timberwolves,4,9,40,Made Shot,Driving Layup Shot,2PT Field Goal,Restricted Area,Center(C),Less Than 8 ft.,3,29,-13,1,1,20251115,MIN,DEN,23000,0,201144|203497|1628978|1629675|1630183,1,REG,2026,1610612750,,,,,
22500232561,,Shot Chart Detail,22500232,561,1629675,Naz Reid,1610612750,Minnesota Timberwolves,4,8,54,Missed Shot,Jump Shot,3PT Field Goal,Right Corner 3,Right Side(R),24+ ft.,22,222,-16,1,0,20251115,MIN,DEN,23460,0,201144|203497|1628978|1629675|1630183,0,REG,2026,1610612750,,,,,
22500232564,,Shot Chart Detail,22500232,564,1628978,Donte DiVincenzo,1610612750,Minnesota Timberwolves,4,8,28,Missed Shot,Driving Floating Bank Jump Shot,2PT Field Goal,In The Paint (Non-RA),Center(C),Less Than 8 ft.,6,-7,62,1,0,20251115,MIN,DEN,23720,0,201144|203497|1628978|1629675|1630183,0,REG,2026,1610612750,,,,,
22500232568,,Shot Chart Detail,22500232,568,1628978,Donte DiVincenzo,1610612750,Minnesota Timberwolves,4,7,51,Missed Shot,Jump Shot,3PT Field Goal,Above the Break 3,Left Side Center(LC),24+ ft.,24,-223,89,1,0,20251115,MIN,DEN,24090,0,201144|203497|1628978|1629675|1630183,0,REG,2026,1610612750,,,,,
22500232573,,Shot Chart Detail,22500232,573,203944,Julius Randle,1610612750,Minnesota Timberwolves,4,7,25,Missed Shot,Jump Shot,3PT Field Goal,Above the Break 3,Right Side Center(RC),24+ ft.,25,92,243,1,0,20251115,MIN,DEN,24350,0,201144|203944|1628978|1629675|1630183,0,REG,2026,1610612750,,,,,
22500232582,,Shot Chart Detail,22500232,582,1630162,Anthony Edwards,1610612750,Minnesota Timberwolves,4,6,35,Missed Shot,Driving Floating Jump Shot,2PT Field Goal,In The Paint (Non-RA),Left Side(L),8-16 ft.,10,-66,78,1,0,20251115,MIN,DEN,24850,0,203944|1628978|1629675|1630162|1630183,0,REG,2026,1610612750,,,,,
22500232601,,Shot Chart Detail,22500232,601,1628978,Donte DiVincenzo,1610612750,Minnesota Timberwolves,4,6,6,Made Shot,Driving Layup Shot,2PT Field Goal,In The Paint (Non-RA),Center(C),Less Than 8 ft.,6,31,52,1,1,20251115,MIN,DEN,25140,0,203944|1628978|1629675|1630162|1630183,0,REG,2026,1610612750,,,,,
22500232609,,Shot Chart Detail,22500232,609,1630183,Jaden McDaniels,1610612750,Minnesota Timberwolves,4,5,25,Made Shot,Driving Floating Jump Shot,2PT Field Goal,Mid-Range,Left Side(L),8-16 ft.,8,-89,10,1,1,20251115,MIN,DEN,25550,0,203944|1628978|1629675|1630162|1630183,1,REG,2026,1610612750,,,,,
22500232646,,Shot Chart Detail,22500232,646,1630162,Anthony Edwards,1610612750,Minnesota Timberwolves,4,4,19,Made Shot,Driving Layup Shot,2PT Field Goal,Restricted Area,Center(C),Less Than 8 ft.,2,13,23,1,1,20251115,MIN,DEN,26210,0,203944|1628978|1629675|1630162|1630183,0,REG,2026,1610612750,,,,,
22500232649,,Shot Chart Detail,22500232,649,1630162,Anthony Edwards,1610612750,Minnesota Timberwolves,4,3,45,Made Shot,Running Layup Shot,2PT Field Goal,In The Paint (Non-RA),Center(C),Less Than 8 ft.,5,58,5,1,1,20251115,MIN,DEN,26550,0,203944|1628978|1629675|1630162|1630183,0,REG,2026,1610612750,,,,,
22500232652,,Shot Chart Detail,22500232,652,1630162,Anthony Edwards,1610612750,Minnesota Timberwolves,4,3,15,Missed Shot,Pullup Jump shot,3PT Field Goal,Above the Break 3,Left Side Center(LC),24+ ft.,27,-119,244,1,0,20251115,MIN,DEN,26850,0,201144|203944|1628978|1630162|1630183,0,REG,2026,1610612750,,,,,
22500232698,,Shot Chart Detail,22500232,698,203944,Julius Randle,1610612750,Minnesota Timberwolves,4,2,38,Missed Shot,Driving Layup Shot,2PT Field Goal,Mid-Range,Right Side(R),8-16 ft.,8,82,17,1,0,20251115,MIN,DEN,27220,0,201144|203944|1628978|1630162|1630183,0,REG,2026,1610612750,,,,,
22500232676,,Shot Chart Detail,22500232,676,1630183,Jaden McDaniels,1610612750,Minnesota Timberwolves,4,1,54,Missed Shot,Jump Shot,3PT Field Goal,Above the Break 3,Right Side Center(RC),24+ ft.,25,109,231,1,0,20251115,MIN,DEN,27660,0,201144|203944|1628978|1630162|1630183,0,REG,2026,1610612750,,,,,
22500232678,,Shot Chart Detail,22500232,678,1630162,Anthony Edwards,1610612750,Minnesota Timberwolves,4,1,50,Missed Shot,Jump Shot,3PT Field Goal,Above the Break 3,Right Side Center(RC),24+ ft.,26,118,236,1,0,20251115,MIN,DEN,27700,0,201144|203944|1628978|1630162|1630183,0,REG,2026,1610612750,,,,,
22500232680,,Shot Chart Detail,22500232,680,1630183,Jaden McDaniels,1610612750,Minnesota Timberwolves,4,1,42,Missed Shot,Driving Floating Bank Jump Shot,2PT Field Goal,In The Paint (Non-RA),Center(C),Less Than 8 ft.,4,-42,20,1,0,20251115,MIN,DEN,27780,0,201144|203944|1628978|1630162|1630183,0,REG,2026,1610612750,,,,,
22500232684,,Shot Chart Detail,22500232,684,1628978,Donte DiVincenzo,1610612750,Minnesota Timberwolves,4,1,34,Made Shot,Cutting Layup Shot,2PT Field Goal,Restricted Area,Center(C),Less Than 8 ft.,3,-34,17,1,1,20251115,MIN,DEN,27860,0,201144|203944|1628978|1630162|1630183,1,REG,2026,1610612750,,,,,
22500232707,,Shot Chart Detail,22500232,707,1630183,Jaden McDaniels,1610612750,Minnesota Timberwolves,4,1,3,Made Shot,Cutting Layup Shot,2PT Field Goal,Restricted Area,Center(C),Less Than 8 ft.,2,17,22,1,1,20251115,MIN,DEN,28170,0,201144|203944|1628978|1630162|1630183,1,REG,2026,1610612750,,,,,
22500232716,,Shot Chart Detail,22500232,716,203944,Julius Randle,1610612750,Minnesota Timberwolves,4,0,43,Made Shot,Driving Layup Shot,2PT Field Goal,Restricted Area,Center(C),Less Than 8 ft.,0,0,6,1,1,20251115,MIN,DEN,28370,0,201144|203944|1628978|1630162|1630183,0,REG,2026,1610612750,,,,,
22500232719,,Shot Chart Detail,22500232,719,1630162,Anthony Edwards,1610612750,Minnesota Timberwolves,4,0,32,Made Shot,Driving Layup Shot,2PT Field Goal,Restricted Area,Center(C),Less Than 8 ft.,2,27,7,1,1,20251115,MIN,DEN,28480,0,201144|203944|1628978|1630162|1630183,0,REG,2026,1610612750,,,,,
2250024616,,Shot Chart Detail,22500246,16,1628978,Donte DiVincenzo,1610612750,Minnesota Timberwolves,1,11,16,Made Shot,Jump Shot,3PT Field Goal,Above the Break 3,Left Side Center(LC),24+ ft.,24,-205,132,1,1,20251117,MIN,DAL,440,0,203497|203944|1628978|1630162|1630183,1,REG,2026,1610612750,,,,,
2250024620,,Shot Chart Detail,22500246,20,1628978,Donte DiVincenzo,1610612750,Minnesota Timberwolves,1,10,49,Missed Shot,Pullup Jump shot,3PT Field Goal,Above the Break 3,Center(C),24+ ft.,25,-70,245,1,0,20251117,MIN,DAL,710,0,203497|203944|1628978|1630162|1630183,0,REG,2026,1610612750,,,,,
2250024624,,Shot Chart Detail,22500246,24,1630183,Jaden McDaniels,1610612750,Minnesota Timberwolves,1,10,39,Made Shot,Running Layup Shot,2PT Field Goal,Restricted Area,Center(C),Less Than 8 ft.,1,2,16,1,1,20251117,MIN,DAL,810,0,203497|203944|1628978|1630162|1630183,0,REG,2026,1610612750,,,,,
2250024632,,Shot Chart Detail,22500246,32,1630183,Jaden McDaniels,1610612750,Minnesota Timberwolves,1,10,9,Missed Shot,Jump Shot,3PT Field Goal,Left Corner 3,Left Side(L),24+ ft.,22,-229,-10,1,0,20251117,MIN,DAL,1110,0,203497|203944|1628978|1630162|1630183,0,REG,2026,1610612750,,,,,
2250024634,,Shot Chart Detail,22500246,34,203497,Rudy Gobert,1610612750,Minnesota Timberwolves,1,10,4,Made Shot,Tip Dunk Shot,2PT Field Goal,Restricted Area,Center(C),Less Than 8 ft.,0,0,0,1,1,20251117,MIN,DAL,1160,0,203497|203944|1628978|1630162|1630183,0,REG,2026,1610612750,,,,,
2250024643,,Shot Chart Detail,22500246,43,203497,Rudy Gobert,1610612750,Minnesota Timberwolves,1,9,21,Missed Shot,Driving Layup Shot,2PT Field Goal,Restricted Area,Center(C),Less Than 8 ft.,2,-18,16,1,0,20251117,MIN,DAL,1590,0,203497|203944|1628978|1630162|1630183,0,REG,2026,1610612750,,,,,
2250024645,,Shot Chart Detail,22500246,45,1628978,Donte DiVincenzo,1610612750,Minnesota Timberwolves,1,9,17,Missed Shot,Jump Shot,3PT Field Goal,Above the Break 3,Right Side Center(RC),24+ ft.,24,207,136,1,0,20251117,MIN,DAL,1630,0,203497|203944|1628978|1630162|1630183,0,REG,2026,1610612750,,,,,
2250024648,,Shot Chart Detail,22500246,48,203944,Julius Randle,1610612750,Minnesota Timberwolves,1,8,40,Missed Shot,Jump Shot,3PT Field Goal,Above the Break 3,Right Side Center(RC),24+ ft.,25,176,183,1,0,20251117,MIN,DAL,2000,0,203497|203944|1628978|1630162|1630183,0,REG,2026,1610612750,,,,,
2250024653,,Shot Chart Detail,22500246,53,203944,Julius Randle,1610612750,Minnesota Timberwolves,1,8,7,Made Shot,Driving Layup Shot,2PT Field Goal,Restricted Area,Center(C),Less Than 8 ft.,1,11,9,1,1,20251117,MIN,DAL,2330,0,203497|203944|1628978|1630162|1630183,0,REG,2026,1610612750,,,,,
2250024659,,Shot Chart Detail,22500246,59,203944,Julius Randle,1610612750,Minnesota Timberwolves,1,7,31,Missed Shot,Pullup Jump shot,2PT Field Goal,In The Paint (Non-RA),Center(C),8-16 ft.,11,2,119,1,0,20251117,MIN,DAL,2690,0,203497|203944|1628978|1630162|1630183,0,REG,2026,1610612750,,,,,
2250024668,,Shot Chart Detail,22500246,68,203944,Julius Randle,1610612750,Minnesota Timberwolves,1,7,6,Made Shot,Driving Layup Shot,2PT Field Goal,Restricted Area,Center(C),Less Than 8 ft.,0,4,6,1,1,20251117,MIN,DAL,2940,0,203497|203944|1628978|1630162|1630183,1,REG,2026,1610612750,,,,,
2250024677,,Shot Chart Detail,22500246,77,1628978,Donte DiVincenzo,1610612750,Minnesota Timberwolves,1,6,49,Made Shot,Running Jump Shot,3PT Field Goal,Right Corner 3,Right Side(R),24+ ft.,22,228,5,1,1,20251117,MIN,DAL,3110,0,203497|203944|1628978|1630162|1630183,1,REG,2026,1610612750,,,,,
2250024689,,Shot Chart Detail,22500246,89,1630183,Jaden McDaniels,1610612750,Minnesota Timberwolves,1,5,45,Missed Shot,Turnaround Jump Shot,2PT Field Goal,In The Paint (Non-RA),Center(C),Less Than 8 ft.,7,-65,37,1,0,20251117,MIN,DAL,3750,0,203497|203944|1628978|1630162|1630183,0,REG,2026,1610612750,,,,,
2250024696,,Shot Chart Detail,22500246,96,1630162,Anthony Edwards,1610612750,Minnesota Timberwolves,1,5,20,Missed Shot,Driving Layup Shot,2PT Field Goal,Restricted Area,Center(C),Less Than 8 ft.,3,16,30,1,0,20251117,MIN,DAL,4000,0,203497|203944|1628978|1630162|1630183,0,REG,2026,1610612750,,,,,
2250024698,,Shot Chart Detail,22500246,98,1630162,Anthony Edwards,1610612750,Minnesota Timberwolves,1,5,18,Missed Shot,Tip Layup Shot,2PT Field Goal,Restricted Area,Center(C),Less Than 8 ft.,0,0,0,1,0,20251117,MIN,DAL,4020,0,203497|203944|1628978|1630162|1630183,0,REG,2026,1610612750,,,,,
22500246103,,Shot Chart Detail,22500246,103,1629675,Naz Reid,1610612750,Minnesota Timberwolves,1,5,5,Missed Shot,Driving Floating Jump Shot,2PT Field Goal,In The Paint (Non-RA),Center(C),8-16 ft.,12,40,122,1,0,20251117,MIN,DAL,4150,0,203497|1628978|1629675|1630162|1630183,0,REG,2026,1610612750,,,,,
22500246106,,Shot Chart Detail,22500246,106,1630162,Anthony Edwards,1610612750,Minnesota Timberwolves,1,4,39,Missed Shot,Pullup Jump shot,3PT Field Goal,Above the Break 3,Center(C),24+ ft.,24,38,247,1,0,20251117,MIN,DAL,4410,0,203497|1628978|1629675|1630162|1630183,0,REG,2026,1610612750,,,,,
22500246116,,Shot Chart Detail,22500246,116,1629675,Naz Reid,1610612750,Minnesota Timberwolves,1,4,1,Made Shot,Turnaround Hook Shot,2PT Field Goal,In The Paint (Non-RA),Center(C),Less Than 8 ft.,7,-2,71,1,1,20251117,MIN,DAL,4790,0,201144|203497|1628978|1629675|1630183,0,REG,2026,1610612750,,,,,
22500246127,,Shot Chart Detail,22500246,127,1629675,Naz Reid,1610612750,Minnesota Timberwolves,1,3,8,Made Shot,Driving Bank Hook Shot,2PT Field Goal,In The Paint (Non-RA),Center(C),Less Than 8 ft.,7,45,55,1,1,20251117,MIN,DAL,5320,0,201144|203497|1628978|1629675|1641740,1,REG,2026,1610612750,,,,,
22500246138,,Shot Chart Detail,22500246,138,201144,Mike Conley,1610612750,Minnesota Timberwolves,1,2,45,Made Shot,Pullup Jump shot,3PT Field Goal,Above the Break 3,Center(C),24+ ft.,24,-72,237,1,1,20251117,MIN,DAL,5550,0,201144|203944|1628978|1629675|1641740,0,REG,2026,1610612750,,,,,
22500246155,,Shot Chart Detail,22500246,155,1629675,Naz Reid,1610612750,Minnesota Timberwolves,1,1,26,Made Shot,Running Pull-Up Jump Shot,3PT Field Goal,Above the Break 3,Center(C),24+ ft.,27,75,260,1,1,20251117,MIN,DAL,6340,0,201144|203944|1628978|1629675|1641740,1,REG,2026,1610612750,,,,,
22500246162,,Shot Chart Detail,22500246,162,1629675,Naz Reid,1610612750,Minnesota Timberwolves,1,0,53,Made Shot,Cutting Layup Shot,2PT Field Goal,Restricted Area,Center(C),Less Than 8 ft.,1,13,9,1,1,20251117,MIN,DAL,6670,0,201144|203944|1629675|1630183|1641740,1,REG,2026,1610612750,,,,,
22500246184,,Shot Chart Detail,22500246,184,201144,Mike Conley,1610612750,Minnesota Timberwolves,1,0,0,Missed Shot,Pullup Jump shot,3PT Field Goal,Above the Break 3,Left Side Center(LC),24+ ft.,24,-105,224,1,0,20251117,MIN,DAL,7200,0,201144|203944|1629675|1630183|1641740,0,REG,2026,1610612750,,,,,
22500246197,,Shot Chart Detail,22500246,197,1629675,Naz Reid,1610612750,Minnesota Timberwolves,2,11,36,Missed Shot,Jump Shot,3PT Field Goal,Left Corner 3,Left Side(L),24+ ft.,23,-232,-18,1,0,20251117,MIN,DAL,7440,0,201144|203944|1629675|1630162|1630183,0,REG,2026,1610612750,,,,,
22500246201,,Shot Chart Detail,22500246,201,1630162,Anthony Edwards,1610612750,Minnesota Timberwolves,2,11,15,Missed Shot,Step Back Jump shot,3PT Field Goal,Above the Break 3,Right Side Center(RC),24+ ft.,25,85,241,1,0,20251117,MIN,DAL,7650,0,201144|203944|1629675|1630162|1630183,0,REG,2026,1610612750,,,,,
22500246209,,Shot Chart Detail,22500246,209,1629675,Naz Reid,1610612750,Minnesota Timberwolves,2,10,41,Made Shot,Driving Dunk Shot,2PT Field Goal,Restricted Area,Center(C),Less Than 8 ft.,0,4,6,1,1,20251117,MIN,DAL,7990,0,201144|203497|1629675|1630162|1630183,1,REG,2026,1610612750,,,,,
22500246212,,Shot Chart Detail,22500246,212,1629675,Naz Reid,1610612750,Minnesota Timberwolves,2,10,12,Made Shot,Jump Shot,3PT Field Goal,Left Corner 3,Left Side(L),24+ ft.,22,-227,-18,1,1,20251117,MIN,DAL,8280,0,201144|203497|1629675|1630162|1630183,1,REG,2026,1610612750,,,,,
22500246221,,Shot Chart Detail,22500246,221,1629675,Naz Reid,1610612750,Minnesota Timberwolves,2,9,12,Made Shot,Turnaround Hook Shot,2PT Field Goal,In The Paint (Non-RA),Right Side(R),8-16 ft.,9,61,68,1,1,20251117,MIN,DAL,8880,0,203497|1629675|1630162|1630183|1642265,0,REG,2026,1610612750,,,,,
22500246223,,Shot Chart Detail,22500246,223,203497,Rudy Gobert,1610612750,Minnesota Timberwolves,2,8,45,Made Shot,Cutting Dunk Shot,2PT Field Goal,Restricted Area,Center(C),Less Than 8 ft.,0,5,3,1,1,20251117,MIN,DAL,9150,0,203497|1629675|1630162|1630183|1642265,1,REG,2026,1610612750,,,,,
22500246227,,Shot Chart Detail,22500246,227,1642265,Rob Dillingham,1610612750,Minnesota Timberwolves,2,8,16,Missed Shot,Jump Shot,3PT Field Goal,Above the Break 3,Center(C),24+ ft.,24,-6,245,1,0,20251117,MIN,DAL,9440,0,203497|1629675|1630162|1630183|1642265,0,REG,2026,1610612750,,,,,
22500246245,,Shot Chart Detail,22500246,245,1629675,Naz Reid,1610612750,Minnesota Timberwolves,2,7,19,Made Shot,Running Alley Oop Layup Shot,2PT Field Goal,Restricted Area,Center(C),Less Than 8 ft.,1,6,8,1,1,20251117,MIN,DAL,10010,0,203497|1629675|1630162|1630183|1642265,1,REG,2026,1610612750,,,,,
22500246255,,Shot Chart Detail,22500246,255,1642265,Rob Dillingham,1610612750,Minnesota Timberwolves,2,6,42,Missed Shot,Running Layup Shot,2PT Field Goal,Restricted Area,Center(C),Less Than 8 ft.,1,-9,14,1,0,20251117,MIN,DAL,10380,0,203497|1629675|1630162|1630183|1642265,0,REG,2026,1610612750,,,,,
22500246271,,Shot Chart Detail,22500246,271,1629675,Naz Reid,1610612750,Minnesota Timberwolves,2,5,46,Missed Shot,Jump Shot,3PT Field Goal,Above the Break 3,Center(C),24+ ft.,25,75,241,1,0,20251117,MIN,DAL,10940,0,203497|1629675|1630162|1641740|1642265,0,REG,2026,1610612750,,,,,
22500246273,,Shot Chart Detail,22500246,273,1630162,Anthony Edwards,1610612750,Minnesota Timberwolves,2,5,36,Missed Shot,Step Back Jump shot,3PT Field Goal,Above the Break 3,Right Side Center(RC),24+ ft.,24,178,173,1,0,20251117,MIN,DAL,11040,0,203497|1629675|1630162|1641740|1642265,0,REG,2026,1610612750,,,,,
22500246281,,Shot Chart Detail,22500246,281,1642265,Rob Dillingham,1610612750,Minnesota Timberwolves,2,5,9,Missed Shot,Jump Shot,3PT Field Goal,Above the Break 3,Right Side Center(RC),24+ ft.,24,153,197,1,0,20251117,MIN,DAL,11310,0,203497|203944|1630162|1641740|1642265,0,REG,2026,1610612750,,,,,
22500246285,,Shot Chart Detail,22500246,285,203944,Julius Randle,1610612750,Minnesota Timberwolves,2,4,43,Missed Shot,Driving Floating Jump Shot,2PT Field Goal,In The Paint (Non-RA),Left Side(L),8-16 ft.,8,-77,37,1,0,20251117,MIN,DAL,11570,0,203497|203944|1630162|1641740|1642265,0,REG,2026,1610612750,,,,,
22500246287,,Shot Chart Detail,22500246,287,203944,Julius Randle,1610612750,Minnesota Timberwolves,2,4,40,Missed Shot,Tip Layup Shot,2PT Field Goal,Restricted Area,Center(C),Less Than 8 ft.,0,0,0,1,0,20251117,MIN,DAL,11600,0,203497|203944|1630162|1641740|1642265,0,REG,2026,1610612750,,,,,
22500246290,,Shot Chart Detail,22500246,290,1642265,Rob Dillingham,1610612750,Minnesota Timberwolves,2,4,19,Made Shot,Pullup Jump shot,2PT Field Goal,Mid-Range,Center(C),8-16 ft.,14,4,146,1,1,20251117,MIN,DAL,11810,0,203497|203944|1630162|1641740|1642265,0,REG,2026,1610612750,,,,,
22500246293,,Shot Chart Detail,22500246,293,1642265,Rob Dillingham,1610612750,Minnesota Timberwolves,2,3,47,Missed Shot,Step Back Jump shot,3PT Field Goal,Above the Break 3,Right Side Center(RC),24+ ft.,24,167,179,1,0,20251117,MIN,DAL,12130,0,203497|203944|1630162|1641740|1642265,0,REG,2026,1610612750,,,,,
22500246304,,Shot Chart Detail,22500246,304,1641740,Jaylen Clark,1610612750,Minnesota Timberwolves,2,3,17,Missed Shot,Jump Shot,3PT Field Goal,Right Corner 3,Right Side(R),24+ ft.,23,232,15,1,0,20251117,MIN,DAL,12430,0,203497|203944|1628978|1630162|1641740,0,REG,2026,1610612750,,,,,
22500246310,,Shot Chart Detail,22500246,310,203944,Julius Randle,1610612750,Minnesota Timberwolves,2,3,9,Missed Shot,Driving Floating Jump Shot,2PT Field Goal,In The Paint (Non-RA),Center(C),Less Than 8 ft.,4,-33,26,1,0,20251117,MIN,DAL,12510,0,203497|203944|1628978|1630162|1641740,0,REG,2026,1610612750,,,,,
22500246333,,Shot Chart Detail,22500246,333,1630162,Anthony Edwards,1610612750,Minnesota Timberwolves,2,2,0,Made Shot,Driving Floating Jump Shot,2PT Field Goal,In The Paint (Non-RA),Center(C),Less Than 8 ft.,7,-21,67,1,1,20251117,MIN,DAL,13200,0,203944|1628978|1629675|1630162|1641740,1,REG,2026,1610612750,,,,,
22500246340,,Shot Chart Detail,22500246,340,203944,Julius Randle,1610612750,Minnesota Timberwolves,2,1,34,Made Shot,Jump Shot,3PT Field Goal,Above the Break 3,Right Side Center(RC),24+ ft.,25,189,171,1,1,20251117,MIN,DAL,13460,0,203944|1628978|1629675|1630162|1641740,1,REG,2026,1610612750,,,,,
22500246349,,Shot Chart Detail,22500246,349,1630162,Anthony Edwards,1610612750,Minnesota Timberwolves,2,1,11,Made Shot,Driving Layup Shot,2PT Field Goal,Restricted Area,Center(C),Less Than 8 ft.,2,-13,20,1,1,20251117,MIN,DAL,13690,0,203944|1628978|1629675|1630162|1641740,0,REG,2026,1610612750,,,,,
22500246355,,Shot Chart Detail,22500246,355,1630162,Anthony Edwards,1610612750,Minnesota Timberwolves,2,0,52,Made Shot,Pullup Jump shot,2PT Field Goal,Mid-Range,Center(C),8-16 ft.,14,-17,148,1,1,20251117,MIN,DAL,13880,0,203944|1628978|1629675|1630162|1641740,0,REG,2026,1610612750,,,,,
22500246358,,Shot Chart Detail,22500246,358,1630162,Anthony Edwards,1610612750,Minnesota Timberwolves,2,0,26,Missed Shot,Running Pull-Up Jump Shot,3PT Field Goal,Above the Break 3,Right Side Center(RC),24+ ft.,25,123,219,1,0,20251117,MIN,DAL,14140,0,203944|1628978|1629675|1630162|1641740,0,REG,2026,1610612750,,,,,
22500246361,,Shot Chart Detail,22500246,361,203944,Julius Randle,1610612750,Minnesota Timberwolves,2,0,18,Missed Shot,Jump Shot,3PT Field Goal,Above the Break 3,Left Side Center(LC),24+ ft.,24,-172,173,1,0,20251117,MIN,DAL,14220,0,203944|1628978|1629675|1630162|1641740,0,REG,2026,1610612750,,,,,
22500246384,,Shot Chart Detail,22500246,384,1628978,Donte DiVincenzo,1610612750,Minnesota Timberwolves,3,11,14,Made Shot,Jump Shot,3PT Field Goal,Above the Break 3,Left Side Center(LC),24+ ft.,26,-183,191,1,1,20251117,MIN,DAL,14860,0,203497|203944|1628978|1630162|1630183,1,REG,2026,1610612750,,,,,
22500246388,,Shot Chart Detail,22500246,388,203944,Julius Randle,1610612750,Minnesota Timberwolves,3,10,42,Made Shot,Running Layup Shot,2PT Field Goal,Restricted Area,Center(C),Less Than 8 ft.,2,-1,25,1,1,20251117,MIN,DAL,15180,0,203497|203944|1628978|1630162|1630183,1,REG,2026,1610612750,,,,,
22500246407,,Shot Chart Detail,22500246,407,1630162,Anthony Edwards,1610612750,Minnesota Timberwolves,3,9,24,Made Shot,Pullup Jump shot,3PT Field Goal,Above the Break 3,Center(C),24+ ft.,26,-18,267,1,1,20251117,MIN,DAL,15960,0,203497|203944|1628978|1630162|1630183,1,REG,2026,1610612750,,,,,
22500246410,,Shot Chart Detail,22500246,410,1630162,Anthony Edwards,1610612750,Minnesota Timberwolves,3,8,56,Made Shot,Driving Finger Roll Layup Shot,2PT Field Goal,Restricted Area,Center(C),Less Than 8 ft.,0,2,7,1,1,20251117,MIN,DAL,16240,0,203497|203944|1628978|1630162|1630183,0,REG,2026,1610612750,,,,,
22500246414,,Shot Chart Detail,22500246,414,203944,Julius Randle,1610612750,Minnesota Timberwolves,3,8,20,Missed Shot,Step Back Jump shot,3PT Field Goal,Above the Break 3,Center(C),24+ ft.,25,-22,253,1,0,20251117,MIN,DAL,16600,0,203497|203944|1628978|1630162|1630183,0,REG,2026,1610612750,,,,,
22500246417,,Shot Chart Detail,22500246,417,203944,Julius Randle,1610612750,Minnesota Timberwolves,3,8,2,Missed Shot,Driving Layup Shot,2PT Field Goal,Restricted Area,Center(C),Less Than 8 ft.,2,-27,13,1,0,20251117,MIN,DAL,16780,0,203497|203944|1628978|1630162|1630183,0,REG,2026,1610612750,,,,,
22500246420,,Shot Chart Detail,22500246,420,203497,Rudy Gobert,1610612750,Minnesota Timberwolves,3,7,57,Made Shot,Putback Dunk Shot,2PT Field Goal,Restricted Area,Center(C),Less Than 8 ft.,1,1,13,1,1,20251117,MIN,DAL,16830,0,203497|203944|1628978|1630162|1630183,0,REG,2026,1610612750,,,,,
22500246434,,Shot Chart Detail,22500246,434,1630183,Jaden McDaniels,1610612750,Minnesota Timberwolves,3,7,11,Made Shot,Jump Shot,3PT Field Goal,Right Corner 3,Right Side(R),24+ ft.,23,229,-27,1,1,20251117,MIN,DAL,17290,0,203497|203944|1628978|1630162|1630183,0,REG,2026,1610612750,,,,,
22500246439,,Shot Chart Detail,22500246,439,1630162,Anthony Edwards,1610612750,Minnesota Timberwolves,3,6,33,Missed Shot,Step Back Jump shot,2PT Field Goal,Mid-Range,Center(C),16-24 ft.,21,-65,201,1,0,20251117,MIN,DAL,17670,0,203497|203944|1628978|1630162|1630183,0,REG,2026,1610612750,,,,,
22500246449,,Shot Chart Detail,22500246,449,1630183,Jaden McDaniels,1610612750,Minnesota Timberwolves,3,6,6,Made Shot,Jump Shot,3PT Field Goal,Above the Break 3,Right Side Center(RC),24+ ft.,24,138,207,1,1,20251117,MIN,DAL,17940,0,201144|203497|203944|1630162|1630183,1,REG,2026,1610612750,,,,,
22500246453,,Shot Chart Detail,22500246,453,203944,Julius Randle,1610612750,Minnesota Timberwolves,3,5,37,Missed Shot,Driving Floating Jump Shot,2PT Field Goal,In The Paint (Non-RA),Center(C),Less Than 8 ft.,6,18,59,1,0,20251117,MIN,DAL,18230,0,201144|203497|203944|1630162|1630183,0,REG,2026,1610612750,,,,,
22500246457,,Shot Chart Detail,22500246,457,1630183,Jaden McDaniels,1610612750,Minnesota Timberwolves,3,5,6,Made Shot,Jump Shot,3PT Field Goal,Above the Break 3,Right Side Center(RC),24+ ft.,25,145,207,1,1,20251117,MIN,DAL,18540,0,201144|203497|203944|1630162|1630183,1,REG,2026,1610612750,,,,,
22500246461,,Shot Chart Detail,22500246,461,203497,Rudy Gobert,1610612750,Minnesota Timberwolves,3,4,28,Missed Shot,Turnaround Hook Shot,2PT Field Goal,Restricted Area,Center(C),Less Than 8 ft.,2,15,21,1,0,20251117,MIN,DAL,18920,0,201144|203497|203944|1630162|1630183,0,REG,2026,1610612750,,,,,
22500246468,,Shot Chart Detail,22500246,468,1630162,Anthony Edwards,1610612750,Minnesota Timberwolves,3,4,8,Missed Shot,Running Pull-Up Jump Shot,3PT Field Goal,Above the Break 3,Center(C),24+ ft.,25,23,256,1,0,20251117,MIN,DAL,19120,0,201144|203497|203944|1630162|1630183,0,REG,2026,1610612750,,,,,
22500246470,,Shot Chart Detail,22500246,470,203497,Rudy Gobert,1610612750,Minnesota Timberwolves,3,4,3,Made Shot,Putback Dunk Shot,2PT Field Goal,Restricted Area,Center(C),Less Than 8 ft.,1,-4,12,1,1,20251117,MIN,DAL,19170,0,201144|203497|203944|1630162|1630183,0,REG,2026,1610612750,,,,,
22500246486,,Shot Chart Detail,22500246,486,201144,Mike Conley,1610612750,Minnesota Timberwolves,3,3,35,Missed Shot,Pullup Jump shot,3PT Field Goal,Above the Break 3,Right Side Center(RC),24+ ft.,24,120,211,1,0,20251117,MIN,DAL,19450,0,201144|203497|1629675|1630162|1641740,0,REG,2026,1610612750,,,,,
22500246489,,Shot Chart Detail,22500246,489,1641740,Jaylen Clark,1610612750,Minnesota Timberwolves,3,3,23,Missed Shot,Jump Shot,3PT Field Goal,Above the Break 3,Left Side Center(LC),24+ ft.,24,-211,134,1,0,20251117,MIN,DAL,19570,0,201144|203497|1629675|1630162|1641740,0,REG,2026,1610612750,,,,,
22500246495,,Shot Chart Detail,22500246,495,1630162,Anthony Edwards,1610612750,Minnesota Timberwolves,3,2,59,Missed Shot,Pullup Jump shot,3PT Field Goal,Above the Break 3,Right Side Center(RC),24+ ft.,26,158,214,1,0,20251117,MIN,DAL,19810,0,201144|203497|1629675|1630162|1641740,0,REG,2026,1610612750,,,,,
22500246499,,Shot Chart Detail,22500246,499,1629675,Naz Reid,1610612750,Minnesota Timberwolves,3,2,27,Missed Shot,Running Layup Shot,2PT Field Goal,Restricted Area,Center(C),Less Than 8 ft.,2,-18,17,1,0,20251117,MIN,DAL,20130,0,201144|203497|1629675|1630162|1641740,0,REG,2026,1610612750,,,,,
22500246503,,Shot Chart Detail,22500246,503,203497,Rudy Gobert,1610612750,Minnesota Timberwolves,3,2,22,Made Shot,Putback Layup Shot,2PT Field Goal,Restricted Area,Center(C),Less Than 8 ft.,0,0,0,1,1,20251117,MIN,DAL,20180,0,201144|203497|1629675|1630162|1641740,0,REG,2026,1610612750,,,,,
22500246506,,Shot Chart Detail,22500246,506,1641740,Jaylen Clark,1610612750,Minnesota Timberwolves,3,2,1,Missed Shot,Jump Shot,3PT Field Goal,Left Corner 3,Left Side(L),24+ ft.,22,-227,17,1,0,20251117,MIN,DAL,20390,0,201144|203497|1629675|1630162|1641740,0,REG,2026,1610612750,,,,,
22500246517,,Shot Chart Detail,22500246,517,1628978,Donte DiVincenzo,1610612750,Minnesota Timberwolves,3,1,34,Made Shot,Running Layup Shot,2PT Field Goal,Restricted Area,Center(C),Less Than 8 ft.,1,-4,16,1,1,20251117,MIN,DAL,20660,0,201144|203497|1628978|1629675|1641740,1,REG,2026,1610612750,,,,,
22500246540,,Shot Chart Detail,22500246,540,1628978,Donte DiVincenzo,1610612750,Minnesota Timberwolves,3,0,58,Missed Shot,Jump Shot,3PT Field Goal,Left Corner 3,Left Side(L),24+ ft.,23,-228,48,1,0,20251117,MIN,DAL,21020,0,201144|203497|1628978|1629675|1641740,0,REG,2026,1610612750,,,,,
22500246542,,Shot Chart Detail,22500246,542,1641740,Jaylen Clark,1610612750,Minnesota Timberwolves,3,0,56,Made Shot,Tip Layup Shot,2PT Field Goal,Restricted Area,Center(C),Less Than 8 ft.,0,0,0,1,1,20251117,MIN,DAL,21040,0,201144|203497|1628978|1629675|1641740,0,REG,2026,1610612750,,,,,
22500246545,,Shot Chart Detail,22500246,545,203497,Rudy Gobert,1610612750,Minnesota Timberwolves,3,0,34,Made Shot,Cutting Dunk Shot,2PT Field Goal,Restricted Area,Center(C),Less Than 8 ft.,0,-2,6,1,1,20251117,MIN,DAL,21260,0,201144|203497|1628978|1629675|1641740,1,REG,2026,1610612750,,,,,
22500246549,,Shot Chart Detail,22500246,549,1629675,Naz Reid,1610612750,Minnesota Timberwolves,3,0,1,Made Shot,Step Back Jump shot,3PT Field Goal,Above the Break 3,Center(C),24+ ft.,24,55,241,1,1,20251117,MIN,DAL,21590,0,201144|203497|1628978|1629675|1641740,0,REG,2026,1610612750,,,,,
22500246567,,Shot Chart Detail,22500246,567,201144,Mike Conley,1610612750,Minnesota Timberwolves,4,11,25,Made Shot,Driving Layup Shot,2PT Field Goal,Restricted Area,Center(C),Less Than 8 ft.,1,2,12,1,1,20251117,MIN,DAL,21950,0,201144|203944|1628978|1629675|1641740,1,REG,2026,1610612750,,,,,
22500246571,,Shot Chart Detail,22500246,571,203944,Julius Randle,1610612750,Minnesota Timberwolves,4,10,57,Missed Shot,Jump Shot,3PT Field Goal,Right Corner 3,Right Side(R),24+ ft.,23,232,-22,1,0,20251117,MIN,DAL,22230,0,201144|203944|1628978|1629675|1641740,0,REG,2026,1610612750,,,,,
22500246577,,Shot Chart Detail,22500246,577,203944,Julius Randle,1610612750,Minnesota Timberwolves,4,10,35,Missed Shot,Layup Shot,2PT Field Goal,Restricted Area,Center(C),Less Than 8 ft.,1,-4,10,1,0,20251117,MIN,DAL,22450,0,201144|203944|1628978|1629675|1641740,0,REG,2026,1610612750,,,,,
22500246584,,Shot Chart Detail,22500246,584,203944,Julius Randle,1610612750,Minnesota Timberwolves,4,10,8,Missed Shot,Turnaround Jump Shot,2PT Field Goal,In The Paint (Non-RA),Center(C),Less Than 8 ft.,6,-59,21,1,0,20251117,MIN,DAL,22720,0,201144|203944|1628978|1629675|1641740,0,REG,2026,1610612750,,,,,
22500246589,,Shot Chart Detail,22500246,589,1629675,Naz Reid,1610612750,Minnesota Timberwolves,4,9,53,Missed Shot,Running Jump Shot,3PT Field Goal,Above the Break 3,Center(C),24+ ft.,25,22,257,1,0,20251117,MIN,DAL,22870,0,201144|203944|1628978|1629675|1641740,0,REG,2026,1610612750,,,,,
22500246613,,Shot Chart Detail,22500246,613,1628978,Donte DiVincenzo,1610612750,Minnesota Timberwolves,4,8,47,Missed Shot,Jump Shot,3PT Field Goal,Right Corner 3,Right Side(R),24+ ft.,22,227,-21,1,0,20251117,MIN,DAL,23530,0,1628978|1629675|1631159|1641740|1642265,0,REG,2026,1610612750,,,,,
22500246618,,Shot Chart Detail,22500246,618,1641740,Jaylen Clark,1610612750,Minnesota Timberwolves,4,8,24,Made Shot,Jump Shot,3PT Field Goal,Right Corner 3,Right Side(R),24+ ft.,22,227,-19,1,1,20251117,MIN,DAL,23760,0,1628978|1629675|1631159|1641740|1642265,1,REG,2026,1610612750,,,,,
22500246622,,Shot Chart Detail,22500246,622,1642265,Rob Dillingham,1610612750,Minnesota Timberwolves,4,7,51,Made Shot,Pullup Jump shot,2PT Field Goal,In The Paint (Non-RA),Center(C),8-16 ft.,12,-58,109,1,1,20251117,MIN,DAL,24090,0,1628978|1629675|1631159|1641740|1642265,1,REG,2026,1610612750,,,,,
22500246633,,Shot Chart Detail,22500246,633,1642265,Rob Dillingham,1610612750,Minnesota Timberwolves,4,7,36,Missed Shot,Driving Floating Bank Jump Shot,2PT Field Goal,In The Paint (Non-RA),Center(C),Less Than 8 ft.,6,56,39,1,0,20251117,MIN,DAL,24240,0,1630538|1631159|1641740|1642265|1642866,0,REG,2026,1610612750,,,,,
22500246635,,Shot Chart Detail,22500246,635,1642866,Joan Beringer,1610612750,Minnesota Timberwolves,4,7,32,Missed Shot,Tip Layup Shot,2PT Field Goal,Restricted Area,Center(C),Less Than 8 ft.,0,0,0,1,0,20251117,MIN,DAL,24280,0,1630538|1631159|1641740|1642265|1642866,0,REG,2026,1610612750,,,,,
22500246639,,Shot Chart Detail,22500246,639,1630538,Bones Hyland,1610612750,Minnesota Timberwolves,4,7,19,Made Shot,Running Layup Shot,2PT Field Goal,Restricted Area,Center(C),Less Than 8 ft.,1,6,10,1,1,20251117,MIN,DAL,24410,0,1630538|1631159|1641740|1642265|1642866,1,REG,2026,1610612750,,,,,
22500246643,,Shot Chart Detail,22500246,643,1642265,Rob Dillingham,1610612750,Minnesota Timberwolves,4,6,51,Missed Shot,Driving Floating Jump Shot,2PT Field Goal,In The Paint (Non-RA),Center(C),Less Than 8 ft.,5,-44,29,1,0,20251117,MIN,DAL,24690,0,1630538|1631159|1641740|1642265|1642866,0,REG,2026,1610612750,,,,,
22500246652,,Shot Chart Detail,22500246,652,1630538,Bones Hyland,1610612750,Minnesota Timberwolves,4,6,8,Missed Shot,Pullup Jump shot,3PT Field Goal,Above the Break 3,Right Side Center(RC),24+ ft.,25,156,201,1,0,20251117,MIN,DAL,25120,0,204060|1630538|1631159|1642265|1642866,0,REG,2026,1610612750,,,,,
22500246660,,Shot Chart Detail,22500246,660,1642265,Rob Dillingham,1610612750,Minnesota Timberwolves,4,5,49,Made Shot,Running Dunk Shot,2PT Field Goal,Restricted Area,Center(C),Less Than 8 ft.,0,-2,8,1,1,20251117,MIN,DAL,25310,0,204060|1630538|1631159|1642265|1642866,1,REG,2026,1610612750,,,,,
22500246669,,Shot Chart Detail,22500246,669,1631159,Leonard Miller,1610612750,Minnesota Timberwolves,4,5,19,Missed Shot,Jump Shot,3PT Field Goal,Left Corner 3,Left Side(L),24+ ft.,22,-228,18,1,0,20251117,MIN,DAL,25610,0,204060|1630538|1631159|1642265|1642866,0,REG,2026,1610612750,,,,,
22500246673,,Shot Chart Detail,22500246,673,1642866,Joan Beringer,1610612750,Minnesota Timberwolves,4,4,47,Missed Shot,Layup Shot,2PT Field Goal,Restricted Area,Center(C),Less Than 8 ft.,2,-20,21,1,0,20251117,MIN,DAL,25930,0,204060|1630538|1631159|1642265|1642866,0,REG,2026,1610612750,,,,,
22500246684,,Shot Chart Detail,22500246,684,1642265,Rob Dillingham,1610612750,Minnesota Timberwolves,4,4,17,Made Shot,Driving Layup Shot,2PT Field Goal,Restricted Area,Center(C),Less Than 8 ft.,2,-21,7,1,1,20251117,MIN,DAL,26230,0,204060|1630538|1631159|1642265|1642866,0,REG,2026,1610612750,,,,,
22500246690,,Shot Chart Detail,22500246,690,1642265,Rob Dillingham,1610612750,Minnesota Timberwolves,4,3,36,Missed Shot,Driving Layup Shot,2PT Field Goal,Restricted Area,Center(C),Less Than 8 ft.,3,5,36,1,0,20251117,MIN,DAL,26640,0,204060|1630538|1631159|1642265|1642866,0,REG,2026,1610612750,,,,,
22500246693,,Shot Chart Detail,22500246,693,1642866,Joan Beringer,1610612750,Minnesota Timberwolves,4,3,30,Made Shot,Dunk Shot,2PT Field Goal,Restricted Area,Center(C),Less Than 8 ft.,0,-2,7,1,1,20251117,MIN,DAL,26700,0,204060|1630538|1631159|1642265|1642866,1,REG,2026,1610612750,,,,,
22500246701,,Shot Chart Detail,22500246,701,1642265,Rob Dillingham,1610612750,Minnesota Timberwolves,4,3,7,Missed Shot,Step Back Jump shot,2PT Field Goal,Mid-Range,Center(C),16-24 ft.,23,-1,232,1,0,20251117,MIN,DAL,26930,0,204060|1630538|1631159|1642265|1642866,0,REG,2026,1610612750,,,,,
22500246709,,Shot Chart Detail,22500246,709,1642866,Joan Beringer,1610612750,Minnesota Timberwolves,4,2,45,Made Shot,Alley Oop Dunk Shot,2PT Field Goal,Restricted Area,Center(C),Less Than 8 ft.,0,-4,7,1,1,20251117,MIN,DAL,27150,0,204060|1630538|1630548|1631159|1642866,1,REG,2026,1610612750,,,,,
22500246721,,Shot Chart Detail,22500246,721,1631159,Leonard Miller,1610612750,Minnesota Timberwolves,4,1,42,Missed Shot,Jump Shot,3PT Field Goal,Left Corner 3,Left Side(L),24+ ft.,23,-225,79,1,0,20251117,MIN,DAL,27780,0,204060|1630538|1630548|1631159|1642866,0,REG,2026,1610612750,,,,,
22500246731,,Shot Chart Detail,22500246,731,1630548,Johnny Juzang,1610612750,Minnesota Timberwolves,4,1,9,Missed Shot,Jump Shot,3PT Field Goal,Above the Break 3,Left Side Center(LC),24+ ft.,25,-195,162,1,0,20251117,MIN,DAL,28110,0,204060|1630538|1630548|1631159|1642866,0,REG,2026,1610612750,,,,,
22500246746,,Shot Chart Detail,22500246,746,1630548,Johnny Juzang,1610612750,Minnesota Timberwolves,4,0,30,Made Shot,Jump Shot,3PT Field Goal,Right Corner 3,Right Side(R),24+ ft.,22,228,-16,1,1,20251117,MIN,DAL,28500,0,204060|1630538|1630548|1631159|1642866,1,REG,2026,1610612750,,,,,
2250025913,,Shot Chart Detail,22500259,13,1630162,Anthony Edwards,1610612750,Minnesota Timberwolves,1,11,15,Missed Shot,Turnaround Jump Shot,2PT Field Goal,In The Paint (Non-RA),Center(C),Less Than 8 ft.,7,-74,26,1,0,20251119,MIN,WAS,450,0,201144|203497|203944|1628978|1630162,0,REG,2026,1610612750,,,,,
2250025917,,Shot Chart Detail,22500259,17,1628978,Donte DiVincenzo,1610612750,Minnesota Timberwolves,1,10,54,Made Shot,Jump Shot,3PT Field Goal,Above the Break 3,Right Side Center(RC),24+ ft.,28,94,266,1,1,20251119,MIN,WAS,660,0,201144|203497|203944|1628978|1630162,1,REG,2026,1610612750,,,,,
2250025922,,Shot Chart Detail,22500259,22,201144,Mike Conley,1610612750,Minnesota Timberwolves,1,10,30,Missed Shot,Pullup Jump shot,3PT Field Goal,Above the Break 3,Left Side Center(LC),24+ ft.,24,-80,231,1,0,20251119,MIN,WAS,900,0,201144|203497|203944|1628978|1630162,0,REG,2026,1610612750,,,,,
2250025926,,Shot Chart Detail,22500259,26,1630162,Anthony Edwards,1610612750,Minnesota Timberwolves,1,10,10,Made Shot,Running Pull-Up Jump Shot,3PT Field Goal,Above the Break 3,Right Side Center(RC),24+ ft.,24,147,199,1,1,20251119,MIN,WAS,1100,0,201144|203497|203944|1628978|1630162,1,REG,2026,1610612750,,,,,
2250025934,,Shot Chart Detail,22500259,34,201144,Mike Conley,1610612750,Minnesota Timberwolves,1,9,41,Missed Shot,Jump Shot,3PT Field Goal,Left Corner 3,Left Side(L),24+ ft.,22,-227,9,1,0,20251119,MIN,WAS,1390,0,201144|203497|203944|1628978|1630162,0,REG,2026,1610612750,,,,,
2250025936,,Shot Chart Detail,22500259,36,1630162,Anthony Edwards,1610612750,Minnesota Timberwolves,1,9,32,Missed Shot,Step Back Jump shot,3PT Field Goal,Right Corner 3,Right Side(R),24+ ft.,23,225,78,1,0,20251119,MIN,WAS,1480,0,201144|203497|203944|1628978|1630162,0,REG,2026,1610612750,,,,,
2250025953,,Shot Chart Detail,22500259,53,203944,Julius Randle,1610612750,Minnesota Timberwolves,1,8,1,Made Shot,Jump Shot,3PT Field Goal,Above the Break 3,Center(C),24+ ft.,24,44,245,1,1,20251119,MIN,WAS,2390,0,201144|203497|203944|1628978|1630162,1,REG,2026,1610612750,,,,,
2250025957,,Shot Chart Detail,22500259,57,1630162,Anthony Edwards,1610612750,Minnesota Timberwolves,1,7,31,Missed Shot,Step Back Jump shot,3PT Field Goal,Above the Break 3,Right Side Center(RC),24+ ft.,24,92,227,1,0,20251119,MIN,WAS,2690,0,201144|203497|203944|1628978|1630162,0,REG,2026,1610612750,,,,,
2250025961,,Shot Chart Detail,22500259,61,1628978,Donte DiVincenzo,1610612750,Minnesota Timberwolves,1,7,2,Missed Shot,Jump Shot,3PT Field Goal,Right Corner 3,Right Side(R),24+ ft.,22,228,14,1,0,20251119,MIN,WAS,2980,0,201144|203497|203944|1628978|1630162,0,REG,2026,1610612750,,,,,
2250025964,,Shot Chart Detail,22500259,64,203944,Julius Randle,1610612750,Minnesota Timberwolves,1,6,29,Missed Shot,Step Back Jump shot,3PT Field Goal,Above the Break 3,Center(C),24+ ft.,24,-50,239,1,0,20251119,MIN,WAS,3310,0,201144|203497|203944|1628978|1630162,0,REG,2026,1610612750,,,,,
2250025966,,Shot Chart Detail,22500259,66,1630162,Anthony Edwards,1610612750,Minnesota Timberwolves,1,6,21,Made Shot,Driving Layup Shot,2PT Field Goal,Restricted Area,Center(C),Less Than 8 ft.,0,-4,5,1,1,20251119,MIN,WAS,3390,0,201144|203497|203944|1628978|1630162,1,REG,2026,1610612750,,,,,
2250025970,,Shot Chart Detail,22500259,70,1630162,Anthony Edwards,1610612750,Minnesota Timberwolves,1,6,10,Made Shot,Running Alley Oop Dunk Shot,2PT Field Goal,Restricted Area,Center(C),Less Than 8 ft.,1,0,15,1,1,20251119,MIN,WAS,3500,0,201144|203497|203944|1628978|1630162,1,REG,2026,1610612750,,,,,
2250025982,,Shot Chart Detail,22500259,82,1630162,Anthony Edwards,1610612750,Minnesota Timberwolves,1,5,35,Missed Shot,Step Back Jump shot,3PT Field Goal,Above the Break 3,Left Side Center(LC),24+ ft.,24,-221,95,1,0,20251119,MIN,WAS,3850,0,201144|203497|203944|1628978|1630162,0,REG,2026,1610612750,,,,,
2250025984,,Shot Chart Detail,22500259,84,203944,Julius Randle,1610612750,Minnesota Timberwolves,1,5,30,Missed Shot,Jump Shot,3PT Field Goal,Above the Break 3,Right Side Center(RC),24+ ft.,27,136,234,1,0,20251119,MIN,WAS,3900,0,201144|203497|203944|1628978|1630162,0,REG,2026,1610612750,,,,,
2250025997,,Shot Chart Detail,22500259,97,1630162,Anthony Edwards,1610612750,Minnesota Timberwolves,1,5,1,Missed Shot,Jump Shot,3PT Field Goal,Left Corner 3,Left Side(L),24+ ft.,22,-227,5,1,0,20251119,MIN,WAS,4190,0,203497|1628978|1629675|1630162|1641740,0,REG,2026,1610612750,,,,,
22500259110,,Shot Chart Detail,22500259,110,1641740,Jaylen Clark,1610612750,Minnesota Timberwolves,1,4,31,Missed Shot,Driving Floating Bank Jump Shot,2PT Field Goal,Restricted Area,Center(C),Less Than 8 ft.,2,13,27,1,0,20251119,MIN,WAS,4490,0,203497|1628978|1629675|1630162|1641740,0,REG,2026,1610612750,,,,,
22500259112,,Shot Chart Detail,22500259,112,203497,Rudy Gobert,1610612750,Minnesota Timberwolves,1,4,30,Missed Shot,Tip Layup Shot,2PT Field Goal,Restricted Area,Center(C),Less Than 8 ft.,0,0,0,1,0,20251119,MIN,WAS,4500,0,203497|1628978|1629675|1630162|1641740,0,REG,2026,1610612750,,,,,
22500259116,,Shot Chart Detail,22500259,116,1628978,Donte DiVincenzo,1610612750,Minnesota Timberwolves,1,4,13,Made Shot,Running Jump Shot,3PT Field Goal,Right Corner 3,Right Side(R),24+ ft.,22,228,4,1,1,20251119,MIN,WAS,4670,0,203497|1628978|1629675|1630162|1641740,1,REG,2026,1610612750,,,,,
22500259121,,Shot Chart Detail,22500259,121,1630162,Anthony Edwards,1610612750,Minnesota Timberwolves,1,3,46,Made Shot,Driving Layup Shot,2PT Field Goal,Restricted Area,Center(C),Less Than 8 ft.,1,10,1,1,1,20251119,MIN,WAS,4940,0,203497|1628978|1629675|1630162|1641740,0,REG,2026,1610612750,,,,,
22500259127,,Shot Chart Detail,22500259,127,1629675,Naz Reid,1610612750,Minnesota Timberwolves,1,3,8,Made Shot,Hook Shot,2PT Field Goal,In The Paint (Non-RA),Center(C),Less Than 8 ft.,5,18,48,1,1,20251119,MIN,WAS,5320,0,203497|1628978|1629675|1630162|1641740,0,REG,2026,1610612750,,,,,
22500259130,,Shot Chart Detail,22500259,130,1629675,Naz Reid,1610612750,Minnesota Timberwolves,1,2,44,Made Shot,Running Jump Shot,3PT Field Goal,Right Corner 3,Right Side(R),24+ ft.,23,230,-18,1,1,20251119,MIN,WAS,5560,0,203497|1628978|1629675|1630162|1641740,1,REG,2026,1610612750,,,,,
22500259152,,Shot Chart Detail,22500259,152,203944,Julius Randle,1610612750,Minnesota Timberwolves,1,1,35,Made Shot,Driving Layup Shot,2PT Field Goal,Restricted Area,Center(C),Less Than 8 ft.,2,-21,13,1,1,20251119,MIN,WAS,6250,0,201144|203944|1629675|1630162|1641740,0,REG,2026,1610612750,,,,,
22500259155,,Shot Chart Detail,22500259,155,203944,Julius Randle,1610612750,Minnesota Timberwolves,1,1,14,Missed Shot,Driving Hook Shot,2PT Field Goal,In The Paint (Non-RA),Center(C),Less Than 8 ft.,4,-5,45,1,0,20251119,MIN,WAS,6460,0,201144|203944|1629675|1630162|1641740,0,REG,2026,1610612750,,,,,
22500259172,,Shot Chart Detail,22500259,172,203944,Julius Randle,1610612750,Minnesota Timberwolves,1,0,14,Missed Shot,Driving Layup Shot,2PT Field Goal,Restricted Area,Center(C),Less Than 8 ft.,2,-4,20,1,0,20251119,MIN,WAS,7060,0,201144|203944|1629675|1630162|1641740,0,REG,2026,1610612750,,,,,
22500259187,,Shot Chart Detail,22500259,187,1629675,Naz Reid,1610612750,Minnesota Timberwolves,2,11,49,Made Shot,Floating Jump shot,2PT Field Goal,In The Paint (Non-RA),Right Side(R),8-16 ft.,12,65,111,1,1,20251119,MIN,WAS,7310,0,203497|1628978|1629675|1641740|1642265,1,REG,2026,1610612750,,,,,
22500259191,,Shot Chart Detail,22500259,191,1629675,Naz Reid,1610612750,Minnesota Timberwolves,2,11,29,Made Shot,Running Finger Roll Layup Shot,2PT Field Goal,In The Paint (Non-RA),Center(C),Less Than 8 ft.,5,27,47,1,1,20251119,MIN,WAS,7510,0,203497|1628978|1629675|1641740|1642265,1,REG,2026,1610612750,,,,,
22500259195,,Shot Chart Detail,22500259,195,1629675,Naz Reid,1610612750,Minnesota Timberwolves,2,11,4,Missed Shot,Running Jump Shot,3PT Field Goal,Above the Break 3,Center(C),24+ ft.,25,-16,252,1,0,20251119,MIN,WAS,7760,0,203497|1628978|1629675|1641740|1642265,0,REG,2026,1610612750,,,,,
22500259199,,Shot Chart Detail,22500259,199,1642265,Rob Dillingham,1610612750,Minnesota Timberwolves,2,10,48,Missed Shot,Pullup Jump shot,2PT Field Goal,Mid-Range,Center(C),8-16 ft.,15,18,152,1,0,20251119,MIN,WAS,7920,0,203497|1628978|1629675|1641740|1642265,0,REG,2026,1610612750,,,,,
22500259207,,Shot Chart Detail,22500259,207,1629675,Naz Reid,1610612750,Minnesota Timberwolves,2,10,2,Missed Shot,Jump Shot,3PT Field Goal,Above the Break 3,Left Side Center(LC),24+ ft.,24,-206,131,1,0,20251119,MIN,WAS,8380,0,203497|1628978|1629675|1641740|1642265,0,REG,2026,1610612750,,,,,
22500259212,,Shot Chart Detail,22500259,212,1642265,Rob Dillingham,1610612750,Minnesota Timberwolves,2,9,38,Missed Shot,Turnaround Jump Shot,2PT Field Goal,In The Paint (Non-RA),Left Side(L),8-16 ft.,9,-54,73,1,0,20251119,MIN,WAS,8620,0,203497|1628978|1629675|1641740|1642265,0,REG,2026,1610612750,,,,,
22500259220,,Shot Chart Detail,22500259,220,1628978,Donte DiVincenzo,1610612750,Minnesota Timberwolves,2,9,29,Missed Shot,Driving Floating Jump Shot,2PT Field Goal,In The Paint (Non-RA),Center(C),8-16 ft.,10,43,93,1,0,20251119,MIN,WAS,8710,0,203497|1628978|1629675|1630538|1642265,0,REG,2026,1610612750,,,,,
22500259225,,Shot Chart Detail,22500259,225,1630538,Bones Hyland,1610612750,Minnesota Timberwolves,2,9,14,Missed Shot,Running Jump Shot,3PT Field Goal,Above the Break 3,Right Side Center(RC),24+ ft.,24,217,116,1,0,20251119,MIN,WAS,8860,0,203497|1628978|1629675|1630538|1642265,0,REG,2026,1610612750,,,,,
22500259227,,Shot Chart Detail,22500259,227,203497,Rudy Gobert,1610612750,Minnesota Timberwolves,2,9,10,Made Shot,Putback Dunk Shot,2PT Field Goal,Restricted Area,Center(C),Less Than 8 ft.,0,-5,3,1,1,20251119,MIN,WAS,8900,0,203497|1628978|1629675|1630538|1642265,0,REG,2026,1610612750,,,,,
22500259231,,Shot Chart Detail,22500259,231,1629675,Naz Reid,1610612750,Minnesota Timberwolves,2,8,54,Missed Shot,Running Jump Shot,2PT Field Goal,In The Paint (Non-RA),Center(C),Less Than 8 ft.,5,-47,24,1,0,20251119,MIN,WAS,9060,0,203497|1628978|1629675|1630538|1642265,0,REG,2026,1610612750,,,,,
22500259236,,Shot Chart Detail,22500259,236,1629675,Naz Reid,1610612750,Minnesota Timberwolves,2,8,27,Made Shot,Jump Shot,3PT Field Goal,Left Corner 3,Left Side(L),24+ ft.,23,-230,-11,1,1,20251119,MIN,WAS,9330,0,203497|1628978|1629675|1630538|1642265,1,REG,2026,1610612750,,,,,
22500259249,,Shot Chart Detail,22500259,249,1642265,Rob Dillingham,1610612750,Minnesota Timberwolves,2,8,2,Missed Shot,Pullup Jump shot,2PT Field Goal,Mid-Range,Left Side(L),16-24 ft.,16,-145,85,1,0,20251119,MIN,WAS,9580,0,203497|1628978|1629675|1630538|1642265,0,REG,2026,1610612750,,,,,
22500259253,,Shot Chart Detail,22500259,253,1629675,Naz Reid,1610612750,Minnesota Timberwolves,2,7,51,Missed Shot,Jump Shot,3PT Field Goal,Left Corner 3,Left Side(L),24+ ft.,22,-225,26,1,0,20251119,MIN,WAS,9690,0,203497|1628978|1629675|1630538|1642265,0,REG,2026,1610612750,,,,,
22500259255,,Shot Chart Detail,22500259,255,1630538,Bones Hyland,1610612750,Minnesota Timberwolves,2,7,47,Made Shot,Putback Layup Shot,2PT Field Goal,Restricted Area,Center(C),Less Than 8 ft.,0,-2,0,1,1,20251119,MIN,WAS,9730,0,203497|1628978|1629675|1630538|1642265,0,REG,2026,1610612750,,,,,
22500259258,,Shot Chart Detail,22500259,258,1629675,Naz Reid,1610612750,Minnesota Timberwolves,2,7,13,Made Shot,Turnaround Bank shot,2PT Field Goal,In The Paint (Non-RA),Center(C),Less Than 8 ft.,6,-54,32,1,1,20251119,MIN,WAS,10070,0,203497|1628978|1629675|1630538|1642265,0,REG,2026,1610612750,,,,,
22500259268,,Shot Chart Detail,22500259,268,1629675,Naz Reid,1610612750,Minnesota Timberwolves,2,6,14,Made Shot,Jump Shot,3PT Field Goal,Above the Break 3,Center(C),24+ ft.,24,-7,247,1,1,20251119,MIN,WAS,10660,0,203497|1628978|1629675|1630538|1642265,1,REG,2026,1610612750,,,,,
22500259271,,Shot Chart Detail,22500259,271,1642265,Rob Dillingham,1610612750,Minnesota Timberwolves,2,5,58,Made Shot,Driving Dunk Shot,2PT Field Goal,Restricted Area,Center(C),Less Than 8 ft.,0,-2,5,1,1,20251119,MIN,WAS,10820,0,203497|1628978|1629675|1630538|1642265,0,REG,2026,1610612750,,,,,
22500259286,,Shot Chart Detail,22500259,286,203944,Julius Randle,1610612750,Minnesota Timberwolves,2,4,51,Missed Shot,Layup Shot,2PT Field Goal,Restricted Area,Center(C),Less Than 8 ft.,3,-16,27,1,0,20251119,MIN,WAS,11490,0,203497|203944|1630162|1630538|1641740,0,REG,2026,1610612750,,,,,
22500259292,,Shot Chart Detail,22500259,292,1630162,Anthony Edwards,1610612750,Minnesota Timberwolves,2,4,25,Missed Shot,Driving Layup Shot,2PT Field Goal,Restricted Area,Center(C),Less Than 8 ft.,3,-9,29,1,0,20251119,MIN,WAS,11750,0,203497|203944|1630162|1630538|1641740,0,REG,2026,1610612750,,,,,
22500259295,,Shot Chart Detail,22500259,295,203944,Julius Randle,1610612750,Minnesota Timberwolves,2,4,21,Made Shot,Dunk Shot,2PT Field Goal,Restricted Area,Center(C),Less Than 8 ft.,0,1,1,1,1,20251119,MIN,WAS,11790,0,203497|203944|1630162|1630538|1641740,1,REG,2026,1610612750,,,,,
22500259299,,Shot Chart Detail,22500259,299,1641740,Jaylen Clark,1610612750,Minnesota Timberwolves,2,4,4,Made Shot,Jump Shot,3PT Field Goal,Above the Break 3,Center(C),24+ ft.,25,-65,242,1,1,20251119,MIN,WAS,11960,0,203497|203944|1630162|1630538|1641740,1,REG,2026,1610612750,,,,,
22500259303,,Shot Chart Detail,22500259,303,203944,Julius Randle,1610612750,Minnesota Timberwolves,2,3,25,Made Shot,Driving Dunk Shot,2PT Field Goal,Restricted Area,Center(C),Less Than 8 ft.,0,2,6,1,1,20251119,MIN,WAS,12350,0,203497|203944|1630162|1630538|1641740,1,REG,2026,1610612750,,,,,
22500259316,,Shot Chart Detail,22500259,316,1630162,Anthony Edwards,1610612750,Minnesota Timberwolves,2,2,37,Missed Shot,Floating Jump shot,2PT Field Goal,In The Paint (Non-RA),Center(C),8-16 ft.,8,-5,89,1,0,20251119,MIN,WAS,12830,0,203944|1629675|1630162|1630538|1641740,0,REG,2026,1610612750,,,,,
22500259320,,Shot Chart Detail,22500259,320,1630538,Bones Hyland,1610612750,Minnesota Timberwolves,2,2,17,Missed Shot,Jump Shot,3PT Field Goal,Above the Break 3,Right Side Center(RC),24+ ft.,26,163,210,1,0,20251119,MIN,WAS,13030,0,203944|1629675|1630162|1630538|1641740,0,REG,2026,1610612750,,,,,
22500259322,,Shot Chart Detail,22500259,322,1630538,Bones Hyland,1610612750,Minnesota Timberwolves,2,2,6,Missed Shot,Driving Finger Roll Layup Shot,2PT Field Goal,Restricted Area,Center(C),Less Than 8 ft.,1,-10,4,1,0,20251119,MIN,WAS,13140,0,203944|1629675|1630162|1630538|1641740,0,REG,2026,1610612750,,,,,
22500259324,,Shot Chart Detail,22500259,324,1629675,Naz Reid,1610612750,Minnesota Timberwolves,2,2,6,Made Shot,Putback Layup Shot,2PT Field Goal,Restricted Area,Center(C),Less Than 8 ft.,1,2,10,1,1,20251119,MIN,WAS,13140,0,203944|1629675|1630162|1630538|1641740,0,REG,2026,1610612750,,,,,
22500259332,,Shot Chart Detail,22500259,332,203944,Julius Randle,1610612750,Minnesota Timberwolves,2,1,34,Made Shot,Pullup Jump shot,2PT Field Goal,In The Paint (Non-RA),Center(C),Less Than 8 ft.,5,-4,56,1,1,20251119,MIN,WAS,13460,0,203944|1629675|1630162|1630538|1641740,0,REG,2026,1610612750,,,,,
22500259334,,Shot Chart Detail,22500259,334,1629675,Naz Reid,1610612750,Minnesota Timberwolves,2,0,58,Made Shot,Jump Shot,3PT Field Goal,Above the Break 3,Right Side Center(RC),24+ ft.,24,169,174,1,1,20251119,MIN,WAS,13820,0,203944|1629675|1630162|1630538|1641740,1,REG,2026,1610612750,,,,,
22500259339,,Shot Chart Detail,22500259,339,203944,Julius Randle,1610612750,Minnesota Timberwolves,2,0,32,Made Shot,Driving Layup Shot,2PT Field Goal,Restricted Area,Center(C),Less Than 8 ft.,3,-16,31,1,1,20251119,MIN,WAS,14080,0,203944|1629675|1630162|1630538|1641740,0,REG,2026,1610612750,,,,,
22500259347,,Shot Chart Detail,22500259,347,1630162,Anthony Edwards,1610612750,Minnesota Timberwolves,2,0,0,Missed Shot,Driving Layup Shot,2PT Field Goal,Restricted Area,Center(C),Less Than 8 ft.,1,-2,14,1,0,20251119,MIN,WAS,14400,0,203944|1629675|1630162|1630538|1641740,0,REG,2026,1610612750,,,,,
22500259367,,Shot Chart Detail,22500259,367,1630162,Anthony Edwards,1610612750,Minnesota Timberwolves,3,11,13,Made Shot,Driving Layup Shot,2PT Field Goal,Restricted Area,Center(C),Less Than 8 ft.,2,-12,17,1,1,20251119,MIN,WAS,14870,0,201144|203497|203944|1628978|1630162,0,REG,2026,1610612750,,,,,
22500259371,,Shot Chart Detail,22500259,371,1630162,Anthony Edwards,1610612750,Minnesota Timberwolves,3,10,33,Missed Shot,Pullup Jump shot,3PT Field Goal,Above the Break 3,Center(C),24+ ft.,25,21,259,1,0,20251119,MIN,WAS,15270,0,201144|203497|203944|1628978|1630162,0,REG,2026,1610612750,,,,,
22500259388,,Shot Chart Detail,22500259,388,203497,Rudy Gobert,1610612750,Minnesota Timberwolves,3,9,9,Made Shot,Dunk Shot,2PT Field Goal,Restricted Area,Center(C),Less Than 8 ft.,1,6,12,1,1,20251119,MIN,WAS,16110,0,201144|203497|203944|1628978|1630162,1,REG,2026,1610612750,,,,,
22500259391,,Shot Chart Detail,22500259,391,1628978,Donte DiVincenzo,1610612750,Minnesota Timberwolves,3,8,36,Missed Shot,Jump Shot,3PT Field Goal,Above the Break 3,Center(C),24+ ft.,28,-59,278,1,0,20251119,MIN,WAS,16440,0,201144|203497|203944|1628978|1630162,0,REG,2026,1610612750,,,,,
22500259394,,Shot Chart Detail,22500259,394,1630162,Anthony Edwards,1610612750,Minnesota Timberwolves,3,8,7,Missed Shot,Step Back Jump shot,3PT Field Goal,Above the Break 3,Right Side Center(RC),24+ ft.,24,221,109,1,0,20251119,MIN,WAS,16730,0,201144|203497|203944|1628978|1630162,0,REG,2026,1610612750,,,,,
22500259407,,Shot Chart Detail,22500259,407,1630162,Anthony Edwards,1610612750,Minnesota Timberwolves,3,7,13,Missed Shot,Jump Shot,3PT Field Goal,Above the Break 3,Right Side Center(RC),24+ ft.,25,81,237,1,0,20251119,MIN,WAS,17270,0,201144|203497|203944|1628978|1630162,0,REG,2026,1610612750,,,,,
22500259414,,Shot Chart Detail,22500259,414,203944,Julius Randle,1610612750,Minnesota Timberwolves,3,6,46,Missed Shot,Jump Shot,3PT Field Goal,Above the Break 3,Left Side Center(LC),24+ ft.,25,-227,122,1,0,20251119,MIN,WAS,17540,0,201144|203497|203944|1628978|1630162,0,REG,2026,1610612750,,,,,
22500259418,,Shot Chart Detail,22500259,418,203497,Rudy Gobert,1610612750,Minnesota Timberwolves,3,6,21,Made Shot,Driving Finger Roll Layup Shot,2PT Field Goal,Restricted Area,Center(C),Less Than 8 ft.,0,1,7,1,1,20251119,MIN,WAS,17790,0,201144|203497|203944|1628978|1630162,1,REG,2026,1610612750,,,,,
22500259456,,Shot Chart Detail,22500259,456,1641740,Jaylen Clark,1610612750,Minnesota Timberwolves,3,4,22,Missed Shot,Jump Shot,3PT Field Goal,Above the Break 3,Left Side Center(LC),24+ ft.,25,-230,106,1,0,20251119,MIN,WAS,18980,0,203497|1628978|1629675|1630162|1641740,0,REG,2026,1610612750,,,,,
22500259458,,Shot Chart Detail,22500259,458,1629675,Naz Reid,1610612750,Minnesota Timberwolves,3,4,19,Missed Shot,Putback Layup Shot,2PT Field Goal,Restricted Area,Center(C),Less Than 8 ft.,1,-12,10,1,0,20251119,MIN,WAS,19010,0,203497|1628978|1629675|1630162|1641740,0,REG,2026,1610612750,,,,,
22500259460,,Shot Chart Detail,22500259,460,1629675,Naz Reid,1610612750,Minnesota Timberwolves,3,4,16,Missed Shot,Putback Layup Shot,2PT Field Goal,Restricted Area,Center(C),Less Than 8 ft.,3,1,34,1,0,20251119,MIN,WAS,19040,0,203497|1628978|1629675|1630162|1641740,0,REG,2026,1610612750,,,,,
22500259464,,Shot Chart Detail,22500259,464,1641740,Jaylen Clark,1610612750,Minnesota Timberwolves,3,3,57,Missed Shot,Jump Shot,3PT Field Goal,Right Corner 3,Right Side(R),24+ ft.,23,233,12,1,0,20251119,MIN,WAS,19230,0,203497|1628978|1629675|1630162|1641740,0,REG,2026,1610612750,,,,,
22500259484,,Shot Chart Detail,22500259,484,1630162,Anthony Edwards,1610612750,Minnesota Timberwolves,3,2,49,Missed Shot,Driving Floating Jump Shot,2PT Field Goal,In The Paint (Non-RA),Center(C),Less Than 8 ft.,5,-15,48,1,0,20251119,MIN,WAS,19910,0,201144|203497|1629675|1630162|1641740,0,REG,2026,1610612750,,,,,
22500259493,,Shot Chart Detail,22500259,493,1630162,Anthony Edwards,1610612750,Minnesota Timberwolves,3,2,23,Missed Shot,Step Back Jump shot,2PT Field Goal,Mid-Range,Left Side Center(LC),16-24 ft.,19,-77,179,1,0,20251119,MIN,WAS,20170,0,201144|203944|1629675|1630162|1641740,0,REG,2026,1610612750,,,,,
22500259495,,Shot Chart Detail,22500259,495,1630162,Anthony Edwards,1610612750,Minnesota Timberwolves,3,2,14,Missed Shot,Driving Layup Shot,2PT Field Goal,Restricted Area,Center(C),Less Than 8 ft.,2,-12,18,1,0,20251119,MIN,WAS,20260,0,201144|203944|1629675|1630162|1641740,0,REG,2026,1610612750,,,,,
22500259497,,Shot Chart Detail,22500259,497,1641740,Jaylen Clark,1610612750,Minnesota Timberwolves,3,2,11,Missed Shot,Tip Layup Shot,2PT Field Goal,Restricted Area,Center(C),Less Than 8 ft.,0,0,0,1,0,20251119,MIN,WAS,20290,0,201144|203944|1629675|1630162|1641740,0,REG,2026,1610612750,,,,,
22500259499,,Shot Chart Detail,22500259,499,1641740,Jaylen Clark,1610612750,Minnesota Timberwolves,3,2,9,Made Shot,Tip Layup Shot,2PT Field Goal,Restricted Area,Center(C),Less Than 8 ft.,0,0,0,1,1,20251119,MIN,WAS,20310,0,201144|203944|1629675|1630162|1641740,0,REG,2026,1610612750,,,,,
22500259501,,Shot Chart Detail,22500259,501,1629675,Naz Reid,1610612750,Minnesota Timberwolves,3,1,42,Made Shot,Driving Floating Jump Shot,2PT Field Goal,In The Paint (Non-RA),Center(C),Less Than 8 ft.,4,12,43,1,1,20251119,MIN,WAS,20580,0,201144|203944|1629675|1630162|1641740,1,REG,2026,1610612750,,,,,
22500259511,,Shot Chart Detail,22500259,511,203944,Julius Randle,1610612750,Minnesota Timberwolves,3,0,46,Made Shot,Driving Layup Shot,2PT Field Goal,Restricted Area,Center(C),Less Than 8 ft.,1,-5,18,1,1,20251119,MIN,WAS,21140,0,201144|203944|1629675|1630162|1641740,1,REG,2026,1610612750,,,,,
22500259520,,Shot Chart Detail,22500259,520,1629675,Naz Reid,1610612750,Minnesota Timberwolves,3,0,15,Made Shot,Jump Shot,3PT Field Goal,Right Corner 3,Right Side(R),24+ ft.,22,229,-6,1,1,20251119,MIN,WAS,21450,0,201144|203944|1629675|1630162|1641740,1,REG,2026,1610612750,,,,,
22500259537,,Shot Chart Detail,22500259,537,1629675,Naz Reid,1610612750,Minnesota Timberwolves,4,11,23,Missed Shot,Jump Shot,3PT Field Goal,Above the Break 3,Left Side Center(LC),24+ ft.,26,-105,248,1,0,20251119,MIN,WAS,21970,0,203497|1628978|1629675|1641740|1642265,0,REG,2026,1610612750,,,,,
22500259543,,Shot Chart Detail,22500259,543,1628978,Donte DiVincenzo,1610612750,Minnesota Timberwolves,4,10,37,Missed Shot,Driving Layup Shot,2PT Field Goal,Restricted Area,Center(C),Less Than 8 ft.,2,13,22,1,0,20251119,MIN,WAS,22430,0,203497|1628978|1629675|1641740|1642265,0,REG,2026,1610612750,,,,,
22500259552,,Shot Chart Detail,22500259,552,1642265,Rob Dillingham,1610612750,Minnesota Timberwolves,4,9,55,Missed Shot,Pullup Jump shot,3PT Field Goal,Above the Break 3,Right Side Center(RC),24+ ft.,25,110,227,1,0,20251119,MIN,WAS,22850,0,203497|1628978|1629675|1641740|1642265,0,REG,2026,1610612750,,,,,
22500259556,,Shot Chart Detail,22500259,556,1642265,Rob Dillingham,1610612750,Minnesota Timberwolves,4,9,30,Missed Shot,Jump Shot,3PT Field Goal,Above the Break 3,Left Side Center(LC),24+ ft.,25,-202,158,1,0,20251119,MIN,WAS,23100,0,203497|1628978|1629675|1641740|1642265,0,REG,2026,1610612750,,,,,
22500259562,,Shot Chart Detail,22500259,562,1629675,Naz Reid,1610612750,Minnesota Timberwolves,4,9,13,Missed Shot,Step Back Jump shot,3PT Field Goal,Above the Break 3,Right Side Center(RC),24+ ft.,25,136,215,1,0,20251119,MIN,WAS,23270,0,201144|203497|1628978|1629675|1641740,0,REG,2026,1610612750,,,,,
22500259567,,Shot Chart Detail,22500259,567,1629675,Naz Reid,1610612750,Minnesota Timberwolves,4,8,37,Missed Shot,Layup Shot,2PT Field Goal,In The Paint (Non-RA),Center(C),Less Than 8 ft.,6,-17,65,1,0,20251119,MIN,WAS,23630,0,201144|203497|1628978|1629675|1641740,0,REG,2026,1610612750,,,,,
22500259571,,Shot Chart Detail,22500259,571,1629675,Naz Reid,1610612750,Minnesota Timberwolves,4,8,27,Missed Shot,Dunk Shot,2PT Field Goal,Restricted Area,Center(C),Less Than 8 ft.,1,7,10,1,0,20251119,MIN,WAS,23730,0,201144|203497|1628978|1629675|1641740,0,REG,2026,1610612750,,,,,
22500259574,,Shot Chart Detail,22500259,574,1641740,Jaylen Clark,1610612750,Minnesota Timberwolves,4,8,24,Made Shot,Putback Layup Shot,2PT Field Goal,Restricted Area,Center(C),Less Than 8 ft.,2,0,20,1,1,20251119,MIN,WAS,23760,0,201144|203497|1628978|1629675|1641740,0,REG,2026,1610612750,,,,,
22500259576,,Shot Chart Detail,22500259,576,201144,Mike Conley,1610612750,Minnesota Timberwolves,4,7,48,Missed Shot,Driving Hook Shot,2PT Field Goal,In The Paint (Non-RA),Center(C),Less Than 8 ft.,4,20,42,1,0,20251119,MIN,WAS,24120,0,201144|203497|1628978|1629675|1641740,0,REG,2026,1610612750,,,,,
22500259587,,Shot Chart Detail,22500259,587,203944,Julius Randle,1610612750,Minnesota Timberwolves,4,7,26,Made Shot,Driving Layup Shot,2PT Field Goal,Restricted Area,Center(C),Less Than 8 ft.,1,-9,17,1,1,20251119,MIN,WAS,24340,0,201144|203944|1628978|1629675|1641740,1,REG,2026,1610612750,,,,,
22500259591,,Shot Chart Detail,22500259,591,1628978,Donte DiVincenzo,1610612750,Minnesota Timberwolves,4,6,45,Made Shot,Jump Shot,3PT Field Goal,Left Corner 3,Left Side(L),24+ ft.,23,-233,-6,1,1,20251119,MIN,WAS,24750,0,201144|203944|1628978|1629675|1641740,1,REG,2026,1610612750,,,,,
22500259600,,Shot Chart Detail,22500259,600,203944,Julius Randle,1610612750,Minnesota Timberwolves,4,6,20,Made Shot,Driving Finger Roll Layup Shot,2PT Field Goal,Restricted Area,Center(C),Less Than 8 ft.,2,6,21,1,1,20251119,MIN,WAS,25000,0,201144|203944|1628978|1629675|1630162,1,REG,2026,1610612750,,,,,
22500259604,,Shot Chart Detail,22500259,604,203944,Julius Randle,1610612750,Minnesota Timberwolves,4,5,51,Made Shot,Cutting Dunk Shot,2PT Field Goal,Restricted Area,Center(C),Less Than 8 ft.,1,0,13,1,1,20251119,MIN,WAS,25290,0,201144|203944|1628978|1629675|1630162,1,REG,2026,1610612750,,,,,
22500259610,,Shot Chart Detail,22500259,610,203944,Julius Randle,1610612750,Minnesota Timberwolves,4,5,22,Missed Shot,Pullup Jump shot,2PT Field Goal,Mid-Range,Center(C),8-16 ft.,14,-10,149,1,0,20251119,MIN,WAS,25580,0,201144|203944|1628978|1629675|1630162,0,REG,2026,1610612750,,,,,
22500259644,,Shot Chart Detail,22500259,644,201144,Mike Conley,1610612750,Minnesota Timberwolves,4,3,30,Made Shot,Jump Shot,3PT Field Goal,Left Corner 3,Left Side(L),24+ ft.,23,-232,39,1,1,20251119,MIN,WAS,26700,0,201144|203497|203944|1628978|1630162,1,REG,2026,1610612750,,,,,
22500259651,,Shot Chart Detail,22500259,651,203497,Rudy Gobert,1610612750,Minnesota Timberwolves,4,2,39,Made Shot,Floating Jump shot,2PT Field Goal,Mid-Range,Left Side(L),8-16 ft.,9,-92,26,1,1,20251119,MIN,WAS,27210,0,201144|203497|203944|1628978|1630162,1,REG,2026,1610612750,,,,,
22500259666,,Shot Chart Detail,22500259,666,203944,Julius Randle,1610612750,Minnesota Timberwolves,4,1,58,Made Shot,Driving Layup Shot,2PT Field Goal,Restricted Area,Center(C),Less Than 8 ft.,1,9,16,1,1,20251119,MIN,WAS,27620,0,201144|203497|203944|1628978|1630162,0,REG,2026,1610612750,,,,,
22500259669,,Shot Chart Detail,22500259,669,1628978,Donte DiVincenzo,1610612750,Minnesota Timberwolves,4,1,29,Made Shot,Jump Shot,3PT Field Goal,Right Corner 3,Right Side(R),24+ ft.,22,225,6,1,1,20251119,MIN,WAS,27910,0,201144|203497|203944|1628978|1630162,1,REG,2026,1610612750,,,,,
22500259676,,Shot Chart Detail,22500259,676,203944,Julius Randle,1610612750,Minnesota Timberwolves,4,0,50,Missed Shot,Step Back Jump shot,2PT Field Goal,Mid-Range,Center(C),16-24 ft.,16,-39,160,1,0,20251119,MIN,WAS,28300,0,201144|203497|203944|1628978|1630162,0,REG,2026,1610612750,,,,,
22500259678,,Shot Chart Detail,22500259,678,1630162,Anthony Edwards,1610612750,Minnesota Timberwolves,4,0,43,Made Shot,Driving Finger Roll Layup Shot,2PT Field Goal,Restricted Area,Center(C),Less Than 8 ft.,2,2,21,1,1,20251119,MIN,WAS,28370,0,203497|203944|1628978|1630162|1641740,1,REG,2026,1610612750,,,,,
