SHOT_ID,video_url,GRID_TYPE,GAME_ID,GAME_EVENT_ID,PLAYER_ID,PLAYER_NAME,TEAM_ID,TEAM_NAME,PERIOD,MINUTES_REMAINING,SECONDS_REMAINING,EVENT_TYPE,ACTION_TYPE,SHOT_TYPE,SHOT_ZONE_BASIC,SHOT_ZONE_AREA,SHOT_ZONE_RANGE,SHOT_DISTANCE,LOC_X,LOC_Y,SHOT_ATTEMPTED_FLAG,SHOT_MADE_FLAG,GAME_DATE,HTM,VTM,time,extra,PLAYERS_ON,assisted,season_type,year_source,team_id,year,month,day,api_game_id,uuid
225000389,,Shot Chart Detail,22500038,9,203471,Dennis Schröder,1610612758,Sacramento Kings,1,11,33,Missed Shot,Jump Shot,2PT Field Goal,Mid-Range,Center(C),8-16 ft.,15,11,154,1,0,20251107,SAC,OKC,270,0,201566|201942|203471|203897|1629234,0,REG,2026,1610612758,,,,,
2250003813,,Shot Chart Detail,22500038,13,201566,Russell Westbrook,1610612758,Sacramento Kings,1,11,25,Missed Shot,Driving Layup Shot,2PT Field Goal,In The Paint (Non-RA),Center(C),Less Than 8 ft.,7,54,49,1,0,20251107,SAC,OKC,350,0,201566|201942|203471|203897|1629234,0,REG,2026,1610612758,,,,,
2250003817,,Shot Chart Detail,22500038,17,1629234,Drew Eubanks,1610612758,Sacramento Kings,1,10,59,Made Shot,Layup Shot,2PT Field Goal,In The Paint (Non-RA),Center(C),Less Than 8 ft.,6,-56,22,1,1,20251107,SAC,OKC,610,0,201566|201942|203471|203897|1629234,1,REG,2026,1610612758,,,,,
2250003821,,Shot Chart Detail,22500038,21,1629234,Drew Eubanks,1610612758,Sacramento Kings,1,10,38,Made Shot,Floating Jump shot,2PT Field Goal,Mid-Range,Center(C),8-16 ft.,14,2,141,1,1,20251107,SAC,OKC,820,0,201566|201942|203471|203897|1629234,1,REG,2026,1610612758,,,,,
2250003830,,Shot Chart Detail,22500038,30,1629234,Drew Eubanks,1610612758,Sacramento Kings,1,10,1,Made Shot,Reverse Layup Shot,2PT Field Goal,Restricted Area,Center(C),Less Than 8 ft.,2,-11,25,1,1,20251107,SAC,OKC,1190,0,201566|201942|203471|203897|1629234,1,REG,2026,1610612758,,,,,
2250003836,,Shot Chart Detail,22500038,36,203897,Zach LaVine,1610612758,Sacramento Kings,1,9,40,Missed Shot,Pullup Jump shot,3PT Field Goal,Above the Break 3,Center(C),24+ ft.,27,-9,278,1,0,20251107,SAC,OKC,1400,0,201566|201942|203471|203897|1629234,0,REG,2026,1610612758,,,,,
2250003839,,Shot Chart Detail,22500038,39,201566,Russell Westbrook,1610612758,Sacramento Kings,1,9,12,Made Shot,Jump Shot,3PT Field Goal,Above the Break 3,Right Side Center(RC),24+ ft.,25,222,128,1,1,20251107,SAC,OKC,1680,0,201566|201942|203471|203897|1629234,1,REG,2026,1610612758,,,,,
2250003842,,Shot Chart Detail,22500038,42,201942,DeMar DeRozan,1610612758,Sacramento Kings,1,8,40,Made Shot,Jump Shot,2PT Field Goal,Mid-Range,Center(C),16-24 ft.,23,36,230,1,1,20251107,SAC,OKC,2000,0,201566|201942|203471|203897|1629234,1,REG,2026,1610612758,,,,,
2250003846,,Shot Chart Detail,22500038,46,203471,Dennis Schröder,1610612758,Sacramento Kings,1,8,15,Missed Shot,Jump Shot,3PT Field Goal,Above the Break 3,Center(C),24+ ft.,26,76,259,1,0,20251107,SAC,OKC,2250,0,201566|201942|203471|203897|1629234,0,REG,2026,1610612758,,,,,
2250003857,,Shot Chart Detail,22500038,57,203471,Dennis Schröder,1610612758,Sacramento Kings,1,7,49,Missed Shot,Jump Shot,3PT Field Goal,Above the Break 3,Left Side Center(LC),24+ ft.,26,-195,184,1,0,20251107,SAC,OKC,2510,0,201566|203471|1628370|1629234|1630173,0,REG,2026,1610612758,,,,,
2250003861,,Shot Chart Detail,22500038,61,203471,Dennis Schröder,1610612758,Sacramento Kings,1,7,22,Missed Shot,Pullup Jump shot,2PT Field Goal,Mid-Range,Right Side Center(RC),16-24 ft.,18,118,137,1,0,20251107,SAC,OKC,2780,0,201566|203471|1628370|1629234|1630173,0,REG,2026,1610612758,,,,,
2250003871,,Shot Chart Detail,22500038,71,1629234,Drew Eubanks,1610612758,Sacramento Kings,1,6,34,Missed Shot,Jump Shot,2PT Field Goal,In The Paint (Non-RA),Center(C),8-16 ft.,14,26,138,1,0,20251107,SAC,OKC,3260,0,201566|203471|1628370|1629234|1630173,0,REG,2026,1610612758,,,,,
2250003876,,Shot Chart Detail,22500038,76,201566,Russell Westbrook,1610612758,Sacramento Kings,1,6,8,Made Shot,Jump Shot,3PT Field Goal,Above the Break 3,Left Side Center(LC),24+ ft.,28,-152,244,1,1,20251107,SAC,OKC,3520,0,201566|203471|1628370|1629234|1630173,0,REG,2026,1610612758,,,,,
2250003894,,Shot Chart Detail,22500038,94,1628370,Malik Monk,1610612758,Sacramento Kings,1,5,19,Made Shot,Running Jump Shot,3PT Field Goal,Above the Break 3,Left Side Center(LC),24+ ft.,28,-142,249,1,1,20251107,SAC,OKC,4010,0,201566|1628370|1630173|1642363|1642875,1,REG,2026,1610612758,,,,,
22500038101,,Shot Chart Detail,22500038,101,201566,Russell Westbrook,1610612758,Sacramento Kings,1,4,57,Made Shot,Fadeaway Jump Shot,2PT Field Goal,In The Paint (Non-RA),Center(C),8-16 ft.,10,47,97,1,1,20251107,SAC,OKC,4230,0,201566|1628370|1630173|1642363|1642875,0,REG,2026,1610612758,,,,,
22500038104,,Shot Chart Detail,22500038,104,201566,Russell Westbrook,1610612758,Sacramento Kings,1,4,24,Missed Shot,Jump Shot,3PT Field Goal,Above the Break 3,Left Side Center(LC),24+ ft.,26,-162,210,1,0,20251107,SAC,OKC,4560,0,201566|1628370|1630173|1642363|1642875,0,REG,2026,1610612758,,,,,
22500038120,,Shot Chart Detail,22500038,120,1642363,Nique Clifford,1610612758,Sacramento Kings,1,3,12,Missed Shot,Jump Shot,3PT Field Goal,Right Corner 3,Right Side(R),24+ ft.,24,232,76,1,0,20251107,SAC,OKC,5280,0,201566|201942|1628370|1642363|1642875,0,REG,2026,1610612758,,,,,
22500038126,,Shot Chart Detail,22500038,126,201566,Russell Westbrook,1610612758,Sacramento Kings,1,2,55,Made Shot,Running Jump Shot,3PT Field Goal,Right Corner 3,Right Side(R),24+ ft.,24,235,54,1,1,20251107,SAC,OKC,5450,0,201566|201942|1628370|1642363|1642875,1,REG,2026,1610612758,,,,,
22500038133,,Shot Chart Detail,22500038,133,1628370,Malik Monk,1610612758,Sacramento Kings,1,2,25,Made Shot,Jump Shot,3PT Field Goal,Above the Break 3,Right Side Center(RC),24+ ft.,25,174,191,1,1,20251107,SAC,OKC,5750,0,201942|203471|1628370|1642363|1642875,1,REG,2026,1610612758,,,,,
22500038140,,Shot Chart Detail,22500038,140,201942,DeMar DeRozan,1610612758,Sacramento Kings,1,1,48,Missed Shot,Jump Shot,3PT Field Goal,Above the Break 3,Center(C),24+ ft.,27,20,272,1,0,20251107,SAC,OKC,6120,0,201942|203471|1628370|1642363|1642875,0,REG,2026,1610612758,,,,,
22500038142,,Shot Chart Detail,22500038,142,1628370,Malik Monk,1610612758,Sacramento Kings,1,1,42,Missed Shot,Jump Shot,2PT Field Goal,Mid-Range,Right Side(R),8-16 ft.,11,115,23,1,0,20251107,SAC,OKC,6180,0,201942|203471|1628370|1642363|1642875,0,REG,2026,1610612758,,,,,
22500038148,,Shot Chart Detail,22500038,148,1628370,Malik Monk,1610612758,Sacramento Kings,1,1,9,Made Shot,Jump Shot,3PT Field Goal,Above the Break 3,Center(C),24+ ft.,30,72,300,1,1,20251107,SAC,OKC,6510,0,201942|203471|1628370|1642363|1642875,1,REG,2026,1610612758,,,,,
22500038152,,Shot Chart Detail,22500038,152,201942,DeMar DeRozan,1610612758,Sacramento Kings,1,0,33,Made Shot,Jump Shot,3PT Field Goal,Above the Break 3,Center(C),24+ ft.,28,-61,278,1,1,20251107,SAC,OKC,6870,0,201942|203471|1628370|1642363|1642875,1,REG,2026,1610612758,,,,,
22500038162,,Shot Chart Detail,22500038,162,203471,Dennis Schröder,1610612758,Sacramento Kings,1,0,6,Missed Shot,Jump Shot,3PT Field Goal,Above the Break 3,Left Side Center(LC),24+ ft.,27,-164,221,1,0,20251107,SAC,OKC,7140,0,201942|203471|203897|1628370|1642363,0,REG,2026,1610612758,,,,,
22500038188,,Shot Chart Detail,22500038,188,203471,Dennis Schröder,1610612758,Sacramento Kings,2,10,53,Missed Shot,Step Back Jump shot,2PT Field Goal,In The Paint (Non-RA),Center(C),8-16 ft.,11,37,105,1,0,20251107,SAC,OKC,7870,0,201942|203471|1628370|1642363|1642875,0,REG,2026,1610612758,,,,,
22500038192,,Shot Chart Detail,22500038,192,201942,DeMar DeRozan,1610612758,Sacramento Kings,2,10,28,Missed Shot,Jump Shot,3PT Field Goal,Above the Break 3,Right Side Center(RC),24+ ft.,26,138,231,1,0,20251107,SAC,OKC,8120,0,201942|203471|1628370|1642363|1642875,0,REG,2026,1610612758,,,,,
22500038203,,Shot Chart Detail,22500038,203,201566,Russell Westbrook,1610612758,Sacramento Kings,2,10,6,Made Shot,Jump Shot,2PT Field Goal,Mid-Range,Center(C),8-16 ft.,15,-32,149,1,1,20251107,SAC,OKC,8340,0,201566|201942|203471|203897|1629234,0,REG,2026,1610612758,,,,,
22500038205,,Shot Chart Detail,22500038,205,201942,DeMar DeRozan,1610612758,Sacramento Kings,2,9,32,Made Shot,Jump Shot,3PT Field Goal,Left Corner 3,Left Side(L),24+ ft.,23,-235,36,1,1,20251107,SAC,OKC,8680,0,201566|201942|203471|203897|1629234,1,REG,2026,1610612758,,,,,
22500038220,,Shot Chart Detail,22500038,220,201942,DeMar DeRozan,1610612758,Sacramento Kings,2,8,37,Made Shot,Jump Shot,3PT Field Goal,Above the Break 3,Center(C),24+ ft.,28,-42,280,1,1,20251107,SAC,OKC,9230,0,201566|201942|203897|1629234|1630173,1,REG,2026,1610612758,,,,,
22500038224,,Shot Chart Detail,22500038,224,1630173,Precious Achiuwa,1610612758,Sacramento Kings,2,7,54,Missed Shot,Jump Shot,3PT Field Goal,Above the Break 3,Center(C),24+ ft.,27,-50,274,1,0,20251107,SAC,OKC,9660,0,201566|201942|203897|1629234|1630173,0,REG,2026,1610612758,,,,,
22500038229,,Shot Chart Detail,22500038,229,203897,Zach LaVine,1610612758,Sacramento Kings,2,7,25,Made Shot,Jump Shot,3PT Field Goal,Above the Break 3,Left Side Center(LC),24+ ft.,26,-175,202,1,1,20251107,SAC,OKC,9950,0,201566|203897|1628370|1629234|1630173,1,REG,2026,1610612758,,,,,
22500038236,,Shot Chart Detail,22500038,236,201566,Russell Westbrook,1610612758,Sacramento Kings,2,7,5,Missed Shot,Fadeaway Jump Shot,2PT Field Goal,In The Paint (Non-RA),Center(C),8-16 ft.,11,23,112,1,0,20251107,SAC,OKC,10150,0,201566|203897|1628370|1629234|1630173,0,REG,2026,1610612758,,,,,
22500038240,,Shot Chart Detail,22500038,240,1629234,Drew Eubanks,1610612758,Sacramento Kings,2,6,46,Made Shot,Running Dunk Shot,2PT Field Goal,In The Paint (Non-RA),Center(C),Less Than 8 ft.,6,-29,53,1,1,20251107,SAC,OKC,10340,0,201566|203897|1628370|1629234|1630173,1,REG,2026,1610612758,,,,,
22500038251,,Shot Chart Detail,22500038,251,201566,Russell Westbrook,1610612758,Sacramento Kings,2,6,14,Missed Shot,Jump Shot,3PT Field Goal,Left Corner 3,Left Side(L),24+ ft.,22,-228,25,1,0,20251107,SAC,OKC,10660,0,201566|203897|1628370|1629234|1630173,0,REG,2026,1610612758,,,,,
22500038255,,Shot Chart Detail,22500038,255,1628370,Malik Monk,1610612758,Sacramento Kings,2,5,44,Missed Shot,Step Back Jump shot,3PT Field Goal,Above the Break 3,Center(C),24+ ft.,27,-39,273,1,0,20251107,SAC,OKC,10960,0,201566|203897|1628370|1629234|1630173,0,REG,2026,1610612758,,,,,
22500038259,,Shot Chart Detail,22500038,259,1630173,Precious Achiuwa,1610612758,Sacramento Kings,2,5,27,Made Shot,Running Layup Shot,2PT Field Goal,In The Paint (Non-RA),Center(C),Less Than 8 ft.,4,-40,8,1,1,20251107,SAC,OKC,11130,0,201566|203897|1628370|1629234|1630173,1,REG,2026,1610612758,,,,,
22500038271,,Shot Chart Detail,22500038,271,203897,Zach LaVine,1610612758,Sacramento Kings,2,4,57,Made Shot,Jump Shot,3PT Field Goal,Above the Break 3,Right Side Center(RC),24+ ft.,26,124,239,1,1,20251107,SAC,OKC,11430,0,201566|203897|1628370|1630173|1642875,1,REG,2026,1610612758,,,,,
22500038290,,Shot Chart Detail,22500038,290,1642875,Maxime Raynaud,1610612758,Sacramento Kings,2,3,31,Missed Shot,Floating Jump shot,2PT Field Goal,In The Paint (Non-RA),Center(C),Less Than 8 ft.,5,-43,37,1,0,20251107,SAC,OKC,12290,0,201566|203471|203897|1628370|1642875,0,REG,2026,1610612758,,,,,
22500038292,,Shot Chart Detail,22500038,292,1642875,Maxime Raynaud,1610612758,Sacramento Kings,2,3,22,Missed Shot,Tip Layup Shot,2PT Field Goal,Restricted Area,Center(C),Less Than 8 ft.,0,0,0,1,0,20251107,SAC,OKC,12380,0,201566|203471|203897|1628370|1642875,0,REG,2026,1610612758,,,,,
22500038307,,Shot Chart Detail,22500038,307,1629234,Drew Eubanks,1610612758,Sacramento Kings,2,2,37,Made Shot,Cutting Dunk Shot,2PT Field Goal,Restricted Area,Center(C),Less Than 8 ft.,2,18,20,1,1,20251107,SAC,OKC,12830,0,201566|201942|203471|203897|1629234,1,REG,2026,1610612758,,,,,
22500038316,,Shot Chart Detail,22500038,316,1629234,Drew Eubanks,1610612758,Sacramento Kings,2,1,55,Missed Shot,Layup Shot,2PT Field Goal,Restricted Area,Center(C),Less Than 8 ft.,3,10,33,1,0,20251107,SAC,OKC,13250,0,201566|201942|203471|203897|1629234,0,REG,2026,1610612758,,,,,
22500038331,,Shot Chart Detail,22500038,331,203471,Dennis Schröder,1610612758,Sacramento Kings,2,1,0,Missed Shot,Driving Layup Shot,2PT Field Goal,In The Paint (Non-RA),Center(C),Less Than 8 ft.,5,-51,10,1,0,20251107,SAC,OKC,13800,0,201566|201942|203471|1628370|1629234,0,REG,2026,1610612758,,,,,
22500038340,,Shot Chart Detail,22500038,340,201566,Russell Westbrook,1610612758,Sacramento Kings,2,0,41,Made Shot,Driving Layup Shot,2PT Field Goal,In The Paint (Non-RA),Center(C),Less Than 8 ft.,4,-18,38,1,1,20251107,SAC,OKC,13990,0,201566|201942|203471|1628370|1642875,0,REG,2026,1610612758,,,,,
22500038345,,Shot Chart Detail,22500038,345,201942,DeMar DeRozan,1610612758,Sacramento Kings,2,0,8,Missed Shot,Jump Shot,2PT Field Goal,Mid-Range,Right Side Center(RC),16-24 ft.,18,64,175,1,0,20251107,SAC,OKC,14320,0,201566|201942|203471|1628370|1642875,0,REG,2026,1610612758,,,,,
22500038357,,Shot Chart Detail,22500038,357,201942,DeMar DeRozan,1610612758,Sacramento Kings,3,11,45,Made Shot,Jump Shot,3PT Field Goal,Left Corner 3,Left Side(L),24+ ft.,22,-225,25,1,1,20251107,SAC,OKC,14550,0,201566|201942|203471|203897|1629234,1,REG,2026,1610612758,,,,,
22500038362,,Shot Chart Detail,22500038,362,201942,DeMar DeRozan,1610612758,Sacramento Kings,3,11,15,Missed Shot,Jump Shot,3PT Field Goal,Above the Break 3,Center(C),24+ ft.,24,-65,241,1,0,20251107,SAC,OKC,14850,0,201566|201942|203471|203897|1629234,0,REG,2026,1610612758,,,,,
22500038364,,Shot Chart Detail,22500038,364,201942,DeMar DeRozan,1610612758,Sacramento Kings,3,11,10,Made Shot,Layup Shot,2PT Field Goal,Restricted Area,Center(C),Less Than 8 ft.,3,23,30,1,1,20251107,SAC,OKC,14900,0,201566|201942|203471|203897|1629234,0,REG,2026,1610612758,,,,,
22500038367,,Shot Chart Detail,22500038,367,203471,Dennis Schröder,1610612758,Sacramento Kings,3,10,39,Missed Shot,Jump Shot,3PT Field Goal,Above the Break 3,Left Side Center(LC),24+ ft.,27,-194,193,1,0,20251107,SAC,OKC,15210,0,201566|201942|203471|203897|1629234,0,REG,2026,1610612758,,,,,
22500038382,,Shot Chart Detail,22500038,382,1629234,Drew Eubanks,1610612758,Sacramento Kings,3,9,16,Missed Shot,Jump Shot,2PT Field Goal,Mid-Range,Right Side Center(RC),16-24 ft.,18,92,164,1,0,20251107,SAC,OKC,16040,0,201566|201942|203471|203897|1629234,0,REG,2026,1610612758,,,,,
22500038399,,Shot Chart Detail,22500038,399,201566,Russell Westbrook,1610612758,Sacramento Kings,3,8,30,Made Shot,Driving Layup Shot,2PT Field Goal,In The Paint (Non-RA),Center(C),Less Than 8 ft.,4,48,-12,1,1,20251107,SAC,OKC,16500,0,201566|201942|203471|203897|1629234,1,REG,2026,1610612758,,,,,
22500038403,,Shot Chart Detail,22500038,403,201566,Russell Westbrook,1610612758,Sacramento Kings,3,8,12,Missed Shot,Jump Shot,3PT Field Goal,Above the Break 3,Right Side Center(RC),24+ ft.,26,172,206,1,0,20251107,SAC,OKC,16680,0,201566|201942|203471|203897|1629234,0,REG,2026,1610612758,,,,,
22500038405,,Shot Chart Detail,22500038,405,1629234,Drew Eubanks,1610612758,Sacramento Kings,3,8,2,Made Shot,Putback Layup Shot,2PT Field Goal,Restricted Area,Center(C),Less Than 8 ft.,0,0,0,1,1,20251107,SAC,OKC,16780,0,201566|201942|203471|203897|1629234,0,REG,2026,1610612758,,,,,
22500038408,,Shot Chart Detail,22500038,408,201942,DeMar DeRozan,1610612758,Sacramento Kings,3,7,33,Made Shot,Jump Shot,2PT Field Goal,Mid-Range,Left Side(L),8-16 ft.,11,-113,4,1,1,20251107,SAC,OKC,17070,0,201566|201942|203471|203897|1629234,0,REG,2026,1610612758,,,,,
22500038410,,Shot Chart Detail,22500038,410,1629234,Drew Eubanks,1610612758,Sacramento Kings,3,7,2,Made Shot,Hook Bank Shot,2PT Field Goal,Mid-Range,Right Side(R),8-16 ft.,9,86,41,1,1,20251107,SAC,OKC,17380,0,201566|201942|203471|203897|1629234,1,REG,2026,1610612758,,,,,
22500038414,,Shot Chart Detail,22500038,414,201566,Russell Westbrook,1610612758,Sacramento Kings,3,6,35,Missed Shot,Turnaround Jump Shot,2PT Field Goal,Mid-Range,Left Side(L),8-16 ft.,10,-107,19,1,0,20251107,SAC,OKC,17650,0,201566|201942|203471|203897|1629234,0,REG,2026,1610612758,,,,,
22500038425,,Shot Chart Detail,22500038,425,201566,Russell Westbrook,1610612758,Sacramento Kings,3,6,23,Missed Shot,Pullup Jump shot,3PT Field Goal,Above the Break 3,Left Side Center(LC),24+ ft.,26,-108,247,1,0,20251107,SAC,OKC,17770,0,201566|203897|1628370|1629234|1642363,0,REG,2026,1610612758,,,,,
22500038428,,Shot Chart Detail,22500038,428,1629234,Drew Eubanks,1610612758,Sacramento Kings,3,5,52,Made Shot,Hook Shot,2PT Field Goal,Restricted Area,Center(C),Less Than 8 ft.,2,-13,26,1,1,20251107,SAC,OKC,18080,0,201566|203897|1628370|1629234|1642363,1,REG,2026,1610612758,,,,,
22500038439,,Shot Chart Detail,22500038,439,1628370,Malik Monk,1610612758,Sacramento Kings,3,5,5,Made Shot,Step Back Jump shot,2PT Field Goal,Mid-Range,Right Side(R),8-16 ft.,14,119,88,1,1,20251107,SAC,OKC,18550,0,201566|203897|1628370|1642363|1642875,0,REG,2026,1610612758,,,,,
22500038454,,Shot Chart Detail,22500038,454,1642363,Nique Clifford,1610612758,Sacramento Kings,3,4,20,Missed Shot,Jump Shot,3PT Field Goal,Above the Break 3,Left Side Center(LC),24+ ft.,26,-118,232,1,0,20251107,SAC,OKC,19000,0,203471|203897|1628370|1642363|1642875,0,REG,2026,1610612758,,,,,
22500038462,,Shot Chart Detail,22500038,462,1628370,Malik Monk,1610612758,Sacramento Kings,3,3,50,Made Shot,Driving Layup Shot,2PT Field Goal,In The Paint (Non-RA),Center(C),Less Than 8 ft.,6,61,8,1,1,20251107,SAC,OKC,19300,0,203471|203897|1628370|1630173|1642875,0,REG,2026,1610612758,,,,,
22500038465,,Shot Chart Detail,22500038,465,1628370,Malik Monk,1610612758,Sacramento Kings,3,3,23,Made Shot,Floating Jump shot,2PT Field Goal,In The Paint (Non-RA),Center(C),Less Than 8 ft.,4,28,32,1,1,20251107,SAC,OKC,19570,0,203471|203897|1628370|1630173|1642875,0,REG,2026,1610612758,,,,,
22500038474,,Shot Chart Detail,22500038,474,201942,DeMar DeRozan,1610612758,Sacramento Kings,3,2,33,Missed Shot,Jump Shot,2PT Field Goal,Mid-Range,Left Side(L),8-16 ft.,13,-134,9,1,0,20251107,SAC,OKC,20070,0,201942|203471|1628370|1629234|1630173,0,REG,2026,1610612758,,,,,
22500038477,,Shot Chart Detail,22500038,477,203471,Dennis Schröder,1610612758,Sacramento Kings,3,2,30,Missed Shot,Jump Shot,3PT Field Goal,Above the Break 3,Right Side Center(RC),24+ ft.,25,199,163,1,0,20251107,SAC,OKC,20100,0,201942|203471|1628370|1629234|1630173,0,REG,2026,1610612758,,,,,
22500038480,,Shot Chart Detail,22500038,480,203471,Dennis Schröder,1610612758,Sacramento Kings,3,1,58,Missed Shot,Driving Layup Shot,2PT Field Goal,In The Paint (Non-RA),Center(C),Less Than 8 ft.,7,76,-5,1,0,20251107,SAC,OKC,20420,0,201942|203471|1628370|1629234|1630173,0,REG,2026,1610612758,,,,,
22500038488,,Shot Chart Detail,22500038,488,201566,Russell Westbrook,1610612758,Sacramento Kings,3,1,38,Made Shot,Jump Shot,3PT Field Goal,Above the Break 3,Left Side Center(LC),24+ ft.,26,-239,103,1,1,20251107,SAC,OKC,20620,0,201566|201942|1628370|1629234|1630173,1,REG,2026,1610612758,,,,,
22500038491,,Shot Chart Detail,22500038,491,1628370,Malik Monk,1610612758,Sacramento Kings,3,1,4,Missed Shot,Hook Shot,2PT Field Goal,Restricted Area,Center(C),Less Than 8 ft.,0,-4,6,1,0,20251107,SAC,OKC,20960,0,201566|201942|1628370|1629234|1630173,0,REG,2026,1610612758,,,,,
22500038502,,Shot Chart Detail,22500038,502,201566,Russell Westbrook,1610612758,Sacramento Kings,3,0,2,Missed Shot,Layup Shot,2PT Field Goal,In The Paint (Non-RA),Center(C),Less Than 8 ft.,4,-20,35,1,0,20251107,SAC,OKC,21580,0,201566|201942|1628370|1629234|1630173,0,REG,2026,1610612758,,,,,
22500038532,,Shot Chart Detail,22500038,532,201942,DeMar DeRozan,1610612758,Sacramento Kings,4,11,0,Missed Shot,Pullup Jump shot,2PT Field Goal,In The Paint (Non-RA),Center(C),8-16 ft.,13,54,127,1,0,20251107,SAC,OKC,22200,0,201566|201942|203897|1629234|1631165,0,REG,2026,1610612758,,,,,
22500038555,,Shot Chart Detail,22500038,555,1642875,Maxime Raynaud,1610612758,Sacramento Kings,4,10,8,Missed Shot,Jump Shot,2PT Field Goal,In The Paint (Non-RA),Center(C),Less Than 8 ft.,7,65,35,1,0,20251107,SAC,OKC,22720,0,201566|201942|203897|1631165|1642875,0,REG,2026,1610612758,,,,,
22500038560,,Shot Chart Detail,22500038,560,1642875,Maxime Raynaud,1610612758,Sacramento Kings,4,9,46,Missed Shot,Running Jump Shot,2PT Field Goal,In The Paint (Non-RA),Right Side(R),8-16 ft.,9,80,58,1,0,20251107,SAC,OKC,22940,0,201566|201942|203897|1631165|1642875,0,REG,2026,1610612758,,,,,
22500038568,,Shot Chart Detail,22500038,568,203897,Zach LaVine,1610612758,Sacramento Kings,4,9,31,Made Shot,Layup Shot,2PT Field Goal,In The Paint (Non-RA),Center(C),Less Than 8 ft.,5,48,-21,1,1,20251107,SAC,OKC,23090,0,201566|201942|203897|1631165|1642875,1,REG,2026,1610612758,,,,,
22500038573,,Shot Chart Detail,22500038,573,1642875,Maxime Raynaud,1610612758,Sacramento Kings,4,9,5,Made Shot,Floating Jump shot,2PT Field Goal,In The Paint (Non-RA),Center(C),Less Than 8 ft.,4,1,43,1,1,20251107,SAC,OKC,23350,0,201566|201942|203897|1631165|1642875,1,REG,2026,1610612758,,,,,
22500038581,,Shot Chart Detail,22500038,581,203897,Zach LaVine,1610612758,Sacramento Kings,4,8,38,Missed Shot,Running Layup Shot,2PT Field Goal,In The Paint (Non-RA),Center(C),Less Than 8 ft.,6,-60,16,1,0,20251107,SAC,OKC,23620,0,201566|201942|203897|1631165|1642875,0,REG,2026,1610612758,,,,,
22500038588,,Shot Chart Detail,22500038,588,1631165,Keon Ellis,1610612758,Sacramento Kings,4,8,19,Missed Shot,Jump Shot,3PT Field Goal,Above the Break 3,Left Side Center(LC),24+ ft.,27,-97,255,1,0,20251107,SAC,OKC,23810,0,201566|201942|203897|1631165|1642875,0,REG,2026,1610612758,,,,,
22500038590,,Shot Chart Detail,22500038,590,201566,Russell Westbrook,1610612758,Sacramento Kings,4,8,14,Made Shot,Jump Shot,3PT Field Goal,Above the Break 3,Left Side Center(LC),24+ ft.,25,-208,153,1,1,20251107,SAC,OKC,23860,0,201566|201942|203897|1631165|1642875,1,REG,2026,1610612758,,,,,
22500038597,,Shot Chart Detail,22500038,597,1642875,Maxime Raynaud,1610612758,Sacramento Kings,4,7,20,Missed Shot,Driving Floating Bank Jump Shot,2PT Field Goal,Restricted Area,Center(C),Less Than 8 ft.,1,1,15,1,0,20251107,SAC,OKC,24400,0,201566|201942|203897|1631165|1642875,0,REG,2026,1610612758,,,,,
22500038599,,Shot Chart Detail,22500038,599,1642875,Maxime Raynaud,1610612758,Sacramento Kings,4,7,17,Made Shot,Jump Shot,2PT Field Goal,Restricted Area,Center(C),Less Than 8 ft.,2,27,9,1,1,20251107,SAC,OKC,24430,0,201566|201942|203897|1631165|1642875,0,REG,2026,1610612758,,,,,
22500038602,,Shot Chart Detail,22500038,602,1642875,Maxime Raynaud,1610612758,Sacramento Kings,4,6,50,Missed Shot,Floating Jump shot,2PT Field Goal,In The Paint (Non-RA),Center(C),8-16 ft.,10,45,90,1,0,20251107,SAC,OKC,24700,0,201566|201942|203897|1631165|1642875,0,REG,2026,1610612758,,,,,
22500038612,,Shot Chart Detail,22500038,612,1642363,Nique Clifford,1610612758,Sacramento Kings,4,6,30,Missed Shot,Jump Shot,3PT Field Goal,Right Corner 3,Right Side(R),24+ ft.,23,233,3,1,0,20251107,SAC,OKC,24900,0,201566|203897|1631165|1642363|1642875,0,REG,2026,1610612758,,,,,
22500038621,,Shot Chart Detail,22500038,621,1631165,Keon Ellis,1610612758,Sacramento Kings,4,5,35,Missed Shot,Pullup Jump shot,2PT Field Goal,Mid-Range,Center(C),16-24 ft.,23,-34,235,1,0,20251107,SAC,OKC,25450,0,201566|203897|1631165|1642363|1642875,0,REG,2026,1610612758,,,,,
22500038640,,Shot Chart Detail,22500038,640,1631165,Keon Ellis,1610612758,Sacramento Kings,4,4,58,Made Shot,Jump Shot,3PT Field Goal,Right Corner 3,Right Side(R),24+ ft.,23,235,-1,1,1,20251107,SAC,OKC,25820,0,1628370|1631165|1642269|1642363|1642875,1,REG,2026,1610612758,,,,,
22500038648,,Shot Chart Detail,22500038,648,1642363,Nique Clifford,1610612758,Sacramento Kings,4,4,17,Missed Shot,Driving Hook Shot,2PT Field Goal,In The Paint (Non-RA),Center(C),Less Than 8 ft.,6,60,-7,1,0,20251107,SAC,OKC,26230,0,1628370|1631165|1642269|1642363|1642875,0,REG,2026,1610612758,,,,,
22500038659,,Shot Chart Detail,22500038,659,1630173,Precious Achiuwa,1610612758,Sacramento Kings,4,3,48,Missed Shot,Driving Layup Shot,2PT Field Goal,In The Paint (Non-RA),Center(C),Less Than 8 ft.,4,17,40,1,0,20251107,SAC,OKC,26520,0,1630173|1631165|1642269|1642363|1642875,0,REG,2026,1610612758,,,,,
22500038668,,Shot Chart Detail,22500038,668,1631165,Keon Ellis,1610612758,Sacramento Kings,4,3,27,Missed Shot,Jump Shot,3PT Field Goal,Above the Break 3,Center(C),24+ ft.,26,-71,260,1,0,20251107,SAC,OKC,26730,0,1630173|1631165|1642269|1642363|1642875,0,REG,2026,1610612758,,,,,
22500038672,,Shot Chart Detail,22500038,672,1630173,Precious Achiuwa,1610612758,Sacramento Kings,4,2,59,Missed Shot,Jump Shot,3PT Field Goal,Right Corner 3,Right Side(R),24+ ft.,23,235,-5,1,0,20251107,SAC,OKC,27010,0,1630173|1631165|1642269|1642363|1642875,0,REG,2026,1610612758,,,,,
22500038675,,Shot Chart Detail,22500038,675,1642875,Maxime Raynaud,1610612758,Sacramento Kings,4,2,32,Missed Shot,Jump Shot,3PT Field Goal,Above the Break 3,Left Side Center(LC),24+ ft.,26,-229,124,1,0,20251107,SAC,OKC,27280,0,1630173|1631165|1642269|1642363|1642875,0,REG,2026,1610612758,,,,,
22500038681,,Shot Chart Detail,22500038,681,1630173,Precious Achiuwa,1610612758,Sacramento Kings,4,1,57,Missed Shot,Jump Shot,2PT Field Goal,Mid-Range,Right Side(R),8-16 ft.,10,94,41,1,0,20251107,SAC,OKC,27630,0,1630173|1631165|1642269|1642363|1642875,0,REG,2026,1610612758,,,,,
22500038683,,Shot Chart Detail,22500038,683,1631165,Keon Ellis,1610612758,Sacramento Kings,4,1,46,Missed Shot,Jump Shot,3PT Field Goal,Above the Break 3,Left Side Center(LC),24+ ft.,26,-213,156,1,0,20251107,SAC,OKC,27740,0,1630173|1631165|1642269|1642363|1642875,0,REG,2026,1610612758,,,,,
22500038687,,Shot Chart Detail,22500038,687,1642875,Maxime Raynaud,1610612758,Sacramento Kings,4,1,17,Made Shot,Hook Shot,2PT Field Goal,In The Paint (Non-RA),Right Side(R),8-16 ft.,9,58,74,1,1,20251107,SAC,OKC,28030,0,1630173|1631165|1642269|1642363|1642875,1,REG,2026,1610612758,,,,,
22500038691,,Shot Chart Detail,22500038,691,1642269,Devin Carter,1610612758,Sacramento Kings,4,0,47,Missed Shot,Jump Shot,3PT Field Goal,Above the Break 3,Center(C),24+ ft.,27,-39,271,1,0,20251107,SAC,OKC,28330,0,1630173|1631165|1642269|1642363|1642875,0,REG,2026,1610612758,,,,,
22500038701,,Shot Chart Detail,22500038,701,1642269,Devin Carter,1610612758,Sacramento Kings,4,0,10,Missed Shot,Jump Shot,3PT Field Goal,Above the Break 3,Right Side Center(RC),24+ ft.,26,124,236,1,0,20251107,SAC,OKC,28700,0,1630173|1631165|1642269|1642363|1642875,0,REG,2026,1610612758,,,,,
22500038708,,Shot Chart Detail,22500038,708,1642269,Devin Carter,1610612758,Sacramento Kings,4,0,1,Missed Shot,Layup Shot,2PT Field Goal,In The Paint (Non-RA),Center(C),8-16 ft.,9,-40,87,1,0,20251107,SAC,OKC,28790,0,1630173|1631165|1642269|1642363|1642875,0,REG,2026,1610612758,,,,,
2250004411,,Shot Chart Detail,22500044,11,1630173,Precious Achiuwa,1610612758,Sacramento Kings,1,11,16,Missed Shot,Jump Shot,3PT Field Goal,Right Corner 3,Right Side(R),24+ ft.,24,243,28,1,0,20251114,MIN,SAC,440,0,201566|201942|203897|1627734|1630173,0,REG,2026,1610612758,,,,,
2250004415,,Shot Chart Detail,22500044,15,203897,Zach LaVine,1610612758,Sacramento Kings,1,11,4,Made Shot,Running Dunk Shot,2PT Field Goal,Restricted Area,Center(C),Less Than 8 ft.,0,-2,5,1,1,20251114,MIN,SAC,560,0,201566|201942|203897|1627734|1630173,1,REG,2026,1610612758,,,,,
2250004423,,Shot Chart Detail,22500044,23,203897,Zach LaVine,1610612758,Sacramento Kings,1,10,36,Made Shot,Jump Shot,3PT Field Goal,Above the Break 3,Left Side Center(LC),24+ ft.,26,-150,215,1,1,20251114,MIN,SAC,840,0,201566|201942|203897|1627734|1630173,1,REG,2026,1610612758,,,,,
2250004433,,Shot Chart Detail,22500044,33,1627734,Domantas Sabonis,1610612758,Sacramento Kings,1,9,21,Made Shot,Jump Shot,2PT Field Goal,In The Paint (Non-RA),Center(C),8-16 ft.,12,-6,122,1,1,20251114,MIN,SAC,1590,0,201566|201942|203897|1627734|1630173,1,REG,2026,1610612758,,,,,
2250004440,,Shot Chart Detail,22500044,40,203897,Zach LaVine,1610612758,Sacramento Kings,1,8,53,Missed Shot,Step Back Jump shot,2PT Field Goal,Mid-Range,Right Side Center(RC),16-24 ft.,18,64,170,1,0,20251114,MIN,SAC,1870,0,201566|201942|203897|1627734|1630173,0,REG,2026,1610612758,,,,,
2250004458,,Shot Chart Detail,22500044,58,201566,Russell Westbrook,1610612758,Sacramento Kings,1,7,36,Missed Shot,Pullup Jump shot,3PT Field Goal,Right Corner 3,Right Side(R),24+ ft.,23,230,-4,1,0,20251114,MIN,SAC,2640,0,201566|201942|203897|1627734|1630173,0,REG,2026,1610612758,,,,,
2250004464,,Shot Chart Detail,22500044,64,1627734,Domantas Sabonis,1610612758,Sacramento Kings,1,7,11,Missed Shot,Layup Shot,2PT Field Goal,Restricted Area,Center(C),Less Than 8 ft.,1,-1,18,1,0,20251114,MIN,SAC,2890,0,201566|201942|203897|1627734|1630173,0,REG,2026,1610612758,,,,,
2250004466,,Shot Chart Detail,22500044,66,1627734,Domantas Sabonis,1610612758,Sacramento Kings,1,7,9,Missed Shot,Tip Layup Shot,2PT Field Goal,Restricted Area,Center(C),Less Than 8 ft.,0,0,0,1,0,20251114,MIN,SAC,2910,0,201566|201942|203897|1627734|1630173,0,REG,2026,1610612758,,,,,
2250004468,,Shot Chart Detail,22500044,68,1627734,Domantas Sabonis,1610612758,Sacramento Kings,1,6,59,Missed Shot,Jump Shot,3PT Field Goal,Right Corner 3,Right Side(R),24+ ft.,22,228,-1,1,0,20251114,MIN,SAC,3010,0,201566|201942|203897|1627734|1630173,0,REG,2026,1610612758,,,,,
2250004472,,Shot Chart Detail,22500044,72,1627734,Domantas Sabonis,1610612758,Sacramento Kings,1,6,39,Made Shot,Running Dunk Shot,2PT Field Goal,Restricted Area,Center(C),Less Than 8 ft.,0,0,-5,1,1,20251114,MIN,SAC,3210,0,201566|201942|203897|1627734|1630173,1,REG,2026,1610612758,,,,,
2250004475,,Shot Chart Detail,22500044,75,201942,DeMar DeRozan,1610612758,Sacramento Kings,1,6,6,Made Shot,Jump Shot,2PT Field Goal,Mid-Range,Left Side Center(LC),16-24 ft.,20,-88,184,1,1,20251114,MIN,SAC,3540,0,201566|201942|203897|1627734|1630173,1,REG,2026,1610612758,,,,,
2250004478,,Shot Chart Detail,22500044,78,1627734,Domantas Sabonis,1610612758,Sacramento Kings,1,5,47,Made Shot,Layup Shot,2PT Field Goal,Restricted Area,Center(C),Less Than 8 ft.,2,-20,17,1,1,20251114,MIN,SAC,3730,0,201566|201942|203897|1627734|1630173,1,REG,2026,1610612758,,,,,
2250004492,,Shot Chart Detail,22500044,92,1627734,Domantas Sabonis,1610612758,Sacramento Kings,1,5,19,Made Shot,Hook Shot,2PT Field Goal,In The Paint (Non-RA),Center(C),Less Than 8 ft.,7,18,77,1,1,20251114,MIN,SAC,4010,0,203471|203897|1627734|1628370|1630173,1,REG,2026,1610612758,,,,,
22500044100,,Shot Chart Detail,22500044,100,1628370,Malik Monk,1610612758,Sacramento Kings,1,4,32,Missed Shot,Driving Floating Jump Shot,2PT Field Goal,In The Paint (Non-RA),Center(C),8-16 ft.,9,-38,90,1,0,20251114,MIN,SAC,4480,0,203471|203897|1627734|1628370|1630173,0,REG,2026,1610612758,,,,,
22500044104,,Shot Chart Detail,22500044,104,203897,Zach LaVine,1610612758,Sacramento Kings,1,4,0,Missed Shot,Step Back Jump shot,3PT Field Goal,Above the Break 3,Left Side Center(LC),24+ ft.,25,-208,152,1,0,20251114,MIN,SAC,4800,0,203471|203897|1627734|1628370|1630173,0,REG,2026,1610612758,,,,,
22500044113,,Shot Chart Detail,22500044,113,1631165,Keon Ellis,1610612758,Sacramento Kings,1,3,35,Made Shot,Jump Shot,3PT Field Goal,Right Corner 3,Right Side(R),24+ ft.,23,233,16,1,1,20251114,MIN,SAC,5050,0,203471|1627734|1628370|1631165|1642363,1,REG,2026,1610612758,,,,,
22500044117,,Shot Chart Detail,22500044,117,1631165,Keon Ellis,1610612758,Sacramento Kings,1,3,12,Made Shot,Running Jump Shot,3PT Field Goal,Above the Break 3,Right Side Center(RC),24+ ft.,24,202,142,1,1,20251114,MIN,SAC,5280,0,203471|1627734|1628370|1631165|1642363,1,REG,2026,1610612758,,,,,
22500044121,,Shot Chart Detail,22500044,121,203471,Dennis Schröder,1610612758,Sacramento Kings,1,2,47,Missed Shot,Pullup Jump shot,2PT Field Goal,Mid-Range,Center(C),16-24 ft.,16,-20,162,1,0,20251114,MIN,SAC,5530,0,203471|1627734|1628370|1631165|1642363,0,REG,2026,1610612758,,,,,
22500044125,,Shot Chart Detail,22500044,125,203471,Dennis Schröder,1610612758,Sacramento Kings,1,2,19,Made Shot,Driving Finger Roll Layup Shot,2PT Field Goal,Restricted Area,Center(C),Less Than 8 ft.,2,-13,18,1,1,20251114,MIN,SAC,5810,0,203471|1627734|1628370|1631165|1642363,1,REG,2026,1610612758,,,,,
22500044135,,Shot Chart Detail,22500044,135,1642363,Nique Clifford,1610612758,Sacramento Kings,1,1,48,Missed Shot,Step Back Jump shot,3PT Field Goal,Above the Break 3,Right Side Center(RC),24+ ft.,24,217,123,1,0,20251114,MIN,SAC,6120,0,203471|1628370|1629234|1631165|1642363,0,REG,2026,1610612758,,,,,
22500044148,,Shot Chart Detail,22500044,148,203471,Dennis Schröder,1610612758,Sacramento Kings,1,0,54,Made Shot,Running Pull-Up Jump Shot,3PT Field Goal,Above the Break 3,Left Side Center(LC),24+ ft.,26,-161,207,1,1,20251114,MIN,SAC,6660,0,203471|1628370|1629234|1631165|1642363,0,REG,2026,1610612758,,,,,
22500044167,,Shot Chart Detail,22500044,167,203471,Dennis Schröder,1610612758,Sacramento Kings,1,0,4,Missed Shot,Pullup Jump shot,2PT Field Goal,In The Paint (Non-RA),Left Side(L),8-16 ft.,10,-76,68,1,0,20251114,MIN,SAC,7160,0,203471|203897|1628370|1629234|1631165,0,REG,2026,1610612758,,,,,
22500044189,,Shot Chart Detail,22500044,189,201942,DeMar DeRozan,1610612758,Sacramento Kings,2,11,41,Missed Shot,Turnaround Jump Shot,2PT Field Goal,Mid-Range,Left Side(L),8-16 ft.,12,-124,17,1,0,20251114,MIN,SAC,7390,0,201942|203471|1628370|1629234|1642363,0,REG,2026,1610612758,,,,,
22500044199,,Shot Chart Detail,22500044,199,1629234,Drew Eubanks,1610612758,Sacramento Kings,2,11,16,Made Shot,Hook Shot,2PT Field Goal,In The Paint (Non-RA),Center(C),Less Than 8 ft.,7,-13,71,1,1,20251114,MIN,SAC,7640,0,201942|203471|1628370|1629234|1642363,1,REG,2026,1610612758,,,,,
22500044205,,Shot Chart Detail,22500044,205,203471,Dennis Schröder,1610612758,Sacramento Kings,2,10,32,Made Shot,Jump Shot,3PT Field Goal,Above the Break 3,Left Side Center(LC),24+ ft.,25,-197,167,1,1,20251114,MIN,SAC,8080,0,201942|203471|1628370|1629234|1642363,1,REG,2026,1610612758,,,,,
22500044211,,Shot Chart Detail,22500044,211,1628370,Malik Monk,1610612758,Sacramento Kings,2,10,0,Missed Shot,Driving Finger Roll Layup Shot,2PT Field Goal,In The Paint (Non-RA),Center(C),Less Than 8 ft.,5,39,42,1,0,20251114,MIN,SAC,8400,0,201942|203471|1628370|1629234|1642363,0,REG,2026,1610612758,,,,,
22500044226,,Shot Chart Detail,22500044,226,1628370,Malik Monk,1610612758,Sacramento Kings,2,9,2,Missed Shot,Jump Shot,2PT Field Goal,In The Paint (Non-RA),Center(C),Less Than 8 ft.,4,39,21,1,0,20251114,MIN,SAC,8980,0,201942|203471|1627734|1628370|1642363,0,REG,2026,1610612758,,,,,
22500044229,,Shot Chart Detail,22500044,229,201942,DeMar DeRozan,1610612758,Sacramento Kings,2,8,59,Missed Shot,Jump Shot,3PT Field Goal,Right Corner 3,Right Side(R),24+ ft.,23,234,-6,1,0,20251114,MIN,SAC,9010,0,201942|203471|1627734|1628370|1642363,0,REG,2026,1610612758,,,,,
22500044231,,Shot Chart Detail,22500044,231,1627734,Domantas Sabonis,1610612758,Sacramento Kings,2,8,52,Made Shot,Jump Shot,2PT Field Goal,Mid-Range,Left Side(L),8-16 ft.,11,-104,38,1,1,20251114,MIN,SAC,9080,0,201942|203471|1627734|1628370|1642363,1,REG,2026,1610612758,,,,,
22500044247,,Shot Chart Detail,22500044,247,201942,DeMar DeRozan,1610612758,Sacramento Kings,2,8,27,Missed Shot,Driving Layup Shot,2PT Field Goal,In The Paint (Non-RA),Center(C),Less Than 8 ft.,5,-48,20,1,0,20251114,MIN,SAC,9330,0,201566|201942|203471|1627734|1631165,0,REG,2026,1610612758,,,,,
22500044264,,Shot Chart Detail,22500044,264,1627734,Domantas Sabonis,1610612758,Sacramento Kings,2,7,42,Made Shot,Reverse Layup Shot,2PT Field Goal,Restricted Area,Center(C),Less Than 8 ft.,3,18,28,1,1,20251114,MIN,SAC,9780,0,201566|201942|203471|1627734|1631165,1,REG,2026,1610612758,,,,,
22500044268,,Shot Chart Detail,22500044,268,1627734,Domantas Sabonis,1610612758,Sacramento Kings,2,7,18,Missed Shot,Cutting Layup Shot,2PT Field Goal,Restricted Area,Center(C),Less Than 8 ft.,3,32,17,1,0,20251114,MIN,SAC,10020,0,201566|201942|203471|1627734|1631165,0,REG,2026,1610612758,,,,,
22500044274,,Shot Chart Detail,22500044,274,201942,DeMar DeRozan,1610612758,Sacramento Kings,2,7,15,Missed Shot,Jump Shot,2PT Field Goal,Mid-Range,Right Side(R),16-24 ft.,18,185,32,1,0,20251114,MIN,SAC,10050,0,201566|201942|203471|1627734|1631165,0,REG,2026,1610612758,,,,,
22500044276,,Shot Chart Detail,22500044,276,1627734,Domantas Sabonis,1610612758,Sacramento Kings,2,7,6,Made Shot,Driving Layup Shot,2PT Field Goal,Restricted Area,Center(C),Less Than 8 ft.,2,27,13,1,1,20251114,MIN,SAC,10140,0,201566|201942|203471|1627734|1631165,1,REG,2026,1610612758,,,,,
22500044281,,Shot Chart Detail,22500044,281,203471,Dennis Schröder,1610612758,Sacramento Kings,2,6,42,Made Shot,Driving Finger Roll Layup Shot,2PT Field Goal,Restricted Area,Center(C),Less Than 8 ft.,3,11,37,1,1,20251114,MIN,SAC,10380,0,201566|201942|203471|1627734|1631165,0,REG,2026,1610612758,,,,,
22500044292,,Shot Chart Detail,22500044,292,201566,Russell Westbrook,1610612758,Sacramento Kings,2,6,8,Missed Shot,Driving Layup Shot,2PT Field Goal,In The Paint (Non-RA),Center(C),Less Than 8 ft.,4,-32,34,1,0,20251114,MIN,SAC,10720,0,201566|201942|203897|1627734|1631165,0,REG,2026,1610612758,,,,,
22500044297,,Shot Chart Detail,22500044,297,1627734,Domantas Sabonis,1610612758,Sacramento Kings,2,5,42,Made Shot,Cutting Layup Shot,2PT Field Goal,Restricted Area,Center(C),Less Than 8 ft.,2,-5,21,1,1,20251114,MIN,SAC,10980,0,201566|201942|203897|1627734|1631165,1,REG,2026,1610612758,,,,,
22500044301,,Shot Chart Detail,22500044,301,203897,Zach LaVine,1610612758,Sacramento Kings,2,5,24,Made Shot,Alley Oop Layup shot,2PT Field Goal,Restricted Area,Center(C),Less Than 8 ft.,2,-22,8,1,1,20251114,MIN,SAC,11160,0,201566|201942|203897|1627734|1631165,1,REG,2026,1610612758,,,,,
22500044310,,Shot Chart Detail,22500044,310,203897,Zach LaVine,1610612758,Sacramento Kings,2,4,50,Missed Shot,Driving Finger Roll Layup Shot,2PT Field Goal,Restricted Area,Center(C),Less Than 8 ft.,3,-18,33,1,0,20251114,MIN,SAC,11500,0,201566|201942|203897|1627734|1631165,0,REG,2026,1610612758,,,,,
22500044323,,Shot Chart Detail,22500044,323,203897,Zach LaVine,1610612758,Sacramento Kings,2,4,30,Missed Shot,Alley Oop Layup shot,2PT Field Goal,Restricted Area,Center(C),Less Than 8 ft.,0,4,4,1,0,20251114,MIN,SAC,11700,0,201566|201942|203897|1627734|1631165,0,REG,2026,1610612758,,,,,
22500044327,,Shot Chart Detail,22500044,327,1627734,Domantas Sabonis,1610612758,Sacramento Kings,2,4,4,Made Shot,Cutting Layup Shot,2PT Field Goal,Restricted Area,Center(C),Less Than 8 ft.,3,31,15,1,1,20251114,MIN,SAC,11960,0,201566|201942|203897|1627734|1631165,1,REG,2026,1610612758,,,,,
22500044344,,Shot Chart Detail,22500044,344,1627734,Domantas Sabonis,1610612758,Sacramento Kings,2,3,4,Missed Shot,Driving Layup Shot,2PT Field Goal,Restricted Area,Center(C),Less Than 8 ft.,3,-18,34,1,0,20251114,MIN,SAC,12560,0,201566|203897|1627734|1630173|1631165,0,REG,2026,1610612758,,,,,
22500044346,,Shot Chart Detail,22500044,346,1627734,Domantas Sabonis,1610612758,Sacramento Kings,2,3,2,Missed Shot,Tip Layup Shot,2PT Field Goal,Restricted Area,Center(C),Less Than 8 ft.,0,0,0,1,0,20251114,MIN,SAC,12580,0,201566|203897|1627734|1630173|1631165,0,REG,2026,1610612758,,,,,
22500044348,,Shot Chart Detail,22500044,348,203897,Zach LaVine,1610612758,Sacramento Kings,2,2,58,Made Shot,Pullup Jump shot,3PT Field Goal,Above the Break 3,Right Side Center(RC),24+ ft.,26,98,247,1,1,20251114,MIN,SAC,12620,0,201566|203897|1627734|1630173|1631165,0,REG,2026,1610612758,,,,,
22500044372,,Shot Chart Detail,22500044,372,1627734,Domantas Sabonis,1610612758,Sacramento Kings,2,1,32,Made Shot,Cutting Dunk Shot,2PT Field Goal,Restricted Area,Center(C),Less Than 8 ft.,0,1,5,1,1,20251114,MIN,SAC,13480,0,201566|201942|203471|203897|1627734,1,REG,2026,1610612758,,,,,
22500044382,,Shot Chart Detail,22500044,382,203471,Dennis Schröder,1610612758,Sacramento Kings,2,0,46,Made Shot,Pullup Jump shot,2PT Field Goal,In The Paint (Non-RA),Center(C),8-16 ft.,12,-59,106,1,1,20251114,MIN,SAC,13940,0,201566|201942|203471|203897|1627734,0,REG,2026,1610612758,,,,,
22500044385,,Shot Chart Detail,22500044,385,203471,Dennis Schröder,1610612758,Sacramento Kings,2,0,13,Missed Shot,Layup Shot,2PT Field Goal,In The Paint (Non-RA),Center(C),Less Than 8 ft.,4,-32,26,1,0,20251114,MIN,SAC,14270,0,201566|201942|203471|203897|1627734,0,REG,2026,1610612758,,,,,
22500044387,,Shot Chart Detail,22500044,387,201566,Russell Westbrook,1610612758,Sacramento Kings,2,0,9,Missed Shot,Tip Layup Shot,2PT Field Goal,Restricted Area,Center(C),Less Than 8 ft.,0,0,0,1,0,20251114,MIN,SAC,14310,0,201566|201942|203471|203897|1627734,0,REG,2026,1610612758,,,,,
22500044407,,Shot Chart Detail,22500044,407,1627734,Domantas Sabonis,1610612758,Sacramento Kings,3,11,45,Made Shot,Cutting Dunk Shot,2PT Field Goal,Restricted Area,Center(C),Less Than 8 ft.,1,-18,4,1,1,20251114,MIN,SAC,14550,0,201566|201942|203897|1627734|1630173,1,REG,2026,1610612758,,,,,
22500044413,,Shot Chart Detail,22500044,413,1630173,Precious Achiuwa,1610612758,Sacramento Kings,3,11,6,Missed Shot,Driving Finger Roll Layup Shot,2PT Field Goal,Restricted Area,Center(C),Less Than 8 ft.,2,-16,13,1,0,20251114,MIN,SAC,14940,0,201566|201942|203897|1627734|1630173,0,REG,2026,1610612758,,,,,
22500044424,,Shot Chart Detail,22500044,424,201566,Russell Westbrook,1610612758,Sacramento Kings,3,10,27,Made Shot,Jump Shot,3PT Field Goal,Above the Break 3,Left Side Center(LC),24+ ft.,24,-208,124,1,1,20251114,MIN,SAC,15330,0,201566|201942|203897|1627734|1630173,1,REG,2026,1610612758,,,,,
22500044437,,Shot Chart Detail,22500044,437,201942,DeMar DeRozan,1610612758,Sacramento Kings,3,9,44,Made Shot,Turnaround Jump Shot,2PT Field Goal,In The Paint (Non-RA),Center(C),8-16 ft.,13,-47,125,1,1,20251114,MIN,SAC,15760,0,201566|201942|203897|1627734|1630173,1,REG,2026,1610612758,,,,,
22500044441,,Shot Chart Detail,22500044,441,203897,Zach LaVine,1610612758,Sacramento Kings,3,9,19,Made Shot,Jump Shot,3PT Field Goal,Right Corner 3,Right Side(R),24+ ft.,23,234,8,1,1,20251114,MIN,SAC,16010,0,201566|201942|203897|1627734|1630173,1,REG,2026,1610612758,,,,,
22500044448,,Shot Chart Detail,22500044,448,201942,DeMar DeRozan,1610612758,Sacramento Kings,3,8,53,Made Shot,Reverse Layup Shot,2PT Field Goal,Restricted Area,Center(C),Less Than 8 ft.,2,27,11,1,1,20251114,MIN,SAC,16270,0,201566|201942|203897|1627734|1630173,1,REG,2026,1610612758,,,,,
22500044454,,Shot Chart Detail,22500044,454,1627734,Domantas Sabonis,1610612758,Sacramento Kings,3,8,32,Made Shot,Jump Shot,2PT Field Goal,Mid-Range,Center(C),8-16 ft.,15,32,147,1,1,20251114,MIN,SAC,16480,0,201566|201942|203897|1627734|1630173,1,REG,2026,1610612758,,,,,
22500044460,,Shot Chart Detail,22500044,460,1627734,Domantas Sabonis,1610612758,Sacramento Kings,3,7,57,Made Shot,Cutting Dunk Shot,2PT Field Goal,Restricted Area,Center(C),Less Than 8 ft.,0,-4,-6,1,1,20251114,MIN,SAC,16830,0,201566|201942|203897|1627734|1630173,1,REG,2026,1610612758,,,,,
22500044467,,Shot Chart Detail,22500044,467,201566,Russell Westbrook,1610612758,Sacramento Kings,3,7,40,Made Shot,Step Back Jump shot,3PT Field Goal,Above the Break 3,Right Side Center(RC),24+ ft.,25,225,124,1,1,20251114,MIN,SAC,17000,0,201566|201942|203897|1627734|1630173,0,REG,2026,1610612758,,,,,
22500044469,,Shot Chart Detail,22500044,469,201566,Russell Westbrook,1610612758,Sacramento Kings,3,7,22,Missed Shot,Jump Shot,3PT Field Goal,Above the Break 3,Center(C),24+ ft.,25,-71,242,1,0,20251114,MIN,SAC,17180,0,201566|201942|203897|1627734|1630173,0,REG,2026,1610612758,,,,,
22500044474,,Shot Chart Detail,22500044,474,201942,DeMar DeRozan,1610612758,Sacramento Kings,3,6,54,Missed Shot,Pullup Jump shot,3PT Field Goal,Above the Break 3,Left Side Center(LC),24+ ft.,26,-175,198,1,0,20251114,MIN,SAC,17460,0,201566|201942|203897|1627734|1630173,0,REG,2026,1610612758,,,,,
22500044478,,Shot Chart Detail,22500044,478,1630173,Precious Achiuwa,1610612758,Sacramento Kings,3,6,40,Made Shot,Running Layup Shot,2PT Field Goal,Restricted Area,Center(C),Less Than 8 ft.,1,15,9,1,1,20251114,MIN,SAC,17600,0,201566|201942|203897|1627734|1630173,1,REG,2026,1610612758,,,,,
22500044490,,Shot Chart Detail,22500044,490,1628370,Malik Monk,1610612758,Sacramento Kings,3,6,16,Missed Shot,Running Jump Shot,3PT Field Goal,Right Corner 3,Right Side(R),24+ ft.,23,232,47,1,0,20251114,MIN,SAC,17840,0,203471|203897|1627734|1628370|1630173,0,REG,2026,1610612758,,,,,
22500044496,,Shot Chart Detail,22500044,496,1627734,Domantas Sabonis,1610612758,Sacramento Kings,3,5,38,Missed Shot,Turnaround Hook Shot,2PT Field Goal,In The Paint (Non-RA),Center(C),Less Than 8 ft.,4,18,36,1,0,20251114,MIN,SAC,18220,0,203471|203897|1627734|1628370|1630173,0,REG,2026,1610612758,,,,,
22500044501,,Shot Chart Detail,22500044,501,203471,Dennis Schröder,1610612758,Sacramento Kings,3,4,55,Missed Shot,Jump Shot,3PT Field Goal,Above the Break 3,Left Side Center(LC),24+ ft.,25,-199,157,1,0,20251114,MIN,SAC,18650,0,203471|203897|1627734|1628370|1630173,0,REG,2026,1610612758,,,,,
22500044510,,Shot Chart Detail,22500044,510,203897,Zach LaVine,1610612758,Sacramento Kings,3,4,30,Missed Shot,Pullup Jump shot,3PT Field Goal,Above the Break 3,Center(C),24+ ft.,27,-58,267,1,0,20251114,MIN,SAC,18900,0,203471|203897|1627734|1628370|1630173,0,REG,2026,1610612758,,,,,
22500044540,,Shot Chart Detail,22500044,540,203897,Zach LaVine,1610612758,Sacramento Kings,3,2,56,Made Shot,Driving Finger Roll Layup Shot,2PT Field Goal,Restricted Area,Center(C),Less Than 8 ft.,3,17,27,1,1,20251114,MIN,SAC,19840,0,203471|203897|1628370|1629234|1631165,0,REG,2026,1610612758,,,,,
22500044543,,Shot Chart Detail,22500044,543,1631165,Keon Ellis,1610612758,Sacramento Kings,3,2,21,Missed Shot,Jump Shot,3PT Field Goal,Left Corner 3,Left Side(L),24+ ft.,23,-230,50,1,0,20251114,MIN,SAC,20190,0,203471|203897|1628370|1629234|1631165,0,REG,2026,1610612758,,,,,
22500044555,,Shot Chart Detail,22500044,555,203897,Zach LaVine,1610612758,Sacramento Kings,3,1,18,Missed Shot,Step Back Jump shot,3PT Field Goal,Above the Break 3,Right Side Center(RC),24+ ft.,24,140,206,1,0,20251114,MIN,SAC,20820,0,201942|203471|203897|1628370|1631165,0,REG,2026,1610612758,,,,,
22500044559,,Shot Chart Detail,22500044,559,1631165,Keon Ellis,1610612758,Sacramento Kings,3,0,58,Missed Shot,Jump Shot,3PT Field Goal,Above the Break 3,Right Side Center(RC),24+ ft.,25,222,129,1,0,20251114,MIN,SAC,21020,0,201942|203471|203897|1628370|1631165,0,REG,2026,1610612758,,,,,
22500044566,,Shot Chart Detail,22500044,566,203471,Dennis Schröder,1610612758,Sacramento Kings,3,0,8,Missed Shot,Driving Finger Roll Layup Shot,2PT Field Goal,Restricted Area,Center(C),Less Than 8 ft.,3,0,35,1,0,20251114,MIN,SAC,21520,0,201942|203471|203897|1628370|1631165,0,REG,2026,1610612758,,,,,
22500044584,,Shot Chart Detail,22500044,584,201566,Russell Westbrook,1610612758,Sacramento Kings,4,11,25,Missed Shot,Jump Shot,3PT Field Goal,Left Corner 3,Left Side(L),24+ ft.,22,-228,-7,1,0,20251114,MIN,SAC,21950,0,201566|201942|203471|1627734|1631165,0,REG,2026,1610612758,,,,,
22500044587,,Shot Chart Detail,22500044,587,1631165,Keon Ellis,1610612758,Sacramento Kings,4,11,11,Made Shot,Jump Shot,3PT Field Goal,Above the Break 3,Right Side Center(RC),24+ ft.,25,185,174,1,1,20251114,MIN,SAC,22090,0,201566|201942|203471|1627734|1631165,1,REG,2026,1610612758,,,,,
22500044591,,Shot Chart Detail,22500044,591,1627734,Domantas Sabonis,1610612758,Sacramento Kings,4,10,32,Missed Shot,Reverse Layup Shot,2PT Field Goal,Restricted Area,Center(C),Less Than 8 ft.,2,-18,-12,1,0,20251114,MIN,SAC,22480,0,201566|201942|203471|1627734|1631165,0,REG,2026,1610612758,,,,,
22500044596,,Shot Chart Detail,22500044,596,201942,DeMar DeRozan,1610612758,Sacramento Kings,4,9,56,Missed Shot,Turnaround Jump Shot,2PT Field Goal,In The Paint (Non-RA),Center(C),8-16 ft.,12,16,127,1,0,20251114,MIN,SAC,22840,0,201566|201942|203471|1627734|1631165,0,REG,2026,1610612758,,,,,
22500044619,,Shot Chart Detail,22500044,619,203897,Zach LaVine,1610612758,Sacramento Kings,4,8,40,Missed Shot,Driving Finger Roll Layup Shot,2PT Field Goal,In The Paint (Non-RA),Center(C),Less Than 8 ft.,5,44,29,1,0,20251114,MIN,SAC,23600,0,201566|203897|1627734|1630173|1631165,0,REG,2026,1610612758,,,,,
22500044623,,Shot Chart Detail,22500044,623,201566,Russell Westbrook,1610612758,Sacramento Kings,4,8,33,Made Shot,Driving Layup Shot,2PT Field Goal,In The Paint (Non-RA),Center(C),Less Than 8 ft.,5,48,29,1,1,20251114,MIN,SAC,23670,0,201566|203897|1627734|1630173|1631165,0,REG,2026,1610612758,,,,,
22500044629,,Shot Chart Detail,22500044,629,1630173,Precious Achiuwa,1610612758,Sacramento Kings,4,7,52,Made Shot,Layup Shot,2PT Field Goal,Restricted Area,Center(C),Less Than 8 ft.,0,-2,8,1,1,20251114,MIN,SAC,24080,0,201566|203897|1627734|1630173|1631165,1,REG,2026,1610612758,,,,,
22500044632,,Shot Chart Detail,22500044,632,1627734,Domantas Sabonis,1610612758,Sacramento Kings,4,7,25,Missed Shot,Cutting Layup Shot,2PT Field Goal,Restricted Area,Center(C),Less Than 8 ft.,3,-31,5,1,0,20251114,MIN,SAC,24350,0,201566|203897|1627734|1630173|1631165,0,REG,2026,1610612758,,,,,
22500044646,,Shot Chart Detail,22500044,646,201566,Russell Westbrook,1610612758,Sacramento Kings,4,6,44,Made Shot,Driving Layup Shot,2PT Field Goal,Restricted Area,Center(C),Less Than 8 ft.,2,-2,25,1,1,20251114,MIN,SAC,24760,0,201566|201942|203897|1627734|1631165,0,REG,2026,1610612758,,,,,
22500044667,,Shot Chart Detail,22500044,667,1627734,Domantas Sabonis,1610612758,Sacramento Kings,4,4,57,Missed Shot,Jump Shot,2PT Field Goal,In The Paint (Non-RA),Center(C),8-16 ft.,10,33,103,1,0,20251114,MIN,SAC,25830,0,201566|201942|203471|203897|1627734,0,REG,2026,1610612758,,,,,
22500044674,,Shot Chart Detail,22500044,674,1631165,Keon Ellis,1610612758,Sacramento Kings,4,4,34,Missed Shot,Running Jump Shot,3PT Field Goal,Right Corner 3,Right Side(R),24+ ft.,22,228,-8,1,0,20251114,MIN,SAC,26060,0,201942|203471|203897|1627734|1631165,0,REG,2026,1610612758,,,,,
22500044680,,Shot Chart Detail,22500044,680,1631165,Keon Ellis,1610612758,Sacramento Kings,4,4,22,Missed Shot,Driving Floating Jump Shot,2PT Field Goal,Mid-Range,Right Side(R),8-16 ft.,13,130,11,1,0,20251114,MIN,SAC,26180,0,201942|203471|203897|1627734|1631165,0,REG,2026,1610612758,,,,,
22500044685,,Shot Chart Detail,22500044,685,1631165,Keon Ellis,1610612758,Sacramento Kings,4,3,40,Missed Shot,Jump Shot,3PT Field Goal,Above the Break 3,Right Side Center(RC),24+ ft.,27,192,190,1,0,20251114,MIN,SAC,26600,0,201942|203471|203897|1627734|1631165,0,REG,2026,1610612758,,,,,
22500044695,,Shot Chart Detail,22500044,695,201942,DeMar DeRozan,1610612758,Sacramento Kings,4,3,3,Missed Shot,Step Back Jump shot,2PT Field Goal,Mid-Range,Left Side(L),8-16 ft.,13,-134,-18,1,0,20251114,MIN,SAC,26970,0,201566|201942|203471|203897|1627734,0,REG,2026,1610612758,,,,,
22500044698,,Shot Chart Detail,22500044,698,201566,Russell Westbrook,1610612758,Sacramento Kings,4,2,59,Missed Shot,Tip Layup Shot,2PT Field Goal,Restricted Area,Center(C),Less Than 8 ft.,0,0,0,1,0,20251114,MIN,SAC,27010,0,201566|201942|203471|203897|1627734,0,REG,2026,1610612758,,,,,
22500044708,,Shot Chart Detail,22500044,708,203897,Zach LaVine,1610612758,Sacramento Kings,4,2,10,Missed Shot,Driving Layup Shot,2PT Field Goal,Restricted Area,Center(C),Less Than 8 ft.,3,15,32,1,0,20251114,MIN,SAC,27500,0,201566|201942|203471|203897|1627734,0,REG,2026,1610612758,,,,,
22500044718,,Shot Chart Detail,22500044,718,203471,Dennis Schröder,1610612758,Sacramento Kings,4,1,40,Missed Shot,Running Jump Shot,3PT Field Goal,Right Corner 3,Right Side(R),24+ ft.,23,230,59,1,0,20251114,MIN,SAC,27800,0,201566|201942|203471|203897|1627734,0,REG,2026,1610612758,,,,,
22500044720,,Shot Chart Detail,22500044,720,201566,Russell Westbrook,1610612758,Sacramento Kings,4,1,39,Made Shot,Driving Layup Shot,2PT Field Goal,Restricted Area,Center(C),Less Than 8 ft.,1,-9,16,1,1,20251114,MIN,SAC,27810,0,201566|201942|203471|203897|1627734,0,REG,2026,1610612758,,,,,
22500044723,,Shot Chart Detail,22500044,723,203897,Zach LaVine,1610612758,Sacramento Kings,4,1,25,Made Shot,Running Dunk Shot,2PT Field Goal,Restricted Area,Center(C),Less Than 8 ft.,1,-11,1,1,1,20251114,MIN,SAC,27950,0,201566|201942|203471|203897|1627734,1,REG,2026,1610612758,,,,,
22500044727,,Shot Chart Detail,22500044,727,203471,Dennis Schröder,1610612758,Sacramento Kings,4,1,18,Missed Shot,Jump Shot,3PT Field Goal,Right Corner 3,Right Side(R),24+ ft.,22,224,-10,1,0,20251114,MIN,SAC,28020,0,201566|201942|203471|203897|1627734,0,REG,2026,1610612758,,,,,
22500044737,,Shot Chart Detail,22500044,737,203897,Zach LaVine,1610612758,Sacramento Kings,4,1,1,Made Shot,Jump Shot,3PT Field Goal,Above the Break 3,Left Side Center(LC),24+ ft.,24,-186,161,1,1,20251114,MIN,SAC,28190,0,201566|201942|203471|203897|1627734,1,REG,2026,1610612758,,,,,
22500044742,,Shot Chart Detail,22500044,742,203897,Zach LaVine,1610612758,Sacramento Kings,4,0,40,Missed Shot,Pullup Jump shot,3PT Field Goal,Above the Break 3,Center(C),24+ ft.,28,-6,281,1,0,20251114,MIN,SAC,28400,0,201566|201942|203471|203897|1627734,0,REG,2026,1610612758,,,,,
22500044755,,Shot Chart Detail,22500044,755,1627734,Domantas Sabonis,1610612758,Sacramento Kings,4,0,25,Made Shot,Jump Shot,3PT Field Goal,Right Corner 3,Right Side(R),24+ ft.,23,234,10,1,1,20251114,MIN,SAC,28550,0,201566|201942|203471|203897|1627734,1,REG,2026,1610612758,,,,,
22500044766,,Shot Chart Detail,22500044,766,203471,Dennis Schröder,1610612758,Sacramento Kings,4,0,15,Missed Shot,Jump Shot,3PT Field Goal,Above the Break 3,Right Side Center(RC),24+ ft.,25,88,235,1,0,20251114,MIN,SAC,28650,0,201566|201942|203471|203897|1627734,0,REG,2026,1610612758,,,,,
225000889,,Shot Chart Detail,22500088,9,203897,Zach LaVine,1610612758,Sacramento Kings,1,11,30,Made Shot,Cutting Dunk Shot,2PT Field Goal,Restricted Area,Center(C),Less Than 8 ft.,1,0,10,1,1,20251022,PHX,SAC,300,0,201942|203471|203897|1629234|1642363,1,REG,2026,1610612758,,,,,
2250008825,,Shot Chart Detail,22500088,25,1629234,Drew Eubanks,1610612758,Sacramento Kings,1,10,31,Missed Shot,Layup Shot,2PT Field Goal,In The Paint (Non-RA),Center(C),Less Than 8 ft.,6,15,59,1,0,20251022,PHX,SAC,890,0,201942|203471|203897|1629234|1642363,0,REG,2026,1610612758,,,,,
2250008829,,Shot Chart Detail,22500088,29,201942,DeMar DeRozan,1610612758,Sacramento Kings,1,10,12,Made Shot,Turnaround Jump Shot,2PT Field Goal,In The Paint (Non-RA),Left Side(L),8-16 ft.,9,-75,52,1,1,20251022,PHX,SAC,1080,0,201942|203471|203897|1629234|1642363,0,REG,2026,1610612758,,,,,
2250008840,,Shot Chart Detail,22500088,40,203471,Dennis Schröder,1610612758,Sacramento Kings,1,9,39,Made Shot,Pullup Jump shot,2PT Field Goal,Mid-Range,Right Side Center(RC),16-24 ft.,19,92,172,1,1,20251022,PHX,SAC,1410,0,201942|203471|203897|1629234|1642363,0,REG,2026,1610612758,,,,,
2250008854,,Shot Chart Detail,22500088,54,203471,Dennis Schröder,1610612758,Sacramento Kings,1,8,2,Missed Shot,Driving Layup Shot,2PT Field Goal,In The Paint (Non-RA),Center(C),Less Than 8 ft.,4,39,16,1,0,20251022,PHX,SAC,2380,0,201942|203471|203897|1629234|1642363,0,REG,2026,1610612758,,,,,
2250008859,,Shot Chart Detail,22500088,59,203897,Zach LaVine,1610612758,Sacramento Kings,1,7,59,Made Shot,Floating Jump shot,2PT Field Goal,Mid-Range,Right Side(R),16-24 ft.,18,188,21,1,1,20251022,PHX,SAC,2410,0,201942|203471|203897|1629234|1642363,1,REG,2026,1610612758,,,,,
2250008876,,Shot Chart Detail,22500088,76,203897,Zach LaVine,1610612758,Sacramento Kings,1,7,9,Missed Shot,Running Pull-Up Jump Shot,2PT Field Goal,Mid-Range,Left Side(L),16-24 ft.,19,-176,88,1,0,20251022,PHX,SAC,2910,0,201942|203471|203897|1629234|1642363,0,REG,2026,1610612758,,,,,
2250008878,,Shot Chart Detail,22500088,78,1629234,Drew Eubanks,1610612758,Sacramento Kings,1,7,8,Made Shot,Tip Dunk Shot,2PT Field Goal,Restricted Area,Center(C),Less Than 8 ft.,0,0,0,1,1,20251022,PHX,SAC,2920,0,201942|203471|203897|1629234|1642363,0,REG,2026,1610612758,,,,,
2250008883,,Shot Chart Detail,22500088,83,201942,DeMar DeRozan,1610612758,Sacramento Kings,1,6,37,Made Shot,Running Layup Shot,2PT Field Goal,Restricted Area,Center(C),Less Than 8 ft.,2,11,19,1,1,20251022,PHX,SAC,3230,0,201942|203471|203897|1629234|1642363,1,REG,2026,1610612758,,,,,
22500088104,,Shot Chart Detail,22500088,104,203471,Dennis Schröder,1610612758,Sacramento Kings,1,6,5,Made Shot,Driving Layup Shot,2PT Field Goal,In The Paint (Non-RA),Center(C),Less Than 8 ft.,5,-55,11,1,1,20251022,PHX,SAC,3550,0,203471|203897|203967|1628370|1642875,0,REG,2026,1610612758,,,,,
22500088109,,Shot Chart Detail,22500088,109,203897,Zach LaVine,1610612758,Sacramento Kings,1,5,32,Missed Shot,Step Back Jump shot,3PT Field Goal,Above the Break 3,Center(C),24+ ft.,24,-53,242,1,0,20251022,PHX,SAC,3880,0,203471|203897|203967|1628370|1642875,0,REG,2026,1610612758,,,,,
22500088121,,Shot Chart Detail,22500088,121,201566,Russell Westbrook,1610612758,Sacramento Kings,1,5,7,Missed Shot,Driving Layup Shot,2PT Field Goal,In The Paint (Non-RA),Center(C),Less Than 8 ft.,6,-22,62,1,0,20251022,PHX,SAC,4130,0,201566|203897|203967|1628370|1642875,0,REG,2026,1610612758,,,,,
22500088134,,Shot Chart Detail,22500088,134,203897,Zach LaVine,1610612758,Sacramento Kings,1,4,9,Made Shot,Reverse Layup Shot,2PT Field Goal,Restricted Area,Center(C),Less Than 8 ft.,2,27,13,1,1,20251022,PHX,SAC,4710,0,201566|203897|203967|1628370|1642875,0,REG,2026,1610612758,,,,,
22500088139,,Shot Chart Detail,22500088,139,203897,Zach LaVine,1610612758,Sacramento Kings,1,3,42,Missed Shot,Step Back Jump shot,3PT Field Goal,Above the Break 3,Left Side Center(LC),24+ ft.,25,-201,159,1,0,20251022,PHX,SAC,4980,0,201566|203897|203967|1628370|1642875,0,REG,2026,1610612758,,,,,
22500088142,,Shot Chart Detail,22500088,142,1628370,Malik Monk,1610612758,Sacramento Kings,1,3,35,Made Shot,Jump Shot,3PT Field Goal,Above the Break 3,Right Side Center(RC),24+ ft.,27,170,210,1,1,20251022,PHX,SAC,5050,0,201566|203897|203967|1628370|1642875,1,REG,2026,1610612758,,,,,
22500088157,,Shot Chart Detail,22500088,157,1628370,Malik Monk,1610612758,Sacramento Kings,1,2,49,Made Shot,Driving Floating Jump Shot,2PT Field Goal,In The Paint (Non-RA),Center(C),8-16 ft.,11,-29,109,1,1,20251022,PHX,SAC,5510,0,201566|203967|1628370|1631165|1642875,1,REG,2026,1610612758,,,,,
22500088161,,Shot Chart Detail,22500088,161,201566,Russell Westbrook,1610612758,Sacramento Kings,1,2,18,Missed Shot,Pullup Jump shot,2PT Field Goal,Mid-Range,Center(C),16-24 ft.,17,49,173,1,0,20251022,PHX,SAC,5820,0,201566|203967|1628370|1631165|1642875,0,REG,2026,1610612758,,,,,
22500088164,,Shot Chart Detail,22500088,164,1631165,Keon Ellis,1610612758,Sacramento Kings,1,1,40,Made Shot,Pullup Jump shot,2PT Field Goal,Restricted Area,Center(C),Less Than 8 ft.,3,33,14,1,1,20251022,PHX,SAC,6200,0,201566|203967|1628370|1631165|1642875,0,REG,2026,1610612758,,,,,
22500088167,,Shot Chart Detail,22500088,167,1642875,Maxime Raynaud,1610612758,Sacramento Kings,1,1,9,Missed Shot,Cutting Layup Shot,2PT Field Goal,In The Paint (Non-RA),Right Side(R),8-16 ft.,9,54,73,1,0,20251022,PHX,SAC,6510,0,201566|203967|1628370|1631165|1642875,0,REG,2026,1610612758,,,,,
22500088169,,Shot Chart Detail,22500088,169,203967,Dario Šarić,1610612758,Sacramento Kings,1,1,7,Missed Shot,Tip Layup Shot,2PT Field Goal,Restricted Area,Center(C),Less Than 8 ft.,0,0,0,1,0,20251022,PHX,SAC,6530,0,201566|203967|1628370|1631165|1642875,0,REG,2026,1610612758,,,,,
22500088176,,Shot Chart Detail,22500088,176,1628370,Malik Monk,1610612758,Sacramento Kings,1,0,57,Made Shot,Pullup Jump shot,2PT Field Goal,In The Paint (Non-RA),Center(C),8-16 ft.,11,44,104,1,1,20251022,PHX,SAC,6630,0,201566|201942|1628370|1631165|1642875,0,REG,2026,1610612758,,,,,
22500088179,,Shot Chart Detail,22500088,179,1631165,Keon Ellis,1610612758,Sacramento Kings,1,0,38,Missed Shot,Running Jump Shot,3PT Field Goal,Left Corner 3,Left Side(L),24+ ft.,22,-223,-10,1,0,20251022,PHX,SAC,6820,0,201566|201942|1628370|1631165|1642875,0,REG,2026,1610612758,,,,,
22500088186,,Shot Chart Detail,22500088,186,201942,DeMar DeRozan,1610612758,Sacramento Kings,1,0,9,Made Shot,Turnaround Jump Shot,2PT Field Goal,In The Paint (Non-RA),Right Side(R),8-16 ft.,14,71,121,1,1,20251022,PHX,SAC,7110,0,201566|201942|1628370|1631165|1642875,0,REG,2026,1610612758,,,,,
22500088196,,Shot Chart Detail,22500088,196,1628370,Malik Monk,1610612758,Sacramento Kings,2,11,36,Missed Shot,Step Back Jump shot,3PT Field Goal,Above the Break 3,Right Side Center(RC),24+ ft.,26,126,230,1,0,20251022,PHX,SAC,7440,0,201566|201942|1628370|1631165|1642928,0,REG,2026,1610612758,,,,,
22500088198,,Shot Chart Detail,22500088,198,201942,DeMar DeRozan,1610612758,Sacramento Kings,2,11,23,Made Shot,Turnaround Jump Shot,2PT Field Goal,Mid-Range,Left Side(L),8-16 ft.,15,-96,124,1,1,20251022,PHX,SAC,7570,0,201566|201942|1628370|1631165|1642928,1,REG,2026,1610612758,,,,,
22500088202,,Shot Chart Detail,22500088,202,1631165,Keon Ellis,1610612758,Sacramento Kings,2,11,8,Made Shot,Running Jump Shot,3PT Field Goal,Above the Break 3,Right Side Center(RC),24+ ft.,26,223,148,1,1,20251022,PHX,SAC,7720,0,201566|201942|1628370|1631165|1642928,1,REG,2026,1610612758,,,,,
22500088205,,Shot Chart Detail,22500088,205,201566,Russell Westbrook,1610612758,Sacramento Kings,2,10,41,Missed Shot,Pullup Jump shot,3PT Field Goal,Above the Break 3,Center(C),24+ ft.,27,77,266,1,0,20251022,PHX,SAC,7990,0,201566|201942|1628370|1631165|1642928,0,REG,2026,1610612758,,,,,
22500088216,,Shot Chart Detail,22500088,216,1631165,Keon Ellis,1610612758,Sacramento Kings,2,10,5,Made Shot,Running Dunk Shot,2PT Field Goal,Restricted Area,Center(C),Less Than 8 ft.,1,0,10,1,1,20251022,PHX,SAC,8350,0,201566|201942|1628370|1631165|1642928,0,REG,2026,1610612758,,,,,
22500088228,,Shot Chart Detail,22500088,228,201566,Russell Westbrook,1610612758,Sacramento Kings,2,9,15,Made Shot,Cutting Layup Shot,2PT Field Goal,Restricted Area,Center(C),Less Than 8 ft.,3,31,9,1,1,20251022,PHX,SAC,8850,0,201566|201942|1628370|1631165|1642928,1,REG,2026,1610612758,,,,,
22500088240,,Shot Chart Detail,22500088,240,201942,DeMar DeRozan,1610612758,Sacramento Kings,2,8,53,Made Shot,Driving Layup Shot,2PT Field Goal,Restricted Area,Center(C),Less Than 8 ft.,2,27,4,1,1,20251022,PHX,SAC,9070,0,201566|201942|203471|1628370|1642928,0,REG,2026,1610612758,,,,,
22500088247,,Shot Chart Detail,22500088,247,1628370,Malik Monk,1610612758,Sacramento Kings,2,8,26,Made Shot,Jump Shot,3PT Field Goal,Above the Break 3,Left Side Center(LC),24+ ft.,30,-164,261,1,1,20251022,PHX,SAC,9340,0,201942|203471|1628370|1642363|1642928,1,REG,2026,1610612758,,,,,
22500088251,,Shot Chart Detail,22500088,251,203471,Dennis Schröder,1610612758,Sacramento Kings,2,7,51,Made Shot,Jump Shot,3PT Field Goal,Above the Break 3,Left Side Center(LC),24+ ft.,25,-200,166,1,1,20251022,PHX,SAC,9690,0,201942|203471|1628370|1642363|1642928,1,REG,2026,1610612758,,,,,
22500088273,,Shot Chart Detail,22500088,273,1628370,Malik Monk,1610612758,Sacramento Kings,2,6,44,Made Shot,Jump Shot,3PT Field Goal,Above the Break 3,Right Side Center(RC),24+ ft.,28,211,197,1,1,20251022,PHX,SAC,10360,0,203471|203897|1628370|1629234|1642363,1,REG,2026,1610612758,,,,,
22500088305,,Shot Chart Detail,22500088,305,203897,Zach LaVine,1610612758,Sacramento Kings,2,5,21,Made Shot,Driving Reverse Layup Shot,2PT Field Goal,Restricted Area,Center(C),Less Than 8 ft.,2,26,-7,1,1,20251022,PHX,SAC,11190,0,201942|203471|203897|1629234|1642363,0,REG,2026,1610612758,,,,,
22500088309,,Shot Chart Detail,22500088,309,203897,Zach LaVine,1610612758,Sacramento Kings,2,4,57,Missed Shot,Driving Layup Shot,2PT Field Goal,In The Paint (Non-RA),Center(C),Less Than 8 ft.,5,50,19,1,0,20251022,PHX,SAC,11430,0,201942|203471|203897|1629234|1642363,0,REG,2026,1610612758,,,,,
22500088313,,Shot Chart Detail,22500088,313,203897,Zach LaVine,1610612758,Sacramento Kings,2,4,45,Made Shot,Running Dunk Shot,2PT Field Goal,Restricted Area,Center(C),Less Than 8 ft.,2,17,21,1,1,20251022,PHX,SAC,11550,0,201942|203471|203897|1629234|1642363,1,REG,2026,1610612758,,,,,
22500088317,,Shot Chart Detail,22500088,317,201942,DeMar DeRozan,1610612758,Sacramento Kings,2,4,24,Made Shot,Turnaround Jump Shot,2PT Field Goal,Mid-Range,Left Side(L),8-16 ft.,14,-140,26,1,1,20251022,PHX,SAC,11760,0,201942|203471|203897|1629234|1642363,0,REG,2026,1610612758,,,,,
22500088333,,Shot Chart Detail,22500088,333,201942,DeMar DeRozan,1610612758,Sacramento Kings,2,3,51,Missed Shot,Running Pull-Up Jump Shot,2PT Field Goal,Restricted Area,Center(C),Less Than 8 ft.,2,-23,17,1,0,20251022,PHX,SAC,12090,0,201566|201942|203897|1629234|1642363,0,REG,2026,1610612758,,,,,
22500088339,,Shot Chart Detail,22500088,339,203897,Zach LaVine,1610612758,Sacramento Kings,2,3,25,Made Shot,Step Back Jump shot,2PT Field Goal,Mid-Range,Center(C),16-24 ft.,20,54,200,1,1,20251022,PHX,SAC,12350,0,201566|201942|203897|1629234|1642363,0,REG,2026,1610612758,,,,,
22500088342,,Shot Chart Detail,22500088,342,201566,Russell Westbrook,1610612758,Sacramento Kings,2,2,55,Missed Shot,Turnaround Jump Shot,2PT Field Goal,In The Paint (Non-RA),Center(C),8-16 ft.,9,40,84,1,0,20251022,PHX,SAC,12650,0,201566|201942|203897|1629234|1642363,0,REG,2026,1610612758,,,,,
22500088351,,Shot Chart Detail,22500088,351,203897,Zach LaVine,1610612758,Sacramento Kings,2,2,25,Made Shot,Pullup Jump shot,3PT Field Goal,Above the Break 3,Left Side Center(LC),24+ ft.,25,-96,234,1,1,20251022,PHX,SAC,12950,0,201566|201942|203897|1629234|1642363,0,REG,2026,1610612758,,,,,
22500088355,,Shot Chart Detail,22500088,355,201566,Russell Westbrook,1610612758,Sacramento Kings,2,1,49,Missed Shot,Jump Shot,3PT Field Goal,Above the Break 3,Right Side Center(RC),24+ ft.,26,186,187,1,0,20251022,PHX,SAC,13310,0,201566|201942|203897|1629234|1642363,0,REG,2026,1610612758,,,,,
22500088358,,Shot Chart Detail,22500088,358,1642363,Nique Clifford,1610612758,Sacramento Kings,2,1,24,Made Shot,Driving Layup Shot,2PT Field Goal,Restricted Area,Center(C),Less Than 8 ft.,1,15,5,1,1,20251022,PHX,SAC,13560,0,201566|201942|203897|1629234|1642363,0,REG,2026,1610612758,,,,,
22500088361,,Shot Chart Detail,22500088,361,203897,Zach LaVine,1610612758,Sacramento Kings,2,1,3,Made Shot,Running Alley Oop Dunk Shot,2PT Field Goal,In The Paint (Non-RA),Center(C),Less Than 8 ft.,4,40,3,1,1,20251022,PHX,SAC,13770,0,201566|201942|203897|1629234|1642363,1,REG,2026,1610612758,,,,,
22500088372,,Shot Chart Detail,22500088,372,203897,Zach LaVine,1610612758,Sacramento Kings,2,0,3,Made Shot,Step Back Jump shot,3PT Field Goal,Above the Break 3,Right Side Center(RC),24+ ft.,26,98,241,1,1,20251022,PHX,SAC,14370,0,201566|201942|203897|1629234|1642363,1,REG,2026,1610612758,,,,,
22500088385,,Shot Chart Detail,22500088,385,203471,Dennis Schröder,1610612758,Sacramento Kings,3,11,46,Missed Shot,Driving Layup Shot,2PT Field Goal,In The Paint (Non-RA),Center(C),Less Than 8 ft.,4,34,25,1,0,20251022,PHX,SAC,14540,0,201942|203471|203897|1629234|1642363,0,REG,2026,1610612758,,,,,
22500088390,,Shot Chart Detail,22500088,390,1642363,Nique Clifford,1610612758,Sacramento Kings,3,11,10,Missed Shot,Driving Floating Jump Shot,2PT Field Goal,In The Paint (Non-RA),Center(C),Less Than 8 ft.,7,4,74,1,0,20251022,PHX,SAC,14900,0,201942|203471|203897|1629234|1642363,0,REG,2026,1610612758,,,,,
22500088393,,Shot Chart Detail,22500088,393,203897,Zach LaVine,1610612758,Sacramento Kings,3,10,38,Missed Shot,Step Back Jump shot,3PT Field Goal,Above the Break 3,Left Side Center(LC),24+ ft.,26,-205,168,1,0,20251022,PHX,SAC,15220,0,201942|203471|203897|1629234|1642363,0,REG,2026,1610612758,,,,,
22500088395,,Shot Chart Detail,22500088,395,201942,DeMar DeRozan,1610612758,Sacramento Kings,3,10,35,Made Shot,Turnaround Jump Shot,2PT Field Goal,In The Paint (Non-RA),Center(C),8-16 ft.,13,23,131,1,1,20251022,PHX,SAC,15250,0,201942|203471|203897|1629234|1642363,0,REG,2026,1610612758,,,,,
22500088398,,Shot Chart Detail,22500088,398,203471,Dennis Schröder,1610612758,Sacramento Kings,3,9,57,Made Shot,Jump Shot,3PT Field Goal,Above the Break 3,Left Side Center(LC),24+ ft.,26,-228,137,1,1,20251022,PHX,SAC,15630,0,201942|203471|203897|1629234|1642363,1,REG,2026,1610612758,,,,,
22500088404,,Shot Chart Detail,22500088,404,201942,DeMar DeRozan,1610612758,Sacramento Kings,3,9,23,Missed Shot,Jump Shot,3PT Field Goal,Above the Break 3,Right Side Center(RC),24+ ft.,26,162,210,1,0,20251022,PHX,SAC,15970,0,201942|203471|203897|1629234|1642363,0,REG,2026,1610612758,,,,,
22500088408,,Shot Chart Detail,22500088,408,203897,Zach LaVine,1610612758,Sacramento Kings,3,9,19,Made Shot,Driving Floating Jump Shot,2PT Field Goal,In The Paint (Non-RA),Center(C),Less Than 8 ft.,6,-50,38,1,1,20251022,PHX,SAC,16010,0,201942|203471|203897|1629234|1642363,1,REG,2026,1610612758,,,,,
22500088416,,Shot Chart Detail,22500088,416,201942,DeMar DeRozan,1610612758,Sacramento Kings,3,8,45,Missed Shot,Pullup Jump shot,2PT Field Goal,Mid-Range,Right Side(R),8-16 ft.,15,151,44,1,0,20251022,PHX,SAC,16350,0,201942|203471|203897|1629234|1642363,0,REG,2026,1610612758,,,,,
22500088425,,Shot Chart Detail,22500088,425,203471,Dennis Schröder,1610612758,Sacramento Kings,3,8,18,Missed Shot,Jump Shot,3PT Field Goal,Left Corner 3,Left Side(L),24+ ft.,24,-237,38,1,0,20251022,PHX,SAC,16620,0,201942|203471|203897|1642363|1642875,0,REG,2026,1610612758,,,,,
22500088429,,Shot Chart Detail,22500088,429,203897,Zach LaVine,1610612758,Sacramento Kings,3,7,52,Made Shot,Running Layup Shot,2PT Field Goal,In The Paint (Non-RA),Center(C),Less Than 8 ft.,4,-22,34,1,1,20251022,PHX,SAC,16880,0,201942|203471|203897|1642363|1642875,1,REG,2026,1610612758,,,,,
22500088432,,Shot Chart Detail,22500088,432,201942,DeMar DeRozan,1610612758,Sacramento Kings,3,7,27,Made Shot,Turnaround Jump Shot,2PT Field Goal,Mid-Range,Left Side Center(LC),16-24 ft.,19,-145,127,1,1,20251022,PHX,SAC,17130,0,201942|203471|203897|1642363|1642875,0,REG,2026,1610612758,,,,,
22500088434,,Shot Chart Detail,22500088,434,203471,Dennis Schröder,1610612758,Sacramento Kings,3,7,2,Missed Shot,Pullup Jump shot,2PT Field Goal,Mid-Range,Left Side Center(LC),16-24 ft.,21,-100,185,1,0,20251022,PHX,SAC,17380,0,201942|203471|203897|1642363|1642875,0,REG,2026,1610612758,,,,,
22500088440,,Shot Chart Detail,22500088,440,203897,Zach LaVine,1610612758,Sacramento Kings,3,6,36,Made Shot,Turnaround Jump Shot,2PT Field Goal,Mid-Range,Right Side(R),8-16 ft.,13,130,43,1,1,20251022,PHX,SAC,17640,0,201942|203471|203897|1642363|1642875,1,REG,2026,1610612758,,,,,
22500088444,,Shot Chart Detail,22500088,444,203897,Zach LaVine,1610612758,Sacramento Kings,3,6,6,Missed Shot,Jump Shot,3PT Field Goal,Above the Break 3,Right Side Center(RC),24+ ft.,27,170,218,1,0,20251022,PHX,SAC,17940,0,201942|203471|203897|1642363|1642875,0,REG,2026,1610612758,,,,,
22500088457,,Shot Chart Detail,22500088,457,203967,Dario Šarić,1610612758,Sacramento Kings,3,5,34,Missed Shot,Jump Shot,2PT Field Goal,Mid-Range,Left Side(L),16-24 ft.,17,-173,16,1,0,20251022,PHX,SAC,18260,0,203471|203897|203967|1628370|1642875,0,REG,2026,1610612758,,,,,
22500088477,,Shot Chart Detail,22500088,477,1628370,Malik Monk,1610612758,Sacramento Kings,3,4,9,Made Shot,Floating Jump shot,2PT Field Goal,In The Paint (Non-RA),Center(C),8-16 ft.,11,21,115,1,1,20251022,PHX,SAC,19110,0,203471|203897|203967|1628370|1642875,1,REG,2026,1610612758,,,,,
22500088488,,Shot Chart Detail,22500088,488,1628370,Malik Monk,1610612758,Sacramento Kings,3,3,33,Missed Shot,Step Back Jump shot,2PT Field Goal,Mid-Range,Right Side Center(RC),16-24 ft.,22,104,205,1,0,20251022,PHX,SAC,19470,0,201566|201942|1628370|1631165|1642875,0,REG,2026,1610612758,,,,,
22500088499,,Shot Chart Detail,22500088,499,201942,DeMar DeRozan,1610612758,Sacramento Kings,3,2,48,Made Shot,Turnaround Jump Shot,2PT Field Goal,Mid-Range,Left Side Center(LC),16-24 ft.,20,-148,138,1,1,20251022,PHX,SAC,19920,0,201566|201942|1628370|1631165|1642928,0,REG,2026,1610612758,,,,,
22500088519,,Shot Chart Detail,22500088,519,201942,DeMar DeRozan,1610612758,Sacramento Kings,3,1,24,Missed Shot,Turnaround Jump Shot,2PT Field Goal,Mid-Range,Right Side(R),8-16 ft.,9,93,22,1,0,20251022,PHX,SAC,20760,0,201566|201942|1628370|1631165|1642928,0,REG,2026,1610612758,,,,,
22500088588,,Shot Chart Detail,22500088,588,1642928,Dylan Cardwell,1610612758,Sacramento Kings,3,1,24,Missed Shot,Tip Layup Shot,2PT Field Goal,Restricted Area,Center(C),Less Than 8 ft.,3,6,36,1,0,20251022,PHX,SAC,20760,0,201566|201942|1628370|1631165|1642928,0,REG,2026,1610612758,,,,,
22500088525,,Shot Chart Detail,22500088,525,1631165,Keon Ellis,1610612758,Sacramento Kings,3,0,35,Made Shot,Pullup Jump shot,2PT Field Goal,Mid-Range,Left Side(L),8-16 ft.,8,-86,13,1,1,20251022,PHX,SAC,21250,0,201566|201942|1628370|1631165|1642928,1,REG,2026,1610612758,,,,,
22500088535,,Shot Chart Detail,22500088,535,201566,Russell Westbrook,1610612758,Sacramento Kings,3,0,6,Missed Shot,Pullup Jump shot,2PT Field Goal,In The Paint (Non-RA),Center(C),8-16 ft.,13,9,132,1,0,20251022,PHX,SAC,21540,0,201566|201942|1628370|1631165|1642928,0,REG,2026,1610612758,,,,,
22500088555,,Shot Chart Detail,22500088,555,1628370,Malik Monk,1610612758,Sacramento Kings,4,11,37,Missed Shot,Pullup Jump shot,2PT Field Goal,In The Paint (Non-RA),Center(C),8-16 ft.,12,-45,112,1,0,20251022,PHX,SAC,21830,0,201566|201942|1628370|1629234|1631165,0,REG,2026,1610612758,,,,,
22500088559,,Shot Chart Detail,22500088,559,201566,Russell Westbrook,1610612758,Sacramento Kings,4,11,18,Made Shot,Running Layup Shot,2PT Field Goal,Restricted Area,Center(C),Less Than 8 ft.,3,1,37,1,1,20251022,PHX,SAC,22020,0,201566|201942|1628370|1629234|1631165,1,REG,2026,1610612758,,,,,
22500088563,,Shot Chart Detail,22500088,563,1628370,Malik Monk,1610612758,Sacramento Kings,4,10,39,Missed Shot,Pullup Jump shot,2PT Field Goal,In The Paint (Non-RA),Center(C),Less Than 8 ft.,5,4,55,1,0,20251022,PHX,SAC,22410,0,201566|201942|1628370|1629234|1631165,0,REG,2026,1610612758,,,,,
22500088567,,Shot Chart Detail,22500088,567,201942,DeMar DeRozan,1610612758,Sacramento Kings,4,10,3,Missed Shot,Turnaround Jump Shot,2PT Field Goal,In The Paint (Non-RA),Center(C),8-16 ft.,11,-10,112,1,0,20251022,PHX,SAC,22770,0,201566|201942|1628370|1629234|1631165,0,REG,2026,1610612758,,,,,
22500088576,,Shot Chart Detail,22500088,576,203471,Dennis Schröder,1610612758,Sacramento Kings,4,9,38,Missed Shot,Driving Layup Shot,2PT Field Goal,In The Paint (Non-RA),Center(C),Less Than 8 ft.,6,51,41,1,0,20251022,PHX,SAC,23020,0,203471|203897|1628370|1629234|1631165,0,REG,2026,1610612758,,,,,
22500088580,,Shot Chart Detail,22500088,580,1629234,Drew Eubanks,1610612758,Sacramento Kings,4,9,31,Missed Shot,Driving Layup Shot,2PT Field Goal,In The Paint (Non-RA),Center(C),Less Than 8 ft.,7,-33,62,1,0,20251022,PHX,SAC,23090,0,203471|203897|1628370|1629234|1631165,0,REG,2026,1610612758,,,,,
22500088584,,Shot Chart Detail,22500088,584,203471,Dennis Schröder,1610612758,Sacramento Kings,4,8,52,Missed Shot,Driving Floating Jump Shot,2PT Field Goal,In The Paint (Non-RA),Center(C),8-16 ft.,9,-37,83,1,0,20251022,PHX,SAC,23480,0,203471|203897|1628370|1629234|1631165,0,REG,2026,1610612758,,,,,
22500088605,,Shot Chart Detail,22500088,605,201942,DeMar DeRozan,1610612758,Sacramento Kings,4,7,45,Made Shot,Driving Finger Roll Layup Shot,2PT Field Goal,Restricted Area,Center(C),Less Than 8 ft.,3,-21,31,1,1,20251022,PHX,SAC,24150,0,201942|203471|203897|1629234|1642363,0,REG,2026,1610612758,,,,,
22500088608,,Shot Chart Detail,22500088,608,203897,Zach LaVine,1610612758,Sacramento Kings,4,7,9,Missed Shot,Fadeaway Jump Shot,2PT Field Goal,Mid-Range,Left Side(L),16-24 ft.,16,-167,15,1,0,20251022,PHX,SAC,24510,0,201942|203471|203897|1629234|1642363,0,REG,2026,1610612758,,,,,
22500088618,,Shot Chart Detail,22500088,618,1629234,Drew Eubanks,1610612758,Sacramento Kings,4,6,40,Missed Shot,Turnaround Bank Hook Shot,2PT Field Goal,In The Paint (Non-RA),Center(C),Less Than 8 ft.,5,37,42,1,0,20251022,PHX,SAC,24800,0,201942|203471|203897|1629234|1642363,0,REG,2026,1610612758,,,,,
22500088627,,Shot Chart Detail,22500088,627,1642928,Dylan Cardwell,1610612758,Sacramento Kings,4,6,16,Missed Shot,Layup Shot,2PT Field Goal,In The Paint (Non-RA),Center(C),Less Than 8 ft.,4,-40,17,1,0,20251022,PHX,SAC,25040,0,201942|203471|203897|1642363|1642928,0,REG,2026,1610612758,,,,,
22500088630,,Shot Chart Detail,22500088,630,1642363,Nique Clifford,1610612758,Sacramento Kings,4,6,14,Missed Shot,Layup Shot,2PT Field Goal,In The Paint (Non-RA),Center(C),Less Than 8 ft.,5,50,29,1,0,20251022,PHX,SAC,25060,0,201942|203471|203897|1642363|1642928,0,REG,2026,1610612758,,,,,
22500088632,,Shot Chart Detail,22500088,632,203897,Zach LaVine,1610612758,Sacramento Kings,4,6,1,Missed Shot,Jump Shot,3PT Field Goal,Above the Break 3,Left Side Center(LC),24+ ft.,30,-169,259,1,0,20251022,PHX,SAC,25190,0,201942|203471|203897|1642363|1642928,0,REG,2026,1610612758,,,,,
22500088640,,Shot Chart Detail,22500088,640,1642928,Dylan Cardwell,1610612758,Sacramento Kings,4,5,28,Missed Shot,Cutting Dunk Shot,2PT Field Goal,In The Paint (Non-RA),Center(C),Less Than 8 ft.,4,-25,36,1,0,20251022,PHX,SAC,25520,0,201942|203471|203897|1642363|1642928,0,REG,2026,1610612758,,,,,
22500088643,,Shot Chart Detail,22500088,643,201942,DeMar DeRozan,1610612758,Sacramento Kings,4,5,20,Made Shot,Jump Shot,3PT Field Goal,Above the Break 3,Left Side Center(LC),24+ ft.,28,-208,196,1,1,20251022,PHX,SAC,25600,0,201942|203471|203897|1642363|1642928,1,REG,2026,1610612758,,,,,
22500088650,,Shot Chart Detail,22500088,650,203471,Dennis Schröder,1610612758,Sacramento Kings,4,4,55,Made Shot,Driving Layup Shot,2PT Field Goal,In The Paint (Non-RA),Right Side(R),8-16 ft.,8,70,43,1,1,20251022,PHX,SAC,25850,0,201942|203471|203897|1628370|1642928,0,REG,2026,1610612758,,,,,
22500088657,,Shot Chart Detail,22500088,657,203471,Dennis Schröder,1610612758,Sacramento Kings,4,4,22,Missed Shot,Step Back Jump shot,3PT Field Goal,Above the Break 3,Left Side Center(LC),24+ ft.,26,-181,197,1,0,20251022,PHX,SAC,26180,0,201942|203471|203897|1628370|1642928,0,REG,2026,1610612758,,,,,
22500088664,,Shot Chart Detail,22500088,664,1628370,Malik Monk,1610612758,Sacramento Kings,4,3,56,Missed Shot,Turnaround Jump Shot,2PT Field Goal,Mid-Range,Right Side Center(RC),16-24 ft.,16,83,146,1,0,20251022,PHX,SAC,26440,0,201942|203471|203897|1628370|1642928,0,REG,2026,1610612758,,,,,
22500088673,,Shot Chart Detail,22500088,673,201942,DeMar DeRozan,1610612758,Sacramento Kings,4,3,36,Made Shot,Turnaround Jump Shot,2PT Field Goal,In The Paint (Non-RA),Left Side(L),8-16 ft.,8,-61,55,1,1,20251022,PHX,SAC,26640,0,201942|203471|203897|1628370|1642928,0,REG,2026,1610612758,,,,,
22500088684,,Shot Chart Detail,22500088,684,203471,Dennis Schröder,1610612758,Sacramento Kings,4,3,2,Made Shot,Step Back Jump shot,2PT Field Goal,Mid-Range,Right Side Center(RC),16-24 ft.,19,109,162,1,1,20251022,PHX,SAC,26980,0,201942|203471|203897|1628370|1642928,0,REG,2026,1610612758,,,,,
22500088686,,Shot Chart Detail,22500088,686,1628370,Malik Monk,1610612758,Sacramento Kings,4,2,32,Missed Shot,Driving Layup Shot,2PT Field Goal,Restricted Area,Center(C),Less Than 8 ft.,3,-18,25,1,0,20251022,PHX,SAC,27280,0,201942|203471|203897|1628370|1642928,0,REG,2026,1610612758,,,,,
22500088701,,Shot Chart Detail,22500088,701,203897,Zach LaVine,1610612758,Sacramento Kings,4,2,10,Missed Shot,Jump Shot,3PT Field Goal,Above the Break 3,Right Side Center(RC),24+ ft.,29,102,279,1,0,20251022,PHX,SAC,27500,0,201942|203471|203897|1628370|1642928,0,REG,2026,1610612758,,,,,
22500088712,,Shot Chart Detail,22500088,712,1628370,Malik Monk,1610612758,Sacramento Kings,4,1,17,Made Shot,Pullup Jump shot,2PT Field Goal,In The Paint (Non-RA),Right Side(R),8-16 ft.,10,60,84,1,1,20251022,PHX,SAC,28030,0,201942|203471|203897|1628370|1642928,1,REG,2026,1610612758,,,,,
22500088728,,Shot Chart Detail,22500088,728,203897,Zach LaVine,1610612758,Sacramento Kings,4,0,30,Missed Shot,Jump Shot,3PT Field Goal,Above the Break 3,Left Side Center(LC),24+ ft.,28,-175,227,1,0,20251022,PHX,SAC,28500,0,201942|203471|203897|1628370|1642928,0,REG,2026,1610612758,,,,,
22500088737,,Shot Chart Detail,22500088,737,203897,Zach LaVine,1610612758,Sacramento Kings,4,0,18,Made Shot,Pullup Jump shot,2PT Field Goal,Mid-Range,Left Side Center(LC),16-24 ft.,23,-142,183,1,1,20251022,PHX,SAC,28620,0,201942|203471|203897|1628370|1642928,0,REG,2026,1610612758,,,,,
22500088744,,Shot Chart Detail,22500088,744,203897,Zach LaVine,1610612758,Sacramento Kings,4,0,11,Missed Shot,Pullup Jump shot,3PT Field Goal,Above the Break 3,Right Side Center(RC),24+ ft.,27,107,251,1,0,20251022,PHX,SAC,28690,0,201942|203471|203897|1628370|1642928,0,REG,2026,1610612758,,,,,
22500088760,,Shot Chart Detail,22500088,760,1642928,Dylan Cardwell,1610612758,Sacramento Kings,4,0,1,Made Shot,Cutting Dunk Shot,2PT Field Goal,Restricted Area,Center(C),Less Than 8 ft.,2,0,28,1,1,20251022,PHX,SAC,28790,0,201942|203471|203897|1628370|1642928,1,REG,2026,1610612758,,,,,
225000989,,Shot Chart Detail,22500098,9,203471,Dennis Schröder,1610612758,Sacramento Kings,1,11,44,Missed Shot,Running Layup Shot,2PT Field Goal,In The Paint (Non-RA),Center(C),Less Than 8 ft.,4,38,27,1,0,20251024,SAC,UTA,160,0,201942|203471|203897|1627734|1642403,0,REG,2026,1610612758,,,,,
2250009816,,Shot Chart Detail,22500098,16,203897,Zach LaVine,1610612758,Sacramento Kings,1,10,45,Missed Shot,Fadeaway Jump Shot,2PT Field Goal,Mid-Range,Right Side(R),8-16 ft.,15,108,109,1,0,20251024,SAC,UTA,750,0,201942|203471|203897|1627734|1642403,0,REG,2026,1610612758,,,,,
2250009818,,Shot Chart Detail,22500098,18,203471,Dennis Schröder,1610612758,Sacramento Kings,1,10,39,Made Shot,Driving Floating Bank Jump Shot,2PT Field Goal,In The Paint (Non-RA),Center(C),Less Than 8 ft.,7,-64,38,1,1,20251024,SAC,UTA,810,0,201942|203471|203897|1627734|1642403,1,REG,2026,1610612758,,,,,
2250009826,,Shot Chart Detail,22500098,26,201942,DeMar DeRozan,1610612758,Sacramento Kings,1,10,4,Made Shot,Pullup Jump shot,2PT Field Goal,Mid-Range,Right Side(R),8-16 ft.,15,119,102,1,1,20251024,SAC,UTA,1160,0,201942|203471|203897|1627734|1642403,0,REG,2026,1610612758,,,,,
2250009832,,Shot Chart Detail,22500098,32,203471,Dennis Schröder,1610612758,Sacramento Kings,1,9,22,Missed Shot,Driving Floating Bank Jump Shot,2PT Field Goal,In The Paint (Non-RA),Left Side(L),8-16 ft.,8,-53,60,1,0,20251024,SAC,UTA,1580,0,201942|203471|203897|1627734|1642403,0,REG,2026,1610612758,,,,,
2250009840,,Shot Chart Detail,22500098,40,203897,Zach LaVine,1610612758,Sacramento Kings,1,8,40,Made Shot,Jump Shot,3PT Field Goal,Above the Break 3,Left Side Center(LC),24+ ft.,25,-221,127,1,1,20251024,SAC,UTA,2000,0,201942|203471|203897|203967|1627734,1,REG,2026,1610612758,,,,,
2250009856,,Shot Chart Detail,22500098,56,203967,Dario Šarić,1610612758,Sacramento Kings,1,7,41,Missed Shot,Jump Shot,3PT Field Goal,Left Corner 3,Left Side(L),24+ ft.,23,-230,7,1,0,20251024,SAC,UTA,2590,0,201942|203471|203897|203967|1627734,0,REG,2026,1610612758,,,,,
2250009863,,Shot Chart Detail,22500098,63,203897,Zach LaVine,1610612758,Sacramento Kings,1,7,17,Missed Shot,Jump Shot,3PT Field Goal,Above the Break 3,Center(C),24+ ft.,28,60,278,1,0,20251024,SAC,UTA,2830,0,201942|203471|203897|203967|1627734,0,REG,2026,1610612758,,,,,
2250009866,,Shot Chart Detail,22500098,66,203897,Zach LaVine,1610612758,Sacramento Kings,1,6,39,Made Shot,Jump Shot,3PT Field Goal,Left Corner 3,Left Side(L),24+ ft.,22,-227,16,1,1,20251024,SAC,UTA,3210,0,201942|203471|203897|203967|1627734,1,REG,2026,1610612758,,,,,
2250009870,,Shot Chart Detail,22500098,70,203471,Dennis Schröder,1610612758,Sacramento Kings,1,6,14,Made Shot,Pullup Jump shot,2PT Field Goal,Mid-Range,Right Side(R),16-24 ft.,17,162,59,1,1,20251024,SAC,UTA,3460,0,201942|203471|203897|203967|1627734,0,REG,2026,1610612758,,,,,
2250009893,,Shot Chart Detail,22500098,93,1629234,Drew Eubanks,1610612758,Sacramento Kings,1,5,2,Missed Shot,Layup Shot,2PT Field Goal,Restricted Area,Center(C),Less Than 8 ft.,2,5,26,1,0,20251024,SAC,UTA,4180,0,203471|203897|203967|1628370|1629234,0,REG,2026,1610612758,,,,,
22500098100,,Shot Chart Detail,22500098,100,1629234,Drew Eubanks,1610612758,Sacramento Kings,1,4,41,Missed Shot,Jump Shot,2PT Field Goal,Mid-Range,Right Side(R),8-16 ft.,9,89,32,1,0,20251024,SAC,UTA,4390,0,203471|203897|203967|1628370|1629234,0,REG,2026,1610612758,,,,,
22500098104,,Shot Chart Detail,22500098,104,203897,Zach LaVine,1610612758,Sacramento Kings,1,4,23,Missed Shot,Running Jump Shot,3PT Field Goal,Above the Break 3,Left Side Center(LC),24+ ft.,26,-205,163,1,0,20251024,SAC,UTA,4570,0,203471|203897|203967|1628370|1629234,0,REG,2026,1610612758,,,,,
22500098123,,Shot Chart Detail,22500098,123,203897,Zach LaVine,1610612758,Sacramento Kings,1,3,19,Made Shot,Driving Layup Shot,2PT Field Goal,In The Paint (Non-RA),Center(C),8-16 ft.,9,-18,94,1,1,20251024,SAC,UTA,5210,0,201566|203897|203967|1628370|1629234,1,REG,2026,1610612758,,,,,
22500098127,,Shot Chart Detail,22500098,127,203897,Zach LaVine,1610612758,Sacramento Kings,1,2,58,Made Shot,Layup Shot,2PT Field Goal,In The Paint (Non-RA),Left Side(L),8-16 ft.,8,-69,41,1,1,20251024,SAC,UTA,5420,0,201566|203897|203967|1628370|1629234,1,REG,2026,1610612758,,,,,
22500098149,,Shot Chart Detail,22500098,149,1631165,Keon Ellis,1610612758,Sacramento Kings,1,2,8,Made Shot,Jump Shot,3PT Field Goal,Right Corner 3,Right Side(R),24+ ft.,24,230,79,1,1,20251024,SAC,UTA,5920,0,201566|201942|1627734|1628370|1631165,1,REG,2026,1610612758,,,,,
22500098153,,Shot Chart Detail,22500098,153,1631165,Keon Ellis,1610612758,Sacramento Kings,1,1,48,Missed Shot,Running Alley Oop Dunk Shot,2PT Field Goal,Restricted Area,Center(C),Less Than 8 ft.,2,16,16,1,0,20251024,SAC,UTA,6120,0,201566|201942|1627734|1628370|1631165,0,REG,2026,1610612758,,,,,
22500098159,,Shot Chart Detail,22500098,159,1628370,Malik Monk,1610612758,Sacramento Kings,1,1,17,Made Shot,Pullup Jump shot,2PT Field Goal,Mid-Range,Center(C),16-24 ft.,19,-29,191,1,1,20251024,SAC,UTA,6430,0,201566|201942|1627734|1628370|1631165,1,REG,2026,1610612758,,,,,
22500098168,,Shot Chart Detail,22500098,168,201942,DeMar DeRozan,1610612758,Sacramento Kings,1,0,52,Made Shot,Pullup Jump shot,2PT Field Goal,Mid-Range,Center(C),16-24 ft.,17,1,178,1,1,20251024,SAC,UTA,6680,0,201566|201942|1627734|1628370|1631165,1,REG,2026,1610612758,,,,,
22500098183,,Shot Chart Detail,22500098,183,203897,Zach LaVine,1610612758,Sacramento Kings,1,0,4,Made Shot,Jump Shot,2PT Field Goal,Mid-Range,Center(C),16-24 ft.,18,-18,181,1,1,20251024,SAC,UTA,7160,0,201566|201942|203897|1627734|1631165,1,REG,2026,1610612758,,,,,
22500098199,,Shot Chart Detail,22500098,199,201566,Russell Westbrook,1610612758,Sacramento Kings,2,11,39,Missed Shot,Jump Shot,3PT Field Goal,Above the Break 3,Left Side Center(LC),24+ ft.,27,-94,260,1,0,20251024,SAC,UTA,7410,0,201566|201942|1627734|1628370|1631165,0,REG,2026,1610612758,,,,,
22500098203,,Shot Chart Detail,22500098,203,201942,DeMar DeRozan,1610612758,Sacramento Kings,2,11,18,Missed Shot,Fadeaway Jump Shot,2PT Field Goal,Mid-Range,Left Side Center(LC),16-24 ft.,17,-132,117,1,0,20251024,SAC,UTA,7620,0,201566|201942|1627734|1628370|1631165,0,REG,2026,1610612758,,,,,
22500098211,,Shot Chart Detail,22500098,211,1627734,Domantas Sabonis,1610612758,Sacramento Kings,2,10,29,Missed Shot,Hook Shot,2PT Field Goal,In The Paint (Non-RA),Center(C),Less Than 8 ft.,7,-50,50,1,0,20251024,SAC,UTA,8110,0,201566|201942|1627734|1628370|1631165,0,REG,2026,1610612758,,,,,
22500098217,,Shot Chart Detail,22500098,217,1627734,Domantas Sabonis,1610612758,Sacramento Kings,2,10,2,Missed Shot,Jump Shot,3PT Field Goal,Above the Break 3,Right Side Center(RC),24+ ft.,27,112,249,1,0,20251024,SAC,UTA,8380,0,201566|201942|1627734|1628370|1631165,0,REG,2026,1610612758,,,,,
22500098221,,Shot Chart Detail,22500098,221,201942,DeMar DeRozan,1610612758,Sacramento Kings,2,9,32,Missed Shot,Pullup Jump shot,2PT Field Goal,Mid-Range,Center(C),16-24 ft.,18,25,186,1,0,20251024,SAC,UTA,8680,0,201566|201942|1627734|1628370|1631165,0,REG,2026,1610612758,,,,,
22500098228,,Shot Chart Detail,22500098,228,1627734,Domantas Sabonis,1610612758,Sacramento Kings,2,9,3,Made Shot,Layup Shot,2PT Field Goal,In The Paint (Non-RA),Center(C),Less Than 8 ft.,4,12,47,1,1,20251024,SAC,UTA,8970,0,201566|201942|1627734|1628370|1631165,1,REG,2026,1610612758,,,,,
22500098232,,Shot Chart Detail,22500098,232,201566,Russell Westbrook,1610612758,Sacramento Kings,2,8,45,Missed Shot,Pullup Jump shot,2PT Field Goal,In The Paint (Non-RA),Center(C),8-16 ft.,14,-71,126,1,0,20251024,SAC,UTA,9150,0,201566|201942|1627734|1628370|1631165,0,REG,2026,1610612758,,,,,
22500098235,,Shot Chart Detail,22500098,235,1628370,Malik Monk,1610612758,Sacramento Kings,2,8,30,Missed Shot,Driving Floating Bank Jump Shot,2PT Field Goal,Mid-Range,Right Side(R),8-16 ft.,10,92,53,1,0,20251024,SAC,UTA,9300,0,201566|201942|1627734|1628370|1631165,0,REG,2026,1610612758,,,,,
22500098243,,Shot Chart Detail,22500098,243,1628370,Malik Monk,1610612758,Sacramento Kings,2,8,1,Made Shot,Pullup Jump shot,3PT Field Goal,Above the Break 3,Right Side Center(RC),24+ ft.,26,173,204,1,1,20251024,SAC,UTA,9590,0,201566|201942|1627734|1628370|1631165,0,REG,2026,1610612758,,,,,
22500098264,,Shot Chart Detail,22500098,264,1642403,Isaac Jones,1610612758,Sacramento Kings,2,7,40,Missed Shot,Jump Shot,3PT Field Goal,Above the Break 3,Right Side Center(RC),24+ ft.,28,174,220,1,0,20251024,SAC,UTA,9800,0,203471|1628370|1629234|1631165|1642403,0,REG,2026,1610612758,,,,,
22500098268,,Shot Chart Detail,22500098,268,203471,Dennis Schröder,1610612758,Sacramento Kings,2,7,4,Made Shot,Pullup Jump shot,3PT Field Goal,Above the Break 3,Center(C),24+ ft.,28,-64,275,1,1,20251024,SAC,UTA,10160,0,203471|1628370|1629234|1631165|1642403,0,REG,2026,1610612758,,,,,
22500098273,,Shot Chart Detail,22500098,273,203471,Dennis Schröder,1610612758,Sacramento Kings,2,6,28,Missed Shot,Turnaround Fadeaway shot,2PT Field Goal,Mid-Range,Right Side(R),8-16 ft.,15,142,49,1,0,20251024,SAC,UTA,10520,0,203471|203897|1629234|1631165|1642403,0,REG,2026,1610612758,,,,,
22500098277,,Shot Chart Detail,22500098,277,1629234,Drew Eubanks,1610612758,Sacramento Kings,2,6,5,Missed Shot,Running Layup Shot,2PT Field Goal,In The Paint (Non-RA),Center(C),Less Than 8 ft.,6,-12,65,1,0,20251024,SAC,UTA,10750,0,203471|203897|1629234|1631165|1642403,0,REG,2026,1610612758,,,,,
22500098279,,Shot Chart Detail,22500098,279,1642403,Isaac Jones,1610612758,Sacramento Kings,2,6,3,Made Shot,Putback Layup Shot,2PT Field Goal,Restricted Area,Center(C),Less Than 8 ft.,0,0,0,1,1,20251024,SAC,UTA,10770,0,203471|203897|1629234|1631165|1642403,0,REG,2026,1610612758,,,,,
22500098286,,Shot Chart Detail,22500098,286,203471,Dennis Schröder,1610612758,Sacramento Kings,2,5,6,Missed Shot,Pullup Jump shot,3PT Field Goal,Above the Break 3,Left Side Center(LC),24+ ft.,27,-169,221,1,0,20251024,SAC,UTA,11340,0,203471|203897|1629234|1631165|1642403,0,REG,2026,1610612758,,,,,
22500098291,,Shot Chart Detail,22500098,291,203471,Dennis Schröder,1610612758,Sacramento Kings,2,4,36,Made Shot,Driving Layup Shot,2PT Field Goal,In The Paint (Non-RA),Center(C),Less Than 8 ft.,4,34,32,1,1,20251024,SAC,UTA,11640,0,203471|203897|1629234|1631165|1642403,0,REG,2026,1610612758,,,,,
22500098302,,Shot Chart Detail,22500098,302,203471,Dennis Schröder,1610612758,Sacramento Kings,2,4,0,Missed Shot,Jump Shot,3PT Field Goal,Left Corner 3,Left Side(L),24+ ft.,23,-233,53,1,0,20251024,SAC,UTA,12000,0,201942|203471|203897|1627734|1642403,0,REG,2026,1610612758,,,,,
22500098304,,Shot Chart Detail,22500098,304,201942,DeMar DeRozan,1610612758,Sacramento Kings,2,3,48,Missed Shot,Turnaround Jump Shot,2PT Field Goal,Mid-Range,Left Side(L),8-16 ft.,14,-92,113,1,0,20251024,SAC,UTA,12120,0,201942|203471|203897|1627734|1642403,0,REG,2026,1610612758,,,,,
22500098307,,Shot Chart Detail,22500098,307,1627734,Domantas Sabonis,1610612758,Sacramento Kings,2,3,3,Made Shot,Cutting Dunk Shot,2PT Field Goal,In The Paint (Non-RA),Center(C),Less Than 8 ft.,5,-27,47,1,1,20251024,SAC,UTA,12570,0,201942|203471|203897|1627734|1642403,1,REG,2026,1610612758,,,,,
22500098315,,Shot Chart Detail,22500098,315,201942,DeMar DeRozan,1610612758,Sacramento Kings,2,2,36,Missed Shot,Turnaround Jump Shot,2PT Field Goal,In The Paint (Non-RA),Center(C),8-16 ft.,14,-56,133,1,0,20251024,SAC,UTA,12840,0,201942|203471|203897|1627734|1642403,0,REG,2026,1610612758,,,,,
22500098321,,Shot Chart Detail,22500098,321,201942,DeMar DeRozan,1610612758,Sacramento Kings,2,2,13,Made Shot,Driving Layup Shot,2PT Field Goal,In The Paint (Non-RA),Center(C),Less Than 8 ft.,5,-42,31,1,1,20251024,SAC,UTA,13070,0,201942|203471|203897|1627734|1642403,0,REG,2026,1610612758,,,,,
22500098330,,Shot Chart Detail,22500098,330,203471,Dennis Schröder,1610612758,Sacramento Kings,2,1,44,Made Shot,Pullup Jump shot,2PT Field Goal,Mid-Range,Right Side Center(RC),16-24 ft.,20,105,173,1,1,20251024,SAC,UTA,13360,0,201942|203471|203897|1627734|1642403,0,REG,2026,1610612758,,,,,
22500098335,,Shot Chart Detail,22500098,335,203471,Dennis Schröder,1610612758,Sacramento Kings,2,1,9,Missed Shot,Driving Layup Shot,2PT Field Goal,In The Paint (Non-RA),Center(C),Less Than 8 ft.,6,0,68,1,0,20251024,SAC,UTA,13710,0,201942|203471|203897|1627734|1642403,0,REG,2026,1610612758,,,,,
22500098339,,Shot Chart Detail,22500098,339,203897,Zach LaVine,1610612758,Sacramento Kings,2,0,49,Missed Shot,Pullup Jump shot,3PT Field Goal,Above the Break 3,Center(C),24+ ft.,28,58,275,1,0,20251024,SAC,UTA,13910,0,201942|203471|203897|1627734|1642403,0,REG,2026,1610612758,,,,,
22500098348,,Shot Chart Detail,22500098,348,203471,Dennis Schröder,1610612758,Sacramento Kings,2,0,1,Missed Shot,Jump Shot,3PT Field Goal,Above the Break 3,Right Side Center(RC),24+ ft.,24,229,100,1,0,20251024,SAC,UTA,14390,0,201942|203471|203897|1627734|1642403,0,REG,2026,1610612758,,,,,
22500098362,,Shot Chart Detail,22500098,362,203897,Zach LaVine,1610612758,Sacramento Kings,3,11,11,Made Shot,Pullup Jump shot,2PT Field Goal,Mid-Range,Left Side(L),8-16 ft.,12,-120,25,1,1,20251024,SAC,UTA,14890,0,201942|203471|203897|1627734|1642403,0,REG,2026,1610612758,,,,,
22500098373,,Shot Chart Detail,22500098,373,203897,Zach LaVine,1610612758,Sacramento Kings,3,10,23,Missed Shot,Jump Shot,3PT Field Goal,Above the Break 3,Left Side Center(LC),24+ ft.,24,-224,94,1,0,20251024,SAC,UTA,15370,0,201942|203471|203897|1627734|1642403,0,REG,2026,1610612758,,,,,
22500098385,,Shot Chart Detail,22500098,385,203967,Dario Šarić,1610612758,Sacramento Kings,3,8,51,Made Shot,Jump Shot,3PT Field Goal,Right Corner 3,Right Side(R),24+ ft.,22,227,20,1,1,20251024,SAC,UTA,16290,0,201942|203471|203897|203967|1627734,1,REG,2026,1610612758,,,,,
22500098388,,Shot Chart Detail,22500098,388,1627734,Domantas Sabonis,1610612758,Sacramento Kings,3,8,15,Made Shot,Dunk Shot,2PT Field Goal,Restricted Area,Center(C),Less Than 8 ft.,1,18,3,1,1,20251024,SAC,UTA,16650,0,201942|203471|203897|203967|1627734,1,REG,2026,1610612758,,,,,
22500098401,,Shot Chart Detail,22500098,401,1627734,Domantas Sabonis,1610612758,Sacramento Kings,3,7,3,Made Shot,Layup Shot,2PT Field Goal,Restricted Area,Center(C),Less Than 8 ft.,1,-9,5,1,1,20251024,SAC,UTA,17370,0,201942|203471|203897|203967|1627734,1,REG,2026,1610612758,,,,,
22500098420,,Shot Chart Detail,22500098,420,203897,Zach LaVine,1610612758,Sacramento Kings,3,5,50,Made Shot,Step Back Jump shot,3PT Field Goal,Above the Break 3,Center(C),24+ ft.,24,50,242,1,1,20251024,SAC,UTA,18100,0,203471|203897|203967|1628370|1629234,1,REG,2026,1610612758,,,,,
22500098423,,Shot Chart Detail,22500098,423,1628370,Malik Monk,1610612758,Sacramento Kings,3,5,26,Made Shot,Pullup Jump shot,3PT Field Goal,Above the Break 3,Left Side Center(LC),24+ ft.,25,-100,235,1,1,20251024,SAC,UTA,18340,0,203471|203897|203967|1628370|1629234,0,REG,2026,1610612758,,,,,
22500098440,,Shot Chart Detail,22500098,440,1629234,Drew Eubanks,1610612758,Sacramento Kings,3,4,11,Missed Shot,Hook Shot,2PT Field Goal,Restricted Area,Center(C),Less Than 8 ft.,3,11,32,1,0,20251024,SAC,UTA,19090,0,203471|203897|203967|1628370|1629234,0,REG,2026,1610612758,,,,,
22500098445,,Shot Chart Detail,22500098,445,1629234,Drew Eubanks,1610612758,Sacramento Kings,3,3,45,Missed Shot,Jump Shot,3PT Field Goal,Right Corner 3,Right Side(R),24+ ft.,24,243,5,1,0,20251024,SAC,UTA,19350,0,203471|203897|203967|1628370|1629234,0,REG,2026,1610612758,,,,,
22500098462,,Shot Chart Detail,22500098,462,201566,Russell Westbrook,1610612758,Sacramento Kings,3,3,26,Made Shot,Fadeaway Jump Shot,2PT Field Goal,In The Paint (Non-RA),Center(C),Less Than 8 ft.,5,-17,48,1,1,20251024,SAC,UTA,19540,0,201566|201942|1627734|1628370|1631165,0,REG,2026,1610612758,,,,,
22500098465,,Shot Chart Detail,22500098,465,1628370,Malik Monk,1610612758,Sacramento Kings,3,2,58,Missed Shot,Jump Bank Shot,2PT Field Goal,In The Paint (Non-RA),Right Side(R),8-16 ft.,8,80,6,1,0,20251024,SAC,UTA,19820,0,201566|201942|1627734|1628370|1631165,0,REG,2026,1610612758,,,,,
22500098469,,Shot Chart Detail,22500098,469,1628370,Malik Monk,1610612758,Sacramento Kings,3,2,32,Made Shot,Jump Shot,3PT Field Goal,Above the Break 3,Right Side Center(RC),24+ ft.,25,192,169,1,1,20251024,SAC,UTA,20080,0,201566|201942|1627734|1628370|1631165,1,REG,2026,1610612758,,,,,
22500098477,,Shot Chart Detail,22500098,477,1628370,Malik Monk,1610612758,Sacramento Kings,3,2,7,Missed Shot,Jump Shot,3PT Field Goal,Above the Break 3,Right Side Center(RC),24+ ft.,26,98,247,1,0,20251024,SAC,UTA,20330,0,201566|201942|1627734|1628370|1631165,0,REG,2026,1610612758,,,,,
22500098481,,Shot Chart Detail,22500098,481,201942,DeMar DeRozan,1610612758,Sacramento Kings,3,1,39,Missed Shot,Reverse Layup Shot,2PT Field Goal,In The Paint (Non-RA),Center(C),Less Than 8 ft.,4,31,32,1,0,20251024,SAC,UTA,20610,0,201566|201942|1627734|1628370|1631165,0,REG,2026,1610612758,,,,,
22500098499,,Shot Chart Detail,22500098,499,1628370,Malik Monk,1610612758,Sacramento Kings,3,1,0,Missed Shot,Jump Shot,3PT Field Goal,Right Corner 3,Right Side(R),24+ ft.,23,233,5,1,0,20251024,SAC,UTA,21000,0,201566|201942|1627734|1628370|1631165,0,REG,2026,1610612758,,,,,
22500098507,,Shot Chart Detail,22500098,507,201566,Russell Westbrook,1610612758,Sacramento Kings,3,0,28,Made Shot,Running Layup Shot,2PT Field Goal,In The Paint (Non-RA),Center(C),Less Than 8 ft.,5,51,-11,1,1,20251024,SAC,UTA,21320,0,201566|201942|1627734|1628370|1631165,0,REG,2026,1610612758,,,,,
22500098510,,Shot Chart Detail,22500098,510,1628370,Malik Monk,1610612758,Sacramento Kings,3,0,2,Made Shot,Pullup Jump shot,3PT Field Goal,Above the Break 3,Center(C),24+ ft.,25,66,247,1,1,20251024,SAC,UTA,21580,0,201566|201942|1627734|1628370|1631165,0,REG,2026,1610612758,,,,,
22500098520,,Shot Chart Detail,22500098,520,1627734,Domantas Sabonis,1610612758,Sacramento Kings,4,11,39,Made Shot,Running Dunk Shot,2PT Field Goal,Restricted Area,Center(C),Less Than 8 ft.,1,15,11,1,1,20251024,SAC,UTA,21810,0,201942|203897|1627734|1628370|1631165,1,REG,2026,1610612758,,,,,
22500098524,,Shot Chart Detail,22500098,524,1628370,Malik Monk,1610612758,Sacramento Kings,4,11,5,Missed Shot,Fadeaway Jump Shot,2PT Field Goal,Mid-Range,Center(C),8-16 ft.,14,5,140,1,0,20251024,SAC,UTA,22150,0,201942|203897|1627734|1628370|1631165,0,REG,2026,1610612758,,,,,
22500098535,,Shot Chart Detail,22500098,535,1628370,Malik Monk,1610612758,Sacramento Kings,4,10,32,Made Shot,Jump Shot,3PT Field Goal,Above the Break 3,Center(C),24+ ft.,26,-58,255,1,1,20251024,SAC,UTA,22480,0,201942|203897|1627734|1628370|1631165,1,REG,2026,1610612758,,,,,
22500098539,,Shot Chart Detail,22500098,539,1631165,Keon Ellis,1610612758,Sacramento Kings,4,9,41,Missed Shot,Jump Shot,3PT Field Goal,Above the Break 3,Left Side Center(LC),24+ ft.,26,-227,135,1,0,20251024,SAC,UTA,22990,0,201942|203897|1627734|1628370|1631165,0,REG,2026,1610612758,,,,,
22500098541,,Shot Chart Detail,22500098,541,1628370,Malik Monk,1610612758,Sacramento Kings,4,9,34,Made Shot,Jump Shot,3PT Field Goal,Above the Break 3,Center(C),24+ ft.,27,13,273,1,1,20251024,SAC,UTA,23060,0,201942|203897|1627734|1628370|1631165,1,REG,2026,1610612758,,,,,
22500098561,,Shot Chart Detail,22500098,561,1628370,Malik Monk,1610612758,Sacramento Kings,4,8,49,Missed Shot,Jump Shot,3PT Field Goal,Above the Break 3,Right Side Center(RC),24+ ft.,25,173,188,1,0,20251024,SAC,UTA,23510,0,201942|203471|203897|1627734|1628370,0,REG,2026,1610612758,,,,,
22500098566,,Shot Chart Detail,22500098,566,203897,Zach LaVine,1610612758,Sacramento Kings,4,8,24,Missed Shot,Fadeaway Jump Shot,2PT Field Goal,Mid-Range,Left Side Center(LC),16-24 ft.,17,-78,155,1,0,20251024,SAC,UTA,23760,0,201942|203471|203897|1627734|1628370,0,REG,2026,1610612758,,,,,
22500098574,,Shot Chart Detail,22500098,574,203897,Zach LaVine,1610612758,Sacramento Kings,4,7,40,Missed Shot,Driving Reverse Layup Shot,2PT Field Goal,Restricted Area,Center(C),Less Than 8 ft.,1,-12,-2,1,0,20251024,SAC,UTA,24200,0,201942|203471|203897|203967|1627734,0,REG,2026,1610612758,,,,,
22500098577,,Shot Chart Detail,22500098,577,1627734,Domantas Sabonis,1610612758,Sacramento Kings,4,6,58,Missed Shot,Hook Shot,2PT Field Goal,In The Paint (Non-RA),Center(C),Less Than 8 ft.,4,44,20,1,0,20251024,SAC,UTA,24620,0,201942|203471|203897|203967|1627734,0,REG,2026,1610612758,,,,,
22500098582,,Shot Chart Detail,22500098,582,203471,Dennis Schröder,1610612758,Sacramento Kings,4,6,22,Made Shot,Driving Layup Shot,2PT Field Goal,Restricted Area,Center(C),Less Than 8 ft.,1,-12,10,1,1,20251024,SAC,UTA,24980,0,201942|203471|203897|203967|1627734,1,REG,2026,1610612758,,,,,
22500098605,,Shot Chart Detail,22500098,605,201566,Russell Westbrook,1610612758,Sacramento Kings,4,5,20,Made Shot,Jump Shot,3PT Field Goal,Above the Break 3,Right Side Center(RC),24+ ft.,25,205,147,1,1,20251024,SAC,UTA,25600,0,201566|203471|203897|203967|1629234,0,REG,2026,1610612758,,,,,
22500098608,,Shot Chart Detail,22500098,608,203897,Zach LaVine,1610612758,Sacramento Kings,4,4,57,Made Shot,Pullup Jump shot,3PT Field Goal,Above the Break 3,Right Side Center(RC),24+ ft.,26,147,216,1,1,20251024,SAC,UTA,25830,0,201566|203471|203897|203967|1629234,1,REG,2026,1610612758,,,,,
22500098612,,Shot Chart Detail,22500098,612,203471,Dennis Schröder,1610612758,Sacramento Kings,4,4,17,Made Shot,Driving Floating Bank Jump Shot,2PT Field Goal,Restricted Area,Center(C),Less Than 8 ft.,3,-31,8,1,1,20251024,SAC,UTA,26230,0,201566|203471|203897|203967|1629234,0,REG,2026,1610612758,,,,,
22500098615,,Shot Chart Detail,22500098,615,203471,Dennis Schröder,1610612758,Sacramento Kings,4,3,46,Missed Shot,Step Back Jump shot,3PT Field Goal,Above the Break 3,Left Side Center(LC),24+ ft.,25,-202,161,1,0,20251024,SAC,UTA,26540,0,201566|203471|203897|203967|1629234,0,REG,2026,1610612758,,,,,
22500098624,,Shot Chart Detail,22500098,624,203897,Zach LaVine,1610612758,Sacramento Kings,4,3,19,Made Shot,Running Layup Shot,2PT Field Goal,Restricted Area,Center(C),Less Than 8 ft.,3,-32,-1,1,1,20251024,SAC,UTA,26810,0,201566|201942|203471|203897|1627734,1,REG,2026,1610612758,,,,,
22500098631,,Shot Chart Detail,22500098,631,201942,DeMar DeRozan,1610612758,Sacramento Kings,4,2,44,Missed Shot,Turnaround Jump Shot,2PT Field Goal,In The Paint (Non-RA),Center(C),Less Than 8 ft.,4,-32,37,1,0,20251024,SAC,UTA,27160,0,201566|201942|203471|203897|1627734,0,REG,2026,1610612758,,,,,
22500098638,,Shot Chart Detail,22500098,638,203897,Zach LaVine,1610612758,Sacramento Kings,4,2,4,Missed Shot,Jump Shot,3PT Field Goal,Above the Break 3,Center(C),24+ ft.,28,-62,276,1,0,20251024,SAC,UTA,27560,0,201566|201942|203471|203897|1627734,0,REG,2026,1610612758,,,,,
22500098644,,Shot Chart Detail,22500098,644,203471,Dennis Schröder,1610612758,Sacramento Kings,4,1,43,Made Shot,Driving Floating Bank Jump Shot,2PT Field Goal,In The Paint (Non-RA),Center(C),Less Than 8 ft.,7,75,11,1,1,20251024,SAC,UTA,27770,0,201566|201942|203471|203897|1627734,0,REG,2026,1610612758,,,,,
22500098647,,Shot Chart Detail,22500098,647,203897,Zach LaVine,1610612758,Sacramento Kings,4,1,12,Made Shot,Fadeaway Jump Shot,2PT Field Goal,Mid-Range,Left Side(L),8-16 ft.,11,-115,9,1,1,20251024,SAC,UTA,28080,0,201566|201942|203471|203897|1627734,1,REG,2026,1610612758,,,,,
22500098661,,Shot Chart Detail,22500098,661,1628370,Malik Monk,1610612758,Sacramento Kings,4,0,6,Missed Shot,Floating Jump shot,2PT Field Goal,Restricted Area,Center(C),Less Than 8 ft.,2,2,21,1,0,20251024,SAC,UTA,28740,0,201566|203471|203897|1627734|1631165,0,REG,2026,1610612758,,,,,
22500098663,,Shot Chart Detail,22500098,663,1627734,Domantas Sabonis,1610612758,Sacramento Kings,4,0,6,Made Shot,Putback Layup Shot,2PT Field Goal,Restricted Area,Center(C),Less Than 8 ft.,0,0,0,1,1,20251024,SAC,UTA,28740,0,201566|203471|203897|1627734|1631165,0,REG,2026,1610612758,,,,,
225001137,,Shot Chart Detail,22500113,7,1631165,Keon Ellis,1610612758,Sacramento Kings,1,11,55,Made Shot,Driving Dunk Shot,2PT Field Goal,Restricted Area,Center(C),Less Than 8 ft.,1,2,10,1,1,20251026,SAC,LAL,50,0,201942|203471|203897|1627734|1631165,0,REG,2026,1610612758,,,,,
2250011314,,Shot Chart Detail,22500113,14,203897,Zach LaVine,1610612758,Sacramento Kings,1,10,57,Made Shot,Running Jump Shot,3PT Field Goal,Right Corner 3,Right Side(R),24+ ft.,23,233,53,1,1,20251026,SAC,LAL,630,0,201942|203471|203897|1627734|1631165,1,REG,2026,1610612758,,,,,
2250011318,,Shot Chart Detail,22500113,18,1627734,Domantas Sabonis,1610612758,Sacramento Kings,1,10,34,Missed Shot,Driving Floating Bank Jump Shot,2PT Field Goal,In The Paint (Non-RA),Center(C),Less Than 8 ft.,7,22,74,1,0,20251026,SAC,LAL,860,0,201942|203471|203897|1627734|1631165,0,REG,2026,1610612758,,,,,
2250011327,,Shot Chart Detail,22500113,27,203471,Dennis Schröder,1610612758,Sacramento Kings,1,9,34,Missed Shot,Jump Shot,3PT Field Goal,Above the Break 3,Left Side Center(LC),24+ ft.,24,-165,178,1,0,20251026,SAC,LAL,1460,0,201942|203471|203897|1627734|1631165,0,REG,2026,1610612758,,,,,
2250011331,,Shot Chart Detail,22500113,31,1627734,Domantas Sabonis,1610612758,Sacramento Kings,1,8,53,Missed Shot,Driving Floating Bank Jump Shot,2PT Field Goal,In The Paint (Non-RA),Center(C),Less Than 8 ft.,5,-48,21,1,0,20251026,SAC,LAL,1870,0,201942|203471|203897|1627734|1631165,0,REG,2026,1610612758,,,,,
2250011335,,Shot Chart Detail,22500113,35,203897,Zach LaVine,1610612758,Sacramento Kings,1,8,43,Made Shot,Running Dunk Shot,2PT Field Goal,Restricted Area,Center(C),Less Than 8 ft.,0,6,1,1,1,20251026,SAC,LAL,1970,0,201942|203471|203897|1627734|1631165,1,REG,2026,1610612758,,,,,
2250011339,,Shot Chart Detail,22500113,39,203471,Dennis Schröder,1610612758,Sacramento Kings,1,8,10,Missed Shot,Pullup Jump shot,2PT Field Goal,Mid-Range,Right Side Center(RC),16-24 ft.,16,109,124,1,0,20251026,SAC,LAL,2300,0,201942|203471|203897|1627734|1631165,0,REG,2026,1610612758,,,,,
2250011345,,Shot Chart Detail,22500113,45,1627734,Domantas Sabonis,1610612758,Sacramento Kings,1,7,44,Missed Shot,Jump Shot,3PT Field Goal,Above the Break 3,Left Side Center(LC),24+ ft.,25,-82,241,1,0,20251026,SAC,LAL,2560,0,201942|203471|203897|1627734|1631165,0,REG,2026,1610612758,,,,,
2250011352,,Shot Chart Detail,22500113,52,1631165,Keon Ellis,1610612758,Sacramento Kings,1,7,20,Made Shot,Jump Shot,3PT Field Goal,Left Corner 3,Left Side(L),24+ ft.,24,-243,45,1,1,20251026,SAC,LAL,2800,0,201942|203471|203897|1627734|1631165,1,REG,2026,1610612758,,,,,
2250011362,,Shot Chart Detail,22500113,62,1631165,Keon Ellis,1610612758,Sacramento Kings,1,6,42,Missed Shot,Step Back Jump shot,3PT Field Goal,Above the Break 3,Left Side Center(LC),24+ ft.,25,-175,180,1,0,20251026,SAC,LAL,3180,0,201942|203471|203897|1629234|1631165,0,REG,2026,1610612758,,,,,
2250011366,,Shot Chart Detail,22500113,66,203897,Zach LaVine,1610612758,Sacramento Kings,1,6,23,Made Shot,Jump Shot,3PT Field Goal,Left Corner 3,Left Side(L),24+ ft.,23,-239,0,1,1,20251026,SAC,LAL,3370,0,201942|203471|203897|1629234|1631165,1,REG,2026,1610612758,,,,,
2250011381,,Shot Chart Detail,22500113,81,203897,Zach LaVine,1610612758,Sacramento Kings,1,5,50,Missed Shot,Step Back Bank Jump Shot,2PT Field Goal,Mid-Range,Left Side Center(LC),16-24 ft.,18,-138,120,1,0,20251026,SAC,LAL,3700,0,203471|203897|1628370|1629234|1642403,0,REG,2026,1610612758,,,,,
2250011385,,Shot Chart Detail,22500113,85,203471,Dennis Schröder,1610612758,Sacramento Kings,1,5,34,Made Shot,Driving Layup Shot,2PT Field Goal,In The Paint (Non-RA),Center(C),Less Than 8 ft.,4,-43,20,1,1,20251026,SAC,LAL,3860,0,203471|203897|1628370|1629234|1642403,0,REG,2026,1610612758,,,,,
2250011393,,Shot Chart Detail,22500113,93,1629234,Drew Eubanks,1610612758,Sacramento Kings,1,5,6,Missed Shot,Driving Layup Shot,2PT Field Goal,Restricted Area,Center(C),Less Than 8 ft.,3,27,29,1,0,20251026,SAC,LAL,4140,0,203471|203897|1628370|1629234|1642403,0,REG,2026,1610612758,,,,,
22500113105,,Shot Chart Detail,22500113,105,203897,Zach LaVine,1610612758,Sacramento Kings,1,4,46,Made Shot,Driving Layup Shot,2PT Field Goal,Restricted Area,Center(C),Less Than 8 ft.,1,10,4,1,1,20251026,SAC,LAL,4340,0,203471|203897|1628370|1629234|1642403,1,REG,2026,1610612758,,,,,
22500113118,,Shot Chart Detail,22500113,118,1628370,Malik Monk,1610612758,Sacramento Kings,1,4,0,Missed Shot,Running Jump Shot,3PT Field Goal,Right Corner 3,Right Side(R),24+ ft.,22,228,26,1,0,20251026,SAC,LAL,4800,0,203471|203897|1628370|1629234|1642928,0,REG,2026,1610612758,,,,,
22500113120,,Shot Chart Detail,22500113,120,203471,Dennis Schröder,1610612758,Sacramento Kings,1,3,48,Made Shot,Driving Layup Shot,2PT Field Goal,In The Paint (Non-RA),Center(C),Less Than 8 ft.,4,-40,8,1,1,20251026,SAC,LAL,4920,0,203471|203897|1628370|1629234|1642928,0,REG,2026,1610612758,,,,,
22500113140,,Shot Chart Detail,22500113,140,201942,DeMar DeRozan,1610612758,Sacramento Kings,1,2,44,Made Shot,Turnaround Jump Shot,2PT Field Goal,In The Paint (Non-RA),Center(C),8-16 ft.,12,29,117,1,1,20251026,SAC,LAL,5560,0,201566|201942|203967|1628370|1642928,1,REG,2026,1610612758,,,,,
22500113143,,Shot Chart Detail,22500113,143,201942,DeMar DeRozan,1610612758,Sacramento Kings,1,2,10,Made Shot,Turnaround Jump Shot,2PT Field Goal,In The Paint (Non-RA),Center(C),8-16 ft.,14,-62,127,1,1,20251026,SAC,LAL,5900,0,201566|201942|203967|1628370|1642928,0,REG,2026,1610612758,,,,,
22500113151,,Shot Chart Detail,22500113,151,201942,DeMar DeRozan,1610612758,Sacramento Kings,1,1,40,Made Shot,Turnaround Jump Shot,2PT Field Goal,In The Paint (Non-RA),Left Side(L),8-16 ft.,11,-78,82,1,1,20251026,SAC,LAL,6200,0,201566|201942|203967|1628370|1642928,0,REG,2026,1610612758,,,,,
22500113156,,Shot Chart Detail,22500113,156,203967,Dario Šarić,1610612758,Sacramento Kings,1,1,14,Missed Shot,Layup Shot,2PT Field Goal,Restricted Area,Center(C),Less Than 8 ft.,2,20,1,1,0,20251026,SAC,LAL,6460,0,201566|201942|203967|1628370|1642928,0,REG,2026,1610612758,,,,,
22500113167,,Shot Chart Detail,22500113,167,201942,DeMar DeRozan,1610612758,Sacramento Kings,1,0,43,Missed Shot,Pullup Jump shot,2PT Field Goal,Mid-Range,Left Side(L),16-24 ft.,16,-169,8,1,0,20251026,SAC,LAL,6770,0,201566|201942|203471|1628370|1642928,0,REG,2026,1610612758,,,,,
22500113177,,Shot Chart Detail,22500113,177,203471,Dennis Schröder,1610612758,Sacramento Kings,1,0,0,Missed Shot,Jump Shot,3PT Field Goal,Above the Break 3,Left Side Center(LC),24+ ft.,26,-192,179,1,0,20251026,SAC,LAL,7200,0,201566|201942|203471|1628370|1642928,0,REG,2026,1610612758,,,,,
22500113194,,Shot Chart Detail,22500113,194,1628370,Malik Monk,1610612758,Sacramento Kings,2,11,28,Made Shot,Pullup Jump shot,2PT Field Goal,In The Paint (Non-RA),Right Side(R),8-16 ft.,13,72,120,1,1,20251026,SAC,LAL,7520,0,201566|201942|1627734|1628370|1631165,1,REG,2026,1610612758,,,,,
22500113204,,Shot Chart Detail,22500113,204,201566,Russell Westbrook,1610612758,Sacramento Kings,2,10,35,Made Shot,Jump Shot,3PT Field Goal,Left Corner 3,Left Side(L),24+ ft.,23,-232,-12,1,1,20251026,SAC,LAL,8050,0,201566|201942|1627734|1628370|1631165,1,REG,2026,1610612758,,,,,
22500113209,,Shot Chart Detail,22500113,209,201566,Russell Westbrook,1610612758,Sacramento Kings,2,10,12,Made Shot,Running Layup Shot,2PT Field Goal,Restricted Area,Center(C),Less Than 8 ft.,2,-15,15,1,1,20251026,SAC,LAL,8280,0,201566|201942|1627734|1628370|1631165,0,REG,2026,1610612758,,,,,
22500113224,,Shot Chart Detail,22500113,224,201942,DeMar DeRozan,1610612758,Sacramento Kings,2,9,46,Made Shot,Pullup Jump shot,2PT Field Goal,Mid-Range,Right Side(R),8-16 ft.,11,93,74,1,1,20251026,SAC,LAL,8540,0,201566|201942|203897|1627734|1628370,0,REG,2026,1610612758,,,,,
22500113230,,Shot Chart Detail,22500113,230,201942,DeMar DeRozan,1610612758,Sacramento Kings,2,9,18,Missed Shot,Step Back Jump shot,2PT Field Goal,Mid-Range,Left Side(L),16-24 ft.,20,-201,0,1,0,20251026,SAC,LAL,8820,0,201566|201942|203897|1627734|1628370,0,REG,2026,1610612758,,,,,
22500113234,,Shot Chart Detail,22500113,234,1627734,Domantas Sabonis,1610612758,Sacramento Kings,2,8,42,Missed Shot,Turnaround Fadeaway shot,2PT Field Goal,In The Paint (Non-RA),Center(C),Less Than 8 ft.,6,62,3,1,0,20251026,SAC,LAL,9180,0,201566|201942|203897|1627734|1628370,0,REG,2026,1610612758,,,,,
22500113236,,Shot Chart Detail,22500113,236,201942,DeMar DeRozan,1610612758,Sacramento Kings,2,8,36,Made Shot,Jump Shot,3PT Field Goal,Left Corner 3,Left Side(L),24+ ft.,22,-225,10,1,1,20251026,SAC,LAL,9240,0,201566|201942|203897|1627734|1628370,1,REG,2026,1610612758,,,,,
22500113247,,Shot Chart Detail,22500113,247,201942,DeMar DeRozan,1610612758,Sacramento Kings,2,8,26,Missed Shot,Pullup Jump shot,2PT Field Goal,In The Paint (Non-RA),Right Side(R),8-16 ft.,10,76,74,1,0,20251026,SAC,LAL,9340,0,201566|201942|203897|1627734|1628370,0,REG,2026,1610612758,,,,,
22500113251,,Shot Chart Detail,22500113,251,201942,DeMar DeRozan,1610612758,Sacramento Kings,2,8,2,Missed Shot,Driving Reverse Layup Shot,2PT Field Goal,Restricted Area,Center(C),Less Than 8 ft.,0,9,3,1,0,20251026,SAC,LAL,9580,0,201566|201942|203897|1627734|1628370,0,REG,2026,1610612758,,,,,
22500113260,,Shot Chart Detail,22500113,260,203897,Zach LaVine,1610612758,Sacramento Kings,2,8,0,Missed Shot,Alley Oop Layup shot,2PT Field Goal,In The Paint (Non-RA),Center(C),Less Than 8 ft.,5,47,26,1,0,20251026,SAC,LAL,9600,0,201566|201942|203471|203897|1627734,0,REG,2026,1610612758,,,,,
22500113264,,Shot Chart Detail,22500113,264,203897,Zach LaVine,1610612758,Sacramento Kings,2,7,31,Missed Shot,Jump Shot,3PT Field Goal,Above the Break 3,Left Side Center(LC),24+ ft.,24,-213,125,1,0,20251026,SAC,LAL,9890,0,201566|201942|203471|203897|1627734,0,REG,2026,1610612758,,,,,
22500113266,,Shot Chart Detail,22500113,266,201566,Russell Westbrook,1610612758,Sacramento Kings,2,7,24,Made Shot,Jump Shot,3PT Field Goal,Left Corner 3,Left Side(L),24+ ft.,23,-232,-11,1,1,20251026,SAC,LAL,9960,0,201566|201942|203471|203897|1627734,1,REG,2026,1610612758,,,,,
22500113269,,Shot Chart Detail,22500113,269,201942,DeMar DeRozan,1610612758,Sacramento Kings,2,6,51,Missed Shot,Jump Shot,3PT Field Goal,Right Corner 3,Right Side(R),24+ ft.,23,237,6,1,0,20251026,SAC,LAL,10290,0,201566|201942|203471|203897|1627734,0,REG,2026,1610612758,,,,,
22500113271,,Shot Chart Detail,22500113,271,201566,Russell Westbrook,1610612758,Sacramento Kings,2,6,46,Made Shot,Jump Shot,3PT Field Goal,Above the Break 3,Left Side Center(LC),24+ ft.,24,-221,110,1,1,20251026,SAC,LAL,10340,0,201566|201942|203471|203897|1627734,1,REG,2026,1610612758,,,,,
22500113275,,Shot Chart Detail,22500113,275,201566,Russell Westbrook,1610612758,Sacramento Kings,2,6,25,Missed Shot,Running Reverse Layup Shot,2PT Field Goal,Restricted Area,Center(C),Less Than 8 ft.,1,-9,8,1,0,20251026,SAC,LAL,10550,0,201566|201942|203471|203897|1627734,0,REG,2026,1610612758,,,,,
22500113280,,Shot Chart Detail,22500113,280,203471,Dennis Schröder,1610612758,Sacramento Kings,2,5,54,Missed Shot,Jump Shot,3PT Field Goal,Above the Break 3,Left Side Center(LC),24+ ft.,24,-224,111,1,0,20251026,SAC,LAL,10860,0,201566|201942|203471|203897|1627734,0,REG,2026,1610612758,,,,,
22500113284,,Shot Chart Detail,22500113,284,201942,DeMar DeRozan,1610612758,Sacramento Kings,2,5,31,Made Shot,Driving Floating Jump Shot,2PT Field Goal,In The Paint (Non-RA),Center(C),Less Than 8 ft.,4,-42,22,1,1,20251026,SAC,LAL,11090,0,201566|201942|203471|203897|1627734,1,REG,2026,1610612758,,,,,
22500113290,,Shot Chart Detail,22500113,290,201942,DeMar DeRozan,1610612758,Sacramento Kings,2,5,13,Missed Shot,Pullup Jump shot,2PT Field Goal,Mid-Range,Left Side(L),8-16 ft.,11,-86,83,1,0,20251026,SAC,LAL,11270,0,201566|201942|203471|203897|1627734,0,REG,2026,1610612758,,,,,
22500113293,,Shot Chart Detail,22500113,293,1627734,Domantas Sabonis,1610612758,Sacramento Kings,2,4,37,Made Shot,Driving Layup Shot,2PT Field Goal,In The Paint (Non-RA),Center(C),Less Than 8 ft.,4,-39,21,1,1,20251026,SAC,LAL,11630,0,201566|201942|203471|203897|1627734,0,REG,2026,1610612758,,,,,
22500113308,,Shot Chart Detail,22500113,308,203471,Dennis Schröder,1610612758,Sacramento Kings,2,4,8,Made Shot,Pullup Jump shot,2PT Field Goal,In The Paint (Non-RA),Center(C),8-16 ft.,14,45,136,1,1,20251026,SAC,LAL,11920,0,201566|203471|203897|1628370|1642928,0,REG,2026,1610612758,,,,,
22500113314,,Shot Chart Detail,22500113,314,203897,Zach LaVine,1610612758,Sacramento Kings,2,3,35,Missed Shot,Running Layup Shot,2PT Field Goal,Restricted Area,Center(C),Less Than 8 ft.,2,-20,10,1,0,20251026,SAC,LAL,12250,0,201566|203471|203897|1628370|1642928,0,REG,2026,1610612758,,,,,
22500113318,,Shot Chart Detail,22500113,318,1628370,Malik Monk,1610612758,Sacramento Kings,2,3,33,Made Shot,Jump Shot,3PT Field Goal,Right Corner 3,Right Side(R),24+ ft.,22,223,-10,1,1,20251026,SAC,LAL,12270,0,201566|203471|203897|1628370|1642928,1,REG,2026,1610612758,,,,,
22500113324,,Shot Chart Detail,22500113,324,203471,Dennis Schröder,1610612758,Sacramento Kings,2,3,1,Missed Shot,Driving Layup Shot,2PT Field Goal,Restricted Area,Center(C),Less Than 8 ft.,2,15,19,1,0,20251026,SAC,LAL,12590,0,201566|203471|203897|1628370|1642928,0,REG,2026,1610612758,,,,,
22500113332,,Shot Chart Detail,22500113,332,1628370,Malik Monk,1610612758,Sacramento Kings,2,2,31,Made Shot,Driving Floating Jump Shot,2PT Field Goal,In The Paint (Non-RA),Center(C),Less Than 8 ft.,5,-1,59,1,1,20251026,SAC,LAL,12890,0,201566|203471|203897|1628370|1642928,1,REG,2026,1610612758,,,,,
22500113355,,Shot Chart Detail,22500113,355,201942,DeMar DeRozan,1610612758,Sacramento Kings,2,1,13,Made Shot,Jump Shot,3PT Field Goal,Left Corner 3,Left Side(L),24+ ft.,23,-233,24,1,1,20251026,SAC,LAL,13670,0,201942|203471|203897|1628370|1642928,1,REG,2026,1610612758,,,,,
22500113359,,Shot Chart Detail,22500113,359,201942,DeMar DeRozan,1610612758,Sacramento Kings,2,0,49,Missed Shot,Pullup Jump shot,3PT Field Goal,Right Corner 3,Right Side(R),24+ ft.,22,222,34,1,0,20251026,SAC,LAL,13910,0,201942|203471|203897|1628370|1642928,0,REG,2026,1610612758,,,,,
22500113363,,Shot Chart Detail,22500113,363,203471,Dennis Schröder,1610612758,Sacramento Kings,2,0,29,Missed Shot,Step Back Jump shot,2PT Field Goal,Mid-Range,Left Side(L),8-16 ft.,15,-151,32,1,0,20251026,SAC,LAL,14110,0,201942|203471|203897|1628370|1642928,0,REG,2026,1610612758,,,,,
22500113370,,Shot Chart Detail,22500113,370,203897,Zach LaVine,1610612758,Sacramento Kings,2,0,9,Made Shot,Running Alley Oop Dunk Shot,2PT Field Goal,Restricted Area,Center(C),Less Than 8 ft.,0,-1,1,1,1,20251026,SAC,LAL,14310,0,201942|203471|203897|1628370|1642928,1,REG,2026,1610612758,,,,,
22500113387,,Shot Chart Detail,22500113,387,203897,Zach LaVine,1610612758,Sacramento Kings,3,11,42,Missed Shot,Running Jump Shot,2PT Field Goal,Mid-Range,Right Side(R),16-24 ft.,16,169,11,1,0,20251026,SAC,LAL,14580,0,201942|203471|203897|1627734|1631165,0,REG,2026,1610612758,,,,,
22500113395,,Shot Chart Detail,22500113,395,201942,DeMar DeRozan,1610612758,Sacramento Kings,3,10,56,Missed Shot,Pullup Jump shot,2PT Field Goal,Mid-Range,Center(C),16-24 ft.,19,-16,196,1,0,20251026,SAC,LAL,15040,0,201942|203471|203897|1627734|1631165,0,REG,2026,1610612758,,,,,
22500113399,,Shot Chart Detail,22500113,399,203471,Dennis Schröder,1610612758,Sacramento Kings,3,10,30,Made Shot,Jump Shot,3PT Field Goal,Above the Break 3,Center(C),24+ ft.,30,67,301,1,1,20251026,SAC,LAL,15300,0,201942|203471|203897|1627734|1631165,1,REG,2026,1610612758,,,,,
22500113407,,Shot Chart Detail,22500113,407,203471,Dennis Schröder,1610612758,Sacramento Kings,3,9,45,Missed Shot,Step Back Jump shot,3PT Field Goal,Above the Break 3,Left Side Center(LC),24+ ft.,25,-195,167,1,0,20251026,SAC,LAL,15750,0,201942|203471|203897|1627734|1628370,0,REG,2026,1610612758,,,,,
22500113411,,Shot Chart Detail,22500113,411,1628370,Malik Monk,1610612758,Sacramento Kings,3,9,27,Missed Shot,Running Jump Shot,3PT Field Goal,Above the Break 3,Left Side Center(LC),24+ ft.,25,-164,201,1,0,20251026,SAC,LAL,15930,0,201942|203471|203897|1627734|1628370,0,REG,2026,1610612758,,,,,
22500113417,,Shot Chart Detail,22500113,417,201942,DeMar DeRozan,1610612758,Sacramento Kings,3,8,58,Missed Shot,Jump Shot,3PT Field Goal,Above the Break 3,Right Side Center(RC),24+ ft.,25,216,141,1,0,20251026,SAC,LAL,16220,0,201942|203471|203897|1627734|1628370,0,REG,2026,1610612758,,,,,
22500113419,,Shot Chart Detail,22500113,419,203471,Dennis Schröder,1610612758,Sacramento Kings,3,8,53,Made Shot,Jump Shot,3PT Field Goal,Left Corner 3,Left Side(L),24+ ft.,23,-233,28,1,1,20251026,SAC,LAL,16270,0,201942|203471|203897|1627734|1628370,1,REG,2026,1610612758,,,,,
22500113422,,Shot Chart Detail,22500113,422,1628370,Malik Monk,1610612758,Sacramento Kings,3,8,23,Missed Shot,Driving Floating Jump Shot,2PT Field Goal,In The Paint (Non-RA),Center(C),Less Than 8 ft.,7,22,73,1,0,20251026,SAC,LAL,16570,0,201942|203471|203897|1627734|1628370,0,REG,2026,1610612758,,,,,
22500113436,,Shot Chart Detail,22500113,436,203897,Zach LaVine,1610612758,Sacramento Kings,3,7,56,Made Shot,Running Layup Shot,2PT Field Goal,Restricted Area,Center(C),Less Than 8 ft.,2,15,18,1,1,20251026,SAC,LAL,16840,0,201942|203471|203897|1627734|1628370,1,REG,2026,1610612758,,,,,
22500113448,,Shot Chart Detail,22500113,448,203897,Zach LaVine,1610612758,Sacramento Kings,3,7,22,Made Shot,Driving Layup Shot,2PT Field Goal,In The Paint (Non-RA),Center(C),Less Than 8 ft.,4,32,34,1,1,20251026,SAC,LAL,17180,0,201942|203471|203897|1627734|1628370,0,REG,2026,1610612758,,,,,
22500113451,,Shot Chart Detail,22500113,451,203897,Zach LaVine,1610612758,Sacramento Kings,3,6,48,Made Shot,Pullup Jump shot,2PT Field Goal,Mid-Range,Center(C),16-24 ft.,19,10,197,1,1,20251026,SAC,LAL,17520,0,201942|203471|203897|1627734|1628370,0,REG,2026,1610612758,,,,,
22500113460,,Shot Chart Detail,22500113,460,203897,Zach LaVine,1610612758,Sacramento Kings,3,6,16,Missed Shot,Pullup Jump shot,3PT Field Goal,Above the Break 3,Right Side Center(RC),24+ ft.,26,168,200,1,0,20251026,SAC,LAL,17840,0,201942|203471|203897|1627734|1628370,0,REG,2026,1610612758,,,,,
22500113471,,Shot Chart Detail,22500113,471,1628370,Malik Monk,1610612758,Sacramento Kings,3,5,59,Made Shot,Jump Shot,3PT Field Goal,Above the Break 3,Left Side Center(LC),24+ ft.,26,-88,249,1,1,20251026,SAC,LAL,18010,0,201566|203471|203897|1628370|1642928,1,REG,2026,1610612758,,,,,
22500113480,,Shot Chart Detail,22500113,480,201566,Russell Westbrook,1610612758,Sacramento Kings,3,5,29,Missed Shot,Fadeaway Jump Shot,2PT Field Goal,In The Paint (Non-RA),Right Side(R),8-16 ft.,8,43,74,1,0,20251026,SAC,LAL,18310,0,201566|203471|203897|1628370|1642928,0,REG,2026,1610612758,,,,,
22500113488,,Shot Chart Detail,22500113,488,201566,Russell Westbrook,1610612758,Sacramento Kings,3,5,3,Missed Shot,Jump Shot,3PT Field Goal,Right Corner 3,Right Side(R),24+ ft.,23,237,18,1,0,20251026,SAC,LAL,18570,0,201566|203471|203897|1628370|1642928,0,REG,2026,1610612758,,,,,
22500113584,,Shot Chart Detail,22500113,584,203897,Zach LaVine,1610612758,Sacramento Kings,3,4,58,Missed Shot,Cutting Layup Shot,2PT Field Goal,In The Paint (Non-RA),Center(C),Less Than 8 ft.,4,-42,1,1,0,20251026,SAC,LAL,18620,0,201566|203471|203897|1628370|1642928,0,REG,2026,1610612758,,,,,
22500113495,,Shot Chart Detail,22500113,495,1628370,Malik Monk,1610612758,Sacramento Kings,3,4,38,Made Shot,Running Jump Shot,3PT Field Goal,Left Corner 3,Left Side(L),24+ ft.,22,-227,22,1,1,20251026,SAC,LAL,18820,0,201566|203471|203897|1628370|1642928,1,REG,2026,1610612758,,,,,
22500113501,,Shot Chart Detail,22500113,501,1642928,Dylan Cardwell,1610612758,Sacramento Kings,3,3,40,Missed Shot,Jump Shot,3PT Field Goal,Right Corner 3,Right Side(R),24+ ft.,23,237,18,1,0,20251026,SAC,LAL,19400,0,201566|203471|203897|1628370|1642928,0,REG,2026,1610612758,,,,,
22500113523,,Shot Chart Detail,22500113,523,201566,Russell Westbrook,1610612758,Sacramento Kings,3,2,57,Missed Shot,Jump Shot,3PT Field Goal,Above the Break 3,Left Side Center(LC),24+ ft.,25,-184,176,1,0,20251026,SAC,LAL,19830,0,201566|201942|1628370|1642269|1642928,0,REG,2026,1610612758,,,,,
22500113540,,Shot Chart Detail,22500113,540,201566,Russell Westbrook,1610612758,Sacramento Kings,3,2,20,Missed Shot,Driving Layup Shot,2PT Field Goal,In The Paint (Non-RA),Center(C),Less Than 8 ft.,4,42,17,1,0,20251026,SAC,LAL,20200,0,201566|201942|203967|1628370|1642269,0,REG,2026,1610612758,,,,,
22500113544,,Shot Chart Detail,22500113,544,201942,DeMar DeRozan,1610612758,Sacramento Kings,3,1,58,Made Shot,Pullup Jump shot,2PT Field Goal,Mid-Range,Left Side Center(LC),16-24 ft.,17,-136,107,1,1,20251026,SAC,LAL,20420,0,201566|201942|203967|1628370|1642269,1,REG,2026,1610612758,,,,,
22500113551,,Shot Chart Detail,22500113,551,201942,DeMar DeRozan,1610612758,Sacramento Kings,3,1,1,Made Shot,Pullup Jump shot,2PT Field Goal,Mid-Range,Left Side Center(LC),16-24 ft.,18,-64,173,1,1,20251026,SAC,LAL,20990,0,201566|201942|203967|1628370|1642269,1,REG,2026,1610612758,,,,,
22500113570,,Shot Chart Detail,22500113,570,201942,DeMar DeRozan,1610612758,Sacramento Kings,3,0,7,Missed Shot,Step Back Jump shot,2PT Field Goal,Mid-Range,Right Side Center(RC),16-24 ft.,21,97,189,1,0,20251026,SAC,LAL,21530,0,201566|201942|203471|203897|1628370,0,REG,2026,1610612758,,,,,
22500113574,,Shot Chart Detail,22500113,574,1628370,Malik Monk,1610612758,Sacramento Kings,3,0,1,Missed Shot,Pullup Jump shot,3PT Field Goal,Above the Break 3,Right Side Center(RC),24+ ft.,34,167,300,1,0,20251026,SAC,LAL,21590,0,201566|201942|203471|203897|1628370,0,REG,2026,1610612758,,,,,
22500113587,,Shot Chart Detail,22500113,587,201566,Russell Westbrook,1610612758,Sacramento Kings,4,11,47,Missed Shot,Driving Layup Shot,2PT Field Goal,Restricted Area,Center(C),Less Than 8 ft.,3,12,38,1,0,20251026,SAC,LAL,21730,0,201566|201942|203897|1627734|1631165,0,REG,2026,1610612758,,,,,
22500113589,,Shot Chart Detail,22500113,589,1627734,Domantas Sabonis,1610612758,Sacramento Kings,4,11,45,Made Shot,Tip Layup Shot,2PT Field Goal,Restricted Area,Center(C),Less Than 8 ft.,0,0,0,1,1,20251026,SAC,LAL,21750,0,201566|201942|203897|1627734|1631165,0,REG,2026,1610612758,,,,,
22500113592,,Shot Chart Detail,22500113,592,203897,Zach LaVine,1610612758,Sacramento Kings,4,11,21,Made Shot,Running Finger Roll Layup Shot,2PT Field Goal,In The Paint (Non-RA),Center(C),Less Than 8 ft.,5,31,49,1,1,20251026,SAC,LAL,21990,0,201566|201942|203897|1627734|1631165,0,REG,2026,1610612758,,,,,
22500113595,,Shot Chart Detail,22500113,595,201566,Russell Westbrook,1610612758,Sacramento Kings,4,10,55,Made Shot,Step Back Jump shot,3PT Field Goal,Right Corner 3,Right Side(R),24+ ft.,23,235,38,1,1,20251026,SAC,LAL,22250,0,201566|201942|203897|1627734|1631165,0,REG,2026,1610612758,,,,,
22500113605,,Shot Chart Detail,22500113,605,203897,Zach LaVine,1610612758,Sacramento Kings,4,10,21,Missed Shot,Fadeaway Jump Shot,2PT Field Goal,Mid-Range,Center(C),16-24 ft.,20,50,199,1,0,20251026,SAC,LAL,22590,0,201566|201942|203897|1627734|1631165,0,REG,2026,1610612758,,,,,
22500113607,,Shot Chart Detail,22500113,607,1631165,Keon Ellis,1610612758,Sacramento Kings,4,10,16,Missed Shot,Jump Shot,3PT Field Goal,Right Corner 3,Right Side(R),24+ ft.,23,233,28,1,0,20251026,SAC,LAL,22640,0,201566|201942|203897|1627734|1631165,0,REG,2026,1610612758,,,,,
22500113609,,Shot Chart Detail,22500113,609,1631165,Keon Ellis,1610612758,Sacramento Kings,4,10,12,Missed Shot,Jump Shot,3PT Field Goal,Right Corner 3,Right Side(R),24+ ft.,22,227,10,1,0,20251026,SAC,LAL,22680,0,201566|201942|203897|1627734|1631165,0,REG,2026,1610612758,,,,,
22500113612,,Shot Chart Detail,22500113,612,1627734,Domantas Sabonis,1610612758,Sacramento Kings,4,9,50,Made Shot,Jump Shot,3PT Field Goal,Above the Break 3,Center(C),24+ ft.,26,9,260,1,1,20251026,SAC,LAL,22900,0,201566|201942|203897|1627734|1631165,1,REG,2026,1610612758,,,,,
22500113616,,Shot Chart Detail,22500113,616,203897,Zach LaVine,1610612758,Sacramento Kings,4,9,15,Missed Shot,Jump Shot,3PT Field Goal,Above the Break 3,Left Side Center(LC),24+ ft.,24,-232,91,1,0,20251026,SAC,LAL,23250,0,201566|201942|203897|1627734|1631165,0,REG,2026,1610612758,,,,,
22500113640,,Shot Chart Detail,22500113,640,201942,DeMar DeRozan,1610612758,Sacramento Kings,4,7,40,Missed Shot,Pullup Jump shot,2PT Field Goal,Mid-Range,Left Side(L),8-16 ft.,11,-116,13,1,0,20251026,SAC,LAL,24200,0,201566|201942|203471|203897|1627734,0,REG,2026,1610612758,,,,,
22500113644,,Shot Chart Detail,22500113,644,201942,DeMar DeRozan,1610612758,Sacramento Kings,4,7,34,Missed Shot,Pullup Jump shot,2PT Field Goal,Mid-Range,Left Side(L),8-16 ft.,12,-100,76,1,0,20251026,SAC,LAL,24260,0,201566|201942|203471|203897|1627734,0,REG,2026,1610612758,,,,,
22500113649,,Shot Chart Detail,22500113,649,201942,DeMar DeRozan,1610612758,Sacramento Kings,4,7,26,Missed Shot,Jump Shot,3PT Field Goal,Left Corner 3,Left Side(L),24+ ft.,24,-233,81,1,0,20251026,SAC,LAL,24340,0,201566|201942|203471|203897|1627734,0,REG,2026,1610612758,,,,,
22500113653,,Shot Chart Detail,22500113,653,203897,Zach LaVine,1610612758,Sacramento Kings,4,6,59,Missed Shot,Driving Layup Shot,2PT Field Goal,Restricted Area,Center(C),Less Than 8 ft.,3,-15,27,1,0,20251026,SAC,LAL,24610,0,201566|201942|203471|203897|1627734,0,REG,2026,1610612758,,,,,
22500113656,,Shot Chart Detail,22500113,656,203897,Zach LaVine,1610612758,Sacramento Kings,4,6,31,Made Shot,Jump Shot,3PT Field Goal,Above the Break 3,Right Side Center(RC),24+ ft.,28,185,212,1,1,20251026,SAC,LAL,24890,0,201566|201942|203471|203897|1627734,1,REG,2026,1610612758,,,,,
22500113659,,Shot Chart Detail,22500113,659,203897,Zach LaVine,1610612758,Sacramento Kings,4,5,48,Missed Shot,Pullup Jump shot,3PT Field Goal,Above the Break 3,Left Side Center(LC),24+ ft.,29,-104,275,1,0,20251026,SAC,LAL,25320,0,201566|201942|203471|203897|1627734,0,REG,2026,1610612758,,,,,
22500113664,,Shot Chart Detail,22500113,664,201566,Russell Westbrook,1610612758,Sacramento Kings,4,5,11,Made Shot,Driving Reverse Layup Shot,2PT Field Goal,Restricted Area,Center(C),Less Than 8 ft.,2,21,2,1,1,20251026,SAC,LAL,25690,0,201566|201942|203471|203897|1627734,0,REG,2026,1610612758,,,,,
22500113676,,Shot Chart Detail,22500113,676,203471,Dennis Schröder,1610612758,Sacramento Kings,4,4,3,Made Shot,Pullup Jump shot,3PT Field Goal,Above the Break 3,Left Side Center(LC),24+ ft.,25,-158,200,1,1,20251026,SAC,LAL,26370,0,201942|203471|203897|1627734|1631165,0,REG,2026,1610612758,,,,,
22500113678,,Shot Chart Detail,22500113,678,203897,Zach LaVine,1610612758,Sacramento Kings,4,3,32,Made Shot,Driving Layup Shot,2PT Field Goal,In The Paint (Non-RA),Center(C),Less Than 8 ft.,7,-60,44,1,1,20251026,SAC,LAL,26680,0,201942|203471|203897|1627734|1631165,1,REG,2026,1610612758,,,,,
22500113692,,Shot Chart Detail,22500113,692,203471,Dennis Schröder,1610612758,Sacramento Kings,4,3,6,Missed Shot,Driving Layup Shot,2PT Field Goal,In The Paint (Non-RA),Center(C),Less Than 8 ft.,5,44,25,1,0,20251026,SAC,LAL,26940,0,201942|203471|203897|1627734|1631165,0,REG,2026,1610612758,,,,,
22500113694,,Shot Chart Detail,22500113,694,1627734,Domantas Sabonis,1610612758,Sacramento Kings,4,3,4,Made Shot,Tip Layup Shot,2PT Field Goal,Restricted Area,Center(C),Less Than 8 ft.,0,0,0,1,1,20251026,SAC,LAL,26960,0,201942|203471|203897|1627734|1631165,0,REG,2026,1610612758,,,,,
22500113697,,Shot Chart Detail,22500113,697,203471,Dennis Schröder,1610612758,Sacramento Kings,4,2,24,Made Shot,Driving Layup Shot,2PT Field Goal,Restricted Area,Center(C),Less Than 8 ft.,3,-32,12,1,1,20251026,SAC,LAL,27360,0,201942|203471|203897|1627734|1631165,0,REG,2026,1610612758,,,,,
22500113701,,Shot Chart Detail,22500113,701,203471,Dennis Schröder,1610612758,Sacramento Kings,4,1,50,Missed Shot,Pullup Jump shot,3PT Field Goal,Above the Break 3,Center(C),24+ ft.,26,-61,258,1,0,20251026,SAC,LAL,27700,0,201942|203471|203897|1627734|1631165,0,REG,2026,1610612758,,,,,
22500113708,,Shot Chart Detail,22500113,708,203897,Zach LaVine,1610612758,Sacramento Kings,4,1,30,Made Shot,Step Back Jump shot,3PT Field Goal,Above the Break 3,Left Side Center(LC),24+ ft.,27,-159,220,1,1,20251026,SAC,LAL,27900,0,201942|203471|203897|1627734|1631165,1,REG,2026,1610612758,,,,,
22500113712,,Shot Chart Detail,22500113,712,203897,Zach LaVine,1610612758,Sacramento Kings,4,1,3,Missed Shot,Running Pull-Up Jump Shot,3PT Field Goal,Above the Break 3,Left Side Center(LC),24+ ft.,25,-138,215,1,0,20251026,SAC,LAL,28170,0,201942|203471|203897|1627734|1631165,0,REG,2026,1610612758,,,,,
22500113730,,Shot Chart Detail,22500113,730,203471,Dennis Schröder,1610612758,Sacramento Kings,4,0,25,Missed Shot,Driving Layup Shot,2PT Field Goal,In The Paint (Non-RA),Center(C),Less Than 8 ft.,6,61,34,1,0,20251026,SAC,LAL,28550,0,201566|201942|203471|203897|1627734,0,REG,2026,1610612758,,,,,
22500113749,,Shot Chart Detail,22500113,749,203471,Dennis Schröder,1610612758,Sacramento Kings,4,0,1,Missed Shot,Jump Shot,3PT Field Goal,Above the Break 3,Left Side Center(LC),24+ ft.,27,-170,214,1,0,20251026,SAC,LAL,28790,0,201566|201942|203471|203897|1627734,0,REG,2026,1610612758,,,,,
225001269,,Shot Chart Detail,22500126,9,1627734,Domantas Sabonis,1610612758,Sacramento Kings,1,11,38,Missed Shot,Cutting Layup Shot,2PT Field Goal,Restricted Area,Center(C),Less Than 8 ft.,2,-16,18,1,0,20251028,OKC,SAC,220,0,201566|201942|203471|203897|1627734,0,REG,2026,1610612758,,,,,
2250012616,,Shot Chart Detail,22500126,16,1627734,Domantas Sabonis,1610612758,Sacramento Kings,1,10,47,Missed Shot,Jump Shot,2PT Field Goal,Mid-Range,Left Side(L),8-16 ft.,12,-94,86,1,0,20251028,OKC,SAC,730,0,201566|201942|203471|203897|1627734,0,REG,2026,1610612758,,,,,
2250012622,,Shot Chart Detail,22500126,22,201566,Russell Westbrook,1610612758,Sacramento Kings,1,10,9,Made Shot,Jump Shot,3PT Field Goal,Left Corner 3,Left Side(L),24+ ft.,24,-241,10,1,1,20251028,OKC,SAC,1110,0,201566|201942|203471|203897|1627734,1,REG,2026,1610612758,,,,,
2250012628,,Shot Chart Detail,22500126,28,201566,Russell Westbrook,1610612758,Sacramento Kings,1,9,35,Missed Shot,Driving Layup Shot,2PT Field Goal,Restricted Area,Center(C),Less Than 8 ft.,2,-16,21,1,0,20251028,OKC,SAC,1450,0,201566|201942|203471|203897|1627734,0,REG,2026,1610612758,,,,,
2250012631,,Shot Chart Detail,22500126,31,1627734,Domantas Sabonis,1610612758,Sacramento Kings,1,9,31,Made Shot,Putback Layup Shot,2PT Field Goal,Restricted Area,Center(C),Less Than 8 ft.,3,-7,34,1,1,20251028,OKC,SAC,1490,0,201566|201942|203471|203897|1627734,0,REG,2026,1610612758,,,,,
2250012635,,Shot Chart Detail,22500126,35,201566,Russell Westbrook,1610612758,Sacramento Kings,1,8,57,Made Shot,Jump Shot,3PT Field Goal,Left Corner 3,Left Side(L),24+ ft.,23,-233,17,1,1,20251028,OKC,SAC,1830,0,201566|201942|203471|203897|1627734,1,REG,2026,1610612758,,,,,
2250012639,,Shot Chart Detail,22500126,39,203471,Dennis Schröder,1610612758,Sacramento Kings,1,8,33,Made Shot,Running Layup Shot,2PT Field Goal,Restricted Area,Center(C),Less Than 8 ft.,2,-12,23,1,1,20251028,OKC,SAC,2070,0,201566|201942|203471|203897|1627734,1,REG,2026,1610612758,,,,,
2250012642,,Shot Chart Detail,22500126,42,1627734,Domantas Sabonis,1610612758,Sacramento Kings,1,7,52,Missed Shot,Jump Shot,3PT Field Goal,Above the Break 3,Right Side Center(RC),24+ ft.,26,88,247,1,0,20251028,OKC,SAC,2480,0,201566|201942|203471|203897|1627734,0,REG,2026,1610612758,,,,,
2250012646,,Shot Chart Detail,22500126,46,201566,Russell Westbrook,1610612758,Sacramento Kings,1,7,29,Missed Shot,Layup Shot,2PT Field Goal,In The Paint (Non-RA),Right Side(R),8-16 ft.,9,60,69,1,0,20251028,OKC,SAC,2710,0,201566|201942|203471|203897|1627734,0,REG,2026,1610612758,,,,,
2250012651,,Shot Chart Detail,22500126,51,203897,Zach LaVine,1610612758,Sacramento Kings,1,6,58,Made Shot,Pullup Jump shot,3PT Field Goal,Above the Break 3,Right Side Center(RC),24+ ft.,25,163,202,1,1,20251028,OKC,SAC,3020,0,201566|201942|203471|203897|1627734,1,REG,2026,1610612758,,,,,
2250012654,,Shot Chart Detail,22500126,54,201566,Russell Westbrook,1610612758,Sacramento Kings,1,6,35,Made Shot,Pullup Jump shot,3PT Field Goal,Above the Break 3,Right Side Center(RC),24+ ft.,26,83,248,1,1,20251028,OKC,SAC,3250,0,201566|201942|203471|203897|1627734,0,REG,2026,1610612758,,,,,
2250012664,,Shot Chart Detail,22500126,64,1628370,Malik Monk,1610612758,Sacramento Kings,1,5,57,Missed Shot,Jump Shot,3PT Field Goal,Above the Break 3,Right Side Center(RC),24+ ft.,25,224,125,1,0,20251028,OKC,SAC,3630,0,201566|203471|203897|1627734|1628370,0,REG,2026,1610612758,,,,,
2250012672,,Shot Chart Detail,22500126,72,1627734,Domantas Sabonis,1610612758,Sacramento Kings,1,5,19,Made Shot,Cutting Dunk Shot,2PT Field Goal,Restricted Area,Center(C),Less Than 8 ft.,2,-11,21,1,1,20251028,OKC,SAC,4010,0,201566|203471|203897|1627734|1628370,1,REG,2026,1610612758,,,,,
2250012684,,Shot Chart Detail,22500126,84,203471,Dennis Schröder,1610612758,Sacramento Kings,1,4,30,Missed Shot,Jump Shot,3PT Field Goal,Above the Break 3,Left Side Center(LC),24+ ft.,26,-164,205,1,0,20251028,OKC,SAC,4500,0,203471|203897|1627734|1628370|1631165,0,REG,2026,1610612758,,,,,
2250012688,,Shot Chart Detail,22500126,88,1631165,Keon Ellis,1610612758,Sacramento Kings,1,4,13,Made Shot,Jump Shot,2PT Field Goal,In The Paint (Non-RA),Center(C),Less Than 8 ft.,7,72,-4,1,1,20251028,OKC,SAC,4670,0,203471|203897|1627734|1628370|1631165,1,REG,2026,1610612758,,,,,
2250012696,,Shot Chart Detail,22500126,96,1631165,Keon Ellis,1610612758,Sacramento Kings,1,3,8,Missed Shot,Pullup Jump shot,2PT Field Goal,In The Paint (Non-RA),Center(C),8-16 ft.,14,-70,130,1,0,20251028,OKC,SAC,5320,0,203471|203897|1627734|1628370|1631165,0,REG,2026,1610612758,,,,,
22500126107,,Shot Chart Detail,22500126,107,1628370,Malik Monk,1610612758,Sacramento Kings,1,2,36,Missed Shot,Step Back Jump shot,3PT Field Goal,Above the Break 3,Left Side Center(LC),24+ ft.,27,-154,227,1,0,20251028,OKC,SAC,5640,0,201942|1628370|1629234|1631165|1642269,0,REG,2026,1610612758,,,,,
22500126115,,Shot Chart Detail,22500126,115,201942,DeMar DeRozan,1610612758,Sacramento Kings,1,1,46,Made Shot,Pullup Jump shot,2PT Field Goal,Mid-Range,Left Side(L),8-16 ft.,12,-115,44,1,1,20251028,OKC,SAC,6140,0,201942|1628370|1629234|1631165|1642269,1,REG,2026,1610612758,,,,,
22500126127,,Shot Chart Detail,22500126,127,201942,DeMar DeRozan,1610612758,Sacramento Kings,1,1,23,Made Shot,Pullup Jump shot,2PT Field Goal,In The Paint (Non-RA),Center(C),Less Than 8 ft.,7,67,26,1,1,20251028,OKC,SAC,6370,0,201942|1628370|1629234|1631165|1642269,0,REG,2026,1610612758,,,,,
22500126133,,Shot Chart Detail,22500126,133,1628370,Malik Monk,1610612758,Sacramento Kings,1,0,48,Made Shot,Finger Roll Layup Shot,2PT Field Goal,Restricted Area,Center(C),Less Than 8 ft.,2,-20,21,1,1,20251028,OKC,SAC,6720,0,201942|1628370|1629234|1631165|1642269,0,REG,2026,1610612758,,,,,
22500126136,,Shot Chart Detail,22500126,136,201942,DeMar DeRozan,1610612758,Sacramento Kings,1,0,7,Made Shot,Turnaround Fadeaway shot,2PT Field Goal,Mid-Range,Right Side Center(RC),16-24 ft.,16,67,155,1,1,20251028,OKC,SAC,7130,0,201942|1628370|1629234|1631165|1642269,0,REG,2026,1610612758,,,,,
22500126151,,Shot Chart Detail,22500126,151,201942,DeMar DeRozan,1610612758,Sacramento Kings,2,11,47,Made Shot,Turnaround Jump Shot,2PT Field Goal,Mid-Range,Left Side(L),8-16 ft.,15,-135,83,1,1,20251028,OKC,SAC,7330,0,201942|1628370|1629234|1631165|1642269,1,REG,2026,1610612758,,,,,
22500126154,,Shot Chart Detail,22500126,154,1631165,Keon Ellis,1610612758,Sacramento Kings,2,11,13,Made Shot,Jump Shot,3PT Field Goal,Right Corner 3,Right Side(R),24+ ft.,23,232,8,1,1,20251028,OKC,SAC,7670,0,201942|1628370|1629234|1631165|1642269,1,REG,2026,1610612758,,,,,
22500126158,,Shot Chart Detail,22500126,158,1631165,Keon Ellis,1610612758,Sacramento Kings,2,10,54,Missed Shot,Jump Shot,3PT Field Goal,Right Corner 3,Right Side(R),24+ ft.,22,229,-14,1,0,20251028,OKC,SAC,7860,0,201942|1628370|1629234|1631165|1642269,0,REG,2026,1610612758,,,,,
22500126167,,Shot Chart Detail,22500126,167,201942,DeMar DeRozan,1610612758,Sacramento Kings,2,10,31,Missed Shot,Jump Shot,2PT Field Goal,Mid-Range,Right Side Center(RC),16-24 ft.,20,127,162,1,0,20251028,OKC,SAC,8090,0,201566|201942|1628370|1629234|1642269,0,REG,2026,1610612758,,,,,
22500126169,,Shot Chart Detail,22500126,169,201942,DeMar DeRozan,1610612758,Sacramento Kings,2,10,23,Missed Shot,Jump Shot,3PT Field Goal,Above the Break 3,Center(C),24+ ft.,26,81,252,1,0,20251028,OKC,SAC,8170,0,201566|201942|1628370|1629234|1642269,0,REG,2026,1610612758,,,,,
22500126191,,Shot Chart Detail,22500126,191,201566,Russell Westbrook,1610612758,Sacramento Kings,2,9,3,Missed Shot,Pullup Jump shot,2PT Field Goal,Mid-Range,Center(C),16-24 ft.,20,-1,206,1,0,20251028,OKC,SAC,8970,0,201566|201942|1628370|1629234|1642269,0,REG,2026,1610612758,,,,,
22500126193,,Shot Chart Detail,22500126,193,1642269,Devin Carter,1610612758,Sacramento Kings,2,9,0,Made Shot,Putback Dunk Shot,2PT Field Goal,Restricted Area,Center(C),Less Than 8 ft.,1,-10,13,1,1,20251028,OKC,SAC,9000,0,201566|201942|1628370|1629234|1642269,0,REG,2026,1610612758,,,,,
22500126197,,Shot Chart Detail,22500126,197,201566,Russell Westbrook,1610612758,Sacramento Kings,2,8,28,Made Shot,Layup Shot,2PT Field Goal,Restricted Area,Center(C),Less Than 8 ft.,1,-11,13,1,1,20251028,OKC,SAC,9320,0,201566|201942|1628370|1629234|1642269,1,REG,2026,1610612758,,,,,
22500126217,,Shot Chart Detail,22500126,217,201566,Russell Westbrook,1610612758,Sacramento Kings,2,7,3,Missed Shot,Jump Shot,3PT Field Goal,Above the Break 3,Left Side Center(LC),24+ ft.,25,-183,183,1,0,20251028,OKC,SAC,10170,0,201566|203897|1627734|1628370|1642269,0,REG,2026,1610612758,,,,,
22500126236,,Shot Chart Detail,22500126,236,1627734,Domantas Sabonis,1610612758,Sacramento Kings,2,5,39,Missed Shot,Cutting Layup Shot,2PT Field Goal,Restricted Area,Center(C),Less Than 8 ft.,2,-9,26,1,0,20251028,OKC,SAC,11010,0,201566|203471|203897|1627734|1628370,0,REG,2026,1610612758,,,,,
22500126239,,Shot Chart Detail,22500126,239,1627734,Domantas Sabonis,1610612758,Sacramento Kings,2,5,35,Made Shot,Tip Layup Shot,2PT Field Goal,Restricted Area,Center(C),Less Than 8 ft.,1,1,16,1,1,20251028,OKC,SAC,11050,0,201566|203471|203897|1627734|1628370,0,REG,2026,1610612758,,,,,
22500126242,,Shot Chart Detail,22500126,242,1628370,Malik Monk,1610612758,Sacramento Kings,2,5,21,Made Shot,Driving Layup Shot,2PT Field Goal,Restricted Area,Center(C),Less Than 8 ft.,1,7,12,1,1,20251028,OKC,SAC,11190,0,201566|203471|203897|1627734|1628370,1,REG,2026,1610612758,,,,,
22500126246,,Shot Chart Detail,22500126,246,203471,Dennis Schröder,1610612758,Sacramento Kings,2,4,55,Made Shot,Driving Finger Roll Layup Shot,2PT Field Goal,Restricted Area,Center(C),Less Than 8 ft.,3,0,37,1,1,20251028,OKC,SAC,11450,0,201566|203471|203897|1627734|1628370,0,REG,2026,1610612758,,,,,
22500126271,,Shot Chart Detail,22500126,271,1631165,Keon Ellis,1610612758,Sacramento Kings,2,3,42,Missed Shot,Jump Shot,3PT Field Goal,Right Corner 3,Right Side(R),24+ ft.,22,224,33,1,0,20251028,OKC,SAC,12180,0,201566|203471|203897|1627734|1631165,0,REG,2026,1610612758,,,,,
22500126275,,Shot Chart Detail,22500126,275,1631165,Keon Ellis,1610612758,Sacramento Kings,2,3,28,Made Shot,Running Layup Shot,2PT Field Goal,Restricted Area,Center(C),Less Than 8 ft.,1,-11,12,1,1,20251028,OKC,SAC,12320,0,201566|203471|203897|1627734|1631165,1,REG,2026,1610612758,,,,,
22500126294,,Shot Chart Detail,22500126,294,203897,Zach LaVine,1610612758,Sacramento Kings,2,2,12,Made Shot,Pullup Jump shot,2PT Field Goal,Mid-Range,Center(C),16-24 ft.,21,-44,207,1,1,20251028,OKC,SAC,13080,0,201942|203471|203897|1627734|1631165,0,REG,2026,1610612758,,,,,
22500126297,,Shot Chart Detail,22500126,297,203897,Zach LaVine,1610612758,Sacramento Kings,2,1,43,Made Shot,Jump Shot,3PT Field Goal,Above the Break 3,Left Side Center(LC),24+ ft.,27,-179,211,1,1,20251028,OKC,SAC,13370,0,201942|203471|203897|1627734|1631165,1,REG,2026,1610612758,,,,,
22500126301,,Shot Chart Detail,22500126,301,203897,Zach LaVine,1610612758,Sacramento Kings,2,1,23,Missed Shot,Running Layup Shot,2PT Field Goal,Restricted Area,Center(C),Less Than 8 ft.,3,-15,33,1,0,20251028,OKC,SAC,13570,0,201942|203471|203897|1627734|1631165,0,REG,2026,1610612758,,,,,
22500126307,,Shot Chart Detail,22500126,307,1627734,Domantas Sabonis,1610612758,Sacramento Kings,2,0,48,Missed Shot,Fadeaway Jump Shot,2PT Field Goal,In The Paint (Non-RA),Center(C),Less Than 8 ft.,6,-13,67,1,0,20251028,OKC,SAC,13920,0,201942|203471|203897|1627734|1631165,0,REG,2026,1610612758,,,,,
22500126311,,Shot Chart Detail,22500126,311,201942,DeMar DeRozan,1610612758,Sacramento Kings,2,0,9,Made Shot,Pullup Jump shot,2PT Field Goal,Mid-Range,Center(C),16-24 ft.,20,-34,199,1,1,20251028,OKC,SAC,14310,0,201942|203471|203897|1627734|1631165,1,REG,2026,1610612758,,,,,
22500126321,,Shot Chart Detail,22500126,321,201566,Russell Westbrook,1610612758,Sacramento Kings,3,11,46,Made Shot,Driving Layup Shot,2PT Field Goal,Restricted Area,Center(C),Less Than 8 ft.,1,7,-12,1,1,20251028,OKC,SAC,14540,0,201566|201942|203471|203897|1627734,1,REG,2026,1610612758,,,,,
22500126325,,Shot Chart Detail,22500126,325,203897,Zach LaVine,1610612758,Sacramento Kings,3,11,22,Made Shot,Jump Shot,3PT Field Goal,Right Corner 3,Right Side(R),24+ ft.,22,228,5,1,1,20251028,OKC,SAC,14780,0,201566|201942|203471|203897|1627734,1,REG,2026,1610612758,,,,,
22500126329,,Shot Chart Detail,22500126,329,1627734,Domantas Sabonis,1610612758,Sacramento Kings,3,10,45,Missed Shot,Layup Shot,2PT Field Goal,Restricted Area,Center(C),Less Than 8 ft.,1,-7,10,1,0,20251028,OKC,SAC,15150,0,201566|201942|203471|203897|1627734,0,REG,2026,1610612758,,,,,
22500126331,,Shot Chart Detail,22500126,331,1627734,Domantas Sabonis,1610612758,Sacramento Kings,3,10,43,Missed Shot,Putback Layup Shot,2PT Field Goal,Restricted Area,Center(C),Less Than 8 ft.,1,-2,19,1,0,20251028,OKC,SAC,15170,0,201566|201942|203471|203897|1627734,0,REG,2026,1610612758,,,,,
22500126354,,Shot Chart Detail,22500126,354,201942,DeMar DeRozan,1610612758,Sacramento Kings,3,9,44,Made Shot,Pullup Jump shot,2PT Field Goal,Mid-Range,Center(C),8-16 ft.,14,15,140,1,1,20251028,OKC,SAC,15760,0,201566|201942|203471|203897|1627734,1,REG,2026,1610612758,,,,,
22500126358,,Shot Chart Detail,22500126,358,201566,Russell Westbrook,1610612758,Sacramento Kings,3,9,15,Missed Shot,Driving Finger Roll Layup Shot,2PT Field Goal,Restricted Area,Center(C),Less Than 8 ft.,0,7,5,1,0,20251028,OKC,SAC,16050,0,201566|201942|203471|203897|1627734,0,REG,2026,1610612758,,,,,
22500126366,,Shot Chart Detail,22500126,366,203897,Zach LaVine,1610612758,Sacramento Kings,3,8,27,Missed Shot,Jump Shot,2PT Field Goal,Mid-Range,Left Side Center(LC),16-24 ft.,23,-156,177,1,0,20251028,OKC,SAC,16530,0,201566|201942|203471|203897|1627734,0,REG,2026,1610612758,,,,,
22500126368,,Shot Chart Detail,22500126,368,201566,Russell Westbrook,1610612758,Sacramento Kings,3,8,22,Missed Shot,Putback Layup Shot,2PT Field Goal,Restricted Area,Center(C),Less Than 8 ft.,1,10,-17,1,0,20251028,OKC,SAC,16580,0,201566|201942|203471|203897|1627734,0,REG,2026,1610612758,,,,,
22500126373,,Shot Chart Detail,22500126,373,203471,Dennis Schröder,1610612758,Sacramento Kings,3,8,14,Missed Shot,Driving Floating Jump Shot,2PT Field Goal,Restricted Area,Center(C),Less Than 8 ft.,2,-27,-10,1,0,20251028,OKC,SAC,16660,0,201566|201942|203471|203897|1627734,0,REG,2026,1610612758,,,,,
22500126380,,Shot Chart Detail,22500126,380,1627734,Domantas Sabonis,1610612758,Sacramento Kings,3,7,46,Missed Shot,Layup Shot,2PT Field Goal,Restricted Area,Center(C),Less Than 8 ft.,2,-17,14,1,0,20251028,OKC,SAC,16940,0,201942|203471|203897|1627734|1631165,0,REG,2026,1610612758,,,,,
22500126386,,Shot Chart Detail,22500126,386,1631165,Keon Ellis,1610612758,Sacramento Kings,3,7,29,Missed Shot,Layup Shot,2PT Field Goal,Restricted Area,Center(C),Less Than 8 ft.,1,13,-1,1,0,20251028,OKC,SAC,17110,0,201942|203471|203897|1627734|1631165,0,REG,2026,1610612758,,,,,
22500126394,,Shot Chart Detail,22500126,394,1631165,Keon Ellis,1610612758,Sacramento Kings,3,7,2,Made Shot,Jump Shot,3PT Field Goal,Above the Break 3,Center(C),24+ ft.,25,62,251,1,1,20251028,OKC,SAC,17380,0,201942|203471|203897|1627734|1631165,1,REG,2026,1610612758,,,,,
22500126398,,Shot Chart Detail,22500126,398,203897,Zach LaVine,1610612758,Sacramento Kings,3,6,35,Missed Shot,Driving Hook Shot,2PT Field Goal,In The Paint (Non-RA),Center(C),Less Than 8 ft.,4,-42,-11,1,0,20251028,OKC,SAC,17650,0,201942|203471|203897|1627734|1631165,0,REG,2026,1610612758,,,,,
22500126401,,Shot Chart Detail,22500126,401,1627734,Domantas Sabonis,1610612758,Sacramento Kings,3,6,31,Made Shot,Putback Layup Shot,2PT Field Goal,Restricted Area,Center(C),Less Than 8 ft.,0,1,-5,1,1,20251028,OKC,SAC,17690,0,201942|203471|203897|1627734|1631165,0,REG,2026,1610612758,,,,,
22500126404,,Shot Chart Detail,22500126,404,203897,Zach LaVine,1610612758,Sacramento Kings,3,6,8,Missed Shot,Cutting Layup Shot,2PT Field Goal,Restricted Area,Center(C),Less Than 8 ft.,1,13,6,1,0,20251028,OKC,SAC,17920,0,201942|203471|203897|1627734|1631165,0,REG,2026,1610612758,,,,,
22500126422,,Shot Chart Detail,22500126,422,203897,Zach LaVine,1610612758,Sacramento Kings,3,5,14,Missed Shot,Driving Layup Shot,2PT Field Goal,Restricted Area,Center(C),Less Than 8 ft.,1,-5,11,1,0,20251028,OKC,SAC,18460,0,203471|203897|1627734|1628370|1631165,0,REG,2026,1610612758,,,,,
22500126427,,Shot Chart Detail,22500126,427,203471,Dennis Schröder,1610612758,Sacramento Kings,3,4,44,Made Shot,Pullup Jump shot,2PT Field Goal,Mid-Range,Right Side Center(RC),16-24 ft.,20,130,164,1,1,20251028,OKC,SAC,18760,0,203471|203897|1627734|1628370|1631165,0,REG,2026,1610612758,,,,,
22500126435,,Shot Chart Detail,22500126,435,203471,Dennis Schröder,1610612758,Sacramento Kings,3,4,11,Made Shot,Pullup Jump shot,2PT Field Goal,In The Paint (Non-RA),Center(C),8-16 ft.,14,47,132,1,1,20251028,OKC,SAC,19090,0,203471|203897|1627734|1628370|1631165,0,REG,2026,1610612758,,,,,
22500126440,,Shot Chart Detail,22500126,440,203471,Dennis Schröder,1610612758,Sacramento Kings,3,3,44,Missed Shot,Running Jump Shot,3PT Field Goal,Above the Break 3,Right Side Center(RC),24+ ft.,27,151,230,1,0,20251028,OKC,SAC,19360,0,203471|203897|1627734|1628370|1631165,0,REG,2026,1610612758,,,,,
22500126455,,Shot Chart Detail,22500126,455,201942,DeMar DeRozan,1610612758,Sacramento Kings,3,3,11,Missed Shot,Turnaround Jump Shot,2PT Field Goal,In The Paint (Non-RA),Center(C),8-16 ft.,13,-29,134,1,0,20251028,OKC,SAC,19690,0,201566|201942|1628370|1629234|1631165,0,REG,2026,1610612758,,,,,
22500126460,,Shot Chart Detail,22500126,460,1631165,Keon Ellis,1610612758,Sacramento Kings,3,2,49,Missed Shot,Jump Shot,3PT Field Goal,Above the Break 3,Right Side Center(RC),24+ ft.,25,82,242,1,0,20251028,OKC,SAC,19910,0,201566|201942|1628370|1629234|1631165,0,REG,2026,1610612758,,,,,
22500126463,,Shot Chart Detail,22500126,463,201942,DeMar DeRozan,1610612758,Sacramento Kings,3,2,20,Missed Shot,Jump Shot,3PT Field Goal,Right Corner 3,Right Side(R),24+ ft.,23,230,31,1,0,20251028,OKC,SAC,20200,0,201566|201942|1628370|1629234|1631165,0,REG,2026,1610612758,,,,,
22500126467,,Shot Chart Detail,22500126,467,1628370,Malik Monk,1610612758,Sacramento Kings,3,1,45,Missed Shot,Driving Layup Shot,2PT Field Goal,In The Paint (Non-RA),Center(C),Less Than 8 ft.,4,-43,19,1,0,20251028,OKC,SAC,20550,0,201566|201942|1628370|1629234|1631165,0,REG,2026,1610612758,,,,,
22500126472,,Shot Chart Detail,22500126,472,201566,Russell Westbrook,1610612758,Sacramento Kings,3,1,19,Missed Shot,Jump Shot,3PT Field Goal,Above the Break 3,Left Side Center(LC),24+ ft.,25,-92,235,1,0,20251028,OKC,SAC,20810,0,201566|201942|1628370|1629234|1631165,0,REG,2026,1610612758,,,,,
22500126482,,Shot Chart Detail,22500126,482,201942,DeMar DeRozan,1610612758,Sacramento Kings,3,0,33,Missed Shot,Pullup Jump shot,2PT Field Goal,Mid-Range,Center(C),8-16 ft.,14,-11,147,1,0,20251028,OKC,SAC,21270,0,201566|201942|1628370|1629234|1631165,0,REG,2026,1610612758,,,,,
22500126497,,Shot Chart Detail,22500126,497,201566,Russell Westbrook,1610612758,Sacramento Kings,3,0,0,Missed Shot,Pullup Jump shot,3PT Field Goal,Above the Break 3,Center(C),24+ ft.,33,-25,331,1,0,20251028,OKC,SAC,21600,0,201566|201942|1629234|1631165|1642269,0,REG,2026,1610612758,,,,,
22500126522,,Shot Chart Detail,22500126,522,201942,DeMar DeRozan,1610612758,Sacramento Kings,4,11,9,Made Shot,Turnaround Fadeaway shot,2PT Field Goal,Mid-Range,Right Side(R),16-24 ft.,16,161,19,1,1,20251028,OKC,SAC,22110,0,201566|201942|1628370|1629234|1631165,0,REG,2026,1610612758,,,,,
22500126532,,Shot Chart Detail,22500126,532,201566,Russell Westbrook,1610612758,Sacramento Kings,4,10,36,Made Shot,Pullup Jump shot,3PT Field Goal,Above the Break 3,Left Side Center(LC),24+ ft.,24,-134,209,1,1,20251028,OKC,SAC,22440,0,201566|201942|1628370|1629234|1631165,0,REG,2026,1610612758,,,,,
22500126535,,Shot Chart Detail,22500126,535,201566,Russell Westbrook,1610612758,Sacramento Kings,4,10,14,Missed Shot,Running Layup Shot,2PT Field Goal,In The Paint (Non-RA),Center(C),Less Than 8 ft.,5,54,16,1,0,20251028,OKC,SAC,22660,0,201566|201942|1628370|1629234|1631165,0,REG,2026,1610612758,,,,,
22500126545,,Shot Chart Detail,22500126,545,1628370,Malik Monk,1610612758,Sacramento Kings,4,9,44,Missed Shot,Jump Shot,3PT Field Goal,Above the Break 3,Left Side Center(LC),24+ ft.,25,-178,183,1,0,20251028,OKC,SAC,22960,0,201566|203897|1627734|1628370|1631165,0,REG,2026,1610612758,,,,,
22500126550,,Shot Chart Detail,22500126,550,203897,Zach LaVine,1610612758,Sacramento Kings,4,8,56,Missed Shot,Jump Shot,3PT Field Goal,Above the Break 3,Left Side Center(LC),24+ ft.,27,-102,251,1,0,20251028,OKC,SAC,23440,0,201566|203897|1627734|1628370|1631165,0,REG,2026,1610612758,,,,,
22500126555,,Shot Chart Detail,22500126,555,1628370,Malik Monk,1610612758,Sacramento Kings,4,8,5,Made Shot,Turnaround Jump Shot,2PT Field Goal,In The Paint (Non-RA),Left Side(L),8-16 ft.,10,-80,64,1,1,20251028,OKC,SAC,23950,0,201566|203897|1627734|1628370|1631165,1,REG,2026,1610612758,,,,,
22500126573,,Shot Chart Detail,22500126,573,203897,Zach LaVine,1610612758,Sacramento Kings,4,7,16,Made Shot,Alley Oop Layup shot,2PT Field Goal,Restricted Area,Center(C),Less Than 8 ft.,1,-13,-5,1,1,20251028,OKC,SAC,24440,0,203471|203897|1627734|1628370|1631165,1,REG,2026,1610612758,,,,,
22500126577,,Shot Chart Detail,22500126,577,203897,Zach LaVine,1610612758,Sacramento Kings,4,6,37,Made Shot,Jump Shot,3PT Field Goal,Above the Break 3,Left Side Center(LC),24+ ft.,25,-154,201,1,1,20251028,OKC,SAC,24830,0,203471|203897|1627734|1628370|1631165,0,REG,2026,1610612758,,,,,
22500126592,,Shot Chart Detail,22500126,592,1627734,Domantas Sabonis,1610612758,Sacramento Kings,4,5,37,Missed Shot,Layup Shot,2PT Field Goal,Restricted Area,Center(C),Less Than 8 ft.,2,-21,1,1,0,20251028,OKC,SAC,25430,0,201942|203471|203897|1627734|1631165,0,REG,2026,1610612758,,,,,
22500126598,,Shot Chart Detail,22500126,598,203897,Zach LaVine,1610612758,Sacramento Kings,4,5,32,Missed Shot,Pullup Jump shot,3PT Field Goal,Above the Break 3,Center(C),24+ ft.,26,-9,261,1,0,20251028,OKC,SAC,25480,0,201942|203471|203897|1627734|1631165,0,REG,2026,1610612758,,,,,
22500126604,,Shot Chart Detail,22500126,604,1631165,Keon Ellis,1610612758,Sacramento Kings,4,4,36,Missed Shot,Jump Shot,2PT Field Goal,In The Paint (Non-RA),Center(C),Less Than 8 ft.,7,13,73,1,0,20251028,OKC,SAC,26040,0,201942|203471|203897|1627734|1631165,0,REG,2026,1610612758,,,,,
22500126613,,Shot Chart Detail,22500126,613,201942,DeMar DeRozan,1610612758,Sacramento Kings,4,4,14,Missed Shot,Layup Shot,2PT Field Goal,In The Paint (Non-RA),Center(C),Less Than 8 ft.,5,-53,4,1,0,20251028,OKC,SAC,26260,0,201566|201942|203471|203897|1627734,0,REG,2026,1610612758,,,,,
22500126626,,Shot Chart Detail,22500126,626,203471,Dennis Schröder,1610612758,Sacramento Kings,4,3,40,Missed Shot,Pullup Jump shot,2PT Field Goal,In The Paint (Non-RA),Center(C),8-16 ft.,13,42,127,1,0,20251028,OKC,SAC,26600,0,201566|201942|203471|203897|1627734,0,REG,2026,1610612758,,,,,
22500126631,,Shot Chart Detail,22500126,631,201942,DeMar DeRozan,1610612758,Sacramento Kings,4,3,18,Missed Shot,Pullup Jump shot,2PT Field Goal,Mid-Range,Left Side Center(LC),16-24 ft.,17,-85,151,1,0,20251028,OKC,SAC,26820,0,201566|201942|203471|203897|1627734,0,REG,2026,1610612758,,,,,
22500126637,,Shot Chart Detail,22500126,637,201566,Russell Westbrook,1610612758,Sacramento Kings,4,2,44,Missed Shot,Jump Shot,3PT Field Goal,Above the Break 3,Left Side Center(LC),24+ ft.,24,-197,142,1,0,20251028,OKC,SAC,27160,0,201566|201942|203471|203897|1627734,0,REG,2026,1610612758,,,,,
22500126641,,Shot Chart Detail,22500126,641,1627734,Domantas Sabonis,1610612758,Sacramento Kings,4,2,5,Missed Shot,Jump Shot,3PT Field Goal,Above the Break 3,Center(C),24+ ft.,24,-4,246,1,0,20251028,OKC,SAC,27550,0,201566|201942|203471|203897|1627734,0,REG,2026,1610612758,,,,,
22500126666,,Shot Chart Detail,22500126,666,1627734,Domantas Sabonis,1610612758,Sacramento Kings,4,0,36,Made Shot,Cutting Layup Shot,2PT Field Goal,Restricted Area,Center(C),Less Than 8 ft.,1,-12,-2,1,1,20251028,OKC,SAC,28440,0,201942|203471|203897|1627734|1628370,1,REG,2026,1610612758,,,,,
22500126669,,Shot Chart Detail,22500126,669,203471,Dennis Schröder,1610612758,Sacramento Kings,4,0,10,Missed Shot,Pullup Jump shot,3PT Field Goal,Above the Break 3,Left Side Center(LC),24+ ft.,25,-142,214,1,0,20251028,OKC,SAC,28700,0,201942|203471|203897|1627734|1628370,0,REG,2026,1610612758,,,,,
225001329,,Shot Chart Detail,22500132,9,203897,Zach LaVine,1610612758,Sacramento Kings,1,11,37,Missed Shot,Jump Shot,3PT Field Goal,Right Corner 3,Right Side(R),24+ ft.,23,233,-24,1,0,20251029,CHI,SAC,230,0,201566|201942|203471|203897|1627734,0,REG,2026,1610612758,,,,,
2250013213,,Shot Chart Detail,22500132,13,1627734,Domantas Sabonis,1610612758,Sacramento Kings,1,11,18,Made Shot,Running Layup Shot,2PT Field Goal,Restricted Area,Center(C),Less Than 8 ft.,0,-7,1,1,1,20251029,CHI,SAC,420,0,201566|201942|203471|203897|1627734,1,REG,2026,1610612758,,,,,
2250013219,,Shot Chart Detail,22500132,19,201942,DeMar DeRozan,1610612758,Sacramento Kings,1,10,35,Made Shot,Pullup Jump shot,2PT Field Goal,Mid-Range,Center(C),16-24 ft.,20,58,196,1,1,20251029,CHI,SAC,850,0,201566|201942|203471|203897|1627734,1,REG,2026,1610612758,,,,,
2250013223,,Shot Chart Detail,22500132,23,203897,Zach LaVine,1610612758,Sacramento Kings,1,10,12,Made Shot,Running Layup Shot,2PT Field Goal,Restricted Area,Center(C),Less Than 8 ft.,1,15,-6,1,1,20251029,CHI,SAC,1080,0,201566|201942|203471|203897|1627734,1,REG,2026,1610612758,,,,,
2250013227,,Shot Chart Detail,22500132,27,201566,Russell Westbrook,1610612758,Sacramento Kings,1,9,41,Made Shot,Driving Layup Shot,2PT Field Goal,Restricted Area,Center(C),Less Than 8 ft.,1,-13,5,1,1,20251029,CHI,SAC,1390,0,201566|201942|203471|203897|1627734,0,REG,2026,1610612758,,,,,
2250013230,,Shot Chart Detail,22500132,30,201566,Russell Westbrook,1610612758,Sacramento Kings,1,9,18,Missed Shot,Jump Shot,3PT Field Goal,Right Corner 3,Right Side(R),24+ ft.,22,229,1,1,0,20251029,CHI,SAC,1620,0,201566|201942|203471|203897|1627734,0,REG,2026,1610612758,,,,,
2250013234,,Shot Chart Detail,22500132,34,201566,Russell Westbrook,1610612758,Sacramento Kings,1,8,50,Missed Shot,Jump Shot,3PT Field Goal,Right Corner 3,Right Side(R),24+ ft.,23,233,49,1,0,20251029,CHI,SAC,1900,0,201566|201942|203471|203897|1627734,0,REG,2026,1610612758,,,,,
2250013240,,Shot Chart Detail,22500132,40,1627734,Domantas Sabonis,1610612758,Sacramento Kings,1,8,17,Made Shot,Driving Layup Shot,2PT Field Goal,Restricted Area,Center(C),Less Than 8 ft.,0,5,4,1,1,20251029,CHI,SAC,2230,0,201566|201942|203471|203897|1627734,0,REG,2026,1610612758,,,,,
2250013243,,Shot Chart Detail,22500132,43,203897,Zach LaVine,1610612758,Sacramento Kings,1,7,56,Made Shot,Pullup Jump shot,2PT Field Goal,Mid-Range,Right Side(R),8-16 ft.,13,136,-4,1,1,20251029,CHI,SAC,2440,0,201566|201942|203471|203897|1627734,1,REG,2026,1610612758,,,,,
2250013251,,Shot Chart Detail,22500132,51,203897,Zach LaVine,1610612758,Sacramento Kings,1,7,1,Missed Shot,Jump Shot,3PT Field Goal,Above the Break 3,Left Side Center(LC),24+ ft.,26,-200,174,1,0,20251029,CHI,SAC,2990,0,201566|201942|203471|203897|1627734,0,REG,2026,1610612758,,,,,
2250013269,,Shot Chart Detail,22500132,69,1631165,Keon Ellis,1610612758,Sacramento Kings,1,6,0,Missed Shot,Running Jump Shot,3PT Field Goal,Right Corner 3,Right Side(R),24+ ft.,23,229,-22,1,0,20251029,CHI,SAC,3600,0,201942|203471|203897|1627734|1631165,0,REG,2026,1610612758,,,,,
2250013272,,Shot Chart Detail,22500132,72,1627734,Domantas Sabonis,1610612758,Sacramento Kings,1,5,29,Missed Shot,Jump Shot,3PT Field Goal,Above the Break 3,Center(C),24+ ft.,25,58,248,1,0,20251029,CHI,SAC,3910,0,201942|203471|203897|1627734|1631165,0,REG,2026,1610612758,,,,,
2250013283,,Shot Chart Detail,22500132,83,1628370,Malik Monk,1610612758,Sacramento Kings,1,4,50,Made Shot,Jump Shot,3PT Field Goal,Above the Break 3,Center(C),24+ ft.,27,-28,274,1,1,20251029,CHI,SAC,4300,0,203471|203897|1627734|1628370|1631165,1,REG,2026,1610612758,,,,,
2250013286,,Shot Chart Detail,22500132,86,1627734,Domantas Sabonis,1610612758,Sacramento Kings,1,4,22,Made Shot,Driving Dunk Shot,2PT Field Goal,Restricted Area,Center(C),Less Than 8 ft.,0,-4,7,1,1,20251029,CHI,SAC,4580,0,203471|203897|1627734|1628370|1631165,1,REG,2026,1610612758,,,,,
22500132102,,Shot Chart Detail,22500132,102,203897,Zach LaVine,1610612758,Sacramento Kings,1,4,5,Made Shot,Step Back Jump shot,3PT Field Goal,Above the Break 3,Left Side Center(LC),24+ ft.,26,-104,248,1,1,20251029,CHI,SAC,4750,0,201566|203897|1628370|1629234|1631165,1,REG,2026,1610612758,,,,,
22500132107,,Shot Chart Detail,22500132,107,1631165,Keon Ellis,1610612758,Sacramento Kings,1,3,31,Made Shot,Running Dunk Shot,2PT Field Goal,Restricted Area,Center(C),Less Than 8 ft.,1,7,12,1,1,20251029,CHI,SAC,5090,0,201566|203897|1628370|1629234|1631165,1,REG,2026,1610612758,,,,,
22500132115,,Shot Chart Detail,22500132,115,1629234,Drew Eubanks,1610612758,Sacramento Kings,1,2,55,Made Shot,Running Dunk Shot,2PT Field Goal,Restricted Area,Center(C),Less Than 8 ft.,0,-2,2,1,1,20251029,CHI,SAC,5450,0,201566|203897|1628370|1629234|1631165,1,REG,2026,1610612758,,,,,
22500132126,,Shot Chart Detail,22500132,126,1628370,Malik Monk,1610612758,Sacramento Kings,1,2,24,Made Shot,Driving Dunk Shot,2PT Field Goal,Restricted Area,Center(C),Less Than 8 ft.,0,7,4,1,1,20251029,CHI,SAC,5760,0,201566|203897|1628370|1629234|1642269,0,REG,2026,1610612758,,,,,
22500132132,,Shot Chart Detail,22500132,132,1629234,Drew Eubanks,1610612758,Sacramento Kings,1,1,54,Made Shot,Cutting Dunk Shot,2PT Field Goal,Restricted Area,Center(C),Less Than 8 ft.,1,6,10,1,1,20251029,CHI,SAC,6060,0,201566|201942|1628370|1629234|1642269,1,REG,2026,1610612758,,,,,
22500132136,,Shot Chart Detail,22500132,136,201566,Russell Westbrook,1610612758,Sacramento Kings,1,1,22,Made Shot,Jump Shot,3PT Field Goal,Left Corner 3,Left Side(L),24+ ft.,22,-225,-6,1,1,20251029,CHI,SAC,6380,0,201566|201942|1628370|1629234|1642269,1,REG,2026,1610612758,,,,,
22500132144,,Shot Chart Detail,22500132,144,201942,DeMar DeRozan,1610612758,Sacramento Kings,1,0,30,Made Shot,Driving Floating Bank Jump Shot,2PT Field Goal,Restricted Area,Center(C),Less Than 8 ft.,3,-31,18,1,1,20251029,CHI,SAC,6900,0,201566|201942|1628370|1629234|1642269,0,REG,2026,1610612758,,,,,
22500132160,,Shot Chart Detail,22500132,160,201942,DeMar DeRozan,1610612758,Sacramento Kings,2,11,34,Missed Shot,Jump Shot,2PT Field Goal,Mid-Range,Left Side(L),16-24 ft.,21,-211,-18,1,0,20251029,CHI,SAC,7460,0,201566|201942|1628370|1629234|1642269,0,REG,2026,1610612758,,,,,
22500132162,,Shot Chart Detail,22500132,162,201942,DeMar DeRozan,1610612758,Sacramento Kings,2,11,15,Missed Shot,Pullup Jump shot,2PT Field Goal,Mid-Range,Left Side(L),8-16 ft.,15,-130,75,1,0,20251029,CHI,SAC,7650,0,201566|201942|1628370|1629234|1642269,0,REG,2026,1610612758,,,,,
22500132166,,Shot Chart Detail,22500132,166,1628370,Malik Monk,1610612758,Sacramento Kings,2,11,1,Made Shot,Running Finger Roll Layup Shot,2PT Field Goal,Restricted Area,Center(C),Less Than 8 ft.,0,1,5,1,1,20251029,CHI,SAC,7790,0,201566|201942|1628370|1629234|1642269,0,REG,2026,1610612758,,,,,
22500132173,,Shot Chart Detail,22500132,173,201942,DeMar DeRozan,1610612758,Sacramento Kings,2,10,26,Made Shot,Turnaround Jump Shot,2PT Field Goal,Mid-Range,Left Side(L),8-16 ft.,13,-131,-3,1,1,20251029,CHI,SAC,8140,0,201566|201942|1628370|1629234|1642269,0,REG,2026,1610612758,,,,,
22500132183,,Shot Chart Detail,22500132,183,1628370,Malik Monk,1610612758,Sacramento Kings,2,9,58,Missed Shot,Pullup Jump shot,3PT Field Goal,Above the Break 3,Center(C),24+ ft.,26,66,256,1,0,20251029,CHI,SAC,8420,0,201566|201942|1628370|1629234|1642269,0,REG,2026,1610612758,,,,,
22500132192,,Shot Chart Detail,22500132,192,201566,Russell Westbrook,1610612758,Sacramento Kings,2,9,36,Made Shot,Driving Finger Roll Layup Shot,2PT Field Goal,Restricted Area,Center(C),Less Than 8 ft.,1,13,11,1,1,20251029,CHI,SAC,8640,0,201566|201942|1628370|1629234|1642269,0,REG,2026,1610612758,,,,,
22500132199,,Shot Chart Detail,22500132,199,1642269,Devin Carter,1610612758,Sacramento Kings,2,9,11,Missed Shot,Driving Layup Shot,2PT Field Goal,Restricted Area,Center(C),Less Than 8 ft.,3,-15,28,1,0,20251029,CHI,SAC,8890,0,201566|201942|1628370|1629234|1642269,0,REG,2026,1610612758,,,,,
22500132663,,Shot Chart Detail,22500132,663,1642269,Devin Carter,1610612758,Sacramento Kings,2,8,52,Missed Shot,Jump Shot,3PT Field Goal,Above the Break 3,Left Side Center(LC),24+ ft.,28,-178,217,1,0,20251029,CHI,SAC,9080,0,201566|201942|1628370|1629234|1642269,0,REG,2026,1610612758,,,,,
22500132213,,Shot Chart Detail,22500132,213,201566,Russell Westbrook,1610612758,Sacramento Kings,2,8,41,Made Shot,Driving Layup Shot,2PT Field Goal,Restricted Area,Center(C),Less Than 8 ft.,0,-5,0,1,1,20251029,CHI,SAC,9190,0,201566|201942|1628370|1629234|1642269,0,REG,2026,1610612758,,,,,
22500132225,,Shot Chart Detail,22500132,225,1628370,Malik Monk,1610612758,Sacramento Kings,2,8,5,Made Shot,Turnaround Jump Shot,2PT Field Goal,Mid-Range,Right Side(R),8-16 ft.,14,88,111,1,1,20251029,CHI,SAC,9550,0,201566|201942|203471|1627734|1628370,1,REG,2026,1610612758,,,,,
22500132229,,Shot Chart Detail,22500132,229,1627734,Domantas Sabonis,1610612758,Sacramento Kings,2,7,38,Made Shot,Cutting Layup Shot,2PT Field Goal,Restricted Area,Center(C),Less Than 8 ft.,0,-7,7,1,1,20251029,CHI,SAC,9820,0,201566|201942|203471|1627734|1628370,1,REG,2026,1610612758,,,,,
22500132240,,Shot Chart Detail,22500132,240,1628370,Malik Monk,1610612758,Sacramento Kings,2,7,19,Made Shot,Running Dunk Shot,2PT Field Goal,Restricted Area,Center(C),Less Than 8 ft.,1,12,0,1,1,20251029,CHI,SAC,10010,0,203471|203897|1627734|1628370|1631165,1,REG,2026,1610612758,,,,,
22500132243,,Shot Chart Detail,22500132,243,203471,Dennis Schröder,1610612758,Sacramento Kings,2,6,48,Missed Shot,Driving Floating Jump Shot,2PT Field Goal,In The Paint (Non-RA),Center(C),Less Than 8 ft.,5,47,27,1,0,20251029,CHI,SAC,10320,0,203471|203897|1627734|1628370|1631165,0,REG,2026,1610612758,,,,,
22500132248,,Shot Chart Detail,22500132,248,1627734,Domantas Sabonis,1610612758,Sacramento Kings,2,6,19,Made Shot,Driving Layup Shot,2PT Field Goal,Restricted Area,Center(C),Less Than 8 ft.,1,5,17,1,1,20251029,CHI,SAC,10610,0,203471|203897|1627734|1628370|1631165,0,REG,2026,1610612758,,,,,
22500132250,,Shot Chart Detail,22500132,250,203897,Zach LaVine,1610612758,Sacramento Kings,2,5,39,Made Shot,Driving Layup Shot,2PT Field Goal,Restricted Area,Center(C),Less Than 8 ft.,0,-4,4,1,1,20251029,CHI,SAC,11010,0,203471|203897|1627734|1628370|1631165,1,REG,2026,1610612758,,,,,
22500132261,,Shot Chart Detail,22500132,261,1627734,Domantas Sabonis,1610612758,Sacramento Kings,2,5,1,Made Shot,Cutting Dunk Shot,2PT Field Goal,Restricted Area,Center(C),Less Than 8 ft.,1,7,10,1,1,20251029,CHI,SAC,11390,0,203471|203897|1627734|1628370|1631165,1,REG,2026,1610612758,,,,,
22500132265,,Shot Chart Detail,22500132,265,203897,Zach LaVine,1610612758,Sacramento Kings,2,4,34,Made Shot,Pullup Jump shot,3PT Field Goal,Above the Break 3,Right Side Center(RC),24+ ft.,25,131,214,1,1,20251029,CHI,SAC,11660,0,203471|203897|1627734|1628370|1631165,1,REG,2026,1610612758,,,,,
22500132269,,Shot Chart Detail,22500132,269,203897,Zach LaVine,1610612758,Sacramento Kings,2,4,13,Made Shot,Running Layup Shot,2PT Field Goal,Restricted Area,Center(C),Less Than 8 ft.,1,17,1,1,1,20251029,CHI,SAC,11870,0,203471|203897|1627734|1628370|1631165,1,REG,2026,1610612758,,,,,
22500132274,,Shot Chart Detail,22500132,274,203471,Dennis Schröder,1610612758,Sacramento Kings,2,3,38,Missed Shot,Floating Jump shot,2PT Field Goal,In The Paint (Non-RA),Center(C),Less Than 8 ft.,7,4,70,1,0,20251029,CHI,SAC,12220,0,203471|203897|1627734|1628370|1631165,0,REG,2026,1610612758,,,,,
22500132283,,Shot Chart Detail,22500132,283,203897,Zach LaVine,1610612758,Sacramento Kings,2,3,15,Made Shot,Driving Dunk Shot,2PT Field Goal,Restricted Area,Center(C),Less Than 8 ft.,0,1,5,1,1,20251029,CHI,SAC,12450,0,201566|201942|203471|203897|1627734,1,REG,2026,1610612758,,,,,
22500132294,,Shot Chart Detail,22500132,294,203897,Zach LaVine,1610612758,Sacramento Kings,2,2,47,Missed Shot,Pullup Jump shot,3PT Field Goal,Above the Break 3,Center(C),24+ ft.,29,-36,288,1,0,20251029,CHI,SAC,12730,0,201942|203471|203897|1627734|1631165,0,REG,2026,1610612758,,,,,
22500132303,,Shot Chart Detail,22500132,303,1631165,Keon Ellis,1610612758,Sacramento Kings,2,2,7,Made Shot,Running Dunk Shot,2PT Field Goal,Restricted Area,Center(C),Less Than 8 ft.,1,15,-8,1,1,20251029,CHI,SAC,13130,0,201942|203471|203897|1627734|1631165,1,REG,2026,1610612758,,,,,
22500132306,,Shot Chart Detail,22500132,306,201942,DeMar DeRozan,1610612758,Sacramento Kings,2,1,32,Missed Shot,Jump Shot,2PT Field Goal,Mid-Range,Right Side Center(RC),16-24 ft.,21,89,200,1,0,20251029,CHI,SAC,13480,0,201942|203471|203897|1627734|1631165,0,REG,2026,1610612758,,,,,
22500132310,,Shot Chart Detail,22500132,310,1627734,Domantas Sabonis,1610612758,Sacramento Kings,2,1,2,Missed Shot,Jump Shot,2PT Field Goal,In The Paint (Non-RA),Center(C),8-16 ft.,9,17,89,1,0,20251029,CHI,SAC,13780,0,201942|203471|203897|1627734|1631165,0,REG,2026,1610612758,,,,,
22500132317,,Shot Chart Detail,22500132,317,203471,Dennis Schröder,1610612758,Sacramento Kings,2,0,11,Missed Shot,Driving Finger Roll Layup Shot,2PT Field Goal,Restricted Area,Center(C),Less Than 8 ft.,0,-7,5,1,0,20251029,CHI,SAC,14290,0,201942|203471|203897|1627734|1631165,0,REG,2026,1610612758,,,,,
22500132331,,Shot Chart Detail,22500132,331,201942,DeMar DeRozan,1610612758,Sacramento Kings,3,11,42,Made Shot,Pullup Jump shot,2PT Field Goal,Mid-Range,Center(C),16-24 ft.,17,-38,171,1,1,20251029,CHI,SAC,14580,0,201566|201942|203471|203897|1627734,1,REG,2026,1610612758,,,,,
22500132335,,Shot Chart Detail,22500132,335,201942,DeMar DeRozan,1610612758,Sacramento Kings,3,11,14,Missed Shot,Jump Shot,2PT Field Goal,Mid-Range,Right Side(R),16-24 ft.,18,188,-15,1,0,20251029,CHI,SAC,14860,0,201566|201942|203471|203897|1627734,0,REG,2026,1610612758,,,,,
22500132339,,Shot Chart Detail,22500132,339,203471,Dennis Schröder,1610612758,Sacramento Kings,3,10,47,Missed Shot,Jump Shot,3PT Field Goal,Left Corner 3,Left Side(L),24+ ft.,22,-225,0,1,0,20251029,CHI,SAC,15130,0,201566|201942|203471|203897|1627734,0,REG,2026,1610612758,,,,,
22500132343,,Shot Chart Detail,22500132,343,1627734,Domantas Sabonis,1610612758,Sacramento Kings,3,10,16,Missed Shot,Floating Jump shot,2PT Field Goal,In The Paint (Non-RA),Center(C),8-16 ft.,12,-2,120,1,0,20251029,CHI,SAC,15440,0,201566|201942|203471|203897|1627734,0,REG,2026,1610612758,,,,,
22500132348,,Shot Chart Detail,22500132,348,201566,Russell Westbrook,1610612758,Sacramento Kings,3,9,40,Missed Shot,Jump Shot,3PT Field Goal,Above the Break 3,Left Side Center(LC),24+ ft.,25,-92,234,1,0,20251029,CHI,SAC,15800,0,201566|201942|203471|203897|1627734,0,REG,2026,1610612758,,,,,
22500132353,,Shot Chart Detail,22500132,353,201566,Russell Westbrook,1610612758,Sacramento Kings,3,9,7,Missed Shot,Driving Floating Bank Jump Shot,2PT Field Goal,Restricted Area,Center(C),Less Than 8 ft.,3,-15,26,1,0,20251029,CHI,SAC,16130,0,201566|201942|203471|203897|1627734,0,REG,2026,1610612758,,,,,
22500132355,,Shot Chart Detail,22500132,355,203471,Dennis Schröder,1610612758,Sacramento Kings,3,9,3,Made Shot,Jump Shot,3PT Field Goal,Above the Break 3,Right Side Center(RC),24+ ft.,25,119,224,1,1,20251029,CHI,SAC,16170,0,201566|201942|203471|203897|1627734,1,REG,2026,1610612758,,,,,
22500132363,,Shot Chart Detail,22500132,363,203471,Dennis Schröder,1610612758,Sacramento Kings,3,8,28,Missed Shot,Driving Finger Roll Layup Shot,2PT Field Goal,Restricted Area,Center(C),Less Than 8 ft.,2,10,19,1,0,20251029,CHI,SAC,16520,0,201566|201942|203471|203897|1627734,0,REG,2026,1610612758,,,,,
22500132382,,Shot Chart Detail,22500132,382,1627734,Domantas Sabonis,1610612758,Sacramento Kings,3,7,6,Missed Shot,Jump Shot,3PT Field Goal,Above the Break 3,Left Side Center(LC),24+ ft.,24,-98,226,1,0,20251029,CHI,SAC,17340,0,201942|203471|203897|1627734|1631165,0,REG,2026,1610612758,,,,,
22500132388,,Shot Chart Detail,22500132,388,1631165,Keon Ellis,1610612758,Sacramento Kings,3,6,50,Made Shot,Jump Shot,3PT Field Goal,Left Corner 3,Left Side(L),24+ ft.,22,-229,3,1,1,20251029,CHI,SAC,17500,0,201942|203471|203897|1627734|1631165,1,REG,2026,1610612758,,,,,
22500132391,,Shot Chart Detail,22500132,391,203897,Zach LaVine,1610612758,Sacramento Kings,3,6,28,Missed Shot,Driving Floating Jump Shot,2PT Field Goal,Restricted Area,Center(C),Less Than 8 ft.,3,29,26,1,0,20251029,CHI,SAC,17720,0,201942|203471|203897|1627734|1631165,0,REG,2026,1610612758,,,,,
22500132406,,Shot Chart Detail,22500132,406,203471,Dennis Schröder,1610612758,Sacramento Kings,3,5,49,Made Shot,Pullup Jump shot,2PT Field Goal,In The Paint (Non-RA),Center(C),8-16 ft.,11,48,106,1,1,20251029,CHI,SAC,18110,0,203471|203897|1628370|1629234|1631165,0,REG,2026,1610612758,,,,,
22500132410,,Shot Chart Detail,22500132,410,203471,Dennis Schröder,1610612758,Sacramento Kings,3,5,23,Missed Shot,Driving Layup Shot,2PT Field Goal,Restricted Area,Center(C),Less Than 8 ft.,1,9,8,1,0,20251029,CHI,SAC,18370,0,203471|203897|1628370|1629234|1631165,0,REG,2026,1610612758,,,,,
22500132414,,Shot Chart Detail,22500132,414,203897,Zach LaVine,1610612758,Sacramento Kings,3,5,4,Made Shot,Driving Layup Shot,2PT Field Goal,Restricted Area,Center(C),Less Than 8 ft.,1,0,11,1,1,20251029,CHI,SAC,18560,0,203471|203897|1628370|1629234|1631165,0,REG,2026,1610612758,,,,,
22500132416,,Shot Chart Detail,22500132,416,1628370,Malik Monk,1610612758,Sacramento Kings,3,4,46,Made Shot,Pullup Jump shot,2PT Field Goal,Mid-Range,Right Side Center(RC),16-24 ft.,17,138,114,1,1,20251029,CHI,SAC,18740,0,203471|203897|1628370|1629234|1631165,0,REG,2026,1610612758,,,,,
22500132419,,Shot Chart Detail,22500132,419,203897,Zach LaVine,1610612758,Sacramento Kings,3,4,6,Made Shot,Fadeaway Jump Shot,2PT Field Goal,In The Paint (Non-RA),Center(C),Less Than 8 ft.,6,-50,41,1,1,20251029,CHI,SAC,19140,0,203471|203897|1628370|1629234|1631165,0,REG,2026,1610612758,,,,,
22500132437,,Shot Chart Detail,22500132,437,1628370,Malik Monk,1610612758,Sacramento Kings,3,2,59,Missed Shot,Jump Shot,3PT Field Goal,Right Corner 3,Right Side(R),24+ ft.,22,224,11,1,0,20251029,CHI,SAC,19810,0,201566|203897|1628370|1629234|1631165,0,REG,2026,1610612758,,,,,
22500132453,,Shot Chart Detail,22500132,453,1627734,Domantas Sabonis,1610612758,Sacramento Kings,3,2,17,Made Shot,Cutting Dunk Shot,2PT Field Goal,Restricted Area,Center(C),Less Than 8 ft.,0,-4,-6,1,1,20251029,CHI,SAC,20230,0,201566|201942|1627734|1628370|1631165,1,REG,2026,1610612758,,,,,
22500132457,,Shot Chart Detail,22500132,457,201942,DeMar DeRozan,1610612758,Sacramento Kings,3,1,44,Missed Shot,Pullup Jump shot,2PT Field Goal,Mid-Range,Right Side Center(RC),16-24 ft.,22,82,209,1,0,20251029,CHI,SAC,20560,0,201566|201942|1627734|1628370|1631165,0,REG,2026,1610612758,,,,,
22500132482,,Shot Chart Detail,22500132,482,1631165,Keon Ellis,1610612758,Sacramento Kings,3,0,32,Missed Shot,Jump Shot,3PT Field Goal,Above the Break 3,Right Side Center(RC),24+ ft.,28,175,227,1,0,20251029,CHI,SAC,21280,0,201942|1627734|1628370|1631165|1642269,0,REG,2026,1610612758,,,,,
22500132531,,Shot Chart Detail,22500132,531,203897,Zach LaVine,1610612758,Sacramento Kings,4,9,39,Missed Shot,Jump Shot,3PT Field Goal,Above the Break 3,Left Side Center(LC),24+ ft.,26,-135,225,1,0,20251029,CHI,SAC,23010,0,201566|201942|203897|1629234|1642269,0,REG,2026,1610612758,,,,,
22500132549,,Shot Chart Detail,22500132,549,201566,Russell Westbrook,1610612758,Sacramento Kings,4,8,53,Missed Shot,Fadeaway Bank shot,2PT Field Goal,In The Paint (Non-RA),Center(C),Less Than 8 ft.,5,-55,11,1,0,20251029,CHI,SAC,23470,0,201566|201942|203471|203897|1627734,0,REG,2026,1610612758,,,,,
22500132551,,Shot Chart Detail,22500132,551,1627734,Domantas Sabonis,1610612758,Sacramento Kings,4,8,49,Missed Shot,Tip Layup Shot,2PT Field Goal,Restricted Area,Center(C),Less Than 8 ft.,0,0,0,1,0,20251029,CHI,SAC,23510,0,201566|201942|203471|203897|1627734,0,REG,2026,1610612758,,,,,
22500132555,,Shot Chart Detail,22500132,555,201942,DeMar DeRozan,1610612758,Sacramento Kings,4,8,31,Made Shot,Running Layup Shot,2PT Field Goal,Restricted Area,Center(C),Less Than 8 ft.,1,11,5,1,1,20251029,CHI,SAC,23690,0,201566|201942|203471|203897|1627734,0,REG,2026,1610612758,,,,,
22500132570,,Shot Chart Detail,22500132,570,1627734,Domantas Sabonis,1610612758,Sacramento Kings,4,7,40,Made Shot,Jump Shot,3PT Field Goal,Above the Break 3,Right Side Center(RC),24+ ft.,25,162,200,1,1,20251029,CHI,SAC,24200,0,201566|201942|203471|203897|1627734,1,REG,2026,1610612758,,,,,
22500132574,,Shot Chart Detail,22500132,574,203897,Zach LaVine,1610612758,Sacramento Kings,4,7,4,Made Shot,Driving Layup Shot,2PT Field Goal,Restricted Area,Center(C),Less Than 8 ft.,3,15,27,1,1,20251029,CHI,SAC,24560,0,201566|201942|203471|203897|1627734,1,REG,2026,1610612758,,,,,
22500132578,,Shot Chart Detail,22500132,578,203897,Zach LaVine,1610612758,Sacramento Kings,4,6,41,Missed Shot,Pullup Jump shot,3PT Field Goal,Above the Break 3,Right Side Center(RC),24+ ft.,26,86,246,1,0,20251029,CHI,SAC,24790,0,201566|201942|203471|203897|1627734,0,REG,2026,1610612758,,,,,
22500132582,,Shot Chart Detail,22500132,582,203897,Zach LaVine,1610612758,Sacramento Kings,4,6,20,Made Shot,Running Layup Shot,2PT Field Goal,Restricted Area,Center(C),Less Than 8 ft.,1,12,9,1,1,20251029,CHI,SAC,25000,0,201566|201942|203471|203897|1627734,1,REG,2026,1610612758,,,,,
22500132586,,Shot Chart Detail,22500132,586,203471,Dennis Schröder,1610612758,Sacramento Kings,4,5,55,Missed Shot,Running Jump Shot,3PT Field Goal,Above the Break 3,Left Side Center(LC),24+ ft.,26,-109,237,1,0,20251029,CHI,SAC,25250,0,201566|201942|203471|203897|1627734,0,REG,2026,1610612758,,,,,
22500132601,,Shot Chart Detail,22500132,601,1628370,Malik Monk,1610612758,Sacramento Kings,4,5,11,Made Shot,Driving Finger Roll Layup Shot,2PT Field Goal,Restricted Area,Center(C),Less Than 8 ft.,1,9,17,1,1,20251029,CHI,SAC,25690,0,201566|201942|203897|1627734|1628370,1,REG,2026,1610612758,,,,,
22500132611,,Shot Chart Detail,22500132,611,203897,Zach LaVine,1610612758,Sacramento Kings,4,4,7,Missed Shot,Step Back Jump shot,3PT Field Goal,Above the Break 3,Left Side Center(LC),24+ ft.,25,-105,227,1,0,20251029,CHI,SAC,26330,0,201566|201942|203897|1627734|1628370,0,REG,2026,1610612758,,,,,
22500132615,,Shot Chart Detail,22500132,615,1627734,Domantas Sabonis,1610612758,Sacramento Kings,4,3,35,Missed Shot,Jump Shot,3PT Field Goal,Right Corner 3,Right Side(R),24+ ft.,23,230,0,1,0,20251029,CHI,SAC,26650,0,201566|201942|203897|1627734|1628370,0,REG,2026,1610612758,,,,,
22500132639,,Shot Chart Detail,22500132,639,203897,Zach LaVine,1610612758,Sacramento Kings,4,1,57,Made Shot,Running Dunk Shot,2PT Field Goal,Restricted Area,Center(C),Less Than 8 ft.,0,0,-5,1,1,20251029,CHI,SAC,27630,0,203897|1628370|1629234|1631165|1642269,0,REG,2026,1610612758,,,,,
22500132645,,Shot Chart Detail,22500132,645,1628370,Malik Monk,1610612758,Sacramento Kings,4,1,16,Missed Shot,Turnaround Fadeaway shot,2PT Field Goal,In The Paint (Non-RA),Center(C),8-16 ft.,11,-10,117,1,0,20251029,CHI,SAC,28040,0,1628370|1629234|1631165|1642269|1642403,0,REG,2026,1610612758,,,,,
22500132656,,Shot Chart Detail,22500132,656,1642269,Devin Carter,1610612758,Sacramento Kings,4,0,48,Missed Shot,Jump Shot,3PT Field Goal,Above the Break 3,Center(C),24+ ft.,25,-53,248,1,0,20251029,CHI,SAC,28320,0,1628370|1629234|1631165|1642269|1642403,0,REG,2026,1610612758,,,,,
22500132659,,Shot Chart Detail,22500132,659,1631165,Keon Ellis,1610612758,Sacramento Kings,4,0,12,Missed Shot,Pullup Jump shot,3PT Field Goal,Above the Break 3,Left Side Center(LC),24+ ft.,25,-161,199,1,0,20251029,CHI,SAC,28680,0,1628370|1629234|1631165|1642269|1642403,0,REG,2026,1610612758,,,,,
225001429,,Shot Chart Detail,22500142,9,201942,DeMar DeRozan,1610612758,Sacramento Kings,1,11,11,Missed Shot,Pullup Jump shot,2PT Field Goal,Mid-Range,Center(C),16-24 ft.,19,28,194,1,0,20251101,MIL,SAC,490,0,201942|203471|203897|1627734|1642928,0,REG,2026,1610612758,,,,,
2250014211,,Shot Chart Detail,22500142,11,1627734,Domantas Sabonis,1610612758,Sacramento Kings,1,11,5,Missed Shot,Tip Layup Shot,2PT Field Goal,Restricted Area,Center(C),Less Than 8 ft.,0,0,0,1,0,20251101,MIL,SAC,550,0,201942|203471|203897|1627734|1642928,0,REG,2026,1610612758,,,,,
2250014217,,Shot Chart Detail,22500142,17,201942,DeMar DeRozan,1610612758,Sacramento Kings,1,10,42,Missed Shot,Turnaround Fadeaway shot,2PT Field Goal,In The Paint (Non-RA),Center(C),Less Than 8 ft.,7,51,58,1,0,20251101,MIL,SAC,780,0,201942|203471|203897|1627734|1642928,0,REG,2026,1610612758,,,,,
2250014221,,Shot Chart Detail,22500142,21,203471,Dennis Schröder,1610612758,Sacramento Kings,1,10,28,Missed Shot,Jump Shot,3PT Field Goal,Above the Break 3,Left Side Center(LC),24+ ft.,27,-118,253,1,0,20251101,MIL,SAC,920,0,201942|203471|203897|1627734|1642928,0,REG,2026,1610612758,,,,,
2250014228,,Shot Chart Detail,22500142,28,203897,Zach LaVine,1610612758,Sacramento Kings,1,9,41,Made Shot,Driving Finger Roll Layup Shot,2PT Field Goal,Restricted Area,Center(C),Less Than 8 ft.,3,26,18,1,1,20251101,MIL,SAC,1390,0,201942|203471|203897|1627734|1642928,1,REG,2026,1610612758,,,,,
2250014234,,Shot Chart Detail,22500142,34,203471,Dennis Schröder,1610612758,Sacramento Kings,1,9,8,Missed Shot,Driving Finger Roll Layup Shot,2PT Field Goal,Restricted Area,Center(C),Less Than 8 ft.,3,31,-3,1,0,20251101,MIL,SAC,1720,0,201942|203471|203897|1627734|1642928,0,REG,2026,1610612758,,,,,
2250014239,,Shot Chart Detail,22500142,39,203897,Zach LaVine,1610612758,Sacramento Kings,1,8,36,Made Shot,Step Back Jump shot,2PT Field Goal,Mid-Range,Center(C),16-24 ft.,21,33,217,1,1,20251101,MIL,SAC,2040,0,201942|203471|203897|1627734|1642928,0,REG,2026,1610612758,,,,,
2250014242,,Shot Chart Detail,22500142,42,1627734,Domantas Sabonis,1610612758,Sacramento Kings,1,8,6,Missed Shot,Hook Shot,2PT Field Goal,In The Paint (Non-RA),Center(C),Less Than 8 ft.,4,0,42,1,0,20251101,MIL,SAC,2340,0,201942|203471|203897|1627734|1642928,0,REG,2026,1610612758,,,,,
2250014246,,Shot Chart Detail,22500142,46,1642928,Dylan Cardwell,1610612758,Sacramento Kings,1,7,43,Made Shot,Cutting Dunk Shot,2PT Field Goal,Restricted Area,Center(C),Less Than 8 ft.,2,-21,13,1,1,20251101,MIL,SAC,2570,0,201942|203471|203897|1627734|1642928,1,REG,2026,1610612758,,,,,
2250014250,,Shot Chart Detail,22500142,50,1627734,Domantas Sabonis,1610612758,Sacramento Kings,1,7,16,Made Shot,Jump Shot,2PT Field Goal,Mid-Range,Center(C),8-16 ft.,14,-43,142,1,1,20251101,MIL,SAC,2840,0,201942|203471|203897|1627734|1642928,1,REG,2026,1610612758,,,,,
2250014273,,Shot Chart Detail,22500142,73,1627734,Domantas Sabonis,1610612758,Sacramento Kings,1,6,17,Made Shot,Layup Shot,2PT Field Goal,Restricted Area,Center(C),Less Than 8 ft.,2,9,21,1,1,20251101,MIL,SAC,3430,0,201566|201942|203897|1627734|1642875,1,REG,2026,1610612758,,,,,
2250014276,,Shot Chart Detail,22500142,76,203897,Zach LaVine,1610612758,Sacramento Kings,1,5,49,Missed Shot,Turnaround Jump Shot,2PT Field Goal,Mid-Range,Right Side(R),8-16 ft.,13,130,1,1,0,20251101,MIL,SAC,3710,0,201566|201942|203897|1627734|1642875,0,REG,2026,1610612758,,,,,
2250014292,,Shot Chart Detail,22500142,92,201566,Russell Westbrook,1610612758,Sacramento Kings,1,5,1,Made Shot,Cutting Layup Shot,2PT Field Goal,Restricted Area,Center(C),Less Than 8 ft.,2,-18,12,1,1,20251101,MIL,SAC,4190,0,201566|203897|1627734|1642363|1642875,1,REG,2026,1610612758,,,,,
2250014295,,Shot Chart Detail,22500142,95,1627734,Domantas Sabonis,1610612758,Sacramento Kings,1,4,38,Made Shot,Cutting Dunk Shot,2PT Field Goal,Restricted Area,Center(C),Less Than 8 ft.,0,-6,1,1,1,20251101,MIL,SAC,4420,0,201566|203897|1627734|1642363|1642875,1,REG,2026,1610612758,,,,,
2250014299,,Shot Chart Detail,22500142,99,201566,Russell Westbrook,1610612758,Sacramento Kings,1,4,12,Missed Shot,Driving Layup Shot,2PT Field Goal,In The Paint (Non-RA),Center(C),Less Than 8 ft.,4,43,18,1,0,20251101,MIL,SAC,4680,0,201566|203897|1627734|1642363|1642875,0,REG,2026,1610612758,,,,,
22500142102,,Shot Chart Detail,22500142,102,203897,Zach LaVine,1610612758,Sacramento Kings,1,3,51,Made Shot,Jump Shot,3PT Field Goal,Above the Break 3,Left Side Center(LC),24+ ft.,26,-86,251,1,1,20251101,MIL,SAC,4890,0,201566|203897|1627734|1642363|1642875,1,REG,2026,1610612758,,,,,
22500142112,,Shot Chart Detail,22500142,112,201566,Russell Westbrook,1610612758,Sacramento Kings,1,3,17,Missed Shot,Jump Shot,3PT Field Goal,Above the Break 3,Left Side Center(LC),24+ ft.,27,-104,254,1,0,20251101,MIL,SAC,5230,0,201566|203897|1627734|1642363|1642875,0,REG,2026,1610612758,,,,,
22500142114,,Shot Chart Detail,22500142,114,1642875,Maxime Raynaud,1610612758,Sacramento Kings,1,3,13,Missed Shot,Putback Layup Shot,2PT Field Goal,Restricted Area,Center(C),Less Than 8 ft.,1,-4,16,1,0,20251101,MIL,SAC,5270,0,201566|203897|1627734|1642363|1642875,0,REG,2026,1610612758,,,,,
22500142133,,Shot Chart Detail,22500142,133,201942,DeMar DeRozan,1610612758,Sacramento Kings,1,2,29,Made Shot,Driving Reverse Layup Shot,2PT Field Goal,Restricted Area,Center(C),Less Than 8 ft.,2,-23,17,1,1,20251101,MIL,SAC,5710,0,201942|203471|203897|1627734|1631165,0,REG,2026,1610612758,,,,,
22500142136,,Shot Chart Detail,22500142,136,203471,Dennis Schröder,1610612758,Sacramento Kings,1,1,47,Made Shot,Driving Layup Shot,2PT Field Goal,Restricted Area,Center(C),Less Than 8 ft.,1,-18,-1,1,1,20251101,MIL,SAC,6130,0,201942|203471|203897|1627734|1631165,0,REG,2026,1610612758,,,,,
22500142148,,Shot Chart Detail,22500142,148,1629234,Drew Eubanks,1610612758,Sacramento Kings,1,1,25,Missed Shot,Reverse Layup Shot,2PT Field Goal,Restricted Area,Center(C),Less Than 8 ft.,3,-34,15,1,0,20251101,MIL,SAC,6350,0,201942|203471|1629234|1631165|1642363,0,REG,2026,1610612758,,,,,
22500142152,,Shot Chart Detail,22500142,152,203471,Dennis Schröder,1610612758,Sacramento Kings,1,1,5,Made Shot,Driving Finger Roll Layup Shot,2PT Field Goal,Restricted Area,Center(C),Less Than 8 ft.,2,22,16,1,1,20251101,MIL,SAC,6550,0,201942|203471|1629234|1631165|1642363,0,REG,2026,1610612758,,,,,
22500142155,,Shot Chart Detail,22500142,155,201942,DeMar DeRozan,1610612758,Sacramento Kings,1,0,36,Made Shot,Driving Floating Bank Jump Shot,2PT Field Goal,Restricted Area,Center(C),Less Than 8 ft.,1,6,8,1,1,20251101,MIL,SAC,6840,0,201942|203471|1629234|1631165|1642363,0,REG,2026,1610612758,,,,,
22500142162,,Shot Chart Detail,22500142,162,201942,DeMar DeRozan,1610612758,Sacramento Kings,1,0,8,Made Shot,Driving Floating Jump Shot,2PT Field Goal,In The Paint (Non-RA),Center(C),Less Than 8 ft.,6,2,65,1,1,20251101,MIL,SAC,7120,0,201942|203471|1629234|1631165|1642363,1,REG,2026,1610612758,,,,,
22500142171,,Shot Chart Detail,22500142,171,203471,Dennis Schröder,1610612758,Sacramento Kings,2,11,51,Made Shot,Driving Finger Roll Layup Shot,2PT Field Goal,Restricted Area,Center(C),Less Than 8 ft.,2,28,5,1,1,20251101,MIL,SAC,7290,0,201566|201942|203471|1629234|1631165,1,REG,2026,1610612758,,,,,
22500142178,,Shot Chart Detail,22500142,178,203471,Dennis Schröder,1610612758,Sacramento Kings,2,11,25,Missed Shot,Jump Shot,3PT Field Goal,Above the Break 3,Left Side Center(LC),24+ ft.,26,-158,210,1,0,20251101,MIL,SAC,7550,0,201566|201942|203471|1629234|1631165,0,REG,2026,1610612758,,,,,
22500142188,,Shot Chart Detail,22500142,188,201942,DeMar DeRozan,1610612758,Sacramento Kings,2,10,42,Made Shot,Jump Shot,2PT Field Goal,Mid-Range,Left Side Center(LC),16-24 ft.,22,-116,191,1,1,20251101,MIL,SAC,7980,0,201566|201942|203471|1629234|1631165,1,REG,2026,1610612758,,,,,
22500142193,,Shot Chart Detail,22500142,193,201566,Russell Westbrook,1610612758,Sacramento Kings,2,10,4,Missed Shot,Driving Layup Shot,2PT Field Goal,In The Paint (Non-RA),Center(C),Less Than 8 ft.,4,43,21,1,0,20251101,MIL,SAC,8360,0,201566|201942|203471|1629234|1631165,0,REG,2026,1610612758,,,,,
22500142199,,Shot Chart Detail,22500142,199,201942,DeMar DeRozan,1610612758,Sacramento Kings,2,9,23,Missed Shot,Jump Shot,2PT Field Goal,Mid-Range,Center(C),8-16 ft.,15,4,157,1,0,20251101,MIL,SAC,8770,0,201566|201942|203471|1629234|1631165,0,REG,2026,1610612758,,,,,
22500142203,,Shot Chart Detail,22500142,203,201942,DeMar DeRozan,1610612758,Sacramento Kings,2,8,58,Made Shot,Driving Reverse Layup Shot,2PT Field Goal,Restricted Area,Center(C),Less Than 8 ft.,2,25,11,1,1,20251101,MIL,SAC,9020,0,201566|201942|203471|1629234|1631165,1,REG,2026,1610612758,,,,,
22500142209,,Shot Chart Detail,22500142,209,1631165,Keon Ellis,1610612758,Sacramento Kings,2,8,3,Missed Shot,Jump Shot,3PT Field Goal,Above the Break 3,Center(C),24+ ft.,26,76,256,1,0,20251101,MIL,SAC,9570,0,201566|201942|203471|1629234|1631165,0,REG,2026,1610612758,,,,,
22500142213,,Shot Chart Detail,22500142,213,1629234,Drew Eubanks,1610612758,Sacramento Kings,2,7,33,Made Shot,Turnaround Hook Shot,2PT Field Goal,In The Paint (Non-RA),Right Side(R),8-16 ft.,8,75,42,1,1,20251101,MIL,SAC,9870,0,201566|201942|203471|1629234|1631165,0,REG,2026,1610612758,,,,,
22500142216,,Shot Chart Detail,22500142,216,1629234,Drew Eubanks,1610612758,Sacramento Kings,2,7,17,Made Shot,Running Alley Oop Dunk Shot,2PT Field Goal,Restricted Area,Center(C),Less Than 8 ft.,1,9,7,1,1,20251101,MIL,SAC,10030,0,201566|201942|203471|1629234|1631165,1,REG,2026,1610612758,,,,,
22500142241,,Shot Chart Detail,22500142,241,203897,Zach LaVine,1610612758,Sacramento Kings,2,6,8,Missed Shot,Step Back Jump shot,3PT Field Goal,Left Corner 3,Left Side(L),24+ ft.,23,-230,54,1,0,20251101,MIL,SAC,10720,0,201566|201942|203471|203897|1627734,0,REG,2026,1610612758,,,,,
22500142245,,Shot Chart Detail,22500142,245,201942,DeMar DeRozan,1610612758,Sacramento Kings,2,5,45,Made Shot,Turnaround Bank shot,2PT Field Goal,In The Paint (Non-RA),Center(C),Less Than 8 ft.,5,-51,18,1,1,20251101,MIL,SAC,10950,0,201566|201942|203471|203897|1627734,0,REG,2026,1610612758,,,,,
22500142248,,Shot Chart Detail,22500142,248,201566,Russell Westbrook,1610612758,Sacramento Kings,2,5,17,Missed Shot,Running Layup Shot,2PT Field Goal,Restricted Area,Center(C),Less Than 8 ft.,2,21,10,1,0,20251101,MIL,SAC,11230,0,201566|201942|203471|203897|1627734,0,REG,2026,1610612758,,,,,
22500142250,,Shot Chart Detail,22500142,250,203897,Zach LaVine,1610612758,Sacramento Kings,2,5,10,Made Shot,Jump Shot,3PT Field Goal,Above the Break 3,Left Side Center(LC),24+ ft.,25,-218,136,1,1,20251101,MIL,SAC,11300,0,201566|201942|203471|203897|1627734,1,REG,2026,1610612758,,,,,
22500142260,,Shot Chart Detail,22500142,260,201942,DeMar DeRozan,1610612758,Sacramento Kings,2,4,34,Made Shot,Driving Layup Shot,2PT Field Goal,Restricted Area,Center(C),Less Than 8 ft.,2,17,17,1,1,20251101,MIL,SAC,11660,0,201566|201942|203897|1627734|1642363,0,REG,2026,1610612758,,,,,
22500142267,,Shot Chart Detail,22500142,267,203897,Zach LaVine,1610612758,Sacramento Kings,2,4,10,Missed Shot,Jump Shot,3PT Field Goal,Above the Break 3,Left Side Center(LC),24+ ft.,25,-136,217,1,0,20251101,MIL,SAC,11900,0,201566|201942|203897|1627734|1642363,0,REG,2026,1610612758,,,,,
22500142273,,Shot Chart Detail,22500142,273,1627734,Domantas Sabonis,1610612758,Sacramento Kings,2,3,43,Missed Shot,Jump Shot,3PT Field Goal,Above the Break 3,Right Side Center(RC),24+ ft.,27,161,225,1,0,20251101,MIL,SAC,12170,0,201566|201942|203897|1627734|1642363,0,REG,2026,1610612758,,,,,
22500142296,,Shot Chart Detail,22500142,296,1627734,Domantas Sabonis,1610612758,Sacramento Kings,2,2,49,Missed Shot,Running Layup Shot,2PT Field Goal,Restricted Area,Center(C),Less Than 8 ft.,3,-11,33,1,0,20251101,MIL,SAC,12710,0,201942|203471|203897|1627734|1642363,0,REG,2026,1610612758,,,,,
22500142314,,Shot Chart Detail,22500142,314,1627734,Domantas Sabonis,1610612758,Sacramento Kings,2,2,8,Made Shot,Driving Layup Shot,2PT Field Goal,In The Paint (Non-RA),Center(C),Less Than 8 ft.,6,-54,31,1,1,20251101,MIL,SAC,13120,0,201942|203471|203897|1627734|1642363,1,REG,2026,1610612758,,,,,
22500142318,,Shot Chart Detail,22500142,318,1627734,Domantas Sabonis,1610612758,Sacramento Kings,2,1,52,Made Shot,Alley Oop Layup shot,2PT Field Goal,Restricted Area,Center(C),Less Than 8 ft.,2,5,29,1,1,20251101,MIL,SAC,13280,0,201942|203471|203897|1627734|1642363,1,REG,2026,1610612758,,,,,
22500142322,,Shot Chart Detail,22500142,322,201942,DeMar DeRozan,1610612758,Sacramento Kings,2,1,10,Made Shot,Turnaround Jump Shot,2PT Field Goal,Mid-Range,Left Side(L),8-16 ft.,8,-81,11,1,1,20251101,MIL,SAC,13700,0,201942|203471|203897|1627734|1642363,1,REG,2026,1610612758,,,,,
22500142329,,Shot Chart Detail,22500142,329,203471,Dennis Schröder,1610612758,Sacramento Kings,2,0,37,Made Shot,Step Back Jump shot,3PT Field Goal,Above the Break 3,Center(C),24+ ft.,28,64,273,1,1,20251101,MIL,SAC,14030,0,201942|203471|203897|1627734|1642363,0,REG,2026,1610612758,,,,,
22500142332,,Shot Chart Detail,22500142,332,203897,Zach LaVine,1610612758,Sacramento Kings,2,0,12,Made Shot,Jump Shot,3PT Field Goal,Above the Break 3,Left Side Center(LC),24+ ft.,25,-202,162,1,1,20251101,MIL,SAC,14280,0,201942|203471|203897|1627734|1642363,1,REG,2026,1610612758,,,,,
22500142351,,Shot Chart Detail,22500142,351,203897,Zach LaVine,1610612758,Sacramento Kings,3,11,47,Made Shot,Jump Shot,3PT Field Goal,Left Corner 3,Left Side(L),24+ ft.,23,-232,42,1,1,20251101,MIL,SAC,14530,0,201566|201942|203471|203897|1627734,1,REG,2026,1610612758,,,,,
22500142355,,Shot Chart Detail,22500142,355,203897,Zach LaVine,1610612758,Sacramento Kings,3,11,14,Missed Shot,Jump Shot,3PT Field Goal,Left Corner 3,Left Side(L),24+ ft.,22,-224,4,1,0,20251101,MIL,SAC,14860,0,201566|201942|203471|203897|1627734,0,REG,2026,1610612758,,,,,
22500142357,,Shot Chart Detail,22500142,357,203471,Dennis Schröder,1610612758,Sacramento Kings,3,11,10,Made Shot,Jump Shot,3PT Field Goal,Above the Break 3,Center(C),24+ ft.,25,54,253,1,1,20251101,MIL,SAC,14900,0,201566|201942|203471|203897|1627734,1,REG,2026,1610612758,,,,,
22500142362,,Shot Chart Detail,22500142,362,201566,Russell Westbrook,1610612758,Sacramento Kings,3,10,40,Missed Shot,Jump Shot,3PT Field Goal,Left Corner 3,Left Side(L),24+ ft.,22,-226,12,1,0,20251101,MIL,SAC,15200,0,201566|201942|203471|203897|1627734,0,REG,2026,1610612758,,,,,
22500142366,,Shot Chart Detail,22500142,366,203471,Dennis Schröder,1610612758,Sacramento Kings,3,10,15,Made Shot,Driving Finger Roll Layup Shot,2PT Field Goal,Restricted Area,Center(C),Less Than 8 ft.,1,13,3,1,1,20251101,MIL,SAC,15450,0,201566|201942|203471|203897|1627734,0,REG,2026,1610612758,,,,,
22500142376,,Shot Chart Detail,22500142,376,201942,DeMar DeRozan,1610612758,Sacramento Kings,3,9,28,Made Shot,Jump Shot,2PT Field Goal,Mid-Range,Left Side Center(LC),16-24 ft.,22,-135,177,1,1,20251101,MIL,SAC,15920,0,201566|201942|203471|203897|1627734,1,REG,2026,1610612758,,,,,
22500142381,,Shot Chart Detail,22500142,381,201566,Russell Westbrook,1610612758,Sacramento Kings,3,8,50,Missed Shot,Jump Shot,3PT Field Goal,Left Corner 3,Left Side(L),24+ ft.,23,-233,38,1,0,20251101,MIL,SAC,16300,0,201566|201942|203471|203897|1627734,0,REG,2026,1610612758,,,,,
22500142384,,Shot Chart Detail,22500142,384,203897,Zach LaVine,1610612758,Sacramento Kings,3,8,42,Missed Shot,Step Back Jump shot,2PT Field Goal,Mid-Range,Right Side Center(RC),16-24 ft.,17,81,155,1,0,20251101,MIL,SAC,16380,0,201566|201942|203471|203897|1627734,0,REG,2026,1610612758,,,,,
22500142388,,Shot Chart Detail,22500142,388,1627734,Domantas Sabonis,1610612758,Sacramento Kings,3,8,18,Missed Shot,Jump Shot,3PT Field Goal,Above the Break 3,Right Side Center(RC),24+ ft.,26,82,250,1,0,20251101,MIL,SAC,16620,0,201566|201942|203471|203897|1627734,0,REG,2026,1610612758,,,,,
22500142398,,Shot Chart Detail,22500142,398,203897,Zach LaVine,1610612758,Sacramento Kings,3,7,47,Made Shot,Jump Shot,3PT Field Goal,Above the Break 3,Right Side Center(RC),24+ ft.,25,102,232,1,1,20251101,MIL,SAC,16930,0,201566|201942|203471|203897|1627734,1,REG,2026,1610612758,,,,,
22500142403,,Shot Chart Detail,22500142,403,1627734,Domantas Sabonis,1610612758,Sacramento Kings,3,7,2,Made Shot,Alley Oop Layup shot,2PT Field Goal,Restricted Area,Center(C),Less Than 8 ft.,2,-26,5,1,1,20251101,MIL,SAC,17380,0,201566|201942|203471|203897|1627734,1,REG,2026,1610612758,,,,,
22500142414,,Shot Chart Detail,22500142,414,203897,Zach LaVine,1610612758,Sacramento Kings,3,6,20,Missed Shot,Running Jump Shot,3PT Field Goal,Above the Break 3,Right Side Center(RC),24+ ft.,27,152,229,1,0,20251101,MIL,SAC,17800,0,201566|201942|203471|203897|1627734,0,REG,2026,1610612758,,,,,
22500142422,,Shot Chart Detail,22500142,422,203897,Zach LaVine,1610612758,Sacramento Kings,3,5,46,Made Shot,Jump Shot,3PT Field Goal,Above the Break 3,Center(C),24+ ft.,25,78,243,1,1,20251101,MIL,SAC,18140,0,201566|201942|203471|203897|1627734,1,REG,2026,1610612758,,,,,
22500142426,,Shot Chart Detail,22500142,426,201942,DeMar DeRozan,1610612758,Sacramento Kings,3,5,16,Missed Shot,Turnaround Fadeaway shot,2PT Field Goal,Mid-Range,Left Side(L),8-16 ft.,12,-96,77,1,0,20251101,MIL,SAC,18440,0,201566|201942|203471|203897|1627734,0,REG,2026,1610612758,,,,,
22500142428,,Shot Chart Detail,22500142,428,203471,Dennis Schröder,1610612758,Sacramento Kings,3,5,10,Made Shot,Jump Shot,3PT Field Goal,Above the Break 3,Center(C),24+ ft.,26,-54,258,1,1,20251101,MIL,SAC,18500,0,201566|201942|203471|203897|1627734,1,REG,2026,1610612758,,,,,
22500142431,,Shot Chart Detail,22500142,431,1627734,Domantas Sabonis,1610612758,Sacramento Kings,3,4,42,Made Shot,Cutting Layup Shot,2PT Field Goal,Restricted Area,Center(C),Less Than 8 ft.,3,-31,14,1,1,20251101,MIL,SAC,18780,0,201566|201942|203471|203897|1627734,1,REG,2026,1610612758,,,,,
22500142450,,Shot Chart Detail,22500142,450,203471,Dennis Schröder,1610612758,Sacramento Kings,3,3,35,Missed Shot,Driving Floating Jump Shot,2PT Field Goal,In The Paint (Non-RA),Center(C),8-16 ft.,8,-7,89,1,0,20251101,MIL,SAC,19450,0,203471|203897|1627734|1631165|1642363,0,REG,2026,1610612758,,,,,
22500142454,,Shot Chart Detail,22500142,454,1627734,Domantas Sabonis,1610612758,Sacramento Kings,3,3,8,Made Shot,Driving Bank Hook Shot,2PT Field Goal,In The Paint (Non-RA),Center(C),Less Than 8 ft.,5,23,53,1,1,20251101,MIL,SAC,19720,0,203471|203897|1627734|1631165|1642363,0,REG,2026,1610612758,,,,,
22500142460,,Shot Chart Detail,22500142,460,1642363,Nique Clifford,1610612758,Sacramento Kings,3,2,45,Missed Shot,Jump Shot,2PT Field Goal,In The Paint (Non-RA),Center(C),8-16 ft.,14,-43,136,1,0,20251101,MIL,SAC,19950,0,203471|203897|1629234|1631165|1642363,0,REG,2026,1610612758,,,,,
22500142469,,Shot Chart Detail,22500142,469,201566,Russell Westbrook,1610612758,Sacramento Kings,3,2,16,Made Shot,Turnaround Fadeaway shot,2PT Field Goal,In The Paint (Non-RA),Center(C),Less Than 8 ft.,4,-33,37,1,1,20251101,MIL,SAC,20240,0,201566|203897|1629234|1631165|1642363,0,REG,2026,1610612758,,,,,
22500142472,,Shot Chart Detail,22500142,472,201566,Russell Westbrook,1610612758,Sacramento Kings,3,1,45,Missed Shot,Jump Shot,3PT Field Goal,Above the Break 3,Center(C),24+ ft.,27,-29,271,1,0,20251101,MIL,SAC,20550,0,201566|203897|1629234|1631165|1642363,0,REG,2026,1610612758,,,,,
22500142476,,Shot Chart Detail,22500142,476,1629234,Drew Eubanks,1610612758,Sacramento Kings,3,1,17,Made Shot,Driving Hook Shot,2PT Field Goal,In The Paint (Non-RA),Center(C),Less Than 8 ft.,5,-13,50,1,1,20251101,MIL,SAC,20830,0,201566|203897|1629234|1631165|1642363,1,REG,2026,1610612758,,,,,
22500142484,,Shot Chart Detail,22500142,484,1629234,Drew Eubanks,1610612758,Sacramento Kings,3,0,54,Made Shot,Cutting Layup Shot,2PT Field Goal,Restricted Area,Center(C),Less Than 8 ft.,3,18,30,1,1,20251101,MIL,SAC,21060,0,201566|203897|1629234|1631165|1642363,1,REG,2026,1610612758,,,,,
22500142494,,Shot Chart Detail,22500142,494,1629234,Drew Eubanks,1610612758,Sacramento Kings,3,0,27,Made Shot,Alley Oop Dunk Shot,2PT Field Goal,Restricted Area,Center(C),Less Than 8 ft.,0,-2,4,1,1,20251101,MIL,SAC,21330,0,201566|203897|1629234|1631165|1642363,1,REG,2026,1610612758,,,,,
22500142498,,Shot Chart Detail,22500142,498,201566,Russell Westbrook,1610612758,Sacramento Kings,3,0,2,Missed Shot,Pullup Jump shot,3PT Field Goal,Above the Break 3,Center(C),24+ ft.,25,-22,255,1,0,20251101,MIL,SAC,21580,0,201566|203897|1629234|1631165|1642363,0,REG,2026,1610612758,,,,,
22500142508,,Shot Chart Detail,22500142,508,201942,DeMar DeRozan,1610612758,Sacramento Kings,4,11,30,Missed Shot,Pullup Jump shot,2PT Field Goal,Mid-Range,Center(C),8-16 ft.,15,-49,142,1,0,20251101,MIL,SAC,21900,0,201566|201942|1629234|1631165|1642363,0,REG,2026,1610612758,,,,,
22500142510,,Shot Chart Detail,22500142,510,201566,Russell Westbrook,1610612758,Sacramento Kings,4,11,19,Made Shot,Driving Finger Roll Layup Shot,2PT Field Goal,Restricted Area,Center(C),Less Than 8 ft.,2,-28,0,1,1,20251101,MIL,SAC,22010,0,201566|201942|1629234|1631165|1642363,0,REG,2026,1610612758,,,,,
22500142515,,Shot Chart Detail,22500142,515,201942,DeMar DeRozan,1610612758,Sacramento Kings,4,10,49,Missed Shot,Jump Shot,2PT Field Goal,Mid-Range,Center(C),8-16 ft.,14,9,148,1,0,20251101,MIL,SAC,22310,0,201566|201942|1629234|1631165|1642363,0,REG,2026,1610612758,,,,,
22500142525,,Shot Chart Detail,22500142,525,201566,Russell Westbrook,1610612758,Sacramento Kings,4,10,28,Missed Shot,Pullup Jump shot,2PT Field Goal,Mid-Range,Right Side(R),8-16 ft.,13,93,99,1,0,20251101,MIL,SAC,22520,0,201566|201942|1629234|1631165|1642363,0,REG,2026,1610612758,,,,,
22500142534,,Shot Chart Detail,22500142,534,201942,DeMar DeRozan,1610612758,Sacramento Kings,4,10,7,Made Shot,Fadeaway Jump Shot,2PT Field Goal,In The Paint (Non-RA),Center(C),Less Than 8 ft.,6,67,-4,1,1,20251101,MIL,SAC,22730,0,201566|201942|1627734|1631165|1642363,1,REG,2026,1610612758,,,,,
22500142539,,Shot Chart Detail,22500142,539,1631165,Keon Ellis,1610612758,Sacramento Kings,4,9,51,Made Shot,Running Jump Shot,3PT Field Goal,Above the Break 3,Right Side Center(RC),24+ ft.,24,218,117,1,1,20251101,MIL,SAC,22890,0,201566|201942|1627734|1631165|1642363,1,REG,2026,1610612758,,,,,
22500142560,,Shot Chart Detail,22500142,560,201942,DeMar DeRozan,1610612758,Sacramento Kings,4,7,52,Missed Shot,Pullup Jump shot,2PT Field Goal,In The Paint (Non-RA),Right Side(R),8-16 ft.,10,76,74,1,0,20251101,MIL,SAC,24080,0,201942|203471|203897|1627734|1631165,0,REG,2026,1610612758,,,,,
22500142575,,Shot Chart Detail,22500142,575,203897,Zach LaVine,1610612758,Sacramento Kings,4,6,59,Missed Shot,Jump Shot,3PT Field Goal,Above the Break 3,Left Side Center(LC),24+ ft.,25,-190,168,1,0,20251101,MIL,SAC,24610,0,201566|201942|203471|203897|1627734,0,REG,2026,1610612758,,,,,
22500142585,,Shot Chart Detail,22500142,585,203471,Dennis Schröder,1610612758,Sacramento Kings,4,6,19,Made Shot,Driving Floating Jump Shot,2PT Field Goal,In The Paint (Non-RA),Center(C),Less Than 8 ft.,4,-11,40,1,1,20251101,MIL,SAC,25010,0,201566|201942|203471|203897|1627734,0,REG,2026,1610612758,,,,,
22500142593,,Shot Chart Detail,22500142,593,201942,DeMar DeRozan,1610612758,Sacramento Kings,4,5,56,Missed Shot,Jump Shot,3PT Field Goal,Left Corner 3,Left Side(L),24+ ft.,23,-239,3,1,0,20251101,MIL,SAC,25240,0,201566|201942|203471|203897|1627734,0,REG,2026,1610612758,,,,,
22500142608,,Shot Chart Detail,22500142,608,203897,Zach LaVine,1610612758,Sacramento Kings,4,4,36,Missed Shot,Jump Shot,3PT Field Goal,Right Corner 3,Right Side(R),24+ ft.,24,240,19,1,0,20251101,MIL,SAC,26040,0,201566|201942|203471|203897|1627734,0,REG,2026,1610612758,,,,,
22500142610,,Shot Chart Detail,22500142,610,203897,Zach LaVine,1610612758,Sacramento Kings,4,4,27,Missed Shot,Jump Shot,3PT Field Goal,Right Corner 3,Right Side(R),24+ ft.,23,236,4,1,0,20251101,MIL,SAC,26130,0,201566|201942|203471|203897|1627734,0,REG,2026,1610612758,,,,,
22500142612,,Shot Chart Detail,22500142,612,203471,Dennis Schröder,1610612758,Sacramento Kings,4,4,14,Missed Shot,Pullup Jump shot,2PT Field Goal,In The Paint (Non-RA),Left Side(L),8-16 ft.,9,-71,58,1,0,20251101,MIL,SAC,26260,0,201566|201942|203471|203897|1627734,0,REG,2026,1610612758,,,,,
22500142622,,Shot Chart Detail,22500142,622,201566,Russell Westbrook,1610612758,Sacramento Kings,4,4,13,Made Shot,Tip Layup Shot,2PT Field Goal,Restricted Area,Center(C),Less Than 8 ft.,1,7,14,1,1,20251101,MIL,SAC,26270,0,201566|201942|203471|203897|1627734,0,REG,2026,1610612758,,,,,
22500142648,,Shot Chart Detail,22500142,648,201566,Russell Westbrook,1610612758,Sacramento Kings,4,1,37,Missed Shot,Fadeaway Jump Shot,2PT Field Goal,In The Paint (Non-RA),Center(C),8-16 ft.,8,-29,80,1,0,20251101,MIL,SAC,27830,0,201566|201942|203471|203897|1627734,0,REG,2026,1610612758,,,,,
22500142660,,Shot Chart Detail,22500142,660,201942,DeMar DeRozan,1610612758,Sacramento Kings,4,0,27,Missed Shot,Pullup Jump shot,2PT Field Goal,Mid-Range,Right Side Center(RC),16-24 ft.,16,83,143,1,0,20251101,MIL,SAC,28530,0,201566|201942|203471|203897|1627734,0,REG,2026,1610612758,,,,,
225001629,,Shot Chart Detail,22500162,9,1627734,Domantas Sabonis,1610612758,Sacramento Kings,1,11,19,Missed Shot,Layup Shot,2PT Field Goal,In The Paint (Non-RA),Center(C),Less Than 8 ft.,4,-37,19,1,0,20251103,DEN,SAC,410,0,201566|201942|203471|203897|1627734,0,REG,2026,1610612758,,,,,
2250016220,,Shot Chart Detail,22500162,20,201942,DeMar DeRozan,1610612758,Sacramento Kings,1,10,28,Missed Shot,Turnaround Fadeaway shot,2PT Field Goal,Mid-Range,Left Side(L),8-16 ft.,12,-123,35,1,0,20251103,DEN,SAC,920,0,201566|201942|203471|203897|1627734,0,REG,2026,1610612758,,,,,
2250016226,,Shot Chart Detail,22500162,26,201566,Russell Westbrook,1610612758,Sacramento Kings,1,9,58,Made Shot,Jump Shot,3PT Field Goal,Above the Break 3,Right Side Center(RC),24+ ft.,25,136,216,1,1,20251103,DEN,SAC,1220,0,201566|201942|203471|203897|1627734,1,REG,2026,1610612758,,,,,
2250016237,,Shot Chart Detail,22500162,37,201566,Russell Westbrook,1610612758,Sacramento Kings,1,9,2,Missed Shot,Pullup Jump shot,2PT Field Goal,Mid-Range,Left Side(L),8-16 ft.,10,-81,68,1,0,20251103,DEN,SAC,1780,0,201566|201942|203471|203897|1627734,0,REG,2026,1610612758,,,,,
2250016241,,Shot Chart Detail,22500162,41,201942,DeMar DeRozan,1610612758,Sacramento Kings,1,8,39,Made Shot,Layup Shot,2PT Field Goal,Restricted Area,Center(C),Less Than 8 ft.,3,-34,11,1,1,20251103,DEN,SAC,2010,0,201566|201942|203471|203897|1627734,0,REG,2026,1610612758,,,,,
2250016245,,Shot Chart Detail,22500162,45,203471,Dennis Schröder,1610612758,Sacramento Kings,1,8,13,Made Shot,Pullup Jump shot,2PT Field Goal,Mid-Range,Right Side(R),8-16 ft.,14,100,98,1,1,20251103,DEN,SAC,2270,0,201566|201942|203471|203897|1627734,1,REG,2026,1610612758,,,,,
2250016252,,Shot Chart Detail,22500162,52,201566,Russell Westbrook,1610612758,Sacramento Kings,1,7,37,Missed Shot,Driving Layup Shot,2PT Field Goal,Restricted Area,Center(C),Less Than 8 ft.,3,-37,5,1,0,20251103,DEN,SAC,2630,0,201566|201942|203471|203897|1627734,0,REG,2026,1610612758,,,,,
2250016260,,Shot Chart Detail,22500162,60,201942,DeMar DeRozan,1610612758,Sacramento Kings,1,7,1,Made Shot,Turnaround Jump Shot,2PT Field Goal,In The Paint (Non-RA),Center(C),8-16 ft.,12,32,125,1,1,20251103,DEN,SAC,2990,0,201566|201942|203471|203897|1627734,1,REG,2026,1610612758,,,,,
2250016264,,Shot Chart Detail,22500162,64,203471,Dennis Schröder,1610612758,Sacramento Kings,1,6,37,Missed Shot,Running Jump Shot,3PT Field Goal,Above the Break 3,Left Side Center(LC),24+ ft.,26,-208,162,1,0,20251103,DEN,SAC,3230,0,201566|201942|203471|203897|1627734,0,REG,2026,1610612758,,,,,
2250016279,,Shot Chart Detail,22500162,79,201566,Russell Westbrook,1610612758,Sacramento Kings,1,5,36,Missed Shot,Jump Shot,3PT Field Goal,Left Corner 3,Left Side(L),24+ ft.,24,-230,74,1,0,20251103,DEN,SAC,3840,0,201566|203897|1627734|1631165|1642363,0,REG,2026,1610612758,,,,,
2250016281,,Shot Chart Detail,22500162,81,203897,Zach LaVine,1610612758,Sacramento Kings,1,5,24,Made Shot,Driving Layup Shot,2PT Field Goal,Restricted Area,Center(C),Less Than 8 ft.,2,17,13,1,1,20251103,DEN,SAC,3960,0,201566|203897|1627734|1631165|1642363,1,REG,2026,1610612758,,,,,
2250016285,,Shot Chart Detail,22500162,85,201566,Russell Westbrook,1610612758,Sacramento Kings,1,5,6,Made Shot,Running Layup Shot,2PT Field Goal,Restricted Area,Center(C),Less Than 8 ft.,2,20,10,1,1,20251103,DEN,SAC,4140,0,201566|203897|1627734|1631165|1642363,0,REG,2026,1610612758,,,,,
2250016289,,Shot Chart Detail,22500162,89,1642363,Nique Clifford,1610612758,Sacramento Kings,1,4,37,Made Shot,Alley Oop Layup shot,2PT Field Goal,Restricted Area,Center(C),Less Than 8 ft.,3,-31,-5,1,1,20251103,DEN,SAC,4430,0,201566|203897|1627734|1631165|1642363,1,REG,2026,1610612758,,,,,
2250016293,,Shot Chart Detail,22500162,93,1627734,Domantas Sabonis,1610612758,Sacramento Kings,1,4,9,Made Shot,Hook Shot,2PT Field Goal,Restricted Area,Center(C),Less Than 8 ft.,2,15,21,1,1,20251103,DEN,SAC,4710,0,201566|203897|1627734|1631165|1642363,1,REG,2026,1610612758,,,,,
22500162106,,Shot Chart Detail,22500162,106,1642363,Nique Clifford,1610612758,Sacramento Kings,1,3,16,Missed Shot,Driving Floating Jump Shot,2PT Field Goal,Mid-Range,Left Side(L),8-16 ft.,13,-132,8,1,0,20251103,DEN,SAC,5240,0,201566|203897|1627734|1631165|1642363,0,REG,2026,1610612758,,,,,
22500162110,,Shot Chart Detail,22500162,110,1642363,Nique Clifford,1610612758,Sacramento Kings,1,2,49,Missed Shot,Jump Shot,3PT Field Goal,Above the Break 3,Left Side Center(LC),24+ ft.,25,-161,193,1,0,20251103,DEN,SAC,5510,0,201566|203897|1627734|1631165|1642363,0,REG,2026,1610612758,,,,,
22500162112,,Shot Chart Detail,22500162,112,203897,Zach LaVine,1610612758,Sacramento Kings,1,2,39,Made Shot,Driving Layup Shot,2PT Field Goal,In The Paint (Non-RA),Center(C),Less Than 8 ft.,4,-38,26,1,1,20251103,DEN,SAC,5610,0,201566|203897|1627734|1631165|1642363,0,REG,2026,1610612758,,,,,
22500162128,,Shot Chart Detail,22500162,128,201942,DeMar DeRozan,1610612758,Sacramento Kings,1,1,52,Made Shot,Pullup Jump shot,2PT Field Goal,Mid-Range,Left Side(L),8-16 ft.,15,-140,77,1,1,20251103,DEN,SAC,6080,0,201942|203471|1629234|1631165|1642363,0,REG,2026,1610612758,,,,,
22500162134,,Shot Chart Detail,22500162,134,201942,DeMar DeRozan,1610612758,Sacramento Kings,1,1,32,Missed Shot,Pullup Jump shot,2PT Field Goal,In The Paint (Non-RA),Center(C),8-16 ft.,12,-43,121,1,0,20251103,DEN,SAC,6280,0,201942|203471|1629234|1631165|1642363,0,REG,2026,1610612758,,,,,
22500162138,,Shot Chart Detail,22500162,138,203471,Dennis Schröder,1610612758,Sacramento Kings,1,1,7,Made Shot,Pullup Jump shot,2PT Field Goal,Mid-Range,Right Side(R),16-24 ft.,16,162,27,1,1,20251103,DEN,SAC,6530,0,201942|203471|1629234|1631165|1642363,0,REG,2026,1610612758,,,,,
22500162143,,Shot Chart Detail,22500162,143,1631165,Keon Ellis,1610612758,Sacramento Kings,1,0,31,Made Shot,Jump Shot,3PT Field Goal,Left Corner 3,Left Side(L),24+ ft.,24,-239,26,1,1,20251103,DEN,SAC,6890,0,201942|203471|1629234|1631165|1642363,1,REG,2026,1610612758,,,,,
22500162149,,Shot Chart Detail,22500162,149,1642363,Nique Clifford,1610612758,Sacramento Kings,1,0,0,Missed Shot,Running Layup Shot,2PT Field Goal,Restricted Area,Center(C),Less Than 8 ft.,3,20,29,1,0,20251103,DEN,SAC,7200,0,201942|203471|1629234|1631165|1642363,0,REG,2026,1610612758,,,,,
22500162159,,Shot Chart Detail,22500162,159,1642363,Nique Clifford,1610612758,Sacramento Kings,2,11,16,Missed Shot,Pullup Jump shot,2PT Field Goal,In The Paint (Non-RA),Center(C),8-16 ft.,11,17,109,1,0,20251103,DEN,SAC,7640,0,201942|203471|1629234|1631165|1642363,0,REG,2026,1610612758,,,,,
22500162164,,Shot Chart Detail,22500162,164,201942,DeMar DeRozan,1610612758,Sacramento Kings,2,10,51,Made Shot,Reverse Layup Shot,2PT Field Goal,Restricted Area,Center(C),Less Than 8 ft.,2,-25,10,1,1,20251103,DEN,SAC,7890,0,201942|203471|1629234|1631165|1642363,1,REG,2026,1610612758,,,,,
22500162172,,Shot Chart Detail,22500162,172,1631165,Keon Ellis,1610612758,Sacramento Kings,2,10,15,Made Shot,Jump Shot,3PT Field Goal,Above the Break 3,Right Side Center(RC),24+ ft.,27,140,240,1,1,20251103,DEN,SAC,8250,0,201942|203471|1629234|1631165|1642363,1,REG,2026,1610612758,,,,,
22500162182,,Shot Chart Detail,22500162,182,201942,DeMar DeRozan,1610612758,Sacramento Kings,2,9,31,Missed Shot,Running Layup Shot,2PT Field Goal,Restricted Area,Center(C),Less Than 8 ft.,3,-34,14,1,0,20251103,DEN,SAC,8690,0,201942|203471|1629234|1631165|1642363,0,REG,2026,1610612758,,,,,
22500162185,,Shot Chart Detail,22500162,185,203471,Dennis Schröder,1610612758,Sacramento Kings,2,9,28,Missed Shot,Jump Shot,3PT Field Goal,Above the Break 3,Right Side Center(RC),24+ ft.,24,212,126,1,0,20251103,DEN,SAC,8720,0,201942|203471|1629234|1631165|1642363,0,REG,2026,1610612758,,,,,
22500162187,,Shot Chart Detail,22500162,187,201942,DeMar DeRozan,1610612758,Sacramento Kings,2,9,23,Made Shot,Floating Jump shot,2PT Field Goal,In The Paint (Non-RA),Center(C),8-16 ft.,8,-39,75,1,1,20251103,DEN,SAC,8770,0,201942|203471|1629234|1631165|1642363,1,REG,2026,1610612758,,,,,
22500162195,,Shot Chart Detail,22500162,195,1631165,Keon Ellis,1610612758,Sacramento Kings,2,8,49,Missed Shot,Jump Shot,3PT Field Goal,Left Corner 3,Left Side(L),24+ ft.,25,-243,73,1,0,20251103,DEN,SAC,9110,0,201942|203471|1629234|1631165|1642363,0,REG,2026,1610612758,,,,,
22500162209,,Shot Chart Detail,22500162,209,1627734,Domantas Sabonis,1610612758,Sacramento Kings,2,8,24,Missed Shot,Hook Shot,2PT Field Goal,In The Paint (Non-RA),Center(C),Less Than 8 ft.,4,-32,29,1,0,20251103,DEN,SAC,9360,0,201566|201942|203471|203897|1627734,0,REG,2026,1610612758,,,,,
22500162216,,Shot Chart Detail,22500162,216,201566,Russell Westbrook,1610612758,Sacramento Kings,2,7,40,Made Shot,Jump Shot,3PT Field Goal,Left Corner 3,Left Side(L),24+ ft.,23,-233,20,1,1,20251103,DEN,SAC,9800,0,201566|201942|203471|203897|1627734,1,REG,2026,1610612758,,,,,
22500162220,,Shot Chart Detail,22500162,220,201942,DeMar DeRozan,1610612758,Sacramento Kings,2,7,16,Missed Shot,Jump Shot,2PT Field Goal,Mid-Range,Center(C),16-24 ft.,21,-18,214,1,0,20251103,DEN,SAC,10040,0,201566|201942|203471|203897|1627734,0,REG,2026,1610612758,,,,,
22500162232,,Shot Chart Detail,22500162,232,203897,Zach LaVine,1610612758,Sacramento Kings,2,6,48,Missed Shot,Jump Shot,2PT Field Goal,Mid-Range,Center(C),8-16 ft.,15,-16,158,1,0,20251103,DEN,SAC,10320,0,201566|201942|203471|203897|1627734,0,REG,2026,1610612758,,,,,
22500162236,,Shot Chart Detail,22500162,236,201566,Russell Westbrook,1610612758,Sacramento Kings,2,6,26,Made Shot,Cutting Layup Shot,2PT Field Goal,Restricted Area,Center(C),Less Than 8 ft.,3,-36,8,1,1,20251103,DEN,SAC,10540,0,201566|201942|203471|203897|1627734,1,REG,2026,1610612758,,,,,
22500162244,,Shot Chart Detail,22500162,244,1627734,Domantas Sabonis,1610612758,Sacramento Kings,2,5,57,Missed Shot,Driving Layup Shot,2PT Field Goal,Restricted Area,Center(C),Less Than 8 ft.,3,-26,21,1,0,20251103,DEN,SAC,10830,0,201566|201942|203897|1627734|1642269,0,REG,2026,1610612758,,,,,
22500162252,,Shot Chart Detail,22500162,252,201942,DeMar DeRozan,1610612758,Sacramento Kings,2,5,29,Made Shot,Pullup Jump shot,2PT Field Goal,Mid-Range,Left Side(L),8-16 ft.,9,-92,20,1,1,20251103,DEN,SAC,11110,0,201566|201942|203897|1627734|1642269,0,REG,2026,1610612758,,,,,
22500162255,,Shot Chart Detail,22500162,255,203897,Zach LaVine,1610612758,Sacramento Kings,2,5,0,Missed Shot,Driving Layup Shot,2PT Field Goal,In The Paint (Non-RA),Center(C),Less Than 8 ft.,4,-44,6,1,0,20251103,DEN,SAC,11400,0,201566|201942|203897|1627734|1642269,0,REG,2026,1610612758,,,,,
22500162257,,Shot Chart Detail,22500162,257,1627734,Domantas Sabonis,1610612758,Sacramento Kings,2,4,58,Made Shot,Putback Layup Shot,2PT Field Goal,In The Paint (Non-RA),Center(C),Less Than 8 ft.,4,-38,15,1,1,20251103,DEN,SAC,11420,0,201566|201942|203897|1627734|1642269,0,REG,2026,1610612758,,,,,
22500162262,,Shot Chart Detail,22500162,262,203897,Zach LaVine,1610612758,Sacramento Kings,2,4,28,Made Shot,Running Layup Shot,2PT Field Goal,Restricted Area,Center(C),Less Than 8 ft.,3,-28,13,1,1,20251103,DEN,SAC,11720,0,201566|201942|203897|1627734|1642269,1,REG,2026,1610612758,,,,,
22500162283,,Shot Chart Detail,22500162,283,201566,Russell Westbrook,1610612758,Sacramento Kings,2,3,49,Made Shot,Pullup Jump shot,2PT Field Goal,Mid-Range,Right Side(R),16-24 ft.,18,158,92,1,1,20251103,DEN,SAC,12110,0,201566|203897|1627734|1631165|1642269,1,REG,2026,1610612758,,,,,
22500162285,,Shot Chart Detail,22500162,285,203897,Zach LaVine,1610612758,Sacramento Kings,2,3,11,Missed Shot,Pullup Jump shot,2PT Field Goal,Mid-Range,Center(C),16-24 ft.,17,-49,172,1,0,20251103,DEN,SAC,12490,0,201566|203897|1627734|1631165|1642269,0,REG,2026,1610612758,,,,,
22500162298,,Shot Chart Detail,22500162,298,201942,DeMar DeRozan,1610612758,Sacramento Kings,2,2,44,Made Shot,Pullup Jump shot,2PT Field Goal,Mid-Range,Right Side(R),8-16 ft.,9,94,0,1,1,20251103,DEN,SAC,12760,0,201566|201942|203471|203897|1627734,0,REG,2026,1610612758,,,,,
22500162308,,Shot Chart Detail,22500162,308,201942,DeMar DeRozan,1610612758,Sacramento Kings,2,1,58,Missed Shot,Step Back Jump shot,2PT Field Goal,Mid-Range,Left Side(L),8-16 ft.,14,-105,95,1,0,20251103,DEN,SAC,13220,0,201566|201942|203471|203897|1627734,0,REG,2026,1610612758,,,,,
22500162310,,Shot Chart Detail,22500162,310,1627734,Domantas Sabonis,1610612758,Sacramento Kings,2,1,52,Made Shot,Putback Layup Shot,2PT Field Goal,Restricted Area,Center(C),Less Than 8 ft.,3,-33,17,1,1,20251103,DEN,SAC,13280,0,201566|201942|203471|203897|1627734,0,REG,2026,1610612758,,,,,
22500162313,,Shot Chart Detail,22500162,313,201566,Russell Westbrook,1610612758,Sacramento Kings,2,1,28,Missed Shot,Driving Layup Shot,2PT Field Goal,In The Paint (Non-RA),Center(C),Less Than 8 ft.,5,9,53,1,0,20251103,DEN,SAC,13520,0,201566|201942|203471|203897|1627734,0,REG,2026,1610612758,,,,,
22500162318,,Shot Chart Detail,22500162,318,201566,Russell Westbrook,1610612758,Sacramento Kings,2,1,6,Made Shot,Jump Shot,3PT Field Goal,Above the Break 3,Left Side Center(LC),24+ ft.,25,-176,183,1,1,20251103,DEN,SAC,13740,0,201566|201942|203471|203897|1627734,1,REG,2026,1610612758,,,,,
22500162324,,Shot Chart Detail,22500162,324,201566,Russell Westbrook,1610612758,Sacramento Kings,2,0,37,Missed Shot,Jump Shot,3PT Field Goal,Right Corner 3,Right Side(R),24+ ft.,23,225,55,1,0,20251103,DEN,SAC,14030,0,201566|201942|203471|203897|1627734,0,REG,2026,1610612758,,,,,
22500162328,,Shot Chart Detail,22500162,328,1627734,Domantas Sabonis,1610612758,Sacramento Kings,2,0,3,Made Shot,Running Layup Shot,2PT Field Goal,Restricted Area,Center(C),Less Than 8 ft.,1,-10,10,1,1,20251103,DEN,SAC,14370,0,201566|201942|203471|203897|1627734,1,REG,2026,1610612758,,,,,
22500162334,,Shot Chart Detail,22500162,334,201942,DeMar DeRozan,1610612758,Sacramento Kings,3,11,37,Missed Shot,Driving Reverse Layup Shot,2PT Field Goal,Restricted Area,Center(C),Less Than 8 ft.,2,-21,15,1,0,20251103,DEN,SAC,14630,0,201566|201942|203471|203897|1627734,0,REG,2026,1610612758,,,,,
22500162336,,Shot Chart Detail,22500162,336,1627734,Domantas Sabonis,1610612758,Sacramento Kings,3,11,33,Made Shot,Putback Layup Shot,2PT Field Goal,Restricted Area,Center(C),Less Than 8 ft.,0,0,0,1,1,20251103,DEN,SAC,14670,0,201566|201942|203471|203897|1627734,0,REG,2026,1610612758,,,,,
22500162338,,Shot Chart Detail,22500162,338,201942,DeMar DeRozan,1610612758,Sacramento Kings,3,10,58,Missed Shot,Jump Shot,3PT Field Goal,Left Corner 3,Left Side(L),24+ ft.,22,-223,10,1,0,20251103,DEN,SAC,15020,0,201566|201942|203471|203897|1627734,0,REG,2026,1610612758,,,,,
22500162342,,Shot Chart Detail,22500162,342,201566,Russell Westbrook,1610612758,Sacramento Kings,3,10,40,Made Shot,Running Reverse Layup Shot,2PT Field Goal,Restricted Area,Center(C),Less Than 8 ft.,3,-25,17,1,1,20251103,DEN,SAC,15200,0,201566|201942|203471|203897|1627734,0,REG,2026,1610612758,,,,,
22500162345,,Shot Chart Detail,22500162,345,203471,Dennis Schröder,1610612758,Sacramento Kings,3,10,3,Missed Shot,Jump Shot,3PT Field Goal,Above the Break 3,Left Side Center(LC),24+ ft.,28,-141,243,1,0,20251103,DEN,SAC,15570,0,201566|201942|203471|203897|1627734,0,REG,2026,1610612758,,,,,
22500162347,,Shot Chart Detail,22500162,347,203897,Zach LaVine,1610612758,Sacramento Kings,3,9,57,Missed Shot,Jump Shot,3PT Field Goal,Above the Break 3,Right Side Center(RC),24+ ft.,27,131,241,1,0,20251103,DEN,SAC,15630,0,201566|201942|203471|203897|1627734,0,REG,2026,1610612758,,,,,
22500162354,,Shot Chart Detail,22500162,354,203471,Dennis Schröder,1610612758,Sacramento Kings,3,9,29,Missed Shot,Driving Layup Shot,2PT Field Goal,In The Paint (Non-RA),Center(C),Less Than 8 ft.,5,-33,46,1,0,20251103,DEN,SAC,15910,0,201566|201942|203471|203897|1627734,0,REG,2026,1610612758,,,,,
22500162358,,Shot Chart Detail,22500162,358,1627734,Domantas Sabonis,1610612758,Sacramento Kings,3,9,24,Missed Shot,Driving Floating Bank Jump Shot,2PT Field Goal,Mid-Range,Right Side(R),8-16 ft.,10,91,43,1,0,20251103,DEN,SAC,15960,0,201566|201942|203471|203897|1627734,0,REG,2026,1610612758,,,,,
22500162371,,Shot Chart Detail,22500162,371,201566,Russell Westbrook,1610612758,Sacramento Kings,3,8,41,Missed Shot,Jump Shot,3PT Field Goal,Above the Break 3,Left Side Center(LC),24+ ft.,25,-186,173,1,0,20251103,DEN,SAC,16390,0,201566|201942|203471|203897|1627734,0,REG,2026,1610612758,,,,,
22500162381,,Shot Chart Detail,22500162,381,203471,Dennis Schröder,1610612758,Sacramento Kings,3,8,5,Made Shot,Pullup Jump shot,2PT Field Goal,Mid-Range,Center(C),16-24 ft.,18,-50,173,1,1,20251103,DEN,SAC,16750,0,201566|201942|203471|203897|1627734,0,REG,2026,1610612758,,,,,
22500162391,,Shot Chart Detail,22500162,391,203471,Dennis Schröder,1610612758,Sacramento Kings,3,7,29,Made Shot,Driving Layup Shot,2PT Field Goal,Restricted Area,Center(C),Less Than 8 ft.,3,-25,23,1,1,20251103,DEN,SAC,17110,0,201566|201942|203471|203897|1627734,0,REG,2026,1610612758,,,,,
22500162395,,Shot Chart Detail,22500162,395,201942,DeMar DeRozan,1610612758,Sacramento Kings,3,7,1,Missed Shot,Pullup Jump shot,2PT Field Goal,Mid-Range,Center(C),8-16 ft.,15,-56,148,1,0,20251103,DEN,SAC,17390,0,201566|201942|203471|203897|1627734,0,REG,2026,1610612758,,,,,
22500162411,,Shot Chart Detail,22500162,411,203471,Dennis Schröder,1610612758,Sacramento Kings,3,6,15,Missed Shot,Jump Shot,3PT Field Goal,Above the Break 3,Left Side Center(LC),24+ ft.,25,-218,128,1,0,20251103,DEN,SAC,17850,0,203471|203897|1627734|1631165|1642363,0,REG,2026,1610612758,,,,,
22500162427,,Shot Chart Detail,22500162,427,203471,Dennis Schröder,1610612758,Sacramento Kings,3,4,59,Missed Shot,Jump Shot,3PT Field Goal,Above the Break 3,Left Side Center(LC),24+ ft.,25,-216,131,1,0,20251103,DEN,SAC,18610,0,203471|203897|1627734|1631165|1642363,0,REG,2026,1610612758,,,,,
22500162435,,Shot Chart Detail,22500162,435,1631165,Keon Ellis,1610612758,Sacramento Kings,3,4,18,Made Shot,Running Jump Shot,3PT Field Goal,Left Corner 3,Left Side(L),24+ ft.,23,-227,62,1,1,20251103,DEN,SAC,19020,0,203471|203897|1627734|1631165|1642363,1,REG,2026,1610612758,,,,,
22500162439,,Shot Chart Detail,22500162,439,203897,Zach LaVine,1610612758,Sacramento Kings,3,3,44,Missed Shot,Jump Shot,3PT Field Goal,Above the Break 3,Right Side Center(RC),24+ ft.,27,85,259,1,0,20251103,DEN,SAC,19360,0,203471|203897|1627734|1631165|1642363,0,REG,2026,1610612758,,,,,
22500162441,,Shot Chart Detail,22500162,441,1642363,Nique Clifford,1610612758,Sacramento Kings,3,3,40,Made Shot,Putback Dunk Shot,2PT Field Goal,Restricted Area,Center(C),Less Than 8 ft.,0,0,0,1,1,20251103,DEN,SAC,19400,0,203471|203897|1627734|1631165|1642363,0,REG,2026,1610612758,,,,,
22500162444,,Shot Chart Detail,22500162,444,1631165,Keon Ellis,1610612758,Sacramento Kings,3,3,20,Missed Shot,Jump Shot,3PT Field Goal,Left Corner 3,Left Side(L),24+ ft.,22,-224,18,1,0,20251103,DEN,SAC,19600,0,203471|203897|1627734|1631165|1642363,0,REG,2026,1610612758,,,,,
22500162465,,Shot Chart Detail,22500162,465,1642363,Nique Clifford,1610612758,Sacramento Kings,3,2,35,Missed Shot,Jump Shot,3PT Field Goal,Above the Break 3,Right Side Center(RC),24+ ft.,25,235,95,1,0,20251103,DEN,SAC,20050,0,201566|201942|1629234|1631165|1642363,0,REG,2026,1610612758,,,,,
22500162471,,Shot Chart Detail,22500162,471,1642363,Nique Clifford,1610612758,Sacramento Kings,3,2,14,Made Shot,Cutting Layup Shot,2PT Field Goal,Restricted Area,Center(C),Less Than 8 ft.,3,37,13,1,1,20251103,DEN,SAC,20260,0,201566|201942|1629234|1631165|1642363,1,REG,2026,1610612758,,,,,
22500162475,,Shot Chart Detail,22500162,475,1629234,Drew Eubanks,1610612758,Sacramento Kings,3,1,38,Made Shot,Reverse Layup Shot,2PT Field Goal,Restricted Area,Center(C),Less Than 8 ft.,2,-12,18,1,1,20251103,DEN,SAC,20620,0,201566|201942|1629234|1631165|1642363,1,REG,2026,1610612758,,,,,
22500162482,,Shot Chart Detail,22500162,482,1629234,Drew Eubanks,1610612758,Sacramento Kings,3,1,16,Made Shot,Alley Oop Dunk Shot,2PT Field Goal,Restricted Area,Center(C),Less Than 8 ft.,1,-7,13,1,1,20251103,DEN,SAC,20840,0,201566|201942|1629234|1631165|1642363,1,REG,2026,1610612758,,,,,
22500162486,,Shot Chart Detail,22500162,486,1629234,Drew Eubanks,1610612758,Sacramento Kings,3,0,57,Made Shot,Alley Oop Dunk Shot,2PT Field Goal,Restricted Area,Center(C),Less Than 8 ft.,2,12,16,1,1,20251103,DEN,SAC,21030,0,201566|201942|1629234|1631165|1642363,1,REG,2026,1610612758,,,,,
22500162493,,Shot Chart Detail,22500162,493,201942,DeMar DeRozan,1610612758,Sacramento Kings,3,0,31,Made Shot,Pullup Jump shot,2PT Field Goal,Mid-Range,Right Side Center(RC),16-24 ft.,18,88,159,1,1,20251103,DEN,SAC,21290,0,201566|201942|1629234|1631165|1642363,0,REG,2026,1610612758,,,,,
22500162511,,Shot Chart Detail,22500162,511,1642363,Nique Clifford,1610612758,Sacramento Kings,4,11,30,Made Shot,Driving Floating Jump Shot,2PT Field Goal,In The Paint (Non-RA),Center(C),Less Than 8 ft.,7,49,59,1,1,20251103,DEN,SAC,21900,0,201566|201942|1629234|1631165|1642363,0,REG,2026,1610612758,,,,,
22500162523,,Shot Chart Detail,22500162,523,1629234,Drew Eubanks,1610612758,Sacramento Kings,4,10,39,Made Shot,Cutting Layup Shot,2PT Field Goal,In The Paint (Non-RA),Center(C),Less Than 8 ft.,4,-27,32,1,1,20251103,DEN,SAC,22410,0,201566|201942|1629234|1631165|1642363,1,REG,2026,1610612758,,,,,
22500162537,,Shot Chart Detail,22500162,537,201566,Russell Westbrook,1610612758,Sacramento Kings,4,9,51,Made Shot,Fadeaway Jump Shot,2PT Field Goal,In The Paint (Non-RA),Right Side(R),8-16 ft.,13,72,116,1,1,20251103,DEN,SAC,22890,0,201566|201942|1629234|1631165|1642363,0,REG,2026,1610612758,,,,,
22500162545,,Shot Chart Detail,22500162,545,201566,Russell Westbrook,1610612758,Sacramento Kings,4,9,10,Missed Shot,Fadeaway Jump Shot,2PT Field Goal,Mid-Range,Right Side(R),16-24 ft.,16,154,57,1,0,20251103,DEN,SAC,23300,0,201566|201942|203471|203897|1627734,0,REG,2026,1610612758,,,,,
22500162549,,Shot Chart Detail,22500162,549,201942,DeMar DeRozan,1610612758,Sacramento Kings,4,8,40,Missed Shot,Turnaround Fadeaway shot,2PT Field Goal,In The Paint (Non-RA),Center(C),8-16 ft.,14,69,125,1,0,20251103,DEN,SAC,23600,0,201566|201942|203471|203897|1627734,0,REG,2026,1610612758,,,,,
22500162555,,Shot Chart Detail,22500162,555,203471,Dennis Schröder,1610612758,Sacramento Kings,4,8,15,Made Shot,Jump Shot,2PT Field Goal,Mid-Range,Left Side Center(LC),16-24 ft.,19,-140,141,1,1,20251103,DEN,SAC,23850,0,201566|201942|203471|203897|1627734,0,REG,2026,1610612758,,,,,
22500162567,,Shot Chart Detail,22500162,567,203471,Dennis Schröder,1610612758,Sacramento Kings,4,7,44,Made Shot,Pullup Jump shot,2PT Field Goal,Mid-Range,Right Side Center(RC),16-24 ft.,17,118,130,1,1,20251103,DEN,SAC,24160,0,201942|203471|203897|1627734|1631165,1,REG,2026,1610612758,,,,,
22500162571,,Shot Chart Detail,22500162,571,1631165,Keon Ellis,1610612758,Sacramento Kings,4,7,8,Made Shot,Jump Shot,3PT Field Goal,Above the Break 3,Center(C),24+ ft.,26,-31,263,1,1,20251103,DEN,SAC,24520,0,201942|203471|203897|1627734|1631165,1,REG,2026,1610612758,,,,,
22500162582,,Shot Chart Detail,22500162,582,203471,Dennis Schröder,1610612758,Sacramento Kings,4,6,23,Missed Shot,Pullup Jump shot,2PT Field Goal,Mid-Range,Left Side Center(LC),16-24 ft.,18,-125,138,1,0,20251103,DEN,SAC,24970,0,201566|203471|203897|1627734|1631165,0,REG,2026,1610612758,,,,,
22500162586,,Shot Chart Detail,22500162,586,203897,Zach LaVine,1610612758,Sacramento Kings,4,5,47,Made Shot,Step Back Jump shot,3PT Field Goal,Above the Break 3,Right Side Center(RC),24+ ft.,26,125,235,1,1,20251103,DEN,SAC,25330,0,201566|203471|203897|1627734|1631165,0,REG,2026,1610612758,,,,,
22500162589,,Shot Chart Detail,22500162,589,1631165,Keon Ellis,1610612758,Sacramento Kings,4,5,16,Made Shot,Jump Shot,3PT Field Goal,Left Corner 3,Left Side(L),24+ ft.,22,-223,46,1,1,20251103,DEN,SAC,25640,0,201566|203471|203897|1627734|1631165,1,REG,2026,1610612758,,,,,
22500162592,,Shot Chart Detail,22500162,592,1627734,Domantas Sabonis,1610612758,Sacramento Kings,4,4,24,Missed Shot,Reverse Layup Shot,2PT Field Goal,Restricted Area,Center(C),Less Than 8 ft.,3,25,18,1,0,20251103,DEN,SAC,26160,0,201566|203471|203897|1627734|1631165,0,REG,2026,1610612758,,,,,
22500162603,,Shot Chart Detail,22500162,603,1631165,Keon Ellis,1610612758,Sacramento Kings,4,3,57,Missed Shot,Jump Shot,3PT Field Goal,Left Corner 3,Left Side(L),24+ ft.,22,-227,23,1,0,20251103,DEN,SAC,26430,0,201566|203471|203897|1627734|1631165,0,REG,2026,1610612758,,,,,
22500162608,,Shot Chart Detail,22500162,608,203897,Zach LaVine,1610612758,Sacramento Kings,4,3,26,Missed Shot,Jump Shot,3PT Field Goal,Left Corner 3,Left Side(L),24+ ft.,22,-227,6,1,0,20251103,DEN,SAC,26740,0,201566|203471|203897|1627734|1631165,0,REG,2026,1610612758,,,,,
22500162629,,Shot Chart Detail,22500162,629,201566,Russell Westbrook,1610612758,Sacramento Kings,4,2,1,Made Shot,Cutting Layup Shot,2PT Field Goal,Restricted Area,Center(C),Less Than 8 ft.,3,33,11,1,1,20251103,DEN,SAC,27590,0,201566|201942|203471|203897|1627734,1,REG,2026,1610612758,,,,,
22500162637,,Shot Chart Detail,22500162,637,201566,Russell Westbrook,1610612758,Sacramento Kings,4,1,22,Made Shot,Running Layup Shot,2PT Field Goal,Restricted Area,Center(C),Less Than 8 ft.,3,27,20,1,1,20251103,DEN,SAC,27980,0,201566|201942|203471|203897|1627734,1,REG,2026,1610612758,,,,,
22500162652,,Shot Chart Detail,22500162,652,203897,Zach LaVine,1610612758,Sacramento Kings,4,0,36,Missed Shot,Running Jump Shot,3PT Field Goal,Above the Break 3,Right Side Center(RC),24+ ft.,29,138,259,1,0,20251103,DEN,SAC,28440,0,201566|201942|203471|203897|1627734,0,REG,2026,1610612758,,,,,
22500162657,,Shot Chart Detail,22500162,657,203471,Dennis Schröder,1610612758,Sacramento Kings,4,0,10,Made Shot,Running Layup Shot,2PT Field Goal,In The Paint (Non-RA),Center(C),Less Than 8 ft.,4,37,17,1,1,20251103,DEN,SAC,28700,0,201566|201942|203471|203897|1627734,0,REG,2026,1610612758,,,,,
225001819,,Shot Chart Detail,22500181,9,201566,Russell Westbrook,1610612758,Sacramento Kings,1,11,25,Missed Shot,Driving Layup Shot,2PT Field Goal,Restricted Area,Center(C),Less Than 8 ft.,3,-20,28,1,0,20251105,SAC,GSW,350,0,201566|201942|203471|1629234|1642363,0,REG,2026,1610612758,,,,,
2250018113,,Shot Chart Detail,22500181,13,201566,Russell Westbrook,1610612758,Sacramento Kings,1,10,53,Made Shot,Jump Shot,3PT Field Goal,Right Corner 3,Right Side(R),24+ ft.,23,230,64,1,1,20251105,SAC,GSW,670,0,201566|201942|203471|1629234|1642363,1,REG,2026,1610612758,,,,,
2250018120,,Shot Chart Detail,22500181,20,1629234,Drew Eubanks,1610612758,Sacramento Kings,1,9,59,Made Shot,Running Reverse Layup Shot,2PT Field Goal,Restricted Area,Center(C),Less Than 8 ft.,2,21,18,1,1,20251105,SAC,GSW,1210,0,201566|201942|203471|1629234|1642363,1,REG,2026,1610612758,,,,,
2250018129,,Shot Chart Detail,22500181,29,201942,DeMar DeRozan,1610612758,Sacramento Kings,1,9,4,Made Shot,Pullup Jump shot,2PT Field Goal,Mid-Range,Right Side(R),8-16 ft.,9,92,8,1,1,20251105,SAC,GSW,1760,0,201566|201942|203471|1629234|1642363,1,REG,2026,1610612758,,,,,
2250018134,,Shot Chart Detail,22500181,34,203471,Dennis Schröder,1610612758,Sacramento Kings,1,8,40,Made Shot,Running Layup Shot,2PT Field Goal,Restricted Area,Center(C),Less Than 8 ft.,2,16,17,1,1,20251105,SAC,GSW,2000,0,201566|201942|203471|1629234|1642363,0,REG,2026,1610612758,,,,,
2250018141,,Shot Chart Detail,22500181,41,203471,Dennis Schröder,1610612758,Sacramento Kings,1,7,34,Missed Shot,Jump Shot,2PT Field Goal,Mid-Range,Left Side(L),16-24 ft.,22,-197,111,1,0,20251105,SAC,GSW,2660,0,201566|201942|203471|1629234|1642363,0,REG,2026,1610612758,,,,,
2250018144,,Shot Chart Detail,22500181,44,201566,Russell Westbrook,1610612758,Sacramento Kings,1,7,13,Made Shot,Driving Layup Shot,2PT Field Goal,Restricted Area,Center(C),Less Than 8 ft.,3,-22,27,1,1,20251105,SAC,GSW,2870,0,201566|201942|203471|1629234|1642363,0,REG,2026,1610612758,,,,,
2250018153,,Shot Chart Detail,22500181,53,201942,DeMar DeRozan,1610612758,Sacramento Kings,1,6,37,Missed Shot,Driving Layup Shot,2PT Field Goal,Restricted Area,Center(C),Less Than 8 ft.,2,-10,23,1,0,20251105,SAC,GSW,3230,0,201566|201942|1629234|1631165|1642363,0,REG,2026,1610612758,,,,,
2250018171,,Shot Chart Detail,22500181,71,201942,DeMar DeRozan,1610612758,Sacramento Kings,1,5,57,Made Shot,Turnaround Jump Shot,2PT Field Goal,In The Paint (Non-RA),Center(C),8-16 ft.,11,21,112,1,1,20251105,SAC,GSW,3630,0,201566|201942|1628370|1631165|1642875,0,REG,2026,1610612758,,,,,
2250018178,,Shot Chart Detail,22500181,78,201942,DeMar DeRozan,1610612758,Sacramento Kings,1,5,7,Missed Shot,Pullup Jump shot,2PT Field Goal,Mid-Range,Right Side Center(RC),16-24 ft.,16,81,144,1,0,20251105,SAC,GSW,4130,0,201566|201942|1628370|1631165|1642875,0,REG,2026,1610612758,,,,,
2250018190,,Shot Chart Detail,22500181,90,1631165,Keon Ellis,1610612758,Sacramento Kings,1,4,28,Missed Shot,Jump Shot,2PT Field Goal,Mid-Range,Center(C),16-24 ft.,18,-36,185,1,0,20251105,SAC,GSW,4520,0,201942|1628370|1631165|1642269|1642875,0,REG,2026,1610612758,,,,,
22500181106,,Shot Chart Detail,22500181,106,1628370,Malik Monk,1610612758,Sacramento Kings,1,3,57,Made Shot,Step Back Jump shot,3PT Field Goal,Above the Break 3,Left Side Center(LC),24+ ft.,26,-105,242,1,1,20251105,SAC,GSW,4830,0,1628370|1631165|1642269|1642363|1642875,0,REG,2026,1610612758,,,,,
22500181110,,Shot Chart Detail,22500181,110,1628370,Malik Monk,1610612758,Sacramento Kings,1,3,19,Missed Shot,Jump Shot,3PT Field Goal,Above the Break 3,Left Side Center(LC),24+ ft.,24,-221,116,1,0,20251105,SAC,GSW,5210,0,1628370|1631165|1642269|1642363|1642875,0,REG,2026,1610612758,,,,,
22500181112,,Shot Chart Detail,22500181,112,1642875,Maxime Raynaud,1610612758,Sacramento Kings,1,3,15,Made Shot,Turnaround Hook Shot,2PT Field Goal,Restricted Area,Center(C),Less Than 8 ft.,2,0,25,1,1,20251105,SAC,GSW,5250,0,1628370|1631165|1642269|1642363|1642875,0,REG,2026,1610612758,,,,,
22500181128,,Shot Chart Detail,22500181,128,1642363,Nique Clifford,1610612758,Sacramento Kings,1,1,58,Missed Shot,Jump Shot,3PT Field Goal,Above the Break 3,Center(C),24+ ft.,26,56,259,1,0,20251105,SAC,GSW,6020,0,1628370|1631165|1642269|1642363|1642875,0,REG,2026,1610612758,,,,,
22500181145,,Shot Chart Detail,22500181,145,1642269,Devin Carter,1610612758,Sacramento Kings,1,0,52,Missed Shot,Jump Shot,3PT Field Goal,Above the Break 3,Right Side Center(RC),24+ ft.,26,195,174,1,0,20251105,SAC,GSW,6680,0,203471|1629234|1630173|1642269|1642363,0,REG,2026,1610612758,,,,,
22500181147,,Shot Chart Detail,22500181,147,1630173,Precious Achiuwa,1610612758,Sacramento Kings,1,0,43,Made Shot,Cutting Layup Shot,2PT Field Goal,Restricted Area,Center(C),Less Than 8 ft.,2,12,25,1,1,20251105,SAC,GSW,6770,0,203471|1629234|1630173|1642269|1642363,1,REG,2026,1610612758,,,,,
22500181152,,Shot Chart Detail,22500181,152,1642363,Nique Clifford,1610612758,Sacramento Kings,1,0,7,Made Shot,Jump Shot,3PT Field Goal,Left Corner 3,Left Side(L),24+ ft.,23,-223,69,1,1,20251105,SAC,GSW,7130,0,203471|1629234|1630173|1642269|1642363,1,REG,2026,1610612758,,,,,
22500181178,,Shot Chart Detail,22500181,178,203471,Dennis Schröder,1610612758,Sacramento Kings,2,11,32,Missed Shot,Floating Jump shot,2PT Field Goal,In The Paint (Non-RA),Center(C),8-16 ft.,12,11,127,1,0,20251105,SAC,GSW,7480,0,203471|1628370|1629234|1630173|1631165,0,REG,2026,1610612758,,,,,
22500181180,,Shot Chart Detail,22500181,180,203471,Dennis Schröder,1610612758,Sacramento Kings,2,11,24,Missed Shot,Driving Layup Shot,2PT Field Goal,In The Paint (Non-RA),Center(C),Less Than 8 ft.,6,48,44,1,0,20251105,SAC,GSW,7560,0,203471|1628370|1629234|1630173|1631165,0,REG,2026,1610612758,,,,,
22500181185,,Shot Chart Detail,22500181,185,1628370,Malik Monk,1610612758,Sacramento Kings,2,10,52,Missed Shot,Step Back Jump shot,3PT Field Goal,Above the Break 3,Right Side Center(RC),24+ ft.,28,194,211,1,0,20251105,SAC,GSW,7880,0,203471|1628370|1629234|1630173|1631165,0,REG,2026,1610612758,,,,,
22500181190,,Shot Chart Detail,22500181,190,1629234,Drew Eubanks,1610612758,Sacramento Kings,2,10,24,Made Shot,Cutting Layup Shot,2PT Field Goal,In The Paint (Non-RA),Center(C),Less Than 8 ft.,4,11,41,1,1,20251105,SAC,GSW,8160,0,203471|1628370|1629234|1630173|1631165,1,REG,2026,1610612758,,,,,
22500181203,,Shot Chart Detail,22500181,203,203471,Dennis Schröder,1610612758,Sacramento Kings,2,9,26,Missed Shot,Floating Jump shot,2PT Field Goal,Mid-Range,Right Side(R),8-16 ft.,13,130,2,1,0,20251105,SAC,GSW,8740,0,201566|203471|1628370|1629234|1631165,0,REG,2026,1610612758,,,,,
22500181209,,Shot Chart Detail,22500181,209,1628370,Malik Monk,1610612758,Sacramento Kings,2,8,58,Made Shot,Jump Shot,3PT Field Goal,Above the Break 3,Center(C),24+ ft.,27,-26,272,1,1,20251105,SAC,GSW,9020,0,201566|203471|1628370|1629234|1631165,1,REG,2026,1610612758,,,,,
22500181217,,Shot Chart Detail,22500181,217,1629234,Drew Eubanks,1610612758,Sacramento Kings,2,8,12,Made Shot,Cutting Dunk Shot,2PT Field Goal,In The Paint (Non-RA),Center(C),Less Than 8 ft.,7,-56,44,1,1,20251105,SAC,GSW,9480,0,201566|203471|1628370|1629234|1631165,1,REG,2026,1610612758,,,,,
22500181235,,Shot Chart Detail,22500181,235,1628370,Malik Monk,1610612758,Sacramento Kings,2,7,50,Made Shot,Running Layup Shot,2PT Field Goal,Restricted Area,Center(C),Less Than 8 ft.,3,11,32,1,1,20251105,SAC,GSW,9700,0,201566|201942|203471|1628370|1642875,1,REG,2026,1610612758,,,,,
22500181243,,Shot Chart Detail,22500181,243,1628370,Malik Monk,1610612758,Sacramento Kings,2,7,8,Missed Shot,Jump Shot,3PT Field Goal,Left Corner 3,Left Side(L),24+ ft.,22,-227,33,1,0,20251105,SAC,GSW,10120,0,201566|201942|1628370|1642363|1642875,0,REG,2026,1610612758,,,,,
22500181247,,Shot Chart Detail,22500181,247,201566,Russell Westbrook,1610612758,Sacramento Kings,2,6,43,Made Shot,Driving Dunk Shot,2PT Field Goal,In The Paint (Non-RA),Center(C),Less Than 8 ft.,4,1,43,1,1,20251105,SAC,GSW,10370,0,201566|201942|1628370|1642363|1642875,0,REG,2026,1610612758,,,,,
22500181257,,Shot Chart Detail,22500181,257,1628370,Malik Monk,1610612758,Sacramento Kings,2,6,7,Made Shot,Driving Layup Shot,2PT Field Goal,In The Paint (Non-RA),Center(C),Less Than 8 ft.,5,2,58,1,1,20251105,SAC,GSW,10730,0,201566|201942|1628370|1642363|1642875,0,REG,2026,1610612758,,,,,
22500181262,,Shot Chart Detail,22500181,262,1642875,Maxime Raynaud,1610612758,Sacramento Kings,2,5,32,Missed Shot,Jump Shot,3PT Field Goal,Above the Break 3,Right Side Center(RC),24+ ft.,27,110,256,1,0,20251105,SAC,GSW,11080,0,201566|201942|1628370|1642363|1642875,0,REG,2026,1610612758,,,,,
22500181267,,Shot Chart Detail,22500181,267,201566,Russell Westbrook,1610612758,Sacramento Kings,2,5,8,Made Shot,Jump Shot,3PT Field Goal,Above the Break 3,Right Side Center(RC),24+ ft.,24,228,91,1,1,20251105,SAC,GSW,11320,0,201566|201942|1628370|1642363|1642875,0,REG,2026,1610612758,,,,,
22500181278,,Shot Chart Detail,22500181,278,201942,DeMar DeRozan,1610612758,Sacramento Kings,2,4,19,Missed Shot,Turnaround Jump Shot,2PT Field Goal,Mid-Range,Left Side(L),8-16 ft.,13,-113,73,1,0,20251105,SAC,GSW,11810,0,201566|201942|1631165|1642363|1642875,0,REG,2026,1610612758,,,,,
22500181283,,Shot Chart Detail,22500181,283,1642363,Nique Clifford,1610612758,Sacramento Kings,2,3,49,Made Shot,Jump Shot,3PT Field Goal,Above the Break 3,Right Side Center(RC),24+ ft.,24,162,185,1,1,20251105,SAC,GSW,12110,0,201566|201942|1631165|1642363|1642875,1,REG,2026,1610612758,,,,,
22500181286,,Shot Chart Detail,22500181,286,201566,Russell Westbrook,1610612758,Sacramento Kings,2,3,19,Missed Shot,Jump Shot,3PT Field Goal,Above the Break 3,Left Side Center(LC),24+ ft.,26,-181,199,1,0,20251105,SAC,GSW,12410,0,201566|201942|1631165|1642363|1642875,0,REG,2026,1610612758,,,,,
22500181290,,Shot Chart Detail,22500181,290,201942,DeMar DeRozan,1610612758,Sacramento Kings,2,3,4,Made Shot,Running Layup Shot,2PT Field Goal,In The Paint (Non-RA),Center(C),Less Than 8 ft.,5,-25,52,1,1,20251105,SAC,GSW,12560,0,201566|201942|1631165|1642363|1642875,1,REG,2026,1610612758,,,,,
22500181303,,Shot Chart Detail,22500181,303,201942,DeMar DeRozan,1610612758,Sacramento Kings,2,2,40,Missed Shot,Jump Shot,2PT Field Goal,Mid-Range,Left Side Center(LC),16-24 ft.,18,-93,163,1,0,20251105,SAC,GSW,12800,0,201566|201942|1629234|1631165|1642363,0,REG,2026,1610612758,,,,,
22500181308,,Shot Chart Detail,22500181,308,201566,Russell Westbrook,1610612758,Sacramento Kings,2,2,1,Missed Shot,Driving Layup Shot,2PT Field Goal,In The Paint (Non-RA),Center(C),Less Than 8 ft.,6,7,69,1,0,20251105,SAC,GSW,13190,0,201566|201942|1629234|1631165|1642363,0,REG,2026,1610612758,,,,,
22500181312,,Shot Chart Detail,22500181,312,201566,Russell Westbrook,1610612758,Sacramento Kings,2,1,51,Made Shot,Running Jump Shot,3PT Field Goal,Above the Break 3,Left Side Center(LC),24+ ft.,27,-199,190,1,1,20251105,SAC,GSW,13290,0,201566|201942|1629234|1631165|1642363,1,REG,2026,1610612758,,,,,
22500181319,,Shot Chart Detail,22500181,319,1629234,Drew Eubanks,1610612758,Sacramento Kings,2,1,2,Made Shot,Floating Jump shot,2PT Field Goal,In The Paint (Non-RA),Center(C),Less Than 8 ft.,5,-33,43,1,1,20251105,SAC,GSW,13780,0,201566|201942|1629234|1631165|1642363,1,REG,2026,1610612758,,,,,
22500181341,,Shot Chart Detail,22500181,341,201942,DeMar DeRozan,1610612758,Sacramento Kings,2,0,0,Missed Shot,Driving Layup Shot,2PT Field Goal,In The Paint (Non-RA),Center(C),Less Than 8 ft.,5,-1,50,1,0,20251105,SAC,GSW,14400,0,201566|201942|1628370|1631165|1642363,0,REG,2026,1610612758,,,,,
22500181360,,Shot Chart Detail,22500181,360,1642363,Nique Clifford,1610612758,Sacramento Kings,3,11,14,Missed Shot,Floating Jump shot,2PT Field Goal,In The Paint (Non-RA),Right Side(R),8-16 ft.,8,44,73,1,0,20251105,SAC,GSW,14860,0,201566|201942|203471|1629234|1642363,0,REG,2026,1610612758,,,,,
22500181364,,Shot Chart Detail,22500181,364,201942,DeMar DeRozan,1610612758,Sacramento Kings,3,11,2,Missed Shot,Turnaround Jump Shot,2PT Field Goal,In The Paint (Non-RA),Center(C),8-16 ft.,13,-5,130,1,0,20251105,SAC,GSW,14980,0,201566|201942|203471|1629234|1642363,0,REG,2026,1610612758,,,,,
22500181368,,Shot Chart Detail,22500181,368,1642363,Nique Clifford,1610612758,Sacramento Kings,3,10,26,Made Shot,Jump Shot,3PT Field Goal,Above the Break 3,Left Side Center(LC),24+ ft.,25,-194,158,1,1,20251105,SAC,GSW,15340,0,201566|201942|203471|1629234|1642363,1,REG,2026,1610612758,,,,,
22500181372,,Shot Chart Detail,22500181,372,201942,DeMar DeRozan,1610612758,Sacramento Kings,3,10,7,Missed Shot,Driving Layup Shot,2PT Field Goal,Restricted Area,Center(C),Less Than 8 ft.,2,-18,15,1,0,20251105,SAC,GSW,15530,0,201566|201942|203471|1629234|1642363,0,REG,2026,1610612758,,,,,
22500181380,,Shot Chart Detail,22500181,380,203471,Dennis Schröder,1610612758,Sacramento Kings,3,9,46,Made Shot,Driving Layup Shot,2PT Field Goal,Restricted Area,Center(C),Less Than 8 ft.,2,-11,20,1,1,20251105,SAC,GSW,15740,0,201566|201942|203471|1629234|1642363,0,REG,2026,1610612758,,,,,
22500181405,,Shot Chart Detail,22500181,405,201942,DeMar DeRozan,1610612758,Sacramento Kings,3,8,22,Made Shot,Running Layup Shot,2PT Field Goal,Restricted Area,Center(C),Less Than 8 ft.,3,25,27,1,1,20251105,SAC,GSW,16580,0,201566|201942|203471|1629234|1642363,1,REG,2026,1610612758,,,,,
22500181413,,Shot Chart Detail,22500181,413,203471,Dennis Schröder,1610612758,Sacramento Kings,3,7,24,Missed Shot,Layup Shot,2PT Field Goal,In The Paint (Non-RA),Center(C),Less Than 8 ft.,5,53,6,1,0,20251105,SAC,GSW,17160,0,201566|201942|203471|1629234|1642363,0,REG,2026,1610612758,,,,,
22500181426,,Shot Chart Detail,22500181,426,201566,Russell Westbrook,1610612758,Sacramento Kings,3,6,38,Made Shot,Jump Shot,2PT Field Goal,In The Paint (Non-RA),Center(C),Less Than 8 ft.,6,62,21,1,1,20251105,SAC,GSW,17620,0,201566|201942|203471|1629234|1642363,0,REG,2026,1610612758,,,,,
22500181435,,Shot Chart Detail,22500181,435,1629234,Drew Eubanks,1610612758,Sacramento Kings,3,6,8,Made Shot,Layup Shot,2PT Field Goal,Restricted Area,Center(C),Less Than 8 ft.,2,-21,-4,1,1,20251105,SAC,GSW,17920,0,201566|201942|203471|1628370|1629234,1,REG,2026,1610612758,,,,,
22500181454,,Shot Chart Detail,22500181,454,1642875,Maxime Raynaud,1610612758,Sacramento Kings,3,5,38,Missed Shot,Layup Shot,2PT Field Goal,In The Paint (Non-RA),Center(C),Less Than 8 ft.,4,7,42,1,0,20251105,SAC,GSW,18220,0,201566|201942|1628370|1631165|1642875,0,REG,2026,1610612758,,,,,
22500181458,,Shot Chart Detail,22500181,458,201566,Russell Westbrook,1610612758,Sacramento Kings,3,5,29,Made Shot,Jump Shot,2PT Field Goal,Restricted Area,Center(C),Less Than 8 ft.,1,-2,10,1,1,20251105,SAC,GSW,18310,0,201566|201942|1628370|1631165|1642875,1,REG,2026,1610612758,,,,,
22500181468,,Shot Chart Detail,22500181,468,1628370,Malik Monk,1610612758,Sacramento Kings,3,4,55,Made Shot,Running Layup Shot,2PT Field Goal,In The Paint (Non-RA),Center(C),Less Than 8 ft.,4,48,3,1,1,20251105,SAC,GSW,18650,0,201566|201942|1628370|1631165|1642875,1,REG,2026,1610612758,,,,,
22500181491,,Shot Chart Detail,22500181,491,1628370,Malik Monk,1610612758,Sacramento Kings,3,3,42,Missed Shot,Jump Shot,2PT Field Goal,In The Paint (Non-RA),Center(C),Less Than 8 ft.,4,-34,34,1,0,20251105,SAC,GSW,19380,0,201566|201942|1628370|1631165|1642875,0,REG,2026,1610612758,,,,,
22500181520,,Shot Chart Detail,22500181,520,201942,DeMar DeRozan,1610612758,Sacramento Kings,3,2,27,Made Shot,Floating Jump shot,2PT Field Goal,In The Paint (Non-RA),Center(C),Less Than 8 ft.,7,-15,75,1,1,20251105,SAC,GSW,20130,0,201942|203471|1628370|1629234|1630173,1,REG,2026,1610612758,,,,,
22500181524,,Shot Chart Detail,22500181,524,1628370,Malik Monk,1610612758,Sacramento Kings,3,1,53,Made Shot,Turnaround Jump Shot,2PT Field Goal,In The Paint (Non-RA),Left Side(L),8-16 ft.,8,-58,66,1,1,20251105,SAC,GSW,20470,0,201942|203471|1628370|1629234|1630173,0,REG,2026,1610612758,,,,,
22500181538,,Shot Chart Detail,22500181,538,1642363,Nique Clifford,1610612758,Sacramento Kings,3,0,55,Missed Shot,Running Jump Shot,3PT Field Goal,Above the Break 3,Left Side Center(LC),24+ ft.,27,-170,210,1,0,20251105,SAC,GSW,21050,0,203471|1628370|1629234|1630173|1642363,0,REG,2026,1610612758,,,,,
22500181542,,Shot Chart Detail,22500181,542,1630173,Precious Achiuwa,1610612758,Sacramento Kings,3,0,39,Made Shot,Running Layup Shot,2PT Field Goal,Restricted Area,Center(C),Less Than 8 ft.,3,38,3,1,1,20251105,SAC,GSW,21210,0,203471|1628370|1629234|1630173|1642363,1,REG,2026,1610612758,,,,,
22500181566,,Shot Chart Detail,22500181,566,1628370,Malik Monk,1610612758,Sacramento Kings,4,11,38,Missed Shot,Turnaround Jump Shot,2PT Field Goal,In The Paint (Non-RA),Right Side(R),8-16 ft.,8,50,69,1,0,20251105,SAC,GSW,21820,0,203471|1628370|1629234|1630173|1642363,0,REG,2026,1610612758,,,,,
22500181571,,Shot Chart Detail,22500181,571,1642363,Nique Clifford,1610612758,Sacramento Kings,4,11,4,Made Shot,Cutting Layup Shot,2PT Field Goal,Restricted Area,Center(C),Less Than 8 ft.,1,-6,8,1,1,20251105,SAC,GSW,22160,0,203471|1628370|1629234|1630173|1642363,1,REG,2026,1610612758,,,,,
22500181584,,Shot Chart Detail,22500181,584,203471,Dennis Schröder,1610612758,Sacramento Kings,4,10,7,Missed Shot,Jump Shot,2PT Field Goal,Mid-Range,Left Side(L),8-16 ft.,12,-129,-2,1,0,20251105,SAC,GSW,22730,0,203471|1628370|1629234|1630173|1642363,0,REG,2026,1610612758,,,,,
22500181589,,Shot Chart Detail,22500181,589,203471,Dennis Schröder,1610612758,Sacramento Kings,4,9,53,Missed Shot,Jump Shot,3PT Field Goal,Above the Break 3,Left Side Center(LC),24+ ft.,25,-154,197,1,0,20251105,SAC,GSW,22870,0,203471|1628370|1629234|1630173|1642363,0,REG,2026,1610612758,,,,,
22500181605,,Shot Chart Detail,22500181,605,201942,DeMar DeRozan,1610612758,Sacramento Kings,4,9,19,Made Shot,Fadeaway Jump Shot,2PT Field Goal,Mid-Range,Left Side(L),8-16 ft.,9,-97,14,1,1,20251105,SAC,GSW,23210,0,201566|201942|203471|1628370|1629234,1,REG,2026,1610612758,,,,,
22500181613,,Shot Chart Detail,22500181,613,201942,DeMar DeRozan,1610612758,Sacramento Kings,4,8,53,Missed Shot,Jump Shot,2PT Field Goal,Mid-Range,Left Side(L),8-16 ft.,14,-127,79,1,0,20251105,SAC,GSW,23470,0,201566|201942|203471|1628370|1642875,0,REG,2026,1610612758,,,,,
22500181618,,Shot Chart Detail,22500181,618,203471,Dennis Schröder,1610612758,Sacramento Kings,4,8,21,Made Shot,Driving Layup Shot,2PT Field Goal,Restricted Area,Center(C),Less Than 8 ft.,3,-31,4,1,1,20251105,SAC,GSW,23790,0,201566|201942|203471|1628370|1642875,0,REG,2026,1610612758,,,,,
22500181626,,Shot Chart Detail,22500181,626,1628370,Malik Monk,1610612758,Sacramento Kings,4,7,45,Missed Shot,Fadeaway Jump Shot,2PT Field Goal,In The Paint (Non-RA),Center(C),8-16 ft.,10,18,101,1,0,20251105,SAC,GSW,24150,0,201566|201942|203471|1628370|1642875,0,REG,2026,1610612758,,,,,
22500181628,,Shot Chart Detail,22500181,628,201942,DeMar DeRozan,1610612758,Sacramento Kings,4,7,39,Missed Shot,Jump Shot,3PT Field Goal,Left Corner 3,Left Side(L),24+ ft.,23,-235,-13,1,0,20251105,SAC,GSW,24210,0,201566|201942|203471|1628370|1642875,0,REG,2026,1610612758,,,,,
22500181634,,Shot Chart Detail,22500181,634,201942,DeMar DeRozan,1610612758,Sacramento Kings,4,7,14,Made Shot,Pullup Jump shot,2PT Field Goal,In The Paint (Non-RA),Left Side(L),8-16 ft.,11,-62,101,1,1,20251105,SAC,GSW,24460,0,201566|201942|203471|1628370|1642875,1,REG,2026,1610612758,,,,,
22500181637,,Shot Chart Detail,22500181,637,203471,Dennis Schröder,1610612758,Sacramento Kings,4,6,51,Missed Shot,Driving Layup Shot,2PT Field Goal,Restricted Area,Center(C),Less Than 8 ft.,3,-33,-5,1,0,20251105,SAC,GSW,24690,0,201566|201942|203471|1628370|1642875,0,REG,2026,1610612758,,,,,
22500181642,,Shot Chart Detail,22500181,642,201566,Russell Westbrook,1610612758,Sacramento Kings,4,6,29,Made Shot,Cutting Layup Shot,2PT Field Goal,Restricted Area,Center(C),Less Than 8 ft.,0,6,-1,1,1,20251105,SAC,GSW,24910,0,201566|201942|203471|1628370|1642875,1,REG,2026,1610612758,,,,,
22500181646,,Shot Chart Detail,22500181,646,201942,DeMar DeRozan,1610612758,Sacramento Kings,4,6,2,Missed Shot,Jump Shot,2PT Field Goal,Mid-Range,Left Side(L),8-16 ft.,8,-87,-5,1,0,20251105,SAC,GSW,25180,0,201566|201942|203471|1628370|1642875,0,REG,2026,1610612758,,,,,
22500181661,,Shot Chart Detail,22500181,661,203471,Dennis Schröder,1610612758,Sacramento Kings,4,5,34,Made Shot,Jump Shot,3PT Field Goal,Above the Break 3,Left Side Center(LC),24+ ft.,24,-179,173,1,1,20251105,SAC,GSW,25460,0,201566|201942|203471|1629234|1642363,1,REG,2026,1610612758,,,,,
22500181665,,Shot Chart Detail,22500181,665,203471,Dennis Schröder,1610612758,Sacramento Kings,4,5,10,Missed Shot,Floating Jump shot,2PT Field Goal,In The Paint (Non-RA),Center(C),Less Than 8 ft.,7,-76,5,1,0,20251105,SAC,GSW,25700,0,201566|201942|203471|1629234|1642363,0,REG,2026,1610612758,,,,,
22500181667,,Shot Chart Detail,22500181,667,201566,Russell Westbrook,1610612758,Sacramento Kings,4,5,9,Made Shot,Tip Layup Shot,2PT Field Goal,Restricted Area,Center(C),Less Than 8 ft.,0,0,0,1,1,20251105,SAC,GSW,25710,0,201566|201942|203471|1629234|1642363,0,REG,2026,1610612758,,,,,
22500181674,,Shot Chart Detail,22500181,674,201942,DeMar DeRozan,1610612758,Sacramento Kings,4,4,36,Missed Shot,Jump Shot,2PT Field Goal,Mid-Range,Right Side Center(RC),16-24 ft.,16,119,111,1,0,20251105,SAC,GSW,26040,0,201566|201942|203471|1629234|1642363,0,REG,2026,1610612758,,,,,
22500181676,,Shot Chart Detail,22500181,676,203471,Dennis Schröder,1610612758,Sacramento Kings,4,4,31,Made Shot,Jump Shot,3PT Field Goal,Above the Break 3,Right Side Center(RC),24+ ft.,23,150,185,1,1,20251105,SAC,GSW,26090,0,201566|201942|203471|1629234|1642363,1,REG,2026,1610612758,,,,,
22500181681,,Shot Chart Detail,22500181,681,1642363,Nique Clifford,1610612758,Sacramento Kings,4,4,3,Missed Shot,Jump Shot,3PT Field Goal,Above the Break 3,Left Side Center(LC),24+ ft.,25,-200,162,1,0,20251105,SAC,GSW,26370,0,201566|201942|203471|1629234|1642363,0,REG,2026,1610612758,,,,,
22500181687,,Shot Chart Detail,22500181,687,203471,Dennis Schröder,1610612758,Sacramento Kings,4,3,27,Made Shot,Jump Shot,3PT Field Goal,Above the Break 3,Center(C),24+ ft.,24,-16,243,1,1,20251105,SAC,GSW,26730,0,201566|201942|203471|1629234|1642363,0,REG,2026,1610612758,,,,,
22500181698,,Shot Chart Detail,22500181,698,203471,Dennis Schröder,1610612758,Sacramento Kings,4,3,0,Missed Shot,Driving Floating Bank Jump Shot,2PT Field Goal,In The Paint (Non-RA),Center(C),Less Than 8 ft.,5,-54,9,1,0,20251105,SAC,GSW,27000,0,201566|201942|203471|1629234|1642363,0,REG,2026,1610612758,,,,,
22500181700,,Shot Chart Detail,22500181,700,1629234,Drew Eubanks,1610612758,Sacramento Kings,4,2,48,Missed Shot,Hook Shot,2PT Field Goal,In The Paint (Non-RA),Center(C),Less Than 8 ft.,7,72,9,1,0,20251105,SAC,GSW,27120,0,201566|201942|203471|1629234|1642363,0,REG,2026,1610612758,,,,,
22500181704,,Shot Chart Detail,22500181,704,201942,DeMar DeRozan,1610612758,Sacramento Kings,4,2,18,Made Shot,Pullup Jump shot,2PT Field Goal,Mid-Range,Center(C),8-16 ft.,15,-13,155,1,1,20251105,SAC,GSW,27420,0,201566|201942|203471|1629234|1642363,1,REG,2026,1610612758,,,,,
22500181708,,Shot Chart Detail,22500181,708,203471,Dennis Schröder,1610612758,Sacramento Kings,4,1,40,Missed Shot,Jump Shot,3PT Field Goal,Above the Break 3,Center(C),24+ ft.,34,78,334,1,0,20251105,SAC,GSW,27800,0,201566|201942|203471|1629234|1642363,0,REG,2026,1610612758,,,,,
22500181714,,Shot Chart Detail,22500181,714,201566,Russell Westbrook,1610612758,Sacramento Kings,4,1,7,Missed Shot,Jump Shot,2PT Field Goal,Mid-Range,Right Side Center(RC),16-24 ft.,18,99,158,1,0,20251105,SAC,GSW,28130,0,201566|201942|203471|1629234|1642363,0,REG,2026,1610612758,,,,,
22500181718,,Shot Chart Detail,22500181,718,201942,DeMar DeRozan,1610612758,Sacramento Kings,4,0,36,Missed Shot,Turnaround Jump Shot,2PT Field Goal,In The Paint (Non-RA),Left Side(L),8-16 ft.,13,-69,117,1,0,20251105,SAC,GSW,28440,0,201566|201942|203471|1629234|1642363,0,REG,2026,1610612758,,,,,
225001979,,Shot Chart Detail,22500197,9,1627734,Domantas Sabonis,1610612758,Sacramento Kings,1,11,23,Missed Shot,Jump Shot,2PT Field Goal,Mid-Range,Left Side Center(LC),16-24 ft.,17,-77,155,1,0,20251109,SAC,MIN,370,0,201942|203471|203897|1627734|1630173,0,REG,2026,1610612758,,,,,
2250019713,,Shot Chart Detail,22500197,13,203897,Zach LaVine,1610612758,Sacramento Kings,1,10,59,Made Shot,Fadeaway Jump Shot,3PT Field Goal,Above the Break 3,Right Side Center(RC),24+ ft.,26,102,242,1,1,20251109,SAC,MIN,610,0,201942|203471|203897|1627734|1630173,0,REG,2026,1610612758,,,,,
2250019716,,Shot Chart Detail,22500197,16,201942,DeMar DeRozan,1610612758,Sacramento Kings,1,10,26,Made Shot,Jump Shot,3PT Field Goal,Above the Break 3,Left Side Center(LC),24+ ft.,25,-197,160,1,1,20251109,SAC,MIN,940,0,201942|203471|203897|1627734|1630173,1,REG,2026,1610612758,,,,,
2250019726,,Shot Chart Detail,22500197,26,1627734,Domantas Sabonis,1610612758,Sacramento Kings,1,9,57,Missed Shot,Hook Shot,2PT Field Goal,In The Paint (Non-RA),Center(C),Less Than 8 ft.,4,31,26,1,0,20251109,SAC,MIN,1230,0,201942|203471|203897|1627734|1630173,0,REG,2026,1610612758,,,,,
2250019730,,Shot Chart Detail,22500197,30,203897,Zach LaVine,1610612758,Sacramento Kings,1,9,38,Missed Shot,Running Layup Shot,2PT Field Goal,Restricted Area,Center(C),Less Than 8 ft.,2,-13,21,1,0,20251109,SAC,MIN,1420,0,201942|203471|203897|1627734|1630173,0,REG,2026,1610612758,,,,,
2250019735,,Shot Chart Detail,22500197,35,1627734,Domantas Sabonis,1610612758,Sacramento Kings,1,9,7,Made Shot,Layup Shot,2PT Field Goal,Restricted Area,Center(C),Less Than 8 ft.,3,-17,26,1,1,20251109,SAC,MIN,1730,0,201942|203471|203897|1627734|1630173,0,REG,2026,1610612758,,,,,
2250019738,,Shot Chart Detail,22500197,38,203897,Zach LaVine,1610612758,Sacramento Kings,1,8,21,Missed Shot,Fadeaway Jump Shot,2PT Field Goal,In The Paint (Non-RA),Center(C),8-16 ft.,14,-43,137,1,0,20251109,SAC,MIN,2190,0,201942|203471|203897|1627734|1630173,0,REG,2026,1610612758,,,,,
2250019740,,Shot Chart Detail,22500197,40,1630173,Precious Achiuwa,1610612758,Sacramento Kings,1,8,16,Made Shot,Driving Layup Shot,2PT Field Goal,Restricted Area,Center(C),Less Than 8 ft.,2,-9,27,1,1,20251109,SAC,MIN,2240,0,201942|203471|203897|1627734|1630173,0,REG,2026,1610612758,,,,,
2250019742,,Shot Chart Detail,22500197,42,1627734,Domantas Sabonis,1610612758,Sacramento Kings,1,7,44,Missed Shot,Jump Shot,3PT Field Goal,Above the Break 3,Left Side Center(LC),24+ ft.,26,-125,233,1,0,20251109,SAC,MIN,2560,0,201942|203471|203897|1627734|1630173,0,REG,2026,1610612758,,,,,
2250019753,,Shot Chart Detail,22500197,53,201942,DeMar DeRozan,1610612758,Sacramento Kings,1,7,0,Made Shot,Jump Shot,3PT Field Goal,Right Corner 3,Right Side(R),24+ ft.,22,225,-6,1,1,20251109,SAC,MIN,3000,0,201942|203471|203897|1627734|1630173,1,REG,2026,1610612758,,,,,
2250019759,,Shot Chart Detail,22500197,59,203471,Dennis Schröder,1610612758,Sacramento Kings,1,6,22,Missed Shot,Pullup Jump shot,2PT Field Goal,Mid-Range,Center(C),8-16 ft.,15,74,139,1,0,20251109,SAC,MIN,3380,0,201942|203471|203897|1627734|1630173,0,REG,2026,1610612758,,,,,
2250019761,,Shot Chart Detail,22500197,61,203471,Dennis Schröder,1610612758,Sacramento Kings,1,6,18,Missed Shot,Jump Shot,3PT Field Goal,Above the Break 3,Right Side Center(RC),24+ ft.,26,108,243,1,0,20251109,SAC,MIN,3420,0,201942|203471|203897|1627734|1630173,0,REG,2026,1610612758,,,,,
2250019768,,Shot Chart Detail,22500197,68,1627734,Domantas Sabonis,1610612758,Sacramento Kings,1,5,27,Missed Shot,Driving Hook Shot,2PT Field Goal,In The Paint (Non-RA),Center(C),Less Than 8 ft.,4,-31,33,1,0,20251109,SAC,MIN,3930,0,201942|203471|203897|1627734|1630173,0,REG,2026,1610612758,,,,,
2250019772,,Shot Chart Detail,22500197,72,201942,DeMar DeRozan,1610612758,Sacramento Kings,1,5,2,Missed Shot,Floating Jump shot,2PT Field Goal,In The Paint (Non-RA),Center(C),Less Than 8 ft.,6,-64,4,1,0,20251109,SAC,MIN,4180,0,201942|203471|203897|1627734|1630173,0,REG,2026,1610612758,,,,,
2250019776,,Shot Chart Detail,22500197,76,1630173,Precious Achiuwa,1610612758,Sacramento Kings,1,4,43,Made Shot,Running Dunk Shot,2PT Field Goal,Restricted Area,Center(C),Less Than 8 ft.,1,-2,18,1,1,20251109,SAC,MIN,4370,0,201942|203471|203897|1627734|1630173,1,REG,2026,1610612758,,,,,
22500197101,,Shot Chart Detail,22500197,101,1629234,Drew Eubanks,1610612758,Sacramento Kings,1,3,28,Missed Shot,Cutting Dunk Shot,2PT Field Goal,Restricted Area,Center(C),Less Than 8 ft.,1,12,11,1,0,20251109,SAC,MIN,5120,0,201566|203897|1628370|1629234|1642363,0,REG,2026,1610612758,,,,,
22500197107,,Shot Chart Detail,22500197,107,203897,Zach LaVine,1610612758,Sacramento Kings,1,3,2,Missed Shot,Pullup Jump shot,3PT Field Goal,Above the Break 3,Right Side Center(RC),24+ ft.,26,97,243,1,0,20251109,SAC,MIN,5380,0,201566|203897|1628370|1629234|1642363,0,REG,2026,1610612758,,,,,
22500197112,,Shot Chart Detail,22500197,112,201566,Russell Westbrook,1610612758,Sacramento Kings,1,2,31,Missed Shot,Fadeaway Jump Shot,2PT Field Goal,In The Paint (Non-RA),Center(C),8-16 ft.,10,11,106,1,0,20251109,SAC,MIN,5690,0,201566|203897|1628370|1629234|1642363,0,REG,2026,1610612758,,,,,
22500197116,,Shot Chart Detail,22500197,116,1629234,Drew Eubanks,1610612758,Sacramento Kings,1,1,57,Missed Shot,Jump Shot,2PT Field Goal,Mid-Range,Right Side(R),8-16 ft.,12,126,18,1,0,20251109,SAC,MIN,6030,0,201566|203897|1628370|1629234|1642363,0,REG,2026,1610612758,,,,,
22500197118,,Shot Chart Detail,22500197,118,203897,Zach LaVine,1610612758,Sacramento Kings,1,1,53,Made Shot,Jump Shot,3PT Field Goal,Above the Break 3,Left Side Center(LC),24+ ft.,26,-159,211,1,1,20251109,SAC,MIN,6070,0,201566|203897|1628370|1629234|1642363,1,REG,2026,1610612758,,,,,
22500197122,,Shot Chart Detail,22500197,122,1628370,Malik Monk,1610612758,Sacramento Kings,1,1,19,Missed Shot,Running Jump Shot,3PT Field Goal,Left Corner 3,Left Side(L),24+ ft.,22,-223,-3,1,0,20251109,SAC,MIN,6410,0,201566|203897|1628370|1629234|1642363,0,REG,2026,1610612758,,,,,
22500197126,,Shot Chart Detail,22500197,126,201566,Russell Westbrook,1610612758,Sacramento Kings,1,0,46,Made Shot,Jump Shot,3PT Field Goal,Above the Break 3,Center(C),24+ ft.,25,-70,248,1,1,20251109,SAC,MIN,6740,0,201566|203897|1628370|1629234|1642363,1,REG,2026,1610612758,,,,,
22500197130,,Shot Chart Detail,22500197,130,201566,Russell Westbrook,1610612758,Sacramento Kings,1,0,28,Missed Shot,Pullup Jump shot,3PT Field Goal,Above the Break 3,Left Side Center(LC),24+ ft.,25,-207,143,1,0,20251109,SAC,MIN,6920,0,201566|203897|1628370|1629234|1642363,0,REG,2026,1610612758,,,,,
22500197134,,Shot Chart Detail,22500197,134,203897,Zach LaVine,1610612758,Sacramento Kings,1,0,0,Made Shot,Running Pull-Up Jump Shot,3PT Field Goal,Above the Break 3,Left Side Center(LC),24+ ft.,27,-129,246,1,1,20251109,SAC,MIN,7200,0,201566|203897|1628370|1629234|1642363,0,REG,2026,1610612758,,,,,
22500197144,,Shot Chart Detail,22500197,144,201942,DeMar DeRozan,1610612758,Sacramento Kings,2,11,48,Made Shot,Turnaround Fadeaway shot,2PT Field Goal,Mid-Range,Left Side(L),8-16 ft.,13,-130,20,1,1,20251109,SAC,MIN,7320,0,201566|201942|1628370|1629234|1642363,1,REG,2026,1610612758,,,,,
22500197148,,Shot Chart Detail,22500197,148,1642363,Nique Clifford,1610612758,Sacramento Kings,2,11,11,Missed Shot,Jump Shot,3PT Field Goal,Right Corner 3,Right Side(R),24+ ft.,23,232,-13,1,0,20251109,SAC,MIN,7690,0,201566|201942|1628370|1629234|1642363,0,REG,2026,1610612758,,,,,
22500197160,,Shot Chart Detail,22500197,160,201942,DeMar DeRozan,1610612758,Sacramento Kings,2,10,4,Made Shot,Pullup Jump shot,2PT Field Goal,Mid-Range,Right Side(R),8-16 ft.,13,130,15,1,1,20251109,SAC,MIN,8360,0,201566|201942|1628370|1629234|1642363,0,REG,2026,1610612758,,,,,
22500197172,,Shot Chart Detail,22500197,172,201566,Russell Westbrook,1610612758,Sacramento Kings,2,9,33,Missed Shot,Driving Layup Shot,2PT Field Goal,In The Paint (Non-RA),Center(C),Less Than 8 ft.,4,37,29,1,0,20251109,SAC,MIN,8670,0,201566|201942|1627734|1628370|1642363,0,REG,2026,1610612758,,,,,
22500197174,,Shot Chart Detail,22500197,174,1627734,Domantas Sabonis,1610612758,Sacramento Kings,2,9,28,Made Shot,Putback Layup Shot,2PT Field Goal,Restricted Area,Center(C),Less Than 8 ft.,2,-9,25,1,1,20251109,SAC,MIN,8720,0,201566|201942|1627734|1628370|1642363,0,REG,2026,1610612758,,,,,
22500197186,,Shot Chart Detail,22500197,186,1628370,Malik Monk,1610612758,Sacramento Kings,2,8,55,Missed Shot,Driving Layup Shot,2PT Field Goal,In The Paint (Non-RA),Center(C),Less Than 8 ft.,4,-25,43,1,0,20251109,SAC,MIN,9050,0,201942|203471|1627734|1628370|1630173,0,REG,2026,1610612758,,,,,
22500197188,,Shot Chart Detail,22500197,188,1627734,Domantas Sabonis,1610612758,Sacramento Kings,2,8,52,Made Shot,Tip Layup Shot,2PT Field Goal,Restricted Area,Center(C),Less Than 8 ft.,0,0,0,1,1,20251109,SAC,MIN,9080,0,201942|203471|1627734|1628370|1630173,0,REG,2026,1610612758,,,,,
22500197192,,Shot Chart Detail,22500197,192,1628370,Malik Monk,1610612758,Sacramento Kings,2,8,22,Missed Shot,Pullup Jump shot,3PT Field Goal,Above the Break 3,Right Side Center(RC),24+ ft.,26,112,235,1,0,20251109,SAC,MIN,9380,0,201942|203471|1627734|1628370|1630173,0,REG,2026,1610612758,,,,,
22500197198,,Shot Chart Detail,22500197,198,1627734,Domantas Sabonis,1610612758,Sacramento Kings,2,7,56,Missed Shot,Driving Finger Roll Layup Shot,2PT Field Goal,In The Paint (Non-RA),Center(C),Less Than 8 ft.,4,2,43,1,0,20251109,SAC,MIN,9640,0,201942|203471|1627734|1628370|1630173,0,REG,2026,1610612758,,,,,
22500197209,,Shot Chart Detail,22500197,209,203897,Zach LaVine,1610612758,Sacramento Kings,2,7,31,Missed Shot,Step Back Jump shot,3PT Field Goal,Above the Break 3,Left Side Center(LC),24+ ft.,26,-143,220,1,0,20251109,SAC,MIN,9890,0,203471|203897|1627734|1628370|1630173,0,REG,2026,1610612758,,,,,
22500197229,,Shot Chart Detail,22500197,229,203471,Dennis Schröder,1610612758,Sacramento Kings,2,6,49,Made Shot,Running Layup Shot,2PT Field Goal,Restricted Area,Center(C),Less Than 8 ft.,2,-6,22,1,1,20251109,SAC,MIN,10310,0,203471|203897|1627734|1628370|1630173,0,REG,2026,1610612758,,,,,
22500197233,,Shot Chart Detail,22500197,233,1627734,Domantas Sabonis,1610612758,Sacramento Kings,2,6,31,Missed Shot,Jump Shot,3PT Field Goal,Above the Break 3,Center(C),24+ ft.,26,0,265,1,0,20251109,SAC,MIN,10490,0,203471|203897|1627734|1628370|1630173,0,REG,2026,1610612758,,,,,
22500197248,,Shot Chart Detail,22500197,248,1628370,Malik Monk,1610612758,Sacramento Kings,2,5,55,Missed Shot,Driving Floating Jump Shot,2PT Field Goal,In The Paint (Non-RA),Center(C),8-16 ft.,11,-5,119,1,0,20251109,SAC,MIN,10850,0,203471|203897|1627734|1628370|1630173,0,REG,2026,1610612758,,,,,
22500197252,,Shot Chart Detail,22500197,252,1630173,Precious Achiuwa,1610612758,Sacramento Kings,2,5,42,Made Shot,Driving Dunk Shot,2PT Field Goal,Restricted Area,Center(C),Less Than 8 ft.,2,-12,26,1,1,20251109,SAC,MIN,10980,0,203471|203897|1627734|1628370|1630173,1,REG,2026,1610612758,,,,,
22500197258,,Shot Chart Detail,22500197,258,203897,Zach LaVine,1610612758,Sacramento Kings,2,5,5,Made Shot,Jump Shot,3PT Field Goal,Right Corner 3,Right Side(R),24+ ft.,23,230,8,1,1,20251109,SAC,MIN,11350,0,203471|203897|1627734|1628370|1630173,1,REG,2026,1610612758,,,,,
22500197262,,Shot Chart Detail,22500197,262,203897,Zach LaVine,1610612758,Sacramento Kings,2,4,37,Made Shot,Fadeaway Jump Shot,2PT Field Goal,Mid-Range,Left Side(L),8-16 ft.,12,-126,5,1,1,20251109,SAC,MIN,11630,0,203471|203897|1627734|1628370|1630173,0,REG,2026,1610612758,,,,,
22500197276,,Shot Chart Detail,22500197,276,201942,DeMar DeRozan,1610612758,Sacramento Kings,2,3,51,Missed Shot,Turnaround Jump Shot,2PT Field Goal,Mid-Range,Left Side Center(LC),16-24 ft.,18,-142,116,1,0,20251109,SAC,MIN,12090,0,201566|201942|203471|203897|1627734,0,REG,2026,1610612758,,,,,
22500197284,,Shot Chart Detail,22500197,284,203471,Dennis Schröder,1610612758,Sacramento Kings,2,3,32,Missed Shot,Running Layup Shot,2PT Field Goal,In The Paint (Non-RA),Center(C),Less Than 8 ft.,4,-2,41,1,0,20251109,SAC,MIN,12280,0,201566|201942|203471|203897|1627734,0,REG,2026,1610612758,,,,,
22500197298,,Shot Chart Detail,22500197,298,201566,Russell Westbrook,1610612758,Sacramento Kings,2,2,55,Missed Shot,Jump Shot,3PT Field Goal,Above the Break 3,Left Side Center(LC),24+ ft.,26,-109,238,1,0,20251109,SAC,MIN,12650,0,201566|201942|203471|203897|1627734,0,REG,2026,1610612758,,,,,
22500197306,,Shot Chart Detail,22500197,306,203897,Zach LaVine,1610612758,Sacramento Kings,2,2,19,Made Shot,Step Back Jump shot,3PT Field Goal,Above the Break 3,Center(C),24+ ft.,27,-2,272,1,1,20251109,SAC,MIN,13010,0,201566|201942|203471|203897|1627734,0,REG,2026,1610612758,,,,,
22500197313,,Shot Chart Detail,22500197,313,203897,Zach LaVine,1610612758,Sacramento Kings,2,1,35,Missed Shot,Driving Floating Bank Jump Shot,2PT Field Goal,In The Paint (Non-RA),Center(C),8-16 ft.,9,-37,85,1,0,20251109,SAC,MIN,13450,0,201566|201942|203471|203897|1627734,0,REG,2026,1610612758,,,,,
22500197341,,Shot Chart Detail,22500197,341,1628370,Malik Monk,1610612758,Sacramento Kings,2,0,33,Made Shot,Turnaround Fadeaway shot,2PT Field Goal,In The Paint (Non-RA),Center(C),8-16 ft.,11,21,115,1,1,20251109,SAC,MIN,14070,0,201942|203471|1627734|1628370|1630173,1,REG,2026,1610612758,,,,,
22500197343,,Shot Chart Detail,22500197,343,1630173,Precious Achiuwa,1610612758,Sacramento Kings,2,0,0,Missed Shot,Fadeaway Jump Shot,3PT Field Goal,Above the Break 3,Right Side Center(RC),24+ ft.,25,237,88,1,0,20251109,SAC,MIN,14400,0,201942|203471|1627734|1628370|1630173,0,REG,2026,1610612758,,,,,
22500197358,,Shot Chart Detail,22500197,358,1630173,Precious Achiuwa,1610612758,Sacramento Kings,3,11,2,Made Shot,Driving Layup Shot,2PT Field Goal,Restricted Area,Center(C),Less Than 8 ft.,0,4,0,1,1,20251109,SAC,MIN,14980,0,201942|203471|203897|1627734|1630173,1,REG,2026,1610612758,,,,,
22500197364,,Shot Chart Detail,22500197,364,1627734,Domantas Sabonis,1610612758,Sacramento Kings,3,10,26,Missed Shot,Cutting Layup Shot,2PT Field Goal,Restricted Area,Center(C),Less Than 8 ft.,3,-36,5,1,0,20251109,SAC,MIN,15340,0,201942|203471|203897|1627734|1630173,0,REG,2026,1610612758,,,,,
22500197367,,Shot Chart Detail,22500197,367,201942,DeMar DeRozan,1610612758,Sacramento Kings,3,10,15,Missed Shot,Driving Layup Shot,2PT Field Goal,Restricted Area,Center(C),Less Than 8 ft.,2,-28,5,1,0,20251109,SAC,MIN,15450,0,201942|203471|203897|1627734|1630173,0,REG,2026,1610612758,,,,,
22500197375,,Shot Chart Detail,22500197,375,1627734,Domantas Sabonis,1610612758,Sacramento Kings,3,9,43,Missed Shot,Driving Floating Jump Shot,2PT Field Goal,In The Paint (Non-RA),Center(C),Less Than 8 ft.,5,37,42,1,0,20251109,SAC,MIN,15770,0,201942|203471|203897|1627734|1630173,0,REG,2026,1610612758,,,,,
22500197378,,Shot Chart Detail,22500197,378,1627734,Domantas Sabonis,1610612758,Sacramento Kings,3,9,37,Missed Shot,Tip Layup Shot,2PT Field Goal,Restricted Area,Center(C),Less Than 8 ft.,0,0,0,1,0,20251109,SAC,MIN,15830,0,201942|203471|203897|1627734|1630173,0,REG,2026,1610612758,,,,,
22500197382,,Shot Chart Detail,22500197,382,203897,Zach LaVine,1610612758,Sacramento Kings,3,9,26,Made Shot,Running Dunk Shot,2PT Field Goal,Restricted Area,Center(C),Less Than 8 ft.,1,-13,8,1,1,20251109,SAC,MIN,15940,0,201942|203471|203897|1627734|1630173,0,REG,2026,1610612758,,,,,
22500197384,,Shot Chart Detail,22500197,384,203471,Dennis Schröder,1610612758,Sacramento Kings,3,8,56,Missed Shot,Driving Layup Shot,2PT Field Goal,In The Paint (Non-RA),Center(C),Less Than 8 ft.,4,-39,13,1,0,20251109,SAC,MIN,16240,0,201942|203471|203897|1627734|1630173,0,REG,2026,1610612758,,,,,
22500197392,,Shot Chart Detail,22500197,392,203897,Zach LaVine,1610612758,Sacramento Kings,3,8,39,Made Shot,Step Back Jump shot,3PT Field Goal,Above the Break 3,Right Side Center(RC),24+ ft.,24,114,216,1,1,20251109,SAC,MIN,16410,0,201942|203471|203897|1627734|1630173,0,REG,2026,1610612758,,,,,
22500197401,,Shot Chart Detail,22500197,401,201942,DeMar DeRozan,1610612758,Sacramento Kings,3,7,58,Missed Shot,Driving Reverse Layup Shot,2PT Field Goal,Restricted Area,Center(C),Less Than 8 ft.,3,-34,5,1,0,20251109,SAC,MIN,16820,0,201942|203471|203897|1627734|1630173,0,REG,2026,1610612758,,,,,
22500197406,,Shot Chart Detail,22500197,406,201942,DeMar DeRozan,1610612758,Sacramento Kings,3,7,31,Made Shot,Pullup Jump shot,2PT Field Goal,In The Paint (Non-RA),Center(C),8-16 ft.,10,-27,101,1,1,20251109,SAC,MIN,17090,0,201942|203471|203897|1627734|1630173,1,REG,2026,1610612758,,,,,
22500197409,,Shot Chart Detail,22500197,409,1627734,Domantas Sabonis,1610612758,Sacramento Kings,3,6,49,Missed Shot,Turnaround Hook Shot,2PT Field Goal,Restricted Area,Center(C),Less Than 8 ft.,2,-25,-4,1,0,20251109,SAC,MIN,17510,0,201942|203471|203897|1627734|1630173,0,REG,2026,1610612758,,,,,
22500197414,,Shot Chart Detail,22500197,414,203897,Zach LaVine,1610612758,Sacramento Kings,3,6,18,Missed Shot,Driving Floating Jump Shot,2PT Field Goal,In The Paint (Non-RA),Center(C),Less Than 8 ft.,4,-33,35,1,0,20251109,SAC,MIN,17820,0,201942|203471|203897|1627734|1630173,0,REG,2026,1610612758,,,,,
22500197432,,Shot Chart Detail,22500197,432,1627734,Domantas Sabonis,1610612758,Sacramento Kings,3,5,49,Missed Shot,Driving Layup Shot,2PT Field Goal,Restricted Area,Center(C),Less Than 8 ft.,1,13,14,1,0,20251109,SAC,MIN,18110,0,201566|203897|1627734|1628370|1642363,0,REG,2026,1610612758,,,,,
22500197435,,Shot Chart Detail,22500197,435,1627734,Domantas Sabonis,1610612758,Sacramento Kings,3,5,44,Made Shot,Layup Shot,2PT Field Goal,Restricted Area,Center(C),Less Than 8 ft.,0,-4,3,1,1,20251109,SAC,MIN,18160,0,201566|203897|1627734|1628370|1642363,0,REG,2026,1610612758,,,,,
22500197439,,Shot Chart Detail,22500197,439,203897,Zach LaVine,1610612758,Sacramento Kings,3,5,21,Made Shot,Running Layup Shot,2PT Field Goal,Restricted Area,Center(C),Less Than 8 ft.,3,-32,6,1,1,20251109,SAC,MIN,18390,0,201566|203897|1627734|1628370|1642363,1,REG,2026,1610612758,,,,,
22500197446,,Shot Chart Detail,22500197,446,1627734,Domantas Sabonis,1610612758,Sacramento Kings,3,4,49,Made Shot,Floating Jump shot,2PT Field Goal,In The Paint (Non-RA),Center(C),8-16 ft.,11,23,108,1,1,20251109,SAC,MIN,18710,0,201566|203897|1627734|1628370|1642363,1,REG,2026,1610612758,,,,,
22500197454,,Shot Chart Detail,22500197,454,201566,Russell Westbrook,1610612758,Sacramento Kings,3,4,20,Missed Shot,Pullup Jump shot,3PT Field Goal,Above the Break 3,Right Side Center(RC),24+ ft.,24,190,147,1,0,20251109,SAC,MIN,19000,0,201566|203897|1627734|1628370|1642363,0,REG,2026,1610612758,,,,,
22500197470,,Shot Chart Detail,22500197,470,1628370,Malik Monk,1610612758,Sacramento Kings,3,3,41,Missed Shot,Driving Floating Jump Shot,2PT Field Goal,In The Paint (Non-RA),Center(C),8-16 ft.,8,26,78,1,0,20251109,SAC,MIN,19390,0,201566|201942|1628370|1629234|1642363,0,REG,2026,1610612758,,,,,
22500197473,,Shot Chart Detail,22500197,473,201942,DeMar DeRozan,1610612758,Sacramento Kings,3,3,18,Made Shot,Jump Shot,3PT Field Goal,Left Corner 3,Left Side(L),24+ ft.,22,-227,-8,1,1,20251109,SAC,MIN,19620,0,201566|201942|1628370|1629234|1642363,1,REG,2026,1610612758,,,,,
22500197479,,Shot Chart Detail,22500197,479,1629234,Drew Eubanks,1610612758,Sacramento Kings,3,2,44,Made Shot,Hook Shot,2PT Field Goal,In The Paint (Non-RA),Center(C),Less Than 8 ft.,7,26,66,1,1,20251109,SAC,MIN,19960,0,201566|201942|1628370|1629234|1642363,1,REG,2026,1610612758,,,,,
22500197489,,Shot Chart Detail,22500197,489,201942,DeMar DeRozan,1610612758,Sacramento Kings,3,2,14,Made Shot,Driving Reverse Layup Shot,2PT Field Goal,Restricted Area,Center(C),Less Than 8 ft.,2,11,22,1,1,20251109,SAC,MIN,20260,0,201566|201942|1628370|1629234|1642363,1,REG,2026,1610612758,,,,,
22500197493,,Shot Chart Detail,22500197,493,201566,Russell Westbrook,1610612758,Sacramento Kings,3,1,38,Made Shot,Jump Shot,3PT Field Goal,Right Corner 3,Right Side(R),24+ ft.,22,227,10,1,1,20251109,SAC,MIN,20620,0,201566|201942|1628370|1629234|1642363,1,REG,2026,1610612758,,,,,
22500197497,,Shot Chart Detail,22500197,497,1642363,Nique Clifford,1610612758,Sacramento Kings,3,1,20,Made Shot,Turnaround Jump Shot,2PT Field Goal,In The Paint (Non-RA),Center(C),Less Than 8 ft.,5,20,56,1,1,20251109,SAC,MIN,20800,0,201566|201942|1628370|1629234|1642363,1,REG,2026,1610612758,,,,,
22500197513,,Shot Chart Detail,22500197,513,1628370,Malik Monk,1610612758,Sacramento Kings,3,0,9,Missed Shot,Step Back Jump shot,3PT Field Goal,Above the Break 3,Right Side Center(RC),24+ ft.,26,97,245,1,0,20251109,SAC,MIN,21510,0,201566|201942|1628370|1629234|1642363,0,REG,2026,1610612758,,,,,
22500197535,,Shot Chart Detail,22500197,535,1642363,Nique Clifford,1610612758,Sacramento Kings,4,10,58,Missed Shot,Fadeaway Jump Shot,2PT Field Goal,Mid-Range,Left Side(L),8-16 ft.,11,-119,0,1,0,20251109,SAC,MIN,22220,0,201942|203471|1629234|1631165|1642363,0,REG,2026,1610612758,,,,,
22500197538,,Shot Chart Detail,22500197,538,1642363,Nique Clifford,1610612758,Sacramento Kings,4,10,50,Made Shot,Driving Bank Hook Shot,2PT Field Goal,In The Paint (Non-RA),Center(C),Less Than 8 ft.,4,-18,45,1,1,20251109,SAC,MIN,22300,0,201942|203471|1629234|1631165|1642363,0,REG,2026,1610612758,,,,,
22500197549,,Shot Chart Detail,22500197,549,1629234,Drew Eubanks,1610612758,Sacramento Kings,4,10,10,Made Shot,Running Alley Oop Dunk Shot,2PT Field Goal,Restricted Area,Center(C),Less Than 8 ft.,1,-17,-2,1,1,20251109,SAC,MIN,22700,0,201942|203471|1629234|1631165|1642363,1,REG,2026,1610612758,,,,,
22500197557,,Shot Chart Detail,22500197,557,1642363,Nique Clifford,1610612758,Sacramento Kings,4,9,30,Missed Shot,Driving Floating Jump Shot,2PT Field Goal,In The Paint (Non-RA),Center(C),Less Than 8 ft.,7,-26,73,1,0,20251109,SAC,MIN,23100,0,201942|203471|1629234|1631165|1642363,0,REG,2026,1610612758,,,,,
22500197561,,Shot Chart Detail,22500197,561,1631165,Keon Ellis,1610612758,Sacramento Kings,4,9,8,Missed Shot,Jump Shot,3PT Field Goal,Above the Break 3,Right Side Center(RC),24+ ft.,23,210,115,1,0,20251109,SAC,MIN,23320,0,201942|203471|1629234|1631165|1642363,0,REG,2026,1610612758,,,,,
22500197577,,Shot Chart Detail,22500197,577,203897,Zach LaVine,1610612758,Sacramento Kings,4,8,33,Made Shot,Fadeaway Jump Shot,2PT Field Goal,Mid-Range,Left Side(L),8-16 ft.,12,-81,98,1,1,20251109,SAC,MIN,23670,0,203471|203897|1627734|1630173|1631165,1,REG,2026,1610612758,,,,,
22500197585,,Shot Chart Detail,22500197,585,1631165,Keon Ellis,1610612758,Sacramento Kings,4,8,6,Missed Shot,Floating Jump shot,2PT Field Goal,In The Paint (Non-RA),Right Side(R),8-16 ft.,9,74,62,1,0,20251109,SAC,MIN,23940,0,203471|203897|1627734|1630173|1631165,0,REG,2026,1610612758,,,,,
22500197594,,Shot Chart Detail,22500197,594,203471,Dennis Schröder,1610612758,Sacramento Kings,4,7,33,Missed Shot,Jump Shot,3PT Field Goal,Above the Break 3,Left Side Center(LC),24+ ft.,25,-168,190,1,0,20251109,SAC,MIN,24270,0,203471|203897|1627734|1630173|1631165,0,REG,2026,1610612758,,,,,
22500197596,,Shot Chart Detail,22500197,596,1630173,Precious Achiuwa,1610612758,Sacramento Kings,4,7,31,Made Shot,Putback Layup Shot,2PT Field Goal,Restricted Area,Center(C),Less Than 8 ft.,3,34,-2,1,1,20251109,SAC,MIN,24290,0,203471|203897|1627734|1630173|1631165,0,REG,2026,1610612758,,,,,
22500197605,,Shot Chart Detail,22500197,605,1627734,Domantas Sabonis,1610612758,Sacramento Kings,4,6,53,Missed Shot,Layup Shot,2PT Field Goal,Restricted Area,Center(C),Less Than 8 ft.,3,-36,9,1,0,20251109,SAC,MIN,24670,0,203471|203897|1627734|1630173|1631165,0,REG,2026,1610612758,,,,,
22500197609,,Shot Chart Detail,22500197,609,203897,Zach LaVine,1610612758,Sacramento Kings,4,6,19,Missed Shot,Jump Shot,3PT Field Goal,Left Corner 3,Left Side(L),24+ ft.,22,-229,-7,1,0,20251109,SAC,MIN,25010,0,203471|203897|1627734|1630173|1631165,0,REG,2026,1610612758,,,,,
22500197620,,Shot Chart Detail,22500197,620,1631165,Keon Ellis,1610612758,Sacramento Kings,4,5,38,Missed Shot,Jump Shot,2PT Field Goal,In The Paint (Non-RA),Center(C),8-16 ft.,14,55,132,1,0,20251109,SAC,MIN,25420,0,203897|1627734|1630173|1631165|1642363,0,REG,2026,1610612758,,,,,
22500197633,,Shot Chart Detail,22500197,633,1630173,Precious Achiuwa,1610612758,Sacramento Kings,4,5,16,Missed Shot,Running Dunk Shot,2PT Field Goal,Restricted Area,Center(C),Less Than 8 ft.,0,1,5,1,0,20251109,SAC,MIN,25640,0,1627734|1630173|1631165|1642269|1642363,0,REG,2026,1610612758,,,,,
22500197654,,Shot Chart Detail,22500197,654,1642269,Devin Carter,1610612758,Sacramento Kings,4,3,54,Missed Shot,Floating Jump shot,2PT Field Goal,Restricted Area,Center(C),Less Than 8 ft.,3,12,38,1,0,20251109,SAC,MIN,26460,0,1630173|1631165|1642269|1642363|1642875,0,REG,2026,1610612758,,,,,
22500197676,,Shot Chart Detail,22500197,676,1642875,Maxime Raynaud,1610612758,Sacramento Kings,4,2,13,Made Shot,Turnaround Jump Shot,2PT Field Goal,In The Paint (Non-RA),Center(C),Less Than 8 ft.,5,-9,53,1,1,20251109,SAC,MIN,27470,0,1630173|1631165|1642269|1642363|1642875,1,REG,2026,1610612758,,,,,
22500197680,,Shot Chart Detail,22500197,680,1642363,Nique Clifford,1610612758,Sacramento Kings,4,1,58,Made Shot,Running Jump Shot,3PT Field Goal,Above the Break 3,Right Side Center(RC),24+ ft.,24,174,171,1,1,20251109,SAC,MIN,27620,0,1630173|1631165|1642269|1642363|1642875,1,REG,2026,1610612758,,,,,
22500197687,,Shot Chart Detail,22500197,687,1642875,Maxime Raynaud,1610612758,Sacramento Kings,4,1,14,Made Shot,Floating Jump shot,2PT Field Goal,In The Paint (Non-RA),Center(C),Less Than 8 ft.,5,48,27,1,1,20251109,SAC,MIN,28060,0,1630173|1631165|1642269|1642363|1642875,1,REG,2026,1610612758,,,,,
22500197707,,Shot Chart Detail,22500197,707,1631165,Keon Ellis,1610612758,Sacramento Kings,4,0,9,Made Shot,Running Jump Shot,3PT Field Goal,Above the Break 3,Left Side Center(LC),24+ ft.,24,-197,138,1,1,20251109,SAC,MIN,28710,0,1630173|1631165|1642269|1642363|1642875,1,REG,2026,1610612758,,,,,
22500197711,,Shot Chart Detail,22500197,711,1642363,Nique Clifford,1610612758,Sacramento Kings,4,0,0,Made Shot,Layup Shot,2PT Field Goal,Restricted Area,Center(C),Less Than 8 ft.,0,9,3,1,1,20251109,SAC,MIN,28800,0,1630173|1631165|1642269|1642363|1642875,1,REG,2026,1610612758,,,,,
225002128,,Shot Chart Detail,22500212,8,1627734,Domantas Sabonis,1610612758,Sacramento Kings,1,11,42,Made Shot,Jump Shot,2PT Field Goal,In The Paint (Non-RA),Center(C),8-16 ft.,13,-7,137,1,1,20251111,SAC,DEN,180,0,201942|203471|203897|1627734|1630173,1,REG,2026,1610612758,,,,,
2250021212,,Shot Chart Detail,22500212,12,201942,DeMar DeRozan,1610612758,Sacramento Kings,1,11,0,Missed Shot,Jump Shot,3PT Field Goal,Right Corner 3,Right Side(R),24+ ft.,22,227,19,1,0,20251111,SAC,DEN,600,0,201942|203471|203897|1627734|1630173,0,REG,2026,1610612758,,,,,
2250021218,,Shot Chart Detail,22500212,18,1627734,Domantas Sabonis,1610612758,Sacramento Kings,1,10,42,Made Shot,Running Layup Shot,2PT Field Goal,In The Paint (Non-RA),Center(C),Less Than 8 ft.,5,50,8,1,1,20251111,SAC,DEN,780,0,201942|203471|203897|1627734|1630173,0,REG,2026,1610612758,,,,,
2250021221,,Shot Chart Detail,22500212,21,1627734,Domantas Sabonis,1610612758,Sacramento Kings,1,10,3,Made Shot,Floating Jump shot,2PT Field Goal,Restricted Area,Center(C),Less Than 8 ft.,3,-21,29,1,1,20251111,SAC,DEN,1170,0,201942|203471|203897|1627734|1630173,1,REG,2026,1610612758,,,,,
2250021225,,Shot Chart Detail,22500212,25,203897,Zach LaVine,1610612758,Sacramento Kings,1,9,38,Made Shot,Driving Floating Bank Jump Shot,2PT Field Goal,Restricted Area,Center(C),Less Than 8 ft.,3,37,10,1,1,20251111,SAC,DEN,1420,0,201942|203471|203897|1627734|1630173,1,REG,2026,1610612758,,,,,
2250021229,,Shot Chart Detail,22500212,29,1627734,Domantas Sabonis,1610612758,Sacramento Kings,1,9,9,Missed Shot,Jump Shot,3PT Field Goal,Above the Break 3,Center(C),24+ ft.,24,-26,248,1,0,20251111,SAC,DEN,1710,0,201942|203471|203897|1627734|1630173,0,REG,2026,1610612758,,,,,
2250021233,,Shot Chart Detail,22500212,33,1627734,Domantas Sabonis,1610612758,Sacramento Kings,1,8,48,Missed Shot,Jump Shot,3PT Field Goal,Above the Break 3,Center(C),24+ ft.,24,-25,245,1,0,20251111,SAC,DEN,1920,0,201942|203471|203897|1627734|1630173,0,REG,2026,1610612758,,,,,
2250021236,,Shot Chart Detail,22500212,36,203471,Dennis Schröder,1610612758,Sacramento Kings,1,8,15,Missed Shot,Jump Shot,3PT Field Goal,Above the Break 3,Right Side Center(RC),24+ ft.,25,227,110,1,0,20251111,SAC,DEN,2250,0,201942|203471|203897|1627734|1630173,0,REG,2026,1610612758,,,,,
2250021240,,Shot Chart Detail,22500212,40,1627734,Domantas Sabonis,1610612758,Sacramento Kings,1,7,42,Made Shot,Cutting Dunk Shot,2PT Field Goal,Restricted Area,Center(C),Less Than 8 ft.,1,9,-5,1,1,20251111,SAC,DEN,2580,0,201942|203471|203897|1627734|1630173,1,REG,2026,1610612758,,,,,
2250021245,,Shot Chart Detail,22500212,45,1630173,Precious Achiuwa,1610612758,Sacramento Kings,1,7,0,Made Shot,Reverse Layup Shot,2PT Field Goal,Restricted Area,Center(C),Less Than 8 ft.,1,-11,-11,1,1,20251111,SAC,DEN,3000,0,201942|203471|203897|1627734|1630173,1,REG,2026,1610612758,,,,,
2250021254,,Shot Chart Detail,22500212,54,1630173,Precious Achiuwa,1610612758,Sacramento Kings,1,6,33,Missed Shot,Jump Shot,3PT Field Goal,Left Corner 3,Left Side(L),24+ ft.,22,-228,-28,1,0,20251111,SAC,DEN,3270,0,201566|203897|1627734|1628370|1630173,0,REG,2026,1610612758,,,,,
2250021262,,Shot Chart Detail,22500212,62,203897,Zach LaVine,1610612758,Sacramento Kings,1,6,4,Made Shot,Pullup Jump shot,3PT Field Goal,Above the Break 3,Right Side Center(RC),24+ ft.,25,152,210,1,1,20251111,SAC,DEN,3560,0,201566|203897|1627734|1628370|1630173,1,REG,2026,1610612758,,,,,
2250021265,,Shot Chart Detail,22500212,65,1628370,Malik Monk,1610612758,Sacramento Kings,1,5,34,Missed Shot,Jump Shot,3PT Field Goal,Above the Break 3,Center(C),24+ ft.,25,-51,252,1,0,20251111,SAC,DEN,3860,0,201566|203897|1627734|1628370|1630173,0,REG,2026,1610612758,,,,,
2250021281,,Shot Chart Detail,22500212,81,1627734,Domantas Sabonis,1610612758,Sacramento Kings,1,4,46,Made Shot,Floating Jump shot,2PT Field Goal,Restricted Area,Center(C),Less Than 8 ft.,3,-13,30,1,1,20251111,SAC,DEN,4340,0,201566|203897|1627734|1628370|1631165,1,REG,2026,1610612758,,,,,
2250021286,,Shot Chart Detail,22500212,86,201566,Russell Westbrook,1610612758,Sacramento Kings,1,4,15,Missed Shot,Pullup Jump shot,2PT Field Goal,In The Paint (Non-RA),Center(C),8-16 ft.,9,-31,93,1,0,20251111,SAC,DEN,4650,0,201566|203897|1627734|1628370|1631165,0,REG,2026,1610612758,,,,,
2250021291,,Shot Chart Detail,22500212,91,1628370,Malik Monk,1610612758,Sacramento Kings,1,3,50,Missed Shot,Driving Floating Jump Shot,2PT Field Goal,In The Paint (Non-RA),Center(C),8-16 ft.,9,7,90,1,0,20251111,SAC,DEN,4900,0,201566|203897|1627734|1628370|1631165,0,REG,2026,1610612758,,,,,
22500212104,,Shot Chart Detail,22500212,104,1628370,Malik Monk,1610612758,Sacramento Kings,1,3,18,Made Shot,Pullup Jump shot,2PT Field Goal,Mid-Range,Right Side(R),8-16 ft.,11,91,73,1,1,20251111,SAC,DEN,5220,0,201566|1628370|1629234|1631165|1642363,0,REG,2026,1610612758,,,,,
22500212106,,Shot Chart Detail,22500212,106,201566,Russell Westbrook,1610612758,Sacramento Kings,1,2,51,Missed Shot,Pullup Jump shot,3PT Field Goal,Above the Break 3,Center(C),24+ ft.,25,50,247,1,0,20251111,SAC,DEN,5490,0,201566|1628370|1629234|1631165|1642363,0,REG,2026,1610612758,,,,,
22500212108,,Shot Chart Detail,22500212,108,1628370,Malik Monk,1610612758,Sacramento Kings,1,2,45,Missed Shot,Jump Shot,3PT Field Goal,Above the Break 3,Left Side Center(LC),24+ ft.,26,-203,163,1,0,20251111,SAC,DEN,5550,0,201566|1628370|1629234|1631165|1642363,0,REG,2026,1610612758,,,,,
22500212112,,Shot Chart Detail,22500212,112,1629234,Drew Eubanks,1610612758,Sacramento Kings,1,2,27,Made Shot,Running Alley Oop Dunk Shot,2PT Field Goal,Restricted Area,Center(C),Less Than 8 ft.,1,12,3,1,1,20251111,SAC,DEN,5730,0,201566|1628370|1629234|1631165|1642363,1,REG,2026,1610612758,,,,,
22500212121,,Shot Chart Detail,22500212,121,1628370,Malik Monk,1610612758,Sacramento Kings,1,2,1,Made Shot,Jump Shot,3PT Field Goal,Above the Break 3,Right Side Center(RC),24+ ft.,26,184,197,1,1,20251111,SAC,DEN,5990,0,201566|1628370|1629234|1631165|1642363,1,REG,2026,1610612758,,,,,
22500212125,,Shot Chart Detail,22500212,125,201566,Russell Westbrook,1610612758,Sacramento Kings,1,1,34,Made Shot,Driving Layup Shot,2PT Field Goal,Mid-Range,Right Side(R),8-16 ft.,9,99,-11,1,1,20251111,SAC,DEN,6260,0,201566|1628370|1629234|1631165|1642363,0,REG,2026,1610612758,,,,,
22500212132,,Shot Chart Detail,22500212,132,1642363,Nique Clifford,1610612758,Sacramento Kings,1,1,10,Made Shot,Running Jump Shot,3PT Field Goal,Above the Break 3,Left Side Center(LC),24+ ft.,26,-213,151,1,1,20251111,SAC,DEN,6500,0,201566|1628370|1629234|1631165|1642363,1,REG,2026,1610612758,,,,,
22500212136,,Shot Chart Detail,22500212,136,1628370,Malik Monk,1610612758,Sacramento Kings,1,0,48,Made Shot,Running Jump Shot,3PT Field Goal,Above the Break 3,Right Side Center(RC),24+ ft.,26,173,204,1,1,20251111,SAC,DEN,6720,0,201566|1628370|1629234|1631165|1642363,1,REG,2026,1610612758,,,,,
22500212147,,Shot Chart Detail,22500212,147,201566,Russell Westbrook,1610612758,Sacramento Kings,1,0,1,Missed Shot,Pullup Jump shot,2PT Field Goal,Mid-Range,Left Side(L),8-16 ft.,15,-130,75,1,0,20251111,SAC,DEN,7190,0,201566|1628370|1629234|1631165|1642363,0,REG,2026,1610612758,,,,,
22500212165,,Shot Chart Detail,22500212,165,1628370,Malik Monk,1610612758,Sacramento Kings,2,11,17,Made Shot,Pullup Jump shot,2PT Field Goal,Mid-Range,Right Side(R),16-24 ft.,16,147,85,1,1,20251111,SAC,DEN,7630,0,201942|203471|1628370|1629234|1642363,0,REG,2026,1610612758,,,,,
22500212172,,Shot Chart Detail,22500212,172,203471,Dennis Schröder,1610612758,Sacramento Kings,2,10,29,Missed Shot,Driving Floating Jump Shot,2PT Field Goal,In The Paint (Non-RA),Center(C),8-16 ft.,13,-12,131,1,0,20251111,SAC,DEN,8110,0,201942|203471|1628370|1629234|1642363,0,REG,2026,1610612758,,,,,
22500212176,,Shot Chart Detail,22500212,176,1628370,Malik Monk,1610612758,Sacramento Kings,2,10,6,Missed Shot,Turnaround Fadeaway shot,2PT Field Goal,In The Paint (Non-RA),Center(C),8-16 ft.,10,-2,109,1,0,20251111,SAC,DEN,8340,0,201942|203471|1628370|1629234|1642363,0,REG,2026,1610612758,,,,,
22500212183,,Shot Chart Detail,22500212,183,201942,DeMar DeRozan,1610612758,Sacramento Kings,2,9,29,Made Shot,Turnaround Bank shot,2PT Field Goal,In The Paint (Non-RA),Center(C),Less Than 8 ft.,5,-48,29,1,1,20251111,SAC,DEN,8710,0,201942|203471|1628370|1629234|1642363,1,REG,2026,1610612758,,,,,
22500212188,,Shot Chart Detail,22500212,188,201942,DeMar DeRozan,1610612758,Sacramento Kings,2,9,7,Missed Shot,Turnaround Fadeaway shot,2PT Field Goal,In The Paint (Non-RA),Center(C),8-16 ft.,9,-34,94,1,0,20251111,SAC,DEN,8930,0,201942|203471|1628370|1629234|1642363,0,REG,2026,1610612758,,,,,
22500212191,,Shot Chart Detail,22500212,191,1629234,Drew Eubanks,1610612758,Sacramento Kings,2,9,5,Made Shot,Dunk Shot,2PT Field Goal,In The Paint (Non-RA),Center(C),Less Than 8 ft.,5,53,13,1,1,20251111,SAC,DEN,8950,0,201942|203471|1628370|1629234|1642363,1,REG,2026,1610612758,,,,,
22500212209,,Shot Chart Detail,22500212,209,1627734,Domantas Sabonis,1610612758,Sacramento Kings,2,8,1,Missed Shot,Cutting Layup Shot,2PT Field Goal,In The Paint (Non-RA),Center(C),Less Than 8 ft.,4,-1,43,1,0,20251111,SAC,DEN,9590,0,201942|203471|203897|1627734|1642363,0,REG,2026,1610612758,,,,,
22500212231,,Shot Chart Detail,22500212,231,1627734,Domantas Sabonis,1610612758,Sacramento Kings,2,7,9,Made Shot,Driving Layup Shot,2PT Field Goal,Restricted Area,Center(C),Less Than 8 ft.,2,-20,3,1,1,20251111,SAC,DEN,10110,0,201566|201942|203471|203897|1627734,0,REG,2026,1610612758,,,,,
22500212233,,Shot Chart Detail,22500212,233,201942,DeMar DeRozan,1610612758,Sacramento Kings,2,6,33,Made Shot,Jump Shot,3PT Field Goal,Left Corner 3,Left Side(L),24+ ft.,23,-237,13,1,1,20251111,SAC,DEN,10470,0,201566|201942|203471|203897|1627734,1,REG,2026,1610612758,,,,,
22500212237,,Shot Chart Detail,22500212,237,203897,Zach LaVine,1610612758,Sacramento Kings,2,5,49,Missed Shot,Step Back Jump shot,3PT Field Goal,Right Corner 3,Right Side(R),24+ ft.,23,233,40,1,0,20251111,SAC,DEN,10910,0,201566|201942|203471|203897|1627734,0,REG,2026,1610612758,,,,,
22500212241,,Shot Chart Detail,22500212,241,201566,Russell Westbrook,1610612758,Sacramento Kings,2,5,23,Missed Shot,Jump Shot,3PT Field Goal,Above the Break 3,Right Side Center(RC),24+ ft.,25,159,201,1,0,20251111,SAC,DEN,11170,0,201566|201942|203471|203897|1627734,0,REG,2026,1610612758,,,,,
22500212254,,Shot Chart Detail,22500212,254,201566,Russell Westbrook,1610612758,Sacramento Kings,2,4,49,Missed Shot,Jump Shot,3PT Field Goal,Above the Break 3,Left Side Center(LC),24+ ft.,25,-210,147,1,0,20251111,SAC,DEN,11510,0,201566|201942|203897|1627734|1631165,0,REG,2026,1610612758,,,,,
22500212258,,Shot Chart Detail,22500212,258,201942,DeMar DeRozan,1610612758,Sacramento Kings,2,4,22,Made Shot,Running Layup Shot,2PT Field Goal,Restricted Area,Center(C),Less Than 8 ft.,0,-1,6,1,1,20251111,SAC,DEN,11780,0,201566|201942|203897|1627734|1631165,1,REG,2026,1610612758,,,,,
22500212270,,Shot Chart Detail,22500212,270,201566,Russell Westbrook,1610612758,Sacramento Kings,2,3,54,Made Shot,Driving Layup Shot,2PT Field Goal,In The Paint (Non-RA),Center(C),Less Than 8 ft.,5,51,13,1,1,20251111,SAC,DEN,12060,0,201566|201942|203897|1629234|1631165,0,REG,2026,1610612758,,,,,
22500212293,,Shot Chart Detail,22500212,293,201566,Russell Westbrook,1610612758,Sacramento Kings,2,2,42,Missed Shot,Jump Shot,3PT Field Goal,Above the Break 3,Left Side Center(LC),24+ ft.,25,-222,134,1,0,20251111,SAC,DEN,12780,0,201566|203897|1628370|1629234|1630173,0,REG,2026,1610612758,,,,,
22500212301,,Shot Chart Detail,22500212,301,1629234,Drew Eubanks,1610612758,Sacramento Kings,2,2,8,Made Shot,Cutting Dunk Shot,2PT Field Goal,Restricted Area,Center(C),Less Than 8 ft.,3,4,36,1,1,20251111,SAC,DEN,13120,0,201566|203897|1628370|1629234|1630173,1,REG,2026,1610612758,,,,,
22500212306,,Shot Chart Detail,22500212,306,203897,Zach LaVine,1610612758,Sacramento Kings,2,1,33,Missed Shot,Step Back Jump shot,2PT Field Goal,In The Paint (Non-RA),Center(C),8-16 ft.,11,-51,98,1,0,20251111,SAC,DEN,13470,0,201566|203897|1628370|1629234|1630173,0,REG,2026,1610612758,,,,,
22500212319,,Shot Chart Detail,22500212,319,203897,Zach LaVine,1610612758,Sacramento Kings,2,0,48,Made Shot,Jump Shot,3PT Field Goal,Left Corner 3,Left Side(L),24+ ft.,22,-228,-20,1,1,20251111,SAC,DEN,13920,0,201566|203471|203897|1628370|1629234,1,REG,2026,1610612758,,,,,
22500212331,,Shot Chart Detail,22500212,331,201566,Russell Westbrook,1610612758,Sacramento Kings,2,0,7,Missed Shot,Jump Shot,3PT Field Goal,Left Corner 3,Left Side(L),24+ ft.,23,-234,-6,1,0,20251111,SAC,DEN,14330,0,201566|203471|203897|1628370|1629234,0,REG,2026,1610612758,,,,,
22500212350,,Shot Chart Detail,22500212,350,201942,DeMar DeRozan,1610612758,Sacramento Kings,3,11,25,Missed Shot,Jump Shot,3PT Field Goal,Above the Break 3,Center(C),24+ ft.,28,-23,280,1,0,20251111,SAC,DEN,14750,0,201942|203471|203897|1627734|1630173,0,REG,2026,1610612758,,,,,
22500212352,,Shot Chart Detail,22500212,352,1630173,Precious Achiuwa,1610612758,Sacramento Kings,3,11,23,Made Shot,Putback Layup Shot,2PT Field Goal,In The Paint (Non-RA),Center(C),Less Than 8 ft.,7,-38,64,1,1,20251111,SAC,DEN,14770,0,201942|203471|203897|1627734|1630173,0,REG,2026,1610612758,,,,,
22500212359,,Shot Chart Detail,22500212,359,203897,Zach LaVine,1610612758,Sacramento Kings,3,10,50,Missed Shot,Pullup Jump shot,3PT Field Goal,Above the Break 3,Center(C),24+ ft.,28,34,284,1,0,20251111,SAC,DEN,15100,0,201942|203471|203897|1627734|1630173,0,REG,2026,1610612758,,,,,
22500212363,,Shot Chart Detail,22500212,363,1630173,Precious Achiuwa,1610612758,Sacramento Kings,3,10,14,Made Shot,Driving Finger Roll Layup Shot,2PT Field Goal,Restricted Area,Center(C),Less Than 8 ft.,2,-7,26,1,1,20251111,SAC,DEN,15460,0,201942|203471|203897|1627734|1630173,0,REG,2026,1610612758,,,,,
22500212367,,Shot Chart Detail,22500212,367,1630173,Precious Achiuwa,1610612758,Sacramento Kings,3,9,51,Missed Shot,Jump Shot,3PT Field Goal,Left Corner 3,Left Side(L),24+ ft.,22,-224,33,1,0,20251111,SAC,DEN,15690,0,201942|203471|203897|1627734|1630173,0,REG,2026,1610612758,,,,,
22500212370,,Shot Chart Detail,22500212,370,1627734,Domantas Sabonis,1610612758,Sacramento Kings,3,9,24,Made Shot,Jump Shot,2PT Field Goal,Mid-Range,Right Side(R),8-16 ft.,12,120,15,1,1,20251111,SAC,DEN,15960,0,201942|203471|203897|1627734|1630173,1,REG,2026,1610612758,,,,,
22500212382,,Shot Chart Detail,22500212,382,201942,DeMar DeRozan,1610612758,Sacramento Kings,3,8,35,Made Shot,Jump Shot,3PT Field Goal,Right Corner 3,Right Side(R),24+ ft.,24,234,68,1,1,20251111,SAC,DEN,16450,0,201942|203471|203897|1627734|1630173,1,REG,2026,1610612758,,,,,
22500212386,,Shot Chart Detail,22500212,386,203471,Dennis Schröder,1610612758,Sacramento Kings,3,8,2,Missed Shot,Driving Floating Bank Jump Shot,2PT Field Goal,In The Paint (Non-RA),Center(C),Less Than 8 ft.,7,-67,21,1,0,20251111,SAC,DEN,16780,0,201942|203471|203897|1627734|1630173,0,REG,2026,1610612758,,,,,
22500212390,,Shot Chart Detail,22500212,390,203897,Zach LaVine,1610612758,Sacramento Kings,3,7,49,Made Shot,Running Dunk Shot,2PT Field Goal,Restricted Area,Center(C),Less Than 8 ft.,2,15,20,1,1,20251111,SAC,DEN,16910,0,201942|203471|203897|1627734|1630173,1,REG,2026,1610612758,,,,,
22500212404,,Shot Chart Detail,22500212,404,1628370,Malik Monk,1610612758,Sacramento Kings,3,6,55,Missed Shot,Driving Layup Shot,2PT Field Goal,In The Paint (Non-RA),Left Side(L),8-16 ft.,8,-55,69,1,0,20251111,SAC,DEN,17450,0,201566|203897|1628370|1629234|1630173,0,REG,2026,1610612758,,,,,
22500212419,,Shot Chart Detail,22500212,419,1629234,Drew Eubanks,1610612758,Sacramento Kings,3,6,7,Made Shot,Running Dunk Shot,2PT Field Goal,Restricted Area,Center(C),Less Than 8 ft.,3,2,38,1,1,20251111,SAC,DEN,17930,0,201566|203897|1628370|1629234|1630173,1,REG,2026,1610612758,,,,,
22500212426,,Shot Chart Detail,22500212,426,1629234,Drew Eubanks,1610612758,Sacramento Kings,3,5,20,Made Shot,Driving Floating Jump Shot,2PT Field Goal,In The Paint (Non-RA),Center(C),8-16 ft.,12,26,127,1,1,20251111,SAC,DEN,18400,0,201566|203897|1628370|1629234|1630173,1,REG,2026,1610612758,,,,,
22500212432,,Shot Chart Detail,22500212,432,203897,Zach LaVine,1610612758,Sacramento Kings,3,4,52,Missed Shot,Cutting Layup Shot,2PT Field Goal,Restricted Area,Center(C),Less Than 8 ft.,2,11,23,1,0,20251111,SAC,DEN,18680,0,201566|203897|1628370|1629234|1630173,0,REG,2026,1610612758,,,,,
22500212446,,Shot Chart Detail,22500212,446,1642363,Nique Clifford,1610612758,Sacramento Kings,3,3,44,Missed Shot,Pullup Jump shot,2PT Field Goal,Mid-Range,Center(C),16-24 ft.,16,27,167,1,0,20251111,SAC,DEN,19360,0,201566|1628370|1629234|1630173|1642363,0,REG,2026,1610612758,,,,,
22500212450,,Shot Chart Detail,22500212,450,1629234,Drew Eubanks,1610612758,Sacramento Kings,3,3,8,Made Shot,Floating Jump shot,2PT Field Goal,In The Paint (Non-RA),Center(C),8-16 ft.,11,22,115,1,1,20251111,SAC,DEN,19720,0,201566|1628370|1629234|1630173|1642363,1,REG,2026,1610612758,,,,,
22500212454,,Shot Chart Detail,22500212,454,1628370,Malik Monk,1610612758,Sacramento Kings,3,2,27,Missed Shot,Fadeaway Jump Shot,2PT Field Goal,Mid-Range,Center(C),8-16 ft.,15,-75,139,1,0,20251111,SAC,DEN,20130,0,201566|1628370|1629234|1630173|1642363,0,REG,2026,1610612758,,,,,
22500212470,,Shot Chart Detail,22500212,470,201566,Russell Westbrook,1610612758,Sacramento Kings,3,1,58,Made Shot,Jump Shot,3PT Field Goal,Above the Break 3,Right Side Center(RC),24+ ft.,26,175,199,1,1,20251111,SAC,DEN,20420,0,201566|1628370|1629234|1631165|1642363,1,REG,2026,1610612758,,,,,
22500212474,,Shot Chart Detail,22500212,474,1628370,Malik Monk,1610612758,Sacramento Kings,3,1,24,Missed Shot,Jump Shot,3PT Field Goal,Above the Break 3,Center(C),24+ ft.,28,26,286,1,0,20251111,SAC,DEN,20760,0,201566|1628370|1629234|1631165|1642363,0,REG,2026,1610612758,,,,,
22500212478,,Shot Chart Detail,22500212,478,1631165,Keon Ellis,1610612758,Sacramento Kings,3,0,57,Made Shot,Jump Shot,3PT Field Goal,Above the Break 3,Center(C),24+ ft.,26,-25,265,1,1,20251111,SAC,DEN,21030,0,201566|1628370|1629234|1631165|1642363,1,REG,2026,1610612758,,,,,
22500212494,,Shot Chart Detail,22500212,494,201566,Russell Westbrook,1610612758,Sacramento Kings,3,0,0,Missed Shot,Driving Finger Roll Layup Shot,2PT Field Goal,In The Paint (Non-RA),Center(C),Less Than 8 ft.,5,-9,58,1,0,20251111,SAC,DEN,21600,0,201566|203897|1628370|1631165|1642363,0,REG,2026,1610612758,,,,,
22500212505,,Shot Chart Detail,22500212,505,201942,DeMar DeRozan,1610612758,Sacramento Kings,4,11,47,Made Shot,Pullup Jump shot,2PT Field Goal,Mid-Range,Center(C),16-24 ft.,16,-11,162,1,1,20251111,SAC,DEN,21730,0,201566|201942|1627734|1631165|1642363,1,REG,2026,1610612758,,,,,
22500212511,,Shot Chart Detail,22500212,511,201942,DeMar DeRozan,1610612758,Sacramento Kings,4,11,16,Missed Shot,Jump Shot,2PT Field Goal,Mid-Range,Left Side Center(LC),16-24 ft.,20,-97,184,1,0,20251111,SAC,DEN,22040,0,201566|201942|1627734|1631165|1642363,0,REG,2026,1610612758,,,,,
22500212514,,Shot Chart Detail,22500212,514,1642363,Nique Clifford,1610612758,Sacramento Kings,4,11,6,Missed Shot,Jump Shot,3PT Field Goal,Above the Break 3,Center(C),24+ ft.,30,-6,301,1,0,20251111,SAC,DEN,22140,0,201566|201942|1627734|1631165|1642363,0,REG,2026,1610612758,,,,,
22500212522,,Shot Chart Detail,22500212,522,1642363,Nique Clifford,1610612758,Sacramento Kings,4,10,30,Missed Shot,Driving Floating Jump Shot,2PT Field Goal,In The Paint (Non-RA),Center(C),8-16 ft.,10,-37,96,1,0,20251111,SAC,DEN,22500,0,201566|201942|1627734|1631165|1642363,0,REG,2026,1610612758,,,,,
22500212532,,Shot Chart Detail,22500212,532,201942,DeMar DeRozan,1610612758,Sacramento Kings,4,10,0,Missed Shot,Pullup Jump shot,2PT Field Goal,Mid-Range,Left Side Center(LC),16-24 ft.,19,-120,148,1,0,20251111,SAC,DEN,22800,0,201942|203471|203897|1627734|1631165,0,REG,2026,1610612758,,,,,
22500212536,,Shot Chart Detail,22500212,536,201942,DeMar DeRozan,1610612758,Sacramento Kings,4,9,27,Made Shot,Step Back Jump shot,2PT Field Goal,Mid-Range,Right Side(R),8-16 ft.,14,115,94,1,1,20251111,SAC,DEN,23130,0,201942|203471|203897|1627734|1631165,0,REG,2026,1610612758,,,,,
22500212540,,Shot Chart Detail,22500212,540,201942,DeMar DeRozan,1610612758,Sacramento Kings,4,8,56,Missed Shot,Pullup Jump shot,2PT Field Goal,Mid-Range,Center(C),16-24 ft.,18,12,183,1,0,20251111,SAC,DEN,23440,0,201942|203471|203897|1627734|1631165,0,REG,2026,1610612758,,,,,
22500212547,,Shot Chart Detail,22500212,547,1627734,Domantas Sabonis,1610612758,Sacramento Kings,4,7,49,Missed Shot,Floating Jump shot,2PT Field Goal,Restricted Area,Center(C),Less Than 8 ft.,3,-5,31,1,0,20251111,SAC,DEN,24110,0,201942|203471|203897|1627734|1631165,0,REG,2026,1610612758,,,,,
22500212568,,Shot Chart Detail,22500212,568,203897,Zach LaVine,1610612758,Sacramento Kings,4,6,29,Made Shot,Running Dunk Shot,2PT Field Goal,Restricted Area,Center(C),Less Than 8 ft.,1,-2,13,1,1,20251111,SAC,DEN,24910,0,201566|201942|203897|1627734|1628370,1,REG,2026,1610612758,,,,,
22500212572,,Shot Chart Detail,22500212,572,203897,Zach LaVine,1610612758,Sacramento Kings,4,5,53,Missed Shot,Step Back Jump shot,3PT Field Goal,Above the Break 3,Left Side Center(LC),24+ ft.,28,-163,237,1,0,20251111,SAC,DEN,25270,0,201566|201942|203897|1627734|1628370,0,REG,2026,1610612758,,,,,
22500212578,,Shot Chart Detail,22500212,578,203897,Zach LaVine,1610612758,Sacramento Kings,4,5,25,Missed Shot,Driving Layup Shot,2PT Field Goal,In The Paint (Non-RA),Center(C),Less Than 8 ft.,4,38,21,1,0,20251111,SAC,DEN,25550,0,201566|201942|203897|1627734|1628370,0,REG,2026,1610612758,,,,,
22500212590,,Shot Chart Detail,22500212,590,201566,Russell Westbrook,1610612758,Sacramento Kings,4,4,59,Missed Shot,Jump Shot,3PT Field Goal,Above the Break 3,Right Side Center(RC),24+ ft.,26,121,239,1,0,20251111,SAC,DEN,25810,0,201566|201942|203897|1627734|1628370,0,REG,2026,1610612758,,,,,
22500212606,,Shot Chart Detail,22500212,606,1627734,Domantas Sabonis,1610612758,Sacramento Kings,4,4,18,Made Shot,Jump Shot,3PT Field Goal,Above the Break 3,Center(C),24+ ft.,28,2,286,1,1,20251111,SAC,DEN,26220,0,201566|201942|203897|1627734|1628370,1,REG,2026,1610612758,,,,,
22500212611,,Shot Chart Detail,22500212,611,1628370,Malik Monk,1610612758,Sacramento Kings,4,3,49,Made Shot,Fadeaway Jump Shot,2PT Field Goal,In The Paint (Non-RA),Center(C),Less Than 8 ft.,6,33,54,1,1,20251111,SAC,DEN,26510,0,201566|201942|203897|1627734|1628370,0,REG,2026,1610612758,,,,,
22500212620,,Shot Chart Detail,22500212,620,1629234,Drew Eubanks,1610612758,Sacramento Kings,4,3,29,Missed Shot,Driving Floating Bank Jump Shot,2PT Field Goal,In The Paint (Non-RA),Center(C),Less Than 8 ft.,5,13,57,1,0,20251111,SAC,DEN,26710,0,201566|201942|203897|1628370|1629234,0,REG,2026,1610612758,,,,,
22500212630,,Shot Chart Detail,22500212,630,201942,DeMar DeRozan,1610612758,Sacramento Kings,4,2,51,Missed Shot,Jump Shot,3PT Field Goal,Right Corner 3,Right Side(R),24+ ft.,22,223,2,1,0,20251111,SAC,DEN,27090,0,201566|201942|203897|1628370|1629234,0,REG,2026,1610612758,,,,,
22500212634,,Shot Chart Detail,22500212,634,203897,Zach LaVine,1610612758,Sacramento Kings,4,2,28,Missed Shot,Jump Shot,3PT Field Goal,Above the Break 3,Left Side Center(LC),24+ ft.,26,-245,89,1,0,20251111,SAC,DEN,27320,0,201566|201942|203897|1628370|1629234,0,REG,2026,1610612758,,,,,
22500212636,,Shot Chart Detail,22500212,636,201942,DeMar DeRozan,1610612758,Sacramento Kings,4,2,19,Made Shot,Floating Jump shot,2PT Field Goal,In The Paint (Non-RA),Center(C),8-16 ft.,11,-7,113,1,1,20251111,SAC,DEN,27410,0,201566|201942|203897|1628370|1629234,1,REG,2026,1610612758,,,,,
22500212649,,Shot Chart Detail,22500212,649,1629234,Drew Eubanks,1610612758,Sacramento Kings,4,1,18,Made Shot,Driving Floating Bank Jump Shot,2PT Field Goal,In The Paint (Non-RA),Center(C),Less Than 8 ft.,7,-50,50,1,1,20251111,SAC,DEN,28020,0,201566|201942|203897|1628370|1629234,1,REG,2026,1610612758,,,,,
22500212663,,Shot Chart Detail,22500212,663,1629234,Drew Eubanks,1610612758,Sacramento Kings,4,0,40,Made Shot,Alley Oop Layup shot,2PT Field Goal,In The Paint (Non-RA),Center(C),Less Than 8 ft.,5,-1,52,1,1,20251111,SAC,DEN,28400,0,201566|201942|203897|1628370|1629234,1,REG,2026,1610612758,,,,,
22500212667,,Shot Chart Detail,22500212,667,201942,DeMar DeRozan,1610612758,Sacramento Kings,4,0,16,Missed Shot,Jump Shot,3PT Field Goal,Right Corner 3,Right Side(R),24+ ft.,22,223,2,1,0,20251111,SAC,DEN,28640,0,201566|201942|203897|1628370|1629234,0,REG,2026,1610612758,,,,,
225002239,,Shot Chart Detail,22500223,9,1627734,Domantas Sabonis,1610612758,Sacramento Kings,1,11,20,Made Shot,Jump Shot,2PT Field Goal,In The Paint (Non-RA),Center(C),Less Than 8 ft.,7,-12,72,1,1,20251112,SAC,ATL,400,0,201566|201942|203471|1627734|1630173,1,REG,2026,1610612758,,,,,
2250022316,,Shot Chart Detail,22500223,16,1627734,Domantas Sabonis,1610612758,Sacramento Kings,1,10,44,Missed Shot,Jump Shot,3PT Field Goal,Above the Break 3,Left Side Center(LC),24+ ft.,26,-142,218,1,0,20251112,SAC,ATL,760,0,201566|201942|203471|1627734|1630173,0,REG,2026,1610612758,,,,,
2250022322,,Shot Chart Detail,22500223,22,201566,Russell Westbrook,1610612758,Sacramento Kings,1,10,11,Missed Shot,Driving Layup Shot,2PT Field Goal,Restricted Area,Center(C),Less Than 8 ft.,3,-15,30,1,0,20251112,SAC,ATL,1090,0,201566|201942|203471|1627734|1630173,0,REG,2026,1610612758,,,,,
2250022327,,Shot Chart Detail,22500223,27,1627734,Domantas Sabonis,1610612758,Sacramento Kings,1,9,50,Made Shot,Reverse Layup Shot,2PT Field Goal,In The Paint (Non-RA),Center(C),Less Than 8 ft.,4,-49,8,1,1,20251112,SAC,ATL,1300,0,201566|201942|203471|1627734|1630173,1,REG,2026,1610612758,,,,,
2250022330,,Shot Chart Detail,22500223,30,203471,Dennis Schröder,1610612758,Sacramento Kings,1,9,28,Made Shot,Driving Layup Shot,2PT Field Goal,Restricted Area,Center(C),Less Than 8 ft.,2,-29,5,1,1,20251112,SAC,ATL,1520,0,201566|201942|203471|1627734|1630173,1,REG,2026,1610612758,,,,,
2250022333,,Shot Chart Detail,22500223,33,201942,DeMar DeRozan,1610612758,Sacramento Kings,1,9,18,Missed Shot,Turnaround Jump Shot,2PT Field Goal,Mid-Range,Left Side(L),8-16 ft.,15,-143,51,1,0,20251112,SAC,ATL,1620,0,201566|201942|203471|1627734|1630173,0,REG,2026,1610612758,,,,,
2250022335,,Shot Chart Detail,22500223,35,203471,Dennis Schröder,1610612758,Sacramento Kings,1,9,14,Missed Shot,Jump Shot,2PT Field Goal,Mid-Range,Right Side(R),8-16 ft.,15,151,-5,1,0,20251112,SAC,ATL,1660,0,201566|201942|203471|1627734|1630173,0,REG,2026,1610612758,,,,,
2250022340,,Shot Chart Detail,22500223,40,1627734,Domantas Sabonis,1610612758,Sacramento Kings,1,8,48,Missed Shot,Layup Shot,2PT Field Goal,In The Paint (Non-RA),Center(C),Less Than 8 ft.,7,-71,14,1,0,20251112,SAC,ATL,1920,0,201566|201942|203471|1627734|1630173,0,REG,2026,1610612758,,,,,
2250022350,,Shot Chart Detail,22500223,50,201566,Russell Westbrook,1610612758,Sacramento Kings,1,8,14,Made Shot,Driving Finger Roll Layup Shot,2PT Field Goal,Restricted Area,Center(C),Less Than 8 ft.,3,-12,36,1,1,20251112,SAC,ATL,2260,0,201566|201942|203471|1627734|1630173,0,REG,2026,1610612758,,,,,
2250022353,,Shot Chart Detail,22500223,53,201942,DeMar DeRozan,1610612758,Sacramento Kings,1,7,47,Missed Shot,Jump Shot,2PT Field Goal,Restricted Area,Center(C),Less Than 8 ft.,3,36,14,1,0,20251112,SAC,ATL,2530,0,201566|201942|203471|1627734|1630173,0,REG,2026,1610612758,,,,,
2250022372,,Shot Chart Detail,22500223,72,201942,DeMar DeRozan,1610612758,Sacramento Kings,1,6,35,Made Shot,Driving Layup Shot,2PT Field Goal,In The Paint (Non-RA),Center(C),Less Than 8 ft.,4,-42,10,1,1,20251112,SAC,ATL,3250,0,201566|201942|1627734|1631165|1642363,0,REG,2026,1610612758,,,,,
2250022375,,Shot Chart Detail,22500223,75,1642363,Nique Clifford,1610612758,Sacramento Kings,1,6,8,Missed Shot,Jump Shot,3PT Field Goal,Above the Break 3,Center(C),24+ ft.,25,-72,245,1,0,20251112,SAC,ATL,3520,0,201566|201942|1627734|1631165|1642363,0,REG,2026,1610612758,,,,,
2250022389,,Shot Chart Detail,22500223,89,201566,Russell Westbrook,1610612758,Sacramento Kings,1,5,24,Missed Shot,Jump Shot,3PT Field Goal,Above the Break 3,Center(C),24+ ft.,25,0,255,1,0,20251112,SAC,ATL,3960,0,201566|201942|1627734|1631165|1642363,0,REG,2026,1610612758,,,,,
2250022393,,Shot Chart Detail,22500223,93,1642363,Nique Clifford,1610612758,Sacramento Kings,1,5,10,Made Shot,Running Layup Shot,2PT Field Goal,Restricted Area,Center(C),Less Than 8 ft.,3,-27,14,1,1,20251112,SAC,ATL,4100,0,201566|201942|1627734|1631165|1642363,1,REG,2026,1610612758,,,,,
22500223107,,Shot Chart Detail,22500223,107,1627734,Domantas Sabonis,1610612758,Sacramento Kings,1,4,44,Made Shot,Layup Shot,2PT Field Goal,Restricted Area,Center(C),Less Than 8 ft.,3,-5,30,1,1,20251112,SAC,ATL,4360,0,203471|1627734|1631165|1642269|1642363,0,REG,2026,1610612758,,,,,
22500223110,,Shot Chart Detail,22500223,110,1642269,Devin Carter,1610612758,Sacramento Kings,1,4,27,Missed Shot,Driving Floating Jump Shot,2PT Field Goal,In The Paint (Non-RA),Center(C),Less Than 8 ft.,5,-13,50,1,0,20251112,SAC,ATL,4530,0,203471|1627734|1631165|1642269|1642363,0,REG,2026,1610612758,,,,,
22500223119,,Shot Chart Detail,22500223,119,1631165,Keon Ellis,1610612758,Sacramento Kings,1,3,45,Made Shot,Pullup Jump shot,3PT Field Goal,Above the Break 3,Center(C),24+ ft.,25,-15,257,1,1,20251112,SAC,ATL,4950,0,203471|1627734|1631165|1642269|1642363,1,REG,2026,1610612758,,,,,
22500223129,,Shot Chart Detail,22500223,129,203471,Dennis Schröder,1610612758,Sacramento Kings,1,3,5,Made Shot,Jump Shot,3PT Field Goal,Left Corner 3,Left Side(L),24+ ft.,23,-234,41,1,1,20251112,SAC,ATL,5350,0,203471|1629234|1631165|1642269|1642363,1,REG,2026,1610612758,,,,,
22500223138,,Shot Chart Detail,22500223,138,1631165,Keon Ellis,1610612758,Sacramento Kings,1,2,12,Made Shot,Jump Shot,3PT Field Goal,Left Corner 3,Left Side(L),24+ ft.,23,-232,5,1,1,20251112,SAC,ATL,5880,0,203471|1629234|1631165|1642269|1642363,1,REG,2026,1610612758,,,,,
22500223148,,Shot Chart Detail,22500223,148,1642269,Devin Carter,1610612758,Sacramento Kings,1,1,9,Made Shot,Reverse Layup Shot,2PT Field Goal,In The Paint (Non-RA),Center(C),Less Than 8 ft.,4,-43,13,1,1,20251112,SAC,ATL,6510,0,203471|1629234|1631165|1642269|1642363,0,REG,2026,1610612758,,,,,
22500223152,,Shot Chart Detail,22500223,152,1629234,Drew Eubanks,1610612758,Sacramento Kings,1,0,43,Missed Shot,Hook Shot,2PT Field Goal,In The Paint (Non-RA),Center(C),Less Than 8 ft.,5,11,58,1,0,20251112,SAC,ATL,6770,0,203471|1629234|1631165|1642269|1642363,0,REG,2026,1610612758,,,,,
22500223154,,Shot Chart Detail,22500223,154,1642363,Nique Clifford,1610612758,Sacramento Kings,1,0,38,Made Shot,Tip Layup Shot,2PT Field Goal,Restricted Area,Center(C),Less Than 8 ft.,0,0,0,1,1,20251112,SAC,ATL,6820,0,203471|1629234|1631165|1642269|1642363,0,REG,2026,1610612758,,,,,
22500223160,,Shot Chart Detail,22500223,160,203471,Dennis Schröder,1610612758,Sacramento Kings,1,0,29,Made Shot,Pullup Jump shot,3PT Field Goal,Above the Break 3,Left Side Center(LC),24+ ft.,24,-141,203,1,1,20251112,SAC,ATL,6910,0,203471|1629234|1631165|1642269|1642363,0,REG,2026,1610612758,,,,,
22500223170,,Shot Chart Detail,22500223,170,201566,Russell Westbrook,1610612758,Sacramento Kings,1,0,0,Made Shot,Cutting Layup Shot,2PT Field Goal,Restricted Area,Center(C),Less Than 8 ft.,3,-17,31,1,1,20251112,SAC,ATL,7200,0,201566|203471|1631165|1642269|1642363,1,REG,2026,1610612758,,,,,
22500223180,,Shot Chart Detail,22500223,180,1642363,Nique Clifford,1610612758,Sacramento Kings,2,11,46,Missed Shot,Jump Shot,3PT Field Goal,Above the Break 3,Right Side Center(RC),24+ ft.,25,99,239,1,0,20251112,SAC,ATL,7340,0,203471|1629234|1631165|1642269|1642363,0,REG,2026,1610612758,,,,,
22500223190,,Shot Chart Detail,22500223,190,1642363,Nique Clifford,1610612758,Sacramento Kings,2,10,43,Missed Shot,Jump Shot,3PT Field Goal,Right Corner 3,Right Side(R),24+ ft.,23,229,32,1,0,20251112,SAC,ATL,7970,0,203471|1629234|1631165|1642269|1642363,0,REG,2026,1610612758,,,,,
22500223194,,Shot Chart Detail,22500223,194,1642269,Devin Carter,1610612758,Sacramento Kings,2,10,16,Made Shot,Jump Shot,3PT Field Goal,Above the Break 3,Center(C),24+ ft.,26,-15,262,1,1,20251112,SAC,ATL,8240,0,203471|1629234|1631165|1642269|1642363,1,REG,2026,1610612758,,,,,
22500223207,,Shot Chart Detail,22500223,207,1642269,Devin Carter,1610612758,Sacramento Kings,2,9,31,Missed Shot,Jump Shot,3PT Field Goal,Above the Break 3,Right Side Center(RC),24+ ft.,24,208,120,1,0,20251112,SAC,ATL,8690,0,201566|201942|1629234|1631165|1642269,0,REG,2026,1610612758,,,,,
22500223211,,Shot Chart Detail,22500223,211,1631165,Keon Ellis,1610612758,Sacramento Kings,2,8,58,Missed Shot,Pullup Jump shot,3PT Field Goal,Above the Break 3,Left Side Center(LC),24+ ft.,26,-179,198,1,0,20251112,SAC,ATL,9020,0,201566|201942|1629234|1631165|1642269,0,REG,2026,1610612758,,,,,
22500223213,,Shot Chart Detail,22500223,213,1631165,Keon Ellis,1610612758,Sacramento Kings,2,8,52,Missed Shot,Jump Shot,3PT Field Goal,Above the Break 3,Left Side Center(LC),24+ ft.,25,-168,194,1,0,20251112,SAC,ATL,9080,0,201566|201942|1629234|1631165|1642269,0,REG,2026,1610612758,,,,,
22500223215,,Shot Chart Detail,22500223,215,201942,DeMar DeRozan,1610612758,Sacramento Kings,2,8,46,Missed Shot,Reverse Layup Shot,2PT Field Goal,In The Paint (Non-RA),Center(C),Less Than 8 ft.,4,-42,15,1,0,20251112,SAC,ATL,9140,0,201566|201942|1629234|1631165|1642269,0,REG,2026,1610612758,,,,,
22500223230,,Shot Chart Detail,22500223,230,201942,DeMar DeRozan,1610612758,Sacramento Kings,2,8,7,Missed Shot,Jump Shot,3PT Field Goal,Left Corner 3,Left Side(L),24+ ft.,23,-239,-2,1,0,20251112,SAC,ATL,9530,0,201566|201942|1627734|1631165|1631342,0,REG,2026,1610612758,,,,,
22500223250,,Shot Chart Detail,22500223,250,1627734,Domantas Sabonis,1610612758,Sacramento Kings,2,7,23,Missed Shot,Layup Shot,2PT Field Goal,In The Paint (Non-RA),Center(C),Less Than 8 ft.,5,-54,9,1,0,20251112,SAC,ATL,9970,0,201566|201942|1627734|1631165|1631342,0,REG,2026,1610612758,,,,,
22500223260,,Shot Chart Detail,22500223,260,1631342,Daeqwon Plowden,1610612758,Sacramento Kings,2,6,30,Missed Shot,Jump Shot,3PT Field Goal,Right Corner 3,Right Side(R),24+ ft.,22,229,-1,1,0,20251112,SAC,ATL,10500,0,201566|201942|1627734|1631165|1631342,0,REG,2026,1610612758,,,,,
22500223279,,Shot Chart Detail,22500223,279,1630173,Precious Achiuwa,1610612758,Sacramento Kings,2,6,10,Made Shot,Layup Shot,2PT Field Goal,Restricted Area,Center(C),Less Than 8 ft.,3,15,26,1,1,20251112,SAC,ATL,10700,0,201566|201942|1627734|1630173|1631342,1,REG,2026,1610612758,,,,,
22500223283,,Shot Chart Detail,22500223,283,201566,Russell Westbrook,1610612758,Sacramento Kings,2,5,44,Made Shot,Fadeaway Jump Shot,2PT Field Goal,In The Paint (Non-RA),Right Side(R),8-16 ft.,11,62,96,1,1,20251112,SAC,ATL,10960,0,201566|201942|1627734|1630173|1631342,0,REG,2026,1610612758,,,,,
22500223323,,Shot Chart Detail,22500223,323,1642269,Devin Carter,1610612758,Sacramento Kings,2,3,34,Missed Shot,Running Pull-Up Jump Shot,3PT Field Goal,Above the Break 3,Right Side Center(RC),24+ ft.,25,140,213,1,0,20251112,SAC,ATL,12260,0,203471|1627734|1631165|1642269|1642363,0,REG,2026,1610612758,,,,,
22500223325,,Shot Chart Detail,22500223,325,203471,Dennis Schröder,1610612758,Sacramento Kings,2,3,26,Missed Shot,Jump Shot,3PT Field Goal,Above the Break 3,Center(C),24+ ft.,25,59,247,1,0,20251112,SAC,ATL,12340,0,203471|1627734|1631165|1642269|1642363,0,REG,2026,1610612758,,,,,
22500223330,,Shot Chart Detail,22500223,330,1642363,Nique Clifford,1610612758,Sacramento Kings,2,3,4,Missed Shot,Pullup Jump shot,2PT Field Goal,Mid-Range,Center(C),8-16 ft.,15,56,140,1,0,20251112,SAC,ATL,12560,0,203471|1627734|1631165|1642269|1642363,0,REG,2026,1610612758,,,,,
22500223333,,Shot Chart Detail,22500223,333,1642269,Devin Carter,1610612758,Sacramento Kings,2,2,44,Missed Shot,Driving Layup Shot,2PT Field Goal,In The Paint (Non-RA),Center(C),Less Than 8 ft.,5,47,32,1,0,20251112,SAC,ATL,12760,0,203471|1627734|1631165|1642269|1642363,0,REG,2026,1610612758,,,,,
22500223337,,Shot Chart Detail,22500223,337,1631165,Keon Ellis,1610612758,Sacramento Kings,2,2,17,Made Shot,Jump Shot,3PT Field Goal,Above the Break 3,Left Side Center(LC),24+ ft.,26,-140,220,1,1,20251112,SAC,ATL,13030,0,203471|1627734|1631165|1642269|1642363,1,REG,2026,1610612758,,,,,
22500223341,,Shot Chart Detail,22500223,341,1631165,Keon Ellis,1610612758,Sacramento Kings,2,1,40,Missed Shot,Pullup Jump shot,3PT Field Goal,Above the Break 3,Left Side Center(LC),24+ ft.,26,-170,197,1,0,20251112,SAC,ATL,13400,0,203471|1627734|1631165|1642269|1642363,0,REG,2026,1610612758,,,,,
22500223348,,Shot Chart Detail,22500223,348,1627734,Domantas Sabonis,1610612758,Sacramento Kings,2,1,24,Missed Shot,Running Layup Shot,2PT Field Goal,In The Paint (Non-RA),Center(C),Less Than 8 ft.,5,-50,24,1,0,20251112,SAC,ATL,13560,0,201566|203471|1627734|1631165|1642363,0,REG,2026,1610612758,,,,,
22500223352,,Shot Chart Detail,22500223,352,1631165,Keon Ellis,1610612758,Sacramento Kings,2,1,18,Missed Shot,Running Pull-Up Jump Shot,3PT Field Goal,Above the Break 3,Left Side Center(LC),24+ ft.,26,-129,229,1,0,20251112,SAC,ATL,13620,0,201566|203471|1627734|1631165|1642363,0,REG,2026,1610612758,,,,,
22500223358,,Shot Chart Detail,22500223,358,201566,Russell Westbrook,1610612758,Sacramento Kings,2,0,59,Missed Shot,Jump Shot,3PT Field Goal,Above the Break 3,Left Side Center(LC),24+ ft.,25,-134,214,1,0,20251112,SAC,ATL,13810,0,201566|203471|1627734|1631165|1642363,0,REG,2026,1610612758,,,,,
22500223367,,Shot Chart Detail,22500223,367,1642363,Nique Clifford,1610612758,Sacramento Kings,2,0,8,Missed Shot,Layup Shot,2PT Field Goal,In The Paint (Non-RA),Center(C),Less Than 8 ft.,5,-47,30,1,0,20251112,SAC,ATL,14320,0,201566|203471|1627734|1631165|1642363,0,REG,2026,1610612758,,,,,
22500223383,,Shot Chart Detail,22500223,383,201566,Russell Westbrook,1610612758,Sacramento Kings,3,11,48,Missed Shot,Cutting Layup Shot,2PT Field Goal,Restricted Area,Center(C),Less Than 8 ft.,3,-18,34,1,0,20251112,SAC,ATL,14520,0,201566|201942|203471|1627734|1630173,0,REG,2026,1610612758,,,,,
22500223387,,Shot Chart Detail,22500223,387,203471,Dennis Schröder,1610612758,Sacramento Kings,3,11,19,Missed Shot,Driving Layup Shot,2PT Field Goal,In The Paint (Non-RA),Center(C),Less Than 8 ft.,5,-40,44,1,0,20251112,SAC,ATL,14810,0,201566|201942|203471|1627734|1630173,0,REG,2026,1610612758,,,,,
22500223398,,Shot Chart Detail,22500223,398,201566,Russell Westbrook,1610612758,Sacramento Kings,3,10,36,Missed Shot,Step Back Jump shot,3PT Field Goal,Right Corner 3,Right Side(R),24+ ft.,23,234,50,1,0,20251112,SAC,ATL,15240,0,201566|201942|203471|1627734|1630173,0,REG,2026,1610612758,,,,,
22500223403,,Shot Chart Detail,22500223,403,1627734,Domantas Sabonis,1610612758,Sacramento Kings,3,10,10,Missed Shot,Layup Shot,2PT Field Goal,In The Paint (Non-RA),Center(C),Less Than 8 ft.,5,-16,55,1,0,20251112,SAC,ATL,15500,0,201566|201942|203471|1627734|1630173,0,REG,2026,1610612758,,,,,
22500223411,,Shot Chart Detail,22500223,411,201942,DeMar DeRozan,1610612758,Sacramento Kings,3,9,50,Missed Shot,Turnaround Jump Shot,2PT Field Goal,Mid-Range,Center(C),16-24 ft.,16,-9,162,1,0,20251112,SAC,ATL,15700,0,201566|201942|203471|1627734|1630173,0,REG,2026,1610612758,,,,,
22500223428,,Shot Chart Detail,22500223,428,1642875,Maxime Raynaud,1610612758,Sacramento Kings,3,9,31,Missed Shot,Jump Shot,2PT Field Goal,Mid-Range,Center(C),16-24 ft.,17,-9,176,1,0,20251112,SAC,ATL,15890,0,1631165|1631342|1642269|1642363|1642875,0,REG,2026,1610612758,,,,,
22500223432,,Shot Chart Detail,22500223,432,1642269,Devin Carter,1610612758,Sacramento Kings,3,9,14,Missed Shot,Floating Jump shot,2PT Field Goal,In The Paint (Non-RA),Center(C),8-16 ft.,11,5,118,1,0,20251112,SAC,ATL,16060,0,1631165|1631342|1642269|1642363|1642875,0,REG,2026,1610612758,,,,,
22500223438,,Shot Chart Detail,22500223,438,1631165,Keon Ellis,1610612758,Sacramento Kings,3,8,51,Made Shot,Jump Shot,3PT Field Goal,Above the Break 3,Left Side Center(LC),24+ ft.,27,-150,232,1,1,20251112,SAC,ATL,16290,0,1631165|1631342|1642269|1642363|1642875,1,REG,2026,1610612758,,,,,
22500223442,,Shot Chart Detail,22500223,442,1642269,Devin Carter,1610612758,Sacramento Kings,3,8,17,Missed Shot,Driving Floating Jump Shot,2PT Field Goal,In The Paint (Non-RA),Center(C),8-16 ft.,13,1,130,1,0,20251112,SAC,ATL,16630,0,1631165|1631342|1642269|1642363|1642875,0,REG,2026,1610612758,,,,,
22500223451,,Shot Chart Detail,22500223,451,1631342,Daeqwon Plowden,1610612758,Sacramento Kings,3,7,37,Missed Shot,Jump Shot,3PT Field Goal,Right Corner 3,Right Side(R),24+ ft.,23,237,6,1,0,20251112,SAC,ATL,17030,0,1631165|1631342|1642269|1642363|1642875,0,REG,2026,1610612758,,,,,
22500223453,,Shot Chart Detail,22500223,453,1642875,Maxime Raynaud,1610612758,Sacramento Kings,3,7,33,Made Shot,Layup Shot,2PT Field Goal,Restricted Area,Center(C),Less Than 8 ft.,2,-10,22,1,1,20251112,SAC,ATL,17070,0,1631165|1631342|1642269|1642363|1642875,0,REG,2026,1610612758,,,,,
22500223457,,Shot Chart Detail,22500223,457,1631342,Daeqwon Plowden,1610612758,Sacramento Kings,3,7,4,Missed Shot,Layup Shot,2PT Field Goal,In The Paint (Non-RA),Center(C),Less Than 8 ft.,5,-18,54,1,0,20251112,SAC,ATL,17360,0,1631165|1631342|1642269|1642363|1642875,0,REG,2026,1610612758,,,,,
22500223466,,Shot Chart Detail,22500223,466,203471,Dennis Schröder,1610612758,Sacramento Kings,3,6,49,Missed Shot,Pullup Jump shot,2PT Field Goal,In The Paint (Non-RA),Center(C),8-16 ft.,13,61,116,1,0,20251112,SAC,ATL,17510,0,203471|1627734|1631165|1642269|1642363,0,REG,2026,1610612758,,,,,
22500223471,,Shot Chart Detail,22500223,471,1631165,Keon Ellis,1610612758,Sacramento Kings,3,6,38,Made Shot,Jump Shot,3PT Field Goal,Above the Break 3,Right Side Center(RC),24+ ft.,30,176,253,1,1,20251112,SAC,ATL,17620,0,203471|1627734|1631165|1642269|1642363,1,REG,2026,1610612758,,,,,
22500223475,,Shot Chart Detail,22500223,475,1642269,Devin Carter,1610612758,Sacramento Kings,3,6,14,Missed Shot,Jump Shot,3PT Field Goal,Above the Break 3,Center(C),24+ ft.,28,25,288,1,0,20251112,SAC,ATL,17860,0,203471|1627734|1631165|1642269|1642363,0,REG,2026,1610612758,,,,,
22500223485,,Shot Chart Detail,22500223,485,1627734,Domantas Sabonis,1610612758,Sacramento Kings,3,5,50,Made Shot,Cutting Dunk Shot,2PT Field Goal,In The Paint (Non-RA),Center(C),Less Than 8 ft.,4,-10,48,1,1,20251112,SAC,ATL,18100,0,201566|203471|1627734|1631165|1642269,1,REG,2026,1610612758,,,,,
22500223490,,Shot Chart Detail,22500223,490,203471,Dennis Schröder,1610612758,Sacramento Kings,3,5,24,Missed Shot,Driving Layup Shot,2PT Field Goal,In The Paint (Non-RA),Center(C),Less Than 8 ft.,5,17,49,1,0,20251112,SAC,ATL,18360,0,201566|203471|1627734|1631165|1642269,0,REG,2026,1610612758,,,,,
22500223500,,Shot Chart Detail,22500223,500,1631165,Keon Ellis,1610612758,Sacramento Kings,3,4,43,Missed Shot,Fadeaway Jump Shot,2PT Field Goal,Mid-Range,Right Side(R),8-16 ft.,12,127,21,1,0,20251112,SAC,ATL,18770,0,201566|203471|1627734|1631165|1642269,0,REG,2026,1610612758,,,,,
22500223539,,Shot Chart Detail,22500223,539,201566,Russell Westbrook,1610612758,Sacramento Kings,3,3,0,Made Shot,Jump Shot,3PT Field Goal,Above the Break 3,Left Side Center(LC),24+ ft.,26,-116,242,1,1,20251112,SAC,ATL,19800,0,201566|201942|203471|1627734|1631165,1,REG,2026,1610612758,,,,,
22500223543,,Shot Chart Detail,22500223,543,1631165,Keon Ellis,1610612758,Sacramento Kings,3,2,26,Missed Shot,Pullup Jump shot,3PT Field Goal,Above the Break 3,Right Side Center(RC),24+ ft.,25,118,231,1,0,20251112,SAC,ATL,20140,0,201566|201942|203471|1627734|1631165,0,REG,2026,1610612758,,,,,
22500223553,,Shot Chart Detail,22500223,553,201566,Russell Westbrook,1610612758,Sacramento Kings,3,1,35,Missed Shot,Jump Shot,3PT Field Goal,Above the Break 3,Center(C),24+ ft.,27,28,274,1,0,20251112,SAC,ATL,20650,0,201566|201942|203471|1627734|1631165,0,REG,2026,1610612758,,,,,
22500223563,,Shot Chart Detail,22500223,563,1631165,Keon Ellis,1610612758,Sacramento Kings,3,0,56,Made Shot,Cutting Layup Shot,2PT Field Goal,In The Paint (Non-RA),Center(C),Less Than 8 ft.,4,-1,49,1,1,20251112,SAC,ATL,21040,0,201566|201942|203471|1627734|1631165,1,REG,2026,1610612758,,,,,
22500223567,,Shot Chart Detail,22500223,567,201566,Russell Westbrook,1610612758,Sacramento Kings,3,0,31,Missed Shot,Driving Floating Jump Shot,2PT Field Goal,In The Paint (Non-RA),Center(C),8-16 ft.,13,27,133,1,0,20251112,SAC,ATL,21290,0,201566|201942|203471|1627734|1631165,0,REG,2026,1610612758,,,,,
22500223589,,Shot Chart Detail,22500223,589,1642363,Nique Clifford,1610612758,Sacramento Kings,4,11,22,Made Shot,Pullup Jump shot,3PT Field Goal,Above the Break 3,Left Side Center(LC),24+ ft.,28,-112,258,1,1,20251112,SAC,ATL,21980,0,1630173|1631165|1631342|1642363|1642875,0,REG,2026,1610612758,,,,,
22500223600,,Shot Chart Detail,22500223,600,1630173,Precious Achiuwa,1610612758,Sacramento Kings,4,10,5,Missed Shot,Driving Layup Shot,2PT Field Goal,In The Paint (Non-RA),Center(C),Less Than 8 ft.,4,-11,43,1,0,20251112,SAC,ATL,22750,0,1630173|1631165|1631342|1642363|1642875,0,REG,2026,1610612758,,,,,
22500223603,,Shot Chart Detail,22500223,603,1631342,Daeqwon Plowden,1610612758,Sacramento Kings,4,10,4,Made Shot,Putback Dunk Shot,2PT Field Goal,Restricted Area,Center(C),Less Than 8 ft.,0,0,0,1,1,20251112,SAC,ATL,22760,0,1630173|1631165|1631342|1642363|1642875,0,REG,2026,1610612758,,,,,
22500223606,,Shot Chart Detail,22500223,606,1631342,Daeqwon Plowden,1610612758,Sacramento Kings,4,9,30,Missed Shot,Jump Shot,3PT Field Goal,Above the Break 3,Right Side Center(RC),24+ ft.,26,157,217,1,0,20251112,SAC,ATL,23100,0,1630173|1631165|1631342|1642363|1642875,0,REG,2026,1610612758,,,,,
22500223616,,Shot Chart Detail,22500223,616,1631165,Keon Ellis,1610612758,Sacramento Kings,4,8,39,Missed Shot,Pullup Jump shot,2PT Field Goal,Mid-Range,Left Side Center(LC),16-24 ft.,19,-151,125,1,0,20251112,SAC,ATL,23610,0,1630173|1631165|1631342|1642363|1642875,0,REG,2026,1610612758,,,,,
22500223620,,Shot Chart Detail,22500223,620,1631165,Keon Ellis,1610612758,Sacramento Kings,4,8,7,Made Shot,Jump Shot,3PT Field Goal,Above the Break 3,Left Side Center(LC),24+ ft.,26,-172,199,1,1,20251112,SAC,ATL,23930,0,1630173|1631165|1631342|1642363|1642875,0,REG,2026,1610612758,,,,,
22500223638,,Shot Chart Detail,22500223,638,1642875,Maxime Raynaud,1610612758,Sacramento Kings,4,7,21,Missed Shot,Jump Shot,3PT Field Goal,Above the Break 3,Right Side Center(RC),24+ ft.,25,190,175,1,0,20251112,SAC,ATL,24390,0,203926|1630173|1631342|1642363|1642875,0,REG,2026,1610612758,,,,,
22500223643,,Shot Chart Detail,22500223,643,1630173,Precious Achiuwa,1610612758,Sacramento Kings,4,6,52,Made Shot,Driving Layup Shot,2PT Field Goal,In The Paint (Non-RA),Center(C),Less Than 8 ft.,6,-17,64,1,1,20251112,SAC,ATL,24680,0,203926|1630173|1631342|1642363|1642875,1,REG,2026,1610612758,,,,,
22500223647,,Shot Chart Detail,22500223,647,203926,Doug McDermott,1610612758,Sacramento Kings,4,6,27,Made Shot,Jump Shot,3PT Field Goal,Left Corner 3,Left Side(L),24+ ft.,23,-228,34,1,1,20251112,SAC,ATL,24930,0,203926|1630173|1631342|1642363|1642875,1,REG,2026,1610612758,,,,,
22500223658,,Shot Chart Detail,22500223,658,1642875,Maxime Raynaud,1610612758,Sacramento Kings,4,5,46,Missed Shot,Floating Jump shot,2PT Field Goal,In The Paint (Non-RA),Center(C),8-16 ft.,11,-25,111,1,0,20251112,SAC,ATL,25340,0,203926|1630173|1631342|1642363|1642875,0,REG,2026,1610612758,,,,,
22500223660,,Shot Chart Detail,22500223,660,1630173,Precious Achiuwa,1610612758,Sacramento Kings,4,5,44,Made Shot,Putback Layup Shot,2PT Field Goal,In The Paint (Non-RA),Center(C),Less Than 8 ft.,7,43,57,1,1,20251112,SAC,ATL,25360,0,203926|1630173|1631342|1642363|1642875,0,REG,2026,1610612758,,,,,
22500223663,,Shot Chart Detail,22500223,663,1642875,Maxime Raynaud,1610612758,Sacramento Kings,4,5,20,Made Shot,Hook Shot,2PT Field Goal,In The Paint (Non-RA),Center(C),Less Than 8 ft.,6,16,58,1,1,20251112,SAC,ATL,25600,0,203926|1630173|1631342|1642363|1642875,1,REG,2026,1610612758,,,,,
22500223674,,Shot Chart Detail,22500223,674,1630173,Precious Achiuwa,1610612758,Sacramento Kings,4,4,53,Made Shot,Running Layup Shot,2PT Field Goal,In The Paint (Non-RA),Center(C),Less Than 8 ft.,5,-2,53,1,1,20251112,SAC,ATL,25870,0,203926|1630173|1631342|1642363|1642875,0,REG,2026,1610612758,,,,,
22500223683,,Shot Chart Detail,22500223,683,1642363,Nique Clifford,1610612758,Sacramento Kings,4,4,11,Missed Shot,Driving Layup Shot,2PT Field Goal,In The Paint (Non-RA),Center(C),Less Than 8 ft.,7,42,62,1,0,20251112,SAC,ATL,26290,0,203926|1630173|1642269|1642363|1642875,0,REG,2026,1610612758,,,,,
22500223688,,Shot Chart Detail,22500223,688,1630173,Precious Achiuwa,1610612758,Sacramento Kings,4,3,59,Missed Shot,Running Dunk Shot,2PT Field Goal,In The Paint (Non-RA),Center(C),Less Than 8 ft.,7,-1,76,1,0,20251112,SAC,ATL,26410,0,203926|1630173|1642269|1642363|1642875,0,REG,2026,1610612758,,,,,
22500223692,,Shot Chart Detail,22500223,692,1642363,Nique Clifford,1610612758,Sacramento Kings,4,3,34,Missed Shot,Jump Shot,3PT Field Goal,Left Corner 3,Left Side(L),24+ ft.,23,-232,27,1,0,20251112,SAC,ATL,26660,0,203926|1630173|1642269|1642363|1642875,0,REG,2026,1610612758,,,,,
22500223697,,Shot Chart Detail,22500223,697,1642875,Maxime Raynaud,1610612758,Sacramento Kings,4,3,11,Made Shot,Layup Shot,2PT Field Goal,In The Paint (Non-RA),Center(C),Less Than 8 ft.,7,13,71,1,1,20251112,SAC,ATL,26890,0,203926|1630173|1642269|1642363|1642875,1,REG,2026,1610612758,,,,,
22500223708,,Shot Chart Detail,22500223,708,1642269,Devin Carter,1610612758,Sacramento Kings,4,2,22,Missed Shot,Step Back Jump shot,3PT Field Goal,Above the Break 3,Right Side Center(RC),24+ ft.,27,174,214,1,0,20251112,SAC,ATL,27380,0,203926|1630173|1642269|1642363|1642875,0,REG,2026,1610612758,,,,,
22500223712,,Shot Chart Detail,22500223,712,203926,Doug McDermott,1610612758,Sacramento Kings,4,2,1,Made Shot,Jump Shot,3PT Field Goal,Right Corner 3,Right Side(R),24+ ft.,24,238,32,1,1,20251112,SAC,ATL,27590,0,203926|1630173|1642269|1642363|1642875,1,REG,2026,1610612758,,,,,
22500223716,,Shot Chart Detail,22500223,716,203926,Doug McDermott,1610612758,Sacramento Kings,4,1,37,Missed Shot,Jump Shot,3PT Field Goal,Above the Break 3,Right Side Center(RC),24+ ft.,30,134,277,1,0,20251112,SAC,ATL,27830,0,203926|1630173|1642269|1642363|1642875,0,REG,2026,1610612758,,,,,
22500223721,,Shot Chart Detail,22500223,721,1642269,Devin Carter,1610612758,Sacramento Kings,4,1,20,Made Shot,Running Layup Shot,2PT Field Goal,In The Paint (Non-RA),Center(C),Less Than 8 ft.,4,37,25,1,1,20251112,SAC,ATL,28000,0,203926|1630173|1642269|1642363|1642875,0,REG,2026,1610612758,,,,,
22500223729,,Shot Chart Detail,22500223,729,1642363,Nique Clifford,1610612758,Sacramento Kings,4,0,53,Missed Shot,Fadeaway Jump Shot,2PT Field Goal,Mid-Range,Center(C),8-16 ft.,14,4,141,1,0,20251112,SAC,ATL,28270,0,203926|1630173|1642269|1642363|1642875,0,REG,2026,1610612758,,,,,
22500223733,,Shot Chart Detail,22500223,733,1642269,Devin Carter,1610612758,Sacramento Kings,4,0,31,Made Shot,Step Back Jump shot,3PT Field Goal,Above the Break 3,Right Side Center(RC),24+ ft.,27,181,206,1,1,20251112,SAC,ATL,28490,0,203926|1630173|1642269|1642363|1642875,1,REG,2026,1610612758,,,,,
2250023410,,Shot Chart Detail,22500234,10,203897,Zach LaVine,1610612758,Sacramento Kings,1,11,24,Made Shot,Alley Oop Layup shot,2PT Field Goal,Restricted Area,Center(C),Less Than 8 ft.,2,-25,-5,1,1,20251116,SAS,SAC,360,0,201566|201942|203897|1627734|1631165,1,REG,2026,1610612758,,,,,
2250023413,,Shot Chart Detail,22500234,13,201942,DeMar DeRozan,1610612758,Sacramento Kings,1,11,4,Made Shot,Pullup Jump shot,2PT Field Goal,Mid-Range,Center(C),8-16 ft.,15,-5,158,1,1,20251116,SAS,SAC,560,0,201566|201942|203897|1627734|1631165,1,REG,2026,1610612758,,,,,
2250023419,,Shot Chart Detail,22500234,19,203897,Zach LaVine,1610612758,Sacramento Kings,1,10,19,Missed Shot,Pullup Jump shot,3PT Field Goal,Above the Break 3,Right Side Center(RC),24+ ft.,25,109,225,1,0,20251116,SAS,SAC,1010,0,201566|201942|203897|1627734|1631165,0,REG,2026,1610612758,,,,,
2250023423,,Shot Chart Detail,22500234,23,201942,DeMar DeRozan,1610612758,Sacramento Kings,1,9,46,Made Shot,Pullup Jump shot,2PT Field Goal,In The Paint (Non-RA),Center(C),Less Than 8 ft.,7,15,71,1,1,20251116,SAS,SAC,1340,0,201566|201942|203897|1627734|1631165,0,REG,2026,1610612758,,,,,
2250023428,,Shot Chart Detail,22500234,28,1627734,Domantas Sabonis,1610612758,Sacramento Kings,1,9,9,Made Shot,Cutting Layup Shot,2PT Field Goal,Restricted Area,Center(C),Less Than 8 ft.,2,26,3,1,1,20251116,SAS,SAC,1710,0,201566|201942|203897|1627734|1631165,1,REG,2026,1610612758,,,,,
2250023435,,Shot Chart Detail,22500234,35,201942,DeMar DeRozan,1610612758,Sacramento Kings,1,8,43,Missed Shot,Turnaround Jump Shot,2PT Field Goal,Mid-Range,Right Side(R),8-16 ft.,12,114,57,1,0,20251116,SAS,SAC,1970,0,201566|201942|203897|1627734|1631165,0,REG,2026,1610612758,,,,,
2250023437,,Shot Chart Detail,22500234,37,203897,Zach LaVine,1610612758,Sacramento Kings,1,8,37,Missed Shot,Jump Shot,3PT Field Goal,Above the Break 3,Left Side Center(LC),24+ ft.,25,-211,146,1,0,20251116,SAS,SAC,2030,0,201566|201942|203897|1627734|1631165,0,REG,2026,1610612758,,,,,
2250023440,,Shot Chart Detail,22500234,40,201942,DeMar DeRozan,1610612758,Sacramento Kings,1,8,7,Made Shot,Pullup Jump shot,2PT Field Goal,Mid-Range,Center(C),8-16 ft.,15,-23,151,1,1,20251116,SAS,SAC,2330,0,201566|201942|203897|1627734|1631165,0,REG,2026,1610612758,,,,,
2250023447,,Shot Chart Detail,22500234,47,1627734,Domantas Sabonis,1610612758,Sacramento Kings,1,7,36,Made Shot,Jump Shot,2PT Field Goal,Mid-Range,Center(C),8-16 ft.,14,-7,147,1,1,20251116,SAS,SAC,2640,0,201566|201942|203897|1627734|1631165,1,REG,2026,1610612758,,,,,
2250023451,,Shot Chart Detail,22500234,51,201566,Russell Westbrook,1610612758,Sacramento Kings,1,7,13,Missed Shot,Pullup Jump shot,3PT Field Goal,Above the Break 3,Right Side Center(RC),24+ ft.,25,201,156,1,0,20251116,SAS,SAC,2870,0,201566|201942|203897|1627734|1631165,0,REG,2026,1610612758,,,,,
2250023456,,Shot Chart Detail,22500234,56,1627734,Domantas Sabonis,1610612758,Sacramento Kings,1,6,38,Made Shot,Cutting Layup Shot,2PT Field Goal,Restricted Area,Center(C),Less Than 8 ft.,1,-17,-5,1,1,20251116,SAS,SAC,3220,0,201566|201942|203897|1627734|1631165,1,REG,2026,1610612758,,,,,
2250023460,,Shot Chart Detail,22500234,60,201566,Russell Westbrook,1610612758,Sacramento Kings,1,6,10,Missed Shot,Running Jump Shot,3PT Field Goal,Right Corner 3,Right Side(R),24+ ft.,23,232,-5,1,0,20251116,SAS,SAC,3500,0,201566|201942|203897|1627734|1631165,0,REG,2026,1610612758,,,,,
2250023466,,Shot Chart Detail,22500234,66,1627734,Domantas Sabonis,1610612758,Sacramento Kings,1,5,29,Missed Shot,Driving Hook Shot,2PT Field Goal,Restricted Area,Center(C),Less Than 8 ft.,2,16,25,1,0,20251116,SAS,SAC,3910,0,201566|201942|203897|1627734|1631165,0,REG,2026,1610612758,,,,,
2250023468,,Shot Chart Detail,22500234,68,1627734,Domantas Sabonis,1610612758,Sacramento Kings,1,5,23,Missed Shot,Putback Layup Shot,2PT Field Goal,Restricted Area,Center(C),Less Than 8 ft.,0,0,0,1,0,20251116,SAS,SAC,3970,0,201566|201942|203897|1627734|1631165,0,REG,2026,1610612758,,,,,
2250023489,,Shot Chart Detail,22500234,89,1628370,Malik Monk,1610612758,Sacramento Kings,1,4,21,Made Shot,Running Layup Shot,2PT Field Goal,Restricted Area,Center(C),Less Than 8 ft.,1,-12,1,1,1,20251116,SAS,SAC,4590,0,201566|203897|1627734|1628370|1642363,0,REG,2026,1610612758,,,,,
2250023492,,Shot Chart Detail,22500234,92,1628370,Malik Monk,1610612758,Sacramento Kings,1,4,5,Missed Shot,Running Jump Shot,3PT Field Goal,Above the Break 3,Left Side Center(LC),24+ ft.,25,-179,178,1,0,20251116,SAS,SAC,4750,0,201566|203897|1627734|1628370|1642363,0,REG,2026,1610612758,,,,,
22500234108,,Shot Chart Detail,22500234,108,1642363,Nique Clifford,1610612758,Sacramento Kings,1,3,31,Missed Shot,Jump Shot,3PT Field Goal,Above the Break 3,Left Side Center(LC),24+ ft.,25,-213,136,1,0,20251116,SAS,SAC,5090,0,203471|1628370|1629234|1630173|1642363,0,REG,2026,1610612758,,,,,
22500234112,,Shot Chart Detail,22500234,112,1628370,Malik Monk,1610612758,Sacramento Kings,1,3,3,Missed Shot,Driving Layup Shot,2PT Field Goal,In The Paint (Non-RA),Center(C),Less Than 8 ft.,5,56,0,1,0,20251116,SAS,SAC,5370,0,203471|1628370|1629234|1630173|1642363,0,REG,2026,1610612758,,,,,
22500234132,,Shot Chart Detail,22500234,132,1630173,Precious Achiuwa,1610612758,Sacramento Kings,1,2,7,Missed Shot,Jump Shot,3PT Field Goal,Left Corner 3,Left Side(L),24+ ft.,23,-238,-2,1,0,20251116,SAS,SAC,5930,0,203471|1628370|1629234|1630173|1642363,0,REG,2026,1610612758,,,,,
22500234136,,Shot Chart Detail,22500234,136,203471,Dennis Schröder,1610612758,Sacramento Kings,1,1,39,Made Shot,Driving Floating Jump Shot,2PT Field Goal,Mid-Range,Right Side(R),8-16 ft.,10,88,63,1,1,20251116,SAS,SAC,6210,0,203471|1628370|1629234|1630173|1642363,0,REG,2026,1610612758,,,,,
22500234144,,Shot Chart Detail,22500234,144,203471,Dennis Schröder,1610612758,Sacramento Kings,1,1,9,Missed Shot,Driving Finger Roll Layup Shot,2PT Field Goal,Restricted Area,Center(C),Less Than 8 ft.,1,-15,0,1,0,20251116,SAS,SAC,6510,0,201942|203471|1628370|1629234|1642363,0,REG,2026,1610612758,,,,,
22500234154,,Shot Chart Detail,22500234,154,1628370,Malik Monk,1610612758,Sacramento Kings,1,0,34,Missed Shot,Jump Shot,3PT Field Goal,Right Corner 3,Right Side(R),24+ ft.,24,233,82,1,0,20251116,SAS,SAC,6860,0,201942|203471|1628370|1629234|1642363,0,REG,2026,1610612758,,,,,
22500234158,,Shot Chart Detail,22500234,158,203471,Dennis Schröder,1610612758,Sacramento Kings,1,0,0,Made Shot,Pullup Jump shot,3PT Field Goal,Above the Break 3,Center(C),24+ ft.,25,-6,252,1,1,20251116,SAS,SAC,7200,0,201942|203471|1628370|1629234|1642363,0,REG,2026,1610612758,,,,,
22500234169,,Shot Chart Detail,22500234,169,201942,DeMar DeRozan,1610612758,Sacramento Kings,2,11,18,Made Shot,Finger Roll Layup Shot,2PT Field Goal,Restricted Area,Center(C),Less Than 8 ft.,1,-13,15,1,1,20251116,SAS,SAC,7620,0,201942|203471|203897|1629234|1631165,0,REG,2026,1610612758,,,,,
22500234172,,Shot Chart Detail,22500234,172,1631165,Keon Ellis,1610612758,Sacramento Kings,2,10,53,Missed Shot,Jump Shot,3PT Field Goal,Above the Break 3,Right Side Center(RC),24+ ft.,26,194,179,1,0,20251116,SAS,SAC,7870,0,201942|203471|203897|1629234|1631165,0,REG,2026,1610612758,,,,,
22500234176,,Shot Chart Detail,22500234,176,203471,Dennis Schröder,1610612758,Sacramento Kings,2,10,24,Missed Shot,Jump Shot,3PT Field Goal,Above the Break 3,Right Side Center(RC),24+ ft.,25,173,192,1,0,20251116,SAS,SAC,8160,0,201942|203471|203897|1629234|1631165,0,REG,2026,1610612758,,,,,
22500234194,,Shot Chart Detail,22500234,194,201942,DeMar DeRozan,1610612758,Sacramento Kings,2,9,38,Made Shot,Jump Shot,3PT Field Goal,Left Corner 3,Left Side(L),24+ ft.,23,-233,16,1,1,20251116,SAS,SAC,8620,0,201942|203471|203897|1627734|1631165,1,REG,2026,1610612758,,,,,
22500234198,,Shot Chart Detail,22500234,198,1631165,Keon Ellis,1610612758,Sacramento Kings,2,9,13,Missed Shot,Jump Shot,3PT Field Goal,Above the Break 3,Right Side Center(RC),24+ ft.,26,109,240,1,0,20251116,SAS,SAC,8870,0,201942|203471|203897|1627734|1631165,0,REG,2026,1610612758,,,,,
22500234206,,Shot Chart Detail,22500234,206,201942,DeMar DeRozan,1610612758,Sacramento Kings,2,8,51,Made Shot,Pullup Jump shot,2PT Field Goal,In The Paint (Non-RA),Center(C),8-16 ft.,10,38,99,1,1,20251116,SAS,SAC,9090,0,201566|201942|203897|1627734|1631165,1,REG,2026,1610612758,,,,,
22500234228,,Shot Chart Detail,22500234,228,1627734,Domantas Sabonis,1610612758,Sacramento Kings,2,7,26,Missed Shot,Jump Shot,3PT Field Goal,Above the Break 3,Left Side Center(LC),24+ ft.,25,-189,171,1,0,20251116,SAS,SAC,9940,0,201566|201942|203471|203897|1627734,0,REG,2026,1610612758,,,,,
22500234232,,Shot Chart Detail,22500234,232,203471,Dennis Schröder,1610612758,Sacramento Kings,2,7,0,Missed Shot,Driving Finger Roll Layup Shot,2PT Field Goal,Restricted Area,Center(C),Less Than 8 ft.,2,-23,5,1,0,20251116,SAS,SAC,10200,0,201566|201942|203471|203897|1627734,0,REG,2026,1610612758,,,,,
22500234235,,Shot Chart Detail,22500234,235,201942,DeMar DeRozan,1610612758,Sacramento Kings,2,6,57,Made Shot,Putback Layup Shot,2PT Field Goal,Restricted Area,Center(C),Less Than 8 ft.,0,0,0,1,1,20251116,SAS,SAC,10230,0,201566|201942|203471|203897|1627734,0,REG,2026,1610612758,,,,,
22500234245,,Shot Chart Detail,22500234,245,203471,Dennis Schröder,1610612758,Sacramento Kings,2,6,21,Made Shot,Jump Shot,3PT Field Goal,Left Corner 3,Left Side(L),24+ ft.,23,-229,64,1,1,20251116,SAS,SAC,10590,0,201566|201942|203471|1627734|1642363,1,REG,2026,1610612758,,,,,
22500234251,,Shot Chart Detail,22500234,251,1627734,Domantas Sabonis,1610612758,Sacramento Kings,2,5,41,Missed Shot,Driving Hook Shot,2PT Field Goal,Restricted Area,Center(C),Less Than 8 ft.,2,-1,27,1,0,20251116,SAS,SAC,10990,0,201566|201942|203471|1627734|1642363,0,REG,2026,1610612758,,,,,
22500234255,,Shot Chart Detail,22500234,255,201566,Russell Westbrook,1610612758,Sacramento Kings,2,5,22,Missed Shot,Driving Finger Roll Layup Shot,2PT Field Goal,Restricted Area,Center(C),Less Than 8 ft.,2,21,9,1,0,20251116,SAS,SAC,11180,0,201566|201942|203471|1627734|1642363,0,REG,2026,1610612758,,,,,
22500234259,,Shot Chart Detail,22500234,259,201942,DeMar DeRozan,1610612758,Sacramento Kings,2,5,14,Made Shot,Turnaround Fadeaway shot,2PT Field Goal,Mid-Range,Right Side(R),8-16 ft.,13,134,9,1,1,20251116,SAS,SAC,11260,0,201566|201942|203471|1627734|1642363,0,REG,2026,1610612758,,,,,
22500234262,,Shot Chart Detail,22500234,262,201566,Russell Westbrook,1610612758,Sacramento Kings,2,4,54,Made Shot,Jump Shot,3PT Field Goal,Above the Break 3,Left Side Center(LC),24+ ft.,25,-218,138,1,1,20251116,SAS,SAC,11460,0,201566|201942|203471|1627734|1642363,1,REG,2026,1610612758,,,,,
22500234266,,Shot Chart Detail,22500234,266,1627734,Domantas Sabonis,1610612758,Sacramento Kings,2,4,14,Missed Shot,Hook Shot,2PT Field Goal,In The Paint (Non-RA),Center(C),Less Than 8 ft.,5,2,56,1,0,20251116,SAS,SAC,11860,0,201566|201942|203471|1627734|1642363,0,REG,2026,1610612758,,,,,
22500234271,,Shot Chart Detail,22500234,271,1642363,Nique Clifford,1610612758,Sacramento Kings,2,3,46,Missed Shot,Fadeaway Jump Shot,2PT Field Goal,In The Paint (Non-RA),Left Side(L),8-16 ft.,8,-55,61,1,0,20251116,SAS,SAC,12140,0,201566|201942|203471|1627734|1642363,0,REG,2026,1610612758,,,,,
22500234291,,Shot Chart Detail,22500234,291,201566,Russell Westbrook,1610612758,Sacramento Kings,2,3,17,Made Shot,Driving Finger Roll Layup Shot,2PT Field Goal,Restricted Area,Center(C),Less Than 8 ft.,1,-17,-2,1,1,20251116,SAS,SAC,12430,0,201566|203471|203897|1627734|1628370,0,REG,2026,1610612758,,,,,
22500234300,,Shot Chart Detail,22500234,300,203471,Dennis Schröder,1610612758,Sacramento Kings,2,2,47,Made Shot,Jump Shot,3PT Field Goal,Above the Break 3,Left Side Center(LC),24+ ft.,25,-218,134,1,1,20251116,SAS,SAC,12730,0,201566|203471|203897|1627734|1628370,1,REG,2026,1610612758,,,,,
22500234304,,Shot Chart Detail,22500234,304,1628370,Malik Monk,1610612758,Sacramento Kings,2,2,18,Made Shot,Driving Floating Jump Shot,2PT Field Goal,In The Paint (Non-RA),Center(C),Less Than 8 ft.,6,12,67,1,1,20251116,SAS,SAC,13020,0,201566|203471|203897|1627734|1628370,1,REG,2026,1610612758,,,,,
22500234309,,Shot Chart Detail,22500234,309,203471,Dennis Schröder,1610612758,Sacramento Kings,2,1,49,Made Shot,Driving Floating Jump Shot,2PT Field Goal,In The Paint (Non-RA),Center(C),8-16 ft.,10,-34,95,1,1,20251116,SAS,SAC,13310,0,201566|203471|203897|1627734|1628370,0,REG,2026,1610612758,,,,,
22500234335,,Shot Chart Detail,22500234,335,1628370,Malik Monk,1610612758,Sacramento Kings,2,0,35,Made Shot,Running Dunk Shot,2PT Field Goal,Restricted Area,Center(C),Less Than 8 ft.,1,10,11,1,1,20251116,SAS,SAC,14050,0,201566|203471|203897|1627734|1628370,0,REG,2026,1610612758,,,,,
22500234337,,Shot Chart Detail,22500234,337,1627734,Domantas Sabonis,1610612758,Sacramento Kings,2,0,1,Made Shot,Alley Oop Layup shot,2PT Field Goal,Restricted Area,Center(C),Less Than 8 ft.,1,10,8,1,1,20251116,SAS,SAC,14390,0,201566|203471|203897|1627734|1628370,1,REG,2026,1610612758,,,,,
22500234353,,Shot Chart Detail,22500234,353,1627734,Domantas Sabonis,1610612758,Sacramento Kings,3,11,25,Made Shot,Jump Shot,2PT Field Goal,In The Paint (Non-RA),Center(C),8-16 ft.,12,5,126,1,1,20251116,SAS,SAC,14750,0,201566|201942|203897|1627734|1631165,1,REG,2026,1610612758,,,,,
22500234357,,Shot Chart Detail,22500234,357,203897,Zach LaVine,1610612758,Sacramento Kings,3,10,54,Missed Shot,Jump Shot,3PT Field Goal,Above the Break 3,Center(C),24+ ft.,26,-82,256,1,0,20251116,SAS,SAC,15060,0,201566|201942|203897|1627734|1631165,0,REG,2026,1610612758,,,,,
22500234361,,Shot Chart Detail,22500234,361,201942,DeMar DeRozan,1610612758,Sacramento Kings,3,10,24,Made Shot,Jump Shot,2PT Field Goal,Mid-Range,Center(C),16-24 ft.,20,4,202,1,1,20251116,SAS,SAC,15360,0,201566|201942|203897|1627734|1631165,1,REG,2026,1610612758,,,,,
22500234364,,Shot Chart Detail,22500234,364,203897,Zach LaVine,1610612758,Sacramento Kings,3,10,1,Missed Shot,Driving Layup Shot,2PT Field Goal,Restricted Area,Center(C),Less Than 8 ft.,1,11,15,1,0,20251116,SAS,SAC,15590,0,201566|201942|203897|1627734|1631165,0,REG,2026,1610612758,,,,,
22500234375,,Shot Chart Detail,22500234,375,1631165,Keon Ellis,1610612758,Sacramento Kings,3,9,14,Made Shot,Step Back Jump shot,2PT Field Goal,In The Paint (Non-RA),Center(C),8-16 ft.,12,4,120,1,1,20251116,SAS,SAC,16060,0,201566|201942|203897|1627734|1631165,0,REG,2026,1610612758,,,,,
22500234378,,Shot Chart Detail,22500234,378,201566,Russell Westbrook,1610612758,Sacramento Kings,3,8,47,Missed Shot,Running Pull-Up Jump Shot,2PT Field Goal,Mid-Range,Left Side Center(LC),16-24 ft.,16,-115,112,1,0,20251116,SAS,SAC,16330,0,201566|201942|203897|1627734|1631165,0,REG,2026,1610612758,,,,,
22500234382,,Shot Chart Detail,22500234,382,201942,DeMar DeRozan,1610612758,Sacramento Kings,3,8,19,Made Shot,Driving Finger Roll Layup Shot,2PT Field Goal,Restricted Area,Center(C),Less Than 8 ft.,1,11,11,1,1,20251116,SAS,SAC,16610,0,201566|201942|203897|1627734|1631165,0,REG,2026,1610612758,,,,,
22500234386,,Shot Chart Detail,22500234,386,201566,Russell Westbrook,1610612758,Sacramento Kings,3,7,51,Missed Shot,Pullup Jump shot,2PT Field Goal,Mid-Range,Center(C),16-24 ft.,23,66,228,1,0,20251116,SAS,SAC,16890,0,201566|201942|203897|1627734|1631165,0,REG,2026,1610612758,,,,,
22500234400,,Shot Chart Detail,22500234,400,1628370,Malik Monk,1610612758,Sacramento Kings,3,7,23,Missed Shot,Jump Shot,3PT Field Goal,Left Corner 3,Left Side(L),24+ ft.,23,-235,17,1,0,20251116,SAS,SAC,17170,0,201942|203471|203897|1627734|1628370,0,REG,2026,1610612758,,,,,
22500234404,,Shot Chart Detail,22500234,404,203897,Zach LaVine,1610612758,Sacramento Kings,3,7,6,Made Shot,Driving Finger Roll Layup Shot,2PT Field Goal,Restricted Area,Center(C),Less Than 8 ft.,1,-7,17,1,1,20251116,SAS,SAC,17340,0,201942|203471|203897|1627734|1628370,0,REG,2026,1610612758,,,,,
22500234407,,Shot Chart Detail,22500234,407,1628370,Malik Monk,1610612758,Sacramento Kings,3,6,27,Missed Shot,Jump Shot,3PT Field Goal,Above the Break 3,Left Side Center(LC),24+ ft.,29,-146,252,1,0,20251116,SAS,SAC,17730,0,201942|203471|203897|1627734|1628370,0,REG,2026,1610612758,,,,,
22500234430,,Shot Chart Detail,22500234,430,1628370,Malik Monk,1610612758,Sacramento Kings,3,4,57,Missed Shot,Step Back Jump shot,2PT Field Goal,Mid-Range,Right Side(R),16-24 ft.,20,201,42,1,0,20251116,SAS,SAC,18630,0,201942|203471|1627734|1628370|1642363,0,REG,2026,1610612758,,,,,
22500234438,,Shot Chart Detail,22500234,438,1642363,Nique Clifford,1610612758,Sacramento Kings,3,4,24,Missed Shot,Jump Shot,3PT Field Goal,Above the Break 3,Right Side Center(RC),24+ ft.,26,140,222,1,0,20251116,SAS,SAC,18960,0,201942|203471|1627734|1628370|1642363,0,REG,2026,1610612758,,,,,
22500234442,,Shot Chart Detail,22500234,442,1628370,Malik Monk,1610612758,Sacramento Kings,3,4,9,Missed Shot,Running Finger Roll Layup Shot,2PT Field Goal,Restricted Area,Center(C),Less Than 8 ft.,2,16,12,1,0,20251116,SAS,SAC,19110,0,201942|203471|1627734|1628370|1642363,0,REG,2026,1610612758,,,,,
22500234457,,Shot Chart Detail,22500234,457,203897,Zach LaVine,1610612758,Sacramento Kings,3,3,30,Made Shot,Jump Shot,3PT Field Goal,Left Corner 3,Left Side(L),24+ ft.,23,-238,15,1,1,20251116,SAS,SAC,19500,0,203471|203897|1627734|1628370|1630173,1,REG,2026,1610612758,,,,,
22500234463,,Shot Chart Detail,22500234,463,1627734,Domantas Sabonis,1610612758,Sacramento Kings,3,3,1,Missed Shot,Running Layup Shot,2PT Field Goal,In The Paint (Non-RA),Center(C),Less Than 8 ft.,4,-23,39,1,0,20251116,SAS,SAC,19790,0,203471|203897|1627734|1628370|1630173,0,REG,2026,1610612758,,,,,
22500234478,,Shot Chart Detail,22500234,478,1630173,Precious Achiuwa,1610612758,Sacramento Kings,3,2,19,Missed Shot,Jump Shot,3PT Field Goal,Right Corner 3,Right Side(R),24+ ft.,23,230,39,1,0,20251116,SAS,SAC,20210,0,203471|203897|1628370|1629234|1630173,0,REG,2026,1610612758,,,,,
22500234485,,Shot Chart Detail,22500234,485,203471,Dennis Schröder,1610612758,Sacramento Kings,3,1,47,Made Shot,Pullup Jump shot,3PT Field Goal,Above the Break 3,Left Side Center(LC),24+ ft.,25,-159,204,1,1,20251116,SAS,SAC,20530,0,203471|203897|1628370|1629234|1630173,0,REG,2026,1610612758,,,,,
22500234493,,Shot Chart Detail,22500234,493,1628370,Malik Monk,1610612758,Sacramento Kings,3,1,8,Made Shot,Jump Shot,3PT Field Goal,Left Corner 3,Left Side(L),24+ ft.,24,-243,39,1,1,20251116,SAS,SAC,20920,0,201566|201942|203471|1628370|1629234,1,REG,2026,1610612758,,,,,
22500234507,,Shot Chart Detail,22500234,507,1628370,Malik Monk,1610612758,Sacramento Kings,3,0,6,Missed Shot,Pullup Jump shot,2PT Field Goal,Mid-Range,Center(C),16-24 ft.,19,0,197,1,0,20251116,SAS,SAC,21540,0,201566|201942|203471|1628370|1629234,0,REG,2026,1610612758,,,,,
22500234517,,Shot Chart Detail,22500234,517,1629234,Drew Eubanks,1610612758,Sacramento Kings,4,11,45,Missed Shot,Hook Shot,2PT Field Goal,In The Paint (Non-RA),Center(C),Less Than 8 ft.,6,-58,16,1,0,20251116,SAS,SAC,21750,0,201566|201942|203471|1628370|1629234,0,REG,2026,1610612758,,,,,
22500234521,,Shot Chart Detail,22500234,521,1628370,Malik Monk,1610612758,Sacramento Kings,4,11,22,Missed Shot,Driving Floating Jump Shot,2PT Field Goal,In The Paint (Non-RA),Center(C),8-16 ft.,11,48,99,1,0,20251116,SAS,SAC,21980,0,201566|201942|203471|1628370|1629234,0,REG,2026,1610612758,,,,,
22500234529,,Shot Chart Detail,22500234,529,1629234,Drew Eubanks,1610612758,Sacramento Kings,4,10,24,Made Shot,Reverse Layup Shot,2PT Field Goal,Restricted Area,Center(C),Less Than 8 ft.,2,-22,17,1,1,20251116,SAS,SAC,22560,0,201566|201942|203471|1628370|1629234,1,REG,2026,1610612758,,,,,
22500234532,,Shot Chart Detail,22500234,532,201566,Russell Westbrook,1610612758,Sacramento Kings,4,9,45,Made Shot,Jump Shot,3PT Field Goal,Right Corner 3,Right Side(R),24+ ft.,23,234,28,1,1,20251116,SAS,SAC,22950,0,201566|201942|203471|1628370|1629234,1,REG,2026,1610612758,,,,,
22500234536,,Shot Chart Detail,22500234,536,201942,DeMar DeRozan,1610612758,Sacramento Kings,4,9,14,Missed Shot,Pullup Jump shot,2PT Field Goal,Mid-Range,Left Side Center(LC),16-24 ft.,16,-88,141,1,0,20251116,SAS,SAC,23260,0,201566|201942|203471|1628370|1629234,0,REG,2026,1610612758,,,,,
22500234549,,Shot Chart Detail,22500234,549,201942,DeMar DeRozan,1610612758,Sacramento Kings,4,8,46,Made Shot,Jump Shot,2PT Field Goal,Mid-Range,Center(C),8-16 ft.,15,2,153,1,1,20251116,SAS,SAC,23540,0,201566|201942|203471|1627734|1628370,1,REG,2026,1610612758,,,,,
22500234561,,Shot Chart Detail,22500234,561,1627734,Domantas Sabonis,1610612758,Sacramento Kings,4,7,52,Made Shot,Hook Shot,2PT Field Goal,Restricted Area,Center(C),Less Than 8 ft.,2,7,25,1,1,20251116,SAS,SAC,24080,0,201566|201942|203471|1627734|1628370,1,REG,2026,1610612758,,,,,
22500234565,,Shot Chart Detail,22500234,565,1627734,Domantas Sabonis,1610612758,Sacramento Kings,4,7,13,Made Shot,Driving Finger Roll Layup Shot,2PT Field Goal,Restricted Area,Center(C),Less Than 8 ft.,3,-26,25,1,1,20251116,SAS,SAC,24470,0,201566|201942|203471|1627734|1628370,1,REG,2026,1610612758,,,,,
22500234570,,Shot Chart Detail,22500234,570,203471,Dennis Schröder,1610612758,Sacramento Kings,4,6,50,Made Shot,Running Finger Roll Layup Shot,2PT Field Goal,Restricted Area,Center(C),Less Than 8 ft.,1,12,15,1,1,20251116,SAS,SAC,24700,0,201566|201942|203471|1627734|1628370,0,REG,2026,1610612758,,,,,
22500234573,,Shot Chart Detail,22500234,573,201566,Russell Westbrook,1610612758,Sacramento Kings,4,6,1,Made Shot,Jump Shot,3PT Field Goal,Right Corner 3,Right Side(R),24+ ft.,22,228,25,1,1,20251116,SAS,SAC,25190,0,201566|201942|203471|1627734|1628370,1,REG,2026,1610612758,,,,,
22500234577,,Shot Chart Detail,22500234,577,203471,Dennis Schröder,1610612758,Sacramento Kings,4,5,32,Missed Shot,Jump Shot,3PT Field Goal,Above the Break 3,Left Side Center(LC),24+ ft.,26,-147,218,1,0,20251116,SAS,SAC,25480,0,201566|201942|203471|1627734|1628370,0,REG,2026,1610612758,,,,,
22500234581,,Shot Chart Detail,22500234,581,1628370,Malik Monk,1610612758,Sacramento Kings,4,5,4,Missed Shot,Driving Layup Shot,2PT Field Goal,Restricted Area,Center(C),Less Than 8 ft.,1,13,11,1,0,20251116,SAS,SAC,25760,0,201566|201942|203471|1627734|1628370,0,REG,2026,1610612758,,,,,
22500234585,,Shot Chart Detail,22500234,585,1627734,Domantas Sabonis,1610612758,Sacramento Kings,4,4,45,Missed Shot,Driving Finger Roll Layup Shot,2PT Field Goal,Restricted Area,Center(C),Less Than 8 ft.,2,-18,20,1,0,20251116,SAS,SAC,25950,0,201566|201942|203471|1627734|1628370,0,REG,2026,1610612758,,,,,
22500234596,,Shot Chart Detail,22500234,596,201942,DeMar DeRozan,1610612758,Sacramento Kings,4,4,7,Missed Shot,Jump Shot,2PT Field Goal,Mid-Range,Right Side(R),8-16 ft.,14,131,60,1,0,20251116,SAS,SAC,26330,0,201566|201942|203471|1627734|1628370,0,REG,2026,1610612758,,,,,
22500234600,,Shot Chart Detail,22500234,600,201566,Russell Westbrook,1610612758,Sacramento Kings,4,4,0,Missed Shot,Driving Finger Roll Layup Shot,2PT Field Goal,Restricted Area,Center(C),Less Than 8 ft.,2,22,18,1,0,20251116,SAS,SAC,26400,0,201566|201942|203471|1627734|1628370,0,REG,2026,1610612758,,,,,
22500234609,,Shot Chart Detail,22500234,609,201942,DeMar DeRozan,1610612758,Sacramento Kings,4,3,20,Made Shot,Driving Finger Roll Layup Shot,2PT Field Goal,Restricted Area,Center(C),Less Than 8 ft.,3,-16,26,1,1,20251116,SAS,SAC,26800,0,201566|201942|203471|1627734|1628370,1,REG,2026,1610612758,,,,,
22500234614,,Shot Chart Detail,22500234,614,1628370,Malik Monk,1610612758,Sacramento Kings,4,2,50,Made Shot,Jump Shot,3PT Field Goal,Above the Break 3,Right Side Center(RC),24+ ft.,25,223,128,1,1,20251116,SAS,SAC,27100,0,201566|201942|203471|1627734|1628370,1,REG,2026,1610612758,,,,,
22500234620,,Shot Chart Detail,22500234,620,1628370,Malik Monk,1610612758,Sacramento Kings,4,2,22,Missed Shot,Driving Floating Jump Shot,2PT Field Goal,In The Paint (Non-RA),Left Side(L),8-16 ft.,8,-78,22,1,0,20251116,SAS,SAC,27380,0,201566|201942|203471|1627734|1628370,0,REG,2026,1610612758,,,,,
22500234623,,Shot Chart Detail,22500234,623,201566,Russell Westbrook,1610612758,Sacramento Kings,4,2,2,Missed Shot,Jump Shot,3PT Field Goal,Above the Break 3,Right Side Center(RC),24+ ft.,26,167,201,1,0,20251116,SAS,SAC,27580,0,201566|201942|203471|1627734|1628370,0,REG,2026,1610612758,,,,,
22500234631,,Shot Chart Detail,22500234,631,203471,Dennis Schröder,1610612758,Sacramento Kings,4,1,25,Made Shot,Jump Shot,3PT Field Goal,Above the Break 3,Center(C),24+ ft.,26,-77,256,1,1,20251116,SAS,SAC,27950,0,201566|201942|203471|1627734|1628370,1,REG,2026,1610612758,,,,,
22500234635,,Shot Chart Detail,22500234,635,1628370,Malik Monk,1610612758,Sacramento Kings,4,1,1,Missed Shot,Running Jump Shot,3PT Field Goal,Above the Break 3,Center(C),24+ ft.,29,81,283,1,0,20251116,SAS,SAC,28190,0,201566|201942|203471|1627734|1628370,0,REG,2026,1610612758,,,,,
22500234641,,Shot Chart Detail,22500234,641,203471,Dennis Schröder,1610612758,Sacramento Kings,4,0,36,Missed Shot,Pullup Jump shot,3PT Field Goal,Above the Break 3,Left Side Center(LC),24+ ft.,26,-184,189,1,0,20251116,SAS,SAC,28440,0,201566|201942|203471|1627734|1628370,0,REG,2026,1610612758,,,,,
225002619,,Shot Chart Detail,22500261,9,203897,Zach LaVine,1610612758,Sacramento Kings,1,11,16,Missed Shot,Pullup Jump shot,3PT Field Goal,Above the Break 3,Left Side Center(LC),24+ ft.,30,-107,284,1,0,20251119,OKC,SAC,440,0,201566|201942|203897|1629234|1630173,0,REG,2026,1610612758,,,,,
2250026113,,Shot Chart Detail,22500261,13,1630173,Precious Achiuwa,1610612758,Sacramento Kings,1,10,39,Made Shot,Reverse Layup Shot,2PT Field Goal,Restricted Area,Center(C),Less Than 8 ft.,2,-16,17,1,1,20251119,OKC,SAC,810,0,201566|201942|203897|1629234|1630173,0,REG,2026,1610612758,,,,,
2250026116,,Shot Chart Detail,22500261,16,201566,Russell Westbrook,1610612758,Sacramento Kings,1,10,18,Missed Shot,Jump Shot,3PT Field Goal,Above the Break 3,Left Side Center(LC),24+ ft.,26,-159,216,1,0,20251119,OKC,SAC,1020,0,201566|201942|203897|1629234|1630173,0,REG,2026,1610612758,,,,,
2250026124,,Shot Chart Detail,22500261,24,1629234,Drew Eubanks,1610612758,Sacramento Kings,1,9,37,Made Shot,Running Layup Shot,2PT Field Goal,Restricted Area,Center(C),Less Than 8 ft.,2,-18,20,1,1,20251119,OKC,SAC,1430,0,201566|201942|203897|1629234|1630173,1,REG,2026,1610612758,,,,,
2250026127,,Shot Chart Detail,22500261,27,203897,Zach LaVine,1610612758,Sacramento Kings,1,9,6,Made Shot,Step Back Jump shot,2PT Field Goal,Mid-Range,Right Side(R),8-16 ft.,13,131,39,1,1,20251119,OKC,SAC,1740,0,201566|201942|203897|1629234|1630173,0,REG,2026,1610612758,,,,,
2250026131,,Shot Chart Detail,22500261,31,201942,DeMar DeRozan,1610612758,Sacramento Kings,1,8,32,Missed Shot,Pullup Jump shot,2PT Field Goal,Mid-Range,Left Side Center(LC),16-24 ft.,19,-99,167,1,0,20251119,OKC,SAC,2080,0,201566|201942|203897|1629234|1630173,0,REG,2026,1610612758,,,,,
2250026137,,Shot Chart Detail,22500261,37,203897,Zach LaVine,1610612758,Sacramento Kings,1,8,17,Made Shot,Running Dunk Shot,2PT Field Goal,Restricted Area,Center(C),Less Than 8 ft.,1,-1,11,1,1,20251119,OKC,SAC,2230,0,201566|201942|203897|1629234|1630173,1,REG,2026,1610612758,,,,,
2250026141,,Shot Chart Detail,22500261,41,203897,Zach LaVine,1610612758,Sacramento Kings,1,7,54,Missed Shot,Running Layup Shot,2PT Field Goal,Restricted Area,Center(C),Less Than 8 ft.,2,17,22,1,0,20251119,OKC,SAC,2460,0,201566|201942|203897|1629234|1630173,0,REG,2026,1610612758,,,,,
2250026143,,Shot Chart Detail,22500261,43,1630173,Precious Achiuwa,1610612758,Sacramento Kings,1,7,49,Made Shot,Tip Layup Shot,2PT Field Goal,Restricted Area,Center(C),Less Than 8 ft.,0,0,0,1,1,20251119,OKC,SAC,2510,0,201566|201942|203897|1629234|1630173,0,REG,2026,1610612758,,,,,
2250026146,,Shot Chart Detail,22500261,46,201566,Russell Westbrook,1610612758,Sacramento Kings,1,7,35,Missed Shot,Pullup Jump shot,3PT Field Goal,Above the Break 3,Right Side Center(RC),24+ ft.,25,145,211,1,0,20251119,OKC,SAC,2650,0,201566|201942|203897|1629234|1630173,0,REG,2026,1610612758,,,,,
2250026157,,Shot Chart Detail,22500261,57,1629234,Drew Eubanks,1610612758,Sacramento Kings,1,6,31,Missed Shot,Layup Shot,2PT Field Goal,Restricted Area,Center(C),Less Than 8 ft.,2,27,-1,1,0,20251119,OKC,SAC,3290,0,201566|201942|203897|1629234|1630173,0,REG,2026,1610612758,,,,,
2250026160,,Shot Chart Detail,22500261,60,1629234,Drew Eubanks,1610612758,Sacramento Kings,1,6,28,Missed Shot,Jump Shot,2PT Field Goal,Mid-Range,Right Side(R),8-16 ft.,15,156,31,1,0,20251119,OKC,SAC,3320,0,201566|201942|203897|1629234|1630173,0,REG,2026,1610612758,,,,,
2250026166,,Shot Chart Detail,22500261,66,1629234,Drew Eubanks,1610612758,Sacramento Kings,1,6,1,Made Shot,Running Dunk Shot,2PT Field Goal,Restricted Area,Center(C),Less Than 8 ft.,0,5,8,1,1,20251119,OKC,SAC,3590,0,201566|201942|203897|1629234|1630173,1,REG,2026,1610612758,,,,,
2250026182,,Shot Chart Detail,22500261,82,203897,Zach LaVine,1610612758,Sacramento Kings,1,5,35,Made Shot,Cutting Dunk Shot,2PT Field Goal,Restricted Area,Center(C),Less Than 8 ft.,1,-18,8,1,1,20251119,OKC,SAC,3850,0,201566|203897|1628370|1642363|1642875,1,REG,2026,1610612758,,,,,
2250026185,,Shot Chart Detail,22500261,85,201566,Russell Westbrook,1610612758,Sacramento Kings,1,5,10,Missed Shot,Pullup Jump shot,2PT Field Goal,Mid-Range,Center(C),16-24 ft.,18,13,180,1,0,20251119,OKC,SAC,4100,0,201566|203897|1628370|1642363|1642875,0,REG,2026,1610612758,,,,,
2250026188,,Shot Chart Detail,22500261,88,201566,Russell Westbrook,1610612758,Sacramento Kings,1,4,49,Made Shot,Driving Finger Roll Layup Shot,2PT Field Goal,Restricted Area,Center(C),Less Than 8 ft.,1,12,-3,1,1,20251119,OKC,SAC,4310,0,201566|203897|1628370|1642363|1642875,1,REG,2026,1610612758,,,,,
22500261101,,Shot Chart Detail,22500261,101,1628370,Malik Monk,1610612758,Sacramento Kings,1,4,21,Missed Shot,Step Back Jump shot,2PT Field Goal,Mid-Range,Center(C),16-24 ft.,16,36,164,1,0,20251119,OKC,SAC,4590,0,203471|203897|1628370|1642363|1642875,0,REG,2026,1610612758,,,,,
22500261105,,Shot Chart Detail,22500261,105,203471,Dennis Schröder,1610612758,Sacramento Kings,1,3,50,Made Shot,Pullup Jump shot,2PT Field Goal,Mid-Range,Center(C),16-24 ft.,18,-32,180,1,1,20251119,OKC,SAC,4900,0,203471|203897|1628370|1642363|1642875,0,REG,2026,1610612758,,,,,
22500261116,,Shot Chart Detail,22500261,116,203471,Dennis Schröder,1610612758,Sacramento Kings,1,3,18,Made Shot,Fadeaway Bank shot,2PT Field Goal,In The Paint (Non-RA),Center(C),Less Than 8 ft.,6,66,-1,1,1,20251119,OKC,SAC,5220,0,203471|1628370|1631165|1642363|1642875,0,REG,2026,1610612758,,,,,
22500261126,,Shot Chart Detail,22500261,126,1631165,Keon Ellis,1610612758,Sacramento Kings,1,2,31,Missed Shot,Jump Shot,3PT Field Goal,Above the Break 3,Left Side Center(LC),24+ ft.,26,-202,172,1,0,20251119,OKC,SAC,5690,0,203471|1628370|1631165|1642363|1642875,0,REG,2026,1610612758,,,,,
22500261128,,Shot Chart Detail,22500261,128,203471,Dennis Schröder,1610612758,Sacramento Kings,1,2,21,Missed Shot,Pullup Jump shot,3PT Field Goal,Above the Break 3,Center(C),24+ ft.,26,-70,260,1,0,20251119,OKC,SAC,5790,0,203471|1628370|1631165|1642363|1642875,0,REG,2026,1610612758,,,,,
22500261144,,Shot Chart Detail,22500261,144,203471,Dennis Schröder,1610612758,Sacramento Kings,1,1,10,Made Shot,Running Pull-Up Jump Shot,2PT Field Goal,Mid-Range,Right Side Center(RC),16-24 ft.,16,67,148,1,1,20251119,OKC,SAC,6500,0,203471|203897|1628370|1631165|1642875,0,REG,2026,1610612758,,,,,
22500261147,,Shot Chart Detail,22500261,147,203471,Dennis Schröder,1610612758,Sacramento Kings,1,0,42,Made Shot,Running Pull-Up Jump Shot,2PT Field Goal,Mid-Range,Right Side(R),8-16 ft.,14,143,8,1,1,20251119,OKC,SAC,6780,0,203471|203897|1628370|1631165|1642875,0,REG,2026,1610612758,,,,,
22500261152,,Shot Chart Detail,22500261,152,203471,Dennis Schröder,1610612758,Sacramento Kings,1,0,1,Missed Shot,Jump Shot,3PT Field Goal,Above the Break 3,Left Side Center(LC),24+ ft.,26,-88,254,1,0,20251119,OKC,SAC,7190,0,203471|203897|1628370|1631165|1642875,0,REG,2026,1610612758,,,,,
22500261170,,Shot Chart Detail,22500261,170,1629234,Drew Eubanks,1610612758,Sacramento Kings,2,11,45,Made Shot,Finger Roll Layup Shot,2PT Field Goal,Restricted Area,Center(C),Less Than 8 ft.,2,-17,18,1,1,20251119,OKC,SAC,7350,0,201942|203471|1628370|1629234|1630173,1,REG,2026,1610612758,,,,,
22500261178,,Shot Chart Detail,22500261,178,203471,Dennis Schröder,1610612758,Sacramento Kings,2,11,9,Missed Shot,Pullup Jump shot,2PT Field Goal,Mid-Range,Right Side Center(RC),16-24 ft.,16,75,142,1,0,20251119,OKC,SAC,7710,0,201942|203471|1628370|1629234|1630173,0,REG,2026,1610612758,,,,,
22500261184,,Shot Chart Detail,22500261,184,203471,Dennis Schröder,1610612758,Sacramento Kings,2,10,27,Made Shot,Jump Shot,3PT Field Goal,Left Corner 3,Left Side(L),24+ ft.,23,-234,15,1,1,20251119,OKC,SAC,8130,0,201942|203471|1628370|1629234|1630173,1,REG,2026,1610612758,,,,,
22500261195,,Shot Chart Detail,22500261,195,1630173,Precious Achiuwa,1610612758,Sacramento Kings,2,9,39,Made Shot,Driving Layup Shot,2PT Field Goal,Restricted Area,Center(C),Less Than 8 ft.,2,-23,5,1,1,20251119,OKC,SAC,8610,0,201942|203471|1628370|1629234|1630173,0,REG,2026,1610612758,,,,,
22500261198,,Shot Chart Detail,22500261,198,203471,Dennis Schröder,1610612758,Sacramento Kings,2,9,17,Missed Shot,Driving Layup Shot,2PT Field Goal,Restricted Area,Center(C),Less Than 8 ft.,3,-28,16,1,0,20251119,OKC,SAC,8830,0,201942|203471|1628370|1629234|1630173,0,REG,2026,1610612758,,,,,
22500261203,,Shot Chart Detail,22500261,203,1630173,Precious Achiuwa,1610612758,Sacramento Kings,2,8,46,Missed Shot,Driving Layup Shot,2PT Field Goal,Restricted Area,Center(C),Less Than 8 ft.,2,11,20,1,0,20251119,OKC,SAC,9140,0,201942|203471|1628370|1629234|1630173,0,REG,2026,1610612758,,,,,
22500261205,,Shot Chart Detail,22500261,205,1630173,Precious Achiuwa,1610612758,Sacramento Kings,2,8,41,Missed Shot,Tip Layup Shot,2PT Field Goal,Restricted Area,Center(C),Less Than 8 ft.,0,0,0,1,0,20251119,OKC,SAC,9190,0,201942|203471|1628370|1629234|1630173,0,REG,2026,1610612758,,,,,
22500261222,,Shot Chart Detail,22500261,222,1630173,Precious Achiuwa,1610612758,Sacramento Kings,2,7,52,Made Shot,Jump Shot,3PT Field Goal,Above the Break 3,Right Side Center(RC),24+ ft.,25,202,149,1,1,20251119,OKC,SAC,9680,0,201566|201942|203897|1630173|1642875,1,REG,2026,1610612758,,,,,
22500261225,,Shot Chart Detail,22500261,225,1642875,Maxime Raynaud,1610612758,Sacramento Kings,2,7,25,Missed Shot,Floating Jump shot,2PT Field Goal,In The Paint (Non-RA),Center(C),8-16 ft.,8,32,79,1,0,20251119,OKC,SAC,9950,0,201566|201942|203897|1630173|1642875,0,REG,2026,1610612758,,,,,
22500261229,,Shot Chart Detail,22500261,229,201942,DeMar DeRozan,1610612758,Sacramento Kings,2,7,3,Missed Shot,Turnaround Fadeaway shot,2PT Field Goal,Mid-Range,Right Side(R),8-16 ft.,13,134,10,1,0,20251119,OKC,SAC,10170,0,201566|201942|203897|1630173|1642875,0,REG,2026,1610612758,,,,,
22500261241,,Shot Chart Detail,22500261,241,201942,DeMar DeRozan,1610612758,Sacramento Kings,2,6,35,Missed Shot,Jump Shot,3PT Field Goal,Above the Break 3,Right Side Center(RC),24+ ft.,26,123,235,1,0,20251119,OKC,SAC,10450,0,201566|201942|203897|1630173|1642875,0,REG,2026,1610612758,,,,,
22500261256,,Shot Chart Detail,22500261,256,203897,Zach LaVine,1610612758,Sacramento Kings,2,5,43,Made Shot,Pullup Jump shot,2PT Field Goal,Mid-Range,Center(C),16-24 ft.,16,-48,162,1,1,20251119,OKC,SAC,10970,0,201566|201942|203471|203897|1642875,0,REG,2026,1610612758,,,,,
22500261263,,Shot Chart Detail,22500261,263,203897,Zach LaVine,1610612758,Sacramento Kings,2,5,5,Missed Shot,Step Back Jump shot,3PT Field Goal,Above the Break 3,Right Side Center(RC),24+ ft.,26,87,246,1,0,20251119,OKC,SAC,11350,0,201566|201942|203471|203897|1642875,0,REG,2026,1610612758,,,,,
22500261276,,Shot Chart Detail,22500261,276,203897,Zach LaVine,1610612758,Sacramento Kings,2,4,7,Missed Shot,Jump Shot,3PT Field Goal,Left Corner 3,Left Side(L),24+ ft.,23,-232,8,1,0,20251119,OKC,SAC,11930,0,201566|201942|203471|203897|1642875,0,REG,2026,1610612758,,,,,
22500261280,,Shot Chart Detail,22500261,280,203471,Dennis Schröder,1610612758,Sacramento Kings,2,3,43,Missed Shot,Pullup Jump shot,2PT Field Goal,Mid-Range,Center(C),8-16 ft.,15,56,149,1,0,20251119,OKC,SAC,12170,0,201566|201942|203471|203897|1642875,0,REG,2026,1610612758,,,,,
22500261283,,Shot Chart Detail,22500261,283,201566,Russell Westbrook,1610612758,Sacramento Kings,2,3,38,Made Shot,Jump Shot,3PT Field Goal,Right Corner 3,Right Side(R),24+ ft.,23,230,-5,1,1,20251119,OKC,SAC,12220,0,201566|201942|203471|203897|1642875,1,REG,2026,1610612758,,,,,
22500261287,,Shot Chart Detail,22500261,287,203471,Dennis Schröder,1610612758,Sacramento Kings,2,3,7,Made Shot,Jump Shot,3PT Field Goal,Above the Break 3,Right Side Center(RC),24+ ft.,26,157,210,1,1,20251119,OKC,SAC,12530,0,201566|201942|203471|203897|1642875,1,REG,2026,1610612758,,,,,
22500261295,,Shot Chart Detail,22500261,295,201942,DeMar DeRozan,1610612758,Sacramento Kings,2,2,39,Made Shot,Turnaround Jump Shot,2PT Field Goal,In The Paint (Non-RA),Center(C),8-16 ft.,12,-62,111,1,1,20251119,OKC,SAC,12810,0,201566|201942|203471|203897|1630173,0,REG,2026,1610612758,,,,,
22500261315,,Shot Chart Detail,22500261,315,201942,DeMar DeRozan,1610612758,Sacramento Kings,2,1,12,Missed Shot,Driving Dunk Shot,2PT Field Goal,Restricted Area,Center(C),Less Than 8 ft.,3,13,32,1,0,20251119,OKC,SAC,13680,0,201566|201942|203471|203897|1630173,0,REG,2026,1610612758,,,,,
22500261329,,Shot Chart Detail,22500261,329,201942,DeMar DeRozan,1610612758,Sacramento Kings,2,0,12,Missed Shot,Turnaround Jump Shot,2PT Field Goal,In The Paint (Non-RA),Center(C),8-16 ft.,12,-61,110,1,0,20251119,OKC,SAC,14280,0,201566|201942|203471|203897|1630173,0,REG,2026,1610612758,,,,,
22500261344,,Shot Chart Detail,22500261,344,1629234,Drew Eubanks,1610612758,Sacramento Kings,3,11,41,Missed Shot,Cutting Layup Shot,2PT Field Goal,Restricted Area,Center(C),Less Than 8 ft.,1,12,3,1,0,20251119,OKC,SAC,14590,0,201566|201942|203897|1629234|1631165,0,REG,2026,1610612758,,,,,
22500261347,,Shot Chart Detail,22500261,347,201942,DeMar DeRozan,1610612758,Sacramento Kings,3,11,37,Missed Shot,Layup Shot,2PT Field Goal,Restricted Area,Center(C),Less Than 8 ft.,2,-6,20,1,0,20251119,OKC,SAC,14630,0,201566|201942|203897|1629234|1631165,0,REG,2026,1610612758,,,,,
22500261361,,Shot Chart Detail,22500261,361,1631165,Keon Ellis,1610612758,Sacramento Kings,3,10,33,Missed Shot,Jump Shot,3PT Field Goal,Left Corner 3,Left Side(L),24+ ft.,22,-223,2,1,0,20251119,OKC,SAC,15270,0,201566|201942|203897|1629234|1631165,0,REG,2026,1610612758,,,,,
22500261365,,Shot Chart Detail,22500261,365,201566,Russell Westbrook,1610612758,Sacramento Kings,3,10,14,Made Shot,Pullup Jump shot,2PT Field Goal,In The Paint (Non-RA),Center(C),8-16 ft.,13,32,134,1,1,20251119,OKC,SAC,15460,0,201566|201942|203897|1629234|1631165,0,REG,2026,1610612758,,,,,
22500261383,,Shot Chart Detail,22500261,383,203471,Dennis Schröder,1610612758,Sacramento Kings,3,8,33,Missed Shot,Pullup Jump shot,3PT Field Goal,Above the Break 3,Left Side Center(LC),24+ ft.,24,-148,197,1,0,20251119,OKC,SAC,16470,0,201942|203471|203897|1629234|1630173,0,REG,2026,1610612758,,,,,
22500261385,,Shot Chart Detail,22500261,385,1630173,Precious Achiuwa,1610612758,Sacramento Kings,3,8,32,Made Shot,Tip Layup Shot,2PT Field Goal,Restricted Area,Center(C),Less Than 8 ft.,0,0,0,1,1,20251119,OKC,SAC,16480,0,201942|203471|203897|1629234|1630173,0,REG,2026,1610612758,,,,,
22500261398,,Shot Chart Detail,22500261,398,1630173,Precious Achiuwa,1610612758,Sacramento Kings,3,7,24,Missed Shot,Running Layup Shot,2PT Field Goal,Restricted Area,Center(C),Less Than 8 ft.,1,11,9,1,0,20251119,OKC,SAC,17160,0,201942|203471|203897|1629234|1630173,0,REG,2026,1610612758,,,,,
22500261417,,Shot Chart Detail,22500261,417,203471,Dennis Schröder,1610612758,Sacramento Kings,3,6,57,Made Shot,Pullup Jump shot,2PT Field Goal,In The Paint (Non-RA),Center(C),8-16 ft.,12,48,110,1,1,20251119,OKC,SAC,17430,0,201566|203471|1628370|1630173|1642875,0,REG,2026,1610612758,,,,,
22500261421,,Shot Chart Detail,22500261,421,203471,Dennis Schröder,1610612758,Sacramento Kings,3,6,37,Missed Shot,Running Pull-Up Jump Shot,3PT Field Goal,Above the Break 3,Right Side Center(RC),24+ ft.,25,135,214,1,0,20251119,OKC,SAC,17630,0,201566|203471|1628370|1630173|1642875,0,REG,2026,1610612758,,,,,
22500261423,,Shot Chart Detail,22500261,423,1630173,Precious Achiuwa,1610612758,Sacramento Kings,3,6,20,Missed Shot,Driving Layup Shot,2PT Field Goal,In The Paint (Non-RA),Center(C),Less Than 8 ft.,5,-4,53,1,0,20251119,OKC,SAC,17800,0,201566|203471|1628370|1630173|1642875,0,REG,2026,1610612758,,,,,
22500261430,,Shot Chart Detail,22500261,430,1628370,Malik Monk,1610612758,Sacramento Kings,3,5,56,Made Shot,Jump Shot,3PT Field Goal,Above the Break 3,Left Side Center(LC),24+ ft.,23,-218,99,1,1,20251119,OKC,SAC,18040,0,201566|203471|1628370|1630173|1642875,1,REG,2026,1610612758,,,,,
22500261438,,Shot Chart Detail,22500261,438,203471,Dennis Schröder,1610612758,Sacramento Kings,3,5,27,Missed Shot,Floating Jump shot,2PT Field Goal,In The Paint (Non-RA),Center(C),Less Than 8 ft.,5,49,15,1,0,20251119,OKC,SAC,18330,0,201566|203471|1628370|1630173|1642875,0,REG,2026,1610612758,,,,,
22500261441,,Shot Chart Detail,22500261,441,1642875,Maxime Raynaud,1610612758,Sacramento Kings,3,5,14,Made Shot,Floating Jump shot,2PT Field Goal,Restricted Area,Center(C),Less Than 8 ft.,1,-1,15,1,1,20251119,OKC,SAC,18460,0,201566|203471|1628370|1630173|1642875,1,REG,2026,1610612758,,,,,
22500261453,,Shot Chart Detail,22500261,453,203471,Dennis Schröder,1610612758,Sacramento Kings,3,4,30,Missed Shot,Jump Shot,3PT Field Goal,Left Corner 3,Left Side(L),24+ ft.,23,-228,61,1,0,20251119,OKC,SAC,18900,0,201566|203471|203897|1628370|1630173,0,REG,2026,1610612758,,,,,
22500261455,,Shot Chart Detail,22500261,455,203897,Zach LaVine,1610612758,Sacramento Kings,3,4,27,Missed Shot,Jump Shot,3PT Field Goal,Above the Break 3,Right Side Center(RC),24+ ft.,25,131,215,1,0,20251119,OKC,SAC,18930,0,201566|203471|203897|1628370|1630173,0,REG,2026,1610612758,,,,,
22500261461,,Shot Chart Detail,22500261,461,1630173,Precious Achiuwa,1610612758,Sacramento Kings,3,4,0,Missed Shot,Hook Shot,2PT Field Goal,Restricted Area,Center(C),Less Than 8 ft.,3,-34,5,1,0,20251119,OKC,SAC,19200,0,201566|203471|203897|1628370|1630173,0,REG,2026,1610612758,,,,,
22500261465,,Shot Chart Detail,22500261,465,1628370,Malik Monk,1610612758,Sacramento Kings,3,3,25,Made Shot,Driving Layup Shot,2PT Field Goal,In The Paint (Non-RA),Center(C),Less Than 8 ft.,4,43,3,1,1,20251119,OKC,SAC,19550,0,201566|203471|203897|1628370|1630173,0,REG,2026,1610612758,,,,,
22500261493,,Shot Chart Detail,22500261,493,203897,Zach LaVine,1610612758,Sacramento Kings,3,1,51,Missed Shot,Driving Layup Shot,2PT Field Goal,In The Paint (Non-RA),Center(C),8-16 ft.,8,-34,74,1,0,20251119,OKC,SAC,20490,0,203471|203897|1628370|1629234|1642363,0,REG,2026,1610612758,,,,,
22500261502,,Shot Chart Detail,22500261,502,203471,Dennis Schröder,1610612758,Sacramento Kings,3,1,8,Missed Shot,Jump Shot,3PT Field Goal,Above the Break 3,Left Side Center(LC),24+ ft.,24,-186,153,1,0,20251119,OKC,SAC,20920,0,201942|203471|203897|1629234|1642363,0,REG,2026,1610612758,,,,,
22500261504,,Shot Chart Detail,22500261,504,201942,DeMar DeRozan,1610612758,Sacramento Kings,3,0,53,Made Shot,Pullup Jump shot,2PT Field Goal,Mid-Range,Right Side Center(RC),16-24 ft.,17,91,148,1,1,20251119,OKC,SAC,21070,0,201942|203471|203897|1629234|1642363,1,REG,2026,1610612758,,,,,
22500261510,,Shot Chart Detail,22500261,510,203471,Dennis Schröder,1610612758,Sacramento Kings,3,0,27,Missed Shot,Jump Shot,3PT Field Goal,Right Corner 3,Right Side(R),24+ ft.,22,223,29,1,0,20251119,OKC,SAC,21330,0,201942|203471|203897|1629234|1642363,0,REG,2026,1610612758,,,,,
22500261521,,Shot Chart Detail,22500261,521,201942,DeMar DeRozan,1610612758,Sacramento Kings,3,0,0,Made Shot,Driving Layup Shot,2PT Field Goal,Restricted Area,Center(C),Less Than 8 ft.,1,-5,10,1,1,20251119,OKC,SAC,21600,0,201942|203471|203897|1628370|1642363,1,REG,2026,1610612758,,,,,
22500261537,,Shot Chart Detail,22500261,537,203471,Dennis Schröder,1610612758,Sacramento Kings,4,11,32,Missed Shot,Pullup Jump shot,2PT Field Goal,Mid-Range,Left Side Center(LC),16-24 ft.,20,-109,168,1,0,20251119,OKC,SAC,21880,0,201942|203471|1628370|1629234|1630173,0,REG,2026,1610612758,,,,,
22500261559,,Shot Chart Detail,22500261,559,201942,DeMar DeRozan,1610612758,Sacramento Kings,4,10,17,Made Shot,Driving Floating Jump Shot,2PT Field Goal,In The Paint (Non-RA),Center(C),Less Than 8 ft.,6,-66,-10,1,1,20251119,OKC,SAC,22630,0,201566|201942|1628370|1629234|1630173,0,REG,2026,1610612758,,,,,
22500261565,,Shot Chart Detail,22500261,565,1628370,Malik Monk,1610612758,Sacramento Kings,4,9,51,Made Shot,Pullup Jump shot,2PT Field Goal,In The Paint (Non-RA),Center(C),8-16 ft.,12,62,108,1,1,20251119,OKC,SAC,22890,0,201566|201942|1628370|1629234|1630173,1,REG,2026,1610612758,,,,,
22500261567,,Shot Chart Detail,22500261,567,1628370,Malik Monk,1610612758,Sacramento Kings,4,9,25,Missed Shot,Step Back Jump shot,2PT Field Goal,Mid-Range,Left Side(L),8-16 ft.,15,-103,117,1,0,20251119,OKC,SAC,23150,0,201566|201942|1628370|1629234|1630173,0,REG,2026,1610612758,,,,,
22500261571,,Shot Chart Detail,22500261,571,1630173,Precious Achiuwa,1610612758,Sacramento Kings,4,9,8,Made Shot,Running Layup Shot,2PT Field Goal,In The Paint (Non-RA),Center(C),Less Than 8 ft.,4,31,35,1,1,20251119,OKC,SAC,23320,0,201566|201942|1628370|1629234|1630173,1,REG,2026,1610612758,,,,,
22500261578,,Shot Chart Detail,22500261,578,1628370,Malik Monk,1610612758,Sacramento Kings,4,8,42,Made Shot,Step Back Jump shot,3PT Field Goal,Above the Break 3,Left Side Center(LC),24+ ft.,24,-85,232,1,1,20251119,OKC,SAC,23580,0,201566|201942|203897|1628370|1629234,1,REG,2026,1610612758,,,,,
22500261586,,Shot Chart Detail,22500261,586,1628370,Malik Monk,1610612758,Sacramento Kings,4,8,16,Missed Shot,Jump Shot,3PT Field Goal,Above the Break 3,Left Side Center(LC),24+ ft.,25,-164,193,1,0,20251119,OKC,SAC,23840,0,201566|201942|203897|1628370|1629234,0,REG,2026,1610612758,,,,,
22500261590,,Shot Chart Detail,22500261,590,201942,DeMar DeRozan,1610612758,Sacramento Kings,4,7,53,Missed Shot,Running Pull-Up Jump Shot,2PT Field Goal,In The Paint (Non-RA),Right Side(R),8-16 ft.,9,65,68,1,0,20251119,OKC,SAC,24070,0,201566|201942|203897|1628370|1629234,0,REG,2026,1610612758,,,,,
22500261592,,Shot Chart Detail,22500261,592,201942,DeMar DeRozan,1610612758,Sacramento Kings,4,7,35,Missed Shot,Jump Shot,3PT Field Goal,Above the Break 3,Left Side Center(LC),24+ ft.,24,-223,98,1,0,20251119,OKC,SAC,24250,0,201566|201942|203897|1628370|1629234,0,REG,2026,1610612758,,,,,
22500261608,,Shot Chart Detail,22500261,608,1642875,Maxime Raynaud,1610612758,Sacramento Kings,4,6,46,Missed Shot,Turnaround Hook Shot,2PT Field Goal,In The Paint (Non-RA),Center(C),Less Than 8 ft.,4,38,15,1,0,20251119,OKC,SAC,24740,0,201566|201942|203471|1628370|1642875,0,REG,2026,1610612758,,,,,
22500261615,,Shot Chart Detail,22500261,615,1642875,Maxime Raynaud,1610612758,Sacramento Kings,4,6,11,Made Shot,Jump Shot,3PT Field Goal,Left Corner 3,Left Side(L),24+ ft.,23,-232,-23,1,1,20251119,OKC,SAC,25090,0,201566|201942|203471|1628370|1642875,1,REG,2026,1610612758,,,,,
22500261622,,Shot Chart Detail,22500261,622,1628370,Malik Monk,1610612758,Sacramento Kings,4,5,53,Made Shot,Running Jump Shot,3PT Field Goal,Above the Break 3,Left Side Center(LC),24+ ft.,25,-210,136,1,1,20251119,OKC,SAC,25270,0,201566|201942|203471|1628370|1642875,1,REG,2026,1610612758,,,,,
22500261628,,Shot Chart Detail,22500261,628,201566,Russell Westbrook,1610612758,Sacramento Kings,4,5,14,Missed Shot,Jump Shot,3PT Field Goal,Right Corner 3,Right Side(R),24+ ft.,23,229,45,1,0,20251119,OKC,SAC,25660,0,201566|201942|203471|1628370|1642875,0,REG,2026,1610612758,,,,,
22500261639,,Shot Chart Detail,22500261,639,1642875,Maxime Raynaud,1610612758,Sacramento Kings,4,4,48,Made Shot,Dunk Shot,2PT Field Goal,Restricted Area,Center(C),Less Than 8 ft.,0,-9,1,1,1,20251119,OKC,SAC,25920,0,201566|201942|203471|1628370|1642875,1,REG,2026,1610612758,,,,,
22500261651,,Shot Chart Detail,22500261,651,203471,Dennis Schröder,1610612758,Sacramento Kings,4,3,39,Made Shot,Driving Layup Shot,2PT Field Goal,Restricted Area,Center(C),Less Than 8 ft.,1,-6,8,1,1,20251119,OKC,SAC,26610,0,201942|203471|1628370|1631165|1642875,0,REG,2026,1610612758,,,,,
22500261665,,Shot Chart Detail,22500261,665,203471,Dennis Schröder,1610612758,Sacramento Kings,4,2,37,Made Shot,Driving Finger Roll Layup Shot,2PT Field Goal,In The Paint (Non-RA),Center(C),Less Than 8 ft.,4,43,16,1,1,20251119,OKC,SAC,27230,0,201942|203471|1628370|1631165|1642875,0,REG,2026,1610612758,,,,,
22500261669,,Shot Chart Detail,22500261,669,1628370,Malik Monk,1610612758,Sacramento Kings,4,2,0,Missed Shot,Pullup Jump shot,3PT Field Goal,Above the Break 3,Left Side Center(LC),24+ ft.,25,-88,239,1,0,20251119,OKC,SAC,27600,0,201942|203471|1628370|1631165|1642875,0,REG,2026,1610612758,,,,,
22500261684,,Shot Chart Detail,22500261,684,1631165,Keon Ellis,1610612758,Sacramento Kings,4,1,31,Missed Shot,Step Back Jump shot,2PT Field Goal,In The Paint (Non-RA),Center(C),8-16 ft.,8,11,83,1,0,20251119,OKC,SAC,27890,0,203471|1628370|1630173|1631165|1642363,0,REG,2026,1610612758,,,,,
22500261701,,Shot Chart Detail,22500261,701,1631165,Keon Ellis,1610612758,Sacramento Kings,4,1,8,Made Shot,Running Dunk Shot,2PT Field Goal,Restricted Area,Center(C),Less Than 8 ft.,1,7,11,1,1,20251119,OKC,SAC,28120,0,203471|1628370|1630173|1631165|1642363,1,REG,2026,1610612758,,,,,
22500261712,,Shot Chart Detail,22500261,712,1630173,Precious Achiuwa,1610612758,Sacramento Kings,4,0,15,Missed Shot,Driving Floating Jump Shot,2PT Field Goal,Restricted Area,Center(C),Less Than 8 ft.,3,-38,0,1,0,20251119,OKC,SAC,28650,0,203471|1628370|1630173|1631165|1642363,0,REG,2026,1610612758,,,,,
2250026531,,Shot Chart Detail,22500265,31,201942,DeMar DeRozan,1610612758,Sacramento Kings,1,9,48,Made Shot,Jump Shot,2PT Field Goal,In The Paint (Non-RA),Center(C),Less Than 8 ft.,4,12,46,1,1,20251120,MEM,SAC,1320,0,201566|201942|203897|1629234|1630173,0,REG,2026,1610612758,,,,,
2250026534,,Shot Chart Detail,22500265,34,201566,Russell Westbrook,1610612758,Sacramento Kings,1,9,19,Missed Shot,Jump Shot,3PT Field Goal,Above the Break 3,Left Side Center(LC),24+ ft.,26,-175,197,1,0,20251120,MEM,SAC,1610,0,201566|201942|203897|1629234|1630173,0,REG,2026,1610612758,,,,,
2250026540,,Shot Chart Detail,22500265,40,203897,Zach LaVine,1610612758,Sacramento Kings,1,8,57,Missed Shot,Pullup Jump shot,3PT Field Goal,Above the Break 3,Left Side Center(LC),24+ ft.,25,-181,180,1,0,20251120,MEM,SAC,1830,0,201566|201942|203897|1629234|1630173,0,REG,2026,1610612758,,,,,
2250026548,,Shot Chart Detail,22500265,48,203897,Zach LaVine,1610612758,Sacramento Kings,1,8,26,Made Shot,Step Back Jump shot,2PT Field Goal,Mid-Range,Center(C),16-24 ft.,19,-36,190,1,1,20251120,MEM,SAC,2140,0,201566|201942|203897|1629234|1630173,1,REG,2026,1610612758,,,,,
2250026559,,Shot Chart Detail,22500265,59,201942,DeMar DeRozan,1610612758,Sacramento Kings,1,7,58,Missed Shot,Turnaround Fadeaway shot,2PT Field Goal,Mid-Range,Right Side(R),8-16 ft.,12,102,68,1,0,20251120,MEM,SAC,2420,0,201566|201942|203897|1629234|1630173,0,REG,2026,1610612758,,,,,
2250026569,,Shot Chart Detail,22500265,69,1629234,Drew Eubanks,1610612758,Sacramento Kings,1,7,12,Made Shot,Jump Shot,3PT Field Goal,Right Corner 3,Right Side(R),24+ ft.,23,227,62,1,1,20251120,MEM,SAC,2880,0,201566|201942|203897|1629234|1630173,1,REG,2026,1610612758,,,,,
2250026573,,Shot Chart Detail,22500265,73,1629234,Drew Eubanks,1610612758,Sacramento Kings,1,6,38,Missed Shot,Driving Bank Hook Shot,2PT Field Goal,In The Paint (Non-RA),Right Side(R),8-16 ft.,9,64,65,1,0,20251120,MEM,SAC,3220,0,201566|201942|203897|1629234|1630173,0,REG,2026,1610612758,,,,,
2250026590,,Shot Chart Detail,22500265,90,1628370,Malik Monk,1610612758,Sacramento Kings,1,6,4,Missed Shot,Driving Floating Jump Shot,2PT Field Goal,In The Paint (Non-RA),Center(C),8-16 ft.,9,-25,95,1,0,20251120,MEM,SAC,3560,0,201566|203897|1628370|1631099|1642875,0,REG,2026,1610612758,,,,,
2250026592,,Shot Chart Detail,22500265,92,203897,Zach LaVine,1610612758,Sacramento Kings,1,6,0,Missed Shot,Jump Shot,3PT Field Goal,Left Corner 3,Left Side(L),24+ ft.,22,-227,22,1,0,20251120,MEM,SAC,3600,0,201566|203897|1628370|1631099|1642875,0,REG,2026,1610612758,,,,,
22500265106,,Shot Chart Detail,22500265,106,1631099,Keegan Murray,1610612758,Sacramento Kings,1,5,16,Made Shot,Turnaround Fadeaway shot,2PT Field Goal,Mid-Range,Left Side(L),8-16 ft.,10,-98,28,1,1,20251120,MEM,SAC,4040,0,203471|203897|1628370|1631099|1642875,0,REG,2026,1610612758,,,,,
22500265109,,Shot Chart Detail,22500265,109,203471,Dennis Schröder,1610612758,Sacramento Kings,1,4,53,Missed Shot,Step Back Jump shot,3PT Field Goal,Above the Break 3,Center(C),24+ ft.,25,64,247,1,0,20251120,MEM,SAC,4270,0,203471|203897|1628370|1631099|1642875,0,REG,2026,1610612758,,,,,
22500265114,,Shot Chart Detail,22500265,114,203897,Zach LaVine,1610612758,Sacramento Kings,1,4,27,Made Shot,Step Back Jump shot,3PT Field Goal,Above the Break 3,Right Side Center(RC),24+ ft.,26,97,248,1,1,20251120,MEM,SAC,4530,0,203471|203897|1628370|1631099|1642875,1,REG,2026,1610612758,,,,,
22500265118,,Shot Chart Detail,22500265,118,1631099,Keegan Murray,1610612758,Sacramento Kings,1,3,52,Missed Shot,Jump Shot,3PT Field Goal,Right Corner 3,Right Side(R),24+ ft.,23,232,4,1,0,20251120,MEM,SAC,4880,0,203471|203897|1628370|1631099|1642875,0,REG,2026,1610612758,,,,,
22500265121,,Shot Chart Detail,22500265,121,203897,Zach LaVine,1610612758,Sacramento Kings,1,3,46,Made Shot,Step Back Jump shot,3PT Field Goal,Left Corner 3,Left Side(L),24+ ft.,23,-224,60,1,1,20251120,MEM,SAC,4940,0,203471|203897|1628370|1631099|1642875,1,REG,2026,1610612758,,,,,
22500265126,,Shot Chart Detail,22500265,126,1628370,Malik Monk,1610612758,Sacramento Kings,1,3,4,Missed Shot,Turnaround Fadeaway shot,2PT Field Goal,In The Paint (Non-RA),Center(C),8-16 ft.,11,54,102,1,0,20251120,MEM,SAC,5360,0,203471|203897|1628370|1631099|1642875,0,REG,2026,1610612758,,,,,
22500265134,,Shot Chart Detail,22500265,134,203471,Dennis Schröder,1610612758,Sacramento Kings,1,2,35,Missed Shot,Driving Floating Bank Jump Shot,2PT Field Goal,In The Paint (Non-RA),Center(C),Less Than 8 ft.,5,-29,42,1,0,20251120,MEM,SAC,5650,0,203471|203897|1628370|1631099|1642875,0,REG,2026,1610612758,,,,,
22500265139,,Shot Chart Detail,22500265,139,1642875,Maxime Raynaud,1610612758,Sacramento Kings,1,2,13,Made Shot,Driving Floating Bank Jump Shot,2PT Field Goal,In The Paint (Non-RA),Center(C),8-16 ft.,8,31,74,1,1,20251120,MEM,SAC,5870,0,203471|203897|1628370|1631099|1642875,0,REG,2026,1610612758,,,,,
22500265149,,Shot Chart Detail,22500265,149,203897,Zach LaVine,1610612758,Sacramento Kings,1,1,42,Made Shot,Driving Reverse Layup Shot,2PT Field Goal,Restricted Area,Center(C),Less Than 8 ft.,2,-16,23,1,1,20251120,MEM,SAC,6180,0,203471|203897|1628370|1631099|1642875,0,REG,2026,1610612758,,,,,
22500265152,,Shot Chart Detail,22500265,152,1642875,Maxime Raynaud,1610612758,Sacramento Kings,1,1,8,Missed Shot,Turnaround Hook Shot,2PT Field Goal,In The Paint (Non-RA),Center(C),Less Than 8 ft.,6,-64,20,1,0,20251120,MEM,SAC,6520,0,203471|203897|1628370|1631099|1642875,0,REG,2026,1610612758,,,,,
22500265156,,Shot Chart Detail,22500265,156,203897,Zach LaVine,1610612758,Sacramento Kings,1,0,42,Missed Shot,Pullup Jump shot,3PT Field Goal,Above the Break 3,Right Side Center(RC),24+ ft.,28,102,268,1,0,20251120,MEM,SAC,6780,0,203471|203897|1628370|1631099|1642875,0,REG,2026,1610612758,,,,,
22500265161,,Shot Chart Detail,22500265,161,203471,Dennis Schröder,1610612758,Sacramento Kings,1,0,18,Missed Shot,Driving Finger Roll Layup Shot,2PT Field Goal,Restricted Area,Center(C),Less Than 8 ft.,3,22,29,1,0,20251120,MEM,SAC,7020,0,203471|203897|1628370|1631099|1642875,0,REG,2026,1610612758,,,,,
22500265176,,Shot Chart Detail,22500265,176,1629234,Drew Eubanks,1610612758,Sacramento Kings,2,11,47,Made Shot,Floating Jump shot,2PT Field Goal,In The Paint (Non-RA),Center(C),8-16 ft.,12,45,121,1,1,20251120,MEM,SAC,7330,0,203471|1628370|1629234|1631099|1642363,1,REG,2026,1610612758,,,,,
22500265180,,Shot Chart Detail,22500265,180,1628370,Malik Monk,1610612758,Sacramento Kings,2,11,29,Made Shot,Running Finger Roll Layup Shot,2PT Field Goal,In The Paint (Non-RA),Center(C),Less Than 8 ft.,4,9,41,1,1,20251120,MEM,SAC,7510,0,203471|1628370|1629234|1631099|1642363,1,REG,2026,1610612758,,,,,
22500265195,,Shot Chart Detail,22500265,195,203471,Dennis Schröder,1610612758,Sacramento Kings,2,10,2,Missed Shot,Pullup Jump shot,2PT Field Goal,Mid-Range,Center(C),16-24 ft.,16,-42,160,1,0,20251120,MEM,SAC,8380,0,203471|1628370|1629234|1631099|1642363,0,REG,2026,1610612758,,,,,
22500265213,,Shot Chart Detail,22500265,213,203471,Dennis Schröder,1610612758,Sacramento Kings,2,9,21,Missed Shot,Pullup Jump shot,2PT Field Goal,Mid-Range,Right Side(R),8-16 ft.,14,94,116,1,0,20251120,MEM,SAC,8790,0,201566|203471|1629234|1630173|1642363,0,REG,2026,1610612758,,,,,
22500265226,,Shot Chart Detail,22500265,226,1629234,Drew Eubanks,1610612758,Sacramento Kings,2,8,41,Made Shot,Floating Jump shot,2PT Field Goal,In The Paint (Non-RA),Center(C),8-16 ft.,12,26,127,1,1,20251120,MEM,SAC,9190,0,201566|201942|1629234|1630173|1642363,1,REG,2026,1610612758,,,,,
22500265252,,Shot Chart Detail,22500265,252,201566,Russell Westbrook,1610612758,Sacramento Kings,2,6,46,Missed Shot,Jump Shot,3PT Field Goal,Above the Break 3,Right Side Center(RC),24+ ft.,25,109,231,1,0,20251120,MEM,SAC,10340,0,201566|201942|203897|1629234|1631099,0,REG,2026,1610612758,,,,,
22500265256,,Shot Chart Detail,22500265,256,201566,Russell Westbrook,1610612758,Sacramento Kings,2,6,16,Missed Shot,Driving Reverse Layup Shot,2PT Field Goal,Restricted Area,Center(C),Less Than 8 ft.,2,12,18,1,0,20251120,MEM,SAC,10640,0,201566|201942|203897|1629234|1631099,0,REG,2026,1610612758,,,,,
22500265273,,Shot Chart Detail,22500265,273,203897,Zach LaVine,1610612758,Sacramento Kings,2,5,53,Missed Shot,Driving Dunk Shot,2PT Field Goal,Restricted Area,Center(C),Less Than 8 ft.,1,-10,8,1,0,20251120,MEM,SAC,10870,0,201566|201942|203897|1629234|1631099,0,REG,2026,1610612758,,,,,
22500265284,,Shot Chart Detail,22500265,284,201566,Russell Westbrook,1610612758,Sacramento Kings,2,5,6,Made Shot,Driving Finger Roll Layup Shot,2PT Field Goal,Restricted Area,Center(C),Less Than 8 ft.,2,-16,12,1,1,20251120,MEM,SAC,11340,0,201566|203897|1631099|1631165|1642875,0,REG,2026,1610612758,,,,,
22500265300,,Shot Chart Detail,22500265,300,203897,Zach LaVine,1610612758,Sacramento Kings,2,4,29,Made Shot,Step Back Jump shot,2PT Field Goal,Mid-Range,Right Side Center(RC),16-24 ft.,21,141,159,1,1,20251120,MEM,SAC,11710,0,203471|203897|1631099|1631165|1642875,1,REG,2026,1610612758,,,,,
22500265310,,Shot Chart Detail,22500265,310,1642875,Maxime Raynaud,1610612758,Sacramento Kings,2,3,31,Made Shot,Driving Finger Roll Layup Shot,2PT Field Goal,Restricted Area,Center(C),Less Than 8 ft.,1,-1,15,1,1,20251120,MEM,SAC,12290,0,203471|203897|1631099|1631165|1642875,1,REG,2026,1610612758,,,,,
22500265316,,Shot Chart Detail,22500265,316,203897,Zach LaVine,1610612758,Sacramento Kings,2,2,58,Missed Shot,Driving Floating Jump Shot,2PT Field Goal,In The Paint (Non-RA),Center(C),Less Than 8 ft.,6,18,59,1,0,20251120,MEM,SAC,12620,0,203471|203897|1631099|1631165|1642875,0,REG,2026,1610612758,,,,,
22500265337,,Shot Chart Detail,22500265,337,1631099,Keegan Murray,1610612758,Sacramento Kings,2,2,9,Made Shot,Jump Shot,3PT Field Goal,Above the Break 3,Left Side Center(LC),24+ ft.,25,-143,216,1,1,20251120,MEM,SAC,13110,0,203471|1628370|1629234|1631099|1631165,1,REG,2026,1610612758,,,,,
22500265344,,Shot Chart Detail,22500265,344,1631099,Keegan Murray,1610612758,Sacramento Kings,2,1,40,Missed Shot,Fadeaway Jump Shot,2PT Field Goal,In The Paint (Non-RA),Center(C),8-16 ft.,14,-64,133,1,0,20251120,MEM,SAC,13400,0,203471|1628370|1629234|1631099|1631165,0,REG,2026,1610612758,,,,,
22500265348,,Shot Chart Detail,22500265,348,203471,Dennis Schröder,1610612758,Sacramento Kings,2,1,6,Missed Shot,Pullup Jump shot,3PT Field Goal,Above the Break 3,Right Side Center(RC),24+ ft.,25,109,227,1,0,20251120,MEM,SAC,13740,0,203471|1628370|1629234|1631099|1631165,0,REG,2026,1610612758,,,,,
22500265350,,Shot Chart Detail,22500265,350,1631099,Keegan Murray,1610612758,Sacramento Kings,2,1,1,Made Shot,Driving Reverse Layup Shot,2PT Field Goal,Restricted Area,Center(C),Less Than 8 ft.,1,10,15,1,1,20251120,MEM,SAC,13790,0,203471|1628370|1629234|1631099|1631165,1,REG,2026,1610612758,,,,,
22500265357,,Shot Chart Detail,22500265,357,1631099,Keegan Murray,1610612758,Sacramento Kings,2,0,33,Missed Shot,Jump Shot,3PT Field Goal,Above the Break 3,Center(C),24+ ft.,26,-9,264,1,0,20251120,MEM,SAC,14070,0,203471|1628370|1629234|1631099|1631165,0,REG,2026,1610612758,,,,,
22500265363,,Shot Chart Detail,22500265,363,1631165,Keon Ellis,1610612758,Sacramento Kings,2,0,10,Made Shot,Jump Shot,3PT Field Goal,Above the Break 3,Left Side Center(LC),24+ ft.,26,-129,232,1,1,20251120,MEM,SAC,14300,0,203471|1628370|1629234|1631099|1631165,1,REG,2026,1610612758,,,,,
22500265380,,Shot Chart Detail,22500265,380,201942,DeMar DeRozan,1610612758,Sacramento Kings,3,11,47,Made Shot,Turnaround Bank shot,2PT Field Goal,In The Paint (Non-RA),Center(C),Less Than 8 ft.,7,-55,53,1,1,20251120,MEM,SAC,14530,0,201566|201942|203897|1629234|1630173,0,REG,2026,1610612758,,,,,
22500265391,,Shot Chart Detail,22500265,391,201566,Russell Westbrook,1610612758,Sacramento Kings,3,10,51,Made Shot,Jump Shot,3PT Field Goal,Above the Break 3,Left Side Center(LC),24+ ft.,24,-98,224,1,1,20251120,MEM,SAC,15090,0,201566|201942|203897|1629234|1630173,1,REG,2026,1610612758,,,,,
22500265397,,Shot Chart Detail,22500265,397,201566,Russell Westbrook,1610612758,Sacramento Kings,3,10,20,Made Shot,Jump Shot,3PT Field Goal,Above the Break 3,Left Side Center(LC),24+ ft.,24,-153,192,1,1,20251120,MEM,SAC,15400,0,201566|201942|203897|1629234|1630173,1,REG,2026,1610612758,,,,,
22500265408,,Shot Chart Detail,22500265,408,1630173,Precious Achiuwa,1610612758,Sacramento Kings,3,9,38,Missed Shot,Jump Shot,3PT Field Goal,Above the Break 3,Center(C),24+ ft.,24,-69,239,1,0,20251120,MEM,SAC,15820,0,201566|201942|203897|1629234|1630173,0,REG,2026,1610612758,,,,,
22500265415,,Shot Chart Detail,22500265,415,203897,Zach LaVine,1610612758,Sacramento Kings,3,9,13,Made Shot,Jump Shot,3PT Field Goal,Right Corner 3,Right Side(R),24+ ft.,23,233,-12,1,1,20251120,MEM,SAC,16070,0,201566|201942|203897|1629234|1631099,1,REG,2026,1610612758,,,,,
22500265419,,Shot Chart Detail,22500265,419,1629234,Drew Eubanks,1610612758,Sacramento Kings,3,8,43,Missed Shot,Driving Hook Shot,2PT Field Goal,In The Paint (Non-RA),Center(C),Less Than 8 ft.,7,17,68,1,0,20251120,MEM,SAC,16370,0,201566|201942|203897|1629234|1631099,0,REG,2026,1610612758,,,,,
22500265423,,Shot Chart Detail,22500265,423,203897,Zach LaVine,1610612758,Sacramento Kings,3,8,23,Made Shot,Pullup Jump shot,3PT Field Goal,Above the Break 3,Left Side Center(LC),24+ ft.,25,-112,224,1,1,20251120,MEM,SAC,16570,0,201566|201942|203897|1629234|1631099,0,REG,2026,1610612758,,,,,
22500265428,,Shot Chart Detail,22500265,428,1631099,Keegan Murray,1610612758,Sacramento Kings,3,7,47,Missed Shot,Step Back Jump shot,3PT Field Goal,Above the Break 3,Right Side Center(RC),24+ ft.,28,110,261,1,0,20251120,MEM,SAC,16930,0,201566|201942|203897|1629234|1631099,0,REG,2026,1610612758,,,,,
22500265432,,Shot Chart Detail,22500265,432,203897,Zach LaVine,1610612758,Sacramento Kings,3,7,27,Made Shot,Driving Finger Roll Layup Shot,2PT Field Goal,Restricted Area,Center(C),Less Than 8 ft.,2,25,14,1,1,20251120,MEM,SAC,17130,0,201566|201942|203897|1629234|1631099,0,REG,2026,1610612758,,,,,
22500265436,,Shot Chart Detail,22500265,436,201566,Russell Westbrook,1610612758,Sacramento Kings,3,7,3,Made Shot,Turnaround Fadeaway shot,2PT Field Goal,Mid-Range,Left Side(L),8-16 ft.,9,-89,15,1,1,20251120,MEM,SAC,17370,0,201566|201942|203897|1629234|1631099,0,REG,2026,1610612758,,,,,
22500265439,,Shot Chart Detail,22500265,439,203897,Zach LaVine,1610612758,Sacramento Kings,3,6,28,Made Shot,Pullup Jump shot,2PT Field Goal,Mid-Range,Left Side Center(LC),16-24 ft.,22,-76,210,1,1,20251120,MEM,SAC,17720,0,201566|201942|203897|1629234|1631099,0,REG,2026,1610612758,,,,,
22500265442,,Shot Chart Detail,22500265,442,1631099,Keegan Murray,1610612758,Sacramento Kings,3,6,8,Made Shot,Running Dunk Shot,2PT Field Goal,Restricted Area,Center(C),Less Than 8 ft.,1,7,11,1,1,20251120,MEM,SAC,17920,0,201566|201942|203897|1629234|1631099,1,REG,2026,1610612758,,,,,
22500265459,,Shot Chart Detail,22500265,459,1629234,Drew Eubanks,1610612758,Sacramento Kings,3,5,43,Made Shot,Alley Oop Dunk Shot,2PT Field Goal,Restricted Area,Center(C),Less Than 8 ft.,1,7,9,1,1,20251120,MEM,SAC,18170,0,201566|203471|203897|1629234|1631099,1,REG,2026,1610612758,,,,,
22500265463,,Shot Chart Detail,22500265,463,203897,Zach LaVine,1610612758,Sacramento Kings,3,5,16,Made Shot,Driving Finger Roll Layup Shot,2PT Field Goal,Restricted Area,Center(C),Less Than 8 ft.,2,-23,5,1,1,20251120,MEM,SAC,18440,0,201566|203471|203897|1629234|1631099,0,REG,2026,1610612758,,,,,
22500265471,,Shot Chart Detail,22500265,471,201566,Russell Westbrook,1610612758,Sacramento Kings,3,4,30,Missed Shot,Jump Shot,3PT Field Goal,Right Corner 3,Right Side(R),24+ ft.,23,232,11,1,0,20251120,MEM,SAC,18900,0,201566|203471|203897|1631099|1642875,0,REG,2026,1610612758,,,,,
22500265484,,Shot Chart Detail,22500265,484,201566,Russell Westbrook,1610612758,Sacramento Kings,3,3,51,Missed Shot,Jump Shot,3PT Field Goal,Above the Break 3,Right Side Center(RC),24+ ft.,25,176,187,1,0,20251120,MEM,SAC,19290,0,201566|203471|203897|1631099|1642875,0,REG,2026,1610612758,,,,,
22500265488,,Shot Chart Detail,22500265,488,201566,Russell Westbrook,1610612758,Sacramento Kings,3,3,33,Missed Shot,Driving Floating Bank Jump Shot,2PT Field Goal,In The Paint (Non-RA),Center(C),Less Than 8 ft.,7,48,59,1,0,20251120,MEM,SAC,19470,0,201566|203471|203897|1631099|1642875,0,REG,2026,1610612758,,,,,
22500265492,,Shot Chart Detail,22500265,492,203897,Zach LaVine,1610612758,Sacramento Kings,3,3,8,Missed Shot,Step Back Jump shot,2PT Field Goal,Mid-Range,Right Side Center(RC),16-24 ft.,19,138,142,1,0,20251120,MEM,SAC,19720,0,201566|203471|203897|1631099|1642875,0,REG,2026,1610612758,,,,,
22500265494,,Shot Chart Detail,22500265,494,203471,Dennis Schröder,1610612758,Sacramento Kings,3,3,2,Missed Shot,Jump Shot,3PT Field Goal,Above the Break 3,Left Side Center(LC),24+ ft.,24,-77,229,1,0,20251120,MEM,SAC,19780,0,201566|203471|203897|1631099|1642875,0,REG,2026,1610612758,,,,,
22500265498,,Shot Chart Detail,22500265,498,203897,Zach LaVine,1610612758,Sacramento Kings,3,2,42,Missed Shot,Jump Shot,3PT Field Goal,Left Corner 3,Left Side(L),24+ ft.,22,-222,-22,1,0,20251120,MEM,SAC,19980,0,201566|203471|203897|1631099|1642875,0,REG,2026,1610612758,,,,,
22500265511,,Shot Chart Detail,22500265,511,1631099,Keegan Murray,1610612758,Sacramento Kings,3,2,20,Missed Shot,Pullup Jump shot,3PT Field Goal,Above the Break 3,Right Side Center(RC),24+ ft.,24,77,234,1,0,20251120,MEM,SAC,20200,0,203471|1628370|1631099|1642363|1642875,0,REG,2026,1610612758,,,,,
22500265515,,Shot Chart Detail,22500265,515,1642875,Maxime Raynaud,1610612758,Sacramento Kings,3,1,50,Made Shot,Jump Bank Shot,2PT Field Goal,In The Paint (Non-RA),Center(C),8-16 ft.,8,43,78,1,1,20251120,MEM,SAC,20500,0,203471|1628370|1631099|1642363|1642875,1,REG,2026,1610612758,,,,,
22500265527,,Shot Chart Detail,22500265,527,1628370,Malik Monk,1610612758,Sacramento Kings,3,1,5,Missed Shot,Pullup Jump shot,3PT Field Goal,Above the Break 3,Center(C),24+ ft.,25,34,257,1,0,20251120,MEM,SAC,20950,0,203471|1628370|1630173|1631099|1642363,0,REG,2026,1610612758,,,,,
22500265535,,Shot Chart Detail,22500265,535,1631099,Keegan Murray,1610612758,Sacramento Kings,3,0,23,Missed Shot,Pullup Jump shot,2PT Field Goal,Mid-Range,Center(C),8-16 ft.,15,-47,152,1,0,20251120,MEM,SAC,21370,0,203471|1628370|1630173|1631099|1642363,0,REG,2026,1610612758,,,,,
22500265560,,Shot Chart Detail,22500265,560,1630173,Precious Achiuwa,1610612758,Sacramento Kings,4,10,58,Made Shot,Turnaround Fadeaway shot,2PT Field Goal,In The Paint (Non-RA),Center(C),8-16 ft.,11,-17,114,1,1,20251120,MEM,SAC,22220,0,203471|1629234|1630173|1631165|1642363,1,REG,2026,1610612758,,,,,
22500265574,,Shot Chart Detail,22500265,574,1631165,Keon Ellis,1610612758,Sacramento Kings,4,9,20,Missed Shot,Jump Shot,3PT Field Goal,Above the Break 3,Right Side Center(RC),24+ ft.,27,94,255,1,0,20251120,MEM,SAC,23200,0,203471|1629234|1630173|1631165|1642363,0,REG,2026,1610612758,,,,,
22500265578,,Shot Chart Detail,22500265,578,1631165,Keon Ellis,1610612758,Sacramento Kings,4,8,36,Missed Shot,Step Back Jump shot,3PT Field Goal,Above the Break 3,Right Side Center(RC),24+ ft.,24,208,136,1,0,20251120,MEM,SAC,23640,0,203471|1629234|1630173|1631165|1642363,0,REG,2026,1610612758,,,,,
22500265584,,Shot Chart Detail,22500265,584,1631165,Keon Ellis,1610612758,Sacramento Kings,4,8,8,Made Shot,Running Layup Shot,2PT Field Goal,Restricted Area,Center(C),Less Than 8 ft.,0,0,-1,1,1,20251120,MEM,SAC,23920,0,203471|1629234|1630173|1631165|1642363,1,REG,2026,1610612758,,,,,
22500265588,,Shot Chart Detail,22500265,588,203471,Dennis Schröder,1610612758,Sacramento Kings,4,7,41,Missed Shot,Pullup Jump shot,3PT Field Goal,Above the Break 3,Right Side Center(RC),24+ ft.,24,110,222,1,0,20251120,MEM,SAC,24190,0,203471|1629234|1630173|1631165|1642363,0,REG,2026,1610612758,,,,,
22500265601,,Shot Chart Detail,22500265,601,1642363,Nique Clifford,1610612758,Sacramento Kings,4,7,9,Made Shot,Pullup Jump shot,3PT Field Goal,Above the Break 3,Right Side Center(RC),24+ ft.,25,154,204,1,1,20251120,MEM,SAC,24510,0,203471|1630173|1631099|1642363|1642875,1,REG,2026,1610612758,,,,,
22500265608,,Shot Chart Detail,22500265,608,1631099,Keegan Murray,1610612758,Sacramento Kings,4,6,40,Made Shot,Step Back Jump shot,2PT Field Goal,Mid-Range,Center(C),8-16 ft.,15,49,152,1,1,20251120,MEM,SAC,24800,0,203471|1630173|1631099|1642363|1642875,0,REG,2026,1610612758,,,,,
22500265628,,Shot Chart Detail,22500265,628,1642363,Nique Clifford,1610612758,Sacramento Kings,4,6,0,Missed Shot,Driving Floating Jump Shot,2PT Field Goal,In The Paint (Non-RA),Center(C),8-16 ft.,11,36,111,1,0,20251120,MEM,SAC,25200,0,1630173|1631099|1631165|1642363|1642875,0,REG,2026,1610612758,,,,,
22500265632,,Shot Chart Detail,22500265,632,1642875,Maxime Raynaud,1610612758,Sacramento Kings,4,5,31,Made Shot,Driving Finger Roll Layup Shot,2PT Field Goal,Restricted Area,Center(C),Less Than 8 ft.,1,-11,11,1,1,20251120,MEM,SAC,25490,0,1630173|1631099|1631165|1642363|1642875,0,REG,2026,1610612758,,,,,
22500265644,,Shot Chart Detail,22500265,644,1642875,Maxime Raynaud,1610612758,Sacramento Kings,4,4,16,Made Shot,Cutting Finger Roll Layup Shot,2PT Field Goal,Restricted Area,Center(C),Less Than 8 ft.,0,4,5,1,1,20251120,MEM,SAC,26240,0,1630173|1631099|1631165|1642363|1642875,1,REG,2026,1610612758,,,,,
22500265655,,Shot Chart Detail,22500265,655,1631165,Keon Ellis,1610612758,Sacramento Kings,4,3,16,Missed Shot,Step Back Jump shot,2PT Field Goal,In The Paint (Non-RA),Center(C),8-16 ft.,13,-48,126,1,0,20251120,MEM,SAC,26840,0,1630173|1631099|1631165|1642363|1642875,0,REG,2026,1610612758,,,,,
22500265660,,Shot Chart Detail,22500265,660,1642875,Maxime Raynaud,1610612758,Sacramento Kings,4,2,55,Missed Shot,Driving Floating Jump Shot,2PT Field Goal,In The Paint (Non-RA),Center(C),Less Than 8 ft.,6,55,40,1,0,20251120,MEM,SAC,27050,0,1630173|1631099|1631165|1642363|1642875,0,REG,2026,1610612758,,,,,
22500265664,,Shot Chart Detail,22500265,664,1631099,Keegan Murray,1610612758,Sacramento Kings,4,2,51,Missed Shot,Jump Shot,2PT Field Goal,Mid-Range,Right Side(R),16-24 ft.,20,200,-15,1,0,20251120,MEM,SAC,27090,0,1630173|1631099|1631165|1642363|1642875,0,REG,2026,1610612758,,,,,
22500265668,,Shot Chart Detail,22500265,668,1631099,Keegan Murray,1610612758,Sacramento Kings,4,2,19,Missed Shot,Jump Shot,3PT Field Goal,Left Corner 3,Left Side(L),24+ ft.,23,-221,84,1,0,20251120,MEM,SAC,27410,0,1630173|1631099|1631165|1642363|1642875,0,REG,2026,1610612758,,,,,
22500265675,,Shot Chart Detail,22500265,675,1630173,Precious Achiuwa,1610612758,Sacramento Kings,4,1,45,Missed Shot,Jump Shot,3PT Field Goal,Above the Break 3,Left Side Center(LC),24+ ft.,24,-211,131,1,0,20251120,MEM,SAC,27750,0,1630173|1631099|1631165|1642363|1642875,0,REG,2026,1610612758,,,,,
22500265687,,Shot Chart Detail,22500265,687,1642363,Nique Clifford,1610612758,Sacramento Kings,4,0,59,Made Shot,Step Back Jump shot,3PT Field Goal,Above the Break 3,Center(C),24+ ft.,25,39,255,1,1,20251120,MEM,SAC,28210,0,1630173|1631099|1631165|1642363|1642875,1,REG,2026,1610612758,,,,,
22500265690,,Shot Chart Detail,22500265,690,1642875,Maxime Raynaud,1610612758,Sacramento Kings,4,0,24,Made Shot,Turnaround Hook Shot,2PT Field Goal,In The Paint (Non-RA),Right Side(R),8-16 ft.,8,60,56,1,1,20251120,MEM,SAC,28560,0,1630173|1631099|1631165|1642363|1642875,1,REG,2026,1610612758,,,,,
225002747,,Shot Chart Detail,22500274,7,1629234,Drew Eubanks,1610612758,Sacramento Kings,1,11,45,Missed Shot,Floating Jump shot,2PT Field Goal,Mid-Range,Left Side(L),8-16 ft.,11,-114,25,1,0,20251122,DEN,SAC,150,0,201566|201942|203897|1629234|1631099,0,REG,2026,1610612758,,,,,
2250027415,,Shot Chart Detail,22500274,15,1631099,Keegan Murray,1610612758,Sacramento Kings,1,11,19,Made Shot,Turnaround Fadeaway shot,2PT Field Goal,In The Paint (Non-RA),Center(C),8-16 ft.,13,-58,123,1,1,20251122,DEN,SAC,410,0,201566|201942|203897|1629234|1631099,1,REG,2026,1610612758,,,,,
2250027420,,Shot Chart Detail,22500274,20,201566,Russell Westbrook,1610612758,Sacramento Kings,1,10,44,Missed Shot,Jump Shot,3PT Field Goal,Right Corner 3,Right Side(R),24+ ft.,22,221,8,1,0,20251122,DEN,SAC,760,0,201566|201942|203897|1629234|1631099,0,REG,2026,1610612758,,,,,
2250027424,,Shot Chart Detail,22500274,24,201566,Russell Westbrook,1610612758,Sacramento Kings,1,10,24,Made Shot,Running Finger Roll Layup Shot,2PT Field Goal,Restricted Area,Center(C),Less Than 8 ft.,1,-12,-1,1,1,20251122,DEN,SAC,960,0,201566|201942|203897|1629234|1631099,1,REG,2026,1610612758,,,,,
2250027435,,Shot Chart Detail,22500274,35,201566,Russell Westbrook,1610612758,Sacramento Kings,1,9,13,Made Shot,Running Layup Shot,2PT Field Goal,Restricted Area,Center(C),Less Than 8 ft.,1,5,10,1,1,20251122,DEN,SAC,1670,0,201566|201942|203897|1629234|1631099,0,REG,2026,1610612758,,,,,
2250027438,,Shot Chart Detail,22500274,38,1631099,Keegan Murray,1610612758,Sacramento Kings,1,8,47,Missed Shot,Turnaround Fadeaway shot,2PT Field Goal,Mid-Range,Left Side(L),8-16 ft.,12,-103,64,1,0,20251122,DEN,SAC,1930,0,201566|201942|203897|1629234|1631099,0,REG,2026,1610612758,,,,,
2250027442,,Shot Chart Detail,22500274,42,1629234,Drew Eubanks,1610612758,Sacramento Kings,1,8,20,Made Shot,Alley Oop Dunk Shot,2PT Field Goal,Restricted Area,Center(C),Less Than 8 ft.,1,12,6,1,1,20251122,DEN,SAC,2200,0,201566|201942|203897|1629234|1631099,1,REG,2026,1610612758,,,,,
2250027448,,Shot Chart Detail,22500274,48,1629234,Drew Eubanks,1610612758,Sacramento Kings,1,7,47,Missed Shot,Layup Shot,2PT Field Goal,Restricted Area,Center(C),Less Than 8 ft.,1,2,13,1,0,20251122,DEN,SAC,2530,0,201566|201942|203897|1629234|1631099,0,REG,2026,1610612758,,,,,
2250027458,,Shot Chart Detail,22500274,58,1642875,Maxime Raynaud,1610612758,Sacramento Kings,1,7,17,Made Shot,Hook Shot,2PT Field Goal,In The Paint (Non-RA),Center(C),Less Than 8 ft.,6,43,55,1,1,20251122,DEN,SAC,2830,0,201566|201942|203897|1631099|1642875,1,REG,2026,1610612758,,,,,
2250027463,,Shot Chart Detail,22500274,63,201566,Russell Westbrook,1610612758,Sacramento Kings,1,6,50,Made Shot,Driving Layup Shot,2PT Field Goal,Restricted Area,Center(C),Less Than 8 ft.,1,12,-6,1,1,20251122,DEN,SAC,3100,0,201566|201942|203897|1631099|1642875,1,REG,2026,1610612758,,,,,
2250027467,,Shot Chart Detail,22500274,67,203897,Zach LaVine,1610612758,Sacramento Kings,1,6,34,Made Shot,Running Alley Oop Layup Shot,2PT Field Goal,Restricted Area,Center(C),Less Than 8 ft.,1,6,11,1,1,20251122,DEN,SAC,3260,0,201566|201942|203897|1631099|1642875,1,REG,2026,1610612758,,,,,
2250027480,,Shot Chart Detail,22500274,80,1631099,Keegan Murray,1610612758,Sacramento Kings,1,5,54,Missed Shot,Jump Shot,3PT Field Goal,Right Corner 3,Right Side(R),24+ ft.,22,223,14,1,0,20251122,DEN,SAC,3660,0,201566|203897|1630173|1631099|1642875,0,REG,2026,1610612758,,,,,
2250027487,,Shot Chart Detail,22500274,87,203897,Zach LaVine,1610612758,Sacramento Kings,1,5,36,Made Shot,Jump Shot,3PT Field Goal,Above the Break 3,Right Side Center(RC),24+ ft.,26,168,201,1,1,20251122,DEN,SAC,3840,0,201566|203897|1630173|1631099|1642875,1,REG,2026,1610612758,,,,,
2250027491,,Shot Chart Detail,22500274,91,1642875,Maxime Raynaud,1610612758,Sacramento Kings,1,4,59,Made Shot,Running Layup Shot,2PT Field Goal,Restricted Area,Center(C),Less Than 8 ft.,0,-2,8,1,1,20251122,DEN,SAC,4210,0,201566|203897|1630173|1631099|1642875,1,REG,2026,1610612758,,,,,
2250027495,,Shot Chart Detail,22500274,95,203897,Zach LaVine,1610612758,Sacramento Kings,1,4,45,Missed Shot,Running Layup Shot,2PT Field Goal,Restricted Area,Center(C),Less Than 8 ft.,1,-15,8,1,0,20251122,DEN,SAC,4350,0,201566|203897|1630173|1631099|1642875,0,REG,2026,1610612758,,,,,
2250027497,,Shot Chart Detail,22500274,97,1630173,Precious Achiuwa,1610612758,Sacramento Kings,1,4,42,Made Shot,Layup Shot,2PT Field Goal,Restricted Area,Center(C),Less Than 8 ft.,2,-4,20,1,1,20251122,DEN,SAC,4380,0,201566|203897|1630173|1631099|1642875,1,REG,2026,1610612758,,,,,
22500274101,,Shot Chart Detail,22500274,101,1631099,Keegan Murray,1610612758,Sacramento Kings,1,3,55,Missed Shot,Step Back Jump shot,3PT Field Goal,Above the Break 3,Right Side Center(RC),24+ ft.,26,173,206,1,0,20251122,DEN,SAC,4850,0,201566|203897|1630173|1631099|1642875,0,REG,2026,1610612758,,,,,
22500274105,,Shot Chart Detail,22500274,105,203897,Zach LaVine,1610612758,Sacramento Kings,1,3,33,Missed Shot,Step Back Jump shot,3PT Field Goal,Above the Break 3,Left Side Center(LC),24+ ft.,24,-124,216,1,0,20251122,DEN,SAC,5070,0,201566|203897|1630173|1631099|1642875,0,REG,2026,1610612758,,,,,
22500274120,,Shot Chart Detail,22500274,120,203471,Dennis Schröder,1610612758,Sacramento Kings,1,3,9,Missed Shot,Pullup Jump shot,2PT Field Goal,Mid-Range,Right Side(R),8-16 ft.,14,91,119,1,0,20251122,DEN,SAC,5310,0,201942|203471|1628370|1642363|1642875,0,REG,2026,1610612758,,,,,
22500274124,,Shot Chart Detail,22500274,124,1642875,Maxime Raynaud,1610612758,Sacramento Kings,1,2,47,Missed Shot,Jump Shot,3PT Field Goal,Above the Break 3,Right Side Center(RC),24+ ft.,25,141,208,1,0,20251122,DEN,SAC,5530,0,201942|203471|1628370|1642363|1642875,0,REG,2026,1610612758,,,,,
22500274137,,Shot Chart Detail,22500274,137,201942,DeMar DeRozan,1610612758,Sacramento Kings,1,2,34,Missed Shot,Turnaround Jump Shot,2PT Field Goal,In The Paint (Non-RA),Center(C),8-16 ft.,8,-6,84,1,0,20251122,DEN,SAC,5660,0,201942|203471|1628370|1630173|1642363,0,REG,2026,1610612758,,,,,
22500274141,,Shot Chart Detail,22500274,141,203471,Dennis Schröder,1610612758,Sacramento Kings,1,2,22,Made Shot,Jump Shot,3PT Field Goal,Right Corner 3,Right Side(R),24+ ft.,23,232,36,1,1,20251122,DEN,SAC,5780,0,201942|203471|1628370|1630173|1642363,1,REG,2026,1610612758,,,,,
22500274145,,Shot Chart Detail,22500274,145,1628370,Malik Monk,1610612758,Sacramento Kings,1,1,54,Missed Shot,Jump Shot,3PT Field Goal,Above the Break 3,Left Side Center(LC),24+ ft.,25,-103,237,1,0,20251122,DEN,SAC,6060,0,201942|203471|1628370|1630173|1642363,0,REG,2026,1610612758,,,,,
22500274147,,Shot Chart Detail,22500274,147,1630173,Precious Achiuwa,1610612758,Sacramento Kings,1,1,44,Made Shot,Cutting Finger Roll Layup Shot,2PT Field Goal,Restricted Area,Center(C),Less Than 8 ft.,1,-6,14,1,1,20251122,DEN,SAC,6160,0,201942|203471|1628370|1630173|1642363,1,REG,2026,1610612758,,,,,
22500274156,,Shot Chart Detail,22500274,156,1628370,Malik Monk,1610612758,Sacramento Kings,1,1,6,Missed Shot,Driving Layup Shot,2PT Field Goal,In The Paint (Non-RA),Center(C),Less Than 8 ft.,4,39,10,1,0,20251122,DEN,SAC,6540,0,201942|203471|1628370|1630173|1642363,0,REG,2026,1610612758,,,,,
22500274159,,Shot Chart Detail,22500274,159,1628370,Malik Monk,1610612758,Sacramento Kings,1,0,32,Missed Shot,Jump Shot,3PT Field Goal,Above the Break 3,Right Side Center(RC),24+ ft.,25,221,135,1,0,20251122,DEN,SAC,6880,0,201942|203471|1628370|1630173|1642363,0,REG,2026,1610612758,,,,,
22500274187,,Shot Chart Detail,22500274,187,1628370,Malik Monk,1610612758,Sacramento Kings,2,11,20,Made Shot,Driving Floating Bank Jump Shot,2PT Field Goal,In The Paint (Non-RA),Center(C),Less Than 8 ft.,6,42,48,1,1,20251122,DEN,SAC,7600,0,201942|203471|1628370|1629234|1630173,0,REG,2026,1610612758,,,,,
22500274191,,Shot Chart Detail,22500274,191,201942,DeMar DeRozan,1610612758,Sacramento Kings,2,10,46,Made Shot,Driving Layup Shot,2PT Field Goal,Restricted Area,Center(C),Less Than 8 ft.,1,12,3,1,1,20251122,DEN,SAC,7940,0,201942|203471|1628370|1629234|1630173,1,REG,2026,1610612758,,,,,
22500274201,,Shot Chart Detail,22500274,201,1628370,Malik Monk,1610612758,Sacramento Kings,2,10,20,Missed Shot,Jump Shot,3PT Field Goal,Right Corner 3,Right Side(R),24+ ft.,23,233,45,1,0,20251122,DEN,SAC,8200,0,201942|203471|1628370|1629234|1630173,0,REG,2026,1610612758,,,,,
22500274208,,Shot Chart Detail,22500274,208,201942,DeMar DeRozan,1610612758,Sacramento Kings,2,9,50,Made Shot,Cutting Finger Roll Layup Shot,2PT Field Goal,Restricted Area,Center(C),Less Than 8 ft.,0,2,-5,1,1,20251122,DEN,SAC,8500,0,201942|203471|1628370|1629234|1630173,1,REG,2026,1610612758,,,,,
22500274212,,Shot Chart Detail,22500274,212,203471,Dennis Schröder,1610612758,Sacramento Kings,2,9,26,Made Shot,Step Back Jump shot,2PT Field Goal,Mid-Range,Right Side(R),16-24 ft.,16,146,75,1,1,20251122,DEN,SAC,8740,0,201942|203471|1628370|1629234|1630173,0,REG,2026,1610612758,,,,,
22500274215,,Shot Chart Detail,22500274,215,1628370,Malik Monk,1610612758,Sacramento Kings,2,9,2,Made Shot,Running Dunk Shot,2PT Field Goal,Restricted Area,Center(C),Less Than 8 ft.,1,-7,8,1,1,20251122,DEN,SAC,8980,0,201942|203471|1628370|1629234|1630173,1,REG,2026,1610612758,,,,,
22500274233,,Shot Chart Detail,22500274,233,1642875,Maxime Raynaud,1610612758,Sacramento Kings,2,7,54,Missed Shot,Alley Oop Layup shot,2PT Field Goal,Restricted Area,Center(C),Less Than 8 ft.,2,4,29,1,0,20251122,DEN,SAC,9660,0,201566|201942|1628370|1631099|1642875,0,REG,2026,1610612758,,,,,
22500274243,,Shot Chart Detail,22500274,243,1628370,Malik Monk,1610612758,Sacramento Kings,2,7,32,Missed Shot,Running Finger Roll Layup Shot,2PT Field Goal,Restricted Area,Center(C),Less Than 8 ft.,1,-4,15,1,0,20251122,DEN,SAC,9880,0,201566|203897|1628370|1631099|1642875,0,REG,2026,1610612758,,,,,
22500274247,,Shot Chart Detail,22500274,247,203897,Zach LaVine,1610612758,Sacramento Kings,2,7,10,Missed Shot,Step Back Jump shot,3PT Field Goal,Right Corner 3,Right Side(R),24+ ft.,23,237,32,1,0,20251122,DEN,SAC,10100,0,201566|203897|1628370|1631099|1642875,0,REG,2026,1610612758,,,,,
22500274251,,Shot Chart Detail,22500274,251,201566,Russell Westbrook,1610612758,Sacramento Kings,2,6,38,Missed Shot,Jump Shot,3PT Field Goal,Above the Break 3,Left Side Center(LC),24+ ft.,24,-201,148,1,0,20251122,DEN,SAC,10420,0,201566|203897|1628370|1631099|1642875,0,REG,2026,1610612758,,,,,
22500274253,,Shot Chart Detail,22500274,253,1631099,Keegan Murray,1610612758,Sacramento Kings,2,6,36,Made Shot,Putback Layup Shot,2PT Field Goal,Restricted Area,Center(C),Less Than 8 ft.,0,7,5,1,1,20251122,DEN,SAC,10440,0,201566|203897|1628370|1631099|1642875,0,REG,2026,1610612758,,,,,
22500274265,,Shot Chart Detail,22500274,265,1642875,Maxime Raynaud,1610612758,Sacramento Kings,2,5,44,Made Shot,Layup Shot,2PT Field Goal,Restricted Area,Center(C),Less Than 8 ft.,1,10,1,1,1,20251122,DEN,SAC,10960,0,201566|203897|1628370|1631099|1642875,1,REG,2026,1610612758,,,,,
22500274274,,Shot Chart Detail,22500274,274,201566,Russell Westbrook,1610612758,Sacramento Kings,2,5,6,Missed Shot,Pullup Jump shot,2PT Field Goal,Restricted Area,Center(C),Less Than 8 ft.,3,20,34,1,0,20251122,DEN,SAC,11340,0,201566|203897|1628370|1630173|1631099,0,REG,2026,1610612758,,,,,
22500274293,,Shot Chart Detail,22500274,293,203471,Dennis Schröder,1610612758,Sacramento Kings,2,4,7,Missed Shot,Fadeaway Jump Shot,2PT Field Goal,In The Paint (Non-RA),Right Side(R),8-16 ft.,10,59,87,1,0,20251122,DEN,SAC,11930,0,203471|203897|1629234|1631099|1642363,0,REG,2026,1610612758,,,,,
22500274296,,Shot Chart Detail,22500274,296,1631099,Keegan Murray,1610612758,Sacramento Kings,2,3,58,Missed Shot,Floating Jump shot,2PT Field Goal,In The Paint (Non-RA),Center(C),Less Than 8 ft.,6,68,15,1,0,20251122,DEN,SAC,12020,0,203471|203897|1629234|1631099|1642363,0,REG,2026,1610612758,,,,,
22500274300,,Shot Chart Detail,22500274,300,203897,Zach LaVine,1610612758,Sacramento Kings,2,3,31,Made Shot,Driving Layup Shot,2PT Field Goal,Restricted Area,Center(C),Less Than 8 ft.,2,17,24,1,1,20251122,DEN,SAC,12290,0,203471|203897|1629234|1631099|1642363,0,REG,2026,1610612758,,,,,
22500274303,,Shot Chart Detail,22500274,303,203897,Zach LaVine,1610612758,Sacramento Kings,2,3,11,Made Shot,Running Dunk Shot,2PT Field Goal,Restricted Area,Center(C),Less Than 8 ft.,0,-2,-2,1,1,20251122,DEN,SAC,12490,0,203471|203897|1629234|1631099|1642363,1,REG,2026,1610612758,,,,,
22500274321,,Shot Chart Detail,22500274,321,1631099,Keegan Murray,1610612758,Sacramento Kings,2,1,48,Made Shot,Driving Floating Bank Jump Shot,2PT Field Goal,In The Paint (Non-RA),Center(C),Less Than 8 ft.,7,-64,29,1,1,20251122,DEN,SAC,13320,0,203471|203897|1629234|1631099|1642363,1,REG,2026,1610612758,,,,,
22500274339,,Shot Chart Detail,22500274,339,1631099,Keegan Murray,1610612758,Sacramento Kings,2,0,54,Missed Shot,Jump Shot,3PT Field Goal,Left Corner 3,Left Side(L),24+ ft.,23,-235,26,1,0,20251122,DEN,SAC,13860,0,201942|203471|203897|1629234|1631099,0,REG,2026,1610612758,,,,,
22500274345,,Shot Chart Detail,22500274,345,203897,Zach LaVine,1610612758,Sacramento Kings,2,0,34,Made Shot,Driving Layup Shot,2PT Field Goal,Restricted Area,Center(C),Less Than 8 ft.,2,-22,8,1,1,20251122,DEN,SAC,14060,0,201942|203471|203897|1629234|1631099,0,REG,2026,1610612758,,,,,
22500274365,,Shot Chart Detail,22500274,365,201942,DeMar DeRozan,1610612758,Sacramento Kings,3,11,21,Made Shot,Driving Layup Shot,2PT Field Goal,Restricted Area,Center(C),Less Than 8 ft.,2,-20,-6,1,1,20251122,DEN,SAC,14790,0,201566|201942|203897|1629234|1631099,1,REG,2026,1610612758,,,,,
22500274374,,Shot Chart Detail,22500274,374,201566,Russell Westbrook,1610612758,Sacramento Kings,3,10,47,Missed Shot,Fadeaway Jump Shot,2PT Field Goal,Mid-Range,Left Side(L),8-16 ft.,12,-128,-11,1,0,20251122,DEN,SAC,15130,0,201566|201942|203897|1629234|1631099,0,REG,2026,1610612758,,,,,
22500274380,,Shot Chart Detail,22500274,380,201566,Russell Westbrook,1610612758,Sacramento Kings,3,10,18,Missed Shot,Jump Shot,3PT Field Goal,Right Corner 3,Right Side(R),24+ ft.,24,239,37,1,0,20251122,DEN,SAC,15420,0,201566|201942|203897|1629234|1631099,0,REG,2026,1610612758,,,,,
22500274383,,Shot Chart Detail,22500274,383,201942,DeMar DeRozan,1610612758,Sacramento Kings,3,9,54,Missed Shot,Jump Shot,3PT Field Goal,Above the Break 3,Center(C),24+ ft.,26,-9,262,1,0,20251122,DEN,SAC,15660,0,201566|201942|203897|1629234|1631099,0,REG,2026,1610612758,,,,,
22500274388,,Shot Chart Detail,22500274,388,203897,Zach LaVine,1610612758,Sacramento Kings,3,9,28,Missed Shot,Step Back Jump shot,2PT Field Goal,Mid-Range,Left Side Center(LC),16-24 ft.,23,-175,155,1,0,20251122,DEN,SAC,15920,0,201566|201942|203897|1629234|1631099,0,REG,2026,1610612758,,,,,
22500274394,,Shot Chart Detail,22500274,394,1629234,Drew Eubanks,1610612758,Sacramento Kings,3,8,36,Made Shot,Driving Hook Shot,2PT Field Goal,In The Paint (Non-RA),Center(C),8-16 ft.,11,-12,113,1,1,20251122,DEN,SAC,16440,0,201566|201942|203897|1629234|1631099,1,REG,2026,1610612758,,,,,
22500274398,,Shot Chart Detail,22500274,398,201942,DeMar DeRozan,1610612758,Sacramento Kings,3,8,5,Missed Shot,Jump Shot,2PT Field Goal,Mid-Range,Left Side Center(LC),16-24 ft.,18,-127,137,1,0,20251122,DEN,SAC,16750,0,201566|201942|203897|1629234|1631099,0,REG,2026,1610612758,,,,,
22500274401,,Shot Chart Detail,22500274,401,201566,Russell Westbrook,1610612758,Sacramento Kings,3,7,30,Missed Shot,Pullup Jump shot,3PT Field Goal,Above the Break 3,Left Side Center(LC),24+ ft.,26,-150,220,1,0,20251122,DEN,SAC,17100,0,201566|201942|203897|1629234|1631099,0,REG,2026,1610612758,,,,,
22500274413,,Shot Chart Detail,22500274,413,1631099,Keegan Murray,1610612758,Sacramento Kings,3,6,58,Made Shot,Jump Shot,3PT Field Goal,Above the Break 3,Left Side Center(LC),24+ ft.,25,-169,186,1,1,20251122,DEN,SAC,17420,0,201942|203471|203897|1630173|1631099,1,REG,2026,1610612758,,,,,
22500274421,,Shot Chart Detail,22500274,421,1631099,Keegan Murray,1610612758,Sacramento Kings,3,6,14,Made Shot,Jump Shot,3PT Field Goal,Above the Break 3,Left Side Center(LC),24+ ft.,27,-211,181,1,1,20251122,DEN,SAC,17860,0,201942|203471|1628370|1630173|1631099,1,REG,2026,1610612758,,,,,
22500274425,,Shot Chart Detail,22500274,425,1631099,Keegan Murray,1610612758,Sacramento Kings,3,5,46,Made Shot,Pullup Jump shot,2PT Field Goal,Mid-Range,Left Side Center(LC),16-24 ft.,19,-130,141,1,1,20251122,DEN,SAC,18140,0,201942|203471|1628370|1630173|1631099,1,REG,2026,1610612758,,,,,
22500274433,,Shot Chart Detail,22500274,433,1628370,Malik Monk,1610612758,Sacramento Kings,3,5,11,Missed Shot,Pullup Jump shot,2PT Field Goal,Mid-Range,Left Side(L),16-24 ft.,17,-167,53,1,0,20251122,DEN,SAC,18490,0,201942|203471|1628370|1630173|1631099,0,REG,2026,1610612758,,,,,
22500274435,,Shot Chart Detail,22500274,435,1630173,Precious Achiuwa,1610612758,Sacramento Kings,3,5,9,Missed Shot,Tip Layup Shot,2PT Field Goal,Restricted Area,Center(C),Less Than 8 ft.,0,0,0,1,0,20251122,DEN,SAC,18510,0,201942|203471|1628370|1630173|1631099,0,REG,2026,1610612758,,,,,
22500274441,,Shot Chart Detail,22500274,441,203471,Dennis Schröder,1610612758,Sacramento Kings,3,4,43,Made Shot,Jump Shot,3PT Field Goal,Above the Break 3,Center(C),24+ ft.,26,-81,253,1,1,20251122,DEN,SAC,18770,0,201942|203471|1628370|1630173|1631099,1,REG,2026,1610612758,,,,,
22500274449,,Shot Chart Detail,22500274,449,1628370,Malik Monk,1610612758,Sacramento Kings,3,4,20,Made Shot,Running Dunk Shot,2PT Field Goal,Restricted Area,Center(C),Less Than 8 ft.,3,-28,13,1,1,20251122,DEN,SAC,19000,0,201942|203471|1628370|1630173|1631099,1,REG,2026,1610612758,,,,,
22500274461,,Shot Chart Detail,22500274,461,1630173,Precious Achiuwa,1610612758,Sacramento Kings,3,3,39,Made Shot,Cutting Finger Roll Layup Shot,2PT Field Goal,Restricted Area,Center(C),Less Than 8 ft.,2,-16,21,1,1,20251122,DEN,SAC,19410,0,201942|203471|1628370|1630173|1631099,1,REG,2026,1610612758,,,,,
22500274468,,Shot Chart Detail,22500274,468,203471,Dennis Schröder,1610612758,Sacramento Kings,3,3,5,Made Shot,Pullup Jump shot,2PT Field Goal,Mid-Range,Left Side Center(LC),16-24 ft.,19,-108,159,1,1,20251122,DEN,SAC,19750,0,201942|203471|1628370|1630173|1631099,0,REG,2026,1610612758,,,,,
22500274473,,Shot Chart Detail,22500274,473,1631099,Keegan Murray,1610612758,Sacramento Kings,3,2,24,Missed Shot,Jump Shot,3PT Field Goal,Right Corner 3,Right Side(R),24+ ft.,24,238,41,1,0,20251122,DEN,SAC,20160,0,201942|203471|1628370|1630173|1631099,0,REG,2026,1610612758,,,,,
22500274486,,Shot Chart Detail,22500274,486,203471,Dennis Schröder,1610612758,Sacramento Kings,3,1,27,Made Shot,Jump Shot,3PT Field Goal,Above the Break 3,Left Side Center(LC),24+ ft.,25,-174,193,1,1,20251122,DEN,SAC,20730,0,201942|203471|203897|1628370|1630173,1,REG,2026,1610612758,,,,,
22500274493,,Shot Chart Detail,22500274,493,203471,Dennis Schröder,1610612758,Sacramento Kings,3,0,40,Made Shot,Turnaround Fadeaway shot,2PT Field Goal,Mid-Range,Right Side(R),8-16 ft.,12,107,68,1,1,20251122,DEN,SAC,21200,0,201942|203471|203897|1628370|1630173,0,REG,2026,1610612758,,,,,
22500274510,,Shot Chart Detail,22500274,510,1628370,Malik Monk,1610612758,Sacramento Kings,4,11,50,Missed Shot,Driving Floating Jump Shot,2PT Field Goal,In The Paint (Non-RA),Center(C),8-16 ft.,10,-23,99,1,0,20251122,DEN,SAC,21700,0,201566|203897|1628370|1629234|1642363,0,REG,2026,1610612758,,,,,
22500274512,,Shot Chart Detail,22500274,512,1629234,Drew Eubanks,1610612758,Sacramento Kings,4,11,48,Made Shot,Tip Layup Shot,2PT Field Goal,Restricted Area,Center(C),Less Than 8 ft.,0,0,0,1,1,20251122,DEN,SAC,21720,0,201566|203897|1628370|1629234|1642363,0,REG,2026,1610612758,,,,,
22500274515,,Shot Chart Detail,22500274,515,1628370,Malik Monk,1610612758,Sacramento Kings,4,11,15,Missed Shot,Driving Layup Shot,2PT Field Goal,Restricted Area,Center(C),Less Than 8 ft.,1,-16,5,1,0,20251122,DEN,SAC,22050,0,201566|203897|1628370|1629234|1642363,0,REG,2026,1610612758,,,,,
22500274521,,Shot Chart Detail,22500274,521,203897,Zach LaVine,1610612758,Sacramento Kings,4,10,43,Missed Shot,Step Back Jump shot,3PT Field Goal,Right Corner 3,Right Side(R),24+ ft.,23,239,18,1,0,20251122,DEN,SAC,22370,0,201566|203897|1628370|1629234|1642363,0,REG,2026,1610612758,,,,,
22500274523,,Shot Chart Detail,22500274,523,1642363,Nique Clifford,1610612758,Sacramento Kings,4,10,39,Missed Shot,Step Back Jump shot,3PT Field Goal,Left Corner 3,Left Side(L),24+ ft.,23,-229,42,1,0,20251122,DEN,SAC,22410,0,201566|203897|1628370|1629234|1642363,0,REG,2026,1610612758,,,,,
22500274536,,Shot Chart Detail,22500274,536,1628370,Malik Monk,1610612758,Sacramento Kings,4,9,58,Made Shot,Jump Shot,3PT Field Goal,Right Corner 3,Right Side(R),24+ ft.,23,237,37,1,1,20251122,DEN,SAC,22820,0,201566|203897|1628370|1629234|1642363,1,REG,2026,1610612758,,,,,
22500274540,,Shot Chart Detail,22500274,540,1642363,Nique Clifford,1610612758,Sacramento Kings,4,9,21,Made Shot,Running Layup Shot,2PT Field Goal,Restricted Area,Center(C),Less Than 8 ft.,2,-26,8,1,1,20251122,DEN,SAC,23190,0,201566|203897|1628370|1629234|1642363,1,REG,2026,1610612758,,,,,
22500274544,,Shot Chart Detail,22500274,544,201566,Russell Westbrook,1610612758,Sacramento Kings,4,9,1,Made Shot,Running Layup Shot,2PT Field Goal,Restricted Area,Center(C),Less Than 8 ft.,1,-11,1,1,1,20251122,DEN,SAC,23390,0,201566|203897|1628370|1629234|1642363,0,REG,2026,1610612758,,,,,
22500274553,,Shot Chart Detail,22500274,553,201566,Russell Westbrook,1610612758,Sacramento Kings,4,8,32,Made Shot,Jump Shot,3PT Field Goal,Right Corner 3,Right Side(R),24+ ft.,24,246,25,1,1,20251122,DEN,SAC,23680,0,201566|203897|1628370|1629234|1631099,1,REG,2026,1610612758,,,,,
22500274563,,Shot Chart Detail,22500274,563,1628370,Malik Monk,1610612758,Sacramento Kings,4,7,50,Missed Shot,Step Back Jump shot,2PT Field Goal,Mid-Range,Right Side Center(RC),16-24 ft.,17,69,160,1,0,20251122,DEN,SAC,24100,0,201566|203897|1628370|1629234|1631099,0,REG,2026,1610612758,,,,,
22500274567,,Shot Chart Detail,22500274,567,1631099,Keegan Murray,1610612758,Sacramento Kings,4,7,27,Made Shot,Jump Shot,3PT Field Goal,Above the Break 3,Right Side Center(RC),24+ ft.,26,148,221,1,1,20251122,DEN,SAC,24330,0,201566|203897|1628370|1629234|1631099,1,REG,2026,1610612758,,,,,
22500274571,,Shot Chart Detail,22500274,571,203897,Zach LaVine,1610612758,Sacramento Kings,4,6,41,Made Shot,Fadeaway Jump Shot,2PT Field Goal,Mid-Range,Center(C),16-24 ft.,19,-59,183,1,1,20251122,DEN,SAC,24790,0,201566|203897|1628370|1629234|1631099,0,REG,2026,1610612758,,,,,
22500274579,,Shot Chart Detail,22500274,579,1628370,Malik Monk,1610612758,Sacramento Kings,4,6,19,Made Shot,Running Finger Roll Layup Shot,2PT Field Goal,Restricted Area,Center(C),Less Than 8 ft.,3,-2,33,1,1,20251122,DEN,SAC,25010,0,201566|203897|1628370|1630173|1631099,1,REG,2026,1610612758,,,,,
22500274592,,Shot Chart Detail,22500274,592,1631099,Keegan Murray,1610612758,Sacramento Kings,4,5,49,Missed Shot,Pullup Jump shot,3PT Field Goal,Above the Break 3,Right Side Center(RC),24+ ft.,26,85,252,1,0,20251122,DEN,SAC,25310,0,201566|203897|1628370|1630173|1631099,0,REG,2026,1610612758,,,,,
22500274594,,Shot Chart Detail,22500274,594,201566,Russell Westbrook,1610612758,Sacramento Kings,4,5,39,Made Shot,Driving Finger Roll Layup Shot,2PT Field Goal,Restricted Area,Center(C),Less Than 8 ft.,3,9,32,1,1,20251122,DEN,SAC,25410,0,201566|203897|1628370|1630173|1631099,0,REG,2026,1610612758,,,,,
22500274597,,Shot Chart Detail,22500274,597,201566,Russell Westbrook,1610612758,Sacramento Kings,4,5,5,Made Shot,Driving Finger Roll Layup Shot,2PT Field Goal,Restricted Area,Center(C),Less Than 8 ft.,1,4,15,1,1,20251122,DEN,SAC,25750,0,201566|203897|1628370|1630173|1631099,0,REG,2026,1610612758,,,,,
22500274600,,Shot Chart Detail,22500274,600,201566,Russell Westbrook,1610612758,Sacramento Kings,4,4,39,Missed Shot,Pullup Jump shot,2PT Field Goal,Mid-Range,Center(C),8-16 ft.,14,-25,143,1,0,20251122,DEN,SAC,26010,0,201566|203897|1628370|1630173|1631099,0,REG,2026,1610612758,,,,,
22500274608,,Shot Chart Detail,22500274,608,203897,Zach LaVine,1610612758,Sacramento Kings,4,3,59,Missed Shot,Step Back Jump shot,2PT Field Goal,Mid-Range,Right Side Center(RC),16-24 ft.,22,118,191,1,0,20251122,DEN,SAC,26410,0,201566|203897|1628370|1630173|1631099,0,REG,2026,1610612758,,,,,
22500274619,,Shot Chart Detail,22500274,619,203897,Zach LaVine,1610612758,Sacramento Kings,4,3,27,Missed Shot,Jump Shot,3PT Field Goal,Above the Break 3,Left Side Center(LC),24+ ft.,26,-154,212,1,0,20251122,DEN,SAC,26730,0,201566|201942|203897|1630173|1631099,0,REG,2026,1610612758,,,,,
22500274624,,Shot Chart Detail,22500274,624,201566,Russell Westbrook,1610612758,Sacramento Kings,4,2,54,Made Shot,Jump Shot,3PT Field Goal,Left Corner 3,Left Side(L),24+ ft.,22,-227,37,1,1,20251122,DEN,SAC,27060,0,201566|201942|203897|1630173|1631099,1,REG,2026,1610612758,,,,,
22500274628,,Shot Chart Detail,22500274,628,201942,DeMar DeRozan,1610612758,Sacramento Kings,4,2,4,Missed Shot,Turnaround Jump Shot,2PT Field Goal,Mid-Range,Left Side Center(LC),16-24 ft.,18,-112,151,1,0,20251122,DEN,SAC,27560,0,201566|201942|203897|1630173|1631099,0,REG,2026,1610612758,,,,,
22500274630,,Shot Chart Detail,22500274,630,201942,DeMar DeRozan,1610612758,Sacramento Kings,4,2,2,Made Shot,Floating Jump shot,2PT Field Goal,In The Paint (Non-RA),Center(C),8-16 ft.,8,-13,88,1,1,20251122,DEN,SAC,27580,0,201566|201942|203897|1630173|1631099,0,REG,2026,1610612758,,,,,
22500274635,,Shot Chart Detail,22500274,635,203897,Zach LaVine,1610612758,Sacramento Kings,4,1,9,Missed Shot,Jump Shot,3PT Field Goal,Above the Break 3,Left Side Center(LC),24+ ft.,27,-176,206,1,0,20251122,DEN,SAC,28110,0,201566|201942|203897|1630173|1631099,0,REG,2026,1610612758,,,,,
22500274640,,Shot Chart Detail,22500274,640,201566,Russell Westbrook,1610612758,Sacramento Kings,4,0,36,Made Shot,Fadeaway Jump Shot,2PT Field Goal,Mid-Range,Left Side(L),8-16 ft.,12,-126,10,1,1,20251122,DEN,SAC,28440,0,201566|201942|203897|1630173|1631099,0,REG,2026,1610612758,,,,,
22500274649,,Shot Chart Detail,22500274,649,201942,DeMar DeRozan,1610612758,Sacramento Kings,4,0,12,Made Shot,Pullup Jump shot,2PT Field Goal,Mid-Range,Left Side Center(LC),16-24 ft.,20,-130,158,1,1,20251122,DEN,SAC,28680,0,201566|201942|203897|1630173|1631099,0,REG,2026,1610612758,,,,,
