SHOT_ID,video_url,GRID_TYPE,GAME_ID,GAME_EVENT_ID,PLAYER_ID,PLAYER_NAME,TEAM_ID,TEAM_NAME,PERIOD,MINUTES_REMAINING,SECONDS_REMAINING,EVENT_TYPE,ACTION_TYPE,SHOT_TYPE,SHOT_ZONE_BASIC,SHOT_ZONE_AREA,SHOT_ZONE_RANGE,SHOT_DISTANCE,LOC_X,LOC_Y,SHOT_ATTEMPTED_FLAG,SHOT_MADE_FLAG,GAME_DATE,HTM,VTM,time,extra,PLAYERS_ON,assisted,season_type,year_source,team_id,year,month,day,api_game_id,uuid
225000239,,Shot Chart Detail,22500023,9,1630171,Isaac Okoro,1610612741,Chicago Bulls,1,11,25,Missed Shot,Driving Hook Shot,2PT Field Goal,Restricted Area,Center(C),Less Than 8 ft.,1,-17,6,1,0,20251031,CHI,NYK,350,0,202696|1630171|1630200|1630581|1641824,0,REG,2026,1610612741,,,,,
2250002314,,Shot Chart Detail,22500023,14,1641824,Matas Buzelis,1610612741,Chicago Bulls,1,10,49,Missed Shot,Jump Shot,3PT Field Goal,Above the Break 3,Right Side Center(RC),24+ ft.,25,200,153,1,0,20251031,CHI,NYK,710,0,202696|1630171|1630200|1630581|1641824,0,REG,2026,1610612741,,,,,
2250002318,,Shot Chart Detail,22500023,18,1630581,Josh Giddey,1610612741,Chicago Bulls,1,10,19,Missed Shot,Step Back Jump shot,3PT Field Goal,Above the Break 3,Left Side Center(LC),24+ ft.,24,-179,173,1,0,20251031,CHI,NYK,1010,0,202696|1630171|1630200|1630581|1641824,0,REG,2026,1610612741,,,,,
2250002322,,Shot Chart Detail,22500023,22,1630581,Josh Giddey,1610612741,Chicago Bulls,1,10,4,Made Shot,Driving Layup Shot,2PT Field Goal,Restricted Area,Center(C),Less Than 8 ft.,2,27,8,1,1,20251031,CHI,NYK,1160,0,202696|1630171|1630200|1630581|1641824,0,REG,2026,1610612741,,,,,
2250002327,,Shot Chart Detail,22500023,27,202696,Nikola Vučević,1610612741,Chicago Bulls,1,9,28,Made Shot,Jump Shot,2PT Field Goal,Mid-Range,Left Side(L),8-16 ft.,15,-156,-11,1,1,20251031,CHI,NYK,1520,0,202696|1630171|1630200|1630581|1641824,1,REG,2026,1610612741,,,,,
2250002344,,Shot Chart Detail,22500023,44,1630581,Josh Giddey,1610612741,Chicago Bulls,1,8,20,Made Shot,Driving Layup Shot,2PT Field Goal,In The Paint (Non-RA),Center(C),Less Than 8 ft.,4,34,35,1,1,20251031,CHI,NYK,2200,0,202696|1630171|1630200|1630581|1641824,0,REG,2026,1610612741,,,,,
2250002355,,Shot Chart Detail,22500023,55,202696,Nikola Vučević,1610612741,Chicago Bulls,1,7,52,Made Shot,Turnaround Hook Shot,2PT Field Goal,In The Paint (Non-RA),Center(C),8-16 ft.,8,34,75,1,1,20251031,CHI,NYK,2480,0,202696|1628989|1630171|1630581|1641824,0,REG,2026,1610612741,,,,,
2250002358,,Shot Chart Detail,22500023,58,1641824,Matas Buzelis,1610612741,Chicago Bulls,1,7,37,Made Shot,Running Alley Oop Dunk Shot,2PT Field Goal,Restricted Area,Center(C),Less Than 8 ft.,0,-1,0,1,1,20251031,CHI,NYK,2630,0,202696|1628989|1630171|1630581|1641824,1,REG,2026,1610612741,,,,,
2250002361,,Shot Chart Detail,22500023,61,1630171,Isaac Okoro,1610612741,Chicago Bulls,1,7,4,Made Shot,Jump Shot,3PT Field Goal,Left Corner 3,Left Side(L),24+ ft.,22,-228,-15,1,1,20251031,CHI,NYK,2960,0,202696|1628989|1630171|1630581|1641824,1,REG,2026,1610612741,,,,,
2250002365,,Shot Chart Detail,22500023,65,1628989,Kevin Huerter,1610612741,Chicago Bulls,1,6,41,Missed Shot,Running Jump Shot,3PT Field Goal,Above the Break 3,Right Side Center(RC),24+ ft.,25,188,172,1,0,20251031,CHI,NYK,3190,0,202696|1628989|1630171|1630581|1641824,0,REG,2026,1610612741,,,,,
2250002369,,Shot Chart Detail,22500023,69,202696,Nikola Vučević,1610612741,Chicago Bulls,1,6,26,Missed Shot,Running Jump Shot,3PT Field Goal,Above the Break 3,Center(C),24+ ft.,26,20,260,1,0,20251031,CHI,NYK,3340,0,202696|1628989|1630171|1630581|1641824,0,REG,2026,1610612741,,,,,
2250002391,,Shot Chart Detail,22500023,91,1630172,Patrick Williams,1610612741,Chicago Bulls,1,5,31,Missed Shot,Jump Shot,3PT Field Goal,Above the Break 3,Right Side Center(RC),24+ ft.,26,116,240,1,0,20251031,CHI,NYK,3890,0,202696|1628989|1630172|1630581|1641824,0,REG,2026,1610612741,,,,,
2250002395,,Shot Chart Detail,22500023,95,1630581,Josh Giddey,1610612741,Chicago Bulls,1,5,2,Missed Shot,Driving Floating Jump Shot,2PT Field Goal,In The Paint (Non-RA),Center(C),Less Than 8 ft.,5,-15,56,1,0,20251031,CHI,NYK,4180,0,202696|1628989|1630172|1630581|1641824,0,REG,2026,1610612741,,,,,
22500023104,,Shot Chart Detail,22500023,104,1628989,Kevin Huerter,1610612741,Chicago Bulls,1,4,27,Missed Shot,Jump Shot,3PT Field Goal,Above the Break 3,Right Side Center(RC),24+ ft.,26,127,230,1,0,20251031,CHI,NYK,4530,0,202696|1628989|1630172|1630245|1630581,0,REG,2026,1610612741,,,,,
22500023108,,Shot Chart Detail,22500023,108,1630245,Ayo Dosunmu,1610612741,Chicago Bulls,1,4,3,Made Shot,Running Finger Roll Layup Shot,2PT Field Goal,Restricted Area,Center(C),Less Than 8 ft.,3,0,35,1,1,20251031,CHI,NYK,4770,0,202696|1628989|1630172|1630245|1630581,1,REG,2026,1610612741,,,,,
22500023124,,Shot Chart Detail,22500023,124,1628989,Kevin Huerter,1610612741,Chicago Bulls,1,3,3,Made Shot,Cutting Finger Roll Layup Shot,2PT Field Goal,Restricted Area,Center(C),Less Than 8 ft.,0,-7,-5,1,1,20251031,CHI,NYK,5370,0,1628989|1630172|1630188|1630200|1630245,1,REG,2026,1610612741,,,,,
22500023129,,Shot Chart Detail,22500023,129,1630200,Tre Jones,1610612741,Chicago Bulls,1,2,34,Missed Shot,Driving Layup Shot,2PT Field Goal,Restricted Area,Center(C),Less Than 8 ft.,2,1,25,1,0,20251031,CHI,NYK,5660,0,1628989|1630172|1630188|1630200|1630245,0,REG,2026,1610612741,,,,,
22500023141,,Shot Chart Detail,22500023,141,1630245,Ayo Dosunmu,1610612741,Chicago Bulls,1,1,50,Made Shot,Driving Dunk Shot,2PT Field Goal,Restricted Area,Center(C),Less Than 8 ft.,0,4,3,1,1,20251031,CHI,NYK,6100,0,1628989|1630172|1630188|1630200|1630245,0,REG,2026,1610612741,,,,,
22500023152,,Shot Chart Detail,22500023,152,1630188,Jalen Smith,1610612741,Chicago Bulls,1,1,23,Made Shot,Jump Shot,3PT Field Goal,Above the Break 3,Center(C),24+ ft.,26,31,261,1,1,20251031,CHI,NYK,6370,0,1630172|1630188|1630200|1630245|1641763,1,REG,2026,1610612741,,,,,
22500023156,,Shot Chart Detail,22500023,156,1630172,Patrick Williams,1610612741,Chicago Bulls,1,0,57,Made Shot,Driving Layup Shot,2PT Field Goal,Restricted Area,Center(C),Less Than 8 ft.,1,-13,0,1,1,20251031,CHI,NYK,6630,0,1630172|1630188|1630200|1630245|1641763,0,REG,2026,1610612741,,,,,
22500023173,,Shot Chart Detail,22500023,173,1630245,Ayo Dosunmu,1610612741,Chicago Bulls,1,0,3,Made Shot,Driving Finger Roll Layup Shot,2PT Field Goal,Restricted Area,Center(C),Less Than 8 ft.,1,11,11,1,1,20251031,CHI,NYK,7170,0,1630172|1630188|1630200|1630245|1641763,0,REG,2026,1610612741,,,,,
22500023188,,Shot Chart Detail,22500023,188,1630581,Josh Giddey,1610612741,Chicago Bulls,2,11,40,Missed Shot,Cutting Layup Shot,2PT Field Goal,Restricted Area,Center(C),Less Than 8 ft.,2,-16,13,1,0,20251031,CHI,NYK,7400,0,1630172|1630188|1630245|1630581|1641763,0,REG,2026,1610612741,,,,,
22500023194,,Shot Chart Detail,22500023,194,1641763,Julian Phillips,1610612741,Chicago Bulls,2,10,58,Missed Shot,Cutting Layup Shot,2PT Field Goal,In The Paint (Non-RA),Center(C),Less Than 8 ft.,6,15,67,1,0,20251031,CHI,NYK,7820,0,1630172|1630188|1630245|1630581|1641763,0,REG,2026,1610612741,,,,,
22500023198,,Shot Chart Detail,22500023,198,1630188,Jalen Smith,1610612741,Chicago Bulls,2,10,54,Missed Shot,Jump Shot,3PT Field Goal,Above the Break 3,Right Side Center(RC),24+ ft.,25,156,201,1,0,20251031,CHI,NYK,7860,0,1630172|1630188|1630245|1630581|1641763,0,REG,2026,1610612741,,,,,
22500023202,,Shot Chart Detail,22500023,202,1630581,Josh Giddey,1610612741,Chicago Bulls,2,10,11,Made Shot,Jump Shot,3PT Field Goal,Right Corner 3,Right Side(R),24+ ft.,22,225,14,1,1,20251031,CHI,NYK,8290,0,1630172|1630188|1630245|1630581|1641763,1,REG,2026,1610612741,,,,,
22500023205,,Shot Chart Detail,22500023,205,1630172,Patrick Williams,1610612741,Chicago Bulls,2,9,34,Missed Shot,Turnaround Jump Shot,2PT Field Goal,In The Paint (Non-RA),Center(C),8-16 ft.,11,56,98,1,0,20251031,CHI,NYK,8660,0,1630172|1630188|1630245|1630581|1641763,0,REG,2026,1610612741,,,,,
22500023209,,Shot Chart Detail,22500023,209,1630245,Ayo Dosunmu,1610612741,Chicago Bulls,2,9,20,Missed Shot,Running Jump Shot,3PT Field Goal,Right Corner 3,Right Side(R),24+ ft.,23,227,72,1,0,20251031,CHI,NYK,8800,0,1630172|1630188|1630245|1630581|1641763,0,REG,2026,1610612741,,,,,
22500023211,,Shot Chart Detail,22500023,211,1630172,Patrick Williams,1610612741,Chicago Bulls,2,9,18,Made Shot,Jump Shot,3PT Field Goal,Above the Break 3,Right Side Center(RC),24+ ft.,25,98,240,1,1,20251031,CHI,NYK,8820,0,1630172|1630188|1630245|1630581|1641763,1,REG,2026,1610612741,,,,,
22500023220,,Shot Chart Detail,22500023,220,1641824,Matas Buzelis,1610612741,Chicago Bulls,2,8,36,Made Shot,Jump Shot,3PT Field Goal,Above the Break 3,Right Side Center(RC),24+ ft.,26,132,226,1,1,20251031,CHI,NYK,9240,0,1628989|1630188|1630581|1641763|1641824,1,REG,2026,1610612741,,,,,
22500023224,,Shot Chart Detail,22500023,224,1630581,Josh Giddey,1610612741,Chicago Bulls,2,8,6,Made Shot,Pullup Jump shot,3PT Field Goal,Above the Break 3,Left Side Center(LC),24+ ft.,26,-132,226,1,1,20251031,CHI,NYK,9540,0,1628989|1630188|1630581|1641763|1641824,0,REG,2026,1610612741,,,,,
22500023227,,Shot Chart Detail,22500023,227,1630188,Jalen Smith,1610612741,Chicago Bulls,2,7,42,Missed Shot,Jump Shot,3PT Field Goal,Above the Break 3,Right Side Center(RC),24+ ft.,26,116,241,1,0,20251031,CHI,NYK,9780,0,1628989|1630188|1630581|1641763|1641824,0,REG,2026,1610612741,,,,,
22500023259,,Shot Chart Detail,22500023,259,1641824,Matas Buzelis,1610612741,Chicago Bulls,2,6,8,Missed Shot,Jump Shot,3PT Field Goal,Left Corner 3,Left Side(L),24+ ft.,22,-229,-11,1,0,20251031,CHI,NYK,10720,0,202696|1628989|1630245|1630581|1641824,0,REG,2026,1610612741,,,,,
22500023263,,Shot Chart Detail,22500023,263,1628989,Kevin Huerter,1610612741,Chicago Bulls,2,5,40,Made Shot,Cutting Layup Shot,2PT Field Goal,Restricted Area,Center(C),Less Than 8 ft.,1,11,14,1,1,20251031,CHI,NYK,11000,0,202696|1628989|1630245|1630581|1641824,1,REG,2026,1610612741,,,,,
22500023267,,Shot Chart Detail,22500023,267,1630581,Josh Giddey,1610612741,Chicago Bulls,2,5,9,Made Shot,Layup Shot,2PT Field Goal,Restricted Area,Center(C),Less Than 8 ft.,0,-1,6,1,1,20251031,CHI,NYK,11310,0,202696|1628989|1630245|1630581|1641824,1,REG,2026,1610612741,,,,,
22500023271,,Shot Chart Detail,22500023,271,202696,Nikola Vučević,1610612741,Chicago Bulls,2,4,36,Made Shot,Cutting Finger Roll Layup Shot,2PT Field Goal,Restricted Area,Center(C),Less Than 8 ft.,1,-7,11,1,1,20251031,CHI,NYK,11640,0,202696|1628989|1630245|1630581|1641824,1,REG,2026,1610612741,,,,,
22500023286,,Shot Chart Detail,22500023,286,1630245,Ayo Dosunmu,1610612741,Chicago Bulls,2,3,59,Made Shot,Driving Finger Roll Layup Shot,2PT Field Goal,Restricted Area,Center(C),Less Than 8 ft.,1,9,11,1,1,20251031,CHI,NYK,12010,0,202696|1630172|1630200|1630245|1641824,1,REG,2026,1610612741,,,,,
22500023301,,Shot Chart Detail,22500023,301,1630245,Ayo Dosunmu,1610612741,Chicago Bulls,2,2,56,Made Shot,Driving Finger Roll Layup Shot,2PT Field Goal,Restricted Area,Center(C),Less Than 8 ft.,1,10,16,1,1,20251031,CHI,NYK,12640,0,202696|1630172|1630200|1630245|1641824,1,REG,2026,1610612741,,,,,
22500023308,,Shot Chart Detail,22500023,308,202696,Nikola Vučević,1610612741,Chicago Bulls,2,2,37,Made Shot,Jump Shot,3PT Field Goal,Above the Break 3,Left Side Center(LC),24+ ft.,25,-157,204,1,1,20251031,CHI,NYK,12830,0,202696|1630172|1630200|1630245|1641824,1,REG,2026,1610612741,,,,,
22500023321,,Shot Chart Detail,22500023,321,202696,Nikola Vučević,1610612741,Chicago Bulls,2,1,55,Made Shot,Jump Shot,3PT Field Goal,Above the Break 3,Center(C),24+ ft.,25,-20,258,1,1,20251031,CHI,NYK,13250,0,202696|1630172|1630245|1630581|1641824,1,REG,2026,1610612741,,,,,
22500023335,,Shot Chart Detail,22500023,335,202696,Nikola Vučević,1610612741,Chicago Bulls,2,0,56,Missed Shot,Jump Shot,3PT Field Goal,Above the Break 3,Center(C),24+ ft.,26,6,260,1,0,20251031,CHI,NYK,13840,0,202696|1630171|1630245|1630581|1641824,0,REG,2026,1610612741,,,,,
22500023339,,Shot Chart Detail,22500023,339,1630581,Josh Giddey,1610612741,Chicago Bulls,2,0,34,Made Shot,Running Jump Shot,3PT Field Goal,Above the Break 3,Left Side Center(LC),24+ ft.,24,-208,130,1,1,20251031,CHI,NYK,14060,0,202696|1630171|1630245|1630581|1641824,1,REG,2026,1610612741,,,,,
22500023346,,Shot Chart Detail,22500023,346,1630581,Josh Giddey,1610612741,Chicago Bulls,2,0,4,Made Shot,Pullup Jump shot,3PT Field Goal,Above the Break 3,Right Side Center(RC),24+ ft.,25,83,243,1,1,20251031,CHI,NYK,14360,0,202696|1630171|1630245|1630581|1641824,0,REG,2026,1610612741,,,,,
22500023364,,Shot Chart Detail,22500023,364,1641824,Matas Buzelis,1610612741,Chicago Bulls,3,10,58,Missed Shot,Jump Shot,3PT Field Goal,Left Corner 3,Left Side(L),24+ ft.,23,-233,-15,1,0,20251031,CHI,NYK,15020,0,202696|1630171|1630200|1630581|1641824,0,REG,2026,1610612741,,,,,
22500023368,,Shot Chart Detail,22500023,368,1630171,Isaac Okoro,1610612741,Chicago Bulls,3,10,40,Missed Shot,Running Jump Shot,3PT Field Goal,Left Corner 3,Left Side(L),24+ ft.,23,-238,-10,1,0,20251031,CHI,NYK,15200,0,202696|1630171|1630200|1630581|1641824,0,REG,2026,1610612741,,,,,
22500023377,,Shot Chart Detail,22500023,377,202696,Nikola Vučević,1610612741,Chicago Bulls,3,10,19,Made Shot,Jump Shot,3PT Field Goal,Above the Break 3,Center(C),24+ ft.,27,6,270,1,1,20251031,CHI,NYK,15410,0,202696|1630171|1630200|1630581|1641824,1,REG,2026,1610612741,,,,,
22500023381,,Shot Chart Detail,22500023,381,1630581,Josh Giddey,1610612741,Chicago Bulls,3,9,42,Missed Shot,Driving Floating Jump Shot,2PT Field Goal,In The Paint (Non-RA),Center(C),8-16 ft.,9,26,92,1,0,20251031,CHI,NYK,15780,0,202696|1630171|1630200|1630581|1641824,0,REG,2026,1610612741,,,,,
22500023385,,Shot Chart Detail,22500023,385,1641824,Matas Buzelis,1610612741,Chicago Bulls,3,9,21,Made Shot,Jump Shot,3PT Field Goal,Above the Break 3,Center(C),24+ ft.,25,51,254,1,1,20251031,CHI,NYK,15990,0,202696|1630171|1630200|1630581|1641824,1,REG,2026,1610612741,,,,,
22500023393,,Shot Chart Detail,22500023,393,1630200,Tre Jones,1610612741,Chicago Bulls,3,8,40,Missed Shot,Driving Finger Roll Layup Shot,2PT Field Goal,Restricted Area,Center(C),Less Than 8 ft.,1,-9,5,1,0,20251031,CHI,NYK,16400,0,202696|1630171|1630200|1630581|1641824,0,REG,2026,1610612741,,,,,
22500023400,,Shot Chart Detail,22500023,400,1641824,Matas Buzelis,1610612741,Chicago Bulls,3,8,10,Missed Shot,Driving Layup Shot,2PT Field Goal,Restricted Area,Center(C),Less Than 8 ft.,1,-7,13,1,0,20251031,CHI,NYK,16700,0,202696|1630171|1630200|1630581|1641824,0,REG,2026,1610612741,,,,,
22500023411,,Shot Chart Detail,22500023,411,202696,Nikola Vučević,1610612741,Chicago Bulls,3,7,45,Made Shot,Jump Shot,3PT Field Goal,Above the Break 3,Left Side Center(LC),24+ ft.,28,-127,254,1,1,20251031,CHI,NYK,16950,0,202696|1630171|1630200|1630245|1641824,1,REG,2026,1610612741,,,,,
22500023414,,Shot Chart Detail,22500023,414,1630200,Tre Jones,1610612741,Chicago Bulls,3,7,0,Missed Shot,Pullup Jump shot,2PT Field Goal,Mid-Range,Left Side(L),8-16 ft.,15,-120,92,1,0,20251031,CHI,NYK,17400,0,202696|1630171|1630200|1630245|1641824,0,REG,2026,1610612741,,,,,
22500023418,,Shot Chart Detail,22500023,418,1630200,Tre Jones,1610612741,Chicago Bulls,3,6,27,Missed Shot,Driving Floating Jump Shot,2PT Field Goal,Restricted Area,Center(C),Less Than 8 ft.,2,21,21,1,0,20251031,CHI,NYK,17730,0,202696|1630171|1630200|1630245|1641824,0,REG,2026,1610612741,,,,,
22500023452,,Shot Chart Detail,22500023,452,202696,Nikola Vučević,1610612741,Chicago Bulls,3,6,25,Missed Shot,Tip Layup Shot,2PT Field Goal,Restricted Area,Center(C),Less Than 8 ft.,1,10,0,1,0,20251031,CHI,NYK,17750,0,202696|1630171|1630200|1630245|1641824,0,REG,2026,1610612741,,,,,
22500023458,,Shot Chart Detail,22500023,458,202696,Nikola Vučević,1610612741,Chicago Bulls,3,6,24,Missed Shot,Tip Layup Shot,2PT Field Goal,Restricted Area,Center(C),Less Than 8 ft.,2,16,16,1,0,20251031,CHI,NYK,17760,0,202696|1630171|1630200|1630245|1641824,0,REG,2026,1610612741,,,,,
22500023431,,Shot Chart Detail,22500023,431,202696,Nikola Vučević,1610612741,Chicago Bulls,3,6,1,Missed Shot,Floating Jump shot,2PT Field Goal,In The Paint (Non-RA),Center(C),8-16 ft.,12,7,121,1,0,20251031,CHI,NYK,17990,0,202696|1628989|1630172|1630245|1630581,0,REG,2026,1610612741,,,,,
22500023435,,Shot Chart Detail,22500023,435,202696,Nikola Vučević,1610612741,Chicago Bulls,3,5,42,Missed Shot,Jump Shot,3PT Field Goal,Above the Break 3,Center(C),24+ ft.,26,69,253,1,0,20251031,CHI,NYK,18180,0,202696|1628989|1630172|1630245|1630581,0,REG,2026,1610612741,,,,,
22500023454,,Shot Chart Detail,22500023,454,1630172,Patrick Williams,1610612741,Chicago Bulls,3,4,57,Made Shot,Jump Shot,3PT Field Goal,Right Corner 3,Right Side(R),24+ ft.,22,223,-16,1,1,20251031,CHI,NYK,18630,0,202696|1628989|1630172|1630245|1630581,1,REG,2026,1610612741,,,,,
22500023484,,Shot Chart Detail,22500023,484,1630581,Josh Giddey,1610612741,Chicago Bulls,3,3,25,Made Shot,Turnaround Hook Shot,2PT Field Goal,Restricted Area,Center(C),Less Than 8 ft.,1,-2,16,1,1,20251031,CHI,NYK,19550,0,1628989|1630172|1630188|1630245|1630581,0,REG,2026,1610612741,,,,,
22500023487,,Shot Chart Detail,22500023,487,1630188,Jalen Smith,1610612741,Chicago Bulls,3,2,47,Made Shot,Layup Shot,2PT Field Goal,Restricted Area,Center(C),Less Than 8 ft.,2,-28,10,1,1,20251031,CHI,NYK,19930,0,1628989|1630172|1630188|1630245|1630581,1,REG,2026,1610612741,,,,,
22500023496,,Shot Chart Detail,22500023,496,1630245,Ayo Dosunmu,1610612741,Chicago Bulls,3,2,2,Made Shot,Driving Floating Jump Shot,2PT Field Goal,In The Paint (Non-RA),Center(C),8-16 ft.,8,-38,80,1,1,20251031,CHI,NYK,20380,0,1628989|1630172|1630188|1630245|1630581,0,REG,2026,1610612741,,,,,
22500023503,,Shot Chart Detail,22500023,503,1628989,Kevin Huerter,1610612741,Chicago Bulls,3,1,28,Made Shot,Pullup Jump shot,3PT Field Goal,Above the Break 3,Right Side Center(RC),24+ ft.,24,205,125,1,1,20251031,CHI,NYK,20720,0,1628989|1630172|1630188|1630245|1630581,1,REG,2026,1610612741,,,,,
22500023516,,Shot Chart Detail,22500023,516,1630581,Josh Giddey,1610612741,Chicago Bulls,3,1,6,Made Shot,Driving Floating Bank Jump Shot,2PT Field Goal,Restricted Area,Center(C),Less Than 8 ft.,3,-31,11,1,1,20251031,CHI,NYK,20940,0,1628989|1630172|1630188|1630245|1630581,0,REG,2026,1610612741,,,,,
22500023531,,Shot Chart Detail,22500023,531,1630245,Ayo Dosunmu,1610612741,Chicago Bulls,3,0,0,Made Shot,Driving Layup Shot,2PT Field Goal,Restricted Area,Center(C),Less Than 8 ft.,0,4,5,1,1,20251031,CHI,NYK,21600,0,1628989|1630172|1630188|1630245|1630581,0,REG,2026,1610612741,,,,,
22500023546,,Shot Chart Detail,22500023,546,1641824,Matas Buzelis,1610612741,Chicago Bulls,4,11,1,Missed Shot,Turnaround Jump Shot,2PT Field Goal,In The Paint (Non-RA),Center(C),Less Than 8 ft.,7,-15,76,1,0,20251031,CHI,NYK,22190,0,1630172|1630188|1630200|1630245|1641824,0,REG,2026,1610612741,,,,,
22500023555,,Shot Chart Detail,22500023,555,1630581,Josh Giddey,1610612741,Chicago Bulls,4,10,43,Made Shot,Driving Floating Jump Shot,2PT Field Goal,In The Paint (Non-RA),Center(C),8-16 ft.,9,-18,97,1,1,20251031,CHI,NYK,22370,0,1630172|1630188|1630200|1630581|1641824,0,REG,2026,1610612741,,,,,
22500023559,,Shot Chart Detail,22500023,559,1630581,Josh Giddey,1610612741,Chicago Bulls,4,10,13,Missed Shot,Pullup Jump shot,3PT Field Goal,Above the Break 3,Right Side Center(RC),24+ ft.,24,93,231,1,0,20251031,CHI,NYK,22670,0,1630171|1630188|1630200|1630581|1641824,0,REG,2026,1610612741,,,,,
22500023561,,Shot Chart Detail,22500023,561,1630581,Josh Giddey,1610612741,Chicago Bulls,4,10,7,Missed Shot,Turnaround Fadeaway shot,2PT Field Goal,In The Paint (Non-RA),Center(C),Less Than 8 ft.,6,-53,43,1,0,20251031,CHI,NYK,22730,0,1630171|1630188|1630200|1630581|1641824,0,REG,2026,1610612741,,,,,
22500023571,,Shot Chart Detail,22500023,571,1641824,Matas Buzelis,1610612741,Chicago Bulls,4,9,35,Missed Shot,Driving Finger Roll Layup Shot,2PT Field Goal,Restricted Area,Center(C),Less Than 8 ft.,1,-6,17,1,0,20251031,CHI,NYK,23050,0,1630171|1630188|1630200|1630581|1641824,0,REG,2026,1610612741,,,,,
22500023578,,Shot Chart Detail,22500023,578,1641824,Matas Buzelis,1610612741,Chicago Bulls,4,9,9,Made Shot,Driving Floating Bank Jump Shot,2PT Field Goal,Restricted Area,Center(C),Less Than 8 ft.,1,15,5,1,1,20251031,CHI,NYK,23310,0,1630171|1630188|1630200|1630581|1641824,0,REG,2026,1610612741,,,,,
22500023580,,Shot Chart Detail,22500023,580,1630188,Jalen Smith,1610612741,Chicago Bulls,4,8,36,Made Shot,Jump Shot,3PT Field Goal,Above the Break 3,Right Side Center(RC),24+ ft.,26,185,195,1,1,20251031,CHI,NYK,23640,0,1630171|1630188|1630200|1630581|1641824,1,REG,2026,1610612741,,,,,
22500023585,,Shot Chart Detail,22500023,585,1630581,Josh Giddey,1610612741,Chicago Bulls,4,8,2,Missed Shot,Driving Hook Shot,2PT Field Goal,Restricted Area,Center(C),Less Than 8 ft.,3,22,25,1,0,20251031,CHI,NYK,23980,0,1630171|1630188|1630200|1630581|1641824,0,REG,2026,1610612741,,,,,
22500023597,,Shot Chart Detail,22500023,597,1630245,Ayo Dosunmu,1610612741,Chicago Bulls,4,7,37,Missed Shot,Jump Shot,3PT Field Goal,Above the Break 3,Left Side Center(LC),24+ ft.,26,-114,239,1,0,20251031,CHI,NYK,24230,0,1630171|1630188|1630200|1630245|1641824,0,REG,2026,1610612741,,,,,
22500023623,,Shot Chart Detail,22500023,623,202696,Nikola Vučević,1610612741,Chicago Bulls,4,6,35,Missed Shot,Jump Shot,3PT Field Goal,Above the Break 3,Left Side Center(LC),24+ ft.,27,-135,239,1,0,20251031,CHI,NYK,24850,0,202696|1628989|1630172|1630245|1630581,0,REG,2026,1610612741,,,,,
22500023627,,Shot Chart Detail,22500023,627,1630581,Josh Giddey,1610612741,Chicago Bulls,4,5,59,Made Shot,Driving Layup Shot,2PT Field Goal,Restricted Area,Center(C),Less Than 8 ft.,0,4,8,1,1,20251031,CHI,NYK,25210,0,202696|1628989|1630172|1630245|1630581,1,REG,2026,1610612741,,,,,
22500023631,,Shot Chart Detail,22500023,631,1628989,Kevin Huerter,1610612741,Chicago Bulls,4,5,26,Missed Shot,Turnaround Fadeaway shot,2PT Field Goal,In The Paint (Non-RA),Center(C),Less Than 8 ft.,4,-38,32,1,0,20251031,CHI,NYK,25540,0,202696|1628989|1630172|1630245|1630581,0,REG,2026,1610612741,,,,,
22500023633,,Shot Chart Detail,22500023,633,1630245,Ayo Dosunmu,1610612741,Chicago Bulls,4,5,15,Made Shot,Jump Shot,3PT Field Goal,Above the Break 3,Left Side Center(LC),24+ ft.,26,-125,235,1,1,20251031,CHI,NYK,25650,0,202696|1628989|1630172|1630245|1630581,1,REG,2026,1610612741,,,,,
22500023637,,Shot Chart Detail,22500023,637,202696,Nikola Vučević,1610612741,Chicago Bulls,4,4,42,Made Shot,Turnaround Hook Shot,2PT Field Goal,Restricted Area,Center(C),Less Than 8 ft.,2,-10,21,1,1,20251031,CHI,NYK,25980,0,202696|1628989|1630172|1630245|1630581,1,REG,2026,1610612741,,,,,
22500023641,,Shot Chart Detail,22500023,641,1630172,Patrick Williams,1610612741,Chicago Bulls,4,4,9,Missed Shot,Jump Shot,3PT Field Goal,Above the Break 3,Right Side Center(RC),24+ ft.,26,130,228,1,0,20251031,CHI,NYK,26310,0,202696|1628989|1630172|1630245|1630581,0,REG,2026,1610612741,,,,,
22500023657,,Shot Chart Detail,22500023,657,1630581,Josh Giddey,1610612741,Chicago Bulls,4,3,11,Missed Shot,Jump Shot,3PT Field Goal,Left Corner 3,Left Side(L),24+ ft.,23,-230,-27,1,0,20251031,CHI,NYK,26890,0,202696|1628989|1630200|1630581|1641824,0,REG,2026,1610612741,,,,,
22500023666,,Shot Chart Detail,22500023,666,202696,Nikola Vučević,1610612741,Chicago Bulls,4,2,32,Made Shot,Driving Floating Jump Shot,2PT Field Goal,In The Paint (Non-RA),Center(C),Less Than 8 ft.,7,-6,75,1,1,20251031,CHI,NYK,27280,0,202696|1628989|1630200|1630581|1641824,1,REG,2026,1610612741,,,,,
22500023670,,Shot Chart Detail,22500023,670,202696,Nikola Vučević,1610612741,Chicago Bulls,4,2,9,Made Shot,Driving Finger Roll Layup Shot,2PT Field Goal,Restricted Area,Center(C),Less Than 8 ft.,2,5,27,1,1,20251031,CHI,NYK,27510,0,202696|1628989|1630200|1630581|1641824,1,REG,2026,1610612741,,,,,
22500023677,,Shot Chart Detail,22500023,677,1630581,Josh Giddey,1610612741,Chicago Bulls,4,1,44,Made Shot,Layup Shot,2PT Field Goal,Restricted Area,Center(C),Less Than 8 ft.,1,-9,5,1,1,20251031,CHI,NYK,27760,0,202696|1628989|1630200|1630581|1641824,1,REG,2026,1610612741,,,,,
22500023686,,Shot Chart Detail,22500023,686,1630581,Josh Giddey,1610612741,Chicago Bulls,4,1,6,Missed Shot,Jump Shot,3PT Field Goal,Above the Break 3,Center(C),24+ ft.,32,-97,306,1,0,20251031,CHI,NYK,28140,0,202696|1628989|1630200|1630581|1641824,0,REG,2026,1610612741,,,,,
22500023725,,Shot Chart Detail,22500023,725,1628989,Kevin Huerter,1610612741,Chicago Bulls,4,0,12,Made Shot,Driving Floating Bank Jump Shot,2PT Field Goal,In The Paint (Non-RA),Center(C),Less Than 8 ft.,7,-40,58,1,1,20251031,CHI,NYK,28680,0,202696|1628989|1630200|1630245|1630581,1,REG,2026,1610612741,,,,,
225000357,,Shot Chart Detail,22500035,7,1630171,Isaac Okoro,1610612741,Chicago Bulls,1,11,42,Missed Shot,Jump Shot,3PT Field Goal,Right Corner 3,Right Side(R),24+ ft.,22,227,34,1,0,20251107,MIL,CHI,180,0,202696|1630171|1630200|1630581|1641824,0,REG,2026,1610612741,,,,,
2250003511,,Shot Chart Detail,22500035,11,1641824,Matas Buzelis,1610612741,Chicago Bulls,1,11,15,Made Shot,Running Reverse Layup Shot,2PT Field Goal,Restricted Area,Center(C),Less Than 8 ft.,1,-10,16,1,1,20251107,MIL,CHI,450,0,202696|1630171|1630200|1630581|1641824,1,REG,2026,1610612741,,,,,
2250003519,,Shot Chart Detail,22500035,19,1630581,Josh Giddey,1610612741,Chicago Bulls,1,10,47,Missed Shot,Driving Layup Shot,2PT Field Goal,Restricted Area,Center(C),Less Than 8 ft.,1,-1,16,1,0,20251107,MIL,CHI,730,0,202696|1630171|1630200|1630581|1641824,0,REG,2026,1610612741,,,,,
2250003526,,Shot Chart Detail,22500035,26,1641824,Matas Buzelis,1610612741,Chicago Bulls,1,10,14,Made Shot,Driving Finger Roll Layup Shot,2PT Field Goal,Restricted Area,Center(C),Less Than 8 ft.,1,-5,19,1,1,20251107,MIL,CHI,1060,0,202696|1630171|1630200|1630581|1641824,1,REG,2026,1610612741,,,,,
2250003536,,Shot Chart Detail,22500035,36,1630581,Josh Giddey,1610612741,Chicago Bulls,1,9,36,Made Shot,Turnaround Bank shot,2PT Field Goal,Mid-Range,Right Side(R),8-16 ft.,9,89,23,1,1,20251107,MIL,CHI,1440,0,202696|1630172|1630200|1630581|1641824,0,REG,2026,1610612741,,,,,
2250003539,,Shot Chart Detail,22500035,39,202696,Nikola Vučević,1610612741,Chicago Bulls,1,9,18,Missed Shot,Running Jump Shot,3PT Field Goal,Above the Break 3,Center(C),24+ ft.,26,33,267,1,0,20251107,MIL,CHI,1620,0,202696|1630172|1630200|1630581|1641824,0,REG,2026,1610612741,,,,,
2250003545,,Shot Chart Detail,22500035,45,1641824,Matas Buzelis,1610612741,Chicago Bulls,1,8,55,Made Shot,Cutting Finger Roll Layup Shot,2PT Field Goal,Restricted Area,Center(C),Less Than 8 ft.,1,-10,14,1,1,20251107,MIL,CHI,1850,0,202696|1630172|1630200|1630581|1641824,1,REG,2026,1610612741,,,,,
2250003550,,Shot Chart Detail,22500035,50,1630581,Josh Giddey,1610612741,Chicago Bulls,1,8,16,Missed Shot,Jump Shot,3PT Field Goal,Above the Break 3,Left Side Center(LC),24+ ft.,26,-135,230,1,0,20251107,MIL,CHI,2240,0,202696|1630172|1630200|1630581|1641824,0,REG,2026,1610612741,,,,,
2250003552,,Shot Chart Detail,22500035,52,1630200,Tre Jones,1610612741,Chicago Bulls,1,8,10,Missed Shot,Jump Shot,3PT Field Goal,Above the Break 3,Center(C),24+ ft.,25,17,252,1,0,20251107,MIL,CHI,2300,0,202696|1630172|1630200|1630581|1641824,0,REG,2026,1610612741,,,,,
2250003558,,Shot Chart Detail,22500035,58,202696,Nikola Vučević,1610612741,Chicago Bulls,1,7,50,Made Shot,Jump Shot,2PT Field Goal,Mid-Range,Center(C),16-24 ft.,17,16,178,1,1,20251107,MIL,CHI,2500,0,202696|1628989|1630172|1630581|1641824,1,REG,2026,1610612741,,,,,
2250003564,,Shot Chart Detail,22500035,64,1630581,Josh Giddey,1610612741,Chicago Bulls,1,7,10,Missed Shot,Driving Layup Shot,2PT Field Goal,Restricted Area,Center(C),Less Than 8 ft.,3,31,16,1,0,20251107,MIL,CHI,2900,0,202696|1628989|1630172|1630581|1641824,0,REG,2026,1610612741,,,,,
2250003567,,Shot Chart Detail,22500035,67,1628989,Kevin Huerter,1610612741,Chicago Bulls,1,6,46,Missed Shot,Pullup Jump shot,2PT Field Goal,In The Paint (Non-RA),Center(C),Less Than 8 ft.,7,-16,73,1,0,20251107,MIL,CHI,3140,0,202696|1628989|1630172|1630581|1641824,0,REG,2026,1610612741,,,,,
2250003571,,Shot Chart Detail,22500035,71,202696,Nikola Vučević,1610612741,Chicago Bulls,1,6,26,Made Shot,Jump Shot,3PT Field Goal,Above the Break 3,Center(C),24+ ft.,26,15,268,1,1,20251107,MIL,CHI,3340,0,202696|1628989|1630172|1630581|1641824,1,REG,2026,1610612741,,,,,
2250003583,,Shot Chart Detail,22500035,83,1630581,Josh Giddey,1610612741,Chicago Bulls,1,5,39,Made Shot,Driving Floating Jump Shot,2PT Field Goal,In The Paint (Non-RA),Left Side(L),8-16 ft.,11,-66,95,1,1,20251107,MIL,CHI,3810,0,202696|1628989|1630172|1630581|1641824,0,REG,2026,1610612741,,,,,
2250003599,,Shot Chart Detail,22500035,99,1628989,Kevin Huerter,1610612741,Chicago Bulls,1,4,43,Made Shot,Jump Shot,3PT Field Goal,Above the Break 3,Left Side Center(LC),24+ ft.,25,-206,143,1,1,20251107,MIL,CHI,4370,0,202696|1628989|1630172|1630245|1630581,1,REG,2026,1610612741,,,,,
22500035109,,Shot Chart Detail,22500035,109,1630172,Patrick Williams,1610612741,Chicago Bulls,1,3,55,Missed Shot,Jump Shot,3PT Field Goal,Above the Break 3,Right Side Center(RC),24+ ft.,26,205,162,1,0,20251107,MIL,CHI,4850,0,1628989|1630172|1630188|1630200|1630245,0,REG,2026,1610612741,,,,,
22500035113,,Shot Chart Detail,22500035,113,1628989,Kevin Huerter,1610612741,Chicago Bulls,1,3,31,Missed Shot,Step Back Jump shot,3PT Field Goal,Above the Break 3,Right Side Center(RC),24+ ft.,26,116,236,1,0,20251107,MIL,CHI,5090,0,1628989|1630172|1630188|1630200|1630245,0,REG,2026,1610612741,,,,,
22500035115,,Shot Chart Detail,22500035,115,1630245,Ayo Dosunmu,1610612741,Chicago Bulls,1,3,26,Made Shot,Jump Shot,3PT Field Goal,Above the Break 3,Center(C),24+ ft.,25,15,256,1,1,20251107,MIL,CHI,5140,0,1628989|1630172|1630188|1630200|1630245,1,REG,2026,1610612741,,,,,
22500035126,,Shot Chart Detail,22500035,126,1630188,Jalen Smith,1610612741,Chicago Bulls,1,2,37,Made Shot,Running Reverse Layup Shot,2PT Field Goal,Restricted Area,Center(C),Less Than 8 ft.,3,31,17,1,1,20251107,MIL,CHI,5630,0,1628989|1630171|1630188|1630200|1630245,1,REG,2026,1610612741,,,,,
22500035133,,Shot Chart Detail,22500035,133,1630200,Tre Jones,1610612741,Chicago Bulls,1,1,55,Missed Shot,Jump Shot,3PT Field Goal,Above the Break 3,Right Side Center(RC),24+ ft.,25,83,240,1,0,20251107,MIL,CHI,6050,0,1628989|1630171|1630188|1630200|1630245,0,REG,2026,1610612741,,,,,
22500035143,,Shot Chart Detail,22500035,143,1630188,Jalen Smith,1610612741,Chicago Bulls,1,1,3,Missed Shot,Jump Shot,3PT Field Goal,Above the Break 3,Center(C),24+ ft.,26,15,261,1,0,20251107,MIL,CHI,6570,0,1628989|1630171|1630188|1630200|1630245,0,REG,2026,1610612741,,,,,
22500035145,,Shot Chart Detail,22500035,145,1628989,Kevin Huerter,1610612741,Chicago Bulls,1,0,57,Missed Shot,Jump Shot,3PT Field Goal,Above the Break 3,Right Side Center(RC),24+ ft.,28,221,187,1,0,20251107,MIL,CHI,6630,0,1628989|1630171|1630188|1630200|1630245,0,REG,2026,1610612741,,,,,
22500035149,,Shot Chart Detail,22500035,149,1630200,Tre Jones,1610612741,Chicago Bulls,1,0,24,Made Shot,Driving Floating Jump Shot,2PT Field Goal,In The Paint (Non-RA),Left Side(L),8-16 ft.,8,-60,57,1,1,20251107,MIL,CHI,6960,0,1628989|1630171|1630188|1630200|1630245,1,REG,2026,1610612741,,,,,
22500035167,,Shot Chart Detail,22500035,167,1628989,Kevin Huerter,1610612741,Chicago Bulls,2,11,10,Missed Shot,Fadeaway Jump Shot,2PT Field Goal,In The Paint (Non-RA),Center(C),Less Than 8 ft.,5,59,4,1,0,20251107,MIL,CHI,7700,0,1628989|1630172|1630188|1630200|1630245,0,REG,2026,1610612741,,,,,
22500035184,,Shot Chart Detail,22500035,184,1630172,Patrick Williams,1610612741,Chicago Bulls,2,10,16,Missed Shot,Driving Bank Hook Shot,2PT Field Goal,Mid-Range,Right Side(R),8-16 ft.,8,87,15,1,0,20251107,MIL,CHI,8240,0,1630172|1630188|1630245|1630581|1641824,0,REG,2026,1610612741,,,,,
22500035192,,Shot Chart Detail,22500035,192,1630172,Patrick Williams,1610612741,Chicago Bulls,2,9,43,Made Shot,Jump Shot,3PT Field Goal,Above the Break 3,Center(C),24+ ft.,26,23,261,1,1,20251107,MIL,CHI,8570,0,1630172|1630188|1630245|1630581|1641824,1,REG,2026,1610612741,,,,,
22500035196,,Shot Chart Detail,22500035,196,1641824,Matas Buzelis,1610612741,Chicago Bulls,2,9,9,Made Shot,Driving Layup Shot,2PT Field Goal,Restricted Area,Center(C),Less Than 8 ft.,2,-12,19,1,1,20251107,MIL,CHI,8910,0,1630172|1630188|1630245|1630581|1641824,0,REG,2026,1610612741,,,,,
22500035198,,Shot Chart Detail,22500035,198,1630581,Josh Giddey,1610612741,Chicago Bulls,2,8,39,Made Shot,Turnaround Jump Shot,2PT Field Goal,In The Paint (Non-RA),Center(C),Less Than 8 ft.,7,-10,79,1,1,20251107,MIL,CHI,9210,0,1630172|1630188|1630245|1630581|1641824,1,REG,2026,1610612741,,,,,
22500035202,,Shot Chart Detail,22500035,202,1630245,Ayo Dosunmu,1610612741,Chicago Bulls,2,8,15,Missed Shot,Jump Shot,3PT Field Goal,Above the Break 3,Right Side Center(RC),24+ ft.,27,142,237,1,0,20251107,MIL,CHI,9450,0,1630172|1630188|1630245|1630581|1641824,0,REG,2026,1610612741,,,,,
22500035216,,Shot Chart Detail,22500035,216,1630188,Jalen Smith,1610612741,Chicago Bulls,2,7,43,Made Shot,Driving Layup Shot,2PT Field Goal,Restricted Area,Center(C),Less Than 8 ft.,1,-13,8,1,1,20251107,MIL,CHI,9770,0,1630188|1630581|1631207|1641763|1641824,1,REG,2026,1610612741,,,,,
22500035219,,Shot Chart Detail,22500035,219,1630188,Jalen Smith,1610612741,Chicago Bulls,2,7,20,Missed Shot,Jump Shot,3PT Field Goal,Above the Break 3,Center(C),24+ ft.,26,1,266,1,0,20251107,MIL,CHI,10000,0,1630188|1630581|1631207|1641763|1641824,0,REG,2026,1610612741,,,,,
22500035228,,Shot Chart Detail,22500035,228,1641824,Matas Buzelis,1610612741,Chicago Bulls,2,6,41,Made Shot,Jump Shot,3PT Field Goal,Right Corner 3,Right Side(R),24+ ft.,24,232,81,1,1,20251107,MIL,CHI,10390,0,202696|1630581|1631207|1641763|1641824,1,REG,2026,1610612741,,,,,
22500035232,,Shot Chart Detail,22500035,232,1641763,Julian Phillips,1610612741,Chicago Bulls,2,6,16,Missed Shot,Running Jump Shot,3PT Field Goal,Left Corner 3,Left Side(L),24+ ft.,24,-239,45,1,0,20251107,MIL,CHI,10640,0,202696|1630581|1631207|1641763|1641824,0,REG,2026,1610612741,,,,,
22500035243,,Shot Chart Detail,22500035,243,1641763,Julian Phillips,1610612741,Chicago Bulls,2,5,49,Missed Shot,Driving Reverse Layup Shot,2PT Field Goal,Restricted Area,Center(C),Less Than 8 ft.,1,-13,11,1,0,20251107,MIL,CHI,10910,0,202696|1628989|1630581|1631207|1641763,0,REG,2026,1610612741,,,,,
22500035247,,Shot Chart Detail,22500035,247,1630581,Josh Giddey,1610612741,Chicago Bulls,2,5,30,Made Shot,Running Pull-Up Jump Shot,3PT Field Goal,Above the Break 3,Left Side Center(LC),24+ ft.,27,-159,221,1,1,20251107,MIL,CHI,11100,0,202696|1628989|1630581|1631207|1641763,1,REG,2026,1610612741,,,,,
22500035274,,Shot Chart Detail,22500035,274,202696,Nikola Vučević,1610612741,Chicago Bulls,2,3,55,Missed Shot,Turnaround Jump Shot,2PT Field Goal,In The Paint (Non-RA),Center(C),8-16 ft.,13,-25,136,1,0,20251107,MIL,CHI,12050,0,202696|1628989|1630200|1630245|1641824,0,REG,2026,1610612741,,,,,
22500035280,,Shot Chart Detail,22500035,280,202696,Nikola Vučević,1610612741,Chicago Bulls,2,3,23,Missed Shot,Hook Shot,2PT Field Goal,In The Paint (Non-RA),Center(C),Less Than 8 ft.,7,12,75,1,0,20251107,MIL,CHI,12370,0,202696|1628989|1630200|1630245|1641824,0,REG,2026,1610612741,,,,,
22500035285,,Shot Chart Detail,22500035,285,1641824,Matas Buzelis,1610612741,Chicago Bulls,2,3,3,Made Shot,Driving Finger Roll Layup Shot,2PT Field Goal,Restricted Area,Center(C),Less Than 8 ft.,3,4,35,1,1,20251107,MIL,CHI,12570,0,202696|1628989|1630200|1630245|1641824,1,REG,2026,1610612741,,,,,
22500035294,,Shot Chart Detail,22500035,294,202696,Nikola Vučević,1610612741,Chicago Bulls,2,2,27,Missed Shot,Jump Shot,2PT Field Goal,Mid-Range,Right Side(R),16-24 ft.,18,184,4,1,0,20251107,MIL,CHI,12930,0,202696|1628989|1630200|1630581|1641824,0,REG,2026,1610612741,,,,,
22500035302,,Shot Chart Detail,22500035,302,1628989,Kevin Huerter,1610612741,Chicago Bulls,2,2,9,Missed Shot,Jump Shot,3PT Field Goal,Above the Break 3,Left Side Center(LC),24+ ft.,25,-221,130,1,0,20251107,MIL,CHI,13110,0,202696|1628989|1630200|1630581|1641824,0,REG,2026,1610612741,,,,,
22500035306,,Shot Chart Detail,22500035,306,1630581,Josh Giddey,1610612741,Chicago Bulls,2,1,48,Made Shot,Step Back Jump shot,3PT Field Goal,Above the Break 3,Right Side Center(RC),24+ ft.,26,87,246,1,1,20251107,MIL,CHI,13320,0,202696|1628989|1630200|1630581|1641824,1,REG,2026,1610612741,,,,,
22500035310,,Shot Chart Detail,22500035,310,1628989,Kevin Huerter,1610612741,Chicago Bulls,2,1,25,Made Shot,Running Layup Shot,2PT Field Goal,Restricted Area,Center(C),Less Than 8 ft.,1,-9,11,1,1,20251107,MIL,CHI,13550,0,202696|1628989|1630200|1630581|1641824,1,REG,2026,1610612741,,,,,
22500035325,,Shot Chart Detail,22500035,325,1630172,Patrick Williams,1610612741,Chicago Bulls,2,0,13,Missed Shot,Driving Floating Jump Shot,2PT Field Goal,Restricted Area,Center(C),Less Than 8 ft.,2,1,29,1,0,20251107,MIL,CHI,14270,0,202696|1630172|1630200|1630581|1641824,0,REG,2026,1610612741,,,,,
22500035329,,Shot Chart Detail,22500035,329,1630581,Josh Giddey,1610612741,Chicago Bulls,2,0,1,Made Shot,Driving Finger Roll Layup Shot,2PT Field Goal,Restricted Area,Center(C),Less Than 8 ft.,1,-15,-2,1,1,20251107,MIL,CHI,14390,0,202696|1630172|1630200|1630581|1641824,0,REG,2026,1610612741,,,,,
22500035342,,Shot Chart Detail,22500035,342,1630200,Tre Jones,1610612741,Chicago Bulls,3,11,35,Made Shot,Driving Finger Roll Layup Shot,2PT Field Goal,Restricted Area,Center(C),Less Than 8 ft.,1,-10,6,1,1,20251107,MIL,CHI,14650,0,202696|1630171|1630200|1630581|1641824,1,REG,2026,1610612741,,,,,
22500035354,,Shot Chart Detail,22500035,354,1641824,Matas Buzelis,1610612741,Chicago Bulls,3,10,40,Missed Shot,Running Layup Shot,2PT Field Goal,Restricted Area,Center(C),Less Than 8 ft.,1,11,5,1,0,20251107,MIL,CHI,15200,0,202696|1630171|1630200|1630581|1641824,0,REG,2026,1610612741,,,,,
22500035356,,Shot Chart Detail,22500035,356,1630200,Tre Jones,1610612741,Chicago Bulls,3,10,35,Made Shot,Tip Layup Shot,2PT Field Goal,Restricted Area,Center(C),Less Than 8 ft.,0,0,0,1,1,20251107,MIL,CHI,15250,0,202696|1630171|1630200|1630581|1641824,0,REG,2026,1610612741,,,,,
22500035359,,Shot Chart Detail,22500035,359,202696,Nikola Vučević,1610612741,Chicago Bulls,3,10,13,Made Shot,Jump Shot,2PT Field Goal,Mid-Range,Left Side Center(LC),16-24 ft.,18,-110,153,1,1,20251107,MIL,CHI,15470,0,202696|1630171|1630200|1630581|1641824,1,REG,2026,1610612741,,,,,
22500035363,,Shot Chart Detail,22500035,363,1630200,Tre Jones,1610612741,Chicago Bulls,3,9,45,Missed Shot,Running Layup Shot,2PT Field Goal,Restricted Area,Center(C),Less Than 8 ft.,2,21,16,1,0,20251107,MIL,CHI,15750,0,202696|1630171|1630200|1630581|1641824,0,REG,2026,1610612741,,,,,
22500035368,,Shot Chart Detail,22500035,368,1630200,Tre Jones,1610612741,Chicago Bulls,3,9,23,Missed Shot,Jump Shot,2PT Field Goal,Mid-Range,Left Side(L),16-24 ft.,21,-212,7,1,0,20251107,MIL,CHI,15970,0,202696|1630171|1630200|1630581|1641824,0,REG,2026,1610612741,,,,,
22500035372,,Shot Chart Detail,22500035,372,202696,Nikola Vučević,1610612741,Chicago Bulls,3,9,3,Missed Shot,Layup Shot,2PT Field Goal,In The Paint (Non-RA),Center(C),Less Than 8 ft.,4,-12,46,1,0,20251107,MIL,CHI,16170,0,202696|1630171|1630200|1630581|1641824,0,REG,2026,1610612741,,,,,
22500035377,,Shot Chart Detail,22500035,377,1630171,Isaac Okoro,1610612741,Chicago Bulls,3,8,41,Missed Shot,Reverse Layup Shot,2PT Field Goal,Restricted Area,Center(C),Less Than 8 ft.,2,2,22,1,0,20251107,MIL,CHI,16390,0,202696|1630171|1630200|1630581|1641824,0,REG,2026,1610612741,,,,,
22500035380,,Shot Chart Detail,22500035,380,1630581,Josh Giddey,1610612741,Chicago Bulls,3,8,35,Missed Shot,Pullup Jump shot,3PT Field Goal,Above the Break 3,Left Side Center(LC),24+ ft.,26,-221,141,1,0,20251107,MIL,CHI,16450,0,202696|1630171|1630200|1630581|1641824,0,REG,2026,1610612741,,,,,
22500035396,,Shot Chart Detail,22500035,396,1628989,Kevin Huerter,1610612741,Chicago Bulls,3,7,38,Made Shot,Running Dunk Shot,2PT Field Goal,Restricted Area,Center(C),Less Than 8 ft.,2,9,18,1,1,20251107,MIL,CHI,17020,0,202696|1628989|1630171|1630172|1630581,1,REG,2026,1610612741,,,,,
22500035402,,Shot Chart Detail,22500035,402,202696,Nikola Vučević,1610612741,Chicago Bulls,3,6,47,Missed Shot,Floating Jump shot,2PT Field Goal,In The Paint (Non-RA),Center(C),8-16 ft.,14,-64,132,1,0,20251107,MIL,CHI,17530,0,202696|1628989|1630171|1630172|1630581,0,REG,2026,1610612741,,,,,
22500035416,,Shot Chart Detail,22500035,416,1630581,Josh Giddey,1610612741,Chicago Bulls,3,6,12,Missed Shot,Driving Finger Roll Layup Shot,2PT Field Goal,Restricted Area,Center(C),Less Than 8 ft.,3,27,15,1,0,20251107,MIL,CHI,17880,0,202696|1628989|1630172|1630581|1641824,0,REG,2026,1610612741,,,,,
22500035419,,Shot Chart Detail,22500035,419,1628989,Kevin Huerter,1610612741,Chicago Bulls,3,5,50,Made Shot,Cutting Dunk Shot,2PT Field Goal,Restricted Area,Center(C),Less Than 8 ft.,1,0,15,1,1,20251107,MIL,CHI,18100,0,202696|1628989|1630172|1630581|1641824,1,REG,2026,1610612741,,,,,
22500035423,,Shot Chart Detail,22500035,423,1628989,Kevin Huerter,1610612741,Chicago Bulls,3,5,24,Made Shot,Running Reverse Layup Shot,2PT Field Goal,Restricted Area,Center(C),Less Than 8 ft.,1,4,13,1,1,20251107,MIL,CHI,18360,0,202696|1628989|1630172|1630581|1641824,1,REG,2026,1610612741,,,,,
22500035437,,Shot Chart Detail,22500035,437,202696,Nikola Vučević,1610612741,Chicago Bulls,3,4,50,Made Shot,Jump Shot,3PT Field Goal,Above the Break 3,Left Side Center(LC),24+ ft.,27,-157,222,1,1,20251107,MIL,CHI,18700,0,202696|1628989|1630172|1630581|1641824,1,REG,2026,1610612741,,,,,
22500035445,,Shot Chart Detail,22500035,445,202696,Nikola Vučević,1610612741,Chicago Bulls,3,4,14,Made Shot,Cutting Layup Shot,2PT Field Goal,Restricted Area,Center(C),Less Than 8 ft.,0,0,4,1,1,20251107,MIL,CHI,19060,0,202696|1628989|1630172|1630581|1641824,1,REG,2026,1610612741,,,,,
22500035449,,Shot Chart Detail,22500035,449,1628989,Kevin Huerter,1610612741,Chicago Bulls,3,3,50,Missed Shot,Driving Floating Bank Jump Shot,2PT Field Goal,Restricted Area,Center(C),Less Than 8 ft.,2,20,16,1,0,20251107,MIL,CHI,19300,0,202696|1628989|1630172|1630581|1641824,0,REG,2026,1610612741,,,,,
22500035453,,Shot Chart Detail,22500035,453,1630581,Josh Giddey,1610612741,Chicago Bulls,3,3,36,Missed Shot,Driving Layup Shot,2PT Field Goal,Restricted Area,Center(C),Less Than 8 ft.,3,2,33,1,0,20251107,MIL,CHI,19440,0,202696|1628989|1630172|1630581|1641824,0,REG,2026,1610612741,,,,,
22500035475,,Shot Chart Detail,22500035,475,1641824,Matas Buzelis,1610612741,Chicago Bulls,3,2,25,Missed Shot,Pullup Jump shot,3PT Field Goal,Above the Break 3,Left Side Center(LC),24+ ft.,30,-203,223,1,0,20251107,MIL,CHI,20150,0,1630172|1630188|1630200|1630245|1641824,0,REG,2026,1610612741,,,,,
22500035495,,Shot Chart Detail,22500035,495,1630172,Patrick Williams,1610612741,Chicago Bulls,3,1,11,Missed Shot,Jump Shot,3PT Field Goal,Above the Break 3,Left Side Center(LC),24+ ft.,26,-127,227,1,0,20251107,MIL,CHI,20890,0,1630172|1630188|1630200|1630245|1641824,0,REG,2026,1610612741,,,,,
22500035504,,Shot Chart Detail,22500035,504,1630188,Jalen Smith,1610612741,Chicago Bulls,3,0,24,Missed Shot,Dunk Shot,2PT Field Goal,Restricted Area,Center(C),Less Than 8 ft.,3,29,17,1,0,20251107,MIL,CHI,21360,0,1630172|1630188|1630200|1630245|1641824,0,REG,2026,1610612741,,,,,
22500035509,,Shot Chart Detail,22500035,509,1641824,Matas Buzelis,1610612741,Chicago Bulls,3,0,1,Made Shot,Step Back Jump shot,3PT Field Goal,Left Corner 3,Left Side(L),24+ ft.,24,-229,78,1,1,20251107,MIL,CHI,21590,0,1630172|1630188|1630200|1630245|1641824,1,REG,2026,1610612741,,,,,
22500035517,,Shot Chart Detail,22500035,517,1630245,Ayo Dosunmu,1610612741,Chicago Bulls,4,11,40,Missed Shot,Jump Shot,3PT Field Goal,Right Corner 3,Right Side(R),24+ ft.,23,233,-6,1,0,20251107,MIL,CHI,21800,0,1630171|1630188|1630200|1630245|1641824,0,REG,2026,1610612741,,,,,
22500035521,,Shot Chart Detail,22500035,521,1630245,Ayo Dosunmu,1610612741,Chicago Bulls,4,11,6,Made Shot,Driving Floating Jump Shot,2PT Field Goal,In The Paint (Non-RA),Center(C),8-16 ft.,8,-38,78,1,1,20251107,MIL,CHI,22140,0,1630171|1630188|1630200|1630245|1641824,1,REG,2026,1610612741,,,,,
22500035528,,Shot Chart Detail,22500035,528,1630245,Ayo Dosunmu,1610612741,Chicago Bulls,4,10,30,Missed Shot,Driving Finger Roll Layup Shot,2PT Field Goal,Restricted Area,Center(C),Less Than 8 ft.,1,6,10,1,0,20251107,MIL,CHI,22500,0,1630171|1630188|1630200|1630245|1641824,0,REG,2026,1610612741,,,,,
22500035530,,Shot Chart Detail,22500035,530,1630188,Jalen Smith,1610612741,Chicago Bulls,4,10,29,Made Shot,Tip Layup Shot,2PT Field Goal,Restricted Area,Center(C),Less Than 8 ft.,0,0,0,1,1,20251107,MIL,CHI,22510,0,1630171|1630188|1630200|1630245|1641824,0,REG,2026,1610612741,,,,,
22500035535,,Shot Chart Detail,22500035,535,1630171,Isaac Okoro,1610612741,Chicago Bulls,4,10,9,Made Shot,Cutting Layup Shot,2PT Field Goal,Restricted Area,Center(C),Less Than 8 ft.,1,1,17,1,1,20251107,MIL,CHI,22710,0,1630171|1630188|1630200|1630245|1641824,1,REG,2026,1610612741,,,,,
22500035540,,Shot Chart Detail,22500035,540,1630171,Isaac Okoro,1610612741,Chicago Bulls,4,9,41,Made Shot,Cutting Layup Shot,2PT Field Goal,Restricted Area,Center(C),Less Than 8 ft.,1,5,17,1,1,20251107,MIL,CHI,22990,0,1630171|1630188|1630200|1630245|1641824,1,REG,2026,1610612741,,,,,
22500035544,,Shot Chart Detail,22500035,544,1630171,Isaac Okoro,1610612741,Chicago Bulls,4,9,24,Made Shot,Running Layup Shot,2PT Field Goal,Restricted Area,Center(C),Less Than 8 ft.,1,4,13,1,1,20251107,MIL,CHI,23160,0,1630171|1630188|1630200|1630245|1641824,1,REG,2026,1610612741,,,,,
22500035555,,Shot Chart Detail,22500035,555,1630245,Ayo Dosunmu,1610612741,Chicago Bulls,4,8,53,Made Shot,Driving Finger Roll Layup Shot,2PT Field Goal,In The Paint (Non-RA),Center(C),Less Than 8 ft.,4,40,26,1,1,20251107,MIL,CHI,23470,0,1630171|1630172|1630188|1630245|1630581,0,REG,2026,1610612741,,,,,
22500035557,,Shot Chart Detail,22500035,557,1630172,Patrick Williams,1610612741,Chicago Bulls,4,8,33,Made Shot,Jump Shot,3PT Field Goal,Above the Break 3,Left Side Center(LC),24+ ft.,27,-175,218,1,1,20251107,MIL,CHI,23670,0,1630171|1630172|1630188|1630245|1630581,1,REG,2026,1610612741,,,,,
22500035579,,Shot Chart Detail,22500035,579,1641824,Matas Buzelis,1610612741,Chicago Bulls,4,7,23,Missed Shot,Jump Shot,3PT Field Goal,Above the Break 3,Right Side Center(RC),24+ ft.,25,125,227,1,0,20251107,MIL,CHI,24370,0,202696|1630172|1630581|1631207|1641824,0,REG,2026,1610612741,,,,,
22500035593,,Shot Chart Detail,22500035,593,1641824,Matas Buzelis,1610612741,Chicago Bulls,4,6,29,Missed Shot,Jump Shot,3PT Field Goal,Above the Break 3,Left Side Center(LC),24+ ft.,24,-230,89,1,0,20251107,MIL,CHI,24910,0,202696|1630172|1630581|1631207|1641824,0,REG,2026,1610612741,,,,,
22500035597,,Shot Chart Detail,22500035,597,1631207,Dalen Terry,1610612741,Chicago Bulls,4,6,12,Made Shot,Driving Finger Roll Layup Shot,2PT Field Goal,In The Paint (Non-RA),Center(C),Less Than 8 ft.,5,-36,44,1,1,20251107,MIL,CHI,25080,0,202696|1630172|1630581|1631207|1641824,1,REG,2026,1610612741,,,,,
22500035602,,Shot Chart Detail,22500035,602,1641824,Matas Buzelis,1610612741,Chicago Bulls,4,5,29,Made Shot,Cutting Finger Roll Layup Shot,2PT Field Goal,In The Paint (Non-RA),Center(C),Less Than 8 ft.,6,-66,2,1,1,20251107,MIL,CHI,25510,0,202696|1630172|1630581|1631207|1641824,1,REG,2026,1610612741,,,,,
22500035612,,Shot Chart Detail,22500035,612,1630171,Isaac Okoro,1610612741,Chicago Bulls,4,4,57,Missed Shot,Jump Shot,3PT Field Goal,Right Corner 3,Right Side(R),24+ ft.,23,234,7,1,0,20251107,MIL,CHI,25830,0,202696|1630171|1630200|1630245|1630581,0,REG,2026,1610612741,,,,,
22500035616,,Shot Chart Detail,22500035,616,1630581,Josh Giddey,1610612741,Chicago Bulls,4,4,24,Missed Shot,Step Back Jump shot,3PT Field Goal,Above the Break 3,Center(C),24+ ft.,26,71,256,1,0,20251107,MIL,CHI,26160,0,202696|1630171|1630200|1630245|1630581,0,REG,2026,1610612741,,,,,
22500035630,,Shot Chart Detail,22500035,630,202696,Nikola Vučević,1610612741,Chicago Bulls,4,3,42,Made Shot,Turnaround Hook Shot,2PT Field Goal,Restricted Area,Center(C),Less Than 8 ft.,2,26,13,1,1,20251107,MIL,CHI,26580,0,202696|1628989|1630200|1630581|1641824,1,REG,2026,1610612741,,,,,
22500035638,,Shot Chart Detail,22500035,638,202696,Nikola Vučević,1610612741,Chicago Bulls,4,3,2,Made Shot,Cutting Layup Shot,2PT Field Goal,Restricted Area,Center(C),Less Than 8 ft.,1,-1,11,1,1,20251107,MIL,CHI,26980,0,202696|1628989|1630200|1630581|1641824,1,REG,2026,1610612741,,,,,
22500035642,,Shot Chart Detail,22500035,642,1628989,Kevin Huerter,1610612741,Chicago Bulls,4,2,28,Missed Shot,Running Jump Shot,3PT Field Goal,Above the Break 3,Left Side Center(LC),24+ ft.,28,-208,201,1,0,20251107,MIL,CHI,27320,0,202696|1628989|1630200|1630581|1641824,0,REG,2026,1610612741,,,,,
22500035647,,Shot Chart Detail,22500035,647,1630581,Josh Giddey,1610612741,Chicago Bulls,4,1,59,Missed Shot,Driving Layup Shot,2PT Field Goal,In The Paint (Non-RA),Center(C),Less Than 8 ft.,7,-61,36,1,0,20251107,MIL,CHI,27610,0,202696|1628989|1630200|1630581|1641824,0,REG,2026,1610612741,,,,,
22500035651,,Shot Chart Detail,22500035,651,1630200,Tre Jones,1610612741,Chicago Bulls,4,1,33,Made Shot,Driving Layup Shot,2PT Field Goal,Restricted Area,Center(C),Less Than 8 ft.,1,7,16,1,1,20251107,MIL,CHI,27870,0,202696|1628989|1630200|1630581|1641824,0,REG,2026,1610612741,,,,,
22500035663,,Shot Chart Detail,22500035,663,1630200,Tre Jones,1610612741,Chicago Bulls,4,0,40,Made Shot,Running Finger Roll Layup Shot,2PT Field Goal,Restricted Area,Center(C),Less Than 8 ft.,2,10,25,1,1,20251107,MIL,CHI,28400,0,202696|1628989|1630200|1630581|1641824,0,REG,2026,1610612741,,,,,
22500035689,,Shot Chart Detail,22500035,689,1628989,Kevin Huerter,1610612741,Chicago Bulls,4,0,34,Missed Shot,Driving Layup Shot,2PT Field Goal,Restricted Area,Center(C),Less Than 8 ft.,2,-16,16,1,0,20251107,MIL,CHI,28460,0,202696|1628989|1630200|1630581|1641824,0,REG,2026,1610612741,,,,,
22500035675,,Shot Chart Detail,22500035,675,1641824,Matas Buzelis,1610612741,Chicago Bulls,4,0,14,Missed Shot,Jump Shot,3PT Field Goal,Above the Break 3,Left Side Center(LC),24+ ft.,25,-149,207,1,0,20251107,MIL,CHI,28660,0,202696|1628989|1630200|1630581|1641824,0,REG,2026,1610612741,,,,,
22500035677,,Shot Chart Detail,22500035,677,1630200,Tre Jones,1610612741,Chicago Bulls,4,0,10,Made Shot,Putback Layup Shot,2PT Field Goal,Restricted Area,Center(C),Less Than 8 ft.,2,23,16,1,1,20251107,MIL,CHI,28700,0,202696|1628989|1630200|1630581|1641824,0,REG,2026,1610612741,,,,,
2250005110,,Shot Chart Detail,22500051,10,1630581,Josh Giddey,1610612741,Chicago Bulls,1,11,12,Made Shot,Jump Shot,3PT Field Goal,Right Corner 3,Right Side(R),24+ ft.,22,223,3,1,1,20251121,CHI,MIA,480,0,202696|1630171|1630245|1630581|1641824,1,REG,2026,1610612741,,,,,
2250005115,,Shot Chart Detail,22500051,15,1630171,Isaac Okoro,1610612741,Chicago Bulls,1,10,30,Missed Shot,Jump Shot,3PT Field Goal,Above the Break 3,Right Side Center(RC),24+ ft.,25,146,208,1,0,20251121,CHI,MIA,900,0,202696|1630171|1630245|1630581|1641824,0,REG,2026,1610612741,,,,,
2250005122,,Shot Chart Detail,22500051,22,1630581,Josh Giddey,1610612741,Chicago Bulls,1,10,9,Made Shot,Running Layup Shot,2PT Field Goal,Restricted Area,Center(C),Less Than 8 ft.,1,1,13,1,1,20251121,CHI,MIA,1110,0,202696|1630171|1630245|1630581|1641824,0,REG,2026,1610612741,,,,,
2250005125,,Shot Chart Detail,22500051,25,202696,Nikola Vučević,1610612741,Chicago Bulls,1,9,48,Missed Shot,Jump Shot,3PT Field Goal,Right Corner 3,Right Side(R),24+ ft.,23,233,31,1,0,20251121,CHI,MIA,1320,0,202696|1630171|1630245|1630581|1641824,0,REG,2026,1610612741,,,,,
2250005134,,Shot Chart Detail,22500051,34,1630245,Ayo Dosunmu,1610612741,Chicago Bulls,1,9,16,Made Shot,Cutting Layup Shot,2PT Field Goal,Restricted Area,Center(C),Less Than 8 ft.,0,6,6,1,1,20251121,CHI,MIA,1640,0,202696|1630171|1630245|1630581|1641824,1,REG,2026,1610612741,,,,,
2250005148,,Shot Chart Detail,22500051,48,1630171,Isaac Okoro,1610612741,Chicago Bulls,1,8,46,Made Shot,Layup Shot,2PT Field Goal,Restricted Area,Center(C),Less Than 8 ft.,1,-10,9,1,1,20251121,CHI,MIA,1940,0,202696|1630171|1630245|1630581|1641824,1,REG,2026,1610612741,,,,,
2250005152,,Shot Chart Detail,22500051,52,1630171,Isaac Okoro,1610612741,Chicago Bulls,1,8,26,Missed Shot,Running Layup Shot,2PT Field Goal,Restricted Area,Center(C),Less Than 8 ft.,1,7,15,1,0,20251121,CHI,MIA,2140,0,202696|1630171|1630245|1630581|1641824,0,REG,2026,1610612741,,,,,
2250005183,,Shot Chart Detail,22500051,83,1630171,Isaac Okoro,1610612741,Chicago Bulls,1,6,53,Made Shot,Cutting Layup Shot,2PT Field Goal,Restricted Area,Center(C),Less Than 8 ft.,1,7,9,1,1,20251121,CHI,MIA,3070,0,202696|1628989|1630171|1630172|1630581,1,REG,2026,1610612741,,,,,
2250005187,,Shot Chart Detail,22500051,87,1630172,Patrick Williams,1610612741,Chicago Bulls,1,6,28,Made Shot,Driving Layup Shot,2PT Field Goal,In The Paint (Non-RA),Center(C),Less Than 8 ft.,6,-60,14,1,1,20251121,CHI,MIA,3320,0,202696|1628989|1630171|1630172|1630581,0,REG,2026,1610612741,,,,,
2250005198,,Shot Chart Detail,22500051,98,202696,Nikola Vučević,1610612741,Chicago Bulls,1,5,36,Missed Shot,Hook Shot,2PT Field Goal,Restricted Area,Center(C),Less Than 8 ft.,3,31,11,1,0,20251121,CHI,MIA,3840,0,202696|1628989|1630171|1630172|1630581,0,REG,2026,1610612741,,,,,
22500051113,,Shot Chart Detail,22500051,113,1630188,Jalen Smith,1610612741,Chicago Bulls,1,5,1,Made Shot,Cutting Dunk Shot,2PT Field Goal,Restricted Area,Center(C),Less Than 8 ft.,0,7,4,1,1,20251121,CHI,MIA,4190,0,1628989|1630171|1630172|1630188|1630200,1,REG,2026,1610612741,,,,,
22500051118,,Shot Chart Detail,22500051,118,1630172,Patrick Williams,1610612741,Chicago Bulls,1,4,34,Missed Shot,Jump Shot,3PT Field Goal,Above the Break 3,Left Side Center(LC),24+ ft.,24,-141,200,1,0,20251121,CHI,MIA,4460,0,1628989|1630171|1630172|1630188|1630200,0,REG,2026,1610612741,,,,,
22500051129,,Shot Chart Detail,22500051,129,1630200,Tre Jones,1610612741,Chicago Bulls,1,4,18,Missed Shot,Jump Shot,3PT Field Goal,Above the Break 3,Right Side Center(RC),24+ ft.,25,134,216,1,0,20251121,CHI,MIA,4620,0,1628989|1630172|1630188|1630200|1630245,0,REG,2026,1610612741,,,,,
22500051133,,Shot Chart Detail,22500051,133,1630245,Ayo Dosunmu,1610612741,Chicago Bulls,1,3,43,Made Shot,Driving Finger Roll Layup Shot,2PT Field Goal,Restricted Area,Center(C),Less Than 8 ft.,2,25,9,1,1,20251121,CHI,MIA,4970,0,1628989|1630172|1630188|1630200|1630245,0,REG,2026,1610612741,,,,,
22500051136,,Shot Chart Detail,22500051,136,1630245,Ayo Dosunmu,1610612741,Chicago Bulls,1,3,27,Missed Shot,Running Layup Shot,2PT Field Goal,Restricted Area,Center(C),Less Than 8 ft.,1,-12,11,1,0,20251121,CHI,MIA,5130,0,1628989|1630172|1630188|1630200|1630245,0,REG,2026,1610612741,,,,,
22500051150,,Shot Chart Detail,22500051,150,1630188,Jalen Smith,1610612741,Chicago Bulls,1,2,56,Missed Shot,Jump Shot,3PT Field Goal,Above the Break 3,Right Side Center(RC),24+ ft.,27,185,198,1,0,20251121,CHI,MIA,5440,0,1630188|1630200|1630245|1631207|1641824,0,REG,2026,1610612741,,,,,
22500051154,,Shot Chart Detail,22500051,154,1641824,Matas Buzelis,1610612741,Chicago Bulls,1,2,33,Missed Shot,Jump Shot,3PT Field Goal,Above the Break 3,Left Side Center(LC),24+ ft.,24,-129,208,1,0,20251121,CHI,MIA,5670,0,1630188|1630200|1630245|1631207|1641824,0,REG,2026,1610612741,,,,,
22500051161,,Shot Chart Detail,22500051,161,1630200,Tre Jones,1610612741,Chicago Bulls,1,2,7,Made Shot,Driving Floating Bank Jump Shot,2PT Field Goal,In The Paint (Non-RA),Center(C),Less Than 8 ft.,7,71,32,1,1,20251121,CHI,MIA,5930,0,1630188|1630200|1630245|1631207|1641824,1,REG,2026,1610612741,,,,,
22500051165,,Shot Chart Detail,22500051,165,1630188,Jalen Smith,1610612741,Chicago Bulls,1,1,48,Made Shot,Jump Shot,3PT Field Goal,Above the Break 3,Right Side Center(RC),24+ ft.,26,107,240,1,1,20251121,CHI,MIA,6120,0,1630188|1630200|1630245|1631207|1641824,1,REG,2026,1610612741,,,,,
22500051177,,Shot Chart Detail,22500051,177,1630188,Jalen Smith,1610612741,Chicago Bulls,1,1,4,Made Shot,Jump Shot,3PT Field Goal,Above the Break 3,Right Side Center(RC),24+ ft.,25,199,153,1,1,20251121,CHI,MIA,6560,0,1630188|1630200|1630245|1631207|1641763,1,REG,2026,1610612741,,,,,
22500051187,,Shot Chart Detail,22500051,187,1630245,Ayo Dosunmu,1610612741,Chicago Bulls,1,0,25,Missed Shot,Driving Floating Jump Shot,2PT Field Goal,In The Paint (Non-RA),Center(C),Less Than 8 ft.,6,9,69,1,0,20251121,CHI,MIA,6950,0,1630188|1630200|1630245|1631207|1641763,0,REG,2026,1610612741,,,,,
22500051218,,Shot Chart Detail,22500051,218,1631207,Dalen Terry,1610612741,Chicago Bulls,2,10,36,Missed Shot,Driving Floating Bank Jump Shot,2PT Field Goal,Restricted Area,Center(C),Less Than 8 ft.,1,-11,13,1,0,20251121,CHI,MIA,8040,0,1628975|1630188|1630581|1631207|1641763,0,REG,2026,1610612741,,,,,
22500051230,,Shot Chart Detail,22500051,230,1630581,Josh Giddey,1610612741,Chicago Bulls,2,10,9,Missed Shot,Driving Floating Jump Shot,2PT Field Goal,In The Paint (Non-RA),Center(C),Less Than 8 ft.,5,-53,4,1,0,20251121,CHI,MIA,8310,0,1628975|1628989|1630171|1630188|1630581,0,REG,2026,1610612741,,,,,
22500051241,,Shot Chart Detail,22500051,241,1630171,Isaac Okoro,1610612741,Chicago Bulls,2,9,35,Missed Shot,Reverse Layup Shot,2PT Field Goal,Restricted Area,Center(C),Less Than 8 ft.,1,-10,5,1,0,20251121,CHI,MIA,8650,0,1628975|1628989|1630171|1630188|1630581,0,REG,2026,1610612741,,,,,
22500051247,,Shot Chart Detail,22500051,247,1628975,Jevon Carter,1610612741,Chicago Bulls,2,9,7,Missed Shot,Jump Shot,3PT Field Goal,Above the Break 3,Left Side Center(LC),24+ ft.,26,-205,161,1,0,20251121,CHI,MIA,8930,0,1628975|1628989|1630171|1630188|1630581,0,REG,2026,1610612741,,,,,
22500051250,,Shot Chart Detail,22500051,250,1628989,Kevin Huerter,1610612741,Chicago Bulls,2,8,32,Made Shot,Pullup Jump shot,3PT Field Goal,Above the Break 3,Center(C),24+ ft.,25,5,256,1,1,20251121,CHI,MIA,9280,0,1628975|1628989|1630171|1630188|1630581,1,REG,2026,1610612741,,,,,
22500051264,,Shot Chart Detail,22500051,264,1628989,Kevin Huerter,1610612741,Chicago Bulls,2,8,4,Missed Shot,Jump Shot,3PT Field Goal,Above the Break 3,Center(C),24+ ft.,25,-32,251,1,0,20251121,CHI,MIA,9560,0,202696|1628989|1630171|1630245|1641824,0,REG,2026,1610612741,,,,,
22500051274,,Shot Chart Detail,22500051,274,1630171,Isaac Okoro,1610612741,Chicago Bulls,2,7,25,Made Shot,Driving Layup Shot,2PT Field Goal,In The Paint (Non-RA),Center(C),Less Than 8 ft.,4,31,36,1,1,20251121,CHI,MIA,9950,0,202696|1628989|1630171|1630245|1641824,0,REG,2026,1610612741,,,,,
22500051278,,Shot Chart Detail,22500051,278,1628989,Kevin Huerter,1610612741,Chicago Bulls,2,6,58,Missed Shot,Jump Shot,3PT Field Goal,Above the Break 3,Left Side Center(LC),24+ ft.,27,-148,229,1,0,20251121,CHI,MIA,10220,0,202696|1628989|1630171|1630245|1641824,0,REG,2026,1610612741,,,,,
22500051287,,Shot Chart Detail,22500051,287,1630245,Ayo Dosunmu,1610612741,Chicago Bulls,2,6,24,Missed Shot,Running Layup Shot,2PT Field Goal,Restricted Area,Center(C),Less Than 8 ft.,1,11,11,1,0,20251121,CHI,MIA,10560,0,202696|1628989|1630171|1630245|1641824,0,REG,2026,1610612741,,,,,
22500051298,,Shot Chart Detail,22500051,298,1630245,Ayo Dosunmu,1610612741,Chicago Bulls,2,6,0,Made Shot,Driving Finger Roll Layup Shot,2PT Field Goal,Restricted Area,Center(C),Less Than 8 ft.,1,11,0,1,1,20251121,CHI,MIA,10800,0,202696|1628989|1630171|1630172|1630245,0,REG,2026,1610612741,,,,,
22500051301,,Shot Chart Detail,22500051,301,1630172,Patrick Williams,1610612741,Chicago Bulls,2,5,32,Missed Shot,Pullup Jump shot,3PT Field Goal,Above the Break 3,Center(C),24+ ft.,26,64,258,1,0,20251121,CHI,MIA,11080,0,202696|1628989|1630171|1630172|1630245,0,REG,2026,1610612741,,,,,
22500051305,,Shot Chart Detail,22500051,305,202696,Nikola Vučević,1610612741,Chicago Bulls,2,5,6,Missed Shot,Jump Shot,3PT Field Goal,Above the Break 3,Center(C),24+ ft.,25,66,250,1,0,20251121,CHI,MIA,11340,0,202696|1628989|1630171|1630172|1630245,0,REG,2026,1610612741,,,,,
22500051334,,Shot Chart Detail,22500051,334,1630200,Tre Jones,1610612741,Chicago Bulls,2,3,43,Missed Shot,Running Reverse Layup Shot,2PT Field Goal,Restricted Area,Center(C),Less Than 8 ft.,2,-18,14,1,0,20251121,CHI,MIA,12170,0,202696|1630172|1630200|1630581|1641824,0,REG,2026,1610612741,,,,,
22500051350,,Shot Chart Detail,22500051,350,202696,Nikola Vučević,1610612741,Chicago Bulls,2,3,20,Made Shot,Hook Shot,2PT Field Goal,In The Paint (Non-RA),Center(C),Less Than 8 ft.,5,6,58,1,1,20251121,CHI,MIA,12400,0,202696|1630172|1630200|1630581|1641824,0,REG,2026,1610612741,,,,,
22500051353,,Shot Chart Detail,22500051,353,1630581,Josh Giddey,1610612741,Chicago Bulls,2,2,54,Made Shot,Cutting Layup Shot,2PT Field Goal,Restricted Area,Center(C),Less Than 8 ft.,1,-18,6,1,1,20251121,CHI,MIA,12660,0,202696|1630172|1630200|1630581|1641824,1,REG,2026,1610612741,,,,,
22500051364,,Shot Chart Detail,22500051,364,1630581,Josh Giddey,1610612741,Chicago Bulls,2,2,21,Missed Shot,Driving Layup Shot,2PT Field Goal,Restricted Area,Center(C),Less Than 8 ft.,3,22,32,1,0,20251121,CHI,MIA,12990,0,202696|1630172|1630200|1630581|1641824,0,REG,2026,1610612741,,,,,
22500051368,,Shot Chart Detail,22500051,368,1630581,Josh Giddey,1610612741,Chicago Bulls,2,1,59,Made Shot,Cutting Layup Shot,2PT Field Goal,Restricted Area,Center(C),Less Than 8 ft.,1,-11,11,1,1,20251121,CHI,MIA,13210,0,202696|1630172|1630200|1630581|1641824,1,REG,2026,1610612741,,,,,
22500051373,,Shot Chart Detail,22500051,373,1641824,Matas Buzelis,1610612741,Chicago Bulls,2,1,33,Made Shot,Running Dunk Shot,2PT Field Goal,Restricted Area,Center(C),Less Than 8 ft.,1,-13,3,1,1,20251121,CHI,MIA,13470,0,202696|1630172|1630200|1630581|1641824,1,REG,2026,1610612741,,,,,
22500051376,,Shot Chart Detail,22500051,376,1641824,Matas Buzelis,1610612741,Chicago Bulls,2,1,3,Made Shot,Driving Finger Roll Layup Shot,2PT Field Goal,Restricted Area,Center(C),Less Than 8 ft.,2,-12,25,1,1,20251121,CHI,MIA,13770,0,202696|1630172|1630200|1630581|1641824,1,REG,2026,1610612741,,,,,
22500051379,,Shot Chart Detail,22500051,379,202696,Nikola Vučević,1610612741,Chicago Bulls,2,0,39,Made Shot,Hook Shot,2PT Field Goal,In The Paint (Non-RA),Center(C),Less Than 8 ft.,4,12,43,1,1,20251121,CHI,MIA,14010,0,202696|1630172|1630200|1630581|1641824,1,REG,2026,1610612741,,,,,
22500051389,,Shot Chart Detail,22500051,389,1630581,Josh Giddey,1610612741,Chicago Bulls,2,0,1,Missed Shot,Layup Shot,2PT Field Goal,Restricted Area,Center(C),Less Than 8 ft.,2,17,24,1,0,20251121,CHI,MIA,14390,0,202696|1630172|1630200|1630581|1641824,0,REG,2026,1610612741,,,,,
22500051393,,Shot Chart Detail,22500051,393,202696,Nikola Vučević,1610612741,Chicago Bulls,2,0,0,Missed Shot,Jump Shot,3PT Field Goal,Above the Break 3,Right Side Center(RC),24+ ft.,25,197,157,1,0,20251121,CHI,MIA,14400,0,202696|1630172|1630200|1630581|1641824,0,REG,2026,1610612741,,,,,
22500051422,,Shot Chart Detail,22500051,422,202696,Nikola Vučević,1610612741,Chicago Bulls,3,11,37,Missed Shot,Jump Shot,3PT Field Goal,Left Corner 3,Left Side(L),24+ ft.,23,-238,15,1,0,20251121,CHI,MIA,14630,0,202696|1630171|1630245|1630581|1641824,0,REG,2026,1610612741,,,,,
22500051429,,Shot Chart Detail,22500051,429,1630171,Isaac Okoro,1610612741,Chicago Bulls,3,11,4,Missed Shot,Driving Finger Roll Layup Shot,2PT Field Goal,Restricted Area,Center(C),Less Than 8 ft.,2,-16,15,1,0,20251121,CHI,MIA,14960,0,202696|1630171|1630245|1630581|1631207,0,REG,2026,1610612741,,,,,
22500051433,,Shot Chart Detail,22500051,433,202696,Nikola Vučević,1610612741,Chicago Bulls,3,11,1,Missed Shot,Fadeaway Jump Shot,2PT Field Goal,Mid-Range,Left Side Center(LC),16-24 ft.,20,-132,151,1,0,20251121,CHI,MIA,14990,0,202696|1630171|1630245|1630581|1631207,0,REG,2026,1610612741,,,,,
22500051447,,Shot Chart Detail,22500051,447,1630171,Isaac Okoro,1610612741,Chicago Bulls,3,9,55,Made Shot,Jump Shot,3PT Field Goal,Above the Break 3,Left Side Center(LC),24+ ft.,26,-168,200,1,1,20251121,CHI,MIA,15650,0,202696|1630171|1630245|1630581|1631207,1,REG,2026,1610612741,,,,,
22500051451,,Shot Chart Detail,22500051,451,1630581,Josh Giddey,1610612741,Chicago Bulls,3,9,26,Missed Shot,Driving Floating Bank Jump Shot,2PT Field Goal,Restricted Area,Center(C),Less Than 8 ft.,1,-4,10,1,0,20251121,CHI,MIA,15940,0,202696|1630171|1630245|1630581|1631207,0,REG,2026,1610612741,,,,,
22500051458,,Shot Chart Detail,22500051,458,1630581,Josh Giddey,1610612741,Chicago Bulls,3,9,1,Missed Shot,Jump Shot,3PT Field Goal,Above the Break 3,Left Side Center(LC),24+ ft.,27,-152,232,1,0,20251121,CHI,MIA,16190,0,202696|1630171|1630245|1630581|1631207,0,REG,2026,1610612741,,,,,
22500051472,,Shot Chart Detail,22500051,472,1628989,Kevin Huerter,1610612741,Chicago Bulls,3,8,32,Missed Shot,Jump Shot,3PT Field Goal,Above the Break 3,Left Side Center(LC),24+ ft.,25,-219,137,1,0,20251121,CHI,MIA,16480,0,202696|1628989|1630245|1630581|1631207,0,REG,2026,1610612741,,,,,
22500051484,,Shot Chart Detail,22500051,484,1630172,Patrick Williams,1610612741,Chicago Bulls,3,7,55,Made Shot,Driving Layup Shot,2PT Field Goal,Restricted Area,Center(C),Less Than 8 ft.,1,-12,8,1,1,20251121,CHI,MIA,16850,0,202696|1630172|1630245|1630581|1631207,0,REG,2026,1610612741,,,,,
22500051489,,Shot Chart Detail,22500051,489,1630245,Ayo Dosunmu,1610612741,Chicago Bulls,3,7,23,Made Shot,Pullup Jump shot,3PT Field Goal,Left Corner 3,Left Side(L),24+ ft.,23,-229,70,1,1,20251121,CHI,MIA,17170,0,202696|1630172|1630245|1630581|1631207,1,REG,2026,1610612741,,,,,
22500051495,,Shot Chart Detail,22500051,495,1630172,Patrick Williams,1610612741,Chicago Bulls,3,6,55,Made Shot,Jump Shot,3PT Field Goal,Above the Break 3,Right Side Center(RC),24+ ft.,25,159,200,1,1,20251121,CHI,MIA,17450,0,202696|1630172|1630245|1630581|1631207,1,REG,2026,1610612741,,,,,
22500051517,,Shot Chart Detail,22500051,517,1630581,Josh Giddey,1610612741,Chicago Bulls,3,6,8,Missed Shot,Jump Shot,3PT Field Goal,Left Corner 3,Left Side(L),24+ ft.,23,-233,-5,1,0,20251121,CHI,MIA,17920,0,1630172|1630200|1630581|1631207|1641824,0,REG,2026,1610612741,,,,,
22500051519,,Shot Chart Detail,22500051,519,1630581,Josh Giddey,1610612741,Chicago Bulls,3,6,2,Made Shot,Driving Layup Shot,2PT Field Goal,Restricted Area,Center(C),Less Than 8 ft.,1,7,10,1,1,20251121,CHI,MIA,17980,0,1630172|1630200|1630581|1631207|1641824,1,REG,2026,1610612741,,,,,
22500051526,,Shot Chart Detail,22500051,526,1641824,Matas Buzelis,1610612741,Chicago Bulls,3,5,32,Missed Shot,Jump Shot,3PT Field Goal,Right Corner 3,Right Side(R),24+ ft.,23,230,65,1,0,20251121,CHI,MIA,18280,0,1630172|1630200|1630581|1631207|1641824,0,REG,2026,1610612741,,,,,
22500051530,,Shot Chart Detail,22500051,530,1641824,Matas Buzelis,1610612741,Chicago Bulls,3,5,15,Missed Shot,Running Alley Oop Layup Shot,2PT Field Goal,Restricted Area,Center(C),Less Than 8 ft.,0,9,-1,1,0,20251121,CHI,MIA,18450,0,1630172|1630200|1630581|1631207|1641824,0,REG,2026,1610612741,,,,,
22500051536,,Shot Chart Detail,22500051,536,1630581,Josh Giddey,1610612741,Chicago Bulls,3,5,14,Missed Shot,Tip Layup Shot,2PT Field Goal,Restricted Area,Center(C),Less Than 8 ft.,1,5,16,1,0,20251121,CHI,MIA,18460,0,1630172|1630200|1630581|1631207|1641824,0,REG,2026,1610612741,,,,,
22500051544,,Shot Chart Detail,22500051,544,1630200,Tre Jones,1610612741,Chicago Bulls,3,4,55,Made Shot,Running Finger Roll Layup Shot,2PT Field Goal,Restricted Area,Center(C),Less Than 8 ft.,0,1,-3,1,1,20251121,CHI,MIA,18650,0,1630172|1630200|1630581|1631207|1641824,0,REG,2026,1610612741,,,,,
22500051546,,Shot Chart Detail,22500051,546,1641824,Matas Buzelis,1610612741,Chicago Bulls,3,4,31,Missed Shot,Driving Finger Roll Layup Shot,2PT Field Goal,Restricted Area,Center(C),Less Than 8 ft.,1,0,11,1,0,20251121,CHI,MIA,18890,0,1630172|1630200|1630581|1631207|1641824,0,REG,2026,1610612741,,,,,
22500051561,,Shot Chart Detail,22500051,561,1628975,Jevon Carter,1610612741,Chicago Bulls,3,3,47,Missed Shot,Pullup Jump shot,3PT Field Goal,Above the Break 3,Right Side Center(RC),24+ ft.,24,82,230,1,0,20251121,CHI,MIA,19330,0,1628975|1630172|1630200|1630245|1641824,0,REG,2026,1610612741,,,,,
22500051565,,Shot Chart Detail,22500051,565,1630200,Tre Jones,1610612741,Chicago Bulls,3,3,21,Missed Shot,Jump Shot,3PT Field Goal,Above the Break 3,Right Side Center(RC),24+ ft.,25,126,226,1,0,20251121,CHI,MIA,19590,0,1628975|1630172|1630200|1630245|1641824,0,REG,2026,1610612741,,,,,
22500051581,,Shot Chart Detail,22500051,581,1641763,Julian Phillips,1610612741,Chicago Bulls,3,2,49,Missed Shot,Jump Shot,3PT Field Goal,Right Corner 3,Right Side(R),24+ ft.,24,246,7,1,0,20251121,CHI,MIA,19910,0,1628975|1630188|1630245|1641763|1641824,0,REG,2026,1610612741,,,,,
22500051586,,Shot Chart Detail,22500051,586,1628975,Jevon Carter,1610612741,Chicago Bulls,3,2,35,Missed Shot,Running Jump Shot,3PT Field Goal,Above the Break 3,Left Side Center(LC),24+ ft.,25,-104,233,1,0,20251121,CHI,MIA,20050,0,1628975|1630188|1630245|1641763|1641824,0,REG,2026,1610612741,,,,,
22500051594,,Shot Chart Detail,22500051,594,1641824,Matas Buzelis,1610612741,Chicago Bulls,3,2,20,Missed Shot,Running Layup Shot,2PT Field Goal,Restricted Area,Center(C),Less Than 8 ft.,0,6,7,1,0,20251121,CHI,MIA,20200,0,1628975|1630188|1630245|1641763|1641824,0,REG,2026,1610612741,,,,,
22500051611,,Shot Chart Detail,22500051,611,1630245,Ayo Dosunmu,1610612741,Chicago Bulls,3,1,29,Missed Shot,Driving Layup Shot,2PT Field Goal,Restricted Area,Center(C),Less Than 8 ft.,1,16,7,1,0,20251121,CHI,MIA,20710,0,1628975|1630188|1630245|1641763|1641824,0,REG,2026,1610612741,,,,,
22500051615,,Shot Chart Detail,22500051,615,1641824,Matas Buzelis,1610612741,Chicago Bulls,3,1,0,Missed Shot,Jump Shot,3PT Field Goal,Above the Break 3,Left Side Center(LC),24+ ft.,25,-207,152,1,0,20251121,CHI,MIA,21000,0,1628975|1630188|1630245|1641763|1641824,0,REG,2026,1610612741,,,,,
22500051620,,Shot Chart Detail,22500051,620,1630245,Ayo Dosunmu,1610612741,Chicago Bulls,3,0,46,Missed Shot,Jump Shot,3PT Field Goal,Above the Break 3,Center(C),24+ ft.,26,-55,264,1,0,20251121,CHI,MIA,21140,0,1628975|1630188|1630245|1631207|1641763,0,REG,2026,1610612741,,,,,
22500051628,,Shot Chart Detail,22500051,628,1630188,Jalen Smith,1610612741,Chicago Bulls,3,0,0,Missed Shot,Jump Shot,3PT Field Goal,Above the Break 3,Center(C),24+ ft.,25,6,251,1,0,20251121,CHI,MIA,21600,0,1628975|1630188|1630245|1631207|1641763,0,REG,2026,1610612741,,,,,
22500051641,,Shot Chart Detail,22500051,641,1628975,Jevon Carter,1610612741,Chicago Bulls,4,10,44,Missed Shot,Jump Shot,3PT Field Goal,Above the Break 3,Right Side Center(RC),24+ ft.,25,83,241,1,0,20251121,CHI,MIA,22360,0,1628975|1630188|1630245|1630581|1641763,0,REG,2026,1610612741,,,,,
22500051645,,Shot Chart Detail,22500051,645,1628975,Jevon Carter,1610612741,Chicago Bulls,4,10,26,Made Shot,Jump Shot,3PT Field Goal,Above the Break 3,Left Side Center(LC),24+ ft.,25,-185,178,1,1,20251121,CHI,MIA,22540,0,1628975|1630188|1630245|1630581|1641763,1,REG,2026,1610612741,,,,,
22500051659,,Shot Chart Detail,22500051,659,1641763,Julian Phillips,1610612741,Chicago Bulls,4,9,52,Missed Shot,Dunk Shot,2PT Field Goal,Restricted Area,Center(C),Less Than 8 ft.,1,-6,11,1,0,20251121,CHI,MIA,22880,0,1628975|1630172|1630188|1630581|1641763,0,REG,2026,1610612741,,,,,
22500051679,,Shot Chart Detail,22500051,679,1630172,Patrick Williams,1610612741,Chicago Bulls,4,8,38,Missed Shot,Jump Shot,3PT Field Goal,Above the Break 3,Left Side Center(LC),24+ ft.,26,-158,207,1,0,20251121,CHI,MIA,23620,0,1630172|1630188|1630200|1630245|1641763,0,REG,2026,1610612741,,,,,
22500051684,,Shot Chart Detail,22500051,684,1630188,Jalen Smith,1610612741,Chicago Bulls,4,8,22,Made Shot,Driving Finger Roll Layup Shot,2PT Field Goal,Restricted Area,Center(C),Less Than 8 ft.,1,2,16,1,1,20251121,CHI,MIA,23780,0,1630172|1630188|1630200|1630245|1641763,1,REG,2026,1610612741,,,,,
22500051703,,Shot Chart Detail,22500051,703,1630200,Tre Jones,1610612741,Chicago Bulls,4,7,1,Missed Shot,Driving Floating Jump Shot,2PT Field Goal,In The Paint (Non-RA),Center(C),Less Than 8 ft.,6,0,65,1,0,20251121,CHI,MIA,24590,0,1628975|1630188|1630200|1630245|1641763,0,REG,2026,1610612741,,,,,
22500051721,,Shot Chart Detail,22500051,721,1630245,Ayo Dosunmu,1610612741,Chicago Bulls,4,6,3,Made Shot,Driving Layup Shot,2PT Field Goal,Restricted Area,Center(C),Less Than 8 ft.,0,1,6,1,1,20251121,CHI,MIA,25170,0,1628975|1630188|1630200|1630245|1641763,0,REG,2026,1610612741,,,,,
22500051726,,Shot Chart Detail,22500051,726,1628975,Jevon Carter,1610612741,Chicago Bulls,4,5,26,Missed Shot,Jump Shot,3PT Field Goal,Above the Break 3,Left Side Center(LC),24+ ft.,26,-129,230,1,0,20251121,CHI,MIA,25540,0,1628975|1630188|1630200|1630245|1641763,0,REG,2026,1610612741,,,,,
22500051730,,Shot Chart Detail,22500051,730,1641763,Julian Phillips,1610612741,Chicago Bulls,4,5,9,Made Shot,Jump Shot,3PT Field Goal,Right Corner 3,Right Side(R),24+ ft.,22,228,-6,1,1,20251121,CHI,MIA,25710,0,1628975|1630188|1630200|1630245|1641763,1,REG,2026,1610612741,,,,,
22500051744,,Shot Chart Detail,22500051,744,1630245,Ayo Dosunmu,1610612741,Chicago Bulls,4,4,28,Made Shot,Driving Layup Shot,2PT Field Goal,Restricted Area,Center(C),Less Than 8 ft.,0,5,6,1,1,20251121,CHI,MIA,26120,0,1628975|1630188|1630245|1630581|1641763,1,REG,2026,1610612741,,,,,
22500051754,,Shot Chart Detail,22500051,754,1630245,Ayo Dosunmu,1610612741,Chicago Bulls,4,4,4,Made Shot,Step Back Jump shot,3PT Field Goal,Above the Break 3,Left Side Center(LC),24+ ft.,26,-179,199,1,1,20251121,CHI,MIA,26360,0,1628975|1630188|1630245|1630581|1641763,1,REG,2026,1610612741,,,,,
22500051757,,Shot Chart Detail,22500051,757,1630245,Ayo Dosunmu,1610612741,Chicago Bulls,4,3,24,Made Shot,Driving Layup Shot,2PT Field Goal,Restricted Area,Center(C),Less Than 8 ft.,0,6,4,1,1,20251121,CHI,MIA,26760,0,1628975|1630188|1630245|1630581|1641763,0,REG,2026,1610612741,,,,,
22500051760,,Shot Chart Detail,22500051,760,1630581,Josh Giddey,1610612741,Chicago Bulls,4,2,59,Made Shot,Driving Layup Shot,2PT Field Goal,Restricted Area,Center(C),Less Than 8 ft.,0,-4,4,1,1,20251121,CHI,MIA,27010,0,1628975|1630188|1630245|1630581|1641763,0,REG,2026,1610612741,,,,,
22500051765,,Shot Chart Detail,22500051,765,1630245,Ayo Dosunmu,1610612741,Chicago Bulls,4,2,43,Made Shot,Jump Shot,3PT Field Goal,Left Corner 3,Left Side(L),24+ ft.,22,-227,-11,1,1,20251121,CHI,MIA,27170,0,1628975|1630188|1630245|1630581|1641763,1,REG,2026,1610612741,,,,,
22500051783,,Shot Chart Detail,22500051,783,1641763,Julian Phillips,1610612741,Chicago Bulls,4,1,38,Missed Shot,Jump Shot,3PT Field Goal,Above the Break 3,Right Side Center(RC),24+ ft.,26,104,242,1,0,20251121,CHI,MIA,27820,0,1628975|1630188|1630245|1630581|1641763,0,REG,2026,1610612741,,,,,
22500051785,,Shot Chart Detail,22500051,785,1630581,Josh Giddey,1610612741,Chicago Bulls,4,1,34,Missed Shot,Putback Layup Shot,2PT Field Goal,Restricted Area,Center(C),Less Than 8 ft.,1,-12,6,1,0,20251121,CHI,MIA,27860,0,1628975|1630188|1630245|1630581|1641763,0,REG,2026,1610612741,,,,,
22500051790,,Shot Chart Detail,22500051,790,1630188,Jalen Smith,1610612741,Chicago Bulls,4,1,23,Missed Shot,Jump Shot,3PT Field Goal,Above the Break 3,Center(C),24+ ft.,25,22,254,1,0,20251121,CHI,MIA,27970,0,1628975|1630188|1630245|1630581|1641763,0,REG,2026,1610612741,,,,,
22500051793,,Shot Chart Detail,22500051,793,1628975,Jevon Carter,1610612741,Chicago Bulls,4,1,1,Missed Shot,Jump Shot,3PT Field Goal,Above the Break 3,Right Side Center(RC),24+ ft.,26,195,174,1,0,20251121,CHI,MIA,28190,0,1628975|1630188|1630245|1630581|1641763,0,REG,2026,1610612741,,,,,
22500051806,,Shot Chart Detail,22500051,806,1628975,Jevon Carter,1610612741,Chicago Bulls,4,0,25,Made Shot,Jump Shot,3PT Field Goal,Above the Break 3,Left Side Center(LC),24+ ft.,26,-114,237,1,1,20251121,CHI,MIA,28550,0,1628975|1630188|1630245|1630581|1641763,1,REG,2026,1610612741,,,,,
22500051811,,Shot Chart Detail,22500051,811,1641763,Julian Phillips,1610612741,Chicago Bulls,4,0,1,Missed Shot,Jump Shot,3PT Field Goal,Left Corner 3,Left Side(L),24+ ft.,22,-228,-15,1,0,20251121,CHI,MIA,28790,0,1628975|1630188|1630245|1630581|1641763,0,REG,2026,1610612741,,,,,
22500051813,,Shot Chart Detail,22500051,813,1630188,Jalen Smith,1610612741,Chicago Bulls,4,0,0,Made Shot,Layup Shot,2PT Field Goal,Restricted Area,Center(C),Less Than 8 ft.,1,-16,10,1,1,20251121,CHI,MIA,28800,0,1628975|1630188|1630245|1630581|1641763,1,REG,2026,1610612741,,,,,
225000847,,Shot Chart Detail,22500084,7,202696,Nikola Vučević,1610612741,Chicago Bulls,1,11,39,Made Shot,Cutting Layup Shot,2PT Field Goal,In The Paint (Non-RA),Center(C),Less Than 8 ft.,5,-53,13,1,1,20251022,CHI,DET,210,0,202696|1630171|1630200|1630581|1641824,1,REG,2026,1610612741,,,,,
2250008411,,Shot Chart Detail,22500084,11,1641824,Matas Buzelis,1610612741,Chicago Bulls,1,11,6,Made Shot,Cutting Finger Roll Layup Shot,2PT Field Goal,Restricted Area,Center(C),Less Than 8 ft.,1,-1,13,1,1,20251022,CHI,DET,540,0,202696|1630171|1630200|1630581|1641824,1,REG,2026,1610612741,,,,,
2250008416,,Shot Chart Detail,22500084,16,202696,Nikola Vučević,1610612741,Chicago Bulls,1,10,46,Made Shot,Driving Floating Jump Shot,2PT Field Goal,In The Paint (Non-RA),Center(C),Less Than 8 ft.,7,12,73,1,1,20251022,CHI,DET,740,0,202696|1630171|1630200|1630581|1641824,1,REG,2026,1610612741,,,,,
2250008423,,Shot Chart Detail,22500084,23,1630200,Tre Jones,1610612741,Chicago Bulls,1,9,57,Missed Shot,Driving Layup Shot,2PT Field Goal,In The Paint (Non-RA),Center(C),Less Than 8 ft.,5,-7,52,1,0,20251022,CHI,DET,1230,0,202696|1630171|1630200|1630581|1641824,0,REG,2026,1610612741,,,,,
2250008425,,Shot Chart Detail,22500084,25,202696,Nikola Vučević,1610612741,Chicago Bulls,1,9,56,Missed Shot,Tip Layup Shot,2PT Field Goal,Restricted Area,Center(C),Less Than 8 ft.,0,0,0,1,0,20251022,CHI,DET,1240,0,202696|1630171|1630200|1630581|1641824,0,REG,2026,1610612741,,,,,
2250008435,,Shot Chart Detail,22500084,35,1630171,Isaac Okoro,1610612741,Chicago Bulls,1,9,27,Missed Shot,Driving Floating Jump Shot,2PT Field Goal,Mid-Range,Left Side(L),8-16 ft.,10,-100,5,1,0,20251022,CHI,DET,1530,0,202696|1630171|1630200|1630581|1641824,0,REG,2026,1610612741,,,,,
2250008444,,Shot Chart Detail,22500084,44,1630581,Josh Giddey,1610612741,Chicago Bulls,1,8,34,Missed Shot,Jump Shot,2PT Field Goal,Mid-Range,Right Side Center(RC),16-24 ft.,21,150,159,1,0,20251022,CHI,DET,2060,0,202696|1630171|1630200|1630581|1641824,0,REG,2026,1610612741,,,,,
2250008456,,Shot Chart Detail,22500084,56,1630581,Josh Giddey,1610612741,Chicago Bulls,1,7,34,Missed Shot,Cutting Layup Shot,2PT Field Goal,Restricted Area,Center(C),Less Than 8 ft.,1,-16,9,1,0,20251022,CHI,DET,2660,0,202696|1628989|1630171|1630581|1641824,0,REG,2026,1610612741,,,,,
2250008464,,Shot Chart Detail,22500084,64,1630581,Josh Giddey,1610612741,Chicago Bulls,1,7,8,Made Shot,Driving Floating Jump Shot,2PT Field Goal,Mid-Range,Right Side(R),8-16 ft.,10,98,30,1,1,20251022,CHI,DET,2920,0,202696|1628989|1630171|1630581|1641824,1,REG,2026,1610612741,,,,,
2250008468,,Shot Chart Detail,22500084,68,1630171,Isaac Okoro,1610612741,Chicago Bulls,1,6,29,Missed Shot,Driving Layup Shot,2PT Field Goal,Restricted Area,Center(C),Less Than 8 ft.,1,5,16,1,0,20251022,CHI,DET,3310,0,202696|1628989|1630171|1630581|1641824,0,REG,2026,1610612741,,,,,
2250008471,,Shot Chart Detail,22500084,71,1630581,Josh Giddey,1610612741,Chicago Bulls,1,6,24,Made Shot,Jump Shot,3PT Field Goal,Above the Break 3,Right Side Center(RC),24+ ft.,25,178,187,1,1,20251022,CHI,DET,3360,0,202696|1628989|1630171|1630581|1641824,1,REG,2026,1610612741,,,,,
2250008486,,Shot Chart Detail,22500084,86,1628989,Kevin Huerter,1610612741,Chicago Bulls,1,5,21,Made Shot,Jump Shot,3PT Field Goal,Right Corner 3,Right Side(R),24+ ft.,22,224,0,1,1,20251022,CHI,DET,3990,0,202696|1628989|1630171|1630245|1630581,1,REG,2026,1610612741,,,,,
2250008490,,Shot Chart Detail,22500084,90,202696,Nikola Vučević,1610612741,Chicago Bulls,1,4,49,Made Shot,Jump Shot,3PT Field Goal,Above the Break 3,Center(C),24+ ft.,25,31,257,1,1,20251022,CHI,DET,4310,0,202696|1628989|1630171|1630245|1630581,1,REG,2026,1610612741,,,,,
2250008499,,Shot Chart Detail,22500084,99,1628989,Kevin Huerter,1610612741,Chicago Bulls,1,4,13,Missed Shot,Jump Shot,3PT Field Goal,Above the Break 3,Right Side Center(RC),24+ ft.,26,199,169,1,0,20251022,CHI,DET,4670,0,202696|1628989|1630172|1630245|1630581,0,REG,2026,1610612741,,,,,
22500084103,,Shot Chart Detail,22500084,103,202696,Nikola Vučević,1610612741,Chicago Bulls,1,3,51,Made Shot,Jump Shot,3PT Field Goal,Above the Break 3,Center(C),24+ ft.,26,13,261,1,1,20251022,CHI,DET,4890,0,202696|1628989|1630172|1630245|1630581,1,REG,2026,1610612741,,,,,
22500084110,,Shot Chart Detail,22500084,110,1628989,Kevin Huerter,1610612741,Chicago Bulls,1,3,25,Made Shot,Running Layup Shot,2PT Field Goal,Restricted Area,Center(C),Less Than 8 ft.,1,13,5,1,1,20251022,CHI,DET,5150,0,202696|1628989|1630172|1630245|1630581,1,REG,2026,1610612741,,,,,
22500084122,,Shot Chart Detail,22500084,122,1630245,Ayo Dosunmu,1610612741,Chicago Bulls,1,3,2,Made Shot,Running Layup Shot,2PT Field Goal,Restricted Area,Center(C),Less Than 8 ft.,0,-1,9,1,1,20251022,CHI,DET,5380,0,1628989|1630172|1630188|1630200|1630245,1,REG,2026,1610612741,,,,,
22500084132,,Shot Chart Detail,22500084,132,1628989,Kevin Huerter,1610612741,Chicago Bulls,1,2,20,Missed Shot,Pullup Jump shot,2PT Field Goal,In The Paint (Non-RA),Center(C),Less Than 8 ft.,6,-61,15,1,0,20251022,CHI,DET,5800,0,1628989|1630172|1630188|1630200|1630245,0,REG,2026,1610612741,,,,,
22500084138,,Shot Chart Detail,22500084,138,1630245,Ayo Dosunmu,1610612741,Chicago Bulls,1,2,6,Missed Shot,Driving Layup Shot,2PT Field Goal,Restricted Area,Center(C),Less Than 8 ft.,3,33,8,1,0,20251022,CHI,DET,5940,0,1628989|1630172|1630188|1630200|1630245,0,REG,2026,1610612741,,,,,
22500084142,,Shot Chart Detail,22500084,142,1630188,Jalen Smith,1610612741,Chicago Bulls,1,2,3,Missed Shot,Jump Shot,3PT Field Goal,Above the Break 3,Right Side Center(RC),24+ ft.,26,167,211,1,0,20251022,CHI,DET,5970,0,1628989|1630172|1630188|1630200|1630245,0,REG,2026,1610612741,,,,,
22500084152,,Shot Chart Detail,22500084,152,1630245,Ayo Dosunmu,1610612741,Chicago Bulls,1,1,27,Made Shot,Driving Floating Jump Shot,2PT Field Goal,In The Paint (Non-RA),Center(C),Less Than 8 ft.,7,-49,57,1,1,20251022,CHI,DET,6330,0,1628989|1630172|1630188|1630200|1630245,0,REG,2026,1610612741,,,,,
22500084159,,Shot Chart Detail,22500084,159,1630188,Jalen Smith,1610612741,Chicago Bulls,1,0,43,Missed Shot,Driving Layup Shot,2PT Field Goal,Restricted Area,Center(C),Less Than 8 ft.,1,-12,14,1,0,20251022,CHI,DET,6770,0,1628989|1630172|1630188|1630200|1630245,0,REG,2026,1610612741,,,,,
22500084162,,Shot Chart Detail,22500084,162,1630200,Tre Jones,1610612741,Chicago Bulls,1,0,37,Made Shot,Jump Shot,2PT Field Goal,In The Paint (Non-RA),Center(C),Less Than 8 ft.,5,6,57,1,1,20251022,CHI,DET,6830,0,1628989|1630172|1630188|1630200|1630245,0,REG,2026,1610612741,,,,,
22500084166,,Shot Chart Detail,22500084,166,1630188,Jalen Smith,1610612741,Chicago Bulls,1,0,1,Missed Shot,Jump Shot,3PT Field Goal,Right Corner 3,Right Side(R),24+ ft.,23,224,66,1,0,20251022,CHI,DET,7190,0,1628989|1630172|1630188|1630200|1630245,0,REG,2026,1610612741,,,,,
22500084168,,Shot Chart Detail,22500084,168,1628989,Kevin Huerter,1610612741,Chicago Bulls,1,0,0,Missed Shot,Tip Layup Shot,2PT Field Goal,Restricted Area,Center(C),Less Than 8 ft.,0,0,0,1,0,20251022,CHI,DET,7200,0,1628989|1630172|1630188|1630200|1630245,0,REG,2026,1610612741,,,,,
22500084180,,Shot Chart Detail,22500084,180,1641824,Matas Buzelis,1610612741,Chicago Bulls,2,11,25,Made Shot,Cutting Dunk Shot,2PT Field Goal,Restricted Area,Center(C),Less Than 8 ft.,0,-6,4,1,1,20251022,CHI,DET,7550,0,1630172|1630188|1630200|1630245|1641824,1,REG,2026,1610612741,,,,,
22500084185,,Shot Chart Detail,22500084,185,1630245,Ayo Dosunmu,1610612741,Chicago Bulls,2,11,2,Made Shot,Jump Shot,3PT Field Goal,Above the Break 3,Center(C),24+ ft.,26,-32,261,1,1,20251022,CHI,DET,7780,0,1630172|1630188|1630200|1630245|1641824,1,REG,2026,1610612741,,,,,
22500084200,,Shot Chart Detail,22500084,200,1630188,Jalen Smith,1610612741,Chicago Bulls,2,9,56,Missed Shot,Jump Shot,3PT Field Goal,Above the Break 3,Right Side Center(RC),24+ ft.,25,83,243,1,0,20251022,CHI,DET,8440,0,1630172|1630188|1630245|1630581|1641824,0,REG,2026,1610612741,,,,,
22500084215,,Shot Chart Detail,22500084,215,1630188,Jalen Smith,1610612741,Chicago Bulls,2,9,9,Missed Shot,Jump Shot,3PT Field Goal,Right Corner 3,Right Side(R),24+ ft.,22,225,19,1,0,20251022,CHI,DET,8910,0,1628989|1630171|1630188|1630581|1641824,0,REG,2026,1610612741,,,,,
22500084221,,Shot Chart Detail,22500084,221,1641824,Matas Buzelis,1610612741,Chicago Bulls,2,8,45,Made Shot,Running Jump Shot,2PT Field Goal,Mid-Range,Left Side Center(LC),16-24 ft.,21,-102,190,1,1,20251022,CHI,DET,9150,0,1628989|1630171|1630188|1630581|1641824,1,REG,2026,1610612741,,,,,
22500084237,,Shot Chart Detail,22500084,237,1630581,Josh Giddey,1610612741,Chicago Bulls,2,7,46,Made Shot,Jump Shot,2PT Field Goal,In The Paint (Non-RA),Center(C),8-16 ft.,8,7,82,1,1,20251022,CHI,DET,9740,0,1628989|1630171|1630188|1630581|1641824,0,REG,2026,1610612741,,,,,
22500084245,,Shot Chart Detail,22500084,245,1628989,Kevin Huerter,1610612741,Chicago Bulls,2,7,10,Missed Shot,Jump Shot,3PT Field Goal,Right Corner 3,Right Side(R),24+ ft.,22,223,4,1,0,20251022,CHI,DET,10100,0,202696|1628989|1630171|1630581|1641824,0,REG,2026,1610612741,,,,,
22500084248,,Shot Chart Detail,22500084,248,1628989,Kevin Huerter,1610612741,Chicago Bulls,2,6,46,Missed Shot,Driving Layup Shot,2PT Field Goal,Restricted Area,Center(C),Less Than 8 ft.,1,16,11,1,0,20251022,CHI,DET,10340,0,202696|1628989|1630171|1630581|1641824,0,REG,2026,1610612741,,,,,
22500084250,,Shot Chart Detail,22500084,250,202696,Nikola Vučević,1610612741,Chicago Bulls,2,6,42,Missed Shot,Tip Layup Shot,2PT Field Goal,Restricted Area,Center(C),Less Than 8 ft.,0,0,0,1,0,20251022,CHI,DET,10380,0,202696|1628989|1630171|1630581|1641824,0,REG,2026,1610612741,,,,,
22500084254,,Shot Chart Detail,22500084,254,1628989,Kevin Huerter,1610612741,Chicago Bulls,2,6,29,Made Shot,Jump Shot,3PT Field Goal,Above the Break 3,Right Side Center(RC),24+ ft.,26,154,211,1,1,20251022,CHI,DET,10510,0,202696|1628989|1630171|1630581|1641824,1,REG,2026,1610612741,,,,,
22500084265,,Shot Chart Detail,22500084,265,1630581,Josh Giddey,1610612741,Chicago Bulls,2,6,10,Made Shot,Layup Shot,2PT Field Goal,Restricted Area,Center(C),Less Than 8 ft.,1,-17,8,1,1,20251022,CHI,DET,10700,0,202696|1628989|1630171|1630245|1630581,0,REG,2026,1610612741,,,,,
22500084269,,Shot Chart Detail,22500084,269,1630245,Ayo Dosunmu,1610612741,Chicago Bulls,2,5,41,Made Shot,Cutting Layup Shot,2PT Field Goal,Restricted Area,Center(C),Less Than 8 ft.,0,-2,5,1,1,20251022,CHI,DET,10990,0,202696|1628989|1630171|1630245|1630581,1,REG,2026,1610612741,,,,,
22500084276,,Shot Chart Detail,22500084,276,202696,Nikola Vučević,1610612741,Chicago Bulls,2,5,16,Made Shot,Jump Shot,3PT Field Goal,Above the Break 3,Left Side Center(LC),24+ ft.,25,-156,204,1,1,20251022,CHI,DET,11240,0,202696|1628989|1630171|1630200|1630245,1,REG,2026,1610612741,,,,,
22500084286,,Shot Chart Detail,22500084,286,1630245,Ayo Dosunmu,1610612741,Chicago Bulls,2,5,1,Missed Shot,Driving Dunk Shot,2PT Field Goal,Restricted Area,Center(C),Less Than 8 ft.,0,0,3,1,0,20251022,CHI,DET,11390,0,202696|1628989|1630200|1630245|1641824,0,REG,2026,1610612741,,,,,
22500084290,,Shot Chart Detail,22500084,290,202696,Nikola Vučević,1610612741,Chicago Bulls,2,4,42,Missed Shot,Jump Shot,3PT Field Goal,Above the Break 3,Right Side Center(RC),24+ ft.,26,103,239,1,0,20251022,CHI,DET,11580,0,202696|1628989|1630200|1630245|1641824,0,REG,2026,1610612741,,,,,
22500084294,,Shot Chart Detail,22500084,294,1630200,Tre Jones,1610612741,Chicago Bulls,2,4,10,Made Shot,Driving Layup Shot,2PT Field Goal,Restricted Area,Center(C),Less Than 8 ft.,2,15,21,1,1,20251022,CHI,DET,11900,0,202696|1628989|1630200|1630245|1641824,0,REG,2026,1610612741,,,,,
22500084310,,Shot Chart Detail,22500084,310,1630581,Josh Giddey,1610612741,Chicago Bulls,2,3,8,Missed Shot,Driving Floating Jump Shot,2PT Field Goal,In The Paint (Non-RA),Center(C),Less Than 8 ft.,5,-21,50,1,0,20251022,CHI,DET,12520,0,202696|1630200|1630245|1630581|1641824,0,REG,2026,1610612741,,,,,
22500084318,,Shot Chart Detail,22500084,318,1630581,Josh Giddey,1610612741,Chicago Bulls,2,2,33,Missed Shot,Pullup Jump shot,2PT Field Goal,In The Paint (Non-RA),Center(C),8-16 ft.,13,-6,136,1,0,20251022,CHI,DET,12870,0,202696|1630200|1630245|1630581|1641824,0,REG,2026,1610612741,,,,,
22500084320,,Shot Chart Detail,22500084,320,1630245,Ayo Dosunmu,1610612741,Chicago Bulls,2,2,27,Made Shot,Driving Layup Shot,2PT Field Goal,Restricted Area,Center(C),Less Than 8 ft.,1,2,13,1,1,20251022,CHI,DET,12930,0,202696|1630200|1630245|1630581|1641824,1,REG,2026,1610612741,,,,,
22500084338,,Shot Chart Detail,22500084,338,1630245,Ayo Dosunmu,1610612741,Chicago Bulls,2,1,29,Missed Shot,Jump Shot,3PT Field Goal,Above the Break 3,Right Side Center(RC),24+ ft.,25,197,155,1,0,20251022,CHI,DET,13510,0,202696|1628989|1630200|1630245|1641824,0,REG,2026,1610612741,,,,,
22500084344,,Shot Chart Detail,22500084,344,1630200,Tre Jones,1610612741,Chicago Bulls,2,1,16,Missed Shot,Driving Layup Shot,2PT Field Goal,Restricted Area,Center(C),Less Than 8 ft.,1,9,14,1,0,20251022,CHI,DET,13640,0,202696|1628989|1630200|1630245|1641824,0,REG,2026,1610612741,,,,,
22500084362,,Shot Chart Detail,22500084,362,1630245,Ayo Dosunmu,1610612741,Chicago Bulls,2,0,2,Missed Shot,Driving Layup Shot,2PT Field Goal,Restricted Area,Center(C),Less Than 8 ft.,1,-16,8,1,0,20251022,CHI,DET,14380,0,202696|1628989|1630172|1630200|1630245,0,REG,2026,1610612741,,,,,
22500084380,,Shot Chart Detail,22500084,380,1641824,Matas Buzelis,1610612741,Chicago Bulls,3,11,28,Missed Shot,Driving Layup Shot,2PT Field Goal,Restricted Area,Center(C),Less Than 8 ft.,0,-5,6,1,0,20251022,CHI,DET,14720,0,202696|1630171|1630200|1630581|1641824,0,REG,2026,1610612741,,,,,
22500084389,,Shot Chart Detail,22500084,389,1630200,Tre Jones,1610612741,Chicago Bulls,3,10,36,Made Shot,Driving Floating Bank Jump Shot,2PT Field Goal,Restricted Area,Center(C),Less Than 8 ft.,1,15,7,1,1,20251022,CHI,DET,15240,0,202696|1630171|1630200|1630581|1641824,1,REG,2026,1610612741,,,,,
22500084393,,Shot Chart Detail,22500084,393,1630200,Tre Jones,1610612741,Chicago Bulls,3,9,56,Missed Shot,Driving Floating Jump Shot,2PT Field Goal,In The Paint (Non-RA),Center(C),Less Than 8 ft.,7,2,74,1,0,20251022,CHI,DET,15640,0,202696|1630171|1630200|1630581|1641824,0,REG,2026,1610612741,,,,,
22500084395,,Shot Chart Detail,22500084,395,1630200,Tre Jones,1610612741,Chicago Bulls,3,9,51,Made Shot,Jump Shot,3PT Field Goal,Right Corner 3,Right Side(R),24+ ft.,22,228,1,1,1,20251022,CHI,DET,15690,0,202696|1630171|1630200|1630581|1641824,1,REG,2026,1610612741,,,,,
22500084399,,Shot Chart Detail,22500084,399,202696,Nikola Vučević,1610612741,Chicago Bulls,3,9,29,Made Shot,Jump Shot,3PT Field Goal,Above the Break 3,Center(C),24+ ft.,25,21,254,1,1,20251022,CHI,DET,15910,0,202696|1630171|1630200|1630581|1641824,1,REG,2026,1610612741,,,,,
22500084411,,Shot Chart Detail,22500084,411,202696,Nikola Vučević,1610612741,Chicago Bulls,3,8,55,Missed Shot,Jump Shot,3PT Field Goal,Above the Break 3,Center(C),24+ ft.,25,12,254,1,0,20251022,CHI,DET,16250,0,202696|1630171|1630200|1630581|1641824,0,REG,2026,1610612741,,,,,
22500084425,,Shot Chart Detail,22500084,425,202696,Nikola Vučević,1610612741,Chicago Bulls,3,8,29,Made Shot,Running Alley Oop Layup Shot,2PT Field Goal,Restricted Area,Center(C),Less Than 8 ft.,1,11,7,1,1,20251022,CHI,DET,16510,0,202696|1630171|1630200|1630581|1641824,1,REG,2026,1610612741,,,,,
22500084441,,Shot Chart Detail,22500084,441,1641824,Matas Buzelis,1610612741,Chicago Bulls,3,7,45,Missed Shot,Jump Shot,3PT Field Goal,Left Corner 3,Left Side(L),24+ ft.,22,-224,-6,1,0,20251022,CHI,DET,16950,0,202696|1628989|1630172|1630581|1641824,0,REG,2026,1610612741,,,,,
22500084456,,Shot Chart Detail,22500084,456,1630581,Josh Giddey,1610612741,Chicago Bulls,3,6,55,Missed Shot,Floating Jump shot,2PT Field Goal,Restricted Area,Center(C),Less Than 8 ft.,2,27,6,1,0,20251022,CHI,DET,17450,0,202696|1628989|1630172|1630581|1641824,0,REG,2026,1610612741,,,,,
22500084498,,Shot Chart Detail,22500084,498,202696,Nikola Vučević,1610612741,Chicago Bulls,3,4,34,Missed Shot,Turnaround Jump Shot,2PT Field Goal,In The Paint (Non-RA),Center(C),Less Than 8 ft.,6,62,8,1,0,20251022,CHI,DET,18860,0,202696|1628989|1630172|1630245|1630581,0,REG,2026,1610612741,,,,,
22500084502,,Shot Chart Detail,22500084,502,1630581,Josh Giddey,1610612741,Chicago Bulls,3,4,15,Made Shot,Driving Floating Jump Shot,2PT Field Goal,In The Paint (Non-RA),Center(C),Less Than 8 ft.,7,12,69,1,1,20251022,CHI,DET,19050,0,202696|1628989|1630172|1630245|1630581,0,REG,2026,1610612741,,,,,
22500084512,,Shot Chart Detail,22500084,512,1630581,Josh Giddey,1610612741,Chicago Bulls,3,3,46,Missed Shot,Jump Shot,3PT Field Goal,Left Corner 3,Left Side(L),24+ ft.,22,-229,-5,1,0,20251022,CHI,DET,19340,0,1628989|1630172|1630188|1630245|1630581,0,REG,2026,1610612741,,,,,
22500084525,,Shot Chart Detail,22500084,525,1630200,Tre Jones,1610612741,Chicago Bulls,3,3,2,Made Shot,Driving Floating Bank Jump Shot,2PT Field Goal,Restricted Area,Center(C),Less Than 8 ft.,2,25,4,1,1,20251022,CHI,DET,19780,0,1628989|1630172|1630188|1630200|1630245,0,REG,2026,1610612741,,,,,
22500084528,,Shot Chart Detail,22500084,528,1628989,Kevin Huerter,1610612741,Chicago Bulls,3,2,38,Missed Shot,Jump Shot,3PT Field Goal,Left Corner 3,Left Side(L),24+ ft.,23,-230,12,1,0,20251022,CHI,DET,20020,0,1628989|1630172|1630188|1630200|1630245,0,REG,2026,1610612741,,,,,
22500084532,,Shot Chart Detail,22500084,532,1630172,Patrick Williams,1610612741,Chicago Bulls,3,2,8,Made Shot,Jump Shot,3PT Field Goal,Above the Break 3,Right Side Center(RC),24+ ft.,27,99,257,1,1,20251022,CHI,DET,20320,0,1628989|1630172|1630188|1630200|1630245,1,REG,2026,1610612741,,,,,
22500084537,,Shot Chart Detail,22500084,537,1630245,Ayo Dosunmu,1610612741,Chicago Bulls,3,1,40,Made Shot,Jump Shot,3PT Field Goal,Right Corner 3,Right Side(R),24+ ft.,23,235,41,1,1,20251022,CHI,DET,20600,0,1628989|1630172|1630188|1630200|1630245,1,REG,2026,1610612741,,,,,
22500084548,,Shot Chart Detail,22500084,548,1630188,Jalen Smith,1610612741,Chicago Bulls,3,0,56,Missed Shot,Driving Layup Shot,2PT Field Goal,Restricted Area,Center(C),Less Than 8 ft.,2,-10,23,1,0,20251022,CHI,DET,21040,0,1630188|1630200|1630245|1631207|1641824,0,REG,2026,1610612741,,,,,
22500084553,,Shot Chart Detail,22500084,553,1630245,Ayo Dosunmu,1610612741,Chicago Bulls,3,0,37,Missed Shot,Layup Shot,2PT Field Goal,Restricted Area,Center(C),Less Than 8 ft.,1,-11,13,1,0,20251022,CHI,DET,21230,0,1630188|1630200|1630245|1631207|1641824,0,REG,2026,1610612741,,,,,
22500084562,,Shot Chart Detail,22500084,562,1641824,Matas Buzelis,1610612741,Chicago Bulls,3,0,5,Made Shot,Driving Finger Roll Layup Shot,2PT Field Goal,Restricted Area,Center(C),Less Than 8 ft.,1,-13,6,1,1,20251022,CHI,DET,21550,0,1630188|1630200|1630245|1631207|1641824,0,REG,2026,1610612741,,,,,
22500084578,,Shot Chart Detail,22500084,578,1630188,Jalen Smith,1610612741,Chicago Bulls,4,11,46,Missed Shot,Jump Shot,3PT Field Goal,Above the Break 3,Left Side Center(LC),24+ ft.,25,-158,199,1,0,20251022,CHI,DET,21740,0,1630188|1630245|1630581|1631207|1641824,0,REG,2026,1610612741,,,,,
22500084581,,Shot Chart Detail,22500084,581,1630581,Josh Giddey,1610612741,Chicago Bulls,4,11,13,Missed Shot,Driving Layup Shot,2PT Field Goal,Restricted Area,Center(C),Less Than 8 ft.,2,28,1,1,0,20251022,CHI,DET,22070,0,1630188|1630245|1630581|1631207|1641824,0,REG,2026,1610612741,,,,,
22500084596,,Shot Chart Detail,22500084,596,1641824,Matas Buzelis,1610612741,Chicago Bulls,4,10,31,Missed Shot,Jump Shot,3PT Field Goal,Above the Break 3,Right Side Center(RC),24+ ft.,25,205,147,1,0,20251022,CHI,DET,22490,0,1630171|1630188|1630200|1630245|1641824,0,REG,2026,1610612741,,,,,
22500084615,,Shot Chart Detail,22500084,615,1630245,Ayo Dosunmu,1610612741,Chicago Bulls,4,9,38,Missed Shot,Driving Layup Shot,2PT Field Goal,Restricted Area,Center(C),Less Than 8 ft.,2,25,7,1,0,20251022,CHI,DET,23020,0,1630171|1630172|1630200|1630245|1641824,0,REG,2026,1610612741,,,,,
22500084617,,Shot Chart Detail,22500084,617,1641824,Matas Buzelis,1610612741,Chicago Bulls,4,9,26,Made Shot,Cutting Dunk Shot,2PT Field Goal,Restricted Area,Center(C),Less Than 8 ft.,0,-2,7,1,1,20251022,CHI,DET,23140,0,1630171|1630172|1630200|1630245|1641824,1,REG,2026,1610612741,,,,,
22500084639,,Shot Chart Detail,22500084,639,1630172,Patrick Williams,1610612741,Chicago Bulls,4,8,45,Missed Shot,Jump Shot,3PT Field Goal,Above the Break 3,Left Side Center(LC),24+ ft.,26,-123,237,1,0,20251022,CHI,DET,23550,0,1628989|1630172|1630245|1631207|1641824,0,REG,2026,1610612741,,,,,
22500084655,,Shot Chart Detail,22500084,655,1630245,Ayo Dosunmu,1610612741,Chicago Bulls,4,7,54,Missed Shot,Jump Shot,3PT Field Goal,Left Corner 3,Left Side(L),24+ ft.,23,-232,-19,1,0,20251022,CHI,DET,24060,0,202696|1628989|1630245|1631207|1641824,0,REG,2026,1610612741,,,,,
22500084657,,Shot Chart Detail,22500084,657,1630245,Ayo Dosunmu,1610612741,Chicago Bulls,4,7,50,Missed Shot,Jump Shot,3PT Field Goal,Left Corner 3,Left Side(L),24+ ft.,22,-224,-19,1,0,20251022,CHI,DET,24100,0,202696|1628989|1630245|1631207|1641824,0,REG,2026,1610612741,,,,,
22500084659,,Shot Chart Detail,22500084,659,1628989,Kevin Huerter,1610612741,Chicago Bulls,4,7,41,Missed Shot,Step Back Jump shot,3PT Field Goal,Above the Break 3,Center(C),24+ ft.,25,65,247,1,0,20251022,CHI,DET,24190,0,202696|1628989|1630245|1631207|1641824,0,REG,2026,1610612741,,,,,
22500084682,,Shot Chart Detail,22500084,682,1628989,Kevin Huerter,1610612741,Chicago Bulls,4,6,59,Made Shot,Driving Floating Bank Jump Shot,2PT Field Goal,Restricted Area,Center(C),Less Than 8 ft.,3,37,-5,1,1,20251022,CHI,DET,24610,0,202696|1628989|1630200|1631207|1641824,0,REG,2026,1610612741,,,,,
22500084687,,Shot Chart Detail,22500084,687,1641824,Matas Buzelis,1610612741,Chicago Bulls,4,6,24,Missed Shot,Jump Shot,3PT Field Goal,Left Corner 3,Left Side(L),24+ ft.,22,-228,-11,1,0,20251022,CHI,DET,24960,0,202696|1628989|1630200|1631207|1641824,0,REG,2026,1610612741,,,,,
22500084692,,Shot Chart Detail,22500084,692,1641824,Matas Buzelis,1610612741,Chicago Bulls,4,6,5,Made Shot,Finger Roll Layup Shot,2PT Field Goal,Restricted Area,Center(C),Less Than 8 ft.,3,6,37,1,1,20251022,CHI,DET,25150,0,202696|1628989|1630200|1631207|1641824,0,REG,2026,1610612741,,,,,
22500084694,,Shot Chart Detail,22500084,694,1631207,Dalen Terry,1610612741,Chicago Bulls,4,5,42,Missed Shot,Driving Layup Shot,2PT Field Goal,Restricted Area,Center(C),Less Than 8 ft.,1,10,-3,1,0,20251022,CHI,DET,25380,0,202696|1628989|1630200|1631207|1641824,0,REG,2026,1610612741,,,,,
22500084698,,Shot Chart Detail,22500084,698,202696,Nikola Vučević,1610612741,Chicago Bulls,4,5,8,Made Shot,Floating Jump shot,2PT Field Goal,In The Paint (Non-RA),Center(C),8-16 ft.,11,-10,112,1,1,20251022,CHI,DET,25720,0,202696|1628989|1630200|1631207|1641824,1,REG,2026,1610612741,,,,,
22500084712,,Shot Chart Detail,22500084,712,202696,Nikola Vučević,1610612741,Chicago Bulls,4,4,35,Missed Shot,Turnaround Hook Shot,2PT Field Goal,In The Paint (Non-RA),Center(C),8-16 ft.,8,25,79,1,0,20251022,CHI,DET,26050,0,202696|1628989|1630171|1630200|1630581,0,REG,2026,1610612741,,,,,
22500084716,,Shot Chart Detail,22500084,716,202696,Nikola Vučević,1610612741,Chicago Bulls,4,4,14,Made Shot,Jump Shot,2PT Field Goal,Mid-Range,Right Side(R),8-16 ft.,12,120,16,1,1,20251022,CHI,DET,26260,0,202696|1628989|1630171|1630200|1630581,1,REG,2026,1610612741,,,,,
22500084725,,Shot Chart Detail,22500084,725,1641824,Matas Buzelis,1610612741,Chicago Bulls,4,3,23,Missed Shot,Turnaround Fadeaway shot,2PT Field Goal,Mid-Range,Right Side(R),8-16 ft.,12,127,10,1,0,20251022,CHI,DET,26770,0,202696|1630171|1630200|1630581|1641824,0,REG,2026,1610612741,,,,,
22500084728,,Shot Chart Detail,22500084,728,202696,Nikola Vučević,1610612741,Chicago Bulls,4,2,59,Missed Shot,Driving Layup Shot,2PT Field Goal,Restricted Area,Center(C),Less Than 8 ft.,1,17,6,1,0,20251022,CHI,DET,27010,0,202696|1630171|1630200|1630581|1641824,0,REG,2026,1610612741,,,,,
22500084733,,Shot Chart Detail,22500084,733,202696,Nikola Vučević,1610612741,Chicago Bulls,4,2,38,Made Shot,Jump Shot,2PT Field Goal,In The Paint (Non-RA),Center(C),8-16 ft.,8,-10,81,1,1,20251022,CHI,DET,27220,0,202696|1630171|1630200|1630581|1641824,1,REG,2026,1610612741,,,,,
22500084736,,Shot Chart Detail,22500084,736,1641824,Matas Buzelis,1610612741,Chicago Bulls,4,2,5,Made Shot,Alley Oop Dunk Shot,2PT Field Goal,Restricted Area,Center(C),Less Than 8 ft.,1,-11,0,1,1,20251022,CHI,DET,27550,0,202696|1630171|1630200|1630581|1641824,1,REG,2026,1610612741,,,,,
22500084739,,Shot Chart Detail,22500084,739,202696,Nikola Vučević,1610612741,Chicago Bulls,4,1,31,Made Shot,Hook Shot,2PT Field Goal,Restricted Area,Center(C),Less Than 8 ft.,2,11,18,1,1,20251022,CHI,DET,27890,0,202696|1630171|1630200|1630581|1641824,1,REG,2026,1610612741,,,,,
225001009,,Shot Chart Detail,22500100,9,1630581,Josh Giddey,1610612741,Chicago Bulls,1,11,35,Made Shot,Running Layup Shot,2PT Field Goal,Restricted Area,Center(C),Less Than 8 ft.,0,1,8,1,1,20251025,ORL,CHI,250,0,202696|1630171|1630200|1630581|1641824,1,REG,2026,1610612741,,,,,
2250010012,,Shot Chart Detail,22500100,12,202696,Nikola Vučević,1610612741,Chicago Bulls,1,11,7,Missed Shot,Turnaround Jump Shot,2PT Field Goal,Mid-Range,Center(C),8-16 ft.,15,-4,155,1,0,20251025,ORL,CHI,530,0,202696|1630171|1630200|1630581|1641824,0,REG,2026,1610612741,,,,,
2250010019,,Shot Chart Detail,22500100,19,1641824,Matas Buzelis,1610612741,Chicago Bulls,1,10,30,Missed Shot,Pullup Jump shot,3PT Field Goal,Above the Break 3,Left Side Center(LC),24+ ft.,25,-105,232,1,0,20251025,ORL,CHI,900,0,202696|1630171|1630200|1630581|1641824,0,REG,2026,1610612741,,,,,
2250010023,,Shot Chart Detail,22500100,23,1630171,Isaac Okoro,1610612741,Chicago Bulls,1,10,7,Missed Shot,Jump Shot,3PT Field Goal,Right Corner 3,Right Side(R),24+ ft.,22,227,19,1,0,20251025,ORL,CHI,1130,0,202696|1630171|1630200|1630581|1641824,0,REG,2026,1610612741,,,,,
2250010030,,Shot Chart Detail,22500100,30,1630171,Isaac Okoro,1610612741,Chicago Bulls,1,9,42,Missed Shot,Jump Shot,3PT Field Goal,Left Corner 3,Left Side(L),24+ ft.,22,-229,-6,1,0,20251025,ORL,CHI,1380,0,202696|1630171|1630200|1630581|1641824,0,REG,2026,1610612741,,,,,
2250010034,,Shot Chart Detail,22500100,34,1630200,Tre Jones,1610612741,Chicago Bulls,1,9,23,Missed Shot,Jump Shot,3PT Field Goal,Left Corner 3,Left Side(L),24+ ft.,22,-225,-6,1,0,20251025,ORL,CHI,1570,0,202696|1630171|1630200|1630581|1641824,0,REG,2026,1610612741,,,,,
2250010038,,Shot Chart Detail,22500100,38,1630200,Tre Jones,1610612741,Chicago Bulls,1,9,3,Made Shot,Jump Shot,3PT Field Goal,Above the Break 3,Left Side Center(LC),24+ ft.,25,-201,151,1,1,20251025,ORL,CHI,1770,0,202696|1630171|1630200|1630581|1641824,1,REG,2026,1610612741,,,,,
2250010054,,Shot Chart Detail,22500100,54,1641824,Matas Buzelis,1610612741,Chicago Bulls,1,8,8,Missed Shot,Driving Floating Jump Shot,2PT Field Goal,In The Paint (Non-RA),Center(C),Less Than 8 ft.,6,-18,63,1,0,20251025,ORL,CHI,2320,0,202696|1628989|1630171|1630581|1641824,0,REG,2026,1610612741,,,,,
2250010057,,Shot Chart Detail,22500100,57,1630171,Isaac Okoro,1610612741,Chicago Bulls,1,7,43,Missed Shot,Driving Reverse Layup Shot,2PT Field Goal,Restricted Area,Center(C),Less Than 8 ft.,3,-31,22,1,0,20251025,ORL,CHI,2570,0,202696|1628989|1630171|1630581|1641824,0,REG,2026,1610612741,,,,,
2250010062,,Shot Chart Detail,22500100,62,1641824,Matas Buzelis,1610612741,Chicago Bulls,1,7,30,Missed Shot,Running Dunk Shot,2PT Field Goal,Restricted Area,Center(C),Less Than 8 ft.,2,-15,16,1,0,20251025,ORL,CHI,2700,0,202696|1628989|1630171|1630581|1641824,0,REG,2026,1610612741,,,,,
2250010066,,Shot Chart Detail,22500100,66,1630171,Isaac Okoro,1610612741,Chicago Bulls,1,7,16,Missed Shot,Running Layup Shot,2PT Field Goal,Restricted Area,Center(C),Less Than 8 ft.,2,-26,6,1,0,20251025,ORL,CHI,2840,0,202696|1628989|1630171|1630581|1641824,0,REG,2026,1610612741,,,,,
2250010083,,Shot Chart Detail,22500100,83,1641824,Matas Buzelis,1610612741,Chicago Bulls,1,6,18,Missed Shot,Jump Shot,3PT Field Goal,Left Corner 3,Left Side(L),24+ ft.,23,-233,40,1,0,20251025,ORL,CHI,3420,0,202696|1628989|1630172|1630581|1641824,0,REG,2026,1610612741,,,,,
2250010087,,Shot Chart Detail,22500100,87,1628989,Kevin Huerter,1610612741,Chicago Bulls,1,5,52,Missed Shot,Jump Shot,3PT Field Goal,Above the Break 3,Center(C),24+ ft.,25,-48,247,1,0,20251025,ORL,CHI,3680,0,202696|1628989|1630172|1630581|1641824,0,REG,2026,1610612741,,,,,
2250010089,,Shot Chart Detail,22500100,89,1630581,Josh Giddey,1610612741,Chicago Bulls,1,5,48,Made Shot,Pullup Jump shot,3PT Field Goal,Above the Break 3,Center(C),24+ ft.,25,-13,252,1,1,20251025,ORL,CHI,3720,0,202696|1628989|1630172|1630581|1641824,1,REG,2026,1610612741,,,,,
22500100101,,Shot Chart Detail,22500100,101,1628989,Kevin Huerter,1610612741,Chicago Bulls,1,5,2,Missed Shot,Jump Shot,3PT Field Goal,Left Corner 3,Left Side(L),24+ ft.,23,-228,31,1,0,20251025,ORL,CHI,4180,0,202696|1628989|1630172|1630245|1630581,0,REG,2026,1610612741,,,,,
22500100104,,Shot Chart Detail,22500100,104,202696,Nikola Vučević,1610612741,Chicago Bulls,1,4,34,Made Shot,Turnaround Jump Shot,2PT Field Goal,Mid-Range,Left Side(L),8-16 ft.,9,-96,8,1,1,20251025,ORL,CHI,4460,0,202696|1628989|1630172|1630245|1630581,1,REG,2026,1610612741,,,,,
22500100115,,Shot Chart Detail,22500100,115,1630245,Ayo Dosunmu,1610612741,Chicago Bulls,1,3,55,Made Shot,Cutting Layup Shot,2PT Field Goal,Restricted Area,Center(C),Less Than 8 ft.,2,-16,14,1,1,20251025,ORL,CHI,4850,0,1628989|1630172|1630188|1630200|1630245,1,REG,2026,1610612741,,,,,
22500100119,,Shot Chart Detail,22500100,119,1630245,Ayo Dosunmu,1610612741,Chicago Bulls,1,3,33,Made Shot,Running Dunk Shot,2PT Field Goal,Restricted Area,Center(C),Less Than 8 ft.,1,-9,11,1,1,20251025,ORL,CHI,5070,0,1628989|1630172|1630188|1630200|1630245,1,REG,2026,1610612741,,,,,
22500100123,,Shot Chart Detail,22500100,123,1630172,Patrick Williams,1610612741,Chicago Bulls,1,3,12,Made Shot,Running Pull-Up Jump Shot,3PT Field Goal,Above the Break 3,Right Side Center(RC),24+ ft.,26,114,236,1,1,20251025,ORL,CHI,5280,0,1628989|1630172|1630188|1630200|1630245,0,REG,2026,1610612741,,,,,
22500100126,,Shot Chart Detail,22500100,126,1628989,Kevin Huerter,1610612741,Chicago Bulls,1,2,40,Made Shot,Cutting Layup Shot,2PT Field Goal,Restricted Area,Center(C),Less Than 8 ft.,1,12,14,1,1,20251025,ORL,CHI,5600,0,1628989|1630172|1630188|1630200|1630245,1,REG,2026,1610612741,,,,,
22500100134,,Shot Chart Detail,22500100,134,1630245,Ayo Dosunmu,1610612741,Chicago Bulls,1,2,13,Missed Shot,Driving Layup Shot,2PT Field Goal,In The Paint (Non-RA),Center(C),Less Than 8 ft.,4,-32,26,1,0,20251025,ORL,CHI,5870,0,1628989|1630172|1630188|1630200|1630245,0,REG,2026,1610612741,,,,,
22500100138,,Shot Chart Detail,22500100,138,1630172,Patrick Williams,1610612741,Chicago Bulls,1,1,52,Missed Shot,Cutting Layup Shot,2PT Field Goal,Restricted Area,Center(C),Less Than 8 ft.,2,-20,10,1,0,20251025,ORL,CHI,6080,0,1628989|1630172|1630188|1630200|1630245,0,REG,2026,1610612741,,,,,
22500100141,,Shot Chart Detail,22500100,141,1630188,Jalen Smith,1610612741,Chicago Bulls,1,1,35,Missed Shot,Turnaround Hook Shot,2PT Field Goal,Restricted Area,Center(C),Less Than 8 ft.,3,-28,11,1,0,20251025,ORL,CHI,6250,0,1628989|1630172|1630188|1630200|1630245,0,REG,2026,1610612741,,,,,
22500100143,,Shot Chart Detail,22500100,143,1628989,Kevin Huerter,1610612741,Chicago Bulls,1,1,33,Missed Shot,Tip Layup Shot,2PT Field Goal,Restricted Area,Center(C),Less Than 8 ft.,0,0,0,1,0,20251025,ORL,CHI,6270,0,1628989|1630172|1630188|1630200|1630245,0,REG,2026,1610612741,,,,,
22500100145,,Shot Chart Detail,22500100,145,1628989,Kevin Huerter,1610612741,Chicago Bulls,1,1,30,Made Shot,Fadeaway Jump Shot,2PT Field Goal,Restricted Area,Center(C),Less Than 8 ft.,0,0,0,1,1,20251025,ORL,CHI,6300,0,1628989|1630172|1630188|1630200|1630245,0,REG,2026,1610612741,,,,,
22500100156,,Shot Chart Detail,22500100,156,1630200,Tre Jones,1610612741,Chicago Bulls,1,1,2,Made Shot,Driving Floating Bank Jump Shot,2PT Field Goal,Restricted Area,Center(C),Less Than 8 ft.,3,17,27,1,1,20251025,ORL,CHI,6580,0,1630171|1630188|1630200|1630245|1641763,0,REG,2026,1610612741,,,,,
22500100159,,Shot Chart Detail,22500100,159,1630188,Jalen Smith,1610612741,Chicago Bulls,1,0,40,Made Shot,Turnaround Jump Shot,2PT Field Goal,Restricted Area,Center(C),Less Than 8 ft.,1,11,15,1,1,20251025,ORL,CHI,6800,0,1630171|1630188|1630200|1630245|1641763,0,REG,2026,1610612741,,,,,
22500100165,,Shot Chart Detail,22500100,165,1630200,Tre Jones,1610612741,Chicago Bulls,1,0,26,Missed Shot,Driving Layup Shot,2PT Field Goal,In The Paint (Non-RA),Center(C),Less Than 8 ft.,4,-28,29,1,0,20251025,ORL,CHI,6940,0,1630171|1630188|1630200|1630245|1641763,0,REG,2026,1610612741,,,,,
22500100170,,Shot Chart Detail,22500100,170,1630245,Ayo Dosunmu,1610612741,Chicago Bulls,1,0,0,Missed Shot,Driving Floating Jump Shot,2PT Field Goal,In The Paint (Non-RA),Center(C),Less Than 8 ft.,7,74,13,1,0,20251025,ORL,CHI,7200,0,1630171|1630188|1630200|1630245|1641763,0,REG,2026,1610612741,,,,,
22500100178,,Shot Chart Detail,22500100,178,1630188,Jalen Smith,1610612741,Chicago Bulls,2,11,35,Missed Shot,Turnaround Hook Shot,2PT Field Goal,In The Paint (Non-RA),Center(C),8-16 ft.,8,-18,78,1,0,20251025,ORL,CHI,7450,0,1630171|1630188|1630200|1630245|1641763,0,REG,2026,1610612741,,,,,
22500100182,,Shot Chart Detail,22500100,182,1641763,Julian Phillips,1610612741,Chicago Bulls,2,11,12,Made Shot,Cutting Dunk Shot,2PT Field Goal,Restricted Area,Center(C),Less Than 8 ft.,0,-4,6,1,1,20251025,ORL,CHI,7680,0,1630171|1630188|1630200|1630245|1641763,1,REG,2026,1610612741,,,,,
22500100187,,Shot Chart Detail,22500100,187,1630188,Jalen Smith,1610612741,Chicago Bulls,2,10,44,Made Shot,Jump Shot,3PT Field Goal,Above the Break 3,Left Side Center(LC),24+ ft.,25,-114,230,1,1,20251025,ORL,CHI,7960,0,1630171|1630188|1630200|1630245|1641763,1,REG,2026,1610612741,,,,,
22500100191,,Shot Chart Detail,22500100,191,1630188,Jalen Smith,1610612741,Chicago Bulls,2,10,19,Made Shot,Running Layup Shot,2PT Field Goal,Restricted Area,Center(C),Less Than 8 ft.,1,-5,17,1,1,20251025,ORL,CHI,8210,0,1630171|1630188|1630200|1630245|1641763,1,REG,2026,1610612741,,,,,
22500100203,,Shot Chart Detail,22500100,203,1630581,Josh Giddey,1610612741,Chicago Bulls,2,9,45,Missed Shot,Pullup Jump shot,2PT Field Goal,Mid-Range,Left Side Center(LC),16-24 ft.,18,-81,171,1,0,20251025,ORL,CHI,8550,0,1630171|1630172|1630188|1630581|1641763,0,REG,2026,1610612741,,,,,
22500100219,,Shot Chart Detail,22500100,219,1630188,Jalen Smith,1610612741,Chicago Bulls,2,9,0,Made Shot,Driving Finger Roll Layup Shot,2PT Field Goal,Restricted Area,Center(C),Less Than 8 ft.,1,-4,13,1,1,20251025,ORL,CHI,9000,0,1628989|1630171|1630172|1630188|1630581,1,REG,2026,1610612741,,,,,
22500100236,,Shot Chart Detail,22500100,236,1628989,Kevin Huerter,1610612741,Chicago Bulls,2,8,10,Missed Shot,Running Jump Shot,3PT Field Goal,Above the Break 3,Right Side Center(RC),24+ ft.,24,224,110,1,0,20251025,ORL,CHI,9500,0,202696|1628989|1630172|1630581|1631207,0,REG,2026,1610612741,,,,,
22500100240,,Shot Chart Detail,22500100,240,1630581,Josh Giddey,1610612741,Chicago Bulls,2,7,55,Made Shot,Running Finger Roll Layup Shot,2PT Field Goal,Restricted Area,Center(C),Less Than 8 ft.,1,9,13,1,1,20251025,ORL,CHI,9650,0,202696|1628989|1630172|1630581|1631207,1,REG,2026,1610612741,,,,,
22500100245,,Shot Chart Detail,22500100,245,1630581,Josh Giddey,1610612741,Chicago Bulls,2,7,27,Missed Shot,Driving Floating Bank Jump Shot,2PT Field Goal,In The Paint (Non-RA),Center(C),Less Than 8 ft.,6,37,55,1,0,20251025,ORL,CHI,9930,0,202696|1628989|1630172|1630581|1631207,0,REG,2026,1610612741,,,,,
22500100257,,Shot Chart Detail,22500100,257,1631207,Dalen Terry,1610612741,Chicago Bulls,2,6,54,Missed Shot,Jump Shot,3PT Field Goal,Above the Break 3,Right Side Center(RC),24+ ft.,24,223,106,1,0,20251025,ORL,CHI,10260,0,202696|1628989|1630245|1630581|1631207,0,REG,2026,1610612741,,,,,
22500100266,,Shot Chart Detail,22500100,266,1628989,Kevin Huerter,1610612741,Chicago Bulls,2,6,18,Made Shot,Driving Floating Bank Jump Shot,2PT Field Goal,In The Paint (Non-RA),Center(C),Less Than 8 ft.,4,26,36,1,1,20251025,ORL,CHI,10620,0,202696|1628989|1630245|1630581|1641824,1,REG,2026,1610612741,,,,,
22500100282,,Shot Chart Detail,22500100,282,202696,Nikola Vučević,1610612741,Chicago Bulls,2,5,19,Missed Shot,Driving Floating Jump Shot,2PT Field Goal,In The Paint (Non-RA),Center(C),8-16 ft.,13,-36,127,1,0,20251025,ORL,CHI,11210,0,202696|1628989|1630171|1630172|1630245,0,REG,2026,1610612741,,,,,
22500100285,,Shot Chart Detail,22500100,285,1630172,Patrick Williams,1610612741,Chicago Bulls,2,4,55,Made Shot,Pullup Jump shot,2PT Field Goal,In The Paint (Non-RA),Center(C),Less Than 8 ft.,6,0,64,1,1,20251025,ORL,CHI,11450,0,202696|1628989|1630171|1630172|1630245,0,REG,2026,1610612741,,,,,
22500100293,,Shot Chart Detail,22500100,293,1630172,Patrick Williams,1610612741,Chicago Bulls,2,4,4,Made Shot,Cutting Dunk Shot,2PT Field Goal,Restricted Area,Center(C),Less Than 8 ft.,1,-10,10,1,1,20251025,ORL,CHI,11960,0,202696|1628989|1630171|1630172|1630245,1,REG,2026,1610612741,,,,,
22500100297,,Shot Chart Detail,22500100,297,1630245,Ayo Dosunmu,1610612741,Chicago Bulls,2,3,34,Made Shot,Driving Layup Shot,2PT Field Goal,Restricted Area,Center(C),Less Than 8 ft.,1,-1,11,1,1,20251025,ORL,CHI,12260,0,202696|1628989|1630171|1630172|1630245,0,REG,2026,1610612741,,,,,
22500100308,,Shot Chart Detail,22500100,308,202696,Nikola Vučević,1610612741,Chicago Bulls,2,2,50,Made Shot,Fadeaway Jump Shot,2PT Field Goal,Mid-Range,Right Side(R),8-16 ft.,14,141,14,1,1,20251025,ORL,CHI,12700,0,202696|1630171|1630172|1630200|1630581,1,REG,2026,1610612741,,,,,
22500100312,,Shot Chart Detail,22500100,312,1630172,Patrick Williams,1610612741,Chicago Bulls,2,2,7,Missed Shot,Jump Shot,3PT Field Goal,Left Corner 3,Left Side(L),24+ ft.,22,-225,17,1,0,20251025,ORL,CHI,13130,0,202696|1630171|1630172|1630200|1630581,0,REG,2026,1610612741,,,,,
22500100317,,Shot Chart Detail,22500100,317,1630171,Isaac Okoro,1610612741,Chicago Bulls,2,1,12,Missed Shot,Driving Layup Shot,2PT Field Goal,Restricted Area,Center(C),Less Than 8 ft.,1,-7,15,1,0,20251025,ORL,CHI,13680,0,202696|1630171|1630172|1630200|1630581,0,REG,2026,1610612741,,,,,
22500100322,,Shot Chart Detail,22500100,322,1630200,Tre Jones,1610612741,Chicago Bulls,2,1,2,Missed Shot,Driving Layup Shot,2PT Field Goal,In The Paint (Non-RA),Center(C),Less Than 8 ft.,6,-16,61,1,0,20251025,ORL,CHI,13780,0,202696|1630171|1630172|1630200|1630581,0,REG,2026,1610612741,,,,,
22500100325,,Shot Chart Detail,22500100,325,1630200,Tre Jones,1610612741,Chicago Bulls,2,0,59,Missed Shot,Floating Jump shot,2PT Field Goal,In The Paint (Non-RA),Center(C),Less Than 8 ft.,4,-7,43,1,0,20251025,ORL,CHI,13810,0,202696|1630171|1630172|1630200|1630581,0,REG,2026,1610612741,,,,,
22500100333,,Shot Chart Detail,22500100,333,1630581,Josh Giddey,1610612741,Chicago Bulls,2,0,32,Missed Shot,Driving Finger Roll Layup Shot,2PT Field Goal,Restricted Area,Center(C),Less Than 8 ft.,0,-4,9,1,0,20251025,ORL,CHI,14080,0,202696|1628989|1630172|1630200|1630581,0,REG,2026,1610612741,,,,,
22500100335,,Shot Chart Detail,22500100,335,202696,Nikola Vučević,1610612741,Chicago Bulls,2,0,30,Made Shot,Tip Layup Shot,2PT Field Goal,Restricted Area,Center(C),Less Than 8 ft.,0,0,0,1,1,20251025,ORL,CHI,14100,0,202696|1628989|1630172|1630200|1630581,0,REG,2026,1610612741,,,,,
22500100360,,Shot Chart Detail,22500100,360,1630200,Tre Jones,1610612741,Chicago Bulls,3,11,10,Made Shot,Driving Floating Jump Shot,2PT Field Goal,In The Paint (Non-RA),Center(C),8-16 ft.,8,-16,80,1,1,20251025,ORL,CHI,14900,0,202696|1630171|1630200|1630581|1641824,0,REG,2026,1610612741,,,,,
22500100368,,Shot Chart Detail,22500100,368,1630581,Josh Giddey,1610612741,Chicago Bulls,3,10,45,Missed Shot,Driving Floating Jump Shot,2PT Field Goal,In The Paint (Non-RA),Right Side(R),8-16 ft.,8,48,73,1,0,20251025,ORL,CHI,15150,0,202696|1630171|1630200|1630581|1641824,0,REG,2026,1610612741,,,,,
22500100372,,Shot Chart Detail,22500100,372,1630581,Josh Giddey,1610612741,Chicago Bulls,3,10,31,Made Shot,Running Jump Shot,3PT Field Goal,Above the Break 3,Right Side Center(RC),24+ ft.,26,174,196,1,1,20251025,ORL,CHI,15290,0,202696|1630171|1630200|1630581|1641824,1,REG,2026,1610612741,,,,,
22500100381,,Shot Chart Detail,22500100,381,202696,Nikola Vučević,1610612741,Chicago Bulls,3,10,8,Made Shot,Jump Shot,3PT Field Goal,Above the Break 3,Center(C),24+ ft.,27,2,274,1,1,20251025,ORL,CHI,15520,0,202696|1630171|1630172|1630200|1630581,1,REG,2026,1610612741,,,,,
22500100388,,Shot Chart Detail,22500100,388,1630171,Isaac Okoro,1610612741,Chicago Bulls,3,9,35,Missed Shot,Jump Shot,3PT Field Goal,Above the Break 3,Left Side Center(LC),24+ ft.,26,-145,218,1,0,20251025,ORL,CHI,15850,0,202696|1630171|1630172|1630200|1630581,0,REG,2026,1610612741,,,,,
22500100395,,Shot Chart Detail,22500100,395,1630581,Josh Giddey,1610612741,Chicago Bulls,3,9,10,Made Shot,Pullup Jump shot,2PT Field Goal,In The Paint (Non-RA),Center(C),Less Than 8 ft.,7,12,76,1,1,20251025,ORL,CHI,16100,0,202696|1630171|1630172|1630200|1630581,0,REG,2026,1610612741,,,,,
22500100404,,Shot Chart Detail,22500100,404,1630581,Josh Giddey,1610612741,Chicago Bulls,3,8,49,Missed Shot,Jump Shot,3PT Field Goal,Above the Break 3,Left Side Center(LC),24+ ft.,26,-110,242,1,0,20251025,ORL,CHI,16310,0,202696|1630171|1630172|1630200|1630581,0,REG,2026,1610612741,,,,,
22500100417,,Shot Chart Detail,22500100,417,1630172,Patrick Williams,1610612741,Chicago Bulls,3,8,11,Made Shot,Running Dunk Shot,2PT Field Goal,Restricted Area,Center(C),Less Than 8 ft.,2,12,26,1,1,20251025,ORL,CHI,16690,0,202696|1628989|1630171|1630172|1630200,0,REG,2026,1610612741,,,,,
22500100425,,Shot Chart Detail,22500100,425,202696,Nikola Vučević,1610612741,Chicago Bulls,3,7,36,Made Shot,Turnaround Bank Hook Shot,2PT Field Goal,In The Paint (Non-RA),Center(C),Less Than 8 ft.,6,40,54,1,1,20251025,ORL,CHI,17040,0,202696|1628989|1630171|1630172|1630200,1,REG,2026,1610612741,,,,,
22500100433,,Shot Chart Detail,22500100,433,1630581,Josh Giddey,1610612741,Chicago Bulls,3,7,5,Missed Shot,Driving Layup Shot,2PT Field Goal,Restricted Area,Center(C),Less Than 8 ft.,3,2,33,1,0,20251025,ORL,CHI,17350,0,202696|1628989|1630171|1630172|1630581,0,REG,2026,1610612741,,,,,
22500100452,,Shot Chart Detail,22500100,452,1630581,Josh Giddey,1610612741,Chicago Bulls,3,5,49,Made Shot,Running Finger Roll Layup Shot,2PT Field Goal,Restricted Area,Center(C),Less Than 8 ft.,1,0,18,1,1,20251025,ORL,CHI,18110,0,202696|1628989|1630172|1630245|1630581,1,REG,2026,1610612741,,,,,
22500100458,,Shot Chart Detail,22500100,458,1628989,Kevin Huerter,1610612741,Chicago Bulls,3,5,31,Missed Shot,Jump Shot,3PT Field Goal,Above the Break 3,Left Side Center(LC),24+ ft.,25,-157,202,1,0,20251025,ORL,CHI,18290,0,202696|1628989|1630172|1630245|1630581,0,REG,2026,1610612741,,,,,
22500100472,,Shot Chart Detail,22500100,472,1628989,Kevin Huerter,1610612741,Chicago Bulls,3,4,37,Missed Shot,Driving Floating Jump Shot,2PT Field Goal,In The Paint (Non-RA),Center(C),Less Than 8 ft.,5,17,53,1,0,20251025,ORL,CHI,18830,0,202696|1628989|1630171|1630245|1630581,0,REG,2026,1610612741,,,,,
22500100517,,Shot Chart Detail,22500100,517,1630188,Jalen Smith,1610612741,Chicago Bulls,3,2,14,Made Shot,Cutting Layup Shot,2PT Field Goal,Restricted Area,Center(C),Less Than 8 ft.,2,27,7,1,1,20251025,ORL,CHI,20260,0,1630172|1630188|1630200|1630245|1630581,1,REG,2026,1610612741,,,,,
22500100521,,Shot Chart Detail,22500100,521,1630581,Josh Giddey,1610612741,Chicago Bulls,3,1,52,Missed Shot,Pullup Jump shot,3PT Field Goal,Above the Break 3,Center(C),24+ ft.,24,-11,246,1,0,20251025,ORL,CHI,20480,0,1630172|1630188|1630200|1630245|1630581,0,REG,2026,1610612741,,,,,
22500100525,,Shot Chart Detail,22500100,525,1630245,Ayo Dosunmu,1610612741,Chicago Bulls,3,1,26,Missed Shot,Pullup Jump shot,3PT Field Goal,Above the Break 3,Right Side Center(RC),24+ ft.,26,86,252,1,0,20251025,ORL,CHI,20740,0,1630172|1630188|1630200|1630245|1630581,0,REG,2026,1610612741,,,,,
22500100538,,Shot Chart Detail,22500100,538,1641824,Matas Buzelis,1610612741,Chicago Bulls,3,1,3,Made Shot,Driving Finger Roll Layup Shot,2PT Field Goal,Restricted Area,Center(C),Less Than 8 ft.,3,13,36,1,1,20251025,ORL,CHI,20970,0,1630188|1630200|1630581|1641763|1641824,1,REG,2026,1610612741,,,,,
22500100542,,Shot Chart Detail,22500100,542,1641763,Julian Phillips,1610612741,Chicago Bulls,3,0,48,Missed Shot,Running Jump Shot,3PT Field Goal,Left Corner 3,Left Side(L),24+ ft.,22,-224,20,1,0,20251025,ORL,CHI,21120,0,1630188|1630200|1630581|1641763|1641824,0,REG,2026,1610612741,,,,,
22500100577,,Shot Chart Detail,22500100,577,1630581,Josh Giddey,1610612741,Chicago Bulls,4,10,43,Missed Shot,Turnaround Jump Shot,2PT Field Goal,Mid-Range,Center(C),16-24 ft.,17,25,170,1,0,20251025,ORL,CHI,22370,0,1628989|1630188|1630581|1641763|1641824,0,REG,2026,1610612741,,,,,
22500100579,,Shot Chart Detail,22500100,579,1641763,Julian Phillips,1610612741,Chicago Bulls,4,10,38,Made Shot,Putback Layup Shot,2PT Field Goal,Restricted Area,Center(C),Less Than 8 ft.,1,12,15,1,1,20251025,ORL,CHI,22420,0,1628989|1630188|1630581|1641763|1641824,0,REG,2026,1610612741,,,,,
22500100588,,Shot Chart Detail,22500100,588,1641763,Julian Phillips,1610612741,Chicago Bulls,4,9,57,Missed Shot,Pullup Jump shot,2PT Field Goal,In The Paint (Non-RA),Center(C),8-16 ft.,8,18,79,1,0,20251025,ORL,CHI,22830,0,1628989|1630188|1630245|1630581|1641763,0,REG,2026,1610612741,,,,,
22500100592,,Shot Chart Detail,22500100,592,1630581,Josh Giddey,1610612741,Chicago Bulls,4,9,38,Missed Shot,Driving Floating Jump Shot,2PT Field Goal,In The Paint (Non-RA),Center(C),Less Than 8 ft.,7,44,63,1,0,20251025,ORL,CHI,23020,0,1628989|1630188|1630245|1630581|1641763,0,REG,2026,1610612741,,,,,
22500100596,,Shot Chart Detail,22500100,596,1630581,Josh Giddey,1610612741,Chicago Bulls,4,9,27,Made Shot,Running Reverse Layup Shot,2PT Field Goal,Restricted Area,Center(C),Less Than 8 ft.,2,2,23,1,1,20251025,ORL,CHI,23130,0,1628989|1630188|1630245|1630581|1641763,1,REG,2026,1610612741,,,,,
22500100608,,Shot Chart Detail,22500100,608,1630245,Ayo Dosunmu,1610612741,Chicago Bulls,4,8,53,Made Shot,Jump Shot,3PT Field Goal,Right Corner 3,Right Side(R),24+ ft.,23,232,17,1,1,20251025,ORL,CHI,23470,0,1628989|1630188|1630200|1630245|1641763,1,REG,2026,1610612741,,,,,
22500100616,,Shot Chart Detail,22500100,616,1630188,Jalen Smith,1610612741,Chicago Bulls,4,8,11,Made Shot,Jump Shot,3PT Field Goal,Above the Break 3,Right Side Center(RC),24+ ft.,25,228,104,1,1,20251025,ORL,CHI,23890,0,1628989|1630188|1630200|1630245|1641763,1,REG,2026,1610612741,,,,,
22500100636,,Shot Chart Detail,22500100,636,1630245,Ayo Dosunmu,1610612741,Chicago Bulls,4,7,26,Missed Shot,Driving Layup Shot,2PT Field Goal,Restricted Area,Center(C),Less Than 8 ft.,1,-12,15,1,0,20251025,ORL,CHI,24340,0,1628989|1630172|1630188|1630200|1630245,0,REG,2026,1610612741,,,,,
22500100651,,Shot Chart Detail,22500100,651,1630581,Josh Giddey,1610612741,Chicago Bulls,4,6,17,Missed Shot,Driving Floating Jump Shot,2PT Field Goal,In The Paint (Non-RA),Center(C),Less Than 8 ft.,6,58,21,1,0,20251025,ORL,CHI,25030,0,202696|1628989|1630172|1630245|1630581,0,REG,2026,1610612741,,,,,
22500100655,,Shot Chart Detail,22500100,655,1630172,Patrick Williams,1610612741,Chicago Bulls,4,5,50,Made Shot,Turnaround Jump Shot,2PT Field Goal,In The Paint (Non-RA),Center(C),8-16 ft.,8,9,85,1,1,20251025,ORL,CHI,25300,0,202696|1628989|1630172|1630245|1630581,0,REG,2026,1610612741,,,,,
22500100676,,Shot Chart Detail,22500100,676,1630581,Josh Giddey,1610612741,Chicago Bulls,4,4,38,Missed Shot,Running Jump Shot,3PT Field Goal,Above the Break 3,Left Side Center(LC),24+ ft.,25,-189,178,1,0,20251025,ORL,CHI,26020,0,202696|1630172|1630200|1630245|1630581,0,REG,2026,1610612741,,,,,
22500100692,,Shot Chart Detail,22500100,692,1630245,Ayo Dosunmu,1610612741,Chicago Bulls,4,4,12,Made Shot,Jump Shot,3PT Field Goal,Above the Break 3,Left Side Center(LC),24+ ft.,25,-185,174,1,1,20251025,ORL,CHI,26280,0,202696|1628989|1630172|1630200|1630245,1,REG,2026,1610612741,,,,,
22500100700,,Shot Chart Detail,22500100,700,1630245,Ayo Dosunmu,1610612741,Chicago Bulls,4,2,57,Made Shot,Jump Shot,3PT Field Goal,Right Corner 3,Right Side(R),24+ ft.,23,228,36,1,1,20251025,ORL,CHI,27030,0,202696|1628989|1630172|1630200|1630245,1,REG,2026,1610612741,,,,,
22500100712,,Shot Chart Detail,22500100,712,1628989,Kevin Huerter,1610612741,Chicago Bulls,4,1,48,Made Shot,Pullup Jump shot,2PT Field Goal,In The Paint (Non-RA),Center(C),Less Than 8 ft.,7,76,-4,1,1,20251025,ORL,CHI,27720,0,202696|1628989|1630172|1630200|1630245,0,REG,2026,1610612741,,,,,
225001159,,Shot Chart Detail,22500115,9,1630171,Isaac Okoro,1610612741,Chicago Bulls,1,11,33,Missed Shot,Driving Layup Shot,2PT Field Goal,Restricted Area,Center(C),Less Than 8 ft.,0,5,6,1,0,20251027,CHI,ATL,270,0,202696|1630171|1630200|1630581|1641824,0,REG,2026,1610612741,,,,,
2250011517,,Shot Chart Detail,22500115,17,1641824,Matas Buzelis,1610612741,Chicago Bulls,1,11,5,Made Shot,Running Finger Roll Layup Shot,2PT Field Goal,Restricted Area,Center(C),Less Than 8 ft.,1,-10,1,1,1,20251027,CHI,ATL,550,0,202696|1630171|1630200|1630581|1641824,1,REG,2026,1610612741,,,,,
2250011521,,Shot Chart Detail,22500115,21,1641824,Matas Buzelis,1610612741,Chicago Bulls,1,10,32,Missed Shot,Jump Shot,3PT Field Goal,Above the Break 3,Left Side Center(LC),24+ ft.,24,-91,227,1,0,20251027,CHI,ATL,880,0,202696|1630171|1630200|1630581|1641824,0,REG,2026,1610612741,,,,,
2250011525,,Shot Chart Detail,22500115,25,1630171,Isaac Okoro,1610612741,Chicago Bulls,1,10,16,Made Shot,Running Reverse Layup Shot,2PT Field Goal,Restricted Area,Center(C),Less Than 8 ft.,1,0,13,1,1,20251027,CHI,ATL,1040,0,202696|1630171|1630200|1630581|1641824,1,REG,2026,1610612741,,,,,
2250011532,,Shot Chart Detail,22500115,32,1630200,Tre Jones,1610612741,Chicago Bulls,1,9,16,Missed Shot,Driving Floating Jump Shot,2PT Field Goal,In The Paint (Non-RA),Center(C),8-16 ft.,8,-9,89,1,0,20251027,CHI,ATL,1640,0,202696|1630171|1630200|1630581|1641824,0,REG,2026,1610612741,,,,,
2250011536,,Shot Chart Detail,22500115,36,1630581,Josh Giddey,1610612741,Chicago Bulls,1,9,2,Made Shot,Running Layup Shot,2PT Field Goal,Restricted Area,Center(C),Less Than 8 ft.,1,7,13,1,1,20251027,CHI,ATL,1780,0,202696|1630171|1630200|1630581|1641824,0,REG,2026,1610612741,,,,,
2250011545,,Shot Chart Detail,22500115,45,1630581,Josh Giddey,1610612741,Chicago Bulls,1,8,18,Made Shot,Cutting Finger Roll Layup Shot,2PT Field Goal,Restricted Area,Center(C),Less Than 8 ft.,1,-2,13,1,1,20251027,CHI,ATL,2220,0,202696|1630171|1630200|1630581|1641824,1,REG,2026,1610612741,,,,,
2250011552,,Shot Chart Detail,22500115,52,1630171,Isaac Okoro,1610612741,Chicago Bulls,1,7,30,Missed Shot,Jump Shot,3PT Field Goal,Above the Break 3,Left Side Center(LC),24+ ft.,25,-179,182,1,0,20251027,CHI,ATL,2700,0,202696|1628989|1630171|1630581|1641824,0,REG,2026,1610612741,,,,,
2250011556,,Shot Chart Detail,22500115,56,1628989,Kevin Huerter,1610612741,Chicago Bulls,1,7,3,Made Shot,Driving Layup Shot,2PT Field Goal,Restricted Area,Center(C),Less Than 8 ft.,1,-12,14,1,1,20251027,CHI,ATL,2970,0,202696|1628989|1630171|1630581|1641824,0,REG,2026,1610612741,,,,,
2250011559,,Shot Chart Detail,22500115,59,1628989,Kevin Huerter,1610612741,Chicago Bulls,1,6,48,Made Shot,Running Finger Roll Layup Shot,2PT Field Goal,Restricted Area,Center(C),Less Than 8 ft.,0,-2,5,1,1,20251027,CHI,ATL,3120,0,202696|1628989|1630171|1630581|1641824,1,REG,2026,1610612741,,,,,
2250011563,,Shot Chart Detail,22500115,63,1630581,Josh Giddey,1610612741,Chicago Bulls,1,6,21,Missed Shot,Pullup Jump shot,2PT Field Goal,Mid-Range,Center(C),16-24 ft.,21,-16,219,1,0,20251027,CHI,ATL,3390,0,202696|1628989|1630171|1630581|1641824,0,REG,2026,1610612741,,,,,
2250011577,,Shot Chart Detail,22500115,77,202696,Nikola Vučević,1610612741,Chicago Bulls,1,5,59,Made Shot,Turnaround Hook Shot,2PT Field Goal,In The Paint (Non-RA),Center(C),Less Than 8 ft.,6,13,61,1,1,20251027,CHI,ATL,3610,0,202696|1628989|1630172|1630581|1641824,1,REG,2026,1610612741,,,,,
2250011584,,Shot Chart Detail,22500115,84,1641824,Matas Buzelis,1610612741,Chicago Bulls,1,5,27,Missed Shot,Jump Shot,3PT Field Goal,Left Corner 3,Left Side(L),24+ ft.,22,-229,-16,1,0,20251027,CHI,ATL,3930,0,202696|1628989|1630172|1630581|1641824,0,REG,2026,1610612741,,,,,
2250011588,,Shot Chart Detail,22500115,88,1630581,Josh Giddey,1610612741,Chicago Bulls,1,4,58,Made Shot,Driving Hook Shot,2PT Field Goal,Restricted Area,Center(C),Less Than 8 ft.,3,29,11,1,1,20251027,CHI,ATL,4220,0,202696|1628989|1630172|1630581|1641824,0,REG,2026,1610612741,,,,,
22500115104,,Shot Chart Detail,22500115,104,202696,Nikola Vučević,1610612741,Chicago Bulls,1,4,10,Missed Shot,Jump Shot,3PT Field Goal,Above the Break 3,Right Side Center(RC),24+ ft.,26,129,235,1,0,20251027,CHI,ATL,4700,0,202696|1628989|1630172|1630581|1641824,0,REG,2026,1610612741,,,,,
22500115106,,Shot Chart Detail,22500115,106,1630172,Patrick Williams,1610612741,Chicago Bulls,1,4,5,Missed Shot,Jump Shot,3PT Field Goal,Above the Break 3,Left Side Center(LC),24+ ft.,25,-196,169,1,0,20251027,CHI,ATL,4750,0,202696|1628989|1630172|1630581|1641824,0,REG,2026,1610612741,,,,,
22500115123,,Shot Chart Detail,22500115,123,1630172,Patrick Williams,1610612741,Chicago Bulls,1,3,32,Missed Shot,Jump Shot,3PT Field Goal,Above the Break 3,Right Side Center(RC),24+ ft.,27,179,215,1,0,20251027,CHI,ATL,5080,0,1628989|1630172|1630188|1630200|1630245,0,REG,2026,1610612741,,,,,
22500115129,,Shot Chart Detail,22500115,129,1630188,Jalen Smith,1610612741,Chicago Bulls,1,2,57,Missed Shot,Jump Shot,3PT Field Goal,Above the Break 3,Center(C),24+ ft.,27,-59,267,1,0,20251027,CHI,ATL,5430,0,1628989|1630172|1630188|1630200|1630245,0,REG,2026,1610612741,,,,,
22500115139,,Shot Chart Detail,22500115,139,1630188,Jalen Smith,1610612741,Chicago Bulls,1,2,16,Missed Shot,Jump Shot,2PT Field Goal,Mid-Range,Left Side Center(LC),16-24 ft.,22,-181,134,1,0,20251027,CHI,ATL,5840,0,1628989|1630172|1630188|1630200|1630245,0,REG,2026,1610612741,,,,,
22500115146,,Shot Chart Detail,22500115,146,1628989,Kevin Huerter,1610612741,Chicago Bulls,1,1,53,Made Shot,Jump Shot,3PT Field Goal,Right Corner 3,Right Side(R),24+ ft.,22,224,26,1,1,20251027,CHI,ATL,6070,0,1628989|1630172|1630188|1630200|1630245,1,REG,2026,1610612741,,,,,
22500115150,,Shot Chart Detail,22500115,150,1630172,Patrick Williams,1610612741,Chicago Bulls,1,1,25,Missed Shot,Jump Shot,3PT Field Goal,Above the Break 3,Left Side Center(LC),24+ ft.,25,-105,236,1,0,20251027,CHI,ATL,6350,0,1628989|1630172|1630188|1630200|1630245,0,REG,2026,1610612741,,,,,
22500115154,,Shot Chart Detail,22500115,154,1630245,Ayo Dosunmu,1610612741,Chicago Bulls,1,0,57,Made Shot,Jump Shot,3PT Field Goal,Right Corner 3,Right Side(R),24+ ft.,23,235,3,1,1,20251027,CHI,ATL,6630,0,1628989|1630172|1630188|1630200|1630245,1,REG,2026,1610612741,,,,,
22500115158,,Shot Chart Detail,22500115,158,1628989,Kevin Huerter,1610612741,Chicago Bulls,1,0,44,Made Shot,Running Finger Roll Layup Shot,2PT Field Goal,Restricted Area,Center(C),Less Than 8 ft.,1,-12,0,1,1,20251027,CHI,ATL,6760,0,1628989|1630172|1630188|1630200|1630245,1,REG,2026,1610612741,,,,,
22500115168,,Shot Chart Detail,22500115,168,1630200,Tre Jones,1610612741,Chicago Bulls,1,0,17,Made Shot,Driving Finger Roll Layup Shot,2PT Field Goal,Restricted Area,Center(C),Less Than 8 ft.,1,6,9,1,1,20251027,CHI,ATL,7030,0,1628989|1630171|1630172|1630200|1630245,0,REG,2026,1610612741,,,,,
22500115183,,Shot Chart Detail,22500115,183,1630200,Tre Jones,1610612741,Chicago Bulls,2,11,43,Made Shot,Driving Finger Roll Layup Shot,2PT Field Goal,Restricted Area,Center(C),Less Than 8 ft.,1,-11,5,1,1,20251027,CHI,ATL,7370,0,1630171|1630172|1630200|1630245|1641763,0,REG,2026,1610612741,,,,,
22500115186,,Shot Chart Detail,22500115,186,1630245,Ayo Dosunmu,1610612741,Chicago Bulls,2,11,13,Missed Shot,Jump Shot,3PT Field Goal,Above the Break 3,Left Side Center(LC),24+ ft.,25,-211,137,1,0,20251027,CHI,ATL,7670,0,1630171|1630172|1630200|1630245|1641763,0,REG,2026,1610612741,,,,,
22500115189,,Shot Chart Detail,22500115,189,1630171,Isaac Okoro,1610612741,Chicago Bulls,2,10,43,Missed Shot,Step Back Jump shot,3PT Field Goal,Above the Break 3,Left Side Center(LC),24+ ft.,25,-157,204,1,0,20251027,CHI,ATL,7970,0,1630171|1630172|1630200|1630245|1641763,0,REG,2026,1610612741,,,,,
22500115195,,Shot Chart Detail,22500115,195,1630245,Ayo Dosunmu,1610612741,Chicago Bulls,2,10,14,Made Shot,Driving Finger Roll Layup Shot,2PT Field Goal,Restricted Area,Center(C),Less Than 8 ft.,1,2,10,1,1,20251027,CHI,ATL,8260,0,1630171|1630172|1630200|1630245|1641763,0,REG,2026,1610612741,,,,,
22500115201,,Shot Chart Detail,22500115,201,1641763,Julian Phillips,1610612741,Chicago Bulls,2,9,44,Missed Shot,Jump Shot,3PT Field Goal,Right Corner 3,Right Side(R),24+ ft.,24,243,13,1,0,20251027,CHI,ATL,8560,0,1630171|1630172|1630245|1630581|1641763,0,REG,2026,1610612741,,,,,
22500115207,,Shot Chart Detail,22500115,207,1630581,Josh Giddey,1610612741,Chicago Bulls,2,9,23,Made Shot,Jump Shot,3PT Field Goal,Above the Break 3,Left Side Center(LC),24+ ft.,26,-167,200,1,1,20251027,CHI,ATL,8770,0,1630171|1630172|1630245|1630581|1641763,1,REG,2026,1610612741,,,,,
22500115224,,Shot Chart Detail,22500115,224,1630581,Josh Giddey,1610612741,Chicago Bulls,2,8,28,Missed Shot,Jump Shot,3PT Field Goal,Above the Break 3,Left Side Center(LC),24+ ft.,24,-165,183,1,0,20251027,CHI,ATL,9320,0,1630171|1630245|1630581|1641763|1641824,0,REG,2026,1610612741,,,,,
22500115230,,Shot Chart Detail,22500115,230,1641824,Matas Buzelis,1610612741,Chicago Bulls,2,8,14,Missed Shot,Fadeaway Jump Shot,2PT Field Goal,Mid-Range,Center(C),8-16 ft.,15,-6,153,1,0,20251027,CHI,ATL,9460,0,202696|1630245|1630581|1641763|1641824,0,REG,2026,1610612741,,,,,
22500115234,,Shot Chart Detail,22500115,234,1641763,Julian Phillips,1610612741,Chicago Bulls,2,7,41,Missed Shot,Driving Floating Jump Shot,2PT Field Goal,In The Paint (Non-RA),Center(C),Less Than 8 ft.,5,-42,35,1,0,20251027,CHI,ATL,9790,0,202696|1630245|1630581|1641763|1641824,0,REG,2026,1610612741,,,,,
22500115242,,Shot Chart Detail,22500115,242,1641824,Matas Buzelis,1610612741,Chicago Bulls,2,7,7,Missed Shot,Driving Finger Roll Layup Shot,2PT Field Goal,Restricted Area,Center(C),Less Than 8 ft.,2,7,24,1,0,20251027,CHI,ATL,10130,0,202696|1630245|1630581|1641763|1641824,0,REG,2026,1610612741,,,,,
22500115255,,Shot Chart Detail,22500115,255,202696,Nikola Vučević,1610612741,Chicago Bulls,2,6,46,Made Shot,Floating Jump shot,2PT Field Goal,In The Paint (Non-RA),Center(C),8-16 ft.,10,25,105,1,1,20251027,CHI,ATL,10340,0,202696|1628989|1630581|1641763|1641824,1,REG,2026,1610612741,,,,,
22500115259,,Shot Chart Detail,22500115,259,1641824,Matas Buzelis,1610612741,Chicago Bulls,2,6,14,Missed Shot,Jump Shot,3PT Field Goal,Left Corner 3,Left Side(L),24+ ft.,22,-228,-23,1,0,20251027,CHI,ATL,10660,0,202696|1628989|1630581|1641763|1641824,0,REG,2026,1610612741,,,,,
22500115278,,Shot Chart Detail,22500115,278,1630581,Josh Giddey,1610612741,Chicago Bulls,2,5,23,Made Shot,Floating Jump shot,2PT Field Goal,In The Paint (Non-RA),Center(C),Less Than 8 ft.,6,-58,27,1,1,20251027,CHI,ATL,11170,0,202696|1628989|1630172|1630581|1641824,1,REG,2026,1610612741,,,,,
22500115282,,Shot Chart Detail,22500115,282,1628989,Kevin Huerter,1610612741,Chicago Bulls,2,4,54,Missed Shot,Jump Shot,3PT Field Goal,Above the Break 3,Left Side Center(LC),24+ ft.,25,-145,215,1,0,20251027,CHI,ATL,11460,0,202696|1628989|1630172|1630581|1641824,0,REG,2026,1610612741,,,,,
22500115286,,Shot Chart Detail,22500115,286,1630172,Patrick Williams,1610612741,Chicago Bulls,2,4,30,Missed Shot,Jump Shot,3PT Field Goal,Above the Break 3,Right Side Center(RC),24+ ft.,27,184,201,1,0,20251027,CHI,ATL,11700,0,202696|1628989|1630172|1630581|1641824,0,REG,2026,1610612741,,,,,
22500115300,,Shot Chart Detail,22500115,300,202696,Nikola Vučević,1610612741,Chicago Bulls,2,4,9,Missed Shot,Jump Shot,3PT Field Goal,Above the Break 3,Center(C),24+ ft.,25,9,253,1,0,20251027,CHI,ATL,11910,0,202696|1628989|1630172|1630200|1641824,0,REG,2026,1610612741,,,,,
22500115314,,Shot Chart Detail,22500115,314,1641824,Matas Buzelis,1610612741,Chicago Bulls,2,3,14,Made Shot,Driving Layup Shot,2PT Field Goal,Restricted Area,Center(C),Less Than 8 ft.,1,-16,6,1,1,20251027,CHI,ATL,12460,0,202696|1628989|1630172|1630200|1641824,0,REG,2026,1610612741,,,,,
22500115327,,Shot Chart Detail,22500115,327,1630172,Patrick Williams,1610612741,Chicago Bulls,2,2,51,Made Shot,Running Jump Shot,3PT Field Goal,Right Corner 3,Right Side(R),24+ ft.,22,224,-7,1,1,20251027,CHI,ATL,12690,0,202696|1630172|1630200|1630245|1630581,1,REG,2026,1610612741,,,,,
22500115334,,Shot Chart Detail,22500115,334,1630200,Tre Jones,1610612741,Chicago Bulls,2,1,56,Made Shot,Jump Shot,3PT Field Goal,Above the Break 3,Center(C),24+ ft.,26,-6,266,1,1,20251027,CHI,ATL,13240,0,202696|1630172|1630200|1630245|1630581,1,REG,2026,1610612741,,,,,
22500115345,,Shot Chart Detail,22500115,345,1630245,Ayo Dosunmu,1610612741,Chicago Bulls,2,1,4,Missed Shot,Jump Shot,3PT Field Goal,Above the Break 3,Left Side Center(LC),24+ ft.,25,-163,197,1,0,20251027,CHI,ATL,13760,0,202696|1630172|1630200|1630245|1630581,0,REG,2026,1610612741,,,,,
22500115350,,Shot Chart Detail,22500115,350,1630200,Tre Jones,1610612741,Chicago Bulls,2,0,45,Missed Shot,Driving Reverse Layup Shot,2PT Field Goal,Restricted Area,Center(C),Less Than 8 ft.,2,-12,26,1,0,20251027,CHI,ATL,13950,0,202696|1630172|1630200|1630245|1630581,0,REG,2026,1610612741,,,,,
22500115352,,Shot Chart Detail,22500115,352,1630172,Patrick Williams,1610612741,Chicago Bulls,2,0,44,Made Shot,Putback Layup Shot,2PT Field Goal,Restricted Area,Center(C),Less Than 8 ft.,0,0,0,1,1,20251027,CHI,ATL,13960,0,202696|1630172|1630200|1630245|1630581,0,REG,2026,1610612741,,,,,
22500115357,,Shot Chart Detail,22500115,357,1630172,Patrick Williams,1610612741,Chicago Bulls,2,0,29,Missed Shot,Jump Shot,3PT Field Goal,Above the Break 3,Left Side Center(LC),24+ ft.,25,-151,209,1,0,20251027,CHI,ATL,14110,0,202696|1630172|1630200|1630245|1630581,0,REG,2026,1610612741,,,,,
22500115359,,Shot Chart Detail,22500115,359,202696,Nikola Vučević,1610612741,Chicago Bulls,2,0,17,Made Shot,Hook Shot,2PT Field Goal,In The Paint (Non-RA),Center(C),Less Than 8 ft.,6,-4,63,1,1,20251027,CHI,ATL,14230,0,202696|1630172|1630200|1630245|1630581,1,REG,2026,1610612741,,,,,
22500115371,,Shot Chart Detail,22500115,371,1630171,Isaac Okoro,1610612741,Chicago Bulls,3,11,36,Made Shot,Jump Shot,3PT Field Goal,Above the Break 3,Center(C),24+ ft.,26,-75,254,1,1,20251027,CHI,ATL,14640,0,202696|1630171|1630200|1630581|1641824,1,REG,2026,1610612741,,,,,
22500115378,,Shot Chart Detail,22500115,378,202696,Nikola Vučević,1610612741,Chicago Bulls,3,10,52,Missed Shot,Turnaround Hook Shot,2PT Field Goal,Restricted Area,Center(C),Less Than 8 ft.,3,37,6,1,0,20251027,CHI,ATL,15080,0,202696|1630171|1630200|1630581|1641824,0,REG,2026,1610612741,,,,,
22500115382,,Shot Chart Detail,22500115,382,202696,Nikola Vučević,1610612741,Chicago Bulls,3,10,31,Made Shot,Jump Shot,3PT Field Goal,Above the Break 3,Left Side Center(LC),24+ ft.,25,-87,244,1,1,20251027,CHI,ATL,15290,0,202696|1630171|1630200|1630581|1641824,1,REG,2026,1610612741,,,,,
22500115386,,Shot Chart Detail,22500115,386,1630581,Josh Giddey,1610612741,Chicago Bulls,3,10,1,Missed Shot,Pullup Jump shot,3PT Field Goal,Above the Break 3,Center(C),24+ ft.,25,12,256,1,0,20251027,CHI,ATL,15590,0,202696|1630171|1630200|1630581|1641824,0,REG,2026,1610612741,,,,,
22500115401,,Shot Chart Detail,22500115,401,1641824,Matas Buzelis,1610612741,Chicago Bulls,3,8,51,Missed Shot,Jump Shot,3PT Field Goal,Above the Break 3,Left Side Center(LC),24+ ft.,26,-92,252,1,0,20251027,CHI,ATL,16290,0,202696|1630171|1630200|1630581|1641824,0,REG,2026,1610612741,,,,,
22500115403,,Shot Chart Detail,22500115,403,1630171,Isaac Okoro,1610612741,Chicago Bulls,3,8,45,Made Shot,Layup Shot,2PT Field Goal,Restricted Area,Center(C),Less Than 8 ft.,0,9,4,1,1,20251027,CHI,ATL,16350,0,202696|1630171|1630200|1630581|1641824,1,REG,2026,1610612741,,,,,
22500115409,,Shot Chart Detail,22500115,409,1630200,Tre Jones,1610612741,Chicago Bulls,3,8,17,Made Shot,Jump Shot,3PT Field Goal,Above the Break 3,Right Side Center(RC),24+ ft.,25,98,236,1,1,20251027,CHI,ATL,16630,0,202696|1630171|1630200|1630581|1641824,1,REG,2026,1610612741,,,,,
22500115415,,Shot Chart Detail,22500115,415,1630200,Tre Jones,1610612741,Chicago Bulls,3,8,0,Made Shot,Running Layup Shot,2PT Field Goal,Restricted Area,Center(C),Less Than 8 ft.,0,-5,7,1,1,20251027,CHI,ATL,16800,0,202696|1630171|1630200|1630581|1641824,0,REG,2026,1610612741,,,,,
22500115413,,Shot Chart Detail,22500115,413,1641824,Matas Buzelis,1610612741,Chicago Bulls,3,8,0,Missed Shot,Running Layup Shot,2PT Field Goal,Restricted Area,Center(C),Less Than 8 ft.,0,-7,7,1,0,20251027,CHI,ATL,16800,0,202696|1630171|1630200|1630581|1641824,0,REG,2026,1610612741,,,,,
22500115435,,Shot Chart Detail,22500115,435,1641824,Matas Buzelis,1610612741,Chicago Bulls,3,7,6,Made Shot,Jump Shot,3PT Field Goal,Above the Break 3,Center(C),24+ ft.,25,2,258,1,1,20251027,CHI,ATL,17340,0,202696|1628989|1630171|1630581|1641824,1,REG,2026,1610612741,,,,,
22500115439,,Shot Chart Detail,22500115,439,1628989,Kevin Huerter,1610612741,Chicago Bulls,3,6,41,Made Shot,Floating Jump shot,2PT Field Goal,In The Paint (Non-RA),Center(C),Less Than 8 ft.,5,50,1,1,1,20251027,CHI,ATL,17590,0,202696|1628989|1630171|1630581|1641824,1,REG,2026,1610612741,,,,,
22500115442,,Shot Chart Detail,22500115,442,202696,Nikola Vučević,1610612741,Chicago Bulls,3,6,13,Made Shot,Turnaround Hook Shot,2PT Field Goal,Restricted Area,Center(C),Less Than 8 ft.,0,5,6,1,1,20251027,CHI,ATL,17870,0,202696|1628989|1630171|1630581|1641824,0,REG,2026,1610612741,,,,,
22500115455,,Shot Chart Detail,22500115,455,1641824,Matas Buzelis,1610612741,Chicago Bulls,3,5,25,Made Shot,Driving Reverse Dunk Shot,2PT Field Goal,Restricted Area,Center(C),Less Than 8 ft.,0,7,6,1,1,20251027,CHI,ATL,18350,0,202696|1628989|1630171|1630581|1641824,0,REG,2026,1610612741,,,,,
22500115462,,Shot Chart Detail,22500115,462,1630581,Josh Giddey,1610612741,Chicago Bulls,3,4,56,Missed Shot,Driving Floating Jump Shot,2PT Field Goal,Mid-Range,Right Side(R),8-16 ft.,8,82,25,1,0,20251027,CHI,ATL,18640,0,202696|1630171|1630245|1630581|1641824,0,REG,2026,1610612741,,,,,
22500115467,,Shot Chart Detail,22500115,467,1630171,Isaac Okoro,1610612741,Chicago Bulls,3,4,52,Made Shot,Driving Dunk Shot,2PT Field Goal,Restricted Area,Center(C),Less Than 8 ft.,1,2,10,1,1,20251027,CHI,ATL,18680,0,202696|1630171|1630245|1630581|1641824,1,REG,2026,1610612741,,,,,
22500115480,,Shot Chart Detail,22500115,480,1641824,Matas Buzelis,1610612741,Chicago Bulls,3,3,46,Missed Shot,Jump Shot,3PT Field Goal,Above the Break 3,Center(C),24+ ft.,24,-23,247,1,0,20251027,CHI,ATL,19340,0,202696|1630171|1630245|1630581|1641824,0,REG,2026,1610612741,,,,,
22500115484,,Shot Chart Detail,22500115,484,1630245,Ayo Dosunmu,1610612741,Chicago Bulls,3,3,29,Made Shot,Jump Shot,3PT Field Goal,Above the Break 3,Left Side Center(LC),24+ ft.,25,-214,136,1,1,20251027,CHI,ATL,19510,0,202696|1630171|1630245|1630581|1641824,1,REG,2026,1610612741,,,,,
22500115499,,Shot Chart Detail,22500115,499,1630245,Ayo Dosunmu,1610612741,Chicago Bulls,3,2,40,Missed Shot,Floating Jump shot,2PT Field Goal,Mid-Range,Left Side(L),16-24 ft.,18,-159,102,1,0,20251027,CHI,ATL,20000,0,1630172|1630188|1630200|1630245|1641763,0,REG,2026,1610612741,,,,,
22500115501,,Shot Chart Detail,22500115,501,1630188,Jalen Smith,1610612741,Chicago Bulls,3,2,37,Missed Shot,Tip Layup Shot,2PT Field Goal,Restricted Area,Center(C),Less Than 8 ft.,0,0,0,1,0,20251027,CHI,ATL,20030,0,1630172|1630188|1630200|1630245|1641763,0,REG,2026,1610612741,,,,,
22500115503,,Shot Chart Detail,22500115,503,1630188,Jalen Smith,1610612741,Chicago Bulls,3,2,34,Missed Shot,Putback Layup Shot,2PT Field Goal,Restricted Area,Center(C),Less Than 8 ft.,0,0,0,1,0,20251027,CHI,ATL,20060,0,1630172|1630188|1630200|1630245|1641763,0,REG,2026,1610612741,,,,,
22500115507,,Shot Chart Detail,22500115,507,1641763,Julian Phillips,1610612741,Chicago Bulls,3,2,16,Made Shot,Jump Shot,3PT Field Goal,Left Corner 3,Left Side(L),24+ ft.,23,-234,-6,1,1,20251027,CHI,ATL,20240,0,1630172|1630188|1630200|1630245|1641763,1,REG,2026,1610612741,,,,,
22500115511,,Shot Chart Detail,22500115,511,1630172,Patrick Williams,1610612741,Chicago Bulls,3,1,41,Made Shot,Jump Shot,3PT Field Goal,Above the Break 3,Left Side Center(LC),24+ ft.,27,-126,241,1,1,20251027,CHI,ATL,20590,0,1630172|1630188|1630200|1630245|1641763,1,REG,2026,1610612741,,,,,
22500115516,,Shot Chart Detail,22500115,516,1630245,Ayo Dosunmu,1610612741,Chicago Bulls,3,1,24,Made Shot,Driving Finger Roll Layup Shot,2PT Field Goal,Restricted Area,Center(C),Less Than 8 ft.,2,12,17,1,1,20251027,CHI,ATL,20760,0,1630172|1630188|1630200|1630245|1641763,0,REG,2026,1610612741,,,,,
22500115528,,Shot Chart Detail,22500115,528,1641763,Julian Phillips,1610612741,Chicago Bulls,3,0,31,Made Shot,Cutting Layup Shot,2PT Field Goal,Restricted Area,Center(C),Less Than 8 ft.,1,-9,7,1,1,20251027,CHI,ATL,21290,0,1630172|1630188|1630200|1630245|1641763,1,REG,2026,1610612741,,,,,
22500115532,,Shot Chart Detail,22500115,532,1630245,Ayo Dosunmu,1610612741,Chicago Bulls,3,0,4,Made Shot,Running Finger Roll Layup Shot,2PT Field Goal,Restricted Area,Center(C),Less Than 8 ft.,1,4,11,1,1,20251027,CHI,ATL,21560,0,1630172|1630188|1630200|1630245|1641763,1,REG,2026,1610612741,,,,,
22500115555,,Shot Chart Detail,22500115,555,1630172,Patrick Williams,1610612741,Chicago Bulls,4,11,0,Made Shot,Layup Shot,2PT Field Goal,Restricted Area,Center(C),Less Than 8 ft.,1,-11,4,1,1,20251027,CHI,ATL,22200,0,1628989|1630171|1630172|1630200|1630245,1,REG,2026,1610612741,,,,,
22500115559,,Shot Chart Detail,22500115,559,1630200,Tre Jones,1610612741,Chicago Bulls,4,10,27,Missed Shot,Jump Shot,3PT Field Goal,Above the Break 3,Left Side Center(LC),24+ ft.,26,-92,248,1,0,20251027,CHI,ATL,22530,0,1628989|1630171|1630172|1630200|1630245,0,REG,2026,1610612741,,,,,
22500115581,,Shot Chart Detail,22500115,581,1630171,Isaac Okoro,1610612741,Chicago Bulls,4,8,53,Missed Shot,Step Back Jump shot,3PT Field Goal,Right Corner 3,Right Side(R),24+ ft.,23,239,15,1,0,20251027,CHI,ATL,23470,0,1630171|1630172|1630245|1630581|1641824,0,REG,2026,1610612741,,,,,
22500115584,,Shot Chart Detail,22500115,584,1641824,Matas Buzelis,1610612741,Chicago Bulls,4,8,24,Made Shot,Driving Layup Shot,2PT Field Goal,Restricted Area,Center(C),Less Than 8 ft.,3,-18,31,1,1,20251027,CHI,ATL,23760,0,1630171|1630172|1630245|1630581|1641824,0,REG,2026,1610612741,,,,,
22500115596,,Shot Chart Detail,22500115,596,202696,Nikola Vučević,1610612741,Chicago Bulls,4,7,42,Missed Shot,Jump Shot,3PT Field Goal,Right Corner 3,Right Side(R),24+ ft.,22,228,2,1,0,20251027,CHI,ATL,24180,0,202696|1630171|1630200|1630581|1641824,0,REG,2026,1610612741,,,,,
22500115600,,Shot Chart Detail,22500115,600,1630581,Josh Giddey,1610612741,Chicago Bulls,4,7,7,Made Shot,Driving Floating Jump Shot,2PT Field Goal,In The Paint (Non-RA),Center(C),Less Than 8 ft.,6,-16,60,1,1,20251027,CHI,ATL,24530,0,202696|1630171|1630200|1630581|1641824,0,REG,2026,1610612741,,,,,
22500115610,,Shot Chart Detail,22500115,610,1630581,Josh Giddey,1610612741,Chicago Bulls,4,5,53,Missed Shot,Driving Layup Shot,2PT Field Goal,Restricted Area,Center(C),Less Than 8 ft.,2,25,13,1,0,20251027,CHI,ATL,25270,0,202696|1630171|1630200|1630581|1641824,0,REG,2026,1610612741,,,,,
22500115619,,Shot Chart Detail,22500115,619,202696,Nikola Vučević,1610612741,Chicago Bulls,4,5,33,Made Shot,Driving Floating Jump Shot,2PT Field Goal,In The Paint (Non-RA),Center(C),Less Than 8 ft.,7,-31,67,1,1,20251027,CHI,ATL,25470,0,202696|1628989|1630200|1630245|1641824,1,REG,2026,1610612741,,,,,
22500115625,,Shot Chart Detail,22500115,625,1630245,Ayo Dosunmu,1610612741,Chicago Bulls,4,5,2,Made Shot,Jump Shot,3PT Field Goal,Above the Break 3,Left Side Center(LC),24+ ft.,25,-138,214,1,1,20251027,CHI,ATL,25780,0,202696|1628989|1630200|1630245|1641824,1,REG,2026,1610612741,,,,,
22500115630,,Shot Chart Detail,22500115,630,1628989,Kevin Huerter,1610612741,Chicago Bulls,4,4,40,Missed Shot,Jump Shot,3PT Field Goal,Right Corner 3,Right Side(R),24+ ft.,23,232,-9,1,0,20251027,CHI,ATL,26000,0,202696|1628989|1630200|1630245|1641824,0,REG,2026,1610612741,,,,,
22500115632,,Shot Chart Detail,22500115,632,202696,Nikola Vučević,1610612741,Chicago Bulls,4,4,39,Made Shot,Tip Layup Shot,2PT Field Goal,Restricted Area,Center(C),Less Than 8 ft.,0,0,0,1,1,20251027,CHI,ATL,26010,0,202696|1628989|1630200|1630245|1641824,0,REG,2026,1610612741,,,,,
22500115640,,Shot Chart Detail,22500115,640,1630245,Ayo Dosunmu,1610612741,Chicago Bulls,4,4,12,Made Shot,Jump Shot,3PT Field Goal,Right Corner 3,Right Side(R),24+ ft.,23,233,12,1,1,20251027,CHI,ATL,26280,0,202696|1628989|1630200|1630245|1641824,1,REG,2026,1610612741,,,,,
22500115644,,Shot Chart Detail,22500115,644,1630200,Tre Jones,1610612741,Chicago Bulls,4,3,32,Missed Shot,Pullup Jump shot,3PT Field Goal,Above the Break 3,Center(C),24+ ft.,25,-4,258,1,0,20251027,CHI,ATL,26680,0,202696|1628989|1630200|1630245|1641824,0,REG,2026,1610612741,,,,,
22500115646,,Shot Chart Detail,22500115,646,1630200,Tre Jones,1610612741,Chicago Bulls,4,3,28,Missed Shot,Driving Layup Shot,2PT Field Goal,Restricted Area,Center(C),Less Than 8 ft.,0,2,1,1,0,20251027,CHI,ATL,26720,0,202696|1628989|1630200|1630245|1641824,0,REG,2026,1610612741,,,,,
22500115658,,Shot Chart Detail,22500115,658,1641824,Matas Buzelis,1610612741,Chicago Bulls,4,2,30,Made Shot,Jump Shot,3PT Field Goal,Above the Break 3,Left Side Center(LC),24+ ft.,25,-120,222,1,1,20251027,CHI,ATL,27300,0,202696|1628989|1630245|1630581|1641824,1,REG,2026,1610612741,,,,,
22500115661,,Shot Chart Detail,22500115,661,1628989,Kevin Huerter,1610612741,Chicago Bulls,4,2,17,Made Shot,Running Layup Shot,2PT Field Goal,Restricted Area,Center(C),Less Than 8 ft.,0,2,4,1,1,20251027,CHI,ATL,27430,0,202696|1628989|1630245|1630581|1641824,1,REG,2026,1610612741,,,,,
22500115671,,Shot Chart Detail,22500115,671,1630581,Josh Giddey,1610612741,Chicago Bulls,4,1,35,Missed Shot,Jump Shot,3PT Field Goal,Above the Break 3,Right Side Center(RC),24+ ft.,25,91,236,1,0,20251027,CHI,ATL,27850,0,202696|1628989|1630245|1630581|1641824,0,REG,2026,1610612741,,,,,
22500115677,,Shot Chart Detail,22500115,677,1630581,Josh Giddey,1610612741,Chicago Bulls,4,1,5,Made Shot,Jump Shot,3PT Field Goal,Above the Break 3,Right Side Center(RC),24+ ft.,25,89,237,1,1,20251027,CHI,ATL,28150,0,202696|1630200|1630245|1630581|1641824,1,REG,2026,1610612741,,,,,
22500115686,,Shot Chart Detail,22500115,686,1630581,Josh Giddey,1610612741,Chicago Bulls,4,0,14,Missed Shot,Driving Floating Jump Shot,2PT Field Goal,In The Paint (Non-RA),Center(C),Less Than 8 ft.,5,-10,54,1,0,20251027,CHI,ATL,28660,0,202696|1630200|1630245|1630581|1641824,0,REG,2026,1610612741,,,,,
225001327,,Shot Chart Detail,22500132,7,1641824,Matas Buzelis,1610612741,Chicago Bulls,1,11,47,Missed Shot,Driving Layup Shot,2PT Field Goal,Restricted Area,Center(C),Less Than 8 ft.,1,10,15,1,0,20251029,CHI,SAC,130,0,202696|1630171|1630200|1630581|1641824,0,REG,2026,1610612741,,,,,
2250013215,,Shot Chart Detail,22500132,15,1630581,Josh Giddey,1610612741,Chicago Bulls,1,11,3,Missed Shot,Driving Floating Jump Shot,2PT Field Goal,In The Paint (Non-RA),Center(C),Less Than 8 ft.,5,-15,51,1,0,20251029,CHI,SAC,570,0,202696|1630171|1630200|1630581|1641824,0,REG,2026,1610612741,,,,,
2250013217,,Shot Chart Detail,22500132,17,1641824,Matas Buzelis,1610612741,Chicago Bulls,1,11,0,Made Shot,Jump Shot,3PT Field Goal,Above the Break 3,Right Side Center(RC),24+ ft.,25,137,210,1,1,20251029,CHI,SAC,600,0,202696|1630171|1630200|1630581|1641824,1,REG,2026,1610612741,,,,,
2250013226,,Shot Chart Detail,22500132,26,1630581,Josh Giddey,1610612741,Chicago Bulls,1,9,55,Made Shot,Driving Finger Roll Layup Shot,2PT Field Goal,Restricted Area,Center(C),Less Than 8 ft.,1,10,11,1,1,20251029,CHI,SAC,1250,0,202696|1630171|1630200|1630581|1641824,1,REG,2026,1610612741,,,,,
2250013229,,Shot Chart Detail,22500132,29,1641824,Matas Buzelis,1610612741,Chicago Bulls,1,9,31,Made Shot,Driving Layup Shot,2PT Field Goal,Restricted Area,Center(C),Less Than 8 ft.,1,13,9,1,1,20251029,CHI,SAC,1490,0,202696|1630171|1630200|1630581|1641824,0,REG,2026,1610612741,,,,,
2250013232,,Shot Chart Detail,22500132,32,1630171,Isaac Okoro,1610612741,Chicago Bulls,1,9,5,Made Shot,Driving Finger Roll Layup Shot,2PT Field Goal,Restricted Area,Center(C),Less Than 8 ft.,1,-5,10,1,1,20251029,CHI,SAC,1750,0,202696|1630171|1630200|1630581|1641824,0,REG,2026,1610612741,,,,,
2250013236,,Shot Chart Detail,22500132,36,1641824,Matas Buzelis,1610612741,Chicago Bulls,1,8,39,Made Shot,Driving Finger Roll Layup Shot,2PT Field Goal,Restricted Area,Center(C),Less Than 8 ft.,1,10,14,1,1,20251029,CHI,SAC,2010,0,202696|1630171|1630200|1630581|1641824,0,REG,2026,1610612741,,,,,
2250013241,,Shot Chart Detail,22500132,41,202696,Nikola Vučević,1610612741,Chicago Bulls,1,8,4,Made Shot,Jump Shot,3PT Field Goal,Above the Break 3,Left Side Center(LC),24+ ft.,26,-86,250,1,1,20251029,CHI,SAC,2360,0,202696|1630171|1630200|1630581|1641824,1,REG,2026,1610612741,,,,,
2250013245,,Shot Chart Detail,22500132,45,1630581,Josh Giddey,1610612741,Chicago Bulls,1,7,38,Made Shot,Cutting Layup Shot,2PT Field Goal,Restricted Area,Center(C),Less Than 8 ft.,0,-5,5,1,1,20251029,CHI,SAC,2620,0,202696|1630171|1630200|1630581|1641824,1,REG,2026,1610612741,,,,,
2250013249,,Shot Chart Detail,22500132,49,1630171,Isaac Okoro,1610612741,Chicago Bulls,1,7,18,Missed Shot,Running Jump Shot,3PT Field Goal,Left Corner 3,Left Side(L),24+ ft.,22,-229,4,1,0,20251029,CHI,SAC,2820,0,202696|1630171|1630200|1630581|1641824,0,REG,2026,1610612741,,,,,
2250013261,,Shot Chart Detail,22500132,61,1628989,Kevin Huerter,1610612741,Chicago Bulls,1,6,34,Made Shot,Floating Jump shot,2PT Field Goal,In The Paint (Non-RA),Center(C),8-16 ft.,8,34,73,1,1,20251029,CHI,SAC,3260,0,202696|1628989|1630171|1630581|1641824,1,REG,2026,1610612741,,,,,
2250013265,,Shot Chart Detail,22500132,65,202696,Nikola Vučević,1610612741,Chicago Bulls,1,6,11,Missed Shot,Floating Jump shot,2PT Field Goal,Restricted Area,Center(C),Less Than 8 ft.,3,-7,38,1,0,20251029,CHI,SAC,3490,0,202696|1628989|1630171|1630581|1641824,0,REG,2026,1610612741,,,,,
2250013267,,Shot Chart Detail,22500132,67,1630171,Isaac Okoro,1610612741,Chicago Bulls,1,6,6,Missed Shot,Jump Shot,3PT Field Goal,Right Corner 3,Right Side(R),24+ ft.,22,228,11,1,0,20251029,CHI,SAC,3540,0,202696|1628989|1630171|1630581|1641824,0,REG,2026,1610612741,,,,,
2250013271,,Shot Chart Detail,22500132,71,1630171,Isaac Okoro,1610612741,Chicago Bulls,1,5,53,Made Shot,Running Finger Roll Layup Shot,2PT Field Goal,Restricted Area,Center(C),Less Than 8 ft.,1,10,3,1,1,20251029,CHI,SAC,3670,0,202696|1628989|1630171|1630581|1641824,0,REG,2026,1610612741,,,,,
2250013274,,Shot Chart Detail,22500132,74,1641824,Matas Buzelis,1610612741,Chicago Bulls,1,5,17,Missed Shot,Driving Floating Jump Shot,2PT Field Goal,Restricted Area,Center(C),Less Than 8 ft.,2,-7,22,1,0,20251029,CHI,SAC,4030,0,202696|1628989|1630171|1630581|1641824,0,REG,2026,1610612741,,,,,
2250013276,,Shot Chart Detail,22500132,76,1641824,Matas Buzelis,1610612741,Chicago Bulls,1,5,15,Missed Shot,Tip Layup Shot,2PT Field Goal,Restricted Area,Center(C),Less Than 8 ft.,0,0,0,1,0,20251029,CHI,SAC,4050,0,202696|1628989|1630171|1630581|1641824,0,REG,2026,1610612741,,,,,
2250013281,,Shot Chart Detail,22500132,81,1641824,Matas Buzelis,1610612741,Chicago Bulls,1,5,7,Made Shot,Jump Shot,3PT Field Goal,Above the Break 3,Left Side Center(LC),24+ ft.,24,-224,103,1,1,20251029,CHI,SAC,4130,0,202696|1628989|1630171|1630581|1641824,1,REG,2026,1610612741,,,,,
2250013285,,Shot Chart Detail,22500132,85,1630581,Josh Giddey,1610612741,Chicago Bulls,1,4,36,Made Shot,Driving Floating Jump Shot,2PT Field Goal,In The Paint (Non-RA),Center(C),Less Than 8 ft.,6,-11,66,1,1,20251029,CHI,SAC,4440,0,202696|1628989|1630171|1630581|1641824,0,REG,2026,1610612741,,,,,
22500132104,,Shot Chart Detail,22500132,104,1641824,Matas Buzelis,1610612741,Chicago Bulls,1,3,40,Missed Shot,Driving Floating Jump Shot,2PT Field Goal,In The Paint (Non-RA),Center(C),8-16 ft.,10,6,105,1,0,20251029,CHI,SAC,5000,0,1628989|1630172|1630188|1630245|1641824,0,REG,2026,1610612741,,,,,
22500132109,,Shot Chart Detail,22500132,109,1630172,Patrick Williams,1610612741,Chicago Bulls,1,3,15,Made Shot,Jump Shot,3PT Field Goal,Above the Break 3,Center(C),24+ ft.,25,58,252,1,1,20251029,CHI,SAC,5250,0,1628989|1630172|1630188|1630245|1641824,1,REG,2026,1610612741,,,,,
22500132117,,Shot Chart Detail,22500132,117,1630172,Patrick Williams,1610612741,Chicago Bulls,1,2,36,Missed Shot,Jump Shot,2PT Field Goal,In The Paint (Non-RA),Center(C),8-16 ft.,8,-10,80,1,0,20251029,CHI,SAC,5640,0,1628989|1630172|1630188|1630245|1641824,0,REG,2026,1610612741,,,,,
22500132127,,Shot Chart Detail,22500132,127,1630188,Jalen Smith,1610612741,Chicago Bulls,1,2,12,Missed Shot,Jump Shot,3PT Field Goal,Above the Break 3,Right Side Center(RC),24+ ft.,25,175,183,1,0,20251029,CHI,SAC,5880,0,1628989|1630172|1630188|1630245|1641763,0,REG,2026,1610612741,,,,,
22500132134,,Shot Chart Detail,22500132,134,1628989,Kevin Huerter,1610612741,Chicago Bulls,1,1,39,Made Shot,Pullup Jump shot,3PT Field Goal,Above the Break 3,Right Side Center(RC),24+ ft.,26,109,242,1,1,20251029,CHI,SAC,6210,0,1628989|1630172|1630188|1630245|1641763,1,REG,2026,1610612741,,,,,
22500132138,,Shot Chart Detail,22500132,138,1641763,Julian Phillips,1610612741,Chicago Bulls,1,0,58,Missed Shot,Jump Shot,3PT Field Goal,Right Corner 3,Right Side(R),24+ ft.,22,229,8,1,0,20251029,CHI,SAC,6620,0,1628989|1630172|1630188|1630245|1641763,0,REG,2026,1610612741,,,,,
22500132140,,Shot Chart Detail,22500132,140,1630245,Ayo Dosunmu,1610612741,Chicago Bulls,1,0,54,Missed Shot,Jump Shot,3PT Field Goal,Left Corner 3,Left Side(L),24+ ft.,23,-232,-2,1,0,20251029,CHI,SAC,6660,0,1628989|1630172|1630188|1630245|1641763,0,REG,2026,1610612741,,,,,
22500132142,,Shot Chart Detail,22500132,142,1628989,Kevin Huerter,1610612741,Chicago Bulls,1,0,49,Missed Shot,Jump Shot,3PT Field Goal,Above the Break 3,Right Side Center(RC),24+ ft.,25,205,155,1,0,20251029,CHI,SAC,6710,0,1628989|1630172|1630188|1630245|1641763,0,REG,2026,1610612741,,,,,
22500132145,,Shot Chart Detail,22500132,145,1630245,Ayo Dosunmu,1610612741,Chicago Bulls,1,0,23,Made Shot,Driving Finger Roll Layup Shot,2PT Field Goal,Restricted Area,Center(C),Less Than 8 ft.,1,9,17,1,1,20251029,CHI,SAC,6970,0,1628989|1630172|1630188|1630245|1641763,0,REG,2026,1610612741,,,,,
22500132167,,Shot Chart Detail,22500132,167,1630245,Ayo Dosunmu,1610612741,Chicago Bulls,2,10,52,Missed Shot,Jump Shot,3PT Field Goal,Above the Break 3,Right Side Center(RC),24+ ft.,26,137,224,1,0,20251029,CHI,SAC,7880,0,1630171|1630188|1630200|1630245|1630581,0,REG,2026,1610612741,,,,,
22500132171,,Shot Chart Detail,22500132,171,1630188,Jalen Smith,1610612741,Chicago Bulls,2,10,44,Missed Shot,Jump Shot,3PT Field Goal,Above the Break 3,Center(C),24+ ft.,25,28,258,1,0,20251029,CHI,SAC,7960,0,1630171|1630188|1630200|1630245|1630581,0,REG,2026,1610612741,,,,,
22500132174,,Shot Chart Detail,22500132,174,1630171,Isaac Okoro,1610612741,Chicago Bulls,2,10,21,Missed Shot,Driving Floating Jump Shot,2PT Field Goal,Restricted Area,Center(C),Less Than 8 ft.,2,23,16,1,0,20251029,CHI,SAC,8190,0,1630171|1630188|1630200|1630245|1630581,0,REG,2026,1610612741,,,,,
22500132178,,Shot Chart Detail,22500132,178,1630188,Jalen Smith,1610612741,Chicago Bulls,2,10,18,Missed Shot,Jump Shot,3PT Field Goal,Above the Break 3,Right Side Center(RC),24+ ft.,26,152,216,1,0,20251029,CHI,SAC,8220,0,1630171|1630188|1630200|1630245|1630581,0,REG,2026,1610612741,,,,,
22500132193,,Shot Chart Detail,22500132,193,1630188,Jalen Smith,1610612741,Chicago Bulls,2,9,27,Made Shot,Driving Layup Shot,2PT Field Goal,Restricted Area,Center(C),Less Than 8 ft.,2,-25,4,1,1,20251029,CHI,SAC,8730,0,1628989|1630171|1630188|1630200|1630581,1,REG,2026,1610612741,,,,,
22500132203,,Shot Chart Detail,22500132,203,1630581,Josh Giddey,1610612741,Chicago Bulls,2,8,58,Missed Shot,Driving Floating Bank Jump Shot,2PT Field Goal,Restricted Area,Center(C),Less Than 8 ft.,3,32,13,1,0,20251029,CHI,SAC,9020,0,1628989|1630171|1630188|1630200|1630581,0,REG,2026,1610612741,,,,,
22500132227,,Shot Chart Detail,22500132,227,1630172,Patrick Williams,1610612741,Chicago Bulls,2,7,47,Missed Shot,Driving Layup Shot,2PT Field Goal,Restricted Area,Center(C),Less Than 8 ft.,1,-6,9,1,0,20251029,CHI,SAC,9730,0,202696|1628989|1630172|1630581|1641824,0,REG,2026,1610612741,,,,,
22500132242,,Shot Chart Detail,22500132,242,1630200,Tre Jones,1610612741,Chicago Bulls,2,7,2,Made Shot,Floating Jump shot,2PT Field Goal,In The Paint (Non-RA),Center(C),Less Than 8 ft.,4,-40,10,1,1,20251029,CHI,SAC,10180,0,202696|1628989|1630172|1630200|1641824,0,REG,2026,1610612741,,,,,
22500132249,,Shot Chart Detail,22500132,249,1641824,Matas Buzelis,1610612741,Chicago Bulls,2,6,3,Made Shot,Driving Finger Roll Layup Shot,2PT Field Goal,Restricted Area,Center(C),Less Than 8 ft.,1,6,13,1,1,20251029,CHI,SAC,10770,0,202696|1630172|1630200|1630245|1641824,1,REG,2026,1610612741,,,,,
22500132252,,Shot Chart Detail,22500132,252,202696,Nikola Vučević,1610612741,Chicago Bulls,2,5,23,Missed Shot,Driving Floating Jump Shot,2PT Field Goal,In The Paint (Non-RA),Center(C),Less Than 8 ft.,6,2,62,1,0,20251029,CHI,SAC,11170,0,202696|1630172|1630200|1630245|1641824,0,REG,2026,1610612741,,,,,
22500132255,,Shot Chart Detail,22500132,255,1630245,Ayo Dosunmu,1610612741,Chicago Bulls,2,5,16,Missed Shot,Driving Layup Shot,2PT Field Goal,Restricted Area,Center(C),Less Than 8 ft.,2,7,25,1,0,20251029,CHI,SAC,11240,0,202696|1630172|1630200|1630245|1641824,0,REG,2026,1610612741,,,,,
22500132263,,Shot Chart Detail,22500132,263,202696,Nikola Vučević,1610612741,Chicago Bulls,2,4,45,Missed Shot,Jump Shot,3PT Field Goal,Above the Break 3,Right Side Center(RC),24+ ft.,25,123,229,1,0,20251029,CHI,SAC,11550,0,202696|1630172|1630200|1630245|1641824,0,REG,2026,1610612741,,,,,
22500132267,,Shot Chart Detail,22500132,267,202696,Nikola Vučević,1610612741,Chicago Bulls,2,4,20,Missed Shot,Turnaround Hook Shot,2PT Field Goal,In The Paint (Non-RA),Center(C),Less Than 8 ft.,7,12,72,1,0,20251029,CHI,SAC,11800,0,202696|1630172|1630200|1630245|1641824,0,REG,2026,1610612741,,,,,
22500132273,,Shot Chart Detail,22500132,273,1630200,Tre Jones,1610612741,Chicago Bulls,2,3,59,Made Shot,Driving Finger Roll Layup Shot,2PT Field Goal,Restricted Area,Center(C),Less Than 8 ft.,2,18,10,1,1,20251029,CHI,SAC,12010,0,202696|1630172|1630200|1630245|1630581,0,REG,2026,1610612741,,,,,
22500132284,,Shot Chart Detail,22500132,284,1630581,Josh Giddey,1610612741,Chicago Bulls,2,3,0,Made Shot,Cutting Layup Shot,2PT Field Goal,Restricted Area,Center(C),Less Than 8 ft.,1,-10,13,1,1,20251029,CHI,SAC,12600,0,202696|1628989|1630172|1630200|1630581,1,REG,2026,1610612741,,,,,
22500132296,,Shot Chart Detail,22500132,296,1628989,Kevin Huerter,1610612741,Chicago Bulls,2,2,27,Made Shot,Driving Floating Jump Shot,2PT Field Goal,In The Paint (Non-RA),Center(C),8-16 ft.,8,33,74,1,1,20251029,CHI,SAC,12930,0,202696|1628989|1630200|1630581|1641824,1,REG,2026,1610612741,,,,,
22500132305,,Shot Chart Detail,22500132,305,1641824,Matas Buzelis,1610612741,Chicago Bulls,2,1,53,Made Shot,Driving Finger Roll Layup Shot,2PT Field Goal,Restricted Area,Center(C),Less Than 8 ft.,1,9,6,1,1,20251029,CHI,SAC,13270,0,202696|1628989|1630200|1630581|1641824,0,REG,2026,1610612741,,,,,
22500132308,,Shot Chart Detail,22500132,308,1641824,Matas Buzelis,1610612741,Chicago Bulls,2,1,19,Made Shot,Cutting Dunk Shot,2PT Field Goal,Restricted Area,Center(C),Less Than 8 ft.,1,-9,8,1,1,20251029,CHI,SAC,13610,0,202696|1628989|1630200|1630581|1641824,1,REG,2026,1610612741,,,,,
22500132312,,Shot Chart Detail,22500132,312,1630200,Tre Jones,1610612741,Chicago Bulls,2,0,54,Made Shot,Running Jump Shot,3PT Field Goal,Left Corner 3,Left Side(L),24+ ft.,22,-229,8,1,1,20251029,CHI,SAC,13860,0,202696|1628989|1630200|1630581|1641824,1,REG,2026,1610612741,,,,,
22500132316,,Shot Chart Detail,22500132,316,1630581,Josh Giddey,1610612741,Chicago Bulls,2,0,29,Made Shot,Running Reverse Layup Shot,2PT Field Goal,Restricted Area,Center(C),Less Than 8 ft.,1,-12,5,1,1,20251029,CHI,SAC,14110,0,202696|1628989|1630200|1630581|1641824,1,REG,2026,1610612741,,,,,
22500132333,,Shot Chart Detail,22500132,333,1641824,Matas Buzelis,1610612741,Chicago Bulls,3,11,33,Made Shot,Jump Shot,3PT Field Goal,Left Corner 3,Left Side(L),24+ ft.,22,-222,37,1,1,20251029,CHI,SAC,14670,0,202696|1630171|1630200|1630581|1641824,1,REG,2026,1610612741,,,,,
22500132337,,Shot Chart Detail,22500132,337,1630200,Tre Jones,1610612741,Chicago Bulls,3,11,7,Made Shot,Driving Layup Shot,2PT Field Goal,Restricted Area,Center(C),Less Than 8 ft.,0,9,2,1,1,20251029,CHI,SAC,14930,0,202696|1630171|1630200|1630581|1641824,1,REG,2026,1610612741,,,,,
22500132341,,Shot Chart Detail,22500132,341,202696,Nikola Vučević,1610612741,Chicago Bulls,3,10,31,Made Shot,Floating Jump shot,2PT Field Goal,In The Paint (Non-RA),Center(C),Less Than 8 ft.,7,-16,75,1,1,20251029,CHI,SAC,15290,0,202696|1630171|1630200|1630581|1641824,1,REG,2026,1610612741,,,,,
22500132345,,Shot Chart Detail,22500132,345,1641824,Matas Buzelis,1610612741,Chicago Bulls,3,10,4,Made Shot,Jump Shot,3PT Field Goal,Left Corner 3,Left Side(L),24+ ft.,22,-228,10,1,1,20251029,CHI,SAC,15560,0,202696|1630171|1630200|1630581|1641824,1,REG,2026,1610612741,,,,,
22500132351,,Shot Chart Detail,22500132,351,1630171,Isaac Okoro,1610612741,Chicago Bulls,3,9,24,Made Shot,Jump Shot,3PT Field Goal,Right Corner 3,Right Side(R),24+ ft.,23,239,-10,1,1,20251029,CHI,SAC,15960,0,202696|1630171|1630200|1630581|1641824,1,REG,2026,1610612741,,,,,
22500132357,,Shot Chart Detail,22500132,357,1630581,Josh Giddey,1610612741,Chicago Bulls,3,8,45,Missed Shot,Jump Shot,3PT Field Goal,Above the Break 3,Right Side Center(RC),24+ ft.,25,113,226,1,0,20251029,CHI,SAC,16350,0,202696|1630171|1630200|1630581|1641824,0,REG,2026,1610612741,,,,,
22500132359,,Shot Chart Detail,22500132,359,1630581,Josh Giddey,1610612741,Chicago Bulls,3,8,42,Missed Shot,Floating Jump shot,2PT Field Goal,In The Paint (Non-RA),Center(C),Less Than 8 ft.,5,4,54,1,0,20251029,CHI,SAC,16380,0,202696|1630171|1630200|1630581|1641824,0,REG,2026,1610612741,,,,,
22500132361,,Shot Chart Detail,22500132,361,1641824,Matas Buzelis,1610612741,Chicago Bulls,3,8,37,Missed Shot,Jump Shot,3PT Field Goal,Above the Break 3,Right Side Center(RC),24+ ft.,25,123,218,1,0,20251029,CHI,SAC,16430,0,202696|1630171|1630200|1630581|1641824,0,REG,2026,1610612741,,,,,
22500132365,,Shot Chart Detail,22500132,365,202696,Nikola Vučević,1610612741,Chicago Bulls,3,8,19,Made Shot,Driving Dunk Shot,2PT Field Goal,Restricted Area,Center(C),Less Than 8 ft.,1,10,7,1,1,20251029,CHI,SAC,16610,0,202696|1630171|1630200|1630581|1641824,1,REG,2026,1610612741,,,,,
22500132374,,Shot Chart Detail,22500132,374,202696,Nikola Vučević,1610612741,Chicago Bulls,3,7,43,Made Shot,Hook Shot,2PT Field Goal,Restricted Area,Center(C),Less Than 8 ft.,3,33,20,1,1,20251029,CHI,SAC,16970,0,202696|1628989|1630171|1630581|1641824,1,REG,2026,1610612741,,,,,
22500132380,,Shot Chart Detail,22500132,380,1630171,Isaac Okoro,1610612741,Chicago Bulls,3,7,22,Made Shot,Cutting Dunk Shot,2PT Field Goal,Restricted Area,Center(C),Less Than 8 ft.,0,2,7,1,1,20251029,CHI,SAC,17180,0,202696|1628989|1630171|1630581|1641824,1,REG,2026,1610612741,,,,,
22500132390,,Shot Chart Detail,22500132,390,1630581,Josh Giddey,1610612741,Chicago Bulls,3,6,36,Made Shot,Driving Finger Roll Layup Shot,2PT Field Goal,Restricted Area,Center(C),Less Than 8 ft.,0,-2,5,1,1,20251029,CHI,SAC,17640,0,202696|1628989|1630171|1630581|1641824,0,REG,2026,1610612741,,,,,
22500132402,,Shot Chart Detail,22500132,402,1630581,Josh Giddey,1610612741,Chicago Bulls,3,6,8,Missed Shot,Driving Finger Roll Layup Shot,2PT Field Goal,Restricted Area,Center(C),Less Than 8 ft.,1,12,4,1,0,20251029,CHI,SAC,17920,0,202696|1628989|1630172|1630245|1630581,0,REG,2026,1610612741,,,,,
22500132407,,Shot Chart Detail,22500132,407,202696,Nikola Vučević,1610612741,Chicago Bulls,3,5,42,Missed Shot,Jump Shot,3PT Field Goal,Above the Break 3,Right Side Center(RC),24+ ft.,25,105,227,1,0,20251029,CHI,SAC,18180,0,202696|1628989|1630172|1630245|1630581,0,REG,2026,1610612741,,,,,
22500132412,,Shot Chart Detail,22500132,412,1628989,Kevin Huerter,1610612741,Chicago Bulls,3,5,16,Made Shot,Running Dunk Shot,2PT Field Goal,Restricted Area,Center(C),Less Than 8 ft.,0,-5,4,1,1,20251029,CHI,SAC,18440,0,202696|1628989|1630172|1630245|1630581,1,REG,2026,1610612741,,,,,
22500132415,,Shot Chart Detail,22500132,415,1630172,Patrick Williams,1610612741,Chicago Bulls,3,4,56,Made Shot,Pullup Jump shot,3PT Field Goal,Above the Break 3,Left Side Center(LC),24+ ft.,25,-131,215,1,1,20251029,CHI,SAC,18640,0,202696|1628989|1630172|1630245|1630581,0,REG,2026,1610612741,,,,,
22500132417,,Shot Chart Detail,22500132,417,202696,Nikola Vučević,1610612741,Chicago Bulls,3,4,26,Made Shot,Cutting Layup Shot,2PT Field Goal,Restricted Area,Center(C),Less Than 8 ft.,2,-23,11,1,1,20251029,CHI,SAC,18940,0,202696|1628989|1630172|1630245|1630581,1,REG,2026,1610612741,,,,,
22500132428,,Shot Chart Detail,22500132,428,1630188,Jalen Smith,1610612741,Chicago Bulls,3,3,50,Made Shot,Alley Oop Layup shot,2PT Field Goal,Restricted Area,Center(C),Less Than 8 ft.,0,-2,-3,1,1,20251029,CHI,SAC,19300,0,1628989|1630172|1630188|1630200|1630245,1,REG,2026,1610612741,,,,,
22500132435,,Shot Chart Detail,22500132,435,1630188,Jalen Smith,1610612741,Chicago Bulls,3,3,16,Made Shot,Driving Layup Shot,2PT Field Goal,Restricted Area,Center(C),Less Than 8 ft.,1,-10,7,1,1,20251029,CHI,SAC,19640,0,1628989|1630172|1630188|1630200|1630245,1,REG,2026,1610612741,,,,,
22500132450,,Shot Chart Detail,22500132,450,1630245,Ayo Dosunmu,1610612741,Chicago Bulls,3,2,28,Missed Shot,Driving Layup Shot,2PT Field Goal,Restricted Area,Center(C),Less Than 8 ft.,1,6,10,1,0,20251029,CHI,SAC,20120,0,1630172|1630188|1630200|1630245|1641824,0,REG,2026,1610612741,,,,,
22500132452,,Shot Chart Detail,22500132,452,1630188,Jalen Smith,1610612741,Chicago Bulls,3,2,24,Made Shot,Tip Layup Shot,2PT Field Goal,Restricted Area,Center(C),Less Than 8 ft.,0,0,0,1,1,20251029,CHI,SAC,20160,0,1630172|1630188|1630200|1630245|1641824,0,REG,2026,1610612741,,,,,
22500132455,,Shot Chart Detail,22500132,455,1630172,Patrick Williams,1610612741,Chicago Bulls,3,1,57,Missed Shot,Driving Reverse Layup Shot,2PT Field Goal,Restricted Area,Center(C),Less Than 8 ft.,1,-12,4,1,0,20251029,CHI,SAC,20430,0,1630172|1630188|1630200|1630245|1641824,0,REG,2026,1610612741,,,,,
22500132461,,Shot Chart Detail,22500132,461,1630188,Jalen Smith,1610612741,Chicago Bulls,3,1,25,Missed Shot,Jump Shot,3PT Field Goal,Above the Break 3,Center(C),24+ ft.,25,42,256,1,0,20251029,CHI,SAC,20750,0,1630172|1630188|1630200|1630245|1641824,0,REG,2026,1610612741,,,,,
22500132468,,Shot Chart Detail,22500132,468,1630200,Tre Jones,1610612741,Chicago Bulls,3,1,7,Missed Shot,Driving Floating Jump Shot,2PT Field Goal,In The Paint (Non-RA),Center(C),Less Than 8 ft.,5,51,8,1,0,20251029,CHI,SAC,20930,0,1630172|1630188|1630200|1630245|1641824,0,REG,2026,1610612741,,,,,
22500132484,,Shot Chart Detail,22500132,484,1630245,Ayo Dosunmu,1610612741,Chicago Bulls,3,0,26,Made Shot,Running Layup Shot,2PT Field Goal,Restricted Area,Center(C),Less Than 8 ft.,0,9,4,1,1,20251029,CHI,SAC,21340,0,1630172|1630188|1630200|1630245|1641824,0,REG,2026,1610612741,,,,,
22500132492,,Shot Chart Detail,22500132,492,1641824,Matas Buzelis,1610612741,Chicago Bulls,3,0,2,Made Shot,Driving Reverse Layup Shot,2PT Field Goal,Restricted Area,Center(C),Less Than 8 ft.,1,11,5,1,1,20251029,CHI,SAC,21580,0,1630172|1630188|1630200|1630245|1641824,1,REG,2026,1610612741,,,,,
22500132509,,Shot Chart Detail,22500132,509,1641824,Matas Buzelis,1610612741,Chicago Bulls,4,11,5,Missed Shot,Turnaround Jump Shot,2PT Field Goal,Mid-Range,Left Side(L),8-16 ft.,14,-103,109,1,0,20251029,CHI,SAC,22150,0,1630171|1630188|1630245|1630581|1641824,0,REG,2026,1610612741,,,,,
22500132512,,Shot Chart Detail,22500132,512,1630581,Josh Giddey,1610612741,Chicago Bulls,4,11,1,Made Shot,Jump Bank Shot,3PT Field Goal,Above the Break 3,Left Side Center(LC),24+ ft.,26,-156,210,1,1,20251029,CHI,SAC,22190,0,1630171|1630188|1630245|1630581|1641824,1,REG,2026,1610612741,,,,,
22500132520,,Shot Chart Detail,22500132,520,1641824,Matas Buzelis,1610612741,Chicago Bulls,4,10,19,Made Shot,Driving Finger Roll Layup Shot,2PT Field Goal,Restricted Area,Center(C),Less Than 8 ft.,0,4,8,1,1,20251029,CHI,SAC,22610,0,1630171|1630188|1630245|1630581|1641824,0,REG,2026,1610612741,,,,,
22500132529,,Shot Chart Detail,22500132,529,1628989,Kevin Huerter,1610612741,Chicago Bulls,4,9,56,Made Shot,Jump Shot,3PT Field Goal,Above the Break 3,Left Side Center(LC),24+ ft.,28,-137,253,1,1,20251029,CHI,SAC,22840,0,1628989|1630171|1630188|1630581|1641824,1,REG,2026,1610612741,,,,,
22500132533,,Shot Chart Detail,22500132,533,1628989,Kevin Huerter,1610612741,Chicago Bulls,4,9,30,Missed Shot,Jump Shot,3PT Field Goal,Above the Break 3,Right Side Center(RC),24+ ft.,26,119,237,1,0,20251029,CHI,SAC,23100,0,1628989|1630171|1630188|1630581|1641824,0,REG,2026,1610612741,,,,,
22500132544,,Shot Chart Detail,22500132,544,1630188,Jalen Smith,1610612741,Chicago Bulls,4,9,12,Made Shot,Cutting Dunk Shot,2PT Field Goal,Restricted Area,Center(C),Less Than 8 ft.,1,12,7,1,1,20251029,CHI,SAC,23280,0,1628989|1630171|1630188|1630581|1641824,1,REG,2026,1610612741,,,,,
22500132556,,Shot Chart Detail,22500132,556,1630172,Patrick Williams,1610612741,Chicago Bulls,4,8,24,Made Shot,Jump Shot,3PT Field Goal,Left Corner 3,Left Side(L),24+ ft.,23,-235,16,1,1,20251029,CHI,SAC,23760,0,1628989|1630171|1630172|1630188|1630581,1,REG,2026,1610612741,,,,,
22500132572,,Shot Chart Detail,22500132,572,1628989,Kevin Huerter,1610612741,Chicago Bulls,4,7,20,Made Shot,Jump Shot,3PT Field Goal,Left Corner 3,Left Side(L),24+ ft.,22,-224,34,1,1,20251029,CHI,SAC,24400,0,202696|1628989|1630171|1630172|1630581,1,REG,2026,1610612741,,,,,
22500132576,,Shot Chart Detail,22500132,576,1630581,Josh Giddey,1610612741,Chicago Bulls,4,6,47,Missed Shot,Driving Finger Roll Layup Shot,2PT Field Goal,Restricted Area,Center(C),Less Than 8 ft.,1,-15,5,1,0,20251029,CHI,SAC,24730,0,202696|1628989|1630171|1630172|1630581,0,REG,2026,1610612741,,,,,
22500132580,,Shot Chart Detail,22500132,580,202696,Nikola Vučević,1610612741,Chicago Bulls,4,6,27,Missed Shot,Jump Shot,2PT Field Goal,Mid-Range,Center(C),8-16 ft.,15,11,152,1,0,20251029,CHI,SAC,24930,0,202696|1628989|1630171|1630172|1630581,0,REG,2026,1610612741,,,,,
22500132584,,Shot Chart Detail,22500132,584,1630171,Isaac Okoro,1610612741,Chicago Bulls,4,6,0,Missed Shot,Jump Shot,3PT Field Goal,Left Corner 3,Left Side(L),24+ ft.,23,-232,2,1,0,20251029,CHI,SAC,25200,0,202696|1628989|1630171|1630172|1630581,0,REG,2026,1610612741,,,,,
22500132599,,Shot Chart Detail,22500132,599,1630581,Josh Giddey,1610612741,Chicago Bulls,4,5,25,Missed Shot,Driving Floating Jump Shot,2PT Field Goal,In The Paint (Non-RA),Center(C),Less Than 8 ft.,6,61,2,1,0,20251029,CHI,SAC,25550,0,202696|1630171|1630200|1630581|1641824,0,REG,2026,1610612741,,,,,
22500132610,,Shot Chart Detail,22500132,610,1630245,Ayo Dosunmu,1610612741,Chicago Bulls,4,4,28,Made Shot,Pullup Jump shot,2PT Field Goal,In The Paint (Non-RA),Center(C),8-16 ft.,13,-10,134,1,1,20251029,CHI,SAC,26120,0,202696|1630171|1630200|1630245|1641824,0,REG,2026,1610612741,,,,,
22500132613,,Shot Chart Detail,22500132,613,1630245,Ayo Dosunmu,1610612741,Chicago Bulls,4,3,58,Missed Shot,Running Jump Shot,3PT Field Goal,Above the Break 3,Left Side Center(LC),24+ ft.,26,-211,152,1,0,20251029,CHI,SAC,26420,0,202696|1630171|1630200|1630245|1641824,0,REG,2026,1610612741,,,,,
22500132619,,Shot Chart Detail,22500132,619,1630200,Tre Jones,1610612741,Chicago Bulls,4,3,3,Made Shot,Driving Finger Roll Layup Shot,2PT Field Goal,Restricted Area,Center(C),Less Than 8 ft.,1,-10,5,1,1,20251029,CHI,SAC,26970,0,202696|1630171|1630200|1630245|1641824,1,REG,2026,1610612741,,,,,
22500132622,,Shot Chart Detail,22500132,622,1641824,Matas Buzelis,1610612741,Chicago Bulls,4,2,31,Missed Shot,Jump Shot,3PT Field Goal,Right Corner 3,Right Side(R),24+ ft.,23,225,54,1,0,20251029,CHI,SAC,27290,0,202696|1630171|1630200|1630245|1641824,0,REG,2026,1610612741,,,,,
22500132624,,Shot Chart Detail,22500132,624,1630171,Isaac Okoro,1610612741,Chicago Bulls,4,2,28,Missed Shot,Tip Layup Shot,2PT Field Goal,Restricted Area,Center(C),Less Than 8 ft.,0,0,0,1,0,20251029,CHI,SAC,27320,0,202696|1630171|1630200|1630245|1641824,0,REG,2026,1610612741,,,,,
22500132637,,Shot Chart Detail,22500132,637,202696,Nikola Vučević,1610612741,Chicago Bulls,4,2,2,Missed Shot,Turnaround Fadeaway shot,2PT Field Goal,In The Paint (Non-RA),Center(C),Less Than 8 ft.,6,1,62,1,0,20251029,CHI,SAC,27580,0,202696|1630171|1630200|1630245|1641824,0,REG,2026,1610612741,,,,,
2250015316,,Shot Chart Detail,22500153,16,1641824,Matas Buzelis,1610612741,Chicago Bulls,1,11,2,Missed Shot,Running Jump Shot,3PT Field Goal,Left Corner 3,Left Side(L),24+ ft.,23,-229,36,1,0,20251102,NYK,CHI,580,0,202696|1630171|1630200|1630581|1641824,0,REG,2026,1610612741,,,,,
2250015320,,Shot Chart Detail,22500153,20,1641824,Matas Buzelis,1610612741,Chicago Bulls,1,10,44,Missed Shot,Running Layup Shot,2PT Field Goal,Restricted Area,Center(C),Less Than 8 ft.,3,-10,31,1,0,20251102,NYK,CHI,760,0,202696|1630171|1630200|1630581|1641824,0,REG,2026,1610612741,,,,,
2250015329,,Shot Chart Detail,22500153,29,1630581,Josh Giddey,1610612741,Chicago Bulls,1,9,59,Made Shot,Running Jump Shot,3PT Field Goal,Above the Break 3,Center(C),24+ ft.,25,-34,257,1,1,20251102,NYK,CHI,1210,0,202696|1630171|1630200|1630581|1641824,1,REG,2026,1610612741,,,,,
2250015335,,Shot Chart Detail,22500153,35,202696,Nikola Vučević,1610612741,Chicago Bulls,1,9,19,Missed Shot,Turnaround Fadeaway shot,2PT Field Goal,Mid-Range,Left Side(L),8-16 ft.,11,-108,41,1,0,20251102,NYK,CHI,1610,0,202696|1630171|1630200|1630581|1641824,0,REG,2026,1610612741,,,,,
2250015344,,Shot Chart Detail,22500153,44,1630171,Isaac Okoro,1610612741,Chicago Bulls,1,8,31,Made Shot,Jump Shot,3PT Field Goal,Left Corner 3,Left Side(L),24+ ft.,23,-237,18,1,1,20251102,NYK,CHI,2090,0,202696|1630171|1630200|1630581|1641824,1,REG,2026,1610612741,,,,,
2250015348,,Shot Chart Detail,22500153,48,1641824,Matas Buzelis,1610612741,Chicago Bulls,1,8,0,Missed Shot,Running Layup Shot,2PT Field Goal,Restricted Area,Center(C),Less Than 8 ft.,2,-2,25,1,0,20251102,NYK,CHI,2400,0,202696|1630171|1630200|1630581|1641824,0,REG,2026,1610612741,,,,,
2250015351,,Shot Chart Detail,22500153,51,1630171,Isaac Okoro,1610612741,Chicago Bulls,1,7,58,Made Shot,Putback Layup Shot,2PT Field Goal,Restricted Area,Center(C),Less Than 8 ft.,1,-12,11,1,1,20251102,NYK,CHI,2420,0,202696|1630171|1630200|1630581|1641824,0,REG,2026,1610612741,,,,,
2250015359,,Shot Chart Detail,22500153,59,1630581,Josh Giddey,1610612741,Chicago Bulls,1,7,25,Missed Shot,Driving Floating Jump Shot,2PT Field Goal,Mid-Range,Right Side(R),8-16 ft.,11,91,73,1,0,20251102,NYK,CHI,2750,0,202696|1628989|1630171|1630581|1641824,0,REG,2026,1610612741,,,,,
2250015363,,Shot Chart Detail,22500153,63,1641824,Matas Buzelis,1610612741,Chicago Bulls,1,6,59,Missed Shot,Driving Floating Jump Shot,2PT Field Goal,In The Paint (Non-RA),Center(C),Less Than 8 ft.,6,-7,64,1,0,20251102,NYK,CHI,3010,0,202696|1628989|1630171|1630581|1641824,0,REG,2026,1610612741,,,,,
2250015365,,Shot Chart Detail,22500153,65,202696,Nikola Vučević,1610612741,Chicago Bulls,1,6,55,Made Shot,Jump Shot,3PT Field Goal,Above the Break 3,Left Side Center(LC),24+ ft.,26,-191,181,1,1,20251102,NYK,CHI,3050,0,202696|1628989|1630171|1630581|1641824,0,REG,2026,1610612741,,,,,
2250015378,,Shot Chart Detail,22500153,78,1628989,Kevin Huerter,1610612741,Chicago Bulls,1,6,16,Made Shot,Jump Shot,3PT Field Goal,Above the Break 3,Right Side Center(RC),24+ ft.,25,138,217,1,1,20251102,NYK,CHI,3440,0,202696|1628989|1630171|1630172|1630581,1,REG,2026,1610612741,,,,,
2250015382,,Shot Chart Detail,22500153,82,1628989,Kevin Huerter,1610612741,Chicago Bulls,1,5,52,Missed Shot,Running Jump Shot,3PT Field Goal,Above the Break 3,Right Side Center(RC),24+ ft.,26,102,241,1,0,20251102,NYK,CHI,3680,0,202696|1628989|1630171|1630172|1630581,0,REG,2026,1610612741,,,,,
2250015385,,Shot Chart Detail,22500153,85,1628989,Kevin Huerter,1610612741,Chicago Bulls,1,5,34,Made Shot,Cutting Layup Shot,2PT Field Goal,Restricted Area,Center(C),Less Than 8 ft.,1,4,10,1,1,20251102,NYK,CHI,3860,0,202696|1628989|1630171|1630172|1630581,1,REG,2026,1610612741,,,,,
2250015393,,Shot Chart Detail,22500153,93,1630581,Josh Giddey,1610612741,Chicago Bulls,1,4,50,Missed Shot,Pullup Jump shot,3PT Field Goal,Above the Break 3,Left Side Center(LC),24+ ft.,25,-169,190,1,0,20251102,NYK,CHI,4300,0,202696|1628989|1630171|1630172|1630581,0,REG,2026,1610612741,,,,,
2250015397,,Shot Chart Detail,22500153,97,1630171,Isaac Okoro,1610612741,Chicago Bulls,1,4,17,Made Shot,Driving Floating Jump Shot,2PT Field Goal,In The Paint (Non-RA),Center(C),Less Than 8 ft.,4,-20,42,1,1,20251102,NYK,CHI,4630,0,202696|1628989|1630171|1630172|1630581,1,REG,2026,1610612741,,,,,
22500153117,,Shot Chart Detail,22500153,117,1630172,Patrick Williams,1610612741,Chicago Bulls,1,3,39,Missed Shot,Running Pull-Up Jump Shot,3PT Field Goal,Above the Break 3,Right Side Center(RC),24+ ft.,27,169,220,1,0,20251102,NYK,CHI,5010,0,1628989|1630172|1630188|1630200|1641763,0,REG,2026,1610612741,,,,,
22500153121,,Shot Chart Detail,22500153,121,1630188,Jalen Smith,1610612741,Chicago Bulls,1,3,6,Missed Shot,Jump Shot,3PT Field Goal,Above the Break 3,Center(C),24+ ft.,26,-6,267,1,0,20251102,NYK,CHI,5340,0,1628989|1630172|1630188|1630200|1641763,0,REG,2026,1610612741,,,,,
22500153125,,Shot Chart Detail,22500153,125,1641763,Julian Phillips,1610612741,Chicago Bulls,1,2,49,Missed Shot,Jump Shot,3PT Field Goal,Right Corner 3,Right Side(R),24+ ft.,23,233,43,1,0,20251102,NYK,CHI,5510,0,1628989|1630172|1630188|1630200|1641763,0,REG,2026,1610612741,,,,,
22500153134,,Shot Chart Detail,22500153,134,1628989,Kevin Huerter,1610612741,Chicago Bulls,1,2,27,Missed Shot,Jump Shot,3PT Field Goal,Above the Break 3,Left Side Center(LC),24+ ft.,25,-146,215,1,0,20251102,NYK,CHI,5730,0,1628989|1630172|1630188|1630200|1641763,0,REG,2026,1610612741,,,,,
22500153142,,Shot Chart Detail,22500153,142,1630172,Patrick Williams,1610612741,Chicago Bulls,1,1,46,Missed Shot,Jump Shot,3PT Field Goal,Left Corner 3,Left Side(L),24+ ft.,24,-237,68,1,0,20251102,NYK,CHI,6140,0,1628989|1630172|1630188|1630200|1641763,0,REG,2026,1610612741,,,,,
22500153150,,Shot Chart Detail,22500153,150,1628989,Kevin Huerter,1610612741,Chicago Bulls,1,1,17,Missed Shot,Driving Floating Jump Shot,2PT Field Goal,In The Paint (Non-RA),Center(C),8-16 ft.,10,38,95,1,0,20251102,NYK,CHI,6430,0,1628989|1630172|1630188|1630200|1641763,0,REG,2026,1610612741,,,,,
22500153162,,Shot Chart Detail,22500153,162,1630200,Tre Jones,1610612741,Chicago Bulls,1,0,55,Missed Shot,Driving Layup Shot,2PT Field Goal,Restricted Area,Center(C),Less Than 8 ft.,1,-9,13,1,0,20251102,NYK,CHI,6650,0,1628975|1630172|1630188|1630200|1641824,0,REG,2026,1610612741,,,,,
22500153165,,Shot Chart Detail,22500153,165,1630188,Jalen Smith,1610612741,Chicago Bulls,1,0,54,Made Shot,Putback Layup Shot,2PT Field Goal,Restricted Area,Center(C),Less Than 8 ft.,1,1,10,1,1,20251102,NYK,CHI,6660,0,1628975|1630172|1630188|1630200|1641824,0,REG,2026,1610612741,,,,,
22500153167,,Shot Chart Detail,22500153,167,1630200,Tre Jones,1610612741,Chicago Bulls,1,0,35,Missed Shot,Driving Finger Roll Layup Shot,2PT Field Goal,Restricted Area,Center(C),Less Than 8 ft.,1,1,17,1,0,20251102,NYK,CHI,6850,0,1628975|1630172|1630188|1630200|1641824,0,REG,2026,1610612741,,,,,
22500153170,,Shot Chart Detail,22500153,170,1630172,Patrick Williams,1610612741,Chicago Bulls,1,0,32,Missed Shot,Tip Dunk Shot,2PT Field Goal,Restricted Area,Center(C),Less Than 8 ft.,0,-7,5,1,0,20251102,NYK,CHI,6880,0,1628975|1630172|1630188|1630200|1641824,0,REG,2026,1610612741,,,,,
22500153174,,Shot Chart Detail,22500153,174,1641824,Matas Buzelis,1610612741,Chicago Bulls,1,0,5,Made Shot,Running Layup Shot,2PT Field Goal,Restricted Area,Center(C),Less Than 8 ft.,3,-6,34,1,1,20251102,NYK,CHI,7150,0,1628975|1630172|1630188|1630200|1641824,0,REG,2026,1610612741,,,,,
22500153201,,Shot Chart Detail,22500153,201,1630188,Jalen Smith,1610612741,Chicago Bulls,2,11,0,Missed Shot,Jump Shot,3PT Field Goal,Above the Break 3,Center(C),24+ ft.,25,76,248,1,0,20251102,NYK,CHI,7800,0,1628975|1630172|1630188|1630581|1641824,0,REG,2026,1610612741,,,,,
22500153205,,Shot Chart Detail,22500153,205,1630172,Patrick Williams,1610612741,Chicago Bulls,2,10,41,Made Shot,Running Jump Shot,3PT Field Goal,Right Corner 3,Right Side(R),24+ ft.,22,225,29,1,1,20251102,NYK,CHI,7990,0,1628975|1630172|1630188|1630581|1641824,1,REG,2026,1610612741,,,,,
22500153209,,Shot Chart Detail,22500153,209,1641824,Matas Buzelis,1610612741,Chicago Bulls,2,10,9,Made Shot,Jump Shot,3PT Field Goal,Right Corner 3,Right Side(R),24+ ft.,22,224,28,1,1,20251102,NYK,CHI,8310,0,1628975|1630172|1630188|1630581|1641824,1,REG,2026,1610612741,,,,,
22500153215,,Shot Chart Detail,22500153,215,1630581,Josh Giddey,1610612741,Chicago Bulls,2,9,44,Made Shot,Turnaround Fadeaway shot,2PT Field Goal,In The Paint (Non-RA),Left Side(L),8-16 ft.,13,-80,106,1,1,20251102,NYK,CHI,8560,0,1628975|1630172|1630188|1630581|1641824,0,REG,2026,1610612741,,,,,
22500153219,,Shot Chart Detail,22500153,219,1630188,Jalen Smith,1610612741,Chicago Bulls,2,9,20,Made Shot,Jump Shot,3PT Field Goal,Above the Break 3,Left Side Center(LC),24+ ft.,25,-191,176,1,1,20251102,NYK,CHI,8800,0,1628975|1630172|1630188|1630581|1641824,1,REG,2026,1610612741,,,,,
22500153226,,Shot Chart Detail,22500153,226,1630188,Jalen Smith,1610612741,Chicago Bulls,2,8,48,Made Shot,Cutting Layup Shot,2PT Field Goal,Restricted Area,Center(C),Less Than 8 ft.,0,-1,6,1,1,20251102,NYK,CHI,9120,0,1628975|1630188|1630581|1641763|1641824,1,REG,2026,1610612741,,,,,
22500153236,,Shot Chart Detail,22500153,236,1630188,Jalen Smith,1610612741,Chicago Bulls,2,8,33,Made Shot,Running Jump Shot,3PT Field Goal,Above the Break 3,Left Side Center(LC),24+ ft.,26,-167,200,1,1,20251102,NYK,CHI,9270,0,1628975|1630188|1630581|1641763|1641824,1,REG,2026,1610612741,,,,,
22500153239,,Shot Chart Detail,22500153,239,1630188,Jalen Smith,1610612741,Chicago Bulls,2,8,11,Made Shot,Dunk Shot,2PT Field Goal,Restricted Area,Center(C),Less Than 8 ft.,0,0,4,1,1,20251102,NYK,CHI,9490,0,1628975|1630188|1630581|1641763|1641824,1,REG,2026,1610612741,,,,,
22500153245,,Shot Chart Detail,22500153,245,1641824,Matas Buzelis,1610612741,Chicago Bulls,2,7,42,Made Shot,Jump Shot,3PT Field Goal,Above the Break 3,Left Side Center(LC),24+ ft.,26,-151,216,1,1,20251102,NYK,CHI,9780,0,1628975|1630188|1630581|1641763|1641824,1,REG,2026,1610612741,,,,,
22500153260,,Shot Chart Detail,22500153,260,1630171,Isaac Okoro,1610612741,Chicago Bulls,2,7,2,Missed Shot,Driving Layup Shot,2PT Field Goal,Restricted Area,Center(C),Less Than 8 ft.,1,-13,13,1,0,20251102,NYK,CHI,10180,0,202696|1628975|1630171|1630200|1641824,0,REG,2026,1610612741,,,,,
22500153264,,Shot Chart Detail,22500153,264,202696,Nikola Vučević,1610612741,Chicago Bulls,2,6,44,Made Shot,Jump Shot,3PT Field Goal,Above the Break 3,Center(C),24+ ft.,26,56,256,1,1,20251102,NYK,CHI,10360,0,202696|1628975|1630171|1630200|1641824,1,REG,2026,1610612741,,,,,
22500153268,,Shot Chart Detail,22500153,268,1630171,Isaac Okoro,1610612741,Chicago Bulls,2,6,0,Missed Shot,Jump Shot,3PT Field Goal,Above the Break 3,Right Side Center(RC),24+ ft.,25,232,100,1,0,20251102,NYK,CHI,10800,0,202696|1628975|1630171|1630200|1641824,0,REG,2026,1610612741,,,,,
22500153272,,Shot Chart Detail,22500153,272,1641824,Matas Buzelis,1610612741,Chicago Bulls,2,5,34,Missed Shot,Pullup Jump shot,3PT Field Goal,Above the Break 3,Center(C),24+ ft.,26,-80,251,1,0,20251102,NYK,CHI,11060,0,202696|1628975|1630171|1630200|1641824,0,REG,2026,1610612741,,,,,
22500153289,,Shot Chart Detail,22500153,289,1630171,Isaac Okoro,1610612741,Chicago Bulls,2,4,50,Missed Shot,Running Jump Shot,3PT Field Goal,Left Corner 3,Left Side(L),24+ ft.,23,-238,13,1,0,20251102,NYK,CHI,11500,0,202696|1630171|1630172|1630200|1630581,0,REG,2026,1610612741,,,,,
22500153298,,Shot Chart Detail,22500153,298,1630172,Patrick Williams,1610612741,Chicago Bulls,2,3,36,Missed Shot,Jump Shot,3PT Field Goal,Above the Break 3,Left Side Center(LC),24+ ft.,27,-186,204,1,0,20251102,NYK,CHI,12240,0,202696|1630171|1630172|1630200|1630581,0,REG,2026,1610612741,,,,,
22500153305,,Shot Chart Detail,22500153,305,1630200,Tre Jones,1610612741,Chicago Bulls,2,3,13,Made Shot,Driving Layup Shot,2PT Field Goal,Restricted Area,Center(C),Less Than 8 ft.,0,-4,7,1,1,20251102,NYK,CHI,12470,0,202696|1630172|1630200|1630581|1641824,0,REG,2026,1610612741,,,,,
22500153308,,Shot Chart Detail,22500153,308,1630581,Josh Giddey,1610612741,Chicago Bulls,2,2,49,Missed Shot,Pullup Jump shot,2PT Field Goal,Mid-Range,Left Side(L),8-16 ft.,14,-120,85,1,0,20251102,NYK,CHI,12710,0,202696|1630172|1630200|1630581|1641824,0,REG,2026,1610612741,,,,,
22500153322,,Shot Chart Detail,22500153,322,1630581,Josh Giddey,1610612741,Chicago Bulls,2,2,8,Made Shot,Driving Floating Bank Jump Shot,2PT Field Goal,In The Paint (Non-RA),Center(C),Less Than 8 ft.,4,40,22,1,1,20251102,NYK,CHI,13120,0,202696|1630172|1630200|1630581|1641824,0,REG,2026,1610612741,,,,,
22500153333,,Shot Chart Detail,22500153,333,1630200,Tre Jones,1610612741,Chicago Bulls,2,1,1,Made Shot,Jump Shot,3PT Field Goal,Above the Break 3,Center(C),24+ ft.,25,34,257,1,1,20251102,NYK,CHI,13790,0,202696|1630172|1630200|1630581|1641824,1,REG,2026,1610612741,,,,,
22500153339,,Shot Chart Detail,22500153,339,1630581,Josh Giddey,1610612741,Chicago Bulls,2,0,32,Made Shot,Driving Hook Shot,2PT Field Goal,In The Paint (Non-RA),Center(C),Less Than 8 ft.,5,-20,46,1,1,20251102,NYK,CHI,14080,0,202696|1630172|1630200|1630581|1641824,0,REG,2026,1610612741,,,,,
22500153342,,Shot Chart Detail,22500153,342,1630172,Patrick Williams,1610612741,Chicago Bulls,2,0,0,Missed Shot,Jump Shot,3PT Field Goal,Right Corner 3,Right Side(R),24+ ft.,24,243,21,1,0,20251102,NYK,CHI,14400,0,202696|1630172|1630200|1630581|1641824,0,REG,2026,1610612741,,,,,
22500153350,,Shot Chart Detail,22500153,350,1630200,Tre Jones,1610612741,Chicago Bulls,3,11,50,Missed Shot,Driving Layup Shot,2PT Field Goal,Restricted Area,Center(C),Less Than 8 ft.,1,7,11,1,0,20251102,NYK,CHI,14500,0,202696|1630171|1630200|1630581|1641824,0,REG,2026,1610612741,,,,,
22500153356,,Shot Chart Detail,22500153,356,1630171,Isaac Okoro,1610612741,Chicago Bulls,3,11,21,Made Shot,Running Layup Shot,2PT Field Goal,Restricted Area,Center(C),Less Than 8 ft.,1,12,5,1,1,20251102,NYK,CHI,14790,0,202696|1630171|1630200|1630581|1641824,1,REG,2026,1610612741,,,,,
22500153363,,Shot Chart Detail,22500153,363,202696,Nikola Vučević,1610612741,Chicago Bulls,3,10,50,Made Shot,Jump Shot,3PT Field Goal,Above the Break 3,Left Side Center(LC),24+ ft.,25,-110,231,1,1,20251102,NYK,CHI,15100,0,202696|1630171|1630200|1630581|1641824,1,REG,2026,1610612741,,,,,
22500153381,,Shot Chart Detail,22500153,381,1630581,Josh Giddey,1610612741,Chicago Bulls,3,9,14,Missed Shot,Jump Shot,3PT Field Goal,Above the Break 3,Left Side Center(LC),24+ ft.,25,-85,241,1,0,20251102,NYK,CHI,16060,0,202696|1630171|1630200|1630581|1641824,0,REG,2026,1610612741,,,,,
22500153392,,Shot Chart Detail,22500153,392,1630581,Josh Giddey,1610612741,Chicago Bulls,3,8,27,Made Shot,Driving Floating Jump Shot,2PT Field Goal,In The Paint (Non-RA),Right Side(R),8-16 ft.,10,66,83,1,1,20251102,NYK,CHI,16530,0,202696|1630171|1630172|1630200|1630581,0,REG,2026,1610612741,,,,,
22500153395,,Shot Chart Detail,22500153,395,1630581,Josh Giddey,1610612741,Chicago Bulls,3,7,58,Missed Shot,Pullup Jump shot,2PT Field Goal,Mid-Range,Center(C),16-24 ft.,18,-11,188,1,0,20251102,NYK,CHI,16820,0,202696|1630171|1630172|1630200|1630581,0,REG,2026,1610612741,,,,,
22500153397,,Shot Chart Detail,22500153,397,1630200,Tre Jones,1610612741,Chicago Bulls,3,7,50,Made Shot,Driving Floating Jump Shot,2PT Field Goal,In The Paint (Non-RA),Center(C),Less Than 8 ft.,7,5,74,1,1,20251102,NYK,CHI,16900,0,202696|1630171|1630172|1630200|1630581,0,REG,2026,1610612741,,,,,
22500153408,,Shot Chart Detail,22500153,408,1630172,Patrick Williams,1610612741,Chicago Bulls,3,7,13,Made Shot,Jump Shot,3PT Field Goal,Above the Break 3,Center(C),24+ ft.,24,-11,247,1,1,20251102,NYK,CHI,17270,0,202696|1628989|1630171|1630172|1630581,1,REG,2026,1610612741,,,,,
22500153424,,Shot Chart Detail,22500153,424,1630581,Josh Giddey,1610612741,Chicago Bulls,3,6,20,Made Shot,Driving Floating Bank Jump Shot,2PT Field Goal,In The Paint (Non-RA),Center(C),Less Than 8 ft.,7,66,35,1,1,20251102,NYK,CHI,17800,0,202696|1628989|1630171|1630172|1630581,0,REG,2026,1610612741,,,,,
22500153441,,Shot Chart Detail,22500153,441,1630200,Tre Jones,1610612741,Chicago Bulls,3,5,41,Missed Shot,Jump Shot,3PT Field Goal,Above the Break 3,Left Side Center(LC),24+ ft.,25,-88,243,1,0,20251102,NYK,CHI,18190,0,202696|1628989|1630172|1630200|1630581,0,REG,2026,1610612741,,,,,
22500153447,,Shot Chart Detail,22500153,447,1630200,Tre Jones,1610612741,Chicago Bulls,3,5,14,Made Shot,Driving Reverse Layup Shot,2PT Field Goal,Restricted Area,Center(C),Less Than 8 ft.,0,5,-1,1,1,20251102,NYK,CHI,18460,0,202696|1628989|1630172|1630200|1630581,1,REG,2026,1610612741,,,,,
22500153453,,Shot Chart Detail,22500153,453,202696,Nikola Vučević,1610612741,Chicago Bulls,3,4,53,Missed Shot,Running Layup Shot,2PT Field Goal,Restricted Area,Center(C),Less Than 8 ft.,1,-7,8,1,0,20251102,NYK,CHI,18670,0,202696|1628989|1630172|1630200|1630581,0,REG,2026,1610612741,,,,,
22500153455,,Shot Chart Detail,22500153,455,1630200,Tre Jones,1610612741,Chicago Bulls,3,4,44,Made Shot,Driving Layup Shot,2PT Field Goal,Restricted Area,Center(C),Less Than 8 ft.,0,-4,5,1,1,20251102,NYK,CHI,18760,0,202696|1628989|1630172|1630200|1630581,1,REG,2026,1610612741,,,,,
22500153469,,Shot Chart Detail,22500153,469,1628989,Kevin Huerter,1610612741,Chicago Bulls,3,3,32,Made Shot,Cutting Layup Shot,2PT Field Goal,Restricted Area,Center(C),Less Than 8 ft.,0,-4,4,1,1,20251102,NYK,CHI,19480,0,1628989|1630172|1630188|1630200|1641824,1,REG,2026,1610612741,,,,,
22500153486,,Shot Chart Detail,22500153,486,1630200,Tre Jones,1610612741,Chicago Bulls,3,2,32,Missed Shot,Layup Shot,2PT Field Goal,Restricted Area,Center(C),Less Than 8 ft.,1,-5,17,1,0,20251102,NYK,CHI,20080,0,1628989|1630172|1630188|1630200|1641824,0,REG,2026,1610612741,,,,,
22500153491,,Shot Chart Detail,22500153,491,1641824,Matas Buzelis,1610612741,Chicago Bulls,3,2,4,Made Shot,Jump Shot,3PT Field Goal,Above the Break 3,Center(C),24+ ft.,27,-77,260,1,1,20251102,NYK,CHI,20360,0,1628989|1630172|1630188|1630200|1641824,1,REG,2026,1610612741,,,,,
22500153495,,Shot Chart Detail,22500153,495,1630172,Patrick Williams,1610612741,Chicago Bulls,3,1,25,Made Shot,Pullup Jump shot,2PT Field Goal,In The Paint (Non-RA),Center(C),8-16 ft.,9,0,99,1,1,20251102,NYK,CHI,20750,0,1628989|1630172|1630188|1630200|1641824,1,REG,2026,1610612741,,,,,
22500153510,,Shot Chart Detail,22500153,510,1630171,Isaac Okoro,1610612741,Chicago Bulls,3,0,47,Missed Shot,Driving Layup Shot,2PT Field Goal,Restricted Area,Center(C),Less Than 8 ft.,3,28,19,1,0,20251102,NYK,CHI,21130,0,1630171|1630188|1630200|1630581|1641824,0,REG,2026,1610612741,,,,,
22500153513,,Shot Chart Detail,22500153,513,1630581,Josh Giddey,1610612741,Chicago Bulls,3,0,41,Made Shot,Pullup Jump shot,2PT Field Goal,Mid-Range,Right Side(R),16-24 ft.,17,150,99,1,1,20251102,NYK,CHI,21190,0,1630171|1630188|1630200|1630581|1641824,0,REG,2026,1610612741,,,,,
22500153536,,Shot Chart Detail,22500153,536,1630171,Isaac Okoro,1610612741,Chicago Bulls,4,11,30,Made Shot,Cutting Layup Shot,2PT Field Goal,Restricted Area,Center(C),Less Than 8 ft.,1,13,10,1,1,20251102,NYK,CHI,21900,0,1628975|1628989|1630171|1630188|1630581,1,REG,2026,1610612741,,,,,
22500153540,,Shot Chart Detail,22500153,540,1630171,Isaac Okoro,1610612741,Chicago Bulls,4,11,6,Missed Shot,Driving Hook Shot,2PT Field Goal,Restricted Area,Center(C),Less Than 8 ft.,1,10,16,1,0,20251102,NYK,CHI,22140,0,1628975|1628989|1630171|1630188|1630581,0,REG,2026,1610612741,,,,,
22500153544,,Shot Chart Detail,22500153,544,1628975,Jevon Carter,1610612741,Chicago Bulls,4,10,35,Missed Shot,Jump Shot,3PT Field Goal,Left Corner 3,Left Side(L),24+ ft.,22,-223,2,1,0,20251102,NYK,CHI,22450,0,1628975|1628989|1630171|1630188|1630581,0,REG,2026,1610612741,,,,,
22500153548,,Shot Chart Detail,22500153,548,1630171,Isaac Okoro,1610612741,Chicago Bulls,4,10,15,Made Shot,Jump Shot,3PT Field Goal,Right Corner 3,Right Side(R),24+ ft.,23,234,21,1,1,20251102,NYK,CHI,22650,0,1628975|1628989|1630171|1630188|1630581,1,REG,2026,1610612741,,,,,
22500153552,,Shot Chart Detail,22500153,552,1630581,Josh Giddey,1610612741,Chicago Bulls,4,9,34,Missed Shot,Driving Bank Hook Shot,2PT Field Goal,Restricted Area,Center(C),Less Than 8 ft.,1,-17,9,1,0,20251102,NYK,CHI,23060,0,1628975|1628989|1630171|1630188|1630581,0,REG,2026,1610612741,,,,,
22500153565,,Shot Chart Detail,22500153,565,1630581,Josh Giddey,1610612741,Chicago Bulls,4,8,52,Missed Shot,Running Pull-Up Jump Shot,3PT Field Goal,Above the Break 3,Right Side Center(RC),24+ ft.,25,121,230,1,0,20251102,NYK,CHI,23480,0,202696|1628975|1628989|1630200|1630581,0,REG,2026,1610612741,,,,,
22500153572,,Shot Chart Detail,22500153,572,1628989,Kevin Huerter,1610612741,Chicago Bulls,4,8,18,Missed Shot,Jump Shot,3PT Field Goal,Left Corner 3,Left Side(L),24+ ft.,23,-235,5,1,0,20251102,NYK,CHI,23820,0,202696|1628989|1630200|1630581|1641824,0,REG,2026,1610612741,,,,,
22500153574,,Shot Chart Detail,22500153,574,1628989,Kevin Huerter,1610612741,Chicago Bulls,4,8,12,Missed Shot,Jump Shot,3PT Field Goal,Left Corner 3,Left Side(L),24+ ft.,23,-235,-10,1,0,20251102,NYK,CHI,23880,0,202696|1628989|1630200|1630581|1641824,0,REG,2026,1610612741,,,,,
22500153581,,Shot Chart Detail,22500153,581,202696,Nikola Vučević,1610612741,Chicago Bulls,4,7,34,Made Shot,Floating Jump shot,2PT Field Goal,In The Paint (Non-RA),Center(C),Less Than 8 ft.,7,-65,32,1,1,20251102,NYK,CHI,24260,0,202696|1628989|1630200|1630581|1641824,1,REG,2026,1610612741,,,,,
22500153592,,Shot Chart Detail,22500153,592,1630581,Josh Giddey,1610612741,Chicago Bulls,4,7,4,Made Shot,Driving Floating Bank Jump Shot,2PT Field Goal,In The Paint (Non-RA),Center(C),Less Than 8 ft.,4,-44,20,1,1,20251102,NYK,CHI,24560,0,202696|1628989|1630200|1630581|1641824,0,REG,2026,1610612741,,,,,
22500153595,,Shot Chart Detail,22500153,595,1641824,Matas Buzelis,1610612741,Chicago Bulls,4,6,40,Made Shot,Jump Shot,3PT Field Goal,Above the Break 3,Left Side Center(LC),24+ ft.,24,-148,201,1,1,20251102,NYK,CHI,24800,0,202696|1628989|1630200|1630581|1641824,1,REG,2026,1610612741,,,,,
22500153601,,Shot Chart Detail,22500153,601,1630200,Tre Jones,1610612741,Chicago Bulls,4,6,9,Missed Shot,Driving Layup Shot,2PT Field Goal,Restricted Area,Center(C),Less Than 8 ft.,2,-11,17,1,0,20251102,NYK,CHI,25110,0,202696|1628989|1630200|1630581|1641824,0,REG,2026,1610612741,,,,,
22500153604,,Shot Chart Detail,22500153,604,202696,Nikola Vučević,1610612741,Chicago Bulls,4,6,7,Missed Shot,Tip Layup Shot,2PT Field Goal,Restricted Area,Center(C),Less Than 8 ft.,0,0,0,1,0,20251102,NYK,CHI,25130,0,202696|1628989|1630200|1630581|1641824,0,REG,2026,1610612741,,,,,
22500153606,,Shot Chart Detail,22500153,606,202696,Nikola Vučević,1610612741,Chicago Bulls,4,6,6,Made Shot,Tip Layup Shot,2PT Field Goal,Restricted Area,Center(C),Less Than 8 ft.,0,0,0,1,1,20251102,NYK,CHI,25140,0,202696|1628989|1630200|1630581|1641824,0,REG,2026,1610612741,,,,,
22500153614,,Shot Chart Detail,22500153,614,202696,Nikola Vučević,1610612741,Chicago Bulls,4,5,34,Made Shot,Driving Hook Shot,2PT Field Goal,In The Paint (Non-RA),Center(C),Less Than 8 ft.,5,7,59,1,1,20251102,NYK,CHI,25460,0,202696|1628989|1630200|1630581|1641824,0,REG,2026,1610612741,,,,,
22500153628,,Shot Chart Detail,22500153,628,1630581,Josh Giddey,1610612741,Chicago Bulls,4,4,26,Missed Shot,Jump Shot,3PT Field Goal,Above the Break 3,Right Side Center(RC),24+ ft.,25,127,220,1,0,20251102,NYK,CHI,26140,0,202696|1628989|1630200|1630581|1641824,0,REG,2026,1610612741,,,,,
22500153630,,Shot Chart Detail,22500153,630,1641824,Matas Buzelis,1610612741,Chicago Bulls,4,4,22,Missed Shot,Tip Layup Shot,2PT Field Goal,Restricted Area,Center(C),Less Than 8 ft.,0,0,0,1,0,20251102,NYK,CHI,26180,0,202696|1628989|1630200|1630581|1641824,0,REG,2026,1610612741,,,,,
22500153634,,Shot Chart Detail,22500153,634,202696,Nikola Vučević,1610612741,Chicago Bulls,4,4,10,Missed Shot,Jump Shot,3PT Field Goal,Above the Break 3,Right Side Center(RC),24+ ft.,26,131,236,1,0,20251102,NYK,CHI,26300,0,202696|1628989|1630200|1630581|1641824,0,REG,2026,1610612741,,,,,
22500153645,,Shot Chart Detail,22500153,645,1630172,Patrick Williams,1610612741,Chicago Bulls,4,3,29,Missed Shot,Jump Shot,3PT Field Goal,Left Corner 3,Left Side(L),24+ ft.,23,-239,4,1,0,20251102,NYK,CHI,26710,0,202696|1630172|1630200|1630581|1641824,0,REG,2026,1610612741,,,,,
22500153649,,Shot Chart Detail,22500153,649,1630200,Tre Jones,1610612741,Chicago Bulls,4,3,11,Made Shot,Layup Shot,2PT Field Goal,Restricted Area,Center(C),Less Than 8 ft.,1,-10,1,1,1,20251102,NYK,CHI,26890,0,202696|1630172|1630200|1630581|1641824,1,REG,2026,1610612741,,,,,
22500153653,,Shot Chart Detail,22500153,653,1630200,Tre Jones,1610612741,Chicago Bulls,4,2,51,Missed Shot,Running Layup Shot,2PT Field Goal,Restricted Area,Center(C),Less Than 8 ft.,1,16,5,1,0,20251102,NYK,CHI,27090,0,202696|1630172|1630200|1630581|1641824,0,REG,2026,1610612741,,,,,
22500153658,,Shot Chart Detail,22500153,658,1630581,Josh Giddey,1610612741,Chicago Bulls,4,2,26,Made Shot,Running Layup Shot,2PT Field Goal,Restricted Area,Center(C),Less Than 8 ft.,1,0,10,1,1,20251102,NYK,CHI,27340,0,202696|1630172|1630200|1630581|1641824,0,REG,2026,1610612741,,,,,
22500153661,,Shot Chart Detail,22500153,661,1630581,Josh Giddey,1610612741,Chicago Bulls,4,2,3,Made Shot,Driving Layup Shot,2PT Field Goal,Restricted Area,Center(C),Less Than 8 ft.,1,6,14,1,1,20251102,NYK,CHI,27570,0,202696|1630172|1630200|1630581|1641824,0,REG,2026,1610612741,,,,,
22500153672,,Shot Chart Detail,22500153,672,1630581,Josh Giddey,1610612741,Chicago Bulls,4,1,34,Missed Shot,Cutting Layup Shot,2PT Field Goal,Restricted Area,Center(C),Less Than 8 ft.,1,-6,14,1,0,20251102,NYK,CHI,27860,0,202696|1630172|1630200|1630581|1641824,0,REG,2026,1610612741,,,,,
22500153689,,Shot Chart Detail,22500153,689,1631207,Dalen Terry,1610612741,Chicago Bulls,4,0,56,Missed Shot,Driving Floating Bank Jump Shot,2PT Field Goal,Restricted Area,Center(C),Less Than 8 ft.,3,26,15,1,0,20251102,NYK,CHI,28240,0,1628975|1630172|1630188|1631207|1641763,0,REG,2026,1610612741,,,,,
22500153698,,Shot Chart Detail,22500153,698,1631207,Dalen Terry,1610612741,Chicago Bulls,4,0,24,Missed Shot,Driving Layup Shot,2PT Field Goal,Restricted Area,Center(C),Less Than 8 ft.,2,13,17,1,0,20251102,NYK,CHI,28560,0,1628975|1630172|1630188|1631207|1641763,0,REG,2026,1610612741,,,,,
22500153700,,Shot Chart Detail,22500153,700,1631207,Dalen Terry,1610612741,Chicago Bulls,4,0,16,Made Shot,Jump Shot,3PT Field Goal,Above the Break 3,Left Side Center(LC),24+ ft.,24,-130,210,1,1,20251102,NYK,CHI,28640,0,1628975|1630172|1630188|1631207|1641763,1,REG,2026,1610612741,,,,,
2250016714,,Shot Chart Detail,22500167,14,202696,Nikola Vučević,1610612741,Chicago Bulls,1,11,8,Missed Shot,Jump Shot,3PT Field Goal,Above the Break 3,Left Side Center(LC),24+ ft.,26,-137,222,1,0,20251104,CHI,PHI,520,0,202696|1630171|1630200|1630581|1641824,0,REG,2026,1610612741,,,,,
2250016716,,Shot Chart Detail,22500167,16,202696,Nikola Vučević,1610612741,Chicago Bulls,1,10,57,Made Shot,Turnaround Hook Shot,2PT Field Goal,In The Paint (Non-RA),Center(C),Less Than 8 ft.,4,-5,45,1,1,20251104,CHI,PHI,630,0,202696|1630171|1630200|1630581|1641824,1,REG,2026,1610612741,,,,,
2250016719,,Shot Chart Detail,22500167,19,1641824,Matas Buzelis,1610612741,Chicago Bulls,1,10,28,Missed Shot,Jump Shot,3PT Field Goal,Right Corner 3,Right Side(R),24+ ft.,23,232,3,1,0,20251104,CHI,PHI,920,0,202696|1630171|1630200|1630581|1641824,0,REG,2026,1610612741,,,,,
2250016723,,Shot Chart Detail,22500167,23,202696,Nikola Vučević,1610612741,Chicago Bulls,1,10,23,Made Shot,Driving Dunk Shot,2PT Field Goal,Restricted Area,Center(C),Less Than 8 ft.,0,-7,6,1,1,20251104,CHI,PHI,970,0,202696|1630171|1630200|1630581|1641824,1,REG,2026,1610612741,,,,,
2250016727,,Shot Chart Detail,22500167,27,202696,Nikola Vučević,1610612741,Chicago Bulls,1,9,55,Missed Shot,Jump Shot,3PT Field Goal,Above the Break 3,Left Side Center(LC),24+ ft.,25,-81,247,1,0,20251104,CHI,PHI,1250,0,202696|1630171|1630200|1630581|1641824,0,REG,2026,1610612741,,,,,
2250016732,,Shot Chart Detail,22500167,32,1630171,Isaac Okoro,1610612741,Chicago Bulls,1,9,23,Made Shot,Jump Shot,3PT Field Goal,Left Corner 3,Left Side(L),24+ ft.,22,-225,-18,1,1,20251104,CHI,PHI,1570,0,202696|1630171|1630200|1630581|1641824,1,REG,2026,1610612741,,,,,
2250016741,,Shot Chart Detail,22500167,41,1628989,Kevin Huerter,1610612741,Chicago Bulls,1,8,35,Made Shot,Driving Floating Bank Jump Shot,2PT Field Goal,Restricted Area,Center(C),Less Than 8 ft.,1,13,8,1,1,20251104,CHI,PHI,2050,0,202696|1628989|1630171|1630581|1641824,1,REG,2026,1610612741,,,,,
2250016744,,Shot Chart Detail,22500167,44,202696,Nikola Vučević,1610612741,Chicago Bulls,1,8,6,Made Shot,Cutting Layup Shot,2PT Field Goal,Restricted Area,Center(C),Less Than 8 ft.,1,-16,4,1,1,20251104,CHI,PHI,2340,0,202696|1628989|1630171|1630581|1641824,1,REG,2026,1610612741,,,,,
2250016754,,Shot Chart Detail,22500167,54,1630171,Isaac Okoro,1610612741,Chicago Bulls,1,7,25,Made Shot,Driving Finger Roll Layup Shot,2PT Field Goal,Restricted Area,Center(C),Less Than 8 ft.,1,0,13,1,1,20251104,CHI,PHI,2750,0,202696|1628989|1630171|1630172|1630581,0,REG,2026,1610612741,,,,,
2250016757,,Shot Chart Detail,22500167,57,1630581,Josh Giddey,1610612741,Chicago Bulls,1,6,56,Missed Shot,Driving Floating Jump Shot,2PT Field Goal,In The Paint (Non-RA),Left Side(L),8-16 ft.,8,-76,40,1,0,20251104,CHI,PHI,3040,0,202696|1628989|1630171|1630172|1630581,0,REG,2026,1610612741,,,,,
2250016779,,Shot Chart Detail,22500167,79,1630581,Josh Giddey,1610612741,Chicago Bulls,1,5,13,Missed Shot,Cutting Layup Shot,2PT Field Goal,Restricted Area,Center(C),Less Than 8 ft.,1,6,19,1,0,20251104,CHI,PHI,4070,0,202696|1628989|1630171|1630172|1630581,0,REG,2026,1610612741,,,,,
2250016782,,Shot Chart Detail,22500167,82,1630171,Isaac Okoro,1610612741,Chicago Bulls,1,5,5,Missed Shot,Jump Shot,3PT Field Goal,Above the Break 3,Left Side Center(LC),24+ ft.,25,-227,111,1,0,20251104,CHI,PHI,4150,0,202696|1628989|1630171|1630172|1630581,0,REG,2026,1610612741,,,,,
2250016784,,Shot Chart Detail,22500167,84,1630581,Josh Giddey,1610612741,Chicago Bulls,1,5,2,Made Shot,Pullup Jump shot,3PT Field Goal,Above the Break 3,Center(C),24+ ft.,25,54,250,1,1,20251104,CHI,PHI,4180,0,202696|1628989|1630171|1630172|1630581,0,REG,2026,1610612741,,,,,
2250016787,,Shot Chart Detail,22500167,87,1630581,Josh Giddey,1610612741,Chicago Bulls,1,4,26,Made Shot,Driving Floating Jump Shot,2PT Field Goal,In The Paint (Non-RA),Center(C),Less Than 8 ft.,7,-9,74,1,1,20251104,CHI,PHI,4540,0,202696|1628989|1630171|1630172|1630581,0,REG,2026,1610612741,,,,,
2250016799,,Shot Chart Detail,22500167,99,1628989,Kevin Huerter,1610612741,Chicago Bulls,1,4,8,Missed Shot,Running Layup Shot,2PT Field Goal,Restricted Area,Center(C),Less Than 8 ft.,1,-15,11,1,0,20251104,CHI,PHI,4720,0,1628989|1630172|1630188|1630200|1641824,0,REG,2026,1610612741,,,,,
22500167107,,Shot Chart Detail,22500167,107,1630188,Jalen Smith,1610612741,Chicago Bulls,1,3,19,Missed Shot,Jump Shot,3PT Field Goal,Above the Break 3,Left Side Center(LC),24+ ft.,24,-138,199,1,0,20251104,CHI,PHI,5210,0,1628989|1630172|1630188|1630200|1641824,0,REG,2026,1610612741,,,,,
22500167120,,Shot Chart Detail,22500167,120,1630172,Patrick Williams,1610612741,Chicago Bulls,1,2,52,Missed Shot,Driving Layup Shot,2PT Field Goal,Restricted Area,Center(C),Less Than 8 ft.,3,-28,14,1,0,20251104,CHI,PHI,5480,0,1630172|1630188|1630200|1630581|1631207,0,REG,2026,1610612741,,,,,
22500167128,,Shot Chart Detail,22500167,128,1630188,Jalen Smith,1610612741,Chicago Bulls,1,2,36,Made Shot,Cutting Dunk Shot,2PT Field Goal,Restricted Area,Center(C),Less Than 8 ft.,0,4,8,1,1,20251104,CHI,PHI,5640,0,1630172|1630188|1630200|1630581|1631207,1,REG,2026,1610612741,,,,,
22500167134,,Shot Chart Detail,22500167,134,1630188,Jalen Smith,1610612741,Chicago Bulls,1,1,57,Missed Shot,Jump Shot,3PT Field Goal,Right Corner 3,Right Side(R),24+ ft.,23,230,-7,1,0,20251104,CHI,PHI,6030,0,1630172|1630188|1630200|1630581|1631207,0,REG,2026,1610612741,,,,,
22500167138,,Shot Chart Detail,22500167,138,1630200,Tre Jones,1610612741,Chicago Bulls,1,1,28,Missed Shot,Driving Floating Jump Shot,2PT Field Goal,In The Paint (Non-RA),Center(C),Less Than 8 ft.,7,-18,68,1,0,20251104,CHI,PHI,6320,0,1630172|1630188|1630200|1630581|1631207,0,REG,2026,1610612741,,,,,
22500167151,,Shot Chart Detail,22500167,151,1630581,Josh Giddey,1610612741,Chicago Bulls,1,0,43,Made Shot,Driving Layup Shot,2PT Field Goal,Restricted Area,Center(C),Less Than 8 ft.,3,-29,19,1,1,20251104,CHI,PHI,6770,0,1630172|1630188|1630200|1630581|1631207,0,REG,2026,1610612741,,,,,
22500167154,,Shot Chart Detail,22500167,154,1631207,Dalen Terry,1610612741,Chicago Bulls,1,0,24,Made Shot,Running Layup Shot,2PT Field Goal,Restricted Area,Center(C),Less Than 8 ft.,0,2,8,1,1,20251104,CHI,PHI,6960,0,1630172|1630188|1630200|1630581|1631207,1,REG,2026,1610612741,,,,,
22500167189,,Shot Chart Detail,22500167,189,1630188,Jalen Smith,1610612741,Chicago Bulls,2,10,33,Made Shot,Jump Shot,3PT Field Goal,Right Corner 3,Right Side(R),24+ ft.,22,223,41,1,1,20251104,CHI,PHI,8070,0,1628989|1630188|1630581|1631207|1641763,1,REG,2026,1610612741,,,,,
22500167195,,Shot Chart Detail,22500167,195,1630581,Josh Giddey,1610612741,Chicago Bulls,2,10,11,Made Shot,Running Finger Roll Layup Shot,2PT Field Goal,Restricted Area,Center(C),Less Than 8 ft.,1,-12,5,1,1,20251104,CHI,PHI,8290,0,1628989|1630188|1630581|1631207|1641763,1,REG,2026,1610612741,,,,,
22500167198,,Shot Chart Detail,22500167,198,1630581,Josh Giddey,1610612741,Chicago Bulls,2,9,40,Missed Shot,Fadeaway Jump Shot,2PT Field Goal,In The Paint (Non-RA),Center(C),8-16 ft.,8,-17,85,1,0,20251104,CHI,PHI,8600,0,1628989|1630188|1630581|1631207|1641763,0,REG,2026,1610612741,,,,,
22500167202,,Shot Chart Detail,22500167,202,1630188,Jalen Smith,1610612741,Chicago Bulls,2,9,24,Made Shot,Jump Shot,3PT Field Goal,Above the Break 3,Left Side Center(LC),24+ ft.,25,-108,229,1,1,20251104,CHI,PHI,8760,0,1628989|1630188|1630581|1631207|1641763,1,REG,2026,1610612741,,,,,
22500167212,,Shot Chart Detail,22500167,212,1628989,Kevin Huerter,1610612741,Chicago Bulls,2,8,57,Missed Shot,Driving Layup Shot,2PT Field Goal,Restricted Area,Center(C),Less Than 8 ft.,1,-17,1,1,0,20251104,CHI,PHI,9030,0,1628989|1630188|1630200|1631207|1641763,0,REG,2026,1610612741,,,,,
22500167223,,Shot Chart Detail,22500167,223,1630200,Tre Jones,1610612741,Chicago Bulls,2,8,24,Missed Shot,Driving Floating Jump Shot,2PT Field Goal,Mid-Range,Left Side(L),8-16 ft.,8,-82,5,1,0,20251104,CHI,PHI,9360,0,1628989|1630188|1630200|1631207|1641763,0,REG,2026,1610612741,,,,,
22500167227,,Shot Chart Detail,22500167,227,1630188,Jalen Smith,1610612741,Chicago Bulls,2,8,21,Missed Shot,Jump Shot,3PT Field Goal,Above the Break 3,Left Side Center(LC),24+ ft.,26,-170,199,1,0,20251104,CHI,PHI,9390,0,1628989|1630188|1630200|1631207|1641763,0,REG,2026,1610612741,,,,,
22500167246,,Shot Chart Detail,22500167,246,1641824,Matas Buzelis,1610612741,Chicago Bulls,2,7,48,Missed Shot,Driving Finger Roll Layup Shot,2PT Field Goal,Restricted Area,Center(C),Less Than 8 ft.,1,-10,14,1,0,20251104,CHI,PHI,9720,0,202696|1630171|1630200|1641763|1641824,0,REG,2026,1610612741,,,,,
22500167250,,Shot Chart Detail,22500167,250,202696,Nikola Vučević,1610612741,Chicago Bulls,2,7,20,Missed Shot,Jump Shot,3PT Field Goal,Above the Break 3,Left Side Center(LC),24+ ft.,23,-207,117,1,0,20251104,CHI,PHI,10000,0,202696|1630171|1630200|1641763|1641824,0,REG,2026,1610612741,,,,,
22500167254,,Shot Chart Detail,22500167,254,1630200,Tre Jones,1610612741,Chicago Bulls,2,7,13,Made Shot,Running Layup Shot,2PT Field Goal,Restricted Area,Center(C),Less Than 8 ft.,1,-13,14,1,1,20251104,CHI,PHI,10070,0,202696|1630171|1630200|1641763|1641824,1,REG,2026,1610612741,,,,,
22500167268,,Shot Chart Detail,22500167,268,202696,Nikola Vučević,1610612741,Chicago Bulls,2,6,33,Missed Shot,Floating Jump shot,2PT Field Goal,In The Paint (Non-RA),Center(C),Less Than 8 ft.,7,-1,75,1,0,20251104,CHI,PHI,10470,0,202696|1630171|1630172|1630200|1641824,0,REG,2026,1610612741,,,,,
22500167274,,Shot Chart Detail,22500167,274,1641824,Matas Buzelis,1610612741,Chicago Bulls,2,5,52,Made Shot,Driving Floating Jump Shot,2PT Field Goal,In The Paint (Non-RA),Center(C),Less Than 8 ft.,5,-12,51,1,1,20251104,CHI,PHI,10880,0,202696|1630171|1630172|1630200|1641824,1,REG,2026,1610612741,,,,,
22500167286,,Shot Chart Detail,22500167,286,1630172,Patrick Williams,1610612741,Chicago Bulls,2,5,18,Missed Shot,Jump Shot,3PT Field Goal,Above the Break 3,Right Side Center(RC),24+ ft.,26,153,213,1,0,20251104,CHI,PHI,11220,0,202696|1630171|1630172|1630581|1641824,0,REG,2026,1610612741,,,,,
22500167291,,Shot Chart Detail,22500167,291,1630581,Josh Giddey,1610612741,Chicago Bulls,2,5,16,Missed Shot,Jump Shot,2PT Field Goal,Mid-Range,Center(C),16-24 ft.,21,33,211,1,0,20251104,CHI,PHI,11240,0,202696|1630171|1630172|1630581|1641824,0,REG,2026,1610612741,,,,,
22500167298,,Shot Chart Detail,22500167,298,1630171,Isaac Okoro,1610612741,Chicago Bulls,2,4,33,Made Shot,Pullup Jump shot,3PT Field Goal,Right Corner 3,Right Side(R),24+ ft.,23,228,58,1,1,20251104,CHI,PHI,11670,0,202696|1630171|1630172|1630581|1641824,1,REG,2026,1610612741,,,,,
22500167302,,Shot Chart Detail,22500167,302,1630172,Patrick Williams,1610612741,Chicago Bulls,2,4,16,Made Shot,Running Dunk Shot,2PT Field Goal,Restricted Area,Center(C),Less Than 8 ft.,0,-2,3,1,1,20251104,CHI,PHI,11840,0,202696|1630171|1630172|1630581|1641824,0,REG,2026,1610612741,,,,,
22500167306,,Shot Chart Detail,22500167,306,1630171,Isaac Okoro,1610612741,Chicago Bulls,2,4,10,Made Shot,Layup Shot,2PT Field Goal,Restricted Area,Center(C),Less Than 8 ft.,1,-9,13,1,1,20251104,CHI,PHI,11900,0,202696|1630171|1630172|1630581|1641824,0,REG,2026,1610612741,,,,,
22500167321,,Shot Chart Detail,22500167,321,202696,Nikola Vučević,1610612741,Chicago Bulls,2,3,22,Missed Shot,Jump Shot,3PT Field Goal,Above the Break 3,Center(C),24+ ft.,25,-11,253,1,0,20251104,CHI,PHI,12380,0,202696|1630171|1630172|1630581|1641824,0,REG,2026,1610612741,,,,,
22500167324,,Shot Chart Detail,22500167,324,1630581,Josh Giddey,1610612741,Chicago Bulls,2,2,52,Made Shot,Driving Layup Shot,2PT Field Goal,Restricted Area,Center(C),Less Than 8 ft.,1,12,5,1,1,20251104,CHI,PHI,12680,0,202696|1630171|1630172|1630581|1641824,0,REG,2026,1610612741,,,,,
22500167337,,Shot Chart Detail,22500167,337,1628989,Kevin Huerter,1610612741,Chicago Bulls,2,2,11,Made Shot,Running Jump Shot,3PT Field Goal,Above the Break 3,Right Side Center(RC),24+ ft.,27,188,197,1,1,20251104,CHI,PHI,13090,0,202696|1628989|1630171|1630172|1630581,1,REG,2026,1610612741,,,,,
22500167341,,Shot Chart Detail,22500167,341,202696,Nikola Vučević,1610612741,Chicago Bulls,2,1,39,Made Shot,Driving Floating Jump Shot,2PT Field Goal,In The Paint (Non-RA),Center(C),Less Than 8 ft.,5,-21,54,1,1,20251104,CHI,PHI,13410,0,202696|1628989|1630171|1630172|1630581,1,REG,2026,1610612741,,,,,
22500167344,,Shot Chart Detail,22500167,344,1630171,Isaac Okoro,1610612741,Chicago Bulls,2,1,15,Missed Shot,Jump Shot,3PT Field Goal,Left Corner 3,Left Side(L),24+ ft.,22,-228,-16,1,0,20251104,CHI,PHI,13650,0,202696|1628989|1630171|1630172|1630581,0,REG,2026,1610612741,,,,,
22500167348,,Shot Chart Detail,22500167,348,1630172,Patrick Williams,1610612741,Chicago Bulls,2,0,45,Missed Shot,Jump Shot,3PT Field Goal,Left Corner 3,Left Side(L),24+ ft.,22,-228,-10,1,0,20251104,CHI,PHI,13950,0,202696|1628989|1630171|1630172|1630581,0,REG,2026,1610612741,,,,,
22500167374,,Shot Chart Detail,22500167,374,1630581,Josh Giddey,1610612741,Chicago Bulls,2,0,0,Missed Shot,Jump Shot,3PT Field Goal,Above the Break 3,Center(C),24+ ft.,25,-36,250,1,0,20251104,CHI,PHI,14400,0,202696|1628989|1630171|1630200|1630581,0,REG,2026,1610612741,,,,,
22500167385,,Shot Chart Detail,22500167,385,1630200,Tre Jones,1610612741,Chicago Bulls,3,11,47,Missed Shot,Driving Layup Shot,2PT Field Goal,Restricted Area,Center(C),Less Than 8 ft.,2,20,7,1,0,20251104,CHI,PHI,14530,0,202696|1630171|1630200|1630581|1641824,0,REG,2026,1610612741,,,,,
22500167395,,Shot Chart Detail,22500167,395,1641824,Matas Buzelis,1610612741,Chicago Bulls,3,10,57,Made Shot,Running Jump Shot,3PT Field Goal,Above the Break 3,Right Side Center(RC),24+ ft.,25,186,172,1,1,20251104,CHI,PHI,15030,0,202696|1630171|1630200|1630581|1641824,1,REG,2026,1610612741,,,,,
22500167403,,Shot Chart Detail,22500167,403,1641824,Matas Buzelis,1610612741,Chicago Bulls,3,10,6,Made Shot,Driving Dunk Shot,2PT Field Goal,Restricted Area,Center(C),Less Than 8 ft.,0,-2,4,1,1,20251104,CHI,PHI,15540,0,202696|1630171|1630200|1630581|1641824,0,REG,2026,1610612741,,,,,
22500167410,,Shot Chart Detail,22500167,410,1641824,Matas Buzelis,1610612741,Chicago Bulls,3,9,19,Missed Shot,Pullup Jump shot,3PT Field Goal,Above the Break 3,Left Side Center(LC),24+ ft.,25,-112,230,1,0,20251104,CHI,PHI,16010,0,202696|1630171|1630200|1630581|1641824,0,REG,2026,1610612741,,,,,
22500167426,,Shot Chart Detail,22500167,426,1630200,Tre Jones,1610612741,Chicago Bulls,3,8,34,Made Shot,Running Layup Shot,2PT Field Goal,Restricted Area,Center(C),Less Than 8 ft.,1,-13,10,1,1,20251104,CHI,PHI,16460,0,202696|1630171|1630200|1630581|1641824,1,REG,2026,1610612741,,,,,
22500167429,,Shot Chart Detail,22500167,429,1630171,Isaac Okoro,1610612741,Chicago Bulls,3,8,3,Missed Shot,Jump Shot,3PT Field Goal,Right Corner 3,Right Side(R),24+ ft.,23,234,13,1,0,20251104,CHI,PHI,16770,0,202696|1630171|1630200|1630581|1641824,0,REG,2026,1610612741,,,,,
22500167436,,Shot Chart Detail,22500167,436,1628989,Kevin Huerter,1610612741,Chicago Bulls,3,7,44,Missed Shot,Cutting Layup Shot,2PT Field Goal,Restricted Area,Center(C),Less Than 8 ft.,2,-15,17,1,0,20251104,CHI,PHI,16960,0,202696|1628989|1630171|1630581|1641824,0,REG,2026,1610612741,,,,,
22500167441,,Shot Chart Detail,22500167,441,1628989,Kevin Huerter,1610612741,Chicago Bulls,3,7,20,Missed Shot,Pullup Jump shot,3PT Field Goal,Above the Break 3,Center(C),24+ ft.,25,-53,249,1,0,20251104,CHI,PHI,17200,0,202696|1628989|1630171|1630581|1641824,0,REG,2026,1610612741,,,,,
22500167450,,Shot Chart Detail,22500167,450,1630581,Josh Giddey,1610612741,Chicago Bulls,3,6,29,Made Shot,Running Jump Shot,3PT Field Goal,Above the Break 3,Left Side Center(LC),24+ ft.,24,-152,195,1,1,20251104,CHI,PHI,17710,0,202696|1628989|1630171|1630581|1641824,1,REG,2026,1610612741,,,,,
22500167453,,Shot Chart Detail,22500167,453,1641824,Matas Buzelis,1610612741,Chicago Bulls,3,5,50,Missed Shot,Driving Finger Roll Layup Shot,2PT Field Goal,Restricted Area,Center(C),Less Than 8 ft.,1,-2,13,1,0,20251104,CHI,PHI,18100,0,202696|1628989|1630171|1630581|1641824,0,REG,2026,1610612741,,,,,
22500167457,,Shot Chart Detail,22500167,457,1630581,Josh Giddey,1610612741,Chicago Bulls,3,5,35,Made Shot,Running Finger Roll Layup Shot,2PT Field Goal,Restricted Area,Center(C),Less Than 8 ft.,0,4,7,1,1,20251104,CHI,PHI,18250,0,202696|1628989|1630171|1630581|1641824,0,REG,2026,1610612741,,,,,
22500167469,,Shot Chart Detail,22500167,469,1630581,Josh Giddey,1610612741,Chicago Bulls,3,5,11,Made Shot,Driving Finger Roll Layup Shot,2PT Field Goal,Restricted Area,Center(C),Less Than 8 ft.,2,23,4,1,1,20251104,CHI,PHI,18490,0,202696|1628989|1630171|1630581|1641824,0,REG,2026,1610612741,,,,,
22500167473,,Shot Chart Detail,22500167,473,1630581,Josh Giddey,1610612741,Chicago Bulls,3,4,41,Missed Shot,Step Back Jump shot,3PT Field Goal,Above the Break 3,Center(C),24+ ft.,25,-20,253,1,0,20251104,CHI,PHI,18790,0,202696|1628989|1630171|1630581|1641824,0,REG,2026,1610612741,,,,,
22500167475,,Shot Chart Detail,22500167,475,202696,Nikola Vučević,1610612741,Chicago Bulls,3,4,37,Made Shot,Tip Layup Shot,2PT Field Goal,Restricted Area,Center(C),Less Than 8 ft.,0,0,0,1,1,20251104,CHI,PHI,18830,0,202696|1628989|1630171|1630581|1641824,0,REG,2026,1610612741,,,,,
22500167487,,Shot Chart Detail,22500167,487,1628989,Kevin Huerter,1610612741,Chicago Bulls,3,3,52,Made Shot,Running Finger Roll Layup Shot,2PT Field Goal,Restricted Area,Center(C),Less Than 8 ft.,0,-9,0,1,1,20251104,CHI,PHI,19280,0,202696|1628989|1630171|1630200|1641824,1,REG,2026,1610612741,,,,,
22500167499,,Shot Chart Detail,22500167,499,1628989,Kevin Huerter,1610612741,Chicago Bulls,3,3,7,Missed Shot,Jump Shot,3PT Field Goal,Above the Break 3,Left Side Center(LC),24+ ft.,26,-151,216,1,0,20251104,CHI,PHI,19730,0,1628989|1630172|1630188|1630200|1631207,0,REG,2026,1610612741,,,,,
22500167501,,Shot Chart Detail,22500167,501,1630172,Patrick Williams,1610612741,Chicago Bulls,3,3,4,Missed Shot,Putback Layup Shot,2PT Field Goal,Restricted Area,Center(C),Less Than 8 ft.,1,-9,7,1,0,20251104,CHI,PHI,19760,0,1628989|1630172|1630188|1630200|1631207,0,REG,2026,1610612741,,,,,
22500167506,,Shot Chart Detail,22500167,506,1628989,Kevin Huerter,1610612741,Chicago Bulls,3,2,46,Missed Shot,Driving Floating Jump Shot,2PT Field Goal,In The Paint (Non-RA),Center(C),Less Than 8 ft.,5,31,43,1,0,20251104,CHI,PHI,19940,0,1628989|1630172|1630188|1630200|1631207,0,REG,2026,1610612741,,,,,
22500167516,,Shot Chart Detail,22500167,516,1628989,Kevin Huerter,1610612741,Chicago Bulls,3,2,25,Missed Shot,Running Jump Shot,3PT Field Goal,Above the Break 3,Left Side Center(LC),24+ ft.,26,-147,215,1,0,20251104,CHI,PHI,20150,0,1628989|1630172|1630188|1630200|1631207,0,REG,2026,1610612741,,,,,
22500167518,,Shot Chart Detail,22500167,518,1630200,Tre Jones,1610612741,Chicago Bulls,3,2,16,Made Shot,Driving Finger Roll Layup Shot,2PT Field Goal,Restricted Area,Center(C),Less Than 8 ft.,0,6,-3,1,1,20251104,CHI,PHI,20240,0,1628989|1630172|1630188|1630200|1631207,0,REG,2026,1610612741,,,,,
22500167532,,Shot Chart Detail,22500167,532,1630200,Tre Jones,1610612741,Chicago Bulls,3,1,19,Missed Shot,Driving Finger Roll Layup Shot,2PT Field Goal,Restricted Area,Center(C),Less Than 8 ft.,1,-13,0,1,0,20251104,CHI,PHI,20810,0,1628989|1630172|1630188|1630200|1631207,0,REG,2026,1610612741,,,,,
22500167537,,Shot Chart Detail,22500167,537,1628989,Kevin Huerter,1610612741,Chicago Bulls,3,1,1,Made Shot,Jump Shot,3PT Field Goal,Right Corner 3,Right Side(R),24+ ft.,24,248,-16,1,1,20251104,CHI,PHI,20990,0,1628989|1630172|1630188|1630200|1631207,1,REG,2026,1610612741,,,,,
22500167542,,Shot Chart Detail,22500167,542,1630200,Tre Jones,1610612741,Chicago Bulls,3,0,36,Missed Shot,Running Layup Shot,2PT Field Goal,Restricted Area,Center(C),Less Than 8 ft.,1,6,17,1,0,20251104,CHI,PHI,21240,0,1628989|1630172|1630188|1630200|1631207,0,REG,2026,1610612741,,,,,
22500167544,,Shot Chart Detail,22500167,544,1628989,Kevin Huerter,1610612741,Chicago Bulls,3,0,34,Made Shot,Putback Layup Shot,2PT Field Goal,Restricted Area,Center(C),Less Than 8 ft.,0,0,0,1,1,20251104,CHI,PHI,21260,0,1628989|1630172|1630188|1630200|1631207,0,REG,2026,1610612741,,,,,
22500167570,,Shot Chart Detail,22500167,570,1641824,Matas Buzelis,1610612741,Chicago Bulls,4,11,14,Made Shot,Running Jump Shot,3PT Field Goal,Left Corner 3,Left Side(L),24+ ft.,23,-229,34,1,1,20251104,CHI,PHI,22060,0,1630172|1630188|1630581|1631207|1641824,1,REG,2026,1610612741,,,,,
22500167574,,Shot Chart Detail,22500167,574,1630188,Jalen Smith,1610612741,Chicago Bulls,4,10,36,Missed Shot,Jump Shot,3PT Field Goal,Right Corner 3,Right Side(R),24+ ft.,24,246,-24,1,0,20251104,CHI,PHI,22440,0,1630172|1630188|1630581|1631207|1641824,0,REG,2026,1610612741,,,,,
22500167582,,Shot Chart Detail,22500167,582,1631207,Dalen Terry,1610612741,Chicago Bulls,4,10,12,Missed Shot,Driving Layup Shot,2PT Field Goal,Restricted Area,Center(C),Less Than 8 ft.,2,21,6,1,0,20251104,CHI,PHI,22680,0,1630172|1630188|1630581|1631207|1641824,0,REG,2026,1610612741,,,,,
22500167586,,Shot Chart Detail,22500167,586,1630188,Jalen Smith,1610612741,Chicago Bulls,4,9,49,Made Shot,Jump Shot,3PT Field Goal,Right Corner 3,Right Side(R),24+ ft.,22,225,-4,1,1,20251104,CHI,PHI,22910,0,1630172|1630188|1630581|1631207|1641824,1,REG,2026,1610612741,,,,,
22500167612,,Shot Chart Detail,22500167,612,1630581,Josh Giddey,1610612741,Chicago Bulls,4,8,11,Missed Shot,Driving Layup Shot,2PT Field Goal,Restricted Area,Center(C),Less Than 8 ft.,3,-27,18,1,0,20251104,CHI,PHI,23890,0,1630171|1630188|1630200|1630581|1641824,0,REG,2026,1610612741,,,,,
22500167615,,Shot Chart Detail,22500167,615,1630171,Isaac Okoro,1610612741,Chicago Bulls,4,8,8,Made Shot,Jump Shot,3PT Field Goal,Right Corner 3,Right Side(R),24+ ft.,23,232,-10,1,1,20251104,CHI,PHI,23920,0,1630171|1630188|1630200|1630581|1641824,1,REG,2026,1610612741,,,,,
22500167628,,Shot Chart Detail,22500167,628,1630581,Josh Giddey,1610612741,Chicago Bulls,4,7,28,Missed Shot,Driving Floating Jump Shot,2PT Field Goal,In The Paint (Non-RA),Center(C),8-16 ft.,8,6,89,1,0,20251104,CHI,PHI,24320,0,1630171|1630188|1630200|1630581|1641824,0,REG,2026,1610612741,,,,,
22500167640,,Shot Chart Detail,22500167,640,1628989,Kevin Huerter,1610612741,Chicago Bulls,4,7,9,Missed Shot,Jump Shot,3PT Field Goal,Above the Break 3,Right Side Center(RC),24+ ft.,26,134,225,1,0,20251104,CHI,PHI,24510,0,202696|1628989|1630171|1630200|1641824,0,REG,2026,1610612741,,,,,
22500167642,,Shot Chart Detail,22500167,642,202696,Nikola Vučević,1610612741,Chicago Bulls,4,6,58,Made Shot,Turnaround Hook Shot,2PT Field Goal,In The Paint (Non-RA),Center(C),Less Than 8 ft.,5,1,58,1,1,20251104,CHI,PHI,24620,0,202696|1628989|1630171|1630200|1641824,1,REG,2026,1610612741,,,,,
22500167648,,Shot Chart Detail,22500167,648,1630200,Tre Jones,1610612741,Chicago Bulls,4,6,4,Made Shot,Driving Layup Shot,2PT Field Goal,Restricted Area,Center(C),Less Than 8 ft.,3,36,10,1,1,20251104,CHI,PHI,25160,0,202696|1628989|1630171|1630200|1641824,0,REG,2026,1610612741,,,,,
22500167667,,Shot Chart Detail,22500167,667,1641824,Matas Buzelis,1610612741,Chicago Bulls,4,4,42,Missed Shot,Driving Finger Roll Layup Shot,2PT Field Goal,Restricted Area,Center(C),Less Than 8 ft.,1,-7,11,1,0,20251104,CHI,PHI,25980,0,202696|1628989|1630171|1630581|1641824,0,REG,2026,1610612741,,,,,
22500167669,,Shot Chart Detail,22500167,669,202696,Nikola Vučević,1610612741,Chicago Bulls,4,4,39,Made Shot,Tip Layup Shot,2PT Field Goal,Restricted Area,Center(C),Less Than 8 ft.,0,0,0,1,1,20251104,CHI,PHI,26010,0,202696|1628989|1630171|1630581|1641824,0,REG,2026,1610612741,,,,,
22500167682,,Shot Chart Detail,22500167,682,202696,Nikola Vučević,1610612741,Chicago Bulls,4,3,29,Missed Shot,Alley Oop Layup shot,2PT Field Goal,Restricted Area,Center(C),Less Than 8 ft.,1,17,2,1,0,20251104,CHI,PHI,26710,0,202696|1628989|1630171|1630581|1641824,0,REG,2026,1610612741,,,,,
22500167691,,Shot Chart Detail,22500167,691,1630581,Josh Giddey,1610612741,Chicago Bulls,4,2,59,Missed Shot,Driving Floating Jump Shot,2PT Field Goal,In The Paint (Non-RA),Center(C),Less Than 8 ft.,5,-10,52,1,0,20251104,CHI,PHI,27010,0,202696|1630171|1630200|1630581|1641824,0,REG,2026,1610612741,,,,,
22500167695,,Shot Chart Detail,22500167,695,1630581,Josh Giddey,1610612741,Chicago Bulls,4,2,39,Made Shot,Running Finger Roll Layup Shot,2PT Field Goal,Restricted Area,Center(C),Less Than 8 ft.,1,-4,12,1,1,20251104,CHI,PHI,27210,0,202696|1630171|1630200|1630581|1641824,1,REG,2026,1610612741,,,,,
22500167700,,Shot Chart Detail,22500167,700,1641824,Matas Buzelis,1610612741,Chicago Bulls,4,2,6,Missed Shot,Running Finger Roll Layup Shot,2PT Field Goal,Restricted Area,Center(C),Less Than 8 ft.,2,17,12,1,0,20251104,CHI,PHI,27540,0,202696|1630171|1630200|1630581|1641824,0,REG,2026,1610612741,,,,,
22500167706,,Shot Chart Detail,22500167,706,1641824,Matas Buzelis,1610612741,Chicago Bulls,4,1,36,Missed Shot,Driving Layup Shot,2PT Field Goal,In The Paint (Non-RA),Center(C),Less Than 8 ft.,4,33,25,1,0,20251104,CHI,PHI,27840,0,202696|1630171|1630200|1630581|1641824,0,REG,2026,1610612741,,,,,
22500167711,,Shot Chart Detail,22500167,711,1630581,Josh Giddey,1610612741,Chicago Bulls,4,1,19,Made Shot,Driving Floating Jump Shot,2PT Field Goal,Restricted Area,Center(C),Less Than 8 ft.,1,0,16,1,1,20251104,CHI,PHI,28010,0,202696|1630171|1630200|1630581|1641824,0,REG,2026,1610612741,,,,,
22500167722,,Shot Chart Detail,22500167,722,202696,Nikola Vučević,1610612741,Chicago Bulls,4,0,3,Made Shot,Jump Shot,3PT Field Goal,Right Corner 3,Right Side(R),24+ ft.,23,235,10,1,1,20251104,CHI,PHI,28770,0,202696|1630171|1630200|1630581|1641824,1,REG,2026,1610612741,,,,,
2250018617,,Shot Chart Detail,22500186,17,1641824,Matas Buzelis,1610612741,Chicago Bulls,1,10,35,Missed Shot,Running Reverse Layup Shot,2PT Field Goal,Restricted Area,Center(C),Less Than 8 ft.,1,6,18,1,0,20251108,CLE,CHI,850,0,202696|1630171|1630200|1630581|1641824,0,REG,2026,1610612741,,,,,
2250018623,,Shot Chart Detail,22500186,23,1630200,Tre Jones,1610612741,Chicago Bulls,1,10,6,Missed Shot,Pullup Jump shot,3PT Field Goal,Above the Break 3,Left Side Center(LC),24+ ft.,26,-175,195,1,0,20251108,CLE,CHI,1140,0,202696|1630171|1630200|1630581|1641824,0,REG,2026,1610612741,,,,,
2250018637,,Shot Chart Detail,22500186,37,202696,Nikola Vučević,1610612741,Chicago Bulls,1,9,34,Missed Shot,Step Back Jump shot,2PT Field Goal,Mid-Range,Left Side(L),16-24 ft.,21,-216,38,1,0,20251108,CLE,CHI,1460,0,202696|1628989|1630171|1630172|1630581,0,REG,2026,1610612741,,,,,
2250018643,,Shot Chart Detail,22500186,43,1630581,Josh Giddey,1610612741,Chicago Bulls,1,9,10,Made Shot,Running Layup Shot,2PT Field Goal,Restricted Area,Center(C),Less Than 8 ft.,0,-9,2,1,1,20251108,CLE,CHI,1700,0,202696|1628989|1630171|1630172|1630581,0,REG,2026,1610612741,,,,,
2250018646,,Shot Chart Detail,22500186,46,1630171,Isaac Okoro,1610612741,Chicago Bulls,1,8,52,Missed Shot,Running Layup Shot,2PT Field Goal,Restricted Area,Center(C),Less Than 8 ft.,1,7,16,1,0,20251108,CLE,CHI,1880,0,202696|1628989|1630171|1630172|1630581,0,REG,2026,1610612741,,,,,
2250018650,,Shot Chart Detail,22500186,50,1630172,Patrick Williams,1610612741,Chicago Bulls,1,8,36,Made Shot,Jump Shot,3PT Field Goal,Right Corner 3,Right Side(R),24+ ft.,24,229,78,1,1,20251108,CLE,CHI,2040,0,202696|1628989|1630171|1630172|1630581,1,REG,2026,1610612741,,,,,
2250018655,,Shot Chart Detail,22500186,55,1630581,Josh Giddey,1610612741,Chicago Bulls,1,8,2,Missed Shot,Pullup Jump shot,2PT Field Goal,Mid-Range,Right Side Center(RC),16-24 ft.,17,64,167,1,0,20251108,CLE,CHI,2380,0,202696|1628989|1630171|1630172|1630581,0,REG,2026,1610612741,,,,,
2250018660,,Shot Chart Detail,22500186,60,1630581,Josh Giddey,1610612741,Chicago Bulls,1,7,38,Made Shot,Driving Layup Shot,2PT Field Goal,Restricted Area,Center(C),Less Than 8 ft.,0,2,1,1,1,20251108,CLE,CHI,2620,0,202696|1628989|1630171|1630172|1630581,0,REG,2026,1610612741,,,,,
2250018680,,Shot Chart Detail,22500186,80,1630171,Isaac Okoro,1610612741,Chicago Bulls,1,6,27,Made Shot,Jump Shot,3PT Field Goal,Above the Break 3,Right Side Center(RC),24+ ft.,25,235,88,1,1,20251108,CLE,CHI,3330,0,202696|1628989|1630171|1630172|1630581,1,REG,2026,1610612741,,,,,
2250018684,,Shot Chart Detail,22500186,84,1630172,Patrick Williams,1610612741,Chicago Bulls,1,6,4,Made Shot,Jump Shot,3PT Field Goal,Above the Break 3,Left Side Center(LC),24+ ft.,28,-162,230,1,1,20251108,CLE,CHI,3560,0,202696|1628989|1630171|1630172|1630581,1,REG,2026,1610612741,,,,,
2250018688,,Shot Chart Detail,22500186,88,202696,Nikola Vučević,1610612741,Chicago Bulls,1,5,44,Made Shot,Running Reverse Layup Shot,2PT Field Goal,Restricted Area,Center(C),Less Than 8 ft.,1,1,10,1,1,20251108,CLE,CHI,3760,0,202696|1628989|1630171|1630172|1630581,1,REG,2026,1610612741,,,,,
22500186102,,Shot Chart Detail,22500186,102,1630172,Patrick Williams,1610612741,Chicago Bulls,1,4,58,Missed Shot,Jump Shot,3PT Field Goal,Above the Break 3,Right Side Center(RC),24+ ft.,28,138,247,1,0,20251108,CLE,CHI,4220,0,202696|1628989|1630172|1630245|1630581,0,REG,2026,1610612741,,,,,
22500186106,,Shot Chart Detail,22500186,106,1630581,Josh Giddey,1610612741,Chicago Bulls,1,4,35,Missed Shot,Driving Floating Jump Shot,2PT Field Goal,Restricted Area,Center(C),Less Than 8 ft.,2,20,12,1,0,20251108,CLE,CHI,4450,0,202696|1628989|1630172|1630245|1630581,0,REG,2026,1610612741,,,,,
22500186135,,Shot Chart Detail,22500186,135,1630188,Jalen Smith,1610612741,Chicago Bulls,1,3,7,Made Shot,Jump Shot,3PT Field Goal,Left Corner 3,Left Side(L),24+ ft.,23,-234,15,1,1,20251108,CLE,CHI,5330,0,1628989|1630188|1630200|1630245|1641824,1,REG,2026,1610612741,,,,,
22500186139,,Shot Chart Detail,22500186,139,1630200,Tre Jones,1610612741,Chicago Bulls,1,2,54,Made Shot,Running Layup Shot,2PT Field Goal,Restricted Area,Center(C),Less Than 8 ft.,0,-1,1,1,1,20251108,CLE,CHI,5460,0,1628989|1630188|1630200|1630245|1641824,1,REG,2026,1610612741,,,,,
22500186147,,Shot Chart Detail,22500186,147,1641824,Matas Buzelis,1610612741,Chicago Bulls,1,2,16,Missed Shot,Driving Layup Shot,2PT Field Goal,Restricted Area,Center(C),Less Than 8 ft.,3,-25,17,1,0,20251108,CLE,CHI,5840,0,1628989|1630188|1630200|1630245|1641824,0,REG,2026,1610612741,,,,,
22500186162,,Shot Chart Detail,22500186,162,1628989,Kevin Huerter,1610612741,Chicago Bulls,1,1,30,Made Shot,Driving Layup Shot,2PT Field Goal,Restricted Area,Center(C),Less Than 8 ft.,0,1,4,1,1,20251108,CLE,CHI,6300,0,1628989|1630188|1630200|1630245|1641824,1,REG,2026,1610612741,,,,,
22500186169,,Shot Chart Detail,22500186,169,1630245,Ayo Dosunmu,1610612741,Chicago Bulls,1,1,5,Made Shot,Driving Layup Shot,2PT Field Goal,Restricted Area,Center(C),Less Than 8 ft.,0,4,6,1,1,20251108,CLE,CHI,6550,0,1628989|1630188|1630200|1630245|1641824,0,REG,2026,1610612741,,,,,
22500186178,,Shot Chart Detail,22500186,178,1641824,Matas Buzelis,1610612741,Chicago Bulls,1,0,19,Made Shot,Driving Layup Shot,2PT Field Goal,Restricted Area,Center(C),Less Than 8 ft.,0,1,1,1,1,20251108,CLE,CHI,7010,0,1628989|1630188|1630200|1630245|1641824,0,REG,2026,1610612741,,,,,
22500186193,,Shot Chart Detail,22500186,193,1630245,Ayo Dosunmu,1610612741,Chicago Bulls,2,11,52,Made Shot,Driving Layup Shot,2PT Field Goal,Restricted Area,Center(C),Less Than 8 ft.,1,7,13,1,1,20251108,CLE,CHI,7280,0,1630172|1630188|1630245|1630581|1641824,0,REG,2026,1610612741,,,,,
22500186211,,Shot Chart Detail,22500186,211,1630245,Ayo Dosunmu,1610612741,Chicago Bulls,2,10,36,Missed Shot,Driving Layup Shot,2PT Field Goal,Restricted Area,Center(C),Less Than 8 ft.,1,-2,17,1,0,20251108,CLE,CHI,8040,0,1630172|1630188|1630245|1630581|1641824,0,REG,2026,1610612741,,,,,
22500186223,,Shot Chart Detail,22500186,223,1630172,Patrick Williams,1610612741,Chicago Bulls,2,9,52,Missed Shot,Turnaround Fadeaway shot,2PT Field Goal,In The Paint (Non-RA),Right Side(R),8-16 ft.,9,50,86,1,0,20251108,CLE,CHI,8480,0,1628989|1630172|1630188|1630581|1641824,0,REG,2026,1610612741,,,,,
22500186240,,Shot Chart Detail,22500186,240,1630581,Josh Giddey,1610612741,Chicago Bulls,2,8,57,Missed Shot,Running Layup Shot,2PT Field Goal,Restricted Area,Center(C),Less Than 8 ft.,3,-26,16,1,0,20251108,CLE,CHI,9030,0,1628989|1630171|1630172|1630188|1630581,0,REG,2026,1610612741,,,,,
22500186243,,Shot Chart Detail,22500186,243,1630581,Josh Giddey,1610612741,Chicago Bulls,2,8,41,Made Shot,Cutting Layup Shot,2PT Field Goal,Restricted Area,Center(C),Less Than 8 ft.,0,-6,-5,1,1,20251108,CLE,CHI,9190,0,1628989|1630171|1630172|1630188|1630581,1,REG,2026,1610612741,,,,,
22500186255,,Shot Chart Detail,22500186,255,1630188,Jalen Smith,1610612741,Chicago Bulls,2,7,46,Made Shot,Jump Shot,3PT Field Goal,Above the Break 3,Right Side Center(RC),24+ ft.,25,100,239,1,1,20251108,CLE,CHI,9740,0,1628989|1630171|1630172|1630188|1630581,1,REG,2026,1610612741,,,,,
22500186266,,Shot Chart Detail,22500186,266,1630188,Jalen Smith,1610612741,Chicago Bulls,2,7,21,Made Shot,Jump Shot,3PT Field Goal,Above the Break 3,Left Side Center(LC),24+ ft.,26,-134,227,1,1,20251108,CLE,CHI,9990,0,1628989|1630171|1630188|1630581|1641763,1,REG,2026,1610612741,,,,,
22500186274,,Shot Chart Detail,22500186,274,1628989,Kevin Huerter,1610612741,Chicago Bulls,2,6,43,Made Shot,Pullup Jump shot,3PT Field Goal,Above the Break 3,Right Side Center(RC),24+ ft.,25,131,223,1,1,20251108,CLE,CHI,10370,0,1628989|1630171|1630188|1630581|1641763,1,REG,2026,1610612741,,,,,
22500186278,,Shot Chart Detail,22500186,278,1628989,Kevin Huerter,1610612741,Chicago Bulls,2,6,10,Missed Shot,Step Back Jump shot,3PT Field Goal,Right Corner 3,Right Side(R),24+ ft.,24,232,76,1,0,20251108,CLE,CHI,10700,0,1628989|1630171|1630188|1630581|1641763,0,REG,2026,1610612741,,,,,
22500186280,,Shot Chart Detail,22500186,280,1630581,Josh Giddey,1610612741,Chicago Bulls,2,5,56,Missed Shot,Driving Floating Jump Shot,2PT Field Goal,Restricted Area,Center(C),Less Than 8 ft.,3,-11,-33,1,0,20251108,CLE,CHI,10840,0,1628989|1630171|1630188|1630581|1641763,0,REG,2026,1610612741,,,,,
22500186282,,Shot Chart Detail,22500186,282,1641763,Julian Phillips,1610612741,Chicago Bulls,2,5,54,Missed Shot,Putback Layup Shot,2PT Field Goal,Restricted Area,Center(C),Less Than 8 ft.,2,-7,20,1,0,20251108,CLE,CHI,10860,0,1628989|1630171|1630188|1630581|1641763,0,REG,2026,1610612741,,,,,
22500186299,,Shot Chart Detail,22500186,299,1630171,Isaac Okoro,1610612741,Chicago Bulls,2,5,10,Made Shot,Jump Shot,3PT Field Goal,Left Corner 3,Left Side(L),24+ ft.,23,-235,31,1,1,20251108,CLE,CHI,11300,0,202696|1630171|1630200|1630245|1641763,1,REG,2026,1610612741,,,,,
22500186303,,Shot Chart Detail,22500186,303,1630245,Ayo Dosunmu,1610612741,Chicago Bulls,2,4,33,Made Shot,Jump Shot,3PT Field Goal,Right Corner 3,Right Side(R),24+ ft.,22,223,41,1,1,20251108,CLE,CHI,11670,0,202696|1630171|1630200|1630245|1641763,1,REG,2026,1610612741,,,,,
22500186307,,Shot Chart Detail,22500186,307,1630245,Ayo Dosunmu,1610612741,Chicago Bulls,2,3,55,Missed Shot,Driving Layup Shot,2PT Field Goal,Restricted Area,Center(C),Less Than 8 ft.,1,9,-10,1,0,20251108,CLE,CHI,12050,0,202696|1630171|1630200|1630245|1641763,0,REG,2026,1610612741,,,,,
22500186321,,Shot Chart Detail,22500186,321,1630171,Isaac Okoro,1610612741,Chicago Bulls,2,3,33,Made Shot,Jump Shot,3PT Field Goal,Above the Break 3,Right Side Center(RC),24+ ft.,25,210,139,1,1,20251108,CLE,CHI,12270,0,202696|1630171|1630200|1630245|1641824,1,REG,2026,1610612741,,,,,
22500186325,,Shot Chart Detail,22500186,325,1630200,Tre Jones,1610612741,Chicago Bulls,2,3,4,Made Shot,Driving Layup Shot,2PT Field Goal,Restricted Area,Center(C),Less Than 8 ft.,0,-4,6,1,1,20251108,CLE,CHI,12560,0,202696|1630171|1630200|1630245|1641824,1,REG,2026,1610612741,,,,,
22500186355,,Shot Chart Detail,22500186,355,1630581,Josh Giddey,1610612741,Chicago Bulls,2,1,34,Made Shot,Layup Shot,2PT Field Goal,Restricted Area,Center(C),Less Than 8 ft.,0,5,2,1,1,20251108,CLE,CHI,13460,0,202696|1630171|1630200|1630581|1641824,0,REG,2026,1610612741,,,,,
22500186361,,Shot Chart Detail,22500186,361,1630581,Josh Giddey,1610612741,Chicago Bulls,2,1,10,Missed Shot,Jump Shot,3PT Field Goal,Above the Break 3,Left Side Center(LC),24+ ft.,27,-233,142,1,0,20251108,CLE,CHI,13700,0,202696|1630171|1630200|1630581|1641824,0,REG,2026,1610612741,,,,,
22500186370,,Shot Chart Detail,22500186,370,202696,Nikola Vučević,1610612741,Chicago Bulls,2,0,46,Made Shot,Turnaround Bank shot,2PT Field Goal,Restricted Area,Center(C),Less Than 8 ft.,1,9,5,1,1,20251108,CLE,CHI,13940,0,202696|1630172|1630200|1630245|1630581,1,REG,2026,1610612741,,,,,
22500186374,,Shot Chart Detail,22500186,374,1630581,Josh Giddey,1610612741,Chicago Bulls,2,0,34,Made Shot,Running Dunk Shot,2PT Field Goal,Restricted Area,Center(C),Less Than 8 ft.,1,16,-3,1,1,20251108,CLE,CHI,14060,0,202696|1630172|1630200|1630245|1630581,1,REG,2026,1610612741,,,,,
22500186381,,Shot Chart Detail,22500186,381,202696,Nikola Vučević,1610612741,Chicago Bulls,2,0,0,Missed Shot,Tip Layup Shot,2PT Field Goal,Restricted Area,Center(C),Less Than 8 ft.,0,7,5,1,0,20251108,CLE,CHI,14400,0,202696|1630172|1630200|1630245|1630581,0,REG,2026,1610612741,,,,,
22500186378,,Shot Chart Detail,22500186,378,202696,Nikola Vučević,1610612741,Chicago Bulls,2,0,0,Missed Shot,Driving Layup Shot,2PT Field Goal,In The Paint (Non-RA),Center(C),Less Than 8 ft.,5,34,42,1,0,20251108,CLE,CHI,14400,0,202696|1630172|1630200|1630245|1630581,0,REG,2026,1610612741,,,,,
22500186391,,Shot Chart Detail,22500186,391,1641824,Matas Buzelis,1610612741,Chicago Bulls,3,11,46,Missed Shot,Jump Shot,3PT Field Goal,Left Corner 3,Left Side(L),24+ ft.,23,-238,21,1,0,20251108,CLE,CHI,14540,0,202696|1630171|1630200|1630581|1641824,0,REG,2026,1610612741,,,,,
22500186394,,Shot Chart Detail,22500186,394,1630581,Josh Giddey,1610612741,Chicago Bulls,3,11,20,Missed Shot,Driving Layup Shot,2PT Field Goal,Restricted Area,Center(C),Less Than 8 ft.,3,-32,11,1,0,20251108,CLE,CHI,14800,0,202696|1630171|1630200|1630581|1641824,0,REG,2026,1610612741,,,,,
22500186396,,Shot Chart Detail,22500186,396,1630581,Josh Giddey,1610612741,Chicago Bulls,3,11,15,Missed Shot,Tip Layup Shot,2PT Field Goal,Restricted Area,Center(C),Less Than 8 ft.,0,0,0,1,0,20251108,CLE,CHI,14850,0,202696|1630171|1630200|1630581|1641824,0,REG,2026,1610612741,,,,,
22500186406,,Shot Chart Detail,22500186,406,1641824,Matas Buzelis,1610612741,Chicago Bulls,3,10,31,Missed Shot,Jump Shot,3PT Field Goal,Right Corner 3,Right Side(R),24+ ft.,23,234,21,1,0,20251108,CLE,CHI,15290,0,202696|1630171|1630200|1630581|1641824,0,REG,2026,1610612741,,,,,
22500186415,,Shot Chart Detail,22500186,415,202696,Nikola Vučević,1610612741,Chicago Bulls,3,10,4,Missed Shot,Jump Shot,3PT Field Goal,Above the Break 3,Right Side Center(RC),24+ ft.,28,137,248,1,0,20251108,CLE,CHI,15560,0,202696|1630171|1630172|1630200|1630581,0,REG,2026,1610612741,,,,,
22500186431,,Shot Chart Detail,22500186,431,202696,Nikola Vučević,1610612741,Chicago Bulls,3,8,57,Made Shot,Running Layup Shot,2PT Field Goal,Restricted Area,Center(C),Less Than 8 ft.,1,-9,17,1,1,20251108,CLE,CHI,16230,0,202696|1630171|1630172|1630245|1630581,1,REG,2026,1610612741,,,,,
22500186437,,Shot Chart Detail,22500186,437,1630245,Ayo Dosunmu,1610612741,Chicago Bulls,3,8,28,Made Shot,Driving Finger Roll Layup Shot,2PT Field Goal,Restricted Area,Center(C),Less Than 8 ft.,0,5,5,1,1,20251108,CLE,CHI,16520,0,202696|1630171|1630172|1630245|1630581,1,REG,2026,1610612741,,,,,
22500186441,,Shot Chart Detail,22500186,441,1630172,Patrick Williams,1610612741,Chicago Bulls,3,7,51,Made Shot,Jump Shot,3PT Field Goal,Above the Break 3,Center(C),24+ ft.,26,-81,256,1,1,20251108,CLE,CHI,16890,0,202696|1630171|1630172|1630245|1630581,1,REG,2026,1610612741,,,,,
22500186464,,Shot Chart Detail,22500186,464,1630171,Isaac Okoro,1610612741,Chicago Bulls,3,6,34,Made Shot,Cutting Layup Shot,2PT Field Goal,Restricted Area,Center(C),Less Than 8 ft.,1,-4,19,1,1,20251108,CLE,CHI,17660,0,202696|1630171|1630172|1630245|1630581,1,REG,2026,1610612741,,,,,
22500186527,,Shot Chart Detail,22500186,527,202696,Nikola Vučević,1610612741,Chicago Bulls,3,5,53,Missed Shot,Floating Jump shot,2PT Field Goal,In The Paint (Non-RA),Center(C),Less Than 8 ft.,4,-12,41,1,0,20251108,CLE,CHI,18070,0,202696|1628989|1630171|1630172|1630245,0,REG,2026,1610612741,,,,,
22500186480,,Shot Chart Detail,22500186,480,1630200,Tre Jones,1610612741,Chicago Bulls,3,5,39,Missed Shot,Jump Shot,3PT Field Goal,Above the Break 3,Right Side Center(RC),24+ ft.,24,130,213,1,0,20251108,CLE,CHI,18210,0,202696|1628989|1630172|1630200|1630245,0,REG,2026,1610612741,,,,,
22500186484,,Shot Chart Detail,22500186,484,1630200,Tre Jones,1610612741,Chicago Bulls,3,5,15,Missed Shot,Running Layup Shot,2PT Field Goal,Restricted Area,Center(C),Less Than 8 ft.,1,-12,3,1,0,20251108,CLE,CHI,18450,0,202696|1628989|1630172|1630200|1630245,0,REG,2026,1610612741,,,,,
22500186486,,Shot Chart Detail,22500186,486,1630245,Ayo Dosunmu,1610612741,Chicago Bulls,3,5,13,Missed Shot,Jump Shot,3PT Field Goal,Above the Break 3,Left Side Center(LC),24+ ft.,25,-224,115,1,0,20251108,CLE,CHI,18470,0,202696|1628989|1630172|1630200|1630245,0,REG,2026,1610612741,,,,,
22500186568,,Shot Chart Detail,22500186,568,1628989,Kevin Huerter,1610612741,Chicago Bulls,3,4,55,Made Shot,Driving Layup Shot,2PT Field Goal,Restricted Area,Center(C),Less Than 8 ft.,1,-7,14,1,1,20251108,CLE,CHI,18650,0,202696|1628989|1630172|1630200|1630245,0,REG,2026,1610612741,,,,,
22500186500,,Shot Chart Detail,22500186,500,1630245,Ayo Dosunmu,1610612741,Chicago Bulls,3,4,27,Missed Shot,Driving Layup Shot,2PT Field Goal,Restricted Area,Center(C),Less Than 8 ft.,1,1,11,1,0,20251108,CLE,CHI,18930,0,1628989|1630172|1630188|1630200|1630245,0,REG,2026,1610612741,,,,,
22500186516,,Shot Chart Detail,22500186,516,1630188,Jalen Smith,1610612741,Chicago Bulls,3,3,41,Made Shot,Dunk Shot,2PT Field Goal,Restricted Area,Center(C),Less Than 8 ft.,0,5,4,1,1,20251108,CLE,CHI,19390,0,1628989|1630172|1630188|1630200|1630245,1,REG,2026,1610612741,,,,,
22500186530,,Shot Chart Detail,22500186,530,1628989,Kevin Huerter,1610612741,Chicago Bulls,3,3,0,Missed Shot,Driving Layup Shot,2PT Field Goal,Restricted Area,Center(C),Less Than 8 ft.,1,-6,15,1,0,20251108,CLE,CHI,19800,0,1628989|1630188|1630200|1630581|1641824,0,REG,2026,1610612741,,,,,
22500186537,,Shot Chart Detail,22500186,537,1630200,Tre Jones,1610612741,Chicago Bulls,3,2,38,Made Shot,Driving Layup Shot,2PT Field Goal,Restricted Area,Center(C),Less Than 8 ft.,1,-2,13,1,1,20251108,CLE,CHI,20020,0,1628989|1630188|1630200|1630581|1641824,0,REG,2026,1610612741,,,,,
22500186539,,Shot Chart Detail,22500186,539,1630581,Josh Giddey,1610612741,Chicago Bulls,3,2,13,Missed Shot,Jump Shot,3PT Field Goal,Above the Break 3,Left Side Center(LC),24+ ft.,24,-134,209,1,0,20251108,CLE,CHI,20270,0,1628989|1630188|1630200|1630581|1641824,0,REG,2026,1610612741,,,,,
22500186543,,Shot Chart Detail,22500186,543,1630581,Josh Giddey,1610612741,Chicago Bulls,3,1,47,Missed Shot,Driving Floating Bank Jump Shot,2PT Field Goal,In The Paint (Non-RA),Center(C),Less Than 8 ft.,5,53,17,1,0,20251108,CLE,CHI,20530,0,1628989|1630188|1630200|1630581|1641824,0,REG,2026,1610612741,,,,,
22500186545,,Shot Chart Detail,22500186,545,1641824,Matas Buzelis,1610612741,Chicago Bulls,3,1,43,Missed Shot,Jump Shot,3PT Field Goal,Above the Break 3,Left Side Center(LC),24+ ft.,26,-237,108,1,0,20251108,CLE,CHI,20570,0,1628989|1630188|1630200|1630581|1641824,0,REG,2026,1610612741,,,,,
22500186558,,Shot Chart Detail,22500186,558,1630200,Tre Jones,1610612741,Chicago Bulls,3,0,55,Missed Shot,Pullup Jump shot,2PT Field Goal,In The Paint (Non-RA),Center(C),Less Than 8 ft.,7,67,31,1,0,20251108,CLE,CHI,21050,0,1628989|1630188|1630200|1630581|1641824,0,REG,2026,1610612741,,,,,
22500186560,,Shot Chart Detail,22500186,560,1630188,Jalen Smith,1610612741,Chicago Bulls,3,0,52,Made Shot,Tip Layup Shot,2PT Field Goal,Restricted Area,Center(C),Less Than 8 ft.,0,0,0,1,1,20251108,CLE,CHI,21080,0,1628989|1630188|1630200|1630581|1641824,0,REG,2026,1610612741,,,,,
22500186563,,Shot Chart Detail,22500186,563,1630188,Jalen Smith,1610612741,Chicago Bulls,3,0,31,Made Shot,Running Jump Shot,3PT Field Goal,Above the Break 3,Left Side Center(LC),24+ ft.,25,-188,177,1,1,20251108,CLE,CHI,21290,0,1628989|1630188|1630200|1630581|1641824,1,REG,2026,1610612741,,,,,
22500186605,,Shot Chart Detail,22500186,605,1630245,Ayo Dosunmu,1610612741,Chicago Bulls,4,10,58,Missed Shot,Driving Finger Roll Layup Shot,2PT Field Goal,Restricted Area,Center(C),Less Than 8 ft.,3,16,30,1,0,20251108,CLE,CHI,22220,0,1628989|1630171|1630188|1630245|1630581,0,REG,2026,1610612741,,,,,
22500186608,,Shot Chart Detail,22500186,608,1630581,Josh Giddey,1610612741,Chicago Bulls,4,10,46,Missed Shot,Driving Floating Jump Shot,2PT Field Goal,In The Paint (Non-RA),Center(C),Less Than 8 ft.,5,7,56,1,0,20251108,CLE,CHI,22340,0,1628989|1630171|1630188|1630245|1630581,0,REG,2026,1610612741,,,,,
22500186613,,Shot Chart Detail,22500186,613,1628989,Kevin Huerter,1610612741,Chicago Bulls,4,10,23,Made Shot,Jump Shot,3PT Field Goal,Right Corner 3,Right Side(R),24+ ft.,23,235,34,1,1,20251108,CLE,CHI,22570,0,1628989|1630171|1630188|1630245|1630581,1,REG,2026,1610612741,,,,,
22500186621,,Shot Chart Detail,22500186,621,1628989,Kevin Huerter,1610612741,Chicago Bulls,4,9,36,Made Shot,Floating Jump shot,2PT Field Goal,Mid-Range,Right Side(R),8-16 ft.,13,131,3,1,1,20251108,CLE,CHI,23040,0,1628989|1630171|1630188|1630245|1630581,1,REG,2026,1610612741,,,,,
22500186629,,Shot Chart Detail,22500186,629,1630581,Josh Giddey,1610612741,Chicago Bulls,4,8,51,Missed Shot,Jump Shot,3PT Field Goal,Above the Break 3,Center(C),24+ ft.,25,-34,253,1,0,20251108,CLE,CHI,23490,0,202696|1628989|1630171|1630245|1630581,0,REG,2026,1610612741,,,,,
22500186638,,Shot Chart Detail,22500186,638,1630581,Josh Giddey,1610612741,Chicago Bulls,4,8,36,Missed Shot,Turnaround Fadeaway shot,2PT Field Goal,Mid-Range,Left Side Center(LC),16-24 ft.,18,-60,174,1,0,20251108,CLE,CHI,23640,0,202696|1630171|1630172|1630245|1630581,0,REG,2026,1610612741,,,,,
22500186648,,Shot Chart Detail,22500186,648,202696,Nikola Vučević,1610612741,Chicago Bulls,4,8,16,Missed Shot,Jump Shot,3PT Field Goal,Above the Break 3,Center(C),24+ ft.,25,-33,257,1,0,20251108,CLE,CHI,23840,0,202696|1630171|1630172|1630200|1630245,0,REG,2026,1610612741,,,,,
22500186660,,Shot Chart Detail,22500186,660,1630245,Ayo Dosunmu,1610612741,Chicago Bulls,4,7,33,Made Shot,Running Finger Roll Layup Shot,2PT Field Goal,Restricted Area,Center(C),Less Than 8 ft.,1,-9,-6,1,1,20251108,CLE,CHI,24270,0,202696|1630171|1630172|1630200|1630245,0,REG,2026,1610612741,,,,,
22500186663,,Shot Chart Detail,22500186,663,1630245,Ayo Dosunmu,1610612741,Chicago Bulls,4,7,12,Missed Shot,Running Layup Shot,2PT Field Goal,Restricted Area,Center(C),Less Than 8 ft.,1,-6,9,1,0,20251108,CLE,CHI,24480,0,202696|1630171|1630172|1630200|1630245,0,REG,2026,1610612741,,,,,
22500186689,,Shot Chart Detail,22500186,689,202696,Nikola Vučević,1610612741,Chicago Bulls,4,5,52,Made Shot,Driving Floating Jump Shot,2PT Field Goal,In The Paint (Non-RA),Center(C),Less Than 8 ft.,6,-61,8,1,1,20251108,CLE,CHI,25280,0,202696|1630171|1630172|1630200|1630245,1,REG,2026,1610612741,,,,,
22500186699,,Shot Chart Detail,22500186,699,202696,Nikola Vučević,1610612741,Chicago Bulls,4,5,5,Missed Shot,Turnaround Jump Shot,2PT Field Goal,Mid-Range,Right Side Center(RC),16-24 ft.,16,70,151,1,0,20251108,CLE,CHI,25750,0,202696|1628989|1630171|1630172|1630200,0,REG,2026,1610612741,,,,,
22500186703,,Shot Chart Detail,22500186,703,1628989,Kevin Huerter,1610612741,Chicago Bulls,4,4,46,Made Shot,Running Finger Roll Layup Shot,2PT Field Goal,Restricted Area,Center(C),Less Than 8 ft.,1,-6,8,1,1,20251108,CLE,CHI,25940,0,202696|1628989|1630171|1630172|1630200,0,REG,2026,1610612741,,,,,
22500186706,,Shot Chart Detail,22500186,706,1628989,Kevin Huerter,1610612741,Chicago Bulls,4,4,1,Missed Shot,Turnaround Fadeaway shot,2PT Field Goal,In The Paint (Non-RA),Center(C),8-16 ft.,13,53,129,1,0,20251108,CLE,CHI,26390,0,202696|1628989|1630171|1630172|1630200,0,REG,2026,1610612741,,,,,
22500186709,,Shot Chart Detail,22500186,709,1630171,Isaac Okoro,1610612741,Chicago Bulls,4,3,30,Made Shot,Cutting Layup Shot,2PT Field Goal,Restricted Area,Center(C),Less Than 8 ft.,0,-2,8,1,1,20251108,CLE,CHI,26700,0,202696|1628989|1630171|1630172|1630200,1,REG,2026,1610612741,,,,,
22500186741,,Shot Chart Detail,22500186,741,1630581,Josh Giddey,1610612741,Chicago Bulls,4,1,21,Missed Shot,Driving Layup Shot,2PT Field Goal,Restricted Area,Center(C),Less Than 8 ft.,0,-2,4,1,0,20251108,CLE,CHI,27990,0,202696|1628989|1630171|1630200|1630581,0,REG,2026,1610612741,,,,,
22500186745,,Shot Chart Detail,22500186,745,1630171,Isaac Okoro,1610612741,Chicago Bulls,4,0,49,Missed Shot,Jump Shot,3PT Field Goal,Above the Break 3,Left Side Center(LC),24+ ft.,24,-211,126,1,0,20251108,CLE,CHI,28310,0,202696|1628989|1630171|1630200|1630581,0,REG,2026,1610612741,,,,,
22500186752,,Shot Chart Detail,22500186,752,1630200,Tre Jones,1610612741,Chicago Bulls,4,0,12,Missed Shot,Pullup Jump shot,2PT Field Goal,In The Paint (Non-RA),Center(C),Less Than 8 ft.,7,-66,30,1,0,20251108,CLE,CHI,28680,0,202696|1628989|1630171|1630200|1630581,0,REG,2026,1610612741,,,,,
22500186760,,Shot Chart Detail,22500186,760,1628989,Kevin Huerter,1610612741,Chicago Bulls,4,0,7,Missed Shot,Jump Shot,3PT Field Goal,Above the Break 3,Center(C),24+ ft.,26,40,257,1,0,20251108,CLE,CHI,28730,0,202696|1628989|1630171|1630200|1630581,0,REG,2026,1610612741,,,,,
22500186766,,Shot Chart Detail,22500186,766,1630200,Tre Jones,1610612741,Chicago Bulls,4,0,0,Missed Shot,Floating Jump shot,3PT Field Goal,Above the Break 3,Left Side Center(LC),24+ ft.,25,-126,221,1,0,20251108,CLE,CHI,28800,0,202696|1628989|1630171|1630200|1630581,0,REG,2026,1610612741,,,,,
2250020215,,Shot Chart Detail,22500202,15,1628989,Kevin Huerter,1610612741,Chicago Bulls,1,11,11,Missed Shot,Jump Shot,3PT Field Goal,Above the Break 3,Left Side Center(LC),24+ ft.,25,-83,237,1,0,20251110,CHI,SAS,490,0,202696|1628989|1630171|1630200|1641824,0,REG,2026,1610612741,,,,,
2250020219,,Shot Chart Detail,22500202,19,1630200,Tre Jones,1610612741,Chicago Bulls,1,10,35,Made Shot,Driving Finger Roll Layup Shot,2PT Field Goal,Restricted Area,Center(C),Less Than 8 ft.,0,9,1,1,1,20251110,CHI,SAS,850,0,202696|1628989|1630171|1630200|1641824,0,REG,2026,1610612741,,,,,
2250020222,,Shot Chart Detail,22500202,22,1641824,Matas Buzelis,1610612741,Chicago Bulls,1,10,20,Made Shot,Driving Layup Shot,2PT Field Goal,Restricted Area,Center(C),Less Than 8 ft.,1,13,-2,1,1,20251110,CHI,SAS,1000,0,202696|1628989|1630171|1630200|1641824,0,REG,2026,1610612741,,,,,
2250020224,,Shot Chart Detail,22500202,24,1630171,Isaac Okoro,1610612741,Chicago Bulls,1,9,55,Missed Shot,Jump Shot,3PT Field Goal,Left Corner 3,Left Side(L),24+ ft.,23,-233,-32,1,0,20251110,CHI,SAS,1250,0,202696|1628989|1630171|1630200|1641824,0,REG,2026,1610612741,,,,,
2250020236,,Shot Chart Detail,22500202,36,1630200,Tre Jones,1610612741,Chicago Bulls,1,9,12,Made Shot,Cutting Layup Shot,2PT Field Goal,Restricted Area,Center(C),Less Than 8 ft.,1,-10,-2,1,1,20251110,CHI,SAS,1680,0,202696|1628989|1630171|1630200|1641824,1,REG,2026,1610612741,,,,,
2250020243,,Shot Chart Detail,22500202,43,1630200,Tre Jones,1610612741,Chicago Bulls,1,8,33,Missed Shot,Driving Floating Bank Jump Shot,2PT Field Goal,Mid-Range,Right Side(R),8-16 ft.,9,89,43,1,0,20251110,CHI,SAS,2070,0,202696|1628989|1630171|1630200|1641824,0,REG,2026,1610612741,,,,,
2250020247,,Shot Chart Detail,22500202,47,1628989,Kevin Huerter,1610612741,Chicago Bulls,1,8,4,Made Shot,Cutting Layup Shot,2PT Field Goal,Restricted Area,Center(C),Less Than 8 ft.,1,-15,-8,1,1,20251110,CHI,SAS,2360,0,202696|1628989|1630171|1630200|1641824,1,REG,2026,1610612741,,,,,
2250020250,,Shot Chart Detail,22500202,50,1641824,Matas Buzelis,1610612741,Chicago Bulls,1,7,32,Missed Shot,Driving Floating Jump Shot,2PT Field Goal,Restricted Area,Center(C),Less Than 8 ft.,3,-39,6,1,0,20251110,CHI,SAS,2680,0,202696|1628989|1630171|1630200|1641824,0,REG,2026,1610612741,,,,,
2250020259,,Shot Chart Detail,22500202,59,202696,Nikola Vučević,1610612741,Chicago Bulls,1,7,17,Made Shot,Jump Shot,3PT Field Goal,Above the Break 3,Center(C),24+ ft.,25,-50,245,1,1,20251110,CHI,SAS,2830,0,202696|1628989|1630171|1630245|1641824,1,REG,2026,1610612741,,,,,
2250020263,,Shot Chart Detail,22500202,63,1630245,Ayo Dosunmu,1610612741,Chicago Bulls,1,6,43,Missed Shot,Driving Floating Jump Shot,2PT Field Goal,In The Paint (Non-RA),Center(C),Less Than 8 ft.,6,-12,64,1,0,20251110,CHI,SAS,3170,0,202696|1628989|1630171|1630245|1641824,0,REG,2026,1610612741,,,,,
2250020282,,Shot Chart Detail,22500202,82,1628989,Kevin Huerter,1610612741,Chicago Bulls,1,6,4,Missed Shot,Pullup Jump shot,3PT Field Goal,Above the Break 3,Right Side Center(RC),24+ ft.,24,158,185,1,0,20251110,CHI,SAS,3560,0,202696|1628989|1630171|1630172|1630245,0,REG,2026,1610612741,,,,,
2250020286,,Shot Chart Detail,22500202,86,1630172,Patrick Williams,1610612741,Chicago Bulls,1,5,33,Made Shot,Jump Shot,3PT Field Goal,Left Corner 3,Left Side(L),24+ ft.,22,-225,-28,1,1,20251110,CHI,SAS,3870,0,202696|1628989|1630171|1630172|1630245,1,REG,2026,1610612741,,,,,
22500202103,,Shot Chart Detail,22500202,103,1630200,Tre Jones,1610612741,Chicago Bulls,1,4,32,Missed Shot,Jump Shot,3PT Field Goal,Above the Break 3,Right Side Center(RC),24+ ft.,24,135,205,1,0,20251110,CHI,SAS,4480,0,202696|1630172|1630200|1630245|1641824,0,REG,2026,1610612741,,,,,
22500202108,,Shot Chart Detail,22500202,108,202696,Nikola Vučević,1610612741,Chicago Bulls,1,4,10,Missed Shot,Driving Layup Shot,2PT Field Goal,Restricted Area,Center(C),Less Than 8 ft.,0,7,-2,1,0,20251110,CHI,SAS,4700,0,202696|1630172|1630200|1630245|1641824,0,REG,2026,1610612741,,,,,
22500202113,,Shot Chart Detail,22500202,113,1630200,Tre Jones,1610612741,Chicago Bulls,1,3,54,Missed Shot,Jump Shot,3PT Field Goal,Above the Break 3,Right Side Center(RC),24+ ft.,25,96,231,1,0,20251110,CHI,SAS,4860,0,202696|1630172|1630200|1630245|1641824,0,REG,2026,1610612741,,,,,
22500202135,,Shot Chart Detail,22500202,135,1630172,Patrick Williams,1610612741,Chicago Bulls,1,2,34,Missed Shot,Fadeaway Bank shot,2PT Field Goal,In The Paint (Non-RA),Center(C),Less Than 8 ft.,7,-65,26,1,0,20251110,CHI,SAS,5660,0,1630172|1630188|1630200|1630245|1641824,0,REG,2026,1610612741,,,,,
22500202137,,Shot Chart Detail,22500202,137,1630188,Jalen Smith,1610612741,Chicago Bulls,1,2,30,Made Shot,Putback Layup Shot,2PT Field Goal,Restricted Area,Center(C),Less Than 8 ft.,0,0,0,1,1,20251110,CHI,SAS,5700,0,1630172|1630188|1630200|1630245|1641824,0,REG,2026,1610612741,,,,,
22500202140,,Shot Chart Detail,22500202,140,1641824,Matas Buzelis,1610612741,Chicago Bulls,1,2,12,Missed Shot,Running Jump Shot,3PT Field Goal,Left Corner 3,Left Side(L),24+ ft.,22,-225,-23,1,0,20251110,CHI,SAS,5880,0,1630172|1630188|1630200|1630245|1641824,0,REG,2026,1610612741,,,,,
22500202148,,Shot Chart Detail,22500202,148,1630200,Tre Jones,1610612741,Chicago Bulls,1,1,23,Made Shot,Driving Finger Roll Layup Shot,2PT Field Goal,Restricted Area,Center(C),Less Than 8 ft.,0,2,8,1,1,20251110,CHI,SAS,6370,0,1630172|1630188|1630200|1630245|1641824,0,REG,2026,1610612741,,,,,
22500202158,,Shot Chart Detail,22500202,158,1630188,Jalen Smith,1610612741,Chicago Bulls,1,1,5,Missed Shot,Jump Shot,3PT Field Goal,Above the Break 3,Left Side Center(LC),24+ ft.,24,-178,166,1,0,20251110,CHI,SAS,6550,0,1628975|1630172|1630188|1630200|1641763,0,REG,2026,1610612741,,,,,
22500202161,,Shot Chart Detail,22500202,161,1630200,Tre Jones,1610612741,Chicago Bulls,1,0,33,Made Shot,Driving Floating Bank Jump Shot,2PT Field Goal,In The Paint (Non-RA),Center(C),Less Than 8 ft.,4,42,13,1,1,20251110,CHI,SAS,6870,0,1628975|1630172|1630188|1630200|1641763,0,REG,2026,1610612741,,,,,
22500202165,,Shot Chart Detail,22500202,165,1641763,Julian Phillips,1610612741,Chicago Bulls,1,0,1,Missed Shot,Jump Shot,3PT Field Goal,Left Corner 3,Left Side(L),24+ ft.,23,-234,-22,1,0,20251110,CHI,SAS,7190,0,1628975|1630172|1630188|1630200|1641763,0,REG,2026,1610612741,,,,,
22500202179,,Shot Chart Detail,22500202,179,1630245,Ayo Dosunmu,1610612741,Chicago Bulls,2,11,34,Missed Shot,Driving Floating Jump Shot,2PT Field Goal,In The Paint (Non-RA),Center(C),8-16 ft.,11,40,104,1,0,20251110,CHI,SAS,7460,0,1628975|1630172|1630188|1630245|1641763,0,REG,2026,1610612741,,,,,
22500202181,,Shot Chart Detail,22500202,181,1630188,Jalen Smith,1610612741,Chicago Bulls,2,11,31,Missed Shot,Tip Layup Shot,2PT Field Goal,Restricted Area,Center(C),Less Than 8 ft.,0,0,0,1,0,20251110,CHI,SAS,7490,0,1628975|1630172|1630188|1630245|1641763,0,REG,2026,1610612741,,,,,
22500202185,,Shot Chart Detail,22500202,185,1630172,Patrick Williams,1610612741,Chicago Bulls,2,10,59,Made Shot,Step Back Jump shot,2PT Field Goal,Mid-Range,Left Side(L),8-16 ft.,14,-141,-8,1,1,20251110,CHI,SAS,7810,0,1628975|1630172|1630188|1630245|1641763,0,REG,2026,1610612741,,,,,
22500202195,,Shot Chart Detail,22500202,195,1630188,Jalen Smith,1610612741,Chicago Bulls,2,9,40,Missed Shot,Driving Floating Jump Shot,2PT Field Goal,Restricted Area,Center(C),Less Than 8 ft.,3,28,27,1,0,20251110,CHI,SAS,8600,0,1628975|1630171|1630188|1630245|1641763,0,REG,2026,1610612741,,,,,
22500202198,,Shot Chart Detail,22500202,198,1630188,Jalen Smith,1610612741,Chicago Bulls,2,9,36,Made Shot,Putback Layup Shot,2PT Field Goal,Restricted Area,Center(C),Less Than 8 ft.,0,-2,5,1,1,20251110,CHI,SAS,8640,0,1628975|1630171|1630188|1630245|1641763,0,REG,2026,1610612741,,,,,
22500202206,,Shot Chart Detail,22500202,206,1630245,Ayo Dosunmu,1610612741,Chicago Bulls,2,9,3,Made Shot,Jump Shot,3PT Field Goal,Right Corner 3,Right Side(R),24+ ft.,22,224,-20,1,1,20251110,CHI,SAS,8970,0,1628975|1628989|1630171|1630188|1630245,1,REG,2026,1610612741,,,,,
22500202210,,Shot Chart Detail,22500202,210,1630188,Jalen Smith,1610612741,Chicago Bulls,2,8,39,Missed Shot,Jump Shot,3PT Field Goal,Above the Break 3,Right Side Center(RC),24+ ft.,25,138,210,1,0,20251110,CHI,SAS,9210,0,1628975|1628989|1630171|1630188|1630245,0,REG,2026,1610612741,,,,,
22500202214,,Shot Chart Detail,22500202,214,1630245,Ayo Dosunmu,1610612741,Chicago Bulls,2,8,22,Made Shot,Running Layup Shot,2PT Field Goal,Restricted Area,Center(C),Less Than 8 ft.,1,13,0,1,1,20251110,CHI,SAS,9380,0,1628975|1628989|1630171|1630188|1630245,0,REG,2026,1610612741,,,,,
22500202225,,Shot Chart Detail,22500202,225,1628989,Kevin Huerter,1610612741,Chicago Bulls,2,8,1,Made Shot,Jump Shot,3PT Field Goal,Above the Break 3,Center(C),24+ ft.,24,-25,243,1,1,20251110,CHI,SAS,9590,0,1628975|1628989|1630171|1630188|1630245,1,REG,2026,1610612741,,,,,
22500202231,,Shot Chart Detail,22500202,231,1628975,Jevon Carter,1610612741,Chicago Bulls,2,7,25,Made Shot,Jump Shot,3PT Field Goal,Right Corner 3,Right Side(R),24+ ft.,23,224,83,1,1,20251110,CHI,SAS,9950,0,1628975|1628989|1630171|1630188|1630245,1,REG,2026,1610612741,,,,,
22500202241,,Shot Chart Detail,22500202,241,1628975,Jevon Carter,1610612741,Chicago Bulls,2,6,46,Made Shot,Jump Shot,3PT Field Goal,Left Corner 3,Left Side(L),24+ ft.,23,-233,-20,1,1,20251110,CHI,SAS,10340,0,1628975|1628989|1630171|1630188|1630245,1,REG,2026,1610612741,,,,,
22500202245,,Shot Chart Detail,22500202,245,1628975,Jevon Carter,1610612741,Chicago Bulls,2,6,17,Missed Shot,Jump Shot,3PT Field Goal,Left Corner 3,Left Side(L),24+ ft.,23,-229,42,1,0,20251110,CHI,SAS,10630,0,1628975|1628989|1630171|1630188|1630245,0,REG,2026,1610612741,,,,,
22500202249,,Shot Chart Detail,22500202,249,1628989,Kevin Huerter,1610612741,Chicago Bulls,2,5,56,Missed Shot,Driving Floating Jump Shot,2PT Field Goal,In The Paint (Non-RA),Center(C),Less Than 8 ft.,6,13,66,1,0,20251110,CHI,SAS,10840,0,1628975|1628989|1630171|1630188|1630245,0,REG,2026,1610612741,,,,,
22500202254,,Shot Chart Detail,22500202,254,1630188,Jalen Smith,1610612741,Chicago Bulls,2,5,32,Made Shot,Cutting Dunk Shot,2PT Field Goal,Restricted Area,Center(C),Less Than 8 ft.,0,0,5,1,1,20251110,CHI,SAS,11080,0,1628975|1628989|1630171|1630188|1630245,1,REG,2026,1610612741,,,,,
22500202258,,Shot Chart Detail,22500202,258,1630188,Jalen Smith,1610612741,Chicago Bulls,2,5,7,Made Shot,Jump Shot,3PT Field Goal,Above the Break 3,Center(C),24+ ft.,25,58,252,1,1,20251110,CHI,SAS,11330,0,1628975|1628989|1630171|1630188|1630245,1,REG,2026,1610612741,,,,,
22500202290,,Shot Chart Detail,22500202,290,1630171,Isaac Okoro,1610612741,Chicago Bulls,2,4,7,Missed Shot,Jump Shot,3PT Field Goal,Right Corner 3,Right Side(R),24+ ft.,24,244,10,1,0,20251110,CHI,SAS,11930,0,202696|1630171|1630200|1631207|1641824,0,REG,2026,1610612741,,,,,
22500202297,,Shot Chart Detail,22500202,297,202696,Nikola Vučević,1610612741,Chicago Bulls,2,3,45,Missed Shot,Jump Shot,2PT Field Goal,Mid-Range,Center(C),16-24 ft.,20,-17,209,1,0,20251110,CHI,SAS,12150,0,202696|1630172|1630200|1631207|1641824,0,REG,2026,1610612741,,,,,
22500202311,,Shot Chart Detail,22500202,311,1631207,Dalen Terry,1610612741,Chicago Bulls,2,3,8,Made Shot,Running Dunk Shot,2PT Field Goal,Restricted Area,Center(C),Less Than 8 ft.,0,6,6,1,1,20251110,CHI,SAS,12520,0,202696|1630172|1630200|1631207|1641824,1,REG,2026,1610612741,,,,,
22500202326,,Shot Chart Detail,22500202,326,1630200,Tre Jones,1610612741,Chicago Bulls,2,2,26,Missed Shot,Driving Layup Shot,2PT Field Goal,Restricted Area,Center(C),Less Than 8 ft.,1,11,11,1,0,20251110,CHI,SAS,12940,0,202696|1628989|1630172|1630200|1630245,0,REG,2026,1610612741,,,,,
22500202331,,Shot Chart Detail,22500202,331,202696,Nikola Vučević,1610612741,Chicago Bulls,2,2,6,Made Shot,Jump Shot,3PT Field Goal,Above the Break 3,Center(C),24+ ft.,26,12,261,1,1,20251110,CHI,SAS,13140,0,202696|1628989|1630172|1630200|1630245,1,REG,2026,1610612741,,,,,
22500202334,,Shot Chart Detail,22500202,334,202696,Nikola Vučević,1610612741,Chicago Bulls,2,1,43,Made Shot,Floating Jump shot,2PT Field Goal,In The Paint (Non-RA),Center(C),Less Than 8 ft.,6,-32,58,1,1,20251110,CHI,SAS,13370,0,202696|1628989|1630172|1630200|1630245,1,REG,2026,1610612741,,,,,
22500202346,,Shot Chart Detail,22500202,346,202696,Nikola Vučević,1610612741,Chicago Bulls,2,0,46,Missed Shot,Floating Jump shot,2PT Field Goal,In The Paint (Non-RA),Center(C),Less Than 8 ft.,7,12,73,1,0,20251110,CHI,SAS,13940,0,202696|1628989|1630172|1630200|1630245,0,REG,2026,1610612741,,,,,
22500202351,,Shot Chart Detail,22500202,351,1630172,Patrick Williams,1610612741,Chicago Bulls,2,0,38,Missed Shot,Jump Shot,3PT Field Goal,Above the Break 3,Left Side Center(LC),24+ ft.,26,-165,206,1,0,20251110,CHI,SAS,14020,0,202696|1628989|1630172|1630200|1630245,0,REG,2026,1610612741,,,,,
22500202353,,Shot Chart Detail,22500202,353,1628989,Kevin Huerter,1610612741,Chicago Bulls,2,0,37,Made Shot,Putback Layup Shot,2PT Field Goal,Restricted Area,Center(C),Less Than 8 ft.,0,0,0,1,1,20251110,CHI,SAS,14030,0,202696|1628989|1630172|1630200|1630245,0,REG,2026,1610612741,,,,,
22500202356,,Shot Chart Detail,22500202,356,202696,Nikola Vučević,1610612741,Chicago Bulls,2,0,15,Missed Shot,Jump Shot,3PT Field Goal,Above the Break 3,Center(C),24+ ft.,27,-56,266,1,0,20251110,CHI,SAS,14250,0,202696|1628989|1630172|1630200|1630245,0,REG,2026,1610612741,,,,,
22500202373,,Shot Chart Detail,22500202,373,202696,Nikola Vučević,1610612741,Chicago Bulls,3,11,20,Missed Shot,Jump Shot,3PT Field Goal,Above the Break 3,Center(C),24+ ft.,26,6,263,1,0,20251110,CHI,SAS,14800,0,202696|1628989|1630171|1630200|1641824,0,REG,2026,1610612741,,,,,
22500202377,,Shot Chart Detail,22500202,377,1641824,Matas Buzelis,1610612741,Chicago Bulls,3,10,59,Made Shot,Pullup Jump shot,2PT Field Goal,Mid-Range,Center(C),16-24 ft.,18,18,183,1,1,20251110,CHI,SAS,15010,0,202696|1628989|1630171|1630200|1641824,1,REG,2026,1610612741,,,,,
22500202382,,Shot Chart Detail,22500202,382,1628989,Kevin Huerter,1610612741,Chicago Bulls,3,10,33,Made Shot,Driving Layup Shot,2PT Field Goal,Restricted Area,Center(C),Less Than 8 ft.,1,17,-3,1,1,20251110,CHI,SAS,15270,0,202696|1628989|1630171|1630200|1641824,1,REG,2026,1610612741,,,,,
22500202396,,Shot Chart Detail,22500202,396,1630200,Tre Jones,1610612741,Chicago Bulls,3,9,37,Made Shot,Driving Layup Shot,2PT Field Goal,Restricted Area,Center(C),Less Than 8 ft.,2,26,12,1,1,20251110,CHI,SAS,15830,0,202696|1628989|1630171|1630200|1641824,1,REG,2026,1610612741,,,,,
22500202400,,Shot Chart Detail,22500202,400,1641824,Matas Buzelis,1610612741,Chicago Bulls,3,9,9,Made Shot,Driving Reverse Layup Shot,2PT Field Goal,Restricted Area,Center(C),Less Than 8 ft.,0,5,2,1,1,20251110,CHI,SAS,16110,0,202696|1628989|1630171|1630200|1641824,0,REG,2026,1610612741,,,,,
22500202408,,Shot Chart Detail,22500202,408,202696,Nikola Vučević,1610612741,Chicago Bulls,3,8,34,Missed Shot,Driving Hook Shot,2PT Field Goal,Restricted Area,Center(C),Less Than 8 ft.,2,6,23,1,0,20251110,CHI,SAS,16460,0,202696|1628989|1630172|1630200|1641824,0,REG,2026,1610612741,,,,,
22500202415,,Shot Chart Detail,22500202,415,202696,Nikola Vučević,1610612741,Chicago Bulls,3,8,28,Missed Shot,Turnaround Fadeaway shot,2PT Field Goal,Mid-Range,Right Side(R),16-24 ft.,17,161,71,1,0,20251110,CHI,SAS,16520,0,202696|1628989|1630172|1630245|1641824,0,REG,2026,1610612741,,,,,
22500202425,,Shot Chart Detail,22500202,425,202696,Nikola Vučević,1610612741,Chicago Bulls,3,7,34,Made Shot,Jump Shot,3PT Field Goal,Above the Break 3,Center(C),24+ ft.,25,-33,257,1,1,20251110,CHI,SAS,17060,0,202696|1628989|1630172|1630245|1641824,1,REG,2026,1610612741,,,,,
22500202428,,Shot Chart Detail,22500202,428,1630245,Ayo Dosunmu,1610612741,Chicago Bulls,3,7,10,Made Shot,Jump Shot,3PT Field Goal,Above the Break 3,Left Side Center(LC),24+ ft.,26,-132,226,1,1,20251110,CHI,SAS,17300,0,202696|1628989|1630172|1630245|1641824,1,REG,2026,1610612741,,,,,
22500202433,,Shot Chart Detail,22500202,433,202696,Nikola Vučević,1610612741,Chicago Bulls,3,6,45,Missed Shot,Cutting Layup Shot,2PT Field Goal,Restricted Area,Center(C),Less Than 8 ft.,2,-4,28,1,0,20251110,CHI,SAS,17550,0,202696|1628989|1630172|1630245|1641824,0,REG,2026,1610612741,,,,,
22500202446,,Shot Chart Detail,22500202,446,1641824,Matas Buzelis,1610612741,Chicago Bulls,3,6,5,Missed Shot,Driving Layup Shot,2PT Field Goal,Restricted Area,Center(C),Less Than 8 ft.,1,18,2,1,0,20251110,CHI,SAS,17950,0,202696|1628989|1630172|1630245|1641824,0,REG,2026,1610612741,,,,,
22500202449,,Shot Chart Detail,22500202,449,202696,Nikola Vučević,1610612741,Chicago Bulls,3,5,38,Missed Shot,Turnaround Hook Shot,2PT Field Goal,In The Paint (Non-RA),Center(C),Less Than 8 ft.,6,33,58,1,0,20251110,CHI,SAS,18220,0,202696|1628989|1630172|1630245|1641824,0,REG,2026,1610612741,,,,,
22500202454,,Shot Chart Detail,22500202,454,1641824,Matas Buzelis,1610612741,Chicago Bulls,3,5,22,Made Shot,Running Jump Shot,3PT Field Goal,Above the Break 3,Center(C),24+ ft.,26,-34,258,1,1,20251110,CHI,SAS,18380,0,202696|1628989|1630172|1630245|1641824,1,REG,2026,1610612741,,,,,
22500202458,,Shot Chart Detail,22500202,458,1628989,Kevin Huerter,1610612741,Chicago Bulls,3,4,41,Made Shot,Cutting Layup Shot,2PT Field Goal,Restricted Area,Center(C),Less Than 8 ft.,0,-1,5,1,1,20251110,CHI,SAS,18790,0,202696|1628989|1630172|1630245|1641824,1,REG,2026,1610612741,,,,,
22500202483,,Shot Chart Detail,22500202,483,1630200,Tre Jones,1610612741,Chicago Bulls,3,3,5,Missed Shot,Driving Finger Roll Layup Shot,2PT Field Goal,Restricted Area,Center(C),Less Than 8 ft.,1,-16,4,1,0,20251110,CHI,SAS,19750,0,1630172|1630188|1630200|1630245|1641763,0,REG,2026,1610612741,,,,,
22500202493,,Shot Chart Detail,22500202,493,1630245,Ayo Dosunmu,1610612741,Chicago Bulls,3,2,29,Made Shot,Pullup Jump shot,2PT Field Goal,Mid-Range,Left Side(L),16-24 ft.,17,-169,54,1,1,20251110,CHI,SAS,20110,0,1630172|1630188|1630200|1630245|1641763,1,REG,2026,1610612741,,,,,
22500202497,,Shot Chart Detail,22500202,497,1630188,Jalen Smith,1610612741,Chicago Bulls,3,1,51,Made Shot,Driving Finger Roll Layup Shot,2PT Field Goal,Restricted Area,Center(C),Less Than 8 ft.,3,32,-3,1,1,20251110,CHI,SAS,20490,0,1630172|1630188|1630200|1630245|1641763,0,REG,2026,1610612741,,,,,
22500202501,,Shot Chart Detail,22500202,501,1630200,Tre Jones,1610612741,Chicago Bulls,3,1,15,Made Shot,Driving Reverse Layup Shot,2PT Field Goal,Restricted Area,Center(C),Less Than 8 ft.,0,-9,-1,1,1,20251110,CHI,SAS,20850,0,1630172|1630188|1630200|1630245|1641763,0,REG,2026,1610612741,,,,,
22500202509,,Shot Chart Detail,22500202,509,1630245,Ayo Dosunmu,1610612741,Chicago Bulls,3,0,35,Missed Shot,Jump Shot,3PT Field Goal,Above the Break 3,Left Side Center(LC),24+ ft.,25,-105,232,1,0,20251110,CHI,SAS,21250,0,1630172|1630188|1630200|1630245|1641763,0,REG,2026,1610612741,,,,,
22500202517,,Shot Chart Detail,22500202,517,1628989,Kevin Huerter,1610612741,Chicago Bulls,3,0,18,Made Shot,Jump Shot,3PT Field Goal,Above the Break 3,Left Side Center(LC),24+ ft.,28,-126,251,1,1,20251110,CHI,SAS,21420,0,1628989|1630172|1630188|1630200|1641763,1,REG,2026,1610612741,,,,,
22500202520,,Shot Chart Detail,22500202,520,1630200,Tre Jones,1610612741,Chicago Bulls,3,0,0,Missed Shot,Turnaround Fadeaway shot,2PT Field Goal,Mid-Range,Left Side(L),8-16 ft.,10,-107,20,1,0,20251110,CHI,SAS,21600,0,1628989|1630172|1630188|1630200|1641763,0,REG,2026,1610612741,,,,,
22500202530,,Shot Chart Detail,22500202,530,1641824,Matas Buzelis,1610612741,Chicago Bulls,4,11,39,Made Shot,Running Jump Shot,3PT Field Goal,Above the Break 3,Left Side Center(LC),24+ ft.,27,-109,252,1,1,20251110,CHI,SAS,21810,0,1628989|1630188|1630200|1641763|1641824,1,REG,2026,1610612741,,,,,
22500202547,,Shot Chart Detail,22500202,547,1641824,Matas Buzelis,1610612741,Chicago Bulls,4,10,38,Missed Shot,Driving Finger Roll Layup Shot,2PT Field Goal,In The Paint (Non-RA),Center(C),Less Than 8 ft.,4,-36,18,1,0,20251110,CHI,SAS,22420,0,1628989|1630171|1630188|1630200|1641824,0,REG,2026,1610612741,,,,,
22500202551,,Shot Chart Detail,22500202,551,1630171,Isaac Okoro,1610612741,Chicago Bulls,4,10,14,Missed Shot,Driving Layup Shot,2PT Field Goal,Restricted Area,Center(C),Less Than 8 ft.,3,11,34,1,0,20251110,CHI,SAS,22660,0,1628989|1630171|1630188|1630200|1641824,0,REG,2026,1610612741,,,,,
22500202554,,Shot Chart Detail,22500202,554,1628989,Kevin Huerter,1610612741,Chicago Bulls,4,10,9,Made Shot,Jump Shot,3PT Field Goal,Right Corner 3,Right Side(R),24+ ft.,23,235,-9,1,1,20251110,CHI,SAS,22710,0,1628989|1630171|1630188|1630200|1641824,1,REG,2026,1610612741,,,,,
22500202558,,Shot Chart Detail,22500202,558,1630188,Jalen Smith,1610612741,Chicago Bulls,4,9,49,Missed Shot,Jump Shot,3PT Field Goal,Above the Break 3,Center(C),24+ ft.,24,48,242,1,0,20251110,CHI,SAS,22910,0,1628989|1630171|1630188|1630200|1641824,0,REG,2026,1610612741,,,,,
22500202564,,Shot Chart Detail,22500202,564,1630188,Jalen Smith,1610612741,Chicago Bulls,4,9,24,Missed Shot,Driving Layup Shot,2PT Field Goal,Restricted Area,Center(C),Less Than 8 ft.,1,-12,10,1,0,20251110,CHI,SAS,23160,0,1628989|1630171|1630188|1630200|1641824,0,REG,2026,1610612741,,,,,
22500202568,,Shot Chart Detail,22500202,568,1630188,Jalen Smith,1610612741,Chicago Bulls,4,9,7,Missed Shot,Jump Shot,2PT Field Goal,Mid-Range,Left Side(L),16-24 ft.,20,-208,15,1,0,20251110,CHI,SAS,23330,0,1628989|1630171|1630188|1630200|1641824,0,REG,2026,1610612741,,,,,
22500202578,,Shot Chart Detail,22500202,578,1630245,Ayo Dosunmu,1610612741,Chicago Bulls,4,8,37,Missed Shot,Jump Shot,3PT Field Goal,Above the Break 3,Right Side Center(RC),24+ ft.,24,103,226,1,0,20251110,CHI,SAS,23630,0,1628989|1630171|1630188|1630245|1641824,0,REG,2026,1610612741,,,,,
22500202580,,Shot Chart Detail,22500202,580,1630188,Jalen Smith,1610612741,Chicago Bulls,4,8,34,Missed Shot,Tip Layup Shot,2PT Field Goal,Restricted Area,Center(C),Less Than 8 ft.,0,0,0,1,0,20251110,CHI,SAS,23660,0,1628989|1630171|1630188|1630245|1641824,0,REG,2026,1610612741,,,,,
22500202596,,Shot Chart Detail,22500202,596,1630171,Isaac Okoro,1610612741,Chicago Bulls,4,7,52,Missed Shot,Jump Shot,3PT Field Goal,Above the Break 3,Right Side Center(RC),24+ ft.,26,134,226,1,0,20251110,CHI,SAS,24080,0,1630171|1630188|1630200|1630245|1641824,0,REG,2026,1610612741,,,,,
22500202600,,Shot Chart Detail,22500202,600,1630171,Isaac Okoro,1610612741,Chicago Bulls,4,7,15,Missed Shot,Driving Layup Shot,2PT Field Goal,Restricted Area,Center(C),Less Than 8 ft.,2,21,5,1,0,20251110,CHI,SAS,24450,0,1630171|1630188|1630200|1630245|1641824,0,REG,2026,1610612741,,,,,
22500202619,,Shot Chart Detail,22500202,619,1630172,Patrick Williams,1610612741,Chicago Bulls,4,6,15,Missed Shot,Turnaround Fadeaway shot,2PT Field Goal,In The Paint (Non-RA),Center(C),Less Than 8 ft.,6,11,59,1,0,20251110,CHI,SAS,25050,0,202696|1628989|1630172|1630200|1630245,0,REG,2026,1610612741,,,,,
22500202623,,Shot Chart Detail,22500202,623,1628989,Kevin Huerter,1610612741,Chicago Bulls,4,5,45,Made Shot,Jump Shot,3PT Field Goal,Right Corner 3,Right Side(R),24+ ft.,23,232,41,1,1,20251110,CHI,SAS,25350,0,202696|1628989|1630172|1630200|1630245,1,REG,2026,1610612741,,,,,
22500202627,,Shot Chart Detail,22500202,627,1628989,Kevin Huerter,1610612741,Chicago Bulls,4,5,13,Missed Shot,Pullup Jump shot,3PT Field Goal,Above the Break 3,Right Side Center(RC),24+ ft.,25,170,186,1,0,20251110,CHI,SAS,25670,0,202696|1628989|1630172|1630200|1630245,0,REG,2026,1610612741,,,,,
22500202629,,Shot Chart Detail,22500202,629,1630172,Patrick Williams,1610612741,Chicago Bulls,4,5,8,Missed Shot,Jump Shot,3PT Field Goal,Above the Break 3,Left Side Center(LC),24+ ft.,26,-93,247,1,0,20251110,CHI,SAS,25720,0,202696|1628989|1630172|1630200|1630245,0,REG,2026,1610612741,,,,,
22500202638,,Shot Chart Detail,22500202,638,1630200,Tre Jones,1610612741,Chicago Bulls,4,4,35,Made Shot,Pullup Jump shot,2PT Field Goal,In The Paint (Non-RA),Center(C),8-16 ft.,10,-7,104,1,1,20251110,CHI,SAS,26050,0,202696|1628989|1630172|1630200|1630245,1,REG,2026,1610612741,,,,,
22500202642,,Shot Chart Detail,22500202,642,202696,Nikola Vučević,1610612741,Chicago Bulls,4,4,2,Missed Shot,Fadeaway Jump Shot,2PT Field Goal,In The Paint (Non-RA),Center(C),Less Than 8 ft.,6,-22,63,1,0,20251110,CHI,SAS,26380,0,202696|1628989|1630172|1630200|1630245,0,REG,2026,1610612741,,,,,
22500202646,,Shot Chart Detail,22500202,646,1630245,Ayo Dosunmu,1610612741,Chicago Bulls,4,3,27,Missed Shot,Driving Reverse Layup Shot,2PT Field Goal,Restricted Area,Center(C),Less Than 8 ft.,1,16,1,1,0,20251110,CHI,SAS,26730,0,202696|1628989|1630172|1630200|1630245,0,REG,2026,1610612741,,,,,
22500202648,,Shot Chart Detail,22500202,648,1628989,Kevin Huerter,1610612741,Chicago Bulls,4,3,22,Missed Shot,Jump Shot,3PT Field Goal,Above the Break 3,Left Side Center(LC),24+ ft.,25,-174,181,1,0,20251110,CHI,SAS,26780,0,202696|1628989|1630172|1630200|1630245,0,REG,2026,1610612741,,,,,
22500202663,,Shot Chart Detail,22500202,663,1630200,Tre Jones,1610612741,Chicago Bulls,4,2,20,Made Shot,Driving Floating Jump Shot,2PT Field Goal,In The Paint (Non-RA),Center(C),Less Than 8 ft.,5,11,50,1,1,20251110,CHI,SAS,27400,0,202696|1628989|1630171|1630200|1630245,1,REG,2026,1610612741,,,,,
22500202674,,Shot Chart Detail,22500202,674,1630245,Ayo Dosunmu,1610612741,Chicago Bulls,4,1,43,Made Shot,Jump Shot,3PT Field Goal,Above the Break 3,Right Side Center(RC),24+ ft.,26,170,199,1,1,20251110,CHI,SAS,27770,0,202696|1628989|1630188|1630200|1630245,1,REG,2026,1610612741,,,,,
22500202678,,Shot Chart Detail,22500202,678,1630245,Ayo Dosunmu,1610612741,Chicago Bulls,4,1,6,Missed Shot,Driving Floating Jump Shot,2PT Field Goal,In The Paint (Non-RA),Center(C),Less Than 8 ft.,6,62,-3,1,0,20251110,CHI,SAS,28140,0,202696|1628989|1630188|1630200|1630245,0,REG,2026,1610612741,,,,,
22500202682,,Shot Chart Detail,22500202,682,1630200,Tre Jones,1610612741,Chicago Bulls,4,0,47,Missed Shot,Driving Layup Shot,2PT Field Goal,Restricted Area,Center(C),Less Than 8 ft.,1,12,-5,1,0,20251110,CHI,SAS,28330,0,202696|1628989|1630188|1630200|1630245,0,REG,2026,1610612741,,,,,
22500202688,,Shot Chart Detail,22500202,688,1628989,Kevin Huerter,1610612741,Chicago Bulls,4,0,18,Missed Shot,Jump Shot,3PT Field Goal,Above the Break 3,Left Side Center(LC),24+ ft.,24,-105,226,1,0,20251110,CHI,SAS,28620,0,202696|1628989|1630188|1630200|1630245,0,REG,2026,1610612741,,,,,
22500202708,,Shot Chart Detail,22500202,708,1630245,Ayo Dosunmu,1610612741,Chicago Bulls,4,0,3,Made Shot,Driving Finger Roll Layup Shot,2PT Field Goal,Restricted Area,Center(C),Less Than 8 ft.,1,0,12,1,1,20251110,CHI,SAS,28770,0,202696|1628989|1630172|1630200|1630245,1,REG,2026,1610612741,,,,,
225002149,,Shot Chart Detail,22500214,9,1641824,Matas Buzelis,1610612741,Chicago Bulls,1,11,10,Missed Shot,Driving Finger Roll Layup Shot,2PT Field Goal,Restricted Area,Center(C),Less Than 8 ft.,3,-21,31,1,0,20251112,DET,CHI,500,0,202696|1628989|1630171|1630200|1641824,0,REG,2026,1610612741,,,,,
2250021415,,Shot Chart Detail,22500214,15,1630171,Isaac Okoro,1610612741,Chicago Bulls,1,10,38,Missed Shot,Running Layup Shot,2PT Field Goal,Restricted Area,Center(C),Less Than 8 ft.,2,15,22,1,0,20251112,DET,CHI,820,0,202696|1628989|1630171|1630200|1641824,0,REG,2026,1610612741,,,,,
2250021419,,Shot Chart Detail,22500214,19,202696,Nikola Vučević,1610612741,Chicago Bulls,1,10,30,Made Shot,Floating Jump shot,2PT Field Goal,In The Paint (Non-RA),Center(C),8-16 ft.,13,4,131,1,1,20251112,DET,CHI,900,0,202696|1628989|1630171|1630200|1641824,1,REG,2026,1610612741,,,,,
2250021427,,Shot Chart Detail,22500214,27,1628989,Kevin Huerter,1610612741,Chicago Bulls,1,9,40,Made Shot,Driving Floating Jump Shot,2PT Field Goal,In The Paint (Non-RA),Center(C),Less Than 8 ft.,5,-13,50,1,1,20251112,DET,CHI,1400,0,202696|1628989|1630171|1630200|1641824,0,REG,2026,1610612741,,,,,
2250021433,,Shot Chart Detail,22500214,33,1628989,Kevin Huerter,1610612741,Chicago Bulls,1,9,10,Missed Shot,Jump Shot,3PT Field Goal,Right Corner 3,Right Side(R),24+ ft.,23,224,58,1,0,20251112,DET,CHI,1700,0,202696|1628989|1630171|1630200|1641824,0,REG,2026,1610612741,,,,,
2250021446,,Shot Chart Detail,22500214,46,1628989,Kevin Huerter,1610612741,Chicago Bulls,1,7,58,Missed Shot,Jump Shot,3PT Field Goal,Above the Break 3,Left Side Center(LC),24+ ft.,26,-110,243,1,0,20251112,DET,CHI,2420,0,202696|1628989|1630171|1630200|1641824,0,REG,2026,1610612741,,,,,
2250021449,,Shot Chart Detail,22500214,49,1630200,Tre Jones,1610612741,Chicago Bulls,1,7,35,Missed Shot,Driving Floating Bank Jump Shot,2PT Field Goal,In The Paint (Non-RA),Center(C),Less Than 8 ft.,6,66,8,1,0,20251112,DET,CHI,2650,0,202696|1628989|1630171|1630200|1641824,0,REG,2026,1610612741,,,,,
2250021454,,Shot Chart Detail,22500214,54,1641824,Matas Buzelis,1610612741,Chicago Bulls,1,7,21,Made Shot,Driving Floating Jump Shot,2PT Field Goal,Restricted Area,Center(C),Less Than 8 ft.,3,-22,28,1,1,20251112,DET,CHI,2790,0,202696|1628989|1630171|1630200|1641824,0,REG,2026,1610612741,,,,,
2250021458,,Shot Chart Detail,22500214,58,1630200,Tre Jones,1610612741,Chicago Bulls,1,6,54,Made Shot,Running Layup Shot,2PT Field Goal,Restricted Area,Center(C),Less Than 8 ft.,1,-11,10,1,1,20251112,DET,CHI,3060,0,202696|1628989|1630171|1630200|1641824,1,REG,2026,1610612741,,,,,
2250021475,,Shot Chart Detail,22500214,75,202696,Nikola Vučević,1610612741,Chicago Bulls,1,6,6,Missed Shot,Running Jump Shot,3PT Field Goal,Above the Break 3,Center(C),24+ ft.,25,55,254,1,0,20251112,DET,CHI,3540,0,202696|1630171|1630172|1630245|1631207,0,REG,2026,1610612741,,,,,
2250021477,,Shot Chart Detail,22500214,77,1630172,Patrick Williams,1610612741,Chicago Bulls,1,5,58,Missed Shot,Jump Shot,3PT Field Goal,Above the Break 3,Right Side Center(RC),24+ ft.,26,110,237,1,0,20251112,DET,CHI,3620,0,202696|1630171|1630172|1630245|1631207,0,REG,2026,1610612741,,,,,
2250021481,,Shot Chart Detail,22500214,81,202696,Nikola Vučević,1610612741,Chicago Bulls,1,5,27,Missed Shot,Turnaround Hook Shot,2PT Field Goal,In The Paint (Non-RA),Center(C),Less Than 8 ft.,7,-37,67,1,0,20251112,DET,CHI,3930,0,202696|1630171|1630172|1630245|1631207,0,REG,2026,1610612741,,,,,
22500214102,,Shot Chart Detail,22500214,102,1630245,Ayo Dosunmu,1610612741,Chicago Bulls,1,4,18,Missed Shot,Driving Floating Jump Shot,2PT Field Goal,In The Paint (Non-RA),Center(C),Less Than 8 ft.,7,-71,34,1,0,20251112,DET,CHI,4620,0,1628975|1630172|1630188|1630245|1631207,0,REG,2026,1610612741,,,,,
22500214105,,Shot Chart Detail,22500214,105,1630188,Jalen Smith,1610612741,Chicago Bulls,1,4,15,Missed Shot,Putback Layup Shot,2PT Field Goal,In The Paint (Non-RA),Center(C),Less Than 8 ft.,4,0,44,1,0,20251112,DET,CHI,4650,0,1628975|1630172|1630188|1630245|1631207,0,REG,2026,1610612741,,,,,
22500214109,,Shot Chart Detail,22500214,109,1628975,Jevon Carter,1610612741,Chicago Bulls,1,4,12,Made Shot,Pullup Jump shot,3PT Field Goal,Above the Break 3,Right Side Center(RC),24+ ft.,26,127,232,1,1,20251112,DET,CHI,4680,0,1628975|1630172|1630188|1630245|1631207,0,REG,2026,1610612741,,,,,
22500214134,,Shot Chart Detail,22500214,134,1630245,Ayo Dosunmu,1610612741,Chicago Bulls,1,3,9,Made Shot,Driving Layup Shot,2PT Field Goal,Restricted Area,Center(C),Less Than 8 ft.,3,20,26,1,1,20251112,DET,CHI,5310,0,1628975|1630172|1630188|1630245|1631207,0,REG,2026,1610612741,,,,,
22500214137,,Shot Chart Detail,22500214,137,1630245,Ayo Dosunmu,1610612741,Chicago Bulls,1,2,47,Missed Shot,Running Jump Shot,3PT Field Goal,Right Corner 3,Right Side(R),24+ ft.,23,228,48,1,0,20251112,DET,CHI,5530,0,1628975|1630172|1630188|1630245|1631207,0,REG,2026,1610612741,,,,,
22500214139,,Shot Chart Detail,22500214,139,1630172,Patrick Williams,1610612741,Chicago Bulls,1,2,39,Missed Shot,Jump Shot,3PT Field Goal,Above the Break 3,Right Side Center(RC),24+ ft.,26,108,239,1,0,20251112,DET,CHI,5610,0,1628975|1630172|1630188|1630245|1631207,0,REG,2026,1610612741,,,,,
22500214143,,Shot Chart Detail,22500214,143,1628975,Jevon Carter,1610612741,Chicago Bulls,1,2,18,Made Shot,Jump Shot,3PT Field Goal,Left Corner 3,Left Side(L),24+ ft.,23,-233,48,1,1,20251112,DET,CHI,5820,0,1628975|1630172|1630188|1630245|1631207,1,REG,2026,1610612741,,,,,
22500214149,,Shot Chart Detail,22500214,149,1630188,Jalen Smith,1610612741,Chicago Bulls,1,1,39,Missed Shot,Jump Shot,3PT Field Goal,Above the Break 3,Center(C),24+ ft.,26,-45,258,1,0,20251112,DET,CHI,6210,0,1628975|1630172|1630188|1630245|1631207,0,REG,2026,1610612741,,,,,
22500214157,,Shot Chart Detail,22500214,157,1630188,Jalen Smith,1610612741,Chicago Bulls,1,1,11,Made Shot,Jump Shot,3PT Field Goal,Above the Break 3,Right Side Center(RC),24+ ft.,26,94,243,1,1,20251112,DET,CHI,6490,0,1628975|1630188|1630245|1631207|1641763,1,REG,2026,1610612741,,,,,
22500214162,,Shot Chart Detail,22500214,162,1630188,Jalen Smith,1610612741,Chicago Bulls,1,0,37,Missed Shot,Driving Layup Shot,2PT Field Goal,Restricted Area,Center(C),Less Than 8 ft.,2,12,20,1,0,20251112,DET,CHI,6830,0,1628975|1630188|1630245|1631207|1641763,0,REG,2026,1610612741,,,,,
22500214166,,Shot Chart Detail,22500214,166,1630245,Ayo Dosunmu,1610612741,Chicago Bulls,1,0,5,Made Shot,Jump Shot,3PT Field Goal,Right Corner 3,Right Side(R),24+ ft.,22,223,-10,1,1,20251112,DET,CHI,7150,0,1628975|1630188|1630245|1631207|1641763,1,REG,2026,1610612741,,,,,
22500214196,,Shot Chart Detail,22500214,196,202696,Nikola Vučević,1610612741,Chicago Bulls,2,10,45,Missed Shot,Turnaround Hook Shot,2PT Field Goal,In The Paint (Non-RA),Center(C),Less Than 8 ft.,4,-27,36,1,0,20251112,DET,CHI,7950,0,202696|1628975|1630171|1630200|1641763,0,REG,2026,1610612741,,,,,
22500214200,,Shot Chart Detail,22500214,200,202696,Nikola Vučević,1610612741,Chicago Bulls,2,10,28,Missed Shot,Running Jump Shot,3PT Field Goal,Above the Break 3,Left Side Center(LC),24+ ft.,26,-137,227,1,0,20251112,DET,CHI,8120,0,202696|1628975|1630171|1630200|1641763,0,REG,2026,1610612741,,,,,
22500214203,,Shot Chart Detail,22500214,203,1628975,Jevon Carter,1610612741,Chicago Bulls,2,9,58,Made Shot,Jump Shot,3PT Field Goal,Above the Break 3,Right Side Center(RC),24+ ft.,25,145,212,1,1,20251112,DET,CHI,8420,0,202696|1628975|1630171|1630200|1641763,1,REG,2026,1610612741,,,,,
22500214212,,Shot Chart Detail,22500214,212,1628989,Kevin Huerter,1610612741,Chicago Bulls,2,9,16,Made Shot,Cutting Layup Shot,2PT Field Goal,Restricted Area,Center(C),Less Than 8 ft.,0,-9,2,1,1,20251112,DET,CHI,8840,0,202696|1628975|1628989|1630171|1630200,1,REG,2026,1610612741,,,,,
22500214216,,Shot Chart Detail,22500214,216,1630171,Isaac Okoro,1610612741,Chicago Bulls,2,8,54,Missed Shot,Running Layup Shot,2PT Field Goal,Restricted Area,Center(C),Less Than 8 ft.,3,7,31,1,0,20251112,DET,CHI,9060,0,202696|1628975|1628989|1630171|1630200,0,REG,2026,1610612741,,,,,
22500214218,,Shot Chart Detail,22500214,218,1630171,Isaac Okoro,1610612741,Chicago Bulls,2,8,45,Made Shot,Cutting Dunk Shot,2PT Field Goal,Restricted Area,Center(C),Less Than 8 ft.,0,7,4,1,1,20251112,DET,CHI,9150,0,202696|1628975|1628989|1630171|1630200,1,REG,2026,1610612741,,,,,
22500214232,,Shot Chart Detail,22500214,232,202696,Nikola Vučević,1610612741,Chicago Bulls,2,8,17,Made Shot,Turnaround Hook Shot,2PT Field Goal,In The Paint (Non-RA),Center(C),Less Than 8 ft.,7,74,13,1,1,20251112,DET,CHI,9430,0,202696|1628975|1628989|1630200|1641824,0,REG,2026,1610612741,,,,,
22500214246,,Shot Chart Detail,22500214,246,1630245,Ayo Dosunmu,1610612741,Chicago Bulls,2,6,27,Made Shot,Jump Shot,3PT Field Goal,Above the Break 3,Left Side Center(LC),24+ ft.,26,-114,237,1,1,20251112,DET,CHI,10530,0,202696|1628975|1628989|1630245|1641824,1,REG,2026,1610612741,,,,,
22500214255,,Shot Chart Detail,22500214,255,1628989,Kevin Huerter,1610612741,Chicago Bulls,2,5,48,Missed Shot,Jump Shot,3PT Field Goal,Above the Break 3,Right Side Center(RC),24+ ft.,25,87,238,1,0,20251112,DET,CHI,10920,0,202696|1628989|1630172|1630245|1641824,0,REG,2026,1610612741,,,,,
22500214257,,Shot Chart Detail,22500214,257,1630172,Patrick Williams,1610612741,Chicago Bulls,2,5,43,Made Shot,Putback Layup Shot,2PT Field Goal,Restricted Area,Center(C),Less Than 8 ft.,2,-23,12,1,1,20251112,DET,CHI,10970,0,202696|1628989|1630172|1630245|1641824,0,REG,2026,1610612741,,,,,
22500214260,,Shot Chart Detail,22500214,260,1628989,Kevin Huerter,1610612741,Chicago Bulls,2,4,49,Made Shot,Floating Jump shot,2PT Field Goal,In The Paint (Non-RA),Center(C),Less Than 8 ft.,5,-50,11,1,1,20251112,DET,CHI,11510,0,202696|1628989|1630172|1630245|1641824,1,REG,2026,1610612741,,,,,
22500214263,,Shot Chart Detail,22500214,263,1641824,Matas Buzelis,1610612741,Chicago Bulls,2,4,24,Made Shot,Jump Shot,3PT Field Goal,Above the Break 3,Left Side Center(LC),24+ ft.,25,-225,118,1,1,20251112,DET,CHI,11760,0,202696|1628989|1630172|1630245|1641824,1,REG,2026,1610612741,,,,,
22500214267,,Shot Chart Detail,22500214,267,1630245,Ayo Dosunmu,1610612741,Chicago Bulls,2,3,51,Missed Shot,Jump Shot,3PT Field Goal,Right Corner 3,Right Side(R),24+ ft.,22,224,-6,1,0,20251112,DET,CHI,12090,0,202696|1628989|1630172|1630245|1641824,0,REG,2026,1610612741,,,,,
22500214269,,Shot Chart Detail,22500214,269,1641824,Matas Buzelis,1610612741,Chicago Bulls,2,3,47,Made Shot,Putback Layup Shot,2PT Field Goal,Restricted Area,Center(C),Less Than 8 ft.,3,-18,29,1,1,20251112,DET,CHI,12130,0,202696|1628989|1630172|1630245|1641824,0,REG,2026,1610612741,,,,,
22500214286,,Shot Chart Detail,22500214,286,1630172,Patrick Williams,1610612741,Chicago Bulls,2,3,14,Made Shot,Driving Layup Shot,2PT Field Goal,Restricted Area,Center(C),Less Than 8 ft.,3,-15,26,1,1,20251112,DET,CHI,12460,0,1630171|1630172|1630188|1630200|1641824,0,REG,2026,1610612741,,,,,
22500214289,,Shot Chart Detail,22500214,289,1630188,Jalen Smith,1610612741,Chicago Bulls,2,2,46,Made Shot,Jump Shot,3PT Field Goal,Above the Break 3,Right Side Center(RC),24+ ft.,26,112,239,1,1,20251112,DET,CHI,12740,0,1630171|1630172|1630188|1630200|1641824,1,REG,2026,1610612741,,,,,
22500214298,,Shot Chart Detail,22500214,298,1630188,Jalen Smith,1610612741,Chicago Bulls,2,1,49,Missed Shot,Hook Shot,2PT Field Goal,Restricted Area,Center(C),Less Than 8 ft.,3,-2,37,1,0,20251112,DET,CHI,13310,0,1630171|1630172|1630188|1630200|1641824,0,REG,2026,1610612741,,,,,
22500214304,,Shot Chart Detail,22500214,304,1630200,Tre Jones,1610612741,Chicago Bulls,2,1,6,Missed Shot,Driving Floating Jump Shot,2PT Field Goal,In The Paint (Non-RA),Center(C),Less Than 8 ft.,7,60,47,1,0,20251112,DET,CHI,13740,0,1630171|1630172|1630188|1630200|1641824,0,REG,2026,1610612741,,,,,
22500214344,,Shot Chart Detail,22500214,344,1630200,Tre Jones,1610612741,Chicago Bulls,3,11,41,Made Shot,Running Reverse Layup Shot,2PT Field Goal,Restricted Area,Center(C),Less Than 8 ft.,2,17,17,1,1,20251112,DET,CHI,14590,0,202696|1628989|1630171|1630200|1641824,0,REG,2026,1610612741,,,,,
22500214352,,Shot Chart Detail,22500214,352,1628989,Kevin Huerter,1610612741,Chicago Bulls,3,11,5,Made Shot,Driving Floating Jump Shot,2PT Field Goal,In The Paint (Non-RA),Center(C),8-16 ft.,11,17,113,1,1,20251112,DET,CHI,14950,0,202696|1628989|1630171|1630200|1641824,1,REG,2026,1610612741,,,,,
22500214355,,Shot Chart Detail,22500214,355,1641824,Matas Buzelis,1610612741,Chicago Bulls,3,10,40,Missed Shot,Running Layup Shot,2PT Field Goal,In The Paint (Non-RA),Center(C),Less Than 8 ft.,4,13,42,1,0,20251112,DET,CHI,15200,0,202696|1628989|1630171|1630200|1641824,0,REG,2026,1610612741,,,,,
22500214357,,Shot Chart Detail,22500214,357,1630171,Isaac Okoro,1610612741,Chicago Bulls,3,10,35,Made Shot,Tip Layup Shot,2PT Field Goal,Restricted Area,Center(C),Less Than 8 ft.,0,0,0,1,1,20251112,DET,CHI,15250,0,202696|1628989|1630171|1630200|1641824,0,REG,2026,1610612741,,,,,
22500214360,,Shot Chart Detail,22500214,360,1628989,Kevin Huerter,1610612741,Chicago Bulls,3,10,20,Made Shot,Running Dunk Shot,2PT Field Goal,Restricted Area,Center(C),Less Than 8 ft.,1,0,19,1,1,20251112,DET,CHI,15400,0,202696|1628989|1630171|1630200|1641824,1,REG,2026,1610612741,,,,,
22500214373,,Shot Chart Detail,22500214,373,1641824,Matas Buzelis,1610612741,Chicago Bulls,3,8,58,Made Shot,Driving Finger Roll Layup Shot,2PT Field Goal,In The Paint (Non-RA),Center(C),Less Than 8 ft.,5,-50,22,1,1,20251112,DET,CHI,16220,0,202696|1628989|1630171|1630200|1641824,0,REG,2026,1610612741,,,,,
22500214375,,Shot Chart Detail,22500214,375,202696,Nikola Vučević,1610612741,Chicago Bulls,3,8,25,Missed Shot,Jump Shot,3PT Field Goal,Above the Break 3,Center(C),24+ ft.,26,-47,257,1,0,20251112,DET,CHI,16550,0,202696|1628989|1630171|1630200|1641824,0,REG,2026,1610612741,,,,,
22500214378,,Shot Chart Detail,22500214,378,1628989,Kevin Huerter,1610612741,Chicago Bulls,3,8,7,Made Shot,Layup Shot,2PT Field Goal,Restricted Area,Center(C),Less Than 8 ft.,2,6,20,1,1,20251112,DET,CHI,16730,0,202696|1628989|1630171|1630200|1641824,1,REG,2026,1610612741,,,,,
22500214383,,Shot Chart Detail,22500214,383,1628989,Kevin Huerter,1610612741,Chicago Bulls,3,7,27,Missed Shot,Floating Jump shot,2PT Field Goal,Mid-Range,Left Side(L),8-16 ft.,10,-98,21,1,0,20251112,DET,CHI,17130,0,202696|1628989|1630171|1630200|1641824,0,REG,2026,1610612741,,,,,
22500214385,,Shot Chart Detail,22500214,385,202696,Nikola Vučević,1610612741,Chicago Bulls,3,7,23,Missed Shot,Putback Layup Shot,2PT Field Goal,Restricted Area,Center(C),Less Than 8 ft.,1,-15,13,1,0,20251112,DET,CHI,17170,0,202696|1628989|1630171|1630200|1641824,0,REG,2026,1610612741,,,,,
22500214390,,Shot Chart Detail,22500214,390,1630245,Ayo Dosunmu,1610612741,Chicago Bulls,3,7,12,Missed Shot,Driving Layup Shot,2PT Field Goal,Restricted Area,Center(C),Less Than 8 ft.,3,21,32,1,0,20251112,DET,CHI,17280,0,202696|1628989|1630171|1630245|1641824,0,REG,2026,1610612741,,,,,
22500214414,,Shot Chart Detail,22500214,414,1630171,Isaac Okoro,1610612741,Chicago Bulls,3,6,17,Made Shot,Jump Shot,3PT Field Goal,Above the Break 3,Right Side Center(RC),24+ ft.,26,98,242,1,1,20251112,DET,CHI,17830,0,1630171|1630172|1630188|1630200|1630245,1,REG,2026,1610612741,,,,,
22500214418,,Shot Chart Detail,22500214,418,1630171,Isaac Okoro,1610612741,Chicago Bulls,3,5,45,Made Shot,Driving Layup Shot,2PT Field Goal,Restricted Area,Center(C),Less Than 8 ft.,2,-10,27,1,1,20251112,DET,CHI,18150,0,1630171|1630172|1630188|1630200|1630245,0,REG,2026,1610612741,,,,,
22500214429,,Shot Chart Detail,22500214,429,1630245,Ayo Dosunmu,1610612741,Chicago Bulls,3,5,5,Missed Shot,Jump Shot,3PT Field Goal,Right Corner 3,Right Side(R),24+ ft.,24,240,20,1,0,20251112,DET,CHI,18550,0,1628975|1630172|1630188|1630200|1630245,0,REG,2026,1610612741,,,,,
22500214452,,Shot Chart Detail,22500214,452,1628975,Jevon Carter,1610612741,Chicago Bulls,3,3,45,Missed Shot,Running Layup Shot,2PT Field Goal,Restricted Area,Center(C),Less Than 8 ft.,1,-6,19,1,0,20251112,DET,CHI,19350,0,1628975|1628989|1630172|1630188|1630200,0,REG,2026,1610612741,,,,,
22500214455,,Shot Chart Detail,22500214,455,1630188,Jalen Smith,1610612741,Chicago Bulls,3,3,43,Missed Shot,Jump Shot,3PT Field Goal,Above the Break 3,Right Side Center(RC),24+ ft.,26,221,155,1,0,20251112,DET,CHI,19370,0,1628975|1628989|1630172|1630188|1630200,0,REG,2026,1610612741,,,,,
22500214461,,Shot Chart Detail,22500214,461,1628989,Kevin Huerter,1610612741,Chicago Bulls,3,3,15,Missed Shot,Jump Shot,3PT Field Goal,Above the Break 3,Left Side Center(LC),24+ ft.,25,-222,126,1,0,20251112,DET,CHI,19650,0,1628975|1628989|1630172|1630188|1630200,0,REG,2026,1610612741,,,,,
22500214465,,Shot Chart Detail,22500214,465,1630200,Tre Jones,1610612741,Chicago Bulls,3,2,50,Missed Shot,Driving Layup Shot,2PT Field Goal,Restricted Area,Center(C),Less Than 8 ft.,3,-26,27,1,0,20251112,DET,CHI,19900,0,1628975|1628989|1630172|1630188|1630200,0,REG,2026,1610612741,,,,,
22500214476,,Shot Chart Detail,22500214,476,1630245,Ayo Dosunmu,1610612741,Chicago Bulls,3,2,37,Made Shot,Driving Layup Shot,2PT Field Goal,Restricted Area,Center(C),Less Than 8 ft.,3,-6,30,1,1,20251112,DET,CHI,20030,0,1628975|1628989|1630188|1630245|1641824,0,REG,2026,1610612741,,,,,
22500214500,,Shot Chart Detail,22500214,500,1630188,Jalen Smith,1610612741,Chicago Bulls,3,1,1,Made Shot,Jump Shot,3PT Field Goal,Above the Break 3,Right Side Center(RC),24+ ft.,26,82,250,1,1,20251112,DET,CHI,20990,0,1628975|1630188|1630245|1631207|1641824,1,REG,2026,1610612741,,,,,
22500214504,,Shot Chart Detail,22500214,504,1641824,Matas Buzelis,1610612741,Chicago Bulls,3,0,31,Missed Shot,Pullup Jump shot,3PT Field Goal,Above the Break 3,Center(C),24+ ft.,24,64,241,1,0,20251112,DET,CHI,21290,0,1628975|1630188|1630245|1631207|1641824,0,REG,2026,1610612741,,,,,
22500214546,,Shot Chart Detail,22500214,546,1628989,Kevin Huerter,1610612741,Chicago Bulls,4,11,5,Missed Shot,Driving Floating Bank Jump Shot,2PT Field Goal,In The Paint (Non-RA),Center(C),Less Than 8 ft.,6,39,46,1,0,20251112,DET,CHI,22150,0,1628989|1630171|1630172|1630245|1641824,0,REG,2026,1610612741,,,,,
22500214557,,Shot Chart Detail,22500214,557,1628989,Kevin Huerter,1610612741,Chicago Bulls,4,10,26,Made Shot,Running Layup Shot,2PT Field Goal,In The Paint (Non-RA),Center(C),Less Than 8 ft.,6,45,42,1,1,20251112,DET,CHI,22540,0,1628989|1630171|1630172|1630245|1641824,0,REG,2026,1610612741,,,,,
22500214569,,Shot Chart Detail,22500214,569,1630171,Isaac Okoro,1610612741,Chicago Bulls,4,9,59,Made Shot,Jump Shot,3PT Field Goal,Left Corner 3,Left Side(L),24+ ft.,22,-224,29,1,1,20251112,DET,CHI,22810,0,1628989|1630171|1630172|1630200|1641824,1,REG,2026,1610612741,,,,,
22500214583,,Shot Chart Detail,22500214,583,1628989,Kevin Huerter,1610612741,Chicago Bulls,4,9,15,Missed Shot,Running Layup Shot,2PT Field Goal,Restricted Area,Center(C),Less Than 8 ft.,3,-21,27,1,0,20251112,DET,CHI,23250,0,1628989|1630171|1630172|1630200|1641824,0,REG,2026,1610612741,,,,,
22500214586,,Shot Chart Detail,22500214,586,1628989,Kevin Huerter,1610612741,Chicago Bulls,4,9,10,Made Shot,Putback Layup Shot,2PT Field Goal,Restricted Area,Center(C),Less Than 8 ft.,2,-21,6,1,1,20251112,DET,CHI,23300,0,1628989|1630171|1630172|1630200|1641824,0,REG,2026,1610612741,,,,,
22500214589,,Shot Chart Detail,22500214,589,1641824,Matas Buzelis,1610612741,Chicago Bulls,4,8,52,Made Shot,Driving Floating Jump Shot,2PT Field Goal,Restricted Area,Center(C),Less Than 8 ft.,2,4,29,1,1,20251112,DET,CHI,23480,0,1628989|1630171|1630172|1630200|1641824,0,REG,2026,1610612741,,,,,
22500214613,,Shot Chart Detail,22500214,613,1630245,Ayo Dosunmu,1610612741,Chicago Bulls,4,8,6,Missed Shot,Driving Layup Shot,2PT Field Goal,Restricted Area,Center(C),Less Than 8 ft.,3,18,30,1,0,20251112,DET,CHI,23940,0,1628989|1630171|1630172|1630245|1641824,0,REG,2026,1610612741,,,,,
22500214617,,Shot Chart Detail,22500214,617,1641824,Matas Buzelis,1610612741,Chicago Bulls,4,7,44,Missed Shot,Driving Layup Shot,2PT Field Goal,Restricted Area,Center(C),Less Than 8 ft.,1,-9,14,1,0,20251112,DET,CHI,24160,0,1628989|1630171|1630172|1630245|1641824,0,REG,2026,1610612741,,,,,
22500214628,,Shot Chart Detail,22500214,628,1641824,Matas Buzelis,1610612741,Chicago Bulls,4,7,22,Missed Shot,Jump Shot,3PT Field Goal,Above the Break 3,Right Side Center(RC),24+ ft.,28,143,248,1,0,20251112,DET,CHI,24380,0,202696|1630172|1630200|1630245|1641824,0,REG,2026,1610612741,,,,,
22500214631,,Shot Chart Detail,22500214,631,1630172,Patrick Williams,1610612741,Chicago Bulls,4,7,14,Made Shot,Dunk Shot,2PT Field Goal,Restricted Area,Center(C),Less Than 8 ft.,2,10,24,1,1,20251112,DET,CHI,24460,0,202696|1630172|1630200|1630245|1641824,1,REG,2026,1610612741,,,,,
22500214646,,Shot Chart Detail,22500214,646,1630200,Tre Jones,1610612741,Chicago Bulls,4,6,7,Made Shot,Driving Layup Shot,2PT Field Goal,In The Paint (Non-RA),Center(C),Less Than 8 ft.,5,-45,22,1,1,20251112,DET,CHI,25130,0,202696|1630171|1630200|1630245|1641824,0,REG,2026,1610612741,,,,,
22500214649,,Shot Chart Detail,22500214,649,1641824,Matas Buzelis,1610612741,Chicago Bulls,4,5,44,Made Shot,Running Layup Shot,2PT Field Goal,Restricted Area,Center(C),Less Than 8 ft.,3,-7,30,1,1,20251112,DET,CHI,25360,0,202696|1630171|1630200|1630245|1641824,1,REG,2026,1610612741,,,,,
22500214658,,Shot Chart Detail,22500214,658,1630245,Ayo Dosunmu,1610612741,Chicago Bulls,4,5,10,Missed Shot,Reverse Layup Shot,2PT Field Goal,Restricted Area,Center(C),Less Than 8 ft.,2,-23,9,1,0,20251112,DET,CHI,25700,0,202696|1630171|1630200|1630245|1641824,0,REG,2026,1610612741,,,,,
22500214662,,Shot Chart Detail,22500214,662,1630245,Ayo Dosunmu,1610612741,Chicago Bulls,4,4,44,Missed Shot,Jump Shot,3PT Field Goal,Above the Break 3,Right Side Center(RC),24+ ft.,26,221,138,1,0,20251112,DET,CHI,25960,0,202696|1630171|1630200|1630245|1641824,0,REG,2026,1610612741,,,,,
22500214669,,Shot Chart Detail,22500214,669,202696,Nikola Vučević,1610612741,Chicago Bulls,4,4,19,Made Shot,Turnaround Hook Shot,2PT Field Goal,In The Paint (Non-RA),Center(C),Less Than 8 ft.,5,49,34,1,1,20251112,DET,CHI,26210,0,202696|1628989|1630171|1630200|1641824,1,REG,2026,1610612741,,,,,
22500214672,,Shot Chart Detail,22500214,672,202696,Nikola Vučević,1610612741,Chicago Bulls,4,3,44,Missed Shot,Jump Shot,3PT Field Goal,Above the Break 3,Left Side Center(LC),24+ ft.,26,-116,234,1,0,20251112,DET,CHI,26560,0,202696|1628989|1630171|1630200|1641824,0,REG,2026,1610612741,,,,,
22500214677,,Shot Chart Detail,22500214,677,1628989,Kevin Huerter,1610612741,Chicago Bulls,4,3,26,Made Shot,Driving Reverse Layup Shot,2PT Field Goal,Restricted Area,Center(C),Less Than 8 ft.,2,-21,17,1,1,20251112,DET,CHI,26740,0,202696|1628989|1630171|1630200|1641824,0,REG,2026,1610612741,,,,,
22500214689,,Shot Chart Detail,22500214,689,1630172,Patrick Williams,1610612741,Chicago Bulls,4,2,37,Missed Shot,Turnaround Fadeaway shot,2PT Field Goal,In The Paint (Non-RA),Center(C),8-16 ft.,8,44,77,1,0,20251112,DET,CHI,27230,0,1628989|1630171|1630172|1630200|1641824,0,REG,2026,1610612741,,,,,
22500214709,,Shot Chart Detail,22500214,709,1641824,Matas Buzelis,1610612741,Chicago Bulls,4,1,31,Missed Shot,Jump Shot,3PT Field Goal,Above the Break 3,Left Side Center(LC),24+ ft.,25,-210,140,1,0,20251112,DET,CHI,27890,0,1628989|1630171|1630172|1630200|1641824,0,REG,2026,1610612741,,,,,
22500214715,,Shot Chart Detail,22500214,715,1628989,Kevin Huerter,1610612741,Chicago Bulls,4,1,20,Made Shot,Driving Layup Shot,2PT Field Goal,Restricted Area,Center(C),Less Than 8 ft.,1,9,10,1,1,20251112,DET,CHI,28000,0,1628989|1630171|1630172|1630200|1641824,0,REG,2026,1610612741,,,,,
22500214718,,Shot Chart Detail,22500214,718,1641824,Matas Buzelis,1610612741,Chicago Bulls,4,0,55,Made Shot,Pullup Jump shot,3PT Field Goal,Above the Break 3,Right Side Center(RC),24+ ft.,26,140,226,1,1,20251112,DET,CHI,28250,0,1628989|1630171|1630172|1630200|1641824,0,REG,2026,1610612741,,,,,
22500214727,,Shot Chart Detail,22500214,727,1630172,Patrick Williams,1610612741,Chicago Bulls,4,0,44,Missed Shot,Jump Shot,3PT Field Goal,Above the Break 3,Left Side Center(LC),24+ ft.,25,-80,245,1,0,20251112,DET,CHI,28360,0,1628975|1630171|1630172|1631207|1641824,0,REG,2026,1610612741,,,,,
22500214729,,Shot Chart Detail,22500214,729,1641824,Matas Buzelis,1610612741,Chicago Bulls,4,0,42,Missed Shot,Tip Layup Shot,2PT Field Goal,Restricted Area,Center(C),Less Than 8 ft.,0,0,0,1,0,20251112,DET,CHI,28380,0,1628975|1630171|1630172|1631207|1641824,0,REG,2026,1610612741,,,,,
22500214736,,Shot Chart Detail,22500214,736,1630172,Patrick Williams,1610612741,Chicago Bulls,4,0,2,Missed Shot,Jump Shot,3PT Field Goal,Above the Break 3,Left Side Center(LC),24+ ft.,26,-206,172,1,0,20251112,DET,CHI,28780,0,1628975|1630171|1630172|1631207|1641824,0,REG,2026,1610612741,,,,,
2250024010,,Shot Chart Detail,22500240,10,202696,Nikola Vučević,1610612741,Chicago Bulls,1,11,24,Missed Shot,Pullup Jump shot,2PT Field Goal,Mid-Range,Left Side Center(LC),16-24 ft.,16,-112,125,1,0,20251116,UTA,CHI,360,0,202696|1628989|1630171|1630581|1641824,0,REG,2026,1610612741,,,,,
2250024017,,Shot Chart Detail,22500240,17,1641824,Matas Buzelis,1610612741,Chicago Bulls,1,11,2,Made Shot,Driving Floating Jump Shot,2PT Field Goal,Mid-Range,Right Side(R),8-16 ft.,9,97,-1,1,1,20251116,UTA,CHI,580,0,202696|1628989|1630171|1630581|1641824,1,REG,2026,1610612741,,,,,
2250024026,,Shot Chart Detail,22500240,26,1628989,Kevin Huerter,1610612741,Chicago Bulls,1,10,29,Missed Shot,Jump Shot,3PT Field Goal,Above the Break 3,Left Side Center(LC),24+ ft.,25,-207,157,1,0,20251116,UTA,CHI,910,0,202696|1628989|1630171|1630581|1641824,0,REG,2026,1610612741,,,,,
2250024032,,Shot Chart Detail,22500240,32,1630581,Josh Giddey,1610612741,Chicago Bulls,1,9,51,Missed Shot,Pullup Jump shot,3PT Field Goal,Above the Break 3,Left Side Center(LC),24+ ft.,25,-92,233,1,0,20251116,UTA,CHI,1290,0,202696|1628989|1630171|1630581|1641824,0,REG,2026,1610612741,,,,,
2250024037,,Shot Chart Detail,22500240,37,1630581,Josh Giddey,1610612741,Chicago Bulls,1,9,18,Missed Shot,Driving Layup Shot,2PT Field Goal,Restricted Area,Center(C),Less Than 8 ft.,3,-2,37,1,0,20251116,UTA,CHI,1620,0,202696|1628989|1630171|1630581|1641824,0,REG,2026,1610612741,,,,,
2250024040,,Shot Chart Detail,22500240,40,1641824,Matas Buzelis,1610612741,Chicago Bulls,1,9,8,Made Shot,Driving Finger Roll Layup Shot,2PT Field Goal,In The Paint (Non-RA),Center(C),Less Than 8 ft.,7,-40,59,1,1,20251116,UTA,CHI,1720,0,202696|1628989|1630171|1630581|1641824,0,REG,2026,1610612741,,,,,
2250024043,,Shot Chart Detail,22500240,43,1630171,Isaac Okoro,1610612741,Chicago Bulls,1,8,44,Missed Shot,Cutting Layup Shot,2PT Field Goal,In The Paint (Non-RA),Center(C),Less Than 8 ft.,4,-7,49,1,0,20251116,UTA,CHI,1960,0,202696|1628989|1630171|1630581|1641824,0,REG,2026,1610612741,,,,,
2250024045,,Shot Chart Detail,22500240,45,1630171,Isaac Okoro,1610612741,Chicago Bulls,1,8,40,Missed Shot,Tip Layup Shot,2PT Field Goal,Restricted Area,Center(C),Less Than 8 ft.,0,0,0,1,0,20251116,UTA,CHI,2000,0,202696|1628989|1630171|1630581|1641824,0,REG,2026,1610612741,,,,,
2250024051,,Shot Chart Detail,22500240,51,1630171,Isaac Okoro,1610612741,Chicago Bulls,1,8,18,Missed Shot,Running Jump Shot,3PT Field Goal,Left Corner 3,Left Side(L),24+ ft.,23,-233,13,1,0,20251116,UTA,CHI,2220,0,202696|1628989|1630171|1630581|1641824,0,REG,2026,1610612741,,,,,
2250024054,,Shot Chart Detail,22500240,54,1641824,Matas Buzelis,1610612741,Chicago Bulls,1,7,51,Made Shot,Jump Shot,3PT Field Goal,Right Corner 3,Right Side(R),24+ ft.,22,221,17,1,1,20251116,UTA,CHI,2490,0,202696|1628989|1630171|1630581|1641824,1,REG,2026,1610612741,,,,,
2250024058,,Shot Chart Detail,22500240,58,1641824,Matas Buzelis,1610612741,Chicago Bulls,1,7,20,Missed Shot,Jump Shot,3PT Field Goal,Above the Break 3,Right Side Center(RC),24+ ft.,25,120,225,1,0,20251116,UTA,CHI,2800,0,202696|1628989|1630171|1630581|1641824,0,REG,2026,1610612741,,,,,
2250024073,,Shot Chart Detail,22500240,73,202696,Nikola Vučević,1610612741,Chicago Bulls,1,6,41,Made Shot,Floating Jump shot,2PT Field Goal,In The Paint (Non-RA),Center(C),Less Than 8 ft.,7,-43,65,1,1,20251116,UTA,CHI,3190,0,202696|1628989|1630171|1630581|1641824,1,REG,2026,1610612741,,,,,
2250024080,,Shot Chart Detail,22500240,80,1630581,Josh Giddey,1610612741,Chicago Bulls,1,6,6,Missed Shot,Driving Floating Jump Shot,2PT Field Goal,In The Paint (Non-RA),Center(C),Less Than 8 ft.,6,-38,58,1,0,20251116,UTA,CHI,3540,0,202696|1629632|1630171|1630581|1641824,0,REG,2026,1610612741,,,,,
2250024083,,Shot Chart Detail,22500240,83,202696,Nikola Vučević,1610612741,Chicago Bulls,1,5,41,Missed Shot,Jump Shot,3PT Field Goal,Above the Break 3,Center(C),24+ ft.,25,-38,253,1,0,20251116,UTA,CHI,3790,0,202696|1629632|1630171|1630581|1641824,0,REG,2026,1610612741,,,,,
2250024092,,Shot Chart Detail,22500240,92,1629632,Coby White,1610612741,Chicago Bulls,1,5,37,Made Shot,Jump Shot,3PT Field Goal,Right Corner 3,Right Side(R),24+ ft.,23,224,63,1,1,20251116,UTA,CHI,3830,0,202696|1629632|1630171|1630245|1641824,1,REG,2026,1610612741,,,,,
22500240103,,Shot Chart Detail,22500240,103,1641763,Julian Phillips,1610612741,Chicago Bulls,1,4,59,Made Shot,Dunk Shot,2PT Field Goal,Restricted Area,Center(C),Less Than 8 ft.,1,-18,6,1,1,20251116,UTA,CHI,4210,0,202696|1629632|1630172|1630245|1641763,1,REG,2026,1610612741,,,,,
22500240107,,Shot Chart Detail,22500240,107,1630245,Ayo Dosunmu,1610612741,Chicago Bulls,1,4,39,Missed Shot,Running Jump Shot,3PT Field Goal,Above the Break 3,Right Side Center(RC),24+ ft.,25,102,232,1,0,20251116,UTA,CHI,4410,0,202696|1629632|1630172|1630245|1641763,0,REG,2026,1610612741,,,,,
22500240133,,Shot Chart Detail,22500240,133,1630172,Patrick Williams,1610612741,Chicago Bulls,1,3,26,Made Shot,Pullup Jump shot,2PT Field Goal,Mid-Range,Left Side(L),8-16 ft.,9,-86,38,1,1,20251116,UTA,CHI,5140,0,1629632|1630172|1630188|1630245|1641763,0,REG,2026,1610612741,,,,,
22500240136,,Shot Chart Detail,22500240,136,1641763,Julian Phillips,1610612741,Chicago Bulls,1,3,3,Made Shot,Running Jump Shot,3PT Field Goal,Above the Break 3,Right Side Center(RC),24+ ft.,26,83,252,1,1,20251116,UTA,CHI,5370,0,1629632|1630172|1630188|1630245|1641763,1,REG,2026,1610612741,,,,,
22500240143,,Shot Chart Detail,22500240,143,1629632,Coby White,1610612741,Chicago Bulls,1,2,39,Made Shot,Jump Shot,3PT Field Goal,Above the Break 3,Left Side Center(LC),24+ ft.,27,-197,196,1,1,20251116,UTA,CHI,5610,0,1629632|1630172|1630188|1630245|1641763,1,REG,2026,1610612741,,,,,
22500240147,,Shot Chart Detail,22500240,147,1629632,Coby White,1610612741,Chicago Bulls,1,2,25,Missed Shot,Running Pull-Up Jump Shot,3PT Field Goal,Above the Break 3,Left Side Center(LC),24+ ft.,25,-165,194,1,0,20251116,UTA,CHI,5750,0,1629632|1630172|1630188|1630245|1641763,0,REG,2026,1610612741,,,,,
22500240151,,Shot Chart Detail,22500240,151,1630188,Jalen Smith,1610612741,Chicago Bulls,1,2,7,Missed Shot,Running Jump Shot,3PT Field Goal,Above the Break 3,Center(C),24+ ft.,25,34,251,1,0,20251116,UTA,CHI,5930,0,1629632|1630172|1630188|1630245|1641763,0,REG,2026,1610612741,,,,,
22500240154,,Shot Chart Detail,22500240,154,1641763,Julian Phillips,1610612741,Chicago Bulls,1,1,44,Made Shot,Jump Shot,3PT Field Goal,Left Corner 3,Left Side(L),24+ ft.,23,-233,-5,1,1,20251116,UTA,CHI,6160,0,1629632|1630172|1630188|1630245|1641763,1,REG,2026,1610612741,,,,,
22500240160,,Shot Chart Detail,22500240,160,1629632,Coby White,1610612741,Chicago Bulls,1,1,7,Missed Shot,Jump Shot,3PT Field Goal,Above the Break 3,Center(C),24+ ft.,25,40,253,1,0,20251116,UTA,CHI,6530,0,1629632|1630172|1630188|1630245|1641763,0,REG,2026,1610612741,,,,,
22500240164,,Shot Chart Detail,22500240,164,1630245,Ayo Dosunmu,1610612741,Chicago Bulls,1,0,51,Made Shot,Running Layup Shot,2PT Field Goal,In The Paint (Non-RA),Center(C),Less Than 8 ft.,5,45,37,1,1,20251116,UTA,CHI,6690,0,1629632|1630172|1630188|1630245|1641763,1,REG,2026,1610612741,,,,,
22500240174,,Shot Chart Detail,22500240,174,1630245,Ayo Dosunmu,1610612741,Chicago Bulls,1,0,3,Made Shot,Driving Floating Bank Jump Shot,2PT Field Goal,In The Paint (Non-RA),Left Side(L),8-16 ft.,10,-80,62,1,1,20251116,UTA,CHI,7170,0,1629632|1630172|1630188|1630245|1641763,0,REG,2026,1610612741,,,,,
22500240203,,Shot Chart Detail,22500240,203,1628989,Kevin Huerter,1610612741,Chicago Bulls,2,11,22,Missed Shot,Driving Layup Shot,2PT Field Goal,Restricted Area,Center(C),Less Than 8 ft.,2,26,13,1,0,20251116,UTA,CHI,7580,0,1628989|1630171|1630188|1630581|1641824,0,REG,2026,1610612741,,,,,
22500240215,,Shot Chart Detail,22500240,215,1630171,Isaac Okoro,1610612741,Chicago Bulls,2,11,0,Made Shot,Jump Shot,3PT Field Goal,Right Corner 3,Right Side(R),24+ ft.,23,228,68,1,1,20251116,UTA,CHI,7800,0,1628989|1630171|1630188|1630581|1641824,1,REG,2026,1610612741,,,,,
22500240219,,Shot Chart Detail,22500240,219,1630581,Josh Giddey,1610612741,Chicago Bulls,2,10,38,Missed Shot,Running Pull-Up Jump Shot,3PT Field Goal,Above the Break 3,Right Side Center(RC),24+ ft.,25,80,244,1,0,20251116,UTA,CHI,8020,0,1628989|1630171|1630188|1630581|1641824,0,REG,2026,1610612741,,,,,
22500240223,,Shot Chart Detail,22500240,223,1630188,Jalen Smith,1610612741,Chicago Bulls,2,10,20,Missed Shot,Jump Shot,3PT Field Goal,Above the Break 3,Center(C),24+ ft.,25,36,257,1,0,20251116,UTA,CHI,8200,0,1628989|1630171|1630188|1630581|1641824,0,REG,2026,1610612741,,,,,
22500240231,,Shot Chart Detail,22500240,231,1628989,Kevin Huerter,1610612741,Chicago Bulls,2,9,43,Missed Shot,Running Pull-Up Jump Shot,3PT Field Goal,Above the Break 3,Right Side Center(RC),24+ ft.,25,150,207,1,0,20251116,UTA,CHI,8570,0,1628989|1630171|1630188|1630581|1641824,0,REG,2026,1610612741,,,,,
22500240233,,Shot Chart Detail,22500240,233,1630581,Josh Giddey,1610612741,Chicago Bulls,2,9,37,Made Shot,Layup Shot,2PT Field Goal,Restricted Area,Center(C),Less Than 8 ft.,2,-11,26,1,1,20251116,UTA,CHI,8630,0,1628989|1630171|1630188|1630581|1641824,1,REG,2026,1610612741,,,,,
22500240237,,Shot Chart Detail,22500240,237,1641824,Matas Buzelis,1610612741,Chicago Bulls,2,9,3,Missed Shot,Driving Floating Jump Shot,2PT Field Goal,In The Paint (Non-RA),Center(C),Less Than 8 ft.,7,-27,69,1,0,20251116,UTA,CHI,8970,0,1628989|1630171|1630188|1630581|1641824,0,REG,2026,1610612741,,,,,
22500240239,,Shot Chart Detail,22500240,239,1641824,Matas Buzelis,1610612741,Chicago Bulls,2,9,1,Made Shot,Tip Layup Shot,2PT Field Goal,Restricted Area,Center(C),Less Than 8 ft.,0,0,0,1,1,20251116,UTA,CHI,8990,0,1628989|1630171|1630188|1630581|1641824,0,REG,2026,1610612741,,,,,
22500240255,,Shot Chart Detail,22500240,255,1628989,Kevin Huerter,1610612741,Chicago Bulls,2,8,14,Missed Shot,Driving Layup Shot,2PT Field Goal,In The Paint (Non-RA),Center(C),Less Than 8 ft.,4,32,29,1,0,20251116,UTA,CHI,9460,0,202696|1628989|1630171|1630245|1641824,0,REG,2026,1610612741,,,,,
22500240259,,Shot Chart Detail,22500240,259,1641824,Matas Buzelis,1610612741,Chicago Bulls,2,7,45,Missed Shot,Jump Shot,3PT Field Goal,Left Corner 3,Left Side(L),24+ ft.,23,-235,11,1,0,20251116,UTA,CHI,9750,0,202696|1628989|1630171|1630245|1641824,0,REG,2026,1610612741,,,,,
22500240263,,Shot Chart Detail,22500240,263,1630245,Ayo Dosunmu,1610612741,Chicago Bulls,2,7,28,Made Shot,Running Jump Shot,3PT Field Goal,Right Corner 3,Right Side(R),24+ ft.,22,224,13,1,1,20251116,UTA,CHI,9920,0,202696|1628989|1630171|1630245|1641824,1,REG,2026,1610612741,,,,,
22500240275,,Shot Chart Detail,22500240,275,202696,Nikola Vučević,1610612741,Chicago Bulls,2,6,58,Made Shot,Jump Shot,2PT Field Goal,Mid-Range,Center(C),8-16 ft.,15,4,154,1,1,20251116,UTA,CHI,10220,0,202696|1628989|1630245|1641763|1641824,1,REG,2026,1610612741,,,,,
22500240279,,Shot Chart Detail,22500240,279,1628989,Kevin Huerter,1610612741,Chicago Bulls,2,6,39,Made Shot,Running Layup Shot,2PT Field Goal,Restricted Area,Center(C),Less Than 8 ft.,3,-4,38,1,1,20251116,UTA,CHI,10410,0,202696|1628989|1630245|1641763|1641824,0,REG,2026,1610612741,,,,,
22500240286,,Shot Chart Detail,22500240,286,1630245,Ayo Dosunmu,1610612741,Chicago Bulls,2,6,9,Made Shot,Driving Floating Jump Shot,2PT Field Goal,In The Paint (Non-RA),Center(C),8-16 ft.,12,-1,127,1,1,20251116,UTA,CHI,10710,0,202696|1628989|1630245|1641763|1641824,0,REG,2026,1610612741,,,,,
22500240301,,Shot Chart Detail,22500240,301,1630172,Patrick Williams,1610612741,Chicago Bulls,2,5,36,Made Shot,Jump Shot,3PT Field Goal,Above the Break 3,Left Side Center(LC),24+ ft.,26,-147,223,1,1,20251116,UTA,CHI,11040,0,202696|1629632|1630172|1630245|1641763,1,REG,2026,1610612741,,,,,
22500240305,,Shot Chart Detail,22500240,305,1629632,Coby White,1610612741,Chicago Bulls,2,5,0,Missed Shot,Step Back Jump shot,3PT Field Goal,Above the Break 3,Left Side Center(LC),24+ ft.,25,-130,221,1,0,20251116,UTA,CHI,11400,0,202696|1629632|1630172|1630245|1641763,0,REG,2026,1610612741,,,,,
22500240309,,Shot Chart Detail,22500240,309,1630172,Patrick Williams,1610612741,Chicago Bulls,2,4,33,Missed Shot,Running Jump Shot,3PT Field Goal,Right Corner 3,Right Side(R),24+ ft.,22,227,8,1,0,20251116,UTA,CHI,11670,0,202696|1629632|1630172|1630245|1641763,0,REG,2026,1610612741,,,,,
22500240313,,Shot Chart Detail,22500240,313,202696,Nikola Vučević,1610612741,Chicago Bulls,2,4,10,Made Shot,Driving Floating Jump Shot,2PT Field Goal,In The Paint (Non-RA),Center(C),8-16 ft.,10,-5,104,1,1,20251116,UTA,CHI,11900,0,202696|1629632|1630172|1630245|1641763,1,REG,2026,1610612741,,,,,
22500240317,,Shot Chart Detail,22500240,317,1641763,Julian Phillips,1610612741,Chicago Bulls,2,3,44,Missed Shot,Jump Shot,3PT Field Goal,Left Corner 3,Left Side(L),24+ ft.,23,-233,-3,1,0,20251116,UTA,CHI,12160,0,202696|1629632|1630172|1630245|1641763,0,REG,2026,1610612741,,,,,
22500240321,,Shot Chart Detail,22500240,321,202696,Nikola Vučević,1610612741,Chicago Bulls,2,3,14,Missed Shot,Jump Shot,3PT Field Goal,Above the Break 3,Center(C),24+ ft.,26,-67,259,1,0,20251116,UTA,CHI,12460,0,202696|1629632|1630172|1630245|1641763,0,REG,2026,1610612741,,,,,
22500240337,,Shot Chart Detail,22500240,337,1641824,Matas Buzelis,1610612741,Chicago Bulls,2,2,33,Missed Shot,Jump Shot,3PT Field Goal,Left Corner 3,Left Side(L),24+ ft.,24,-234,70,1,0,20251116,UTA,CHI,12870,0,202696|1629632|1630171|1630581|1641824,0,REG,2026,1610612741,,,,,
22500240351,,Shot Chart Detail,22500240,351,1630581,Josh Giddey,1610612741,Chicago Bulls,2,1,54,Made Shot,Driving Finger Roll Layup Shot,2PT Field Goal,In The Paint (Non-RA),Center(C),Less Than 8 ft.,7,69,32,1,1,20251116,UTA,CHI,13260,0,202696|1629632|1630171|1630581|1641824,1,REG,2026,1610612741,,,,,
22500240358,,Shot Chart Detail,22500240,358,1641824,Matas Buzelis,1610612741,Chicago Bulls,2,1,34,Missed Shot,Running Layup Shot,2PT Field Goal,In The Paint (Non-RA),Center(C),Less Than 8 ft.,4,39,25,1,0,20251116,UTA,CHI,13460,0,202696|1629632|1630171|1630581|1641824,0,REG,2026,1610612741,,,,,
22500240365,,Shot Chart Detail,22500240,365,1630581,Josh Giddey,1610612741,Chicago Bulls,2,1,4,Made Shot,Jump Shot,3PT Field Goal,Above the Break 3,Right Side Center(RC),24+ ft.,25,110,227,1,1,20251116,UTA,CHI,13760,0,202696|1629632|1630171|1630581|1641824,1,REG,2026,1610612741,,,,,
22500240388,,Shot Chart Detail,22500240,388,1630581,Josh Giddey,1610612741,Chicago Bulls,2,0,0,Made Shot,Driving Reverse Layup Shot,2PT Field Goal,Restricted Area,Center(C),Less Than 8 ft.,2,-27,12,1,1,20251116,UTA,CHI,14400,0,202696|1628989|1629632|1630171|1630581,1,REG,2026,1610612741,,,,,
22500240411,,Shot Chart Detail,22500240,411,1628989,Kevin Huerter,1610612741,Chicago Bulls,3,10,57,Missed Shot,Driving Floating Jump Shot,2PT Field Goal,In The Paint (Non-RA),Center(C),Less Than 8 ft.,6,15,61,1,0,20251116,UTA,CHI,15030,0,202696|1628989|1630171|1630581|1641824,0,REG,2026,1610612741,,,,,
22500240415,,Shot Chart Detail,22500240,415,1630171,Isaac Okoro,1610612741,Chicago Bulls,3,10,41,Missed Shot,Running Jump Shot,3PT Field Goal,Left Corner 3,Left Side(L),24+ ft.,23,-235,-10,1,0,20251116,UTA,CHI,15190,0,202696|1628989|1630171|1630581|1641824,0,REG,2026,1610612741,,,,,
22500240418,,Shot Chart Detail,22500240,418,1630581,Josh Giddey,1610612741,Chicago Bulls,3,10,20,Made Shot,Driving Floating Bank Jump Shot,2PT Field Goal,In The Paint (Non-RA),Center(C),Less Than 8 ft.,7,50,57,1,1,20251116,UTA,CHI,15400,0,202696|1628989|1630171|1630581|1641824,0,REG,2026,1610612741,,,,,
22500240426,,Shot Chart Detail,22500240,426,202696,Nikola Vučević,1610612741,Chicago Bulls,3,9,51,Missed Shot,Jump Shot,3PT Field Goal,Above the Break 3,Right Side Center(RC),24+ ft.,25,175,188,1,0,20251116,UTA,CHI,15690,0,202696|1628989|1630171|1630581|1641824,0,REG,2026,1610612741,,,,,
22500240430,,Shot Chart Detail,22500240,430,202696,Nikola Vučević,1610612741,Chicago Bulls,3,9,18,Missed Shot,Driving Layup Shot,2PT Field Goal,In The Paint (Non-RA),Center(C),Less Than 8 ft.,5,-45,26,1,0,20251116,UTA,CHI,16020,0,202696|1628989|1630171|1630581|1641824,0,REG,2026,1610612741,,,,,
22500240432,,Shot Chart Detail,22500240,432,1628989,Kevin Huerter,1610612741,Chicago Bulls,3,9,17,Made Shot,Putback Layup Shot,2PT Field Goal,Restricted Area,Center(C),Less Than 8 ft.,3,-32,14,1,1,20251116,UTA,CHI,16030,0,202696|1628989|1630171|1630581|1641824,0,REG,2026,1610612741,,,,,
22500240436,,Shot Chart Detail,22500240,436,202696,Nikola Vučević,1610612741,Chicago Bulls,3,8,43,Made Shot,Floating Jump shot,2PT Field Goal,In The Paint (Non-RA),Right Side(R),8-16 ft.,8,59,58,1,1,20251116,UTA,CHI,16370,0,202696|1628989|1630171|1630581|1641824,1,REG,2026,1610612741,,,,,
22500240444,,Shot Chart Detail,22500240,444,202696,Nikola Vučević,1610612741,Chicago Bulls,3,8,19,Missed Shot,Floating Jump shot,2PT Field Goal,In The Paint (Non-RA),Center(C),Less Than 8 ft.,7,-25,74,1,0,20251116,UTA,CHI,16610,0,202696|1628989|1630171|1630172|1630581,0,REG,2026,1610612741,,,,,
22500240449,,Shot Chart Detail,22500240,449,202696,Nikola Vučević,1610612741,Chicago Bulls,3,7,50,Made Shot,Jump Shot,3PT Field Goal,Above the Break 3,Center(C),24+ ft.,26,15,267,1,1,20251116,UTA,CHI,16900,0,202696|1628989|1630171|1630172|1630581,1,REG,2026,1610612741,,,,,
22500240461,,Shot Chart Detail,22500240,461,202696,Nikola Vučević,1610612741,Chicago Bulls,3,7,9,Missed Shot,Jump Shot,2PT Field Goal,In The Paint (Non-RA),Center(C),8-16 ft.,13,10,136,1,0,20251116,UTA,CHI,17310,0,202696|1628989|1630171|1630172|1630581,0,REG,2026,1610612741,,,,,
22500240465,,Shot Chart Detail,22500240,465,1630172,Patrick Williams,1610612741,Chicago Bulls,3,6,54,Missed Shot,Pullup Jump shot,2PT Field Goal,In The Paint (Non-RA),Center(C),8-16 ft.,12,38,116,1,0,20251116,UTA,CHI,17460,0,202696|1628989|1630171|1630172|1630581,0,REG,2026,1610612741,,,,,
22500240489,,Shot Chart Detail,22500240,489,1630172,Patrick Williams,1610612741,Chicago Bulls,3,5,53,Made Shot,Jump Shot,3PT Field Goal,Left Corner 3,Left Side(L),24+ ft.,23,-232,-7,1,1,20251116,UTA,CHI,18070,0,202696|1629632|1630172|1630245|1641763,1,REG,2026,1610612741,,,,,
22500240495,,Shot Chart Detail,22500240,495,1641763,Julian Phillips,1610612741,Chicago Bulls,3,5,12,Made Shot,Cutting Dunk Shot,2PT Field Goal,Restricted Area,Center(C),Less Than 8 ft.,3,20,31,1,1,20251116,UTA,CHI,18480,0,202696|1629632|1630172|1630245|1641763,1,REG,2026,1610612741,,,,,
22500240500,,Shot Chart Detail,22500240,500,1629632,Coby White,1610612741,Chicago Bulls,3,4,31,Missed Shot,Step Back Jump shot,3PT Field Goal,Above the Break 3,Left Side Center(LC),24+ ft.,25,-105,236,1,0,20251116,UTA,CHI,18890,0,202696|1629632|1630172|1630245|1641763,0,REG,2026,1610612741,,,,,
22500240508,,Shot Chart Detail,22500240,508,1629632,Coby White,1610612741,Chicago Bulls,3,3,30,Missed Shot,Driving Layup Shot,2PT Field Goal,In The Paint (Non-RA),Center(C),Less Than 8 ft.,5,-47,32,1,0,20251116,UTA,CHI,19500,0,202696|1629632|1630172|1630245|1641763,0,REG,2026,1610612741,,,,,
22500240519,,Shot Chart Detail,22500240,519,1630245,Ayo Dosunmu,1610612741,Chicago Bulls,3,3,3,Made Shot,Driving Finger Roll Layup Shot,2PT Field Goal,In The Paint (Non-RA),Center(C),Less Than 8 ft.,4,26,35,1,1,20251116,UTA,CHI,19770,0,1629632|1630172|1630188|1630245|1641763,1,REG,2026,1610612741,,,,,
22500240523,,Shot Chart Detail,22500240,523,1630188,Jalen Smith,1610612741,Chicago Bulls,3,2,29,Missed Shot,Jump Shot,3PT Field Goal,Right Corner 3,Right Side(R),24+ ft.,22,228,-1,1,0,20251116,UTA,CHI,20110,0,1629632|1630172|1630188|1630245|1641763,0,REG,2026,1610612741,,,,,
22500240535,,Shot Chart Detail,22500240,535,1630581,Josh Giddey,1610612741,Chicago Bulls,3,2,25,Missed Shot,Driving Layup Shot,2PT Field Goal,In The Paint (Non-RA),Right Side(R),8-16 ft.,8,59,63,1,0,20251116,UTA,CHI,20150,0,1629632|1630188|1630245|1630581|1641824,0,REG,2026,1610612741,,,,,
22500240542,,Shot Chart Detail,22500240,542,1641824,Matas Buzelis,1610612741,Chicago Bulls,3,2,16,Made Shot,Cutting Dunk Shot,2PT Field Goal,In The Paint (Non-RA),Center(C),Less Than 8 ft.,4,36,26,1,1,20251116,UTA,CHI,20240,0,1629632|1630188|1630245|1630581|1641824,1,REG,2026,1610612741,,,,,
22500240549,,Shot Chart Detail,22500240,549,1630188,Jalen Smith,1610612741,Chicago Bulls,3,1,48,Made Shot,Jump Shot,3PT Field Goal,Left Corner 3,Left Side(L),24+ ft.,22,-227,-2,1,1,20251116,UTA,CHI,20520,0,1629632|1630188|1630245|1630581|1641824,1,REG,2026,1610612741,,,,,
22500240567,,Shot Chart Detail,22500240,567,1630188,Jalen Smith,1610612741,Chicago Bulls,3,0,56,Missed Shot,Jump Shot,3PT Field Goal,Above the Break 3,Center(C),24+ ft.,25,50,255,1,0,20251116,UTA,CHI,21040,0,1629632|1630171|1630188|1630245|1630581,0,REG,2026,1610612741,,,,,
22500240575,,Shot Chart Detail,22500240,575,1629632,Coby White,1610612741,Chicago Bulls,3,0,31,Missed Shot,Driving Layup Shot,2PT Field Goal,In The Paint (Non-RA),Center(C),Less Than 8 ft.,5,45,32,1,0,20251116,UTA,CHI,21290,0,1629632|1630171|1630188|1630581|1641824,0,REG,2026,1610612741,,,,,
22500240594,,Shot Chart Detail,22500240,594,1630581,Josh Giddey,1610612741,Chicago Bulls,4,11,32,Made Shot,Jump Shot,3PT Field Goal,Above the Break 3,Center(C),24+ ft.,25,45,255,1,1,20251116,UTA,CHI,21880,0,1628989|1630171|1630188|1630581|1641824,1,REG,2026,1610612741,,,,,
22500240600,,Shot Chart Detail,22500240,600,1630188,Jalen Smith,1610612741,Chicago Bulls,4,11,0,Missed Shot,Jump Shot,3PT Field Goal,Above the Break 3,Center(C),24+ ft.,27,69,271,1,0,20251116,UTA,CHI,22200,0,1628989|1630171|1630188|1630581|1641824,0,REG,2026,1610612741,,,,,
22500240618,,Shot Chart Detail,22500240,618,1630581,Josh Giddey,1610612741,Chicago Bulls,4,9,45,Missed Shot,Jump Shot,3PT Field Goal,Above the Break 3,Left Side Center(LC),24+ ft.,24,-192,158,1,0,20251116,UTA,CHI,22950,0,1628989|1630171|1630188|1630581|1641824,0,REG,2026,1610612741,,,,,
22500240635,,Shot Chart Detail,22500240,635,1630188,Jalen Smith,1610612741,Chicago Bulls,4,8,41,Made Shot,Jump Shot,3PT Field Goal,Above the Break 3,Center(C),24+ ft.,26,58,260,1,1,20251116,UTA,CHI,23590,0,1628989|1630188|1630245|1630581|1641824,1,REG,2026,1610612741,,,,,
22500240639,,Shot Chart Detail,22500240,639,1630581,Josh Giddey,1610612741,Chicago Bulls,4,8,14,Made Shot,Running Layup Shot,2PT Field Goal,Restricted Area,Center(C),Less Than 8 ft.,3,-27,26,1,1,20251116,UTA,CHI,23860,0,1628989|1630188|1630245|1630581|1641824,1,REG,2026,1610612741,,,,,
22500240652,,Shot Chart Detail,22500240,652,1630245,Ayo Dosunmu,1610612741,Chicago Bulls,4,7,45,Missed Shot,Driving Layup Shot,2PT Field Goal,In The Paint (Non-RA),Center(C),Less Than 8 ft.,5,42,31,1,0,20251116,UTA,CHI,24150,0,1628989|1630188|1630245|1630581|1641824,0,REG,2026,1610612741,,,,,
22500240654,,Shot Chart Detail,22500240,654,1630581,Josh Giddey,1610612741,Chicago Bulls,4,7,40,Missed Shot,Jump Shot,3PT Field Goal,Above the Break 3,Right Side Center(RC),24+ ft.,25,114,232,1,0,20251116,UTA,CHI,24200,0,1628989|1630188|1630245|1630581|1641824,0,REG,2026,1610612741,,,,,
22500240658,,Shot Chart Detail,22500240,658,1641824,Matas Buzelis,1610612741,Chicago Bulls,4,7,14,Made Shot,Jump Shot,3PT Field Goal,Left Corner 3,Left Side(L),24+ ft.,24,-232,79,1,1,20251116,UTA,CHI,24460,0,1628989|1630188|1630245|1630581|1641824,1,REG,2026,1610612741,,,,,
22500240663,,Shot Chart Detail,22500240,663,1630188,Jalen Smith,1610612741,Chicago Bulls,4,6,53,Made Shot,Running Layup Shot,2PT Field Goal,In The Paint (Non-RA),Center(C),Less Than 8 ft.,5,-44,26,1,1,20251116,UTA,CHI,24670,0,1628989|1630188|1630245|1630581|1641824,1,REG,2026,1610612741,,,,,
22500240677,,Shot Chart Detail,22500240,677,1629632,Coby White,1610612741,Chicago Bulls,4,6,15,Missed Shot,Driving Floating Jump Shot,2PT Field Goal,In The Paint (Non-RA),Center(C),8-16 ft.,12,62,108,1,0,20251116,UTA,CHI,25050,0,202696|1628989|1629632|1630171|1630245,0,REG,2026,1610612741,,,,,
22500240690,,Shot Chart Detail,22500240,690,202696,Nikola Vučević,1610612741,Chicago Bulls,4,5,36,Made Shot,Jump Shot,3PT Field Goal,Above the Break 3,Left Side Center(LC),24+ ft.,27,-99,256,1,1,20251116,UTA,CHI,25440,0,202696|1629632|1630171|1630245|1630581,1,REG,2026,1610612741,,,,,
22500240702,,Shot Chart Detail,22500240,702,1630171,Isaac Okoro,1610612741,Chicago Bulls,4,4,56,Missed Shot,Driving Layup Shot,2PT Field Goal,In The Paint (Non-RA),Center(C),Less Than 8 ft.,5,-45,35,1,0,20251116,UTA,CHI,25840,0,202696|1629632|1630171|1630245|1630581,0,REG,2026,1610612741,,,,,
22500240714,,Shot Chart Detail,22500240,714,1629632,Coby White,1610612741,Chicago Bulls,4,4,8,Missed Shot,Running Pull-Up Jump Shot,2PT Field Goal,Mid-Range,Center(C),16-24 ft.,23,-1,234,1,0,20251116,UTA,CHI,26320,0,202696|1629632|1630171|1630245|1630581,0,REG,2026,1610612741,,,,,
22500240723,,Shot Chart Detail,22500240,723,1630245,Ayo Dosunmu,1610612741,Chicago Bulls,4,3,10,Made Shot,Jump Shot,3PT Field Goal,Above the Break 3,Center(C),24+ ft.,25,26,258,1,1,20251116,UTA,CHI,26900,0,202696|1629632|1630171|1630245|1630581,1,REG,2026,1610612741,,,,,
22500240727,,Shot Chart Detail,22500240,727,1629632,Coby White,1610612741,Chicago Bulls,4,2,26,Made Shot,Jump Shot,3PT Field Goal,Above the Break 3,Right Side Center(RC),24+ ft.,26,91,248,1,1,20251116,UTA,CHI,27340,0,202696|1629632|1630171|1630245|1630581,1,REG,2026,1610612741,,,,,
22500240731,,Shot Chart Detail,22500240,731,1630245,Ayo Dosunmu,1610612741,Chicago Bulls,4,1,59,Missed Shot,Driving Layup Shot,2PT Field Goal,Restricted Area,Center(C),Less Than 8 ft.,3,-28,13,1,0,20251116,UTA,CHI,27610,0,202696|1629632|1630171|1630245|1630581,0,REG,2026,1610612741,,,,,
22500240735,,Shot Chart Detail,22500240,735,1630581,Josh Giddey,1610612741,Chicago Bulls,4,1,47,Missed Shot,Pullup Jump shot,2PT Field Goal,Mid-Range,Left Side(L),8-16 ft.,10,-103,27,1,0,20251116,UTA,CHI,27730,0,202696|1629632|1630171|1630245|1630581,0,REG,2026,1610612741,,,,,
22500240738,,Shot Chart Detail,22500240,738,1630245,Ayo Dosunmu,1610612741,Chicago Bulls,4,1,26,Missed Shot,Jump Shot,3PT Field Goal,Left Corner 3,Left Side(L),24+ ft.,22,-224,6,1,0,20251116,UTA,CHI,27940,0,202696|1629632|1630171|1630245|1630581,0,REG,2026,1610612741,,,,,
22500240753,,Shot Chart Detail,22500240,753,1630581,Josh Giddey,1610612741,Chicago Bulls,4,0,37,Made Shot,Floating Jump shot,2PT Field Goal,In The Paint (Non-RA),Right Side(R),8-16 ft.,10,70,82,1,1,20251116,UTA,CHI,28430,0,202696|1628989|1629632|1630581|1641824,1,REG,2026,1610612741,,,,,
22500240767,,Shot Chart Detail,22500240,767,1630581,Josh Giddey,1610612741,Chicago Bulls,4,0,4,Missed Shot,Driving Finger Roll Layup Shot,2PT Field Goal,In The Paint (Non-RA),Center(C),Less Than 8 ft.,4,7,42,1,0,20251116,UTA,CHI,28760,0,202696|1628989|1629632|1630581|1641824,0,REG,2026,1610612741,,,,,
22500240769,,Shot Chart Detail,22500240,769,1630581,Josh Giddey,1610612741,Chicago Bulls,4,0,3,Missed Shot,Tip Layup Shot,2PT Field Goal,Restricted Area,Center(C),Less Than 8 ft.,0,0,0,1,0,20251116,UTA,CHI,28770,0,202696|1630171|1630172|1630581|1641824,0,REG,2026,1610612741,,,,,
22500240804,,Shot Chart Detail,22500240,804,1628989,Kevin Huerter,1610612741,Chicago Bulls,5,3,35,Missed Shot,Driving Reverse Layup Shot,2PT Field Goal,Restricted Area,Center(C),Less Than 8 ft.,3,33,10,1,0,20251116,UTA,CHI,29650,1,202696|1628989|1630171|1630581|1641824,0,REG,2026,1610612741,,,,,
22500240809,,Shot Chart Detail,22500240,809,1630581,Josh Giddey,1610612741,Chicago Bulls,5,3,24,Missed Shot,Running Pull-Up Jump Shot,3PT Field Goal,Above the Break 3,Center(C),24+ ft.,24,21,245,1,0,20251116,UTA,CHI,29760,1,202696|1628989|1630171|1630581|1641824,0,REG,2026,1610612741,,,,,
22500240812,,Shot Chart Detail,22500240,812,1630581,Josh Giddey,1610612741,Chicago Bulls,5,2,38,Made Shot,Fadeaway Jump Shot,2PT Field Goal,In The Paint (Non-RA),Center(C),8-16 ft.,12,4,129,1,1,20251116,UTA,CHI,30220,1,202696|1628989|1630171|1630581|1641824,0,REG,2026,1610612741,,,,,
22500240817,,Shot Chart Detail,22500240,817,202696,Nikola Vučević,1610612741,Chicago Bulls,5,1,47,Made Shot,Driving Hook Shot,2PT Field Goal,In The Paint (Non-RA),Center(C),Less Than 8 ft.,6,-5,61,1,1,20251116,UTA,CHI,30730,1,202696|1628989|1630171|1630581|1641824,1,REG,2026,1610612741,,,,,
22500240825,,Shot Chart Detail,22500240,825,202696,Nikola Vučević,1610612741,Chicago Bulls,5,1,11,Missed Shot,Jump Shot,3PT Field Goal,Above the Break 3,Left Side Center(LC),24+ ft.,24,-140,200,1,0,20251116,UTA,CHI,31090,1,202696|1629632|1630171|1630581|1641824,0,REG,2026,1610612741,,,,,
22500240837,,Shot Chart Detail,22500240,837,1641824,Matas Buzelis,1610612741,Chicago Bulls,5,0,27,Made Shot,Cutting Dunk Shot,2PT Field Goal,Restricted Area,Center(C),Less Than 8 ft.,2,-18,14,1,1,20251116,UTA,CHI,31530,1,202696|1629632|1630171|1630581|1641824,1,REG,2026,1610612741,,,,,
22500240860,,Shot Chart Detail,22500240,860,1629632,Coby White,1610612741,Chicago Bulls,5,0,0,Made Shot,Driving Finger Roll Layup Shot,2PT Field Goal,In The Paint (Non-RA),Center(C),Less Than 8 ft.,6,55,37,1,1,20251116,UTA,CHI,31800,1,202696|1628989|1629632|1630581|1641824,0,REG,2026,1610612741,,,,,
22500240873,,Shot Chart Detail,22500240,873,1641824,Matas Buzelis,1610612741,Chicago Bulls,6,4,36,Missed Shot,Driving Layup Shot,2PT Field Goal,Restricted Area,Center(C),Less Than 8 ft.,3,-2,37,1,0,20251116,UTA,CHI,32040,2,202696|1630171|1630245|1630581|1641824,0,REG,2026,1610612741,,,,,
22500240896,,Shot Chart Detail,22500240,896,1630171,Isaac Okoro,1610612741,Chicago Bulls,6,3,23,Made Shot,Cutting Layup Shot,2PT Field Goal,Restricted Area,Center(C),Less Than 8 ft.,2,22,20,1,1,20251116,UTA,CHI,32770,2,202696|1628989|1629632|1630171|1630581,1,REG,2026,1610612741,,,,,
22500240902,,Shot Chart Detail,22500240,902,1629632,Coby White,1610612741,Chicago Bulls,6,2,56,Made Shot,Driving Finger Roll Layup Shot,2PT Field Goal,In The Paint (Non-RA),Center(C),Less Than 8 ft.,4,43,21,1,1,20251116,UTA,CHI,33040,2,202696|1628989|1629632|1630171|1630581,0,REG,2026,1610612741,,,,,
22500240905,,Shot Chart Detail,22500240,905,1630581,Josh Giddey,1610612741,Chicago Bulls,6,2,21,Missed Shot,Driving Floating Jump Shot,2PT Field Goal,In The Paint (Non-RA),Center(C),Less Than 8 ft.,7,-13,77,1,0,20251116,UTA,CHI,33390,2,202696|1628989|1629632|1630171|1630581,0,REG,2026,1610612741,,,,,
22500240919,,Shot Chart Detail,22500240,919,1629632,Coby White,1610612741,Chicago Bulls,6,0,51,Missed Shot,Pullup Jump shot,3PT Field Goal,Above the Break 3,Center(C),24+ ft.,27,-39,269,1,0,20251116,UTA,CHI,34290,2,202696|1628989|1629632|1630171|1630581,0,REG,2026,1610612741,,,,,
22500240921,,Shot Chart Detail,22500240,921,202696,Nikola Vučević,1610612741,Chicago Bulls,6,0,45,Made Shot,Jump Shot,3PT Field Goal,Above the Break 3,Right Side Center(RC),24+ ft.,25,89,240,1,1,20251116,UTA,CHI,34350,2,202696|1628989|1629632|1630171|1630581,1,REG,2026,1610612741,,,,,
22500240956,,Shot Chart Detail,22500240,956,202696,Nikola Vučević,1610612741,Chicago Bulls,6,0,0,Missed Shot,Jump Shot,3PT Field Goal,Above the Break 3,Center(C),24+ ft.,28,67,276,1,0,20251116,UTA,CHI,34800,2,202696|1628989|1629632|1630171|1630581,0,REG,2026,1610612741,,,,,
225002489,,Shot Chart Detail,22500248,9,1630581,Josh Giddey,1610612741,Chicago Bulls,1,11,22,Missed Shot,Jump Shot,3PT Field Goal,Above the Break 3,Right Side Center(RC),24+ ft.,26,167,212,1,0,20251117,DEN,CHI,380,0,202696|1628989|1630171|1630581|1641824,0,REG,2026,1610612741,,,,,
2250024813,,Shot Chart Detail,22500248,13,1628989,Kevin Huerter,1610612741,Chicago Bulls,1,10,59,Missed Shot,Jump Shot,3PT Field Goal,Right Corner 3,Right Side(R),24+ ft.,24,241,25,1,0,20251117,DEN,CHI,610,0,202696|1628989|1630171|1630581|1641824,0,REG,2026,1610612741,,,,,
2250024820,,Shot Chart Detail,22500248,20,202696,Nikola Vučević,1610612741,Chicago Bulls,1,10,23,Missed Shot,Jump Shot,3PT Field Goal,Right Corner 3,Right Side(R),24+ ft.,23,235,7,1,0,20251117,DEN,CHI,970,0,202696|1628989|1630171|1630581|1641824,0,REG,2026,1610612741,,,,,
2250024824,,Shot Chart Detail,22500248,24,1628989,Kevin Huerter,1610612741,Chicago Bulls,1,9,55,Made Shot,Jump Shot,3PT Field Goal,Left Corner 3,Left Side(L),24+ ft.,22,-223,11,1,1,20251117,DEN,CHI,1250,0,202696|1628989|1630171|1630581|1641824,1,REG,2026,1610612741,,,,,
2250024830,,Shot Chart Detail,22500248,30,202696,Nikola Vučević,1610612741,Chicago Bulls,1,9,18,Missed Shot,Jump Shot,2PT Field Goal,In The Paint (Non-RA),Center(C),8-16 ft.,12,-32,116,1,0,20251117,DEN,CHI,1620,0,202696|1628989|1630171|1630581|1641824,0,REG,2026,1610612741,,,,,
2250024834,,Shot Chart Detail,22500248,34,1641824,Matas Buzelis,1610612741,Chicago Bulls,1,8,51,Missed Shot,Driving Layup Shot,2PT Field Goal,In The Paint (Non-RA),Right Side(R),8-16 ft.,8,54,69,1,0,20251117,DEN,CHI,1890,0,202696|1628989|1630171|1630581|1641824,0,REG,2026,1610612741,,,,,
2250024839,,Shot Chart Detail,22500248,39,1641824,Matas Buzelis,1610612741,Chicago Bulls,1,8,24,Missed Shot,Cutting Layup Shot,2PT Field Goal,Restricted Area,Center(C),Less Than 8 ft.,1,-6,16,1,0,20251117,DEN,CHI,2160,0,202696|1628989|1630171|1630581|1641824,0,REG,2026,1610612741,,,,,
2250024849,,Shot Chart Detail,22500248,49,1628989,Kevin Huerter,1610612741,Chicago Bulls,1,7,49,Missed Shot,Jump Shot,3PT Field Goal,Above the Break 3,Right Side Center(RC),24+ ft.,26,126,232,1,0,20251117,DEN,CHI,2510,0,202696|1628989|1630171|1630581|1641824,0,REG,2026,1610612741,,,,,
2250024854,,Shot Chart Detail,22500248,54,1641824,Matas Buzelis,1610612741,Chicago Bulls,1,7,15,Made Shot,Driving Layup Shot,2PT Field Goal,Restricted Area,Center(C),Less Than 8 ft.,2,4,21,1,1,20251117,DEN,CHI,2850,0,202696|1628989|1630171|1630581|1641824,0,REG,2026,1610612741,,,,,
2250024866,,Shot Chart Detail,22500248,66,1630581,Josh Giddey,1610612741,Chicago Bulls,1,6,48,Made Shot,Driving Floating Bank Jump Shot,2PT Field Goal,Mid-Range,Left Side(L),16-24 ft.,16,-141,81,1,1,20251117,DEN,CHI,3120,0,202696|1630171|1630172|1630581|1641824,1,REG,2026,1610612741,,,,,
2250024870,,Shot Chart Detail,22500248,70,1630581,Josh Giddey,1610612741,Chicago Bulls,1,6,17,Missed Shot,Running Layup Shot,2PT Field Goal,In The Paint (Non-RA),Center(C),Less Than 8 ft.,4,38,21,1,0,20251117,DEN,CHI,3430,0,202696|1630171|1630172|1630581|1641824,0,REG,2026,1610612741,,,,,
2250024872,,Shot Chart Detail,22500248,72,1630581,Josh Giddey,1610612741,Chicago Bulls,1,6,15,Made Shot,Tip Layup Shot,2PT Field Goal,Restricted Area,Center(C),Less Than 8 ft.,0,0,0,1,1,20251117,DEN,CHI,3450,0,202696|1630171|1630172|1630581|1641824,0,REG,2026,1610612741,,,,,
2250024876,,Shot Chart Detail,22500248,76,202696,Nikola Vučević,1610612741,Chicago Bulls,1,5,53,Missed Shot,Jump Shot,3PT Field Goal,Above the Break 3,Left Side Center(LC),24+ ft.,25,-129,225,1,0,20251117,DEN,CHI,3670,0,202696|1630171|1630172|1630581|1641824,0,REG,2026,1610612741,,,,,
2250024879,,Shot Chart Detail,22500248,79,1641824,Matas Buzelis,1610612741,Chicago Bulls,1,5,24,Made Shot,Jump Shot,3PT Field Goal,Above the Break 3,Right Side Center(RC),24+ ft.,26,221,141,1,1,20251117,DEN,CHI,3960,0,202696|1630171|1630172|1630581|1641824,1,REG,2026,1610612741,,,,,
2250024887,,Shot Chart Detail,22500248,87,1641824,Matas Buzelis,1610612741,Chicago Bulls,1,4,30,Made Shot,Running Pull-Up Jump Shot,3PT Field Goal,Above the Break 3,Left Side Center(LC),24+ ft.,25,-159,205,1,1,20251117,DEN,CHI,4500,0,202696|1630171|1630172|1630581|1641824,1,REG,2026,1610612741,,,,,
2250024890,,Shot Chart Detail,22500248,90,1630171,Isaac Okoro,1610612741,Chicago Bulls,1,4,5,Made Shot,Cutting Layup Shot,2PT Field Goal,Restricted Area,Center(C),Less Than 8 ft.,3,33,12,1,1,20251117,DEN,CHI,4750,0,202696|1630171|1630172|1630581|1641824,1,REG,2026,1610612741,,,,,
22500248112,,Shot Chart Detail,22500248,112,1630172,Patrick Williams,1610612741,Chicago Bulls,1,3,41,Made Shot,Jump Shot,3PT Field Goal,Above the Break 3,Center(C),24+ ft.,29,-78,280,1,1,20251117,DEN,CHI,4990,0,1628975|1630172|1630188|1630245|1631207,1,REG,2026,1610612741,,,,,
22500248116,,Shot Chart Detail,22500248,116,1630172,Patrick Williams,1610612741,Chicago Bulls,1,3,13,Missed Shot,Driving Layup Shot,2PT Field Goal,In The Paint (Non-RA),Center(C),Less Than 8 ft.,7,-37,67,1,0,20251117,DEN,CHI,5270,0,1628975|1630172|1630188|1630245|1631207,0,REG,2026,1610612741,,,,,
22500248120,,Shot Chart Detail,22500248,120,1631207,Dalen Terry,1610612741,Chicago Bulls,1,3,6,Made Shot,Jump Shot,3PT Field Goal,Right Corner 3,Right Side(R),24+ ft.,23,230,17,1,1,20251117,DEN,CHI,5340,0,1628975|1630172|1630188|1630245|1631207,1,REG,2026,1610612741,,,,,
22500248130,,Shot Chart Detail,22500248,130,1628975,Jevon Carter,1610612741,Chicago Bulls,1,2,2,Made Shot,Jump Shot,3PT Field Goal,Above the Break 3,Center(C),24+ ft.,26,43,260,1,1,20251117,DEN,CHI,5980,0,1628975|1630172|1630188|1630245|1631207,1,REG,2026,1610612741,,,,,
22500248134,,Shot Chart Detail,22500248,134,1630172,Patrick Williams,1610612741,Chicago Bulls,1,1,39,Missed Shot,Turnaround Fadeaway shot,2PT Field Goal,In The Paint (Non-RA),Center(C),8-16 ft.,10,20,107,1,0,20251117,DEN,CHI,6210,0,1628975|1630172|1630188|1630245|1631207,0,REG,2026,1610612741,,,,,
22500248141,,Shot Chart Detail,22500248,141,1628975,Jevon Carter,1610612741,Chicago Bulls,1,1,11,Made Shot,Pullup Jump shot,3PT Field Goal,Above the Break 3,Center(C),24+ ft.,26,-28,259,1,1,20251117,DEN,CHI,6490,0,1628975|1630172|1630188|1630245|1631207,0,REG,2026,1610612741,,,,,
22500248144,,Shot Chart Detail,22500248,144,1630172,Patrick Williams,1610612741,Chicago Bulls,1,0,48,Missed Shot,Jump Shot,3PT Field Goal,Above the Break 3,Left Side Center(LC),24+ ft.,27,-151,225,1,0,20251117,DEN,CHI,6720,0,1628975|1630172|1630188|1630245|1631207,0,REG,2026,1610612741,,,,,
22500248150,,Shot Chart Detail,22500248,150,1628975,Jevon Carter,1610612741,Chicago Bulls,1,0,32,Missed Shot,Driving Layup Shot,2PT Field Goal,In The Paint (Non-RA),Center(C),Less Than 8 ft.,7,43,57,1,0,20251117,DEN,CHI,6880,0,1628975|1630172|1630188|1630245|1631207,0,REG,2026,1610612741,,,,,
22500248154,,Shot Chart Detail,22500248,154,1630188,Jalen Smith,1610612741,Chicago Bulls,1,0,2,Missed Shot,Jump Shot,3PT Field Goal,Above the Break 3,Center(C),24+ ft.,27,-49,275,1,0,20251117,DEN,CHI,7180,0,1628975|1630172|1630188|1630245|1631207,0,REG,2026,1610612741,,,,,
22500248160,,Shot Chart Detail,22500248,160,1630245,Ayo Dosunmu,1610612741,Chicago Bulls,2,11,49,Made Shot,Driving Floating Jump Shot,2PT Field Goal,In The Paint (Non-RA),Center(C),Less Than 8 ft.,6,13,65,1,1,20251117,DEN,CHI,7310,0,1628975|1630188|1630245|1631207|1641763,0,REG,2026,1610612741,,,,,
22500248163,,Shot Chart Detail,22500248,163,1628975,Jevon Carter,1610612741,Chicago Bulls,2,11,19,Missed Shot,Fadeaway Jump Shot,3PT Field Goal,Above the Break 3,Right Side Center(RC),24+ ft.,26,200,181,1,0,20251117,DEN,CHI,7610,0,1628975|1630188|1630245|1631207|1641763,0,REG,2026,1610612741,,,,,
22500248167,,Shot Chart Detail,22500248,167,1630188,Jalen Smith,1610612741,Chicago Bulls,2,11,4,Made Shot,Running Jump Shot,3PT Field Goal,Above the Break 3,Left Side Center(LC),24+ ft.,26,-94,251,1,1,20251117,DEN,CHI,7760,0,1628975|1630188|1630245|1631207|1641763,1,REG,2026,1610612741,,,,,
22500248172,,Shot Chart Detail,22500248,172,1628975,Jevon Carter,1610612741,Chicago Bulls,2,10,27,Made Shot,Jump Shot,3PT Field Goal,Left Corner 3,Left Side(L),24+ ft.,22,-224,16,1,1,20251117,DEN,CHI,8130,0,1628975|1630188|1630245|1631207|1641763,1,REG,2026,1610612741,,,,,
22500248180,,Shot Chart Detail,22500248,180,1631207,Dalen Terry,1610612741,Chicago Bulls,2,10,0,Made Shot,Running Layup Shot,2PT Field Goal,In The Paint (Non-RA),Center(C),Less Than 8 ft.,5,6,50,1,1,20251117,DEN,CHI,8400,0,1628975|1630188|1630245|1631207|1641763,0,REG,2026,1610612741,,,,,
22500248183,,Shot Chart Detail,22500248,183,1628975,Jevon Carter,1610612741,Chicago Bulls,2,9,36,Missed Shot,Running Jump Shot,3PT Field Goal,Above the Break 3,Right Side Center(RC),24+ ft.,25,196,169,1,0,20251117,DEN,CHI,8640,0,1628975|1630188|1630245|1631207|1641763,0,REG,2026,1610612741,,,,,
22500248185,,Shot Chart Detail,22500248,185,1641763,Julian Phillips,1610612741,Chicago Bulls,2,9,34,Missed Shot,Tip Dunk Shot,2PT Field Goal,Restricted Area,Center(C),Less Than 8 ft.,0,0,0,1,0,20251117,DEN,CHI,8660,0,1628975|1630188|1630245|1631207|1641763,0,REG,2026,1610612741,,,,,
22500248187,,Shot Chart Detail,22500248,187,1630188,Jalen Smith,1610612741,Chicago Bulls,2,9,29,Made Shot,Jump Shot,3PT Field Goal,Above the Break 3,Right Side Center(RC),24+ ft.,25,136,221,1,1,20251117,DEN,CHI,8710,0,1628975|1630188|1630245|1631207|1641763,1,REG,2026,1610612741,,,,,
22500248190,,Shot Chart Detail,22500248,190,1630245,Ayo Dosunmu,1610612741,Chicago Bulls,2,8,55,Made Shot,Jump Shot,3PT Field Goal,Above the Break 3,Left Side Center(LC),24+ ft.,24,-201,143,1,1,20251117,DEN,CHI,9050,0,1628975|1630188|1630245|1631207|1641763,1,REG,2026,1610612741,,,,,
22500248200,,Shot Chart Detail,22500248,200,1628975,Jevon Carter,1610612741,Chicago Bulls,2,8,4,Missed Shot,Pullup Jump shot,2PT Field Goal,Mid-Range,Left Side(L),16-24 ft.,18,-164,81,1,0,20251117,DEN,CHI,9560,0,1628975|1630188|1630245|1631207|1641763,0,REG,2026,1610612741,,,,,
22500248202,,Shot Chart Detail,22500248,202,1630188,Jalen Smith,1610612741,Chicago Bulls,2,7,58,Made Shot,Driving Reverse Layup Shot,2PT Field Goal,Restricted Area,Center(C),Less Than 8 ft.,2,-15,18,1,1,20251117,DEN,CHI,9620,0,1628975|1630188|1630245|1631207|1641763,1,REG,2026,1610612741,,,,,
22500248206,,Shot Chart Detail,22500248,206,1630245,Ayo Dosunmu,1610612741,Chicago Bulls,2,7,29,Made Shot,Running Dunk Shot,2PT Field Goal,Restricted Area,Center(C),Less Than 8 ft.,1,12,10,1,1,20251117,DEN,CHI,9910,0,1628975|1630188|1630245|1631207|1641763,1,REG,2026,1610612741,,,,,
22500248217,,Shot Chart Detail,22500248,217,1630188,Jalen Smith,1610612741,Chicago Bulls,2,6,53,Missed Shot,Turnaround Bank shot,2PT Field Goal,In The Paint (Non-RA),Center(C),Less Than 8 ft.,5,50,31,1,0,20251117,DEN,CHI,10270,0,1628975|1630188|1630245|1631207|1641763,0,REG,2026,1610612741,,,,,
22500248239,,Shot Chart Detail,22500248,239,1628989,Kevin Huerter,1610612741,Chicago Bulls,2,6,6,Made Shot,Cutting Layup Shot,2PT Field Goal,Restricted Area,Center(C),Less Than 8 ft.,3,34,12,1,1,20251117,DEN,CHI,10740,0,202696|1628989|1630171|1630581|1641824,1,REG,2026,1610612741,,,,,
22500248243,,Shot Chart Detail,22500248,243,202696,Nikola Vučević,1610612741,Chicago Bulls,2,5,42,Missed Shot,Jump Shot,3PT Field Goal,Right Corner 3,Right Side(R),24+ ft.,24,239,22,1,0,20251117,DEN,CHI,10980,0,202696|1628989|1630171|1630581|1641824,0,REG,2026,1610612741,,,,,
22500248245,,Shot Chart Detail,22500248,245,1641824,Matas Buzelis,1610612741,Chicago Bulls,2,5,40,Made Shot,Tip Layup Shot,2PT Field Goal,Restricted Area,Center(C),Less Than 8 ft.,0,0,0,1,1,20251117,DEN,CHI,11000,0,202696|1628989|1630171|1630581|1641824,0,REG,2026,1610612741,,,,,
22500248248,,Shot Chart Detail,22500248,248,1641824,Matas Buzelis,1610612741,Chicago Bulls,2,5,8,Missed Shot,Driving Reverse Layup Shot,2PT Field Goal,In The Paint (Non-RA),Center(C),Less Than 8 ft.,5,33,39,1,0,20251117,DEN,CHI,11320,0,202696|1628989|1630171|1630581|1641824,0,REG,2026,1610612741,,,,,
22500248254,,Shot Chart Detail,22500248,254,1630581,Josh Giddey,1610612741,Chicago Bulls,2,4,39,Made Shot,Driving Floating Jump Shot,2PT Field Goal,In The Paint (Non-RA),Center(C),8-16 ft.,13,36,131,1,1,20251117,DEN,CHI,11610,0,202696|1628989|1630171|1630581|1641824,0,REG,2026,1610612741,,,,,
22500248256,,Shot Chart Detail,22500248,256,202696,Nikola Vučević,1610612741,Chicago Bulls,2,4,16,Missed Shot,Pullup Jump shot,2PT Field Goal,In The Paint (Non-RA),Center(C),Less Than 8 ft.,7,-54,57,1,0,20251117,DEN,CHI,11840,0,202696|1628989|1630171|1630581|1641824,0,REG,2026,1610612741,,,,,
22500248260,,Shot Chart Detail,22500248,260,202696,Nikola Vučević,1610612741,Chicago Bulls,2,3,49,Missed Shot,Jump Shot,3PT Field Goal,Above the Break 3,Left Side Center(LC),24+ ft.,26,-105,239,1,0,20251117,DEN,CHI,12110,0,202696|1628989|1630171|1630581|1641824,0,REG,2026,1610612741,,,,,
22500248268,,Shot Chart Detail,22500248,268,1630171,Isaac Okoro,1610612741,Chicago Bulls,2,3,39,Missed Shot,Jump Shot,3PT Field Goal,Right Corner 3,Right Side(R),24+ ft.,24,243,16,1,0,20251117,DEN,CHI,12210,0,202696|1628989|1630171|1630581|1641824,0,REG,2026,1610612741,,,,,
22500248270,,Shot Chart Detail,22500248,270,1641824,Matas Buzelis,1610612741,Chicago Bulls,2,3,37,Missed Shot,Tip Layup Shot,2PT Field Goal,Restricted Area,Center(C),Less Than 8 ft.,0,0,0,1,0,20251117,DEN,CHI,12230,0,202696|1628989|1630171|1630581|1641824,0,REG,2026,1610612741,,,,,
22500248277,,Shot Chart Detail,22500248,277,1628989,Kevin Huerter,1610612741,Chicago Bulls,2,3,14,Missed Shot,Jump Shot,3PT Field Goal,Above the Break 3,Right Side Center(RC),24+ ft.,26,186,190,1,0,20251117,DEN,CHI,12460,0,202696|1628989|1630171|1630581|1641824,0,REG,2026,1610612741,,,,,
22500248294,,Shot Chart Detail,22500248,294,1628989,Kevin Huerter,1610612741,Chicago Bulls,2,1,57,Made Shot,Driving Floating Bank Jump Shot,2PT Field Goal,Mid-Range,Right Side(R),8-16 ft.,10,92,49,1,1,20251117,DEN,CHI,13230,0,1628989|1630172|1630188|1630581|1641824,0,REG,2026,1610612741,,,,,
22500248297,,Shot Chart Detail,22500248,297,1630188,Jalen Smith,1610612741,Chicago Bulls,2,1,23,Made Shot,Jump Shot,3PT Field Goal,Above the Break 3,Right Side Center(RC),24+ ft.,25,96,241,1,1,20251117,DEN,CHI,13570,0,1628989|1630172|1630188|1630581|1641824,1,REG,2026,1610612741,,,,,
22500248301,,Shot Chart Detail,22500248,301,1641824,Matas Buzelis,1610612741,Chicago Bulls,2,0,44,Missed Shot,Driving Layup Shot,2PT Field Goal,In The Paint (Non-RA),Left Side(L),8-16 ft.,8,-60,65,1,0,20251117,DEN,CHI,13960,0,1628989|1630172|1630188|1630581|1641824,0,REG,2026,1610612741,,,,,
22500248306,,Shot Chart Detail,22500248,306,1630188,Jalen Smith,1610612741,Chicago Bulls,2,0,28,Made Shot,Jump Shot,2PT Field Goal,Mid-Range,Right Side Center(RC),16-24 ft.,23,119,197,1,1,20251117,DEN,CHI,14120,0,1628989|1630172|1630188|1630581|1641824,1,REG,2026,1610612741,,,,,
22500248320,,Shot Chart Detail,22500248,320,1630188,Jalen Smith,1610612741,Chicago Bulls,2,0,1,Missed Shot,Jump Shot,3PT Field Goal,Left Corner 3,Left Side(L),24+ ft.,22,-225,22,1,0,20251117,DEN,CHI,14390,0,1628989|1630171|1630172|1630188|1630581,0,REG,2026,1610612741,,,,,
22500248332,,Shot Chart Detail,22500248,332,202696,Nikola Vučević,1610612741,Chicago Bulls,3,11,43,Made Shot,Floating Jump shot,2PT Field Goal,In The Paint (Non-RA),Center(C),8-16 ft.,9,4,96,1,1,20251117,DEN,CHI,14570,0,202696|1628989|1630171|1630581|1641824,1,REG,2026,1610612741,,,,,
22500248336,,Shot Chart Detail,22500248,336,1641824,Matas Buzelis,1610612741,Chicago Bulls,3,11,15,Missed Shot,Jump Shot,3PT Field Goal,Above the Break 3,Left Side Center(LC),24+ ft.,25,-188,176,1,0,20251117,DEN,CHI,14850,0,202696|1628989|1630171|1630581|1641824,0,REG,2026,1610612741,,,,,
22500248339,,Shot Chart Detail,22500248,339,1628989,Kevin Huerter,1610612741,Chicago Bulls,3,10,41,Made Shot,Jump Shot,3PT Field Goal,Above the Break 3,Right Side Center(RC),24+ ft.,24,227,92,1,1,20251117,DEN,CHI,15190,0,202696|1628989|1630171|1630581|1641824,1,REG,2026,1610612741,,,,,
22500248351,,Shot Chart Detail,22500248,351,1628989,Kevin Huerter,1610612741,Chicago Bulls,3,9,32,Made Shot,Cutting Layup Shot,2PT Field Goal,Restricted Area,Center(C),Less Than 8 ft.,3,-32,10,1,1,20251117,DEN,CHI,15880,0,202696|1628989|1630171|1630581|1641824,1,REG,2026,1610612741,,,,,
22500248355,,Shot Chart Detail,22500248,355,1630581,Josh Giddey,1610612741,Chicago Bulls,3,9,1,Made Shot,Pullup Jump shot,2PT Field Goal,In The Paint (Non-RA),Left Side(L),8-16 ft.,11,-59,95,1,1,20251117,DEN,CHI,16190,0,202696|1628989|1630171|1630581|1641824,0,REG,2026,1610612741,,,,,
22500248360,,Shot Chart Detail,22500248,360,1641824,Matas Buzelis,1610612741,Chicago Bulls,3,8,15,Made Shot,Cutting Dunk Shot,2PT Field Goal,Restricted Area,Center(C),Less Than 8 ft.,0,-5,8,1,1,20251117,DEN,CHI,16650,0,202696|1628989|1630171|1630581|1641824,1,REG,2026,1610612741,,,,,
22500248365,,Shot Chart Detail,22500248,365,1630171,Isaac Okoro,1610612741,Chicago Bulls,3,7,37,Missed Shot,Jump Shot,3PT Field Goal,Right Corner 3,Right Side(R),24+ ft.,22,225,40,1,0,20251117,DEN,CHI,17030,0,202696|1628989|1630171|1630581|1641824,0,REG,2026,1610612741,,,,,
22500248367,,Shot Chart Detail,22500248,367,1630581,Josh Giddey,1610612741,Chicago Bulls,3,7,31,Missed Shot,Fadeaway Jump Shot,2PT Field Goal,Mid-Range,Right Side(R),8-16 ft.,11,114,3,1,0,20251117,DEN,CHI,17090,0,202696|1628989|1630171|1630581|1641824,0,REG,2026,1610612741,,,,,
22500248371,,Shot Chart Detail,22500248,371,1641824,Matas Buzelis,1610612741,Chicago Bulls,3,7,14,Missed Shot,Jump Shot,3PT Field Goal,Above the Break 3,Right Side Center(RC),24+ ft.,25,131,215,1,0,20251117,DEN,CHI,17260,0,202696|1628989|1630171|1630581|1641824,0,REG,2026,1610612741,,,,,
22500248376,,Shot Chart Detail,22500248,376,1628989,Kevin Huerter,1610612741,Chicago Bulls,3,6,44,Made Shot,Jump Shot,3PT Field Goal,Above the Break 3,Center(C),24+ ft.,25,75,241,1,1,20251117,DEN,CHI,17560,0,202696|1628989|1630171|1630581|1641824,1,REG,2026,1610612741,,,,,
22500248384,,Shot Chart Detail,22500248,384,202696,Nikola Vučević,1610612741,Chicago Bulls,3,6,20,Made Shot,Jump Shot,3PT Field Goal,Above the Break 3,Left Side Center(LC),24+ ft.,25,-140,215,1,1,20251117,DEN,CHI,17800,0,202696|1630171|1630245|1630581|1641824,1,REG,2026,1610612741,,,,,
22500248388,,Shot Chart Detail,22500248,388,1630581,Josh Giddey,1610612741,Chicago Bulls,3,5,49,Made Shot,Running Finger Roll Layup Shot,2PT Field Goal,Restricted Area,Center(C),Less Than 8 ft.,3,-27,17,1,1,20251117,DEN,CHI,18110,0,202696|1630171|1630245|1630581|1641824,0,REG,2026,1610612741,,,,,
22500248392,,Shot Chart Detail,22500248,392,1630245,Ayo Dosunmu,1610612741,Chicago Bulls,3,5,24,Missed Shot,Jump Shot,3PT Field Goal,Right Corner 3,Right Side(R),24+ ft.,22,225,34,1,0,20251117,DEN,CHI,18360,0,202696|1630171|1630245|1630581|1641824,0,REG,2026,1610612741,,,,,
22500248394,,Shot Chart Detail,22500248,394,1641824,Matas Buzelis,1610612741,Chicago Bulls,3,5,19,Missed Shot,Jump Shot,3PT Field Goal,Above the Break 3,Center(C),24+ ft.,25,45,256,1,0,20251117,DEN,CHI,18410,0,202696|1630171|1630245|1630581|1641824,0,REG,2026,1610612741,,,,,
22500248398,,Shot Chart Detail,22500248,398,1630245,Ayo Dosunmu,1610612741,Chicago Bulls,3,4,44,Made Shot,Hook Shot,2PT Field Goal,In The Paint (Non-RA),Center(C),Less Than 8 ft.,5,-48,19,1,1,20251117,DEN,CHI,18760,0,202696|1630171|1630245|1630581|1641824,1,REG,2026,1610612741,,,,,
22500248418,,Shot Chart Detail,22500248,418,1630172,Patrick Williams,1610612741,Chicago Bulls,3,4,2,Missed Shot,Running Jump Shot,3PT Field Goal,Right Corner 3,Right Side(R),24+ ft.,22,222,45,1,0,20251117,DEN,CHI,19180,0,1628975|1630172|1630188|1630245|1630581,0,REG,2026,1610612741,,,,,
22500248429,,Shot Chart Detail,22500248,429,1630188,Jalen Smith,1610612741,Chicago Bulls,3,3,36,Missed Shot,Driving Layup Shot,2PT Field Goal,Restricted Area,Center(C),Less Than 8 ft.,3,16,27,1,0,20251117,DEN,CHI,19440,0,1628975|1630172|1630188|1630245|1631207,0,REG,2026,1610612741,,,,,
22500248433,,Shot Chart Detail,22500248,433,1628975,Jevon Carter,1610612741,Chicago Bulls,3,3,26,Missed Shot,Running Pull-Up Jump Shot,3PT Field Goal,Above the Break 3,Center(C),24+ ft.,26,-6,268,1,0,20251117,DEN,CHI,19540,0,1628975|1630172|1630188|1630245|1631207,0,REG,2026,1610612741,,,,,
22500248435,,Shot Chart Detail,22500248,435,1628975,Jevon Carter,1610612741,Chicago Bulls,3,3,20,Made Shot,Jump Shot,3PT Field Goal,Above the Break 3,Left Side Center(LC),24+ ft.,26,-232,129,1,1,20251117,DEN,CHI,19600,0,1628975|1630172|1630188|1630245|1631207,0,REG,2026,1610612741,,,,,
22500248438,,Shot Chart Detail,22500248,438,1630245,Ayo Dosunmu,1610612741,Chicago Bulls,3,2,54,Made Shot,Running Finger Roll Layup Shot,2PT Field Goal,Restricted Area,Center(C),Less Than 8 ft.,3,-4,32,1,1,20251117,DEN,CHI,19860,0,1628975|1630172|1630188|1630245|1631207,0,REG,2026,1610612741,,,,,
22500248442,,Shot Chart Detail,22500248,442,1630188,Jalen Smith,1610612741,Chicago Bulls,3,2,40,Made Shot,Running Layup Shot,2PT Field Goal,In The Paint (Non-RA),Center(C),Less Than 8 ft.,4,-38,13,1,1,20251117,DEN,CHI,20000,0,1628975|1630172|1630188|1630245|1631207,1,REG,2026,1610612741,,,,,
22500248470,,Shot Chart Detail,22500248,470,1628975,Jevon Carter,1610612741,Chicago Bulls,3,1,55,Missed Shot,Cutting Layup Shot,2PT Field Goal,Restricted Area,Center(C),Less Than 8 ft.,2,23,19,1,0,20251117,DEN,CHI,20450,0,1628975|1630172|1630188|1630245|1631207,0,REG,2026,1610612741,,,,,
22500248477,,Shot Chart Detail,22500248,477,1630245,Ayo Dosunmu,1610612741,Chicago Bulls,3,1,15,Made Shot,Cutting Layup Shot,2PT Field Goal,Restricted Area,Center(C),Less Than 8 ft.,3,-36,6,1,1,20251117,DEN,CHI,20850,0,1628975|1630172|1630188|1630245|1631207,1,REG,2026,1610612741,,,,,
22500248485,,Shot Chart Detail,22500248,485,1630172,Patrick Williams,1610612741,Chicago Bulls,3,0,47,Made Shot,Pullup Jump shot,2PT Field Goal,Mid-Range,Right Side Center(RC),16-24 ft.,18,126,142,1,1,20251117,DEN,CHI,21130,0,1628975|1630172|1630245|1631207|1641763,1,REG,2026,1610612741,,,,,
22500248491,,Shot Chart Detail,22500248,491,1641763,Julian Phillips,1610612741,Chicago Bulls,3,0,27,Missed Shot,Jump Shot,3PT Field Goal,Left Corner 3,Left Side(L),24+ ft.,24,-240,-15,1,0,20251117,DEN,CHI,21330,0,1628975|1630172|1630245|1631207|1641763,0,REG,2026,1610612741,,,,,
22500248511,,Shot Chart Detail,22500248,511,1631207,Dalen Terry,1610612741,Chicago Bulls,4,11,26,Missed Shot,Jump Shot,3PT Field Goal,Above the Break 3,Right Side Center(RC),24+ ft.,25,116,232,1,0,20251117,DEN,CHI,21940,0,202696|1628975|1630245|1631207|1641763,0,REG,2026,1610612741,,,,,
22500248515,,Shot Chart Detail,22500248,515,1628975,Jevon Carter,1610612741,Chicago Bulls,4,10,50,Made Shot,Jump Shot,3PT Field Goal,Left Corner 3,Left Side(L),24+ ft.,23,-238,11,1,1,20251117,DEN,CHI,22300,0,202696|1628975|1630245|1631207|1641763,1,REG,2026,1610612741,,,,,
22500248518,,Shot Chart Detail,22500248,518,1641763,Julian Phillips,1610612741,Chicago Bulls,4,10,28,Made Shot,Cutting Dunk Shot,2PT Field Goal,Restricted Area,Center(C),Less Than 8 ft.,1,-9,14,1,1,20251117,DEN,CHI,22520,0,202696|1628975|1630245|1631207|1641763,1,REG,2026,1610612741,,,,,
22500248530,,Shot Chart Detail,22500248,530,1628975,Jevon Carter,1610612741,Chicago Bulls,4,9,39,Missed Shot,Jump Shot,3PT Field Goal,Above the Break 3,Right Side Center(RC),24+ ft.,25,219,121,1,0,20251117,DEN,CHI,23010,0,202696|1628975|1630245|1631207|1641763,0,REG,2026,1610612741,,,,,
22500248539,,Shot Chart Detail,22500248,539,1630245,Ayo Dosunmu,1610612741,Chicago Bulls,4,9,3,Made Shot,Driving Floating Jump Shot,2PT Field Goal,In The Paint (Non-RA),Center(C),Less Than 8 ft.,6,5,64,1,1,20251117,DEN,CHI,23370,0,202696|1628975|1630245|1631207|1641763,0,REG,2026,1610612741,,,,,
22500248545,,Shot Chart Detail,22500248,545,1628975,Jevon Carter,1610612741,Chicago Bulls,4,8,15,Missed Shot,Jump Shot,3PT Field Goal,Left Corner 3,Left Side(L),24+ ft.,23,-235,34,1,0,20251117,DEN,CHI,23850,0,202696|1628975|1630245|1631207|1641763,0,REG,2026,1610612741,,,,,
22500248548,,Shot Chart Detail,22500248,548,1641763,Julian Phillips,1610612741,Chicago Bulls,4,7,42,Missed Shot,Jump Shot,3PT Field Goal,Left Corner 3,Left Side(L),24+ ft.,24,-243,6,1,0,20251117,DEN,CHI,24180,0,202696|1628975|1630245|1631207|1641763,0,REG,2026,1610612741,,,,,
22500248564,,Shot Chart Detail,22500248,564,1631207,Dalen Terry,1610612741,Chicago Bulls,4,7,14,Missed Shot,Jump Shot,3PT Field Goal,Right Corner 3,Right Side(R),24+ ft.,22,225,27,1,0,20251117,DEN,CHI,24460,0,1630172|1630188|1630245|1630581|1631207,0,REG,2026,1610612741,,,,,
22500248584,,Shot Chart Detail,22500248,584,1628989,Kevin Huerter,1610612741,Chicago Bulls,4,6,14,Missed Shot,Running Jump Shot,3PT Field Goal,Right Corner 3,Right Side(R),24+ ft.,23,234,31,1,0,20251117,DEN,CHI,25060,0,1628989|1630172|1630188|1630581|1641824,0,REG,2026,1610612741,,,,,
22500248588,,Shot Chart Detail,22500248,588,1630172,Patrick Williams,1610612741,Chicago Bulls,4,5,43,Missed Shot,Jump Shot,3PT Field Goal,Above the Break 3,Right Side Center(RC),24+ ft.,25,221,117,1,0,20251117,DEN,CHI,25370,0,1628989|1630172|1630188|1630581|1641824,0,REG,2026,1610612741,,,,,
22500248593,,Shot Chart Detail,22500248,593,1630188,Jalen Smith,1610612741,Chicago Bulls,4,5,16,Missed Shot,Jump Shot,3PT Field Goal,Above the Break 3,Center(C),24+ ft.,25,36,253,1,0,20251117,DEN,CHI,25640,0,1628989|1630172|1630188|1630581|1641824,0,REG,2026,1610612741,,,,,
22500248595,,Shot Chart Detail,22500248,595,1630581,Josh Giddey,1610612741,Chicago Bulls,4,5,14,Missed Shot,Jump Shot,3PT Field Goal,Above the Break 3,Right Side Center(RC),24+ ft.,25,137,219,1,0,20251117,DEN,CHI,25660,0,1628989|1630172|1630188|1630581|1641824,0,REG,2026,1610612741,,,,,
22500248597,,Shot Chart Detail,22500248,597,1630581,Josh Giddey,1610612741,Chicago Bulls,4,5,9,Made Shot,Driving Floating Jump Shot,2PT Field Goal,In The Paint (Non-RA),Center(C),Less Than 8 ft.,6,-7,62,1,1,20251117,DEN,CHI,25710,0,1628989|1630172|1630188|1630581|1641824,0,REG,2026,1610612741,,,,,
22500248606,,Shot Chart Detail,22500248,606,1630581,Josh Giddey,1610612741,Chicago Bulls,4,4,48,Made Shot,Driving Layup Shot,2PT Field Goal,In The Paint (Non-RA),Center(C),Less Than 8 ft.,4,34,31,1,1,20251117,DEN,CHI,25920,0,202696|1628989|1630245|1630581|1641824,0,REG,2026,1610612741,,,,,
22500248613,,Shot Chart Detail,22500248,613,202696,Nikola Vučević,1610612741,Chicago Bulls,4,4,24,Missed Shot,Jump Shot,3PT Field Goal,Above the Break 3,Center(C),24+ ft.,27,39,268,1,0,20251117,DEN,CHI,26160,0,202696|1628989|1630245|1630581|1641824,0,REG,2026,1610612741,,,,,
22500248615,,Shot Chart Detail,22500248,615,202696,Nikola Vučević,1610612741,Chicago Bulls,4,4,9,Missed Shot,Turnaround Hook Shot,2PT Field Goal,In The Paint (Non-RA),Center(C),Less Than 8 ft.,5,-1,50,1,0,20251117,DEN,CHI,26310,0,202696|1628989|1630245|1630581|1641824,0,REG,2026,1610612741,,,,,
22500248624,,Shot Chart Detail,22500248,624,1641824,Matas Buzelis,1610612741,Chicago Bulls,4,3,6,Missed Shot,Driving Floating Jump Shot,2PT Field Goal,In The Paint (Non-RA),Center(C),8-16 ft.,10,-22,99,1,0,20251117,DEN,CHI,26940,0,202696|1628989|1630245|1630581|1641824,0,REG,2026,1610612741,,,,,
22500248628,,Shot Chart Detail,22500248,628,202696,Nikola Vučević,1610612741,Chicago Bulls,4,2,42,Missed Shot,Jump Shot,3PT Field Goal,Left Corner 3,Left Side(L),24+ ft.,24,-241,64,1,0,20251117,DEN,CHI,27180,0,202696|1628989|1630245|1630581|1641824,0,REG,2026,1610612741,,,,,
22500248632,,Shot Chart Detail,22500248,632,1628989,Kevin Huerter,1610612741,Chicago Bulls,4,2,32,Missed Shot,Jump Shot,3PT Field Goal,Above the Break 3,Right Side Center(RC),24+ ft.,28,125,256,1,0,20251117,DEN,CHI,27280,0,202696|1628989|1630245|1630581|1641824,0,REG,2026,1610612741,,,,,
22500248635,,Shot Chart Detail,22500248,635,1630581,Josh Giddey,1610612741,Chicago Bulls,4,2,6,Made Shot,Turnaround Jump Shot,2PT Field Goal,In The Paint (Non-RA),Center(C),8-16 ft.,8,-40,78,1,1,20251117,DEN,CHI,27540,0,202696|1628989|1630245|1630581|1641824,0,REG,2026,1610612741,,,,,
22500248639,,Shot Chart Detail,22500248,639,1628989,Kevin Huerter,1610612741,Chicago Bulls,4,1,25,Made Shot,Jump Shot,3PT Field Goal,Above the Break 3,Right Side Center(RC),24+ ft.,28,176,224,1,1,20251117,DEN,CHI,27950,0,202696|1628989|1630245|1630581|1641824,1,REG,2026,1610612741,,,,,
22500248643,,Shot Chart Detail,22500248,643,1630245,Ayo Dosunmu,1610612741,Chicago Bulls,4,1,4,Made Shot,Running Dunk Shot,2PT Field Goal,Restricted Area,Center(C),Less Than 8 ft.,0,0,9,1,1,20251117,DEN,CHI,28160,0,202696|1628989|1630245|1630581|1641824,0,REG,2026,1610612741,,,,,
22500248647,,Shot Chart Detail,22500248,647,202696,Nikola Vučević,1610612741,Chicago Bulls,4,0,38,Missed Shot,Driving Layup Shot,2PT Field Goal,In The Paint (Non-RA),Center(C),Less Than 8 ft.,4,-6,40,1,0,20251117,DEN,CHI,28420,0,202696|1628989|1630245|1630581|1641824,0,REG,2026,1610612741,,,,,
22500248653,,Shot Chart Detail,22500248,653,202696,Nikola Vučević,1610612741,Chicago Bulls,4,0,33,Made Shot,Jump Shot,3PT Field Goal,Above the Break 3,Center(C),24+ ft.,25,-44,255,1,1,20251117,DEN,CHI,28470,0,202696|1628989|1630245|1630581|1641824,1,REG,2026,1610612741,,,,,
225002639,,Shot Chart Detail,22500263,9,202696,Nikola Vučević,1610612741,Chicago Bulls,1,11,35,Made Shot,Jump Shot,2PT Field Goal,Mid-Range,Left Side(L),16-24 ft.,17,-157,81,1,1,20251119,POR,CHI,250,0,202696|1628989|1630171|1630581|1641824,1,REG,2026,1610612741,,,,,
2250026317,,Shot Chart Detail,22500263,17,1630581,Josh Giddey,1610612741,Chicago Bulls,1,10,41,Missed Shot,Driving Floating Bank Jump Shot,2PT Field Goal,In The Paint (Non-RA),Center(C),Less Than 8 ft.,7,71,36,1,0,20251119,POR,CHI,790,0,202696|1628989|1630171|1630581|1641824,0,REG,2026,1610612741,,,,,
2250026322,,Shot Chart Detail,22500263,22,1628989,Kevin Huerter,1610612741,Chicago Bulls,1,10,17,Missed Shot,Running Jump Shot,3PT Field Goal,Above the Break 3,Left Side Center(LC),24+ ft.,27,-148,232,1,0,20251119,POR,CHI,1030,0,202696|1628989|1630171|1630581|1641824,0,REG,2026,1610612741,,,,,
2250026336,,Shot Chart Detail,22500263,36,202696,Nikola Vučević,1610612741,Chicago Bulls,1,9,35,Made Shot,Jump Shot,3PT Field Goal,Above the Break 3,Left Side Center(LC),24+ ft.,26,-96,243,1,1,20251119,POR,CHI,1450,0,202696|1628989|1630171|1630172|1630581,1,REG,2026,1610612741,,,,,
2250026340,,Shot Chart Detail,22500263,40,202696,Nikola Vučević,1610612741,Chicago Bulls,1,9,11,Missed Shot,Jump Shot,3PT Field Goal,Above the Break 3,Center(C),24+ ft.,26,-12,267,1,0,20251119,POR,CHI,1690,0,202696|1628989|1630171|1630172|1630581,0,REG,2026,1610612741,,,,,
2250026349,,Shot Chart Detail,22500263,49,1630172,Patrick Williams,1610612741,Chicago Bulls,1,8,41,Made Shot,Running Pull-Up Jump Shot,3PT Field Goal,Above the Break 3,Right Side Center(RC),24+ ft.,25,147,210,1,1,20251119,POR,CHI,1990,0,202696|1628989|1630171|1630172|1630581,1,REG,2026,1610612741,,,,,
2250026354,,Shot Chart Detail,22500263,54,1628989,Kevin Huerter,1610612741,Chicago Bulls,1,8,23,Missed Shot,Jump Shot,3PT Field Goal,Right Corner 3,Right Side(R),24+ ft.,22,221,52,1,0,20251119,POR,CHI,2170,0,202696|1628989|1630171|1630172|1630581,0,REG,2026,1610612741,,,,,
2250026357,,Shot Chart Detail,22500263,57,1630581,Josh Giddey,1610612741,Chicago Bulls,1,7,58,Missed Shot,Driving Floating Jump Shot,2PT Field Goal,In The Paint (Non-RA),Center(C),8-16 ft.,8,5,85,1,0,20251119,POR,CHI,2420,0,202696|1628989|1630171|1630172|1630581,0,REG,2026,1610612741,,,,,
2250026364,,Shot Chart Detail,22500263,64,202696,Nikola Vučević,1610612741,Chicago Bulls,1,7,31,Made Shot,Jump Shot,3PT Field Goal,Above the Break 3,Center(C),24+ ft.,25,-13,254,1,1,20251119,POR,CHI,2690,0,202696|1628989|1630171|1630172|1630581,1,REG,2026,1610612741,,,,,
2250026368,,Shot Chart Detail,22500263,68,202696,Nikola Vučević,1610612741,Chicago Bulls,1,7,12,Made Shot,Turnaround Hook Shot,2PT Field Goal,In The Paint (Non-RA),Center(C),Less Than 8 ft.,7,-64,38,1,1,20251119,POR,CHI,2880,0,202696|1628989|1630171|1630172|1630581,1,REG,2026,1610612741,,,,,
2250026372,,Shot Chart Detail,22500263,72,1630581,Josh Giddey,1610612741,Chicago Bulls,1,6,49,Made Shot,Driving Floating Bank Jump Shot,2PT Field Goal,In The Paint (Non-RA),Center(C),Less Than 8 ft.,4,40,20,1,1,20251119,POR,CHI,3110,0,202696|1628989|1630171|1630172|1630581,0,REG,2026,1610612741,,,,,
2250026375,,Shot Chart Detail,22500263,75,1630171,Isaac Okoro,1610612741,Chicago Bulls,1,6,33,Missed Shot,Running Jump Shot,3PT Field Goal,Left Corner 3,Left Side(L),24+ ft.,23,-232,16,1,0,20251119,POR,CHI,3270,0,202696|1628989|1630171|1630172|1630581,0,REG,2026,1610612741,,,,,
2250026377,,Shot Chart Detail,22500263,77,1630171,Isaac Okoro,1610612741,Chicago Bulls,1,6,21,Missed Shot,Jump Shot,3PT Field Goal,Left Corner 3,Left Side(L),24+ ft.,23,-234,17,1,0,20251119,POR,CHI,3390,0,202696|1628989|1630171|1630172|1630581,0,REG,2026,1610612741,,,,,
2250026391,,Shot Chart Detail,22500263,91,1631207,Dalen Terry,1610612741,Chicago Bulls,1,5,54,Missed Shot,Running Jump Shot,3PT Field Goal,Right Corner 3,Right Side(R),24+ ft.,22,224,26,1,0,20251119,POR,CHI,3660,0,202696|1628989|1630172|1630581|1631207,0,REG,2026,1610612741,,,,,
2250026394,,Shot Chart Detail,22500263,94,1630581,Josh Giddey,1610612741,Chicago Bulls,1,5,19,Missed Shot,Jump Shot,3PT Field Goal,Right Corner 3,Right Side(R),24+ ft.,23,227,76,1,0,20251119,POR,CHI,4010,0,202696|1628989|1630172|1630581|1631207,0,REG,2026,1610612741,,,,,
22500263100,,Shot Chart Detail,22500263,100,1628989,Kevin Huerter,1610612741,Chicago Bulls,1,4,43,Made Shot,Driving Floating Jump Shot,2PT Field Goal,In The Paint (Non-RA),Center(C),8-16 ft.,8,1,88,1,1,20251119,POR,CHI,4370,0,202696|1628989|1630172|1630581|1631207,0,REG,2026,1610612741,,,,,
22500263103,,Shot Chart Detail,22500263,103,1630172,Patrick Williams,1610612741,Chicago Bulls,1,4,7,Missed Shot,Driving Floating Jump Shot,2PT Field Goal,In The Paint (Non-RA),Center(C),8-16 ft.,8,-16,79,1,0,20251119,POR,CHI,4730,0,202696|1628989|1630172|1630581|1631207,0,REG,2026,1610612741,,,,,
22500263127,,Shot Chart Detail,22500263,127,1629632,Coby White,1610612741,Chicago Bulls,1,3,21,Made Shot,Jump Shot,3PT Field Goal,Left Corner 3,Left Side(L),24+ ft.,24,-237,39,1,1,20251119,POR,CHI,5190,0,1628975|1629632|1630188|1630245|1631207,1,REG,2026,1610612741,,,,,
22500263142,,Shot Chart Detail,22500263,142,1630188,Jalen Smith,1610612741,Chicago Bulls,1,2,48,Missed Shot,Jump Shot,3PT Field Goal,Above the Break 3,Right Side Center(RC),24+ ft.,25,146,204,1,0,20251119,POR,CHI,5520,0,1628975|1629632|1630188|1630245|1631207,0,REG,2026,1610612741,,,,,
22500263146,,Shot Chart Detail,22500263,146,1630188,Jalen Smith,1610612741,Chicago Bulls,1,2,25,Made Shot,Jump Shot,3PT Field Goal,Right Corner 3,Right Side(R),24+ ft.,22,223,10,1,1,20251119,POR,CHI,5750,0,1628975|1629632|1630188|1630245|1631207,1,REG,2026,1610612741,,,,,
22500263154,,Shot Chart Detail,22500263,154,1630188,Jalen Smith,1610612741,Chicago Bulls,1,1,43,Missed Shot,Jump Shot,3PT Field Goal,Right Corner 3,Right Side(R),24+ ft.,23,228,32,1,0,20251119,POR,CHI,6170,0,1628975|1629632|1630188|1630245|1631207,0,REG,2026,1610612741,,,,,
22500263158,,Shot Chart Detail,22500263,158,1629632,Coby White,1610612741,Chicago Bulls,1,0,58,Missed Shot,Driving Finger Roll Layup Shot,2PT Field Goal,Restricted Area,Center(C),Less Than 8 ft.,2,18,12,1,0,20251119,POR,CHI,6620,0,1628975|1629632|1630188|1630245|1631207,0,REG,2026,1610612741,,,,,
22500263167,,Shot Chart Detail,22500263,167,1630245,Ayo Dosunmu,1610612741,Chicago Bulls,1,0,35,Made Shot,Jump Shot,3PT Field Goal,Above the Break 3,Right Side Center(RC),24+ ft.,24,225,88,1,1,20251119,POR,CHI,6850,0,1628975|1629632|1630188|1630245|1631207,1,REG,2026,1610612741,,,,,
22500263179,,Shot Chart Detail,22500263,179,1629632,Coby White,1610612741,Chicago Bulls,1,0,1,Made Shot,Fadeaway Jump Shot,2PT Field Goal,Restricted Area,Center(C),Less Than 8 ft.,3,-20,25,1,1,20251119,POR,CHI,7190,0,1628975|1629632|1630188|1630245|1631207,0,REG,2026,1610612741,,,,,
22500263196,,Shot Chart Detail,22500263,196,1629632,Coby White,1610612741,Chicago Bulls,2,11,52,Missed Shot,Jump Shot,3PT Field Goal,Above the Break 3,Left Side Center(LC),24+ ft.,33,-157,301,1,0,20251119,POR,CHI,7280,0,1628975|1629632|1630172|1630245|1641824,0,REG,2026,1610612741,,,,,
22500263201,,Shot Chart Detail,22500263,201,1628975,Jevon Carter,1610612741,Chicago Bulls,2,11,23,Missed Shot,Pullup Jump shot,3PT Field Goal,Above the Break 3,Right Side Center(RC),24+ ft.,24,223,89,1,0,20251119,POR,CHI,7570,0,1628975|1629632|1630172|1630245|1641824,0,REG,2026,1610612741,,,,,
22500263207,,Shot Chart Detail,22500263,207,1630245,Ayo Dosunmu,1610612741,Chicago Bulls,2,11,1,Made Shot,Driving Floating Bank Jump Shot,2PT Field Goal,Restricted Area,Center(C),Less Than 8 ft.,1,-12,2,1,1,20251119,POR,CHI,7790,0,1628975|1629632|1630172|1630245|1641824,1,REG,2026,1610612741,,,,,
22500263210,,Shot Chart Detail,22500263,210,1629632,Coby White,1610612741,Chicago Bulls,2,10,38,Made Shot,Running Pull-Up Jump Shot,3PT Field Goal,Above the Break 3,Left Side Center(LC),24+ ft.,26,-132,231,1,1,20251119,POR,CHI,8020,0,1628975|1629632|1630172|1630245|1641824,1,REG,2026,1610612741,,,,,
22500263221,,Shot Chart Detail,22500263,221,1641824,Matas Buzelis,1610612741,Chicago Bulls,2,9,34,Missed Shot,Jump Shot,3PT Field Goal,Left Corner 3,Left Side(L),24+ ft.,23,-233,39,1,0,20251119,POR,CHI,8660,0,1628975|1629632|1630172|1630245|1641824,0,REG,2026,1610612741,,,,,
22500263234,,Shot Chart Detail,22500263,234,1630245,Ayo Dosunmu,1610612741,Chicago Bulls,2,9,12,Missed Shot,Jump Shot,3PT Field Goal,Above the Break 3,Left Side Center(LC),24+ ft.,26,-124,235,1,0,20251119,POR,CHI,8880,0,202696|1628989|1630245|1630581|1641824,0,REG,2026,1610612741,,,,,
22500263239,,Shot Chart Detail,22500263,239,1641824,Matas Buzelis,1610612741,Chicago Bulls,2,8,52,Made Shot,Cutting Dunk Shot,2PT Field Goal,Restricted Area,Center(C),Less Than 8 ft.,1,1,11,1,1,20251119,POR,CHI,9080,0,202696|1628989|1630245|1630581|1641824,1,REG,2026,1610612741,,,,,
22500263257,,Shot Chart Detail,22500263,257,1641824,Matas Buzelis,1610612741,Chicago Bulls,2,7,41,Made Shot,Jump Shot,3PT Field Goal,Right Corner 3,Right Side(R),24+ ft.,22,225,34,1,1,20251119,POR,CHI,9790,0,202696|1628989|1630581|1641763|1641824,1,REG,2026,1610612741,,,,,
22500263265,,Shot Chart Detail,22500263,265,1641824,Matas Buzelis,1610612741,Chicago Bulls,2,7,1,Made Shot,Driving Layup Shot,2PT Field Goal,Restricted Area,Center(C),Less Than 8 ft.,1,-9,6,1,1,20251119,POR,CHI,10190,0,202696|1630581|1631207|1641763|1641824,0,REG,2026,1610612741,,,,,
22500263283,,Shot Chart Detail,22500263,283,202696,Nikola Vučević,1610612741,Chicago Bulls,2,6,12,Missed Shot,Jump Shot,3PT Field Goal,Above the Break 3,Left Side Center(LC),24+ ft.,27,-121,246,1,0,20251119,POR,CHI,10680,0,202696|1629632|1630581|1631207|1641763,0,REG,2026,1610612741,,,,,
22500263287,,Shot Chart Detail,22500263,287,1629632,Coby White,1610612741,Chicago Bulls,2,5,54,Missed Shot,Jump Shot,3PT Field Goal,Above the Break 3,Left Side Center(LC),24+ ft.,25,-210,143,1,0,20251119,POR,CHI,10860,0,202696|1629632|1630581|1631207|1641763,0,REG,2026,1610612741,,,,,
22500263294,,Shot Chart Detail,22500263,294,1631207,Dalen Terry,1610612741,Chicago Bulls,2,5,40,Made Shot,Driving Layup Shot,2PT Field Goal,Restricted Area,Center(C),Less Than 8 ft.,1,-16,2,1,1,20251119,POR,CHI,11000,0,202696|1629632|1630245|1631207|1641763,1,REG,2026,1610612741,,,,,
22500263300,,Shot Chart Detail,22500263,300,202696,Nikola Vučević,1610612741,Chicago Bulls,2,5,30,Made Shot,Floating Jump shot,2PT Field Goal,In The Paint (Non-RA),Center(C),8-16 ft.,10,-28,102,1,1,20251119,POR,CHI,11100,0,202696|1629632|1630245|1631207|1641763,1,REG,2026,1610612741,,,,,
22500263306,,Shot Chart Detail,22500263,306,202696,Nikola Vučević,1610612741,Chicago Bulls,2,4,52,Made Shot,Floating Jump shot,2PT Field Goal,In The Paint (Non-RA),Left Side(L),8-16 ft.,8,-65,57,1,1,20251119,POR,CHI,11480,0,202696|1629632|1630245|1631207|1641763,1,REG,2026,1610612741,,,,,
22500263311,,Shot Chart Detail,22500263,311,1631207,Dalen Terry,1610612741,Chicago Bulls,2,4,39,Made Shot,Running Dunk Shot,2PT Field Goal,Restricted Area,Center(C),Less Than 8 ft.,0,-9,4,1,1,20251119,POR,CHI,11610,0,202696|1629632|1630245|1631207|1641763,0,REG,2026,1610612741,,,,,
22500263316,,Shot Chart Detail,22500263,316,1641763,Julian Phillips,1610612741,Chicago Bulls,2,4,20,Missed Shot,Jump Shot,3PT Field Goal,Left Corner 3,Left Side(L),24+ ft.,23,-235,32,1,0,20251119,POR,CHI,11800,0,202696|1629632|1630245|1631207|1641763,0,REG,2026,1610612741,,,,,
22500263323,,Shot Chart Detail,22500263,323,1629632,Coby White,1610612741,Chicago Bulls,2,4,5,Made Shot,Driving Floating Jump Shot,2PT Field Goal,In The Paint (Non-RA),Center(C),8-16 ft.,11,-27,111,1,1,20251119,POR,CHI,11950,0,202696|1629632|1630245|1631207|1641763,1,REG,2026,1610612741,,,,,
22500263346,,Shot Chart Detail,22500263,346,1630245,Ayo Dosunmu,1610612741,Chicago Bulls,2,3,8,Made Shot,Jump Shot,3PT Field Goal,Left Corner 3,Left Side(L),24+ ft.,23,-232,26,1,1,20251119,POR,CHI,12520,0,202696|1629632|1630245|1631207|1641763,1,REG,2026,1610612741,,,,,
22500263355,,Shot Chart Detail,22500263,355,202696,Nikola Vučević,1610612741,Chicago Bulls,2,2,43,Missed Shot,Turnaround Hook Shot,2PT Field Goal,In The Paint (Non-RA),Center(C),Less Than 8 ft.,4,44,15,1,0,20251119,POR,CHI,12770,0,202696|1628989|1629632|1630245|1630581,0,REG,2026,1610612741,,,,,
22500263378,,Shot Chart Detail,22500263,378,1629632,Coby White,1610612741,Chicago Bulls,2,1,50,Made Shot,Jump Shot,3PT Field Goal,Above the Break 3,Left Side Center(LC),24+ ft.,25,-183,176,1,1,20251119,POR,CHI,13300,0,202696|1628989|1629632|1630171|1630581,1,REG,2026,1610612741,,,,,
22500263383,,Shot Chart Detail,22500263,383,1628989,Kevin Huerter,1610612741,Chicago Bulls,2,1,11,Missed Shot,Cutting Layup Shot,2PT Field Goal,In The Paint (Non-RA),Center(C),Less Than 8 ft.,4,-37,20,1,0,20251119,POR,CHI,13690,0,202696|1628989|1629632|1630171|1630581,0,REG,2026,1610612741,,,,,
22500263387,,Shot Chart Detail,22500263,387,202696,Nikola Vučević,1610612741,Chicago Bulls,2,0,55,Made Shot,Jump Shot,3PT Field Goal,Above the Break 3,Right Side Center(RC),24+ ft.,25,150,200,1,1,20251119,POR,CHI,13850,0,202696|1628989|1629632|1630171|1630581,1,REG,2026,1610612741,,,,,
22500263393,,Shot Chart Detail,22500263,393,1630581,Josh Giddey,1610612741,Chicago Bulls,2,0,18,Missed Shot,Driving Floating Bank Jump Shot,2PT Field Goal,In The Paint (Non-RA),Center(C),Less Than 8 ft.,5,49,33,1,0,20251119,POR,CHI,14220,0,202696|1628989|1629632|1630171|1630581,0,REG,2026,1610612741,,,,,
22500263405,,Shot Chart Detail,22500263,405,1630171,Isaac Okoro,1610612741,Chicago Bulls,3,11,46,Made Shot,Jump Shot,3PT Field Goal,Right Corner 3,Right Side(R),24+ ft.,22,227,27,1,1,20251119,POR,CHI,14540,0,202696|1628989|1630171|1630581|1641824,1,REG,2026,1610612741,,,,,
22500263408,,Shot Chart Detail,22500263,408,1630171,Isaac Okoro,1610612741,Chicago Bulls,3,11,12,Made Shot,Jump Shot,3PT Field Goal,Left Corner 3,Left Side(L),24+ ft.,22,-227,16,1,1,20251119,POR,CHI,14880,0,202696|1628989|1630171|1630581|1641824,1,REG,2026,1610612741,,,,,
22500263414,,Shot Chart Detail,22500263,414,202696,Nikola Vučević,1610612741,Chicago Bulls,3,10,46,Made Shot,Floating Jump shot,2PT Field Goal,Mid-Range,Center(C),8-16 ft.,14,-5,141,1,1,20251119,POR,CHI,15140,0,202696|1628989|1630171|1630581|1641824,1,REG,2026,1610612741,,,,,
22500263427,,Shot Chart Detail,22500263,427,1630171,Isaac Okoro,1610612741,Chicago Bulls,3,9,28,Missed Shot,Jump Shot,3PT Field Goal,Above the Break 3,Right Side Center(RC),24+ ft.,24,227,100,1,0,20251119,POR,CHI,15920,0,202696|1628989|1630171|1630581|1641824,0,REG,2026,1610612741,,,,,
22500263433,,Shot Chart Detail,22500263,433,202696,Nikola Vučević,1610612741,Chicago Bulls,3,8,59,Missed Shot,Floating Jump shot,2PT Field Goal,In The Paint (Non-RA),Center(C),Less Than 8 ft.,4,-44,6,1,0,20251119,POR,CHI,16210,0,202696|1628989|1630171|1630581|1641824,0,REG,2026,1610612741,,,,,
22500263437,,Shot Chart Detail,22500263,437,202696,Nikola Vučević,1610612741,Chicago Bulls,3,8,57,Made Shot,Jump Shot,3PT Field Goal,Above the Break 3,Left Side Center(LC),24+ ft.,25,-219,124,1,1,20251119,POR,CHI,16230,0,202696|1628989|1630171|1630581|1641824,1,REG,2026,1610612741,,,,,
22500263443,,Shot Chart Detail,22500263,443,1630581,Josh Giddey,1610612741,Chicago Bulls,3,8,22,Made Shot,Running Pull-Up Jump Shot,3PT Field Goal,Above the Break 3,Left Side Center(LC),24+ ft.,25,-148,205,1,1,20251119,POR,CHI,16580,0,202696|1628989|1630171|1630581|1641824,0,REG,2026,1610612741,,,,,
22500263449,,Shot Chart Detail,22500263,449,202696,Nikola Vučević,1610612741,Chicago Bulls,3,7,48,Missed Shot,Turnaround Jump Shot,2PT Field Goal,Mid-Range,Left Side(L),8-16 ft.,12,-83,88,1,0,20251119,POR,CHI,16920,0,202696|1628989|1630171|1630581|1641824,0,REG,2026,1610612741,,,,,
22500263453,,Shot Chart Detail,22500263,453,1630171,Isaac Okoro,1610612741,Chicago Bulls,3,7,24,Made Shot,Layup Shot,2PT Field Goal,Restricted Area,Center(C),Less Than 8 ft.,1,9,8,1,1,20251119,POR,CHI,17160,0,202696|1628989|1630171|1630581|1641824,1,REG,2026,1610612741,,,,,
22500263465,,Shot Chart Detail,22500263,465,1628989,Kevin Huerter,1610612741,Chicago Bulls,3,6,44,Missed Shot,Jump Shot,3PT Field Goal,Above the Break 3,Right Side Center(RC),24+ ft.,25,224,126,1,0,20251119,POR,CHI,17560,0,202696|1628989|1630171|1630581|1641824,0,REG,2026,1610612741,,,,,
22500263474,,Shot Chart Detail,22500263,474,1630581,Josh Giddey,1610612741,Chicago Bulls,3,6,11,Missed Shot,Driving Floating Bank Jump Shot,2PT Field Goal,In The Paint (Non-RA),Center(C),Less Than 8 ft.,7,59,43,1,0,20251119,POR,CHI,17890,0,202696|1628989|1630171|1630581|1641824,0,REG,2026,1610612741,,,,,
22500263483,,Shot Chart Detail,22500263,483,1641824,Matas Buzelis,1610612741,Chicago Bulls,3,5,43,Made Shot,Cutting Dunk Shot,2PT Field Goal,Restricted Area,Center(C),Less Than 8 ft.,1,-5,9,1,1,20251119,POR,CHI,18170,0,202696|1629632|1630171|1630581|1641824,1,REG,2026,1610612741,,,,,
22500263487,,Shot Chart Detail,22500263,487,202696,Nikola Vučević,1610612741,Chicago Bulls,3,5,17,Made Shot,Driving Floating Jump Shot,2PT Field Goal,In The Paint (Non-RA),Left Side(L),8-16 ft.,8,-51,73,1,1,20251119,POR,CHI,18430,0,202696|1629632|1630171|1630581|1641824,1,REG,2026,1610612741,,,,,
22500263497,,Shot Chart Detail,22500263,497,1630581,Josh Giddey,1610612741,Chicago Bulls,3,4,35,Made Shot,Running Pull-Up Jump Shot,3PT Field Goal,Above the Break 3,Center(C),24+ ft.,25,-55,252,1,1,20251119,POR,CHI,18850,0,202696|1629632|1630171|1630581|1641824,0,REG,2026,1610612741,,,,,
22500263500,,Shot Chart Detail,22500263,500,1630171,Isaac Okoro,1610612741,Chicago Bulls,3,4,7,Made Shot,Jump Shot,3PT Field Goal,Left Corner 3,Left Side(L),24+ ft.,22,-229,16,1,1,20251119,POR,CHI,19130,0,202696|1629632|1630171|1630581|1641824,1,REG,2026,1610612741,,,,,
22500263516,,Shot Chart Detail,22500263,516,1630172,Patrick Williams,1610612741,Chicago Bulls,3,3,39,Made Shot,Cutting Layup Shot,2PT Field Goal,Restricted Area,Center(C),Less Than 8 ft.,0,-6,-4,1,1,20251119,POR,CHI,19410,0,1629632|1630172|1630188|1630245|1631207,1,REG,2026,1610612741,,,,,
22500263523,,Shot Chart Detail,22500263,523,1630172,Patrick Williams,1610612741,Chicago Bulls,3,3,2,Missed Shot,Driving Reverse Layup Shot,2PT Field Goal,Restricted Area,Center(C),Less Than 8 ft.,1,-10,-10,1,0,20251119,POR,CHI,19780,0,1629632|1630172|1630188|1630245|1631207,0,REG,2026,1610612741,,,,,
22500263527,,Shot Chart Detail,22500263,527,1631207,Dalen Terry,1610612741,Chicago Bulls,3,2,46,Missed Shot,Jump Shot,3PT Field Goal,Above the Break 3,Right Side Center(RC),24+ ft.,25,184,183,1,0,20251119,POR,CHI,19940,0,1629632|1630172|1630188|1630245|1631207,0,REG,2026,1610612741,,,,,
22500263532,,Shot Chart Detail,22500263,532,1630188,Jalen Smith,1610612741,Chicago Bulls,3,2,29,Missed Shot,Jump Shot,3PT Field Goal,Above the Break 3,Right Side Center(RC),24+ ft.,25,156,206,1,0,20251119,POR,CHI,20110,0,1629632|1630172|1630188|1630245|1631207,0,REG,2026,1610612741,,,,,
22500263544,,Shot Chart Detail,22500263,544,1630172,Patrick Williams,1610612741,Chicago Bulls,3,2,8,Missed Shot,Driving Layup Shot,2PT Field Goal,In The Paint (Non-RA),Center(C),Less Than 8 ft.,4,-47,16,1,0,20251119,POR,CHI,20320,0,1629632|1630172|1630188|1630245|1631207,0,REG,2026,1610612741,,,,,
22500263556,,Shot Chart Detail,22500263,556,1630172,Patrick Williams,1610612741,Chicago Bulls,3,1,27,Missed Shot,Running Jump Shot,3PT Field Goal,Above the Break 3,Right Side Center(RC),24+ ft.,29,142,264,1,0,20251119,POR,CHI,20730,0,1629632|1630172|1630188|1630245|1631207,0,REG,2026,1610612741,,,,,
22500263558,,Shot Chart Detail,22500263,558,1631207,Dalen Terry,1610612741,Chicago Bulls,3,1,25,Missed Shot,Tip Layup Shot,2PT Field Goal,Restricted Area,Center(C),Less Than 8 ft.,0,0,0,1,0,20251119,POR,CHI,20750,0,1629632|1630172|1630188|1630245|1631207,0,REG,2026,1610612741,,,,,
22500263563,,Shot Chart Detail,22500263,563,1630172,Patrick Williams,1610612741,Chicago Bulls,3,1,1,Missed Shot,Cutting Layup Shot,2PT Field Goal,Restricted Area,Center(C),Less Than 8 ft.,3,-17,31,1,0,20251119,POR,CHI,20990,0,1629632|1630172|1630188|1630245|1631207,0,REG,2026,1610612741,,,,,
22500263569,,Shot Chart Detail,22500263,569,1629632,Coby White,1610612741,Chicago Bulls,3,0,53,Made Shot,Pullup Jump shot,3PT Field Goal,Above the Break 3,Center(C),24+ ft.,30,0,300,1,1,20251119,POR,CHI,21070,0,1628975|1629632|1630172|1630188|1631207,0,REG,2026,1610612741,,,,,
22500263576,,Shot Chart Detail,22500263,576,1629632,Coby White,1610612741,Chicago Bulls,3,0,32,Missed Shot,Pullup Jump shot,3PT Field Goal,Above the Break 3,Center(C),24+ ft.,25,17,257,1,0,20251119,POR,CHI,21280,0,1628975|1629632|1630172|1630188|1631207,0,REG,2026,1610612741,,,,,
22500263588,,Shot Chart Detail,22500263,588,1629632,Coby White,1610612741,Chicago Bulls,3,0,0,Made Shot,Driving Layup Shot,2PT Field Goal,Restricted Area,Center(C),Less Than 8 ft.,1,17,5,1,1,20251119,POR,CHI,21600,0,1628975|1629632|1630172|1630188|1631207,1,REG,2026,1610612741,,,,,
22500263606,,Shot Chart Detail,22500263,606,1629632,Coby White,1610612741,Chicago Bulls,4,11,14,Missed Shot,Pullup Jump shot,3PT Field Goal,Above the Break 3,Right Side Center(RC),24+ ft.,25,89,241,1,0,20251119,POR,CHI,22060,0,1628975|1629632|1630171|1630188|1631207,0,REG,2026,1610612741,,,,,
22500263610,,Shot Chart Detail,22500263,610,1628975,Jevon Carter,1610612741,Chicago Bulls,4,11,4,Made Shot,Jump Shot,3PT Field Goal,Left Corner 3,Left Side(L),24+ ft.,22,-225,0,1,1,20251119,POR,CHI,22160,0,1628975|1629632|1630171|1630188|1631207,1,REG,2026,1610612741,,,,,
22500263614,,Shot Chart Detail,22500263,614,1631207,Dalen Terry,1610612741,Chicago Bulls,4,10,51,Made Shot,Running Reverse Layup Shot,2PT Field Goal,Restricted Area,Center(C),Less Than 8 ft.,2,-17,13,1,1,20251119,POR,CHI,22290,0,1628975|1629632|1630171|1630188|1631207,1,REG,2026,1610612741,,,,,
22500263621,,Shot Chart Detail,22500263,621,1629632,Coby White,1610612741,Chicago Bulls,4,10,20,Made Shot,Jump Shot,2PT Field Goal,Mid-Range,Left Side(L),16-24 ft.,23,-217,92,1,1,20251119,POR,CHI,22600,0,1628975|1629632|1630171|1630188|1631207,1,REG,2026,1610612741,,,,,
22500263633,,Shot Chart Detail,22500263,633,1628975,Jevon Carter,1610612741,Chicago Bulls,4,9,40,Missed Shot,Jump Shot,3PT Field Goal,Left Corner 3,Left Side(L),24+ ft.,22,-227,4,1,0,20251119,POR,CHI,23000,0,1628975|1630171|1630188|1630245|1630581,0,REG,2026,1610612741,,,,,
22500263635,,Shot Chart Detail,22500263,635,1630188,Jalen Smith,1610612741,Chicago Bulls,4,9,38,Made Shot,Tip Layup Shot,2PT Field Goal,Restricted Area,Center(C),Less Than 8 ft.,0,0,0,1,1,20251119,POR,CHI,23020,0,1628975|1630171|1630188|1630245|1630581,0,REG,2026,1610612741,,,,,
22500263642,,Shot Chart Detail,22500263,642,1630245,Ayo Dosunmu,1610612741,Chicago Bulls,4,9,16,Made Shot,Running Alley Oop Layup Shot,2PT Field Goal,Restricted Area,Center(C),Less Than 8 ft.,2,27,1,1,1,20251119,POR,CHI,23240,0,1628975|1630171|1630188|1630245|1630581,1,REG,2026,1610612741,,,,,
22500263646,,Shot Chart Detail,22500263,646,1628975,Jevon Carter,1610612741,Chicago Bulls,4,8,45,Missed Shot,Driving Floating Jump Shot,2PT Field Goal,Mid-Range,Center(C),8-16 ft.,15,66,140,1,0,20251119,POR,CHI,23550,0,1628975|1630171|1630188|1630245|1630581,0,REG,2026,1610612741,,,,,
22500263649,,Shot Chart Detail,22500263,649,1630188,Jalen Smith,1610612741,Chicago Bulls,4,8,24,Missed Shot,Driving Floating Jump Shot,2PT Field Goal,In The Paint (Non-RA),Center(C),Less Than 8 ft.,7,50,62,1,0,20251119,POR,CHI,23760,0,1628975|1630171|1630188|1630245|1630581,0,REG,2026,1610612741,,,,,
22500263661,,Shot Chart Detail,22500263,661,1630581,Josh Giddey,1610612741,Chicago Bulls,4,7,56,Missed Shot,Pullup Jump shot,2PT Field Goal,Mid-Range,Center(C),16-24 ft.,17,5,174,1,0,20251119,POR,CHI,24040,0,202696|1628989|1630245|1630581|1641824,0,REG,2026,1610612741,,,,,
22500263665,,Shot Chart Detail,22500263,665,202696,Nikola Vučević,1610612741,Chicago Bulls,4,7,27,Missed Shot,Jump Shot,3PT Field Goal,Above the Break 3,Right Side Center(RC),24+ ft.,25,110,235,1,0,20251119,POR,CHI,24330,0,202696|1628989|1630245|1630581|1641824,0,REG,2026,1610612741,,,,,
22500263675,,Shot Chart Detail,22500263,675,1641824,Matas Buzelis,1610612741,Chicago Bulls,4,6,41,Missed Shot,Driving Layup Shot,2PT Field Goal,Restricted Area,Center(C),Less Than 8 ft.,2,-28,10,1,0,20251119,POR,CHI,24790,0,202696|1628989|1630245|1630581|1641824,0,REG,2026,1610612741,,,,,
22500263681,,Shot Chart Detail,22500263,681,1630245,Ayo Dosunmu,1610612741,Chicago Bulls,4,6,11,Made Shot,Driving Layup Shot,2PT Field Goal,Restricted Area,Center(C),Less Than 8 ft.,1,9,17,1,1,20251119,POR,CHI,25090,0,202696|1628989|1630245|1630581|1641824,0,REG,2026,1610612741,,,,,
22500263692,,Shot Chart Detail,22500263,692,1629632,Coby White,1610612741,Chicago Bulls,4,5,34,Missed Shot,Driving Layup Shot,2PT Field Goal,Restricted Area,Center(C),Less Than 8 ft.,3,22,25,1,0,20251119,POR,CHI,25460,0,202696|1628989|1629632|1630171|1630245,0,REG,2026,1610612741,,,,,
22500263695,,Shot Chart Detail,22500263,695,1628989,Kevin Huerter,1610612741,Chicago Bulls,4,5,27,Missed Shot,Jump Shot,3PT Field Goal,Above the Break 3,Left Side Center(LC),24+ ft.,25,-221,119,1,0,20251119,POR,CHI,25530,0,202696|1628989|1629632|1630171|1630245,0,REG,2026,1610612741,,,,,
22500263699,,Shot Chart Detail,22500263,699,202696,Nikola Vučević,1610612741,Chicago Bulls,4,4,56,Missed Shot,Jump Shot,3PT Field Goal,Above the Break 3,Right Side Center(RC),24+ ft.,25,134,222,1,0,20251119,POR,CHI,25840,0,202696|1628989|1629632|1630171|1630245,0,REG,2026,1610612741,,,,,
22500263731,,Shot Chart Detail,22500263,731,1630171,Isaac Okoro,1610612741,Chicago Bulls,4,2,38,Made Shot,Driving Layup Shot,2PT Field Goal,Restricted Area,Center(C),Less Than 8 ft.,2,13,25,1,1,20251119,POR,CHI,27220,0,202696|1629632|1630171|1630245|1630581,1,REG,2026,1610612741,,,,,
22500263735,,Shot Chart Detail,22500263,735,1630245,Ayo Dosunmu,1610612741,Chicago Bulls,4,2,14,Missed Shot,Running Jump Shot,3PT Field Goal,Left Corner 3,Left Side(L),24+ ft.,23,-228,40,1,0,20251119,POR,CHI,27460,0,202696|1629632|1630171|1630245|1630581,0,REG,2026,1610612741,,,,,
22500263739,,Shot Chart Detail,22500263,739,1629632,Coby White,1610612741,Chicago Bulls,4,1,50,Missed Shot,Driving Layup Shot,2PT Field Goal,Restricted Area,Center(C),Less Than 8 ft.,3,27,20,1,0,20251119,POR,CHI,27700,0,202696|1629632|1630171|1630245|1630581,0,REG,2026,1610612741,,,,,
22500263746,,Shot Chart Detail,22500263,746,202696,Nikola Vučević,1610612741,Chicago Bulls,4,1,9,Missed Shot,Floating Jump shot,2PT Field Goal,In The Paint (Non-RA),Center(C),Less Than 8 ft.,6,2,63,1,0,20251119,POR,CHI,28110,0,202696|1629632|1630171|1630245|1630581,0,REG,2026,1610612741,,,,,
22500263768,,Shot Chart Detail,22500263,768,1629632,Coby White,1610612741,Chicago Bulls,4,0,26,Missed Shot,Pullup Jump shot,2PT Field Goal,Mid-Range,Center(C),8-16 ft.,15,53,146,1,0,20251119,POR,CHI,28540,0,202696|1629632|1630171|1630581|1641824,0,REG,2026,1610612741,,,,,
22500263775,,Shot Chart Detail,22500263,775,1629632,Coby White,1610612741,Chicago Bulls,4,0,9,Made Shot,Running Jump Shot,3PT Field Goal,Above the Break 3,Left Side Center(LC),24+ ft.,26,-203,168,1,1,20251119,POR,CHI,28710,0,202696|1629632|1630171|1630581|1641824,1,REG,2026,1610612741,,,,,
22500263799,,Shot Chart Detail,22500263,799,202696,Nikola Vučević,1610612741,Chicago Bulls,4,0,1,Made Shot,Jump Shot,3PT Field Goal,Above the Break 3,Left Side Center(LC),24+ ft.,25,-223,125,1,1,20251119,POR,CHI,28790,0,202696|1628989|1629632|1630581|1641824,1,REG,2026,1610612741,,,,,
2250027111,,Shot Chart Detail,22500271,11,1641824,Matas Buzelis,1610612741,Chicago Bulls,1,11,30,Made Shot,Cutting Layup Shot,2PT Field Goal,In The Paint (Non-RA),Center(C),Less Than 8 ft.,4,32,35,1,1,20251122,CHI,WAS,300,0,202696|1629632|1630245|1630581|1641824,1,REG,2026,1610612741,,,,,
2250027115,,Shot Chart Detail,22500271,15,202696,Nikola Vučević,1610612741,Chicago Bulls,1,11,11,Missed Shot,Jump Shot,3PT Field Goal,Above the Break 3,Center(C),24+ ft.,25,10,257,1,0,20251122,CHI,WAS,490,0,202696|1629632|1630245|1630581|1641824,0,REG,2026,1610612741,,,,,
2250027119,,Shot Chart Detail,22500271,19,1629632,Coby White,1610612741,Chicago Bulls,1,10,48,Made Shot,Jump Shot,3PT Field Goal,Right Corner 3,Right Side(R),24+ ft.,22,223,35,1,1,20251122,CHI,WAS,720,0,202696|1629632|1630245|1630581|1641824,1,REG,2026,1610612741,,,,,
2250027123,,Shot Chart Detail,22500271,23,202696,Nikola Vučević,1610612741,Chicago Bulls,1,10,21,Missed Shot,Jump Shot,3PT Field Goal,Left Corner 3,Left Side(L),24+ ft.,23,-227,50,1,0,20251122,CHI,WAS,990,0,202696|1629632|1630245|1630581|1641824,0,REG,2026,1610612741,,,,,
2250027130,,Shot Chart Detail,22500271,30,1630245,Ayo Dosunmu,1610612741,Chicago Bulls,1,10,2,Missed Shot,Cutting Layup Shot,2PT Field Goal,Restricted Area,Center(C),Less Than 8 ft.,0,-1,8,1,0,20251122,CHI,WAS,1180,0,202696|1629632|1630245|1630581|1641824,0,REG,2026,1610612741,,,,,
2250027133,,Shot Chart Detail,22500271,33,202696,Nikola Vučević,1610612741,Chicago Bulls,1,9,39,Made Shot,Turnaround Hook Shot,2PT Field Goal,In The Paint (Non-RA),Right Side(R),8-16 ft.,8,75,34,1,1,20251122,CHI,WAS,1410,0,202696|1629632|1630245|1630581|1641824,0,REG,2026,1610612741,,,,,
2250027139,,Shot Chart Detail,22500271,39,1629632,Coby White,1610612741,Chicago Bulls,1,9,3,Missed Shot,Running Jump Shot,3PT Field Goal,Above the Break 3,Left Side Center(LC),24+ ft.,25,-104,229,1,0,20251122,CHI,WAS,1770,0,202696|1629632|1630245|1630581|1641824,0,REG,2026,1610612741,,,,,
2250027144,,Shot Chart Detail,22500271,44,1630581,Josh Giddey,1610612741,Chicago Bulls,1,8,33,Missed Shot,Driving Floating Jump Shot,2PT Field Goal,Restricted Area,Center(C),Less Than 8 ft.,1,-11,13,1,0,20251122,CHI,WAS,2070,0,202696|1629632|1630245|1630581|1641824,0,REG,2026,1610612741,,,,,
2250027146,,Shot Chart Detail,22500271,46,202696,Nikola Vučević,1610612741,Chicago Bulls,1,8,28,Missed Shot,Tip Layup Shot,2PT Field Goal,Restricted Area,Center(C),Less Than 8 ft.,0,0,0,1,0,20251122,CHI,WAS,2120,0,202696|1629632|1630245|1630581|1641824,0,REG,2026,1610612741,,,,,
2250027148,,Shot Chart Detail,22500271,48,1641824,Matas Buzelis,1610612741,Chicago Bulls,1,8,27,Made Shot,Driving Floating Jump Shot,2PT Field Goal,In The Paint (Non-RA),Center(C),Less Than 8 ft.,6,-38,58,1,1,20251122,CHI,WAS,2130,0,202696|1629632|1630245|1630581|1641824,1,REG,2026,1610612741,,,,,
2250027154,,Shot Chart Detail,22500271,54,202696,Nikola Vučević,1610612741,Chicago Bulls,1,8,21,Missed Shot,Tip Layup Shot,2PT Field Goal,Restricted Area,Center(C),Less Than 8 ft.,0,0,0,1,0,20251122,CHI,WAS,2190,0,202696|1629632|1630245|1630581|1641824,0,REG,2026,1610612741,,,,,
2250027156,,Shot Chart Detail,22500271,56,202696,Nikola Vučević,1610612741,Chicago Bulls,1,8,20,Made Shot,Tip Layup Shot,2PT Field Goal,Restricted Area,Center(C),Less Than 8 ft.,0,0,0,1,1,20251122,CHI,WAS,2200,0,202696|1629632|1630245|1630581|1641824,0,REG,2026,1610612741,,,,,
2250027169,,Shot Chart Detail,22500271,69,1628989,Kevin Huerter,1610612741,Chicago Bulls,1,7,29,Made Shot,Driving Floating Jump Shot,2PT Field Goal,In The Paint (Non-RA),Center(C),8-16 ft.,12,54,108,1,1,20251122,CHI,WAS,2710,0,202696|1628989|1630245|1630581|1641824,0,REG,2026,1610612741,,,,,
2250027173,,Shot Chart Detail,22500271,73,1641824,Matas Buzelis,1610612741,Chicago Bulls,1,7,8,Missed Shot,Running Reverse Layup Shot,2PT Field Goal,Restricted Area,Center(C),Less Than 8 ft.,1,9,10,1,0,20251122,CHI,WAS,2920,0,202696|1628989|1630245|1630581|1641824,0,REG,2026,1610612741,,,,,
2250027176,,Shot Chart Detail,22500271,76,202696,Nikola Vučević,1610612741,Chicago Bulls,1,7,2,Made Shot,Tip Layup Shot,2PT Field Goal,Restricted Area,Center(C),Less Than 8 ft.,0,0,0,1,1,20251122,CHI,WAS,2980,0,202696|1628989|1630245|1630581|1641824,0,REG,2026,1610612741,,,,,
2250027183,,Shot Chart Detail,22500271,83,1630245,Ayo Dosunmu,1610612741,Chicago Bulls,1,6,19,Made Shot,Driving Layup Shot,2PT Field Goal,Restricted Area,Center(C),Less Than 8 ft.,0,-4,6,1,1,20251122,CHI,WAS,3410,0,202696|1628989|1630245|1630581|1641824,0,REG,2026,1610612741,,,,,
2250027186,,Shot Chart Detail,22500271,86,1641824,Matas Buzelis,1610612741,Chicago Bulls,1,5,51,Missed Shot,Running Alley Oop Layup Shot,2PT Field Goal,Restricted Area,Center(C),Less Than 8 ft.,2,15,14,1,0,20251122,CHI,WAS,3690,0,202696|1628989|1630245|1630581|1641824,0,REG,2026,1610612741,,,,,
22500271104,,Shot Chart Detail,22500271,104,1641824,Matas Buzelis,1610612741,Chicago Bulls,1,4,56,Made Shot,Cutting Layup Shot,2PT Field Goal,Restricted Area,Center(C),Less Than 8 ft.,0,2,5,1,1,20251122,CHI,WAS,4240,0,202696|1628989|1630200|1630581|1641824,1,REG,2026,1610612741,,,,,
22500271126,,Shot Chart Detail,22500271,126,1630188,Jalen Smith,1610612741,Chicago Bulls,1,3,38,Missed Shot,Jump Shot,3PT Field Goal,Above the Break 3,Right Side Center(RC),24+ ft.,24,110,222,1,0,20251122,CHI,WAS,5020,0,1628989|1630188|1630200|1630581|1641763,0,REG,2026,1610612741,,,,,
22500271130,,Shot Chart Detail,22500271,130,1628989,Kevin Huerter,1610612741,Chicago Bulls,1,3,14,Missed Shot,Jump Shot,3PT Field Goal,Above the Break 3,Left Side Center(LC),24+ ft.,24,-199,151,1,0,20251122,CHI,WAS,5260,0,1628989|1630188|1630200|1630581|1641763,0,REG,2026,1610612741,,,,,
22500271134,,Shot Chart Detail,22500271,134,1628989,Kevin Huerter,1610612741,Chicago Bulls,1,3,7,Made Shot,Alley Oop Layup shot,2PT Field Goal,Restricted Area,Center(C),Less Than 8 ft.,0,7,0,1,1,20251122,CHI,WAS,5330,0,1628989|1630188|1630200|1630581|1641763,1,REG,2026,1610612741,,,,,
22500271138,,Shot Chart Detail,22500271,138,1641763,Julian Phillips,1610612741,Chicago Bulls,1,2,36,Made Shot,Cutting Dunk Shot,2PT Field Goal,Restricted Area,Center(C),Less Than 8 ft.,1,4,-10,1,1,20251122,CHI,WAS,5640,0,1628989|1630188|1630200|1630581|1641763,1,REG,2026,1610612741,,,,,
22500271161,,Shot Chart Detail,22500271,161,1629632,Coby White,1610612741,Chicago Bulls,1,1,50,Made Shot,Driving Finger Roll Layup Shot,2PT Field Goal,Restricted Area,Center(C),Less Than 8 ft.,1,10,10,1,1,20251122,CHI,WAS,6100,0,1629632|1630188|1630200|1630245|1641763,0,REG,2026,1610612741,,,,,
22500271166,,Shot Chart Detail,22500271,166,1630200,Tre Jones,1610612741,Chicago Bulls,1,1,26,Missed Shot,Driving Layup Shot,2PT Field Goal,Restricted Area,Center(C),Less Than 8 ft.,0,4,-2,1,0,20251122,CHI,WAS,6340,0,1629632|1630188|1630200|1630245|1641763,0,REG,2026,1610612741,,,,,
22500271168,,Shot Chart Detail,22500271,168,1641763,Julian Phillips,1610612741,Chicago Bulls,1,1,22,Made Shot,Putback Dunk Shot,2PT Field Goal,Restricted Area,Center(C),Less Than 8 ft.,0,0,0,1,1,20251122,CHI,WAS,6380,0,1629632|1630188|1630200|1630245|1641763,0,REG,2026,1610612741,,,,,
22500271178,,Shot Chart Detail,22500271,178,1630245,Ayo Dosunmu,1610612741,Chicago Bulls,1,0,51,Missed Shot,Jump Shot,3PT Field Goal,Left Corner 3,Left Side(L),24+ ft.,23,-230,-8,1,0,20251122,CHI,WAS,6690,0,1629632|1630188|1630200|1630245|1641763,0,REG,2026,1610612741,,,,,
22500271188,,Shot Chart Detail,22500271,188,1630188,Jalen Smith,1610612741,Chicago Bulls,1,0,49,Missed Shot,Putback Layup Shot,2PT Field Goal,Restricted Area,Center(C),Less Than 8 ft.,1,-2,11,1,0,20251122,CHI,WAS,6710,0,1629632|1630188|1630200|1630245|1641763,0,REG,2026,1610612741,,,,,
22500271187,,Shot Chart Detail,22500271,187,1629632,Coby White,1610612741,Chicago Bulls,1,0,26,Made Shot,Step Back Jump shot,3PT Field Goal,Above the Break 3,Left Side Center(LC),24+ ft.,24,-154,192,1,1,20251122,CHI,WAS,6940,0,1629632|1630188|1630200|1630245|1641763,0,REG,2026,1610612741,,,,,
22500271208,,Shot Chart Detail,22500271,208,1629632,Coby White,1610612741,Chicago Bulls,2,11,14,Made Shot,Pullup Jump shot,2PT Field Goal,In The Paint (Non-RA),Right Side(R),8-16 ft.,14,78,126,1,1,20251122,CHI,WAS,7660,0,1628975|1629632|1630188|1630245|1642855,0,REG,2026,1610612741,,,,,
22500271210,,Shot Chart Detail,22500271,210,1630245,Ayo Dosunmu,1610612741,Chicago Bulls,2,10,30,Missed Shot,Driving Floating Jump Shot,2PT Field Goal,Mid-Range,Left Side(L),16-24 ft.,16,-151,57,1,0,20251122,CHI,WAS,8100,0,1628975|1629632|1630188|1630245|1642855,0,REG,2026,1610612741,,,,,
22500271212,,Shot Chart Detail,22500271,212,1628975,Jevon Carter,1610612741,Chicago Bulls,2,10,25,Missed Shot,Jump Shot,3PT Field Goal,Above the Break 3,Left Side Center(LC),24+ ft.,24,-172,179,1,0,20251122,CHI,WAS,8150,0,1628975|1629632|1630188|1630245|1642855,0,REG,2026,1610612741,,,,,
22500271216,,Shot Chart Detail,22500271,216,1630188,Jalen Smith,1610612741,Chicago Bulls,2,10,7,Made Shot,Jump Shot,3PT Field Goal,Above the Break 3,Right Side Center(RC),24+ ft.,25,127,218,1,1,20251122,CHI,WAS,8330,0,1628975|1629632|1630188|1630245|1642855,1,REG,2026,1610612741,,,,,
22500271220,,Shot Chart Detail,22500271,220,1630245,Ayo Dosunmu,1610612741,Chicago Bulls,2,9,43,Missed Shot,Driving Layup Shot,2PT Field Goal,Restricted Area,Center(C),Less Than 8 ft.,3,-31,9,1,0,20251122,CHI,WAS,8570,0,1628975|1629632|1630188|1630245|1642855,0,REG,2026,1610612741,,,,,
22500271231,,Shot Chart Detail,22500271,231,1628975,Jevon Carter,1610612741,Chicago Bulls,2,9,9,Made Shot,Driving Layup Shot,2PT Field Goal,In The Paint (Non-RA),Center(C),Less Than 8 ft.,7,36,66,1,1,20251122,CHI,WAS,8910,0,1628975|1628989|1630188|1630245|1642855,1,REG,2026,1610612741,,,,,
22500271237,,Shot Chart Detail,22500271,237,1628989,Kevin Huerter,1610612741,Chicago Bulls,2,8,47,Made Shot,Driving Layup Shot,2PT Field Goal,Restricted Area,Center(C),Less Than 8 ft.,0,6,-7,1,1,20251122,CHI,WAS,9130,0,1628975|1628989|1630188|1630245|1642855,0,REG,2026,1610612741,,,,,
22500271241,,Shot Chart Detail,22500271,241,1628975,Jevon Carter,1610612741,Chicago Bulls,2,8,22,Missed Shot,Jump Shot,3PT Field Goal,Left Corner 3,Left Side(L),24+ ft.,22,-228,-13,1,0,20251122,CHI,WAS,9380,0,1628975|1628989|1630188|1630245|1642855,0,REG,2026,1610612741,,,,,
22500271245,,Shot Chart Detail,22500271,245,1642855,Noa Essengue,1610612741,Chicago Bulls,2,8,0,Missed Shot,Jump Shot,3PT Field Goal,Left Corner 3,Left Side(L),24+ ft.,22,-229,10,1,0,20251122,CHI,WAS,9600,0,1628975|1628989|1630188|1630245|1642855,0,REG,2026,1610612741,,,,,
22500271258,,Shot Chart Detail,22500271,258,1628989,Kevin Huerter,1610612741,Chicago Bulls,2,7,33,Missed Shot,Driving Layup Shot,2PT Field Goal,Restricted Area,Center(C),Less Than 8 ft.,1,9,9,1,0,20251122,CHI,WAS,9870,0,202696|1628989|1630200|1630581|1641824,0,REG,2026,1610612741,,,,,
22500271270,,Shot Chart Detail,22500271,270,1641824,Matas Buzelis,1610612741,Chicago Bulls,2,6,34,Missed Shot,Jump Shot,3PT Field Goal,Above the Break 3,Center(C),24+ ft.,24,53,239,1,0,20251122,CHI,WAS,10460,0,202696|1628989|1630200|1630581|1641824,0,REG,2026,1610612741,,,,,
22500271274,,Shot Chart Detail,22500271,274,202696,Nikola Vučević,1610612741,Chicago Bulls,2,6,15,Missed Shot,Floating Jump shot,2PT Field Goal,In The Paint (Non-RA),Center(C),Less Than 8 ft.,6,-5,62,1,0,20251122,CHI,WAS,10650,0,202696|1628989|1630200|1630581|1641824,0,REG,2026,1610612741,,,,,
22500271290,,Shot Chart Detail,22500271,290,1630200,Tre Jones,1610612741,Chicago Bulls,2,5,40,Missed Shot,Jump Shot,3PT Field Goal,Above the Break 3,Left Side Center(LC),24+ ft.,26,-142,218,1,0,20251122,CHI,WAS,11000,0,202696|1629632|1630200|1630581|1641824,0,REG,2026,1610612741,,,,,
22500271292,,Shot Chart Detail,22500271,292,202696,Nikola Vučević,1610612741,Chicago Bulls,2,5,34,Made Shot,Putback Layup Shot,2PT Field Goal,Restricted Area,Center(C),Less Than 8 ft.,0,0,0,1,1,20251122,CHI,WAS,11060,0,202696|1629632|1630200|1630581|1641824,0,REG,2026,1610612741,,,,,
22500271299,,Shot Chart Detail,22500271,299,1629632,Coby White,1610612741,Chicago Bulls,2,5,10,Missed Shot,Jump Shot,3PT Field Goal,Left Corner 3,Left Side(L),24+ ft.,24,-243,-15,1,0,20251122,CHI,WAS,11300,0,202696|1629632|1630200|1630581|1641824,0,REG,2026,1610612741,,,,,
22500271301,,Shot Chart Detail,22500271,301,1630581,Josh Giddey,1610612741,Chicago Bulls,2,5,1,Missed Shot,Driving Floating Bank Jump Shot,2PT Field Goal,In The Paint (Non-RA),Center(C),Less Than 8 ft.,6,-39,52,1,0,20251122,CHI,WAS,11390,0,202696|1629632|1630200|1630581|1641824,0,REG,2026,1610612741,,,,,
22500271303,,Shot Chart Detail,22500271,303,1641824,Matas Buzelis,1610612741,Chicago Bulls,2,4,56,Missed Shot,Jump Shot,3PT Field Goal,Right Corner 3,Right Side(R),24+ ft.,22,229,-6,1,0,20251122,CHI,WAS,11440,0,202696|1629632|1630200|1630581|1641824,0,REG,2026,1610612741,,,,,
22500271307,,Shot Chart Detail,22500271,307,1630581,Josh Giddey,1610612741,Chicago Bulls,2,4,47,Missed Shot,Driving Floating Bank Jump Shot,2PT Field Goal,In The Paint (Non-RA),Center(C),Less Than 8 ft.,6,-61,4,1,0,20251122,CHI,WAS,11530,0,202696|1629632|1630200|1630581|1641824,0,REG,2026,1610612741,,,,,
22500271311,,Shot Chart Detail,22500271,311,202696,Nikola Vučević,1610612741,Chicago Bulls,2,4,23,Made Shot,Jump Shot,3PT Field Goal,Left Corner 3,Left Side(L),24+ ft.,22,-229,-12,1,1,20251122,CHI,WAS,11770,0,202696|1629632|1630200|1630581|1641824,1,REG,2026,1610612741,,,,,
22500271315,,Shot Chart Detail,22500271,315,1630581,Josh Giddey,1610612741,Chicago Bulls,2,3,53,Missed Shot,Jump Shot,3PT Field Goal,Above the Break 3,Right Side Center(RC),24+ ft.,24,85,235,1,0,20251122,CHI,WAS,12070,0,202696|1629632|1630200|1630581|1641824,0,REG,2026,1610612741,,,,,
22500271322,,Shot Chart Detail,22500271,322,1641824,Matas Buzelis,1610612741,Chicago Bulls,2,3,38,Missed Shot,Jump Shot,3PT Field Goal,Above the Break 3,Right Side Center(RC),24+ ft.,26,83,250,1,0,20251122,CHI,WAS,12220,0,202696|1629632|1630200|1630245|1641824,0,REG,2026,1610612741,,,,,
22500271329,,Shot Chart Detail,22500271,329,202696,Nikola Vučević,1610612741,Chicago Bulls,2,2,59,Made Shot,Hook Shot,2PT Field Goal,Restricted Area,Center(C),Less Than 8 ft.,1,-12,-1,1,1,20251122,CHI,WAS,12610,0,202696|1629632|1630200|1630245|1641824,1,REG,2026,1610612741,,,,,
22500271340,,Shot Chart Detail,22500271,340,202696,Nikola Vučević,1610612741,Chicago Bulls,2,2,32,Missed Shot,Turnaround Hook Shot,2PT Field Goal,In The Paint (Non-RA),Right Side(R),8-16 ft.,8,80,6,1,0,20251122,CHI,WAS,12880,0,202696|1629632|1630200|1630245|1641824,0,REG,2026,1610612741,,,,,
22500271356,,Shot Chart Detail,22500271,356,1629632,Coby White,1610612741,Chicago Bulls,2,1,43,Missed Shot,Jump Shot,3PT Field Goal,Above the Break 3,Center(C),24+ ft.,28,-7,281,1,0,20251122,CHI,WAS,13370,0,1629632|1630200|1630245|1630581|1641824,0,REG,2026,1610612741,,,,,
22500271361,,Shot Chart Detail,22500271,361,1630245,Ayo Dosunmu,1610612741,Chicago Bulls,2,1,18,Missed Shot,Jump Shot,3PT Field Goal,Right Corner 3,Right Side(R),24+ ft.,23,230,11,1,0,20251122,CHI,WAS,13620,0,1629632|1630200|1630245|1630581|1641824,0,REG,2026,1610612741,,,,,
22500271365,,Shot Chart Detail,22500271,365,1630581,Josh Giddey,1610612741,Chicago Bulls,2,1,1,Made Shot,Running Dunk Shot,2PT Field Goal,Restricted Area,Center(C),Less Than 8 ft.,0,-6,-4,1,1,20251122,CHI,WAS,13790,0,1629632|1630200|1630245|1630581|1641824,0,REG,2026,1610612741,,,,,
22500271386,,Shot Chart Detail,22500271,386,202696,Nikola Vučević,1610612741,Chicago Bulls,3,11,45,Made Shot,Pullup Jump shot,2PT Field Goal,In The Paint (Non-RA),Left Side(L),8-16 ft.,14,-80,126,1,1,20251122,CHI,WAS,14550,0,202696|1629632|1630245|1630581|1641824,1,REG,2026,1610612741,,,,,
22500271390,,Shot Chart Detail,22500271,390,202696,Nikola Vučević,1610612741,Chicago Bulls,3,11,10,Made Shot,Floating Jump shot,2PT Field Goal,In The Paint (Non-RA),Center(C),8-16 ft.,8,-10,80,1,1,20251122,CHI,WAS,14900,0,202696|1629632|1630245|1630581|1641824,1,REG,2026,1610612741,,,,,
22500271393,,Shot Chart Detail,22500271,393,1629632,Coby White,1610612741,Chicago Bulls,3,10,52,Made Shot,Jump Shot,3PT Field Goal,Above the Break 3,Right Side Center(RC),24+ ft.,26,127,230,1,1,20251122,CHI,WAS,15080,0,202696|1629632|1630245|1630581|1641824,1,REG,2026,1610612741,,,,,
22500271400,,Shot Chart Detail,22500271,400,1641824,Matas Buzelis,1610612741,Chicago Bulls,3,10,26,Missed Shot,Jump Shot,3PT Field Goal,Above the Break 3,Left Side Center(LC),24+ ft.,27,-157,226,1,0,20251122,CHI,WAS,15340,0,202696|1629632|1630245|1630581|1641824,0,REG,2026,1610612741,,,,,
22500271402,,Shot Chart Detail,22500271,402,1629632,Coby White,1610612741,Chicago Bulls,3,10,20,Missed Shot,Jump Shot,3PT Field Goal,Above the Break 3,Left Side Center(LC),24+ ft.,26,-180,196,1,0,20251122,CHI,WAS,15400,0,202696|1629632|1630245|1630581|1641824,0,REG,2026,1610612741,,,,,
22500271419,,Shot Chart Detail,22500271,419,202696,Nikola Vučević,1610612741,Chicago Bulls,3,9,9,Missed Shot,Jump Shot,3PT Field Goal,Above the Break 3,Center(C),24+ ft.,26,-16,269,1,0,20251122,CHI,WAS,16110,0,202696|1629632|1630245|1630581|1641824,0,REG,2026,1610612741,,,,,
22500271423,,Shot Chart Detail,22500271,423,1630245,Ayo Dosunmu,1610612741,Chicago Bulls,3,8,48,Missed Shot,Jump Shot,3PT Field Goal,Right Corner 3,Right Side(R),24+ ft.,23,225,71,1,0,20251122,CHI,WAS,16320,0,202696|1629632|1630245|1630581|1641824,0,REG,2026,1610612741,,,,,
22500271427,,Shot Chart Detail,22500271,427,1630245,Ayo Dosunmu,1610612741,Chicago Bulls,3,8,22,Missed Shot,Driving Layup Shot,2PT Field Goal,Restricted Area,Center(C),Less Than 8 ft.,3,22,27,1,0,20251122,CHI,WAS,16580,0,202696|1629632|1630245|1630581|1641824,0,REG,2026,1610612741,,,,,
22500271431,,Shot Chart Detail,22500271,431,1630581,Josh Giddey,1610612741,Chicago Bulls,3,7,58,Made Shot,Jump Shot,3PT Field Goal,Left Corner 3,Left Side(L),24+ ft.,23,-233,26,1,1,20251122,CHI,WAS,16820,0,202696|1629632|1630245|1630581|1641824,1,REG,2026,1610612741,,,,,
22500271435,,Shot Chart Detail,22500271,435,1629632,Coby White,1610612741,Chicago Bulls,3,7,26,Missed Shot,Pullup Jump shot,3PT Field Goal,Above the Break 3,Right Side Center(RC),24+ ft.,25,167,193,1,0,20251122,CHI,WAS,17140,0,202696|1629632|1630245|1630581|1641824,0,REG,2026,1610612741,,,,,
22500271439,,Shot Chart Detail,22500271,439,202696,Nikola Vučević,1610612741,Chicago Bulls,3,6,49,Made Shot,Floating Jump shot,2PT Field Goal,In The Paint (Non-RA),Center(C),8-16 ft.,9,-7,94,1,1,20251122,CHI,WAS,17510,0,202696|1629632|1630245|1630581|1641824,1,REG,2026,1610612741,,,,,
22500271443,,Shot Chart Detail,22500271,443,1629632,Coby White,1610612741,Chicago Bulls,3,6,16,Missed Shot,Driving Layup Shot,2PT Field Goal,Restricted Area,Center(C),Less Than 8 ft.,3,29,23,1,0,20251122,CHI,WAS,17840,0,202696|1629632|1630245|1630581|1641824,0,REG,2026,1610612741,,,,,
22500271447,,Shot Chart Detail,22500271,447,1630581,Josh Giddey,1610612741,Chicago Bulls,3,5,51,Missed Shot,Driving Layup Shot,2PT Field Goal,Restricted Area,Center(C),Less Than 8 ft.,1,7,18,1,0,20251122,CHI,WAS,18090,0,202696|1629632|1630245|1630581|1641824,0,REG,2026,1610612741,,,,,
22500271449,,Shot Chart Detail,22500271,449,1641824,Matas Buzelis,1610612741,Chicago Bulls,3,5,49,Missed Shot,Jump Shot,3PT Field Goal,Right Corner 3,Right Side(R),24+ ft.,22,222,55,1,0,20251122,CHI,WAS,18110,0,202696|1629632|1630245|1630581|1641824,0,REG,2026,1610612741,,,,,
22500271473,,Shot Chart Detail,22500271,473,1630188,Jalen Smith,1610612741,Chicago Bulls,3,5,8,Made Shot,Cutting Layup Shot,2PT Field Goal,Restricted Area,Center(C),Less Than 8 ft.,1,-4,10,1,1,20251122,CHI,WAS,18520,0,1628989|1630188|1630200|1630581|1641763,1,REG,2026,1610612741,,,,,
22500271477,,Shot Chart Detail,22500271,477,1630581,Josh Giddey,1610612741,Chicago Bulls,3,4,29,Made Shot,Driving Floating Jump Shot,2PT Field Goal,In The Paint (Non-RA),Center(C),Less Than 8 ft.,7,1,74,1,1,20251122,CHI,WAS,18910,0,1628989|1630188|1630200|1630581|1641763,0,REG,2026,1610612741,,,,,
22500271486,,Shot Chart Detail,22500271,486,1630188,Jalen Smith,1610612741,Chicago Bulls,3,3,58,Missed Shot,Jump Shot,3PT Field Goal,Above the Break 3,Center(C),24+ ft.,30,-12,309,1,0,20251122,CHI,WAS,19220,0,1628989|1630188|1630200|1630581|1641763,0,REG,2026,1610612741,,,,,
22500271501,,Shot Chart Detail,22500271,501,1630200,Tre Jones,1610612741,Chicago Bulls,3,3,10,Made Shot,Running Reverse Layup Shot,2PT Field Goal,Restricted Area,Center(C),Less Than 8 ft.,1,-7,13,1,1,20251122,CHI,WAS,19700,0,1628989|1630188|1630200|1630581|1641763,1,REG,2026,1610612741,,,,,
22500271505,,Shot Chart Detail,22500271,505,1630188,Jalen Smith,1610612741,Chicago Bulls,3,2,46,Made Shot,Driving Layup Shot,2PT Field Goal,Restricted Area,Center(C),Less Than 8 ft.,2,-21,20,1,1,20251122,CHI,WAS,19940,0,1628989|1630188|1630200|1630581|1641763,1,REG,2026,1610612741,,,,,
22500271521,,Shot Chart Detail,22500271,521,1630188,Jalen Smith,1610612741,Chicago Bulls,3,2,0,Missed Shot,Jump Shot,3PT Field Goal,Above the Break 3,Left Side Center(LC),24+ ft.,27,-151,232,1,0,20251122,CHI,WAS,20400,0,1628989|1630188|1630200|1630245|1641763,0,REG,2026,1610612741,,,,,
22500271526,,Shot Chart Detail,22500271,526,1630245,Ayo Dosunmu,1610612741,Chicago Bulls,3,1,34,Made Shot,Running Jump Shot,3PT Field Goal,Above the Break 3,Center(C),24+ ft.,26,0,265,1,1,20251122,CHI,WAS,20660,0,1628989|1630188|1630200|1630245|1641763,1,REG,2026,1610612741,,,,,
22500271530,,Shot Chart Detail,22500271,530,1630188,Jalen Smith,1610612741,Chicago Bulls,3,0,49,Missed Shot,Cutting Layup Shot,2PT Field Goal,Restricted Area,Center(C),Less Than 8 ft.,2,18,23,1,0,20251122,CHI,WAS,21110,0,1628989|1630188|1630200|1630245|1641763,0,REG,2026,1610612741,,,,,
22500271534,,Shot Chart Detail,22500271,534,1628989,Kevin Huerter,1610612741,Chicago Bulls,3,0,23,Missed Shot,Running Reverse Layup Shot,2PT Field Goal,Restricted Area,Center(C),Less Than 8 ft.,3,-15,33,1,0,20251122,CHI,WAS,21370,0,1628989|1630188|1630200|1630245|1641763,0,REG,2026,1610612741,,,,,
22500271538,,Shot Chart Detail,22500271,538,1630200,Tre Jones,1610612741,Chicago Bulls,3,0,1,Missed Shot,Driving Floating Jump Shot,2PT Field Goal,In The Paint (Non-RA),Center(C),Less Than 8 ft.,7,-4,71,1,0,20251122,CHI,WAS,21590,0,1628989|1630188|1630200|1630245|1641763,0,REG,2026,1610612741,,,,,
22500271549,,Shot Chart Detail,22500271,549,1630188,Jalen Smith,1610612741,Chicago Bulls,4,11,23,Missed Shot,Jump Shot,3PT Field Goal,Right Corner 3,Right Side(R),24+ ft.,22,229,-4,1,0,20251122,CHI,WAS,21970,0,1628989|1629632|1630188|1630200|1630581,0,REG,2026,1610612741,,,,,
22500271565,,Shot Chart Detail,22500271,565,1630581,Josh Giddey,1610612741,Chicago Bulls,4,10,40,Made Shot,Jump Shot,3PT Field Goal,Left Corner 3,Left Side(L),24+ ft.,23,-228,74,1,1,20251122,CHI,WAS,22400,0,1628975|1628989|1629632|1630188|1630581,1,REG,2026,1610612741,,,,,
22500271576,,Shot Chart Detail,22500271,576,1628989,Kevin Huerter,1610612741,Chicago Bulls,4,10,1,Made Shot,Running Jump Shot,3PT Field Goal,Above the Break 3,Right Side Center(RC),24+ ft.,25,165,188,1,1,20251122,CHI,WAS,22790,0,1628975|1628989|1629632|1630188|1630581,1,REG,2026,1610612741,,,,,
22500271581,,Shot Chart Detail,22500271,581,1630188,Jalen Smith,1610612741,Chicago Bulls,4,9,32,Made Shot,Driving Finger Roll Layup Shot,2PT Field Goal,Restricted Area,Center(C),Less Than 8 ft.,2,7,23,1,1,20251122,CHI,WAS,23080,0,1628975|1628989|1629632|1630188|1630581,1,REG,2026,1610612741,,,,,
22500271585,,Shot Chart Detail,22500271,585,1630188,Jalen Smith,1610612741,Chicago Bulls,4,8,49,Missed Shot,Floating Jump shot,2PT Field Goal,In The Paint (Non-RA),Center(C),Less Than 8 ft.,7,-13,78,1,0,20251122,CHI,WAS,23510,0,1628975|1628989|1629632|1630188|1630581,0,REG,2026,1610612741,,,,,
22500271596,,Shot Chart Detail,22500271,596,1630581,Josh Giddey,1610612741,Chicago Bulls,4,8,23,Made Shot,Driving Layup Shot,2PT Field Goal,Restricted Area,Center(C),Less Than 8 ft.,2,9,21,1,1,20251122,CHI,WAS,23770,0,1628975|1628989|1629632|1630188|1630581,0,REG,2026,1610612741,,,,,
22500271599,,Shot Chart Detail,22500271,599,1630188,Jalen Smith,1610612741,Chicago Bulls,4,7,59,Missed Shot,Jump Shot,3PT Field Goal,Above the Break 3,Right Side Center(RC),24+ ft.,25,103,237,1,0,20251122,CHI,WAS,24010,0,1628975|1628989|1629632|1630188|1630581,0,REG,2026,1610612741,,,,,
22500271603,,Shot Chart Detail,22500271,603,1629632,Coby White,1610612741,Chicago Bulls,4,7,33,Missed Shot,Driving Layup Shot,2PT Field Goal,Restricted Area,Center(C),Less Than 8 ft.,1,7,11,1,0,20251122,CHI,WAS,24270,0,1628975|1628989|1629632|1630188|1630581,0,REG,2026,1610612741,,,,,
22500271605,,Shot Chart Detail,22500271,605,1630188,Jalen Smith,1610612741,Chicago Bulls,4,7,31,Missed Shot,Putback Dunk Shot,2PT Field Goal,Restricted Area,Center(C),Less Than 8 ft.,0,0,0,1,0,20251122,CHI,WAS,24290,0,1628975|1628989|1629632|1630188|1630581,0,REG,2026,1610612741,,,,,
22500271607,,Shot Chart Detail,22500271,607,1628989,Kevin Huerter,1610612741,Chicago Bulls,4,7,29,Missed Shot,Jump Shot,3PT Field Goal,Above the Break 3,Center(C),24+ ft.,27,-65,272,1,0,20251122,CHI,WAS,24310,0,1628975|1628989|1629632|1630188|1630581,0,REG,2026,1610612741,,,,,
22500271614,,Shot Chart Detail,22500271,614,1629632,Coby White,1610612741,Chicago Bulls,4,7,4,Missed Shot,Jump Shot,3PT Field Goal,Above the Break 3,Left Side Center(LC),24+ ft.,27,-132,241,1,0,20251122,CHI,WAS,24560,0,1628975|1628989|1629632|1630188|1630581,0,REG,2026,1610612741,,,,,
22500271637,,Shot Chart Detail,22500271,637,1630200,Tre Jones,1610612741,Chicago Bulls,4,5,53,Made Shot,Driving Floating Jump Shot,2PT Field Goal,In The Paint (Non-RA),Center(C),8-16 ft.,9,-21,89,1,1,20251122,CHI,WAS,25270,0,202696|1628975|1630200|1630245|1641824,0,REG,2026,1610612741,,,,,
22500271645,,Shot Chart Detail,22500271,645,202696,Nikola Vučević,1610612741,Chicago Bulls,4,5,19,Made Shot,Jump Shot,3PT Field Goal,Above the Break 3,Left Side Center(LC),24+ ft.,28,-130,251,1,1,20251122,CHI,WAS,25610,0,202696|1628975|1630200|1630245|1641824,1,REG,2026,1610612741,,,,,
22500271649,,Shot Chart Detail,22500271,649,1641824,Matas Buzelis,1610612741,Chicago Bulls,4,4,51,Made Shot,Jump Shot,3PT Field Goal,Left Corner 3,Left Side(L),24+ ft.,23,-232,12,1,1,20251122,CHI,WAS,25890,0,202696|1628975|1630200|1630245|1641824,1,REG,2026,1610612741,,,,,
22500271665,,Shot Chart Detail,22500271,665,202696,Nikola Vučević,1610612741,Chicago Bulls,4,4,9,Missed Shot,Jump Shot,3PT Field Goal,Above the Break 3,Left Side Center(LC),24+ ft.,27,-135,238,1,0,20251122,CHI,WAS,26310,0,202696|1629632|1630200|1630581|1641824,0,REG,2026,1610612741,,,,,
22500271671,,Shot Chart Detail,22500271,671,202696,Nikola Vučević,1610612741,Chicago Bulls,4,3,41,Made Shot,Hook Shot,2PT Field Goal,In The Paint (Non-RA),Center(C),Less Than 8 ft.,7,-2,75,1,1,20251122,CHI,WAS,26590,0,202696|1629632|1630200|1630581|1641824,1,REG,2026,1610612741,,,,,
22500271678,,Shot Chart Detail,22500271,678,202696,Nikola Vučević,1610612741,Chicago Bulls,4,2,55,Made Shot,Jump Shot,3PT Field Goal,Above the Break 3,Left Side Center(LC),24+ ft.,27,-173,215,1,1,20251122,CHI,WAS,27050,0,202696|1629632|1630200|1630581|1641824,1,REG,2026,1610612741,,,,,
22500271682,,Shot Chart Detail,22500271,682,1630581,Josh Giddey,1610612741,Chicago Bulls,4,2,27,Missed Shot,Driving Floating Bank Jump Shot,2PT Field Goal,Mid-Range,Left Side(L),8-16 ft.,12,-83,96,1,0,20251122,CHI,WAS,27330,0,202696|1629632|1630200|1630581|1641824,0,REG,2026,1610612741,,,,,
22500271688,,Shot Chart Detail,22500271,688,1630581,Josh Giddey,1610612741,Chicago Bulls,4,1,53,Missed Shot,Driving Floating Jump Shot,2PT Field Goal,In The Paint (Non-RA),Center(C),8-16 ft.,9,-17,96,1,0,20251122,CHI,WAS,27670,0,202696|1629632|1630200|1630581|1641824,0,REG,2026,1610612741,,,,,
22500271695,,Shot Chart Detail,22500271,695,1629632,Coby White,1610612741,Chicago Bulls,4,1,25,Missed Shot,Jump Shot,3PT Field Goal,Above the Break 3,Left Side Center(LC),24+ ft.,28,-110,258,1,0,20251122,CHI,WAS,27950,0,202696|1629632|1630200|1630581|1641824,0,REG,2026,1610612741,,,,,
22500271699,,Shot Chart Detail,22500271,699,1629632,Coby White,1610612741,Chicago Bulls,4,0,57,Made Shot,Running Finger Roll Layup Shot,2PT Field Goal,Restricted Area,Center(C),Less Than 8 ft.,1,11,16,1,1,20251122,CHI,WAS,28230,0,202696|1629632|1630200|1630581|1641824,0,REG,2026,1610612741,,,,,
22500271714,,Shot Chart Detail,22500271,714,1629632,Coby White,1610612741,Chicago Bulls,4,0,7,Missed Shot,Pullup Jump shot,3PT Field Goal,Above the Break 3,Center(C),24+ ft.,26,36,260,1,0,20251122,CHI,WAS,28730,0,202696|1629632|1630200|1630581|1641824,0,REG,2026,1610612741,,,,,
