SHOT_ID,video_url,GRID_TYPE,GAME_ID,GAME_EVENT_ID,PLAYER_ID,PLAYER_NAME,TEAM_ID,TEAM_NAME,PERIOD,MINUTES_REMAINING,SECONDS_REMAINING,EVENT_TYPE,ACTION_TYPE,SHOT_TYPE,SHOT_ZONE_BASIC,SHOT_ZONE_AREA,SHOT_ZONE_RANGE,SHOT_DISTANCE,LOC_X,LOC_Y,SHOT_ATTEMPTED_FLAG,SHOT_MADE_FLAG,GAME_DATE,HTM,VTM,time,extra,PLAYERS_ON,assisted,season_type,year_source,team_id,year,month,day,api_game_id,uuid
225000049,,Shot Chart Detail,22500004,9,1642843,Cooper Flagg,1610612742,Dallas Mavericks,1,11,44,Missed Shot,Running Alley Oop Dunk Shot,2PT Field Goal,Restricted Area,Center(C),Less Than 8 ft.,0,-4,5,1,0,20251022,DAL,SAS,160,0,202691|203076|1629023|1641726|1642843,0,REG,2026,1610612742,,,,,
2250000411,,Shot Chart Detail,22500004,11,203076,Anthony Davis,1610612742,Dallas Mavericks,1,11,39,Made Shot,Putback Dunk Shot,2PT Field Goal,Restricted Area,Center(C),Less Than 8 ft.,2,-17,13,1,1,20251022,DAL,SAS,210,0,202691|203076|1629023|1641726|1642843,0,REG,2026,1610612742,,,,,
2250000416,,Shot Chart Detail,22500004,16,203076,Anthony Davis,1610612742,Dallas Mavericks,1,10,59,Made Shot,Step Back Jump shot,2PT Field Goal,Mid-Range,Left Side(L),8-16 ft.,13,-135,18,1,1,20251022,DAL,SAS,610,0,202691|203076|1629023|1641726|1642843,1,REG,2026,1610612742,,,,,
2250000421,,Shot Chart Detail,22500004,21,1629023,P.J. Washington,1610612742,Dallas Mavericks,1,10,40,Made Shot,Running Finger Roll Layup Shot,2PT Field Goal,Restricted Area,Center(C),Less Than 8 ft.,3,28,27,1,1,20251022,DAL,SAS,800,0,202691|203076|1629023|1641726|1642843,0,REG,2026,1610612742,,,,,
2250000425,,Shot Chart Detail,22500004,25,1642843,Cooper Flagg,1610612742,Dallas Mavericks,1,10,2,Missed Shot,Pullup Jump shot,2PT Field Goal,Mid-Range,Center(C),16-24 ft.,21,-57,207,1,0,20251022,DAL,SAS,1180,0,202691|203076|1629023|1641726|1642843,0,REG,2026,1610612742,,,,,
2250000434,,Shot Chart Detail,22500004,34,1641726,Dereck Lively II,1610612742,Dallas Mavericks,1,9,32,Made Shot,Alley Oop Dunk Shot,2PT Field Goal,Restricted Area,Center(C),Less Than 8 ft.,0,0,6,1,1,20251022,DAL,SAS,1480,0,202691|203076|1630230|1641726|1642843,1,REG,2026,1610612742,,,,,
2250000439,,Shot Chart Detail,22500004,39,1630230,Naji Marshall,1610612742,Dallas Mavericks,1,9,0,Missed Shot,Turnaround Jump Shot,2PT Field Goal,In The Paint (Non-RA),Center(C),Less Than 8 ft.,6,43,55,1,0,20251022,DAL,SAS,1800,0,202691|203076|1630230|1641726|1642843,0,REG,2026,1610612742,,,,,
2250000441,,Shot Chart Detail,22500004,41,203076,Anthony Davis,1610612742,Dallas Mavericks,1,8,49,Missed Shot,Driving Layup Shot,2PT Field Goal,Restricted Area,Center(C),Less Than 8 ft.,2,25,16,1,0,20251022,DAL,SAS,1910,0,202691|203076|1630230|1641726|1642843,0,REG,2026,1610612742,,,,,
2250000446,,Shot Chart Detail,22500004,46,203076,Anthony Davis,1610612742,Dallas Mavericks,1,8,30,Missed Shot,Layup Shot,2PT Field Goal,Restricted Area,Center(C),Less Than 8 ft.,3,-37,12,1,0,20251022,DAL,SAS,2100,0,202691|203076|1630230|1641726|1642843,0,REG,2026,1610612742,,,,,
2250000451,,Shot Chart Detail,22500004,51,202691,Klay Thompson,1610612742,Dallas Mavericks,1,8,8,Missed Shot,Jump Shot,3PT Field Goal,Above the Break 3,Left Side Center(LC),24+ ft.,25,-138,218,1,0,20251022,DAL,SAS,2320,0,202691|203076|1630230|1641726|1642843,0,REG,2026,1610612742,,,,,
2250000458,,Shot Chart Detail,22500004,58,203076,Anthony Davis,1610612742,Dallas Mavericks,1,7,39,Missed Shot,Jump Shot,3PT Field Goal,Above the Break 3,Center(C),24+ ft.,25,76,247,1,0,20251022,DAL,SAS,2610,0,202691|203076|1630230|1631108|1642843,0,REG,2026,1610612742,,,,,
2250000461,,Shot Chart Detail,22500004,61,202691,Klay Thompson,1610612742,Dallas Mavericks,1,7,29,Missed Shot,Pullup Jump shot,2PT Field Goal,In The Paint (Non-RA),Center(C),8-16 ft.,15,-71,134,1,0,20251022,DAL,SAS,2710,0,202691|203076|1630230|1631108|1642843,0,REG,2026,1610612742,,,,,
2250000469,,Shot Chart Detail,22500004,69,1631108,Max Christie,1610612742,Dallas Mavericks,1,6,49,Made Shot,Jump Shot,3PT Field Goal,Right Corner 3,Right Side(R),24+ ft.,23,225,57,1,1,20251022,DAL,SAS,3110,0,202691|203076|1630230|1631108|1642843,1,REG,2026,1610612742,,,,,
2250000483,,Shot Chart Detail,22500004,83,1626156,D'Angelo Russell,1610612742,Dallas Mavericks,1,6,9,Made Shot,Driving Floating Bank Jump Shot,2PT Field Goal,In The Paint (Non-RA),Center(C),Less Than 8 ft.,7,54,50,1,1,20251022,DAL,SAS,3510,0,203076|1626156|1630230|1631108|1642948,0,REG,2026,1610612742,,,,,
2250000496,,Shot Chart Detail,22500004,96,203076,Anthony Davis,1610612742,Dallas Mavericks,1,5,21,Missed Shot,Step Back Jump shot,2PT Field Goal,Mid-Range,Center(C),16-24 ft.,21,27,217,1,0,20251022,DAL,SAS,3990,0,203076|1626156|1630230|1631108|1642948,0,REG,2026,1610612742,,,,,
22500004103,,Shot Chart Detail,22500004,103,1642948,Ryan Nembhard,1610612742,Dallas Mavericks,1,5,5,Made Shot,Pullup Jump shot,2PT Field Goal,Mid-Range,Center(C),16-24 ft.,17,-43,165,1,1,20251022,DAL,SAS,4150,0,203076|1626156|1630230|1631108|1642948,0,REG,2026,1610612742,,,,,
22500004106,,Shot Chart Detail,22500004,106,203076,Anthony Davis,1610612742,Dallas Mavericks,1,4,36,Missed Shot,Driving Floating Jump Shot,2PT Field Goal,In The Paint (Non-RA),Left Side(L),8-16 ft.,10,-55,85,1,0,20251022,DAL,SAS,4440,0,203076|1626156|1630230|1631108|1642948,0,REG,2026,1610612742,,,,,
22500004109,,Shot Chart Detail,22500004,109,203076,Anthony Davis,1610612742,Dallas Mavericks,1,4,17,Missed Shot,Driving Floating Jump Shot,2PT Field Goal,In The Paint (Non-RA),Center(C),8-16 ft.,10,-7,102,1,0,20251022,DAL,SAS,4630,0,203076|1626156|1630230|1631108|1642948,0,REG,2026,1610612742,,,,,
22500004127,,Shot Chart Detail,22500004,127,1642948,Ryan Nembhard,1610612742,Dallas Mavericks,1,3,33,Made Shot,Driving Floating Jump Shot,2PT Field Goal,In The Paint (Non-RA),Left Side(L),8-16 ft.,10,-66,86,1,1,20251022,DAL,SAS,5070,0,203076|1626156|1630230|1631108|1642948,0,REG,2026,1610612742,,,,,
22500004130,,Shot Chart Detail,22500004,130,203076,Anthony Davis,1610612742,Dallas Mavericks,1,3,5,Made Shot,Turnaround Bank shot,2PT Field Goal,Restricted Area,Center(C),Less Than 8 ft.,3,28,28,1,1,20251022,DAL,SAS,5350,0,203076|1626156|1630230|1631108|1642948,1,REG,2026,1610612742,,,,,
22500004142,,Shot Chart Detail,22500004,142,1630230,Naji Marshall,1610612742,Dallas Mavericks,1,2,44,Missed Shot,Driving Floating Jump Shot,2PT Field Goal,In The Paint (Non-RA),Center(C),Less Than 8 ft.,5,22,54,1,0,20251022,DAL,SAS,5560,0,1626156|1630230|1631108|1641726|1642843,0,REG,2026,1610612742,,,,,
22500004163,,Shot Chart Detail,22500004,163,1626156,D'Angelo Russell,1610612742,Dallas Mavericks,1,1,47,Missed Shot,Running Jump Shot,3PT Field Goal,Above the Break 3,Left Side Center(LC),24+ ft.,26,-88,252,1,0,20251022,DAL,SAS,6130,0,1626156|1630230|1631108|1641726|1642843,0,REG,2026,1610612742,,,,,
22500004177,,Shot Chart Detail,22500004,177,1631108,Max Christie,1610612742,Dallas Mavericks,1,0,47,Missed Shot,Running Jump Shot,3PT Field Goal,Right Corner 3,Right Side(R),24+ ft.,22,227,7,1,0,20251022,DAL,SAS,6730,0,1626156|1630230|1631108|1641726|1642843,0,REG,2026,1610612742,,,,,
22500004207,,Shot Chart Detail,22500004,207,202691,Klay Thompson,1610612742,Dallas Mavericks,2,11,44,Made Shot,Pullup Jump shot,2PT Field Goal,Mid-Range,Right Side Center(RC),16-24 ft.,19,87,177,1,1,20251022,DAL,SAS,7360,0,202691|203939|1629023|1642843|1642948,1,REG,2026,1610612742,,,,,
22500004219,,Shot Chart Detail,22500004,219,202691,Klay Thompson,1610612742,Dallas Mavericks,2,10,47,Missed Shot,Step Back Jump shot,2PT Field Goal,Mid-Range,Left Side Center(LC),16-24 ft.,18,-61,174,1,0,20251022,DAL,SAS,7930,0,202691|203939|1629023|1642843|1642948,0,REG,2026,1610612742,,,,,
22500004231,,Shot Chart Detail,22500004,231,1629023,P.J. Washington,1610612742,Dallas Mavericks,2,10,0,Made Shot,Pullup Jump shot,2PT Field Goal,Mid-Range,Right Side Center(RC),16-24 ft.,16,120,110,1,1,20251022,DAL,SAS,8400,0,202691|203939|1629023|1642843|1642948,1,REG,2026,1610612742,,,,,
22500004235,,Shot Chart Detail,22500004,235,1629023,P.J. Washington,1610612742,Dallas Mavericks,2,9,37,Made Shot,Jump Shot,3PT Field Goal,Right Corner 3,Right Side(R),24+ ft.,23,232,43,1,1,20251022,DAL,SAS,8630,0,202691|203939|1629023|1642843|1642948,1,REG,2026,1610612742,,,,,
22500004239,,Shot Chart Detail,22500004,239,1642948,Ryan Nembhard,1610612742,Dallas Mavericks,2,9,6,Missed Shot,Jump Shot,3PT Field Goal,Above the Break 3,Left Side Center(LC),24+ ft.,24,-170,183,1,0,20251022,DAL,SAS,8940,0,202691|203939|1629023|1642843|1642948,0,REG,2026,1610612742,,,,,
22500004243,,Shot Chart Detail,22500004,243,202691,Klay Thompson,1610612742,Dallas Mavericks,2,8,35,Missed Shot,Fadeaway Jump Shot,2PT Field Goal,Mid-Range,Right Side(R),16-24 ft.,22,189,113,1,0,20251022,DAL,SAS,9250,0,202691|203939|1629023|1642843|1642948,0,REG,2026,1610612742,,,,,
22500004252,,Shot Chart Detail,22500004,252,203076,Anthony Davis,1610612742,Dallas Mavericks,2,8,11,Missed Shot,Driving Hook Shot,2PT Field Goal,In The Paint (Non-RA),Center(C),8-16 ft.,10,10,101,1,0,20251022,DAL,SAS,9490,0,202691|203076|1626156|1629023|1642843,0,REG,2026,1610612742,,,,,
22500004255,,Shot Chart Detail,22500004,255,1626156,D'Angelo Russell,1610612742,Dallas Mavericks,2,7,46,Missed Shot,Pullup Jump shot,2PT Field Goal,Mid-Range,Left Side Center(LC),16-24 ft.,18,-109,148,1,0,20251022,DAL,SAS,9740,0,202691|203076|1626156|1629023|1642843,0,REG,2026,1610612742,,,,,
22500004270,,Shot Chart Detail,22500004,270,1629023,P.J. Washington,1610612742,Dallas Mavericks,2,7,13,Missed Shot,Jump Shot,3PT Field Goal,Left Corner 3,Left Side(L),24+ ft.,24,-239,42,1,0,20251022,DAL,SAS,10070,0,202691|203076|1626156|1629023|1630230,0,REG,2026,1610612742,,,,,
22500004278,,Shot Chart Detail,22500004,278,1626156,D'Angelo Russell,1610612742,Dallas Mavericks,2,7,7,Missed Shot,Driving Finger Roll Layup Shot,2PT Field Goal,Restricted Area,Center(C),Less Than 8 ft.,3,-11,38,1,0,20251022,DAL,SAS,10130,0,203076|1626156|1629023|1630230|1631108,0,REG,2026,1610612742,,,,,
22500004282,,Shot Chart Detail,22500004,282,1631108,Max Christie,1610612742,Dallas Mavericks,2,6,38,Made Shot,Running Jump Shot,3PT Field Goal,Above the Break 3,Left Side Center(LC),24+ ft.,25,-228,122,1,1,20251022,DAL,SAS,10420,0,203076|1626156|1629023|1630230|1631108,1,REG,2026,1610612742,,,,,
22500004291,,Shot Chart Detail,22500004,291,1626156,D'Angelo Russell,1610612742,Dallas Mavericks,2,6,4,Missed Shot,Driving Layup Shot,2PT Field Goal,Restricted Area,Center(C),Less Than 8 ft.,2,-21,11,1,0,20251022,DAL,SAS,10760,0,203076|1626156|1629023|1630230|1631108,0,REG,2026,1610612742,,,,,
22500004315,,Shot Chart Detail,22500004,315,1626156,D'Angelo Russell,1610612742,Dallas Mavericks,2,4,25,Missed Shot,Driving Layup Shot,2PT Field Goal,In The Paint (Non-RA),Left Side(L),8-16 ft.,8,-65,57,1,0,20251022,DAL,SAS,11750,0,203076|1626156|1629023|1630230|1631108,0,REG,2026,1610612742,,,,,
22500004317,,Shot Chart Detail,22500004,317,203076,Anthony Davis,1610612742,Dallas Mavericks,2,4,23,Missed Shot,Tip Layup Shot,2PT Field Goal,Restricted Area,Center(C),Less Than 8 ft.,2,-25,15,1,0,20251022,DAL,SAS,11770,0,203076|1626156|1629023|1630230|1631108,0,REG,2026,1610612742,,,,,
22500004321,,Shot Chart Detail,22500004,321,1629023,P.J. Washington,1610612742,Dallas Mavericks,2,4,1,Made Shot,Jump Shot,3PT Field Goal,Above the Break 3,Left Side Center(LC),24+ ft.,25,-208,151,1,1,20251022,DAL,SAS,11990,0,203076|1626156|1629023|1630230|1631108,0,REG,2026,1610612742,,,,,
22500004334,,Shot Chart Detail,22500004,334,203076,Anthony Davis,1610612742,Dallas Mavericks,2,3,6,Missed Shot,Driving Layup Shot,2PT Field Goal,Restricted Area,Center(C),Less Than 8 ft.,3,25,18,1,0,20251022,DAL,SAS,12540,0,203076|1629023|1630230|1631108|1642843,0,REG,2026,1610612742,,,,,
22500004342,,Shot Chart Detail,22500004,342,202691,Klay Thompson,1610612742,Dallas Mavericks,2,2,30,Missed Shot,Jump Shot,3PT Field Goal,Left Corner 3,Left Side(L),24+ ft.,23,-235,33,1,0,20251022,DAL,SAS,12900,0,202691|203076|1630230|1631108|1642843,0,REG,2026,1610612742,,,,,
22500004350,,Shot Chart Detail,22500004,350,203076,Anthony Davis,1610612742,Dallas Mavericks,2,2,8,Missed Shot,Pullup Jump shot,2PT Field Goal,Mid-Range,Left Side(L),16-24 ft.,19,-172,99,1,0,20251022,DAL,SAS,13120,0,202691|203076|1630230|1631108|1642843,0,REG,2026,1610612742,,,,,
22500004372,,Shot Chart Detail,22500004,372,202691,Klay Thompson,1610612742,Dallas Mavericks,2,0,52,Missed Shot,Driving Finger Roll Layup Shot,2PT Field Goal,Restricted Area,Center(C),Less Than 8 ft.,3,16,26,1,0,20251022,DAL,SAS,13880,0,202691|203939|1630230|1631108|1642843,0,REG,2026,1610612742,,,,,
22500004381,,Shot Chart Detail,22500004,381,202691,Klay Thompson,1610612742,Dallas Mavericks,2,0,31,Missed Shot,Jump Shot,3PT Field Goal,Right Corner 3,Right Side(R),24+ ft.,22,228,23,1,0,20251022,DAL,SAS,14090,0,202691|203939|1630230|1631108|1642843,0,REG,2026,1610612742,,,,,
22500004383,,Shot Chart Detail,22500004,383,202691,Klay Thompson,1610612742,Dallas Mavericks,2,0,28,Made Shot,Jump Shot,3PT Field Goal,Right Corner 3,Right Side(R),24+ ft.,22,222,22,1,1,20251022,DAL,SAS,14120,0,202691|203939|1630230|1631108|1642843,0,REG,2026,1610612742,,,,,
22500004401,,Shot Chart Detail,22500004,401,1642843,Cooper Flagg,1610612742,Dallas Mavericks,3,11,42,Made Shot,Pullup Jump shot,2PT Field Goal,Mid-Range,Center(C),16-24 ft.,19,-20,197,1,1,20251022,DAL,SAS,14580,0,202691|203076|1629023|1641726|1642843,1,REG,2026,1610612742,,,,,
22500004405,,Shot Chart Detail,22500004,405,1642843,Cooper Flagg,1610612742,Dallas Mavericks,3,11,10,Missed Shot,Running Layup Shot,2PT Field Goal,Restricted Area,Center(C),Less Than 8 ft.,3,29,17,1,0,20251022,DAL,SAS,14900,0,202691|203076|1629023|1641726|1642843,0,REG,2026,1610612742,,,,,
22500004410,,Shot Chart Detail,22500004,410,1642843,Cooper Flagg,1610612742,Dallas Mavericks,3,10,51,Missed Shot,Pullup Jump shot,2PT Field Goal,Mid-Range,Right Side(R),16-24 ft.,16,150,71,1,0,20251022,DAL,SAS,15090,0,202691|203076|1629023|1641726|1642843,0,REG,2026,1610612742,,,,,
22500004412,,Shot Chart Detail,22500004,412,1642843,Cooper Flagg,1610612742,Dallas Mavericks,3,10,44,Missed Shot,Fadeaway Jump Shot,2PT Field Goal,Mid-Range,Left Side(L),8-16 ft.,11,-110,45,1,0,20251022,DAL,SAS,15160,0,202691|203076|1629023|1641726|1642843,0,REG,2026,1610612742,,,,,
22500004415,,Shot Chart Detail,22500004,415,202691,Klay Thompson,1610612742,Dallas Mavericks,3,10,22,Made Shot,Fadeaway Jump Shot,2PT Field Goal,Mid-Range,Left Side(L),8-16 ft.,11,-107,41,1,1,20251022,DAL,SAS,15380,0,202691|203076|1629023|1641726|1642843,1,REG,2026,1610612742,,,,,
22500004423,,Shot Chart Detail,22500004,423,1629023,P.J. Washington,1610612742,Dallas Mavericks,3,9,40,Made Shot,Driving Hook Shot,2PT Field Goal,In The Paint (Non-RA),Center(C),Less Than 8 ft.,6,-9,69,1,1,20251022,DAL,SAS,15800,0,202691|203076|1629023|1641726|1642843,0,REG,2026,1610612742,,,,,
22500004425,,Shot Chart Detail,22500004,425,1641726,Dereck Lively II,1610612742,Dallas Mavericks,3,9,1,Missed Shot,Hook Shot,2PT Field Goal,Restricted Area,Center(C),Less Than 8 ft.,1,-9,15,1,0,20251022,DAL,SAS,16190,0,202691|203076|1629023|1641726|1642843,0,REG,2026,1610612742,,,,,
22500004432,,Shot Chart Detail,22500004,432,1642843,Cooper Flagg,1610612742,Dallas Mavericks,3,8,41,Missed Shot,Driving Layup Shot,2PT Field Goal,Restricted Area,Center(C),Less Than 8 ft.,3,-26,21,1,0,20251022,DAL,SAS,16390,0,202691|203076|1629023|1641726|1642843,0,REG,2026,1610612742,,,,,
22500004439,,Shot Chart Detail,22500004,439,1629023,P.J. Washington,1610612742,Dallas Mavericks,3,8,24,Made Shot,Running Layup Shot,2PT Field Goal,In The Paint (Non-RA),Center(C),Less Than 8 ft.,5,45,26,1,1,20251022,DAL,SAS,16560,0,202691|203076|1629023|1641726|1642843,1,REG,2026,1610612742,,,,,
22500004448,,Shot Chart Detail,22500004,448,203076,Anthony Davis,1610612742,Dallas Mavericks,3,7,56,Missed Shot,Driving Floating Jump Shot,2PT Field Goal,In The Paint (Non-RA),Center(C),Less Than 8 ft.,4,-23,37,1,0,20251022,DAL,SAS,16840,0,202691|203076|1629023|1630230|1641726,0,REG,2026,1610612742,,,,,
22500004458,,Shot Chart Detail,22500004,458,202691,Klay Thompson,1610612742,Dallas Mavericks,3,7,27,Missed Shot,Jump Shot,3PT Field Goal,Above the Break 3,Left Side Center(LC),24+ ft.,25,-118,227,1,0,20251022,DAL,SAS,17130,0,202691|203076|1626156|1629023|1630230,0,REG,2026,1610612742,,,,,
22500004471,,Shot Chart Detail,22500004,471,1642843,Cooper Flagg,1610612742,Dallas Mavericks,3,6,48,Missed Shot,Driving Layup Shot,2PT Field Goal,Restricted Area,Center(C),Less Than 8 ft.,3,17,32,1,0,20251022,DAL,SAS,17520,0,203076|1626156|1629023|1631108|1642843,0,REG,2026,1610612742,,,,,
22500004489,,Shot Chart Detail,22500004,489,203076,Anthony Davis,1610612742,Dallas Mavericks,3,5,12,Made Shot,Jump Shot,3PT Field Goal,Above the Break 3,Center(C),24+ ft.,26,31,264,1,1,20251022,DAL,SAS,18480,0,203076|1626156|1629023|1631108|1642843,1,REG,2026,1610612742,,,,,
22500004496,,Shot Chart Detail,22500004,496,203076,Anthony Davis,1610612742,Dallas Mavericks,3,4,28,Missed Shot,Driving Floating Bank Jump Shot,2PT Field Goal,In The Paint (Non-RA),Center(C),Less Than 8 ft.,5,34,41,1,0,20251022,DAL,SAS,18920,0,203076|1626156|1629023|1631108|1642843,0,REG,2026,1610612742,,,,,
22500004500,,Shot Chart Detail,22500004,500,1629023,P.J. Washington,1610612742,Dallas Mavericks,3,4,7,Missed Shot,Running Layup Shot,2PT Field Goal,Restricted Area,Center(C),Less Than 8 ft.,1,-7,13,1,0,20251022,DAL,SAS,19130,0,203076|1626156|1629023|1631108|1642843,0,REG,2026,1610612742,,,,,
22500004502,,Shot Chart Detail,22500004,502,1642843,Cooper Flagg,1610612742,Dallas Mavericks,3,4,1,Missed Shot,Tip Layup Shot,2PT Field Goal,Restricted Area,Center(C),Less Than 8 ft.,3,20,34,1,0,20251022,DAL,SAS,19190,0,203076|1626156|1629023|1631108|1642843,0,REG,2026,1610612742,,,,,
22500004514,,Shot Chart Detail,22500004,514,203076,Anthony Davis,1610612742,Dallas Mavericks,3,3,36,Made Shot,Jump Shot,3PT Field Goal,Above the Break 3,Center(C),24+ ft.,24,66,236,1,1,20251022,DAL,SAS,19440,0,203076|1629023|1630314|1631108|1642843,1,REG,2026,1610612742,,,,,
22500004525,,Shot Chart Detail,22500004,525,1630702,Jaden Hardy,1610612742,Dallas Mavericks,3,3,1,Missed Shot,Driving Floating Jump Shot,2PT Field Goal,In The Paint (Non-RA),Center(C),8-16 ft.,8,20,87,1,0,20251022,DAL,SAS,19790,0,203939|1630314|1630702|1631108|1642843,0,REG,2026,1610612742,,,,,
22500004529,,Shot Chart Detail,22500004,529,1642843,Cooper Flagg,1610612742,Dallas Mavericks,3,2,44,Made Shot,Driving Floating Jump Shot,2PT Field Goal,In The Paint (Non-RA),Center(C),Less Than 8 ft.,6,-17,59,1,1,20251022,DAL,SAS,19960,0,203939|1630314|1630702|1631108|1642843,0,REG,2026,1610612742,,,,,
22500004532,,Shot Chart Detail,22500004,532,1642843,Cooper Flagg,1610612742,Dallas Mavericks,3,2,15,Made Shot,Turnaround Fadeaway shot,2PT Field Goal,In The Paint (Non-RA),Right Side(R),8-16 ft.,11,65,97,1,1,20251022,DAL,SAS,20250,0,203939|1630314|1630702|1631108|1642843,1,REG,2026,1610612742,,,,,
22500004535,,Shot Chart Detail,22500004,535,1630314,Brandon Williams,1610612742,Dallas Mavericks,3,1,42,Missed Shot,Driving Layup Shot,2PT Field Goal,Restricted Area,Center(C),Less Than 8 ft.,2,-20,15,1,0,20251022,DAL,SAS,20580,0,203939|1630314|1630702|1631108|1642843,0,REG,2026,1610612742,,,,,
22500004556,,Shot Chart Detail,22500004,556,1642843,Cooper Flagg,1610612742,Dallas Mavericks,3,1,1,Made Shot,Driving Reverse Layup Shot,2PT Field Goal,Restricted Area,Center(C),Less Than 8 ft.,2,18,17,1,1,20251022,DAL,SAS,20990,0,1629023|1630314|1630702|1631108|1642843,0,REG,2026,1610612742,,,,,
22500004560,,Shot Chart Detail,22500004,560,1642843,Cooper Flagg,1610612742,Dallas Mavericks,3,0,26,Missed Shot,Pullup Jump shot,3PT Field Goal,Above the Break 3,Right Side Center(RC),24+ ft.,25,119,229,1,0,20251022,DAL,SAS,21340,0,1629023|1630314|1630702|1631108|1642843,0,REG,2026,1610612742,,,,,
22500004579,,Shot Chart Detail,22500004,579,203076,Anthony Davis,1610612742,Dallas Mavericks,4,11,16,Missed Shot,Jump Shot,3PT Field Goal,Above the Break 3,Center(C),24+ ft.,25,-22,258,1,0,20251022,DAL,SAS,22040,0,202691|203076|1629023|1630314|1642843,0,REG,2026,1610612742,,,,,
22500004582,,Shot Chart Detail,22500004,582,203076,Anthony Davis,1610612742,Dallas Mavericks,4,10,54,Made Shot,Floating Jump shot,2PT Field Goal,In The Paint (Non-RA),Center(C),8-16 ft.,11,48,106,1,1,20251022,DAL,SAS,22260,0,202691|203076|1629023|1630314|1642843,1,REG,2026,1610612742,,,,,
22500004586,,Shot Chart Detail,22500004,586,202691,Klay Thompson,1610612742,Dallas Mavericks,4,10,20,Missed Shot,Pullup Jump shot,2PT Field Goal,Mid-Range,Right Side Center(RC),16-24 ft.,19,92,171,1,0,20251022,DAL,SAS,22600,0,202691|203076|1629023|1630314|1642843,0,REG,2026,1610612742,,,,,
22500004597,,Shot Chart Detail,22500004,597,202691,Klay Thompson,1610612742,Dallas Mavericks,4,9,47,Made Shot,Pullup Jump shot,2PT Field Goal,Mid-Range,Right Side(R),16-24 ft.,16,158,50,1,1,20251022,DAL,SAS,22930,0,202691|203076|1629023|1630314|1642843,1,REG,2026,1610612742,,,,,
22500004606,,Shot Chart Detail,22500004,606,203076,Anthony Davis,1610612742,Dallas Mavericks,4,8,46,Missed Shot,Jump Shot,2PT Field Goal,Mid-Range,Left Side Center(LC),16-24 ft.,21,-69,199,1,0,20251022,DAL,SAS,23540,0,202691|203076|1629023|1630314|1642843,0,REG,2026,1610612742,,,,,
22500004619,,Shot Chart Detail,22500004,619,203076,Anthony Davis,1610612742,Dallas Mavericks,4,7,47,Made Shot,Layup Shot,2PT Field Goal,Restricted Area,Center(C),Less Than 8 ft.,0,-2,5,1,1,20251022,DAL,SAS,24130,0,202691|203076|1629023|1642843|1642948,1,REG,2026,1610612742,,,,,
22500004631,,Shot Chart Detail,22500004,631,1629023,P.J. Washington,1610612742,Dallas Mavericks,4,6,57,Made Shot,Turnaround Jump Shot,2PT Field Goal,Mid-Range,Right Side(R),8-16 ft.,12,107,55,1,1,20251022,DAL,SAS,24630,0,203076|1629023|1630230|1631108|1642948,0,REG,2026,1610612742,,,,,
22500004639,,Shot Chart Detail,22500004,639,203076,Anthony Davis,1610612742,Dallas Mavericks,4,6,20,Missed Shot,Pullup Jump shot,2PT Field Goal,Mid-Range,Left Side Center(LC),16-24 ft.,16,-119,109,1,0,20251022,DAL,SAS,25000,0,203076|1629023|1630230|1631108|1642948,0,REG,2026,1610612742,,,,,
22500004642,,Shot Chart Detail,22500004,642,1629023,P.J. Washington,1610612742,Dallas Mavericks,4,5,44,Missed Shot,Pullup Jump shot,2PT Field Goal,In The Paint (Non-RA),Right Side(R),8-16 ft.,9,70,59,1,0,20251022,DAL,SAS,25360,0,203076|1629023|1630230|1631108|1642948,0,REG,2026,1610612742,,,,,
22500004655,,Shot Chart Detail,22500004,655,1631108,Max Christie,1610612742,Dallas Mavericks,4,4,43,Made Shot,Pullup Jump shot,3PT Field Goal,Above the Break 3,Center(C),24+ ft.,25,47,250,1,1,20251022,DAL,SAS,25970,0,203076|1629023|1630230|1631108|1642948,1,REG,2026,1610612742,,,,,
22500004658,,Shot Chart Detail,22500004,658,1629023,P.J. Washington,1610612742,Dallas Mavericks,4,4,11,Missed Shot,Driving Floating Bank Jump Shot,2PT Field Goal,In The Paint (Non-RA),Center(C),Less Than 8 ft.,5,-51,14,1,0,20251022,DAL,SAS,26290,0,203076|1629023|1630230|1631108|1642948,0,REG,2026,1610612742,,,,,
22500004686,,Shot Chart Detail,22500004,686,1642948,Ryan Nembhard,1610612742,Dallas Mavericks,4,3,5,Made Shot,Driving Floating Bank Jump Shot,2PT Field Goal,Mid-Range,Right Side(R),8-16 ft.,14,104,99,1,1,20251022,DAL,SAS,26950,0,1628997|1630314|1630619|1630702|1642948,1,REG,2026,1610612742,,,,,
22500004692,,Shot Chart Detail,22500004,692,1642948,Ryan Nembhard,1610612742,Dallas Mavericks,4,2,24,Missed Shot,Pullup Jump shot,2PT Field Goal,Mid-Range,Left Side(L),8-16 ft.,14,-93,114,1,0,20251022,DAL,SAS,27360,0,1628997|1630314|1630619|1630702|1642948,0,REG,2026,1610612742,,,,,
22500004697,,Shot Chart Detail,22500004,697,1630702,Jaden Hardy,1610612742,Dallas Mavericks,4,1,44,Made Shot,Jump Shot,3PT Field Goal,Above the Break 3,Left Side Center(LC),24+ ft.,24,-162,183,1,1,20251022,DAL,SAS,27760,0,1628997|1630314|1630619|1630702|1642948,1,REG,2026,1610612742,,,,,
22500004709,,Shot Chart Detail,22500004,709,1628997,Caleb Martin,1610612742,Dallas Mavericks,4,1,6,Missed Shot,Driving Finger Roll Layup Shot,2PT Field Goal,Restricted Area,Center(C),Less Than 8 ft.,1,-3,15,1,0,20251022,DAL,SAS,28140,0,1628997|1630314|1630619|1630702|1642948,0,REG,2026,1610612742,,,,,
22500004719,,Shot Chart Detail,22500004,719,1630702,Jaden Hardy,1610612742,Dallas Mavericks,4,0,29,Missed Shot,Pullup Jump shot,3PT Field Goal,Above the Break 3,Left Side Center(LC),24+ ft.,25,-143,210,1,0,20251022,DAL,SAS,28510,0,1628997|1630314|1630619|1630702|1642948,0,REG,2026,1610612742,,,,,
225000347,,Shot Chart Detail,22500034,7,1629023,P.J. Washington,1610612742,Dallas Mavericks,1,11,36,Missed Shot,Jump Shot,3PT Field Goal,Above the Break 3,Left Side Center(LC),24+ ft.,25,-142,217,1,0,20251107,MEM,DAL,240,0,1626156|1629023|1629655|1631108|1642843,0,REG,2026,1610612742,,,,,
2250003411,,Shot Chart Detail,22500034,11,1629023,P.J. Washington,1610612742,Dallas Mavericks,1,11,5,Made Shot,Alley Oop Layup shot,2PT Field Goal,Restricted Area,Center(C),Less Than 8 ft.,1,11,11,1,1,20251107,MEM,DAL,550,0,1626156|1629023|1629655|1631108|1642843,1,REG,2026,1610612742,,,,,
2250003415,,Shot Chart Detail,22500034,15,1629023,P.J. Washington,1610612742,Dallas Mavericks,1,10,25,Missed Shot,Jump Shot,3PT Field Goal,Left Corner 3,Left Side(L),24+ ft.,22,-228,13,1,0,20251107,MEM,DAL,950,0,1626156|1629023|1629655|1631108|1642843,0,REG,2026,1610612742,,,,,
2250003418,,Shot Chart Detail,22500034,18,1629023,P.J. Washington,1610612742,Dallas Mavericks,1,9,57,Made Shot,Pullup Jump shot,2PT Field Goal,Mid-Range,Center(C),16-24 ft.,20,-20,209,1,1,20251107,MEM,DAL,1230,0,1626156|1629023|1629655|1631108|1642843,0,REG,2026,1610612742,,,,,
2250003424,,Shot Chart Detail,22500034,24,1631108,Max Christie,1610612742,Dallas Mavericks,1,9,11,Made Shot,Jump Shot,3PT Field Goal,Above the Break 3,Left Side Center(LC),24+ ft.,24,-218,122,1,1,20251107,MEM,DAL,1690,0,1626156|1629023|1629655|1631108|1642843,1,REG,2026,1610612742,,,,,
2250003428,,Shot Chart Detail,22500034,28,1629023,P.J. Washington,1610612742,Dallas Mavericks,1,8,37,Missed Shot,Jump Shot,3PT Field Goal,Right Corner 3,Right Side(R),24+ ft.,22,229,15,1,0,20251107,MEM,DAL,2030,0,1626156|1629023|1629655|1631108|1642843,0,REG,2026,1610612742,,,,,
2250003437,,Shot Chart Detail,22500034,37,1629655,Daniel Gafford,1610612742,Dallas Mavericks,1,8,12,Missed Shot,Driving Floating Jump Shot,2PT Field Goal,In The Paint (Non-RA),Center(C),8-16 ft.,9,-6,94,1,0,20251107,MEM,DAL,2280,0,1626156|1629023|1629655|1631108|1642843,0,REG,2026,1610612742,,,,,
2250003451,,Shot Chart Detail,22500034,51,1626156,D'Angelo Russell,1610612742,Dallas Mavericks,1,7,40,Made Shot,Driving Floating Bank Jump Shot,2PT Field Goal,In The Paint (Non-RA),Left Side(L),8-16 ft.,9,-69,64,1,1,20251107,MEM,DAL,2600,0,203939|1626156|1629023|1631108|1642843,1,REG,2026,1610612742,,,,,
2250003456,,Shot Chart Detail,22500034,56,1631108,Max Christie,1610612742,Dallas Mavericks,1,7,15,Made Shot,Driving Dunk Shot,2PT Field Goal,Restricted Area,Center(C),Less Than 8 ft.,0,0,8,1,1,20251107,MEM,DAL,2850,0,203939|1626156|1629023|1631108|1642843,1,REG,2026,1610612742,,,,,
2250003465,,Shot Chart Detail,22500034,65,1631108,Max Christie,1610612742,Dallas Mavericks,1,6,27,Missed Shot,Jump Shot,3PT Field Goal,Above the Break 3,Left Side Center(LC),24+ ft.,26,-156,217,1,0,20251107,MEM,DAL,3330,0,203939|1626156|1629023|1630230|1631108,0,REG,2026,1610612742,,,,,
2250003483,,Shot Chart Detail,22500034,83,1629023,P.J. Washington,1610612742,Dallas Mavericks,1,5,38,Missed Shot,Pullup Jump shot,2PT Field Goal,Mid-Range,Center(C),16-24 ft.,16,37,160,1,0,20251107,MEM,DAL,3820,0,203939|1629023|1630230|1630314|1631108,0,REG,2026,1610612742,,,,,
2250003485,,Shot Chart Detail,22500034,85,1629023,P.J. Washington,1610612742,Dallas Mavericks,1,5,35,Made Shot,Hook Shot,2PT Field Goal,In The Paint (Non-RA),Center(C),Less Than 8 ft.,7,0,76,1,1,20251107,MEM,DAL,3850,0,203939|1629023|1630230|1630314|1631108,0,REG,2026,1610612742,,,,,
2250003489,,Shot Chart Detail,22500034,89,1629023,P.J. Washington,1610612742,Dallas Mavericks,1,5,5,Made Shot,Driving Floating Jump Shot,2PT Field Goal,In The Paint (Non-RA),Center(C),8-16 ft.,9,-5,95,1,1,20251107,MEM,DAL,4150,0,203939|1629023|1630230|1630314|1631108,1,REG,2026,1610612742,,,,,
2250003493,,Shot Chart Detail,22500034,93,1629023,P.J. Washington,1610612742,Dallas Mavericks,1,4,38,Missed Shot,Running Pull-Up Jump Shot,3PT Field Goal,Above the Break 3,Right Side Center(RC),24+ ft.,25,116,223,1,0,20251107,MEM,DAL,4420,0,203939|1629023|1630230|1630314|1631108,0,REG,2026,1610612742,,,,,
22500034103,,Shot Chart Detail,22500034,103,1630314,Brandon Williams,1610612742,Dallas Mavericks,1,4,14,Missed Shot,Jump Shot,3PT Field Goal,Left Corner 3,Left Side(L),24+ ft.,22,-225,2,1,0,20251107,MEM,DAL,4660,0,202691|203939|1629023|1630230|1630314,0,REG,2026,1610612742,,,,,
22500034109,,Shot Chart Detail,22500034,109,1629023,P.J. Washington,1610612742,Dallas Mavericks,1,3,45,Made Shot,Jump Shot,3PT Field Goal,Above the Break 3,Left Side Center(LC),24+ ft.,25,-110,225,1,1,20251107,MEM,DAL,4950,0,202691|203939|1629023|1630230|1630314,1,REG,2026,1610612742,,,,,
22500034114,,Shot Chart Detail,22500034,114,1629023,P.J. Washington,1610612742,Dallas Mavericks,1,3,17,Missed Shot,Running Dunk Shot,2PT Field Goal,Restricted Area,Center(C),Less Than 8 ft.,2,11,27,1,0,20251107,MEM,DAL,5230,0,202691|203939|1629023|1630230|1630314,0,REG,2026,1610612742,,,,,
22500034118,,Shot Chart Detail,22500034,118,202691,Klay Thompson,1610612742,Dallas Mavericks,1,3,5,Missed Shot,Running Jump Shot,3PT Field Goal,Above the Break 3,Right Side Center(RC),24+ ft.,25,115,228,1,0,20251107,MEM,DAL,5350,0,202691|203939|1629023|1630230|1630314,0,REG,2026,1610612742,,,,,
22500034140,,Shot Chart Detail,22500034,140,1630230,Naji Marshall,1610612742,Dallas Mavericks,1,2,2,Made Shot,Floating Jump shot,2PT Field Goal,In The Paint (Non-RA),Center(C),8-16 ft.,8,6,88,1,1,20251107,MEM,DAL,5980,0,202691|1628997|1630230|1630314|1642843,1,REG,2026,1610612742,,,,,
22500034144,,Shot Chart Detail,22500034,144,1630314,Brandon Williams,1610612742,Dallas Mavericks,1,1,41,Made Shot,Running Reverse Layup Shot,2PT Field Goal,Restricted Area,Center(C),Less Than 8 ft.,2,-17,13,1,1,20251107,MEM,DAL,6190,0,202691|1628997|1630230|1630314|1642843,0,REG,2026,1610612742,,,,,
22500034158,,Shot Chart Detail,22500034,158,1630230,Naji Marshall,1610612742,Dallas Mavericks,1,0,52,Missed Shot,Jump Shot,3PT Field Goal,Above the Break 3,Left Side Center(LC),24+ ft.,25,-140,218,1,0,20251107,MEM,DAL,6680,0,202691|1628997|1630230|1630314|1642843,0,REG,2026,1610612742,,,,,
22500034169,,Shot Chart Detail,22500034,169,1642843,Cooper Flagg,1610612742,Dallas Mavericks,1,0,24,Missed Shot,Jump Shot,3PT Field Goal,Right Corner 3,Right Side(R),24+ ft.,23,234,8,1,0,20251107,MEM,DAL,6960,0,202691|1628997|1630230|1630314|1642843,0,REG,2026,1610612742,,,,,
22500034184,,Shot Chart Detail,22500034,184,1642843,Cooper Flagg,1610612742,Dallas Mavericks,2,11,26,Missed Shot,Pullup Jump shot,2PT Field Goal,In The Paint (Non-RA),Center(C),8-16 ft.,10,-42,97,1,0,20251107,MEM,DAL,7540,0,202691|1628997|1629655|1630314|1642843,0,REG,2026,1610612742,,,,,
22500034188,,Shot Chart Detail,22500034,188,202691,Klay Thompson,1610612742,Dallas Mavericks,2,11,1,Missed Shot,Running Jump Shot,3PT Field Goal,Above the Break 3,Center(C),24+ ft.,28,58,284,1,0,20251107,MEM,DAL,7790,0,202691|1628997|1629655|1630314|1642843,0,REG,2026,1610612742,,,,,
22500034194,,Shot Chart Detail,22500034,194,202691,Klay Thompson,1610612742,Dallas Mavericks,2,10,24,Missed Shot,Driving Finger Roll Layup Shot,2PT Field Goal,In The Paint (Non-RA),Center(C),Less Than 8 ft.,4,23,33,1,0,20251107,MEM,DAL,8160,0,202691|1628997|1629655|1630314|1642843,0,REG,2026,1610612742,,,,,
22500034201,,Shot Chart Detail,22500034,201,1642843,Cooper Flagg,1610612742,Dallas Mavericks,2,9,30,Made Shot,Driving Hook Shot,2PT Field Goal,In The Paint (Non-RA),Center(C),Less Than 8 ft.,7,-5,73,1,1,20251107,MEM,DAL,8700,0,202691|1628997|1629655|1630314|1642843,0,REG,2026,1610612742,,,,,
22500034216,,Shot Chart Detail,22500034,216,202691,Klay Thompson,1610612742,Dallas Mavericks,2,8,59,Missed Shot,Jump Shot,3PT Field Goal,Above the Break 3,Center(C),24+ ft.,25,13,254,1,0,20251107,MEM,DAL,9010,0,202691|1626156|1629655|1630230|1642843,0,REG,2026,1610612742,,,,,
22500034223,,Shot Chart Detail,22500034,223,1642843,Cooper Flagg,1610612742,Dallas Mavericks,2,8,34,Missed Shot,Pullup Jump shot,3PT Field Goal,Above the Break 3,Right Side Center(RC),24+ ft.,25,81,244,1,0,20251107,MEM,DAL,9260,0,1626156|1629023|1630230|1631108|1642843,0,REG,2026,1610612742,,,,,
22500034228,,Shot Chart Detail,22500034,228,1630230,Naji Marshall,1610612742,Dallas Mavericks,2,8,17,Missed Shot,Jump Shot,3PT Field Goal,Left Corner 3,Left Side(L),24+ ft.,22,-227,-1,1,0,20251107,MEM,DAL,9430,0,1626156|1629023|1630230|1631108|1642843,0,REG,2026,1610612742,,,,,
22500034232,,Shot Chart Detail,22500034,232,1642843,Cooper Flagg,1610612742,Dallas Mavericks,2,7,40,Made Shot,Jump Shot,3PT Field Goal,Above the Break 3,Center(C),24+ ft.,26,-12,265,1,1,20251107,MEM,DAL,9800,0,1626156|1629023|1630230|1631108|1642843,1,REG,2026,1610612742,,,,,
22500034242,,Shot Chart Detail,22500034,242,1626156,D'Angelo Russell,1610612742,Dallas Mavericks,2,6,58,Made Shot,Driving Floating Jump Shot,2PT Field Goal,In The Paint (Non-RA),Center(C),8-16 ft.,12,-60,110,1,1,20251107,MEM,DAL,10220,0,1626156|1628997|1629023|1630230|1631108,0,REG,2026,1610612742,,,,,
22500034248,,Shot Chart Detail,22500034,248,1630230,Naji Marshall,1610612742,Dallas Mavericks,2,6,21,Made Shot,Running Dunk Shot,2PT Field Goal,Restricted Area,Center(C),Less Than 8 ft.,0,5,7,1,1,20251107,MEM,DAL,10590,0,1626156|1628997|1629023|1630230|1631108,1,REG,2026,1610612742,,,,,
22500034252,,Shot Chart Detail,22500034,252,1626156,D'Angelo Russell,1610612742,Dallas Mavericks,2,5,39,Made Shot,Pullup Jump shot,2PT Field Goal,Mid-Range,Right Side(R),8-16 ft.,15,109,112,1,1,20251107,MEM,DAL,11010,0,1626156|1628997|1629023|1630230|1631108,1,REG,2026,1610612742,,,,,
22500034261,,Shot Chart Detail,22500034,261,1626156,D'Angelo Russell,1610612742,Dallas Mavericks,2,5,17,Made Shot,Driving Finger Roll Layup Shot,2PT Field Goal,Restricted Area,Center(C),Less Than 8 ft.,2,28,8,1,1,20251107,MEM,DAL,11230,0,1626156|1628997|1629023|1630230|1631108,0,REG,2026,1610612742,,,,,
22500034281,,Shot Chart Detail,22500034,281,1629023,P.J. Washington,1610612742,Dallas Mavericks,2,3,54,Missed Shot,Driving Reverse Layup Shot,2PT Field Goal,Restricted Area,Center(C),Less Than 8 ft.,2,22,4,1,0,20251107,MEM,DAL,12060,0,1626156|1628997|1629023|1630230|1631108,0,REG,2026,1610612742,,,,,
22500034292,,Shot Chart Detail,22500034,292,1631108,Max Christie,1610612742,Dallas Mavericks,2,3,16,Missed Shot,Driving Floating Jump Shot,2PT Field Goal,In The Paint (Non-RA),Center(C),Less Than 8 ft.,7,20,73,1,0,20251107,MEM,DAL,12440,0,1626156|1629023|1629655|1631108|1642843,0,REG,2026,1610612742,,,,,
22500034304,,Shot Chart Detail,22500034,304,1631108,Max Christie,1610612742,Dallas Mavericks,2,2,49,Made Shot,Pullup Jump shot,2PT Field Goal,In The Paint (Non-RA),Center(C),8-16 ft.,8,-1,84,1,1,20251107,MEM,DAL,12710,0,1626156|1629023|1629655|1631108|1642843,1,REG,2026,1610612742,,,,,
22500034308,,Shot Chart Detail,22500034,308,1626156,D'Angelo Russell,1610612742,Dallas Mavericks,2,2,21,Missed Shot,Driving Floating Jump Shot,2PT Field Goal,In The Paint (Non-RA),Center(C),8-16 ft.,11,45,105,1,0,20251107,MEM,DAL,12990,0,1626156|1629023|1629655|1631108|1642843,0,REG,2026,1610612742,,,,,
22500034319,,Shot Chart Detail,22500034,319,1642843,Cooper Flagg,1610612742,Dallas Mavericks,2,1,50,Made Shot,Driving Finger Roll Layup Shot,2PT Field Goal,Restricted Area,Center(C),Less Than 8 ft.,2,-10,23,1,1,20251107,MEM,DAL,13300,0,1629023|1629655|1630314|1631108|1642843,0,REG,2026,1610612742,,,,,
22500034322,,Shot Chart Detail,22500034,322,1631108,Max Christie,1610612742,Dallas Mavericks,2,1,34,Made Shot,Driving Finger Roll Layup Shot,2PT Field Goal,Restricted Area,Center(C),Less Than 8 ft.,1,-15,12,1,1,20251107,MEM,DAL,13460,0,1629023|1629655|1630314|1631108|1642843,0,REG,2026,1610612742,,,,,
22500034326,,Shot Chart Detail,22500034,326,1642843,Cooper Flagg,1610612742,Dallas Mavericks,2,1,6,Made Shot,Driving Floating Jump Shot,2PT Field Goal,In The Paint (Non-RA),Center(C),8-16 ft.,9,-12,91,1,1,20251107,MEM,DAL,13740,0,1629023|1629655|1630314|1631108|1642843,0,REG,2026,1610612742,,,,,
22500034330,,Shot Chart Detail,22500034,330,1631108,Max Christie,1610612742,Dallas Mavericks,2,0,43,Made Shot,Jump Shot,3PT Field Goal,Above the Break 3,Left Side Center(LC),24+ ft.,26,-98,241,1,1,20251107,MEM,DAL,13970,0,1629023|1629655|1630314|1631108|1642843,1,REG,2026,1610612742,,,,,
22500034342,,Shot Chart Detail,22500034,342,1630314,Brandon Williams,1610612742,Dallas Mavericks,2,0,9,Made Shot,Driving Finger Roll Layup Shot,2PT Field Goal,Restricted Area,Center(C),Less Than 8 ft.,2,-15,20,1,1,20251107,MEM,DAL,14310,0,202691|1630230|1630314|1631108|1642843,0,REG,2026,1610612742,,,,,
22500034364,,Shot Chart Detail,22500034,364,1629023,P.J. Washington,1610612742,Dallas Mavericks,3,11,5,Missed Shot,Alley Oop Layup shot,2PT Field Goal,Restricted Area,Center(C),Less Than 8 ft.,2,-21,8,1,0,20251107,MEM,DAL,14950,0,1626156|1629023|1629655|1631108|1642843,0,REG,2026,1610612742,,,,,
22500034368,,Shot Chart Detail,22500034,368,1642843,Cooper Flagg,1610612742,Dallas Mavericks,3,10,46,Made Shot,Running Finger Roll Layup Shot,2PT Field Goal,Restricted Area,Center(C),Less Than 8 ft.,2,20,9,1,1,20251107,MEM,DAL,15140,0,1626156|1629023|1629655|1631108|1642843,0,REG,2026,1610612742,,,,,
22500034372,,Shot Chart Detail,22500034,372,1629023,P.J. Washington,1610612742,Dallas Mavericks,3,9,59,Missed Shot,Turnaround Bank shot,2PT Field Goal,In The Paint (Non-RA),Left Side(L),8-16 ft.,9,-54,83,1,0,20251107,MEM,DAL,15610,0,1626156|1629023|1629655|1631108|1642843,0,REG,2026,1610612742,,,,,
22500034378,,Shot Chart Detail,22500034,378,1631108,Max Christie,1610612742,Dallas Mavericks,3,9,51,Missed Shot,Jump Shot,3PT Field Goal,Above the Break 3,Center(C),24+ ft.,25,-62,247,1,0,20251107,MEM,DAL,15690,0,1626156|1628997|1629023|1631108|1642843,0,REG,2026,1610612742,,,,,
22500034381,,Shot Chart Detail,22500034,381,1631108,Max Christie,1610612742,Dallas Mavericks,3,9,34,Made Shot,Jump Shot,3PT Field Goal,Above the Break 3,Left Side Center(LC),24+ ft.,24,-125,211,1,1,20251107,MEM,DAL,15860,0,1626156|1628997|1629023|1631108|1642843,1,REG,2026,1610612742,,,,,
22500034408,,Shot Chart Detail,22500034,408,1628997,Caleb Martin,1610612742,Dallas Mavericks,3,8,7,Missed Shot,Jump Shot,3PT Field Goal,Left Corner 3,Left Side(L),24+ ft.,22,-229,14,1,0,20251107,MEM,DAL,16730,0,1628997|1630230|1630314|1630702|1642843,0,REG,2026,1610612742,,,,,
22500034418,,Shot Chart Detail,22500034,418,1630702,Jaden Hardy,1610612742,Dallas Mavericks,3,7,47,Missed Shot,Jump Shot,3PT Field Goal,Above the Break 3,Right Side Center(RC),24+ ft.,25,184,182,1,0,20251107,MEM,DAL,16930,0,1628997|1630230|1630314|1630702|1642843,0,REG,2026,1610612742,,,,,
22500034430,,Shot Chart Detail,22500034,430,1630230,Naji Marshall,1610612742,Dallas Mavericks,3,7,7,Missed Shot,Jump Shot,3PT Field Goal,Left Corner 3,Left Side(L),24+ ft.,22,-223,4,1,0,20251107,MEM,DAL,17330,0,1628997|1630230|1630314|1630702|1642843,0,REG,2026,1610612742,,,,,
22500034434,,Shot Chart Detail,22500034,434,1642843,Cooper Flagg,1610612742,Dallas Mavericks,3,6,41,Missed Shot,Turnaround Jump Shot,2PT Field Goal,In The Paint (Non-RA),Right Side(R),8-16 ft.,8,59,64,1,0,20251107,MEM,DAL,17590,0,1628997|1630230|1630314|1630702|1642843,0,REG,2026,1610612742,,,,,
22500034444,,Shot Chart Detail,22500034,444,1630314,Brandon Williams,1610612742,Dallas Mavericks,3,6,22,Made Shot,Running Finger Roll Layup Shot,2PT Field Goal,Restricted Area,Center(C),Less Than 8 ft.,1,16,9,1,1,20251107,MEM,DAL,17780,0,202691|1628997|1630230|1630314|1630702,0,REG,2026,1610612742,,,,,
22500034459,,Shot Chart Detail,22500034,459,1630619,Moussa Cisse,1610612742,Dallas Mavericks,3,5,33,Made Shot,Running Alley Oop Dunk Shot,2PT Field Goal,Restricted Area,Center(C),Less Than 8 ft.,0,7,3,1,1,20251107,MEM,DAL,18270,0,202691|1630230|1630314|1630619|1630702,1,REG,2026,1610612742,,,,,
22500034462,,Shot Chart Detail,22500034,462,1630230,Naji Marshall,1610612742,Dallas Mavericks,3,5,4,Missed Shot,Jump Shot,3PT Field Goal,Above the Break 3,Center(C),24+ ft.,25,-12,255,1,0,20251107,MEM,DAL,18560,0,202691|1630230|1630314|1630619|1630702,0,REG,2026,1610612742,,,,,
22500034467,,Shot Chart Detail,22500034,467,1630314,Brandon Williams,1610612742,Dallas Mavericks,3,4,23,Made Shot,Driving Floating Jump Shot,2PT Field Goal,In The Paint (Non-RA),Center(C),Less Than 8 ft.,6,-7,61,1,1,20251107,MEM,DAL,18970,0,202691|1630230|1630314|1630619|1630702,1,REG,2026,1610612742,,,,,
22500034488,,Shot Chart Detail,22500034,488,202691,Klay Thompson,1610612742,Dallas Mavericks,3,3,3,Missed Shot,Jump Shot,3PT Field Goal,Above the Break 3,Right Side Center(RC),24+ ft.,24,143,201,1,0,20251107,MEM,DAL,19770,0,202691|1630230|1630619|1630702|1642948,0,REG,2026,1610612742,,,,,
22500034490,,Shot Chart Detail,22500034,490,1630702,Jaden Hardy,1610612742,Dallas Mavericks,3,2,58,Made Shot,Jump Shot,3PT Field Goal,Above the Break 3,Left Side Center(LC),24+ ft.,24,-152,190,1,1,20251107,MEM,DAL,19820,0,202691|1630230|1630619|1630702|1642948,0,REG,2026,1610612742,,,,,
22500034492,,Shot Chart Detail,22500034,492,1630230,Naji Marshall,1610612742,Dallas Mavericks,3,2,28,Made Shot,Pullup Jump shot,2PT Field Goal,In The Paint (Non-RA),Center(C),Less Than 8 ft.,6,4,61,1,1,20251107,MEM,DAL,20120,0,202691|1630230|1630619|1630702|1642948,1,REG,2026,1610612742,,,,,
22500034496,,Shot Chart Detail,22500034,496,1630619,Moussa Cisse,1610612742,Dallas Mavericks,3,2,7,Made Shot,Running Alley Oop Dunk Shot,2PT Field Goal,Restricted Area,Center(C),Less Than 8 ft.,1,10,1,1,1,20251107,MEM,DAL,20330,0,202691|1630230|1630619|1630702|1642948,1,REG,2026,1610612742,,,,,
22500034516,,Shot Chart Detail,22500034,516,1642948,Ryan Nembhard,1610612742,Dallas Mavericks,3,1,27,Made Shot,Driving Finger Roll Layup Shot,2PT Field Goal,Restricted Area,Center(C),Less Than 8 ft.,2,28,9,1,1,20251107,MEM,DAL,20730,0,202691|1630619|1630702|1631108|1642948,0,REG,2026,1610612742,,,,,
22500034522,,Shot Chart Detail,22500034,522,1630702,Jaden Hardy,1610612742,Dallas Mavericks,3,1,0,Missed Shot,Jump Shot,3PT Field Goal,Left Corner 3,Left Side(L),24+ ft.,22,-228,6,1,0,20251107,MEM,DAL,21000,0,202691|1630619|1630702|1631108|1642948,0,REG,2026,1610612742,,,,,
22500034524,,Shot Chart Detail,22500034,524,1630702,Jaden Hardy,1610612742,Dallas Mavericks,3,0,52,Made Shot,Jump Shot,3PT Field Goal,Above the Break 3,Left Side Center(LC),24+ ft.,24,-208,130,1,1,20251107,MEM,DAL,21080,0,202691|1630619|1630702|1631108|1642948,1,REG,2026,1610612742,,,,,
22500034528,,Shot Chart Detail,22500034,528,1630702,Jaden Hardy,1610612742,Dallas Mavericks,3,0,22,Missed Shot,Running Jump Shot,3PT Field Goal,Left Corner 3,Left Side(L),24+ ft.,22,-229,-4,1,0,20251107,MEM,DAL,21380,0,202691|1630619|1630702|1631108|1642948,0,REG,2026,1610612742,,,,,
22500034551,,Shot Chart Detail,22500034,551,1631108,Max Christie,1610612742,Dallas Mavericks,4,11,6,Missed Shot,Driving Floating Jump Shot,2PT Field Goal,Mid-Range,Left Side(L),8-16 ft.,10,-100,10,1,0,20251107,MEM,DAL,22140,0,202691|1630619|1630702|1631108|1642948,0,REG,2026,1610612742,,,,,
22500034556,,Shot Chart Detail,22500034,556,1630619,Moussa Cisse,1610612742,Dallas Mavericks,4,10,38,Made Shot,Dunk Shot,2PT Field Goal,Restricted Area,Center(C),Less Than 8 ft.,0,5,3,1,1,20251107,MEM,DAL,22420,0,202691|1630619|1630702|1631108|1642948,1,REG,2026,1610612742,,,,,
22500034562,,Shot Chart Detail,22500034,562,1631108,Max Christie,1610612742,Dallas Mavericks,4,10,28,Made Shot,Jump Shot,3PT Field Goal,Left Corner 3,Left Side(L),24+ ft.,22,-225,1,1,1,20251107,MEM,DAL,22520,0,202691|1630619|1630702|1631108|1642948,1,REG,2026,1610612742,,,,,
22500034565,,Shot Chart Detail,22500034,565,202691,Klay Thompson,1610612742,Dallas Mavericks,4,9,49,Missed Shot,Pullup Jump shot,3PT Field Goal,Above the Break 3,Right Side Center(RC),24+ ft.,24,191,157,1,0,20251107,MEM,DAL,22910,0,202691|1630619|1630702|1631108|1642948,0,REG,2026,1610612742,,,,,
22500034577,,Shot Chart Detail,22500034,577,1642948,Ryan Nembhard,1610612742,Dallas Mavericks,4,9,26,Made Shot,Jump Shot,2PT Field Goal,Mid-Range,Right Side(R),16-24 ft.,22,191,116,1,1,20251107,MEM,DAL,23140,0,1629023|1630619|1631108|1642843|1642948,1,REG,2026,1610612742,,,,,
22500034592,,Shot Chart Detail,22500034,592,1642948,Ryan Nembhard,1610612742,Dallas Mavericks,4,8,26,Missed Shot,Jump Shot,3PT Field Goal,Above the Break 3,Right Side Center(RC),24+ ft.,25,158,198,1,0,20251107,MEM,DAL,23740,0,203939|1629023|1631108|1642843|1642948,0,REG,2026,1610612742,,,,,
22500034594,,Shot Chart Detail,22500034,594,1642948,Ryan Nembhard,1610612742,Dallas Mavericks,4,8,12,Made Shot,Step Back Jump shot,2PT Field Goal,Mid-Range,Left Side Center(LC),16-24 ft.,21,-115,182,1,1,20251107,MEM,DAL,23880,0,203939|1629023|1631108|1642843|1642948,0,REG,2026,1610612742,,,,,
22500034601,,Shot Chart Detail,22500034,601,1629023,P.J. Washington,1610612742,Dallas Mavericks,4,7,34,Made Shot,Jump Shot,3PT Field Goal,Above the Break 3,Center(C),24+ ft.,25,32,248,1,1,20251107,MEM,DAL,24260,0,203939|1629023|1631108|1642843|1642948,1,REG,2026,1610612742,,,,,
22500034605,,Shot Chart Detail,22500034,605,1642948,Ryan Nembhard,1610612742,Dallas Mavericks,4,6,55,Missed Shot,Jump Shot,3PT Field Goal,Above the Break 3,Center(C),24+ ft.,26,-5,269,1,0,20251107,MEM,DAL,24650,0,203939|1629023|1631108|1642843|1642948,0,REG,2026,1610612742,,,,,
22500034622,,Shot Chart Detail,22500034,622,1642843,Cooper Flagg,1610612742,Dallas Mavericks,4,5,41,Missed Shot,Jump Shot,3PT Field Goal,Left Corner 3,Left Side(L),24+ ft.,22,-229,20,1,0,20251107,MEM,DAL,25390,0,203939|1629023|1630314|1631108|1642843,0,REG,2026,1610612742,,,,,
22500034624,,Shot Chart Detail,22500034,624,1631108,Max Christie,1610612742,Dallas Mavericks,4,5,28,Missed Shot,Jump Shot,3PT Field Goal,Above the Break 3,Left Side Center(LC),24+ ft.,25,-98,231,1,0,20251107,MEM,DAL,25520,0,203939|1629023|1630314|1631108|1642843,0,REG,2026,1610612742,,,,,
22500034642,,Shot Chart Detail,22500034,642,1630230,Naji Marshall,1610612742,Dallas Mavericks,4,5,5,Missed Shot,Jump Shot,3PT Field Goal,Left Corner 3,Left Side(L),24+ ft.,22,-224,5,1,0,20251107,MEM,DAL,25750,0,1630230|1630314|1630619|1630702|1642843,0,REG,2026,1610612742,,,,,
22500034644,,Shot Chart Detail,22500034,644,1630314,Brandon Williams,1610612742,Dallas Mavericks,4,4,58,Missed Shot,Jump Shot,3PT Field Goal,Above the Break 3,Right Side Center(RC),24+ ft.,24,147,197,1,0,20251107,MEM,DAL,25820,0,1630230|1630314|1630619|1630702|1642843,0,REG,2026,1610612742,,,,,
22500034646,,Shot Chart Detail,22500034,646,1630619,Moussa Cisse,1610612742,Dallas Mavericks,4,4,54,Made Shot,Putback Layup Shot,2PT Field Goal,Restricted Area,Center(C),Less Than 8 ft.,2,25,3,1,1,20251107,MEM,DAL,25860,0,1630230|1630314|1630619|1630702|1642843,0,REG,2026,1610612742,,,,,
22500034649,,Shot Chart Detail,22500034,649,1630619,Moussa Cisse,1610612742,Dallas Mavericks,4,4,29,Missed Shot,Alley Oop Dunk Shot,2PT Field Goal,Restricted Area,Center(C),Less Than 8 ft.,2,23,9,1,0,20251107,MEM,DAL,26110,0,1630230|1630314|1630619|1630702|1642843,0,REG,2026,1610612742,,,,,
22500034653,,Shot Chart Detail,22500034,653,1630230,Naji Marshall,1610612742,Dallas Mavericks,4,4,11,Missed Shot,Driving Floating Jump Shot,2PT Field Goal,In The Paint (Non-RA),Center(C),Less Than 8 ft.,5,-5,58,1,0,20251107,MEM,DAL,26290,0,1630230|1630314|1630619|1630702|1642843,0,REG,2026,1610612742,,,,,
22500034659,,Shot Chart Detail,22500034,659,1630314,Brandon Williams,1610612742,Dallas Mavericks,4,4,4,Made Shot,Pullup Jump shot,2PT Field Goal,Mid-Range,Right Side Center(RC),16-24 ft.,16,65,151,1,1,20251107,MEM,DAL,26360,0,1628997|1630230|1630314|1630619|1630702,0,REG,2026,1610612742,,,,,
22500034672,,Shot Chart Detail,22500034,672,1630230,Naji Marshall,1610612742,Dallas Mavericks,4,2,56,Made Shot,Jump Shot,3PT Field Goal,Left Corner 3,Left Side(L),24+ ft.,22,-223,6,1,1,20251107,MEM,DAL,27040,0,1628997|1630230|1630314|1630619|1630702,1,REG,2026,1610612742,,,,,
22500034676,,Shot Chart Detail,22500034,676,1630230,Naji Marshall,1610612742,Dallas Mavericks,4,2,31,Made Shot,Running Finger Roll Layup Shot,2PT Field Goal,Restricted Area,Center(C),Less Than 8 ft.,2,25,4,1,1,20251107,MEM,DAL,27290,0,1628997|1630230|1630314|1630619|1630702,1,REG,2026,1610612742,,,,,
22500034684,,Shot Chart Detail,22500034,684,1630230,Naji Marshall,1610612742,Dallas Mavericks,4,1,47,Missed Shot,Pullup Jump shot,3PT Field Goal,Above the Break 3,Center(C),24+ ft.,25,-31,255,1,0,20251107,MEM,DAL,27730,0,1628997|1630230|1630314|1630619|1630702,0,REG,2026,1610612742,,,,,
22500034688,,Shot Chart Detail,22500034,688,1630314,Brandon Williams,1610612742,Dallas Mavericks,4,0,59,Missed Shot,Driving Floating Jump Shot,2PT Field Goal,Mid-Range,Right Side(R),8-16 ft.,10,89,64,1,0,20251107,MEM,DAL,28210,0,1628997|1630230|1630314|1630619|1630702,0,REG,2026,1610612742,,,,,
22500034693,,Shot Chart Detail,22500034,693,1630230,Naji Marshall,1610612742,Dallas Mavericks,4,0,29,Made Shot,Driving Finger Roll Layup Shot,2PT Field Goal,Restricted Area,Center(C),Less Than 8 ft.,1,-1,10,1,1,20251107,MEM,DAL,28510,0,1628997|1630230|1630314|1630619|1630702,1,REG,2026,1610612742,,,,,
2250004610,,Shot Chart Detail,22500046,10,1630314,Brandon Williams,1610612742,Dallas Mavericks,1,11,37,Missed Shot,Jump Shot,3PT Field Goal,Left Corner 3,Left Side(L),24+ ft.,23,-229,66,1,0,20251114,DAL,LAC,230,0,1629655|1630230|1630314|1631108|1642843,0,REG,2026,1610612742,,,,,
2250004614,,Shot Chart Detail,22500046,14,1642843,Cooper Flagg,1610612742,Dallas Mavericks,1,11,3,Made Shot,Driving Layup Shot,2PT Field Goal,Restricted Area,Center(C),Less Than 8 ft.,2,-20,-12,1,1,20251114,DAL,LAC,570,0,1629655|1630230|1630314|1631108|1642843,0,REG,2026,1610612742,,,,,
2250004617,,Shot Chart Detail,22500046,17,1630230,Naji Marshall,1610612742,Dallas Mavericks,1,10,34,Missed Shot,Jump Shot,2PT Field Goal,Mid-Range,Left Side Center(LC),16-24 ft.,22,-179,138,1,0,20251114,DAL,LAC,860,0,1629655|1630230|1630314|1631108|1642843,0,REG,2026,1610612742,,,,,
2250004621,,Shot Chart Detail,22500046,21,1629655,Daniel Gafford,1610612742,Dallas Mavericks,1,10,6,Made Shot,Alley Oop Dunk Shot,2PT Field Goal,Restricted Area,Center(C),Less Than 8 ft.,1,9,5,1,1,20251114,DAL,LAC,1140,0,1629655|1630230|1630314|1631108|1642843,1,REG,2026,1610612742,,,,,
2250004634,,Shot Chart Detail,22500046,34,1630314,Brandon Williams,1610612742,Dallas Mavericks,1,9,16,Made Shot,Driving Layup Shot,2PT Field Goal,Restricted Area,Center(C),Less Than 8 ft.,0,-4,4,1,1,20251114,DAL,LAC,1640,0,1629655|1630230|1630314|1631108|1642843,0,REG,2026,1610612742,,,,,
2250004637,,Shot Chart Detail,22500046,37,1630314,Brandon Williams,1610612742,Dallas Mavericks,1,9,9,Missed Shot,Pullup Jump shot,3PT Field Goal,Above the Break 3,Left Side Center(LC),24+ ft.,25,-201,153,1,0,20251114,DAL,LAC,1710,0,1629655|1630230|1630314|1631108|1642843,0,REG,2026,1610612742,,,,,
2250004641,,Shot Chart Detail,22500046,41,1629655,Daniel Gafford,1610612742,Dallas Mavericks,1,8,40,Missed Shot,Running Layup Shot,2PT Field Goal,Restricted Area,Center(C),Less Than 8 ft.,1,10,-2,1,0,20251114,DAL,LAC,2000,0,1629655|1630230|1630314|1631108|1642843,0,REG,2026,1610612742,,,,,
2250004648,,Shot Chart Detail,22500046,48,1642843,Cooper Flagg,1610612742,Dallas Mavericks,1,8,25,Made Shot,Jump Shot,2PT Field Goal,In The Paint (Non-RA),Left Side(L),8-16 ft.,10,-66,80,1,1,20251114,DAL,LAC,2150,0,1629655|1630230|1630314|1631108|1642843,1,REG,2026,1610612742,,,,,
2250004652,,Shot Chart Detail,22500046,52,1630230,Naji Marshall,1610612742,Dallas Mavericks,1,7,55,Made Shot,Pullup Jump shot,2PT Field Goal,In The Paint (Non-RA),Center(C),8-16 ft.,12,-4,122,1,1,20251114,DAL,LAC,2450,0,1629655|1630230|1630314|1631108|1642843,1,REG,2026,1610612742,,,,,
2250004661,,Shot Chart Detail,22500046,61,1630314,Brandon Williams,1610612742,Dallas Mavericks,1,7,30,Missed Shot,Step Back Jump shot,3PT Field Goal,Above the Break 3,Center(C),24+ ft.,24,-65,241,1,0,20251114,DAL,LAC,2700,0,1630230|1630314|1631108|1641726|1642843,0,REG,2026,1610612742,,,,,
2250004665,,Shot Chart Detail,22500046,65,1630314,Brandon Williams,1610612742,Dallas Mavericks,1,7,6,Missed Shot,Driving Reverse Layup Shot,2PT Field Goal,Restricted Area,Center(C),Less Than 8 ft.,0,4,4,1,0,20251114,DAL,LAC,2940,0,1630230|1630314|1631108|1641726|1642843,0,REG,2026,1610612742,,,,,
2250004674,,Shot Chart Detail,22500046,74,1631108,Max Christie,1610612742,Dallas Mavericks,1,6,29,Missed Shot,Pullup Jump shot,3PT Field Goal,Above the Break 3,Left Side Center(LC),24+ ft.,24,-124,216,1,0,20251114,DAL,LAC,3310,0,1628997|1630314|1631108|1641726|1642843,0,REG,2026,1610612742,,,,,
2250004681,,Shot Chart Detail,22500046,81,1642843,Cooper Flagg,1610612742,Dallas Mavericks,1,6,3,Missed Shot,Jump Shot,3PT Field Goal,Above the Break 3,Right Side Center(RC),24+ ft.,24,225,101,1,0,20251114,DAL,LAC,3570,0,1628997|1630314|1631108|1641726|1642843,0,REG,2026,1610612742,,,,,
2250004692,,Shot Chart Detail,22500046,92,1642843,Cooper Flagg,1610612742,Dallas Mavericks,1,5,41,Missed Shot,Driving Layup Shot,2PT Field Goal,In The Paint (Non-RA),Center(C),Less Than 8 ft.,4,-43,3,1,0,20251114,DAL,LAC,3790,0,202691|1626156|1628997|1641726|1642843,0,REG,2026,1610612742,,,,,
2250004698,,Shot Chart Detail,22500046,98,202691,Klay Thompson,1610612742,Dallas Mavericks,1,5,2,Missed Shot,Fadeaway Jump Shot,2PT Field Goal,Mid-Range,Right Side(R),8-16 ft.,15,119,98,1,0,20251114,DAL,LAC,4180,0,202691|1626156|1628997|1641726|1642843,0,REG,2026,1610612742,,,,,
22500046101,,Shot Chart Detail,22500046,101,1626156,D'Angelo Russell,1610612742,Dallas Mavericks,1,4,38,Made Shot,Pullup Jump shot,2PT Field Goal,Mid-Range,Center(C),8-16 ft.,14,22,148,1,1,20251114,DAL,LAC,4420,0,202691|1626156|1628997|1641726|1642843,0,REG,2026,1610612742,,,,,
22500046117,,Shot Chart Detail,22500046,117,1630230,Naji Marshall,1610612742,Dallas Mavericks,1,3,46,Missed Shot,Fadeaway Jump Shot,2PT Field Goal,Mid-Range,Left Side(L),8-16 ft.,8,-82,3,1,0,20251114,DAL,LAC,4940,0,202691|1626156|1628997|1630230|1630619,0,REG,2026,1610612742,,,,,
22500046121,,Shot Chart Detail,22500046,121,1626156,D'Angelo Russell,1610612742,Dallas Mavericks,1,3,25,Missed Shot,Pullup Jump shot,3PT Field Goal,Above the Break 3,Right Side Center(RC),24+ ft.,27,114,247,1,0,20251114,DAL,LAC,5150,0,202691|1626156|1628997|1630230|1630619,0,REG,2026,1610612742,,,,,
22500046132,,Shot Chart Detail,22500046,132,202691,Klay Thompson,1610612742,Dallas Mavericks,1,3,2,Made Shot,Jump Shot,3PT Field Goal,Above the Break 3,Right Side Center(RC),24+ ft.,26,102,241,1,1,20251114,DAL,LAC,5380,0,202691|1626156|1628997|1630230|1630619,1,REG,2026,1610612742,,,,,
22500046146,,Shot Chart Detail,22500046,146,1626156,D'Angelo Russell,1610612742,Dallas Mavericks,1,2,4,Made Shot,Pullup Jump shot,2PT Field Goal,In The Paint (Non-RA),Center(C),8-16 ft.,13,-47,127,1,1,20251114,DAL,LAC,5960,0,202691|1626156|1628997|1630230|1630619,0,REG,2026,1610612742,,,,,
22500046149,,Shot Chart Detail,22500046,149,202691,Klay Thompson,1610612742,Dallas Mavericks,1,1,36,Made Shot,Running Pull-Up Jump Shot,3PT Field Goal,Above the Break 3,Left Side Center(LC),24+ ft.,24,-183,166,1,1,20251114,DAL,LAC,6240,0,202691|1626156|1628997|1630230|1630619,1,REG,2026,1610612742,,,,,
22500046152,,Shot Chart Detail,22500046,152,1626156,D'Angelo Russell,1610612742,Dallas Mavericks,1,1,10,Made Shot,Pullup Jump shot,2PT Field Goal,Mid-Range,Center(C),8-16 ft.,15,38,155,1,1,20251114,DAL,LAC,6500,0,202691|1626156|1628997|1630230|1630619,0,REG,2026,1610612742,,,,,
22500046159,,Shot Chart Detail,22500046,159,1630619,Moussa Cisse,1610612742,Dallas Mavericks,1,0,44,Made Shot,Alley Oop Dunk Shot,2PT Field Goal,Restricted Area,Center(C),Less Than 8 ft.,0,0,4,1,1,20251114,DAL,LAC,6760,0,202691|1626156|1628997|1630230|1630619,1,REG,2026,1610612742,,,,,
22500046170,,Shot Chart Detail,22500046,170,202691,Klay Thompson,1610612742,Dallas Mavericks,1,0,17,Missed Shot,Jump Shot,3PT Field Goal,Above the Break 3,Left Side Center(LC),24+ ft.,25,-99,237,1,0,20251114,DAL,LAC,7030,0,202691|1626156|1628997|1630230|1630619,0,REG,2026,1610612742,,,,,
22500046172,,Shot Chart Detail,22500046,172,1628997,Caleb Martin,1610612742,Dallas Mavericks,1,0,15,Missed Shot,Tip Dunk Shot,2PT Field Goal,Restricted Area,Center(C),Less Than 8 ft.,0,0,0,1,0,20251114,DAL,LAC,7050,0,1626156|1630230|1630619|1631108|1642843,0,REG,2026,1610612742,,,,,
22500046174,,Shot Chart Detail,22500046,174,1630230,Naji Marshall,1610612742,Dallas Mavericks,1,0,15,Made Shot,Putback Layup Shot,2PT Field Goal,Restricted Area,Center(C),Less Than 8 ft.,0,0,0,1,1,20251114,DAL,LAC,7050,0,1626156|1630230|1630619|1631108|1642843,0,REG,2026,1610612742,,,,,
22500046194,,Shot Chart Detail,22500046,194,1626156,D'Angelo Russell,1610612742,Dallas Mavericks,2,11,45,Missed Shot,Jump Shot,3PT Field Goal,Above the Break 3,Left Side Center(LC),24+ ft.,24,-150,194,1,0,20251114,DAL,LAC,7350,0,202691|1626156|1629655|1630230|1642843,0,REG,2026,1610612742,,,,,
22500046198,,Shot Chart Detail,22500046,198,202691,Klay Thompson,1610612742,Dallas Mavericks,2,11,24,Made Shot,Pullup Jump shot,3PT Field Goal,Above the Break 3,Center(C),24+ ft.,24,-33,247,1,1,20251114,DAL,LAC,7560,0,202691|1626156|1629655|1630230|1642843,0,REG,2026,1610612742,,,,,
22500046206,,Shot Chart Detail,22500046,206,1626156,D'Angelo Russell,1610612742,Dallas Mavericks,2,10,34,Missed Shot,Driving Floating Bank Jump Shot,2PT Field Goal,In The Paint (Non-RA),Center(C),Less Than 8 ft.,7,-67,34,1,0,20251114,DAL,LAC,8060,0,202691|1626156|1629655|1630230|1642843,0,REG,2026,1610612742,,,,,
22500046211,,Shot Chart Detail,22500046,211,202691,Klay Thompson,1610612742,Dallas Mavericks,2,10,17,Made Shot,Pullup Jump shot,3PT Field Goal,Above the Break 3,Center(C),24+ ft.,24,-53,242,1,1,20251114,DAL,LAC,8230,0,202691|1626156|1629655|1630230|1642843,0,REG,2026,1610612742,,,,,
22500046214,,Shot Chart Detail,22500046,214,1630230,Naji Marshall,1610612742,Dallas Mavericks,2,9,39,Made Shot,Jump Shot,3PT Field Goal,Left Corner 3,Left Side(L),24+ ft.,22,-225,0,1,1,20251114,DAL,LAC,8610,0,202691|1626156|1629655|1630230|1642843,1,REG,2026,1610612742,,,,,
22500046238,,Shot Chart Detail,22500046,238,1642843,Cooper Flagg,1610612742,Dallas Mavericks,2,8,37,Missed Shot,Pullup Jump shot,2PT Field Goal,Mid-Range,Right Side Center(RC),16-24 ft.,20,141,142,1,0,20251114,DAL,LAC,9230,0,202691|1626156|1630230|1641726|1642843,0,REG,2026,1610612742,,,,,
22500046252,,Shot Chart Detail,22500046,252,1630314,Brandon Williams,1610612742,Dallas Mavericks,2,8,9,Made Shot,Driving Layup Shot,2PT Field Goal,Restricted Area,Center(C),Less Than 8 ft.,0,-9,3,1,1,20251114,DAL,LAC,9510,0,202691|1628997|1630314|1641726|1642843,0,REG,2026,1610612742,,,,,
22500046257,,Shot Chart Detail,22500046,257,202691,Klay Thompson,1610612742,Dallas Mavericks,2,7,31,Missed Shot,Jump Shot,3PT Field Goal,Above the Break 3,Left Side Center(LC),24+ ft.,24,-205,131,1,0,20251114,DAL,LAC,9890,0,202691|1628997|1630314|1641726|1642843,0,REG,2026,1610612742,,,,,
22500046268,,Shot Chart Detail,22500046,268,1630314,Brandon Williams,1610612742,Dallas Mavericks,2,6,22,Missed Shot,Jump Shot,3PT Field Goal,Above the Break 3,Left Side Center(LC),24+ ft.,24,-88,230,1,0,20251114,DAL,LAC,10580,0,202691|1628997|1630314|1641726|1642843,0,REG,2026,1610612742,,,,,
22500046270,,Shot Chart Detail,22500046,270,1630314,Brandon Williams,1610612742,Dallas Mavericks,2,6,12,Missed Shot,Jump Shot,3PT Field Goal,Left Corner 3,Left Side(L),24+ ft.,23,-230,-11,1,0,20251114,DAL,LAC,10680,0,202691|1628997|1630314|1641726|1642843,0,REG,2026,1610612742,,,,,
22500046274,,Shot Chart Detail,22500046,274,202691,Klay Thompson,1610612742,Dallas Mavericks,2,5,42,Missed Shot,Jump Shot,3PT Field Goal,Above the Break 3,Right Side Center(RC),24+ ft.,24,141,205,1,0,20251114,DAL,LAC,10980,0,202691|1628997|1630314|1641726|1642843,0,REG,2026,1610612742,,,,,
22500046278,,Shot Chart Detail,22500046,278,202691,Klay Thompson,1610612742,Dallas Mavericks,2,5,22,Missed Shot,Jump Shot,3PT Field Goal,Left Corner 3,Left Side(L),24+ ft.,23,-230,-7,1,0,20251114,DAL,LAC,11180,0,202691|1628997|1630314|1641726|1642843,0,REG,2026,1610612742,,,,,
22500046294,,Shot Chart Detail,22500046,294,1630230,Naji Marshall,1610612742,Dallas Mavericks,2,4,53,Missed Shot,Jump Shot,2PT Field Goal,Mid-Range,Left Side(L),16-24 ft.,20,-204,30,1,0,20251114,DAL,LAC,11470,0,1630230|1630314|1630619|1631108|1642843,0,REG,2026,1610612742,,,,,
22500046303,,Shot Chart Detail,22500046,303,1630230,Naji Marshall,1610612742,Dallas Mavericks,2,4,11,Missed Shot,Pullup Jump shot,2PT Field Goal,Mid-Range,Left Side Center(LC),16-24 ft.,21,-146,152,1,0,20251114,DAL,LAC,11890,0,202691|1630230|1630314|1630619|1631108,0,REG,2026,1610612742,,,,,
22500046318,,Shot Chart Detail,22500046,318,1626156,D'Angelo Russell,1610612742,Dallas Mavericks,2,3,34,Made Shot,Driving Finger Roll Layup Shot,2PT Field Goal,Restricted Area,Center(C),Less Than 8 ft.,3,-36,4,1,1,20251114,DAL,LAC,12260,0,202691|1626156|1630230|1630619|1631108,0,REG,2026,1610612742,,,,,
22500046326,,Shot Chart Detail,22500046,326,1626156,D'Angelo Russell,1610612742,Dallas Mavericks,2,2,53,Made Shot,Fadeaway Jump Shot,2PT Field Goal,Mid-Range,Center(C),8-16 ft.,15,36,150,1,1,20251114,DAL,LAC,12670,0,202691|1626156|1630230|1630619|1631108,0,REG,2026,1610612742,,,,,
22500046333,,Shot Chart Detail,22500046,333,1642843,Cooper Flagg,1610612742,Dallas Mavericks,2,2,29,Missed Shot,Jump Shot,3PT Field Goal,Above the Break 3,Left Side Center(LC),24+ ft.,24,-172,176,1,0,20251114,DAL,LAC,12910,0,202691|1626156|1630230|1630619|1642843,0,REG,2026,1610612742,,,,,
22500046337,,Shot Chart Detail,22500046,337,1630230,Naji Marshall,1610612742,Dallas Mavericks,2,2,3,Missed Shot,Driving Layup Shot,2PT Field Goal,Restricted Area,Center(C),Less Than 8 ft.,2,26,13,1,0,20251114,DAL,LAC,13170,0,202691|1626156|1630230|1630619|1642843,0,REG,2026,1610612742,,,,,
22500046339,,Shot Chart Detail,22500046,339,1630619,Moussa Cisse,1610612742,Dallas Mavericks,2,1,59,Made Shot,Tip Layup Shot,2PT Field Goal,Restricted Area,Center(C),Less Than 8 ft.,0,0,0,1,1,20251114,DAL,LAC,13210,0,202691|1626156|1630230|1630619|1642843,0,REG,2026,1610612742,,,,,
22500046347,,Shot Chart Detail,22500046,347,1626156,D'Angelo Russell,1610612742,Dallas Mavericks,2,1,31,Missed Shot,Fadeaway Jump Shot,2PT Field Goal,In The Paint (Non-RA),Center(C),8-16 ft.,11,-42,109,1,0,20251114,DAL,LAC,13490,0,202691|1626156|1630230|1630619|1642843,0,REG,2026,1610612742,,,,,
22500046363,,Shot Chart Detail,22500046,363,1630230,Naji Marshall,1610612742,Dallas Mavericks,2,0,43,Made Shot,Running Jump Shot,2PT Field Goal,In The Paint (Non-RA),Center(C),Less Than 8 ft.,4,-21,35,1,1,20251114,DAL,LAC,13970,0,202691|1626156|1630230|1630619|1642843,0,REG,2026,1610612742,,,,,
22500046399,,Shot Chart Detail,22500046,399,1631108,Max Christie,1610612742,Dallas Mavericks,3,11,41,Missed Shot,Jump Shot,3PT Field Goal,Above the Break 3,Left Side Center(LC),24+ ft.,26,-179,202,1,0,20251114,DAL,LAC,14590,0,1629655|1630230|1630314|1631108|1642843,0,REG,2026,1610612742,,,,,
22500046403,,Shot Chart Detail,22500046,403,1631108,Max Christie,1610612742,Dallas Mavericks,3,11,32,Missed Shot,Driving Floating Jump Shot,2PT Field Goal,In The Paint (Non-RA),Center(C),Less Than 8 ft.,7,2,73,1,0,20251114,DAL,LAC,14680,0,1629655|1630230|1630314|1631108|1642843,0,REG,2026,1610612742,,,,,
22500046418,,Shot Chart Detail,22500046,418,1642843,Cooper Flagg,1610612742,Dallas Mavericks,3,10,59,Missed Shot,Jump Shot,3PT Field Goal,Above the Break 3,Right Side Center(RC),24+ ft.,25,104,233,1,0,20251114,DAL,LAC,15010,0,1629655|1630230|1630314|1631108|1642843,0,REG,2026,1610612742,,,,,
22500046429,,Shot Chart Detail,22500046,429,1629655,Daniel Gafford,1610612742,Dallas Mavericks,3,10,5,Made Shot,Driving Hook Shot,2PT Field Goal,In The Paint (Non-RA),Center(C),Less Than 8 ft.,6,22,63,1,1,20251114,DAL,LAC,15550,0,1629655|1630230|1630314|1631108|1642843,1,REG,2026,1610612742,,,,,
22500046450,,Shot Chart Detail,22500046,450,1626156,D'Angelo Russell,1610612742,Dallas Mavericks,3,8,46,Made Shot,Pullup Jump shot,2PT Field Goal,Mid-Range,Right Side(R),8-16 ft.,14,145,21,1,1,20251114,DAL,LAC,16340,0,1626156|1629655|1630230|1631108|1642843,0,REG,2026,1610612742,,,,,
22500046453,,Shot Chart Detail,22500046,453,1630230,Naji Marshall,1610612742,Dallas Mavericks,3,8,18,Made Shot,Jump Shot,3PT Field Goal,Above the Break 3,Center(C),24+ ft.,25,-50,253,1,1,20251114,DAL,LAC,16620,0,1626156|1629655|1630230|1631108|1642843,1,REG,2026,1610612742,,,,,
22500046457,,Shot Chart Detail,22500046,457,1630230,Naji Marshall,1610612742,Dallas Mavericks,3,8,4,Made Shot,Running Finger Roll Layup Shot,2PT Field Goal,Restricted Area,Center(C),Less Than 8 ft.,1,-4,10,1,1,20251114,DAL,LAC,16760,0,1626156|1629655|1630230|1631108|1642843,0,REG,2026,1610612742,,,,,
22500046460,,Shot Chart Detail,22500046,460,1629655,Daniel Gafford,1610612742,Dallas Mavericks,3,7,37,Made Shot,Driving Layup Shot,2PT Field Goal,Restricted Area,Center(C),Less Than 8 ft.,0,-2,-3,1,1,20251114,DAL,LAC,17030,0,1626156|1629655|1630230|1631108|1642843,1,REG,2026,1610612742,,,,,
22500046467,,Shot Chart Detail,22500046,467,1631108,Max Christie,1610612742,Dallas Mavericks,3,7,15,Missed Shot,Jump Shot,3PT Field Goal,Right Corner 3,Right Side(R),24+ ft.,22,224,0,1,0,20251114,DAL,LAC,17250,0,1626156|1630230|1631108|1641726|1642843,0,REG,2026,1610612742,,,,,
22500046469,,Shot Chart Detail,22500046,469,1630230,Naji Marshall,1610612742,Dallas Mavericks,3,7,13,Missed Shot,Putback Layup Shot,2PT Field Goal,Restricted Area,Center(C),Less Than 8 ft.,3,-27,23,1,0,20251114,DAL,LAC,17270,0,1626156|1630230|1631108|1641726|1642843,0,REG,2026,1610612742,,,,,
22500046472,,Shot Chart Detail,22500046,472,1631108,Max Christie,1610612742,Dallas Mavericks,3,6,51,Made Shot,Jump Shot,3PT Field Goal,Above the Break 3,Right Side Center(RC),24+ ft.,25,152,205,1,1,20251114,DAL,LAC,17490,0,1626156|1630230|1631108|1641726|1642843,1,REG,2026,1610612742,,,,,
22500046482,,Shot Chart Detail,22500046,482,1630230,Naji Marshall,1610612742,Dallas Mavericks,3,6,5,Missed Shot,Running Jump Shot,3PT Field Goal,Right Corner 3,Right Side(R),24+ ft.,22,225,-15,1,0,20251114,DAL,LAC,17950,0,1626156|1628997|1630230|1631108|1641726,0,REG,2026,1610612742,,,,,
22500046484,,Shot Chart Detail,22500046,484,1626156,D'Angelo Russell,1610612742,Dallas Mavericks,3,5,55,Missed Shot,Jump Shot,3PT Field Goal,Above the Break 3,Right Side Center(RC),24+ ft.,24,174,175,1,0,20251114,DAL,LAC,18050,0,1626156|1628997|1630230|1631108|1641726,0,REG,2026,1610612742,,,,,
22500046486,,Shot Chart Detail,22500046,486,1631108,Max Christie,1610612742,Dallas Mavericks,3,5,51,Made Shot,Jump Shot,3PT Field Goal,Above the Break 3,Left Side Center(LC),24+ ft.,29,-181,228,1,1,20251114,DAL,LAC,18090,0,1626156|1628997|1630230|1631108|1641726,1,REG,2026,1610612742,,,,,
22500046497,,Shot Chart Detail,22500046,497,1630230,Naji Marshall,1610612742,Dallas Mavericks,3,4,32,Missed Shot,Driving Floating Jump Shot,2PT Field Goal,In The Paint (Non-RA),Center(C),Less Than 8 ft.,5,0,55,1,0,20251114,DAL,LAC,18880,0,1626156|1628997|1630230|1631108|1641726,0,REG,2026,1610612742,,,,,
22500046507,,Shot Chart Detail,22500046,507,1626156,D'Angelo Russell,1610612742,Dallas Mavericks,3,4,15,Missed Shot,Driving Floating Jump Shot,2PT Field Goal,In The Paint (Non-RA),Center(C),Less Than 8 ft.,6,-41,49,1,0,20251114,DAL,LAC,19050,0,202691|1626156|1628997|1630230|1641726,0,REG,2026,1610612742,,,,,
22500046513,,Shot Chart Detail,22500046,513,1630619,Moussa Cisse,1610612742,Dallas Mavericks,3,4,13,Made Shot,Cutting Dunk Shot,2PT Field Goal,Restricted Area,Center(C),Less Than 8 ft.,0,4,6,1,1,20251114,DAL,LAC,19070,0,202691|1626156|1628997|1630230|1630619,1,REG,2026,1610612742,,,,,
22500046528,,Shot Chart Detail,22500046,528,1626156,D'Angelo Russell,1610612742,Dallas Mavericks,3,3,12,Missed Shot,Running Pull-Up Jump Shot,3PT Field Goal,Above the Break 3,Left Side Center(LC),24+ ft.,26,-121,233,1,0,20251114,DAL,LAC,19680,0,202691|1626156|1628997|1630230|1630619,0,REG,2026,1610612742,,,,,
22500046539,,Shot Chart Detail,22500046,539,1630230,Naji Marshall,1610612742,Dallas Mavericks,3,2,50,Missed Shot,Jump Shot,2PT Field Goal,Mid-Range,Left Side(L),16-24 ft.,22,-188,120,1,0,20251114,DAL,LAC,19900,0,202691|1626156|1628997|1630230|1630619,0,REG,2026,1610612742,,,,,
22500046549,,Shot Chart Detail,22500046,549,1642843,Cooper Flagg,1610612742,Dallas Mavericks,3,2,16,Made Shot,Jump Shot,2PT Field Goal,Mid-Range,Left Side Center(LC),16-24 ft.,18,-131,133,1,1,20251114,DAL,LAC,20240,0,202691|1626156|1630230|1630619|1642843,0,REG,2026,1610612742,,,,,
22500046557,,Shot Chart Detail,22500046,557,202691,Klay Thompson,1610612742,Dallas Mavericks,3,1,48,Missed Shot,Jump Shot,3PT Field Goal,Above the Break 3,Left Side Center(LC),24+ ft.,25,-188,173,1,0,20251114,DAL,LAC,20520,0,202691|1626156|1628997|1630230|1642843,0,REG,2026,1610612742,,,,,
22500046569,,Shot Chart Detail,22500046,569,1630230,Naji Marshall,1610612742,Dallas Mavericks,3,0,43,Made Shot,Jump Shot,3PT Field Goal,Right Corner 3,Right Side(R),24+ ft.,22,229,10,1,1,20251114,DAL,LAC,21170,0,202691|1626156|1628997|1630230|1642843,1,REG,2026,1610612742,,,,,
22500046591,,Shot Chart Detail,22500046,591,202691,Klay Thompson,1610612742,Dallas Mavericks,4,11,22,Missed Shot,Jump Shot,3PT Field Goal,Above the Break 3,Right Side Center(RC),24+ ft.,25,214,138,1,0,20251114,DAL,LAC,21980,0,202691|1628997|1630314|1641726|1642843,0,REG,2026,1610612742,,,,,
22500046594,,Shot Chart Detail,22500046,594,1642843,Cooper Flagg,1610612742,Dallas Mavericks,4,10,57,Made Shot,Turnaround Jump Shot,2PT Field Goal,In The Paint (Non-RA),Center(C),8-16 ft.,13,-13,133,1,1,20251114,DAL,LAC,22230,0,202691|1628997|1630314|1641726|1642843,1,REG,2026,1610612742,,,,,
22500046598,,Shot Chart Detail,22500046,598,1641726,Dereck Lively II,1610612742,Dallas Mavericks,4,10,17,Missed Shot,Hook Shot,2PT Field Goal,In The Paint (Non-RA),Center(C),Less Than 8 ft.,7,18,71,1,0,20251114,DAL,LAC,22630,0,202691|1628997|1630314|1641726|1642843,0,REG,2026,1610612742,,,,,
22500046622,,Shot Chart Detail,22500046,622,1631108,Max Christie,1610612742,Dallas Mavericks,4,9,9,Missed Shot,Driving Layup Shot,2PT Field Goal,Restricted Area,Center(C),Less Than 8 ft.,3,-31,22,1,0,20251114,DAL,LAC,23310,0,202691|1630314|1631108|1641726|1642843,0,REG,2026,1610612742,,,,,
22500046626,,Shot Chart Detail,22500046,626,1641726,Dereck Lively II,1610612742,Dallas Mavericks,4,9,2,Missed Shot,Driving Layup Shot,2PT Field Goal,Restricted Area,Center(C),Less Than 8 ft.,1,-12,11,1,0,20251114,DAL,LAC,23380,0,202691|1630314|1631108|1641726|1642843,0,REG,2026,1610612742,,,,,
22500046642,,Shot Chart Detail,22500046,642,1642843,Cooper Flagg,1610612742,Dallas Mavericks,4,8,15,Made Shot,Turnaround Jump Shot,2PT Field Goal,In The Paint (Non-RA),Center(C),Less Than 8 ft.,6,21,59,1,1,20251114,DAL,LAC,23850,0,1630230|1630314|1631108|1641726|1642843,0,REG,2026,1610612742,,,,,
22500046649,,Shot Chart Detail,22500046,649,1630314,Brandon Williams,1610612742,Dallas Mavericks,4,7,47,Missed Shot,Running Layup Shot,2PT Field Goal,Restricted Area,Center(C),Less Than 8 ft.,3,-21,34,1,0,20251114,DAL,LAC,24130,0,1630230|1630314|1631108|1641726|1642843,0,REG,2026,1610612742,,,,,
22500046653,,Shot Chart Detail,22500046,653,1641726,Dereck Lively II,1610612742,Dallas Mavericks,4,7,17,Made Shot,Cutting Dunk Shot,2PT Field Goal,Restricted Area,Center(C),Less Than 8 ft.,1,-6,15,1,1,20251114,DAL,LAC,24430,0,1630230|1630314|1631108|1641726|1642843,1,REG,2026,1610612742,,,,,
22500046667,,Shot Chart Detail,22500046,667,1631108,Max Christie,1610612742,Dallas Mavericks,4,6,14,Made Shot,Jump Shot,3PT Field Goal,Above the Break 3,Right Side Center(RC),24+ ft.,24,221,112,1,1,20251114,DAL,LAC,25060,0,1626156|1630230|1631108|1641726|1642843,1,REG,2026,1610612742,,,,,
22500046674,,Shot Chart Detail,22500046,674,1626156,D'Angelo Russell,1610612742,Dallas Mavericks,4,5,30,Made Shot,Floating Jump shot,2PT Field Goal,In The Paint (Non-RA),Center(C),8-16 ft.,11,-49,102,1,1,20251114,DAL,LAC,25500,0,202691|1626156|1629655|1631108|1642843,0,REG,2026,1610612742,,,,,
22500046677,,Shot Chart Detail,22500046,677,1629655,Daniel Gafford,1610612742,Dallas Mavericks,4,4,47,Missed Shot,Driving Layup Shot,2PT Field Goal,Restricted Area,Center(C),Less Than 8 ft.,1,0,17,1,0,20251114,DAL,LAC,25930,0,202691|1626156|1629655|1631108|1642843,0,REG,2026,1610612742,,,,,
22500046679,,Shot Chart Detail,22500046,679,1629655,Daniel Gafford,1610612742,Dallas Mavericks,4,4,45,Missed Shot,Putback Dunk Shot,2PT Field Goal,Restricted Area,Center(C),Less Than 8 ft.,1,-4,16,1,0,20251114,DAL,LAC,25950,0,202691|1626156|1629655|1631108|1642843,0,REG,2026,1610612742,,,,,
22500046694,,Shot Chart Detail,22500046,694,1626156,D'Angelo Russell,1610612742,Dallas Mavericks,4,4,13,Missed Shot,Driving Layup Shot,2PT Field Goal,Restricted Area,Center(C),Less Than 8 ft.,0,-4,8,1,0,20251114,DAL,LAC,26270,0,202691|1626156|1629655|1630230|1631108,0,REG,2026,1610612742,,,,,
22500046696,,Shot Chart Detail,22500046,696,1629655,Daniel Gafford,1610612742,Dallas Mavericks,4,4,10,Made Shot,Tip Dunk Shot,2PT Field Goal,Restricted Area,Center(C),Less Than 8 ft.,0,0,0,1,1,20251114,DAL,LAC,26300,0,202691|1626156|1629655|1630230|1631108,0,REG,2026,1610612742,,,,,
22500046706,,Shot Chart Detail,22500046,706,1626156,D'Angelo Russell,1610612742,Dallas Mavericks,4,3,16,Made Shot,Driving Floating Jump Shot,2PT Field Goal,In The Paint (Non-RA),Center(C),Less Than 8 ft.,5,23,54,1,1,20251114,DAL,LAC,26840,0,1626156|1629655|1630230|1631108|1642843,1,REG,2026,1610612742,,,,,
22500046712,,Shot Chart Detail,22500046,712,1626156,D'Angelo Russell,1610612742,Dallas Mavericks,4,2,36,Made Shot,Driving Floating Jump Shot,2PT Field Goal,In The Paint (Non-RA),Center(C),8-16 ft.,9,-7,96,1,1,20251114,DAL,LAC,27240,0,1626156|1629655|1630230|1631108|1642843,0,REG,2026,1610612742,,,,,
22500046714,,Shot Chart Detail,22500046,714,1626156,D'Angelo Russell,1610612742,Dallas Mavericks,4,2,2,Missed Shot,Pullup Jump shot,3PT Field Goal,Above the Break 3,Right Side Center(RC),24+ ft.,25,161,201,1,0,20251114,DAL,LAC,27580,0,1626156|1629655|1630230|1631108|1642843,0,REG,2026,1610612742,,,,,
22500046719,,Shot Chart Detail,22500046,719,1626156,D'Angelo Russell,1610612742,Dallas Mavericks,4,1,24,Made Shot,Driving Layup Shot,2PT Field Goal,Restricted Area,Center(C),Less Than 8 ft.,1,1,11,1,1,20251114,DAL,LAC,27960,0,1626156|1629655|1630230|1631108|1642843,0,REG,2026,1610612742,,,,,
22500046723,,Shot Chart Detail,22500046,723,1626156,D'Angelo Russell,1610612742,Dallas Mavericks,4,0,52,Made Shot,Driving Layup Shot,2PT Field Goal,Restricted Area,Center(C),Less Than 8 ft.,2,-16,17,1,1,20251114,DAL,LAC,28280,0,1626156|1629655|1630230|1631108|1642843,0,REG,2026,1610612742,,,,,
22500046727,,Shot Chart Detail,22500046,727,1626156,D'Angelo Russell,1610612742,Dallas Mavericks,4,0,1,Missed Shot,Driving Floating Bank Jump Shot,2PT Field Goal,In The Paint (Non-RA),Center(C),Less Than 8 ft.,5,55,20,1,0,20251114,DAL,LAC,28790,0,1626156|1629655|1630230|1631108|1642843,0,REG,2026,1610612742,,,,,
22500046737,,Shot Chart Detail,22500046,737,1626156,D'Angelo Russell,1610612742,Dallas Mavericks,5,4,40,Missed Shot,Pullup Jump shot,3PT Field Goal,Above the Break 3,Center(C),24+ ft.,26,-29,265,1,0,20251114,DAL,LAC,29000,1,1626156|1629655|1630230|1631108|1642843,0,REG,2026,1610612742,,,,,
22500046741,,Shot Chart Detail,22500046,741,1630230,Naji Marshall,1610612742,Dallas Mavericks,5,4,25,Made Shot,Running Layup Shot,2PT Field Goal,Restricted Area,Center(C),Less Than 8 ft.,0,-2,2,1,1,20251114,DAL,LAC,29150,1,1626156|1629655|1630230|1631108|1642843,0,REG,2026,1610612742,,,,,
22500046744,,Shot Chart Detail,22500046,744,1626156,D'Angelo Russell,1610612742,Dallas Mavericks,5,3,32,Missed Shot,Driving Floating Jump Shot,2PT Field Goal,In The Paint (Non-RA),Center(C),Less Than 8 ft.,7,-18,70,1,0,20251114,DAL,LAC,29680,1,1626156|1629655|1630230|1631108|1642843,0,REG,2026,1610612742,,,,,
22500046761,,Shot Chart Detail,22500046,761,1630230,Naji Marshall,1610612742,Dallas Mavericks,5,2,14,Missed Shot,Cutting Layup Shot,2PT Field Goal,In The Paint (Non-RA),Center(C),Less Than 8 ft.,4,39,11,1,0,20251114,DAL,LAC,30460,1,1626156|1629655|1630230|1631108|1642843,0,REG,2026,1610612742,,,,,
22500046767,,Shot Chart Detail,22500046,767,1642843,Cooper Flagg,1610612742,Dallas Mavericks,5,1,50,Made Shot,Driving Bank Hook Shot,2PT Field Goal,Restricted Area,Center(C),Less Than 8 ft.,3,36,13,1,1,20251114,DAL,LAC,30700,1,1626156|1629655|1630230|1631108|1642843,0,REG,2026,1610612742,,,,,
22500046796,,Shot Chart Detail,22500046,796,1642843,Cooper Flagg,1610612742,Dallas Mavericks,5,0,20,Made Shot,Driving Layup Shot,2PT Field Goal,Restricted Area,Center(C),Less Than 8 ft.,2,-16,20,1,1,20251114,DAL,LAC,31600,1,202691|1626156|1630230|1631108|1642843,0,REG,2026,1610612742,,,,,
22500046818,,Shot Chart Detail,22500046,818,1642843,Cooper Flagg,1610612742,Dallas Mavericks,6,4,33,Made Shot,Jump Shot,2PT Field Goal,In The Paint (Non-RA),Center(C),8-16 ft.,8,-1,80,1,1,20251114,DAL,LAC,32070,2,1626156|1629655|1630230|1631108|1642843,0,REG,2026,1610612742,,,,,
22500046826,,Shot Chart Detail,22500046,826,1630230,Naji Marshall,1610612742,Dallas Mavericks,6,3,19,Missed Shot,Jump Shot,3PT Field Goal,Above the Break 3,Left Side Center(LC),24+ ft.,26,-125,232,1,0,20251114,DAL,LAC,32810,2,1626156|1629655|1630230|1631108|1642843,0,REG,2026,1610612742,,,,,
22500046830,,Shot Chart Detail,22500046,830,1626156,D'Angelo Russell,1610612742,Dallas Mavericks,6,2,51,Missed Shot,Pullup Jump shot,2PT Field Goal,Mid-Range,Center(C),8-16 ft.,15,18,158,1,0,20251114,DAL,LAC,33090,2,1626156|1629655|1630230|1631108|1642843,0,REG,2026,1610612742,,,,,
22500046874,,Shot Chart Detail,22500046,874,1631108,Max Christie,1610612742,Dallas Mavericks,6,0,33,Missed Shot,Pullup Jump shot,3PT Field Goal,Above the Break 3,Right Side Center(RC),24+ ft.,26,120,238,1,0,20251114,DAL,LAC,34470,2,202691|1626156|1629655|1631108|1642843,0,REG,2026,1610612742,,,,,
225000529,,Shot Chart Detail,22500052,9,1642843,Cooper Flagg,1610612742,Dallas Mavericks,1,11,25,Made Shot,Driving Finger Roll Layup Shot,2PT Field Goal,In The Paint (Non-RA),Center(C),Less Than 8 ft.,4,-40,15,1,1,20251121,DAL,NOP,350,0,1629023|1629655|1630314|1631108|1642843,0,REG,2026,1610612742,,,,,
2250005212,,Shot Chart Detail,22500052,12,1642843,Cooper Flagg,1610612742,Dallas Mavericks,1,10,57,Missed Shot,Turnaround Hook Shot,2PT Field Goal,In The Paint (Non-RA),Center(C),Less Than 8 ft.,5,21,53,1,0,20251121,DAL,NOP,630,0,1629023|1629655|1630314|1631108|1642843,0,REG,2026,1610612742,,,,,
2250005215,,Shot Chart Detail,22500052,15,1642843,Cooper Flagg,1610612742,Dallas Mavericks,1,10,27,Missed Shot,Jump Shot,3PT Field Goal,Above the Break 3,Center(C),24+ ft.,28,50,277,1,0,20251121,DAL,NOP,930,0,1629023|1629655|1630314|1631108|1642843,0,REG,2026,1610612742,,,,,
2250005223,,Shot Chart Detail,22500052,23,1631108,Max Christie,1610612742,Dallas Mavericks,1,9,46,Made Shot,Jump Shot,3PT Field Goal,Right Corner 3,Right Side(R),24+ ft.,23,237,20,1,1,20251121,DAL,NOP,1340,0,1629023|1629655|1630314|1631108|1642843,1,REG,2026,1610612742,,,,,
2250005227,,Shot Chart Detail,22500052,27,1630314,Brandon Williams,1610612742,Dallas Mavericks,1,9,8,Missed Shot,Pullup Jump shot,3PT Field Goal,Above the Break 3,Right Side Center(RC),24+ ft.,26,107,242,1,0,20251121,DAL,NOP,1720,0,1629023|1629655|1630314|1631108|1642843,0,REG,2026,1610612742,,,,,
2250005241,,Shot Chart Detail,22500052,41,1629023,P.J. Washington,1610612742,Dallas Mavericks,1,8,21,Made Shot,Jump Shot,3PT Field Goal,Right Corner 3,Right Side(R),24+ ft.,24,240,6,1,1,20251121,DAL,NOP,2190,0,1629023|1629655|1630314|1631108|1642843,1,REG,2026,1610612742,,,,,
2250005245,,Shot Chart Detail,22500052,45,1630314,Brandon Williams,1610612742,Dallas Mavericks,1,7,51,Missed Shot,Driving Floating Bank Jump Shot,2PT Field Goal,In The Paint (Non-RA),Center(C),Less Than 8 ft.,6,45,46,1,0,20251121,DAL,NOP,2490,0,1629023|1629655|1630314|1631108|1642843,0,REG,2026,1610612742,,,,,
2250005247,,Shot Chart Detail,22500052,47,1629655,Daniel Gafford,1610612742,Dallas Mavericks,1,7,49,Made Shot,Putback Layup Shot,2PT Field Goal,Restricted Area,Center(C),Less Than 8 ft.,2,7,21,1,1,20251121,DAL,NOP,2510,0,1629023|1629655|1630314|1631108|1642843,0,REG,2026,1610612742,,,,,
2250005250,,Shot Chart Detail,22500052,50,1642843,Cooper Flagg,1610612742,Dallas Mavericks,1,7,8,Made Shot,Turnaround Fadeaway shot,2PT Field Goal,In The Paint (Non-RA),Left Side(L),8-16 ft.,9,-78,62,1,1,20251121,DAL,NOP,2920,0,1629023|1629655|1630314|1631108|1642843,0,REG,2026,1610612742,,,,,
2250005262,,Shot Chart Detail,22500052,62,1642843,Cooper Flagg,1610612742,Dallas Mavericks,1,6,21,Missed Shot,Step Back Jump shot,3PT Field Goal,Above the Break 3,Center(C),24+ ft.,26,16,262,1,0,20251121,DAL,NOP,3390,0,1630230|1630314|1630619|1631108|1642843,0,REG,2026,1610612742,,,,,
2250005266,,Shot Chart Detail,22500052,66,1630230,Naji Marshall,1610612742,Dallas Mavericks,1,6,10,Made Shot,Running Pull-Up Jump Shot,2PT Field Goal,In The Paint (Non-RA),Center(C),8-16 ft.,8,7,80,1,1,20251121,DAL,NOP,3500,0,1630230|1630314|1630619|1631108|1642843,1,REG,2026,1610612742,,,,,
2250005272,,Shot Chart Detail,22500052,72,1630230,Naji Marshall,1610612742,Dallas Mavericks,1,5,31,Missed Shot,Jump Shot,3PT Field Goal,Right Corner 3,Right Side(R),24+ ft.,23,239,14,1,0,20251121,DAL,NOP,3890,0,1630230|1630314|1630619|1631108|1642843,0,REG,2026,1610612742,,,,,
2250005282,,Shot Chart Detail,22500052,82,1631108,Max Christie,1610612742,Dallas Mavericks,1,4,47,Made Shot,Running Jump Shot,3PT Field Goal,Left Corner 3,Left Side(L),24+ ft.,23,-235,34,1,1,20251121,DAL,NOP,4330,0,1630230|1630314|1630619|1631108|1642843,1,REG,2026,1610612742,,,,,
2250005286,,Shot Chart Detail,22500052,86,1642843,Cooper Flagg,1610612742,Dallas Mavericks,1,4,14,Made Shot,Pullup Jump shot,2PT Field Goal,Mid-Range,Right Side Center(RC),16-24 ft.,19,113,156,1,1,20251121,DAL,NOP,4660,0,1630230|1630314|1630619|1631108|1642843,1,REG,2026,1610612742,,,,,
22500052101,,Shot Chart Detail,22500052,101,1630702,Jaden Hardy,1610612742,Dallas Mavericks,1,3,50,Made Shot,Jump Shot,3PT Field Goal,Above the Break 3,Left Side Center(LC),24+ ft.,24,-145,199,1,1,20251121,DAL,NOP,4900,0,202691|1629023|1630230|1630619|1630702,1,REG,2026,1610612742,,,,,
22500052119,,Shot Chart Detail,22500052,119,1629023,P.J. Washington,1610612742,Dallas Mavericks,1,2,55,Made Shot,Running Finger Roll Layup Shot,2PT Field Goal,Restricted Area,Center(C),Less Than 8 ft.,2,17,11,1,1,20251121,DAL,NOP,5450,0,202691|1629023|1630230|1630619|1630702,1,REG,2026,1610612742,,,,,
22500052123,,Shot Chart Detail,22500052,123,202691,Klay Thompson,1610612742,Dallas Mavericks,1,2,22,Missed Shot,Jump Shot,3PT Field Goal,Left Corner 3,Left Side(L),24+ ft.,23,-231,29,1,0,20251121,DAL,NOP,5780,0,202691|1629023|1630230|1630619|1630702,0,REG,2026,1610612742,,,,,
22500052128,,Shot Chart Detail,22500052,128,202691,Klay Thompson,1610612742,Dallas Mavericks,1,2,13,Missed Shot,Jump Shot,3PT Field Goal,Above the Break 3,Right Side Center(RC),24+ ft.,25,172,192,1,0,20251121,DAL,NOP,5870,0,202691|1629023|1629655|1630230|1630702,0,REG,2026,1610612742,,,,,
22500052134,,Shot Chart Detail,22500052,134,202691,Klay Thompson,1610612742,Dallas Mavericks,1,1,33,Missed Shot,Jump Shot,3PT Field Goal,Left Corner 3,Left Side(L),24+ ft.,22,-223,-8,1,0,20251121,DAL,NOP,6270,0,202691|1629023|1629655|1630230|1630702,0,REG,2026,1610612742,,,,,
22500052156,,Shot Chart Detail,22500052,156,1630230,Naji Marshall,1610612742,Dallas Mavericks,1,0,17,Missed Shot,Jump Shot,3PT Field Goal,Above the Break 3,Left Side Center(LC),24+ ft.,27,-213,171,1,0,20251121,DAL,NOP,7030,0,202691|1629023|1629655|1630230|1630702,0,REG,2026,1610612742,,,,,
22500052173,,Shot Chart Detail,22500052,173,202691,Klay Thompson,1610612742,Dallas Mavericks,2,11,46,Made Shot,Jump Shot,3PT Field Goal,Above the Break 3,Center(C),24+ ft.,25,27,256,1,1,20251121,DAL,NOP,7340,0,202691|1628997|1629023|1629655|1630314,1,REG,2026,1610612742,,,,,
22500052177,,Shot Chart Detail,22500052,177,1629023,P.J. Washington,1610612742,Dallas Mavericks,2,11,14,Made Shot,Pullup Jump shot,3PT Field Goal,Above the Break 3,Center(C),24+ ft.,25,25,257,1,1,20251121,DAL,NOP,7660,0,202691|1628997|1629023|1629655|1630314,0,REG,2026,1610612742,,,,,
22500052188,,Shot Chart Detail,22500052,188,202691,Klay Thompson,1610612742,Dallas Mavericks,2,10,32,Made Shot,Pullup Jump shot,2PT Field Goal,Mid-Range,Right Side Center(RC),16-24 ft.,19,86,176,1,1,20251121,DAL,NOP,8080,0,202691|1628997|1629023|1629655|1630314,1,REG,2026,1610612742,,,,,
22500052192,,Shot Chart Detail,22500052,192,1629023,P.J. Washington,1610612742,Dallas Mavericks,2,9,58,Missed Shot,Driving Floating Jump Shot,2PT Field Goal,In The Paint (Non-RA),Center(C),Less Than 8 ft.,5,-4,52,1,0,20251121,DAL,NOP,8420,0,202691|1628997|1629023|1629655|1630314,0,REG,2026,1610612742,,,,,
22500052194,,Shot Chart Detail,22500052,194,1630314,Brandon Williams,1610612742,Dallas Mavericks,2,9,55,Missed Shot,Pullup Jump shot,3PT Field Goal,Right Corner 3,Right Side(R),24+ ft.,24,237,73,1,0,20251121,DAL,NOP,8450,0,202691|1628997|1629023|1629655|1630314,0,REG,2026,1610612742,,,,,
22500052203,,Shot Chart Detail,22500052,203,202691,Klay Thompson,1610612742,Dallas Mavericks,2,9,18,Missed Shot,Jump Shot,3PT Field Goal,Above the Break 3,Left Side Center(LC),24+ ft.,25,-126,218,1,0,20251121,DAL,NOP,8820,0,202691|1628997|1629023|1630314|1641726,0,REG,2026,1610612742,,,,,
22500052214,,Shot Chart Detail,22500052,214,1630314,Brandon Williams,1610612742,Dallas Mavericks,2,8,54,Missed Shot,Reverse Layup Shot,2PT Field Goal,Restricted Area,Center(C),Less Than 8 ft.,2,-23,19,1,0,20251121,DAL,NOP,9060,0,202691|1628997|1629023|1630314|1641726,0,REG,2026,1610612742,,,,,
22500052216,,Shot Chart Detail,22500052,216,1629023,P.J. Washington,1610612742,Dallas Mavericks,2,8,45,Made Shot,Driving Floating Jump Shot,2PT Field Goal,In The Paint (Non-RA),Center(C),Less Than 8 ft.,5,50,9,1,1,20251121,DAL,NOP,9150,0,202691|1628997|1629023|1630314|1641726,1,REG,2026,1610612742,,,,,
22500052222,,Shot Chart Detail,22500052,222,1629023,P.J. Washington,1610612742,Dallas Mavericks,2,8,24,Missed Shot,Jump Shot,3PT Field Goal,Above the Break 3,Right Side Center(RC),24+ ft.,24,113,222,1,0,20251121,DAL,NOP,9360,0,202691|1628997|1629023|1630314|1641726,0,REG,2026,1610612742,,,,,
22500052224,,Shot Chart Detail,22500052,224,1629023,P.J. Washington,1610612742,Dallas Mavericks,2,8,11,Made Shot,Jump Shot,3PT Field Goal,Right Corner 3,Right Side(R),24+ ft.,23,234,22,1,1,20251121,DAL,NOP,9490,0,202691|1628997|1629023|1630314|1641726,1,REG,2026,1610612742,,,,,
22500052234,,Shot Chart Detail,22500052,234,202691,Klay Thompson,1610612742,Dallas Mavericks,2,7,7,Missed Shot,Pullup Jump shot,2PT Field Goal,Mid-Range,Right Side Center(RC),16-24 ft.,18,115,150,1,0,20251121,DAL,NOP,10130,0,202691|1628997|1629023|1630314|1641726,0,REG,2026,1610612742,,,,,
22500052246,,Shot Chart Detail,22500052,246,1630314,Brandon Williams,1610612742,Dallas Mavericks,2,6,35,Missed Shot,Jump Shot,3PT Field Goal,Above the Break 3,Center(C),24+ ft.,28,44,283,1,0,20251121,DAL,NOP,10450,0,202691|1630230|1630314|1641726|1642843,0,REG,2026,1610612742,,,,,
22500052254,,Shot Chart Detail,22500052,254,1642843,Cooper Flagg,1610612742,Dallas Mavericks,2,5,59,Made Shot,Driving Dunk Shot,2PT Field Goal,Restricted Area,Center(C),Less Than 8 ft.,0,-4,1,1,1,20251121,DAL,NOP,10810,0,1630230|1630702|1631108|1641726|1642843,0,REG,2026,1610612742,,,,,
22500052266,,Shot Chart Detail,22500052,266,1630702,Jaden Hardy,1610612742,Dallas Mavericks,2,5,29,Made Shot,Pullup Jump shot,2PT Field Goal,Mid-Range,Right Side(R),8-16 ft.,13,137,12,1,1,20251121,DAL,NOP,11110,0,1630230|1630702|1631108|1641726|1642843,1,REG,2026,1610612742,,,,,
22500052287,,Shot Chart Detail,22500052,287,1642843,Cooper Flagg,1610612742,Dallas Mavericks,2,4,19,Missed Shot,Jump Shot,3PT Field Goal,Above the Break 3,Right Side Center(RC),24+ ft.,26,208,159,1,0,20251121,DAL,NOP,11810,0,1629655|1630230|1630702|1631108|1642843,0,REG,2026,1610612742,,,,,
22500052292,,Shot Chart Detail,22500052,292,1630702,Jaden Hardy,1610612742,Dallas Mavericks,2,3,45,Made Shot,Jump Shot,3PT Field Goal,Above the Break 3,Left Side Center(LC),24+ ft.,25,-167,187,1,1,20251121,DAL,NOP,12150,0,1629655|1630230|1630702|1631108|1642843,1,REG,2026,1610612742,,,,,
22500052296,,Shot Chart Detail,22500052,296,1631108,Max Christie,1610612742,Dallas Mavericks,2,3,15,Missed Shot,Running Jump Shot,3PT Field Goal,Right Corner 3,Right Side(R),24+ ft.,22,223,10,1,0,20251121,DAL,NOP,12450,0,1629655|1630230|1630702|1631108|1642843,0,REG,2026,1610612742,,,,,
22500052309,,Shot Chart Detail,22500052,309,1630702,Jaden Hardy,1610612742,Dallas Mavericks,2,2,57,Made Shot,Running Jump Shot,3PT Field Goal,Above the Break 3,Right Side Center(RC),24+ ft.,25,223,115,1,1,20251121,DAL,NOP,12630,0,1629023|1629655|1630702|1631108|1642843,1,REG,2026,1610612742,,,,,
22500052313,,Shot Chart Detail,22500052,313,1642843,Cooper Flagg,1610612742,Dallas Mavericks,2,2,19,Missed Shot,Pullup Jump shot,2PT Field Goal,Mid-Range,Left Side Center(LC),16-24 ft.,18,-75,172,1,0,20251121,DAL,NOP,13010,0,1629023|1629655|1630702|1631108|1642843,0,REG,2026,1610612742,,,,,
22500052317,,Shot Chart Detail,22500052,317,1629023,P.J. Washington,1610612742,Dallas Mavericks,2,1,54,Missed Shot,Jump Shot,3PT Field Goal,Above the Break 3,Center(C),24+ ft.,25,-51,246,1,0,20251121,DAL,NOP,13260,0,1629023|1629655|1630702|1631108|1642843,0,REG,2026,1610612742,,,,,
22500052325,,Shot Chart Detail,22500052,325,1642843,Cooper Flagg,1610612742,Dallas Mavericks,2,0,56,Missed Shot,Pullup Jump shot,3PT Field Goal,Above the Break 3,Center(C),24+ ft.,26,-76,251,1,0,20251121,DAL,NOP,13840,0,1629023|1629655|1630702|1631108|1642843,0,REG,2026,1610612742,,,,,
22500052337,,Shot Chart Detail,22500052,337,1630702,Jaden Hardy,1610612742,Dallas Mavericks,2,0,25,Missed Shot,Pullup Jump shot,2PT Field Goal,Mid-Range,Right Side Center(RC),16-24 ft.,16,91,141,1,0,20251121,DAL,NOP,14150,0,1629023|1629655|1630702|1631108|1642843,0,REG,2026,1610612742,,,,,
22500052356,,Shot Chart Detail,22500052,356,1630702,Jaden Hardy,1610612742,Dallas Mavericks,2,0,1,Missed Shot,Pullup Jump shot,3PT Field Goal,Above the Break 3,Right Side Center(RC),24+ ft.,32,159,281,1,0,20251121,DAL,NOP,14390,0,202691|1629023|1630702|1631108|1642843,0,REG,2026,1610612742,,,,,
22500052371,,Shot Chart Detail,22500052,371,1631108,Max Christie,1610612742,Dallas Mavericks,3,11,48,Made Shot,Jump Shot,3PT Field Goal,Above the Break 3,Left Side Center(LC),24+ ft.,26,-86,253,1,1,20251121,DAL,NOP,14520,0,1629023|1630314|1631108|1641726|1642843,1,REG,2026,1610612742,,,,,
22500052376,,Shot Chart Detail,22500052,376,1642843,Cooper Flagg,1610612742,Dallas Mavericks,3,11,22,Made Shot,Driving Layup Shot,2PT Field Goal,Restricted Area,Center(C),Less Than 8 ft.,0,-9,2,1,1,20251121,DAL,NOP,14780,0,1629023|1630314|1631108|1641726|1642843,1,REG,2026,1610612742,,,,,
22500052383,,Shot Chart Detail,22500052,383,1631108,Max Christie,1610612742,Dallas Mavericks,3,10,56,Made Shot,Jump Shot,3PT Field Goal,Above the Break 3,Left Side Center(LC),24+ ft.,26,-159,210,1,1,20251121,DAL,NOP,15040,0,1629023|1630314|1631108|1641726|1642843,1,REG,2026,1610612742,,,,,
22500052387,,Shot Chart Detail,22500052,387,1629023,P.J. Washington,1610612742,Dallas Mavericks,3,10,12,Missed Shot,Driving Finger Roll Layup Shot,2PT Field Goal,Restricted Area,Center(C),Less Than 8 ft.,3,-7,30,1,0,20251121,DAL,NOP,15480,0,1629023|1630314|1631108|1641726|1642843,0,REG,2026,1610612742,,,,,
22500052389,,Shot Chart Detail,22500052,389,1641726,Dereck Lively II,1610612742,Dallas Mavericks,3,10,9,Made Shot,Tip Dunk Shot,2PT Field Goal,Restricted Area,Center(C),Less Than 8 ft.,0,0,0,1,1,20251121,DAL,NOP,15510,0,1629023|1630314|1631108|1641726|1642843,0,REG,2026,1610612742,,,,,
22500052392,,Shot Chart Detail,22500052,392,1631108,Max Christie,1610612742,Dallas Mavericks,3,9,48,Made Shot,Jump Shot,3PT Field Goal,Above the Break 3,Right Side Center(RC),24+ ft.,25,185,178,1,1,20251121,DAL,NOP,15720,0,1629023|1630314|1631108|1641726|1642843,1,REG,2026,1610612742,,,,,
22500052416,,Shot Chart Detail,22500052,416,1642843,Cooper Flagg,1610612742,Dallas Mavericks,3,8,10,Made Shot,Turnaround Bank Hook Shot,2PT Field Goal,In The Paint (Non-RA),Right Side(R),8-16 ft.,9,61,71,1,1,20251121,DAL,NOP,16700,0,1629023|1630314|1631108|1641726|1642843,0,REG,2026,1610612742,,,,,
22500052419,,Shot Chart Detail,22500052,419,1629023,P.J. Washington,1610612742,Dallas Mavericks,3,7,38,Made Shot,Running Jump Shot,3PT Field Goal,Above the Break 3,Center(C),24+ ft.,26,61,256,1,1,20251121,DAL,NOP,17020,0,1629023|1630314|1631108|1641726|1642843,1,REG,2026,1610612742,,,,,
22500052428,,Shot Chart Detail,22500052,428,1630314,Brandon Williams,1610612742,Dallas Mavericks,3,7,0,Missed Shot,Driving Layup Shot,2PT Field Goal,Restricted Area,Center(C),Less Than 8 ft.,3,20,27,1,0,20251121,DAL,NOP,17400,0,1629023|1630314|1631108|1641726|1642843,0,REG,2026,1610612742,,,,,
22500052434,,Shot Chart Detail,22500052,434,1630314,Brandon Williams,1610612742,Dallas Mavericks,3,6,31,Missed Shot,Driving Finger Roll Layup Shot,2PT Field Goal,Restricted Area,Center(C),Less Than 8 ft.,0,-4,1,1,0,20251121,DAL,NOP,17690,0,1629023|1630314|1631108|1641726|1642843,0,REG,2026,1610612742,,,,,
22500052438,,Shot Chart Detail,22500052,438,1631108,Max Christie,1610612742,Dallas Mavericks,3,6,8,Missed Shot,Cutting Finger Roll Layup Shot,2PT Field Goal,Restricted Area,Center(C),Less Than 8 ft.,3,-27,20,1,0,20251121,DAL,NOP,17920,0,1629023|1630314|1631108|1641726|1642843,0,REG,2026,1610612742,,,,,
22500052446,,Shot Chart Detail,22500052,446,1642843,Cooper Flagg,1610612742,Dallas Mavericks,3,5,47,Made Shot,Driving Layup Shot,2PT Field Goal,Restricted Area,Center(C),Less Than 8 ft.,1,-18,2,1,1,20251121,DAL,NOP,18130,0,1629655|1630230|1630314|1631108|1642843,1,REG,2026,1610612742,,,,,
22500052453,,Shot Chart Detail,22500052,453,1642843,Cooper Flagg,1610612742,Dallas Mavericks,3,5,20,Made Shot,Driving Dunk Shot,2PT Field Goal,Restricted Area,Center(C),Less Than 8 ft.,1,-4,13,1,1,20251121,DAL,NOP,18400,0,1629655|1630230|1630314|1631108|1642843,1,REG,2026,1610612742,,,,,
22500052457,,Shot Chart Detail,22500052,457,1630314,Brandon Williams,1610612742,Dallas Mavericks,3,5,2,Made Shot,Jump Shot,3PT Field Goal,Above the Break 3,Left Side Center(LC),24+ ft.,27,-147,232,1,1,20251121,DAL,NOP,18580,0,1629655|1630230|1630314|1631108|1642843,1,REG,2026,1610612742,,,,,
22500052461,,Shot Chart Detail,22500052,461,1631108,Max Christie,1610612742,Dallas Mavericks,3,4,31,Missed Shot,Running Jump Shot,3PT Field Goal,Left Corner 3,Left Side(L),24+ ft.,23,-237,21,1,0,20251121,DAL,NOP,18890,0,1629655|1630230|1630314|1631108|1642843,0,REG,2026,1610612742,,,,,
22500052463,,Shot Chart Detail,22500052,463,1631108,Max Christie,1610612742,Dallas Mavericks,3,4,22,Missed Shot,Jump Shot,3PT Field Goal,Left Corner 3,Left Side(L),24+ ft.,23,-234,13,1,0,20251121,DAL,NOP,18980,0,1629655|1630230|1630314|1631108|1642843,0,REG,2026,1610612742,,,,,
22500052483,,Shot Chart Detail,22500052,483,1629655,Daniel Gafford,1610612742,Dallas Mavericks,3,3,35,Made Shot,Alley Oop Layup shot,2PT Field Goal,Restricted Area,Center(C),Less Than 8 ft.,1,-13,5,1,1,20251121,DAL,NOP,19450,0,202691|1629023|1629655|1630230|1630702,1,REG,2026,1610612742,,,,,
22500052494,,Shot Chart Detail,22500052,494,1630230,Naji Marshall,1610612742,Dallas Mavericks,3,2,53,Missed Shot,Pullup Jump shot,2PT Field Goal,Mid-Range,Right Side(R),8-16 ft.,14,94,112,1,0,20251121,DAL,NOP,19870,0,202691|1629023|1629655|1630230|1630702,0,REG,2026,1610612742,,,,,
22500052499,,Shot Chart Detail,22500052,499,1629655,Daniel Gafford,1610612742,Dallas Mavericks,3,2,10,Missed Shot,Driving Dunk Shot,2PT Field Goal,Restricted Area,Center(C),Less Than 8 ft.,2,18,18,1,0,20251121,DAL,NOP,20300,0,202691|1629023|1629655|1630230|1630702,0,REG,2026,1610612742,,,,,
22500052510,,Shot Chart Detail,22500052,510,1629655,Daniel Gafford,1610612742,Dallas Mavericks,3,1,19,Made Shot,Alley Oop Dunk Shot,2PT Field Goal,Restricted Area,Center(C),Less Than 8 ft.,1,-7,18,1,1,20251121,DAL,NOP,20810,0,202691|1629023|1629655|1630230|1630702,1,REG,2026,1610612742,,,,,
22500052527,,Shot Chart Detail,22500052,527,1630702,Jaden Hardy,1610612742,Dallas Mavericks,3,0,32,Missed Shot,Jump Shot,3PT Field Goal,Right Corner 3,Right Side(R),24+ ft.,22,224,32,1,0,20251121,DAL,NOP,21280,0,202691|1629023|1629655|1630230|1630702,0,REG,2026,1610612742,,,,,
22500052564,,Shot Chart Detail,22500052,564,1629023,P.J. Washington,1610612742,Dallas Mavericks,4,10,57,Missed Shot,Driving Layup Shot,2PT Field Goal,Restricted Area,Center(C),Less Than 8 ft.,3,-22,32,1,0,20251121,DAL,NOP,22230,0,202691|1628997|1629023|1630314|1641726,0,REG,2026,1610612742,,,,,
22500052572,,Shot Chart Detail,22500052,572,202691,Klay Thompson,1610612742,Dallas Mavericks,4,10,36,Missed Shot,Running Jump Shot,3PT Field Goal,Above the Break 3,Right Side Center(RC),24+ ft.,26,197,177,1,0,20251121,DAL,NOP,22440,0,202691|1628997|1629023|1630314|1641726,0,REG,2026,1610612742,,,,,
22500052579,,Shot Chart Detail,22500052,579,1630314,Brandon Williams,1610612742,Dallas Mavericks,4,10,13,Missed Shot,Driving Floating Jump Shot,2PT Field Goal,In The Paint (Non-RA),Center(C),8-16 ft.,9,-29,86,1,0,20251121,DAL,NOP,22670,0,202691|1628997|1629023|1630314|1641726,0,REG,2026,1610612742,,,,,
22500052583,,Shot Chart Detail,22500052,583,202691,Klay Thompson,1610612742,Dallas Mavericks,4,10,10,Missed Shot,Jump Shot,3PT Field Goal,Right Corner 3,Right Side(R),24+ ft.,22,229,16,1,0,20251121,DAL,NOP,22700,0,202691|1628997|1629023|1630314|1641726,0,REG,2026,1610612742,,,,,
22500052585,,Shot Chart Detail,22500052,585,1629023,P.J. Washington,1610612742,Dallas Mavericks,4,10,4,Made Shot,Driving Dunk Shot,2PT Field Goal,Restricted Area,Center(C),Less Than 8 ft.,1,-11,11,1,1,20251121,DAL,NOP,22760,0,202691|1628997|1629023|1630314|1641726,1,REG,2026,1610612742,,,,,
22500052589,,Shot Chart Detail,22500052,589,1629023,P.J. Washington,1610612742,Dallas Mavericks,4,9,25,Made Shot,Jump Shot,3PT Field Goal,Right Corner 3,Right Side(R),24+ ft.,23,224,60,1,1,20251121,DAL,NOP,23150,0,202691|1628997|1629023|1630314|1641726,1,REG,2026,1610612742,,,,,
22500052613,,Shot Chart Detail,22500052,613,1631108,Max Christie,1610612742,Dallas Mavericks,4,8,37,Made Shot,Running Dunk Shot,2PT Field Goal,Restricted Area,Center(C),Less Than 8 ft.,1,-11,5,1,1,20251121,DAL,NOP,23630,0,1629023|1629655|1630314|1631108|1642843,1,REG,2026,1610612742,,,,,
22500052634,,Shot Chart Detail,22500052,634,1629023,P.J. Washington,1610612742,Dallas Mavericks,4,7,30,Missed Shot,Jump Shot,3PT Field Goal,Left Corner 3,Left Side(L),24+ ft.,24,-237,43,1,0,20251121,DAL,NOP,24300,0,1629023|1629655|1630314|1631108|1642843,0,REG,2026,1610612742,,,,,
22500052638,,Shot Chart Detail,22500052,638,1630314,Brandon Williams,1610612742,Dallas Mavericks,4,6,59,Missed Shot,Pullup Jump shot,3PT Field Goal,Above the Break 3,Right Side Center(RC),24+ ft.,25,168,193,1,0,20251121,DAL,NOP,24610,0,1629023|1629655|1630314|1631108|1642843,0,REG,2026,1610612742,,,,,
22500052646,,Shot Chart Detail,22500052,646,1629655,Daniel Gafford,1610612742,Dallas Mavericks,4,6,31,Missed Shot,Pullup Jump shot,2PT Field Goal,Mid-Range,Right Side Center(RC),16-24 ft.,20,91,181,1,0,20251121,DAL,NOP,24890,0,1629655|1630230|1630314|1631108|1642843,0,REG,2026,1610612742,,,,,
22500052648,,Shot Chart Detail,22500052,648,1630314,Brandon Williams,1610612742,Dallas Mavericks,4,6,26,Missed Shot,Jump Shot,3PT Field Goal,Right Corner 3,Right Side(R),24+ ft.,22,225,15,1,0,20251121,DAL,NOP,24940,0,1629655|1630230|1630314|1631108|1642843,0,REG,2026,1610612742,,,,,
22500052655,,Shot Chart Detail,22500052,655,1630314,Brandon Williams,1610612742,Dallas Mavericks,4,6,7,Missed Shot,Pullup Jump shot,3PT Field Goal,Above the Break 3,Right Side Center(RC),24+ ft.,24,172,181,1,0,20251121,DAL,NOP,25130,0,1629655|1630230|1630314|1631108|1642843,0,REG,2026,1610612742,,,,,
22500052659,,Shot Chart Detail,22500052,659,1642843,Cooper Flagg,1610612742,Dallas Mavericks,4,5,57,Missed Shot,Driving Layup Shot,2PT Field Goal,Restricted Area,Center(C),Less Than 8 ft.,3,-22,29,1,0,20251121,DAL,NOP,25230,0,1629655|1630230|1630314|1631108|1642843,0,REG,2026,1610612742,,,,,
22500052661,,Shot Chart Detail,22500052,661,1642843,Cooper Flagg,1610612742,Dallas Mavericks,4,5,54,Made Shot,Tip Layup Shot,2PT Field Goal,Restricted Area,Center(C),Less Than 8 ft.,0,0,0,1,1,20251121,DAL,NOP,25260,0,1629655|1630230|1630314|1631108|1642843,0,REG,2026,1610612742,,,,,
22500052670,,Shot Chart Detail,22500052,670,1642843,Cooper Flagg,1610612742,Dallas Mavericks,4,5,12,Made Shot,Driving Layup Shot,2PT Field Goal,Restricted Area,Center(C),Less Than 8 ft.,1,5,11,1,1,20251121,DAL,NOP,25680,0,1629023|1629655|1630230|1631108|1642843,1,REG,2026,1610612742,,,,,
22500052673,,Shot Chart Detail,22500052,673,1631108,Max Christie,1610612742,Dallas Mavericks,4,4,46,Missed Shot,Jump Shot,3PT Field Goal,Above the Break 3,Right Side Center(RC),24+ ft.,24,218,101,1,0,20251121,DAL,NOP,25940,0,1629023|1629655|1630230|1631108|1642843,0,REG,2026,1610612742,,,,,
22500052714,,Shot Chart Detail,22500052,714,1631108,Max Christie,1610612742,Dallas Mavericks,4,2,40,Made Shot,Running Finger Roll Layup Shot,2PT Field Goal,Restricted Area,Center(C),Less Than 8 ft.,1,-15,7,1,1,20251121,DAL,NOP,27200,0,1629023|1630230|1631108|1641726|1642843,1,REG,2026,1610612742,,,,,
22500052718,,Shot Chart Detail,22500052,718,1642843,Cooper Flagg,1610612742,Dallas Mavericks,4,2,12,Made Shot,Driving Floating Bank Jump Shot,2PT Field Goal,In The Paint (Non-RA),Center(C),Less Than 8 ft.,7,-17,73,1,1,20251121,DAL,NOP,27480,0,1629023|1630230|1631108|1641726|1642843,0,REG,2026,1610612742,,,,,
22500052735,,Shot Chart Detail,22500052,735,1642843,Cooper Flagg,1610612742,Dallas Mavericks,4,1,19,Made Shot,Turnaround Bank shot,2PT Field Goal,Mid-Range,Right Side(R),8-16 ft.,10,96,44,1,1,20251121,DAL,NOP,28010,0,1629023|1630230|1631108|1641726|1642843,0,REG,2026,1610612742,,,,,
22500052742,,Shot Chart Detail,22500052,742,1630230,Naji Marshall,1610612742,Dallas Mavericks,4,0,31,Made Shot,Jump Shot,3PT Field Goal,Above the Break 3,Center(C),24+ ft.,26,1,265,1,1,20251121,DAL,NOP,28490,0,1629023|1630230|1631108|1641726|1642843,1,REG,2026,1610612742,,,,,
2250009615,,Shot Chart Detail,22500096,15,1629023,P.J. Washington,1610612742,Dallas Mavericks,1,11,17,Made Shot,Pullup Jump shot,2PT Field Goal,In The Paint (Non-RA),Center(C),8-16 ft.,14,-61,131,1,1,20251024,DAL,WAS,430,0,202691|203076|1629023|1641726|1642843,1,REG,2026,1610612742,,,,,
2250009619,,Shot Chart Detail,22500096,19,202691,Klay Thompson,1610612742,Dallas Mavericks,1,10,42,Missed Shot,Jump Shot,3PT Field Goal,Above the Break 3,Right Side Center(RC),24+ ft.,25,124,222,1,0,20251024,DAL,WAS,780,0,202691|203076|1629023|1641726|1642843,0,REG,2026,1610612742,,,,,
2250009621,,Shot Chart Detail,22500096,21,1629023,P.J. Washington,1610612742,Dallas Mavericks,1,10,28,Made Shot,Driving Layup Shot,2PT Field Goal,Restricted Area,Center(C),Less Than 8 ft.,2,21,17,1,1,20251024,DAL,WAS,920,0,202691|203076|1629023|1641726|1642843,1,REG,2026,1610612742,,,,,
2250009625,,Shot Chart Detail,22500096,25,1641726,Dereck Lively II,1610612742,Dallas Mavericks,1,10,2,Missed Shot,Running Layup Shot,2PT Field Goal,Restricted Area,Center(C),Less Than 8 ft.,1,-1,10,1,0,20251024,DAL,WAS,1180,0,202691|203076|1629023|1641726|1642843,0,REG,2026,1610612742,,,,,
2250009627,,Shot Chart Detail,22500096,27,203076,Anthony Davis,1610612742,Dallas Mavericks,1,9,58,Missed Shot,Putback Layup Shot,2PT Field Goal,Restricted Area,Center(C),Less Than 8 ft.,0,0,0,1,0,20251024,DAL,WAS,1220,0,202691|203076|1629023|1641726|1642843,0,REG,2026,1610612742,,,,,
2250009630,,Shot Chart Detail,22500096,30,1629023,P.J. Washington,1610612742,Dallas Mavericks,1,9,55,Missed Shot,Jump Shot,3PT Field Goal,Above the Break 3,Right Side Center(RC),24+ ft.,24,174,179,1,0,20251024,DAL,WAS,1250,0,202691|203076|1629023|1641726|1642843,0,REG,2026,1610612742,,,,,
2250009648,,Shot Chart Detail,22500096,48,1641726,Dereck Lively II,1610612742,Dallas Mavericks,1,8,52,Made Shot,Alley Oop Dunk Shot,2PT Field Goal,Restricted Area,Center(C),Less Than 8 ft.,1,0,12,1,1,20251024,DAL,WAS,1880,0,202691|203076|1629023|1641726|1642843,1,REG,2026,1610612742,,,,,
2250009655,,Shot Chart Detail,22500096,55,1642843,Cooper Flagg,1610612742,Dallas Mavericks,1,8,2,Made Shot,Running Pull-Up Jump Shot,3PT Field Goal,Above the Break 3,Right Side Center(RC),24+ ft.,25,178,185,1,1,20251024,DAL,WAS,2380,0,202691|203076|1629023|1641726|1642843,0,REG,2026,1610612742,,,,,
2250009663,,Shot Chart Detail,22500096,63,1631108,Max Christie,1610612742,Dallas Mavericks,1,7,23,Missed Shot,Jump Shot,3PT Field Goal,Above the Break 3,Left Side Center(LC),24+ ft.,25,-196,162,1,0,20251024,DAL,WAS,2770,0,202691|203076|1629023|1631108|1642843,0,REG,2026,1610612742,,,,,
2250009667,,Shot Chart Detail,22500096,67,202691,Klay Thompson,1610612742,Dallas Mavericks,1,6,58,Made Shot,Running Jump Shot,3PT Field Goal,Above the Break 3,Right Side Center(RC),24+ ft.,26,195,183,1,1,20251024,DAL,WAS,3020,0,202691|203076|1629023|1631108|1642843,1,REG,2026,1610612742,,,,,
2250009693,,Shot Chart Detail,22500096,93,203076,Anthony Davis,1610612742,Dallas Mavericks,1,5,46,Missed Shot,Step Back Jump shot,3PT Field Goal,Above the Break 3,Left Side Center(LC),24+ ft.,26,-192,178,1,0,20251024,DAL,WAS,3740,0,203076|1626156|1629023|1630230|1631108,0,REG,2026,1610612742,,,,,
2250009697,,Shot Chart Detail,22500096,97,1631108,Max Christie,1610612742,Dallas Mavericks,1,5,20,Missed Shot,Jump Shot,3PT Field Goal,Above the Break 3,Center(C),24+ ft.,26,-67,259,1,0,20251024,DAL,WAS,4000,0,203076|1626156|1629023|1630230|1631108,0,REG,2026,1610612742,,,,,
2250009699,,Shot Chart Detail,22500096,99,203076,Anthony Davis,1610612742,Dallas Mavericks,1,5,14,Made Shot,Alley Oop Dunk Shot,2PT Field Goal,Restricted Area,Center(C),Less Than 8 ft.,2,-21,1,1,1,20251024,DAL,WAS,4060,0,203076|1626156|1629023|1630230|1631108,1,REG,2026,1610612742,,,,,
22500096103,,Shot Chart Detail,22500096,103,1629023,P.J. Washington,1610612742,Dallas Mavericks,1,4,43,Missed Shot,Jump Shot,3PT Field Goal,Above the Break 3,Left Side Center(LC),24+ ft.,25,-113,233,1,0,20251024,DAL,WAS,4370,0,203076|1626156|1629023|1630230|1631108,0,REG,2026,1610612742,,,,,
22500096119,,Shot Chart Detail,22500096,119,203076,Anthony Davis,1610612742,Dallas Mavericks,1,4,19,Made Shot,Hook Shot,2PT Field Goal,In The Paint (Non-RA),Center(C),8-16 ft.,10,-22,99,1,1,20251024,DAL,WAS,4610,0,203076|1626156|1629023|1630230|1631108,0,REG,2026,1610612742,,,,,
22500096124,,Shot Chart Detail,22500096,124,1631108,Max Christie,1610612742,Dallas Mavericks,1,3,39,Made Shot,Jump Shot,3PT Field Goal,Left Corner 3,Left Side(L),24+ ft.,23,-233,-4,1,1,20251024,DAL,WAS,5010,0,203076|1626156|1629023|1630230|1631108,1,REG,2026,1610612742,,,,,
22500096131,,Shot Chart Detail,22500096,131,1626156,D'Angelo Russell,1610612742,Dallas Mavericks,1,3,11,Missed Shot,Driving Floating Jump Shot,2PT Field Goal,In The Paint (Non-RA),Center(C),8-16 ft.,12,10,121,1,0,20251024,DAL,WAS,5290,0,203076|1626156|1629023|1630230|1631108,0,REG,2026,1610612742,,,,,
22500096139,,Shot Chart Detail,22500096,139,203076,Anthony Davis,1610612742,Dallas Mavericks,1,2,31,Made Shot,Turnaround Fadeaway shot,2PT Field Goal,Mid-Range,Right Side(R),8-16 ft.,9,94,-1,1,1,20251024,DAL,WAS,5690,0,203076|1626156|1629023|1630230|1631108,0,REG,2026,1610612742,,,,,
22500096148,,Shot Chart Detail,22500096,148,1641726,Dereck Lively II,1610612742,Dallas Mavericks,1,2,0,Made Shot,Alley Oop Dunk Shot,2PT Field Goal,Restricted Area,Center(C),Less Than 8 ft.,1,2,17,1,1,20251024,DAL,WAS,6000,0,1626156|1630230|1631108|1641726|1642843,1,REG,2026,1610612742,,,,,
22500096152,,Shot Chart Detail,22500096,152,1626156,D'Angelo Russell,1610612742,Dallas Mavericks,1,1,36,Missed Shot,Jump Shot,3PT Field Goal,Above the Break 3,Center(C),24+ ft.,27,-50,274,1,0,20251024,DAL,WAS,6240,0,1626156|1630230|1631108|1641726|1642843,0,REG,2026,1610612742,,,,,
22500096158,,Shot Chart Detail,22500096,158,1641726,Dereck Lively II,1610612742,Dallas Mavericks,1,0,57,Made Shot,Cutting Layup Shot,2PT Field Goal,Restricted Area,Center(C),Less Than 8 ft.,3,15,27,1,1,20251024,DAL,WAS,6630,0,1626156|1630230|1631108|1641726|1642843,0,REG,2026,1610612742,,,,,
22500096162,,Shot Chart Detail,22500096,162,1642843,Cooper Flagg,1610612742,Dallas Mavericks,1,0,40,Missed Shot,Driving Floating Jump Shot,2PT Field Goal,In The Paint (Non-RA),Center(C),8-16 ft.,12,32,120,1,0,20251024,DAL,WAS,6800,0,1626156|1630230|1631108|1641726|1642843,0,REG,2026,1610612742,,,,,
22500096173,,Shot Chart Detail,22500096,173,1631108,Max Christie,1610612742,Dallas Mavericks,1,0,3,Made Shot,Jump Shot,3PT Field Goal,Left Corner 3,Left Side(L),24+ ft.,23,-233,11,1,1,20251024,DAL,WAS,7170,0,1630230|1631108|1641726|1642843|1642948,1,REG,2026,1610612742,,,,,
22500096186,,Shot Chart Detail,22500096,186,1630230,Naji Marshall,1610612742,Dallas Mavericks,2,11,25,Missed Shot,Jump Shot,3PT Field Goal,Left Corner 3,Left Side(L),24+ ft.,23,-228,39,1,0,20251024,DAL,WAS,7550,0,202691|1630230|1641726|1642843|1642948,0,REG,2026,1610612742,,,,,
22500096198,,Shot Chart Detail,22500096,198,202691,Klay Thompson,1610612742,Dallas Mavericks,2,10,37,Missed Shot,Jump Shot,3PT Field Goal,Above the Break 3,Center(C),24+ ft.,25,5,253,1,0,20251024,DAL,WAS,8030,0,202691|1630230|1641726|1642843|1642948,0,REG,2026,1610612742,,,,,
22500096202,,Shot Chart Detail,22500096,202,1642843,Cooper Flagg,1610612742,Dallas Mavericks,2,10,11,Missed Shot,Jump Shot,3PT Field Goal,Above the Break 3,Right Side Center(RC),24+ ft.,24,115,220,1,0,20251024,DAL,WAS,8290,0,202691|1630230|1641726|1642843|1642948,0,REG,2026,1610612742,,,,,
22500096206,,Shot Chart Detail,22500096,206,1642843,Cooper Flagg,1610612742,Dallas Mavericks,2,9,53,Missed Shot,Layup Shot,2PT Field Goal,Restricted Area,Center(C),Less Than 8 ft.,2,2,20,1,0,20251024,DAL,WAS,8470,0,202691|1630230|1641726|1642843|1642948,0,REG,2026,1610612742,,,,,
22500096208,,Shot Chart Detail,22500096,208,1642843,Cooper Flagg,1610612742,Dallas Mavericks,2,9,47,Missed Shot,Jump Shot,3PT Field Goal,Right Corner 3,Right Side(R),24+ ft.,22,225,31,1,0,20251024,DAL,WAS,8530,0,202691|1630230|1641726|1642843|1642948,0,REG,2026,1610612742,,,,,
22500096215,,Shot Chart Detail,22500096,215,1642948,Ryan Nembhard,1610612742,Dallas Mavericks,2,9,25,Missed Shot,Driving Layup Shot,2PT Field Goal,Restricted Area,Center(C),Less Than 8 ft.,3,-11,34,1,0,20251024,DAL,WAS,8750,0,202691|1629023|1641726|1642843|1642948,0,REG,2026,1610612742,,,,,
22500096231,,Shot Chart Detail,22500096,231,202691,Klay Thompson,1610612742,Dallas Mavericks,2,8,44,Missed Shot,Jump Shot,3PT Field Goal,Above the Break 3,Left Side Center(LC),24+ ft.,25,-214,134,1,0,20251024,DAL,WAS,9160,0,202691|203076|1629023|1642843|1642948,0,REG,2026,1610612742,,,,,
22500096235,,Shot Chart Detail,22500096,235,1642948,Ryan Nembhard,1610612742,Dallas Mavericks,2,8,23,Missed Shot,Jump Shot,3PT Field Goal,Above the Break 3,Left Side Center(LC),24+ ft.,25,-212,149,1,0,20251024,DAL,WAS,9370,0,202691|203076|1629023|1642843|1642948,0,REG,2026,1610612742,,,,,
22500096238,,Shot Chart Detail,22500096,238,203076,Anthony Davis,1610612742,Dallas Mavericks,2,7,55,Missed Shot,Floating Jump shot,2PT Field Goal,Mid-Range,Right Side(R),8-16 ft.,11,114,5,1,0,20251024,DAL,WAS,9650,0,202691|203076|1629023|1642843|1642948,0,REG,2026,1610612742,,,,,
22500096258,,Shot Chart Detail,22500096,258,203076,Anthony Davis,1610612742,Dallas Mavericks,2,7,1,Made Shot,Running Finger Roll Layup Shot,2PT Field Goal,Restricted Area,Center(C),Less Than 8 ft.,1,-7,13,1,1,20251024,DAL,WAS,10190,0,202691|203076|1626156|1629023|1631108,1,REG,2026,1610612742,,,,,
22500096265,,Shot Chart Detail,22500096,265,1626156,D'Angelo Russell,1610612742,Dallas Mavericks,2,6,30,Missed Shot,Driving Layup Shot,2PT Field Goal,Restricted Area,Center(C),Less Than 8 ft.,1,-2,15,1,0,20251024,DAL,WAS,10500,0,202691|203076|1626156|1629023|1631108,0,REG,2026,1610612742,,,,,
22500096283,,Shot Chart Detail,22500096,283,1630230,Naji Marshall,1610612742,Dallas Mavericks,2,5,49,Missed Shot,Reverse Layup Shot,2PT Field Goal,Restricted Area,Center(C),Less Than 8 ft.,2,-4,20,1,0,20251024,DAL,WAS,10910,0,203076|1626156|1629023|1630230|1631108,0,REG,2026,1610612742,,,,,
22500096287,,Shot Chart Detail,22500096,287,1629023,P.J. Washington,1610612742,Dallas Mavericks,2,5,31,Made Shot,Running Dunk Shot,2PT Field Goal,Restricted Area,Center(C),Less Than 8 ft.,2,-16,15,1,1,20251024,DAL,WAS,11090,0,203076|1626156|1629023|1630230|1631108,1,REG,2026,1610612742,,,,,
22500096291,,Shot Chart Detail,22500096,291,203076,Anthony Davis,1610612742,Dallas Mavericks,2,5,7,Missed Shot,Driving Layup Shot,2PT Field Goal,Restricted Area,Center(C),Less Than 8 ft.,3,-15,31,1,0,20251024,DAL,WAS,11330,0,203076|1626156|1629023|1630230|1631108,0,REG,2026,1610612742,,,,,
22500096311,,Shot Chart Detail,22500096,311,203076,Anthony Davis,1610612742,Dallas Mavericks,2,4,20,Missed Shot,Driving Hook Shot,2PT Field Goal,In The Paint (Non-RA),Center(C),8-16 ft.,9,13,92,1,0,20251024,DAL,WAS,11800,0,203076|1629023|1630230|1630314|1631108,0,REG,2026,1610612742,,,,,
22500096313,,Shot Chart Detail,22500096,313,1629023,P.J. Washington,1610612742,Dallas Mavericks,2,4,16,Made Shot,Tip Dunk Shot,2PT Field Goal,Restricted Area,Center(C),Less Than 8 ft.,0,0,0,1,1,20251024,DAL,WAS,11840,0,203076|1629023|1630230|1630314|1631108,0,REG,2026,1610612742,,,,,
22500096325,,Shot Chart Detail,22500096,325,203076,Anthony Davis,1610612742,Dallas Mavericks,2,3,47,Made Shot,Layup Shot,2PT Field Goal,Restricted Area,Center(C),Less Than 8 ft.,2,12,23,1,1,20251024,DAL,WAS,12130,0,203076|1629023|1630314|1631108|1642843,0,REG,2026,1610612742,,,,,
22500096330,,Shot Chart Detail,22500096,330,203076,Anthony Davis,1610612742,Dallas Mavericks,2,3,15,Missed Shot,Jump Shot,3PT Field Goal,Above the Break 3,Right Side Center(RC),24+ ft.,25,197,160,1,0,20251024,DAL,WAS,12450,0,203076|1629023|1630314|1631108|1642843,0,REG,2026,1610612742,,,,,
22500096334,,Shot Chart Detail,22500096,334,1629023,P.J. Washington,1610612742,Dallas Mavericks,2,2,55,Made Shot,Jump Shot,3PT Field Goal,Above the Break 3,Center(C),24+ ft.,25,1,253,1,1,20251024,DAL,WAS,12650,0,203076|1629023|1630314|1631108|1642843,1,REG,2026,1610612742,,,,,
22500096338,,Shot Chart Detail,22500096,338,1630314,Brandon Williams,1610612742,Dallas Mavericks,2,2,26,Missed Shot,Driving Floating Bank Jump Shot,2PT Field Goal,Mid-Range,Left Side(L),8-16 ft.,10,-89,50,1,0,20251024,DAL,WAS,12940,0,203076|1629023|1630314|1631108|1642843,0,REG,2026,1610612742,,,,,
22500096342,,Shot Chart Detail,22500096,342,1642843,Cooper Flagg,1610612742,Dallas Mavericks,2,1,54,Made Shot,Driving Dunk Shot,2PT Field Goal,Restricted Area,Center(C),Less Than 8 ft.,1,-14,14,1,1,20251024,DAL,WAS,13260,0,203076|1629023|1630314|1631108|1642843,0,REG,2026,1610612742,,,,,
22500096345,,Shot Chart Detail,22500096,345,203076,Anthony Davis,1610612742,Dallas Mavericks,2,1,30,Made Shot,Driving Floating Jump Shot,2PT Field Goal,In The Paint (Non-RA),Left Side(L),8-16 ft.,9,-47,80,1,1,20251024,DAL,WAS,13500,0,203076|1629023|1630314|1631108|1642843,1,REG,2026,1610612742,,,,,
22500096367,,Shot Chart Detail,22500096,367,202691,Klay Thompson,1610612742,Dallas Mavericks,2,0,5,Missed Shot,Jump Shot,3PT Field Goal,Above the Break 3,Right Side Center(RC),24+ ft.,25,129,216,1,0,20251024,DAL,WAS,14350,0,202691|203076|1629023|1631108|1642843,0,REG,2026,1610612742,,,,,
22500096379,,Shot Chart Detail,22500096,379,1629023,P.J. Washington,1610612742,Dallas Mavericks,3,11,29,Missed Shot,Cutting Layup Shot,2PT Field Goal,Restricted Area,Center(C),Less Than 8 ft.,3,18,35,1,0,20251024,DAL,WAS,14710,0,202691|203076|1629023|1641726|1642843,0,REG,2026,1610612742,,,,,
22500096386,,Shot Chart Detail,22500096,386,1642843,Cooper Flagg,1610612742,Dallas Mavericks,3,10,57,Missed Shot,Pullup Jump shot,2PT Field Goal,Mid-Range,Left Side Center(LC),16-24 ft.,19,-147,130,1,0,20251024,DAL,WAS,15030,0,202691|203076|1629023|1641726|1642843,0,REG,2026,1610612742,,,,,
22500096390,,Shot Chart Detail,22500096,390,1642843,Cooper Flagg,1610612742,Dallas Mavericks,3,10,34,Made Shot,Driving Reverse Layup Shot,2PT Field Goal,Restricted Area,Center(C),Less Than 8 ft.,2,-23,8,1,1,20251024,DAL,WAS,15260,0,202691|203076|1629023|1641726|1642843,0,REG,2026,1610612742,,,,,
22500096393,,Shot Chart Detail,22500096,393,1629023,P.J. Washington,1610612742,Dallas Mavericks,3,10,8,Made Shot,Driving Floating Bank Jump Shot,2PT Field Goal,In The Paint (Non-RA),Center(C),Less Than 8 ft.,4,25,36,1,1,20251024,DAL,WAS,15520,0,202691|203076|1629023|1641726|1642843,0,REG,2026,1610612742,,,,,
22500096399,,Shot Chart Detail,22500096,399,1629023,P.J. Washington,1610612742,Dallas Mavericks,3,9,7,Missed Shot,Turnaround Jump Shot,2PT Field Goal,In The Paint (Non-RA),Center(C),Less Than 8 ft.,6,56,34,1,0,20251024,DAL,WAS,16130,0,202691|203076|1629023|1641726|1642843,0,REG,2026,1610612742,,,,,
22500096410,,Shot Chart Detail,22500096,410,202691,Klay Thompson,1610612742,Dallas Mavericks,3,8,44,Made Shot,Pullup Jump shot,2PT Field Goal,Mid-Range,Right Side Center(RC),16-24 ft.,20,138,147,1,1,20251024,DAL,WAS,16360,0,202691|203076|1629023|1641726|1642843,0,REG,2026,1610612742,,,,,
22500096415,,Shot Chart Detail,22500096,415,203076,Anthony Davis,1610612742,Dallas Mavericks,3,8,12,Missed Shot,Jump Shot,3PT Field Goal,Left Corner 3,Left Side(L),24+ ft.,23,-233,-20,1,0,20251024,DAL,WAS,16680,0,202691|203076|1629023|1641726|1642843,0,REG,2026,1610612742,,,,,
22500096419,,Shot Chart Detail,22500096,419,202691,Klay Thompson,1610612742,Dallas Mavericks,3,7,54,Missed Shot,Running Jump Shot,3PT Field Goal,Above the Break 3,Left Side Center(LC),24+ ft.,25,-234,100,1,0,20251024,DAL,WAS,16860,0,202691|203076|1629023|1641726|1642843,0,REG,2026,1610612742,,,,,
22500096428,,Shot Chart Detail,22500096,428,1642843,Cooper Flagg,1610612742,Dallas Mavericks,3,7,21,Missed Shot,Driving Reverse Layup Shot,2PT Field Goal,Restricted Area,Center(C),Less Than 8 ft.,3,21,24,1,0,20251024,DAL,WAS,17190,0,202691|203076|1629023|1631108|1642843,0,REG,2026,1610612742,,,,,
22500096437,,Shot Chart Detail,22500096,437,1630702,Jaden Hardy,1610612742,Dallas Mavericks,3,6,53,Missed Shot,Driving Finger Roll Layup Shot,2PT Field Goal,Restricted Area,Center(C),Less Than 8 ft.,1,-17,10,1,0,20251024,DAL,WAS,17470,0,203076|1629023|1630702|1631108|1642948,0,REG,2026,1610612742,,,,,
22500096441,,Shot Chart Detail,22500096,441,1630702,Jaden Hardy,1610612742,Dallas Mavericks,3,6,46,Made Shot,Jump Shot,3PT Field Goal,Above the Break 3,Left Side Center(LC),24+ ft.,24,-197,151,1,1,20251024,DAL,WAS,17540,0,203076|1629023|1630702|1631108|1642948,1,REG,2026,1610612742,,,,,
22500096447,,Shot Chart Detail,22500096,447,1630702,Jaden Hardy,1610612742,Dallas Mavericks,3,6,11,Missed Shot,Jump Shot,3PT Field Goal,Above the Break 3,Left Side Center(LC),24+ ft.,24,-217,120,1,0,20251024,DAL,WAS,17890,0,203076|1629023|1630702|1631108|1642948,0,REG,2026,1610612742,,,,,
22500096449,,Shot Chart Detail,22500096,449,203076,Anthony Davis,1610612742,Dallas Mavericks,3,6,8,Missed Shot,Putback Dunk Shot,2PT Field Goal,Restricted Area,Center(C),Less Than 8 ft.,1,-11,16,1,0,20251024,DAL,WAS,17920,0,203076|1629023|1630702|1631108|1642948,0,REG,2026,1610612742,,,,,
22500096454,,Shot Chart Detail,22500096,454,1642948,Ryan Nembhard,1610612742,Dallas Mavericks,3,5,32,Made Shot,Pullup Jump shot,2PT Field Goal,In The Paint (Non-RA),Center(C),8-16 ft.,12,-56,113,1,1,20251024,DAL,WAS,18280,0,203076|1629023|1630702|1631108|1642948,0,REG,2026,1610612742,,,,,
22500096461,,Shot Chart Detail,22500096,461,203076,Anthony Davis,1610612742,Dallas Mavericks,3,5,6,Missed Shot,Turnaround Hook Shot,2PT Field Goal,Restricted Area,Center(C),Less Than 8 ft.,3,-27,25,1,0,20251024,DAL,WAS,18540,0,203076|1629023|1630702|1631108|1642948,0,REG,2026,1610612742,,,,,
22500096466,,Shot Chart Detail,22500096,466,1630702,Jaden Hardy,1610612742,Dallas Mavericks,3,4,57,Made Shot,Driving Floating Bank Jump Shot,2PT Field Goal,In The Paint (Non-RA),Center(C),Less Than 8 ft.,6,27,58,1,1,20251024,DAL,WAS,18630,0,203076|1629023|1630702|1631108|1642948,0,REG,2026,1610612742,,,,,
22500096472,,Shot Chart Detail,22500096,472,1630702,Jaden Hardy,1610612742,Dallas Mavericks,3,4,32,Missed Shot,Step Back Jump shot,3PT Field Goal,Above the Break 3,Left Side Center(LC),24+ ft.,25,-230,109,1,0,20251024,DAL,WAS,18880,0,203076|1629023|1630702|1631108|1642948,0,REG,2026,1610612742,,,,,
22500096485,,Shot Chart Detail,22500096,485,1642948,Ryan Nembhard,1610612742,Dallas Mavericks,3,3,58,Missed Shot,Driving Finger Roll Layup Shot,2PT Field Goal,In The Paint (Non-RA),Center(C),Less Than 8 ft.,6,44,48,1,0,20251024,DAL,WAS,19220,0,1629023|1630230|1630702|1631108|1642948,0,REG,2026,1610612742,,,,,
22500096488,,Shot Chart Detail,22500096,488,1630702,Jaden Hardy,1610612742,Dallas Mavericks,3,3,29,Made Shot,Jump Shot,3PT Field Goal,Above the Break 3,Right Side Center(RC),24+ ft.,25,104,235,1,1,20251024,DAL,WAS,19510,0,1629023|1630230|1630702|1631108|1642948,1,REG,2026,1610612742,,,,,
22500096495,,Shot Chart Detail,22500096,495,1629023,P.J. Washington,1610612742,Dallas Mavericks,3,2,54,Missed Shot,Jump Shot,3PT Field Goal,Above the Break 3,Center(C),24+ ft.,25,-76,243,1,0,20251024,DAL,WAS,19860,0,1629023|1630230|1630702|1631108|1642948,0,REG,2026,1610612742,,,,,
22500096513,,Shot Chart Detail,22500096,513,203076,Anthony Davis,1610612742,Dallas Mavericks,3,1,55,Made Shot,Alley Oop Dunk Shot,2PT Field Goal,Restricted Area,Center(C),Less Than 8 ft.,2,15,20,1,1,20251024,DAL,WAS,20450,0,203076|1630230|1630314|1630702|1642843,1,REG,2026,1610612742,,,,,
22500096517,,Shot Chart Detail,22500096,517,203076,Anthony Davis,1610612742,Dallas Mavericks,3,1,34,Made Shot,Jump Shot,2PT Field Goal,Mid-Range,Left Side Center(LC),16-24 ft.,17,-92,145,1,1,20251024,DAL,WAS,20660,0,203076|1630230|1630314|1630702|1642843,1,REG,2026,1610612742,,,,,
22500096524,,Shot Chart Detail,22500096,524,1630230,Naji Marshall,1610612742,Dallas Mavericks,3,1,11,Missed Shot,Driving Floating Jump Shot,2PT Field Goal,Restricted Area,Center(C),Less Than 8 ft.,3,-6,32,1,0,20251024,DAL,WAS,20890,0,203076|1630230|1630314|1630702|1642843,0,REG,2026,1610612742,,,,,
22500096526,,Shot Chart Detail,22500096,526,203076,Anthony Davis,1610612742,Dallas Mavericks,3,1,8,Made Shot,Tip Layup Shot,2PT Field Goal,Restricted Area,Center(C),Less Than 8 ft.,0,0,0,1,1,20251024,DAL,WAS,20920,0,203076|1630230|1630314|1630702|1642843,0,REG,2026,1610612742,,,,,
22500096533,,Shot Chart Detail,22500096,533,1630314,Brandon Williams,1610612742,Dallas Mavericks,3,0,47,Missed Shot,Driving Layup Shot,2PT Field Goal,Restricted Area,Center(C),Less Than 8 ft.,2,12,18,1,0,20251024,DAL,WAS,21130,0,203076|1630230|1630314|1630702|1642843,0,REG,2026,1610612742,,,,,
22500096538,,Shot Chart Detail,22500096,538,1630702,Jaden Hardy,1610612742,Dallas Mavericks,3,0,21,Missed Shot,Jump Shot,3PT Field Goal,Above the Break 3,Left Side Center(LC),24+ ft.,25,-192,172,1,0,20251024,DAL,WAS,21390,0,203076|1630230|1630314|1630702|1642843,0,REG,2026,1610612742,,,,,
22500096548,,Shot Chart Detail,22500096,548,1630230,Naji Marshall,1610612742,Dallas Mavericks,4,11,41,Missed Shot,Driving Layup Shot,2PT Field Goal,Restricted Area,Center(C),Less Than 8 ft.,3,-33,21,1,0,20251024,DAL,WAS,21790,0,1629023|1630230|1631108|1641726|1642843,0,REG,2026,1610612742,,,,,
22500096561,,Shot Chart Detail,22500096,561,1629023,P.J. Washington,1610612742,Dallas Mavericks,4,10,50,Made Shot,Jump Shot,3PT Field Goal,Left Corner 3,Left Side(L),24+ ft.,23,-233,-26,1,1,20251024,DAL,WAS,22300,0,1629023|1630230|1631108|1641726|1642843,1,REG,2026,1610612742,,,,,
22500096570,,Shot Chart Detail,22500096,570,1631108,Max Christie,1610612742,Dallas Mavericks,4,9,58,Made Shot,Jump Shot,3PT Field Goal,Above the Break 3,Right Side Center(RC),24+ ft.,25,192,162,1,1,20251024,DAL,WAS,22820,0,1629023|1630230|1631108|1641726|1642843,1,REG,2026,1610612742,,,,,
22500096575,,Shot Chart Detail,22500096,575,1631108,Max Christie,1610612742,Dallas Mavericks,4,9,21,Missed Shot,Jump Shot,3PT Field Goal,Left Corner 3,Left Side(L),24+ ft.,23,-235,-8,1,0,20251024,DAL,WAS,23190,0,1629023|1630230|1631108|1641726|1642843,0,REG,2026,1610612742,,,,,
22500096579,,Shot Chart Detail,22500096,579,1641726,Dereck Lively II,1610612742,Dallas Mavericks,4,9,4,Made Shot,Turnaround Hook Shot,2PT Field Goal,In The Paint (Non-RA),Left Side(L),8-16 ft.,8,-68,45,1,1,20251024,DAL,WAS,23360,0,1629023|1630230|1631108|1641726|1642843,1,REG,2026,1610612742,,,,,
22500096591,,Shot Chart Detail,22500096,591,1629023,P.J. Washington,1610612742,Dallas Mavericks,4,8,25,Made Shot,Driving Layup Shot,2PT Field Goal,In The Paint (Non-RA),Center(C),Less Than 8 ft.,4,17,41,1,1,20251024,DAL,WAS,23750,0,203076|1629023|1630230|1631108|1642843,1,REG,2026,1610612742,,,,,
22500096630,,Shot Chart Detail,22500096,630,1642843,Cooper Flagg,1610612742,Dallas Mavericks,4,6,40,Made Shot,Driving Dunk Shot,2PT Field Goal,Restricted Area,Center(C),Less Than 8 ft.,1,-2,10,1,1,20251024,DAL,WAS,24800,0,203076|1630230|1630702|1641726|1642843,1,REG,2026,1610612742,,,,,
22500096642,,Shot Chart Detail,22500096,642,1642843,Cooper Flagg,1610612742,Dallas Mavericks,4,6,19,Made Shot,Pullup Jump shot,2PT Field Goal,Mid-Range,Center(C),16-24 ft.,21,29,215,1,1,20251024,DAL,WAS,25010,0,203076|1629023|1630702|1641726|1642843,0,REG,2026,1610612742,,,,,
22500096646,,Shot Chart Detail,22500096,646,1642843,Cooper Flagg,1610612742,Dallas Mavericks,4,5,42,Missed Shot,Driving Layup Shot,2PT Field Goal,Restricted Area,Center(C),Less Than 8 ft.,3,14,29,1,0,20251024,DAL,WAS,25380,0,203076|1629023|1630702|1641726|1642843,0,REG,2026,1610612742,,,,,
22500096650,,Shot Chart Detail,22500096,650,1629023,P.J. Washington,1610612742,Dallas Mavericks,4,5,36,Missed Shot,Floating Jump shot,2PT Field Goal,In The Paint (Non-RA),Center(C),8-16 ft.,12,-41,115,1,0,20251024,DAL,WAS,25440,0,203076|1629023|1630702|1641726|1642843,0,REG,2026,1610612742,,,,,
22500096684,,Shot Chart Detail,22500096,684,1642843,Cooper Flagg,1610612742,Dallas Mavericks,4,4,0,Made Shot,Pullup Jump shot,3PT Field Goal,Above the Break 3,Left Side Center(LC),24+ ft.,24,-203,141,1,1,20251024,DAL,WAS,26400,0,203076|1629023|1630230|1631108|1642843,1,REG,2026,1610612742,,,,,
22500096706,,Shot Chart Detail,22500096,706,203076,Anthony Davis,1610612742,Dallas Mavericks,4,1,46,Missed Shot,Jump Shot,3PT Field Goal,Above the Break 3,Right Side Center(RC),24+ ft.,27,161,227,1,0,20251024,DAL,WAS,27740,0,203076|1629023|1630230|1631108|1642843,0,REG,2026,1610612742,,,,,
22500096712,,Shot Chart Detail,22500096,712,1630230,Naji Marshall,1610612742,Dallas Mavericks,4,1,12,Made Shot,Running Reverse Layup Shot,2PT Field Goal,Restricted Area,Center(C),Less Than 8 ft.,1,-2,13,1,1,20251024,DAL,WAS,28080,0,203076|1629023|1630230|1631108|1642843,0,REG,2026,1610612742,,,,,
22500096717,,Shot Chart Detail,22500096,717,1631108,Max Christie,1610612742,Dallas Mavericks,4,0,51,Missed Shot,Driving Layup Shot,2PT Field Goal,Restricted Area,Center(C),Less Than 8 ft.,2,-23,17,1,0,20251024,DAL,WAS,28290,0,203076|1629023|1630230|1631108|1642843,0,REG,2026,1610612742,,,,,
22500096724,,Shot Chart Detail,22500096,724,1642843,Cooper Flagg,1610612742,Dallas Mavericks,4,0,37,Missed Shot,Pullup Jump shot,3PT Field Goal,Above the Break 3,Right Side Center(RC),24+ ft.,25,174,180,1,0,20251024,DAL,WAS,28430,0,203076|1629023|1630230|1631108|1642843,0,REG,2026,1610612742,,,,,
22500096728,,Shot Chart Detail,22500096,728,1630230,Naji Marshall,1610612742,Dallas Mavericks,4,0,19,Made Shot,Running Dunk Shot,2PT Field Goal,Restricted Area,Center(C),Less Than 8 ft.,1,4,13,1,1,20251024,DAL,WAS,28610,0,203076|1629023|1630230|1631108|1642843,1,REG,2026,1610612742,,,,,
2250011112,,Shot Chart Detail,22500111,12,202691,Klay Thompson,1610612742,Dallas Mavericks,1,11,16,Made Shot,Jump Shot,3PT Field Goal,Above the Break 3,Right Side Center(RC),24+ ft.,25,197,161,1,1,20251026,DAL,TOR,440,0,202691|203076|1629023|1641726|1642843,1,REG,2026,1610612742,,,,,
2250011117,,Shot Chart Detail,22500111,17,1629023,P.J. Washington,1610612742,Dallas Mavericks,1,10,58,Made Shot,Running Alley Oop Dunk Shot,2PT Field Goal,Restricted Area,Center(C),Less Than 8 ft.,1,0,10,1,1,20251026,DAL,TOR,620,0,202691|203076|1629023|1641726|1642843,1,REG,2026,1610612742,,,,,
2250011125,,Shot Chart Detail,22500111,25,1629023,P.J. Washington,1610612742,Dallas Mavericks,1,10,20,Made Shot,Turnaround Jump Shot,2PT Field Goal,In The Paint (Non-RA),Center(C),Less Than 8 ft.,7,23,74,1,1,20251026,DAL,TOR,1000,0,202691|203076|1629023|1641726|1642843,0,REG,2026,1610612742,,,,,
2250011131,,Shot Chart Detail,22500111,31,1629023,P.J. Washington,1610612742,Dallas Mavericks,1,9,13,Missed Shot,Jump Shot,3PT Field Goal,Left Corner 3,Left Side(L),24+ ft.,22,-221,53,1,0,20251026,DAL,TOR,1670,0,202691|203076|1629023|1641726|1642843,0,REG,2026,1610612742,,,,,
2250011135,,Shot Chart Detail,22500111,35,1642843,Cooper Flagg,1610612742,Dallas Mavericks,1,8,59,Made Shot,Running Dunk Shot,2PT Field Goal,Restricted Area,Center(C),Less Than 8 ft.,1,10,3,1,1,20251026,DAL,TOR,1810,0,202691|203076|1629023|1641726|1642843,1,REG,2026,1610612742,,,,,
2250011146,,Shot Chart Detail,22500111,46,202691,Klay Thompson,1610612742,Dallas Mavericks,1,8,7,Made Shot,Step Back Jump shot,2PT Field Goal,Mid-Range,Left Side(L),16-24 ft.,20,-188,78,1,1,20251026,DAL,TOR,2330,0,202691|203076|1629023|1641726|1642843,1,REG,2026,1610612742,,,,,
2250011151,,Shot Chart Detail,22500111,51,1641726,Dereck Lively II,1610612742,Dallas Mavericks,1,7,26,Made Shot,Alley Oop Dunk Shot,2PT Field Goal,Restricted Area,Center(C),Less Than 8 ft.,1,10,6,1,1,20251026,DAL,TOR,2740,0,202691|203076|1626156|1641726|1642843,1,REG,2026,1610612742,,,,,
2250011163,,Shot Chart Detail,22500111,63,1626156,D'Angelo Russell,1610612742,Dallas Mavericks,1,7,0,Missed Shot,Fadeaway Jump Shot,2PT Field Goal,Mid-Range,Right Side(R),16-24 ft.,16,141,77,1,0,20251026,DAL,TOR,3000,0,202691|1626156|1630230|1641726|1642843,0,REG,2026,1610612742,,,,,
2250011173,,Shot Chart Detail,22500111,73,1642843,Cooper Flagg,1610612742,Dallas Mavericks,1,6,26,Made Shot,Driving Layup Shot,2PT Field Goal,In The Paint (Non-RA),Center(C),Less Than 8 ft.,4,42,11,1,1,20251026,DAL,TOR,3340,0,1626156|1630230|1631108|1641726|1642843,0,REG,2026,1610612742,,,,,
22500111126,,Shot Chart Detail,22500111,126,1630230,Naji Marshall,1610612742,Dallas Mavericks,1,4,15,Made Shot,Floating Jump shot,2PT Field Goal,In The Paint (Non-RA),Center(C),Less Than 8 ft.,6,-55,26,1,1,20251026,DAL,TOR,4650,0,203076|1626156|1629023|1630230|1631108,1,REG,2026,1610612742,,,,,
22500111133,,Shot Chart Detail,22500111,133,1626156,D'Angelo Russell,1610612742,Dallas Mavericks,1,3,48,Missed Shot,Jump Shot,3PT Field Goal,Above the Break 3,Right Side Center(RC),24+ ft.,25,112,229,1,0,20251026,DAL,TOR,4920,0,203076|1626156|1629023|1630230|1631108,0,REG,2026,1610612742,,,,,
22500111135,,Shot Chart Detail,22500111,135,203076,Anthony Davis,1610612742,Dallas Mavericks,1,3,45,Made Shot,Putback Layup Shot,2PT Field Goal,Restricted Area,Center(C),Less Than 8 ft.,1,-17,-2,1,1,20251026,DAL,TOR,4950,0,203076|1626156|1629023|1630230|1631108,0,REG,2026,1610612742,,,,,
22500111139,,Shot Chart Detail,22500111,139,1626156,D'Angelo Russell,1610612742,Dallas Mavericks,1,3,20,Missed Shot,Cutting Layup Shot,2PT Field Goal,Restricted Area,Center(C),Less Than 8 ft.,1,0,-11,1,0,20251026,DAL,TOR,5200,0,203076|1626156|1629023|1630230|1631108,0,REG,2026,1610612742,,,,,
22500111155,,Shot Chart Detail,22500111,155,1631108,Max Christie,1610612742,Dallas Mavericks,1,2,22,Made Shot,Jump Shot,3PT Field Goal,Above the Break 3,Left Side Center(LC),24+ ft.,24,-189,159,1,1,20251026,DAL,TOR,5780,0,203076|1629023|1630230|1630702|1631108,1,REG,2026,1610612742,,,,,
22500111160,,Shot Chart Detail,22500111,160,203076,Anthony Davis,1610612742,Dallas Mavericks,1,1,45,Made Shot,Fadeaway Jump Shot,2PT Field Goal,Mid-Range,Center(C),16-24 ft.,21,42,206,1,1,20251026,DAL,TOR,6150,0,203076|1629023|1630230|1630702|1631108,0,REG,2026,1610612742,,,,,
22500111166,,Shot Chart Detail,22500111,166,1629023,P.J. Washington,1610612742,Dallas Mavericks,1,1,6,Missed Shot,Driving Layup Shot,2PT Field Goal,Restricted Area,Center(C),Less Than 8 ft.,2,22,8,1,0,20251026,DAL,TOR,6540,0,203076|1629023|1630230|1630702|1631108,0,REG,2026,1610612742,,,,,
22500111179,,Shot Chart Detail,22500111,179,1630230,Naji Marshall,1610612742,Dallas Mavericks,1,0,8,Made Shot,Cutting Layup Shot,2PT Field Goal,Restricted Area,Center(C),Less Than 8 ft.,2,22,10,1,1,20251026,DAL,TOR,7120,0,1628997|1629023|1630230|1631108|1641726,1,REG,2026,1610612742,,,,,
22500111215,,Shot Chart Detail,22500111,215,1629023,P.J. Washington,1610612742,Dallas Mavericks,2,11,4,Missed Shot,Jump Shot,3PT Field Goal,Left Corner 3,Left Side(L),24+ ft.,22,-225,0,1,0,20251026,DAL,TOR,7760,0,203076|1626156|1628997|1629023|1631108,0,REG,2026,1610612742,,,,,
22500111229,,Shot Chart Detail,22500111,229,202691,Klay Thompson,1610612742,Dallas Mavericks,2,10,7,Made Shot,Jump Shot,3PT Field Goal,Above the Break 3,Right Side Center(RC),24+ ft.,24,224,100,1,1,20251026,DAL,TOR,8330,0,202691|203076|1626156|1628997|1629023,1,REG,2026,1610612742,,,,,
22500111233,,Shot Chart Detail,22500111,233,1626156,D'Angelo Russell,1610612742,Dallas Mavericks,2,9,54,Missed Shot,Pullup Jump shot,3PT Field Goal,Above the Break 3,Left Side Center(LC),24+ ft.,23,-135,197,1,0,20251026,DAL,TOR,8460,0,202691|203076|1626156|1628997|1629023,0,REG,2026,1610612742,,,,,
22500111235,,Shot Chart Detail,22500111,235,202691,Klay Thompson,1610612742,Dallas Mavericks,2,9,51,Missed Shot,Jump Shot,3PT Field Goal,Left Corner 3,Left Side(L),24+ ft.,22,-224,4,1,0,20251026,DAL,TOR,8490,0,202691|203076|1626156|1628997|1629023,0,REG,2026,1610612742,,,,,
22500111240,,Shot Chart Detail,22500111,240,1629023,P.J. Washington,1610612742,Dallas Mavericks,2,9,25,Missed Shot,Driving Layup Shot,2PT Field Goal,In The Paint (Non-RA),Center(C),Less Than 8 ft.,5,50,14,1,0,20251026,DAL,TOR,8750,0,202691|203076|1626156|1628997|1629023,0,REG,2026,1610612742,,,,,
22500111252,,Shot Chart Detail,22500111,252,203076,Anthony Davis,1610612742,Dallas Mavericks,2,8,52,Made Shot,Cutting Layup Shot,2PT Field Goal,Restricted Area,Center(C),Less Than 8 ft.,1,-10,3,1,1,20251026,DAL,TOR,9080,0,202691|203076|1626156|1628997|1642843,1,REG,2026,1610612742,,,,,
22500111256,,Shot Chart Detail,22500111,256,1626156,D'Angelo Russell,1610612742,Dallas Mavericks,2,8,21,Missed Shot,Jump Shot,3PT Field Goal,Left Corner 3,Left Side(L),24+ ft.,22,-225,-13,1,0,20251026,DAL,TOR,9390,0,202691|203076|1626156|1628997|1642843,0,REG,2026,1610612742,,,,,
22500111258,,Shot Chart Detail,22500111,258,1626156,D'Angelo Russell,1610612742,Dallas Mavericks,2,8,17,Missed Shot,Jump Shot,3PT Field Goal,Left Corner 3,Left Side(L),24+ ft.,22,-227,-13,1,0,20251026,DAL,TOR,9430,0,202691|203076|1626156|1628997|1642843,0,REG,2026,1610612742,,,,,
22500111274,,Shot Chart Detail,22500111,274,203076,Anthony Davis,1610612742,Dallas Mavericks,2,7,56,Made Shot,Turnaround Hook Shot,2PT Field Goal,In The Paint (Non-RA),Center(C),Less Than 8 ft.,5,33,40,1,1,20251026,DAL,TOR,9640,0,202691|203076|1626156|1628997|1642843,0,REG,2026,1610612742,,,,,
22500111278,,Shot Chart Detail,22500111,278,1626156,D'Angelo Russell,1610612742,Dallas Mavericks,2,7,31,Missed Shot,Driving Floating Jump Shot,2PT Field Goal,Mid-Range,Left Side(L),8-16 ft.,9,-94,23,1,0,20251026,DAL,TOR,9890,0,202691|203076|1626156|1628997|1642843,0,REG,2026,1610612742,,,,,
22500111291,,Shot Chart Detail,22500111,291,202691,Klay Thompson,1610612742,Dallas Mavericks,2,6,53,Missed Shot,Fadeaway Jump Shot,2PT Field Goal,Mid-Range,Left Side Center(LC),16-24 ft.,18,-113,148,1,0,20251026,DAL,TOR,10270,0,202691|1626156|1630230|1641726|1642843,0,REG,2026,1610612742,,,,,
22500111295,,Shot Chart Detail,22500111,295,1642843,Cooper Flagg,1610612742,Dallas Mavericks,2,6,33,Made Shot,Dunk Shot,2PT Field Goal,Restricted Area,Center(C),Less Than 8 ft.,1,9,6,1,1,20251026,DAL,TOR,10470,0,202691|1626156|1630230|1641726|1642843,0,REG,2026,1610612742,,,,,
22500111302,,Shot Chart Detail,22500111,302,1626156,D'Angelo Russell,1610612742,Dallas Mavericks,2,6,2,Made Shot,Fadeaway Jump Shot,3PT Field Goal,Above the Break 3,Left Side Center(LC),24+ ft.,24,-176,172,1,1,20251026,DAL,TOR,10780,0,1626156|1630230|1631108|1641726|1642843,1,REG,2026,1610612742,,,,,
22500111307,,Shot Chart Detail,22500111,307,1631108,Max Christie,1610612742,Dallas Mavericks,2,5,41,Made Shot,Cutting Dunk Shot,2PT Field Goal,Restricted Area,Center(C),Less Than 8 ft.,0,-2,6,1,1,20251026,DAL,TOR,10990,0,1626156|1630230|1631108|1641726|1642843,1,REG,2026,1610612742,,,,,
22500111313,,Shot Chart Detail,22500111,313,1626156,D'Angelo Russell,1610612742,Dallas Mavericks,2,4,59,Missed Shot,Jump Shot,3PT Field Goal,Above the Break 3,Right Side Center(RC),24+ ft.,24,170,182,1,0,20251026,DAL,TOR,11410,0,1626156|1630230|1631108|1641726|1642843,0,REG,2026,1610612742,,,,,
22500111317,,Shot Chart Detail,22500111,317,1642843,Cooper Flagg,1610612742,Dallas Mavericks,2,4,32,Made Shot,Jump Shot,3PT Field Goal,Above the Break 3,Left Side Center(LC),24+ ft.,24,-225,100,1,1,20251026,DAL,TOR,11680,0,1626156|1630230|1631108|1641726|1642843,1,REG,2026,1610612742,,,,,
22500111345,,Shot Chart Detail,22500111,345,1642843,Cooper Flagg,1610612742,Dallas Mavericks,2,2,41,Missed Shot,Pullup Jump shot,3PT Field Goal,Above the Break 3,Center(C),24+ ft.,26,-58,257,1,0,20251026,DAL,TOR,12790,0,203076|1629023|1630230|1631108|1642843,0,REG,2026,1610612742,,,,,
22500111353,,Shot Chart Detail,22500111,353,1631108,Max Christie,1610612742,Dallas Mavericks,2,2,15,Made Shot,Jump Shot,3PT Field Goal,Left Corner 3,Left Side(L),24+ ft.,22,-228,14,1,1,20251026,DAL,TOR,13050,0,203076|1629023|1630230|1631108|1642843,1,REG,2026,1610612742,,,,,
22500111365,,Shot Chart Detail,22500111,365,1629023,P.J. Washington,1610612742,Dallas Mavericks,2,0,50,Missed Shot,Step Back Jump shot,2PT Field Goal,Mid-Range,Left Side Center(LC),16-24 ft.,17,-72,156,1,0,20251026,DAL,TOR,13900,0,203076|1626156|1629023|1631108|1642843,0,REG,2026,1610612742,,,,,
22500111369,,Shot Chart Detail,22500111,369,1626156,D'Angelo Russell,1610612742,Dallas Mavericks,2,0,30,Made Shot,Driving Floating Bank Jump Shot,2PT Field Goal,In The Paint (Non-RA),Left Side(L),8-16 ft.,8,-78,19,1,1,20251026,DAL,TOR,14100,0,203076|1626156|1629023|1631108|1642843,0,REG,2026,1610612742,,,,,
22500111377,,Shot Chart Detail,22500111,377,1626156,D'Angelo Russell,1610612742,Dallas Mavericks,2,0,2,Made Shot,Pullup Jump shot,2PT Field Goal,Mid-Range,Left Side Center(LC),16-24 ft.,17,-100,148,1,1,20251026,DAL,TOR,14380,0,203076|1626156|1629023|1631108|1642843,1,REG,2026,1610612742,,,,,
22500111394,,Shot Chart Detail,22500111,394,1642843,Cooper Flagg,1610612742,Dallas Mavericks,3,11,48,Missed Shot,Jump Shot,2PT Field Goal,Mid-Range,Right Side(R),8-16 ft.,10,88,63,1,0,20251026,DAL,TOR,14520,0,202691|203076|1629023|1641726|1642843,0,REG,2026,1610612742,,,,,
22500111403,,Shot Chart Detail,22500111,403,1629023,P.J. Washington,1610612742,Dallas Mavericks,3,11,29,Made Shot,Running Dunk Shot,2PT Field Goal,Restricted Area,Center(C),Less Than 8 ft.,2,18,16,1,1,20251026,DAL,TOR,14710,0,202691|203076|1629023|1641726|1642843,0,REG,2026,1610612742,,,,,
22500111409,,Shot Chart Detail,22500111,409,1641726,Dereck Lively II,1610612742,Dallas Mavericks,3,10,59,Made Shot,Alley Oop Dunk Shot,2PT Field Goal,Restricted Area,Center(C),Less Than 8 ft.,1,-12,4,1,1,20251026,DAL,TOR,15010,0,202691|203076|1629023|1641726|1642843,1,REG,2026,1610612742,,,,,
22500111413,,Shot Chart Detail,22500111,413,203076,Anthony Davis,1610612742,Dallas Mavericks,3,10,27,Missed Shot,Jump Shot,3PT Field Goal,Right Corner 3,Right Side(R),24+ ft.,22,229,5,1,0,20251026,DAL,TOR,15330,0,202691|203076|1629023|1641726|1642843,0,REG,2026,1610612742,,,,,
22500111434,,Shot Chart Detail,22500111,434,1629023,P.J. Washington,1610612742,Dallas Mavericks,3,9,7,Missed Shot,Driving Layup Shot,2PT Field Goal,In The Paint (Non-RA),Center(C),Less Than 8 ft.,5,54,8,1,0,20251026,DAL,TOR,16130,0,202691|203076|1629023|1641726|1642843,0,REG,2026,1610612742,,,,,
22500111436,,Shot Chart Detail,22500111,436,203076,Anthony Davis,1610612742,Dallas Mavericks,3,9,4,Made Shot,Tip Layup Shot,2PT Field Goal,Restricted Area,Center(C),Less Than 8 ft.,0,0,0,1,1,20251026,DAL,TOR,16160,0,202691|203076|1629023|1641726|1642843,0,REG,2026,1610612742,,,,,
22500111442,,Shot Chart Detail,22500111,442,203076,Anthony Davis,1610612742,Dallas Mavericks,3,8,45,Made Shot,Alley Oop Dunk Shot,2PT Field Goal,Restricted Area,Center(C),Less Than 8 ft.,1,-17,-5,1,1,20251026,DAL,TOR,16350,0,202691|203076|1629023|1641726|1642843,1,REG,2026,1610612742,,,,,
22500111450,,Shot Chart Detail,22500111,450,1642843,Cooper Flagg,1610612742,Dallas Mavericks,3,8,23,Missed Shot,Pullup Jump shot,3PT Field Goal,Above the Break 3,Left Side Center(LC),24+ ft.,25,-143,209,1,0,20251026,DAL,TOR,16570,0,202691|203076|1629023|1641726|1642843,0,REG,2026,1610612742,,,,,
22500111454,,Shot Chart Detail,22500111,454,203076,Anthony Davis,1610612742,Dallas Mavericks,3,8,6,Made Shot,Running Dunk Shot,2PT Field Goal,Restricted Area,Center(C),Less Than 8 ft.,1,-11,-3,1,1,20251026,DAL,TOR,16740,0,202691|203076|1629023|1641726|1642843,0,REG,2026,1610612742,,,,,
22500111461,,Shot Chart Detail,22500111,461,202691,Klay Thompson,1610612742,Dallas Mavericks,3,7,30,Missed Shot,Jump Shot,3PT Field Goal,Above the Break 3,Left Side Center(LC),24+ ft.,26,-162,205,1,0,20251026,DAL,TOR,17100,0,202691|203076|1629023|1641726|1642843,0,REG,2026,1610612742,,,,,
22500111465,,Shot Chart Detail,22500111,465,203076,Anthony Davis,1610612742,Dallas Mavericks,3,7,9,Missed Shot,Driving Floating Jump Shot,2PT Field Goal,In The Paint (Non-RA),Right Side(R),8-16 ft.,9,75,57,1,0,20251026,DAL,TOR,17310,0,202691|203076|1629023|1641726|1642843,0,REG,2026,1610612742,,,,,
22500111467,,Shot Chart Detail,22500111,467,1642843,Cooper Flagg,1610612742,Dallas Mavericks,3,7,3,Missed Shot,Driving Layup Shot,2PT Field Goal,In The Paint (Non-RA),Center(C),Less Than 8 ft.,5,49,10,1,0,20251026,DAL,TOR,17370,0,202691|203076|1629023|1641726|1642843,0,REG,2026,1610612742,,,,,
22500111469,,Shot Chart Detail,22500111,469,203076,Anthony Davis,1610612742,Dallas Mavericks,3,7,0,Made Shot,Tip Dunk Shot,2PT Field Goal,Restricted Area,Center(C),Less Than 8 ft.,0,0,0,1,1,20251026,DAL,TOR,17400,0,202691|203076|1629023|1641726|1642843,0,REG,2026,1610612742,,,,,
22500111478,,Shot Chart Detail,22500111,478,202691,Klay Thompson,1610612742,Dallas Mavericks,3,6,31,Made Shot,Jump Shot,2PT Field Goal,Mid-Range,Right Side Center(RC),16-24 ft.,18,140,128,1,1,20251026,DAL,TOR,17690,0,202691|1630230|1631108|1641726|1642843,1,REG,2026,1610612742,,,,,
22500111493,,Shot Chart Detail,22500111,493,1642843,Cooper Flagg,1610612742,Dallas Mavericks,3,5,47,Made Shot,Driving Layup Shot,2PT Field Goal,Restricted Area,Center(C),Less Than 8 ft.,2,21,11,1,1,20251026,DAL,TOR,18130,0,1626156|1630230|1631108|1641726|1642843,0,REG,2026,1610612742,,,,,
22500111496,,Shot Chart Detail,22500111,496,1642843,Cooper Flagg,1610612742,Dallas Mavericks,3,5,23,Missed Shot,Jump Shot,3PT Field Goal,Above the Break 3,Right Side Center(RC),24+ ft.,25,190,163,1,0,20251026,DAL,TOR,18370,0,1626156|1630230|1631108|1641726|1642843,0,REG,2026,1610612742,,,,,
22500111500,,Shot Chart Detail,22500111,500,1626156,D'Angelo Russell,1610612742,Dallas Mavericks,3,4,56,Made Shot,Driving Floating Jump Shot,2PT Field Goal,In The Paint (Non-RA),Center(C),Less Than 8 ft.,5,6,50,1,1,20251026,DAL,TOR,18640,0,1626156|1630230|1631108|1641726|1642843,1,REG,2026,1610612742,,,,,
22500111504,,Shot Chart Detail,22500111,504,1631108,Max Christie,1610612742,Dallas Mavericks,3,4,25,Made Shot,Running Dunk Shot,2PT Field Goal,Restricted Area,Center(C),Less Than 8 ft.,1,-6,8,1,1,20251026,DAL,TOR,18950,0,1626156|1630230|1631108|1641726|1642843,1,REG,2026,1610612742,,,,,
22500111508,,Shot Chart Detail,22500111,508,1642843,Cooper Flagg,1610612742,Dallas Mavericks,3,3,56,Made Shot,Cutting Dunk Shot,2PT Field Goal,Restricted Area,Center(C),Less Than 8 ft.,1,-10,8,1,1,20251026,DAL,TOR,19240,0,1626156|1630230|1631108|1641726|1642843,1,REG,2026,1610612742,,,,,
22500111521,,Shot Chart Detail,22500111,521,1630230,Naji Marshall,1610612742,Dallas Mavericks,3,3,32,Made Shot,Running Layup Shot,2PT Field Goal,Restricted Area,Center(C),Less Than 8 ft.,1,10,4,1,1,20251026,DAL,TOR,19480,0,1626156|1630230|1631108|1641726|1642843,0,REG,2026,1610612742,,,,,
22500111524,,Shot Chart Detail,22500111,524,1642843,Cooper Flagg,1610612742,Dallas Mavericks,3,3,11,Made Shot,Running Dunk Shot,2PT Field Goal,Restricted Area,Center(C),Less Than 8 ft.,0,1,8,1,1,20251026,DAL,TOR,19690,0,1626156|1630230|1631108|1641726|1642843,1,REG,2026,1610612742,,,,,
22500111536,,Shot Chart Detail,22500111,536,1642843,Cooper Flagg,1610612742,Dallas Mavericks,3,2,33,Missed Shot,Step Back Jump shot,3PT Field Goal,Above the Break 3,Left Side Center(LC),24+ ft.,27,-141,232,1,0,20251026,DAL,TOR,20070,0,203076|1626156|1630230|1631108|1642843,0,REG,2026,1610612742,,,,,
22500111548,,Shot Chart Detail,22500111,548,1631108,Max Christie,1610612742,Dallas Mavericks,3,1,48,Missed Shot,Driving Floating Jump Shot,2PT Field Goal,Mid-Range,Left Side(L),8-16 ft.,11,-116,8,1,0,20251026,DAL,TOR,20520,0,203076|1626156|1629023|1630230|1631108,0,REG,2026,1610612742,,,,,
22500111550,,Shot Chart Detail,22500111,550,1631108,Max Christie,1610612742,Dallas Mavericks,3,1,40,Made Shot,Jump Shot,3PT Field Goal,Left Corner 3,Left Side(L),24+ ft.,23,-237,-10,1,1,20251026,DAL,TOR,20600,0,203076|1626156|1629023|1630230|1631108,1,REG,2026,1610612742,,,,,
22500111554,,Shot Chart Detail,22500111,554,1626156,D'Angelo Russell,1610612742,Dallas Mavericks,3,1,4,Made Shot,Fadeaway Jump Shot,2PT Field Goal,Mid-Range,Right Side(R),8-16 ft.,10,104,7,1,1,20251026,DAL,TOR,20960,0,203076|1626156|1629023|1630230|1631108,0,REG,2026,1610612742,,,,,
22500111560,,Shot Chart Detail,22500111,560,1631108,Max Christie,1610612742,Dallas Mavericks,3,0,35,Missed Shot,Running Jump Shot,3PT Field Goal,Right Corner 3,Right Side(R),24+ ft.,22,222,-10,1,0,20251026,DAL,TOR,21250,0,203076|1626156|1629023|1630230|1631108,0,REG,2026,1610612742,,,,,
22500111564,,Shot Chart Detail,22500111,564,1630230,Naji Marshall,1610612742,Dallas Mavericks,3,0,10,Made Shot,Cutting Layup Shot,2PT Field Goal,In The Paint (Non-RA),Center(C),Less Than 8 ft.,5,-10,58,1,1,20251026,DAL,TOR,21500,0,1628997|1629023|1630230|1631108|1642843,1,REG,2026,1610612742,,,,,
22500111605,,Shot Chart Detail,22500111,605,203076,Anthony Davis,1610612742,Dallas Mavericks,4,11,14,Made Shot,Floating Jump shot,2PT Field Goal,In The Paint (Non-RA),Center(C),Less Than 8 ft.,7,-33,69,1,1,20251026,DAL,TOR,22060,0,202691|203076|1626156|1628997|1629023,0,REG,2026,1610612742,,,,,
22500111608,,Shot Chart Detail,22500111,608,203076,Anthony Davis,1610612742,Dallas Mavericks,4,10,45,Made Shot,Driving Layup Shot,2PT Field Goal,Restricted Area,Center(C),Less Than 8 ft.,3,-28,17,1,1,20251026,DAL,TOR,22350,0,202691|203076|1626156|1628997|1629023,1,REG,2026,1610612742,,,,,
22500111620,,Shot Chart Detail,22500111,620,1629023,P.J. Washington,1610612742,Dallas Mavericks,4,9,38,Missed Shot,Driving Layup Shot,2PT Field Goal,Restricted Area,Center(C),Less Than 8 ft.,2,1,21,1,0,20251026,DAL,TOR,23020,0,202691|203076|1626156|1628997|1629023,0,REG,2026,1610612742,,,,,
22500111624,,Shot Chart Detail,22500111,624,203076,Anthony Davis,1610612742,Dallas Mavericks,4,9,26,Made Shot,Running Dunk Shot,2PT Field Goal,Restricted Area,Center(C),Less Than 8 ft.,1,-6,11,1,1,20251026,DAL,TOR,23140,0,202691|203076|1626156|1628997|1629023,1,REG,2026,1610612742,,,,,
22500111633,,Shot Chart Detail,22500111,633,1628997,Caleb Martin,1610612742,Dallas Mavericks,4,8,53,Missed Shot,Driving Layup Shot,2PT Field Goal,Restricted Area,Center(C),Less Than 8 ft.,3,38,-3,1,0,20251026,DAL,TOR,23470,0,202691|203076|1626156|1628997|1629023,0,REG,2026,1610612742,,,,,
22500111635,,Shot Chart Detail,22500111,635,203076,Anthony Davis,1610612742,Dallas Mavericks,4,8,51,Missed Shot,Tip Layup Shot,2PT Field Goal,Restricted Area,Center(C),Less Than 8 ft.,0,0,0,1,0,20251026,DAL,TOR,23490,0,202691|203076|1626156|1628997|1629023,0,REG,2026,1610612742,,,,,
22500111649,,Shot Chart Detail,22500111,649,1626156,D'Angelo Russell,1610612742,Dallas Mavericks,4,8,8,Made Shot,Driving Layup Shot,2PT Field Goal,In The Paint (Non-RA),Center(C),Less Than 8 ft.,4,-40,20,1,1,20251026,DAL,TOR,23920,0,202691|203076|1626156|1629023|1642843,0,REG,2026,1610612742,,,,,
22500111663,,Shot Chart Detail,22500111,663,1631108,Max Christie,1610612742,Dallas Mavericks,4,7,14,Missed Shot,Jump Shot,3PT Field Goal,Left Corner 3,Left Side(L),24+ ft.,23,-237,-6,1,0,20251026,DAL,TOR,24460,0,203076|1629023|1630230|1631108|1642843,0,REG,2026,1610612742,,,,,
22500111666,,Shot Chart Detail,22500111,666,1642843,Cooper Flagg,1610612742,Dallas Mavericks,4,6,51,Made Shot,Jump Shot,3PT Field Goal,Above the Break 3,Center(C),24+ ft.,26,-11,263,1,1,20251026,DAL,TOR,24690,0,203076|1629023|1630230|1631108|1642843,1,REG,2026,1610612742,,,,,
22500111676,,Shot Chart Detail,22500111,676,1629023,P.J. Washington,1610612742,Dallas Mavericks,4,6,25,Made Shot,Floating Jump shot,2PT Field Goal,Restricted Area,Center(C),Less Than 8 ft.,3,-25,18,1,1,20251026,DAL,TOR,24950,0,1626156|1629023|1630230|1631108|1641726,0,REG,2026,1610612742,,,,,
22500111684,,Shot Chart Detail,22500111,684,1626156,D'Angelo Russell,1610612742,Dallas Mavericks,4,6,2,Missed Shot,Pullup Jump shot,2PT Field Goal,In The Paint (Non-RA),Center(C),8-16 ft.,15,-74,131,1,0,20251026,DAL,TOR,25180,0,1626156|1629023|1630230|1631108|1641726,0,REG,2026,1610612742,,,,,
22500111693,,Shot Chart Detail,22500111,693,1629023,P.J. Washington,1610612742,Dallas Mavericks,4,5,35,Made Shot,Pullup Jump shot,2PT Field Goal,In The Paint (Non-RA),Center(C),8-16 ft.,9,-32,91,1,1,20251026,DAL,TOR,25450,0,1626156|1629023|1630230|1631108|1641726,0,REG,2026,1610612742,,,,,
22500111701,,Shot Chart Detail,22500111,701,1626156,D'Angelo Russell,1610612742,Dallas Mavericks,4,4,56,Made Shot,Driving Layup Shot,2PT Field Goal,Restricted Area,Center(C),Less Than 8 ft.,3,39,8,1,1,20251026,DAL,TOR,25840,0,1626156|1629023|1630230|1631108|1641726,1,REG,2026,1610612742,,,,,
22500111708,,Shot Chart Detail,22500111,708,1626156,D'Angelo Russell,1610612742,Dallas Mavericks,4,4,18,Missed Shot,Driving Layup Shot,2PT Field Goal,Restricted Area,Center(C),Less Than 8 ft.,3,31,20,1,0,20251026,DAL,TOR,26220,0,203076|1626156|1629023|1630230|1631108,0,REG,2026,1610612742,,,,,
22500111712,,Shot Chart Detail,22500111,712,1629023,P.J. Washington,1610612742,Dallas Mavericks,4,4,1,Missed Shot,Running Layup Shot,2PT Field Goal,In The Paint (Non-RA),Center(C),Less Than 8 ft.,5,-48,33,1,0,20251026,DAL,TOR,26390,0,203076|1626156|1629023|1630230|1631108,0,REG,2026,1610612742,,,,,
22500111722,,Shot Chart Detail,22500111,722,1626156,D'Angelo Russell,1610612742,Dallas Mavericks,4,3,19,Made Shot,Jump Shot,3PT Field Goal,Above the Break 3,Center(C),24+ ft.,26,-20,262,1,1,20251026,DAL,TOR,26810,0,203076|1626156|1628997|1630230|1631108,1,REG,2026,1610612742,,,,,
22500111754,,Shot Chart Detail,22500111,754,1629023,P.J. Washington,1610612742,Dallas Mavericks,4,2,32,Made Shot,Jump Shot,3PT Field Goal,Left Corner 3,Left Side(L),24+ ft.,23,-237,21,1,1,20251026,DAL,TOR,27280,0,203076|1626156|1629023|1631108|1642843,1,REG,2026,1610612742,,,,,
22500111803,,Shot Chart Detail,22500111,803,1628997,Caleb Martin,1610612742,Dallas Mavericks,4,0,53,Made Shot,Driving Dunk Shot,2PT Field Goal,Restricted Area,Center(C),Less Than 8 ft.,1,-7,11,1,1,20251026,DAL,TOR,28270,0,203939|1628997|1630702|1642939|1642948,1,REG,2026,1610612742,,,,,
22500111812,,Shot Chart Detail,22500111,812,1630702,Jaden Hardy,1610612742,Dallas Mavericks,4,0,18,Missed Shot,Driving Layup Shot,2PT Field Goal,In The Paint (Non-RA),Center(C),Less Than 8 ft.,5,-53,25,1,0,20251026,DAL,TOR,28620,0,203939|1628997|1630702|1642939|1642948,0,REG,2026,1610612742,,,,,
22500111819,,Shot Chart Detail,22500111,819,1628997,Caleb Martin,1610612742,Dallas Mavericks,4,0,0,Made Shot,Driving Dunk Shot,2PT Field Goal,Restricted Area,Center(C),Less Than 8 ft.,1,-5,11,1,1,20251026,DAL,TOR,28800,0,203939|1628997|1630702|1642939|1642948,1,REG,2026,1610612742,,,,,
225001199,,Shot Chart Detail,22500119,9,1631108,Max Christie,1610612742,Dallas Mavericks,1,11,24,Missed Shot,Jump Shot,3PT Field Goal,Above the Break 3,Right Side Center(RC),24+ ft.,25,153,198,1,0,20251027,DAL,OKC,360,0,202691|203076|1629023|1631108|1642843,0,REG,2026,1610612742,,,,,
2250011912,,Shot Chart Detail,22500119,12,1629023,P.J. Washington,1610612742,Dallas Mavericks,1,11,2,Missed Shot,Pullup Jump shot,2PT Field Goal,Mid-Range,Left Side Center(LC),16-24 ft.,23,-155,170,1,0,20251027,DAL,OKC,580,0,202691|203076|1629023|1631108|1642843,0,REG,2026,1610612742,,,,,
2250011916,,Shot Chart Detail,22500119,16,203076,Anthony Davis,1610612742,Dallas Mavericks,1,10,26,Made Shot,Jump Shot,2PT Field Goal,Mid-Range,Center(C),16-24 ft.,20,-40,197,1,1,20251027,DAL,OKC,940,0,202691|203076|1629023|1631108|1642843,0,REG,2026,1610612742,,,,,
2250011923,,Shot Chart Detail,22500119,23,1631108,Max Christie,1610612742,Dallas Mavericks,1,9,28,Missed Shot,Jump Shot,3PT Field Goal,Above the Break 3,Left Side Center(LC),24+ ft.,23,-201,131,1,0,20251027,DAL,OKC,1520,0,202691|203076|1629023|1631108|1642843,0,REG,2026,1610612742,,,,,
2250011926,,Shot Chart Detail,22500119,26,1642843,Cooper Flagg,1610612742,Dallas Mavericks,1,8,55,Missed Shot,Driving Layup Shot,2PT Field Goal,In The Paint (Non-RA),Center(C),Less Than 8 ft.,5,12,50,1,0,20251027,DAL,OKC,1850,0,202691|203076|1629023|1631108|1642843,0,REG,2026,1610612742,,,,,
2250011943,,Shot Chart Detail,22500119,43,202691,Klay Thompson,1610612742,Dallas Mavericks,1,7,54,Made Shot,Jump Shot,3PT Field Goal,Above the Break 3,Right Side Center(RC),24+ ft.,25,194,167,1,1,20251027,DAL,OKC,2460,0,202691|203076|1626156|1631108|1642843,1,REG,2026,1610612742,,,,,
2250011948,,Shot Chart Detail,22500119,48,202691,Klay Thompson,1610612742,Dallas Mavericks,1,7,32,Missed Shot,Running Jump Shot,3PT Field Goal,Above the Break 3,Left Side Center(LC),24+ ft.,24,-208,136,1,0,20251027,DAL,OKC,2680,0,202691|203076|1626156|1631108|1642843,0,REG,2026,1610612742,,,,,
2250011954,,Shot Chart Detail,22500119,54,1631108,Max Christie,1610612742,Dallas Mavericks,1,6,55,Missed Shot,Jump Shot,3PT Field Goal,Left Corner 3,Left Side(L),24+ ft.,22,-228,-8,1,0,20251027,DAL,OKC,3050,0,202691|203076|1626156|1631108|1642843,0,REG,2026,1610612742,,,,,
2250011960,,Shot Chart Detail,22500119,60,1626156,D'Angelo Russell,1610612742,Dallas Mavericks,1,6,26,Made Shot,Driving Floating Jump Shot,2PT Field Goal,In The Paint (Non-RA),Center(C),8-16 ft.,8,7,82,1,1,20251027,DAL,OKC,3340,0,202691|203076|1626156|1631108|1642843,0,REG,2026,1610612742,,,,,
2250011963,,Shot Chart Detail,22500119,63,1631108,Max Christie,1610612742,Dallas Mavericks,1,6,3,Made Shot,Running Jump Shot,3PT Field Goal,Right Corner 3,Right Side(R),24+ ft.,23,233,2,1,1,20251027,DAL,OKC,3570,0,202691|203076|1626156|1631108|1642843,1,REG,2026,1610612742,,,,,
2250011966,,Shot Chart Detail,22500119,66,203076,Anthony Davis,1610612742,Dallas Mavericks,1,5,23,Missed Shot,Driving Floating Jump Shot,2PT Field Goal,Restricted Area,Center(C),Less Than 8 ft.,3,-12,35,1,0,20251027,DAL,OKC,3970,0,202691|203076|1626156|1631108|1642843,0,REG,2026,1610612742,,,,,
2250011968,,Shot Chart Detail,22500119,68,203076,Anthony Davis,1610612742,Dallas Mavericks,1,5,22,Made Shot,Tip Dunk Shot,2PT Field Goal,Restricted Area,Center(C),Less Than 8 ft.,0,0,0,1,1,20251027,DAL,OKC,3980,0,202691|203076|1626156|1631108|1642843,0,REG,2026,1610612742,,,,,
2250011978,,Shot Chart Detail,22500119,78,1626156,D'Angelo Russell,1610612742,Dallas Mavericks,1,4,43,Made Shot,Pullup Jump shot,3PT Field Goal,Above the Break 3,Center(C),24+ ft.,24,-56,243,1,1,20251027,DAL,OKC,4370,0,203076|1626156|1629023|1630230|1631108,1,REG,2026,1610612742,,,,,
2250011982,,Shot Chart Detail,22500119,82,1631108,Max Christie,1610612742,Dallas Mavericks,1,4,25,Made Shot,Running Jump Shot,3PT Field Goal,Above the Break 3,Right Side Center(RC),24+ ft.,25,167,192,1,1,20251027,DAL,OKC,4550,0,203076|1626156|1629023|1630230|1631108,1,REG,2026,1610612742,,,,,
2250011999,,Shot Chart Detail,22500119,99,1626156,D'Angelo Russell,1610612742,Dallas Mavericks,1,3,2,Missed Shot,Driving Floating Jump Shot,2PT Field Goal,In The Paint (Non-RA),Center(C),Less Than 8 ft.,5,-45,36,1,0,20251027,DAL,OKC,5380,0,1626156|1628997|1629023|1630230|1630702,0,REG,2026,1610612742,,,,,
22500119107,,Shot Chart Detail,22500119,107,1630230,Naji Marshall,1610612742,Dallas Mavericks,1,2,33,Made Shot,Cutting Layup Shot,2PT Field Goal,Restricted Area,Center(C),Less Than 8 ft.,2,23,5,1,1,20251027,DAL,OKC,5670,0,1626156|1628997|1629023|1630230|1630702,1,REG,2026,1610612742,,,,,
22500119116,,Shot Chart Detail,22500119,116,1626156,D'Angelo Russell,1610612742,Dallas Mavericks,1,1,47,Missed Shot,Pullup Jump shot,3PT Field Goal,Above the Break 3,Center(C),24+ ft.,25,-71,241,1,0,20251027,DAL,OKC,6130,0,1626156|1628997|1629023|1630230|1630702,0,REG,2026,1610612742,,,,,
22500119127,,Shot Chart Detail,22500119,127,1630702,Jaden Hardy,1610612742,Dallas Mavericks,1,1,0,Missed Shot,Driving Floating Jump Shot,2PT Field Goal,In The Paint (Non-RA),Center(C),Less Than 8 ft.,7,65,26,1,0,20251027,DAL,OKC,6600,0,1626156|1628997|1629023|1630230|1630702,0,REG,2026,1610612742,,,,,
22500119130,,Shot Chart Detail,22500119,130,1629023,P.J. Washington,1610612742,Dallas Mavericks,1,0,47,Made Shot,Cutting Layup Shot,2PT Field Goal,Restricted Area,Center(C),Less Than 8 ft.,0,-1,-1,1,1,20251027,DAL,OKC,6730,0,1626156|1628997|1629023|1630230|1642843,1,REG,2026,1610612742,,,,,
22500119159,,Shot Chart Detail,22500119,159,1628997,Caleb Martin,1610612742,Dallas Mavericks,2,11,45,Missed Shot,Jump Shot,3PT Field Goal,Above the Break 3,Center(C),24+ ft.,24,4,245,1,0,20251027,DAL,OKC,7350,0,1626156|1628997|1629023|1630230|1642843,0,REG,2026,1610612742,,,,,
22500119166,,Shot Chart Detail,22500119,166,1630230,Naji Marshall,1610612742,Dallas Mavericks,2,10,56,Missed Shot,Jump Shot,3PT Field Goal,Right Corner 3,Right Side(R),24+ ft.,23,235,10,1,0,20251027,DAL,OKC,7840,0,1626156|1628997|1629023|1630230|1642843,0,REG,2026,1610612742,,,,,
22500119171,,Shot Chart Detail,22500119,171,1642843,Cooper Flagg,1610612742,Dallas Mavericks,2,10,53,Missed Shot,Cutting Layup Shot,2PT Field Goal,Restricted Area,Center(C),Less Than 8 ft.,1,-18,6,1,0,20251027,DAL,OKC,7870,0,202691|1626156|1629023|1630230|1642843,0,REG,2026,1610612742,,,,,
22500119175,,Shot Chart Detail,22500119,175,1630230,Naji Marshall,1610612742,Dallas Mavericks,2,10,26,Made Shot,Driving Reverse Layup Shot,2PT Field Goal,Restricted Area,Center(C),Less Than 8 ft.,1,4,14,1,1,20251027,DAL,OKC,8140,0,202691|1626156|1629023|1630230|1642843,0,REG,2026,1610612742,,,,,
22500119177,,Shot Chart Detail,22500119,177,1626156,D'Angelo Russell,1610612742,Dallas Mavericks,2,9,53,Missed Shot,Driving Floating Jump Shot,2PT Field Goal,In The Paint (Non-RA),Center(C),8-16 ft.,10,-20,101,1,0,20251027,DAL,OKC,8470,0,202691|1626156|1629023|1630230|1642843,0,REG,2026,1610612742,,,,,
22500119179,,Shot Chart Detail,22500119,179,1630230,Naji Marshall,1610612742,Dallas Mavericks,2,9,47,Missed Shot,Driving Layup Shot,2PT Field Goal,In The Paint (Non-RA),Center(C),Less Than 8 ft.,6,51,32,1,0,20251027,DAL,OKC,8530,0,202691|1626156|1629023|1630230|1642843,0,REG,2026,1610612742,,,,,
22500119185,,Shot Chart Detail,22500119,185,202691,Klay Thompson,1610612742,Dallas Mavericks,2,9,37,Missed Shot,Fadeaway Jump Shot,2PT Field Goal,Mid-Range,Right Side(R),16-24 ft.,16,153,50,1,0,20251027,DAL,OKC,8630,0,202691|1626156|1629023|1630230|1642843,0,REG,2026,1610612742,,,,,
22500119204,,Shot Chart Detail,22500119,204,202691,Klay Thompson,1610612742,Dallas Mavericks,2,8,47,Missed Shot,Driving Layup Shot,2PT Field Goal,In The Paint (Non-RA),Center(C),Less Than 8 ft.,4,-25,32,1,0,20251027,DAL,OKC,9130,0,202691|203076|1630702|1631108|1642843,0,REG,2026,1610612742,,,,,
22500119209,,Shot Chart Detail,22500119,209,1642843,Cooper Flagg,1610612742,Dallas Mavericks,2,8,9,Made Shot,Layup Shot,2PT Field Goal,In The Paint (Non-RA),Center(C),Less Than 8 ft.,6,60,3,1,1,20251027,DAL,OKC,9510,0,202691|203076|1630702|1631108|1642843,0,REG,2026,1610612742,,,,,
22500119211,,Shot Chart Detail,22500119,211,202691,Klay Thompson,1610612742,Dallas Mavericks,2,7,48,Missed Shot,Jump Shot,3PT Field Goal,Above the Break 3,Left Side Center(LC),24+ ft.,24,-159,183,1,0,20251027,DAL,OKC,9720,0,202691|203076|1630702|1631108|1642843,0,REG,2026,1610612742,,,,,
22500119215,,Shot Chart Detail,22500119,215,1642843,Cooper Flagg,1610612742,Dallas Mavericks,2,7,41,Missed Shot,Driving Layup Shot,2PT Field Goal,Restricted Area,Center(C),Less Than 8 ft.,1,-13,3,1,0,20251027,DAL,OKC,9790,0,202691|203076|1630702|1631108|1642843,0,REG,2026,1610612742,,,,,
22500119226,,Shot Chart Detail,22500119,226,1642843,Cooper Flagg,1610612742,Dallas Mavericks,2,7,15,Missed Shot,Jump Shot,3PT Field Goal,Above the Break 3,Center(C),24+ ft.,24,-43,241,1,0,20251027,DAL,OKC,10050,0,202691|203076|1630230|1631108|1642843,0,REG,2026,1610612742,,,,,
22500119230,,Shot Chart Detail,22500119,230,203076,Anthony Davis,1610612742,Dallas Mavericks,2,6,48,Made Shot,Driving Layup Shot,2PT Field Goal,Restricted Area,Center(C),Less Than 8 ft.,3,25,29,1,1,20251027,DAL,OKC,10320,0,202691|203076|1630230|1631108|1642843,0,REG,2026,1610612742,,,,,
22500119233,,Shot Chart Detail,22500119,233,202691,Klay Thompson,1610612742,Dallas Mavericks,2,6,27,Missed Shot,Driving Finger Roll Layup Shot,2PT Field Goal,Restricted Area,Center(C),Less Than 8 ft.,3,-15,36,1,0,20251027,DAL,OKC,10530,0,202691|203076|1630230|1631108|1642843,0,REG,2026,1610612742,,,,,
22500119235,,Shot Chart Detail,22500119,235,203076,Anthony Davis,1610612742,Dallas Mavericks,2,6,25,Made Shot,Tip Dunk Shot,2PT Field Goal,Restricted Area,Center(C),Less Than 8 ft.,0,0,0,1,1,20251027,DAL,OKC,10550,0,202691|203076|1630230|1631108|1642843,0,REG,2026,1610612742,,,,,
22500119242,,Shot Chart Detail,22500119,242,203076,Anthony Davis,1610612742,Dallas Mavericks,2,5,45,Made Shot,Cutting Layup Shot,2PT Field Goal,Restricted Area,Center(C),Less Than 8 ft.,1,4,11,1,1,20251027,DAL,OKC,10950,0,202691|203076|1630230|1631108|1642843,1,REG,2026,1610612742,,,,,
22500119246,,Shot Chart Detail,22500119,246,1631108,Max Christie,1610612742,Dallas Mavericks,2,5,8,Missed Shot,Jump Shot,3PT Field Goal,Right Corner 3,Right Side(R),24+ ft.,23,233,-2,1,0,20251027,DAL,OKC,11320,0,202691|203076|1630230|1631108|1642843,0,REG,2026,1610612742,,,,,
22500119250,,Shot Chart Detail,22500119,250,1642843,Cooper Flagg,1610612742,Dallas Mavericks,2,4,49,Missed Shot,Jump Shot,3PT Field Goal,Left Corner 3,Left Side(L),24+ ft.,23,-229,31,1,0,20251027,DAL,OKC,11510,0,202691|203076|1630230|1631108|1642843,0,REG,2026,1610612742,,,,,
22500119254,,Shot Chart Detail,22500119,254,202691,Klay Thompson,1610612742,Dallas Mavericks,2,4,28,Missed Shot,Jump Shot,2PT Field Goal,Mid-Range,Left Side(L),8-16 ft.,15,-148,25,1,0,20251027,DAL,OKC,11720,0,202691|203076|1630230|1631108|1642843,0,REG,2026,1610612742,,,,,
22500119258,,Shot Chart Detail,22500119,258,203076,Anthony Davis,1610612742,Dallas Mavericks,2,4,1,Made Shot,Jump Shot,3PT Field Goal,Above the Break 3,Center(C),24+ ft.,24,-54,243,1,1,20251027,DAL,OKC,11990,0,202691|203076|1630230|1631108|1642843,0,REG,2026,1610612742,,,,,
22500119270,,Shot Chart Detail,22500119,270,203076,Anthony Davis,1610612742,Dallas Mavericks,2,3,25,Missed Shot,Step Back Jump shot,2PT Field Goal,Mid-Range,Right Side Center(RC),16-24 ft.,18,91,164,1,0,20251027,DAL,OKC,12350,0,203076|1626156|1629023|1630230|1631108,0,REG,2026,1610612742,,,,,
22500119273,,Shot Chart Detail,22500119,273,1629023,P.J. Washington,1610612742,Dallas Mavericks,2,2,54,Missed Shot,Jump Shot,3PT Field Goal,Left Corner 3,Left Side(L),24+ ft.,23,-232,-7,1,0,20251027,DAL,OKC,12660,0,203076|1626156|1629023|1630230|1631108,0,REG,2026,1610612742,,,,,
22500119287,,Shot Chart Detail,22500119,287,1626156,D'Angelo Russell,1610612742,Dallas Mavericks,2,1,38,Missed Shot,Jump Shot,3PT Field Goal,Above the Break 3,Left Side Center(LC),24+ ft.,24,-189,153,1,0,20251027,DAL,OKC,13420,0,203076|1626156|1629023|1630230|1642843,0,REG,2026,1610612742,,,,,
22500119297,,Shot Chart Detail,22500119,297,1626156,D'Angelo Russell,1610612742,Dallas Mavericks,2,1,15,Missed Shot,Pullup Jump shot,3PT Field Goal,Above the Break 3,Left Side Center(LC),24+ ft.,24,-118,219,1,0,20251027,DAL,OKC,13650,0,203076|1626156|1629023|1630230|1642843,0,REG,2026,1610612742,,,,,
22500119301,,Shot Chart Detail,22500119,301,203076,Anthony Davis,1610612742,Dallas Mavericks,2,0,49,Missed Shot,Turnaround Fadeaway shot,2PT Field Goal,Mid-Range,Right Side(R),16-24 ft.,17,163,69,1,0,20251027,DAL,OKC,13910,0,203076|1626156|1629023|1630230|1642843,0,REG,2026,1610612742,,,,,
22500119305,,Shot Chart Detail,22500119,305,1626156,D'Angelo Russell,1610612742,Dallas Mavericks,2,0,12,Missed Shot,Driving Floating Bank Jump Shot,2PT Field Goal,In The Paint (Non-RA),Right Side(R),8-16 ft.,9,55,75,1,0,20251027,DAL,OKC,14280,0,203076|1626156|1629023|1630230|1642843,0,REG,2026,1610612742,,,,,
22500119322,,Shot Chart Detail,22500119,322,203076,Anthony Davis,1610612742,Dallas Mavericks,3,11,44,Made Shot,Fadeaway Jump Shot,2PT Field Goal,In The Paint (Non-RA),Center(C),8-16 ft.,11,-10,112,1,1,20251027,DAL,OKC,14560,0,202691|203076|1629023|1631108|1642843,0,REG,2026,1610612742,,,,,
22500119327,,Shot Chart Detail,22500119,327,203076,Anthony Davis,1610612742,Dallas Mavericks,3,11,6,Missed Shot,Step Back Jump shot,2PT Field Goal,Mid-Range,Left Side Center(LC),16-24 ft.,20,-152,132,1,0,20251027,DAL,OKC,14940,0,202691|203076|1629023|1631108|1642843,0,REG,2026,1610612742,,,,,
22500119330,,Shot Chart Detail,22500119,330,202691,Klay Thompson,1610612742,Dallas Mavericks,3,10,39,Made Shot,Step Back Jump shot,3PT Field Goal,Right Corner 3,Right Side(R),24+ ft.,22,223,18,1,1,20251027,DAL,OKC,15210,0,202691|203076|1629023|1631108|1642843,1,REG,2026,1610612742,,,,,
22500119339,,Shot Chart Detail,22500119,339,1631108,Max Christie,1610612742,Dallas Mavericks,3,9,43,Made Shot,Driving Floating Jump Shot,2PT Field Goal,In The Paint (Non-RA),Center(C),Less Than 8 ft.,5,-27,52,1,1,20251027,DAL,OKC,15770,0,202691|203076|1629023|1631108|1642843,1,REG,2026,1610612742,,,,,
22500119343,,Shot Chart Detail,22500119,343,1629023,P.J. Washington,1610612742,Dallas Mavericks,3,9,22,Made Shot,Jump Shot,3PT Field Goal,Above the Break 3,Right Side Center(RC),24+ ft.,25,92,242,1,1,20251027,DAL,OKC,15980,0,202691|203076|1629023|1631108|1642843,1,REG,2026,1610612742,,,,,
22500119364,,Shot Chart Detail,22500119,364,1631108,Max Christie,1610612742,Dallas Mavericks,3,8,25,Missed Shot,Driving Layup Shot,2PT Field Goal,Restricted Area,Center(C),Less Than 8 ft.,1,-16,6,1,0,20251027,DAL,OKC,16550,0,202691|203076|1626156|1629023|1631108,0,REG,2026,1610612742,,,,,
22500119367,,Shot Chart Detail,22500119,367,202691,Klay Thompson,1610612742,Dallas Mavericks,3,8,9,Made Shot,Pullup Jump shot,2PT Field Goal,Mid-Range,Left Side(L),16-24 ft.,18,-163,78,1,1,20251027,DAL,OKC,16710,0,202691|203076|1626156|1629023|1631108,1,REG,2026,1610612742,,,,,
22500119370,,Shot Chart Detail,22500119,370,1629023,P.J. Washington,1610612742,Dallas Mavericks,3,7,25,Missed Shot,Jump Shot,3PT Field Goal,Above the Break 3,Right Side Center(RC),24+ ft.,25,164,190,1,0,20251027,DAL,OKC,17150,0,202691|203076|1626156|1629023|1631108,0,REG,2026,1610612742,,,,,
22500119374,,Shot Chart Detail,22500119,374,202691,Klay Thompson,1610612742,Dallas Mavericks,3,7,1,Missed Shot,Running Jump Shot,3PT Field Goal,Left Corner 3,Left Side(L),24+ ft.,23,-237,15,1,0,20251027,DAL,OKC,17390,0,202691|203076|1626156|1629023|1631108,0,REG,2026,1610612742,,,,,
22500119383,,Shot Chart Detail,22500119,383,1626156,D'Angelo Russell,1610612742,Dallas Mavericks,3,6,25,Missed Shot,Driving Floating Jump Shot,2PT Field Goal,In The Paint (Non-RA),Center(C),8-16 ft.,9,-12,90,1,0,20251027,DAL,OKC,17750,0,202691|203076|1626156|1629023|1630230,0,REG,2026,1610612742,,,,,
22500119386,,Shot Chart Detail,22500119,386,1630230,Naji Marshall,1610612742,Dallas Mavericks,3,6,2,Missed Shot,Driving Layup Shot,2PT Field Goal,Restricted Area,Center(C),Less Than 8 ft.,2,-17,13,1,0,20251027,DAL,OKC,17980,0,202691|203076|1626156|1629023|1630230,0,REG,2026,1610612742,,,,,
22500119388,,Shot Chart Detail,22500119,388,203076,Anthony Davis,1610612742,Dallas Mavericks,3,5,59,Made Shot,Tip Layup Shot,2PT Field Goal,Restricted Area,Center(C),Less Than 8 ft.,0,0,0,1,1,20251027,DAL,OKC,18010,0,202691|203076|1626156|1629023|1630230,0,REG,2026,1610612742,,,,,
22500119390,,Shot Chart Detail,22500119,390,1629023,P.J. Washington,1610612742,Dallas Mavericks,3,5,32,Missed Shot,Driving Floating Jump Shot,2PT Field Goal,In The Paint (Non-RA),Center(C),Less Than 8 ft.,4,44,20,1,0,20251027,DAL,OKC,18280,0,202691|203076|1626156|1629023|1630230,0,REG,2026,1610612742,,,,,
22500119409,,Shot Chart Detail,22500119,409,1642843,Cooper Flagg,1610612742,Dallas Mavericks,3,4,39,Missed Shot,Jump Shot,3PT Field Goal,Above the Break 3,Center(C),24+ ft.,25,47,253,1,0,20251027,DAL,OKC,18810,0,203076|1626156|1630230|1630702|1642843,0,REG,2026,1610612742,,,,,
22500119436,,Shot Chart Detail,22500119,436,1630702,Jaden Hardy,1610612742,Dallas Mavericks,3,3,23,Missed Shot,Pullup Jump shot,2PT Field Goal,In The Paint (Non-RA),Center(C),8-16 ft.,13,-55,123,1,0,20251027,DAL,OKC,19570,0,1626156|1629023|1630230|1630702|1642843,0,REG,2026,1610612742,,,,,
22500119439,,Shot Chart Detail,22500119,439,1642843,Cooper Flagg,1610612742,Dallas Mavericks,3,2,50,Missed Shot,Driving Layup Shot,2PT Field Goal,Restricted Area,Center(C),Less Than 8 ft.,3,31,17,1,0,20251027,DAL,OKC,19900,0,1626156|1629023|1630230|1630702|1642843,0,REG,2026,1610612742,,,,,
22500119454,,Shot Chart Detail,22500119,454,1629023,P.J. Washington,1610612742,Dallas Mavericks,3,2,22,Made Shot,Driving Layup Shot,2PT Field Goal,In The Paint (Non-RA),Center(C),Less Than 8 ft.,5,-15,50,1,1,20251027,DAL,OKC,20180,0,1626156|1629023|1630230|1630702|1642843,1,REG,2026,1610612742,,,,,
22500119458,,Shot Chart Detail,22500119,458,1626156,D'Angelo Russell,1610612742,Dallas Mavericks,3,1,59,Missed Shot,Jump Shot,3PT Field Goal,Right Corner 3,Right Side(R),24+ ft.,22,227,-17,1,0,20251027,DAL,OKC,20410,0,1626156|1629023|1630230|1630702|1642843,0,REG,2026,1610612742,,,,,
22500119461,,Shot Chart Detail,22500119,461,1630702,Jaden Hardy,1610612742,Dallas Mavericks,3,1,31,Made Shot,Jump Shot,3PT Field Goal,Above the Break 3,Right Side Center(RC),24+ ft.,24,217,104,1,1,20251027,DAL,OKC,20690,0,1626156|1629023|1630230|1630702|1642843,1,REG,2026,1610612742,,,,,
22500119467,,Shot Chart Detail,22500119,467,1630230,Naji Marshall,1610612742,Dallas Mavericks,3,1,2,Missed Shot,Driving Finger Roll Layup Shot,2PT Field Goal,Restricted Area,Center(C),Less Than 8 ft.,3,-2,39,1,0,20251027,DAL,OKC,20980,0,1626156|1629023|1630230|1630702|1642843,0,REG,2026,1610612742,,,,,
22500119469,,Shot Chart Detail,22500119,469,1629023,P.J. Washington,1610612742,Dallas Mavericks,3,1,0,Made Shot,Putback Layup Shot,2PT Field Goal,Restricted Area,Center(C),Less Than 8 ft.,3,-34,20,1,1,20251027,DAL,OKC,21000,0,1626156|1629023|1630230|1630702|1642843,0,REG,2026,1610612742,,,,,
22500119478,,Shot Chart Detail,22500119,478,1630702,Jaden Hardy,1610612742,Dallas Mavericks,3,0,20,Made Shot,Jump Shot,3PT Field Goal,Above the Break 3,Right Side Center(RC),24+ ft.,26,172,202,1,1,20251027,DAL,OKC,21400,0,1626156|1629023|1630230|1630702|1642843,0,REG,2026,1610612742,,,,,
22500119485,,Shot Chart Detail,22500119,485,1630230,Naji Marshall,1610612742,Dallas Mavericks,3,0,0,Missed Shot,Pullup Jump shot,3PT Field Goal,Above the Break 3,Center(C),24+ ft.,29,0,298,1,0,20251027,DAL,OKC,21600,0,1626156|1629023|1630230|1630702|1642843,0,REG,2026,1610612742,,,,,
22500119503,,Shot Chart Detail,22500119,503,202691,Klay Thompson,1610612742,Dallas Mavericks,4,11,10,Missed Shot,Jump Shot,3PT Field Goal,Above the Break 3,Right Side Center(RC),24+ ft.,25,134,215,1,0,20251027,DAL,OKC,22100,0,202691|203076|1629023|1630702|1642843,0,REG,2026,1610612742,,,,,
22500119513,,Shot Chart Detail,22500119,513,1642843,Cooper Flagg,1610612742,Dallas Mavericks,4,10,38,Missed Shot,Running Pull-Up Jump Shot,2PT Field Goal,Restricted Area,Center(C),Less Than 8 ft.,3,11,36,1,0,20251027,DAL,OKC,22420,0,202691|203076|1629023|1630702|1642843,0,REG,2026,1610612742,,,,,
22500119527,,Shot Chart Detail,22500119,527,1630702,Jaden Hardy,1610612742,Dallas Mavericks,4,9,48,Missed Shot,Running Jump Shot,3PT Field Goal,Above the Break 3,Right Side Center(RC),24+ ft.,24,194,147,1,0,20251027,DAL,OKC,22920,0,203076|1629023|1630702|1631108|1642843,0,REG,2026,1610612742,,,,,
22500119531,,Shot Chart Detail,22500119,531,1630702,Jaden Hardy,1610612742,Dallas Mavericks,4,9,30,Made Shot,Running Layup Shot,2PT Field Goal,Restricted Area,Center(C),Less Than 8 ft.,3,-32,17,1,1,20251027,DAL,OKC,23100,0,203076|1629023|1630702|1631108|1642843,0,REG,2026,1610612742,,,,,
22500119540,,Shot Chart Detail,22500119,540,203076,Anthony Davis,1610612742,Dallas Mavericks,4,8,48,Missed Shot,Jump Shot,3PT Field Goal,Above the Break 3,Center(C),24+ ft.,25,67,248,1,0,20251027,DAL,OKC,23520,0,203076|1629023|1630702|1631108|1642843,0,REG,2026,1610612742,,,,,
22500119548,,Shot Chart Detail,22500119,548,1630702,Jaden Hardy,1610612742,Dallas Mavericks,4,8,3,Missed Shot,Pullup Jump shot,2PT Field Goal,Mid-Range,Right Side Center(RC),16-24 ft.,16,121,110,1,0,20251027,DAL,OKC,23970,0,203076|1626156|1629023|1630702|1631108,0,REG,2026,1610612742,,,,,
22500119557,,Shot Chart Detail,22500119,557,1631108,Max Christie,1610612742,Dallas Mavericks,4,7,36,Made Shot,Jump Shot,3PT Field Goal,Left Corner 3,Left Side(L),24+ ft.,23,-237,7,1,1,20251027,DAL,OKC,24240,0,203076|1626156|1629023|1630702|1631108,1,REG,2026,1610612742,,,,,
22500119565,,Shot Chart Detail,22500119,565,1626156,D'Angelo Russell,1610612742,Dallas Mavericks,4,7,2,Missed Shot,Jump Shot,3PT Field Goal,Above the Break 3,Left Side Center(LC),24+ ft.,25,-141,217,1,0,20251027,DAL,OKC,24580,0,203076|1626156|1629023|1630702|1631108,0,REG,2026,1610612742,,,,,
22500119581,,Shot Chart Detail,22500119,581,1630702,Jaden Hardy,1610612742,Dallas Mavericks,4,5,45,Made Shot,Pullup Jump shot,2PT Field Goal,In The Paint (Non-RA),Center(C),8-16 ft.,11,37,109,1,1,20251027,DAL,OKC,25350,0,203076|1626156|1629023|1630702|1631108,1,REG,2026,1610612742,,,,,
22500119588,,Shot Chart Detail,22500119,588,1630702,Jaden Hardy,1610612742,Dallas Mavericks,4,5,6,Missed Shot,Jump Shot,3PT Field Goal,Above the Break 3,Right Side Center(RC),24+ ft.,24,159,189,1,0,20251027,DAL,OKC,25740,0,203076|1626156|1629023|1630702|1631108,0,REG,2026,1610612742,,,,,
22500119592,,Shot Chart Detail,22500119,592,1629023,P.J. Washington,1610612742,Dallas Mavericks,4,4,31,Made Shot,Jump Shot,3PT Field Goal,Left Corner 3,Left Side(L),24+ ft.,23,-235,18,1,1,20251027,DAL,OKC,26090,0,203076|1626156|1629023|1630702|1631108,1,REG,2026,1610612742,,,,,
22500119596,,Shot Chart Detail,22500119,596,1631108,Max Christie,1610612742,Dallas Mavericks,4,3,53,Made Shot,Jump Shot,3PT Field Goal,Right Corner 3,Right Side(R),24+ ft.,22,223,-5,1,1,20251027,DAL,OKC,26470,0,203076|1626156|1629023|1630702|1631108,1,REG,2026,1610612742,,,,,
22500119604,,Shot Chart Detail,22500119,604,203076,Anthony Davis,1610612742,Dallas Mavericks,4,3,14,Made Shot,Jump Shot,2PT Field Goal,Mid-Range,Right Side(R),8-16 ft.,12,125,32,1,1,20251027,DAL,OKC,26860,0,203076|1626156|1629023|1630702|1631108,1,REG,2026,1610612742,,,,,
22500119609,,Shot Chart Detail,22500119,609,203076,Anthony Davis,1610612742,Dallas Mavericks,4,2,34,Missed Shot,Jump Shot,2PT Field Goal,Mid-Range,Center(C),8-16 ft.,15,0,154,1,0,20251027,DAL,OKC,27260,0,203076|1626156|1629023|1630702|1631108,0,REG,2026,1610612742,,,,,
22500119616,,Shot Chart Detail,22500119,616,1626156,D'Angelo Russell,1610612742,Dallas Mavericks,4,2,1,Missed Shot,Jump Shot,3PT Field Goal,Above the Break 3,Center(C),24+ ft.,26,75,251,1,0,20251027,DAL,OKC,27590,0,203076|1626156|1629023|1630702|1631108,0,REG,2026,1610612742,,,,,
22500119624,,Shot Chart Detail,22500119,624,203076,Anthony Davis,1610612742,Dallas Mavericks,4,1,25,Made Shot,Driving Layup Shot,2PT Field Goal,Restricted Area,Center(C),Less Than 8 ft.,2,-18,18,1,1,20251027,DAL,OKC,27950,0,203076|1626156|1629023|1630702|1631108,1,REG,2026,1610612742,,,,,
22500119644,,Shot Chart Detail,22500119,644,1626156,D'Angelo Russell,1610612742,Dallas Mavericks,4,0,54,Made Shot,Driving Floating Jump Shot,2PT Field Goal,In The Paint (Non-RA),Center(C),8-16 ft.,9,-44,83,1,1,20251027,DAL,OKC,28260,0,203076|1626156|1629023|1630702|1631108,1,REG,2026,1610612742,,,,,
22500119648,,Shot Chart Detail,22500119,648,1626156,D'Angelo Russell,1610612742,Dallas Mavericks,4,0,25,Missed Shot,Pullup Jump shot,3PT Field Goal,Above the Break 3,Right Side Center(RC),24+ ft.,26,110,241,1,0,20251027,DAL,OKC,28550,0,203076|1626156|1629023|1630702|1631108,0,REG,2026,1610612742,,,,,
22500119668,,Shot Chart Detail,22500119,668,1629023,P.J. Washington,1610612742,Dallas Mavericks,4,0,14,Missed Shot,Pullup Jump shot,3PT Field Goal,Above the Break 3,Right Side Center(RC),24+ ft.,24,216,118,1,0,20251027,DAL,OKC,28660,0,203076|1629023|1630230|1631108|1642843,0,REG,2026,1610612742,,,,,
225001337,,Shot Chart Detail,22500133,7,202691,Klay Thompson,1610612742,Dallas Mavericks,1,11,38,Missed Shot,Step Back Jump shot,3PT Field Goal,Above the Break 3,Left Side Center(LC),24+ ft.,24,-129,208,1,0,20251029,DAL,IND,220,0,202691|203076|1629023|1631108|1642843,0,REG,2026,1610612742,,,,,
2250013311,,Shot Chart Detail,22500133,11,1631108,Max Christie,1610612742,Dallas Mavericks,1,11,17,Missed Shot,Jump Shot,3PT Field Goal,Above the Break 3,Right Side Center(RC),24+ ft.,25,145,209,1,0,20251029,DAL,IND,430,0,202691|203076|1629023|1631108|1642843,0,REG,2026,1610612742,,,,,
2250013320,,Shot Chart Detail,22500133,20,202691,Klay Thompson,1610612742,Dallas Mavericks,1,10,36,Missed Shot,Driving Layup Shot,2PT Field Goal,Restricted Area,Center(C),Less Than 8 ft.,2,-25,14,1,0,20251029,DAL,IND,840,0,202691|203076|1629023|1631108|1642843,0,REG,2026,1610612742,,,,,
2250013324,,Shot Chart Detail,22500133,24,203076,Anthony Davis,1610612742,Dallas Mavericks,1,10,28,Missed Shot,Jump Shot,2PT Field Goal,Mid-Range,Left Side(L),16-24 ft.,18,-173,63,1,0,20251029,DAL,IND,920,0,202691|203076|1629023|1631108|1642843,0,REG,2026,1610612742,,,,,
2250013330,,Shot Chart Detail,22500133,30,1642843,Cooper Flagg,1610612742,Dallas Mavericks,1,10,13,Made Shot,Driving Dunk Shot,2PT Field Goal,Restricted Area,Center(C),Less Than 8 ft.,3,-25,22,1,1,20251029,DAL,IND,1070,0,202691|203076|1629023|1631108|1642843,0,REG,2026,1610612742,,,,,
2250013337,,Shot Chart Detail,22500133,37,1629023,P.J. Washington,1610612742,Dallas Mavericks,1,9,44,Made Shot,Floating Jump shot,2PT Field Goal,In The Paint (Non-RA),Center(C),8-16 ft.,12,-48,114,1,1,20251029,DAL,IND,1360,0,202691|203076|1629023|1631108|1642843,1,REG,2026,1610612742,,,,,
2250013351,,Shot Chart Detail,22500133,51,1629023,P.J. Washington,1610612742,Dallas Mavericks,1,8,4,Missed Shot,Driving Finger Roll Layup Shot,2PT Field Goal,In The Paint (Non-RA),Center(C),Less Than 8 ft.,5,31,43,1,0,20251029,DAL,IND,2360,0,202691|203076|1629023|1631108|1642843,0,REG,2026,1610612742,,,,,
2250013355,,Shot Chart Detail,22500133,55,203076,Anthony Davis,1610612742,Dallas Mavericks,1,7,59,Missed Shot,Putback Layup Shot,2PT Field Goal,Restricted Area,Center(C),Less Than 8 ft.,2,-4,25,1,0,20251029,DAL,IND,2410,0,202691|203076|1629023|1631108|1642843,0,REG,2026,1610612742,,,,,
2250013370,,Shot Chart Detail,22500133,70,1631108,Max Christie,1610612742,Dallas Mavericks,1,7,17,Made Shot,Driving Floating Bank Jump Shot,2PT Field Goal,Restricted Area,Center(C),Less Than 8 ft.,3,-20,34,1,1,20251029,DAL,IND,2830,0,202691|1626156|1629023|1631108|1642843,1,REG,2026,1610612742,,,,,
2250013379,,Shot Chart Detail,22500133,79,1626156,D'Angelo Russell,1610612742,Dallas Mavericks,1,6,53,Missed Shot,Jump Shot,3PT Field Goal,Left Corner 3,Left Side(L),24+ ft.,22,-224,25,1,0,20251029,DAL,IND,3070,0,202691|1626156|1629023|1631108|1642843,0,REG,2026,1610612742,,,,,
2250013392,,Shot Chart Detail,22500133,92,1626156,D'Angelo Russell,1610612742,Dallas Mavericks,1,6,25,Made Shot,Turnaround Jump Shot,2PT Field Goal,In The Paint (Non-RA),Center(C),Less Than 8 ft.,7,-28,68,1,1,20251029,DAL,IND,3350,0,203076|1626156|1630230|1631108|1642843,0,REG,2026,1610612742,,,,,
2250013395,,Shot Chart Detail,22500133,95,1630230,Naji Marshall,1610612742,Dallas Mavericks,1,5,46,Missed Shot,Jump Shot,3PT Field Goal,Right Corner 3,Right Side(R),24+ ft.,24,238,57,1,0,20251029,DAL,IND,3740,0,203076|1626156|1630230|1631108|1642843,0,REG,2026,1610612742,,,,,
22500133110,,Shot Chart Detail,22500133,110,203076,Anthony Davis,1610612742,Dallas Mavericks,1,4,56,Made Shot,Driving Floating Bank Jump Shot,2PT Field Goal,In The Paint (Non-RA),Center(C),Less Than 8 ft.,5,28,42,1,1,20251029,DAL,IND,4240,0,203076|1626156|1630230|1630702|1642843,1,REG,2026,1610612742,,,,,
22500133115,,Shot Chart Detail,22500133,115,203076,Anthony Davis,1610612742,Dallas Mavericks,1,4,23,Made Shot,Driving Floating Jump Shot,2PT Field Goal,In The Paint (Non-RA),Center(C),Less Than 8 ft.,4,-38,15,1,1,20251029,DAL,IND,4570,0,203076|1626156|1630230|1630702|1642843,0,REG,2026,1610612742,,,,,
22500133123,,Shot Chart Detail,22500133,123,1626156,D'Angelo Russell,1610612742,Dallas Mavericks,1,3,56,Made Shot,Jump Shot,3PT Field Goal,Left Corner 3,Left Side(L),24+ ft.,24,-235,50,1,1,20251029,DAL,IND,4840,0,203939|1626156|1628997|1630230|1630702,1,REG,2026,1610612742,,,,,
22500133127,,Shot Chart Detail,22500133,127,1628997,Caleb Martin,1610612742,Dallas Mavericks,1,3,23,Missed Shot,Jump Shot,3PT Field Goal,Left Corner 3,Left Side(L),24+ ft.,22,-228,-2,1,0,20251029,DAL,IND,5170,0,203939|1626156|1628997|1630230|1630702,0,REG,2026,1610612742,,,,,
22500133149,,Shot Chart Detail,22500133,149,1630702,Jaden Hardy,1610612742,Dallas Mavericks,1,1,46,Made Shot,Jump Shot,3PT Field Goal,Right Corner 3,Right Side(R),24+ ft.,23,237,8,1,1,20251029,DAL,IND,6140,0,203939|1626156|1628997|1630230|1630702,1,REG,2026,1610612742,,,,,
22500133155,,Shot Chart Detail,22500133,155,1626156,D'Angelo Russell,1610612742,Dallas Mavericks,1,1,22,Made Shot,Driving Bank Hook Shot,2PT Field Goal,Restricted Area,Center(C),Less Than 8 ft.,3,-28,11,1,1,20251029,DAL,IND,6380,0,203939|1626156|1628997|1630230|1630702,0,REG,2026,1610612742,,,,,
22500133168,,Shot Chart Detail,22500133,168,1626156,D'Angelo Russell,1610612742,Dallas Mavericks,1,0,7,Missed Shot,Fadeaway Jump Shot,2PT Field Goal,Mid-Range,Right Side Center(RC),16-24 ft.,17,127,121,1,0,20251029,DAL,IND,7130,0,203939|1626156|1628997|1630230|1630702,0,REG,2026,1610612742,,,,,
22500133170,,Shot Chart Detail,22500133,170,1626156,D'Angelo Russell,1610612742,Dallas Mavericks,1,0,3,Missed Shot,Jump Shot,3PT Field Goal,Right Corner 3,Right Side(R),24+ ft.,24,233,83,1,0,20251029,DAL,IND,7170,0,203939|1626156|1628997|1630230|1630702,0,REG,2026,1610612742,,,,,
22500133184,,Shot Chart Detail,22500133,184,1630314,Brandon Williams,1610612742,Dallas Mavericks,2,11,38,Made Shot,Running Finger Roll Layup Shot,2PT Field Goal,Restricted Area,Center(C),Less Than 8 ft.,2,18,13,1,1,20251029,DAL,IND,7420,0,1628997|1629023|1630314|1630702|1642843,1,REG,2026,1610612742,,,,,
22500133193,,Shot Chart Detail,22500133,193,1642843,Cooper Flagg,1610612742,Dallas Mavericks,2,11,4,Missed Shot,Running Pull-Up Jump Shot,2PT Field Goal,Mid-Range,Right Side Center(RC),16-24 ft.,22,148,166,1,0,20251029,DAL,IND,7760,0,1628997|1629023|1630314|1630702|1642843,0,REG,2026,1610612742,,,,,
22500133196,,Shot Chart Detail,22500133,196,1630702,Jaden Hardy,1610612742,Dallas Mavericks,2,10,39,Missed Shot,Driving Floating Jump Shot,2PT Field Goal,In The Paint (Non-RA),Center(C),8-16 ft.,11,23,109,1,0,20251029,DAL,IND,8010,0,1628997|1629023|1630314|1630702|1642843,0,REG,2026,1610612742,,,,,
22500133218,,Shot Chart Detail,22500133,218,1629023,P.J. Washington,1610612742,Dallas Mavericks,2,10,5,Missed Shot,Driving Floating Jump Shot,2PT Field Goal,In The Paint (Non-RA),Center(C),Less Than 8 ft.,4,22,35,1,0,20251029,DAL,IND,8350,0,1628997|1629023|1630314|1630702|1642843,0,REG,2026,1610612742,,,,,
22500133224,,Shot Chart Detail,22500133,224,1630702,Jaden Hardy,1610612742,Dallas Mavericks,2,9,44,Missed Shot,Jump Shot,3PT Field Goal,Above the Break 3,Left Side Center(LC),24+ ft.,25,-137,211,1,0,20251029,DAL,IND,8560,0,1628997|1629023|1630314|1630702|1642843,0,REG,2026,1610612742,,,,,
22500133228,,Shot Chart Detail,22500133,228,1630314,Brandon Williams,1610612742,Dallas Mavericks,2,9,21,Missed Shot,Driving Floating Jump Shot,2PT Field Goal,In The Paint (Non-RA),Center(C),Less Than 8 ft.,6,5,66,1,0,20251029,DAL,IND,8790,0,1628997|1629023|1630314|1630702|1642843,0,REG,2026,1610612742,,,,,
22500133241,,Shot Chart Detail,22500133,241,1642843,Cooper Flagg,1610612742,Dallas Mavericks,2,8,51,Made Shot,Driving Layup Shot,2PT Field Goal,Restricted Area,Center(C),Less Than 8 ft.,3,-27,22,1,1,20251029,DAL,IND,9090,0,202691|1629023|1630230|1630314|1642843,0,REG,2026,1610612742,,,,,
22500133256,,Shot Chart Detail,22500133,256,202691,Klay Thompson,1610612742,Dallas Mavericks,2,7,43,Made Shot,Cutting Layup Shot,2PT Field Goal,Restricted Area,Center(C),Less Than 8 ft.,2,21,14,1,1,20251029,DAL,IND,9770,0,202691|1629023|1630230|1630314|1642843,1,REG,2026,1610612742,,,,,
22500133270,,Shot Chart Detail,22500133,270,1630314,Brandon Williams,1610612742,Dallas Mavericks,2,7,25,Made Shot,Driving Finger Roll Layup Shot,2PT Field Goal,Restricted Area,Center(C),Less Than 8 ft.,2,11,26,1,1,20251029,DAL,IND,9950,0,202691|203939|1629023|1630314|1631108,0,REG,2026,1610612742,,,,,
22500133273,,Shot Chart Detail,22500133,273,1631108,Max Christie,1610612742,Dallas Mavericks,2,7,5,Missed Shot,Running Pull-Up Jump Shot,3PT Field Goal,Above the Break 3,Left Side Center(LC),24+ ft.,24,-129,213,1,0,20251029,DAL,IND,10150,0,202691|203939|1629023|1630314|1631108,0,REG,2026,1610612742,,,,,
22500133291,,Shot Chart Detail,22500133,291,202691,Klay Thompson,1610612742,Dallas Mavericks,2,6,5,Missed Shot,Pullup Jump shot,2PT Field Goal,Mid-Range,Center(C),16-24 ft.,19,5,199,1,0,20251029,DAL,IND,10750,0,202691|203939|1629023|1630314|1631108,0,REG,2026,1610612742,,,,,
22500133293,,Shot Chart Detail,22500133,293,1630314,Brandon Williams,1610612742,Dallas Mavericks,2,5,59,Made Shot,Driving Layup Shot,2PT Field Goal,Restricted Area,Center(C),Less Than 8 ft.,1,-2,15,1,1,20251029,DAL,IND,10810,0,202691|203939|1629023|1630314|1631108,0,REG,2026,1610612742,,,,,
22500133296,,Shot Chart Detail,22500133,296,202691,Klay Thompson,1610612742,Dallas Mavericks,2,5,41,Made Shot,Running Pull-Up Jump Shot,3PT Field Goal,Above the Break 3,Right Side Center(RC),24+ ft.,25,173,194,1,1,20251029,DAL,IND,10990,0,202691|203939|1629023|1630314|1631108,1,REG,2026,1610612742,,,,,
22500133304,,Shot Chart Detail,22500133,304,1629023,P.J. Washington,1610612742,Dallas Mavericks,2,5,19,Missed Shot,Jump Shot,3PT Field Goal,Above the Break 3,Left Side Center(LC),24+ ft.,24,-201,145,1,0,20251029,DAL,IND,11210,0,202691|203939|1629023|1630314|1631108,0,REG,2026,1610612742,,,,,
22500133308,,Shot Chart Detail,22500133,308,1630314,Brandon Williams,1610612742,Dallas Mavericks,2,4,58,Made Shot,Driving Layup Shot,2PT Field Goal,Restricted Area,Center(C),Less Than 8 ft.,2,0,20,1,1,20251029,DAL,IND,11420,0,202691|203939|1629023|1630314|1631108,1,REG,2026,1610612742,,,,,
22500133323,,Shot Chart Detail,22500133,323,1631108,Max Christie,1610612742,Dallas Mavericks,2,3,50,Made Shot,Jump Shot,3PT Field Goal,Right Corner 3,Right Side(R),24+ ft.,23,233,22,1,1,20251029,DAL,IND,12100,0,202691|203939|1630314|1631108|1642843,1,REG,2026,1610612742,,,,,
22500133327,,Shot Chart Detail,22500133,327,1630314,Brandon Williams,1610612742,Dallas Mavericks,2,3,18,Made Shot,Fadeaway Jump Shot,2PT Field Goal,In The Paint (Non-RA),Right Side(R),8-16 ft.,11,69,98,1,1,20251029,DAL,IND,12420,0,202691|203939|1630314|1631108|1642843,0,REG,2026,1610612742,,,,,
22500133344,,Shot Chart Detail,22500133,344,1626156,D'Angelo Russell,1610612742,Dallas Mavericks,2,2,13,Missed Shot,Driving Floating Jump Shot,2PT Field Goal,In The Paint (Non-RA),Center(C),8-16 ft.,10,-4,100,1,0,20251029,DAL,IND,13070,0,202691|203939|1626156|1631108|1642843,0,REG,2026,1610612742,,,,,
22500133354,,Shot Chart Detail,22500133,354,1631108,Max Christie,1610612742,Dallas Mavericks,2,1,35,Missed Shot,Cutting Layup Shot,2PT Field Goal,Restricted Area,Center(C),Less Than 8 ft.,1,11,15,1,0,20251029,DAL,IND,13450,0,202691|203939|1626156|1631108|1642843,0,REG,2026,1610612742,,,,,
22500133357,,Shot Chart Detail,22500133,357,202691,Klay Thompson,1610612742,Dallas Mavericks,2,1,30,Missed Shot,Jump Shot,3PT Field Goal,Right Corner 3,Right Side(R),24+ ft.,24,230,81,1,0,20251029,DAL,IND,13500,0,202691|203939|1626156|1631108|1642843,0,REG,2026,1610612742,,,,,
22500133360,,Shot Chart Detail,22500133,360,202691,Klay Thompson,1610612742,Dallas Mavericks,2,1,8,Missed Shot,Jump Shot,3PT Field Goal,Above the Break 3,Right Side Center(RC),24+ ft.,25,173,184,1,0,20251029,DAL,IND,13720,0,202691|203939|1626156|1631108|1642843,0,REG,2026,1610612742,,,,,
22500133362,,Shot Chart Detail,22500133,362,1642843,Cooper Flagg,1610612742,Dallas Mavericks,2,1,4,Missed Shot,Turnaround Hook Shot,2PT Field Goal,In The Paint (Non-RA),Center(C),Less Than 8 ft.,5,50,4,1,0,20251029,DAL,IND,13760,0,202691|203939|1626156|1631108|1642843,0,REG,2026,1610612742,,,,,
22500133370,,Shot Chart Detail,22500133,370,202691,Klay Thompson,1610612742,Dallas Mavericks,2,0,27,Missed Shot,Jump Shot,3PT Field Goal,Above the Break 3,Right Side Center(RC),24+ ft.,25,164,189,1,0,20251029,DAL,IND,14130,0,202691|203939|1626156|1631108|1642843,0,REG,2026,1610612742,,,,,
22500133390,,Shot Chart Detail,22500133,390,1642843,Cooper Flagg,1610612742,Dallas Mavericks,3,11,34,Made Shot,Step Back Jump shot,2PT Field Goal,Mid-Range,Left Side Center(LC),16-24 ft.,19,-91,167,1,1,20251029,DAL,IND,14660,0,202691|203939|1629023|1631108|1642843,0,REG,2026,1610612742,,,,,
22500133406,,Shot Chart Detail,22500133,406,1642843,Cooper Flagg,1610612742,Dallas Mavericks,3,10,21,Missed Shot,Turnaround Fadeaway shot,2PT Field Goal,Mid-Range,Center(C),16-24 ft.,16,-31,164,1,0,20251029,DAL,IND,15390,0,202691|203939|1629023|1631108|1642843,0,REG,2026,1610612742,,,,,
22500133412,,Shot Chart Detail,22500133,412,203939,Dwight Powell,1610612742,Dallas Mavericks,3,9,57,Made Shot,Cutting Layup Shot,2PT Field Goal,Restricted Area,Center(C),Less Than 8 ft.,2,10,21,1,1,20251029,DAL,IND,15630,0,202691|203939|1629023|1631108|1642843,1,REG,2026,1610612742,,,,,
22500133421,,Shot Chart Detail,22500133,421,1629023,P.J. Washington,1610612742,Dallas Mavericks,3,9,31,Missed Shot,Running Layup Shot,2PT Field Goal,Restricted Area,Center(C),Less Than 8 ft.,3,-26,22,1,0,20251029,DAL,IND,15890,0,202691|203939|1629023|1631108|1642843,0,REG,2026,1610612742,,,,,
22500133428,,Shot Chart Detail,22500133,428,203939,Dwight Powell,1610612742,Dallas Mavericks,3,9,12,Made Shot,Layup Shot,2PT Field Goal,Restricted Area,Center(C),Less Than 8 ft.,2,-1,22,1,1,20251029,DAL,IND,16080,0,202691|203939|1629023|1631108|1642843,0,REG,2026,1610612742,,,,,
22500133431,,Shot Chart Detail,22500133,431,1642843,Cooper Flagg,1610612742,Dallas Mavericks,3,8,45,Missed Shot,Driving Hook Shot,2PT Field Goal,In The Paint (Non-RA),Center(C),Less Than 8 ft.,7,2,75,1,0,20251029,DAL,IND,16350,0,202691|203939|1629023|1631108|1642843,0,REG,2026,1610612742,,,,,
22500133439,,Shot Chart Detail,22500133,439,202691,Klay Thompson,1610612742,Dallas Mavericks,3,8,16,Missed Shot,Pullup Jump shot,2PT Field Goal,Mid-Range,Center(C),16-24 ft.,19,-23,195,1,0,20251029,DAL,IND,16640,0,202691|203939|1629023|1631108|1642843,0,REG,2026,1610612742,,,,,
22500133448,,Shot Chart Detail,22500133,448,1642843,Cooper Flagg,1610612742,Dallas Mavericks,3,7,38,Missed Shot,Turnaround Bank shot,2PT Field Goal,Restricted Area,Center(C),Less Than 8 ft.,2,16,22,1,0,20251029,DAL,IND,17020,0,203939|1626156|1629023|1631108|1642843,0,REG,2026,1610612742,,,,,
22500133453,,Shot Chart Detail,22500133,453,1626156,D'Angelo Russell,1610612742,Dallas Mavericks,3,7,24,Made Shot,Running Layup Shot,2PT Field Goal,In The Paint (Non-RA),Center(C),Less Than 8 ft.,4,-29,28,1,1,20251029,DAL,IND,17160,0,203939|1626156|1629023|1631108|1642843,0,REG,2026,1610612742,,,,,
22500133463,,Shot Chart Detail,22500133,463,1626156,D'Angelo Russell,1610612742,Dallas Mavericks,3,6,49,Made Shot,Driving Floating Jump Shot,2PT Field Goal,In The Paint (Non-RA),Center(C),8-16 ft.,12,36,117,1,1,20251029,DAL,IND,17510,0,1626156|1629023|1630230|1631108|1642843,1,REG,2026,1610612742,,,,,
22500133467,,Shot Chart Detail,22500133,467,1629023,P.J. Washington,1610612742,Dallas Mavericks,3,6,24,Missed Shot,Cutting Layup Shot,2PT Field Goal,Restricted Area,Center(C),Less Than 8 ft.,2,13,27,1,0,20251029,DAL,IND,17760,0,1626156|1629023|1630230|1631108|1642843,0,REG,2026,1610612742,,,,,
22500133480,,Shot Chart Detail,22500133,480,1626156,D'Angelo Russell,1610612742,Dallas Mavericks,3,5,47,Missed Shot,Pullup Jump shot,3PT Field Goal,Above the Break 3,Left Side Center(LC),24+ ft.,27,-167,222,1,0,20251029,DAL,IND,18130,0,1626156|1629023|1630230|1631108|1642843,0,REG,2026,1610612742,,,,,
22500133489,,Shot Chart Detail,22500133,489,1630314,Brandon Williams,1610612742,Dallas Mavericks,3,5,10,Made Shot,Pullup Jump shot,2PT Field Goal,Mid-Range,Center(C),16-24 ft.,18,43,178,1,1,20251029,DAL,IND,18500,0,1626156|1628997|1629023|1630230|1630314,1,REG,2026,1610612742,,,,,
22500133510,,Shot Chart Detail,22500133,510,1630314,Brandon Williams,1610612742,Dallas Mavericks,3,3,40,Made Shot,Driving Layup Shot,2PT Field Goal,Restricted Area,Center(C),Less Than 8 ft.,2,10,21,1,1,20251029,DAL,IND,19400,0,1626156|1628997|1629023|1630230|1630314,0,REG,2026,1610612742,,,,,
22500133524,,Shot Chart Detail,22500133,524,1630314,Brandon Williams,1610612742,Dallas Mavericks,3,3,22,Missed Shot,Driving Layup Shot,2PT Field Goal,Restricted Area,Center(C),Less Than 8 ft.,3,-12,33,1,0,20251029,DAL,IND,19580,0,203939|1628997|1630230|1630314|1642843,0,REG,2026,1610612742,,,,,
22500133530,,Shot Chart Detail,22500133,530,1630314,Brandon Williams,1610612742,Dallas Mavericks,3,2,54,Missed Shot,Jump Shot,3PT Field Goal,Above the Break 3,Right Side Center(RC),24+ ft.,24,232,88,1,0,20251029,DAL,IND,19860,0,203939|1628997|1630230|1630314|1642843,0,REG,2026,1610612742,,,,,
22500133535,,Shot Chart Detail,22500133,535,1630230,Naji Marshall,1610612742,Dallas Mavericks,3,2,38,Missed Shot,Running Reverse Layup Shot,2PT Field Goal,Restricted Area,Center(C),Less Than 8 ft.,1,0,12,1,0,20251029,DAL,IND,20020,0,203939|1628997|1630230|1630314|1642843,0,REG,2026,1610612742,,,,,
22500133567,,Shot Chart Detail,22500133,567,1628997,Caleb Martin,1610612742,Dallas Mavericks,3,0,58,Made Shot,Jump Shot,2PT Field Goal,Mid-Range,Right Side(R),16-24 ft.,19,194,1,1,1,20251029,DAL,IND,21020,0,203939|1628997|1630230|1630314|1642843,1,REG,2026,1610612742,,,,,
22500133573,,Shot Chart Detail,22500133,573,1628997,Caleb Martin,1610612742,Dallas Mavericks,3,0,35,Made Shot,Jump Shot,3PT Field Goal,Left Corner 3,Left Side(L),24+ ft.,23,-233,57,1,1,20251029,DAL,IND,21250,0,203939|1628997|1630230|1630314|1642843,1,REG,2026,1610612742,,,,,
22500133599,,Shot Chart Detail,22500133,599,1630314,Brandon Williams,1610612742,Dallas Mavericks,3,0,0,Made Shot,Driving Finger Roll Layup Shot,2PT Field Goal,In The Paint (Non-RA),Center(C),Less Than 8 ft.,7,10,73,1,1,20251029,DAL,IND,21600,0,203939|1630230|1630314|1631108|1642843,0,REG,2026,1610612742,,,,,
22500133609,,Shot Chart Detail,22500133,609,1629023,P.J. Washington,1610612742,Dallas Mavericks,4,11,41,Missed Shot,Jump Shot,3PT Field Goal,Left Corner 3,Left Side(L),24+ ft.,23,-237,21,1,0,20251029,DAL,IND,21790,0,202691|203939|1629023|1630314|1631108,0,REG,2026,1610612742,,,,,
22500133626,,Shot Chart Detail,22500133,626,203939,Dwight Powell,1610612742,Dallas Mavericks,4,10,20,Made Shot,Cutting Layup Shot,2PT Field Goal,Restricted Area,Center(C),Less Than 8 ft.,2,-11,22,1,1,20251029,DAL,IND,22600,0,202691|203939|1629023|1630314|1631108,1,REG,2026,1610612742,,,,,
22500133630,,Shot Chart Detail,22500133,630,1630314,Brandon Williams,1610612742,Dallas Mavericks,4,9,50,Made Shot,Driving Finger Roll Layup Shot,2PT Field Goal,Restricted Area,Center(C),Less Than 8 ft.,2,20,22,1,1,20251029,DAL,IND,22900,0,202691|203939|1629023|1630314|1631108,0,REG,2026,1610612742,,,,,
22500133639,,Shot Chart Detail,22500133,639,203939,Dwight Powell,1610612742,Dallas Mavericks,4,9,12,Made Shot,Cutting Layup Shot,2PT Field Goal,Restricted Area,Center(C),Less Than 8 ft.,1,12,13,1,1,20251029,DAL,IND,23280,0,202691|203939|1629023|1630314|1631108,1,REG,2026,1610612742,,,,,
22500133647,,Shot Chart Detail,22500133,647,202691,Klay Thompson,1610612742,Dallas Mavericks,4,8,40,Missed Shot,Jump Shot,3PT Field Goal,Left Corner 3,Left Side(L),24+ ft.,23,-235,-9,1,0,20251029,DAL,IND,23600,0,202691|203939|1629023|1630314|1631108,0,REG,2026,1610612742,,,,,
22500133658,,Shot Chart Detail,22500133,658,203939,Dwight Powell,1610612742,Dallas Mavericks,4,8,14,Missed Shot,Alley Oop Dunk Shot,2PT Field Goal,Restricted Area,Center(C),Less Than 8 ft.,2,2,26,1,0,20251029,DAL,IND,23860,0,203939|1630230|1630314|1631108|1642843,0,REG,2026,1610612742,,,,,
22500133677,,Shot Chart Detail,22500133,677,1642843,Cooper Flagg,1610612742,Dallas Mavericks,4,7,39,Made Shot,Reverse Layup Shot,2PT Field Goal,Restricted Area,Center(C),Less Than 8 ft.,2,22,8,1,1,20251029,DAL,IND,24210,0,203939|1626156|1630230|1631108|1642843,1,REG,2026,1610612742,,,,,
22500133683,,Shot Chart Detail,22500133,683,1626156,D'Angelo Russell,1610612742,Dallas Mavericks,4,6,56,Missed Shot,Step Back Jump shot,3PT Field Goal,Above the Break 3,Right Side Center(RC),24+ ft.,24,203,139,1,0,20251029,DAL,IND,24640,0,203939|1626156|1630230|1631108|1642843,0,REG,2026,1610612742,,,,,
22500133687,,Shot Chart Detail,22500133,687,1642843,Cooper Flagg,1610612742,Dallas Mavericks,4,6,38,Made Shot,Turnaround Hook Shot,2PT Field Goal,In The Paint (Non-RA),Center(C),Less Than 8 ft.,4,5,43,1,1,20251029,DAL,IND,24820,0,203939|1626156|1630230|1631108|1642843,0,REG,2026,1610612742,,,,,
22500133696,,Shot Chart Detail,22500133,696,1629023,P.J. Washington,1610612742,Dallas Mavericks,4,5,48,Made Shot,Layup Shot,2PT Field Goal,Restricted Area,Center(C),Less Than 8 ft.,2,15,15,1,1,20251029,DAL,IND,25320,0,1626156|1629023|1630230|1631108|1642843,1,REG,2026,1610612742,,,,,
22500133714,,Shot Chart Detail,22500133,714,1642843,Cooper Flagg,1610612742,Dallas Mavericks,4,4,48,Made Shot,Running Layup Shot,2PT Field Goal,Restricted Area,Center(C),Less Than 8 ft.,2,-5,20,1,1,20251029,DAL,IND,25920,0,1626156|1629023|1630230|1631108|1642843,1,REG,2026,1610612742,,,,,
22500133718,,Shot Chart Detail,22500133,718,1631108,Max Christie,1610612742,Dallas Mavericks,4,4,23,Made Shot,Running Dunk Shot,2PT Field Goal,Restricted Area,Center(C),Less Than 8 ft.,1,9,8,1,1,20251029,DAL,IND,26170,0,1626156|1629023|1630230|1631108|1642843,1,REG,2026,1610612742,,,,,
22500133744,,Shot Chart Detail,22500133,744,1630314,Brandon Williams,1610612742,Dallas Mavericks,4,2,59,Missed Shot,Driving Layup Shot,2PT Field Goal,In The Paint (Non-RA),Center(C),Less Than 8 ft.,7,62,38,1,0,20251029,DAL,IND,27010,0,203939|1630230|1630314|1631108|1642843,0,REG,2026,1610612742,,,,,
22500133753,,Shot Chart Detail,22500133,753,1631108,Max Christie,1610612742,Dallas Mavericks,4,2,24,Missed Shot,Jump Shot,3PT Field Goal,Above the Break 3,Right Side Center(RC),24+ ft.,26,175,194,1,0,20251029,DAL,IND,27360,0,203939|1630230|1630314|1631108|1642843,0,REG,2026,1610612742,,,,,
22500133767,,Shot Chart Detail,22500133,767,203939,Dwight Powell,1610612742,Dallas Mavericks,4,1,43,Missed Shot,Layup Shot,2PT Field Goal,Restricted Area,Center(C),Less Than 8 ft.,2,13,16,1,0,20251029,DAL,IND,27770,0,203939|1629023|1630314|1631108|1642843,0,REG,2026,1610612742,,,,,
22500133800,,Shot Chart Detail,22500133,800,1630314,Brandon Williams,1610612742,Dallas Mavericks,4,0,11,Missed Shot,Jump Bank Shot,3PT Field Goal,Above the Break 3,Left Side Center(LC),24+ ft.,27,-114,248,1,0,20251029,DAL,IND,28690,0,1626156|1629023|1630314|1631108|1642843,0,REG,2026,1610612742,,,,,
225001477,,Shot Chart Detail,22500147,7,1642843,Cooper Flagg,1610612742,Dallas Mavericks,1,11,45,Missed Shot,Driving Layup Shot,2PT Field Goal,In The Paint (Non-RA),Left Side(L),8-16 ft.,8,-74,31,1,0,20251101,DET,DAL,150,0,202691|1629023|1629655|1631108|1642843,0,REG,2026,1610612742,,,,,
2250014710,,Shot Chart Detail,22500147,10,1629023,P.J. Washington,1610612742,Dallas Mavericks,1,11,17,Missed Shot,Driving Floating Jump Shot,2PT Field Goal,In The Paint (Non-RA),Center(C),Less Than 8 ft.,6,39,54,1,0,20251101,DET,DAL,430,0,202691|1629023|1629655|1631108|1642843,0,REG,2026,1610612742,,,,,
2250014712,,Shot Chart Detail,22500147,12,1629655,Daniel Gafford,1610612742,Dallas Mavericks,1,11,12,Missed Shot,Layup Shot,2PT Field Goal,Restricted Area,Center(C),Less Than 8 ft.,1,-18,4,1,0,20251101,DET,DAL,480,0,202691|1629023|1629655|1631108|1642843,0,REG,2026,1610612742,,,,,
2250014717,,Shot Chart Detail,22500147,17,1642843,Cooper Flagg,1610612742,Dallas Mavericks,1,10,43,Missed Shot,Pullup Jump shot,2PT Field Goal,Mid-Range,Right Side(R),8-16 ft.,15,92,122,1,0,20251101,DET,DAL,770,0,202691|1629023|1629655|1631108|1642843,0,REG,2026,1610612742,,,,,
2250014722,,Shot Chart Detail,22500147,22,1629023,P.J. Washington,1610612742,Dallas Mavericks,1,10,18,Missed Shot,Pullup Jump shot,3PT Field Goal,Above the Break 3,Center(C),24+ ft.,26,-67,253,1,0,20251101,DET,DAL,1020,0,202691|1629023|1629655|1631108|1642843,0,REG,2026,1610612742,,,,,
2250014726,,Shot Chart Detail,22500147,26,1631108,Max Christie,1610612742,Dallas Mavericks,1,9,58,Made Shot,Running Jump Shot,3PT Field Goal,Left Corner 3,Left Side(L),24+ ft.,23,-238,-4,1,1,20251101,DET,DAL,1220,0,202691|1629023|1629655|1631108|1642843,1,REG,2026,1610612742,,,,,
2250014730,,Shot Chart Detail,22500147,30,202691,Klay Thompson,1610612742,Dallas Mavericks,1,9,25,Made Shot,Jump Shot,3PT Field Goal,Right Corner 3,Right Side(R),24+ ft.,24,235,64,1,1,20251101,DET,DAL,1550,0,202691|1629023|1629655|1631108|1642843,1,REG,2026,1610612742,,,,,
2250014743,,Shot Chart Detail,22500147,43,1629023,P.J. Washington,1610612742,Dallas Mavericks,1,8,38,Missed Shot,Jump Shot,3PT Field Goal,Left Corner 3,Left Side(L),24+ ft.,23,-232,20,1,0,20251101,DET,DAL,2020,0,202691|203939|1629023|1631108|1642843,0,REG,2026,1610612742,,,,,
2250014745,,Shot Chart Detail,22500147,45,202691,Klay Thompson,1610612742,Dallas Mavericks,1,8,34,Made Shot,Jump Shot,3PT Field Goal,Right Corner 3,Right Side(R),24+ ft.,22,228,20,1,1,20251101,DET,DAL,2060,0,202691|203939|1629023|1631108|1642843,1,REG,2026,1610612742,,,,,
2250014749,,Shot Chart Detail,22500147,49,1642843,Cooper Flagg,1610612742,Dallas Mavericks,1,8,9,Missed Shot,Pullup Jump shot,2PT Field Goal,Mid-Range,Center(C),16-24 ft.,16,-47,153,1,0,20251101,DET,DAL,2310,0,202691|203939|1629023|1631108|1642843,0,REG,2026,1610612742,,,,,
2250014756,,Shot Chart Detail,22500147,56,1631108,Max Christie,1610612742,Dallas Mavericks,1,7,43,Missed Shot,Jump Shot,3PT Field Goal,Right Corner 3,Right Side(R),24+ ft.,23,233,12,1,0,20251101,DET,DAL,2570,0,203939|1626156|1629023|1631108|1642843,0,REG,2026,1610612742,,,,,
2250014762,,Shot Chart Detail,22500147,62,1631108,Max Christie,1610612742,Dallas Mavericks,1,7,33,Made Shot,Driving Finger Roll Layup Shot,2PT Field Goal,In The Paint (Non-RA),Center(C),Less Than 8 ft.,4,40,4,1,1,20251101,DET,DAL,2670,0,203939|1626156|1629023|1631108|1642843,0,REG,2026,1610612742,,,,,
2250014765,,Shot Chart Detail,22500147,65,1629023,P.J. Washington,1610612742,Dallas Mavericks,1,7,6,Made Shot,Running Finger Roll Layup Shot,2PT Field Goal,Restricted Area,Center(C),Less Than 8 ft.,3,-5,33,1,1,20251101,DET,DAL,2940,0,203939|1626156|1629023|1631108|1642843,0,REG,2026,1610612742,,,,,
2250014773,,Shot Chart Detail,22500147,73,1626156,D'Angelo Russell,1610612742,Dallas Mavericks,1,6,38,Missed Shot,Driving Floating Jump Shot,2PT Field Goal,In The Paint (Non-RA),Center(C),Less Than 8 ft.,5,45,36,1,0,20251101,DET,DAL,3220,0,203939|1626156|1629023|1630230|1631108,0,REG,2026,1610612742,,,,,
2250014776,,Shot Chart Detail,22500147,76,1629023,P.J. Washington,1610612742,Dallas Mavericks,1,6,9,Made Shot,Driving Floating Jump Shot,2PT Field Goal,In The Paint (Non-RA),Left Side(L),8-16 ft.,8,-50,69,1,1,20251101,DET,DAL,3510,0,203939|1626156|1629023|1630230|1631108,1,REG,2026,1610612742,,,,,
2250014787,,Shot Chart Detail,22500147,87,203939,Dwight Powell,1610612742,Dallas Mavericks,1,5,35,Made Shot,Cutting Dunk Shot,2PT Field Goal,Restricted Area,Center(C),Less Than 8 ft.,3,32,11,1,1,20251101,DET,DAL,3850,0,203939|1626156|1629023|1630230|1631108,1,REG,2026,1610612742,,,,,
22500147105,,Shot Chart Detail,22500147,105,1629023,P.J. Washington,1610612742,Dallas Mavericks,1,4,16,Missed Shot,Running Jump Shot,3PT Field Goal,Above the Break 3,Right Side Center(RC),24+ ft.,25,191,167,1,0,20251101,DET,DAL,4640,0,203939|1626156|1629023|1630230|1630314,0,REG,2026,1610612742,,,,,
22500147116,,Shot Chart Detail,22500147,116,1630230,Naji Marshall,1610612742,Dallas Mavericks,1,3,54,Made Shot,Running Finger Roll Layup Shot,2PT Field Goal,Restricted Area,Center(C),Less Than 8 ft.,3,-29,18,1,1,20251101,DET,DAL,4860,0,203939|1626156|1629023|1630230|1630314,0,REG,2026,1610612742,,,,,
22500147119,,Shot Chart Detail,22500147,119,1626156,D'Angelo Russell,1610612742,Dallas Mavericks,1,3,40,Missed Shot,Running Jump Shot,3PT Field Goal,Above the Break 3,Right Side Center(RC),24+ ft.,29,143,254,1,0,20251101,DET,DAL,5000,0,203939|1626156|1629023|1630230|1630314,0,REG,2026,1610612742,,,,,
22500147128,,Shot Chart Detail,22500147,128,1642843,Cooper Flagg,1610612742,Dallas Mavericks,1,3,7,Made Shot,Pullup Jump shot,3PT Field Goal,Above the Break 3,Center(C),24+ ft.,25,45,253,1,1,20251101,DET,DAL,5330,0,203939|1626156|1630230|1630314|1642843,1,REG,2026,1610612742,,,,,
22500147141,,Shot Chart Detail,22500147,141,1630314,Brandon Williams,1610612742,Dallas Mavericks,1,2,39,Missed Shot,Driving Layup Shot,2PT Field Goal,Restricted Area,Center(C),Less Than 8 ft.,3,38,10,1,0,20251101,DET,DAL,5610,0,1628997|1629655|1630230|1630314|1642843,0,REG,2026,1610612742,,,,,
22500147143,,Shot Chart Detail,22500147,143,1630314,Brandon Williams,1610612742,Dallas Mavericks,1,2,25,Missed Shot,Jump Shot,3PT Field Goal,Right Corner 3,Right Side(R),24+ ft.,23,232,27,1,0,20251101,DET,DAL,5750,0,1628997|1629655|1630230|1630314|1642843,0,REG,2026,1610612742,,,,,
22500147170,,Shot Chart Detail,22500147,170,1626156,D'Angelo Russell,1610612742,Dallas Mavericks,1,1,13,Missed Shot,Jump Shot,3PT Field Goal,Above the Break 3,Left Side Center(LC),24+ ft.,25,-100,238,1,0,20251101,DET,DAL,6470,0,1626156|1628997|1629655|1630230|1642843,0,REG,2026,1610612742,,,,,
22500147176,,Shot Chart Detail,22500147,176,1630230,Naji Marshall,1610612742,Dallas Mavericks,1,0,42,Made Shot,Step Back Jump shot,3PT Field Goal,Above the Break 3,Left Side Center(LC),24+ ft.,26,-120,235,1,1,20251101,DET,DAL,6780,0,1626156|1628997|1629655|1630230|1642843,0,REG,2026,1610612742,,,,,
22500147204,,Shot Chart Detail,22500147,204,202691,Klay Thompson,1610612742,Dallas Mavericks,2,11,34,Missed Shot,Jump Shot,3PT Field Goal,Above the Break 3,Right Side Center(RC),24+ ft.,26,179,199,1,0,20251101,DET,DAL,7460,0,202691|1626156|1628997|1629023|1631108,0,REG,2026,1610612742,,,,,
22500147208,,Shot Chart Detail,22500147,208,1626156,D'Angelo Russell,1610612742,Dallas Mavericks,2,11,4,Missed Shot,Jump Shot,3PT Field Goal,Above the Break 3,Left Side Center(LC),24+ ft.,27,-194,190,1,0,20251101,DET,DAL,7760,0,202691|1626156|1628997|1629023|1631108,0,REG,2026,1610612742,,,,,
22500147211,,Shot Chart Detail,22500147,211,1629023,P.J. Washington,1610612742,Dallas Mavericks,2,10,38,Made Shot,Cutting Dunk Shot,2PT Field Goal,Restricted Area,Center(C),Less Than 8 ft.,3,17,34,1,1,20251101,DET,DAL,8020,0,202691|1626156|1628997|1629023|1631108,1,REG,2026,1610612742,,,,,
22500147217,,Shot Chart Detail,22500147,217,1626156,D'Angelo Russell,1610612742,Dallas Mavericks,2,10,6,Made Shot,Jump Shot,3PT Field Goal,Above the Break 3,Center(C),24+ ft.,29,-61,284,1,1,20251101,DET,DAL,8340,0,202691|1626156|1628997|1629023|1631108,1,REG,2026,1610612742,,,,,
22500147236,,Shot Chart Detail,22500147,236,1631108,Max Christie,1610612742,Dallas Mavericks,2,9,6,Missed Shot,Driving Finger Roll Layup Shot,2PT Field Goal,In The Paint (Non-RA),Center(C),Less Than 8 ft.,5,28,42,1,0,20251101,DET,DAL,8940,0,202691|1626156|1628997|1629023|1631108,0,REG,2026,1610612742,,,,,
22500147247,,Shot Chart Detail,22500147,247,1626156,D'Angelo Russell,1610612742,Dallas Mavericks,2,8,47,Made Shot,Step Back Jump shot,3PT Field Goal,Above the Break 3,Right Side Center(RC),24+ ft.,25,141,215,1,1,20251101,DET,DAL,9130,0,202691|1626156|1629023|1630230|1631108,0,REG,2026,1610612742,,,,,
22500147249,,Shot Chart Detail,22500147,249,1629023,P.J. Washington,1610612742,Dallas Mavericks,2,8,16,Missed Shot,Jump Shot,2PT Field Goal,Mid-Range,Center(C),8-16 ft.,15,11,152,1,0,20251101,DET,DAL,9440,0,202691|1626156|1629023|1630230|1631108,0,REG,2026,1610612742,,,,,
22500147252,,Shot Chart Detail,22500147,252,1631108,Max Christie,1610612742,Dallas Mavericks,2,7,51,Missed Shot,Jump Shot,3PT Field Goal,Left Corner 3,Left Side(L),24+ ft.,23,-232,-17,1,0,20251101,DET,DAL,9690,0,202691|1626156|1629023|1630230|1631108,0,REG,2026,1610612742,,,,,
22500147254,,Shot Chart Detail,22500147,254,1626156,D'Angelo Russell,1610612742,Dallas Mavericks,2,7,47,Made Shot,Floating Jump shot,2PT Field Goal,Mid-Range,Left Side Center(LC),16-24 ft.,17,-138,109,1,1,20251101,DET,DAL,9730,0,202691|1626156|1629023|1630230|1631108,0,REG,2026,1610612742,,,,,
22500147266,,Shot Chart Detail,22500147,266,1642843,Cooper Flagg,1610612742,Dallas Mavericks,2,7,24,Missed Shot,Jump Shot,3PT Field Goal,Above the Break 3,Right Side Center(RC),24+ ft.,25,170,196,1,0,20251101,DET,DAL,9960,0,202691|203939|1626156|1630230|1642843,0,REG,2026,1610612742,,,,,
22500147280,,Shot Chart Detail,22500147,280,1630230,Naji Marshall,1610612742,Dallas Mavericks,2,6,53,Missed Shot,Running Jump Shot,3PT Field Goal,Right Corner 3,Right Side(R),24+ ft.,23,229,22,1,0,20251101,DET,DAL,10270,0,202691|203939|1630230|1630314|1642843,0,REG,2026,1610612742,,,,,
22500147293,,Shot Chart Detail,22500147,293,1630314,Brandon Williams,1610612742,Dallas Mavericks,2,6,21,Missed Shot,Jump Shot,3PT Field Goal,Left Corner 3,Left Side(L),24+ ft.,22,-229,20,1,0,20251101,DET,DAL,10590,0,202691|203939|1630230|1630314|1642843,0,REG,2026,1610612742,,,,,
22500147300,,Shot Chart Detail,22500147,300,202691,Klay Thompson,1610612742,Dallas Mavericks,2,6,4,Missed Shot,Jump Shot,3PT Field Goal,Left Corner 3,Left Side(L),24+ ft.,24,-240,29,1,0,20251101,DET,DAL,10760,0,202691|203939|1630230|1630314|1642843,0,REG,2026,1610612742,,,,,
22500147319,,Shot Chart Detail,22500147,319,202691,Klay Thompson,1610612742,Dallas Mavericks,2,4,57,Made Shot,Cutting Layup Shot,2PT Field Goal,In The Paint (Non-RA),Center(C),Less Than 8 ft.,4,40,10,1,1,20251101,DET,DAL,11430,0,202691|1629655|1630230|1630314|1642843,1,REG,2026,1610612742,,,,,
22500147324,,Shot Chart Detail,22500147,324,202691,Klay Thompson,1610612742,Dallas Mavericks,2,4,19,Missed Shot,Driving Floating Jump Shot,2PT Field Goal,In The Paint (Non-RA),Center(C),Less Than 8 ft.,7,-17,69,1,0,20251101,DET,DAL,11810,0,202691|1629655|1630230|1630314|1642843,0,REG,2026,1610612742,,,,,
22500147328,,Shot Chart Detail,22500147,328,202691,Klay Thompson,1610612742,Dallas Mavericks,2,3,53,Missed Shot,Pullup Jump shot,3PT Field Goal,Above the Break 3,Center(C),24+ ft.,25,75,243,1,0,20251101,DET,DAL,12070,0,202691|1629655|1630230|1630314|1642843,0,REG,2026,1610612742,,,,,
22500147339,,Shot Chart Detail,22500147,339,1630314,Brandon Williams,1610612742,Dallas Mavericks,2,3,39,Missed Shot,Jump Shot,3PT Field Goal,Right Corner 3,Right Side(R),24+ ft.,24,228,81,1,0,20251101,DET,DAL,12210,0,1629023|1629655|1630314|1631108|1642843,0,REG,2026,1610612742,,,,,
22500147354,,Shot Chart Detail,22500147,354,1630314,Brandon Williams,1610612742,Dallas Mavericks,2,3,2,Made Shot,Step Back Jump shot,2PT Field Goal,Mid-Range,Left Side(L),8-16 ft.,15,-148,59,1,1,20251101,DET,DAL,12580,0,203939|1629023|1630314|1631108|1642843,0,REG,2026,1610612742,,,,,
22500147364,,Shot Chart Detail,22500147,364,1630314,Brandon Williams,1610612742,Dallas Mavericks,2,2,11,Made Shot,Driving Layup Shot,2PT Field Goal,In The Paint (Non-RA),Center(C),Less Than 8 ft.,4,-42,0,1,1,20251101,DET,DAL,13090,0,203939|1629023|1630314|1631108|1642843,1,REG,2026,1610612742,,,,,
22500147369,,Shot Chart Detail,22500147,369,1631108,Max Christie,1610612742,Dallas Mavericks,2,2,7,Made Shot,Jump Shot,3PT Field Goal,Left Corner 3,Left Side(L),24+ ft.,23,-235,31,1,1,20251101,DET,DAL,13130,0,203939|1629023|1630314|1631108|1642843,1,REG,2026,1610612742,,,,,
22500147373,,Shot Chart Detail,22500147,373,1642843,Cooper Flagg,1610612742,Dallas Mavericks,2,1,44,Missed Shot,Driving Layup Shot,2PT Field Goal,Restricted Area,Center(C),Less Than 8 ft.,3,33,5,1,0,20251101,DET,DAL,13360,0,203939|1629023|1630314|1631108|1642843,0,REG,2026,1610612742,,,,,
22500147377,,Shot Chart Detail,22500147,377,1642843,Cooper Flagg,1610612742,Dallas Mavericks,2,1,14,Made Shot,Pullup Jump shot,3PT Field Goal,Above the Break 3,Center(C),24+ ft.,26,-48,259,1,1,20251101,DET,DAL,13660,0,203939|1629023|1630314|1631108|1642843,0,REG,2026,1610612742,,,,,
22500147380,,Shot Chart Detail,22500147,380,1630314,Brandon Williams,1610612742,Dallas Mavericks,2,0,46,Made Shot,Running Jump Shot,3PT Field Goal,Above the Break 3,Left Side Center(LC),24+ ft.,27,-210,172,1,1,20251101,DET,DAL,13940,0,203939|1629023|1630314|1631108|1642843,1,REG,2026,1610612742,,,,,
22500147400,,Shot Chart Detail,22500147,400,1642843,Cooper Flagg,1610612742,Dallas Mavericks,2,0,0,Missed Shot,Jump Shot,3PT Field Goal,Above the Break 3,Center(C),24+ ft.,35,103,344,1,0,20251101,DET,DAL,14400,0,1628997|1629023|1630230|1631108|1642843,0,REG,2026,1610612742,,,,,
22500147416,,Shot Chart Detail,22500147,416,1631108,Max Christie,1610612742,Dallas Mavericks,3,11,36,Made Shot,Driving Floating Jump Shot,2PT Field Goal,In The Paint (Non-RA),Center(C),Less Than 8 ft.,5,-54,16,1,1,20251101,DET,DAL,14640,0,202691|1629023|1629655|1631108|1642843,1,REG,2026,1610612742,,,,,
22500147425,,Shot Chart Detail,22500147,425,1642843,Cooper Flagg,1610612742,Dallas Mavericks,3,10,36,Missed Shot,Driving Layup Shot,2PT Field Goal,In The Paint (Non-RA),Center(C),Less Than 8 ft.,4,-44,8,1,0,20251101,DET,DAL,15240,0,202691|1629023|1629655|1631108|1642843,0,REG,2026,1610612742,,,,,
22500147427,,Shot Chart Detail,22500147,427,1629655,Daniel Gafford,1610612742,Dallas Mavericks,3,10,34,Made Shot,Putback Layup Shot,2PT Field Goal,Restricted Area,Center(C),Less Than 8 ft.,1,-18,-2,1,1,20251101,DET,DAL,15260,0,202691|1629023|1629655|1631108|1642843,0,REG,2026,1610612742,,,,,
22500147435,,Shot Chart Detail,22500147,435,1642843,Cooper Flagg,1610612742,Dallas Mavericks,3,10,1,Missed Shot,Jump Shot,3PT Field Goal,Left Corner 3,Left Side(L),24+ ft.,23,-232,13,1,0,20251101,DET,DAL,15590,0,202691|1629023|1629655|1631108|1642843,0,REG,2026,1610612742,,,,,
22500147439,,Shot Chart Detail,22500147,439,202691,Klay Thompson,1610612742,Dallas Mavericks,3,9,36,Made Shot,Jump Shot,3PT Field Goal,Above the Break 3,Right Side Center(RC),24+ ft.,25,135,220,1,1,20251101,DET,DAL,15840,0,202691|1629023|1629655|1631108|1642843,1,REG,2026,1610612742,,,,,
22500147451,,Shot Chart Detail,22500147,451,1642843,Cooper Flagg,1610612742,Dallas Mavericks,3,9,4,Missed Shot,Driving Layup Shot,2PT Field Goal,In The Paint (Non-RA),Center(C),Less Than 8 ft.,5,50,8,1,0,20251101,DET,DAL,16160,0,202691|203939|1629023|1631108|1642843,0,REG,2026,1610612742,,,,,
22500147455,,Shot Chart Detail,22500147,455,1631108,Max Christie,1610612742,Dallas Mavericks,3,8,47,Missed Shot,Jump Shot,3PT Field Goal,Left Corner 3,Left Side(L),24+ ft.,23,-233,14,1,0,20251101,DET,DAL,16330,0,202691|203939|1629023|1631108|1642843,0,REG,2026,1610612742,,,,,
22500147467,,Shot Chart Detail,22500147,467,1626156,D'Angelo Russell,1610612742,Dallas Mavericks,3,7,39,Made Shot,Jump Shot,3PT Field Goal,Above the Break 3,Left Side Center(LC),24+ ft.,26,-208,156,1,1,20251101,DET,DAL,17010,0,203939|1626156|1629023|1631108|1642843,1,REG,2026,1610612742,,,,,
22500147485,,Shot Chart Detail,22500147,485,1626156,D'Angelo Russell,1610612742,Dallas Mavericks,3,6,21,Made Shot,Pullup Jump shot,2PT Field Goal,Mid-Range,Left Side(L),8-16 ft.,11,-89,73,1,1,20251101,DET,DAL,17790,0,203939|1626156|1629023|1630230|1631108,1,REG,2026,1610612742,,,,,
22500147498,,Shot Chart Detail,22500147,498,1626156,D'Angelo Russell,1610612742,Dallas Mavericks,3,5,14,Missed Shot,Jump Shot,3PT Field Goal,Above the Break 3,Left Side Center(LC),24+ ft.,26,-130,227,1,0,20251101,DET,DAL,18460,0,203939|1626156|1629023|1630230|1631108,0,REG,2026,1610612742,,,,,
22500147507,,Shot Chart Detail,22500147,507,1630230,Naji Marshall,1610612742,Dallas Mavericks,3,4,18,Made Shot,Driving Floating Jump Shot,2PT Field Goal,Mid-Range,Right Side(R),8-16 ft.,13,135,16,1,1,20251101,DET,DAL,19020,0,203939|1626156|1629023|1630230|1631108,0,REG,2026,1610612742,,,,,
22500147510,,Shot Chart Detail,22500147,510,1629023,P.J. Washington,1610612742,Dallas Mavericks,3,3,40,Missed Shot,Jump Shot,3PT Field Goal,Left Corner 3,Left Side(L),24+ ft.,23,-233,-10,1,0,20251101,DET,DAL,19400,0,203939|1626156|1629023|1630230|1631108,0,REG,2026,1610612742,,,,,
22500147530,,Shot Chart Detail,22500147,530,1626156,D'Angelo Russell,1610612742,Dallas Mavericks,3,3,9,Made Shot,Driving Floating Jump Shot,2PT Field Goal,In The Paint (Non-RA),Center(C),Less Than 8 ft.,6,-6,63,1,1,20251101,DET,DAL,19710,0,1626156|1629655|1630230|1630314|1642843,0,REG,2026,1610612742,,,,,
22500147538,,Shot Chart Detail,22500147,538,1629655,Daniel Gafford,1610612742,Dallas Mavericks,3,2,10,Made Shot,Alley Oop Dunk Shot,2PT Field Goal,Restricted Area,Center(C),Less Than 8 ft.,2,25,1,1,1,20251101,DET,DAL,20300,0,1626156|1629655|1630230|1630314|1642843,1,REG,2026,1610612742,,,,,
22500147554,,Shot Chart Detail,22500147,554,1626156,D'Angelo Russell,1610612742,Dallas Mavericks,3,1,6,Made Shot,Jump Shot,3PT Field Goal,Above the Break 3,Right Side Center(RC),24+ ft.,27,153,231,1,1,20251101,DET,DAL,20940,0,1626156|1628997|1629655|1630314|1642843,1,REG,2026,1610612742,,,,,
22500147560,,Shot Chart Detail,22500147,560,1642843,Cooper Flagg,1610612742,Dallas Mavericks,3,0,28,Made Shot,Pullup Jump shot,2PT Field Goal,Mid-Range,Right Side(R),16-24 ft.,16,146,79,1,1,20251101,DET,DAL,21320,0,1626156|1628997|1629655|1630314|1642843,1,REG,2026,1610612742,,,,,
22500147587,,Shot Chart Detail,22500147,587,1642843,Cooper Flagg,1610612742,Dallas Mavericks,4,11,28,Missed Shot,Driving Layup Shot,2PT Field Goal,In The Paint (Non-RA),Center(C),Less Than 8 ft.,5,-58,0,1,0,20251101,DET,DAL,21920,0,202691|1628997|1629023|1630314|1642843,0,REG,2026,1610612742,,,,,
22500147591,,Shot Chart Detail,22500147,591,1642843,Cooper Flagg,1610612742,Dallas Mavericks,4,11,17,Missed Shot,Pullup Jump shot,3PT Field Goal,Above the Break 3,Center(C),24+ ft.,35,40,350,1,0,20251101,DET,DAL,22030,0,202691|1628997|1629023|1630314|1642843,0,REG,2026,1610612742,,,,,
22500147601,,Shot Chart Detail,22500147,601,1628997,Caleb Martin,1610612742,Dallas Mavericks,4,10,17,Missed Shot,Jump Shot,3PT Field Goal,Right Corner 3,Right Side(R),24+ ft.,23,237,26,1,0,20251101,DET,DAL,22630,0,202691|1628997|1629023|1630314|1642843,0,REG,2026,1610612742,,,,,
22500147606,,Shot Chart Detail,22500147,606,1629023,P.J. Washington,1610612742,Dallas Mavericks,4,10,3,Missed Shot,Cutting Layup Shot,2PT Field Goal,In The Paint (Non-RA),Center(C),Less Than 8 ft.,4,42,3,1,0,20251101,DET,DAL,22770,0,202691|1626156|1628997|1629023|1642843,0,REG,2026,1610612742,,,,,
22500147611,,Shot Chart Detail,22500147,611,1626156,D'Angelo Russell,1610612742,Dallas Mavericks,4,9,20,Made Shot,Jump Shot,3PT Field Goal,Above the Break 3,Right Side Center(RC),24+ ft.,27,132,239,1,1,20251101,DET,DAL,23200,0,202691|1626156|1628997|1629023|1642843,1,REG,2026,1610612742,,,,,
22500147615,,Shot Chart Detail,22500147,615,1626156,D'Angelo Russell,1610612742,Dallas Mavericks,4,8,55,Made Shot,Running Pull-Up Jump Shot,3PT Field Goal,Above the Break 3,Left Side Center(LC),24+ ft.,27,-91,261,1,1,20251101,DET,DAL,23450,0,202691|1626156|1628997|1629023|1642843,1,REG,2026,1610612742,,,,,
22500147628,,Shot Chart Detail,22500147,628,1629023,P.J. Washington,1610612742,Dallas Mavericks,4,8,26,Missed Shot,Cutting Layup Shot,2PT Field Goal,Restricted Area,Center(C),Less Than 8 ft.,3,32,15,1,0,20251101,DET,DAL,23740,0,1626156|1628997|1629023|1630230|1631108,0,REG,2026,1610612742,,,,,
22500147632,,Shot Chart Detail,22500147,632,1628997,Caleb Martin,1610612742,Dallas Mavericks,4,8,4,Missed Shot,Running Dunk Shot,2PT Field Goal,In The Paint (Non-RA),Center(C),Less Than 8 ft.,5,48,14,1,0,20251101,DET,DAL,23960,0,1626156|1628997|1629023|1630230|1631108,0,REG,2026,1610612742,,,,,
22500147678,,Shot Chart Detail,22500147,678,1631108,Max Christie,1610612742,Dallas Mavericks,4,6,11,Made Shot,Driving Layup Shot,2PT Field Goal,Restricted Area,Center(C),Less Than 8 ft.,3,-38,-1,1,1,20251101,DET,DAL,25090,0,1626156|1629023|1629655|1630230|1631108,1,REG,2026,1610612742,,,,,
22500147691,,Shot Chart Detail,22500147,691,1626156,D'Angelo Russell,1610612742,Dallas Mavericks,4,4,51,Made Shot,Jump Shot,3PT Field Goal,Above the Break 3,Right Side Center(RC),24+ ft.,27,146,235,1,1,20251101,DET,DAL,25890,0,1626156|1629023|1629655|1631108|1642843,1,REG,2026,1610612742,,,,,
22500147701,,Shot Chart Detail,22500147,701,1626156,D'Angelo Russell,1610612742,Dallas Mavericks,4,4,21,Missed Shot,Step Back Jump shot,3PT Field Goal,Above the Break 3,Right Side Center(RC),24+ ft.,30,205,222,1,0,20251101,DET,DAL,26190,0,203939|1626156|1629023|1631108|1642843,0,REG,2026,1610612742,,,,,
22500147708,,Shot Chart Detail,22500147,708,1629023,P.J. Washington,1610612742,Dallas Mavericks,4,3,56,Missed Shot,Jump Shot,3PT Field Goal,Left Corner 3,Left Side(L),24+ ft.,23,-235,1,1,0,20251101,DET,DAL,26440,0,203939|1626156|1629023|1631108|1642843,0,REG,2026,1610612742,,,,,
22500147736,,Shot Chart Detail,22500147,736,1629023,P.J. Washington,1610612742,Dallas Mavericks,4,1,54,Missed Shot,Jump Shot,3PT Field Goal,Above the Break 3,Center(C),24+ ft.,25,22,252,1,0,20251101,DET,DAL,27660,0,1626156|1629023|1630230|1631108|1642843,0,REG,2026,1610612742,,,,,
22500147741,,Shot Chart Detail,22500147,741,1630230,Naji Marshall,1610612742,Dallas Mavericks,4,1,30,Missed Shot,Jump Shot,3PT Field Goal,Left Corner 3,Left Side(L),24+ ft.,23,-235,19,1,0,20251101,DET,DAL,27900,0,1626156|1629023|1630230|1631108|1642843,0,REG,2026,1610612742,,,,,
22500147754,,Shot Chart Detail,22500147,754,202691,Klay Thompson,1610612742,Dallas Mavericks,4,0,55,Missed Shot,Jump Shot,3PT Field Goal,Above the Break 3,Right Side Center(RC),24+ ft.,26,224,136,1,0,20251101,DET,DAL,28250,0,202691|1626156|1629023|1631108|1642843,0,REG,2026,1610612742,,,,,
22500147757,,Shot Chart Detail,22500147,757,1626156,D'Angelo Russell,1610612742,Dallas Mavericks,4,0,29,Missed Shot,Pullup Jump shot,3PT Field Goal,Above the Break 3,Center(C),24+ ft.,32,-62,321,1,0,20251101,DET,DAL,28510,0,202691|1626156|1629023|1631108|1642843,0,REG,2026,1610612742,,,,,
225001607,,Shot Chart Detail,22500160,7,1631108,Max Christie,1610612742,Dallas Mavericks,1,11,45,Made Shot,Driving Finger Roll Layup Shot,2PT Field Goal,Restricted Area,Center(C),Less Than 8 ft.,1,1,11,1,1,20251103,HOU,DAL,150,0,202691|1629023|1629655|1631108|1642843,0,REG,2026,1610612742,,,,,
2250016010,,Shot Chart Detail,22500160,10,1642843,Cooper Flagg,1610612742,Dallas Mavericks,1,11,6,Made Shot,Driving Layup Shot,2PT Field Goal,Restricted Area,Center(C),Less Than 8 ft.,0,-2,6,1,1,20251103,HOU,DAL,540,0,202691|1629023|1629655|1631108|1642843,1,REG,2026,1610612742,,,,,
2250016014,,Shot Chart Detail,22500160,14,1631108,Max Christie,1610612742,Dallas Mavericks,1,10,41,Missed Shot,Driving Layup Shot,2PT Field Goal,Mid-Range,Right Side(R),8-16 ft.,11,99,51,1,0,20251103,HOU,DAL,790,0,202691|1629023|1629655|1631108|1642843,0,REG,2026,1610612742,,,,,
2250016022,,Shot Chart Detail,22500160,22,1629655,Daniel Gafford,1610612742,Dallas Mavericks,1,10,12,Missed Shot,Alley Oop Dunk Shot,2PT Field Goal,Restricted Area,Center(C),Less Than 8 ft.,1,16,3,1,0,20251103,HOU,DAL,1080,0,202691|1629023|1629655|1631108|1642843,0,REG,2026,1610612742,,,,,
2250016024,,Shot Chart Detail,22500160,24,202691,Klay Thompson,1610612742,Dallas Mavericks,1,10,5,Missed Shot,Jump Shot,3PT Field Goal,Above the Break 3,Right Side Center(RC),24+ ft.,24,97,228,1,0,20251103,HOU,DAL,1150,0,202691|1629023|1629655|1631108|1642843,0,REG,2026,1610612742,,,,,
2250016026,,Shot Chart Detail,22500160,26,1629023,P.J. Washington,1610612742,Dallas Mavericks,1,10,0,Missed Shot,Jump Shot,3PT Field Goal,Above the Break 3,Center(C),24+ ft.,24,16,248,1,0,20251103,HOU,DAL,1200,0,202691|1629023|1629655|1631108|1642843,0,REG,2026,1610612742,,,,,
2250016030,,Shot Chart Detail,22500160,30,1629023,P.J. Washington,1610612742,Dallas Mavericks,1,9,40,Made Shot,Driving Hook Shot,2PT Field Goal,In The Paint (Non-RA),Center(C),Less Than 8 ft.,7,6,75,1,1,20251103,HOU,DAL,1400,0,202691|1629023|1629655|1631108|1642843,1,REG,2026,1610612742,,,,,
2250016039,,Shot Chart Detail,22500160,39,202691,Klay Thompson,1610612742,Dallas Mavericks,1,8,48,Made Shot,Running Pull-Up Jump Shot,3PT Field Goal,Above the Break 3,Left Side Center(LC),24+ ft.,24,-147,197,1,1,20251103,HOU,DAL,1920,0,202691|1629023|1629655|1631108|1642843,1,REG,2026,1610612742,,,,,
2250016043,,Shot Chart Detail,22500160,43,202691,Klay Thompson,1610612742,Dallas Mavericks,1,8,9,Made Shot,Pullup Jump shot,2PT Field Goal,Mid-Range,Right Side Center(RC),16-24 ft.,20,131,155,1,1,20251103,HOU,DAL,2310,0,202691|1629023|1629655|1631108|1642843,1,REG,2026,1610612742,,,,,
2250016055,,Shot Chart Detail,22500160,55,202691,Klay Thompson,1610612742,Dallas Mavericks,1,7,21,Missed Shot,Running Jump Shot,3PT Field Goal,Above the Break 3,Right Side Center(RC),24+ ft.,26,156,214,1,0,20251103,HOU,DAL,2790,0,202691|203939|1629023|1631108|1642843,0,REG,2026,1610612742,,,,,
2250016062,,Shot Chart Detail,22500160,62,203939,Dwight Powell,1610612742,Dallas Mavericks,1,7,4,Missed Shot,Cutting Layup Shot,2PT Field Goal,Restricted Area,Center(C),Less Than 8 ft.,3,-9,29,1,0,20251103,HOU,DAL,2960,0,202691|203939|1629023|1631108|1642843,0,REG,2026,1610612742,,,,,
2250016077,,Shot Chart Detail,22500160,77,1642843,Cooper Flagg,1610612742,Dallas Mavericks,1,6,11,Made Shot,Jump Shot,3PT Field Goal,Above the Break 3,Right Side Center(RC),24+ ft.,24,163,187,1,1,20251103,HOU,DAL,3490,0,203939|1626156|1630230|1631108|1642843,1,REG,2026,1610612742,,,,,
2250016086,,Shot Chart Detail,22500160,86,1631108,Max Christie,1610612742,Dallas Mavericks,1,5,41,Made Shot,Driving Finger Roll Layup Shot,2PT Field Goal,Restricted Area,Center(C),Less Than 8 ft.,0,1,8,1,1,20251103,HOU,DAL,3790,0,203939|1626156|1630230|1631108|1642843,1,REG,2026,1610612742,,,,,
2250016090,,Shot Chart Detail,22500160,90,1626156,D'Angelo Russell,1610612742,Dallas Mavericks,1,5,3,Missed Shot,Driving Hook Shot,2PT Field Goal,In The Paint (Non-RA),Center(C),Less Than 8 ft.,6,-50,47,1,0,20251103,HOU,DAL,4170,0,203939|1626156|1630230|1631108|1642843,0,REG,2026,1610612742,,,,,
2250016098,,Shot Chart Detail,22500160,98,1642843,Cooper Flagg,1610612742,Dallas Mavericks,1,4,25,Made Shot,Hook Shot,2PT Field Goal,In The Paint (Non-RA),Center(C),Less Than 8 ft.,4,33,36,1,1,20251103,HOU,DAL,4550,0,203939|1626156|1630230|1631108|1642843,0,REG,2026,1610612742,,,,,
22500160111,,Shot Chart Detail,22500160,111,1642843,Cooper Flagg,1610612742,Dallas Mavericks,1,4,0,Made Shot,Turnaround Fadeaway shot,2PT Field Goal,In The Paint (Non-RA),Center(C),8-16 ft.,11,-20,110,1,1,20251103,HOU,DAL,4800,0,1626156|1630230|1630619|1630702|1642843,0,REG,2026,1610612742,,,,,
22500160114,,Shot Chart Detail,22500160,114,1630230,Naji Marshall,1610612742,Dallas Mavericks,1,3,42,Made Shot,Running Dunk Shot,2PT Field Goal,Restricted Area,Center(C),Less Than 8 ft.,0,-7,3,1,1,20251103,HOU,DAL,4980,0,1626156|1630230|1630619|1630702|1642843,0,REG,2026,1610612742,,,,,
22500160117,,Shot Chart Detail,22500160,117,1626156,D'Angelo Russell,1610612742,Dallas Mavericks,1,3,21,Missed Shot,Running Jump Shot,3PT Field Goal,Above the Break 3,Left Side Center(LC),24+ ft.,25,-137,215,1,0,20251103,HOU,DAL,5190,0,1626156|1630230|1630619|1630702|1642843,0,REG,2026,1610612742,,,,,
22500160124,,Shot Chart Detail,22500160,124,1630230,Naji Marshall,1610612742,Dallas Mavericks,1,3,1,Missed Shot,Driving Layup Shot,2PT Field Goal,Restricted Area,Center(C),Less Than 8 ft.,3,-13,36,1,0,20251103,HOU,DAL,5390,0,1626156|1630230|1630619|1630702|1642843,0,REG,2026,1610612742,,,,,
22500160128,,Shot Chart Detail,22500160,128,1642843,Cooper Flagg,1610612742,Dallas Mavericks,1,2,58,Missed Shot,Jump Shot,3PT Field Goal,Left Corner 3,Left Side(L),24+ ft.,23,-230,13,1,0,20251103,HOU,DAL,5420,0,1626156|1630230|1630619|1630702|1642843,0,REG,2026,1610612742,,,,,
22500160149,,Shot Chart Detail,22500160,149,1630702,Jaden Hardy,1610612742,Dallas Mavericks,1,1,43,Missed Shot,Jump Shot,3PT Field Goal,Above the Break 3,Right Side Center(RC),24+ ft.,24,151,197,1,0,20251103,HOU,DAL,6170,0,1629023|1630230|1630314|1630619|1630702,0,REG,2026,1610612742,,,,,
22500160154,,Shot Chart Detail,22500160,154,1630230,Naji Marshall,1610612742,Dallas Mavericks,1,1,26,Made Shot,Running Dunk Shot,2PT Field Goal,Restricted Area,Center(C),Less Than 8 ft.,1,7,13,1,1,20251103,HOU,DAL,6340,0,1629023|1630230|1630314|1630619|1630702,0,REG,2026,1610612742,,,,,
22500160159,,Shot Chart Detail,22500160,159,1630230,Naji Marshall,1610612742,Dallas Mavericks,1,1,2,Missed Shot,Jump Shot,3PT Field Goal,Above the Break 3,Right Side Center(RC),24+ ft.,25,167,195,1,0,20251103,HOU,DAL,6580,0,1629023|1630230|1630314|1630619|1630702,0,REG,2026,1610612742,,,,,
22500160163,,Shot Chart Detail,22500160,163,1630314,Brandon Williams,1610612742,Dallas Mavericks,1,0,46,Made Shot,Running Layup Shot,2PT Field Goal,Restricted Area,Center(C),Less Than 8 ft.,2,7,29,1,1,20251103,HOU,DAL,6740,0,1629023|1630230|1630314|1630619|1630702,1,REG,2026,1610612742,,,,,
22500160169,,Shot Chart Detail,22500160,169,1629023,P.J. Washington,1610612742,Dallas Mavericks,1,0,30,Missed Shot,Floating Jump shot,2PT Field Goal,In The Paint (Non-RA),Center(C),8-16 ft.,9,9,98,1,0,20251103,HOU,DAL,6900,0,1629023|1630230|1630314|1630619|1630702,0,REG,2026,1610612742,,,,,
22500160171,,Shot Chart Detail,22500160,171,1630619,Moussa Cisse,1610612742,Dallas Mavericks,1,0,29,Missed Shot,Tip Layup Shot,2PT Field Goal,Restricted Area,Center(C),Less Than 8 ft.,0,0,0,1,0,20251103,HOU,DAL,6910,0,1628997|1629023|1630230|1630619|1631108,0,REG,2026,1610612742,,,,,
22500160213,,Shot Chart Detail,22500160,213,1628997,Caleb Martin,1610612742,Dallas Mavericks,2,11,26,Missed Shot,Jump Shot,2PT Field Goal,Mid-Range,Right Side(R),16-24 ft.,20,203,-15,1,0,20251103,HOU,DAL,7540,0,202691|1628997|1629023|1629655|1630314,0,REG,2026,1610612742,,,,,
22500160219,,Shot Chart Detail,22500160,219,1630314,Brandon Williams,1610612742,Dallas Mavericks,2,10,50,Missed Shot,Pullup Jump shot,3PT Field Goal,Above the Break 3,Center(C),24+ ft.,26,-39,262,1,0,20251103,HOU,DAL,7900,0,202691|1628997|1629023|1629655|1630314,0,REG,2026,1610612742,,,,,
22500160221,,Shot Chart Detail,22500160,221,202691,Klay Thompson,1610612742,Dallas Mavericks,2,10,43,Missed Shot,Jump Shot,3PT Field Goal,Above the Break 3,Right Side Center(RC),24+ ft.,25,168,198,1,0,20251103,HOU,DAL,7970,0,202691|1628997|1629023|1629655|1630314,0,REG,2026,1610612742,,,,,
22500160224,,Shot Chart Detail,22500160,224,202691,Klay Thompson,1610612742,Dallas Mavericks,2,10,15,Missed Shot,Jump Shot,3PT Field Goal,Left Corner 3,Left Side(L),24+ ft.,22,-223,-5,1,0,20251103,HOU,DAL,8250,0,202691|1628997|1629023|1629655|1630314,0,REG,2026,1610612742,,,,,
22500160229,,Shot Chart Detail,22500160,229,1629655,Daniel Gafford,1610612742,Dallas Mavericks,2,10,15,Made Shot,Tip Layup Shot,2PT Field Goal,Restricted Area,Center(C),Less Than 8 ft.,0,-3,3,1,1,20251103,HOU,DAL,8250,0,202691|1628997|1629023|1629655|1630314,0,REG,2026,1610612742,,,,,
22500160251,,Shot Chart Detail,22500160,251,1628997,Caleb Martin,1610612742,Dallas Mavericks,2,9,23,Missed Shot,Driving Layup Shot,2PT Field Goal,In The Paint (Non-RA),Right Side(R),8-16 ft.,8,62,62,1,0,20251103,HOU,DAL,8770,0,202691|1626156|1628997|1629023|1630619,0,REG,2026,1610612742,,,,,
22500160254,,Shot Chart Detail,22500160,254,1630619,Moussa Cisse,1610612742,Dallas Mavericks,2,9,18,Missed Shot,Layup Shot,2PT Field Goal,Restricted Area,Center(C),Less Than 8 ft.,2,-13,24,1,0,20251103,HOU,DAL,8820,0,202691|1626156|1628997|1629023|1630619,0,REG,2026,1610612742,,,,,
22500160260,,Shot Chart Detail,22500160,260,1629023,P.J. Washington,1610612742,Dallas Mavericks,2,8,55,Made Shot,Floating Jump shot,2PT Field Goal,In The Paint (Non-RA),Center(C),8-16 ft.,9,2,92,1,1,20251103,HOU,DAL,9050,0,202691|1626156|1628997|1629023|1630619,1,REG,2026,1610612742,,,,,
22500160264,,Shot Chart Detail,22500160,264,1629023,P.J. Washington,1610612742,Dallas Mavericks,2,8,23,Made Shot,Floating Jump shot,2PT Field Goal,In The Paint (Non-RA),Center(C),8-16 ft.,8,37,77,1,1,20251103,HOU,DAL,9370,0,202691|1626156|1628997|1629023|1630619,1,REG,2026,1610612742,,,,,
22500160270,,Shot Chart Detail,22500160,270,1626156,D'Angelo Russell,1610612742,Dallas Mavericks,2,7,43,Made Shot,Driving Finger Roll Layup Shot,2PT Field Goal,Mid-Range,Right Side(R),8-16 ft.,10,88,50,1,1,20251103,HOU,DAL,9770,0,202691|1626156|1628997|1629023|1630619,0,REG,2026,1610612742,,,,,
22500160286,,Shot Chart Detail,22500160,286,1630619,Moussa Cisse,1610612742,Dallas Mavericks,2,7,9,Made Shot,Running Alley Oop Dunk Shot,2PT Field Goal,Restricted Area,Center(C),Less Than 8 ft.,0,-4,6,1,1,20251103,HOU,DAL,10110,0,1626156|1629023|1630619|1631108|1642843,1,REG,2026,1610612742,,,,,
22500160293,,Shot Chart Detail,22500160,293,1630230,Naji Marshall,1610612742,Dallas Mavericks,2,6,26,Missed Shot,Pullup Jump shot,2PT Field Goal,In The Paint (Non-RA),Center(C),8-16 ft.,14,-61,130,1,0,20251103,HOU,DAL,10540,0,1626156|1630230|1630619|1631108|1642843,0,REG,2026,1610612742,,,,,
22500160302,,Shot Chart Detail,22500160,302,1630230,Naji Marshall,1610612742,Dallas Mavericks,2,5,49,Missed Shot,Cutting Layup Shot,2PT Field Goal,Restricted Area,Center(C),Less Than 8 ft.,2,4,20,1,0,20251103,HOU,DAL,10910,0,1626156|1630230|1630619|1631108|1642843,0,REG,2026,1610612742,,,,,
22500160308,,Shot Chart Detail,22500160,308,1630619,Moussa Cisse,1610612742,Dallas Mavericks,2,5,11,Made Shot,Layup Shot,2PT Field Goal,Restricted Area,Center(C),Less Than 8 ft.,1,0,17,1,1,20251103,HOU,DAL,11290,0,1626156|1630230|1630619|1631108|1642843,0,REG,2026,1610612742,,,,,
22500160322,,Shot Chart Detail,22500160,322,1630230,Naji Marshall,1610612742,Dallas Mavericks,2,4,33,Made Shot,Running Layup Shot,2PT Field Goal,Restricted Area,Center(C),Less Than 8 ft.,2,12,16,1,1,20251103,HOU,DAL,11670,0,203939|1626156|1630230|1631108|1642843,1,REG,2026,1610612742,,,,,
22500160328,,Shot Chart Detail,22500160,328,1630230,Naji Marshall,1610612742,Dallas Mavericks,2,4,1,Made Shot,Jump Shot,3PT Field Goal,Above the Break 3,Center(C),24+ ft.,24,-70,237,1,1,20251103,HOU,DAL,11990,0,203939|1626156|1630230|1631108|1642843,1,REG,2026,1610612742,,,,,
22500160353,,Shot Chart Detail,22500160,353,1626156,D'Angelo Russell,1610612742,Dallas Mavericks,2,2,44,Missed Shot,Driving Floating Jump Shot,2PT Field Goal,In The Paint (Non-RA),Center(C),8-16 ft.,14,-49,134,1,0,20251103,HOU,DAL,12760,0,1626156|1629023|1629655|1631108|1642843,0,REG,2026,1610612742,,,,,
22500160359,,Shot Chart Detail,22500160,359,1629023,P.J. Washington,1610612742,Dallas Mavericks,2,2,27,Made Shot,Turnaround Bank shot,2PT Field Goal,In The Paint (Non-RA),Center(C),8-16 ft.,9,-11,98,1,1,20251103,HOU,DAL,12930,0,1626156|1629023|1629655|1631108|1642843,1,REG,2026,1610612742,,,,,
22500160370,,Shot Chart Detail,22500160,370,1629023,P.J. Washington,1610612742,Dallas Mavericks,2,1,39,Made Shot,Driving Floating Jump Shot,2PT Field Goal,In The Paint (Non-RA),Center(C),Less Than 8 ft.,7,17,77,1,1,20251103,HOU,DAL,13410,0,1626156|1629023|1629655|1631108|1642843,1,REG,2026,1610612742,,,,,
22500160373,,Shot Chart Detail,22500160,373,1629023,P.J. Washington,1610612742,Dallas Mavericks,2,1,19,Made Shot,Running Jump Shot,3PT Field Goal,Above the Break 3,Left Side Center(LC),24+ ft.,25,-138,213,1,1,20251103,HOU,DAL,13610,0,1626156|1629023|1629655|1631108|1642843,1,REG,2026,1610612742,,,,,
22500160377,,Shot Chart Detail,22500160,377,1631108,Max Christie,1610612742,Dallas Mavericks,2,0,55,Missed Shot,Jump Shot,3PT Field Goal,Left Corner 3,Left Side(L),24+ ft.,22,-229,4,1,0,20251103,HOU,DAL,13850,0,1626156|1629023|1629655|1631108|1642843,0,REG,2026,1610612742,,,,,
22500160387,,Shot Chart Detail,22500160,387,1642843,Cooper Flagg,1610612742,Dallas Mavericks,2,0,29,Made Shot,Jump Bank Shot,3PT Field Goal,Above the Break 3,Center(C),24+ ft.,24,-4,241,1,1,20251103,HOU,DAL,14110,0,1626156|1629023|1629655|1631108|1642843,1,REG,2026,1610612742,,,,,
22500160391,,Shot Chart Detail,22500160,391,1631108,Max Christie,1610612742,Dallas Mavericks,2,0,3,Missed Shot,Pullup Jump shot,3PT Field Goal,Above the Break 3,Left Side Center(LC),24+ ft.,28,-132,248,1,0,20251103,HOU,DAL,14370,0,1626156|1629023|1629655|1631108|1642843,0,REG,2026,1610612742,,,,,
22500160406,,Shot Chart Detail,22500160,406,1629655,Daniel Gafford,1610612742,Dallas Mavericks,3,11,25,Made Shot,Driving Hook Shot,2PT Field Goal,In The Paint (Non-RA),Center(C),8-16 ft.,8,2,89,1,1,20251103,HOU,DAL,14750,0,202691|1629023|1629655|1631108|1642843,1,REG,2026,1610612742,,,,,
22500160413,,Shot Chart Detail,22500160,413,1631108,Max Christie,1610612742,Dallas Mavericks,3,10,49,Missed Shot,Jump Shot,3PT Field Goal,Above the Break 3,Left Side Center(LC),24+ ft.,25,-191,165,1,0,20251103,HOU,DAL,15110,0,202691|1629023|1629655|1631108|1642843,0,REG,2026,1610612742,,,,,
22500160417,,Shot Chart Detail,22500160,417,1629023,P.J. Washington,1610612742,Dallas Mavericks,3,10,23,Missed Shot,Driving Floating Bank Jump Shot,2PT Field Goal,Mid-Range,Right Side(R),8-16 ft.,10,83,62,1,0,20251103,HOU,DAL,15370,0,202691|1629023|1629655|1631108|1642843,0,REG,2026,1610612742,,,,,
22500160435,,Shot Chart Detail,22500160,435,1629023,P.J. Washington,1610612742,Dallas Mavericks,3,9,36,Made Shot,Running Dunk Shot,2PT Field Goal,Restricted Area,Center(C),Less Than 8 ft.,1,5,16,1,1,20251103,HOU,DAL,15840,0,202691|1629023|1629655|1631108|1642843,1,REG,2026,1610612742,,,,,
22500160447,,Shot Chart Detail,22500160,447,1642843,Cooper Flagg,1610612742,Dallas Mavericks,3,9,4,Missed Shot,Pullup Jump shot,2PT Field Goal,Mid-Range,Right Side Center(RC),16-24 ft.,22,110,193,1,0,20251103,HOU,DAL,16160,0,202691|1629023|1630619|1631108|1642843,0,REG,2026,1610612742,,,,,
22500160460,,Shot Chart Detail,22500160,460,202691,Klay Thompson,1610612742,Dallas Mavericks,3,8,11,Missed Shot,Running Jump Shot,3PT Field Goal,Above the Break 3,Right Side Center(RC),24+ ft.,26,181,195,1,0,20251103,HOU,DAL,16690,0,202691|1629023|1630619|1631108|1642843,0,REG,2026,1610612742,,,,,
22500160463,,Shot Chart Detail,22500160,463,1631108,Max Christie,1610612742,Dallas Mavericks,3,7,49,Made Shot,Jump Shot,3PT Field Goal,Left Corner 3,Left Side(L),24+ ft.,23,-227,49,1,1,20251103,HOU,DAL,16910,0,202691|1629023|1630619|1631108|1642843,1,REG,2026,1610612742,,,,,
22500160468,,Shot Chart Detail,22500160,468,1629023,P.J. Washington,1610612742,Dallas Mavericks,3,6,51,Missed Shot,Fadeaway Jump Shot,2PT Field Goal,In The Paint (Non-RA),Center(C),8-16 ft.,10,-6,105,1,0,20251103,HOU,DAL,17490,0,202691|1629023|1630619|1631108|1642843,0,REG,2026,1610612742,,,,,
22500160487,,Shot Chart Detail,22500160,487,1626156,D'Angelo Russell,1610612742,Dallas Mavericks,3,5,42,Missed Shot,Jump Shot,3PT Field Goal,Above the Break 3,Right Side Center(RC),24+ ft.,28,115,263,1,0,20251103,HOU,DAL,18180,0,203939|1626156|1630230|1631108|1642843,0,REG,2026,1610612742,,,,,
22500160491,,Shot Chart Detail,22500160,491,1631108,Max Christie,1610612742,Dallas Mavericks,3,5,12,Made Shot,Jump Shot,3PT Field Goal,Left Corner 3,Left Side(L),24+ ft.,22,-223,7,1,1,20251103,HOU,DAL,18480,0,203939|1626156|1630230|1631108|1642843,1,REG,2026,1610612742,,,,,
22500160496,,Shot Chart Detail,22500160,496,1642843,Cooper Flagg,1610612742,Dallas Mavericks,3,4,51,Missed Shot,Driving Layup Shot,2PT Field Goal,In The Paint (Non-RA),Center(C),Less Than 8 ft.,4,-26,36,1,0,20251103,HOU,DAL,18690,0,203939|1626156|1630230|1631108|1642843,0,REG,2026,1610612742,,,,,
22500160506,,Shot Chart Detail,22500160,506,1630230,Naji Marshall,1610612742,Dallas Mavericks,3,4,35,Missed Shot,Driving Layup Shot,2PT Field Goal,In The Paint (Non-RA),Center(C),Less Than 8 ft.,5,32,39,1,0,20251103,HOU,DAL,18850,0,203939|1626156|1629023|1630230|1631108,0,REG,2026,1610612742,,,,,
22500160509,,Shot Chart Detail,22500160,509,1629023,P.J. Washington,1610612742,Dallas Mavericks,3,4,14,Missed Shot,Jump Shot,2PT Field Goal,In The Paint (Non-RA),Center(C),8-16 ft.,13,44,132,1,0,20251103,HOU,DAL,19060,0,203939|1626156|1629023|1630230|1631108,0,REG,2026,1610612742,,,,,
22500160521,,Shot Chart Detail,22500160,521,1629023,P.J. Washington,1610612742,Dallas Mavericks,3,3,45,Made Shot,Driving Finger Roll Layup Shot,2PT Field Goal,In The Paint (Non-RA),Center(C),Less Than 8 ft.,5,-1,57,1,1,20251103,HOU,DAL,19350,0,1626156|1629023|1629655|1630230|1630702,1,REG,2026,1610612742,,,,,
22500160525,,Shot Chart Detail,22500160,525,1629655,Daniel Gafford,1610612742,Dallas Mavericks,3,3,9,Made Shot,Driving Floating Bank Jump Shot,2PT Field Goal,Restricted Area,Center(C),Less Than 8 ft.,2,15,16,1,1,20251103,HOU,DAL,19710,0,1626156|1629023|1629655|1630230|1630702,1,REG,2026,1610612742,,,,,
22500160535,,Shot Chart Detail,22500160,535,1629023,P.J. Washington,1610612742,Dallas Mavericks,3,2,25,Made Shot,Pullup Jump shot,2PT Field Goal,Mid-Range,Left Side(L),16-24 ft.,21,-200,67,1,1,20251103,HOU,DAL,20150,0,1626156|1629023|1630230|1630619|1630702,1,REG,2026,1610612742,,,,,
22500160544,,Shot Chart Detail,22500160,544,1629023,P.J. Washington,1610612742,Dallas Mavericks,3,1,52,Missed Shot,Pullup Jump shot,2PT Field Goal,Mid-Range,Right Side Center(RC),16-24 ft.,16,76,141,1,0,20251103,HOU,DAL,20480,0,1626156|1629023|1630230|1630619|1630702,0,REG,2026,1610612742,,,,,
22500160548,,Shot Chart Detail,22500160,548,1629023,P.J. Washington,1610612742,Dallas Mavericks,3,1,34,Missed Shot,Running Jump Shot,3PT Field Goal,Above the Break 3,Left Side Center(LC),24+ ft.,25,-142,212,1,0,20251103,HOU,DAL,20660,0,1626156|1629023|1630230|1630619|1630702,0,REG,2026,1610612742,,,,,
22500160568,,Shot Chart Detail,22500160,568,1629023,P.J. Washington,1610612742,Dallas Mavericks,3,0,34,Made Shot,Driving Floating Bank Jump Shot,2PT Field Goal,In The Paint (Non-RA),Right Side(R),8-16 ft.,8,65,48,1,1,20251103,HOU,DAL,21260,0,203939|1626156|1629023|1630230|1630702,0,REG,2026,1610612742,,,,,
22500160596,,Shot Chart Detail,22500160,596,202691,Klay Thompson,1610612742,Dallas Mavericks,4,11,45,Missed Shot,Jump Shot,3PT Field Goal,Above the Break 3,Left Side Center(LC),24+ ft.,27,-194,188,1,0,20251103,HOU,DAL,21750,0,202691|1629655|1630230|1630314|1642843,0,REG,2026,1610612742,,,,,
22500160608,,Shot Chart Detail,22500160,608,1629655,Daniel Gafford,1610612742,Dallas Mavericks,4,10,52,Missed Shot,Turnaround Hook Shot,2PT Field Goal,In The Paint (Non-RA),Center(C),Less Than 8 ft.,7,66,33,1,0,20251103,HOU,DAL,22280,0,202691|1629655|1630230|1630314|1642843,0,REG,2026,1610612742,,,,,
22500160617,,Shot Chart Detail,22500160,617,1642843,Cooper Flagg,1610612742,Dallas Mavericks,4,10,19,Missed Shot,Jump Shot,3PT Field Goal,Above the Break 3,Left Side Center(LC),24+ ft.,24,-167,179,1,0,20251103,HOU,DAL,22610,0,202691|1629655|1630230|1630314|1642843,0,REG,2026,1610612742,,,,,
22500160620,,Shot Chart Detail,22500160,620,1630230,Naji Marshall,1610612742,Dallas Mavericks,4,9,57,Missed Shot,Jump Shot,3PT Field Goal,Left Corner 3,Left Side(L),24+ ft.,23,-233,7,1,0,20251103,HOU,DAL,22830,0,202691|1629655|1630230|1630314|1642843,0,REG,2026,1610612742,,,,,
22500160629,,Shot Chart Detail,22500160,629,202691,Klay Thompson,1610612742,Dallas Mavericks,4,9,24,Missed Shot,Running Jump Shot,3PT Field Goal,Above the Break 3,Left Side Center(LC),24+ ft.,25,-213,134,1,0,20251103,HOU,DAL,23160,0,202691|1629023|1629655|1630230|1630314,0,REG,2026,1610612742,,,,,
22500160631,,Shot Chart Detail,22500160,631,1629655,Daniel Gafford,1610612742,Dallas Mavericks,4,9,18,Made Shot,Tip Dunk Shot,2PT Field Goal,Restricted Area,Center(C),Less Than 8 ft.,0,0,0,1,1,20251103,HOU,DAL,23220,0,202691|1629023|1629655|1630230|1630314,0,REG,2026,1610612742,,,,,
22500160634,,Shot Chart Detail,22500160,634,1630230,Naji Marshall,1610612742,Dallas Mavericks,4,9,0,Missed Shot,Jump Shot,3PT Field Goal,Above the Break 3,Left Side Center(LC),24+ ft.,25,-170,190,1,0,20251103,HOU,DAL,23400,0,202691|1629023|1629655|1630230|1630314,0,REG,2026,1610612742,,,,,
22500160660,,Shot Chart Detail,22500160,660,1629655,Daniel Gafford,1610612742,Dallas Mavericks,4,7,47,Made Shot,Alley Oop Layup shot,2PT Field Goal,Restricted Area,Center(C),Less Than 8 ft.,2,11,25,1,1,20251103,HOU,DAL,24130,0,1626156|1629023|1629655|1630230|1631108,1,REG,2026,1610612742,,,,,
22500160664,,Shot Chart Detail,22500160,664,1626156,D'Angelo Russell,1610612742,Dallas Mavericks,4,7,22,Made Shot,Running Pull-Up Jump Shot,3PT Field Goal,Above the Break 3,Right Side Center(RC),24+ ft.,26,185,184,1,1,20251103,HOU,DAL,24380,0,1626156|1629023|1629655|1630230|1631108,1,REG,2026,1610612742,,,,,
22500160677,,Shot Chart Detail,22500160,677,1631108,Max Christie,1610612742,Dallas Mavericks,4,6,45,Made Shot,Jump Shot,3PT Field Goal,Above the Break 3,Right Side Center(RC),24+ ft.,25,212,148,1,1,20251103,HOU,DAL,24750,0,1626156|1629023|1629655|1631108|1642843,1,REG,2026,1610612742,,,,,
22500160680,,Shot Chart Detail,22500160,680,1629655,Daniel Gafford,1610612742,Dallas Mavericks,4,6,7,Made Shot,Layup Shot,2PT Field Goal,Restricted Area,Center(C),Less Than 8 ft.,2,20,13,1,1,20251103,HOU,DAL,25130,0,1626156|1629023|1629655|1631108|1642843,1,REG,2026,1610612742,,,,,
22500160683,,Shot Chart Detail,22500160,683,1629655,Daniel Gafford,1610612742,Dallas Mavericks,4,5,26,Made Shot,Layup Shot,2PT Field Goal,Restricted Area,Center(C),Less Than 8 ft.,1,4,10,1,1,20251103,HOU,DAL,25540,0,1626156|1629023|1629655|1631108|1642843,1,REG,2026,1610612742,,,,,
22500160686,,Shot Chart Detail,22500160,686,1631108,Max Christie,1610612742,Dallas Mavericks,4,4,43,Made Shot,Cutting Dunk Shot,2PT Field Goal,Restricted Area,Center(C),Less Than 8 ft.,1,-6,10,1,1,20251103,HOU,DAL,25970,0,1626156|1629023|1629655|1631108|1642843,1,REG,2026,1610612742,,,,,
22500160690,,Shot Chart Detail,22500160,690,1626156,D'Angelo Russell,1610612742,Dallas Mavericks,4,4,24,Missed Shot,Running Jump Shot,3PT Field Goal,Above the Break 3,Right Side Center(RC),24+ ft.,26,183,193,1,0,20251103,HOU,DAL,26160,0,1626156|1629023|1629655|1631108|1642843,0,REG,2026,1610612742,,,,,
22500160692,,Shot Chart Detail,22500160,692,1626156,D'Angelo Russell,1610612742,Dallas Mavericks,4,4,18,Missed Shot,Jump Shot,3PT Field Goal,Left Corner 3,Left Side(L),24+ ft.,22,-229,18,1,0,20251103,HOU,DAL,26220,0,1626156|1629023|1629655|1631108|1642843,0,REG,2026,1610612742,,,,,
22500160697,,Shot Chart Detail,22500160,697,1629023,P.J. Washington,1610612742,Dallas Mavericks,4,3,58,Made Shot,Running Dunk Shot,2PT Field Goal,Restricted Area,Center(C),Less Than 8 ft.,2,2,22,1,1,20251103,HOU,DAL,26420,0,1626156|1629023|1629655|1631108|1642843,1,REG,2026,1610612742,,,,,
22500160738,,Shot Chart Detail,22500160,738,1626156,D'Angelo Russell,1610612742,Dallas Mavericks,4,1,55,Missed Shot,Pullup Jump shot,2PT Field Goal,Mid-Range,Left Side Center(LC),16-24 ft.,20,-136,148,1,0,20251103,HOU,DAL,27650,0,1626156|1629023|1629655|1631108|1642843,0,REG,2026,1610612742,,,,,
22500160742,,Shot Chart Detail,22500160,742,1629023,P.J. Washington,1610612742,Dallas Mavericks,4,1,23,Missed Shot,Jump Shot,3PT Field Goal,Right Corner 3,Right Side(R),24+ ft.,24,240,28,1,0,20251103,HOU,DAL,27970,0,1626156|1629023|1629655|1631108|1642843,0,REG,2026,1610612742,,,,,
22500160750,,Shot Chart Detail,22500160,750,1626156,D'Angelo Russell,1610612742,Dallas Mavericks,4,0,42,Missed Shot,Fadeaway Jump Shot,3PT Field Goal,Right Corner 3,Right Side(R),24+ ft.,24,230,70,1,0,20251103,HOU,DAL,28380,0,1626156|1629023|1629655|1631108|1642843,0,REG,2026,1610612742,,,,,
22500160760,,Shot Chart Detail,22500160,760,1642843,Cooper Flagg,1610612742,Dallas Mavericks,4,0,19,Missed Shot,Jump Shot,3PT Field Goal,Above the Break 3,Left Side Center(LC),24+ ft.,25,-167,191,1,0,20251103,HOU,DAL,28610,0,1626156|1629023|1629655|1631108|1642843,0,REG,2026,1610612742,,,,,
22500160765,,Shot Chart Detail,22500160,765,1629023,P.J. Washington,1610612742,Dallas Mavericks,4,0,10,Missed Shot,Pullup Jump shot,3PT Field Goal,Above the Break 3,Right Side Center(RC),24+ ft.,26,92,251,1,0,20251103,HOU,DAL,28700,0,1626156|1629023|1629655|1631108|1642843,0,REG,2026,1610612742,,,,,
225001777,,Shot Chart Detail,22500177,7,1642843,Cooper Flagg,1610612742,Dallas Mavericks,1,11,47,Missed Shot,Driving Finger Roll Layup Shot,2PT Field Goal,Restricted Area,Center(C),Less Than 8 ft.,3,27,22,1,0,20251105,DAL,NOP,130,0,1626156|1629023|1629655|1631108|1642843,0,REG,2026,1610612742,,,,,
2250017716,,Shot Chart Detail,22500177,16,1629023,P.J. Washington,1610612742,Dallas Mavericks,1,11,19,Missed Shot,Driving Floating Jump Shot,2PT Field Goal,In The Paint (Non-RA),Center(C),Less Than 8 ft.,7,38,66,1,0,20251105,DAL,NOP,410,0,1626156|1629023|1629655|1631108|1642843,0,REG,2026,1610612742,,,,,
2250017720,,Shot Chart Detail,22500177,20,1631108,Max Christie,1610612742,Dallas Mavericks,1,11,7,Missed Shot,Jump Shot,3PT Field Goal,Above the Break 3,Left Side Center(LC),24+ ft.,24,-186,164,1,0,20251105,DAL,NOP,530,0,1626156|1629023|1629655|1631108|1642843,0,REG,2026,1610612742,,,,,
2250017723,,Shot Chart Detail,22500177,23,1642843,Cooper Flagg,1610612742,Dallas Mavericks,1,10,33,Missed Shot,Jump Shot,3PT Field Goal,Right Corner 3,Right Side(R),24+ ft.,23,235,37,1,0,20251105,DAL,NOP,870,0,1626156|1629023|1629655|1631108|1642843,0,REG,2026,1610612742,,,,,
2250017727,,Shot Chart Detail,22500177,27,1626156,D'Angelo Russell,1610612742,Dallas Mavericks,1,10,6,Missed Shot,Turnaround Jump Shot,2PT Field Goal,In The Paint (Non-RA),Center(C),8-16 ft.,9,-9,99,1,0,20251105,DAL,NOP,1140,0,1626156|1629023|1629655|1631108|1642843,0,REG,2026,1610612742,,,,,
2250017739,,Shot Chart Detail,22500177,39,1629023,P.J. Washington,1610612742,Dallas Mavericks,1,9,10,Missed Shot,Jump Shot,3PT Field Goal,Above the Break 3,Right Side Center(RC),24+ ft.,26,140,220,1,0,20251105,DAL,NOP,1700,0,1626156|1629023|1629655|1631108|1642843,0,REG,2026,1610612742,,,,,
2250017746,,Shot Chart Detail,22500177,46,1626156,D'Angelo Russell,1610612742,Dallas Mavericks,1,8,40,Missed Shot,Driving Floating Jump Shot,2PT Field Goal,In The Paint (Non-RA),Center(C),Less Than 8 ft.,7,-29,66,1,0,20251105,DAL,NOP,2000,0,1626156|1629023|1629655|1631108|1642843,0,REG,2026,1610612742,,,,,
2250017751,,Shot Chart Detail,22500177,51,1631108,Max Christie,1610612742,Dallas Mavericks,1,8,22,Made Shot,Jump Shot,3PT Field Goal,Right Corner 3,Right Side(R),24+ ft.,24,233,59,1,1,20251105,DAL,NOP,2180,0,1626156|1629023|1629655|1631108|1642843,1,REG,2026,1610612742,,,,,
2250017755,,Shot Chart Detail,22500177,55,1629655,Daniel Gafford,1610612742,Dallas Mavericks,1,7,51,Missed Shot,Driving Hook Shot,2PT Field Goal,In The Paint (Non-RA),Center(C),Less Than 8 ft.,6,31,59,1,0,20251105,DAL,NOP,2490,0,1626156|1629023|1629655|1631108|1642843,0,REG,2026,1610612742,,,,,
2250017764,,Shot Chart Detail,22500177,64,1642843,Cooper Flagg,1610612742,Dallas Mavericks,1,7,3,Missed Shot,Pullup Jump shot,3PT Field Goal,Above the Break 3,Left Side Center(LC),24+ ft.,25,-190,164,1,0,20251105,DAL,NOP,2970,0,1626156|1629023|1630619|1631108|1642843,0,REG,2026,1610612742,,,,,
2250017768,,Shot Chart Detail,22500177,68,1626156,D'Angelo Russell,1610612742,Dallas Mavericks,1,6,38,Missed Shot,Fadeaway Jump Shot,2PT Field Goal,In The Paint (Non-RA),Center(C),8-16 ft.,11,-1,118,1,0,20251105,DAL,NOP,3220,0,1626156|1629023|1630619|1631108|1642843,0,REG,2026,1610612742,,,,,
2250017772,,Shot Chart Detail,22500177,72,1626156,D'Angelo Russell,1610612742,Dallas Mavericks,1,6,17,Made Shot,Jump Shot,3PT Field Goal,Above the Break 3,Right Side Center(RC),24+ ft.,25,184,178,1,1,20251105,DAL,NOP,3430,0,1626156|1629023|1630619|1631108|1642843,1,REG,2026,1610612742,,,,,
2250017777,,Shot Chart Detail,22500177,77,1626156,D'Angelo Russell,1610612742,Dallas Mavericks,1,5,46,Missed Shot,Step Back Bank Jump Shot,3PT Field Goal,Above the Break 3,Right Side Center(RC),24+ ft.,25,196,158,1,0,20251105,DAL,NOP,3740,0,1626156|1629023|1630619|1631108|1642843,0,REG,2026,1610612742,,,,,
22500177101,,Shot Chart Detail,22500177,101,1629023,P.J. Washington,1610612742,Dallas Mavericks,1,4,48,Missed Shot,Pullup Jump shot,2PT Field Goal,In The Paint (Non-RA),Center(C),8-16 ft.,8,-11,82,1,0,20251105,DAL,NOP,4320,0,202691|1629023|1630230|1630314|1630619,0,REG,2026,1610612742,,,,,
22500177107,,Shot Chart Detail,22500177,107,202691,Klay Thompson,1610612742,Dallas Mavericks,1,4,23,Made Shot,Pullup Jump shot,3PT Field Goal,Above the Break 3,Right Side Center(RC),24+ ft.,25,184,180,1,1,20251105,DAL,NOP,4570,0,202691|1629023|1630230|1630314|1630619,1,REG,2026,1610612742,,,,,
22500177119,,Shot Chart Detail,22500177,119,202691,Klay Thompson,1610612742,Dallas Mavericks,1,3,50,Made Shot,Step Back Jump shot,2PT Field Goal,Mid-Range,Left Side Center(LC),16-24 ft.,18,-145,111,1,1,20251105,DAL,NOP,4900,0,202691|203939|1629023|1630230|1630314,0,REG,2026,1610612742,,,,,
22500177121,,Shot Chart Detail,22500177,121,202691,Klay Thompson,1610612742,Dallas Mavericks,1,3,31,Missed Shot,Jump Shot,3PT Field Goal,Above the Break 3,Left Side Center(LC),24+ ft.,24,-211,127,1,0,20251105,DAL,NOP,5090,0,202691|203939|1629023|1630230|1630314,0,REG,2026,1610612742,,,,,
22500177129,,Shot Chart Detail,22500177,129,1630314,Brandon Williams,1610612742,Dallas Mavericks,1,2,55,Made Shot,Jump Shot,3PT Field Goal,Above the Break 3,Left Side Center(LC),24+ ft.,23,-221,93,1,1,20251105,DAL,NOP,5450,0,202691|203939|1629023|1630230|1630314,1,REG,2026,1610612742,,,,,
22500177139,,Shot Chart Detail,22500177,139,203939,Dwight Powell,1610612742,Dallas Mavericks,1,2,19,Missed Shot,Alley Oop Dunk Shot,2PT Field Goal,Restricted Area,Center(C),Less Than 8 ft.,3,23,22,1,0,20251105,DAL,NOP,5810,0,202691|203939|1630230|1630314|1642843,0,REG,2026,1610612742,,,,,
22500177143,,Shot Chart Detail,22500177,143,1642843,Cooper Flagg,1610612742,Dallas Mavericks,1,1,59,Made Shot,Alley Oop Dunk Shot,2PT Field Goal,Restricted Area,Center(C),Less Than 8 ft.,1,5,-10,1,1,20251105,DAL,NOP,6010,0,202691|203939|1630230|1630314|1642843,1,REG,2026,1610612742,,,,,
22500177164,,Shot Chart Detail,22500177,164,1630314,Brandon Williams,1610612742,Dallas Mavericks,1,0,40,Missed Shot,Jump Shot,3PT Field Goal,Left Corner 3,Left Side(L),24+ ft.,22,-224,-2,1,0,20251105,DAL,NOP,6800,0,202691|203939|1630230|1630314|1642843,0,REG,2026,1610612742,,,,,
22500177168,,Shot Chart Detail,22500177,168,1630230,Naji Marshall,1610612742,Dallas Mavericks,1,0,9,Missed Shot,Driving Floating Jump Shot,2PT Field Goal,In The Paint (Non-RA),Center(C),Less Than 8 ft.,7,9,71,1,0,20251105,DAL,NOP,7110,0,202691|203939|1630230|1630314|1642843,0,REG,2026,1610612742,,,,,
22500177182,,Shot Chart Detail,22500177,182,202691,Klay Thompson,1610612742,Dallas Mavericks,2,11,8,Made Shot,Jump Shot,3PT Field Goal,Right Corner 3,Right Side(R),24+ ft.,24,234,61,1,1,20251105,DAL,NOP,7720,0,202691|1629655|1630230|1630702|1642843,1,REG,2026,1610612742,,,,,
22500177189,,Shot Chart Detail,22500177,189,202691,Klay Thompson,1610612742,Dallas Mavericks,2,10,10,Missed Shot,Pullup Jump shot,3PT Field Goal,Above the Break 3,Right Side Center(RC),24+ ft.,28,189,218,1,0,20251105,DAL,NOP,8300,0,202691|1629655|1630230|1630702|1642843,0,REG,2026,1610612742,,,,,
22500177193,,Shot Chart Detail,22500177,193,1642843,Cooper Flagg,1610612742,Dallas Mavericks,2,9,49,Made Shot,Running Pull-Up Jump Shot,3PT Field Goal,Above the Break 3,Right Side Center(RC),24+ ft.,25,159,205,1,1,20251105,DAL,NOP,8510,0,202691|1629655|1630230|1630702|1642843,1,REG,2026,1610612742,,,,,
22500177199,,Shot Chart Detail,22500177,199,1630702,Jaden Hardy,1610612742,Dallas Mavericks,2,9,6,Missed Shot,Jump Shot,3PT Field Goal,Above the Break 3,Left Side Center(LC),24+ ft.,24,-191,158,1,0,20251105,DAL,NOP,8940,0,202691|1629655|1630230|1630702|1642843,0,REG,2026,1610612742,,,,,
22500177203,,Shot Chart Detail,22500177,203,1630230,Naji Marshall,1610612742,Dallas Mavericks,2,8,46,Missed Shot,Running Jump Shot,3PT Field Goal,Right Corner 3,Right Side(R),24+ ft.,23,237,31,1,0,20251105,DAL,NOP,9140,0,202691|1629655|1630230|1630702|1642843,0,REG,2026,1610612742,,,,,
22500177224,,Shot Chart Detail,22500177,224,1631108,Max Christie,1610612742,Dallas Mavericks,2,8,5,Made Shot,Driving Floating Jump Shot,2PT Field Goal,In The Paint (Non-RA),Right Side(R),8-16 ft.,12,64,105,1,1,20251105,DAL,NOP,9550,0,203939|1626156|1629023|1630702|1631108,0,REG,2026,1610612742,,,,,
22500177227,,Shot Chart Detail,22500177,227,1629023,P.J. Washington,1610612742,Dallas Mavericks,2,7,18,Missed Shot,Turnaround Bank shot,2PT Field Goal,Restricted Area,Center(C),Less Than 8 ft.,2,-23,15,1,0,20251105,DAL,NOP,10020,0,203939|1626156|1629023|1630702|1631108,0,REG,2026,1610612742,,,,,
22500177232,,Shot Chart Detail,22500177,232,1631108,Max Christie,1610612742,Dallas Mavericks,2,6,45,Missed Shot,Step Back Jump shot,3PT Field Goal,Above the Break 3,Left Side Center(LC),24+ ft.,25,-97,239,1,0,20251105,DAL,NOP,10350,0,203939|1626156|1629023|1630702|1631108,0,REG,2026,1610612742,,,,,
22500177243,,Shot Chart Detail,22500177,243,1631108,Max Christie,1610612742,Dallas Mavericks,2,6,24,Missed Shot,Jump Shot,3PT Field Goal,Above the Break 3,Right Side Center(RC),24+ ft.,25,188,173,1,0,20251105,DAL,NOP,10560,0,203939|1626156|1629023|1630702|1631108,0,REG,2026,1610612742,,,,,
22500177248,,Shot Chart Detail,22500177,248,1629023,P.J. Washington,1610612742,Dallas Mavericks,2,5,53,Made Shot,Turnaround Jump Shot,2PT Field Goal,In The Paint (Non-RA),Center(C),Less Than 8 ft.,5,21,53,1,1,20251105,DAL,NOP,10870,0,203939|1626156|1629023|1630702|1631108,0,REG,2026,1610612742,,,,,
22500177256,,Shot Chart Detail,22500177,256,1630702,Jaden Hardy,1610612742,Dallas Mavericks,2,5,23,Missed Shot,Running Jump Shot,3PT Field Goal,Left Corner 3,Left Side(L),24+ ft.,22,-221,9,1,0,20251105,DAL,NOP,11170,0,1626156|1629023|1629655|1630702|1631108,0,REG,2026,1610612742,,,,,
22500177258,,Shot Chart Detail,22500177,258,1629023,P.J. Washington,1610612742,Dallas Mavericks,2,5,21,Made Shot,Turnaround Hook Shot,2PT Field Goal,In The Paint (Non-RA),Center(C),Less Than 8 ft.,4,-37,26,1,1,20251105,DAL,NOP,11190,0,1626156|1629023|1629655|1630702|1631108,0,REG,2026,1610612742,,,,,
22500177267,,Shot Chart Detail,22500177,267,1626156,D'Angelo Russell,1610612742,Dallas Mavericks,2,4,51,Missed Shot,Driving Floating Jump Shot,2PT Field Goal,In The Paint (Non-RA),Center(C),Less Than 8 ft.,6,-31,57,1,0,20251105,DAL,NOP,11490,0,1626156|1629023|1629655|1631108|1642843,0,REG,2026,1610612742,,,,,
22500177274,,Shot Chart Detail,22500177,274,1642843,Cooper Flagg,1610612742,Dallas Mavericks,2,4,18,Missed Shot,Pullup Jump shot,2PT Field Goal,Mid-Range,Right Side Center(RC),16-24 ft.,19,114,161,1,0,20251105,DAL,NOP,11820,0,1629023|1629655|1630314|1631108|1642843,0,REG,2026,1610612742,,,,,
22500177276,,Shot Chart Detail,22500177,276,1629655,Daniel Gafford,1610612742,Dallas Mavericks,2,4,15,Made Shot,Putback Layup Shot,2PT Field Goal,In The Paint (Non-RA),Center(C),Less Than 8 ft.,5,51,26,1,1,20251105,DAL,NOP,11850,0,1629023|1629655|1630314|1631108|1642843,0,REG,2026,1610612742,,,,,
22500177279,,Shot Chart Detail,22500177,279,1629023,P.J. Washington,1610612742,Dallas Mavericks,2,3,51,Made Shot,Running Layup Shot,2PT Field Goal,In The Paint (Non-RA),Center(C),Less Than 8 ft.,5,39,37,1,1,20251105,DAL,NOP,12090,0,1629023|1629655|1630314|1631108|1642843,0,REG,2026,1610612742,,,,,
22500177288,,Shot Chart Detail,22500177,288,1630314,Brandon Williams,1610612742,Dallas Mavericks,2,3,44,Missed Shot,Driving Finger Roll Layup Shot,2PT Field Goal,Restricted Area,Center(C),Less Than 8 ft.,2,-15,20,1,0,20251105,DAL,NOP,12160,0,1629023|1629655|1630314|1631108|1642843,0,REG,2026,1610612742,,,,,
22500177290,,Shot Chart Detail,22500177,290,1629023,P.J. Washington,1610612742,Dallas Mavericks,2,3,43,Made Shot,Tip Dunk Shot,2PT Field Goal,Restricted Area,Center(C),Less Than 8 ft.,0,0,0,1,1,20251105,DAL,NOP,12170,0,1629023|1629655|1630314|1631108|1642843,0,REG,2026,1610612742,,,,,
22500177294,,Shot Chart Detail,22500177,294,1630314,Brandon Williams,1610612742,Dallas Mavericks,2,2,59,Missed Shot,Driving Finger Roll Layup Shot,2PT Field Goal,Restricted Area,Center(C),Less Than 8 ft.,1,-5,13,1,0,20251105,DAL,NOP,12610,0,1629023|1629655|1630314|1631108|1642843,0,REG,2026,1610612742,,,,,
22500177298,,Shot Chart Detail,22500177,298,1629655,Daniel Gafford,1610612742,Dallas Mavericks,2,2,54,Made Shot,Layup Shot,2PT Field Goal,Restricted Area,Center(C),Less Than 8 ft.,3,-1,30,1,1,20251105,DAL,NOP,12660,0,1629023|1629655|1630314|1631108|1642843,0,REG,2026,1610612742,,,,,
22500177301,,Shot Chart Detail,22500177,301,1630314,Brandon Williams,1610612742,Dallas Mavericks,2,2,27,Made Shot,Driving Finger Roll Layup Shot,2PT Field Goal,Restricted Area,Center(C),Less Than 8 ft.,0,0,9,1,1,20251105,DAL,NOP,12930,0,1629023|1629655|1630314|1631108|1642843,0,REG,2026,1610612742,,,,,
22500177305,,Shot Chart Detail,22500177,305,1631108,Max Christie,1610612742,Dallas Mavericks,2,1,59,Missed Shot,Jump Shot,3PT Field Goal,Above the Break 3,Left Side Center(LC),24+ ft.,24,-217,122,1,0,20251105,DAL,NOP,13210,0,1629023|1630230|1630314|1631108|1642843,0,REG,2026,1610612742,,,,,
22500177308,,Shot Chart Detail,22500177,308,1630230,Naji Marshall,1610612742,Dallas Mavericks,2,1,54,Made Shot,Driving Reverse Layup Shot,2PT Field Goal,Restricted Area,Center(C),Less Than 8 ft.,2,13,20,1,1,20251105,DAL,NOP,13260,0,1629023|1630230|1630314|1631108|1642843,1,REG,2026,1610612742,,,,,
22500177312,,Shot Chart Detail,22500177,312,1642843,Cooper Flagg,1610612742,Dallas Mavericks,2,1,34,Made Shot,Running Finger Roll Layup Shot,2PT Field Goal,Restricted Area,Center(C),Less Than 8 ft.,1,9,14,1,1,20251105,DAL,NOP,13460,0,1629023|1630230|1630314|1631108|1642843,0,REG,2026,1610612742,,,,,
22500177319,,Shot Chart Detail,22500177,319,1630314,Brandon Williams,1610612742,Dallas Mavericks,2,0,56,Missed Shot,Running Jump Shot,3PT Field Goal,Above the Break 3,Left Side Center(LC),24+ ft.,24,-172,176,1,0,20251105,DAL,NOP,13840,0,1629023|1630230|1630314|1631108|1642843,0,REG,2026,1610612742,,,,,
22500177322,,Shot Chart Detail,22500177,322,1630314,Brandon Williams,1610612742,Dallas Mavericks,2,0,34,Made Shot,Driving Layup Shot,2PT Field Goal,Restricted Area,Center(C),Less Than 8 ft.,3,26,21,1,1,20251105,DAL,NOP,14060,0,1629023|1630230|1630314|1631108|1642843,0,REG,2026,1610612742,,,,,
22500177324,,Shot Chart Detail,22500177,324,1629023,P.J. Washington,1610612742,Dallas Mavericks,2,0,6,Missed Shot,Driving Floating Bank Jump Shot,2PT Field Goal,In The Paint (Non-RA),Center(C),Less Than 8 ft.,7,40,58,1,0,20251105,DAL,NOP,14340,0,1629023|1630230|1630314|1631108|1642843,0,REG,2026,1610612742,,,,,
22500177349,,Shot Chart Detail,22500177,349,1629023,P.J. Washington,1610612742,Dallas Mavericks,3,11,14,Missed Shot,Driving Floating Jump Shot,2PT Field Goal,In The Paint (Non-RA),Center(C),Less Than 8 ft.,5,-18,55,1,0,20251105,DAL,NOP,14860,0,1626156|1629023|1629655|1631108|1642843,0,REG,2026,1610612742,,,,,
22500177358,,Shot Chart Detail,22500177,358,1631108,Max Christie,1610612742,Dallas Mavericks,3,10,32,Missed Shot,Driving Finger Roll Layup Shot,2PT Field Goal,In The Paint (Non-RA),Center(C),Less Than 8 ft.,5,-48,34,1,0,20251105,DAL,NOP,15280,0,1626156|1629023|1629655|1631108|1642843,0,REG,2026,1610612742,,,,,
22500177360,,Shot Chart Detail,22500177,360,1629655,Daniel Gafford,1610612742,Dallas Mavericks,3,10,28,Made Shot,Tip Layup Shot,2PT Field Goal,Restricted Area,Center(C),Less Than 8 ft.,0,0,0,1,1,20251105,DAL,NOP,15320,0,1626156|1629023|1629655|1631108|1642843,0,REG,2026,1610612742,,,,,
22500177369,,Shot Chart Detail,22500177,369,1642843,Cooper Flagg,1610612742,Dallas Mavericks,3,9,45,Missed Shot,Fadeaway Jump Shot,2PT Field Goal,In The Paint (Non-RA),Center(C),8-16 ft.,10,43,100,1,0,20251105,DAL,NOP,15750,0,1626156|1629023|1629655|1631108|1642843,0,REG,2026,1610612742,,,,,
22500177375,,Shot Chart Detail,22500177,375,1629023,P.J. Washington,1610612742,Dallas Mavericks,3,9,13,Made Shot,Jump Shot,3PT Field Goal,Above the Break 3,Right Side Center(RC),24+ ft.,26,102,248,1,1,20251105,DAL,NOP,16070,0,1626156|1629023|1629655|1631108|1642843,1,REG,2026,1610612742,,,,,
22500177379,,Shot Chart Detail,22500177,379,1626156,D'Angelo Russell,1610612742,Dallas Mavericks,3,8,55,Made Shot,Running Pull-Up Jump Shot,3PT Field Goal,Above the Break 3,Left Side Center(LC),24+ ft.,26,-186,184,1,1,20251105,DAL,NOP,16250,0,1626156|1629023|1629655|1631108|1642843,1,REG,2026,1610612742,,,,,
22500177395,,Shot Chart Detail,22500177,395,1631108,Max Christie,1610612742,Dallas Mavericks,3,7,51,Made Shot,Cutting Dunk Shot,2PT Field Goal,Restricted Area,Center(C),Less Than 8 ft.,2,-20,6,1,1,20251105,DAL,NOP,16890,0,1626156|1629023|1629655|1631108|1642843,1,REG,2026,1610612742,,,,,
22500177408,,Shot Chart Detail,22500177,408,1631108,Max Christie,1610612742,Dallas Mavericks,3,7,19,Made Shot,Jump Shot,3PT Field Goal,Above the Break 3,Right Side Center(RC),24+ ft.,26,142,221,1,1,20251105,DAL,NOP,17210,0,1626156|1628997|1629023|1630230|1631108,1,REG,2026,1610612742,,,,,
22500177417,,Shot Chart Detail,22500177,417,1626156,D'Angelo Russell,1610612742,Dallas Mavericks,3,6,19,Missed Shot,Step Back Jump shot,3PT Field Goal,Above the Break 3,Right Side Center(RC),24+ ft.,25,120,223,1,0,20251105,DAL,NOP,17810,0,1626156|1628997|1629023|1630230|1631108,0,REG,2026,1610612742,,,,,
22500177421,,Shot Chart Detail,22500177,421,1631108,Max Christie,1610612742,Dallas Mavericks,3,6,2,Made Shot,Running Finger Roll Layup Shot,2PT Field Goal,Restricted Area,Center(C),Less Than 8 ft.,1,2,15,1,1,20251105,DAL,NOP,17980,0,1626156|1628997|1629023|1630230|1631108,1,REG,2026,1610612742,,,,,
22500177427,,Shot Chart Detail,22500177,427,1628997,Caleb Martin,1610612742,Dallas Mavericks,3,5,26,Missed Shot,Jump Shot,2PT Field Goal,Mid-Range,Right Side(R),16-24 ft.,20,191,78,1,0,20251105,DAL,NOP,18340,0,202691|1626156|1628997|1629023|1630230,0,REG,2026,1610612742,,,,,
22500177430,,Shot Chart Detail,22500177,430,1626156,D'Angelo Russell,1610612742,Dallas Mavericks,3,4,51,Missed Shot,Step Back Jump shot,2PT Field Goal,Mid-Range,Left Side Center(LC),16-24 ft.,18,-88,160,1,0,20251105,DAL,NOP,18690,0,202691|1626156|1628997|1629023|1630230,0,REG,2026,1610612742,,,,,
22500177440,,Shot Chart Detail,22500177,440,1630230,Naji Marshall,1610612742,Dallas Mavericks,3,4,26,Made Shot,Step Back Jump shot,2PT Field Goal,In The Paint (Non-RA),Left Side(L),8-16 ft.,10,-77,69,1,1,20251105,DAL,NOP,18940,0,202691|1628997|1629023|1630230|1630314,1,REG,2026,1610612742,,,,,
22500177446,,Shot Chart Detail,22500177,446,1642843,Cooper Flagg,1610612742,Dallas Mavericks,3,3,52,Missed Shot,Pullup Jump shot,3PT Field Goal,Above the Break 3,Center(C),24+ ft.,25,28,258,1,0,20251105,DAL,NOP,19280,0,202691|1628997|1630230|1630314|1642843,0,REG,2026,1610612742,,,,,
22500177448,,Shot Chart Detail,22500177,448,1630230,Naji Marshall,1610612742,Dallas Mavericks,3,3,47,Missed Shot,Jump Shot,3PT Field Goal,Above the Break 3,Center(C),24+ ft.,26,-66,256,1,0,20251105,DAL,NOP,19330,0,202691|1628997|1630230|1630314|1642843,0,REG,2026,1610612742,,,,,
22500177458,,Shot Chart Detail,22500177,458,1630314,Brandon Williams,1610612742,Dallas Mavericks,3,3,23,Made Shot,Step Back Jump shot,2PT Field Goal,In The Paint (Non-RA),Right Side(R),8-16 ft.,8,49,70,1,1,20251105,DAL,NOP,19570,0,202691|203939|1630314|1630702|1642843,0,REG,2026,1610612742,,,,,
22500177461,,Shot Chart Detail,22500177,461,1642843,Cooper Flagg,1610612742,Dallas Mavericks,3,2,44,Made Shot,Running Layup Shot,2PT Field Goal,Restricted Area,Center(C),Less Than 8 ft.,1,-2,13,1,1,20251105,DAL,NOP,19960,0,202691|203939|1630314|1630702|1642843,0,REG,2026,1610612742,,,,,
22500177466,,Shot Chart Detail,22500177,466,1630702,Jaden Hardy,1610612742,Dallas Mavericks,3,2,4,Missed Shot,Driving Floating Jump Shot,2PT Field Goal,In The Paint (Non-RA),Center(C),8-16 ft.,11,42,107,1,0,20251105,DAL,NOP,20360,0,202691|203939|1630314|1630702|1642843,0,REG,2026,1610612742,,,,,
22500177470,,Shot Chart Detail,22500177,470,1630702,Jaden Hardy,1610612742,Dallas Mavericks,3,1,39,Missed Shot,Jump Shot,3PT Field Goal,Right Corner 3,Right Side(R),24+ ft.,23,230,17,1,0,20251105,DAL,NOP,20610,0,202691|203939|1630314|1630702|1642843,0,REG,2026,1610612742,,,,,
22500177474,,Shot Chart Detail,22500177,474,1642843,Cooper Flagg,1610612742,Dallas Mavericks,3,1,18,Missed Shot,Driving Layup Shot,2PT Field Goal,Restricted Area,Center(C),Less Than 8 ft.,3,29,17,1,0,20251105,DAL,NOP,20820,0,202691|203939|1630314|1630702|1642843,0,REG,2026,1610612742,,,,,
22500177482,,Shot Chart Detail,22500177,482,1642843,Cooper Flagg,1610612742,Dallas Mavericks,3,1,3,Missed Shot,Driving Floating Jump Shot,2PT Field Goal,In The Paint (Non-RA),Center(C),Less Than 8 ft.,6,43,46,1,0,20251105,DAL,NOP,20970,0,202691|203939|1630314|1630702|1642843,0,REG,2026,1610612742,,,,,
22500177486,,Shot Chart Detail,22500177,486,1642843,Cooper Flagg,1610612742,Dallas Mavericks,3,0,46,Made Shot,Driving Dunk Shot,2PT Field Goal,Restricted Area,Center(C),Less Than 8 ft.,1,-4,10,1,1,20251105,DAL,NOP,21140,0,202691|203939|1630314|1630702|1642843,0,REG,2026,1610612742,,,,,
22500177488,,Shot Chart Detail,22500177,488,202691,Klay Thompson,1610612742,Dallas Mavericks,3,0,14,Made Shot,Jump Shot,3PT Field Goal,Right Corner 3,Right Side(R),24+ ft.,23,227,55,1,1,20251105,DAL,NOP,21460,0,202691|203939|1630314|1630702|1642843,1,REG,2026,1610612742,,,,,
22500177510,,Shot Chart Detail,22500177,510,1629655,Daniel Gafford,1610612742,Dallas Mavericks,4,11,41,Made Shot,Driving Floating Jump Shot,2PT Field Goal,Restricted Area,Center(C),Less Than 8 ft.,3,-20,28,1,1,20251105,DAL,NOP,21790,0,202691|1629023|1629655|1630230|1630314,1,REG,2026,1610612742,,,,,
22500177527,,Shot Chart Detail,22500177,527,1629655,Daniel Gafford,1610612742,Dallas Mavericks,4,10,22,Missed Shot,Layup Shot,2PT Field Goal,Restricted Area,Center(C),Less Than 8 ft.,1,12,1,1,0,20251105,DAL,NOP,22580,0,202691|1629023|1629655|1630230|1630314,0,REG,2026,1610612742,,,,,
22500177536,,Shot Chart Detail,22500177,536,202691,Klay Thompson,1610612742,Dallas Mavericks,4,9,30,Missed Shot,Jump Shot,3PT Field Goal,Above the Break 3,Right Side Center(RC),24+ ft.,24,190,153,1,0,20251105,DAL,NOP,23100,0,202691|1629023|1629655|1630230|1630314,0,REG,2026,1610612742,,,,,
22500177558,,Shot Chart Detail,22500177,558,1626156,D'Angelo Russell,1610612742,Dallas Mavericks,4,8,34,Made Shot,Fadeaway Jump Shot,2PT Field Goal,Mid-Range,Center(C),16-24 ft.,16,51,160,1,1,20251105,DAL,NOP,23660,0,1626156|1629023|1630230|1631108|1642843,1,REG,2026,1610612742,,,,,
22500177569,,Shot Chart Detail,22500177,569,1629023,P.J. Washington,1610612742,Dallas Mavericks,4,7,54,Missed Shot,Jump Shot,3PT Field Goal,Above the Break 3,Left Side Center(LC),24+ ft.,25,-191,175,1,0,20251105,DAL,NOP,24060,0,1626156|1629023|1630230|1631108|1642843,0,REG,2026,1610612742,,,,,
22500177573,,Shot Chart Detail,22500177,573,1642843,Cooper Flagg,1610612742,Dallas Mavericks,4,7,42,Made Shot,Driving Layup Shot,2PT Field Goal,Restricted Area,Center(C),Less Than 8 ft.,2,-13,16,1,1,20251105,DAL,NOP,24180,0,1626156|1629023|1630230|1631108|1642843,1,REG,2026,1610612742,,,,,
22500177589,,Shot Chart Detail,22500177,589,1631108,Max Christie,1610612742,Dallas Mavericks,4,6,22,Missed Shot,Driving Layup Shot,2PT Field Goal,Restricted Area,Center(C),Less Than 8 ft.,0,5,8,1,0,20251105,DAL,NOP,24980,0,1626156|1629023|1630230|1631108|1642843,0,REG,2026,1610612742,,,,,
22500177593,,Shot Chart Detail,22500177,593,1631108,Max Christie,1610612742,Dallas Mavericks,4,6,21,Missed Shot,Tip Layup Shot,2PT Field Goal,Restricted Area,Center(C),Less Than 8 ft.,1,17,3,1,0,20251105,DAL,NOP,24990,0,1626156|1629023|1630230|1631108|1642843,0,REG,2026,1610612742,,,,,
22500177599,,Shot Chart Detail,22500177,599,1642843,Cooper Flagg,1610612742,Dallas Mavericks,4,5,44,Made Shot,Driving Layup Shot,2PT Field Goal,In The Paint (Non-RA),Center(C),Less Than 8 ft.,7,-21,69,1,1,20251105,DAL,NOP,25360,0,1629023|1629655|1630314|1631108|1642843,0,REG,2026,1610612742,,,,,
22500177607,,Shot Chart Detail,22500177,607,1630314,Brandon Williams,1610612742,Dallas Mavericks,4,4,57,Missed Shot,Driving Layup Shot,2PT Field Goal,In The Paint (Non-RA),Center(C),Less Than 8 ft.,6,38,54,1,0,20251105,DAL,NOP,25830,0,1629023|1629655|1630314|1631108|1642843,0,REG,2026,1610612742,,,,,
22500177622,,Shot Chart Detail,22500177,622,1642843,Cooper Flagg,1610612742,Dallas Mavericks,4,3,57,Missed Shot,Pullup Jump shot,3PT Field Goal,Above the Break 3,Left Side Center(LC),24+ ft.,25,-115,232,1,0,20251105,DAL,NOP,26430,0,202691|1629023|1629655|1630230|1642843,0,REG,2026,1610612742,,,,,
22500177626,,Shot Chart Detail,22500177,626,1642843,Cooper Flagg,1610612742,Dallas Mavericks,4,3,28,Made Shot,Driving Floating Jump Shot,2PT Field Goal,In The Paint (Non-RA),Center(C),Less Than 8 ft.,5,-4,52,1,1,20251105,DAL,NOP,26720,0,202691|1629023|1629655|1630230|1642843,0,REG,2026,1610612742,,,,,
22500177631,,Shot Chart Detail,22500177,631,1629023,P.J. Washington,1610612742,Dallas Mavericks,4,2,53,Missed Shot,Driving Layup Shot,2PT Field Goal,In The Paint (Non-RA),Center(C),Less Than 8 ft.,5,40,39,1,0,20251105,DAL,NOP,27070,0,202691|1629023|1629655|1630230|1642843,0,REG,2026,1610612742,,,,,
22500177633,,Shot Chart Detail,22500177,633,1629655,Daniel Gafford,1610612742,Dallas Mavericks,4,2,52,Made Shot,Putback Layup Shot,2PT Field Goal,Restricted Area,Center(C),Less Than 8 ft.,2,2,20,1,1,20251105,DAL,NOP,27080,0,202691|1629023|1629655|1630230|1642843,0,REG,2026,1610612742,,,,,
22500177643,,Shot Chart Detail,22500177,643,1642843,Cooper Flagg,1610612742,Dallas Mavericks,4,1,42,Missed Shot,Fadeaway Jump Shot,2PT Field Goal,In The Paint (Non-RA),Center(C),Less Than 8 ft.,6,25,55,1,0,20251105,DAL,NOP,27780,0,202691|1629023|1629655|1630230|1642843,0,REG,2026,1610612742,,,,,
22500177674,,Shot Chart Detail,22500177,674,1629655,Daniel Gafford,1610612742,Dallas Mavericks,4,0,31,Made Shot,Driving Hook Shot,2PT Field Goal,Restricted Area,Center(C),Less Than 8 ft.,2,5,25,1,1,20251105,DAL,NOP,28490,0,202691|1629023|1629655|1631108|1642843,0,REG,2026,1610612742,,,,,
22500177681,,Shot Chart Detail,22500177,681,1642843,Cooper Flagg,1610612742,Dallas Mavericks,4,0,3,Missed Shot,Driving Floating Jump Shot,2PT Field Goal,In The Paint (Non-RA),Center(C),8-16 ft.,8,-11,88,1,0,20251105,DAL,NOP,28770,0,202691|1629023|1629655|1631108|1642843,0,REG,2026,1610612742,,,,,
2250018310,,Shot Chart Detail,22500183,10,1642843,Cooper Flagg,1610612742,Dallas Mavericks,1,11,16,Missed Shot,Jump Shot,2PT Field Goal,Mid-Range,Left Side(L),16-24 ft.,16,-154,56,1,0,20251108,WAS,DAL,440,0,1626156|1629023|1629655|1631108|1642843,0,REG,2026,1610612742,,,,,
2250018318,,Shot Chart Detail,22500183,18,1629655,Daniel Gafford,1610612742,Dallas Mavericks,1,10,40,Missed Shot,Alley Oop Dunk Shot,2PT Field Goal,In The Paint (Non-RA),Center(C),Less Than 8 ft.,5,-45,31,1,0,20251108,WAS,DAL,800,0,1626156|1629023|1629655|1631108|1642843,0,REG,2026,1610612742,,,,,
2250018322,,Shot Chart Detail,22500183,22,1626156,D'Angelo Russell,1610612742,Dallas Mavericks,1,10,18,Made Shot,Layup Shot,2PT Field Goal,Restricted Area,Center(C),Less Than 8 ft.,3,-36,3,1,1,20251108,WAS,DAL,1020,0,1626156|1629023|1629655|1631108|1642843,1,REG,2026,1610612742,,,,,
2250018325,,Shot Chart Detail,22500183,25,1629655,Daniel Gafford,1610612742,Dallas Mavericks,1,9,43,Made Shot,Jump Shot,2PT Field Goal,Mid-Range,Center(C),16-24 ft.,17,15,174,1,1,20251108,WAS,DAL,1370,0,1626156|1629023|1629655|1631108|1642843,1,REG,2026,1610612742,,,,,
2250018332,,Shot Chart Detail,22500183,32,1631108,Max Christie,1610612742,Dallas Mavericks,1,9,0,Missed Shot,Driving Floating Jump Shot,2PT Field Goal,Mid-Range,Left Side(L),8-16 ft.,12,-123,26,1,0,20251108,WAS,DAL,1800,0,1626156|1629023|1629655|1631108|1642843,0,REG,2026,1610612742,,,,,
2250018336,,Shot Chart Detail,22500183,36,1631108,Max Christie,1610612742,Dallas Mavericks,1,8,42,Made Shot,Driving Layup Shot,2PT Field Goal,Restricted Area,Center(C),Less Than 8 ft.,3,-39,4,1,1,20251108,WAS,DAL,1980,0,1626156|1629023|1629655|1631108|1642843,1,REG,2026,1610612742,,,,,
2250018342,,Shot Chart Detail,22500183,42,1626156,D'Angelo Russell,1610612742,Dallas Mavericks,1,8,20,Missed Shot,Pullup Jump shot,3PT Field Goal,Above the Break 3,Right Side Center(RC),24+ ft.,25,192,172,1,0,20251108,WAS,DAL,2200,0,1626156|1629023|1629655|1631108|1642843,0,REG,2026,1610612742,,,,,
2250018348,,Shot Chart Detail,22500183,48,1629655,Daniel Gafford,1610612742,Dallas Mavericks,1,7,46,Made Shot,Cutting Dunk Shot,2PT Field Goal,Restricted Area,Center(C),Less Than 8 ft.,3,2,31,1,1,20251108,WAS,DAL,2540,0,1626156|1629023|1629655|1631108|1642843,1,REG,2026,1610612742,,,,,
2250018375,,Shot Chart Detail,22500183,75,1630314,Brandon Williams,1610612742,Dallas Mavericks,1,6,31,Made Shot,Running Layup Shot,2PT Field Goal,Restricted Area,Center(C),Less Than 8 ft.,1,-9,9,1,1,20251108,WAS,DAL,3290,0,1629023|1630230|1630314|1630619|1631108,1,REG,2026,1610612742,,,,,
2250018379,,Shot Chart Detail,22500183,79,1629023,P.J. Washington,1610612742,Dallas Mavericks,1,6,10,Missed Shot,Pullup Jump shot,3PT Field Goal,Above the Break 3,Left Side Center(LC),24+ ft.,27,-107,252,1,0,20251108,WAS,DAL,3500,0,1629023|1630230|1630314|1630619|1631108,0,REG,2026,1610612742,,,,,
2250018381,,Shot Chart Detail,22500183,81,1630230,Naji Marshall,1610612742,Dallas Mavericks,1,5,54,Made Shot,Turnaround Jump Shot,2PT Field Goal,Mid-Range,Right Side(R),8-16 ft.,13,102,89,1,1,20251108,WAS,DAL,3660,0,1629023|1630230|1630314|1630619|1631108,0,REG,2026,1610612742,,,,,
2250018388,,Shot Chart Detail,22500183,88,1631108,Max Christie,1610612742,Dallas Mavericks,1,5,27,Missed Shot,Running Layup Shot,2PT Field Goal,Restricted Area,Center(C),Less Than 8 ft.,3,-28,14,1,0,20251108,WAS,DAL,3930,0,1629023|1630230|1630314|1630619|1631108,0,REG,2026,1610612742,,,,,
2250018390,,Shot Chart Detail,22500183,90,1629023,P.J. Washington,1610612742,Dallas Mavericks,1,5,21,Made Shot,Floating Jump shot,2PT Field Goal,In The Paint (Non-RA),Center(C),8-16 ft.,13,-13,135,1,1,20251108,WAS,DAL,3990,0,1629023|1630230|1630314|1630619|1631108,0,REG,2026,1610612742,,,,,
2250018399,,Shot Chart Detail,22500183,99,1630230,Naji Marshall,1610612742,Dallas Mavericks,1,4,50,Made Shot,Driving Floating Jump Shot,2PT Field Goal,In The Paint (Non-RA),Center(C),8-16 ft.,11,-34,106,1,1,20251108,WAS,DAL,4300,0,1629023|1630230|1630314|1630619|1631108,1,REG,2026,1610612742,,,,,
22500183103,,Shot Chart Detail,22500183,103,1630314,Brandon Williams,1610612742,Dallas Mavericks,1,4,31,Made Shot,Running Dunk Shot,2PT Field Goal,Restricted Area,Center(C),Less Than 8 ft.,0,5,8,1,1,20251108,WAS,DAL,4490,0,1629023|1630230|1630314|1630619|1631108,0,REG,2026,1610612742,,,,,
22500183148,,Shot Chart Detail,22500183,148,1630702,Jaden Hardy,1610612742,Dallas Mavericks,1,2,23,Made Shot,Running Jump Shot,3PT Field Goal,Above the Break 3,Right Side Center(RC),24+ ft.,25,194,161,1,1,20251108,WAS,DAL,5770,0,1630230|1630314|1630619|1630702|1642843,1,REG,2026,1610612742,,,,,
22500183152,,Shot Chart Detail,22500183,152,1642843,Cooper Flagg,1610612742,Dallas Mavericks,1,2,11,Made Shot,Running Dunk Shot,2PT Field Goal,Restricted Area,Center(C),Less Than 8 ft.,1,9,11,1,1,20251108,WAS,DAL,5890,0,1630230|1630314|1630619|1630702|1642843,1,REG,2026,1610612742,,,,,
22500183159,,Shot Chart Detail,22500183,159,1630314,Brandon Williams,1610612742,Dallas Mavericks,1,1,40,Missed Shot,Driving Layup Shot,2PT Field Goal,Restricted Area,Center(C),Less Than 8 ft.,3,33,3,1,0,20251108,WAS,DAL,6200,0,203939|1630230|1630314|1630702|1642843,0,REG,2026,1610612742,,,,,
22500183161,,Shot Chart Detail,22500183,161,1630702,Jaden Hardy,1610612742,Dallas Mavericks,1,1,37,Made Shot,Tip Layup Shot,2PT Field Goal,Restricted Area,Center(C),Less Than 8 ft.,0,0,0,1,1,20251108,WAS,DAL,6230,0,203939|1630230|1630314|1630702|1642843,0,REG,2026,1610612742,,,,,
22500183169,,Shot Chart Detail,22500183,169,203939,Dwight Powell,1610612742,Dallas Mavericks,1,1,0,Made Shot,Driving Layup Shot,2PT Field Goal,Restricted Area,Center(C),Less Than 8 ft.,3,-1,38,1,1,20251108,WAS,DAL,6600,0,203939|1630230|1630314|1630702|1642843,1,REG,2026,1610612742,,,,,
22500183180,,Shot Chart Detail,22500183,180,1630314,Brandon Williams,1610612742,Dallas Mavericks,1,0,32,Missed Shot,Driving Layup Shot,2PT Field Goal,Restricted Area,Center(C),Less Than 8 ft.,2,25,-10,1,0,20251108,WAS,DAL,6880,0,203939|1630230|1630314|1630702|1642843,0,REG,2026,1610612742,,,,,
22500183182,,Shot Chart Detail,22500183,182,1630230,Naji Marshall,1610612742,Dallas Mavericks,1,0,24,Made Shot,Pullup Jump shot,2PT Field Goal,Mid-Range,Left Side Center(LC),16-24 ft.,17,-58,164,1,1,20251108,WAS,DAL,6960,0,203939|1630230|1630314|1630702|1642843,0,REG,2026,1610612742,,,,,
22500183202,,Shot Chart Detail,22500183,202,1629655,Daniel Gafford,1610612742,Dallas Mavericks,2,11,12,Made Shot,Alley Oop Dunk Shot,2PT Field Goal,Restricted Area,Center(C),Less Than 8 ft.,1,-10,0,1,1,20251108,WAS,DAL,7680,0,1626156|1629655|1630230|1642843|1642948,1,REG,2026,1610612742,,,,,
22500183208,,Shot Chart Detail,22500183,208,1642843,Cooper Flagg,1610612742,Dallas Mavericks,2,10,30,Missed Shot,Pullup Jump shot,2PT Field Goal,Mid-Range,Right Side(R),8-16 ft.,14,143,14,1,0,20251108,WAS,DAL,8100,0,1626156|1629655|1630230|1642843|1642948,0,REG,2026,1610612742,,,,,
22500183226,,Shot Chart Detail,22500183,226,1626156,D'Angelo Russell,1610612742,Dallas Mavericks,2,9,1,Missed Shot,Running Jump Shot,3PT Field Goal,Above the Break 3,Right Side Center(RC),24+ ft.,25,230,116,1,0,20251108,WAS,DAL,8990,0,1626156|1630230|1630619|1642843|1642948,0,REG,2026,1610612742,,,,,
22500183238,,Shot Chart Detail,22500183,238,1629023,P.J. Washington,1610612742,Dallas Mavericks,2,8,33,Made Shot,Driving Floating Jump Shot,2PT Field Goal,In The Paint (Non-RA),Center(C),8-16 ft.,9,-1,98,1,1,20251108,WAS,DAL,9270,0,1629023|1630619|1630702|1631108|1642948,1,REG,2026,1610612742,,,,,
22500183260,,Shot Chart Detail,22500183,260,1630314,Brandon Williams,1610612742,Dallas Mavericks,2,7,36,Made Shot,Running Layup Shot,2PT Field Goal,Restricted Area,Center(C),Less Than 8 ft.,2,-25,6,1,1,20251108,WAS,DAL,9840,0,1629023|1630314|1630619|1630702|1631108,0,REG,2026,1610612742,,,,,
22500183263,,Shot Chart Detail,22500183,263,1630702,Jaden Hardy,1610612742,Dallas Mavericks,2,7,2,Missed Shot,Driving Layup Shot,2PT Field Goal,In The Paint (Non-RA),Center(C),Less Than 8 ft.,4,-39,22,1,0,20251108,WAS,DAL,10180,0,1629023|1630314|1630619|1630702|1631108,0,REG,2026,1610612742,,,,,
22500183274,,Shot Chart Detail,22500183,274,1631108,Max Christie,1610612742,Dallas Mavericks,2,6,19,Missed Shot,Driving Layup Shot,2PT Field Goal,Restricted Area,Center(C),Less Than 8 ft.,3,-36,13,1,0,20251108,WAS,DAL,10610,0,1629023|1630314|1630619|1630702|1631108,0,REG,2026,1610612742,,,,,
22500183280,,Shot Chart Detail,22500183,280,1630314,Brandon Williams,1610612742,Dallas Mavericks,2,6,0,Missed Shot,Jump Shot,3PT Field Goal,Above the Break 3,Left Side Center(LC),24+ ft.,25,-163,198,1,0,20251108,WAS,DAL,10800,0,1629023|1630314|1630619|1630702|1631108,0,REG,2026,1610612742,,,,,
22500183285,,Shot Chart Detail,22500183,285,1631108,Max Christie,1610612742,Dallas Mavericks,2,5,56,Missed Shot,Jump Shot,3PT Field Goal,Above the Break 3,Left Side Center(LC),24+ ft.,26,-227,127,1,0,20251108,WAS,DAL,10840,0,1629023|1630314|1630619|1630702|1631108,0,REG,2026,1610612742,,,,,
22500183289,,Shot Chart Detail,22500183,289,1630314,Brandon Williams,1610612742,Dallas Mavericks,2,5,45,Missed Shot,Pullup Jump shot,3PT Field Goal,Above the Break 3,Left Side Center(LC),24+ ft.,25,-157,198,1,0,20251108,WAS,DAL,10950,0,1629023|1630314|1630619|1630702|1631108,0,REG,2026,1610612742,,,,,
22500183300,,Shot Chart Detail,22500183,300,1642843,Cooper Flagg,1610612742,Dallas Mavericks,2,4,55,Made Shot,Running Layup Shot,2PT Field Goal,In The Paint (Non-RA),Center(C),Less Than 8 ft.,4,-36,26,1,1,20251108,WAS,DAL,11450,0,1629023|1630314|1630619|1631108|1642843,0,REG,2026,1610612742,,,,,
22500183303,,Shot Chart Detail,22500183,303,1631108,Max Christie,1610612742,Dallas Mavericks,2,4,26,Missed Shot,Driving Floating Jump Shot,2PT Field Goal,In The Paint (Non-RA),Center(C),8-16 ft.,8,34,74,1,0,20251108,WAS,DAL,11740,0,1629023|1630314|1630619|1631108|1642843,0,REG,2026,1610612742,,,,,
22500183314,,Shot Chart Detail,22500183,314,1630314,Brandon Williams,1610612742,Dallas Mavericks,2,4,15,Missed Shot,Driving Layup Shot,2PT Field Goal,Restricted Area,Center(C),Less Than 8 ft.,3,36,8,1,0,20251108,WAS,DAL,11850,0,203939|1629023|1630314|1631108|1642843,0,REG,2026,1610612742,,,,,
22500183322,,Shot Chart Detail,22500183,322,1630314,Brandon Williams,1610612742,Dallas Mavericks,2,3,42,Missed Shot,Jump Shot,3PT Field Goal,Above the Break 3,Right Side Center(RC),24+ ft.,25,173,185,1,0,20251108,WAS,DAL,12180,0,203939|1629023|1630230|1630314|1642843,0,REG,2026,1610612742,,,,,
22500183339,,Shot Chart Detail,22500183,339,1630230,Naji Marshall,1610612742,Dallas Mavericks,2,2,39,Missed Shot,Jump Shot,3PT Field Goal,Above the Break 3,Center(C),24+ ft.,27,-62,267,1,0,20251108,WAS,DAL,12810,0,1626156|1629023|1629655|1630230|1642843,0,REG,2026,1610612742,,,,,
22500183341,,Shot Chart Detail,22500183,341,1642843,Cooper Flagg,1610612742,Dallas Mavericks,2,2,32,Missed Shot,Driving Hook Shot,2PT Field Goal,In The Paint (Non-RA),Center(C),Less Than 8 ft.,6,-27,56,1,0,20251108,WAS,DAL,12880,0,1626156|1629023|1629655|1630230|1642843,0,REG,2026,1610612742,,,,,
22500183346,,Shot Chart Detail,22500183,346,1626156,D'Angelo Russell,1610612742,Dallas Mavericks,2,2,10,Made Shot,Driving Layup Shot,2PT Field Goal,Restricted Area,Center(C),Less Than 8 ft.,2,-27,8,1,1,20251108,WAS,DAL,13100,0,1626156|1629023|1629655|1630230|1642843,0,REG,2026,1610612742,,,,,
22500183349,,Shot Chart Detail,22500183,349,1630230,Naji Marshall,1610612742,Dallas Mavericks,2,1,40,Made Shot,Driving Floating Jump Shot,2PT Field Goal,In The Paint (Non-RA),Center(C),8-16 ft.,13,17,130,1,1,20251108,WAS,DAL,13400,0,1626156|1629023|1629655|1630230|1642843,1,REG,2026,1610612742,,,,,
22500183353,,Shot Chart Detail,22500183,353,1626156,D'Angelo Russell,1610612742,Dallas Mavericks,2,1,7,Missed Shot,Step Back Jump shot,3PT Field Goal,Above the Break 3,Center(C),24+ ft.,27,-15,276,1,0,20251108,WAS,DAL,13730,0,1626156|1629023|1629655|1630230|1642843,0,REG,2026,1610612742,,,,,
22500183358,,Shot Chart Detail,22500183,358,1630230,Naji Marshall,1610612742,Dallas Mavericks,2,0,46,Made Shot,Jump Shot,3PT Field Goal,Right Corner 3,Right Side(R),24+ ft.,24,235,79,1,1,20251108,WAS,DAL,13940,0,1626156|1629023|1629655|1630230|1642843,1,REG,2026,1610612742,,,,,
22500183371,,Shot Chart Detail,22500183,371,1626156,D'Angelo Russell,1610612742,Dallas Mavericks,2,0,0,Missed Shot,Pullup Jump shot,3PT Field Goal,Above the Break 3,Center(C),24+ ft.,27,-4,273,1,0,20251108,WAS,DAL,14400,0,1626156|1629023|1629655|1630230|1642843,0,REG,2026,1610612742,,,,,
22500183383,,Shot Chart Detail,22500183,383,1642843,Cooper Flagg,1610612742,Dallas Mavericks,3,11,44,Made Shot,Driving Layup Shot,2PT Field Goal,In The Paint (Non-RA),Center(C),Less Than 8 ft.,5,-1,52,1,1,20251108,WAS,DAL,14560,0,1626156|1629023|1629655|1631108|1642843,0,REG,2026,1610612742,,,,,
22500183386,,Shot Chart Detail,22500183,386,1631108,Max Christie,1610612742,Dallas Mavericks,3,11,8,Missed Shot,Jump Shot,3PT Field Goal,Above the Break 3,Left Side Center(LC),24+ ft.,28,-194,202,1,0,20251108,WAS,DAL,14920,0,1626156|1629023|1629655|1631108|1642843,0,REG,2026,1610612742,,,,,
22500183390,,Shot Chart Detail,22500183,390,1629023,P.J. Washington,1610612742,Dallas Mavericks,3,10,43,Missed Shot,Turnaround Hook Shot,2PT Field Goal,Mid-Range,Right Side(R),8-16 ft.,10,89,50,1,0,20251108,WAS,DAL,15170,0,1626156|1629023|1629655|1631108|1642843,0,REG,2026,1610612742,,,,,
22500183407,,Shot Chart Detail,22500183,407,1626156,D'Angelo Russell,1610612742,Dallas Mavericks,3,9,51,Missed Shot,Pullup Jump shot,3PT Field Goal,Above the Break 3,Left Side Center(LC),24+ ft.,25,-186,181,1,0,20251108,WAS,DAL,15690,0,1626156|1629023|1629655|1631108|1642843,0,REG,2026,1610612742,,,,,
22500183411,,Shot Chart Detail,22500183,411,1631108,Max Christie,1610612742,Dallas Mavericks,3,9,40,Made Shot,Running Jump Shot,3PT Field Goal,Left Corner 3,Left Side(L),24+ ft.,23,-237,-6,1,1,20251108,WAS,DAL,15800,0,1626156|1629023|1629655|1631108|1642843,1,REG,2026,1610612742,,,,,
22500183419,,Shot Chart Detail,22500183,419,1630314,Brandon Williams,1610612742,Dallas Mavericks,3,9,2,Made Shot,Driving Finger Roll Layup Shot,2PT Field Goal,Restricted Area,Center(C),Less Than 8 ft.,2,10,18,1,1,20251108,WAS,DAL,16180,0,1629023|1629655|1630314|1631108|1642843,1,REG,2026,1610612742,,,,,
22500183423,,Shot Chart Detail,22500183,423,1629655,Daniel Gafford,1610612742,Dallas Mavericks,3,8,41,Made Shot,Running Alley Oop Dunk Shot,2PT Field Goal,Restricted Area,Center(C),Less Than 8 ft.,1,-15,6,1,1,20251108,WAS,DAL,16390,0,1629023|1629655|1630314|1631108|1642843,1,REG,2026,1610612742,,,,,
22500183427,,Shot Chart Detail,22500183,427,1642843,Cooper Flagg,1610612742,Dallas Mavericks,3,8,25,Made Shot,Running Layup Shot,2PT Field Goal,Restricted Area,Center(C),Less Than 8 ft.,2,22,1,1,1,20251108,WAS,DAL,16550,0,1629023|1629655|1630314|1631108|1642843,0,REG,2026,1610612742,,,,,
22500183433,,Shot Chart Detail,22500183,433,1629023,P.J. Washington,1610612742,Dallas Mavericks,3,7,53,Missed Shot,Jump Shot,3PT Field Goal,Above the Break 3,Left Side Center(LC),24+ ft.,26,-210,167,1,0,20251108,WAS,DAL,16870,0,1629023|1630314|1630619|1631108|1642843,0,REG,2026,1610612742,,,,,
22500183436,,Shot Chart Detail,22500183,436,1631108,Max Christie,1610612742,Dallas Mavericks,3,7,28,Missed Shot,Jump Shot,3PT Field Goal,Right Corner 3,Right Side(R),24+ ft.,24,241,-8,1,0,20251108,WAS,DAL,17120,0,1629023|1630314|1630619|1631108|1642843,0,REG,2026,1610612742,,,,,
22500183442,,Shot Chart Detail,22500183,442,1642843,Cooper Flagg,1610612742,Dallas Mavericks,3,6,58,Missed Shot,Driving Dunk Shot,2PT Field Goal,In The Paint (Non-RA),Center(C),Less Than 8 ft.,4,37,27,1,0,20251108,WAS,DAL,17420,0,1630230|1630314|1630619|1631108|1642843,0,REG,2026,1610612742,,,,,
22500183464,,Shot Chart Detail,22500183,464,1630619,Moussa Cisse,1610612742,Dallas Mavericks,3,5,42,Made Shot,Driving Dunk Shot,2PT Field Goal,Restricted Area,Center(C),Less Than 8 ft.,1,12,5,1,1,20251108,WAS,DAL,18180,0,1630230|1630314|1630619|1630702|1642843,1,REG,2026,1610612742,,,,,
22500183468,,Shot Chart Detail,22500183,468,1642843,Cooper Flagg,1610612742,Dallas Mavericks,3,5,20,Missed Shot,Step Back Jump shot,2PT Field Goal,Mid-Range,Left Side Center(LC),16-24 ft.,17,-99,142,1,0,20251108,WAS,DAL,18400,0,1630230|1630314|1630619|1630702|1642843,0,REG,2026,1610612742,,,,,
22500183476,,Shot Chart Detail,22500183,476,1642843,Cooper Flagg,1610612742,Dallas Mavericks,3,4,52,Made Shot,Driving Reverse Layup Shot,2PT Field Goal,Restricted Area,Center(C),Less Than 8 ft.,2,-20,10,1,1,20251108,WAS,DAL,18680,0,1630230|1630314|1630619|1630702|1642843,0,REG,2026,1610612742,,,,,
22500183479,,Shot Chart Detail,22500183,479,1642843,Cooper Flagg,1610612742,Dallas Mavericks,3,4,21,Missed Shot,Jump Shot,3PT Field Goal,Above the Break 3,Center(C),24+ ft.,26,-81,256,1,0,20251108,WAS,DAL,18990,0,1630230|1630314|1630619|1630702|1642843,0,REG,2026,1610612742,,,,,
22500183484,,Shot Chart Detail,22500183,484,1630702,Jaden Hardy,1610612742,Dallas Mavericks,3,3,46,Made Shot,Driving Floating Jump Shot,2PT Field Goal,In The Paint (Non-RA),Center(C),Less Than 8 ft.,7,-5,70,1,1,20251108,WAS,DAL,19340,0,1630230|1630314|1630619|1630702|1642843,1,REG,2026,1610612742,,,,,
22500183499,,Shot Chart Detail,22500183,499,1630702,Jaden Hardy,1610612742,Dallas Mavericks,3,2,51,Missed Shot,Step Back Jump shot,2PT Field Goal,Mid-Range,Center(C),8-16 ft.,15,0,158,1,0,20251108,WAS,DAL,19890,0,1629023|1630230|1630619|1630702|1642948,0,REG,2026,1610612742,,,,,
22500183503,,Shot Chart Detail,22500183,503,1630619,Moussa Cisse,1610612742,Dallas Mavericks,3,2,31,Made Shot,Dunk Shot,2PT Field Goal,Restricted Area,Center(C),Less Than 8 ft.,3,17,27,1,1,20251108,WAS,DAL,20090,0,1629023|1630230|1630619|1630702|1642948,1,REG,2026,1610612742,,,,,
22500183512,,Shot Chart Detail,22500183,512,1630230,Naji Marshall,1610612742,Dallas Mavericks,3,2,2,Missed Shot,Driving Floating Jump Shot,2PT Field Goal,In The Paint (Non-RA),Center(C),8-16 ft.,11,-49,107,1,0,20251108,WAS,DAL,20380,0,203939|1629023|1630230|1630702|1642948,0,REG,2026,1610612742,,,,,
22500183517,,Shot Chart Detail,22500183,517,1630230,Naji Marshall,1610612742,Dallas Mavericks,3,1,37,Made Shot,Finger Roll Layup Shot,2PT Field Goal,Restricted Area,Center(C),Less Than 8 ft.,3,-11,34,1,1,20251108,WAS,DAL,20630,0,203939|1629023|1630230|1630702|1642948,0,REG,2026,1610612742,,,,,
22500183523,,Shot Chart Detail,22500183,523,203939,Dwight Powell,1610612742,Dallas Mavericks,3,1,2,Missed Shot,Cutting Layup Shot,2PT Field Goal,Restricted Area,Center(C),Less Than 8 ft.,2,-7,21,1,0,20251108,WAS,DAL,20980,0,203939|1629023|1630230|1630702|1642948,0,REG,2026,1610612742,,,,,
22500183528,,Shot Chart Detail,22500183,528,1629023,P.J. Washington,1610612742,Dallas Mavericks,3,0,40,Missed Shot,Turnaround Hook Shot,2PT Field Goal,Restricted Area,Center(C),Less Than 8 ft.,2,-11,20,1,0,20251108,WAS,DAL,21200,0,203939|1629023|1630230|1630702|1642948,0,REG,2026,1610612742,,,,,
22500183530,,Shot Chart Detail,22500183,530,1630230,Naji Marshall,1610612742,Dallas Mavericks,3,0,37,Made Shot,Jump Shot,3PT Field Goal,Above the Break 3,Center(C),24+ ft.,25,-71,242,1,1,20251108,WAS,DAL,21230,0,203939|1629023|1630230|1630702|1642948,1,REG,2026,1610612742,,,,,
22500183535,,Shot Chart Detail,22500183,535,1642948,Ryan Nembhard,1610612742,Dallas Mavericks,3,0,1,Missed Shot,Step Back Jump shot,2PT Field Goal,Mid-Range,Center(C),16-24 ft.,18,25,181,1,0,20251108,WAS,DAL,21590,0,203939|1629023|1630230|1630702|1642948,0,REG,2026,1610612742,,,,,
22500183551,,Shot Chart Detail,22500183,551,1630230,Naji Marshall,1610612742,Dallas Mavericks,4,11,21,Missed Shot,Driving Layup Shot,2PT Field Goal,In The Paint (Non-RA),Center(C),Less Than 8 ft.,6,-60,27,1,0,20251108,WAS,DAL,21990,0,1626156|1629023|1629655|1630230|1631108,0,REG,2026,1610612742,,,,,
22500183556,,Shot Chart Detail,22500183,556,1631108,Max Christie,1610612742,Dallas Mavericks,4,10,45,Missed Shot,Pullup Jump shot,3PT Field Goal,Above the Break 3,Left Side Center(LC),24+ ft.,30,-138,269,1,0,20251108,WAS,DAL,22350,0,1626156|1629023|1629655|1630230|1631108,0,REG,2026,1610612742,,,,,
22500183558,,Shot Chart Detail,22500183,558,1626156,D'Angelo Russell,1610612742,Dallas Mavericks,4,10,41,Missed Shot,Jump Shot,3PT Field Goal,Above the Break 3,Right Side Center(RC),24+ ft.,25,197,165,1,0,20251108,WAS,DAL,22390,0,1626156|1629023|1629655|1630230|1631108,0,REG,2026,1610612742,,,,,
22500183562,,Shot Chart Detail,22500183,562,1630230,Naji Marshall,1610612742,Dallas Mavericks,4,10,19,Missed Shot,Running Layup Shot,2PT Field Goal,In The Paint (Non-RA),Center(C),Less Than 8 ft.,4,-37,27,1,0,20251108,WAS,DAL,22610,0,1626156|1629023|1629655|1630230|1631108,0,REG,2026,1610612742,,,,,
22500183564,,Shot Chart Detail,22500183,564,1626156,D'Angelo Russell,1610612742,Dallas Mavericks,4,10,15,Missed Shot,Floating Jump shot,2PT Field Goal,Restricted Area,Center(C),Less Than 8 ft.,3,33,-1,1,0,20251108,WAS,DAL,22650,0,1626156|1629023|1629655|1630230|1631108,0,REG,2026,1610612742,,,,,
22500183566,,Shot Chart Detail,22500183,566,1630230,Naji Marshall,1610612742,Dallas Mavericks,4,10,11,Made Shot,Jump Shot,3PT Field Goal,Left Corner 3,Left Side(L),24+ ft.,23,-238,-5,1,1,20251108,WAS,DAL,22690,0,1626156|1629023|1629655|1630230|1631108,1,REG,2026,1610612742,,,,,
22500183580,,Shot Chart Detail,22500183,580,1631108,Max Christie,1610612742,Dallas Mavericks,4,9,29,Missed Shot,Driving Floating Jump Shot,2PT Field Goal,In The Paint (Non-RA),Center(C),8-16 ft.,9,-42,81,1,0,20251108,WAS,DAL,23110,0,1626156|1629023|1629655|1630230|1631108,0,REG,2026,1610612742,,,,,
22500183587,,Shot Chart Detail,22500183,587,1626156,D'Angelo Russell,1610612742,Dallas Mavericks,4,9,0,Made Shot,Driving Floating Jump Shot,2PT Field Goal,In The Paint (Non-RA),Right Side(R),8-16 ft.,9,56,73,1,1,20251108,WAS,DAL,23400,0,1626156|1629023|1629655|1630230|1631108,0,REG,2026,1610612742,,,,,
22500183600,,Shot Chart Detail,22500183,600,1631108,Max Christie,1610612742,Dallas Mavericks,4,7,51,Made Shot,Running Layup Shot,2PT Field Goal,Restricted Area,Center(C),Less Than 8 ft.,1,11,7,1,1,20251108,WAS,DAL,24090,0,1629023|1629655|1630314|1631108|1642843,0,REG,2026,1610612742,,,,,
22500183603,,Shot Chart Detail,22500183,603,1631108,Max Christie,1610612742,Dallas Mavericks,4,7,25,Made Shot,Running Layup Shot,2PT Field Goal,Restricted Area,Center(C),Less Than 8 ft.,1,11,5,1,1,20251108,WAS,DAL,24350,0,1629023|1629655|1630314|1631108|1642843,0,REG,2026,1610612742,,,,,
22500183618,,Shot Chart Detail,22500183,618,1630314,Brandon Williams,1610612742,Dallas Mavericks,4,6,40,Made Shot,Jump Shot,3PT Field Goal,Above the Break 3,Center(C),24+ ft.,25,4,256,1,1,20251108,WAS,DAL,24800,0,1629023|1630314|1630619|1631108|1642843,1,REG,2026,1610612742,,,,,
22500183622,,Shot Chart Detail,22500183,622,1631108,Max Christie,1610612742,Dallas Mavericks,4,6,13,Missed Shot,Running Layup Shot,2PT Field Goal,In The Paint (Non-RA),Center(C),Less Than 8 ft.,4,-47,12,1,0,20251108,WAS,DAL,25070,0,1629023|1630314|1630619|1631108|1642843,0,REG,2026,1610612742,,,,,
22500183624,,Shot Chart Detail,22500183,624,1630619,Moussa Cisse,1610612742,Dallas Mavericks,4,6,9,Missed Shot,Layup Shot,2PT Field Goal,In The Paint (Non-RA),Center(C),Less Than 8 ft.,4,44,8,1,0,20251108,WAS,DAL,25110,0,1629023|1630314|1630619|1631108|1642843,0,REG,2026,1610612742,,,,,
22500183630,,Shot Chart Detail,22500183,630,1642843,Cooper Flagg,1610612742,Dallas Mavericks,4,6,0,Made Shot,Driving Floating Bank Jump Shot,2PT Field Goal,In The Paint (Non-RA),Left Side(L),8-16 ft.,8,-60,65,1,1,20251108,WAS,DAL,25200,0,1630230|1630314|1630619|1631108|1642843,1,REG,2026,1610612742,,,,,
22500183635,,Shot Chart Detail,22500183,635,1642843,Cooper Flagg,1610612742,Dallas Mavericks,4,5,22,Missed Shot,Driving Dunk Shot,2PT Field Goal,In The Paint (Non-RA),Center(C),Less Than 8 ft.,5,-50,4,1,0,20251108,WAS,DAL,25580,0,1630230|1630314|1630619|1631108|1642843,0,REG,2026,1610612742,,,,,
22500183650,,Shot Chart Detail,22500183,650,1630314,Brandon Williams,1610612742,Dallas Mavericks,4,5,2,Made Shot,Driving Layup Shot,2PT Field Goal,Restricted Area,Center(C),Less Than 8 ft.,3,28,11,1,1,20251108,WAS,DAL,25780,0,1630230|1630314|1630619|1631108|1642843,0,REG,2026,1610612742,,,,,
22500183657,,Shot Chart Detail,22500183,657,1630314,Brandon Williams,1610612742,Dallas Mavericks,4,4,36,Missed Shot,Driving Layup Shot,2PT Field Goal,In The Paint (Non-RA),Center(C),Less Than 8 ft.,4,47,13,1,0,20251108,WAS,DAL,26040,0,1629023|1630230|1630314|1631108|1642843,0,REG,2026,1610612742,,,,,
22500183669,,Shot Chart Detail,22500183,669,1630230,Naji Marshall,1610612742,Dallas Mavericks,4,4,10,Made Shot,Running Layup Shot,2PT Field Goal,Restricted Area,Center(C),Less Than 8 ft.,2,-11,21,1,1,20251108,WAS,DAL,26300,0,1629023|1630230|1630314|1631108|1642843,1,REG,2026,1610612742,,,,,
22500183673,,Shot Chart Detail,22500183,673,1642843,Cooper Flagg,1610612742,Dallas Mavericks,4,3,35,Missed Shot,Jump Shot,3PT Field Goal,Left Corner 3,Left Side(L),24+ ft.,23,-233,-9,1,0,20251108,WAS,DAL,26650,0,1629023|1630230|1630314|1631108|1642843,0,REG,2026,1610612742,,,,,
22500183675,,Shot Chart Detail,22500183,675,1630314,Brandon Williams,1610612742,Dallas Mavericks,4,3,23,Missed Shot,Driving Layup Shot,2PT Field Goal,In The Paint (Non-RA),Center(C),Less Than 8 ft.,4,39,31,1,0,20251108,WAS,DAL,26770,0,1629023|1630230|1630314|1631108|1642843,0,REG,2026,1610612742,,,,,
22500183683,,Shot Chart Detail,22500183,683,1630314,Brandon Williams,1610612742,Dallas Mavericks,4,2,48,Missed Shot,Pullup Jump shot,2PT Field Goal,Mid-Range,Center(C),8-16 ft.,15,-47,144,1,0,20251108,WAS,DAL,27120,0,1629023|1630230|1630314|1631108|1642843,0,REG,2026,1610612742,,,,,
22500183685,,Shot Chart Detail,22500183,685,1629023,P.J. Washington,1610612742,Dallas Mavericks,4,2,33,Made Shot,Driving Floating Jump Shot,2PT Field Goal,In The Paint (Non-RA),Center(C),Less Than 8 ft.,6,0,64,1,1,20251108,WAS,DAL,27270,0,1629023|1630230|1630314|1631108|1642843,1,REG,2026,1610612742,,,,,
22500183691,,Shot Chart Detail,22500183,691,1642843,Cooper Flagg,1610612742,Dallas Mavericks,4,1,53,Missed Shot,Driving Layup Shot,2PT Field Goal,In The Paint (Non-RA),Center(C),Less Than 8 ft.,5,-20,47,1,0,20251108,WAS,DAL,27670,0,1629023|1630230|1630314|1631108|1642843,0,REG,2026,1610612742,,,,,
22500183699,,Shot Chart Detail,22500183,699,1629023,P.J. Washington,1610612742,Dallas Mavericks,4,1,35,Made Shot,Layup Shot,2PT Field Goal,Restricted Area,Center(C),Less Than 8 ft.,3,28,12,1,1,20251108,WAS,DAL,27850,0,1629023|1630230|1630314|1631108|1642843,1,REG,2026,1610612742,,,,,
22500183704,,Shot Chart Detail,22500183,704,1630230,Naji Marshall,1610612742,Dallas Mavericks,4,0,54,Missed Shot,Step Back Jump shot,2PT Field Goal,Mid-Range,Right Side Center(RC),16-24 ft.,22,105,201,1,0,20251108,WAS,DAL,28260,0,1629023|1630230|1630314|1631108|1642843,0,REG,2026,1610612742,,,,,
22500183707,,Shot Chart Detail,22500183,707,1630314,Brandon Williams,1610612742,Dallas Mavericks,4,0,23,Missed Shot,Fadeaway Jump Shot,2PT Field Goal,In The Paint (Non-RA),Center(C),Less Than 8 ft.,7,64,38,1,0,20251108,WAS,DAL,28570,0,1629023|1630230|1630314|1631108|1642843,0,REG,2026,1610612742,,,,,
225002038,,Shot Chart Detail,22500203,8,1631108,Max Christie,1610612742,Dallas Mavericks,1,11,40,Made Shot,Driving Layup Shot,2PT Field Goal,Restricted Area,Center(C),Less Than 8 ft.,1,-15,3,1,1,20251110,DAL,MIL,200,0,1629023|1629655|1630314|1631108|1642843,1,REG,2026,1610612742,,,,,
2250020322,,Shot Chart Detail,22500203,22,1629655,Daniel Gafford,1610612742,Dallas Mavericks,1,10,23,Missed Shot,Cutting Layup Shot,2PT Field Goal,Restricted Area,Center(C),Less Than 8 ft.,3,31,25,1,0,20251110,DAL,MIL,970,0,1629023|1629655|1630314|1631108|1642843,0,REG,2026,1610612742,,,,,
2250020332,,Shot Chart Detail,22500203,32,1629023,P.J. Washington,1610612742,Dallas Mavericks,1,9,52,Missed Shot,Driving Reverse Layup Shot,2PT Field Goal,Restricted Area,Center(C),Less Than 8 ft.,1,13,-4,1,0,20251110,DAL,MIL,1280,0,1629023|1629655|1630314|1631108|1642843,0,REG,2026,1610612742,,,,,
2250020334,,Shot Chart Detail,22500203,34,1629655,Daniel Gafford,1610612742,Dallas Mavericks,1,9,50,Missed Shot,Putback Dunk Shot,2PT Field Goal,Restricted Area,Center(C),Less Than 8 ft.,0,2,9,1,0,20251110,DAL,MIL,1300,0,1629023|1629655|1630314|1631108|1642843,0,REG,2026,1610612742,,,,,
2250020345,,Shot Chart Detail,22500203,45,1630314,Brandon Williams,1610612742,Dallas Mavericks,1,9,3,Missed Shot,Pullup Jump shot,3PT Field Goal,Above the Break 3,Center(C),24+ ft.,25,12,257,1,0,20251110,DAL,MIL,1770,0,1629023|1629655|1630314|1631108|1642843,0,REG,2026,1610612742,,,,,
2250020350,,Shot Chart Detail,22500203,50,1629023,P.J. Washington,1610612742,Dallas Mavericks,1,8,37,Missed Shot,Jump Shot,3PT Field Goal,Right Corner 3,Right Side(R),24+ ft.,23,238,16,1,0,20251110,DAL,MIL,2030,0,1629023|1629655|1630314|1631108|1642843,0,REG,2026,1610612742,,,,,
2250020354,,Shot Chart Detail,22500203,54,1629023,P.J. Washington,1610612742,Dallas Mavericks,1,8,4,Missed Shot,Jump Shot,3PT Field Goal,Left Corner 3,Left Side(L),24+ ft.,22,-222,-7,1,0,20251110,DAL,MIL,2360,0,1629023|1629655|1630314|1631108|1642843,0,REG,2026,1610612742,,,,,
2250020359,,Shot Chart Detail,22500203,59,1642843,Cooper Flagg,1610612742,Dallas Mavericks,1,7,44,Missed Shot,Running Pull-Up Jump Shot,3PT Field Goal,Above the Break 3,Center(C),24+ ft.,25,-76,239,1,0,20251110,DAL,MIL,2560,0,1629023|1629655|1630314|1631108|1642843,0,REG,2026,1610612742,,,,,
2250020385,,Shot Chart Detail,22500203,85,1631108,Max Christie,1610612742,Dallas Mavericks,1,6,37,Missed Shot,Driving Layup Shot,2PT Field Goal,In The Paint (Non-RA),Center(C),Less Than 8 ft.,5,50,10,1,0,20251110,DAL,MIL,3230,0,1630230|1630314|1630619|1631108|1642843,0,REG,2026,1610612742,,,,,
2250020395,,Shot Chart Detail,22500203,95,1630314,Brandon Williams,1610612742,Dallas Mavericks,1,5,46,Made Shot,Jump Shot,3PT Field Goal,Right Corner 3,Right Side(R),24+ ft.,23,235,4,1,1,20251110,DAL,MIL,3740,0,1630230|1630314|1630619|1631108|1642843,1,REG,2026,1610612742,,,,,
2250020399,,Shot Chart Detail,22500203,99,1642843,Cooper Flagg,1610612742,Dallas Mavericks,1,5,13,Made Shot,Turnaround Jump Shot,2PT Field Goal,In The Paint (Non-RA),Center(C),Less Than 8 ft.,7,-5,74,1,1,20251110,DAL,MIL,4070,0,1630230|1630314|1630619|1631108|1642843,0,REG,2026,1610612742,,,,,
22500203102,,Shot Chart Detail,22500203,102,1630314,Brandon Williams,1610612742,Dallas Mavericks,1,4,55,Missed Shot,Running Layup Shot,2PT Field Goal,Restricted Area,Center(C),Less Than 8 ft.,2,22,-4,1,0,20251110,DAL,MIL,4250,0,1630230|1630314|1630619|1631108|1642843,0,REG,2026,1610612742,,,,,
22500203104,,Shot Chart Detail,22500203,104,1642843,Cooper Flagg,1610612742,Dallas Mavericks,1,4,53,Made Shot,Tip Layup Shot,2PT Field Goal,Restricted Area,Center(C),Less Than 8 ft.,0,0,0,1,1,20251110,DAL,MIL,4270,0,1630230|1630314|1630619|1631108|1642843,0,REG,2026,1610612742,,,,,
22500203115,,Shot Chart Detail,22500203,115,202691,Klay Thompson,1610612742,Dallas Mavericks,1,4,20,Missed Shot,Pullup Jump shot,3PT Field Goal,Above the Break 3,Center(C),24+ ft.,25,67,245,1,0,20251110,DAL,MIL,4600,0,202691|1626156|1630230|1630619|1642843,0,REG,2026,1610612742,,,,,
22500203129,,Shot Chart Detail,22500203,129,1630230,Naji Marshall,1610612742,Dallas Mavericks,1,3,32,Made Shot,Turnaround Hook Shot,2PT Field Goal,In The Paint (Non-RA),Center(C),Less Than 8 ft.,5,13,56,1,1,20251110,DAL,MIL,5080,0,202691|203939|1626156|1630230|1642843,0,REG,2026,1610612742,,,,,
22500203136,,Shot Chart Detail,22500203,136,203939,Dwight Powell,1610612742,Dallas Mavericks,1,3,13,Missed Shot,Layup Shot,2PT Field Goal,Restricted Area,Center(C),Less Than 8 ft.,2,25,4,1,0,20251110,DAL,MIL,5270,0,202691|203939|1626156|1629023|1630230,0,REG,2026,1610612742,,,,,
22500203139,,Shot Chart Detail,22500203,139,202691,Klay Thompson,1610612742,Dallas Mavericks,1,2,48,Made Shot,Jump Shot,3PT Field Goal,Above the Break 3,Left Side Center(LC),24+ ft.,24,-113,220,1,1,20251110,DAL,MIL,5520,0,202691|203939|1626156|1629023|1630230,1,REG,2026,1610612742,,,,,
22500203143,,Shot Chart Detail,22500203,143,202691,Klay Thompson,1610612742,Dallas Mavericks,1,2,33,Made Shot,Running Pull-Up Jump Shot,3PT Field Goal,Above the Break 3,Left Side Center(LC),24+ ft.,24,-137,206,1,1,20251110,DAL,MIL,5670,0,202691|203939|1626156|1629023|1630230,1,REG,2026,1610612742,,,,,
22500203147,,Shot Chart Detail,22500203,147,1626156,D'Angelo Russell,1610612742,Dallas Mavericks,1,2,16,Made Shot,Running Layup Shot,2PT Field Goal,Restricted Area,Center(C),Less Than 8 ft.,2,-20,6,1,1,20251110,DAL,MIL,5840,0,202691|203939|1626156|1629023|1630230,1,REG,2026,1610612742,,,,,
22500203154,,Shot Chart Detail,22500203,154,1629023,P.J. Washington,1610612742,Dallas Mavericks,1,1,42,Made Shot,Turnaround Hook Shot,2PT Field Goal,Mid-Range,Right Side(R),8-16 ft.,12,96,73,1,1,20251110,DAL,MIL,6180,0,202691|203939|1626156|1629023|1630230,0,REG,2026,1610612742,,,,,
22500203162,,Shot Chart Detail,22500203,162,202691,Klay Thompson,1610612742,Dallas Mavericks,1,0,58,Missed Shot,Jump Shot,3PT Field Goal,Above the Break 3,Right Side Center(RC),24+ ft.,27,169,219,1,0,20251110,DAL,MIL,6620,0,202691|203939|1626156|1629023|1630230,0,REG,2026,1610612742,,,,,
22500203182,,Shot Chart Detail,22500203,182,1630230,Naji Marshall,1610612742,Dallas Mavericks,1,0,27,Made Shot,Running Layup Shot,2PT Field Goal,Restricted Area,Center(C),Less Than 8 ft.,1,10,4,1,1,20251110,DAL,MIL,6930,0,202691|203939|1626156|1630230|1642843,1,REG,2026,1610612742,,,,,
22500203186,,Shot Chart Detail,22500203,186,1642843,Cooper Flagg,1610612742,Dallas Mavericks,1,0,1,Missed Shot,Jump Shot,3PT Field Goal,Left Corner 3,Left Side(L),24+ ft.,23,-228,74,1,0,20251110,DAL,MIL,7190,0,202691|203939|1626156|1630230|1642843,0,REG,2026,1610612742,,,,,
22500203202,,Shot Chart Detail,22500203,202,1626156,D'Angelo Russell,1610612742,Dallas Mavericks,2,11,39,Missed Shot,Driving Floating Jump Shot,2PT Field Goal,In The Paint (Non-RA),Center(C),Less Than 8 ft.,7,-26,74,1,0,20251110,DAL,MIL,7410,0,202691|1626156|1629655|1630702|1642843,0,REG,2026,1610612742,,,,,
22500203204,,Shot Chart Detail,22500203,204,1629655,Daniel Gafford,1610612742,Dallas Mavericks,2,11,35,Made Shot,Tip Layup Shot,2PT Field Goal,Restricted Area,Center(C),Less Than 8 ft.,0,0,0,1,1,20251110,DAL,MIL,7450,0,202691|1626156|1629655|1630702|1642843,0,REG,2026,1610612742,,,,,
22500203209,,Shot Chart Detail,22500203,209,1630702,Jaden Hardy,1610612742,Dallas Mavericks,2,10,51,Missed Shot,Jump Shot,3PT Field Goal,Above the Break 3,Center(C),24+ ft.,24,70,237,1,0,20251110,DAL,MIL,7890,0,202691|1626156|1629655|1630702|1642843,0,REG,2026,1610612742,,,,,
22500203215,,Shot Chart Detail,22500203,215,1630702,Jaden Hardy,1610612742,Dallas Mavericks,2,10,23,Made Shot,Driving Layup Shot,2PT Field Goal,Restricted Area,Center(C),Less Than 8 ft.,1,0,10,1,1,20251110,DAL,MIL,8170,0,202691|1626156|1629655|1630702|1642843,1,REG,2026,1610612742,,,,,
22500203219,,Shot Chart Detail,22500203,219,1642843,Cooper Flagg,1610612742,Dallas Mavericks,2,10,4,Made Shot,Pullup Jump shot,2PT Field Goal,In The Paint (Non-RA),Center(C),Less Than 8 ft.,7,-1,72,1,1,20251110,DAL,MIL,8360,0,202691|1626156|1629655|1630702|1642843,1,REG,2026,1610612742,,,,,
22500203226,,Shot Chart Detail,22500203,226,1629655,Daniel Gafford,1610612742,Dallas Mavericks,2,9,27,Made Shot,Layup Shot,2PT Field Goal,Restricted Area,Center(C),Less Than 8 ft.,2,-26,6,1,1,20251110,DAL,MIL,8730,0,202691|1626156|1629655|1630702|1642843,1,REG,2026,1610612742,,,,,
22500203231,,Shot Chart Detail,22500203,231,1629655,Daniel Gafford,1610612742,Dallas Mavericks,2,8,58,Missed Shot,Driving Layup Shot,2PT Field Goal,Restricted Area,Center(C),Less Than 8 ft.,3,0,31,1,0,20251110,DAL,MIL,9020,0,202691|1626156|1629655|1630702|1642843,0,REG,2026,1610612742,,,,,
22500203251,,Shot Chart Detail,22500203,251,1630702,Jaden Hardy,1610612742,Dallas Mavericks,2,8,5,Missed Shot,Running Jump Shot,3PT Field Goal,Above the Break 3,Right Side Center(RC),24+ ft.,25,170,187,1,0,20251110,DAL,MIL,9550,0,1626156|1630230|1630619|1630702|1642843,0,REG,2026,1610612742,,,,,
22500203278,,Shot Chart Detail,22500203,278,1630619,Moussa Cisse,1610612742,Dallas Mavericks,2,7,13,Made Shot,Dunk Shot,2PT Field Goal,Restricted Area,Center(C),Less Than 8 ft.,0,2,-5,1,1,20251110,DAL,MIL,10070,0,1629023|1630230|1630314|1630619|1631108,1,REG,2026,1610612742,,,,,
22500203282,,Shot Chart Detail,22500203,282,1630314,Brandon Williams,1610612742,Dallas Mavericks,2,6,42,Missed Shot,Driving Hook Shot,2PT Field Goal,In The Paint (Non-RA),Center(C),Less Than 8 ft.,5,31,43,1,0,20251110,DAL,MIL,10380,0,1629023|1630230|1630314|1630619|1631108,0,REG,2026,1610612742,,,,,
22500203285,,Shot Chart Detail,22500203,285,1630314,Brandon Williams,1610612742,Dallas Mavericks,2,6,12,Missed Shot,Jump Shot,3PT Field Goal,Above the Break 3,Right Side Center(RC),24+ ft.,25,119,229,1,0,20251110,DAL,MIL,10680,0,1629023|1630230|1630314|1630619|1631108,0,REG,2026,1610612742,,,,,
22500203289,,Shot Chart Detail,22500203,289,1630230,Naji Marshall,1610612742,Dallas Mavericks,2,5,48,Missed Shot,Jump Shot,3PT Field Goal,Above the Break 3,Left Side Center(LC),24+ ft.,24,-172,169,1,0,20251110,DAL,MIL,10920,0,1629023|1630230|1630314|1630619|1631108,0,REG,2026,1610612742,,,,,
22500203293,,Shot Chart Detail,22500203,293,1630314,Brandon Williams,1610612742,Dallas Mavericks,2,5,19,Missed Shot,Driving Layup Shot,2PT Field Goal,Restricted Area,Center(C),Less Than 8 ft.,2,-23,1,1,0,20251110,DAL,MIL,11210,0,1629023|1630230|1630314|1630619|1631108,0,REG,2026,1610612742,,,,,
22500203305,,Shot Chart Detail,22500203,305,202691,Klay Thompson,1610612742,Dallas Mavericks,2,4,57,Missed Shot,Jump Shot,3PT Field Goal,Above the Break 3,Right Side Center(RC),24+ ft.,25,213,142,1,0,20251110,DAL,MIL,11430,0,202691|1629023|1630314|1630619|1631108,0,REG,2026,1610612742,,,,,
22500203317,,Shot Chart Detail,22500203,317,1629023,P.J. Washington,1610612742,Dallas Mavericks,2,4,29,Made Shot,Pullup Jump shot,2PT Field Goal,In The Paint (Non-RA),Right Side(R),8-16 ft.,9,64,75,1,1,20251110,DAL,MIL,11710,0,202691|1629023|1630314|1630619|1631108,1,REG,2026,1610612742,,,,,
22500203325,,Shot Chart Detail,22500203,325,1631108,Max Christie,1610612742,Dallas Mavericks,2,4,0,Missed Shot,Jump Shot,3PT Field Goal,Above the Break 3,Right Side Center(RC),24+ ft.,25,88,239,1,0,20251110,DAL,MIL,12000,0,202691|1629023|1629655|1630314|1631108,0,REG,2026,1610612742,,,,,
22500203338,,Shot Chart Detail,22500203,338,1630314,Brandon Williams,1610612742,Dallas Mavericks,2,3,41,Missed Shot,Pullup Jump shot,2PT Field Goal,Mid-Range,Center(C),16-24 ft.,16,20,166,1,0,20251110,DAL,MIL,12190,0,202691|1629023|1629655|1630314|1631108,0,REG,2026,1610612742,,,,,
22500203342,,Shot Chart Detail,22500203,342,1631108,Max Christie,1610612742,Dallas Mavericks,2,3,11,Missed Shot,Pullup Jump shot,3PT Field Goal,Above the Break 3,Left Side Center(LC),24+ ft.,24,-197,148,1,0,20251110,DAL,MIL,12490,0,202691|1629023|1629655|1630314|1631108,0,REG,2026,1610612742,,,,,
22500203362,,Shot Chart Detail,22500203,362,1630314,Brandon Williams,1610612742,Dallas Mavericks,2,2,31,Made Shot,Running Layup Shot,2PT Field Goal,In The Paint (Non-RA),Center(C),Less Than 8 ft.,4,31,26,1,1,20251110,DAL,MIL,12890,0,1628997|1629655|1630314|1631108|1642843,1,REG,2026,1610612742,,,,,
22500203378,,Shot Chart Detail,22500203,378,1642843,Cooper Flagg,1610612742,Dallas Mavericks,2,1,49,Made Shot,Running Jump Shot,2PT Field Goal,Mid-Range,Right Side Center(RC),16-24 ft.,22,153,164,1,1,20251110,DAL,MIL,13310,0,1628997|1630314|1630619|1631108|1642843,1,REG,2026,1610612742,,,,,
22500203381,,Shot Chart Detail,22500203,381,1631108,Max Christie,1610612742,Dallas Mavericks,2,1,18,Made Shot,Jump Shot,3PT Field Goal,Left Corner 3,Left Side(L),24+ ft.,22,-228,-1,1,1,20251110,DAL,MIL,13620,0,1628997|1630314|1630619|1631108|1642843,1,REG,2026,1610612742,,,,,
22500203407,,Shot Chart Detail,22500203,407,1630230,Naji Marshall,1610612742,Dallas Mavericks,2,0,0,Missed Shot,Pullup Jump shot,3PT Field Goal,Above the Break 3,Center(C),24+ ft.,24,-74,235,1,0,20251110,DAL,MIL,14400,0,1628997|1630230|1630619|1631108|1642843,0,REG,2026,1610612742,,,,,
22500203425,,Shot Chart Detail,22500203,425,1629023,P.J. Washington,1610612742,Dallas Mavericks,3,11,30,Missed Shot,Jump Shot,3PT Field Goal,Above the Break 3,Left Side Center(LC),24+ ft.,25,-192,162,1,0,20251110,DAL,MIL,14700,0,1629023|1629655|1630314|1631108|1642843,0,REG,2026,1610612742,,,,,
22500203432,,Shot Chart Detail,22500203,432,1629023,P.J. Washington,1610612742,Dallas Mavericks,3,11,2,Made Shot,Jump Shot,3PT Field Goal,Left Corner 3,Left Side(L),24+ ft.,23,-239,2,1,1,20251110,DAL,MIL,14980,0,1629023|1629655|1630314|1631108|1642843,1,REG,2026,1610612742,,,,,
22500203440,,Shot Chart Detail,22500203,440,1631108,Max Christie,1610612742,Dallas Mavericks,3,10,25,Missed Shot,Driving Floating Bank Jump Shot,2PT Field Goal,In The Paint (Non-RA),Center(C),Less Than 8 ft.,7,-75,18,1,0,20251110,DAL,MIL,15350,0,1629655|1630230|1630314|1631108|1642843,0,REG,2026,1610612742,,,,,
22500203442,,Shot Chart Detail,22500203,442,1629655,Daniel Gafford,1610612742,Dallas Mavericks,3,10,21,Missed Shot,Turnaround Hook Shot,2PT Field Goal,In The Paint (Non-RA),Center(C),Less Than 8 ft.,5,-43,38,1,0,20251110,DAL,MIL,15390,0,1629655|1630230|1630314|1631108|1642843,0,REG,2026,1610612742,,,,,
22500203446,,Shot Chart Detail,22500203,446,1630314,Brandon Williams,1610612742,Dallas Mavericks,3,9,48,Missed Shot,Driving Layup Shot,2PT Field Goal,Restricted Area,Center(C),Less Than 8 ft.,1,-6,16,1,0,20251110,DAL,MIL,15720,0,1629655|1630230|1630314|1631108|1642843,0,REG,2026,1610612742,,,,,
22500203451,,Shot Chart Detail,22500203,451,1642843,Cooper Flagg,1610612742,Dallas Mavericks,3,9,35,Made Shot,Running Layup Shot,2PT Field Goal,Restricted Area,Center(C),Less Than 8 ft.,1,-18,8,1,1,20251110,DAL,MIL,15850,0,1629655|1630230|1630314|1631108|1642843,0,REG,2026,1610612742,,,,,
22500203454,,Shot Chart Detail,22500203,454,1631108,Max Christie,1610612742,Dallas Mavericks,3,9,16,Missed Shot,Jump Shot,3PT Field Goal,Above the Break 3,Left Side Center(LC),24+ ft.,27,-156,222,1,0,20251110,DAL,MIL,16040,0,1629655|1630230|1630314|1631108|1642843,0,REG,2026,1610612742,,,,,
22500203460,,Shot Chart Detail,22500203,460,1642843,Cooper Flagg,1610612742,Dallas Mavericks,3,8,30,Made Shot,Jump Shot,3PT Field Goal,Above the Break 3,Left Side Center(LC),24+ ft.,25,-123,226,1,1,20251110,DAL,MIL,16500,0,1629655|1630230|1630314|1631108|1642843,1,REG,2026,1610612742,,,,,
22500203471,,Shot Chart Detail,22500203,471,1630314,Brandon Williams,1610612742,Dallas Mavericks,3,7,37,Made Shot,Driving Layup Shot,2PT Field Goal,Restricted Area,Center(C),Less Than 8 ft.,2,-22,12,1,1,20251110,DAL,MIL,17030,0,1630230|1630314|1630619|1631108|1642843,0,REG,2026,1610612742,,,,,
22500203480,,Shot Chart Detail,22500203,480,1630619,Moussa Cisse,1610612742,Dallas Mavericks,3,7,6,Made Shot,Alley Oop Dunk Shot,2PT Field Goal,Restricted Area,Center(C),Less Than 8 ft.,0,2,4,1,1,20251110,DAL,MIL,17340,0,1630230|1630314|1630619|1631108|1642843,1,REG,2026,1610612742,,,,,
22500203483,,Shot Chart Detail,22500203,483,1630230,Naji Marshall,1610612742,Dallas Mavericks,3,6,34,Made Shot,Turnaround Jump Shot,2PT Field Goal,In The Paint (Non-RA),Center(C),Less Than 8 ft.,6,-21,65,1,1,20251110,DAL,MIL,17660,0,1630230|1630314|1630619|1631108|1642843,0,REG,2026,1610612742,,,,,
22500203486,,Shot Chart Detail,22500203,486,1631108,Max Christie,1610612742,Dallas Mavericks,3,6,4,Made Shot,Driving Layup Shot,2PT Field Goal,Restricted Area,Center(C),Less Than 8 ft.,1,5,11,1,1,20251110,DAL,MIL,17960,0,1630230|1630314|1630619|1631108|1642843,0,REG,2026,1610612742,,,,,
22500203497,,Shot Chart Detail,22500203,497,1642843,Cooper Flagg,1610612742,Dallas Mavericks,3,5,30,Missed Shot,Driving Layup Shot,2PT Field Goal,In The Paint (Non-RA),Center(C),Less Than 8 ft.,6,62,20,1,0,20251110,DAL,MIL,18300,0,1630230|1630314|1630619|1631108|1642843,0,REG,2026,1610612742,,,,,
22500203502,,Shot Chart Detail,22500203,502,1631108,Max Christie,1610612742,Dallas Mavericks,3,5,7,Made Shot,Running Jump Shot,3PT Field Goal,Above the Break 3,Right Side Center(RC),24+ ft.,25,132,214,1,1,20251110,DAL,MIL,18530,0,1630230|1630314|1630619|1631108|1642843,1,REG,2026,1610612742,,,,,
22500203506,,Shot Chart Detail,22500203,506,1630230,Naji Marshall,1610612742,Dallas Mavericks,3,4,26,Missed Shot,Jump Shot,3PT Field Goal,Right Corner 3,Right Side(R),24+ ft.,22,222,41,1,0,20251110,DAL,MIL,18940,0,1630230|1630314|1630619|1631108|1642843,0,REG,2026,1610612742,,,,,
22500203521,,Shot Chart Detail,22500203,521,1626156,D'Angelo Russell,1610612742,Dallas Mavericks,3,3,35,Missed Shot,Pullup Jump shot,2PT Field Goal,Mid-Range,Left Side(L),8-16 ft.,12,-116,43,1,0,20251110,DAL,MIL,19450,0,1626156|1630230|1630314|1630619|1642843,0,REG,2026,1610612742,,,,,
22500203524,,Shot Chart Detail,22500203,524,1642843,Cooper Flagg,1610612742,Dallas Mavericks,3,3,6,Missed Shot,Pullup Jump shot,3PT Field Goal,Above the Break 3,Left Side Center(LC),24+ ft.,25,-113,231,1,0,20251110,DAL,MIL,19740,0,1626156|1630230|1630314|1630619|1642843,0,REG,2026,1610612742,,,,,
22500203528,,Shot Chart Detail,22500203,528,1642843,Cooper Flagg,1610612742,Dallas Mavericks,3,2,45,Made Shot,Driving Floating Jump Shot,2PT Field Goal,Restricted Area,Center(C),Less Than 8 ft.,3,29,22,1,1,20251110,DAL,MIL,19950,0,1626156|1630230|1630314|1630619|1642843,0,REG,2026,1610612742,,,,,
22500203540,,Shot Chart Detail,22500203,540,1628997,Caleb Martin,1610612742,Dallas Mavericks,3,2,7,Missed Shot,Pullup Jump shot,2PT Field Goal,Mid-Range,Left Side Center(LC),16-24 ft.,18,-142,122,1,0,20251110,DAL,MIL,20330,0,202691|1626156|1628997|1629655|1630230,0,REG,2026,1610612742,,,,,
22500203550,,Shot Chart Detail,22500203,550,1629655,Daniel Gafford,1610612742,Dallas Mavericks,3,1,20,Missed Shot,Layup Shot,2PT Field Goal,Restricted Area,Center(C),Less Than 8 ft.,2,25,6,1,0,20251110,DAL,MIL,20800,0,202691|1626156|1628997|1629655|1630230,0,REG,2026,1610612742,,,,,
22500203552,,Shot Chart Detail,22500203,552,1626156,D'Angelo Russell,1610612742,Dallas Mavericks,3,1,17,Missed Shot,Jump Shot,3PT Field Goal,Above the Break 3,Center(C),24+ ft.,25,-1,253,1,0,20251110,DAL,MIL,20830,0,202691|1626156|1628997|1629655|1630230,0,REG,2026,1610612742,,,,,
22500203556,,Shot Chart Detail,22500203,556,1630230,Naji Marshall,1610612742,Dallas Mavericks,3,1,2,Made Shot,Running Layup Shot,2PT Field Goal,Restricted Area,Center(C),Less Than 8 ft.,3,-15,37,1,1,20251110,DAL,MIL,20980,0,202691|1626156|1628997|1629655|1630230,1,REG,2026,1610612742,,,,,
22500203560,,Shot Chart Detail,22500203,560,1626156,D'Angelo Russell,1610612742,Dallas Mavericks,3,0,42,Made Shot,Pullup Jump shot,3PT Field Goal,Above the Break 3,Left Side Center(LC),24+ ft.,25,-150,207,1,1,20251110,DAL,MIL,21180,0,202691|1626156|1628997|1629655|1630230,0,REG,2026,1610612742,,,,,
22500203564,,Shot Chart Detail,22500203,564,1626156,D'Angelo Russell,1610612742,Dallas Mavericks,3,0,0,Missed Shot,Pullup Jump shot,3PT Field Goal,Above the Break 3,Right Side Center(RC),24+ ft.,25,104,236,1,0,20251110,DAL,MIL,21600,0,202691|1626156|1628997|1629655|1630230,0,REG,2026,1610612742,,,,,
22500203572,,Shot Chart Detail,22500203,572,202691,Klay Thompson,1610612742,Dallas Mavericks,4,11,43,Missed Shot,Jump Shot,3PT Field Goal,Above the Break 3,Left Side Center(LC),24+ ft.,25,-163,197,1,0,20251110,DAL,MIL,21770,0,202691|1626156|1628997|1629023|1629655,0,REG,2026,1610612742,,,,,
22500203578,,Shot Chart Detail,22500203,578,202691,Klay Thompson,1610612742,Dallas Mavericks,4,11,4,Missed Shot,Jump Shot,3PT Field Goal,Above the Break 3,Left Side Center(LC),24+ ft.,26,-184,184,1,0,20251110,DAL,MIL,22160,0,202691|1626156|1628997|1629023|1629655,0,REG,2026,1610612742,,,,,
22500203587,,Shot Chart Detail,22500203,587,1629023,P.J. Washington,1610612742,Dallas Mavericks,4,10,35,Made Shot,Driving Layup Shot,2PT Field Goal,Restricted Area,Center(C),Less Than 8 ft.,1,17,6,1,1,20251110,DAL,MIL,22450,0,202691|1626156|1628997|1629023|1629655,1,REG,2026,1610612742,,,,,
22500203616,,Shot Chart Detail,22500203,616,1630314,Brandon Williams,1610612742,Dallas Mavericks,4,9,16,Missed Shot,Driving Layup Shot,2PT Field Goal,In The Paint (Non-RA),Center(C),Less Than 8 ft.,5,50,20,1,0,20251110,DAL,MIL,23240,0,202691|1628997|1629023|1630314|1630619,0,REG,2026,1610612742,,,,,
22500203619,,Shot Chart Detail,22500203,619,1630314,Brandon Williams,1610612742,Dallas Mavericks,4,9,9,Made Shot,Driving Layup Shot,2PT Field Goal,Restricted Area,Center(C),Less Than 8 ft.,3,27,20,1,1,20251110,DAL,MIL,23310,0,202691|1628997|1629023|1630314|1630619,1,REG,2026,1610612742,,,,,
22500203623,,Shot Chart Detail,22500203,623,1628997,Caleb Martin,1610612742,Dallas Mavericks,4,8,31,Made Shot,Driving Layup Shot,2PT Field Goal,Restricted Area,Center(C),Less Than 8 ft.,1,10,8,1,1,20251110,DAL,MIL,23690,0,202691|1628997|1629023|1630314|1630619,1,REG,2026,1610612742,,,,,
22500203637,,Shot Chart Detail,22500203,637,1630619,Moussa Cisse,1610612742,Dallas Mavericks,4,7,41,Made Shot,Alley Oop Dunk Shot,2PT Field Goal,Restricted Area,Center(C),Less Than 8 ft.,0,-2,8,1,1,20251110,DAL,MIL,24190,0,1629023|1630314|1630619|1631108|1642843,1,REG,2026,1610612742,,,,,
22500203648,,Shot Chart Detail,22500203,648,1642843,Cooper Flagg,1610612742,Dallas Mavericks,4,6,39,Missed Shot,Driving Layup Shot,2PT Field Goal,Restricted Area,Center(C),Less Than 8 ft.,2,22,16,1,0,20251110,DAL,MIL,24810,0,1629023|1630314|1630619|1631108|1642843,0,REG,2026,1610612742,,,,,
22500203650,,Shot Chart Detail,22500203,650,1630619,Moussa Cisse,1610612742,Dallas Mavericks,4,6,37,Missed Shot,Tip Layup Shot,2PT Field Goal,Restricted Area,Center(C),Less Than 8 ft.,0,0,0,1,0,20251110,DAL,MIL,24830,0,1629023|1630314|1630619|1631108|1642843,0,REG,2026,1610612742,,,,,
22500203652,,Shot Chart Detail,22500203,652,1629023,P.J. Washington,1610612742,Dallas Mavericks,4,6,34,Missed Shot,Jump Shot,3PT Field Goal,Above the Break 3,Right Side Center(RC),24+ ft.,24,134,210,1,0,20251110,DAL,MIL,24860,0,1629023|1630314|1630619|1631108|1642843,0,REG,2026,1610612742,,,,,
22500203670,,Shot Chart Detail,22500203,670,1631108,Max Christie,1610612742,Dallas Mavericks,4,5,32,Missed Shot,Jump Shot,3PT Field Goal,Right Corner 3,Right Side(R),24+ ft.,22,225,7,1,0,20251110,DAL,MIL,25480,0,1629023|1630314|1630619|1631108|1642843,0,REG,2026,1610612742,,,,,
22500203681,,Shot Chart Detail,22500203,681,1642843,Cooper Flagg,1610612742,Dallas Mavericks,4,4,54,Missed Shot,Jump Shot,3PT Field Goal,Above the Break 3,Left Side Center(LC),24+ ft.,26,-174,194,1,0,20251110,DAL,MIL,25860,0,1629655|1630230|1630314|1631108|1642843,0,REG,2026,1610612742,,,,,
22500203691,,Shot Chart Detail,22500203,691,1630230,Naji Marshall,1610612742,Dallas Mavericks,4,3,48,Missed Shot,Jump Shot,3PT Field Goal,Above the Break 3,Left Side Center(LC),24+ ft.,25,-131,217,1,0,20251110,DAL,MIL,26520,0,1629655|1630230|1630314|1631108|1642843,0,REG,2026,1610612742,,,,,
22500203697,,Shot Chart Detail,22500203,697,1631108,Max Christie,1610612742,Dallas Mavericks,4,3,21,Made Shot,Running Jump Shot,3PT Field Goal,Left Corner 3,Left Side(L),24+ ft.,23,-235,0,1,1,20251110,DAL,MIL,26790,0,1629655|1630230|1630314|1631108|1642843,1,REG,2026,1610612742,,,,,
22500203701,,Shot Chart Detail,22500203,701,1629655,Daniel Gafford,1610612742,Dallas Mavericks,4,2,52,Missed Shot,Layup Shot,2PT Field Goal,In The Paint (Non-RA),Center(C),Less Than 8 ft.,4,-42,25,1,0,20251110,DAL,MIL,27080,0,1629655|1630230|1630314|1631108|1642843,0,REG,2026,1610612742,,,,,
22500203710,,Shot Chart Detail,22500203,710,1642843,Cooper Flagg,1610612742,Dallas Mavericks,4,2,14,Made Shot,Driving Floating Jump Shot,2PT Field Goal,In The Paint (Non-RA),Center(C),Less Than 8 ft.,6,-61,28,1,1,20251110,DAL,MIL,27460,0,1629023|1629655|1630314|1631108|1642843,1,REG,2026,1610612742,,,,,
22500203717,,Shot Chart Detail,22500203,717,1629023,P.J. Washington,1610612742,Dallas Mavericks,4,1,44,Missed Shot,Jump Shot,3PT Field Goal,Above the Break 3,Center(C),24+ ft.,25,-15,254,1,0,20251110,DAL,MIL,27760,0,1629023|1629655|1630314|1631108|1642843,0,REG,2026,1610612742,,,,,
22500203722,,Shot Chart Detail,22500203,722,1629023,P.J. Washington,1610612742,Dallas Mavericks,4,1,21,Missed Shot,Jump Shot,3PT Field Goal,Above the Break 3,Left Side Center(LC),24+ ft.,25,-210,141,1,0,20251110,DAL,MIL,27990,0,1629023|1629655|1630314|1631108|1642843,0,REG,2026,1610612742,,,,,
22500203737,,Shot Chart Detail,22500203,737,1642843,Cooper Flagg,1610612742,Dallas Mavericks,4,0,28,Made Shot,Driving Layup Shot,2PT Field Goal,Restricted Area,Center(C),Less Than 8 ft.,1,11,4,1,1,20251110,DAL,MIL,28520,0,1628997|1629023|1630230|1631108|1642843,0,REG,2026,1610612742,,,,,
22500203748,,Shot Chart Detail,22500203,748,1631108,Max Christie,1610612742,Dallas Mavericks,4,0,6,Missed Shot,Pullup Jump shot,3PT Field Goal,Above the Break 3,Left Side Center(LC),24+ ft.,26,-112,238,1,0,20251110,DAL,MIL,28740,0,1629023|1630230|1630314|1631108|1642843,0,REG,2026,1610612742,,,,,
225002219,,Shot Chart Detail,22500221,9,1630314,Brandon Williams,1610612742,Dallas Mavericks,1,11,29,Made Shot,Running Layup Shot,2PT Field Goal,Restricted Area,Center(C),Less Than 8 ft.,0,-6,7,1,1,20251112,DAL,PHX,310,0,1629023|1629655|1630314|1631108|1642843,1,REG,2026,1610612742,,,,,
2250022113,,Shot Chart Detail,22500221,13,1629023,P.J. Washington,1610612742,Dallas Mavericks,1,11,12,Missed Shot,Running Jump Shot,3PT Field Goal,Right Corner 3,Right Side(R),24+ ft.,22,225,4,1,0,20251112,DAL,PHX,480,0,1629023|1629655|1630314|1631108|1642843,0,REG,2026,1610612742,,,,,
2250022115,,Shot Chart Detail,22500221,15,1629023,P.J. Washington,1610612742,Dallas Mavericks,1,11,7,Made Shot,Cutting Dunk Shot,2PT Field Goal,Restricted Area,Center(C),Less Than 8 ft.,1,-13,6,1,1,20251112,DAL,PHX,530,0,1629023|1629655|1630314|1631108|1642843,1,REG,2026,1610612742,,,,,
2250022119,,Shot Chart Detail,22500221,19,1629655,Daniel Gafford,1610612742,Dallas Mavericks,1,10,29,Made Shot,Driving Finger Roll Layup Shot,2PT Field Goal,In The Paint (Non-RA),Center(C),Less Than 8 ft.,5,26,43,1,1,20251112,DAL,PHX,910,0,1629023|1629655|1630314|1631108|1642843,1,REG,2026,1610612742,,,,,
2250022133,,Shot Chart Detail,22500221,33,1642843,Cooper Flagg,1610612742,Dallas Mavericks,1,9,50,Made Shot,Driving Layup Shot,2PT Field Goal,Restricted Area,Center(C),Less Than 8 ft.,2,-18,15,1,1,20251112,DAL,PHX,1300,0,1629023|1629655|1630314|1631108|1642843,1,REG,2026,1610612742,,,,,
2250022137,,Shot Chart Detail,22500221,37,1629023,P.J. Washington,1610612742,Dallas Mavericks,1,9,29,Made Shot,Cutting Dunk Shot,2PT Field Goal,Restricted Area,Center(C),Less Than 8 ft.,1,-4,13,1,1,20251112,DAL,PHX,1510,0,1629023|1629655|1630314|1631108|1642843,1,REG,2026,1610612742,,,,,
2250022142,,Shot Chart Detail,22500221,42,1629023,P.J. Washington,1610612742,Dallas Mavericks,1,9,3,Made Shot,Driving Floating Jump Shot,2PT Field Goal,In The Paint (Non-RA),Center(C),Less Than 8 ft.,6,-17,62,1,1,20251112,DAL,PHX,1770,0,1629023|1629655|1630314|1631108|1642843,1,REG,2026,1610612742,,,,,
2250022146,,Shot Chart Detail,22500221,46,1629023,P.J. Washington,1610612742,Dallas Mavericks,1,8,41,Missed Shot,Jump Shot,3PT Field Goal,Above the Break 3,Right Side Center(RC),24+ ft.,24,185,159,1,0,20251112,DAL,PHX,1990,0,1629023|1629655|1630314|1631108|1642843,0,REG,2026,1610612742,,,,,
2250022150,,Shot Chart Detail,22500221,50,1642843,Cooper Flagg,1610612742,Dallas Mavericks,1,8,18,Missed Shot,Jump Shot,3PT Field Goal,Above the Break 3,Right Side Center(RC),24+ ft.,24,214,128,1,0,20251112,DAL,PHX,2220,0,1629023|1629655|1630314|1631108|1642843,0,REG,2026,1610612742,,,,,
2250022154,,Shot Chart Detail,22500221,54,1631108,Max Christie,1610612742,Dallas Mavericks,1,8,3,Missed Shot,Running Jump Shot,3PT Field Goal,Left Corner 3,Left Side(L),24+ ft.,23,-234,36,1,0,20251112,DAL,PHX,2370,0,1629023|1629655|1630314|1631108|1642843,0,REG,2026,1610612742,,,,,
2250022164,,Shot Chart Detail,22500221,64,1630314,Brandon Williams,1610612742,Dallas Mavericks,1,7,28,Missed Shot,Jump Shot,3PT Field Goal,Above the Break 3,Left Side Center(LC),24+ ft.,27,-121,242,1,0,20251112,DAL,PHX,2720,0,1629023|1630314|1630619|1631108|1642843,0,REG,2026,1610612742,,,,,
2250022166,,Shot Chart Detail,22500221,66,1630619,Moussa Cisse,1610612742,Dallas Mavericks,1,7,25,Made Shot,Putback Layup Shot,2PT Field Goal,Restricted Area,Center(C),Less Than 8 ft.,1,-5,12,1,1,20251112,DAL,PHX,2750,0,1629023|1630314|1630619|1631108|1642843,0,REG,2026,1610612742,,,,,
2250022169,,Shot Chart Detail,22500221,69,1642843,Cooper Flagg,1610612742,Dallas Mavericks,1,7,9,Missed Shot,Running Layup Shot,2PT Field Goal,In The Paint (Non-RA),Center(C),Less Than 8 ft.,4,4,42,1,0,20251112,DAL,PHX,2910,0,1629023|1630314|1630619|1631108|1642843,0,REG,2026,1610612742,,,,,
2250022178,,Shot Chart Detail,22500221,78,1631108,Max Christie,1610612742,Dallas Mavericks,1,7,5,Made Shot,Jump Shot,3PT Field Goal,Right Corner 3,Right Side(R),24+ ft.,22,223,36,1,1,20251112,DAL,PHX,2950,0,1629023|1630230|1630314|1630619|1631108,1,REG,2026,1610612742,,,,,
2250022196,,Shot Chart Detail,22500221,96,1631108,Max Christie,1610612742,Dallas Mavericks,1,6,11,Missed Shot,Driving Floating Bank Jump Shot,2PT Field Goal,In The Paint (Non-RA),Center(C),Less Than 8 ft.,6,47,47,1,0,20251112,DAL,PHX,3490,0,1628997|1630230|1630314|1630619|1631108,0,REG,2026,1610612742,,,,,
2250022199,,Shot Chart Detail,22500221,99,1630314,Brandon Williams,1610612742,Dallas Mavericks,1,5,46,Missed Shot,Driving Finger Roll Layup Shot,2PT Field Goal,Restricted Area,Center(C),Less Than 8 ft.,2,-1,20,1,0,20251112,DAL,PHX,3740,0,1628997|1630230|1630314|1630619|1631108,0,REG,2026,1610612742,,,,,
22500221101,,Shot Chart Detail,22500221,101,1630230,Naji Marshall,1610612742,Dallas Mavericks,1,5,38,Made Shot,Driving Reverse Layup Shot,2PT Field Goal,Restricted Area,Center(C),Less Than 8 ft.,2,16,20,1,1,20251112,DAL,PHX,3820,0,1628997|1630230|1630314|1630619|1631108,1,REG,2026,1610612742,,,,,
22500221105,,Shot Chart Detail,22500221,105,1630230,Naji Marshall,1610612742,Dallas Mavericks,1,5,6,Made Shot,Driving Floating Jump Shot,2PT Field Goal,In The Paint (Non-RA),Center(C),8-16 ft.,12,6,129,1,1,20251112,DAL,PHX,4140,0,1628997|1630230|1630314|1630619|1631108,1,REG,2026,1610612742,,,,,
22500221109,,Shot Chart Detail,22500221,109,1630230,Naji Marshall,1610612742,Dallas Mavericks,1,4,33,Made Shot,Jump Shot,3PT Field Goal,Right Corner 3,Right Side(R),24+ ft.,22,224,36,1,1,20251112,DAL,PHX,4470,0,1628997|1630230|1630314|1630619|1631108,1,REG,2026,1610612742,,,,,
22500221125,,Shot Chart Detail,22500221,125,1642843,Cooper Flagg,1610612742,Dallas Mavericks,1,3,56,Missed Shot,Jump Shot,3PT Field Goal,Right Corner 3,Right Side(R),24+ ft.,22,225,18,1,0,20251112,DAL,PHX,4840,0,202691|1626156|1628997|1630230|1642843,0,REG,2026,1610612742,,,,,
22500221130,,Shot Chart Detail,22500221,130,1642843,Cooper Flagg,1610612742,Dallas Mavericks,1,3,27,Missed Shot,Pullup Jump shot,2PT Field Goal,Mid-Range,Right Side Center(RC),16-24 ft.,20,146,149,1,0,20251112,DAL,PHX,5130,0,202691|1626156|1628997|1630230|1642843,0,REG,2026,1610612742,,,,,
22500221136,,Shot Chart Detail,22500221,136,1626156,D'Angelo Russell,1610612742,Dallas Mavericks,1,2,50,Missed Shot,Running Jump Shot,3PT Field Goal,Right Corner 3,Right Side(R),24+ ft.,22,227,15,1,0,20251112,DAL,PHX,5500,0,202691|1626156|1628997|1630230|1642843,0,REG,2026,1610612742,,,,,
22500221142,,Shot Chart Detail,22500221,142,202691,Klay Thompson,1610612742,Dallas Mavericks,1,2,26,Made Shot,Jump Shot,3PT Field Goal,Above the Break 3,Center(C),24+ ft.,26,-1,260,1,1,20251112,DAL,PHX,5740,0,202691|1626156|1628997|1630230|1642843,1,REG,2026,1610612742,,,,,
22500221147,,Shot Chart Detail,22500221,147,202691,Klay Thompson,1610612742,Dallas Mavericks,1,1,59,Missed Shot,Jump Shot,3PT Field Goal,Left Corner 3,Left Side(L),24+ ft.,23,-235,38,1,0,20251112,DAL,PHX,6010,0,202691|1626156|1628997|1630230|1642843,0,REG,2026,1610612742,,,,,
22500221160,,Shot Chart Detail,22500221,160,1626156,D'Angelo Russell,1610612742,Dallas Mavericks,1,1,23,Missed Shot,Jump Shot,3PT Field Goal,Left Corner 3,Left Side(L),24+ ft.,24,-233,69,1,0,20251112,DAL,PHX,6370,0,202691|1626156|1628997|1630230|1642843,0,REG,2026,1610612742,,,,,
22500221164,,Shot Chart Detail,22500221,164,1628997,Caleb Martin,1610612742,Dallas Mavericks,1,0,55,Missed Shot,Jump Shot,3PT Field Goal,Right Corner 3,Right Side(R),24+ ft.,22,227,37,1,0,20251112,DAL,PHX,6650,0,202691|1626156|1628997|1630230|1642843,0,REG,2026,1610612742,,,,,
22500221167,,Shot Chart Detail,22500221,167,202691,Klay Thompson,1610612742,Dallas Mavericks,1,0,18,Missed Shot,Jump Shot,3PT Field Goal,Above the Break 3,Right Side Center(RC),24+ ft.,23,203,127,1,0,20251112,DAL,PHX,7020,0,202691|1626156|1628997|1630230|1642843,0,REG,2026,1610612742,,,,,
22500221170,,Shot Chart Detail,22500221,170,202691,Klay Thompson,1610612742,Dallas Mavericks,1,0,0,Missed Shot,Step Back Jump shot,3PT Field Goal,Above the Break 3,Left Side Center(LC),24+ ft.,25,-137,218,1,0,20251112,DAL,PHX,7200,0,202691|1626156|1628997|1630230|1642843,0,REG,2026,1610612742,,,,,
22500221192,,Shot Chart Detail,22500221,192,1626156,D'Angelo Russell,1610612742,Dallas Mavericks,2,10,54,Made Shot,Driving Layup Shot,2PT Field Goal,Restricted Area,Center(C),Less Than 8 ft.,2,-21,12,1,1,20251112,DAL,PHX,7860,0,202691|1626156|1629655|1630230|1631108,1,REG,2026,1610612742,,,,,
22500221196,,Shot Chart Detail,22500221,196,1626156,D'Angelo Russell,1610612742,Dallas Mavericks,2,10,26,Missed Shot,Pullup Jump shot,3PT Field Goal,Above the Break 3,Center(C),24+ ft.,26,27,259,1,0,20251112,DAL,PHX,8140,0,202691|1626156|1629655|1630230|1631108,0,REG,2026,1610612742,,,,,
22500221203,,Shot Chart Detail,22500221,203,1631108,Max Christie,1610612742,Dallas Mavericks,2,10,2,Missed Shot,Jump Shot,3PT Field Goal,Right Corner 3,Right Side(R),24+ ft.,22,223,39,1,0,20251112,DAL,PHX,8380,0,202691|1626156|1629655|1631108|1642843,0,REG,2026,1610612742,,,,,
22500221207,,Shot Chart Detail,22500221,207,1642843,Cooper Flagg,1610612742,Dallas Mavericks,2,9,35,Missed Shot,Turnaround Hook Shot,2PT Field Goal,In The Paint (Non-RA),Center(C),Less Than 8 ft.,6,0,67,1,0,20251112,DAL,PHX,8650,0,202691|1626156|1629655|1631108|1642843,0,REG,2026,1610612742,,,,,
22500221217,,Shot Chart Detail,22500221,217,1631108,Max Christie,1610612742,Dallas Mavericks,2,8,56,Missed Shot,Driving Floating Jump Shot,2PT Field Goal,In The Paint (Non-RA),Center(C),Less Than 8 ft.,4,44,16,1,0,20251112,DAL,PHX,9040,0,202691|1630314|1630619|1631108|1642843,0,REG,2026,1610612742,,,,,
22500221225,,Shot Chart Detail,22500221,225,202691,Klay Thompson,1610612742,Dallas Mavericks,2,8,21,Missed Shot,Fadeaway Jump Shot,2PT Field Goal,In The Paint (Non-RA),Left Side(L),8-16 ft.,10,-65,81,1,0,20251112,DAL,PHX,9390,0,202691|1630314|1630619|1631108|1642843,0,REG,2026,1610612742,,,,,
22500221230,,Shot Chart Detail,22500221,230,202691,Klay Thompson,1610612742,Dallas Mavericks,2,8,0,Made Shot,Step Back Jump shot,3PT Field Goal,Above the Break 3,Right Side Center(RC),24+ ft.,24,213,130,1,1,20251112,DAL,PHX,9600,0,202691|1630314|1630619|1631108|1642843,1,REG,2026,1610612742,,,,,
22500221245,,Shot Chart Detail,22500221,245,1630314,Brandon Williams,1610612742,Dallas Mavericks,2,7,8,Missed Shot,Pullup Jump shot,2PT Field Goal,Mid-Range,Right Side(R),8-16 ft.,11,115,27,1,0,20251112,DAL,PHX,10120,0,1630314|1630619|1630702|1631108|1642843,0,REG,2026,1610612742,,,,,
22500221255,,Shot Chart Detail,22500221,255,1630314,Brandon Williams,1610612742,Dallas Mavericks,2,6,53,Made Shot,Running Reverse Dunk Shot,2PT Field Goal,Restricted Area,Center(C),Less Than 8 ft.,1,1,12,1,1,20251112,DAL,PHX,10270,0,202691|1630314|1630619|1630702|1631108,0,REG,2026,1610612742,,,,,
22500221258,,Shot Chart Detail,22500221,258,1630702,Jaden Hardy,1610612742,Dallas Mavericks,2,6,23,Made Shot,Jump Shot,3PT Field Goal,Right Corner 3,Right Side(R),24+ ft.,22,227,12,1,1,20251112,DAL,PHX,10570,0,202691|1630314|1630619|1630702|1631108,1,REG,2026,1610612742,,,,,
22500221267,,Shot Chart Detail,22500221,267,202691,Klay Thompson,1610612742,Dallas Mavericks,2,5,50,Made Shot,Jump Shot,3PT Field Goal,Above the Break 3,Left Side Center(LC),24+ ft.,25,-188,169,1,1,20251112,DAL,PHX,10900,0,202691|203939|1630314|1630702|1631108,1,REG,2026,1610612742,,,,,
22500221271,,Shot Chart Detail,22500221,271,1630702,Jaden Hardy,1610612742,Dallas Mavericks,2,5,29,Missed Shot,Jump Shot,3PT Field Goal,Right Corner 3,Right Side(R),24+ ft.,24,237,78,1,0,20251112,DAL,PHX,11110,0,202691|203939|1630314|1630702|1631108,0,REG,2026,1610612742,,,,,
22500221273,,Shot Chart Detail,22500221,273,202691,Klay Thompson,1610612742,Dallas Mavericks,2,5,25,Missed Shot,Jump Shot,3PT Field Goal,Above the Break 3,Left Side Center(LC),24+ ft.,24,-218,122,1,0,20251112,DAL,PHX,11150,0,202691|203939|1630314|1630702|1631108,0,REG,2026,1610612742,,,,,
22500221276,,Shot Chart Detail,22500221,276,1631108,Max Christie,1610612742,Dallas Mavericks,2,4,49,Missed Shot,Fadeaway Jump Shot,3PT Field Goal,Above the Break 3,Left Side Center(LC),24+ ft.,27,-137,235,1,0,20251112,DAL,PHX,11510,0,202691|203939|1630314|1630702|1631108,0,REG,2026,1610612742,,,,,
22500221290,,Shot Chart Detail,22500221,290,1630230,Naji Marshall,1610612742,Dallas Mavericks,2,4,23,Missed Shot,Jump Shot,3PT Field Goal,Left Corner 3,Left Side(L),24+ ft.,24,-235,57,1,0,20251112,DAL,PHX,11770,0,1629655|1630230|1630314|1630702|1631108,0,REG,2026,1610612742,,,,,
22500221308,,Shot Chart Detail,22500221,308,1630230,Naji Marshall,1610612742,Dallas Mavericks,2,2,42,Missed Shot,Running Layup Shot,2PT Field Goal,Restricted Area,Center(C),Less Than 8 ft.,2,23,7,1,0,20251112,DAL,PHX,12780,0,1629655|1630230|1630314|1630702|1642843,0,REG,2026,1610612742,,,,,
22500221316,,Shot Chart Detail,22500221,316,1642843,Cooper Flagg,1610612742,Dallas Mavericks,2,2,14,Made Shot,Driving Floating Bank Jump Shot,2PT Field Goal,In The Paint (Non-RA),Left Side(L),8-16 ft.,10,-68,82,1,1,20251112,DAL,PHX,13060,0,1629655|1630230|1630314|1631108|1642843,1,REG,2026,1610612742,,,,,
22500221326,,Shot Chart Detail,22500221,326,1629655,Daniel Gafford,1610612742,Dallas Mavericks,2,1,14,Missed Shot,Driving Dunk Shot,2PT Field Goal,Restricted Area,Center(C),Less Than 8 ft.,2,-2,28,1,0,20251112,DAL,PHX,13660,0,1629655|1630230|1630314|1631108|1642843,0,REG,2026,1610612742,,,,,
22500221330,,Shot Chart Detail,22500221,330,1642843,Cooper Flagg,1610612742,Dallas Mavericks,2,0,56,Made Shot,Pullup Jump shot,3PT Field Goal,Above the Break 3,Right Side Center(RC),24+ ft.,25,89,236,1,1,20251112,DAL,PHX,13840,0,1629655|1630230|1630314|1631108|1642843,0,REG,2026,1610612742,,,,,
22500221336,,Shot Chart Detail,22500221,336,1630314,Brandon Williams,1610612742,Dallas Mavericks,2,0,25,Made Shot,Running Layup Shot,2PT Field Goal,In The Paint (Non-RA),Center(C),Less Than 8 ft.,5,-1,53,1,1,20251112,DAL,PHX,14150,0,1628997|1629655|1630230|1631108|1642843,1,REG,2026,1610612742,,,,,
22500221367,,Shot Chart Detail,22500221,367,1629655,Daniel Gafford,1610612742,Dallas Mavericks,3,11,16,Made Shot,Alley Oop Dunk Shot,2PT Field Goal,Restricted Area,Center(C),Less Than 8 ft.,1,10,15,1,1,20251112,DAL,PHX,14840,0,1629655|1630230|1630314|1631108|1642843,1,REG,2026,1610612742,,,,,
22500221370,,Shot Chart Detail,22500221,370,1630314,Brandon Williams,1610612742,Dallas Mavericks,3,10,48,Missed Shot,Driving Floating Jump Shot,2PT Field Goal,In The Paint (Non-RA),Left Side(L),8-16 ft.,10,-78,74,1,0,20251112,DAL,PHX,15120,0,1629655|1630230|1630314|1631108|1642843,0,REG,2026,1610612742,,,,,
22500221382,,Shot Chart Detail,22500221,382,1630314,Brandon Williams,1610612742,Dallas Mavericks,3,10,4,Made Shot,Driving Dunk Shot,2PT Field Goal,Restricted Area,Center(C),Less Than 8 ft.,1,2,11,1,1,20251112,DAL,PHX,15560,0,1629655|1630230|1630314|1631108|1642843,1,REG,2026,1610612742,,,,,
22500221387,,Shot Chart Detail,22500221,387,1630314,Brandon Williams,1610612742,Dallas Mavericks,3,9,36,Missed Shot,Jump Shot,3PT Field Goal,Above the Break 3,Left Side Center(LC),24+ ft.,26,-99,243,1,0,20251112,DAL,PHX,15840,0,1629655|1630230|1630314|1631108|1642843,0,REG,2026,1610612742,,,,,
22500221391,,Shot Chart Detail,22500221,391,1642843,Cooper Flagg,1610612742,Dallas Mavericks,3,9,23,Missed Shot,Running Layup Shot,2PT Field Goal,Restricted Area,Center(C),Less Than 8 ft.,3,21,29,1,0,20251112,DAL,PHX,15970,0,1629655|1630230|1630314|1631108|1642843,0,REG,2026,1610612742,,,,,
22500221393,,Shot Chart Detail,22500221,393,1629655,Daniel Gafford,1610612742,Dallas Mavericks,3,9,21,Made Shot,Running Dunk Shot,2PT Field Goal,Restricted Area,Center(C),Less Than 8 ft.,1,6,10,1,1,20251112,DAL,PHX,15990,0,1629655|1630230|1630314|1631108|1642843,0,REG,2026,1610612742,,,,,
22500221396,,Shot Chart Detail,22500221,396,1631108,Max Christie,1610612742,Dallas Mavericks,3,8,43,Made Shot,Jump Shot,3PT Field Goal,Above the Break 3,Left Side Center(LC),24+ ft.,24,-123,214,1,1,20251112,DAL,PHX,16370,0,1629655|1630230|1630314|1631108|1642843,1,REG,2026,1610612742,,,,,
22500221400,,Shot Chart Detail,22500221,400,1642843,Cooper Flagg,1610612742,Dallas Mavericks,3,8,17,Made Shot,Running Pull-Up Jump Shot,3PT Field Goal,Above the Break 3,Right Side Center(RC),24+ ft.,25,148,211,1,1,20251112,DAL,PHX,16630,0,1629655|1630230|1630314|1631108|1642843,1,REG,2026,1610612742,,,,,
22500221423,,Shot Chart Detail,22500221,423,1642843,Cooper Flagg,1610612742,Dallas Mavericks,3,7,16,Made Shot,Pullup Jump shot,2PT Field Goal,In The Paint (Non-RA),Center(C),Less Than 8 ft.,6,7,63,1,1,20251112,DAL,PHX,17240,0,202691|1630314|1630619|1631108|1642843,0,REG,2026,1610612742,,,,,
22500221437,,Shot Chart Detail,22500221,437,202691,Klay Thompson,1610612742,Dallas Mavericks,3,6,18,Missed Shot,Pullup Jump shot,3PT Field Goal,Above the Break 3,Left Side Center(LC),24+ ft.,24,-200,142,1,0,20251112,DAL,PHX,17820,0,202691|1630314|1630619|1631108|1642843,0,REG,2026,1610612742,,,,,
22500221459,,Shot Chart Detail,22500221,459,1642843,Cooper Flagg,1610612742,Dallas Mavericks,3,5,12,Made Shot,Pullup Jump shot,3PT Field Goal,Above the Break 3,Right Side Center(RC),24+ ft.,26,148,218,1,1,20251112,DAL,PHX,18480,0,202691|1630314|1630619|1631108|1642843,1,REG,2026,1610612742,,,,,
22500221495,,Shot Chart Detail,22500221,495,1626156,D'Angelo Russell,1610612742,Dallas Mavericks,3,3,33,Missed Shot,Pullup Jump shot,3PT Field Goal,Above the Break 3,Center(C),24+ ft.,25,-49,253,1,0,20251112,DAL,PHX,19470,0,202691|1626156|1630230|1630619|1630702,0,REG,2026,1610612742,,,,,
22500221497,,Shot Chart Detail,22500221,497,1630619,Moussa Cisse,1610612742,Dallas Mavericks,3,3,26,Made Shot,Alley Oop Dunk Shot,2PT Field Goal,Restricted Area,Center(C),Less Than 8 ft.,1,6,16,1,1,20251112,DAL,PHX,19540,0,202691|1626156|1630230|1630619|1630702,1,REG,2026,1610612742,,,,,
22500221501,,Shot Chart Detail,22500221,501,1630702,Jaden Hardy,1610612742,Dallas Mavericks,3,2,45,Made Shot,Driving Floating Bank Jump Shot,2PT Field Goal,In The Paint (Non-RA),Center(C),Less Than 8 ft.,7,53,46,1,1,20251112,DAL,PHX,19950,0,202691|1626156|1630230|1630619|1630702,0,REG,2026,1610612742,,,,,
22500221514,,Shot Chart Detail,22500221,514,202691,Klay Thompson,1610612742,Dallas Mavericks,3,2,1,Missed Shot,Jump Shot,3PT Field Goal,Left Corner 3,Left Side(L),24+ ft.,22,-223,2,1,0,20251112,DAL,PHX,20390,0,202691|1626156|1629655|1630230|1630702,0,REG,2026,1610612742,,,,,
22500221518,,Shot Chart Detail,22500221,518,202691,Klay Thompson,1610612742,Dallas Mavericks,3,1,35,Missed Shot,Pullup Jump shot,3PT Field Goal,Above the Break 3,Right Side Center(RC),24+ ft.,25,132,220,1,0,20251112,DAL,PHX,20650,0,202691|1626156|1629655|1630230|1630702,0,REG,2026,1610612742,,,,,
22500221522,,Shot Chart Detail,22500221,522,202691,Klay Thompson,1610612742,Dallas Mavericks,3,1,12,Missed Shot,Jump Shot,3PT Field Goal,Right Corner 3,Right Side(R),24+ ft.,23,235,37,1,0,20251112,DAL,PHX,20880,0,202691|1626156|1629655|1630230|1630702,0,REG,2026,1610612742,,,,,
22500221548,,Shot Chart Detail,22500221,548,1630230,Naji Marshall,1610612742,Dallas Mavericks,3,0,2,Made Shot,Jump Shot,3PT Field Goal,Right Corner 3,Right Side(R),24+ ft.,23,234,22,1,1,20251112,DAL,PHX,21580,0,202691|1626156|1629655|1630230|1630702,1,REG,2026,1610612742,,,,,
22500221562,,Shot Chart Detail,22500221,562,202691,Klay Thompson,1610612742,Dallas Mavericks,4,11,33,Made Shot,Jump Shot,3PT Field Goal,Above the Break 3,Center(C),24+ ft.,25,-20,253,1,1,20251112,DAL,PHX,21870,0,202691|1626156|1629655|1630230|1630702,1,REG,2026,1610612742,,,,,
22500221567,,Shot Chart Detail,22500221,567,1630702,Jaden Hardy,1610612742,Dallas Mavericks,4,11,2,Made Shot,Jump Shot,3PT Field Goal,Left Corner 3,Left Side(L),24+ ft.,22,-223,10,1,1,20251112,DAL,PHX,22180,0,202691|1626156|1629655|1630230|1630702,1,REG,2026,1610612742,,,,,
22500221580,,Shot Chart Detail,22500221,580,1626156,D'Angelo Russell,1610612742,Dallas Mavericks,4,10,14,Made Shot,Step Back Jump shot,3PT Field Goal,Right Corner 3,Right Side(R),24+ ft.,23,230,30,1,1,20251112,DAL,PHX,22660,0,202691|1626156|1629655|1630230|1630702,0,REG,2026,1610612742,,,,,
22500221582,,Shot Chart Detail,22500221,582,1626156,D'Angelo Russell,1610612742,Dallas Mavericks,4,9,48,Missed Shot,Pullup Jump shot,3PT Field Goal,Above the Break 3,Center(C),24+ ft.,28,0,289,1,0,20251112,DAL,PHX,22920,0,202691|1626156|1629655|1630230|1630702,0,REG,2026,1610612742,,,,,
22500221593,,Shot Chart Detail,22500221,593,1629655,Daniel Gafford,1610612742,Dallas Mavericks,4,9,14,Made Shot,Driving Layup Shot,2PT Field Goal,Restricted Area,Center(C),Less Than 8 ft.,2,21,14,1,1,20251112,DAL,PHX,23260,0,202691|1629655|1630314|1630702|1642843,0,REG,2026,1610612742,,,,,
22500221597,,Shot Chart Detail,22500221,597,1630314,Brandon Williams,1610612742,Dallas Mavericks,4,8,56,Made Shot,Running Reverse Layup Shot,2PT Field Goal,Restricted Area,Center(C),Less Than 8 ft.,0,-7,4,1,1,20251112,DAL,PHX,23440,0,202691|1629655|1630314|1630702|1642843,0,REG,2026,1610612742,,,,,
22500221616,,Shot Chart Detail,22500221,616,1642843,Cooper Flagg,1610612742,Dallas Mavericks,4,8,5,Missed Shot,Running Dunk Shot,2PT Field Goal,Restricted Area,Center(C),Less Than 8 ft.,1,-5,13,1,0,20251112,DAL,PHX,23950,0,202691|1629655|1630314|1631108|1642843,0,REG,2026,1610612742,,,,,
22500221620,,Shot Chart Detail,22500221,620,1629655,Daniel Gafford,1610612742,Dallas Mavericks,4,7,34,Made Shot,Driving Layup Shot,2PT Field Goal,In The Paint (Non-RA),Center(C),Less Than 8 ft.,5,51,15,1,1,20251112,DAL,PHX,24260,0,202691|1629655|1630314|1631108|1642843,1,REG,2026,1610612742,,,,,
22500221634,,Shot Chart Detail,22500221,634,1629655,Daniel Gafford,1610612742,Dallas Mavericks,4,7,2,Made Shot,Cutting Dunk Shot,2PT Field Goal,Restricted Area,Center(C),Less Than 8 ft.,1,0,15,1,1,20251112,DAL,PHX,24580,0,202691|1629655|1630314|1631108|1642843,1,REG,2026,1610612742,,,,,
22500221640,,Shot Chart Detail,22500221,640,202691,Klay Thompson,1610612742,Dallas Mavericks,4,6,34,Made Shot,Jump Shot,3PT Field Goal,Above the Break 3,Left Side Center(LC),24+ ft.,24,-183,162,1,1,20251112,DAL,PHX,24860,0,202691|1629655|1630314|1631108|1642843,1,REG,2026,1610612742,,,,,
22500221644,,Shot Chart Detail,22500221,644,202691,Klay Thompson,1610612742,Dallas Mavericks,4,5,57,Missed Shot,Jump Shot,3PT Field Goal,Left Corner 3,Left Side(L),24+ ft.,22,-227,8,1,0,20251112,DAL,PHX,25230,0,202691|1629655|1630314|1631108|1642843,0,REG,2026,1610612742,,,,,
22500221649,,Shot Chart Detail,22500221,649,202691,Klay Thompson,1610612742,Dallas Mavericks,4,5,44,Missed Shot,Jump Shot,3PT Field Goal,Right Corner 3,Right Side(R),24+ ft.,23,235,-18,1,0,20251112,DAL,PHX,25360,0,202691|1629655|1630314|1631108|1642843,0,REG,2026,1610612742,,,,,
22500221668,,Shot Chart Detail,22500221,668,1631108,Max Christie,1610612742,Dallas Mavericks,4,4,36,Made Shot,Running Jump Shot,3PT Field Goal,Left Corner 3,Left Side(L),24+ ft.,22,-223,-4,1,1,20251112,DAL,PHX,26040,0,1630230|1630314|1630619|1631108|1642843,1,REG,2026,1610612742,,,,,
22500221686,,Shot Chart Detail,22500221,686,202691,Klay Thompson,1610612742,Dallas Mavericks,4,3,23,Made Shot,Jump Shot,3PT Field Goal,Above the Break 3,Right Side Center(RC),24+ ft.,24,194,152,1,1,20251112,DAL,PHX,26770,0,202691|1630314|1630619|1631108|1642843,1,REG,2026,1610612742,,,,,
22500221692,,Shot Chart Detail,22500221,692,1631108,Max Christie,1610612742,Dallas Mavericks,4,2,58,Made Shot,Running Dunk Shot,2PT Field Goal,Restricted Area,Center(C),Less Than 8 ft.,0,-2,5,1,1,20251112,DAL,PHX,27020,0,202691|1630314|1630619|1631108|1642843,1,REG,2026,1610612742,,,,,
22500221706,,Shot Chart Detail,22500221,706,1630314,Brandon Williams,1610612742,Dallas Mavericks,4,1,48,Made Shot,Driving Finger Roll Layup Shot,2PT Field Goal,In The Paint (Non-RA),Center(C),Less Than 8 ft.,4,17,39,1,1,20251112,DAL,PHX,27720,0,202691|1629655|1630314|1631108|1642843,0,REG,2026,1610612742,,,,,
22500221711,,Shot Chart Detail,22500221,711,1630314,Brandon Williams,1610612742,Dallas Mavericks,4,1,8,Missed Shot,Pullup Jump shot,3PT Field Goal,Above the Break 3,Left Side Center(LC),24+ ft.,24,-165,187,1,0,20251112,DAL,PHX,28120,0,202691|1629655|1630314|1631108|1642843,0,REG,2026,1610612742,,,,,
22500221716,,Shot Chart Detail,22500221,716,1642843,Cooper Flagg,1610612742,Dallas Mavericks,4,0,33,Missed Shot,Jump Shot,3PT Field Goal,Left Corner 3,Left Side(L),24+ ft.,22,-227,1,1,0,20251112,DAL,PHX,28470,0,202691|1629655|1630314|1631108|1642843,0,REG,2026,1610612742,,,,,
22500221735,,Shot Chart Detail,22500221,735,1630314,Brandon Williams,1610612742,Dallas Mavericks,4,0,18,Made Shot,Driving Dunk Shot,2PT Field Goal,Restricted Area,Center(C),Less Than 8 ft.,2,10,22,1,1,20251112,DAL,PHX,28620,0,202691|1630230|1630314|1631108|1642843,0,REG,2026,1610612742,,,,,
22500221746,,Shot Chart Detail,22500221,746,1642843,Cooper Flagg,1610612742,Dallas Mavericks,4,0,9,Missed Shot,Pullup Jump shot,3PT Field Goal,Above the Break 3,Left Side Center(LC),24+ ft.,25,-175,179,1,0,20251112,DAL,PHX,28710,0,202691|1630230|1630314|1631108|1642843,0,REG,2026,1610612742,,,,,
2250023811,,Shot Chart Detail,22500238,11,1629023,P.J. Washington,1610612742,Dallas Mavericks,1,11,19,Made Shot,Driving Floating Jump Shot,2PT Field Goal,In The Paint (Non-RA),Center(C),Less Than 8 ft.,4,4,42,1,1,20251116,DAL,POR,410,0,1629023|1629655|1630314|1631108|1642843,1,REG,2026,1610612742,,,,,
2250023816,,Shot Chart Detail,22500238,16,1629023,P.J. Washington,1610612742,Dallas Mavericks,1,10,56,Missed Shot,Driving Floating Jump Shot,2PT Field Goal,Mid-Range,Right Side(R),8-16 ft.,9,91,18,1,0,20251116,DAL,POR,640,0,1629023|1629655|1630314|1631108|1642843,0,REG,2026,1610612742,,,,,
2250023822,,Shot Chart Detail,22500238,22,1629655,Daniel Gafford,1610612742,Dallas Mavericks,1,10,23,Made Shot,Layup Shot,2PT Field Goal,Restricted Area,Center(C),Less Than 8 ft.,2,17,11,1,1,20251116,DAL,POR,970,0,1629023|1629655|1630314|1631108|1642843,1,REG,2026,1610612742,,,,,
2250023827,,Shot Chart Detail,22500238,27,1630314,Brandon Williams,1610612742,Dallas Mavericks,1,9,43,Missed Shot,Driving Finger Roll Layup Shot,2PT Field Goal,Restricted Area,Center(C),Less Than 8 ft.,1,15,-5,1,0,20251116,DAL,POR,1370,0,1629023|1629655|1630314|1631108|1642843,0,REG,2026,1610612742,,,,,
2250023831,,Shot Chart Detail,22500238,31,1630314,Brandon Williams,1610612742,Dallas Mavericks,1,9,16,Made Shot,Pullup Jump shot,2PT Field Goal,In The Paint (Non-RA),Center(C),8-16 ft.,13,7,133,1,1,20251116,DAL,POR,1640,0,1629023|1629655|1630314|1631108|1642843,0,REG,2026,1610612742,,,,,
2250023843,,Shot Chart Detail,22500238,43,1642843,Cooper Flagg,1610612742,Dallas Mavericks,1,8,37,Made Shot,Running Dunk Shot,2PT Field Goal,Restricted Area,Center(C),Less Than 8 ft.,0,4,8,1,1,20251116,DAL,POR,2030,0,1629023|1629655|1630314|1631108|1642843,1,REG,2026,1610612742,,,,,
2250023851,,Shot Chart Detail,22500238,51,1630314,Brandon Williams,1610612742,Dallas Mavericks,1,8,12,Missed Shot,Driving Layup Shot,2PT Field Goal,Restricted Area,Center(C),Less Than 8 ft.,3,36,13,1,0,20251116,DAL,POR,2280,0,1629023|1629655|1630314|1631108|1642843,0,REG,2026,1610612742,,,,,
2250023853,,Shot Chart Detail,22500238,53,1629655,Daniel Gafford,1610612742,Dallas Mavericks,1,8,9,Made Shot,Putback Layup Shot,2PT Field Goal,Restricted Area,Center(C),Less Than 8 ft.,0,4,7,1,1,20251116,DAL,POR,2310,0,1629023|1629655|1630314|1631108|1642843,0,REG,2026,1610612742,,,,,
2250023856,,Shot Chart Detail,22500238,56,1631108,Max Christie,1610612742,Dallas Mavericks,1,7,37,Made Shot,Step Back Jump shot,3PT Field Goal,Above the Break 3,Left Side Center(LC),24+ ft.,26,-93,252,1,1,20251116,DAL,POR,2630,0,1629023|1629655|1630314|1631108|1642843,1,REG,2026,1610612742,,,,,
2250023883,,Shot Chart Detail,22500238,83,1630230,Naji Marshall,1610612742,Dallas Mavericks,1,5,52,Missed Shot,Jump Shot,3PT Field Goal,Left Corner 3,Left Side(L),24+ ft.,23,-233,6,1,0,20251116,DAL,POR,3680,0,1630230|1630314|1631108|1641726|1642843,0,REG,2026,1610612742,,,,,
22500238100,,Shot Chart Detail,22500238,100,1630230,Naji Marshall,1610612742,Dallas Mavericks,1,4,49,Missed Shot,Driving Floating Jump Shot,2PT Field Goal,In The Paint (Non-RA),Center(C),8-16 ft.,8,-1,80,1,0,20251116,DAL,POR,4310,0,202691|1626156|1630230|1641726|1642843,0,REG,2026,1610612742,,,,,
22500238102,,Shot Chart Detail,22500238,102,1630230,Naji Marshall,1610612742,Dallas Mavericks,1,4,46,Made Shot,Putback Layup Shot,2PT Field Goal,Restricted Area,Center(C),Less Than 8 ft.,1,-1,17,1,1,20251116,DAL,POR,4340,0,202691|1626156|1630230|1641726|1642843,0,REG,2026,1610612742,,,,,
22500238129,,Shot Chart Detail,22500238,129,202691,Klay Thompson,1610612742,Dallas Mavericks,1,3,59,Missed Shot,Running Jump Shot,3PT Field Goal,Above the Break 3,Right Side Center(RC),24+ ft.,24,212,125,1,0,20251116,DAL,POR,4810,0,202691|1626156|1629023|1630230|1630619,0,REG,2026,1610612742,,,,,
22500238131,,Shot Chart Detail,22500238,131,1626156,D'Angelo Russell,1610612742,Dallas Mavericks,1,3,54,Missed Shot,Jump Shot,3PT Field Goal,Above the Break 3,Left Side Center(LC),24+ ft.,30,-119,278,1,0,20251116,DAL,POR,4860,0,202691|1626156|1629023|1630230|1630619,0,REG,2026,1610612742,,,,,
22500238136,,Shot Chart Detail,22500238,136,1630619,Moussa Cisse,1610612742,Dallas Mavericks,1,3,36,Missed Shot,Running Layup Shot,2PT Field Goal,Restricted Area,Center(C),Less Than 8 ft.,2,0,20,1,0,20251116,DAL,POR,5040,0,202691|1626156|1629023|1630230|1630619,0,REG,2026,1610612742,,,,,
22500238163,,Shot Chart Detail,22500238,163,1630230,Naji Marshall,1610612742,Dallas Mavericks,1,2,27,Made Shot,Running Reverse Layup Shot,2PT Field Goal,Restricted Area,Center(C),Less Than 8 ft.,2,21,2,1,1,20251116,DAL,POR,5730,0,202691|1626156|1629023|1630230|1630619,1,REG,2026,1610612742,,,,,
22500238167,,Shot Chart Detail,22500238,167,1630619,Moussa Cisse,1610612742,Dallas Mavericks,1,2,7,Made Shot,Cutting Dunk Shot,2PT Field Goal,Restricted Area,Center(C),Less Than 8 ft.,1,-6,10,1,1,20251116,DAL,POR,5930,0,202691|1626156|1629023|1630230|1630619,1,REG,2026,1610612742,,,,,
22500238175,,Shot Chart Detail,22500238,175,1629023,P.J. Washington,1610612742,Dallas Mavericks,1,1,28,Missed Shot,Floating Jump shot,2PT Field Goal,In The Paint (Non-RA),Center(C),8-16 ft.,8,-18,85,1,0,20251116,DAL,POR,6320,0,202691|1626156|1629023|1630230|1630619,0,REG,2026,1610612742,,,,,
22500238185,,Shot Chart Detail,22500238,185,202691,Klay Thompson,1610612742,Dallas Mavericks,1,0,46,Made Shot,Jump Shot,3PT Field Goal,Above the Break 3,Right Side Center(RC),24+ ft.,25,195,160,1,1,20251116,DAL,POR,6740,0,202691|1626156|1629023|1630230|1630619,1,REG,2026,1610612742,,,,,
22500238190,,Shot Chart Detail,22500238,190,202691,Klay Thompson,1610612742,Dallas Mavericks,1,0,16,Missed Shot,Jump Shot,3PT Field Goal,Left Corner 3,Left Side(L),24+ ft.,23,-237,5,1,0,20251116,DAL,POR,7040,0,202691|1626156|1629023|1630230|1630619,0,REG,2026,1610612742,,,,,
22500238203,,Shot Chart Detail,22500238,203,202691,Klay Thompson,1610612742,Dallas Mavericks,2,11,45,Missed Shot,Driving Layup Shot,2PT Field Goal,Restricted Area,Center(C),Less Than 8 ft.,1,-11,11,1,0,20251116,DAL,POR,7350,0,202691|1626156|1628997|1629023|1629655,0,REG,2026,1610612742,,,,,
22500238220,,Shot Chart Detail,22500238,220,1629023,P.J. Washington,1610612742,Dallas Mavericks,2,10,54,Missed Shot,Jump Shot,3PT Field Goal,Above the Break 3,Left Side Center(LC),24+ ft.,25,-180,180,1,0,20251116,DAL,POR,7860,0,202691|1626156|1628997|1629023|1629655,0,REG,2026,1610612742,,,,,
22500238223,,Shot Chart Detail,22500238,223,1626156,D'Angelo Russell,1610612742,Dallas Mavericks,2,10,24,Made Shot,Driving Floating Jump Shot,2PT Field Goal,In The Paint (Non-RA),Center(C),Less Than 8 ft.,7,-36,62,1,1,20251116,DAL,POR,8160,0,202691|1626156|1628997|1629023|1629655,0,REG,2026,1610612742,,,,,
22500238225,,Shot Chart Detail,22500238,225,202691,Klay Thompson,1610612742,Dallas Mavericks,2,9,56,Made Shot,Jump Shot,3PT Field Goal,Left Corner 3,Left Side(L),24+ ft.,23,-234,13,1,1,20251116,DAL,POR,8440,0,202691|1626156|1628997|1629023|1629655,1,REG,2026,1610612742,,,,,
22500238239,,Shot Chart Detail,22500238,239,202691,Klay Thompson,1610612742,Dallas Mavericks,2,9,11,Made Shot,Pullup Jump shot,2PT Field Goal,Mid-Range,Right Side Center(RC),16-24 ft.,17,82,149,1,1,20251116,DAL,POR,8890,0,202691|1626156|1628997|1629023|1629655,1,REG,2026,1610612742,,,,,
22500238242,,Shot Chart Detail,22500238,242,202691,Klay Thompson,1610612742,Dallas Mavericks,2,8,47,Missed Shot,Jump Shot,3PT Field Goal,Above the Break 3,Center(C),24+ ft.,25,-5,254,1,0,20251116,DAL,POR,9130,0,202691|1626156|1628997|1629023|1629655,0,REG,2026,1610612742,,,,,
22500238246,,Shot Chart Detail,22500238,246,202691,Klay Thompson,1610612742,Dallas Mavericks,2,8,15,Made Shot,Jump Shot,3PT Field Goal,Above the Break 3,Right Side Center(RC),24+ ft.,25,210,138,1,1,20251116,DAL,POR,9450,0,202691|1626156|1628997|1629023|1629655,1,REG,2026,1610612742,,,,,
22500238264,,Shot Chart Detail,22500238,264,202691,Klay Thompson,1610612742,Dallas Mavericks,2,7,35,Made Shot,Pullup Jump shot,3PT Field Goal,Above the Break 3,Right Side Center(RC),24+ ft.,25,218,123,1,1,20251116,DAL,POR,9850,0,202691|1626156|1628997|1641726|1642843,1,REG,2026,1610612742,,,,,
22500238269,,Shot Chart Detail,22500238,269,1626156,D'Angelo Russell,1610612742,Dallas Mavericks,2,7,1,Missed Shot,Driving Layup Shot,2PT Field Goal,In The Paint (Non-RA),Center(C),Less Than 8 ft.,5,-43,37,1,0,20251116,DAL,POR,10190,0,202691|1626156|1628997|1641726|1642843,0,REG,2026,1610612742,,,,,
22500238280,,Shot Chart Detail,22500238,280,202691,Klay Thompson,1610612742,Dallas Mavericks,2,6,38,Missed Shot,Fadeaway Jump Shot,2PT Field Goal,In The Paint (Non-RA),Center(C),8-16 ft.,13,-64,120,1,0,20251116,DAL,POR,10420,0,202691|1626156|1630230|1641726|1642843,0,REG,2026,1610612742,,,,,
22500238292,,Shot Chart Detail,22500238,292,1630314,Brandon Williams,1610612742,Dallas Mavericks,2,6,9,Made Shot,Driving Layup Shot,2PT Field Goal,Restricted Area,Center(C),Less Than 8 ft.,1,10,2,1,1,20251116,DAL,POR,10710,0,202691|1629655|1630230|1630314|1642843,1,REG,2026,1610612742,,,,,
22500238295,,Shot Chart Detail,22500238,295,1642843,Cooper Flagg,1610612742,Dallas Mavericks,2,5,31,Missed Shot,Jump Shot,3PT Field Goal,Right Corner 3,Right Side(R),24+ ft.,22,225,-1,1,0,20251116,DAL,POR,11090,0,202691|1629655|1630230|1630314|1642843,0,REG,2026,1610612742,,,,,
22500238305,,Shot Chart Detail,22500238,305,202691,Klay Thompson,1610612742,Dallas Mavericks,2,4,56,Missed Shot,Running Jump Shot,3PT Field Goal,Left Corner 3,Left Side(L),24+ ft.,22,-224,-6,1,0,20251116,DAL,POR,11440,0,202691|1629655|1630230|1630314|1642843,0,REG,2026,1610612742,,,,,
22500238307,,Shot Chart Detail,22500238,307,1642843,Cooper Flagg,1610612742,Dallas Mavericks,2,4,52,Missed Shot,Tip Layup Shot,2PT Field Goal,Restricted Area,Center(C),Less Than 8 ft.,0,0,0,1,0,20251116,DAL,POR,11480,0,202691|1629655|1630230|1630314|1642843,0,REG,2026,1610612742,,,,,
22500238311,,Shot Chart Detail,22500238,311,1629655,Daniel Gafford,1610612742,Dallas Mavericks,2,4,32,Made Shot,Running Dunk Shot,2PT Field Goal,Restricted Area,Center(C),Less Than 8 ft.,1,-5,15,1,1,20251116,DAL,POR,11680,0,202691|1629655|1630230|1630314|1642843,1,REG,2026,1610612742,,,,,
22500238338,,Shot Chart Detail,22500238,338,1631108,Max Christie,1610612742,Dallas Mavericks,2,3,37,Made Shot,Driving Layup Shot,2PT Field Goal,In The Paint (Non-RA),Center(C),Less Than 8 ft.,4,-42,12,1,1,20251116,DAL,POR,12230,0,1629655|1630230|1630314|1631108|1642843,1,REG,2026,1610612742,,,,,
22500238348,,Shot Chart Detail,22500238,348,1630230,Naji Marshall,1610612742,Dallas Mavericks,2,2,48,Missed Shot,Running Jump Shot,3PT Field Goal,Left Corner 3,Left Side(L),24+ ft.,23,-234,44,1,0,20251116,DAL,POR,12720,0,1629655|1630230|1630314|1631108|1642843,0,REG,2026,1610612742,,,,,
22500238350,,Shot Chart Detail,22500238,350,1630314,Brandon Williams,1610612742,Dallas Mavericks,2,2,42,Missed Shot,Jump Shot,3PT Field Goal,Above the Break 3,Left Side Center(LC),24+ ft.,26,-136,222,1,0,20251116,DAL,POR,12780,0,1629655|1630230|1630314|1631108|1642843,0,REG,2026,1610612742,,,,,
22500238352,,Shot Chart Detail,22500238,352,1630314,Brandon Williams,1610612742,Dallas Mavericks,2,2,28,Missed Shot,Turnaround Fadeaway shot,2PT Field Goal,In The Paint (Non-RA),Center(C),8-16 ft.,8,-7,83,1,0,20251116,DAL,POR,12920,0,1629655|1630230|1630314|1631108|1642843,0,REG,2026,1610612742,,,,,
22500238355,,Shot Chart Detail,22500238,355,1631108,Max Christie,1610612742,Dallas Mavericks,2,1,47,Missed Shot,Pullup Jump shot,3PT Field Goal,Above the Break 3,Right Side Center(RC),24+ ft.,26,97,246,1,0,20251116,DAL,POR,13330,0,1629655|1630230|1630314|1631108|1642843,0,REG,2026,1610612742,,,,,
22500238374,,Shot Chart Detail,22500238,374,1629023,P.J. Washington,1610612742,Dallas Mavericks,2,0,43,Made Shot,Pullup Jump shot,3PT Field Goal,Right Corner 3,Right Side(R),24+ ft.,22,222,8,1,1,20251116,DAL,POR,13970,0,1629023|1630314|1630619|1631108|1642843,1,REG,2026,1610612742,,,,,
22500238402,,Shot Chart Detail,22500238,402,1629023,P.J. Washington,1610612742,Dallas Mavericks,3,11,42,Missed Shot,Turnaround Hook Shot,2PT Field Goal,In The Paint (Non-RA),Center(C),Less Than 8 ft.,5,2,59,1,0,20251116,DAL,POR,14580,0,1629023|1629655|1630314|1631108|1642843,0,REG,2026,1610612742,,,,,
22500238405,,Shot Chart Detail,22500238,405,1630314,Brandon Williams,1610612742,Dallas Mavericks,3,11,31,Missed Shot,Driving Floating Jump Shot,2PT Field Goal,In The Paint (Non-RA),Center(C),8-16 ft.,12,-20,121,1,0,20251116,DAL,POR,14690,0,1629023|1629655|1630314|1631108|1642843,0,REG,2026,1610612742,,,,,
22500238407,,Shot Chart Detail,22500238,407,1642843,Cooper Flagg,1610612742,Dallas Mavericks,3,11,22,Made Shot,Driving Layup Shot,2PT Field Goal,Restricted Area,Center(C),Less Than 8 ft.,2,27,5,1,1,20251116,DAL,POR,14780,0,1629023|1629655|1630314|1631108|1642843,1,REG,2026,1610612742,,,,,
22500238411,,Shot Chart Detail,22500238,411,1642843,Cooper Flagg,1610612742,Dallas Mavericks,3,10,53,Made Shot,Pullup Jump shot,2PT Field Goal,Mid-Range,Center(C),8-16 ft.,14,-17,145,1,1,20251116,DAL,POR,15070,0,1629023|1629655|1630314|1631108|1642843,0,REG,2026,1610612742,,,,,
22500238414,,Shot Chart Detail,22500238,414,1631108,Max Christie,1610612742,Dallas Mavericks,3,10,28,Missed Shot,Jump Shot,3PT Field Goal,Left Corner 3,Left Side(L),24+ ft.,23,-230,0,1,0,20251116,DAL,POR,15320,0,1629023|1629655|1630314|1631108|1642843,0,REG,2026,1610612742,,,,,
22500238420,,Shot Chart Detail,22500238,420,1631108,Max Christie,1610612742,Dallas Mavericks,3,10,4,Missed Shot,Jump Shot,3PT Field Goal,Above the Break 3,Left Side Center(LC),24+ ft.,24,-224,108,1,0,20251116,DAL,POR,15560,0,1629023|1629655|1630314|1631108|1642843,0,REG,2026,1610612742,,,,,
22500238424,,Shot Chart Detail,22500238,424,1629655,Daniel Gafford,1610612742,Dallas Mavericks,3,9,44,Missed Shot,Cutting Layup Shot,2PT Field Goal,In The Paint (Non-RA),Center(C),Less Than 8 ft.,4,39,29,1,0,20251116,DAL,POR,15760,0,1629023|1629655|1630314|1631108|1642843,0,REG,2026,1610612742,,,,,
22500238431,,Shot Chart Detail,22500238,431,1629023,P.J. Washington,1610612742,Dallas Mavericks,3,9,25,Made Shot,Jump Shot,3PT Field Goal,Right Corner 3,Right Side(R),24+ ft.,23,234,10,1,1,20251116,DAL,POR,15950,0,202691|1629023|1629655|1630314|1642843,1,REG,2026,1610612742,,,,,
22500238435,,Shot Chart Detail,22500238,435,1642843,Cooper Flagg,1610612742,Dallas Mavericks,3,8,59,Made Shot,Jump Shot,3PT Field Goal,Above the Break 3,Left Side Center(LC),24+ ft.,23,-186,151,1,1,20251116,DAL,POR,16210,0,202691|1629023|1629655|1630314|1642843,1,REG,2026,1610612742,,,,,
22500238441,,Shot Chart Detail,22500238,441,1642843,Cooper Flagg,1610612742,Dallas Mavericks,3,8,15,Missed Shot,Pullup Jump shot,2PT Field Goal,Mid-Range,Left Side Center(LC),16-24 ft.,22,-93,204,1,0,20251116,DAL,POR,16650,0,202691|1629023|1629655|1630314|1642843,0,REG,2026,1610612742,,,,,
22500238445,,Shot Chart Detail,22500238,445,1642843,Cooper Flagg,1610612742,Dallas Mavericks,3,7,56,Made Shot,Running Layup Shot,2PT Field Goal,Restricted Area,Center(C),Less Than 8 ft.,1,15,5,1,1,20251116,DAL,POR,16840,0,202691|1629023|1629655|1630314|1642843,0,REG,2026,1610612742,,,,,
22500238458,,Shot Chart Detail,22500238,458,1630314,Brandon Williams,1610612742,Dallas Mavericks,3,7,10,Made Shot,Driving Floating Jump Shot,2PT Field Goal,In The Paint (Non-RA),Center(C),Less Than 8 ft.,4,-4,42,1,1,20251116,DAL,POR,17300,0,202691|1629023|1630314|1641726|1642843,0,REG,2026,1610612742,,,,,
22500238461,,Shot Chart Detail,22500238,461,202691,Klay Thompson,1610612742,Dallas Mavericks,3,6,40,Made Shot,Jump Shot,3PT Field Goal,Above the Break 3,Center(C),24+ ft.,24,16,243,1,1,20251116,DAL,POR,17600,0,202691|1629023|1630314|1641726|1642843,1,REG,2026,1610612742,,,,,
22500238479,,Shot Chart Detail,22500238,479,1630619,Moussa Cisse,1610612742,Dallas Mavericks,3,5,46,Made Shot,Cutting Layup Shot,2PT Field Goal,Restricted Area,Center(C),Less Than 8 ft.,3,29,13,1,1,20251116,DAL,POR,18140,0,202691|1630230|1630314|1630619|1642843,1,REG,2026,1610612742,,,,,
22500238503,,Shot Chart Detail,22500238,503,202691,Klay Thompson,1610612742,Dallas Mavericks,3,4,49,Made Shot,Layup Shot,2PT Field Goal,Restricted Area,Center(C),Less Than 8 ft.,0,4,-8,1,1,20251116,DAL,POR,18710,0,202691|1630230|1630314|1630619|1642843,1,REG,2026,1610612742,,,,,
22500238519,,Shot Chart Detail,22500238,519,1641726,Dereck Lively II,1610612742,Dallas Mavericks,3,4,12,Made Shot,Cutting Dunk Shot,2PT Field Goal,Restricted Area,Center(C),Less Than 8 ft.,0,2,3,1,1,20251116,DAL,POR,19080,0,202691|1626156|1629023|1630230|1641726,1,REG,2026,1610612742,,,,,
22500238527,,Shot Chart Detail,22500238,527,1626156,D'Angelo Russell,1610612742,Dallas Mavericks,3,3,35,Made Shot,Jump Bank Shot,3PT Field Goal,Above the Break 3,Left Side Center(LC),24+ ft.,25,-167,187,1,1,20251116,DAL,POR,19450,0,202691|1626156|1629023|1630230|1641726,1,REG,2026,1610612742,,,,,
22500238531,,Shot Chart Detail,22500238,531,1626156,D'Angelo Russell,1610612742,Dallas Mavericks,3,3,14,Missed Shot,Running Jump Shot,3PT Field Goal,Above the Break 3,Left Side Center(LC),24+ ft.,24,-214,125,1,0,20251116,DAL,POR,19660,0,202691|1626156|1629023|1630230|1641726,0,REG,2026,1610612742,,,,,
22500238556,,Shot Chart Detail,22500238,556,1629023,P.J. Washington,1610612742,Dallas Mavericks,3,1,54,Missed Shot,Driving Layup Shot,2PT Field Goal,In The Paint (Non-RA),Center(C),Less Than 8 ft.,4,36,22,1,0,20251116,DAL,POR,20460,0,202691|1626156|1629023|1630230|1641726,0,REG,2026,1610612742,,,,,
22500238564,,Shot Chart Detail,22500238,564,1626156,D'Angelo Russell,1610612742,Dallas Mavericks,3,1,24,Missed Shot,Driving Layup Shot,2PT Field Goal,In The Paint (Non-RA),Center(C),Less Than 8 ft.,6,60,19,1,0,20251116,DAL,POR,20760,0,202691|1626156|1629023|1630230|1641726,0,REG,2026,1610612742,,,,,
22500238573,,Shot Chart Detail,22500238,573,202691,Klay Thompson,1610612742,Dallas Mavericks,3,0,56,Missed Shot,Jump Shot,3PT Field Goal,Above the Break 3,Left Side Center(LC),24+ ft.,25,-88,235,1,0,20251116,DAL,POR,21040,0,202691|1626156|1629023|1629655|1630230,0,REG,2026,1610612742,,,,,
22500238589,,Shot Chart Detail,22500238,589,1626156,D'Angelo Russell,1610612742,Dallas Mavericks,3,0,3,Missed Shot,Pullup Jump shot,2PT Field Goal,Mid-Range,Center(C),8-16 ft.,14,-39,140,1,0,20251116,DAL,POR,21570,0,202691|1626156|1629023|1629655|1630230,0,REG,2026,1610612742,,,,,
22500238602,,Shot Chart Detail,22500238,602,202691,Klay Thompson,1610612742,Dallas Mavericks,4,11,20,Missed Shot,Pullup Jump shot,2PT Field Goal,Mid-Range,Center(C),8-16 ft.,15,54,144,1,0,20251116,DAL,POR,22000,0,202691|1626156|1629023|1629655|1630230,0,REG,2026,1610612742,,,,,
22500238604,,Shot Chart Detail,22500238,604,202691,Klay Thompson,1610612742,Dallas Mavericks,4,11,14,Missed Shot,Pullup Jump shot,3PT Field Goal,Above the Break 3,Left Side Center(LC),24+ ft.,24,-217,115,1,0,20251116,DAL,POR,22060,0,202691|1626156|1629023|1629655|1630230,0,REG,2026,1610612742,,,,,
22500238606,,Shot Chart Detail,22500238,606,1629655,Daniel Gafford,1610612742,Dallas Mavericks,4,11,12,Missed Shot,Putback Layup Shot,2PT Field Goal,Restricted Area,Center(C),Less Than 8 ft.,1,16,0,1,0,20251116,DAL,POR,22080,0,202691|1626156|1629023|1629655|1630230,0,REG,2026,1610612742,,,,,
22500238610,,Shot Chart Detail,22500238,610,1626156,D'Angelo Russell,1610612742,Dallas Mavericks,4,11,4,Missed Shot,Step Back Jump shot,3PT Field Goal,Above the Break 3,Left Side Center(LC),24+ ft.,24,-158,188,1,0,20251116,DAL,POR,22160,0,202691|1626156|1629023|1629655|1630230,0,REG,2026,1610612742,,,,,
22500238614,,Shot Chart Detail,22500238,614,1629023,P.J. Washington,1610612742,Dallas Mavericks,4,10,39,Missed Shot,Driving Layup Shot,2PT Field Goal,Restricted Area,Center(C),Less Than 8 ft.,2,25,3,1,0,20251116,DAL,POR,22410,0,202691|1626156|1629023|1629655|1630230,0,REG,2026,1610612742,,,,,
22500238616,,Shot Chart Detail,22500238,616,1629023,P.J. Washington,1610612742,Dallas Mavericks,4,10,35,Made Shot,Jump Shot,3PT Field Goal,Left Corner 3,Left Side(L),24+ ft.,22,-223,-12,1,1,20251116,DAL,POR,22450,0,202691|1626156|1629023|1629655|1630230,1,REG,2026,1610612742,,,,,
22500238620,,Shot Chart Detail,22500238,620,1629023,P.J. Washington,1610612742,Dallas Mavericks,4,9,58,Made Shot,Jump Shot,3PT Field Goal,Above the Break 3,Left Side Center(LC),24+ ft.,24,-179,168,1,1,20251116,DAL,POR,22820,0,202691|1626156|1629023|1629655|1630230,1,REG,2026,1610612742,,,,,
22500238643,,Shot Chart Detail,22500238,643,1631108,Max Christie,1610612742,Dallas Mavericks,4,8,32,Made Shot,Jump Shot,3PT Field Goal,Right Corner 3,Right Side(R),24+ ft.,23,233,-10,1,1,20251116,DAL,POR,23680,0,1626156|1629655|1630230|1631108|1642843,1,REG,2026,1610612742,,,,,
22500238648,,Shot Chart Detail,22500238,648,1626156,D'Angelo Russell,1610612742,Dallas Mavericks,4,8,17,Made Shot,Running Layup Shot,2PT Field Goal,Restricted Area,Center(C),Less Than 8 ft.,0,-6,1,1,1,20251116,DAL,POR,23830,0,1626156|1629655|1630230|1631108|1642843,1,REG,2026,1610612742,,,,,
22500238661,,Shot Chart Detail,22500238,661,1642843,Cooper Flagg,1610612742,Dallas Mavericks,4,7,48,Missed Shot,Layup Shot,2PT Field Goal,Restricted Area,Center(C),Less Than 8 ft.,2,-28,1,1,0,20251116,DAL,POR,24120,0,1626156|1629655|1630230|1631108|1642843,0,REG,2026,1610612742,,,,,
22500238665,,Shot Chart Detail,22500238,665,1642843,Cooper Flagg,1610612742,Dallas Mavericks,4,7,39,Missed Shot,Pullup Jump shot,2PT Field Goal,Mid-Range,Right Side Center(RC),16-24 ft.,19,80,173,1,0,20251116,DAL,POR,24210,0,1626156|1629655|1630230|1631108|1642843,0,REG,2026,1610612742,,,,,
22500238671,,Shot Chart Detail,22500238,671,1642843,Cooper Flagg,1610612742,Dallas Mavericks,4,7,4,Made Shot,Driving Floating Bank Jump Shot,2PT Field Goal,In The Paint (Non-RA),Center(C),Less Than 8 ft.,7,67,43,1,1,20251116,DAL,POR,24560,0,1626156|1629655|1630230|1631108|1642843,0,REG,2026,1610612742,,,,,
22500238674,,Shot Chart Detail,22500238,674,1626156,D'Angelo Russell,1610612742,Dallas Mavericks,4,6,27,Made Shot,Driving Finger Roll Layup Shot,2PT Field Goal,Restricted Area,Center(C),Less Than 8 ft.,2,-2,22,1,1,20251116,DAL,POR,24930,0,1626156|1629655|1630230|1631108|1642843,0,REG,2026,1610612742,,,,,
22500238678,,Shot Chart Detail,22500238,678,1630230,Naji Marshall,1610612742,Dallas Mavericks,4,6,7,Made Shot,Running Layup Shot,2PT Field Goal,Restricted Area,Center(C),Less Than 8 ft.,3,34,11,1,1,20251116,DAL,POR,25130,0,1626156|1629655|1630230|1631108|1642843,1,REG,2026,1610612742,,,,,
22500238687,,Shot Chart Detail,22500238,687,1642843,Cooper Flagg,1610612742,Dallas Mavericks,4,5,36,Missed Shot,Jump Shot,3PT Field Goal,Above the Break 3,Right Side Center(RC),24+ ft.,25,213,131,1,0,20251116,DAL,POR,25440,0,1626156|1630230|1631108|1641726|1642843,0,REG,2026,1610612742,,,,,
22500238693,,Shot Chart Detail,22500238,693,1626156,D'Angelo Russell,1610612742,Dallas Mavericks,4,5,3,Missed Shot,Driving Floating Bank Jump Shot,2PT Field Goal,In The Paint (Non-RA),Center(C),Less Than 8 ft.,4,-37,26,1,0,20251116,DAL,POR,25770,0,1626156|1630230|1631108|1641726|1642843,0,REG,2026,1610612742,,,,,
22500238695,,Shot Chart Detail,22500238,695,1641726,Dereck Lively II,1610612742,Dallas Mavericks,4,5,1,Missed Shot,Tip Layup Shot,2PT Field Goal,Restricted Area,Center(C),Less Than 8 ft.,0,0,0,1,0,20251116,DAL,POR,25790,0,1626156|1630230|1631108|1641726|1642843,0,REG,2026,1610612742,,,,,
22500238709,,Shot Chart Detail,22500238,709,1629023,P.J. Washington,1610612742,Dallas Mavericks,4,4,30,Made Shot,Jump Shot,3PT Field Goal,Above the Break 3,Center(C),24+ ft.,25,2,255,1,1,20251116,DAL,POR,26100,0,1629023|1630314|1631108|1641726|1642843,1,REG,2026,1610612742,,,,,
22500238714,,Shot Chart Detail,22500238,714,1631108,Max Christie,1610612742,Dallas Mavericks,4,3,56,Made Shot,Jump Shot,3PT Field Goal,Left Corner 3,Left Side(L),24+ ft.,22,-225,-6,1,1,20251116,DAL,POR,26440,0,1629023|1630314|1631108|1641726|1642843,1,REG,2026,1610612742,,,,,
22500238726,,Shot Chart Detail,22500238,726,1629023,P.J. Washington,1610612742,Dallas Mavericks,4,3,28,Missed Shot,Jump Shot,3PT Field Goal,Above the Break 3,Center(C),24+ ft.,24,-71,232,1,0,20251116,DAL,POR,26720,0,1629023|1629655|1630314|1631108|1642843,0,REG,2026,1610612742,,,,,
22500238741,,Shot Chart Detail,22500238,741,1629023,P.J. Washington,1610612742,Dallas Mavericks,4,2,33,Missed Shot,Driving Floating Jump Shot,2PT Field Goal,In The Paint (Non-RA),Center(C),Less Than 8 ft.,5,27,47,1,0,20251116,DAL,POR,27270,0,1629023|1629655|1630314|1631108|1642843,0,REG,2026,1610612742,,,,,
22500238750,,Shot Chart Detail,22500238,750,1629655,Daniel Gafford,1610612742,Dallas Mavericks,4,2,8,Made Shot,Cutting Dunk Shot,2PT Field Goal,Restricted Area,Center(C),Less Than 8 ft.,0,9,4,1,1,20251116,DAL,POR,27520,0,1629023|1629655|1630314|1631108|1642843,0,REG,2026,1610612742,,,,,
22500238752,,Shot Chart Detail,22500238,752,1629023,P.J. Washington,1610612742,Dallas Mavericks,4,1,31,Missed Shot,Driving Floating Bank Jump Shot,2PT Field Goal,In The Paint (Non-RA),Center(C),Less Than 8 ft.,5,51,27,1,0,20251116,DAL,POR,27890,0,1629023|1629655|1630314|1631108|1642843,0,REG,2026,1610612742,,,,,
22500238762,,Shot Chart Detail,22500238,762,1642843,Cooper Flagg,1610612742,Dallas Mavericks,4,1,11,Made Shot,Driving Floating Jump Shot,2PT Field Goal,In The Paint (Non-RA),Right Side(R),8-16 ft.,10,75,71,1,1,20251116,DAL,POR,28090,0,202691|1629023|1630314|1631108|1642843,0,REG,2026,1610612742,,,,,
22500238780,,Shot Chart Detail,22500238,780,1642843,Cooper Flagg,1610612742,Dallas Mavericks,4,0,13,Missed Shot,Pullup Jump shot,2PT Field Goal,In The Paint (Non-RA),Center(C),8-16 ft.,12,2,124,1,0,20251116,DAL,POR,28670,0,1629023|1630230|1630314|1631108|1642843,0,REG,2026,1610612742,,,,,
22500238792,,Shot Chart Detail,22500238,792,1630314,Brandon Williams,1610612742,Dallas Mavericks,5,4,48,Made Shot,Driving Layup Shot,2PT Field Goal,Restricted Area,Center(C),Less Than 8 ft.,1,-10,-5,1,1,20251116,DAL,POR,28920,1,1629023|1629655|1630314|1631108|1642843,0,REG,2026,1610612742,,,,,
22500238794,,Shot Chart Detail,22500238,794,1629655,Daniel Gafford,1610612742,Dallas Mavericks,5,4,13,Made Shot,Driving Finger Roll Layup Shot,2PT Field Goal,Restricted Area,Center(C),Less Than 8 ft.,3,22,21,1,1,20251116,DAL,POR,29270,1,1629023|1629655|1630314|1631108|1642843,1,REG,2026,1610612742,,,,,
22500238808,,Shot Chart Detail,22500238,808,1642843,Cooper Flagg,1610612742,Dallas Mavericks,5,3,7,Made Shot,Driving Floating Jump Shot,2PT Field Goal,In The Paint (Non-RA),Center(C),Less Than 8 ft.,4,7,43,1,1,20251116,DAL,POR,29930,1,1629023|1629655|1630314|1631108|1642843,0,REG,2026,1610612742,,,,,
22500238822,,Shot Chart Detail,22500238,822,1642843,Cooper Flagg,1610612742,Dallas Mavericks,5,1,56,Made Shot,Turnaround Hook Shot,2PT Field Goal,In The Paint (Non-RA),Center(C),Less Than 8 ft.,5,6,53,1,1,20251116,DAL,POR,30640,1,1629023|1629655|1630314|1631108|1642843,0,REG,2026,1610612742,,,,,
22500238833,,Shot Chart Detail,22500238,833,1629023,P.J. Washington,1610612742,Dallas Mavericks,5,1,27,Made Shot,Running Dunk Shot,2PT Field Goal,Restricted Area,Center(C),Less Than 8 ft.,1,7,8,1,1,20251116,DAL,POR,30930,1,1629023|1629655|1630314|1631108|1642843,1,REG,2026,1610612742,,,,,
22500238837,,Shot Chart Detail,22500238,837,1629655,Daniel Gafford,1610612742,Dallas Mavericks,5,0,54,Made Shot,Driving Layup Shot,2PT Field Goal,Restricted Area,Center(C),Less Than 8 ft.,1,-16,-1,1,1,20251116,DAL,POR,31260,1,1629023|1629655|1630314|1631108|1642843,1,REG,2026,1610612742,,,,,
22500238854,,Shot Chart Detail,22500238,854,1630314,Brandon Williams,1610612742,Dallas Mavericks,5,0,29,Made Shot,Driving Layup Shot,2PT Field Goal,Restricted Area,Center(C),Less Than 8 ft.,3,38,9,1,1,20251116,DAL,POR,31510,1,202691|1629023|1630314|1631108|1642843,0,REG,2026,1610612742,,,,,
225002469,,Shot Chart Detail,22500246,9,1630619,Moussa Cisse,1610612742,Dallas Mavericks,1,11,39,Missed Shot,Turnaround Hook Shot,2PT Field Goal,Restricted Area,Center(C),Less Than 8 ft.,3,2,36,1,0,20251117,MIN,DAL,210,0,1629023|1630314|1630619|1631108|1642843,0,REG,2026,1610612742,,,,,
2250024611,,Shot Chart Detail,22500246,11,1630619,Moussa Cisse,1610612742,Dallas Mavericks,1,11,36,Missed Shot,Tip Layup Shot,2PT Field Goal,Restricted Area,Center(C),Less Than 8 ft.,0,0,0,1,0,20251117,MIN,DAL,240,0,1629023|1630314|1630619|1631108|1642843,0,REG,2026,1610612742,,,,,
2250024615,,Shot Chart Detail,22500246,15,1630619,Moussa Cisse,1610612742,Dallas Mavericks,1,11,29,Made Shot,Turnaround Hook Shot,2PT Field Goal,Restricted Area,Center(C),Less Than 8 ft.,2,13,23,1,1,20251117,MIN,DAL,310,0,1629023|1630314|1630619|1631108|1642843,0,REG,2026,1610612742,,,,,
2250024618,,Shot Chart Detail,22500246,18,1630314,Brandon Williams,1610612742,Dallas Mavericks,1,11,4,Missed Shot,Pullup Jump shot,3PT Field Goal,Above the Break 3,Center(C),24+ ft.,25,-6,251,1,0,20251117,MIN,DAL,560,0,1629023|1630314|1630619|1631108|1642843,0,REG,2026,1610612742,,,,,
2250024630,,Shot Chart Detail,22500246,30,1642843,Cooper Flagg,1610612742,Dallas Mavericks,1,10,27,Made Shot,Pullup Jump shot,2PT Field Goal,Mid-Range,Right Side(R),16-24 ft.,20,167,115,1,1,20251117,MIN,DAL,930,0,1629023|1630314|1630619|1631108|1642843,0,REG,2026,1610612742,,,,,
2250024635,,Shot Chart Detail,22500246,35,1630314,Brandon Williams,1610612742,Dallas Mavericks,1,9,54,Missed Shot,Driving Floating Jump Shot,2PT Field Goal,Restricted Area,Center(C),Less Than 8 ft.,3,26,20,1,0,20251117,MIN,DAL,1260,0,1629023|1630314|1630619|1631108|1642843,0,REG,2026,1610612742,,,,,
2250024641,,Shot Chart Detail,22500246,41,1629023,P.J. Washington,1610612742,Dallas Mavericks,1,9,34,Made Shot,Jump Shot,3PT Field Goal,Right Corner 3,Right Side(R),24+ ft.,22,223,50,1,1,20251117,MIN,DAL,1460,0,1629023|1630314|1630619|1631108|1642843,1,REG,2026,1610612742,,,,,
2250024647,,Shot Chart Detail,22500246,47,1629023,P.J. Washington,1610612742,Dallas Mavericks,1,9,5,Made Shot,Driving Layup Shot,2PT Field Goal,Restricted Area,Center(C),Less Than 8 ft.,1,1,16,1,1,20251117,MIN,DAL,1750,0,1629023|1630314|1630619|1631108|1642843,0,REG,2026,1610612742,,,,,
2250024651,,Shot Chart Detail,22500246,51,1630314,Brandon Williams,1610612742,Dallas Mavericks,1,8,21,Made Shot,Jump Shot,3PT Field Goal,Right Corner 3,Right Side(R),24+ ft.,22,229,-14,1,1,20251117,MIN,DAL,2190,0,1629023|1630314|1630619|1631108|1642843,1,REG,2026,1610612742,,,,,
2250024657,,Shot Chart Detail,22500246,57,1630230,Naji Marshall,1610612742,Dallas Mavericks,1,7,44,Missed Shot,Driving Floating Jump Shot,2PT Field Goal,Mid-Range,Left Side(L),8-16 ft.,11,-87,79,1,0,20251117,MIN,DAL,2560,0,1629023|1630230|1630314|1630619|1631108,0,REG,2026,1610612742,,,,,
2250024679,,Shot Chart Detail,22500246,79,1629023,P.J. Washington,1610612742,Dallas Mavericks,1,6,31,Missed Shot,Driving Floating Jump Shot,2PT Field Goal,Restricted Area,Center(C),Less Than 8 ft.,2,-22,18,1,0,20251117,MIN,DAL,3290,0,203939|1629023|1630230|1630314|1631108,0,REG,2026,1610612742,,,,,
2250024687,,Shot Chart Detail,22500246,87,1630230,Naji Marshall,1610612742,Dallas Mavericks,1,5,56,Missed Shot,Jump Shot,3PT Field Goal,Left Corner 3,Left Side(L),24+ ft.,23,-233,-10,1,0,20251117,MIN,DAL,3640,0,202691|203939|1626156|1629023|1630230,0,REG,2026,1610612742,,,,,
2250024691,,Shot Chart Detail,22500246,91,1629023,P.J. Washington,1610612742,Dallas Mavericks,1,5,40,Missed Shot,Running Layup Shot,2PT Field Goal,Restricted Area,Center(C),Less Than 8 ft.,1,5,18,1,0,20251117,MIN,DAL,3800,0,202691|203939|1626156|1629023|1630230,0,REG,2026,1610612742,,,,,
2250024694,,Shot Chart Detail,22500246,94,202691,Klay Thompson,1610612742,Dallas Mavericks,1,5,33,Missed Shot,Jump Shot,3PT Field Goal,Right Corner 3,Right Side(R),24+ ft.,23,227,54,1,0,20251117,MIN,DAL,3870,0,202691|203939|1626156|1629023|1630230,0,REG,2026,1610612742,,,,,
22500246105,,Shot Chart Detail,22500246,105,1626156,D'Angelo Russell,1610612742,Dallas Mavericks,1,4,54,Made Shot,Driving Floating Jump Shot,2PT Field Goal,In The Paint (Non-RA),Left Side(L),8-16 ft.,11,-70,89,1,1,20251117,MIN,DAL,4260,0,202691|203939|1626156|1629023|1630230,0,REG,2026,1610612742,,,,,
22500246111,,Shot Chart Detail,22500246,111,1629023,P.J. Washington,1610612742,Dallas Mavericks,1,4,19,Missed Shot,Driving Floating Jump Shot,2PT Field Goal,In The Paint (Non-RA),Center(C),Less Than 8 ft.,7,-62,33,1,0,20251117,MIN,DAL,4610,0,202691|203939|1626156|1629023|1630230,0,REG,2026,1610612742,,,,,
22500246117,,Shot Chart Detail,22500246,117,1626156,D'Angelo Russell,1610612742,Dallas Mavericks,1,3,51,Made Shot,Pullup Jump shot,2PT Field Goal,Mid-Range,Right Side Center(RC),16-24 ft.,18,104,149,1,1,20251117,MIN,DAL,4890,0,202691|203939|1626156|1630230|1642843,0,REG,2026,1610612742,,,,,
22500246124,,Shot Chart Detail,22500246,124,1630230,Naji Marshall,1610612742,Dallas Mavericks,1,3,22,Made Shot,Floating Jump shot,2PT Field Goal,In The Paint (Non-RA),Center(C),8-16 ft.,9,-4,90,1,1,20251117,MIN,DAL,5180,0,202691|203939|1626156|1630230|1642843,0,REG,2026,1610612742,,,,,
22500246139,,Shot Chart Detail,22500246,139,1626156,D'Angelo Russell,1610612742,Dallas Mavericks,1,2,21,Missed Shot,Jump Shot,3PT Field Goal,Above the Break 3,Right Side Center(RC),24+ ft.,24,134,209,1,0,20251117,MIN,DAL,5790,0,202691|1626156|1628997|1630230|1642843,0,REG,2026,1610612742,,,,,
22500246143,,Shot Chart Detail,22500246,143,1642843,Cooper Flagg,1610612742,Dallas Mavericks,1,2,4,Missed Shot,Turnaround Jump Shot,2PT Field Goal,In The Paint (Non-RA),Left Side(L),8-16 ft.,11,-72,90,1,0,20251117,MIN,DAL,5960,0,202691|1626156|1628997|1630230|1642843,0,REG,2026,1610612742,,,,,
22500246153,,Shot Chart Detail,22500246,153,1626156,D'Angelo Russell,1610612742,Dallas Mavericks,1,1,32,Missed Shot,Jump Shot,3PT Field Goal,Above the Break 3,Left Side Center(LC),24+ ft.,25,-146,209,1,0,20251117,MIN,DAL,6280,0,202691|1626156|1628997|1630230|1642843,0,REG,2026,1610612742,,,,,
22500246199,,Shot Chart Detail,22500246,199,202691,Klay Thompson,1610612742,Dallas Mavericks,2,11,24,Missed Shot,Pullup Jump shot,2PT Field Goal,Mid-Range,Left Side(L),8-16 ft.,14,-97,110,1,0,20251117,MIN,DAL,7560,0,202691|1629023|1630314|1630619|1642843,0,REG,2026,1610612742,,,,,
22500246211,,Shot Chart Detail,22500246,211,1629023,P.J. Washington,1610612742,Dallas Mavericks,2,10,32,Made Shot,Driving Reverse Layup Shot,2PT Field Goal,Restricted Area,Center(C),Less Than 8 ft.,1,-4,10,1,1,20251117,MIN,DAL,8080,0,202691|1629023|1630314|1630619|1642843,0,REG,2026,1610612742,,,,,
22500246214,,Shot Chart Detail,22500246,214,1630314,Brandon Williams,1610612742,Dallas Mavericks,2,9,59,Missed Shot,Driving Layup Shot,2PT Field Goal,Restricted Area,Center(C),Less Than 8 ft.,0,4,7,1,0,20251117,MIN,DAL,8410,0,202691|1629023|1630314|1630619|1642843,0,REG,2026,1610612742,,,,,
22500246219,,Shot Chart Detail,22500246,219,1642843,Cooper Flagg,1610612742,Dallas Mavericks,2,9,29,Made Shot,Pullup Jump shot,3PT Field Goal,Above the Break 3,Left Side Center(LC),24+ ft.,25,-168,193,1,1,20251117,MIN,DAL,8710,0,202691|1629023|1630314|1630619|1642843,1,REG,2026,1610612742,,,,,
22500246222,,Shot Chart Detail,22500246,222,1629023,P.J. Washington,1610612742,Dallas Mavericks,2,8,58,Made Shot,Driving Layup Shot,2PT Field Goal,Restricted Area,Center(C),Less Than 8 ft.,2,-6,21,1,1,20251117,MIN,DAL,9020,0,202691|1629023|1630314|1630619|1642843,0,REG,2026,1610612742,,,,,
22500246225,,Shot Chart Detail,22500246,225,1642843,Cooper Flagg,1610612742,Dallas Mavericks,2,8,31,Missed Shot,Turnaround Jump Shot,2PT Field Goal,Mid-Range,Left Side Center(LC),16-24 ft.,16,-87,144,1,0,20251117,MIN,DAL,9290,0,202691|1629023|1630314|1630619|1642843,0,REG,2026,1610612742,,,,,
22500246240,,Shot Chart Detail,22500246,240,1630314,Brandon Williams,1610612742,Dallas Mavericks,2,7,53,Made Shot,Pullup Jump shot,2PT Field Goal,In The Paint (Non-RA),Left Side(L),8-16 ft.,8,-47,76,1,1,20251117,MIN,DAL,9670,0,1629023|1630230|1630314|1630619|1631108,0,REG,2026,1610612742,,,,,
22500246242,,Shot Chart Detail,22500246,242,1630230,Naji Marshall,1610612742,Dallas Mavericks,2,7,26,Missed Shot,Pullup Jump shot,2PT Field Goal,In The Paint (Non-RA),Center(C),8-16 ft.,10,-1,109,1,0,20251117,MIN,DAL,9940,0,1629023|1630230|1630314|1630619|1631108,0,REG,2026,1610612742,,,,,
22500246247,,Shot Chart Detail,22500246,247,1630314,Brandon Williams,1610612742,Dallas Mavericks,2,7,6,Missed Shot,Fadeaway Jump Shot,2PT Field Goal,Mid-Range,Right Side(R),8-16 ft.,9,93,13,1,0,20251117,MIN,DAL,10140,0,1629023|1630230|1630314|1630619|1631108,0,REG,2026,1610612742,,,,,
22500246280,,Shot Chart Detail,22500246,280,1626156,D'Angelo Russell,1610612742,Dallas Mavericks,2,5,24,Made Shot,Driving Finger Roll Layup Shot,2PT Field Goal,In The Paint (Non-RA),Center(C),Less Than 8 ft.,6,-49,47,1,1,20251117,MIN,DAL,11160,0,203939|1626156|1629023|1630230|1631108,0,REG,2026,1610612742,,,,,
22500246283,,Shot Chart Detail,22500246,283,1626156,D'Angelo Russell,1610612742,Dallas Mavericks,2,5,3,Made Shot,Running Layup Shot,2PT Field Goal,Restricted Area,Center(C),Less Than 8 ft.,1,-6,8,1,1,20251117,MIN,DAL,11370,0,203939|1626156|1629023|1630230|1631108,1,REG,2026,1610612742,,,,,
22500246289,,Shot Chart Detail,22500246,289,1629023,P.J. Washington,1610612742,Dallas Mavericks,2,4,32,Made Shot,Hook Shot,2PT Field Goal,In The Paint (Non-RA),Center(C),Less Than 8 ft.,7,-5,74,1,1,20251117,MIN,DAL,11680,0,203939|1626156|1629023|1630230|1631108,0,REG,2026,1610612742,,,,,
22500246291,,Shot Chart Detail,22500246,291,1629023,P.J. Washington,1610612742,Dallas Mavericks,2,3,58,Missed Shot,Pullup Jump shot,2PT Field Goal,Mid-Range,Center(C),16-24 ft.,18,11,184,1,0,20251117,MIN,DAL,12020,0,203939|1626156|1629023|1630230|1631108,0,REG,2026,1610612742,,,,,
22500246331,,Shot Chart Detail,22500246,331,1630230,Naji Marshall,1610612742,Dallas Mavericks,2,2,24,Missed Shot,Pullup Jump shot,3PT Field Goal,Above the Break 3,Left Side Center(LC),24+ ft.,25,-123,225,1,0,20251117,MIN,DAL,12960,0,1626156|1628997|1630230|1631108|1642843,0,REG,2026,1610612742,,,,,
22500246356,,Shot Chart Detail,22500246,356,1631108,Max Christie,1610612742,Dallas Mavericks,2,0,32,Missed Shot,Driving Floating Jump Shot,2PT Field Goal,In The Paint (Non-RA),Center(C),Less Than 8 ft.,5,15,55,1,0,20251117,MIN,DAL,14080,0,1626156|1629023|1630230|1631108|1642843,0,REG,2026,1610612742,,,,,
22500246363,,Shot Chart Detail,22500246,363,1629023,P.J. Washington,1610612742,Dallas Mavericks,2,0,3,Missed Shot,Pullup Jump shot,3PT Field Goal,Above the Break 3,Left Side Center(LC),24+ ft.,28,-100,263,1,0,20251117,MIN,DAL,14370,0,1626156|1629023|1630230|1631108|1642843,0,REG,2026,1610612742,,,,,
22500246365,,Shot Chart Detail,22500246,365,1626156,D'Angelo Russell,1610612742,Dallas Mavericks,2,0,2,Missed Shot,Tip Layup Shot,2PT Field Goal,Restricted Area,Center(C),Less Than 8 ft.,0,0,0,1,0,20251117,MIN,DAL,14380,0,1626156|1629023|1630230|1631108|1642843,0,REG,2026,1610612742,,,,,
22500246381,,Shot Chart Detail,22500246,381,1630314,Brandon Williams,1610612742,Dallas Mavericks,3,11,38,Missed Shot,Pullup Jump shot,2PT Field Goal,Mid-Range,Center(C),8-16 ft.,14,37,145,1,0,20251117,MIN,DAL,14620,0,1629023|1630314|1630619|1631108|1642843,0,REG,2026,1610612742,,,,,
22500246386,,Shot Chart Detail,22500246,386,1629023,P.J. Washington,1610612742,Dallas Mavericks,3,10,48,Missed Shot,Driving Layup Shot,2PT Field Goal,In The Paint (Non-RA),Right Side(R),8-16 ft.,9,71,62,1,0,20251117,MIN,DAL,15120,0,1629023|1630314|1630619|1631108|1642843,0,REG,2026,1610612742,,,,,
22500246391,,Shot Chart Detail,22500246,391,1630314,Brandon Williams,1610612742,Dallas Mavericks,3,10,21,Made Shot,Driving Layup Shot,2PT Field Goal,Restricted Area,Center(C),Less Than 8 ft.,1,9,5,1,1,20251117,MIN,DAL,15390,0,1629023|1630314|1630619|1631108|1642843,0,REG,2026,1610612742,,,,,
22500246397,,Shot Chart Detail,22500246,397,1630314,Brandon Williams,1610612742,Dallas Mavericks,3,9,48,Missed Shot,Pullup Jump shot,2PT Field Goal,In The Paint (Non-RA),Center(C),8-16 ft.,12,-34,120,1,0,20251117,MIN,DAL,15720,0,1629023|1630314|1630619|1631108|1642843,0,REG,2026,1610612742,,,,,
22500246401,,Shot Chart Detail,22500246,401,1630619,Moussa Cisse,1610612742,Dallas Mavericks,3,9,36,Missed Shot,Alley Oop Layup shot,2PT Field Goal,Restricted Area,Center(C),Less Than 8 ft.,0,4,-1,1,0,20251117,MIN,DAL,15840,0,1629023|1630314|1630619|1631108|1642843,0,REG,2026,1610612742,,,,,
22500246403,,Shot Chart Detail,22500246,403,1630619,Moussa Cisse,1610612742,Dallas Mavericks,3,9,33,Missed Shot,Tip Layup Shot,2PT Field Goal,Restricted Area,Center(C),Less Than 8 ft.,0,0,0,1,0,20251117,MIN,DAL,15870,0,1629023|1630314|1630619|1631108|1642843,0,REG,2026,1610612742,,,,,
22500246409,,Shot Chart Detail,22500246,409,1642843,Cooper Flagg,1610612742,Dallas Mavericks,3,9,13,Made Shot,Driving Finger Roll Layup Shot,2PT Field Goal,Restricted Area,Center(C),Less Than 8 ft.,1,-15,13,1,1,20251117,MIN,DAL,16070,0,1629023|1630314|1630619|1631108|1642843,0,REG,2026,1610612742,,,,,
22500246412,,Shot Chart Detail,22500246,412,1642843,Cooper Flagg,1610612742,Dallas Mavericks,3,8,44,Made Shot,Pullup Jump shot,3PT Field Goal,Right Corner 3,Right Side(R),24+ ft.,23,229,68,1,1,20251117,MIN,DAL,16360,0,1629023|1630314|1630619|1631108|1642843,0,REG,2026,1610612742,,,,,
22500246416,,Shot Chart Detail,22500246,416,1630314,Brandon Williams,1610612742,Dallas Mavericks,3,8,13,Made Shot,Running Layup Shot,2PT Field Goal,Restricted Area,Center(C),Less Than 8 ft.,1,2,11,1,1,20251117,MIN,DAL,16670,0,1629023|1630314|1630619|1631108|1642843,0,REG,2026,1610612742,,,,,
22500246421,,Shot Chart Detail,22500246,421,1629023,P.J. Washington,1610612742,Dallas Mavericks,3,7,52,Missed Shot,Pullup Jump shot,3PT Field Goal,Above the Break 3,Center(C),24+ ft.,25,56,246,1,0,20251117,MIN,DAL,16880,0,1629023|1630314|1630619|1631108|1642843,0,REG,2026,1610612742,,,,,
22500246432,,Shot Chart Detail,22500246,432,1642843,Cooper Flagg,1610612742,Dallas Mavericks,3,7,26,Missed Shot,Jump Shot,3PT Field Goal,Above the Break 3,Center(C),24+ ft.,25,-40,247,1,0,20251117,MIN,DAL,17140,0,203939|1630230|1630314|1631108|1642843,0,REG,2026,1610612742,,,,,
22500246438,,Shot Chart Detail,22500246,438,1642843,Cooper Flagg,1610612742,Dallas Mavericks,3,6,58,Made Shot,Driving Finger Roll Layup Shot,2PT Field Goal,In The Paint (Non-RA),Center(C),Less Than 8 ft.,6,42,48,1,1,20251117,MIN,DAL,17420,0,202691|203939|1630230|1630314|1642843,1,REG,2026,1610612742,,,,,
22500246445,,Shot Chart Detail,22500246,445,202691,Klay Thompson,1610612742,Dallas Mavericks,3,6,23,Missed Shot,Jump Shot,3PT Field Goal,Above the Break 3,Right Side Center(RC),24+ ft.,24,201,148,1,0,20251117,MIN,DAL,17770,0,202691|203939|1630230|1630314|1642843,0,REG,2026,1610612742,,,,,
22500246447,,Shot Chart Detail,22500246,447,202691,Klay Thompson,1610612742,Dallas Mavericks,3,6,19,Missed Shot,Jump Shot,3PT Field Goal,Above the Break 3,Right Side Center(RC),24+ ft.,26,125,229,1,0,20251117,MIN,DAL,17810,0,202691|203939|1630230|1630314|1642843,0,REG,2026,1610612742,,,,,
22500246455,,Shot Chart Detail,22500246,455,1630230,Naji Marshall,1610612742,Dallas Mavericks,3,5,23,Missed Shot,Jump Shot,3PT Field Goal,Right Corner 3,Right Side(R),24+ ft.,23,228,52,1,0,20251117,MIN,DAL,18370,0,202691|203939|1630230|1630314|1642843,0,REG,2026,1610612742,,,,,
22500246459,,Shot Chart Detail,22500246,459,202691,Klay Thompson,1610612742,Dallas Mavericks,3,4,48,Made Shot,Jump Shot,3PT Field Goal,Above the Break 3,Right Side Center(RC),24+ ft.,24,81,230,1,1,20251117,MIN,DAL,18720,0,202691|203939|1630230|1630314|1642843,1,REG,2026,1610612742,,,,,
22500246463,,Shot Chart Detail,22500246,463,1630230,Naji Marshall,1610612742,Dallas Mavericks,3,4,22,Missed Shot,Running Layup Shot,2PT Field Goal,In The Paint (Non-RA),Center(C),Less Than 8 ft.,5,22,52,1,0,20251117,MIN,DAL,18980,0,202691|203939|1630230|1630314|1642843,0,REG,2026,1610612742,,,,,
22500246476,,Shot Chart Detail,22500246,476,202691,Klay Thompson,1610612742,Dallas Mavericks,3,4,17,Missed Shot,Jump Shot,3PT Field Goal,Right Corner 3,Right Side(R),24+ ft.,24,240,4,1,0,20251117,MIN,DAL,19030,0,202691|203939|1630230|1630314|1642843,0,REG,2026,1610612742,,,,,
22500246473,,Shot Chart Detail,22500246,473,202691,Klay Thompson,1610612742,Dallas Mavericks,3,3,46,Made Shot,Fadeaway Jump Shot,2PT Field Goal,Mid-Range,Right Side(R),8-16 ft.,13,135,-10,1,1,20251117,MIN,DAL,19340,0,202691|203939|1630230|1630314|1642843,1,REG,2026,1610612742,,,,,
22500246494,,Shot Chart Detail,22500246,494,1630230,Naji Marshall,1610612742,Dallas Mavericks,3,3,8,Made Shot,Driving Layup Shot,2PT Field Goal,Restricted Area,Center(C),Less Than 8 ft.,0,-2,4,1,1,20251117,MIN,DAL,19720,0,202691|203939|1626156|1629023|1630230,0,REG,2026,1610612742,,,,,
22500246497,,Shot Chart Detail,22500246,497,1626156,D'Angelo Russell,1610612742,Dallas Mavericks,3,2,35,Missed Shot,Pullup Jump shot,2PT Field Goal,In The Paint (Non-RA),Left Side(L),8-16 ft.,11,-61,98,1,0,20251117,MIN,DAL,20050,0,202691|203939|1626156|1629023|1630230,0,REG,2026,1610612742,,,,,
22500246504,,Shot Chart Detail,22500246,504,202691,Klay Thompson,1610612742,Dallas Mavericks,3,2,19,Made Shot,Jump Shot,2PT Field Goal,Mid-Range,Right Side(R),8-16 ft.,12,116,37,1,1,20251117,MIN,DAL,20210,0,202691|203939|1626156|1629023|1630230,1,REG,2026,1610612742,,,,,
22500246535,,Shot Chart Detail,22500246,535,1630230,Naji Marshall,1610612742,Dallas Mavericks,3,1,6,Made Shot,Pullup Jump shot,2PT Field Goal,In The Paint (Non-RA),Center(C),8-16 ft.,11,-18,110,1,1,20251117,MIN,DAL,20940,0,202691|1628997|1630230|1630619|1630702,0,REG,2026,1610612742,,,,,
22500246543,,Shot Chart Detail,22500246,543,202691,Klay Thompson,1610612742,Dallas Mavericks,3,0,50,Missed Shot,Pullup Jump shot,3PT Field Goal,Above the Break 3,Right Side Center(RC),24+ ft.,24,167,185,1,0,20251117,MIN,DAL,21100,0,202691|1628997|1630230|1630619|1630702,0,REG,2026,1610612742,,,,,
22500246560,,Shot Chart Detail,22500246,560,1642843,Cooper Flagg,1610612742,Dallas Mavericks,4,11,43,Missed Shot,Pullup Jump shot,2PT Field Goal,Mid-Range,Center(C),16-24 ft.,20,-9,205,1,0,20251117,MIN,DAL,21770,0,1628997|1630314|1630619|1630702|1642843,0,REG,2026,1610612742,,,,,
22500246562,,Shot Chart Detail,22500246,562,1630619,Moussa Cisse,1610612742,Dallas Mavericks,4,11,36,Made Shot,Cutting Layup Shot,2PT Field Goal,Restricted Area,Center(C),Less Than 8 ft.,0,-7,4,1,1,20251117,MIN,DAL,21840,0,1628997|1630314|1630619|1630702|1642843,1,REG,2026,1610612742,,,,,
22500246569,,Shot Chart Detail,22500246,569,1630702,Jaden Hardy,1610612742,Dallas Mavericks,4,11,11,Missed Shot,Pullup Jump shot,3PT Field Goal,Above the Break 3,Right Side Center(RC),24+ ft.,25,136,216,1,0,20251117,MIN,DAL,22090,0,1628997|1630314|1630619|1630702|1642843,0,REG,2026,1610612742,,,,,
22500246587,,Shot Chart Detail,22500246,587,1630314,Brandon Williams,1610612742,Dallas Mavericks,4,10,1,Missed Shot,Running Jump Shot,3PT Field Goal,Above the Break 3,Left Side Center(LC),24+ ft.,24,-202,140,1,0,20251117,MIN,DAL,22790,0,1628997|1630314|1630619|1630702|1642843,0,REG,2026,1610612742,,,,,
22500246591,,Shot Chart Detail,22500246,591,1630314,Brandon Williams,1610612742,Dallas Mavericks,4,9,44,Missed Shot,Running Reverse Layup Shot,2PT Field Goal,Restricted Area,Center(C),Less Than 8 ft.,1,15,10,1,0,20251117,MIN,DAL,22960,0,1628997|1630314|1630619|1630702|1642843,0,REG,2026,1610612742,,,,,
22500246601,,Shot Chart Detail,22500246,601,1642843,Cooper Flagg,1610612742,Dallas Mavericks,4,9,16,Made Shot,Pullup Jump shot,2PT Field Goal,In The Paint (Non-RA),Center(C),8-16 ft.,9,33,85,1,1,20251117,MIN,DAL,23240,0,1628997|1630314|1630619|1630702|1642843,0,REG,2026,1610612742,,,,,
22500246616,,Shot Chart Detail,22500246,616,1630702,Jaden Hardy,1610612742,Dallas Mavericks,4,8,34,Missed Shot,Driving Layup Shot,2PT Field Goal,Restricted Area,Center(C),Less Than 8 ft.,1,-9,16,1,0,20251117,MIN,DAL,23660,0,1626156|1628997|1630619|1630702|1642939,0,REG,2026,1610612742,,,,,
22500246620,,Shot Chart Detail,22500246,620,1642939,Miles Kelly,1610612742,Dallas Mavericks,4,8,4,Missed Shot,Jump Shot,3PT Field Goal,Left Corner 3,Left Side(L),24+ ft.,22,-228,-11,1,0,20251117,MIN,DAL,23960,0,1626156|1628997|1630619|1630702|1642939,0,REG,2026,1610612742,,,,,
22500246637,,Shot Chart Detail,22500246,637,1630702,Jaden Hardy,1610612742,Dallas Mavericks,4,7,25,Missed Shot,Driving Layup Shot,2PT Field Goal,Restricted Area,Center(C),Less Than 8 ft.,2,15,21,1,0,20251117,MIN,DAL,24350,0,1626156|1628997|1630619|1630702|1642939,0,REG,2026,1610612742,,,,,
22500246641,,Shot Chart Detail,22500246,641,1628997,Caleb Martin,1610612742,Dallas Mavericks,4,7,5,Missed Shot,Jump Shot,3PT Field Goal,Above the Break 3,Left Side Center(LC),24+ ft.,24,-194,142,1,0,20251117,MIN,DAL,24550,0,1626156|1628997|1630619|1630702|1642939,0,REG,2026,1610612742,,,,,
22500246650,,Shot Chart Detail,22500246,650,1630702,Jaden Hardy,1610612742,Dallas Mavericks,4,6,24,Missed Shot,Driving Floating Jump Shot,2PT Field Goal,In The Paint (Non-RA),Center(C),Less Than 8 ft.,6,-27,63,1,0,20251117,MIN,DAL,24960,0,1626156|1628997|1630619|1630702|1642939,0,REG,2026,1610612742,,,,,
22500246671,,Shot Chart Detail,22500246,671,1630702,Jaden Hardy,1610612742,Dallas Mavericks,4,5,8,Made Shot,Jump Shot,3PT Field Goal,Left Corner 3,Left Side(L),24+ ft.,22,-229,-11,1,1,20251117,MIN,DAL,25720,0,203939|1626156|1628997|1630702|1642939,1,REG,2026,1610612742,,,,,
22500246676,,Shot Chart Detail,22500246,676,1630702,Jaden Hardy,1610612742,Dallas Mavericks,4,4,31,Made Shot,Step Back Jump shot,3PT Field Goal,Above the Break 3,Right Side Center(RC),24+ ft.,24,129,213,1,1,20251117,MIN,DAL,26090,0,203939|1626156|1628997|1630702|1642939,0,REG,2026,1610612742,,,,,
22500246685,,Shot Chart Detail,22500246,685,1630702,Jaden Hardy,1610612742,Dallas Mavericks,4,4,4,Made Shot,Step Back Jump shot,3PT Field Goal,Above the Break 3,Center(C),24+ ft.,24,67,234,1,1,20251117,MIN,DAL,26360,0,203939|1626156|1628997|1630702|1642939,0,REG,2026,1610612742,,,,,
22500246688,,Shot Chart Detail,22500246,688,1630702,Jaden Hardy,1610612742,Dallas Mavericks,4,3,47,Made Shot,Running Jump Shot,3PT Field Goal,Above the Break 3,Right Side Center(RC),24+ ft.,26,186,182,1,1,20251117,MIN,DAL,26530,0,203939|1626156|1628997|1630702|1642939,1,REG,2026,1610612742,,,,,
22500246695,,Shot Chart Detail,22500246,695,1628997,Caleb Martin,1610612742,Dallas Mavericks,4,3,25,Made Shot,Driving Layup Shot,2PT Field Goal,Restricted Area,Center(C),Less Than 8 ft.,1,-4,10,1,1,20251117,MIN,DAL,26750,0,203939|1626156|1628997|1630702|1642939,1,REG,2026,1610612742,,,,,
22500246703,,Shot Chart Detail,22500246,703,1628997,Caleb Martin,1610612742,Dallas Mavericks,4,2,59,Made Shot,Driving Layup Shot,2PT Field Goal,Restricted Area,Center(C),Less Than 8 ft.,0,5,6,1,1,20251117,MIN,DAL,27010,0,1626156|1628997|1630619|1630702|1642939,0,REG,2026,1610612742,,,,,
22500246711,,Shot Chart Detail,22500246,711,1626156,D'Angelo Russell,1610612742,Dallas Mavericks,4,2,32,Missed Shot,Step Back Jump shot,3PT Field Goal,Right Corner 3,Right Side(R),24+ ft.,24,230,75,1,0,20251117,MIN,DAL,27280,0,1626156|1628997|1630619|1630702|1642939,0,REG,2026,1610612742,,,,,
22500246718,,Shot Chart Detail,22500246,718,1626156,D'Angelo Russell,1610612742,Dallas Mavericks,4,2,2,Missed Shot,Pullup Jump shot,3PT Field Goal,Above the Break 3,Left Side Center(LC),24+ ft.,24,-115,216,1,0,20251117,MIN,DAL,27580,0,1626156|1628997|1630619|1630702|1642939,0,REG,2026,1610612742,,,,,
22500246723,,Shot Chart Detail,22500246,723,1628997,Caleb Martin,1610612742,Dallas Mavericks,4,1,31,Missed Shot,Turnaround Fadeaway shot,2PT Field Goal,In The Paint (Non-RA),Center(C),Less Than 8 ft.,7,-42,56,1,0,20251117,MIN,DAL,27890,0,1626156|1628997|1630619|1630702|1642939,0,REG,2026,1610612742,,,,,
22500246740,,Shot Chart Detail,22500246,740,1630702,Jaden Hardy,1610612742,Dallas Mavericks,4,0,46,Missed Shot,Driving Layup Shot,2PT Field Goal,Restricted Area,Center(C),Less Than 8 ft.,3,22,32,1,0,20251117,MIN,DAL,28340,0,1626156|1628997|1630619|1630702|1642939,0,REG,2026,1610612742,,,,,
22500246744,,Shot Chart Detail,22500246,744,1642939,Miles Kelly,1610612742,Dallas Mavericks,4,0,44,Made Shot,Floating Jump shot,2PT Field Goal,In The Paint (Non-RA),Center(C),Less Than 8 ft.,7,58,47,1,1,20251117,MIN,DAL,28360,0,1626156|1628997|1630619|1630702|1642939,1,REG,2026,1610612742,,,,,
22500246748,,Shot Chart Detail,22500246,748,1626156,D'Angelo Russell,1610612742,Dallas Mavericks,4,0,24,Missed Shot,Pullup Jump shot,3PT Field Goal,Above the Break 3,Left Side Center(LC),24+ ft.,24,-114,221,1,0,20251117,MIN,DAL,28560,0,1626156|1628997|1630619|1630702|1642939,0,REG,2026,1610612742,,,,,
2250026212,,Shot Chart Detail,22500262,12,1630314,Brandon Williams,1610612742,Dallas Mavericks,1,11,23,Missed Shot,Driving Layup Shot,2PT Field Goal,Restricted Area,Center(C),Less Than 8 ft.,2,26,6,1,0,20251119,DAL,NYK,370,0,202691|1629023|1630314|1631108|1641726,0,REG,2026,1610612742,,,,,
2250026214,,Shot Chart Detail,22500262,14,202691,Klay Thompson,1610612742,Dallas Mavericks,1,11,19,Missed Shot,Jump Shot,3PT Field Goal,Above the Break 3,Left Side Center(LC),24+ ft.,25,-112,233,1,0,20251119,DAL,NYK,410,0,202691|1629023|1630314|1631108|1641726,0,REG,2026,1610612742,,,,,
2250026216,,Shot Chart Detail,22500262,16,1641726,Dereck Lively II,1610612742,Dallas Mavericks,1,11,14,Missed Shot,Putback Layup Shot,2PT Field Goal,Restricted Area,Center(C),Less Than 8 ft.,1,-2,15,1,0,20251119,DAL,NYK,460,0,202691|1629023|1630314|1631108|1641726,0,REG,2026,1610612742,,,,,
2250026221,,Shot Chart Detail,22500262,21,1629023,P.J. Washington,1610612742,Dallas Mavericks,1,10,51,Missed Shot,Driving Floating Jump Shot,2PT Field Goal,In The Paint (Non-RA),Center(C),Less Than 8 ft.,6,65,0,1,0,20251119,DAL,NYK,690,0,202691|1629023|1630314|1631108|1641726,0,REG,2026,1610612742,,,,,
2250026224,,Shot Chart Detail,22500262,24,1629023,P.J. Washington,1610612742,Dallas Mavericks,1,10,10,Missed Shot,Driving Hook Shot,2PT Field Goal,Mid-Range,Right Side(R),8-16 ft.,9,89,20,1,0,20251119,DAL,NYK,1100,0,202691|1629023|1630314|1631108|1641726,0,REG,2026,1610612742,,,,,
2250026241,,Shot Chart Detail,22500262,41,1626156,D'Angelo Russell,1610612742,Dallas Mavericks,1,9,30,Made Shot,Running Pull-Up Jump Shot,3PT Field Goal,Above the Break 3,Left Side Center(LC),24+ ft.,26,-137,225,1,1,20251119,DAL,NYK,1500,0,202691|1626156|1629023|1631108|1641726,0,REG,2026,1610612742,,,,,
2250026244,,Shot Chart Detail,22500262,44,1631108,Max Christie,1610612742,Dallas Mavericks,1,9,9,Made Shot,Running Layup Shot,2PT Field Goal,Restricted Area,Center(C),Less Than 8 ft.,1,-11,12,1,1,20251119,DAL,NYK,1710,0,202691|1626156|1629023|1631108|1641726,1,REG,2026,1610612742,,,,,
2250026251,,Shot Chart Detail,22500262,51,1629023,P.J. Washington,1610612742,Dallas Mavericks,1,8,48,Made Shot,Jump Shot,3PT Field Goal,Above the Break 3,Left Side Center(LC),24+ ft.,26,-200,168,1,1,20251119,DAL,NYK,1920,0,202691|1626156|1629023|1631108|1641726,1,REG,2026,1610612742,,,,,
2250026258,,Shot Chart Detail,22500262,58,1626156,D'Angelo Russell,1610612742,Dallas Mavericks,1,8,19,Missed Shot,Running Pull-Up Jump Shot,3PT Field Goal,Above the Break 3,Left Side Center(LC),24+ ft.,27,-154,227,1,0,20251119,DAL,NYK,2210,0,202691|1626156|1629023|1631108|1641726,0,REG,2026,1610612742,,,,,
2250026262,,Shot Chart Detail,22500262,62,1629023,P.J. Washington,1610612742,Dallas Mavericks,1,8,2,Missed Shot,Running Layup Shot,2PT Field Goal,Restricted Area,Center(C),Less Than 8 ft.,1,12,11,1,0,20251119,DAL,NYK,2380,0,202691|1626156|1629023|1631108|1641726,0,REG,2026,1610612742,,,,,
2250026267,,Shot Chart Detail,22500262,67,202691,Klay Thompson,1610612742,Dallas Mavericks,1,7,51,Made Shot,Pullup Jump shot,3PT Field Goal,Above the Break 3,Right Side Center(RC),24+ ft.,25,174,186,1,1,20251119,DAL,NYK,2490,0,202691|1626156|1629023|1631108|1641726,0,REG,2026,1610612742,,,,,
2250026277,,Shot Chart Detail,22500262,77,1629023,P.J. Washington,1610612742,Dallas Mavericks,1,7,15,Missed Shot,Driving Layup Shot,2PT Field Goal,Restricted Area,Center(C),Less Than 8 ft.,3,29,25,1,0,20251119,DAL,NYK,2850,0,202691|1626156|1629023|1629655|1631108,0,REG,2026,1610612742,,,,,
2250026279,,Shot Chart Detail,22500262,79,202691,Klay Thompson,1610612742,Dallas Mavericks,1,7,12,Missed Shot,Jump Shot,3PT Field Goal,Right Corner 3,Right Side(R),24+ ft.,23,227,50,1,0,20251119,DAL,NYK,2880,0,202691|1626156|1629023|1629655|1631108,0,REG,2026,1610612742,,,,,
2250026286,,Shot Chart Detail,22500262,86,1629023,P.J. Washington,1610612742,Dallas Mavericks,1,6,30,Missed Shot,Driving Floating Bank Jump Shot,2PT Field Goal,In The Paint (Non-RA),Center(C),Less Than 8 ft.,5,38,36,1,0,20251119,DAL,NYK,3300,0,202691|1626156|1629023|1629655|1630230,0,REG,2026,1610612742,,,,,
2250026296,,Shot Chart Detail,22500262,96,1626156,D'Angelo Russell,1610612742,Dallas Mavericks,1,5,58,Missed Shot,Jump Shot,3PT Field Goal,Above the Break 3,Left Side Center(LC),24+ ft.,26,-132,228,1,0,20251119,DAL,NYK,3620,0,202691|1626156|1629023|1629655|1630230,0,REG,2026,1610612742,,,,,
22500262105,,Shot Chart Detail,22500262,105,1630230,Naji Marshall,1610612742,Dallas Mavericks,1,5,7,Made Shot,Jump Shot,3PT Field Goal,Above the Break 3,Center(C),24+ ft.,25,-5,254,1,1,20251119,DAL,NYK,4130,0,1626156|1629023|1629655|1630230|1630702,1,REG,2026,1610612742,,,,,
22500262109,,Shot Chart Detail,22500262,109,1630230,Naji Marshall,1610612742,Dallas Mavericks,1,4,41,Made Shot,Jump Shot,3PT Field Goal,Left Corner 3,Left Side(L),24+ ft.,23,-234,-1,1,1,20251119,DAL,NYK,4390,0,1626156|1629023|1629655|1630230|1630702,1,REG,2026,1610612742,,,,,
22500262130,,Shot Chart Detail,22500262,130,1630702,Jaden Hardy,1610612742,Dallas Mavericks,1,3,30,Made Shot,Jump Shot,3PT Field Goal,Above the Break 3,Left Side Center(LC),24+ ft.,26,-179,196,1,1,20251119,DAL,NYK,5100,0,1626156|1629023|1629655|1630230|1630702,1,REG,2026,1610612742,,,,,
22500262134,,Shot Chart Detail,22500262,134,1630702,Jaden Hardy,1610612742,Dallas Mavericks,1,2,58,Missed Shot,Jump Shot,3PT Field Goal,Above the Break 3,Right Side Center(RC),24+ ft.,24,140,206,1,0,20251119,DAL,NYK,5420,0,1626156|1629023|1629655|1630230|1630702,0,REG,2026,1610612742,,,,,
22500262138,,Shot Chart Detail,22500262,138,1630702,Jaden Hardy,1610612742,Dallas Mavericks,1,2,25,Missed Shot,Jump Shot,3PT Field Goal,Right Corner 3,Right Side(R),24+ ft.,22,228,-6,1,0,20251119,DAL,NYK,5750,0,1626156|1629023|1629655|1630230|1630702,0,REG,2026,1610612742,,,,,
22500262152,,Shot Chart Detail,22500262,152,1630230,Naji Marshall,1610612742,Dallas Mavericks,1,1,33,Made Shot,Jump Shot,2PT Field Goal,In The Paint (Non-RA),Center(C),Less Than 8 ft.,6,-20,65,1,1,20251119,DAL,NYK,6270,0,1626156|1630230|1630619|1630702|1631108,0,REG,2026,1610612742,,,,,
22500262160,,Shot Chart Detail,22500262,160,1630230,Naji Marshall,1610612742,Dallas Mavericks,1,0,35,Missed Shot,Jump Shot,3PT Field Goal,Above the Break 3,Left Side Center(LC),24+ ft.,25,-140,215,1,0,20251119,DAL,NYK,6850,0,1626156|1630230|1630619|1630702|1631108,0,REG,2026,1610612742,,,,,
22500262164,,Shot Chart Detail,22500262,164,1630230,Naji Marshall,1610612742,Dallas Mavericks,1,0,1,Made Shot,Jump Shot,3PT Field Goal,Above the Break 3,Center(C),24+ ft.,25,54,251,1,1,20251119,DAL,NYK,7190,0,1626156|1630230|1630619|1630702|1631108,1,REG,2026,1610612742,,,,,
22500262182,,Shot Chart Detail,22500262,182,1630314,Brandon Williams,1610612742,Dallas Mavericks,2,11,40,Missed Shot,Jump Shot,3PT Field Goal,Above the Break 3,Right Side Center(RC),24+ ft.,24,232,89,1,0,20251119,DAL,NYK,7400,0,202691|1630230|1630314|1631108|1641726,0,REG,2026,1610612742,,,,,
22500262191,,Shot Chart Detail,22500262,191,1631108,Max Christie,1610612742,Dallas Mavericks,2,10,42,Missed Shot,Driving Floating Bank Jump Shot,2PT Field Goal,In The Paint (Non-RA),Center(C),Less Than 8 ft.,5,-36,37,1,0,20251119,DAL,NYK,7980,0,202691|1630230|1630314|1631108|1641726,0,REG,2026,1610612742,,,,,
22500262195,,Shot Chart Detail,22500262,195,1630314,Brandon Williams,1610612742,Dallas Mavericks,2,10,21,Missed Shot,Jump Shot,3PT Field Goal,Left Corner 3,Left Side(L),24+ ft.,24,-234,67,1,0,20251119,DAL,NYK,8190,0,202691|1630230|1630314|1631108|1641726,0,REG,2026,1610612742,,,,,
22500262198,,Shot Chart Detail,22500262,198,1641726,Dereck Lively II,1610612742,Dallas Mavericks,2,9,56,Missed Shot,Driving Layup Shot,2PT Field Goal,Restricted Area,Center(C),Less Than 8 ft.,3,33,16,1,0,20251119,DAL,NYK,8440,0,202691|1630230|1630314|1631108|1641726,0,REG,2026,1610612742,,,,,
22500262218,,Shot Chart Detail,22500262,218,1631108,Max Christie,1610612742,Dallas Mavericks,2,8,21,Missed Shot,Driving Layup Shot,2PT Field Goal,Restricted Area,Center(C),Less Than 8 ft.,3,28,17,1,0,20251119,DAL,NYK,9390,0,202691|1630230|1630314|1631108|1641726,0,REG,2026,1610612742,,,,,
22500262242,,Shot Chart Detail,22500262,242,202691,Klay Thompson,1610612742,Dallas Mavericks,2,7,26,Made Shot,Jump Shot,3PT Field Goal,Above the Break 3,Center(C),24+ ft.,25,44,252,1,1,20251119,DAL,NYK,9940,0,202691|1629023|1629655|1630314|1631108,1,REG,2026,1610612742,,,,,
22500262246,,Shot Chart Detail,22500262,246,1630314,Brandon Williams,1610612742,Dallas Mavericks,2,6,56,Missed Shot,Jump Shot,3PT Field Goal,Right Corner 3,Right Side(R),24+ ft.,22,227,-8,1,0,20251119,DAL,NYK,10240,0,202691|1629023|1629655|1630314|1631108,0,REG,2026,1610612742,,,,,
22500262261,,Shot Chart Detail,22500262,261,1631108,Max Christie,1610612742,Dallas Mavericks,2,6,22,Made Shot,Jump Shot,3PT Field Goal,Above the Break 3,Left Side Center(LC),24+ ft.,26,-205,160,1,1,20251119,DAL,NYK,10580,0,202691|1626156|1629023|1629655|1631108,1,REG,2026,1610612742,,,,,
22500262272,,Shot Chart Detail,22500262,272,1626156,D'Angelo Russell,1610612742,Dallas Mavericks,2,5,39,Missed Shot,Driving Finger Roll Layup Shot,2PT Field Goal,In The Paint (Non-RA),Center(C),Less Than 8 ft.,4,-42,11,1,0,20251119,DAL,NYK,11010,0,202691|1626156|1629023|1629655|1631108,0,REG,2026,1610612742,,,,,
22500262282,,Shot Chart Detail,22500262,282,1630702,Jaden Hardy,1610612742,Dallas Mavericks,2,5,12,Missed Shot,Jump Shot,3PT Field Goal,Above the Break 3,Right Side Center(RC),24+ ft.,25,169,188,1,0,20251119,DAL,NYK,11280,0,1626156|1629023|1629655|1630230|1630702,0,REG,2026,1610612742,,,,,
22500262291,,Shot Chart Detail,22500262,291,1626156,D'Angelo Russell,1610612742,Dallas Mavericks,2,4,51,Made Shot,Running Layup Shot,2PT Field Goal,Restricted Area,Center(C),Less Than 8 ft.,2,-27,12,1,1,20251119,DAL,NYK,11490,0,1626156|1629023|1629655|1630230|1630702,1,REG,2026,1610612742,,,,,
22500262295,,Shot Chart Detail,22500262,295,1629655,Daniel Gafford,1610612742,Dallas Mavericks,2,4,28,Made Shot,Cutting Layup Shot,2PT Field Goal,Restricted Area,Center(C),Less Than 8 ft.,1,11,5,1,1,20251119,DAL,NYK,11720,0,1626156|1629023|1629655|1630230|1630702,1,REG,2026,1610612742,,,,,
22500262303,,Shot Chart Detail,22500262,303,1629655,Daniel Gafford,1610612742,Dallas Mavericks,2,4,2,Made Shot,Layup Shot,2PT Field Goal,Restricted Area,Center(C),Less Than 8 ft.,1,-6,16,1,1,20251119,DAL,NYK,11980,0,1626156|1629023|1629655|1630230|1630702,1,REG,2026,1610612742,,,,,
22500262320,,Shot Chart Detail,22500262,320,1630702,Jaden Hardy,1610612742,Dallas Mavericks,2,3,15,Made Shot,Turnaround Fadeaway shot,2PT Field Goal,In The Paint (Non-RA),Center(C),8-16 ft.,14,34,138,1,1,20251119,DAL,NYK,12450,0,1626156|1629023|1629655|1630230|1630702,1,REG,2026,1610612742,,,,,
22500262341,,Shot Chart Detail,22500262,341,1629023,P.J. Washington,1610612742,Dallas Mavericks,2,2,23,Missed Shot,Driving Floating Jump Shot,2PT Field Goal,In The Paint (Non-RA),Center(C),Less Than 8 ft.,6,2,64,1,0,20251119,DAL,NYK,12970,0,202691|1629023|1629655|1630230|1631108,0,REG,2026,1610612742,,,,,
22500262345,,Shot Chart Detail,22500262,345,1629023,P.J. Washington,1610612742,Dallas Mavericks,2,1,53,Missed Shot,Jump Shot,3PT Field Goal,Above the Break 3,Left Side Center(LC),24+ ft.,25,-126,222,1,0,20251119,DAL,NYK,13270,0,202691|1629023|1629655|1630230|1631108,0,REG,2026,1610612742,,,,,
22500262349,,Shot Chart Detail,22500262,349,202691,Klay Thompson,1610612742,Dallas Mavericks,2,1,26,Missed Shot,Jump Shot,3PT Field Goal,Above the Break 3,Center(C),24+ ft.,25,62,243,1,0,20251119,DAL,NYK,13540,0,202691|1629023|1629655|1630230|1631108,0,REG,2026,1610612742,,,,,
22500262356,,Shot Chart Detail,22500262,356,1630230,Naji Marshall,1610612742,Dallas Mavericks,2,0,37,Made Shot,Driving Floating Jump Shot,2PT Field Goal,In The Paint (Non-RA),Center(C),Less Than 8 ft.,7,-12,73,1,1,20251119,DAL,NYK,14030,0,202691|1629023|1629655|1630230|1631108,0,REG,2026,1610612742,,,,,
22500262364,,Shot Chart Detail,22500262,364,1630230,Naji Marshall,1610612742,Dallas Mavericks,2,0,6,Missed Shot,Jump Shot,3PT Field Goal,Left Corner 3,Left Side(L),24+ ft.,23,-230,-5,1,0,20251119,DAL,NYK,14340,0,202691|1629023|1629655|1630230|1631108,0,REG,2026,1610612742,,,,,
22500262378,,Shot Chart Detail,22500262,378,1630314,Brandon Williams,1610612742,Dallas Mavericks,3,11,41,Made Shot,Driving Floating Jump Shot,2PT Field Goal,In The Paint (Non-RA),Center(C),8-16 ft.,11,2,117,1,1,20251119,DAL,NYK,14590,0,202691|1629023|1630314|1631108|1641726,1,REG,2026,1610612742,,,,,
22500262382,,Shot Chart Detail,22500262,382,1630314,Brandon Williams,1610612742,Dallas Mavericks,3,11,4,Missed Shot,Driving Floating Jump Shot,2PT Field Goal,In The Paint (Non-RA),Center(C),Less Than 8 ft.,7,-12,75,1,0,20251119,DAL,NYK,14960,0,202691|1629023|1630314|1631108|1641726,0,REG,2026,1610612742,,,,,
22500262387,,Shot Chart Detail,22500262,387,202691,Klay Thompson,1610612742,Dallas Mavericks,3,10,42,Made Shot,Fadeaway Jump Shot,2PT Field Goal,Mid-Range,Center(C),16-24 ft.,16,1,168,1,1,20251119,DAL,NYK,15180,0,202691|1629023|1630314|1631108|1641726,1,REG,2026,1610612742,,,,,
22500262394,,Shot Chart Detail,22500262,394,1631108,Max Christie,1610612742,Dallas Mavericks,3,9,57,Missed Shot,Jump Shot,3PT Field Goal,Left Corner 3,Left Side(L),24+ ft.,22,-228,4,1,0,20251119,DAL,NYK,15630,0,202691|1629023|1630314|1631108|1641726,0,REG,2026,1610612742,,,,,
22500262398,,Shot Chart Detail,22500262,398,1631108,Max Christie,1610612742,Dallas Mavericks,3,9,24,Missed Shot,Jump Shot,3PT Field Goal,Above the Break 3,Left Side Center(LC),24+ ft.,24,-195,155,1,0,20251119,DAL,NYK,15960,0,202691|1629023|1630314|1631108|1641726,0,REG,2026,1610612742,,,,,
22500262400,,Shot Chart Detail,22500262,400,1641726,Dereck Lively II,1610612742,Dallas Mavericks,3,9,19,Made Shot,Tip Layup Shot,2PT Field Goal,Restricted Area,Center(C),Less Than 8 ft.,0,0,0,1,1,20251119,DAL,NYK,16010,0,202691|1629023|1630314|1631108|1641726,0,REG,2026,1610612742,,,,,
22500262403,,Shot Chart Detail,22500262,403,1630314,Brandon Williams,1610612742,Dallas Mavericks,3,9,0,Made Shot,Jump Shot,3PT Field Goal,Above the Break 3,Right Side Center(RC),24+ ft.,25,126,219,1,1,20251119,DAL,NYK,16200,0,202691|1629023|1630314|1631108|1641726,1,REG,2026,1610612742,,,,,
22500262414,,Shot Chart Detail,22500262,414,1630314,Brandon Williams,1610612742,Dallas Mavericks,3,8,24,Missed Shot,Driving Layup Shot,2PT Field Goal,Restricted Area,Center(C),Less Than 8 ft.,2,-29,-1,1,0,20251119,DAL,NYK,16560,0,202691|1629023|1630314|1631108|1641726,0,REG,2026,1610612742,,,,,
22500262424,,Shot Chart Detail,22500262,424,1630314,Brandon Williams,1610612742,Dallas Mavericks,3,7,40,Missed Shot,Running Jump Shot,3PT Field Goal,Left Corner 3,Left Side(L),24+ ft.,23,-223,82,1,0,20251119,DAL,NYK,17000,0,202691|1629023|1630314|1631108|1641726,0,REG,2026,1610612742,,,,,
22500262444,,Shot Chart Detail,22500262,444,202691,Klay Thompson,1610612742,Dallas Mavericks,3,6,28,Made Shot,Pullup Jump shot,3PT Field Goal,Above the Break 3,Center(C),24+ ft.,25,38,255,1,1,20251119,DAL,NYK,17720,0,202691|1629023|1629655|1630230|1630314,1,REG,2026,1610612742,,,,,
22500262446,,Shot Chart Detail,22500262,446,1629023,P.J. Washington,1610612742,Dallas Mavericks,3,5,54,Missed Shot,Driving Floating Jump Shot,2PT Field Goal,In The Paint (Non-RA),Center(C),Less Than 8 ft.,5,-11,52,1,0,20251119,DAL,NYK,18060,0,202691|1629023|1629655|1630230|1630314,0,REG,2026,1610612742,,,,,
22500262463,,Shot Chart Detail,22500262,463,202691,Klay Thompson,1610612742,Dallas Mavericks,3,5,27,Missed Shot,Jump Shot,3PT Field Goal,Above the Break 3,Center(C),24+ ft.,25,42,247,1,0,20251119,DAL,NYK,18330,0,202691|1629023|1629655|1630230|1630314,0,REG,2026,1610612742,,,,,
22500262474,,Shot Chart Detail,22500262,474,1630702,Jaden Hardy,1610612742,Dallas Mavericks,3,5,0,Missed Shot,Pullup Jump shot,3PT Field Goal,Above the Break 3,Right Side Center(RC),24+ ft.,25,145,205,1,0,20251119,DAL,NYK,18600,0,1626156|1629023|1629655|1630230|1630702,0,REG,2026,1610612742,,,,,
22500262478,,Shot Chart Detail,22500262,478,1626156,D'Angelo Russell,1610612742,Dallas Mavericks,3,4,44,Made Shot,Step Back Jump shot,2PT Field Goal,Mid-Range,Center(C),16-24 ft.,18,7,187,1,1,20251119,DAL,NYK,18760,0,1626156|1629023|1629655|1630230|1630702,0,REG,2026,1610612742,,,,,
22500262481,,Shot Chart Detail,22500262,481,1626156,D'Angelo Russell,1610612742,Dallas Mavericks,3,4,11,Made Shot,Step Back Jump shot,2PT Field Goal,Mid-Range,Center(C),8-16 ft.,15,-29,148,1,1,20251119,DAL,NYK,19090,0,1626156|1629023|1629655|1630230|1630702,0,REG,2026,1610612742,,,,,
22500262484,,Shot Chart Detail,22500262,484,1630230,Naji Marshall,1610612742,Dallas Mavericks,3,3,45,Made Shot,Driving Layup Shot,2PT Field Goal,Restricted Area,Center(C),Less Than 8 ft.,1,16,1,1,1,20251119,DAL,NYK,19350,0,1626156|1629023|1629655|1630230|1630702,1,REG,2026,1610612742,,,,,
22500262494,,Shot Chart Detail,22500262,494,1629655,Daniel Gafford,1610612742,Dallas Mavericks,3,3,21,Missed Shot,Reverse Layup Shot,2PT Field Goal,Restricted Area,Center(C),Less Than 8 ft.,2,23,-10,1,0,20251119,DAL,NYK,19590,0,1626156|1629655|1630230|1630702|1631108,0,REG,2026,1610612742,,,,,
22500262496,,Shot Chart Detail,22500262,496,1630702,Jaden Hardy,1610612742,Dallas Mavericks,3,3,15,Missed Shot,Jump Shot,3PT Field Goal,Left Corner 3,Left Side(L),24+ ft.,22,-228,-12,1,0,20251119,DAL,NYK,19650,0,1626156|1629655|1630230|1630702|1631108,0,REG,2026,1610612742,,,,,
22500262506,,Shot Chart Detail,22500262,506,1626156,D'Angelo Russell,1610612742,Dallas Mavericks,3,2,49,Made Shot,Driving Floating Jump Shot,2PT Field Goal,In The Paint (Non-RA),Center(C),Less Than 8 ft.,4,-29,34,1,1,20251119,DAL,NYK,19910,0,1626156|1629655|1630230|1630702|1631108,0,REG,2026,1610612742,,,,,
22500262510,,Shot Chart Detail,22500262,510,1626156,D'Angelo Russell,1610612742,Dallas Mavericks,3,2,20,Made Shot,Pullup Jump shot,3PT Field Goal,Above the Break 3,Left Side Center(LC),24+ ft.,24,-199,148,1,1,20251119,DAL,NYK,20200,0,1626156|1629655|1630230|1630702|1631108,0,REG,2026,1610612742,,,,,
22500262519,,Shot Chart Detail,22500262,519,1630230,Naji Marshall,1610612742,Dallas Mavericks,3,1,49,Missed Shot,Driving Floating Jump Shot,2PT Field Goal,Mid-Range,Left Side(L),8-16 ft.,13,-96,90,1,0,20251119,DAL,NYK,20510,0,1626156|1630230|1630702|1631108|1641726,0,REG,2026,1610612742,,,,,
22500262521,,Shot Chart Detail,22500262,521,1626156,D'Angelo Russell,1610612742,Dallas Mavericks,3,1,40,Missed Shot,Jump Shot,2PT Field Goal,Mid-Range,Right Side(R),8-16 ft.,14,96,109,1,0,20251119,DAL,NYK,20600,0,1626156|1630230|1630702|1631108|1641726,0,REG,2026,1610612742,,,,,
22500262526,,Shot Chart Detail,22500262,526,1630702,Jaden Hardy,1610612742,Dallas Mavericks,3,1,27,Made Shot,Running Layup Shot,2PT Field Goal,In The Paint (Non-RA),Center(C),Less Than 8 ft.,5,50,9,1,1,20251119,DAL,NYK,20730,0,1626156|1630230|1630702|1631108|1641726,1,REG,2026,1610612742,,,,,
22500262537,,Shot Chart Detail,22500262,537,1626156,D'Angelo Russell,1610612742,Dallas Mavericks,3,0,47,Made Shot,Driving Floating Jump Shot,2PT Field Goal,Mid-Range,Left Side(L),8-16 ft.,10,-100,8,1,1,20251119,DAL,NYK,21130,0,1626156|1630230|1630702|1631108|1641726,0,REG,2026,1610612742,,,,,
22500262540,,Shot Chart Detail,22500262,540,1630702,Jaden Hardy,1610612742,Dallas Mavericks,3,0,32,Missed Shot,Driving Layup Shot,2PT Field Goal,Restricted Area,Center(C),Less Than 8 ft.,1,12,3,1,0,20251119,DAL,NYK,21280,0,1626156|1630230|1630702|1631108|1641726,0,REG,2026,1610612742,,,,,
22500262542,,Shot Chart Detail,22500262,542,1626156,D'Angelo Russell,1610612742,Dallas Mavericks,3,0,29,Made Shot,Jump Shot,3PT Field Goal,Above the Break 3,Center(C),24+ ft.,24,-27,246,1,1,20251119,DAL,NYK,21310,0,1626156|1630230|1630702|1631108|1641726,1,REG,2026,1610612742,,,,,
22500262546,,Shot Chart Detail,22500262,546,1631108,Max Christie,1610612742,Dallas Mavericks,3,0,0,Made Shot,Reverse Layup Shot,2PT Field Goal,Restricted Area,Center(C),Less Than 8 ft.,1,18,0,1,1,20251119,DAL,NYK,21600,0,1626156|1630230|1630702|1631108|1641726,0,REG,2026,1610612742,,,,,
22500262563,,Shot Chart Detail,22500262,563,1626156,D'Angelo Russell,1610612742,Dallas Mavericks,4,11,1,Made Shot,Pullup Jump shot,3PT Field Goal,Above the Break 3,Right Side Center(RC),24+ ft.,25,121,220,1,1,20251119,DAL,NYK,22190,0,1626156|1630230|1630702|1631108|1641726,0,REG,2026,1610612742,,,,,
22500262570,,Shot Chart Detail,22500262,570,1631108,Max Christie,1610612742,Dallas Mavericks,4,10,18,Missed Shot,Jump Shot,3PT Field Goal,Right Corner 3,Right Side(R),24+ ft.,23,232,6,1,0,20251119,DAL,NYK,22620,0,1626156|1630230|1630702|1631108|1641726,0,REG,2026,1610612742,,,,,
22500262581,,Shot Chart Detail,22500262,581,1631108,Max Christie,1610612742,Dallas Mavericks,4,9,57,Made Shot,Jump Shot,3PT Field Goal,Right Corner 3,Right Side(R),24+ ft.,23,233,29,1,1,20251119,DAL,NYK,22830,0,1626156|1629655|1630230|1630702|1631108,1,REG,2026,1610612742,,,,,
22500262585,,Shot Chart Detail,22500262,585,1626156,D'Angelo Russell,1610612742,Dallas Mavericks,4,9,19,Missed Shot,Pullup Jump shot,3PT Field Goal,Above the Break 3,Left Side Center(LC),24+ ft.,24,-85,234,1,0,20251119,DAL,NYK,23210,0,1626156|1629655|1630230|1630702|1631108,0,REG,2026,1610612742,,,,,
22500262597,,Shot Chart Detail,22500262,597,1631108,Max Christie,1610612742,Dallas Mavericks,4,8,44,Made Shot,Jump Shot,3PT Field Goal,Above the Break 3,Right Side Center(RC),24+ ft.,26,185,190,1,1,20251119,DAL,NYK,23560,0,202691|1629655|1630230|1630314|1631108,1,REG,2026,1610612742,,,,,
22500262601,,Shot Chart Detail,22500262,601,202691,Klay Thompson,1610612742,Dallas Mavericks,4,8,17,Made Shot,Turnaround Jump Shot,2PT Field Goal,In The Paint (Non-RA),Center(C),Less Than 8 ft.,7,75,13,1,1,20251119,DAL,NYK,23830,0,202691|1629655|1630230|1630314|1631108,1,REG,2026,1610612742,,,,,
22500262620,,Shot Chart Detail,22500262,620,202691,Klay Thompson,1610612742,Dallas Mavericks,4,6,53,Missed Shot,Jump Shot,3PT Field Goal,Above the Break 3,Right Side Center(RC),24+ ft.,25,119,220,1,0,20251119,DAL,NYK,24670,0,202691|1629023|1630314|1630619|1631108,0,REG,2026,1610612742,,,,,
22500262645,,Shot Chart Detail,22500262,645,1630314,Brandon Williams,1610612742,Dallas Mavericks,4,5,4,Missed Shot,Driving Layup Shot,2PT Field Goal,Restricted Area,Center(C),Less Than 8 ft.,3,-29,14,1,0,20251119,DAL,NYK,25760,0,1629023|1630230|1630314|1630619|1631108,0,REG,2026,1610612742,,,,,
22500262648,,Shot Chart Detail,22500262,648,1629023,P.J. Washington,1610612742,Dallas Mavericks,4,5,0,Missed Shot,Jump Shot,3PT Field Goal,Above the Break 3,Right Side Center(RC),24+ ft.,26,115,239,1,0,20251119,DAL,NYK,25800,0,1629023|1630230|1630314|1630619|1631108,0,REG,2026,1610612742,,,,,
22500262653,,Shot Chart Detail,22500262,653,1630230,Naji Marshall,1610612742,Dallas Mavericks,4,4,39,Made Shot,Running Layup Shot,2PT Field Goal,Restricted Area,Center(C),Less Than 8 ft.,0,6,3,1,1,20251119,DAL,NYK,26010,0,1629023|1630230|1630314|1630619|1631108,1,REG,2026,1610612742,,,,,
22500262662,,Shot Chart Detail,22500262,662,1630230,Naji Marshall,1610612742,Dallas Mavericks,4,3,58,Missed Shot,Driving Floating Jump Shot,2PT Field Goal,In The Paint (Non-RA),Center(C),Less Than 8 ft.,7,31,67,1,0,20251119,DAL,NYK,26420,0,1629023|1629655|1630230|1630314|1631108,0,REG,2026,1610612742,,,,,
22500262666,,Shot Chart Detail,22500262,666,1629023,P.J. Washington,1610612742,Dallas Mavericks,4,3,25,Missed Shot,Jump Shot,3PT Field Goal,Above the Break 3,Left Side Center(LC),24+ ft.,24,-194,147,1,0,20251119,DAL,NYK,26750,0,1629023|1629655|1630230|1630314|1631108,0,REG,2026,1610612742,,,,,
22500262686,,Shot Chart Detail,22500262,686,1626156,D'Angelo Russell,1610612742,Dallas Mavericks,4,2,24,Missed Shot,Pullup Jump shot,2PT Field Goal,Mid-Range,Left Side Center(LC),16-24 ft.,19,-126,146,1,0,20251119,DAL,NYK,27360,0,1626156|1629023|1629655|1630230|1631108,0,REG,2026,1610612742,,,,,
22500262697,,Shot Chart Detail,22500262,697,1629023,P.J. Washington,1610612742,Dallas Mavericks,4,1,25,Missed Shot,Jump Shot,3PT Field Goal,Above the Break 3,Center(C),24+ ft.,24,26,245,1,0,20251119,DAL,NYK,27950,0,1626156|1629023|1629655|1630230|1631108,0,REG,2026,1610612742,,,,,
22500262725,,Shot Chart Detail,22500262,725,202691,Klay Thompson,1610612742,Dallas Mavericks,4,0,28,Missed Shot,Jump Shot,3PT Field Goal,Above the Break 3,Center(C),24+ ft.,24,-7,246,1,0,20251119,DAL,NYK,28520,0,202691|1626156|1629023|1629655|1631108,0,REG,2026,1610612742,,,,,
22500262747,,Shot Chart Detail,22500262,747,1630314,Brandon Williams,1610612742,Dallas Mavericks,4,0,8,Missed Shot,Pullup Jump shot,3PT Field Goal,Above the Break 3,Right Side Center(RC),24+ ft.,26,185,189,1,0,20251119,DAL,NYK,28720,0,202691|1629023|1630230|1630314|1631108,0,REG,2026,1610612742,,,,,
2250027311,,Shot Chart Detail,22500273,11,1631108,Max Christie,1610612742,Dallas Mavericks,1,11,14,Made Shot,Driving Bank Hook Shot,2PT Field Goal,In The Paint (Non-RA),Center(C),Less Than 8 ft.,4,44,22,1,1,20251122,DAL,MEM,460,0,1629023|1629655|1630314|1631108|1642843,0,REG,2026,1610612742,,,,,
2250027318,,Shot Chart Detail,22500273,18,1629023,P.J. Washington,1610612742,Dallas Mavericks,1,10,31,Missed Shot,Driving Floating Jump Shot,2PT Field Goal,In The Paint (Non-RA),Center(C),Less Than 8 ft.,7,29,64,1,0,20251122,DAL,MEM,890,0,1629023|1629655|1630314|1631108|1642843,0,REG,2026,1610612742,,,,,
2250027326,,Shot Chart Detail,22500273,26,1629023,P.J. Washington,1610612742,Dallas Mavericks,1,10,4,Missed Shot,Jump Shot,3PT Field Goal,Right Corner 3,Right Side(R),24+ ft.,22,223,43,1,0,20251122,DAL,MEM,1160,0,1629023|1629655|1630314|1631108|1642843,0,REG,2026,1610612742,,,,,
2250027330,,Shot Chart Detail,22500273,30,1629655,Daniel Gafford,1610612742,Dallas Mavericks,1,9,26,Missed Shot,Cutting Layup Shot,2PT Field Goal,Restricted Area,Center(C),Less Than 8 ft.,3,36,15,1,0,20251122,DAL,MEM,1540,0,1629023|1629655|1630314|1631108|1642843,0,REG,2026,1610612742,,,,,
2250027332,,Shot Chart Detail,22500273,32,1629655,Daniel Gafford,1610612742,Dallas Mavericks,1,9,24,Missed Shot,Putback Layup Shot,2PT Field Goal,In The Paint (Non-RA),Center(C),Less Than 8 ft.,5,-6,52,1,0,20251122,DAL,MEM,1560,0,1629023|1629655|1630314|1631108|1642843,0,REG,2026,1610612742,,,,,
2250027342,,Shot Chart Detail,22500273,42,1629023,P.J. Washington,1610612742,Dallas Mavericks,1,8,32,Missed Shot,Pullup Jump shot,3PT Field Goal,Above the Break 3,Left Side Center(LC),24+ ft.,25,-185,175,1,0,20251122,DAL,MEM,2080,0,1629023|1629655|1630314|1631108|1642843,0,REG,2026,1610612742,,,,,
2250027348,,Shot Chart Detail,22500273,48,1631108,Max Christie,1610612742,Dallas Mavericks,1,7,55,Made Shot,Driving Floating Jump Shot,2PT Field Goal,In The Paint (Non-RA),Center(C),Less Than 8 ft.,5,-21,52,1,1,20251122,DAL,MEM,2450,0,1629023|1629655|1630314|1631108|1642843,1,REG,2026,1610612742,,,,,
2250027359,,Shot Chart Detail,22500273,59,1630314,Brandon Williams,1610612742,Dallas Mavericks,1,7,16,Made Shot,Pullup Jump shot,3PT Field Goal,Above the Break 3,Right Side Center(RC),24+ ft.,25,191,176,1,1,20251122,DAL,MEM,2840,0,1629023|1630230|1630314|1630619|1631108,1,REG,2026,1610612742,,,,,
2250027363,,Shot Chart Detail,22500273,63,1630314,Brandon Williams,1610612742,Dallas Mavericks,1,6,41,Made Shot,Jump Shot,3PT Field Goal,Above the Break 3,Right Side Center(RC),24+ ft.,25,210,139,1,1,20251122,DAL,MEM,3190,0,1629023|1630230|1630314|1630619|1631108,1,REG,2026,1610612742,,,,,
2250027379,,Shot Chart Detail,22500273,79,1630314,Brandon Williams,1610612742,Dallas Mavericks,1,5,55,Made Shot,Driving Finger Roll Layup Shot,2PT Field Goal,Restricted Area,Center(C),Less Than 8 ft.,1,16,6,1,1,20251122,DAL,MEM,3650,0,1629023|1630230|1630314|1630619|1631108,0,REG,2026,1610612742,,,,,
2250027391,,Shot Chart Detail,22500273,91,202691,Klay Thompson,1610612742,Dallas Mavericks,1,5,27,Made Shot,Running Jump Shot,3PT Field Goal,Above the Break 3,Right Side Center(RC),24+ ft.,24,227,102,1,1,20251122,DAL,MEM,3930,0,202691|1629023|1630230|1630314|1630619,1,REG,2026,1610612742,,,,,
22500273102,,Shot Chart Detail,22500273,102,202691,Klay Thompson,1610612742,Dallas Mavericks,1,4,28,Made Shot,Jump Shot,3PT Field Goal,Above the Break 3,Left Side Center(LC),24+ ft.,25,-105,237,1,1,20251122,DAL,MEM,4520,0,202691|1629023|1630230|1630619|1630702,1,REG,2026,1610612742,,,,,
22500273107,,Shot Chart Detail,22500273,107,1629023,P.J. Washington,1610612742,Dallas Mavericks,1,3,50,Missed Shot,Driving Layup Shot,2PT Field Goal,Restricted Area,Center(C),Less Than 8 ft.,3,11,38,1,0,20251122,DAL,MEM,4900,0,202691|1629023|1630230|1630619|1630702,0,REG,2026,1610612742,,,,,
22500273109,,Shot Chart Detail,22500273,109,1630619,Moussa Cisse,1610612742,Dallas Mavericks,1,3,47,Missed Shot,Tip Layup Shot,2PT Field Goal,Restricted Area,Center(C),Less Than 8 ft.,0,0,0,1,0,20251122,DAL,MEM,4930,0,202691|1629023|1630230|1630619|1630702,0,REG,2026,1610612742,,,,,
22500273114,,Shot Chart Detail,22500273,114,1642843,Cooper Flagg,1610612742,Dallas Mavericks,1,3,20,Missed Shot,Pullup Jump shot,2PT Field Goal,Mid-Range,Center(C),16-24 ft.,16,42,164,1,0,20251122,DAL,MEM,5200,0,202691|1630230|1630619|1630702|1642843,0,REG,2026,1610612742,,,,,
22500273121,,Shot Chart Detail,22500273,121,1642843,Cooper Flagg,1610612742,Dallas Mavericks,1,2,49,Missed Shot,Driving Floating Jump Shot,2PT Field Goal,In The Paint (Non-RA),Center(C),Less Than 8 ft.,6,0,69,1,0,20251122,DAL,MEM,5510,0,202691|1629655|1630230|1630702|1642843,0,REG,2026,1610612742,,,,,
22500273128,,Shot Chart Detail,22500273,128,1642843,Cooper Flagg,1610612742,Dallas Mavericks,1,2,14,Made Shot,Driving Layup Shot,2PT Field Goal,Restricted Area,Center(C),Less Than 8 ft.,2,-26,11,1,1,20251122,DAL,MEM,5860,0,202691|1629655|1630230|1630702|1642843,0,REG,2026,1610612742,,,,,
22500273131,,Shot Chart Detail,22500273,131,202691,Klay Thompson,1610612742,Dallas Mavericks,1,1,48,Missed Shot,Jump Shot,3PT Field Goal,Left Corner 3,Left Side(L),24+ ft.,23,-230,-3,1,0,20251122,DAL,MEM,6120,0,202691|1629655|1630230|1630702|1642843,0,REG,2026,1610612742,,,,,
22500273143,,Shot Chart Detail,22500273,143,202691,Klay Thompson,1610612742,Dallas Mavericks,1,1,11,Missed Shot,Turnaround Jump Shot,2PT Field Goal,Mid-Range,Right Side(R),8-16 ft.,11,118,1,1,0,20251122,DAL,MEM,6490,0,202691|1629655|1630230|1630702|1642843,0,REG,2026,1610612742,,,,,
22500273146,,Shot Chart Detail,22500273,146,202691,Klay Thompson,1610612742,Dallas Mavericks,1,1,5,Missed Shot,Driving Layup Shot,2PT Field Goal,Restricted Area,Center(C),Less Than 8 ft.,2,5,27,1,0,20251122,DAL,MEM,6550,0,202691|1629655|1630230|1630702|1642843,0,REG,2026,1610612742,,,,,
22500273148,,Shot Chart Detail,22500273,148,1630702,Jaden Hardy,1610612742,Dallas Mavericks,1,1,3,Missed Shot,Jump Shot,3PT Field Goal,Above the Break 3,Center(C),24+ ft.,26,45,257,1,0,20251122,DAL,MEM,6570,0,202691|1629655|1630230|1630702|1642843,0,REG,2026,1610612742,,,,,
22500273151,,Shot Chart Detail,22500273,151,1630702,Jaden Hardy,1610612742,Dallas Mavericks,1,0,33,Missed Shot,Jump Shot,3PT Field Goal,Above the Break 3,Left Side Center(LC),24+ ft.,25,-169,197,1,0,20251122,DAL,MEM,6870,0,202691|1629655|1630230|1630702|1642843,0,REG,2026,1610612742,,,,,
22500273155,,Shot Chart Detail,22500273,155,1642843,Cooper Flagg,1610612742,Dallas Mavericks,1,0,2,Missed Shot,Turnaround Fadeaway shot,2PT Field Goal,In The Paint (Non-RA),Center(C),8-16 ft.,12,31,118,1,0,20251122,DAL,MEM,7180,0,202691|1629655|1630230|1630702|1642843,0,REG,2026,1610612742,,,,,
22500273168,,Shot Chart Detail,22500273,168,1630314,Brandon Williams,1610612742,Dallas Mavericks,2,11,48,Made Shot,Driving Finger Roll Layup Shot,2PT Field Goal,Restricted Area,Center(C),Less Than 8 ft.,0,6,0,1,1,20251122,DAL,MEM,7320,0,202691|1628997|1629655|1630314|1642843,0,REG,2026,1610612742,,,,,
22500273174,,Shot Chart Detail,22500273,174,1642843,Cooper Flagg,1610612742,Dallas Mavericks,2,10,49,Missed Shot,Pullup Jump shot,2PT Field Goal,In The Paint (Non-RA),Center(C),8-16 ft.,13,-40,134,1,0,20251122,DAL,MEM,7910,0,202691|1628997|1629655|1630314|1642843,0,REG,2026,1610612742,,,,,
22500273179,,Shot Chart Detail,22500273,179,202691,Klay Thompson,1610612742,Dallas Mavericks,2,10,13,Missed Shot,Pullup Jump shot,2PT Field Goal,In The Paint (Non-RA),Center(C),8-16 ft.,14,-66,132,1,0,20251122,DAL,MEM,8270,0,202691|1628997|1629655|1630314|1642843,0,REG,2026,1610612742,,,,,
22500273181,,Shot Chart Detail,22500273,181,202691,Klay Thompson,1610612742,Dallas Mavericks,2,10,8,Made Shot,Jump Shot,3PT Field Goal,Above the Break 3,Center(C),24+ ft.,26,-45,257,1,1,20251122,DAL,MEM,8320,0,202691|1628997|1629655|1630314|1642843,1,REG,2026,1610612742,,,,,
22500273188,,Shot Chart Detail,22500273,188,202691,Klay Thompson,1610612742,Dallas Mavericks,2,9,22,Missed Shot,Jump Shot,3PT Field Goal,Above the Break 3,Center(C),24+ ft.,26,-18,262,1,0,20251122,DAL,MEM,8780,0,202691|1628997|1629655|1630314|1642843,0,REG,2026,1610612742,,,,,
22500273191,,Shot Chart Detail,22500273,191,202691,Klay Thompson,1610612742,Dallas Mavericks,2,8,55,Made Shot,Pullup Jump shot,2PT Field Goal,In The Paint (Non-RA),Center(C),8-16 ft.,14,71,130,1,1,20251122,DAL,MEM,9050,0,202691|1628997|1629655|1630314|1642843,1,REG,2026,1610612742,,,,,
22500273195,,Shot Chart Detail,22500273,195,202691,Klay Thompson,1610612742,Dallas Mavericks,2,8,21,Made Shot,Jump Shot,3PT Field Goal,Above the Break 3,Right Side Center(RC),24+ ft.,25,223,130,1,1,20251122,DAL,MEM,9390,0,202691|1628997|1629655|1630314|1642843,1,REG,2026,1610612742,,,,,
22500273208,,Shot Chart Detail,22500273,208,202691,Klay Thompson,1610612742,Dallas Mavericks,2,7,58,Missed Shot,Pullup Jump shot,2PT Field Goal,Mid-Range,Center(C),16-24 ft.,19,56,189,1,0,20251122,DAL,MEM,9620,0,202691|1628997|1629023|1630314|1630619,0,REG,2026,1610612742,,,,,
22500273220,,Shot Chart Detail,22500273,220,1629023,P.J. Washington,1610612742,Dallas Mavericks,2,6,59,Missed Shot,Jump Shot,3PT Field Goal,Right Corner 3,Right Side(R),24+ ft.,23,232,-3,1,0,20251122,DAL,MEM,10210,0,202691|1628997|1629023|1630314|1630619,0,REG,2026,1610612742,,,,,
22500273234,,Shot Chart Detail,22500273,234,1629023,P.J. Washington,1610612742,Dallas Mavericks,2,6,17,Missed Shot,Pullup Jump shot,2PT Field Goal,In The Paint (Non-RA),Center(C),8-16 ft.,11,-6,111,1,0,20251122,DAL,MEM,10630,0,202691|1629023|1630230|1630619|1631108,0,REG,2026,1610612742,,,,,
22500273250,,Shot Chart Detail,22500273,250,1630702,Jaden Hardy,1610612742,Dallas Mavericks,2,5,37,Missed Shot,Step Back Jump shot,3PT Field Goal,Above the Break 3,Right Side Center(RC),24+ ft.,26,169,200,1,0,20251122,DAL,MEM,11030,0,1629023|1630230|1630619|1630702|1631108,0,REG,2026,1610612742,,,,,
22500273277,,Shot Chart Detail,22500273,277,1629023,P.J. Washington,1610612742,Dallas Mavericks,2,4,0,Made Shot,Driving Layup Shot,2PT Field Goal,Restricted Area,Center(C),Less Than 8 ft.,3,-4,38,1,1,20251122,DAL,MEM,12000,0,203939|1629023|1630230|1630702|1631108,0,REG,2026,1610612742,,,,,
22500273290,,Shot Chart Detail,22500273,290,1630230,Naji Marshall,1610612742,Dallas Mavericks,2,3,25,Missed Shot,Jump Shot,3PT Field Goal,Right Corner 3,Right Side(R),24+ ft.,22,225,5,1,0,20251122,DAL,MEM,12350,0,203939|1629023|1630230|1631108|1642843,0,REG,2026,1610612742,,,,,
22500273296,,Shot Chart Detail,22500273,296,1629023,P.J. Washington,1610612742,Dallas Mavericks,2,2,43,Made Shot,Driving Reverse Layup Shot,2PT Field Goal,Restricted Area,Center(C),Less Than 8 ft.,3,-18,32,1,1,20251122,DAL,MEM,12770,0,203939|1629023|1630230|1631108|1642843,0,REG,2026,1610612742,,,,,
22500273302,,Shot Chart Detail,22500273,302,1629023,P.J. Washington,1610612742,Dallas Mavericks,2,2,0,Made Shot,Driving Layup Shot,2PT Field Goal,Restricted Area,Center(C),Less Than 8 ft.,2,-10,28,1,1,20251122,DAL,MEM,13200,0,203939|1629023|1630230|1631108|1642843,0,REG,2026,1610612742,,,,,
22500273321,,Shot Chart Detail,22500273,321,1629023,P.J. Washington,1610612742,Dallas Mavericks,2,1,4,Missed Shot,Jump Shot,3PT Field Goal,Left Corner 3,Left Side(L),24+ ft.,24,-235,72,1,0,20251122,DAL,MEM,13760,0,1629023|1629655|1630314|1631108|1642843,0,REG,2026,1610612742,,,,,
22500273326,,Shot Chart Detail,22500273,326,1629023,P.J. Washington,1610612742,Dallas Mavericks,2,0,48,Made Shot,Running Dunk Shot,2PT Field Goal,Restricted Area,Center(C),Less Than 8 ft.,1,1,13,1,1,20251122,DAL,MEM,13920,0,1629023|1629655|1630314|1631108|1642843,1,REG,2026,1610612742,,,,,
22500273331,,Shot Chart Detail,22500273,331,1629655,Daniel Gafford,1610612742,Dallas Mavericks,2,0,33,Made Shot,Running Finger Roll Layup Shot,2PT Field Goal,Restricted Area,Center(C),Less Than 8 ft.,3,-20,23,1,1,20251122,DAL,MEM,14070,0,1629023|1629655|1630230|1631108|1642843,1,REG,2026,1610612742,,,,,
22500273342,,Shot Chart Detail,22500273,342,1642843,Cooper Flagg,1610612742,Dallas Mavericks,2,0,0,Missed Shot,Pullup Jump shot,3PT Field Goal,Above the Break 3,Right Side Center(RC),24+ ft.,25,127,223,1,0,20251122,DAL,MEM,14400,0,1629023|1629655|1630230|1631108|1642843,0,REG,2026,1610612742,,,,,
22500273351,,Shot Chart Detail,22500273,351,1631108,Max Christie,1610612742,Dallas Mavericks,3,11,45,Missed Shot,Driving Floating Jump Shot,2PT Field Goal,Restricted Area,Center(C),Less Than 8 ft.,3,-22,30,1,0,20251122,DAL,MEM,14550,0,1629023|1629655|1630314|1631108|1642843,0,REG,2026,1610612742,,,,,
22500273359,,Shot Chart Detail,22500273,359,1630314,Brandon Williams,1610612742,Dallas Mavericks,3,11,28,Missed Shot,Driving Floating Jump Shot,2PT Field Goal,Restricted Area,Center(C),Less Than 8 ft.,3,-5,34,1,0,20251122,DAL,MEM,14720,0,1629023|1629655|1630314|1631108|1642843,0,REG,2026,1610612742,,,,,
22500273370,,Shot Chart Detail,22500273,370,1631108,Max Christie,1610612742,Dallas Mavericks,3,10,11,Made Shot,Pullup Jump shot,3PT Field Goal,Above the Break 3,Right Side Center(RC),24+ ft.,25,112,225,1,1,20251122,DAL,MEM,15490,0,1629023|1629655|1630314|1631108|1642843,1,REG,2026,1610612742,,,,,
22500273377,,Shot Chart Detail,22500273,377,1629655,Daniel Gafford,1610612742,Dallas Mavericks,3,9,18,Missed Shot,Cutting Layup Shot,2PT Field Goal,Restricted Area,Center(C),Less Than 8 ft.,3,10,36,1,0,20251122,DAL,MEM,16020,0,1629023|1629655|1630314|1631108|1642843,0,REG,2026,1610612742,,,,,
22500273382,,Shot Chart Detail,22500273,382,1631108,Max Christie,1610612742,Dallas Mavericks,3,9,15,Missed Shot,Jump Shot,3PT Field Goal,Right Corner 3,Right Side(R),24+ ft.,23,233,36,1,0,20251122,DAL,MEM,16050,0,1629023|1629655|1630314|1631108|1642843,0,REG,2026,1610612742,,,,,
22500273386,,Shot Chart Detail,22500273,386,1629023,P.J. Washington,1610612742,Dallas Mavericks,3,8,46,Missed Shot,Driving Hook Shot,2PT Field Goal,In The Paint (Non-RA),Center(C),Less Than 8 ft.,4,-31,29,1,0,20251122,DAL,MEM,16340,0,1629023|1629655|1630314|1631108|1642843,0,REG,2026,1610612742,,,,,
22500273388,,Shot Chart Detail,22500273,388,1642843,Cooper Flagg,1610612742,Dallas Mavericks,3,8,42,Missed Shot,Pullup Jump shot,3PT Field Goal,Above the Break 3,Center(C),24+ ft.,25,60,248,1,0,20251122,DAL,MEM,16380,0,1629023|1629655|1630314|1631108|1642843,0,REG,2026,1610612742,,,,,
22500273393,,Shot Chart Detail,22500273,393,1630314,Brandon Williams,1610612742,Dallas Mavericks,3,8,16,Missed Shot,Step Back Jump shot,2PT Field Goal,Mid-Range,Right Side Center(RC),16-24 ft.,18,107,151,1,0,20251122,DAL,MEM,16640,0,1629023|1629655|1630314|1631108|1642843,0,REG,2026,1610612742,,,,,
22500273399,,Shot Chart Detail,22500273,399,1630314,Brandon Williams,1610612742,Dallas Mavericks,3,7,36,Made Shot,Driving Layup Shot,2PT Field Goal,Restricted Area,Center(C),Less Than 8 ft.,2,21,16,1,1,20251122,DAL,MEM,17040,0,1629023|1629655|1630314|1631108|1642843,0,REG,2026,1610612742,,,,,
22500273420,,Shot Chart Detail,22500273,420,1631108,Max Christie,1610612742,Dallas Mavericks,3,6,38,Made Shot,Driving Floating Bank Jump Shot,2PT Field Goal,In The Paint (Non-RA),Right Side(R),8-16 ft.,8,67,60,1,1,20251122,DAL,MEM,17620,0,1629023|1630230|1630314|1630619|1631108,0,REG,2026,1610612742,,,,,
22500273423,,Shot Chart Detail,22500273,423,1630230,Naji Marshall,1610612742,Dallas Mavericks,3,6,16,Missed Shot,Running Layup Shot,2PT Field Goal,Restricted Area,Center(C),Less Than 8 ft.,3,-28,11,1,0,20251122,DAL,MEM,17840,0,1629023|1630230|1630314|1630619|1631108,0,REG,2026,1610612742,,,,,
22500273426,,Shot Chart Detail,22500273,426,1631108,Max Christie,1610612742,Dallas Mavericks,3,6,6,Missed Shot,Step Back Jump shot,2PT Field Goal,Mid-Range,Left Side(L),8-16 ft.,13,-138,4,1,0,20251122,DAL,MEM,17940,0,1629023|1630230|1630314|1630619|1631108,0,REG,2026,1610612742,,,,,
22500273435,,Shot Chart Detail,22500273,435,1629023,P.J. Washington,1610612742,Dallas Mavericks,3,5,20,Missed Shot,Driving Dunk Shot,2PT Field Goal,Restricted Area,Center(C),Less Than 8 ft.,2,-6,26,1,0,20251122,DAL,MEM,18400,0,202691|1629023|1630230|1630314|1630619,0,REG,2026,1610612742,,,,,
22500273437,,Shot Chart Detail,22500273,437,1629023,P.J. Washington,1610612742,Dallas Mavericks,3,5,17,Made Shot,Putback Layup Shot,2PT Field Goal,In The Paint (Non-RA),Center(C),Less Than 8 ft.,5,42,32,1,1,20251122,DAL,MEM,18430,0,202691|1629023|1630230|1630314|1630619,0,REG,2026,1610612742,,,,,
22500273446,,Shot Chart Detail,22500273,446,1630702,Jaden Hardy,1610612742,Dallas Mavericks,3,4,52,Missed Shot,Driving Floating Jump Shot,2PT Field Goal,In The Paint (Non-RA),Center(C),Less Than 8 ft.,5,-4,53,1,0,20251122,DAL,MEM,18680,0,202691|1628997|1629023|1630230|1630702,0,REG,2026,1610612742,,,,,
22500273449,,Shot Chart Detail,22500273,449,1630702,Jaden Hardy,1610612742,Dallas Mavericks,3,4,33,Missed Shot,Jump Shot,3PT Field Goal,Above the Break 3,Right Side Center(RC),24+ ft.,26,159,211,1,0,20251122,DAL,MEM,18870,0,202691|1628997|1629023|1630230|1630702,0,REG,2026,1610612742,,,,,
22500273451,,Shot Chart Detail,22500273,451,1629023,P.J. Washington,1610612742,Dallas Mavericks,3,4,32,Made Shot,Putback Layup Shot,2PT Field Goal,Restricted Area,Center(C),Less Than 8 ft.,0,0,0,1,1,20251122,DAL,MEM,18880,0,202691|1628997|1629023|1630230|1630702,0,REG,2026,1610612742,,,,,
22500273455,,Shot Chart Detail,22500273,455,1630230,Naji Marshall,1610612742,Dallas Mavericks,3,3,57,Made Shot,Jump Shot,3PT Field Goal,Above the Break 3,Left Side Center(LC),24+ ft.,25,-131,222,1,1,20251122,DAL,MEM,19230,0,202691|1628997|1629023|1630230|1630702,1,REG,2026,1610612742,,,,,
22500273467,,Shot Chart Detail,22500273,467,1642843,Cooper Flagg,1610612742,Dallas Mavericks,3,3,19,Made Shot,Running Dunk Shot,2PT Field Goal,Restricted Area,Center(C),Less Than 8 ft.,1,17,-2,1,1,20251122,DAL,MEM,19610,0,202691|1628997|1630230|1630702|1642843,0,REG,2026,1610612742,,,,,
22500273479,,Shot Chart Detail,22500273,479,1628997,Caleb Martin,1610612742,Dallas Mavericks,3,2,46,Missed Shot,Driving Bank Hook Shot,2PT Field Goal,In The Paint (Non-RA),Center(C),Less Than 8 ft.,5,43,40,1,0,20251122,DAL,MEM,19940,0,202691|1628997|1630230|1630702|1642843,0,REG,2026,1610612742,,,,,
22500273489,,Shot Chart Detail,22500273,489,202691,Klay Thompson,1610612742,Dallas Mavericks,3,1,52,Missed Shot,Jump Shot,3PT Field Goal,Above the Break 3,Right Side Center(RC),24+ ft.,25,150,203,1,0,20251122,DAL,MEM,20480,0,202691|1628997|1630230|1630702|1642843,0,REG,2026,1610612742,,,,,
22500273493,,Shot Chart Detail,22500273,493,1628997,Caleb Martin,1610612742,Dallas Mavericks,3,1,22,Missed Shot,Jump Shot,3PT Field Goal,Left Corner 3,Left Side(L),24+ ft.,23,-230,-6,1,0,20251122,DAL,MEM,20780,0,202691|1628997|1630230|1630702|1642843,0,REG,2026,1610612742,,,,,
22500273498,,Shot Chart Detail,22500273,498,1630230,Naji Marshall,1610612742,Dallas Mavericks,3,0,58,Made Shot,Driving Finger Roll Layup Shot,2PT Field Goal,Restricted Area,Center(C),Less Than 8 ft.,3,20,27,1,1,20251122,DAL,MEM,21020,0,202691|1628997|1630230|1630702|1642843,0,REG,2026,1610612742,,,,,
22500273525,,Shot Chart Detail,22500273,525,1642843,Cooper Flagg,1610612742,Dallas Mavericks,3,0,5,Missed Shot,Driving Layup Shot,2PT Field Goal,In The Paint (Non-RA),Center(C),Less Than 8 ft.,4,-28,36,1,0,20251122,DAL,MEM,21550,0,202691|1629655|1630230|1631108|1642843,0,REG,2026,1610612742,,,,,
22500273528,,Shot Chart Detail,22500273,528,202691,Klay Thompson,1610612742,Dallas Mavericks,3,0,0,Made Shot,Jump Shot,3PT Field Goal,Right Corner 3,Right Side(R),24+ ft.,23,233,35,1,1,20251122,DAL,MEM,21600,0,202691|1629655|1630230|1631108|1642843,1,REG,2026,1610612742,,,,,
22500273543,,Shot Chart Detail,22500273,543,1642843,Cooper Flagg,1610612742,Dallas Mavericks,4,11,18,Missed Shot,Turnaround Jump Shot,2PT Field Goal,In The Paint (Non-RA),Center(C),8-16 ft.,9,-29,87,1,0,20251122,DAL,MEM,22020,0,202691|1629023|1629655|1630314|1642843,0,REG,2026,1610612742,,,,,
22500273546,,Shot Chart Detail,22500273,546,202691,Klay Thompson,1610612742,Dallas Mavericks,4,11,13,Missed Shot,Jump Shot,3PT Field Goal,Right Corner 3,Right Side(R),24+ ft.,23,229,43,1,0,20251122,DAL,MEM,22070,0,202691|1629023|1629655|1630314|1642843,0,REG,2026,1610612742,,,,,
22500273548,,Shot Chart Detail,22500273,548,1629023,P.J. Washington,1610612742,Dallas Mavericks,4,11,9,Made Shot,Jump Shot,3PT Field Goal,Above the Break 3,Left Side Center(LC),24+ ft.,24,-214,125,1,1,20251122,DAL,MEM,22110,0,202691|1629023|1629655|1630314|1642843,1,REG,2026,1610612742,,,,,
22500273575,,Shot Chart Detail,22500273,575,1630314,Brandon Williams,1610612742,Dallas Mavericks,4,9,57,Made Shot,Driving Finger Roll Layup Shot,2PT Field Goal,Restricted Area,Center(C),Less Than 8 ft.,3,2,34,1,1,20251122,DAL,MEM,22830,0,202691|1629023|1629655|1630314|1642843,0,REG,2026,1610612742,,,,,
22500273586,,Shot Chart Detail,22500273,586,1630230,Naji Marshall,1610612742,Dallas Mavericks,4,9,22,Missed Shot,Jump Shot,3PT Field Goal,Above the Break 3,Left Side Center(LC),24+ ft.,25,-202,150,1,0,20251122,DAL,MEM,23180,0,202691|1629023|1629655|1630230|1630314,0,REG,2026,1610612742,,,,,
22500273600,,Shot Chart Detail,22500273,600,1630230,Naji Marshall,1610612742,Dallas Mavericks,4,8,42,Made Shot,Cutting Layup Shot,2PT Field Goal,Restricted Area,Center(C),Less Than 8 ft.,1,0,19,1,1,20251122,DAL,MEM,23580,0,202691|1629023|1629655|1630230|1630314,1,REG,2026,1610612742,,,,,
22500273611,,Shot Chart Detail,22500273,611,1628997,Caleb Martin,1610612742,Dallas Mavericks,4,8,6,Missed Shot,Jump Shot,3PT Field Goal,Above the Break 3,Left Side Center(LC),24+ ft.,25,-211,147,1,0,20251122,DAL,MEM,23940,0,202691|1628997|1629023|1630230|1630314,0,REG,2026,1610612742,,,,,
22500273616,,Shot Chart Detail,22500273,616,1628997,Caleb Martin,1610612742,Dallas Mavericks,4,7,29,Made Shot,Cutting Layup Shot,2PT Field Goal,Restricted Area,Center(C),Less Than 8 ft.,2,10,25,1,1,20251122,DAL,MEM,24310,0,202691|1628997|1629023|1630230|1630314,1,REG,2026,1610612742,,,,,
22500273620,,Shot Chart Detail,22500273,620,202691,Klay Thompson,1610612742,Dallas Mavericks,4,6,49,Missed Shot,Jump Shot,3PT Field Goal,Above the Break 3,Right Side Center(RC),24+ ft.,26,190,187,1,0,20251122,DAL,MEM,24710,0,202691|1628997|1629023|1630230|1630314,0,REG,2026,1610612742,,,,,
22500273633,,Shot Chart Detail,22500273,633,1629023,P.J. Washington,1610612742,Dallas Mavericks,4,6,14,Missed Shot,Driving Reverse Layup Shot,2PT Field Goal,Restricted Area,Center(C),Less Than 8 ft.,2,-2,27,1,0,20251122,DAL,MEM,25060,0,1629023|1630230|1630314|1631108|1642843,0,REG,2026,1610612742,,,,,
22500273641,,Shot Chart Detail,22500273,641,1630314,Brandon Williams,1610612742,Dallas Mavericks,4,5,58,Missed Shot,Jump Shot,3PT Field Goal,Above the Break 3,Right Side Center(RC),24+ ft.,25,107,236,1,0,20251122,DAL,MEM,25220,0,1629023|1630230|1630314|1631108|1642843,0,REG,2026,1610612742,,,,,
22500273645,,Shot Chart Detail,22500273,645,1630230,Naji Marshall,1610612742,Dallas Mavericks,4,5,37,Made Shot,Driving Layup Shot,2PT Field Goal,Restricted Area,Center(C),Less Than 8 ft.,2,13,20,1,1,20251122,DAL,MEM,25430,0,1629023|1630230|1630314|1631108|1642843,0,REG,2026,1610612742,,,,,
22500273658,,Shot Chart Detail,22500273,658,1642843,Cooper Flagg,1610612742,Dallas Mavericks,4,4,28,Made Shot,Jump Shot,3PT Field Goal,Above the Break 3,Right Side Center(RC),24+ ft.,26,141,220,1,1,20251122,DAL,MEM,26120,0,202691|1630230|1630314|1631108|1642843,1,REG,2026,1610612742,,,,,
22500273667,,Shot Chart Detail,22500273,667,1642843,Cooper Flagg,1610612742,Dallas Mavericks,4,4,1,Missed Shot,Driving Floating Bank Jump Shot,2PT Field Goal,In The Paint (Non-RA),Center(C),Less Than 8 ft.,6,49,42,1,0,20251122,DAL,MEM,26390,0,202691|1629655|1630230|1630314|1642843,0,REG,2026,1610612742,,,,,
22500273671,,Shot Chart Detail,22500273,671,202691,Klay Thompson,1610612742,Dallas Mavericks,4,3,22,Made Shot,Jump Shot,3PT Field Goal,Left Corner 3,Left Side(L),24+ ft.,23,-232,-34,1,1,20251122,DAL,MEM,26780,0,202691|1629655|1630230|1630314|1642843,1,REG,2026,1610612742,,,,,
22500273674,,Shot Chart Detail,22500273,674,1630314,Brandon Williams,1610612742,Dallas Mavericks,4,2,39,Missed Shot,Jump Shot,3PT Field Goal,Left Corner 3,Left Side(L),24+ ft.,23,-225,52,1,0,20251122,DAL,MEM,27210,0,202691|1629655|1630230|1630314|1642843,0,REG,2026,1610612742,,,,,
22500273678,,Shot Chart Detail,22500273,678,1642843,Cooper Flagg,1610612742,Dallas Mavericks,4,2,10,Missed Shot,Driving Layup Shot,2PT Field Goal,Restricted Area,Center(C),Less Than 8 ft.,2,-20,19,1,0,20251122,DAL,MEM,27500,0,202691|1629655|1630230|1630314|1642843,0,REG,2026,1610612742,,,,,
22500273680,,Shot Chart Detail,22500273,680,1642843,Cooper Flagg,1610612742,Dallas Mavericks,4,2,7,Missed Shot,Tip Layup Shot,2PT Field Goal,Restricted Area,Center(C),Less Than 8 ft.,0,0,0,1,0,20251122,DAL,MEM,27530,0,202691|1629655|1630230|1630314|1642843,0,REG,2026,1610612742,,,,,
22500273685,,Shot Chart Detail,22500273,685,1630314,Brandon Williams,1610612742,Dallas Mavericks,4,1,49,Missed Shot,Running Layup Shot,2PT Field Goal,Restricted Area,Center(C),Less Than 8 ft.,1,-4,16,1,0,20251122,DAL,MEM,27710,0,202691|1629655|1630230|1630314|1642843,0,REG,2026,1610612742,,,,,
22500273687,,Shot Chart Detail,22500273,687,1642843,Cooper Flagg,1610612742,Dallas Mavericks,4,1,47,Made Shot,Tip Dunk Shot,2PT Field Goal,Restricted Area,Center(C),Less Than 8 ft.,0,0,0,1,1,20251122,DAL,MEM,27730,0,202691|1629655|1630230|1630314|1642843,0,REG,2026,1610612742,,,,,
22500273689,,Shot Chart Detail,22500273,689,1629655,Daniel Gafford,1610612742,Dallas Mavericks,4,1,10,Made Shot,Driving Layup Shot,2PT Field Goal,Restricted Area,Center(C),Less Than 8 ft.,2,-25,9,1,1,20251122,DAL,MEM,28100,0,202691|1629655|1630230|1630314|1642843,1,REG,2026,1610612742,,,,,
22500273694,,Shot Chart Detail,22500273,694,1629655,Daniel Gafford,1610612742,Dallas Mavericks,4,0,45,Missed Shot,Cutting Layup Shot,2PT Field Goal,Restricted Area,Center(C),Less Than 8 ft.,3,36,15,1,0,20251122,DAL,MEM,28350,0,202691|1629655|1630230|1630314|1642843,0,REG,2026,1610612742,,,,,
22500273707,,Shot Chart Detail,22500273,707,202691,Klay Thompson,1610612742,Dallas Mavericks,4,0,20,Missed Shot,Jump Shot,3PT Field Goal,Above the Break 3,Center(C),24+ ft.,29,-22,290,1,0,20251122,DAL,MEM,28600,0,202691|1629655|1630230|1631108|1642843,0,REG,2026,1610612742,,,,,
22500273718,,Shot Chart Detail,22500273,718,1630230,Naji Marshall,1610612742,Dallas Mavericks,4,0,2,Missed Shot,Pullup Jump shot,3PT Field Goal,Above the Break 3,Right Side Center(RC),24+ ft.,31,119,292,1,0,20251122,DAL,MEM,28780,0,202691|1629655|1630230|1631108|1642843,0,REG,2026,1610612742,,,,,
