SHOT_ID,video_url,GRID_TYPE,GAME_ID,GAME_EVENT_ID,PLAYER_ID,PLAYER_NAME,TEAM_ID,TEAM_NAME,PERIOD,MINUTES_REMAINING,SECONDS_REMAINING,EVENT_TYPE,ACTION_TYPE,SHOT_TYPE,SHOT_ZONE_BASIC,SHOT_ZONE_AREA,SHOT_ZONE_RANGE,SHOT_DISTANCE,LOC_X,LOC_Y,SHOT_ATTEMPTED_FLAG,SHOT_MADE_FLAG,GAME_DATE,HTM,VTM,time,extra,PLAYERS_ON,assisted,season_type,year_source,team_id,year,month,day,api_game_id,uuid
225000018,,Shot Chart Detail,22500001,8,1630578,Alperen Sengun,1610612745,Houston Rockets,1,11,36,Missed Shot,Jump Shot,3PT Field Goal,Above the Break 3,Left Side Center(LC),24+ ft.,25,-179,179,1,0,20251021,OKC,HOU,240,0,201142|203500|1630578|1631095|1641708,0,REG,2026,1610612745,,,,,
2250000115,,Shot Chart Detail,22500001,15,1641708,Amen Thompson,1610612745,Houston Rockets,1,11,8,Missed Shot,Jump Shot,3PT Field Goal,Right Corner 3,Right Side(R),24+ ft.,23,233,0,1,0,20251021,OKC,HOU,520,0,201142|203500|1630578|1631095|1641708,0,REG,2026,1610612745,,,,,
2250000117,,Shot Chart Detail,22500001,17,1631095,Jabari Smith Jr.,1610612745,Houston Rockets,1,11,2,Made Shot,Putback Layup Shot,2PT Field Goal,Restricted Area,Center(C),Less Than 8 ft.,0,-7,-5,1,1,20251021,OKC,HOU,580,0,201142|203500|1630578|1631095|1641708,0,REG,2026,1610612745,,,,,
2250000121,,Shot Chart Detail,22500001,21,1630578,Alperen Sengun,1610612745,Houston Rockets,1,10,24,Missed Shot,Pullup Jump shot,2PT Field Goal,In The Paint (Non-RA),Center(C),8-16 ft.,14,72,126,1,0,20251021,OKC,HOU,960,0,201142|203500|1630578|1631095|1641708,0,REG,2026,1610612745,,,,,
2250000127,,Shot Chart Detail,22500001,27,201142,Kevin Durant,1610612745,Houston Rockets,1,10,7,Made Shot,Running Dunk Shot,2PT Field Goal,Restricted Area,Center(C),Less Than 8 ft.,0,0,-1,1,1,20251021,OKC,HOU,1130,0,201142|203500|1630578|1631095|1641708,1,REG,2026,1610612745,,,,,
2250000130,,Shot Chart Detail,22500001,30,1631095,Jabari Smith Jr.,1610612745,Houston Rockets,1,9,35,Made Shot,Jump Shot,3PT Field Goal,Above the Break 3,Right Side Center(RC),24+ ft.,25,164,201,1,1,20251021,OKC,HOU,1450,0,201142|203500|1630578|1631095|1641708,1,REG,2026,1610612745,,,,,
2250000134,,Shot Chart Detail,22500001,34,201142,Kevin Durant,1610612745,Houston Rockets,1,9,6,Missed Shot,Pullup Jump shot,2PT Field Goal,Mid-Range,Right Side(R),8-16 ft.,9,85,37,1,0,20251021,OKC,HOU,1740,0,201142|203500|1630578|1631095|1641708,0,REG,2026,1610612745,,,,,
2250000139,,Shot Chart Detail,22500001,39,1641708,Amen Thompson,1610612745,Houston Rockets,1,8,20,Missed Shot,Jump Shot,3PT Field Goal,Right Corner 3,Right Side(R),24+ ft.,23,227,38,1,0,20251021,OKC,HOU,2200,0,201142|203500|1630578|1631095|1641708,0,REG,2026,1610612745,,,,,
2250000141,,Shot Chart Detail,22500001,41,1641708,Amen Thompson,1610612745,Houston Rockets,1,8,17,Made Shot,Pullup Jump shot,2PT Field Goal,Restricted Area,Center(C),Less Than 8 ft.,3,5,35,1,1,20251021,OKC,HOU,2230,0,201142|203500|1630578|1631095|1641708,1,REG,2026,1610612745,,,,,
2250000148,,Shot Chart Detail,22500001,48,1631095,Jabari Smith Jr.,1610612745,Houston Rockets,1,8,3,Missed Shot,Running Pull-Up Jump Shot,3PT Field Goal,Above the Break 3,Right Side Center(RC),24+ ft.,26,168,203,1,0,20251021,OKC,HOU,2370,0,201142|203500|1630578|1631095|1641708,0,REG,2026,1610612745,,,,,
2250000157,,Shot Chart Detail,22500001,57,1641708,Amen Thompson,1610612745,Houston Rockets,1,7,26,Made Shot,Pullup Jump shot,2PT Field Goal,Mid-Range,Center(C),16-24 ft.,23,-1,231,1,1,20251021,OKC,HOU,2740,0,201142|203500|1630578|1631095|1641708,0,REG,2026,1610612745,,,,,
2250000162,,Shot Chart Detail,22500001,62,1630578,Alperen Sengun,1610612745,Houston Rockets,1,6,52,Made Shot,Driving Layup Shot,2PT Field Goal,Restricted Area,Center(C),Less Than 8 ft.,1,-4,-10,1,1,20251021,OKC,HOU,3080,0,201142|203500|1630578|1631095|1641708,0,REG,2026,1610612745,,,,,
2250000170,,Shot Chart Detail,22500001,70,1641708,Amen Thompson,1610612745,Houston Rockets,1,6,29,Made Shot,Driving Floating Jump Shot,2PT Field Goal,In The Paint (Non-RA),Center(C),8-16 ft.,13,21,130,1,1,20251021,OKC,HOU,3310,0,201142|203500|1630578|1631106|1641708,0,REG,2026,1610612745,,,,,
2250000181,,Shot Chart Detail,22500001,81,201142,Kevin Durant,1610612745,Houston Rockets,1,5,56,Made Shot,Driving Floating Jump Shot,2PT Field Goal,In The Paint (Non-RA),Center(C),Less Than 8 ft.,5,7,53,1,1,20251021,OKC,HOU,3640,0,201142|203500|1630578|1631106|1641708,0,REG,2026,1610612745,,,,,
2250000184,,Shot Chart Detail,22500001,84,1641708,Amen Thompson,1610612745,Houston Rockets,1,5,31,Made Shot,Cutting Layup Shot,2PT Field Goal,Restricted Area,Center(C),Less Than 8 ft.,1,11,-6,1,1,20251021,OKC,HOU,3890,0,201142|203500|1630578|1631106|1641708,1,REG,2026,1610612745,,,,,
2250000193,,Shot Chart Detail,22500001,93,201142,Kevin Durant,1610612745,Houston Rockets,1,4,53,Missed Shot,Jump Shot,3PT Field Goal,Above the Break 3,Left Side Center(LC),24+ ft.,25,-195,157,1,0,20251021,OKC,HOU,4270,0,201142|203500|1631106|1641708|1642263,0,REG,2026,1610612745,,,,,
2250000197,,Shot Chart Detail,22500001,97,201142,Kevin Durant,1610612745,Houston Rockets,1,4,25,Missed Shot,Fadeaway Jump Shot,2PT Field Goal,Mid-Range,Right Side(R),8-16 ft.,11,82,78,1,0,20251021,OKC,HOU,4550,0,201142|203500|1631106|1641708|1642263,0,REG,2026,1610612745,,,,,
22500001128,,Shot Chart Detail,22500001,128,201142,Kevin Durant,1610612745,Houston Rockets,1,3,0,Made Shot,Pullup Jump shot,2PT Field Goal,Mid-Range,Center(C),16-24 ft.,16,-49,155,1,1,20251021,OKC,HOU,5400,0,201142|203991|1630578|1631106|1642263,1,REG,2026,1610612745,,,,,
22500001143,,Shot Chart Detail,22500001,143,1642263,Reed Sheppard,1610612745,Houston Rockets,1,1,37,Made Shot,Jump Shot,3PT Field Goal,Above the Break 3,Right Side Center(RC),24+ ft.,28,135,255,1,1,20251021,OKC,HOU,6230,0,201142|203991|1630578|1631106|1642263,1,REG,2026,1610612745,,,,,
22500001148,,Shot Chart Detail,22500001,148,203991,Clint Capela,1610612745,Houston Rockets,1,1,2,Made Shot,Hook Shot,2PT Field Goal,Restricted Area,Center(C),Less Than 8 ft.,2,-4,25,1,1,20251021,OKC,HOU,6580,0,201142|203991|1630578|1631106|1642263,1,REG,2026,1610612745,,,,,
22500001152,,Shot Chart Detail,22500001,152,1631106,Tari Eason,1610612745,Houston Rockets,1,0,46,Missed Shot,Running Layup Shot,2PT Field Goal,Restricted Area,Center(C),Less Than 8 ft.,1,-11,-12,1,0,20251021,OKC,HOU,6740,0,201142|203991|1630578|1631106|1642263,0,REG,2026,1610612745,,,,,
22500001160,,Shot Chart Detail,22500001,160,201142,Kevin Durant,1610612745,Houston Rockets,1,0,37,Missed Shot,Jump Shot,3PT Field Goal,Above the Break 3,Right Side Center(RC),24+ ft.,25,120,226,1,0,20251021,OKC,HOU,6830,0,201142|203991|1630578|1631106|1642263,0,REG,2026,1610612745,,,,,
22500001162,,Shot Chart Detail,22500001,162,1630578,Alperen Sengun,1610612745,Houston Rockets,1,0,19,Missed Shot,Pullup Jump shot,2PT Field Goal,Mid-Range,Left Side(L),16-24 ft.,20,-196,50,1,0,20251021,OKC,HOU,7010,0,201142|203991|1630578|1631106|1642263,0,REG,2026,1610612745,,,,,
22500001192,,Shot Chart Detail,22500001,192,1641708,Amen Thompson,1610612745,Houston Rockets,2,11,16,Missed Shot,Jump Shot,3PT Field Goal,Left Corner 3,Left Side(L),24+ ft.,24,-233,87,1,0,20251021,OKC,HOU,7640,0,1629006|1630578|1631095|1631106|1641708,0,REG,2026,1610612745,,,,,
22500001203,,Shot Chart Detail,22500001,203,1629006,Josh Okogie,1610612745,Houston Rockets,2,10,21,Made Shot,Jump Shot,3PT Field Goal,Above the Break 3,Left Side Center(LC),24+ ft.,23,-179,159,1,1,20251021,OKC,HOU,8190,0,1629006|1630578|1631095|1631106|1641708,1,REG,2026,1610612745,,,,,
22500001207,,Shot Chart Detail,22500001,207,1630578,Alperen Sengun,1610612745,Houston Rockets,2,9,52,Made Shot,Jump Shot,3PT Field Goal,Above the Break 3,Center(C),24+ ft.,24,-11,246,1,1,20251021,OKC,HOU,8480,0,1629006|1630578|1631095|1631106|1641708,1,REG,2026,1610612745,,,,,
22500001213,,Shot Chart Detail,22500001,213,1631106,Tari Eason,1610612745,Houston Rockets,2,9,14,Made Shot,Jump Shot,3PT Field Goal,Above the Break 3,Right Side Center(RC),24+ ft.,26,169,199,1,1,20251021,OKC,HOU,8860,0,1629006|1630578|1631095|1631106|1641708,1,REG,2026,1610612745,,,,,
22500001222,,Shot Chart Detail,22500001,222,1641708,Amen Thompson,1610612745,Houston Rockets,2,8,19,Missed Shot,Driving Layup Shot,2PT Field Goal,Restricted Area,Center(C),Less Than 8 ft.,1,11,-4,1,0,20251021,OKC,HOU,9410,0,1629006|1630578|1631095|1631106|1641708,0,REG,2026,1610612745,,,,,
22500001240,,Shot Chart Detail,22500001,240,1642263,Reed Sheppard,1610612745,Houston Rockets,2,7,42,Missed Shot,Jump Shot,3PT Field Goal,Above the Break 3,Left Side Center(LC),24+ ft.,24,-131,209,1,0,20251021,OKC,HOU,9780,0,201142|203500|1629006|1631095|1642263,0,REG,2026,1610612745,,,,,
22500001245,,Shot Chart Detail,22500001,245,201142,Kevin Durant,1610612745,Houston Rockets,2,6,59,Missed Shot,Turnaround Fadeaway shot,2PT Field Goal,In The Paint (Non-RA),Right Side(R),8-16 ft.,14,74,126,1,0,20251021,OKC,HOU,10210,0,201142|203500|1629006|1631095|1642263,0,REG,2026,1610612745,,,,,
22500001247,,Shot Chart Detail,22500001,247,1642263,Reed Sheppard,1610612745,Houston Rockets,2,6,54,Made Shot,Jump Bank Shot,3PT Field Goal,Above the Break 3,Center(C),24+ ft.,26,-18,263,1,1,20251021,OKC,HOU,10260,0,201142|203500|1629006|1631095|1642263,1,REG,2026,1610612745,,,,,
22500001260,,Shot Chart Detail,22500001,260,203500,Steven Adams,1610612745,Houston Rockets,2,6,7,Missed Shot,Running Layup Shot,2PT Field Goal,Restricted Area,Center(C),Less Than 8 ft.,1,11,4,1,0,20251021,OKC,HOU,10730,0,201142|203500|1629006|1631095|1642263,0,REG,2026,1610612745,,,,,
22500001263,,Shot Chart Detail,22500001,263,203500,Steven Adams,1610612745,Houston Rockets,2,6,3,Missed Shot,Tip Layup Shot,2PT Field Goal,Restricted Area,Center(C),Less Than 8 ft.,2,13,17,1,0,20251021,OKC,HOU,10770,0,201142|203500|1629006|1631095|1642263,0,REG,2026,1610612745,,,,,
22500001286,,Shot Chart Detail,22500001,286,1641708,Amen Thompson,1610612745,Houston Rockets,2,4,35,Missed Shot,Jump Shot,3PT Field Goal,Left Corner 3,Left Side(L),24+ ft.,23,-228,67,1,0,20251021,OKC,HOU,11650,0,201142|203500|1630578|1641708|1642263,0,REG,2026,1610612745,,,,,
22500001290,,Shot Chart Detail,22500001,290,1642263,Reed Sheppard,1610612745,Houston Rockets,2,4,6,Missed Shot,Jump Shot,3PT Field Goal,Above the Break 3,Left Side Center(LC),24+ ft.,25,-146,203,1,0,20251021,OKC,HOU,11940,0,201142|203500|1630578|1641708|1642263,0,REG,2026,1610612745,,,,,
22500001296,,Shot Chart Detail,22500001,296,1630578,Alperen Sengun,1610612745,Houston Rockets,2,3,52,Missed Shot,Turnaround Fadeaway shot,2PT Field Goal,Mid-Range,Right Side(R),8-16 ft.,15,147,46,1,0,20251021,OKC,HOU,12080,0,201142|203500|1630578|1641708|1642263,0,REG,2026,1610612745,,,,,
22500001304,,Shot Chart Detail,22500001,304,1631095,Jabari Smith Jr.,1610612745,Houston Rockets,2,3,4,Missed Shot,Jump Shot,3PT Field Goal,Left Corner 3,Left Side(L),24+ ft.,22,-224,-21,1,0,20251021,OKC,HOU,12560,0,201142|203500|1630578|1631095|1641708,0,REG,2026,1610612745,,,,,
22500001306,,Shot Chart Detail,22500001,306,1630578,Alperen Sengun,1610612745,Houston Rockets,2,3,2,Missed Shot,Tip Layup Shot,2PT Field Goal,Restricted Area,Center(C),Less Than 8 ft.,0,0,0,1,0,20251021,OKC,HOU,12580,0,201142|203500|1630578|1631095|1641708,0,REG,2026,1610612745,,,,,
22500001308,,Shot Chart Detail,22500001,308,201142,Kevin Durant,1610612745,Houston Rockets,2,2,46,Made Shot,Pullup Jump shot,2PT Field Goal,Mid-Range,Right Side(R),8-16 ft.,13,81,106,1,1,20251021,OKC,HOU,12740,0,201142|203500|1630578|1631095|1641708,0,REG,2026,1610612745,,,,,
22500001316,,Shot Chart Detail,22500001,316,201142,Kevin Durant,1610612745,Houston Rockets,2,2,15,Made Shot,Pullup Jump shot,2PT Field Goal,Mid-Range,Center(C),16-24 ft.,19,-45,192,1,1,20251021,OKC,HOU,13050,0,201142|203500|1630578|1631095|1641708,0,REG,2026,1610612745,,,,,
22500001321,,Shot Chart Detail,22500001,321,1630578,Alperen Sengun,1610612745,Houston Rockets,2,1,44,Made Shot,Jump Shot,3PT Field Goal,Above the Break 3,Right Side Center(RC),24+ ft.,24,158,193,1,1,20251021,OKC,HOU,13360,0,201142|203500|1630578|1631095|1641708,1,REG,2026,1610612745,,,,,
22500001330,,Shot Chart Detail,22500001,330,1641708,Amen Thompson,1610612745,Houston Rockets,2,1,9,Missed Shot,Jump Shot,3PT Field Goal,Above the Break 3,Left Side Center(LC),24+ ft.,25,-202,148,1,0,20251021,OKC,HOU,13710,0,201142|203500|1630578|1631106|1641708,0,REG,2026,1610612745,,,,,
22500001333,,Shot Chart Detail,22500001,333,201142,Kevin Durant,1610612745,Houston Rockets,2,0,38,Made Shot,Jump Shot,2PT Field Goal,Mid-Range,Left Side(L),8-16 ft.,12,-93,77,1,1,20251021,OKC,HOU,14020,0,201142|203500|1630578|1631106|1641708,1,REG,2026,1610612745,,,,,
22500001371,,Shot Chart Detail,22500001,371,1631095,Jabari Smith Jr.,1610612745,Houston Rockets,3,11,31,Made Shot,Finger Roll Layup Shot,2PT Field Goal,Restricted Area,Center(C),Less Than 8 ft.,1,-11,13,1,1,20251021,OKC,HOU,14690,0,201142|203500|1630578|1631095|1641708,0,REG,2026,1610612745,,,,,
22500001374,,Shot Chart Detail,22500001,374,201142,Kevin Durant,1610612745,Houston Rockets,3,11,2,Made Shot,Turnaround Fadeaway shot,2PT Field Goal,Mid-Range,Right Side(R),8-16 ft.,8,82,5,1,1,20251021,OKC,HOU,14980,0,201142|203500|1630578|1631095|1641708,0,REG,2026,1610612745,,,,,
22500001381,,Shot Chart Detail,22500001,381,1641708,Amen Thompson,1610612745,Houston Rockets,3,10,13,Made Shot,Driving Layup Shot,2PT Field Goal,Restricted Area,Center(C),Less Than 8 ft.,1,2,13,1,1,20251021,OKC,HOU,15470,0,201142|203500|1630578|1631095|1641708,0,REG,2026,1610612745,,,,,
22500001385,,Shot Chart Detail,22500001,385,1631095,Jabari Smith Jr.,1610612745,Houston Rockets,3,9,46,Missed Shot,Jump Shot,3PT Field Goal,Left Corner 3,Left Side(L),24+ ft.,23,-228,-35,1,0,20251021,OKC,HOU,15740,0,201142|203500|1630578|1631095|1641708,0,REG,2026,1610612745,,,,,
22500001397,,Shot Chart Detail,22500001,397,1631095,Jabari Smith Jr.,1610612745,Houston Rockets,3,8,28,Missed Shot,Fadeaway Jump Shot,2PT Field Goal,In The Paint (Non-RA),Center(C),8-16 ft.,12,50,111,1,0,20251021,OKC,HOU,16520,0,201142|203500|1630578|1631095|1641708,0,REG,2026,1610612745,,,,,
22500001409,,Shot Chart Detail,22500001,409,1630578,Alperen Sengun,1610612745,Houston Rockets,3,7,25,Missed Shot,Driving Floating Jump Shot,2PT Field Goal,In The Paint (Non-RA),Right Side(R),8-16 ft.,8,64,55,1,0,20251021,OKC,HOU,17150,0,201142|203500|1630578|1631095|1641708,0,REG,2026,1610612745,,,,,
22500001417,,Shot Chart Detail,22500001,417,1630578,Alperen Sengun,1610612745,Houston Rockets,3,7,13,Made Shot,Driving Layup Shot,2PT Field Goal,Restricted Area,Center(C),Less Than 8 ft.,2,-16,17,1,1,20251021,OKC,HOU,17270,0,201142|203500|1630578|1631095|1641708,0,REG,2026,1610612745,,,,,
22500001430,,Shot Chart Detail,22500001,430,1630578,Alperen Sengun,1610612745,Houston Rockets,3,6,24,Missed Shot,Jump Shot,3PT Field Goal,Left Corner 3,Left Side(L),24+ ft.,22,-227,36,1,0,20251021,OKC,HOU,17760,0,201142|203500|1630578|1631095|1641708,0,REG,2026,1610612745,,,,,
22500001445,,Shot Chart Detail,22500001,445,1631106,Tari Eason,1610612745,Houston Rockets,3,5,55,Missed Shot,Jump Shot,3PT Field Goal,Right Corner 3,Right Side(R),24+ ft.,22,227,4,1,0,20251021,OKC,HOU,18050,0,201142|203500|1631106|1641708|1642263,0,REG,2026,1610612745,,,,,
22500001453,,Shot Chart Detail,22500001,453,1631106,Tari Eason,1610612745,Houston Rockets,3,5,13,Missed Shot,Jump Shot,3PT Field Goal,Above the Break 3,Center(C),24+ ft.,26,-53,262,1,0,20251021,OKC,HOU,18470,0,201142|203500|1631106|1641708|1642263,0,REG,2026,1610612745,,,,,
22500001456,,Shot Chart Detail,22500001,456,1642263,Reed Sheppard,1610612745,Houston Rockets,3,4,47,Missed Shot,Pullup Jump shot,2PT Field Goal,Mid-Range,Left Side Center(LC),16-24 ft.,16,-78,144,1,0,20251021,OKC,HOU,18730,0,201142|203500|1631106|1641708|1642263,0,REG,2026,1610612745,,,,,
22500001458,,Shot Chart Detail,22500001,458,203500,Steven Adams,1610612745,Houston Rockets,3,4,43,Missed Shot,Tip Layup Shot,2PT Field Goal,Restricted Area,Center(C),Less Than 8 ft.,0,0,0,1,0,20251021,OKC,HOU,18770,0,201142|203500|1631106|1641708|1642263,0,REG,2026,1610612745,,,,,
22500001460,,Shot Chart Detail,22500001,460,203500,Steven Adams,1610612745,Houston Rockets,3,4,41,Made Shot,Tip Layup Shot,2PT Field Goal,Restricted Area,Center(C),Less Than 8 ft.,0,0,0,1,1,20251021,OKC,HOU,18790,0,201142|203500|1631106|1641708|1642263,0,REG,2026,1610612745,,,,,
22500001474,,Shot Chart Detail,22500001,474,1642263,Reed Sheppard,1610612745,Houston Rockets,3,3,36,Missed Shot,Pullup Jump shot,3PT Field Goal,Above the Break 3,Left Side Center(LC),24+ ft.,30,-184,248,1,0,20251021,OKC,HOU,19440,0,201142|203991|1631106|1641708|1642263,0,REG,2026,1610612745,,,,,
22500001478,,Shot Chart Detail,22500001,478,1641708,Amen Thompson,1610612745,Houston Rockets,3,3,8,Missed Shot,Jump Shot,3PT Field Goal,Above the Break 3,Left Side Center(LC),24+ ft.,26,-132,230,1,0,20251021,OKC,HOU,19720,0,201142|203991|1631106|1641708|1642263,0,REG,2026,1610612745,,,,,
22500001480,,Shot Chart Detail,22500001,480,201142,Kevin Durant,1610612745,Houston Rockets,3,2,57,Missed Shot,Jump Shot,3PT Field Goal,Above the Break 3,Left Side Center(LC),24+ ft.,26,-135,233,1,0,20251021,OKC,HOU,19830,0,201142|203991|1631106|1641708|1642263,0,REG,2026,1610612745,,,,,
22500001491,,Shot Chart Detail,22500001,491,1631106,Tari Eason,1610612745,Houston Rockets,3,2,22,Missed Shot,Jump Shot,3PT Field Goal,Above the Break 3,Left Side Center(LC),24+ ft.,26,-174,202,1,0,20251021,OKC,HOU,20180,0,201142|203991|1630578|1631106|1642263,0,REG,2026,1610612745,,,,,
22500001493,,Shot Chart Detail,22500001,493,1642263,Reed Sheppard,1610612745,Houston Rockets,3,2,15,Made Shot,Pullup Jump shot,2PT Field Goal,Mid-Range,Right Side(R),8-16 ft.,14,143,20,1,1,20251021,OKC,HOU,20250,0,201142|203991|1630578|1631106|1642263,1,REG,2026,1610612745,,,,,
22500001497,,Shot Chart Detail,22500001,497,1630578,Alperen Sengun,1610612745,Houston Rockets,3,1,48,Made Shot,Jump Shot,3PT Field Goal,Above the Break 3,Left Side Center(LC),24+ ft.,26,-206,168,1,1,20251021,OKC,HOU,20520,0,201142|203991|1630578|1631106|1642263,1,REG,2026,1610612745,,,,,
22500001509,,Shot Chart Detail,22500001,509,1631106,Tari Eason,1610612745,Houston Rockets,3,1,5,Missed Shot,Driving Layup Shot,2PT Field Goal,Restricted Area,Center(C),Less Than 8 ft.,2,21,20,1,0,20251021,OKC,HOU,20950,0,201142|203991|1630578|1631106|1642263,0,REG,2026,1610612745,,,,,
22500001541,,Shot Chart Detail,22500001,541,1642263,Reed Sheppard,1610612745,Houston Rockets,4,11,38,Missed Shot,Jump Shot,3PT Field Goal,Right Corner 3,Right Side(R),24+ ft.,22,222,-36,1,0,20251021,OKC,HOU,21820,0,203500|1629006|1630578|1631095|1642263,0,REG,2026,1610612745,,,,,
22500001545,,Shot Chart Detail,22500001,545,1630578,Alperen Sengun,1610612745,Houston Rockets,4,11,23,Made Shot,Jump Shot,3PT Field Goal,Above the Break 3,Center(C),24+ ft.,27,0,278,1,1,20251021,OKC,HOU,21970,0,203500|1629006|1630578|1631095|1642263,1,REG,2026,1610612745,,,,,
22500001550,,Shot Chart Detail,22500001,550,1629006,Josh Okogie,1610612745,Houston Rockets,4,10,42,Missed Shot,Jump Shot,3PT Field Goal,Right Corner 3,Right Side(R),24+ ft.,22,227,-22,1,0,20251021,OKC,HOU,22380,0,203500|1629006|1630578|1631095|1642263,0,REG,2026,1610612745,,,,,
22500001554,,Shot Chart Detail,22500001,554,1631095,Jabari Smith Jr.,1610612745,Houston Rockets,4,10,7,Made Shot,Pullup Jump shot,2PT Field Goal,Mid-Range,Left Side Center(LC),16-24 ft.,18,-118,148,1,1,20251021,OKC,HOU,22730,0,203500|1629006|1630578|1631095|1642263,1,REG,2026,1610612745,,,,,
22500001559,,Shot Chart Detail,22500001,559,1642263,Reed Sheppard,1610612745,Houston Rockets,4,9,36,Missed Shot,Turnaround Fadeaway shot,2PT Field Goal,In The Paint (Non-RA),Center(C),8-16 ft.,14,58,132,1,0,20251021,OKC,HOU,23040,0,203500|1629006|1630578|1631095|1642263,0,REG,2026,1610612745,,,,,
22500001563,,Shot Chart Detail,22500001,563,1630578,Alperen Sengun,1610612745,Houston Rockets,4,9,7,Made Shot,Jump Shot,3PT Field Goal,Above the Break 3,Right Side Center(RC),24+ ft.,25,219,123,1,1,20251021,OKC,HOU,23330,0,203500|1629006|1630578|1631095|1642263,1,REG,2026,1610612745,,,,,
22500001578,,Shot Chart Detail,22500001,578,1629006,Josh Okogie,1610612745,Houston Rockets,4,7,56,Missed Shot,Jump Shot,3PT Field Goal,Left Corner 3,Left Side(L),24+ ft.,23,-233,-22,1,0,20251021,OKC,HOU,24040,0,1629006|1630578|1631095|1641708|1642263,0,REG,2026,1610612745,,,,,
22500001581,,Shot Chart Detail,22500001,581,1630578,Alperen Sengun,1610612745,Houston Rockets,4,7,29,Made Shot,Pullup Jump shot,2PT Field Goal,Mid-Range,Center(C),16-24 ft.,20,-5,205,1,1,20251021,OKC,HOU,24310,0,1629006|1630578|1631095|1641708|1642263,0,REG,2026,1610612745,,,,,
22500001607,,Shot Chart Detail,22500001,607,1630578,Alperen Sengun,1610612745,Houston Rockets,4,6,15,Missed Shot,Pullup Jump shot,2PT Field Goal,Mid-Range,Right Side Center(RC),16-24 ft.,18,77,163,1,0,20251021,OKC,HOU,25050,0,1629006|1630578|1631095|1631106|1641708,0,REG,2026,1610612745,,,,,
22500001610,,Shot Chart Detail,22500001,610,1631095,Jabari Smith Jr.,1610612745,Houston Rockets,4,5,49,Made Shot,Cutting Layup Shot,2PT Field Goal,Restricted Area,Center(C),Less Than 8 ft.,1,1,17,1,1,20251021,OKC,HOU,25310,0,1629006|1630578|1631095|1631106|1641708,1,REG,2026,1610612745,,,,,
22500001614,,Shot Chart Detail,22500001,614,1630578,Alperen Sengun,1610612745,Houston Rockets,4,5,4,Missed Shot,Jump Shot,3PT Field Goal,Above the Break 3,Left Side Center(LC),24+ ft.,28,-185,215,1,0,20251021,OKC,HOU,25760,0,1629006|1630578|1631095|1631106|1641708,0,REG,2026,1610612745,,,,,
22500001623,,Shot Chart Detail,22500001,623,1631095,Jabari Smith Jr.,1610612745,Houston Rockets,4,4,37,Missed Shot,Jump Shot,3PT Field Goal,Above the Break 3,Right Side Center(RC),24+ ft.,26,118,237,1,0,20251021,OKC,HOU,26030,0,201142|1629006|1630578|1631095|1641708,0,REG,2026,1610612745,,,,,
22500001625,,Shot Chart Detail,22500001,625,201142,Kevin Durant,1610612745,Houston Rockets,4,4,32,Made Shot,Pullup Jump shot,2PT Field Goal,Mid-Range,Left Side Center(LC),16-24 ft.,19,-129,149,1,1,20251021,OKC,HOU,26080,0,201142|1629006|1630578|1631095|1641708,1,REG,2026,1610612745,,,,,
22500001628,,Shot Chart Detail,22500001,628,1641708,Amen Thompson,1610612745,Houston Rockets,4,4,0,Made Shot,Driving Floating Jump Shot,2PT Field Goal,In The Paint (Non-RA),Center(C),Less Than 8 ft.,6,55,32,1,1,20251021,OKC,HOU,26400,0,201142|1629006|1630578|1631095|1641708,0,REG,2026,1610612745,,,,,
22500001646,,Shot Chart Detail,22500001,646,1641708,Amen Thompson,1610612745,Houston Rockets,4,2,58,Made Shot,Driving Finger Roll Layup Shot,2PT Field Goal,Restricted Area,Center(C),Less Than 8 ft.,2,-2,26,1,1,20251021,OKC,HOU,27020,0,201142|203500|1630578|1631095|1641708,0,REG,2026,1610612745,,,,,
22500001649,,Shot Chart Detail,22500001,649,1641708,Amen Thompson,1610612745,Houston Rockets,4,2,10,Made Shot,Driving Layup Shot,2PT Field Goal,Restricted Area,Center(C),Less Than 8 ft.,2,5,27,1,1,20251021,OKC,HOU,27500,0,201142|203500|1630578|1631095|1641708,0,REG,2026,1610612745,,,,,
22500001660,,Shot Chart Detail,22500001,660,1641708,Amen Thompson,1610612745,Houston Rockets,4,1,14,Missed Shot,Pullup Jump shot,2PT Field Goal,In The Paint (Non-RA),Center(C),Less Than 8 ft.,7,-71,-13,1,0,20251021,OKC,HOU,28060,0,201142|203500|1630578|1631095|1641708,0,REG,2026,1610612745,,,,,
22500001669,,Shot Chart Detail,22500001,669,1630578,Alperen Sengun,1610612745,Houston Rockets,4,0,38,Made Shot,Turnaround Hook Shot,2PT Field Goal,In The Paint (Non-RA),Center(C),Less Than 8 ft.,6,13,64,1,1,20251021,OKC,HOU,28420,0,201142|203500|1630578|1631095|1641708,0,REG,2026,1610612745,,,,,
22500001691,,Shot Chart Detail,22500001,691,1630578,Alperen Sengun,1610612745,Houston Rockets,4,0,0,Missed Shot,Turnaround Jump Shot,2PT Field Goal,In The Paint (Non-RA),Center(C),8-16 ft.,12,49,120,1,0,20251021,OKC,HOU,28800,0,201142|1630578|1631095|1641708|1642263,0,REG,2026,1610612745,,,,,
22500001703,,Shot Chart Detail,22500001,703,1641708,Amen Thompson,1610612745,Houston Rockets,5,4,45,Missed Shot,Jump Shot,3PT Field Goal,Right Corner 3,Right Side(R),24+ ft.,23,230,-4,1,0,20251021,OKC,HOU,28950,1,201142|203500|1630578|1631095|1641708,0,REG,2026,1610612745,,,,,
22500001714,,Shot Chart Detail,22500001,714,1631095,Jabari Smith Jr.,1610612745,Houston Rockets,5,3,56,Missed Shot,Pullup Jump shot,2PT Field Goal,Mid-Range,Left Side(L),8-16 ft.,14,-146,-9,1,0,20251021,OKC,HOU,29440,1,201142|203500|1630578|1631095|1641708,0,REG,2026,1610612745,,,,,
22500001722,,Shot Chart Detail,22500001,722,1630578,Alperen Sengun,1610612745,Houston Rockets,5,3,14,Made Shot,Turnaround Hook Shot,2PT Field Goal,In The Paint (Non-RA),Center(C),Less Than 8 ft.,7,-16,71,1,1,20251021,OKC,HOU,29860,1,201142|1629006|1630578|1631095|1641708,0,REG,2026,1610612745,,,,,
22500001735,,Shot Chart Detail,22500001,735,1631095,Jabari Smith Jr.,1610612745,Houston Rockets,5,2,0,Made Shot,Jump Shot,3PT Field Goal,Left Corner 3,Left Side(L),24+ ft.,23,-233,-6,1,1,20251021,OKC,HOU,30600,1,201142|1629006|1630578|1631095|1642263,1,REG,2026,1610612745,,,,,
22500001765,,Shot Chart Detail,22500001,765,1630578,Alperen Sengun,1610612745,Houston Rockets,5,0,9,Missed Shot,Driving Floating Jump Shot,2PT Field Goal,In The Paint (Non-RA),Center(C),8-16 ft.,9,44,81,1,0,20251021,OKC,HOU,31710,1,201142|203500|1630578|1631095|1642263,0,REG,2026,1610612745,,,,,
22500001767,,Shot Chart Detail,22500001,767,1630578,Alperen Sengun,1610612745,Houston Rockets,5,0,8,Made Shot,Putback Dunk Shot,2PT Field Goal,Restricted Area,Center(C),Less Than 8 ft.,1,0,13,1,1,20251021,OKC,HOU,31720,1,201142|203500|1629006|1631095|1631106,0,REG,2026,1610612745,,,,,
22500001790,,Shot Chart Detail,22500001,790,1642263,Reed Sheppard,1610612745,Houston Rockets,6,4,39,Missed Shot,Jump Shot,3PT Field Goal,Above the Break 3,Right Side Center(RC),24+ ft.,27,125,248,1,0,20251021,OKC,HOU,32010,2,201142|203500|1630578|1631095|1642263,0,REG,2026,1610612745,,,,,
22500001807,,Shot Chart Detail,22500001,807,1642263,Reed Sheppard,1610612745,Houston Rockets,6,3,18,Missed Shot,Driving Floating Jump Shot,2PT Field Goal,In The Paint (Non-RA),Center(C),Less Than 8 ft.,7,76,6,1,0,20251021,OKC,HOU,32820,2,201142|203500|1630578|1631095|1642263,0,REG,2026,1610612745,,,,,
22500001817,,Shot Chart Detail,22500001,817,1631095,Jabari Smith Jr.,1610612745,Houston Rockets,6,2,28,Made Shot,Turnaround Jump Shot,2PT Field Goal,In The Paint (Non-RA),Center(C),Less Than 8 ft.,6,-10,63,1,1,20251021,OKC,HOU,33320,2,201142|203500|1630578|1631095|1642263,1,REG,2026,1610612745,,,,,
22500001824,,Shot Chart Detail,22500001,824,1630578,Alperen Sengun,1610612745,Houston Rockets,6,1,55,Missed Shot,Turnaround Fadeaway shot,2PT Field Goal,Mid-Range,Left Side(L),8-16 ft.,8,-86,-14,1,0,20251021,OKC,HOU,33650,2,201142|203500|1630578|1631095|1642263,0,REG,2026,1610612745,,,,,
22500001828,,Shot Chart Detail,22500001,828,1631095,Jabari Smith Jr.,1610612745,Houston Rockets,6,1,54,Missed Shot,Alley Oop Layup shot,2PT Field Goal,In The Paint (Non-RA),Right Side(R),8-16 ft.,9,70,58,1,0,20251021,OKC,HOU,33660,2,201142|203500|1630578|1631095|1642263,0,REG,2026,1610612745,,,,,
22500001836,,Shot Chart Detail,22500001,836,201142,Kevin Durant,1610612745,Houston Rockets,6,1,15,Made Shot,Driving Layup Shot,2PT Field Goal,In The Paint (Non-RA),Center(C),Less Than 8 ft.,4,-34,34,1,1,20251021,OKC,HOU,34050,2,201142|203500|1630578|1631095|1642263,0,REG,2026,1610612745,,,,,
22500001853,,Shot Chart Detail,22500001,853,201142,Kevin Durant,1610612745,Houston Rockets,6,0,24,Missed Shot,Pullup Jump shot,3PT Field Goal,Above the Break 3,Center(C),24+ ft.,25,-9,257,1,0,20251021,OKC,HOU,34560,2,201142|203500|1630578|1631095|1631106,0,REG,2026,1610612745,,,,,
22500001855,,Shot Chart Detail,22500001,855,1630578,Alperen Sengun,1610612745,Houston Rockets,6,0,11,Made Shot,Driving Finger Roll Layup Shot,2PT Field Goal,Restricted Area,Center(C),Less Than 8 ft.,2,-16,15,1,1,20251021,OKC,HOU,34690,2,201142|203500|1630578|1631095|1631106,1,REG,2026,1610612745,,,,,
22500001869,,Shot Chart Detail,22500001,869,1631095,Jabari Smith Jr.,1610612745,Houston Rockets,6,0,0,Missed Shot,Turnaround Fadeaway shot,2PT Field Goal,Mid-Range,Left Side(L),16-24 ft.,19,-197,-10,1,0,20251021,OKC,HOU,34800,2,203500|1630578|1631095|1631106|1642263,0,REG,2026,1610612745,,,,,
225000329,,Shot Chart Detail,22500032,9,1630578,Alperen Sengun,1610612745,Houston Rockets,1,11,22,Missed Shot,Jump Shot,3PT Field Goal,Above the Break 3,Left Side Center(LC),24+ ft.,26,-134,227,1,0,20251107,SAS,HOU,380,0,201142|1629006|1630578|1631095|1641708,0,REG,2026,1610612745,,,,,
2250003217,,Shot Chart Detail,22500032,17,1630578,Alperen Sengun,1610612745,Houston Rockets,1,10,58,Made Shot,Cutting Layup Shot,2PT Field Goal,Restricted Area,Center(C),Less Than 8 ft.,1,12,2,1,1,20251107,SAS,HOU,620,0,201142|1629006|1630578|1631095|1641708,1,REG,2026,1610612745,,,,,
2250003221,,Shot Chart Detail,22500032,21,201142,Kevin Durant,1610612745,Houston Rockets,1,10,21,Missed Shot,Pullup Jump shot,2PT Field Goal,In The Paint (Non-RA),Center(C),8-16 ft.,11,51,104,1,0,20251107,SAS,HOU,990,0,201142|1629006|1630578|1631095|1641708,0,REG,2026,1610612745,,,,,
2250003225,,Shot Chart Detail,22500032,25,1641708,Amen Thompson,1610612745,Houston Rockets,1,9,57,Made Shot,Jump Shot,3PT Field Goal,Above the Break 3,Center(C),24+ ft.,26,-77,252,1,1,20251107,SAS,HOU,1230,0,201142|1629006|1630578|1631095|1641708,1,REG,2026,1610612745,,,,,
2250003229,,Shot Chart Detail,22500032,29,1629006,Josh Okogie,1610612745,Houston Rockets,1,9,39,Made Shot,Running Dunk Shot,2PT Field Goal,Restricted Area,Center(C),Less Than 8 ft.,0,4,5,1,1,20251107,SAS,HOU,1410,0,201142|1629006|1630578|1631095|1641708,0,REG,2026,1610612745,,,,,
2250003238,,Shot Chart Detail,22500032,38,1631095,Jabari Smith Jr.,1610612745,Houston Rockets,1,8,46,Missed Shot,Jump Shot,2PT Field Goal,Mid-Range,Left Side(L),8-16 ft.,15,-116,106,1,0,20251107,SAS,HOU,1940,0,201142|1629006|1630578|1631095|1641708,0,REG,2026,1610612745,,,,,
2250003244,,Shot Chart Detail,22500032,44,1629006,Josh Okogie,1610612745,Houston Rockets,1,7,59,Made Shot,Jump Shot,3PT Field Goal,Left Corner 3,Left Side(L),24+ ft.,23,-239,6,1,1,20251107,SAS,HOU,2410,0,201142|1629006|1630578|1631095|1641708,1,REG,2026,1610612745,,,,,
2250003263,,Shot Chart Detail,22500032,63,1630578,Alperen Sengun,1610612745,Houston Rockets,1,6,55,Missed Shot,Layup Shot,2PT Field Goal,Restricted Area,Center(C),Less Than 8 ft.,1,16,-3,1,0,20251107,SAS,HOU,3050,0,201142|1629006|1630578|1631095|1641708,0,REG,2026,1610612745,,,,,
2250003265,,Shot Chart Detail,22500032,65,1631095,Jabari Smith Jr.,1610612745,Houston Rockets,1,6,51,Made Shot,Tip Layup Shot,2PT Field Goal,Restricted Area,Center(C),Less Than 8 ft.,0,0,0,1,1,20251107,SAS,HOU,3090,0,201142|1629006|1630578|1631095|1641708,0,REG,2026,1610612745,,,,,
2250003268,,Shot Chart Detail,22500032,68,201142,Kevin Durant,1610612745,Houston Rockets,1,6,33,Missed Shot,Pullup Jump shot,2PT Field Goal,Mid-Range,Right Side(R),8-16 ft.,12,121,6,1,0,20251107,SAS,HOU,3270,0,201142|1629006|1630578|1631095|1641708,0,REG,2026,1610612745,,,,,
2250003273,,Shot Chart Detail,22500032,73,1630578,Alperen Sengun,1610612745,Houston Rockets,1,6,2,Missed Shot,Hook Shot,2PT Field Goal,In The Paint (Non-RA),Center(C),Less Than 8 ft.,6,-4,64,1,0,20251107,SAS,HOU,3580,0,201142|1629006|1630578|1631095|1641708,0,REG,2026,1610612745,,,,,
2250003278,,Shot Chart Detail,22500032,78,201142,Kevin Durant,1610612745,Houston Rockets,1,5,24,Missed Shot,Jump Shot,2PT Field Goal,Mid-Range,Left Side Center(LC),16-24 ft.,16,-121,117,1,0,20251107,SAS,HOU,3960,0,201142|1629006|1630578|1631095|1641708,0,REG,2026,1610612745,,,,,
2250003284,,Shot Chart Detail,22500032,84,201142,Kevin Durant,1610612745,Houston Rockets,1,4,54,Made Shot,Jump Shot,2PT Field Goal,In The Paint (Non-RA),Center(C),8-16 ft.,13,17,136,1,1,20251107,SAS,HOU,4260,0,201142|1629006|1630578|1631095|1641708,1,REG,2026,1610612745,,,,,
22500032101,,Shot Chart Detail,22500032,101,203500,Steven Adams,1610612745,Houston Rockets,1,4,0,Missed Shot,Alley Oop Dunk Shot,2PT Field Goal,Restricted Area,Center(C),Less Than 8 ft.,0,6,1,1,0,20251107,SAS,HOU,4800,0,201142|203500|1631095|1631106|1642263,0,REG,2026,1610612745,,,,,
22500032107,,Shot Chart Detail,22500032,107,201142,Kevin Durant,1610612745,Houston Rockets,1,3,25,Missed Shot,Turnaround Jump Shot,2PT Field Goal,Mid-Range,Left Side(L),8-16 ft.,13,-121,65,1,0,20251107,SAS,HOU,5150,0,201142|203500|1631095|1631106|1642263,0,REG,2026,1610612745,,,,,
22500032123,,Shot Chart Detail,22500032,123,1642263,Reed Sheppard,1610612745,Houston Rockets,1,2,34,Made Shot,Pullup Jump shot,2PT Field Goal,Mid-Range,Right Side Center(RC),16-24 ft.,16,116,112,1,1,20251107,SAS,HOU,5660,0,203500|1630578|1631106|1641708|1642263,0,REG,2026,1610612745,,,,,
22500032126,,Shot Chart Detail,22500032,126,1641708,Amen Thompson,1610612745,Houston Rockets,1,1,59,Missed Shot,Floating Jump shot,2PT Field Goal,In The Paint (Non-RA),Center(C),Less Than 8 ft.,5,-4,59,1,0,20251107,SAS,HOU,6010,0,203500|1630578|1631106|1641708|1642263,0,REG,2026,1610612745,,,,,
22500032136,,Shot Chart Detail,22500032,136,1630578,Alperen Sengun,1610612745,Houston Rockets,1,1,5,Made Shot,Layup Shot,2PT Field Goal,Restricted Area,Center(C),Less Than 8 ft.,1,-9,10,1,1,20251107,SAS,HOU,6550,0,203500|1630578|1631106|1641708|1642263,0,REG,2026,1610612745,,,,,
22500032139,,Shot Chart Detail,22500032,139,1631106,Tari Eason,1610612745,Houston Rockets,1,0,58,Made Shot,Driving Dunk Shot,2PT Field Goal,Restricted Area,Center(C),Less Than 8 ft.,0,1,2,1,1,20251107,SAS,HOU,6620,0,203500|1630578|1631106|1641708|1642263,0,REG,2026,1610612745,,,,,
22500032141,,Shot Chart Detail,22500032,141,1630578,Alperen Sengun,1610612745,Houston Rockets,1,0,36,Missed Shot,Jump Shot,3PT Field Goal,Above the Break 3,Left Side Center(LC),24+ ft.,28,-134,247,1,0,20251107,SAS,HOU,6840,0,203500|1630578|1631106|1641708|1642263,0,REG,2026,1610612745,,,,,
22500032146,,Shot Chart Detail,22500032,146,1631106,Tari Eason,1610612745,Houston Rockets,1,0,7,Made Shot,Jump Shot,3PT Field Goal,Right Corner 3,Right Side(R),24+ ft.,22,229,5,1,1,20251107,SAS,HOU,7130,0,203500|1630578|1631106|1641708|1642263,1,REG,2026,1610612745,,,,,
22500032170,,Shot Chart Detail,22500032,170,1642263,Reed Sheppard,1610612745,Houston Rockets,2,11,42,Missed Shot,Pullup Jump shot,3PT Field Goal,Above the Break 3,Left Side Center(LC),24+ ft.,25,-99,236,1,0,20251107,SAS,HOU,7380,0,203991|1630578|1631106|1641708|1642263,0,REG,2026,1610612745,,,,,
22500032174,,Shot Chart Detail,22500032,174,1630578,Alperen Sengun,1610612745,Houston Rockets,2,11,3,Made Shot,Layup Shot,2PT Field Goal,Restricted Area,Center(C),Less Than 8 ft.,2,22,-1,1,1,20251107,SAS,HOU,7770,0,203991|1630578|1631106|1641708|1642263,0,REG,2026,1610612745,,,,,
22500032179,,Shot Chart Detail,22500032,179,1641708,Amen Thompson,1610612745,Houston Rockets,2,10,27,Missed Shot,Jump Shot,3PT Field Goal,Above the Break 3,Left Side Center(LC),24+ ft.,25,-185,179,1,0,20251107,SAS,HOU,8130,0,203991|1630578|1631106|1641708|1642263,0,REG,2026,1610612745,,,,,
22500032182,,Shot Chart Detail,22500032,182,1630578,Alperen Sengun,1610612745,Houston Rockets,2,10,1,Missed Shot,Jump Shot,3PT Field Goal,Above the Break 3,Left Side Center(LC),24+ ft.,25,-229,113,1,0,20251107,SAS,HOU,8390,0,203991|1630578|1631106|1641708|1642263,0,REG,2026,1610612745,,,,,
22500032184,,Shot Chart Detail,22500032,184,1641708,Amen Thompson,1610612745,Houston Rockets,2,9,46,Made Shot,Jump Shot,3PT Field Goal,Above the Break 3,Left Side Center(LC),24+ ft.,25,-221,121,1,1,20251107,SAS,HOU,8540,0,203991|1630578|1631106|1641708|1642263,1,REG,2026,1610612745,,,,,
22500032196,,Shot Chart Detail,22500032,196,1642263,Reed Sheppard,1610612745,Houston Rockets,2,9,2,Made Shot,Driving Floating Jump Shot,2PT Field Goal,In The Paint (Non-RA),Center(C),Less Than 8 ft.,4,25,43,1,1,20251107,SAS,HOU,8980,0,203991|1630578|1631106|1641708|1642263,1,REG,2026,1610612745,,,,,
22500032217,,Shot Chart Detail,22500032,217,201142,Kevin Durant,1610612745,Houston Rockets,2,7,44,Made Shot,Turnaround Jump Shot,2PT Field Goal,Mid-Range,Left Side(L),8-16 ft.,13,-82,110,1,1,20251107,SAS,HOU,9760,0,201142|203991|1631095|1631106|1642263,0,REG,2026,1610612745,,,,,
22500032220,,Shot Chart Detail,22500032,220,1642263,Reed Sheppard,1610612745,Houston Rockets,2,7,33,Made Shot,Running Pull-Up Jump Shot,3PT Field Goal,Above the Break 3,Right Side Center(RC),24+ ft.,25,125,217,1,1,20251107,SAS,HOU,9870,0,201142|203991|1631095|1631106|1642263,1,REG,2026,1610612745,,,,,
22500032229,,Shot Chart Detail,22500032,229,1642263,Reed Sheppard,1610612745,Houston Rockets,2,7,10,Missed Shot,Pullup Jump shot,2PT Field Goal,Mid-Range,Right Side(R),8-16 ft.,15,107,106,1,0,20251107,SAS,HOU,10100,0,201142|203991|1631095|1631106|1642263,0,REG,2026,1610612745,,,,,
22500032231,,Shot Chart Detail,22500032,231,1642263,Reed Sheppard,1610612745,Houston Rockets,2,7,4,Made Shot,Jump Shot,3PT Field Goal,Above the Break 3,Right Side Center(RC),24+ ft.,26,109,244,1,1,20251107,SAS,HOU,10160,0,201142|203991|1631095|1631106|1642263,1,REG,2026,1610612745,,,,,
22500032235,,Shot Chart Detail,22500032,235,1631095,Jabari Smith Jr.,1610612745,Houston Rockets,2,6,36,Missed Shot,Turnaround Jump Shot,2PT Field Goal,Mid-Range,Left Side Center(LC),16-24 ft.,16,-97,133,1,0,20251107,SAS,HOU,10440,0,201142|203991|1631095|1631106|1642263,0,REG,2026,1610612745,,,,,
22500032237,,Shot Chart Detail,22500032,237,1631106,Tari Eason,1610612745,Houston Rockets,2,6,28,Missed Shot,Floating Jump shot,2PT Field Goal,Mid-Range,Right Side(R),8-16 ft.,9,91,-4,1,0,20251107,SAS,HOU,10520,0,201142|203991|1631095|1631106|1642263,0,REG,2026,1610612745,,,,,
22500032239,,Shot Chart Detail,22500032,239,201142,Kevin Durant,1610612745,Houston Rockets,2,6,25,Made Shot,Jump Shot,3PT Field Goal,Above the Break 3,Right Side Center(RC),24+ ft.,25,86,237,1,1,20251107,SAS,HOU,10550,0,201142|203991|1631095|1631106|1642263,1,REG,2026,1610612745,,,,,
22500032252,,Shot Chart Detail,22500032,252,201142,Kevin Durant,1610612745,Houston Rockets,2,5,39,Missed Shot,Pullup Jump shot,2PT Field Goal,Mid-Range,Left Side(L),8-16 ft.,14,-110,89,1,0,20251107,SAS,HOU,11010,0,201142|203500|1629006|1631095|1642263,0,REG,2026,1610612745,,,,,
22500032256,,Shot Chart Detail,22500032,256,1629006,Josh Okogie,1610612745,Houston Rockets,2,5,23,Missed Shot,Driving Layup Shot,2PT Field Goal,Restricted Area,Center(C),Less Than 8 ft.,1,13,-1,1,0,20251107,SAS,HOU,11170,0,201142|203500|1629006|1631095|1642263,0,REG,2026,1610612745,,,,,
22500032260,,Shot Chart Detail,22500032,260,1629006,Josh Okogie,1610612745,Houston Rockets,2,5,9,Made Shot,Running Dunk Shot,2PT Field Goal,Restricted Area,Center(C),Less Than 8 ft.,0,0,6,1,1,20251107,SAS,HOU,11310,0,201142|203500|1629006|1631095|1642263,1,REG,2026,1610612745,,,,,
22500032279,,Shot Chart Detail,22500032,279,201142,Kevin Durant,1610612745,Houston Rockets,2,4,1,Missed Shot,Pullup Jump shot,2PT Field Goal,Mid-Range,Center(C),8-16 ft.,14,5,149,1,0,20251107,SAS,HOU,11990,0,201142|203500|1629006|1631095|1641708,0,REG,2026,1610612745,,,,,
22500032281,,Shot Chart Detail,22500032,281,203500,Steven Adams,1610612745,Houston Rockets,2,3,58,Missed Shot,Tip Layup Shot,2PT Field Goal,Restricted Area,Center(C),Less Than 8 ft.,0,0,0,1,0,20251107,SAS,HOU,12020,0,201142|203500|1629006|1631095|1641708,0,REG,2026,1610612745,,,,,
22500032303,,Shot Chart Detail,22500032,303,203500,Steven Adams,1610612745,Houston Rockets,2,3,57,Missed Shot,Tip Layup Shot,2PT Field Goal,Restricted Area,Center(C),Less Than 8 ft.,1,17,10,1,0,20251107,SAS,HOU,12030,0,201142|203500|1629006|1631095|1641708,0,REG,2026,1610612745,,,,,
22500032294,,Shot Chart Detail,22500032,294,1631095,Jabari Smith Jr.,1610612745,Houston Rockets,2,2,58,Missed Shot,Jump Shot,3PT Field Goal,Left Corner 3,Left Side(L),24+ ft.,23,-232,-10,1,0,20251107,SAS,HOU,12620,0,201142|203500|1630578|1631095|1641708,0,REG,2026,1610612745,,,,,
22500032341,,Shot Chart Detail,22500032,341,1631106,Tari Eason,1610612745,Houston Rockets,2,0,6,Missed Shot,Jump Shot,3PT Field Goal,Right Corner 3,Right Side(R),24+ ft.,23,233,-20,1,0,20251107,SAS,HOU,14340,0,203500|1630578|1631095|1631106|1642263,0,REG,2026,1610612745,,,,,
22500032363,,Shot Chart Detail,22500032,363,1630578,Alperen Sengun,1610612745,Houston Rockets,3,11,35,Missed Shot,Hook Shot,2PT Field Goal,In The Paint (Non-RA),Center(C),Less Than 8 ft.,5,2,50,1,0,20251107,SAS,HOU,14650,0,201142|1629006|1630578|1631095|1641708,0,REG,2026,1610612745,,,,,
22500032367,,Shot Chart Detail,22500032,367,1631095,Jabari Smith Jr.,1610612745,Houston Rockets,3,11,12,Made Shot,Running Finger Roll Layup Shot,2PT Field Goal,Restricted Area,Center(C),Less Than 8 ft.,2,23,4,1,1,20251107,SAS,HOU,14880,0,201142|1629006|1630578|1631095|1641708,1,REG,2026,1610612745,,,,,
22500032375,,Shot Chart Detail,22500032,375,1641708,Amen Thompson,1610612745,Houston Rockets,3,10,13,Missed Shot,Turnaround Jump Shot,2PT Field Goal,In The Paint (Non-RA),Center(C),8-16 ft.,9,10,94,1,0,20251107,SAS,HOU,15470,0,201142|1629006|1630578|1631095|1641708,0,REG,2026,1610612745,,,,,
22500032379,,Shot Chart Detail,22500032,379,201142,Kevin Durant,1610612745,Houston Rockets,3,9,37,Made Shot,Pullup Jump shot,2PT Field Goal,In The Paint (Non-RA),Left Side(L),8-16 ft.,15,-80,132,1,1,20251107,SAS,HOU,15830,0,201142|1629006|1630578|1631095|1641708,1,REG,2026,1610612745,,,,,
22500032388,,Shot Chart Detail,22500032,388,201142,Kevin Durant,1610612745,Houston Rockets,3,8,42,Made Shot,Driving Dunk Shot,2PT Field Goal,Restricted Area,Center(C),Less Than 8 ft.,0,1,0,1,1,20251107,SAS,HOU,16380,0,201142|1629006|1630578|1631095|1641708,0,REG,2026,1610612745,,,,,
22500032408,,Shot Chart Detail,22500032,408,1641708,Amen Thompson,1610612745,Houston Rockets,3,7,39,Missed Shot,Driving Finger Roll Layup Shot,2PT Field Goal,Restricted Area,Center(C),Less Than 8 ft.,2,20,3,1,0,20251107,SAS,HOU,17010,0,201142|1629006|1631095|1631106|1641708,0,REG,2026,1610612745,,,,,
22500032415,,Shot Chart Detail,22500032,415,1631106,Tari Eason,1610612745,Houston Rockets,3,7,16,Made Shot,Jump Shot,3PT Field Goal,Right Corner 3,Right Side(R),24+ ft.,22,229,8,1,1,20251107,SAS,HOU,17240,0,201142|1629006|1631095|1631106|1641708,1,REG,2026,1610612745,,,,,
22500032419,,Shot Chart Detail,22500032,419,1629006,Josh Okogie,1610612745,Houston Rockets,3,6,42,Made Shot,Jump Shot,3PT Field Goal,Left Corner 3,Left Side(L),24+ ft.,23,-232,-16,1,1,20251107,SAS,HOU,17580,0,201142|1629006|1631095|1631106|1641708,1,REG,2026,1610612745,,,,,
22500032446,,Shot Chart Detail,22500032,446,1641708,Amen Thompson,1610612745,Houston Rockets,3,5,29,Missed Shot,Fadeaway Jump Shot,2PT Field Goal,In The Paint (Non-RA),Center(C),8-16 ft.,9,-2,90,1,0,20251107,SAS,HOU,18310,0,201142|203500|1631095|1631106|1641708,0,REG,2026,1610612745,,,,,
22500032448,,Shot Chart Detail,22500032,448,1631095,Jabari Smith Jr.,1610612745,Houston Rockets,3,5,26,Missed Shot,Fadeaway Jump Shot,2PT Field Goal,In The Paint (Non-RA),Left Side(L),8-16 ft.,9,-65,64,1,0,20251107,SAS,HOU,18340,0,201142|203500|1631095|1631106|1641708,0,REG,2026,1610612745,,,,,
22500032454,,Shot Chart Detail,22500032,454,1631106,Tari Eason,1610612745,Houston Rockets,3,5,4,Made Shot,Jump Shot,3PT Field Goal,Right Corner 3,Right Side(R),24+ ft.,24,235,55,1,1,20251107,SAS,HOU,18560,0,201142|203500|1631095|1631106|1641708,1,REG,2026,1610612745,,,,,
22500032458,,Shot Chart Detail,22500032,458,1641708,Amen Thompson,1610612745,Houston Rockets,3,4,19,Made Shot,Dunk Shot,2PT Field Goal,Restricted Area,Center(C),Less Than 8 ft.,1,-10,3,1,1,20251107,SAS,HOU,19010,0,201142|203500|1631095|1631106|1641708,1,REG,2026,1610612745,,,,,
22500032492,,Shot Chart Detail,22500032,492,201142,Kevin Durant,1610612745,Houston Rockets,3,2,42,Made Shot,Pullup Jump shot,2PT Field Goal,Mid-Range,Right Side(R),16-24 ft.,17,153,89,1,1,20251107,SAS,HOU,19980,0,201142|203500|1630578|1641708|1642263,1,REG,2026,1610612745,,,,,
22500032499,,Shot Chart Detail,22500032,499,1630578,Alperen Sengun,1610612745,Houston Rockets,3,2,4,Missed Shot,Step Back Jump shot,2PT Field Goal,Mid-Range,Right Side Center(RC),16-24 ft.,17,89,147,1,0,20251107,SAS,HOU,20360,0,201142|203500|1630578|1641708|1642263,0,REG,2026,1610612745,,,,,
22500032508,,Shot Chart Detail,22500032,508,1641708,Amen Thompson,1610612745,Houston Rockets,3,1,44,Missed Shot,Pullup Jump shot,2PT Field Goal,Mid-Range,Right Side Center(RC),16-24 ft.,18,98,152,1,0,20251107,SAS,HOU,20560,0,201142|203500|1630578|1641708|1642263,0,REG,2026,1610612745,,,,,
22500032510,,Shot Chart Detail,22500032,510,1630578,Alperen Sengun,1610612745,Houston Rockets,3,1,41,Missed Shot,Putback Layup Shot,2PT Field Goal,Restricted Area,Center(C),Less Than 8 ft.,0,0,0,1,0,20251107,SAS,HOU,20590,0,201142|203500|1630578|1641708|1642263,0,REG,2026,1610612745,,,,,
22500032514,,Shot Chart Detail,22500032,514,1630578,Alperen Sengun,1610612745,Houston Rockets,3,1,33,Made Shot,Jump Shot,2PT Field Goal,In The Paint (Non-RA),Center(C),8-16 ft.,14,60,131,1,1,20251107,SAS,HOU,20670,0,201142|203500|1630578|1641708|1642263,1,REG,2026,1610612745,,,,,
22500032518,,Shot Chart Detail,22500032,518,203500,Steven Adams,1610612745,Houston Rockets,3,1,6,Made Shot,Cutting Layup Shot,2PT Field Goal,Restricted Area,Center(C),Less Than 8 ft.,3,32,-1,1,1,20251107,SAS,HOU,20940,0,201142|203500|1630578|1641708|1642263,1,REG,2026,1610612745,,,,,
22500032526,,Shot Chart Detail,22500032,526,201142,Kevin Durant,1610612745,Houston Rockets,3,0,30,Made Shot,Driving Floating Jump Shot,2PT Field Goal,Restricted Area,Center(C),Less Than 8 ft.,3,4,35,1,1,20251107,SAS,HOU,21300,0,201142|203500|1630578|1641708|1642263,1,REG,2026,1610612745,,,,,
22500032530,,Shot Chart Detail,22500032,530,1630578,Alperen Sengun,1610612745,Houston Rockets,3,0,0,Made Shot,Jump Shot,3PT Field Goal,Above the Break 3,Right Side Center(RC),24+ ft.,24,224,108,1,1,20251107,SAS,HOU,21600,0,201142|203500|1630578|1641708|1642263,1,REG,2026,1610612745,,,,,
22500032544,,Shot Chart Detail,22500032,544,1642263,Reed Sheppard,1610612745,Houston Rockets,4,11,23,Missed Shot,Jump Shot,3PT Field Goal,Left Corner 3,Left Side(L),24+ ft.,23,-232,4,1,0,20251107,SAS,HOU,21970,0,203500|1630578|1631106|1641708|1642263,0,REG,2026,1610612745,,,,,
22500032550,,Shot Chart Detail,22500032,550,1630578,Alperen Sengun,1610612745,Houston Rockets,4,10,59,Missed Shot,Jump Shot,3PT Field Goal,Above the Break 3,Left Side Center(LC),24+ ft.,25,-147,213,1,0,20251107,SAS,HOU,22210,0,203500|1630578|1631106|1641708|1642263,0,REG,2026,1610612745,,,,,
22500032554,,Shot Chart Detail,22500032,554,1642263,Reed Sheppard,1610612745,Houston Rockets,4,10,35,Made Shot,Pullup Jump shot,3PT Field Goal,Above the Break 3,Center(C),24+ ft.,26,-77,251,1,1,20251107,SAS,HOU,22450,0,203500|1630578|1631106|1641708|1642263,0,REG,2026,1610612745,,,,,
22500032559,,Shot Chart Detail,22500032,559,1641708,Amen Thompson,1610612745,Houston Rockets,4,9,50,Missed Shot,Jump Shot,3PT Field Goal,Right Corner 3,Right Side(R),24+ ft.,22,225,9,1,0,20251107,SAS,HOU,22900,0,203500|1630578|1631106|1641708|1642263,0,REG,2026,1610612745,,,,,
22500032563,,Shot Chart Detail,22500032,563,1630578,Alperen Sengun,1610612745,Houston Rockets,4,9,22,Made Shot,Turnaround Jump Shot,2PT Field Goal,In The Paint (Non-RA),Center(C),8-16 ft.,13,7,134,1,1,20251107,SAS,HOU,23180,0,203500|1630578|1631106|1641708|1642263,0,REG,2026,1610612745,,,,,
22500032568,,Shot Chart Detail,22500032,568,1630578,Alperen Sengun,1610612745,Houston Rockets,4,8,47,Missed Shot,Turnaround Hook Shot,2PT Field Goal,In The Paint (Non-RA),Center(C),8-16 ft.,13,12,132,1,0,20251107,SAS,HOU,23530,0,203500|1630578|1631106|1641708|1642263,0,REG,2026,1610612745,,,,,
22500032579,,Shot Chart Detail,22500032,579,1630578,Alperen Sengun,1610612745,Houston Rockets,4,8,9,Made Shot,Alley Oop Layup shot,2PT Field Goal,Restricted Area,Center(C),Less Than 8 ft.,3,36,5,1,1,20251107,SAS,HOU,23910,0,201142|1629006|1630578|1631106|1642263,1,REG,2026,1610612745,,,,,
22500032591,,Shot Chart Detail,22500032,591,201142,Kevin Durant,1610612745,Houston Rockets,4,7,23,Missed Shot,Fadeaway Jump Shot,2PT Field Goal,Mid-Range,Left Side(L),8-16 ft.,12,-123,1,1,0,20251107,SAS,HOU,24370,0,201142|1629006|1630578|1631106|1642263,0,REG,2026,1610612745,,,,,
22500032593,,Shot Chart Detail,22500032,593,1630578,Alperen Sengun,1610612745,Houston Rockets,4,7,19,Made Shot,Tip Layup Shot,2PT Field Goal,Restricted Area,Center(C),Less Than 8 ft.,0,0,0,1,1,20251107,SAS,HOU,24410,0,201142|1629006|1630578|1631106|1642263,0,REG,2026,1610612745,,,,,
22500032596,,Shot Chart Detail,22500032,596,201142,Kevin Durant,1610612745,Houston Rockets,4,7,1,Missed Shot,Pullup Jump shot,2PT Field Goal,Mid-Range,Right Side(R),8-16 ft.,14,131,71,1,0,20251107,SAS,HOU,24590,0,201142|1629006|1630578|1631106|1642263,0,REG,2026,1610612745,,,,,
22500032605,,Shot Chart Detail,22500032,605,201142,Kevin Durant,1610612745,Houston Rockets,4,6,55,Missed Shot,Jump Shot,3PT Field Goal,Above the Break 3,Right Side Center(RC),24+ ft.,27,174,215,1,0,20251107,SAS,HOU,24650,0,201142|1629006|1630578|1631106|1642263,0,REG,2026,1610612745,,,,,
22500032616,,Shot Chart Detail,22500032,616,201142,Kevin Durant,1610612745,Houston Rockets,4,5,51,Made Shot,Running Dunk Shot,2PT Field Goal,Restricted Area,Center(C),Less Than 8 ft.,0,-5,4,1,1,20251107,SAS,HOU,25290,0,201142|1629006|1630578|1631106|1642263,1,REG,2026,1610612745,,,,,
22500032622,,Shot Chart Detail,22500032,622,1630578,Alperen Sengun,1610612745,Houston Rockets,4,5,21,Made Shot,Driving Dunk Shot,2PT Field Goal,Restricted Area,Center(C),Less Than 8 ft.,1,0,10,1,1,20251107,SAS,HOU,25590,0,201142|1629006|1630578|1641708|1642263,0,REG,2026,1610612745,,,,,
22500032625,,Shot Chart Detail,22500032,625,1641708,Amen Thompson,1610612745,Houston Rockets,4,4,48,Made Shot,Layup Shot,2PT Field Goal,Restricted Area,Center(C),Less Than 8 ft.,2,22,10,1,1,20251107,SAS,HOU,25920,0,201142|1629006|1630578|1641708|1642263,1,REG,2026,1610612745,,,,,
22500032632,,Shot Chart Detail,22500032,632,1642263,Reed Sheppard,1610612745,Houston Rockets,4,4,12,Made Shot,Pullup Jump shot,3PT Field Goal,Above the Break 3,Center(C),24+ ft.,25,-33,255,1,1,20251107,SAS,HOU,26280,0,201142|1629006|1630578|1641708|1642263,0,REG,2026,1610612745,,,,,
22500032643,,Shot Chart Detail,22500032,643,1630578,Alperen Sengun,1610612745,Houston Rockets,4,3,16,Missed Shot,Driving Layup Shot,2PT Field Goal,Restricted Area,Center(C),Less Than 8 ft.,1,-13,4,1,0,20251107,SAS,HOU,26840,0,201142|1629006|1630578|1641708|1642263,0,REG,2026,1610612745,,,,,
22500032652,,Shot Chart Detail,22500032,652,1629006,Josh Okogie,1610612745,Houston Rockets,4,2,39,Missed Shot,Jump Shot,3PT Field Goal,Right Corner 3,Right Side(R),24+ ft.,23,235,34,1,0,20251107,SAS,HOU,27210,0,201142|1629006|1630578|1641708|1642263,0,REG,2026,1610612745,,,,,
22500032659,,Shot Chart Detail,22500032,659,201142,Kevin Durant,1610612745,Houston Rockets,4,1,58,Missed Shot,Fadeaway Jump Shot,2PT Field Goal,Mid-Range,Center(C),16-24 ft.,16,-15,167,1,0,20251107,SAS,HOU,27620,0,201142|1629006|1630578|1641708|1642263,0,REG,2026,1610612745,,,,,
22500032661,,Shot Chart Detail,22500032,661,1642263,Reed Sheppard,1610612745,Houston Rockets,4,1,56,Missed Shot,Jump Shot,3PT Field Goal,Above the Break 3,Right Side Center(RC),24+ ft.,26,173,201,1,0,20251107,SAS,HOU,27640,0,201142|1629006|1630578|1641708|1642263,0,REG,2026,1610612745,,,,,
22500032692,,Shot Chart Detail,22500032,692,1630578,Alperen Sengun,1610612745,Houston Rockets,4,0,31,Missed Shot,Jump Shot,3PT Field Goal,Above the Break 3,Right Side Center(RC),24+ ft.,33,197,273,1,0,20251107,SAS,HOU,28490,0,201142|1629006|1630578|1631106|1641708,0,REG,2026,1610612745,,,,,
22500032694,,Shot Chart Detail,22500032,694,1641708,Amen Thompson,1610612745,Houston Rockets,4,0,28,Missed Shot,Jump Shot,2PT Field Goal,Mid-Range,Left Side Center(LC),16-24 ft.,21,-156,148,1,0,20251107,SAS,HOU,28520,0,201142|1629006|1630578|1631106|1641708,0,REG,2026,1610612745,,,,,
22500032698,,Shot Chart Detail,22500032,698,1629006,Josh Okogie,1610612745,Houston Rockets,4,0,23,Missed Shot,Dunk Shot,2PT Field Goal,Restricted Area,Center(C),Less Than 8 ft.,1,-13,14,1,0,20251107,SAS,HOU,28570,0,201142|1629006|1630578|1631106|1641708,0,REG,2026,1610612745,,,,,
22500032700,,Shot Chart Detail,22500032,700,1630578,Alperen Sengun,1610612745,Houston Rockets,4,0,20,Made Shot,Putback Layup Shot,2PT Field Goal,Restricted Area,Center(C),Less Than 8 ft.,1,-10,15,1,1,20251107,SAS,HOU,28600,0,201142|1629006|1630578|1631106|1641708,0,REG,2026,1610612745,,,,,
225000428,,Shot Chart Detail,22500042,8,1630578,Alperen Sengun,1610612745,Houston Rockets,1,11,37,Made Shot,Fadeaway Jump Shot,2PT Field Goal,Mid-Range,Center(C),8-16 ft.,15,15,153,1,1,20251114,HOU,POR,230,0,201142|1629006|1630578|1631095|1641708,0,REG,2026,1610612745,,,,,
2250004215,,Shot Chart Detail,22500042,15,1630578,Alperen Sengun,1610612745,Houston Rockets,1,11,7,Missed Shot,Driving Hook Shot,2PT Field Goal,In The Paint (Non-RA),Center(C),Less Than 8 ft.,7,61,47,1,0,20251114,HOU,POR,530,0,201142|1629006|1630578|1631095|1641708,0,REG,2026,1610612745,,,,,
2250004224,,Shot Chart Detail,22500042,24,201142,Kevin Durant,1610612745,Houston Rockets,1,10,45,Missed Shot,Pullup Jump shot,2PT Field Goal,In The Paint (Non-RA),Center(C),8-16 ft.,14,-67,125,1,0,20251114,HOU,POR,750,0,201142|1629006|1630578|1631095|1641708,0,REG,2026,1610612745,,,,,
2250004228,,Shot Chart Detail,22500042,28,1641708,Amen Thompson,1610612745,Houston Rockets,1,10,20,Missed Shot,Jump Shot,3PT Field Goal,Above the Break 3,Center(C),24+ ft.,26,2,267,1,0,20251114,HOU,POR,1000,0,201142|1629006|1630578|1631095|1641708,0,REG,2026,1610612745,,,,,
2250004232,,Shot Chart Detail,22500042,32,201142,Kevin Durant,1610612745,Houston Rockets,1,9,42,Made Shot,Turnaround Fadeaway shot,2PT Field Goal,In The Paint (Non-RA),Center(C),8-16 ft.,13,-43,128,1,1,20251114,HOU,POR,1380,0,201142|1629006|1630578|1631095|1641708,0,REG,2026,1610612745,,,,,
2250004234,,Shot Chart Detail,22500042,34,1641708,Amen Thompson,1610612745,Houston Rockets,1,9,13,Missed Shot,Cutting Layup Shot,2PT Field Goal,Restricted Area,Center(C),Less Than 8 ft.,2,-23,5,1,0,20251114,HOU,POR,1670,0,201142|1629006|1630578|1631095|1641708,0,REG,2026,1610612745,,,,,
2250004237,,Shot Chart Detail,22500042,37,1629006,Josh Okogie,1610612745,Houston Rockets,1,9,9,Missed Shot,Jump Shot,3PT Field Goal,Above the Break 3,Right Side Center(RC),24+ ft.,25,224,126,1,0,20251114,HOU,POR,1710,0,201142|1629006|1630578|1631095|1641708,0,REG,2026,1610612745,,,,,
2250004240,,Shot Chart Detail,22500042,40,1630578,Alperen Sengun,1610612745,Houston Rockets,1,8,45,Made Shot,Pullup Jump shot,3PT Field Goal,Above the Break 3,Center(C),24+ ft.,26,40,257,1,1,20251114,HOU,POR,1950,0,201142|1629006|1630578|1631095|1641708,0,REG,2026,1610612745,,,,,
2250004246,,Shot Chart Detail,22500042,46,201142,Kevin Durant,1610612745,Houston Rockets,1,8,8,Missed Shot,Pullup Jump shot,2PT Field Goal,Mid-Range,Center(C),16-24 ft.,16,1,169,1,0,20251114,HOU,POR,2320,0,201142|1629006|1630578|1631095|1641708,0,REG,2026,1610612745,,,,,
2250004251,,Shot Chart Detail,22500042,51,1631095,Jabari Smith Jr.,1610612745,Houston Rockets,1,7,40,Missed Shot,Jump Shot,3PT Field Goal,Left Corner 3,Left Side(L),24+ ft.,22,-222,5,1,0,20251114,HOU,POR,2600,0,201142|1629006|1630578|1631095|1641708,0,REG,2026,1610612745,,,,,
2250004255,,Shot Chart Detail,22500042,55,1629006,Josh Okogie,1610612745,Houston Rockets,1,7,22,Missed Shot,Jump Shot,3PT Field Goal,Left Corner 3,Left Side(L),24+ ft.,22,-228,25,1,0,20251114,HOU,POR,2780,0,201142|1629006|1630578|1631095|1641708,0,REG,2026,1610612745,,,,,
2250004259,,Shot Chart Detail,22500042,59,201142,Kevin Durant,1610612745,Houston Rockets,1,7,9,Made Shot,Running Jump Shot,3PT Field Goal,Above the Break 3,Left Side Center(LC),24+ ft.,24,-205,141,1,1,20251114,HOU,POR,2910,0,201142|1629006|1630578|1631095|1641708,1,REG,2026,1610612745,,,,,
2250004275,,Shot Chart Detail,22500042,75,1630578,Alperen Sengun,1610612745,Houston Rockets,1,6,3,Made Shot,Pullup Jump shot,2PT Field Goal,Mid-Range,Right Side Center(RC),16-24 ft.,16,64,157,1,1,20251114,HOU,POR,3570,0,201142|1629006|1630578|1631095|1641708,0,REG,2026,1610612745,,,,,
2250004277,,Shot Chart Detail,22500042,77,1631095,Jabari Smith Jr.,1610612745,Houston Rockets,1,5,38,Made Shot,Cutting Dunk Shot,2PT Field Goal,In The Paint (Non-RA),Center(C),Less Than 8 ft.,5,51,23,1,1,20251114,HOU,POR,3820,0,201142|1629006|1630578|1631095|1641708,1,REG,2026,1610612745,,,,,
2250004288,,Shot Chart Detail,22500042,88,201142,Kevin Durant,1610612745,Houston Rockets,1,5,13,Made Shot,Running Dunk Shot,2PT Field Goal,In The Paint (Non-RA),Center(C),Less Than 8 ft.,4,36,21,1,1,20251114,HOU,POR,4070,0,201142|203500|1631095|1631106|1642263,1,REG,2026,1610612745,,,,,
2250004291,,Shot Chart Detail,22500042,91,1631095,Jabari Smith Jr.,1610612745,Houston Rockets,1,4,43,Missed Shot,Pullup Jump shot,2PT Field Goal,Mid-Range,Left Side Center(LC),16-24 ft.,17,-119,130,1,0,20251114,HOU,POR,4370,0,201142|203500|1631095|1631106|1642263,0,REG,2026,1610612745,,,,,
2250004293,,Shot Chart Detail,22500042,93,1631095,Jabari Smith Jr.,1610612745,Houston Rockets,1,4,38,Made Shot,Jump Shot,3PT Field Goal,Above the Break 3,Left Side Center(LC),24+ ft.,24,-190,160,1,1,20251114,HOU,POR,4420,0,201142|203500|1631095|1631106|1642263,1,REG,2026,1610612745,,,,,
22500042103,,Shot Chart Detail,22500042,103,201142,Kevin Durant,1610612745,Houston Rockets,1,4,10,Made Shot,Driving Floating Bank Jump Shot,2PT Field Goal,Mid-Range,Left Side(L),8-16 ft.,9,-92,22,1,1,20251114,HOU,POR,4700,0,201142|203500|1631106|1641708|1642263,0,REG,2026,1610612745,,,,,
22500042116,,Shot Chart Detail,22500042,116,1641708,Amen Thompson,1610612745,Houston Rockets,1,3,39,Made Shot,Driving Finger Roll Layup Shot,2PT Field Goal,Restricted Area,Center(C),Less Than 8 ft.,3,23,25,1,1,20251114,HOU,POR,5010,0,201142|203500|1631106|1641708|1642263,0,REG,2026,1610612745,,,,,
22500042119,,Shot Chart Detail,22500042,119,1641708,Amen Thompson,1610612745,Houston Rockets,1,3,26,Made Shot,Running Layup Shot,2PT Field Goal,Restricted Area,Center(C),Less Than 8 ft.,2,9,23,1,1,20251114,HOU,POR,5140,0,201142|203500|1631106|1641708|1642263,1,REG,2026,1610612745,,,,,
22500042132,,Shot Chart Detail,22500042,132,201142,Kevin Durant,1610612745,Houston Rockets,1,2,52,Made Shot,Fadeaway Bank shot,2PT Field Goal,In The Paint (Non-RA),Right Side(R),8-16 ft.,8,70,39,1,1,20251114,HOU,POR,5480,0,201142|203500|1631106|1641708|1642263,0,REG,2026,1610612745,,,,,
22500042135,,Shot Chart Detail,22500042,135,1641708,Amen Thompson,1610612745,Houston Rockets,1,2,36,Made Shot,Running Finger Roll Layup Shot,2PT Field Goal,Restricted Area,Center(C),Less Than 8 ft.,2,-15,21,1,1,20251114,HOU,POR,5640,0,201142|203500|1631106|1641708|1642263,1,REG,2026,1610612745,,,,,
22500042139,,Shot Chart Detail,22500042,139,1642263,Reed Sheppard,1610612745,Houston Rockets,1,2,15,Missed Shot,Running Jump Shot,3PT Field Goal,Above the Break 3,Right Side Center(RC),24+ ft.,25,224,131,1,0,20251114,HOU,POR,5850,0,201142|203500|1631106|1641708|1642263,0,REG,2026,1610612745,,,,,
22500042149,,Shot Chart Detail,22500042,149,201142,Kevin Durant,1610612745,Houston Rockets,1,1,44,Made Shot,Pullup Jump shot,2PT Field Goal,In The Paint (Non-RA),Left Side(L),8-16 ft.,11,-61,102,1,1,20251114,HOU,POR,6160,0,201142|203500|1630578|1631106|1642263,0,REG,2026,1610612745,,,,,
22500042152,,Shot Chart Detail,22500042,152,1642263,Reed Sheppard,1610612745,Houston Rockets,1,1,16,Made Shot,Jump Shot,3PT Field Goal,Above the Break 3,Right Side Center(RC),24+ ft.,28,152,241,1,1,20251114,HOU,POR,6440,0,201142|203500|1630578|1631106|1642263,1,REG,2026,1610612745,,,,,
22500042158,,Shot Chart Detail,22500042,158,1631106,Tari Eason,1610612745,Houston Rockets,1,0,47,Made Shot,Jump Shot,3PT Field Goal,Above the Break 3,Right Side Center(RC),24+ ft.,26,235,116,1,1,20251114,HOU,POR,6730,0,201142|203500|1630578|1631106|1642263,1,REG,2026,1610612745,,,,,
22500042182,,Shot Chart Detail,22500042,182,1642263,Reed Sheppard,1610612745,Houston Rockets,2,11,32,Missed Shot,Jump Shot,3PT Field Goal,Above the Break 3,Left Side Center(LC),24+ ft.,26,-169,209,1,0,20251114,HOU,POR,7480,0,203991|1630578|1631106|1641708|1642263,0,REG,2026,1610612745,,,,,
22500042185,,Shot Chart Detail,22500042,185,1641708,Amen Thompson,1610612745,Houston Rockets,2,10,58,Missed Shot,Jump Shot,3PT Field Goal,Above the Break 3,Left Side Center(LC),24+ ft.,25,-103,238,1,0,20251114,HOU,POR,7820,0,203991|1630578|1631106|1641708|1642263,0,REG,2026,1610612745,,,,,
22500042190,,Shot Chart Detail,22500042,190,1631106,Tari Eason,1610612745,Houston Rockets,2,10,32,Missed Shot,Jump Shot,3PT Field Goal,Above the Break 3,Right Side Center(RC),24+ ft.,26,134,232,1,0,20251114,HOU,POR,8080,0,203991|1630578|1631106|1641708|1642263,0,REG,2026,1610612745,,,,,
22500042198,,Shot Chart Detail,22500042,198,1641708,Amen Thompson,1610612745,Houston Rockets,2,9,59,Missed Shot,Driving Finger Roll Layup Shot,2PT Field Goal,In The Paint (Non-RA),Center(C),Less Than 8 ft.,5,51,31,1,0,20251114,HOU,POR,8410,0,203991|1630578|1631106|1641708|1642263,0,REG,2026,1610612745,,,,,
22500042202,,Shot Chart Detail,22500042,202,1631106,Tari Eason,1610612745,Houston Rockets,2,9,38,Missed Shot,Running Jump Shot,3PT Field Goal,Above the Break 3,Right Side Center(RC),24+ ft.,25,224,128,1,0,20251114,HOU,POR,8620,0,203991|1630578|1631106|1641708|1642263,0,REG,2026,1610612745,,,,,
22500042205,,Shot Chart Detail,22500042,205,1642263,Reed Sheppard,1610612745,Houston Rockets,2,9,29,Missed Shot,Jump Shot,3PT Field Goal,Left Corner 3,Left Side(L),24+ ft.,22,-228,11,1,0,20251114,HOU,POR,8710,0,203991|1630578|1631106|1641708|1642263,0,REG,2026,1610612745,,,,,
22500042209,,Shot Chart Detail,22500042,209,1642263,Reed Sheppard,1610612745,Houston Rockets,2,8,58,Made Shot,Jump Shot,3PT Field Goal,Above the Break 3,Center(C),24+ ft.,29,2,290,1,1,20251114,HOU,POR,9020,0,203991|1630578|1631106|1641708|1642263,1,REG,2026,1610612745,,,,,
22500042218,,Shot Chart Detail,22500042,218,1631106,Tari Eason,1610612745,Houston Rockets,2,8,10,Missed Shot,Driving Layup Shot,2PT Field Goal,In The Paint (Non-RA),Center(C),Less Than 8 ft.,6,-2,69,1,0,20251114,HOU,POR,9500,0,203991|1630578|1631095|1631106|1642263,0,REG,2026,1610612745,,,,,
22500042220,,Shot Chart Detail,22500042,220,1631106,Tari Eason,1610612745,Houston Rockets,2,8,7,Missed Shot,Tip Layup Shot,2PT Field Goal,Restricted Area,Center(C),Less Than 8 ft.,0,0,0,1,0,20251114,HOU,POR,9530,0,203991|1630578|1631095|1631106|1642263,0,REG,2026,1610612745,,,,,
22500042222,,Shot Chart Detail,22500042,222,1631106,Tari Eason,1610612745,Houston Rockets,2,8,3,Missed Shot,Jump Shot,3PT Field Goal,Left Corner 3,Left Side(L),24+ ft.,22,-221,21,1,0,20251114,HOU,POR,9570,0,203991|1630578|1631095|1631106|1642263,0,REG,2026,1610612745,,,,,
22500042229,,Shot Chart Detail,22500042,229,1631095,Jabari Smith Jr.,1610612745,Houston Rockets,2,7,34,Missed Shot,Jump Shot,3PT Field Goal,Above the Break 3,Right Side Center(RC),24+ ft.,26,178,194,1,0,20251114,HOU,POR,9860,0,203991|1630578|1631095|1631106|1642263,0,REG,2026,1610612745,,,,,
22500042245,,Shot Chart Detail,22500042,245,201142,Kevin Durant,1610612745,Houston Rockets,2,6,37,Made Shot,Jump Shot,2PT Field Goal,Mid-Range,Center(C),16-24 ft.,16,-7,164,1,1,20251114,HOU,POR,10430,0,201142|1629006|1630578|1631095|1642263,0,REG,2026,1610612745,,,,,
22500042249,,Shot Chart Detail,22500042,249,1631095,Jabari Smith Jr.,1610612745,Houston Rockets,2,6,5,Made Shot,Jump Shot,3PT Field Goal,Above the Break 3,Left Side Center(LC),24+ ft.,25,-196,157,1,1,20251114,HOU,POR,10750,0,201142|1629006|1630578|1631095|1642263,1,REG,2026,1610612745,,,,,
22500042253,,Shot Chart Detail,22500042,253,1630578,Alperen Sengun,1610612745,Houston Rockets,2,5,22,Made Shot,Jump Shot,3PT Field Goal,Right Corner 3,Right Side(R),24+ ft.,23,237,23,1,1,20251114,HOU,POR,11180,0,201142|1629006|1630578|1631095|1642263,1,REG,2026,1610612745,,,,,
22500042268,,Shot Chart Detail,22500042,268,1641708,Amen Thompson,1610612745,Houston Rockets,2,4,40,Made Shot,Jump Shot,2PT Field Goal,Mid-Range,Center(C),16-24 ft.,16,-50,155,1,1,20251114,HOU,POR,11600,0,201142|1629006|1630578|1631095|1641708,1,REG,2026,1610612745,,,,,
22500042273,,Shot Chart Detail,22500042,273,201142,Kevin Durant,1610612745,Houston Rockets,2,4,24,Made Shot,Running Dunk Shot,2PT Field Goal,Restricted Area,Center(C),Less Than 8 ft.,1,6,18,1,1,20251114,HOU,POR,11760,0,201142|1629006|1630578|1631095|1641708,1,REG,2026,1610612745,,,,,
22500042283,,Shot Chart Detail,22500042,283,1631095,Jabari Smith Jr.,1610612745,Houston Rockets,2,3,50,Missed Shot,Jump Shot,3PT Field Goal,Right Corner 3,Right Side(R),24+ ft.,23,232,17,1,0,20251114,HOU,POR,12100,0,201142|1629006|1630578|1631095|1641708,0,REG,2026,1610612745,,,,,
22500042285,,Shot Chart Detail,22500042,285,201142,Kevin Durant,1610612745,Houston Rockets,2,3,43,Missed Shot,Driving Floating Jump Shot,2PT Field Goal,In The Paint (Non-RA),Center(C),8-16 ft.,12,43,113,1,0,20251114,HOU,POR,12170,0,201142|1629006|1630578|1631095|1641708,0,REG,2026,1610612745,,,,,
22500042296,,Shot Chart Detail,22500042,296,1641708,Amen Thompson,1610612745,Houston Rockets,2,3,13,Missed Shot,Driving Layup Shot,2PT Field Goal,In The Paint (Non-RA),Center(C),Less Than 8 ft.,4,-22,41,1,0,20251114,HOU,POR,12470,0,201142|1629006|1630578|1631095|1641708,0,REG,2026,1610612745,,,,,
22500042301,,Shot Chart Detail,22500042,301,1631095,Jabari Smith Jr.,1610612745,Houston Rockets,2,3,4,Missed Shot,Hook Shot,2PT Field Goal,In The Paint (Non-RA),Center(C),Less Than 8 ft.,4,2,49,1,0,20251114,HOU,POR,12560,0,201142|1629006|1630578|1631095|1641708,0,REG,2026,1610612745,,,,,
22500042303,,Shot Chart Detail,22500042,303,1631095,Jabari Smith Jr.,1610612745,Houston Rockets,2,3,2,Made Shot,Tip Layup Shot,2PT Field Goal,Restricted Area,Center(C),Less Than 8 ft.,0,0,0,1,1,20251114,HOU,POR,12580,0,201142|1629006|1630578|1631095|1641708,0,REG,2026,1610612745,,,,,
22500042308,,Shot Chart Detail,22500042,308,1629006,Josh Okogie,1610612745,Houston Rockets,2,2,30,Missed Shot,Cutting Dunk Shot,2PT Field Goal,Restricted Area,Center(C),Less Than 8 ft.,3,-1,38,1,0,20251114,HOU,POR,12900,0,201142|1629006|1630578|1631095|1641708,0,REG,2026,1610612745,,,,,
22500042313,,Shot Chart Detail,22500042,313,1641708,Amen Thompson,1610612745,Houston Rockets,2,2,8,Missed Shot,Step Back Jump shot,2PT Field Goal,Mid-Range,Left Side(L),16-24 ft.,22,-208,83,1,0,20251114,HOU,POR,13120,0,201142|1629006|1630578|1631095|1641708,0,REG,2026,1610612745,,,,,
22500042318,,Shot Chart Detail,22500042,318,1630578,Alperen Sengun,1610612745,Houston Rockets,2,2,5,Made Shot,Driving Reverse Layup Shot,2PT Field Goal,Restricted Area,Center(C),Less Than 8 ft.,2,-13,22,1,1,20251114,HOU,POR,13150,0,201142|1629006|1630578|1631095|1641708,0,REG,2026,1610612745,,,,,
22500042327,,Shot Chart Detail,22500042,327,1631095,Jabari Smith Jr.,1610612745,Houston Rockets,2,2,5,Made Shot,Tip Layup Shot,2PT Field Goal,Restricted Area,Center(C),Less Than 8 ft.,0,0,0,1,1,20251114,HOU,POR,13150,0,201142|1629006|1630578|1631095|1641708,0,REG,2026,1610612745,,,,,
22500042329,,Shot Chart Detail,22500042,329,1641708,Amen Thompson,1610612745,Houston Rockets,2,1,38,Made Shot,Driving Dunk Shot,2PT Field Goal,In The Paint (Non-RA),Center(C),Less Than 8 ft.,5,38,39,1,1,20251114,HOU,POR,13420,0,201142|1629006|1630578|1631095|1641708,0,REG,2026,1610612745,,,,,
22500042332,,Shot Chart Detail,22500042,332,201142,Kevin Durant,1610612745,Houston Rockets,2,1,5,Missed Shot,Jump Shot,3PT Field Goal,Above the Break 3,Right Side Center(RC),24+ ft.,26,176,194,1,0,20251114,HOU,POR,13750,0,201142|1629006|1630578|1631095|1641708,0,REG,2026,1610612745,,,,,
22500042347,,Shot Chart Detail,22500042,347,1631095,Jabari Smith Jr.,1610612745,Houston Rockets,2,0,35,Made Shot,Jump Shot,3PT Field Goal,Left Corner 3,Left Side(L),24+ ft.,22,-224,0,1,1,20251114,HOU,POR,14050,0,201142|1629006|1630578|1631095|1641708,1,REG,2026,1610612745,,,,,
22500042352,,Shot Chart Detail,22500042,352,1630578,Alperen Sengun,1610612745,Houston Rockets,2,0,3,Missed Shot,Jump Shot,3PT Field Goal,Above the Break 3,Right Side Center(RC),24+ ft.,26,207,159,1,0,20251114,HOU,POR,14370,0,201142|1629006|1630578|1631095|1641708,0,REG,2026,1610612745,,,,,
22500042354,,Shot Chart Detail,22500042,354,1629006,Josh Okogie,1610612745,Houston Rockets,2,0,1,Made Shot,Tip Layup Shot,2PT Field Goal,Restricted Area,Center(C),Less Than 8 ft.,0,0,0,1,1,20251114,HOU,POR,14390,0,201142|1629006|1630578|1631095|1641708,0,REG,2026,1610612745,,,,,
22500042368,,Shot Chart Detail,22500042,368,1630578,Alperen Sengun,1610612745,Houston Rockets,3,11,39,Made Shot,Jump Shot,3PT Field Goal,Above the Break 3,Left Side Center(LC),24+ ft.,26,-153,218,1,1,20251114,HOU,POR,14610,0,201142|1629006|1630578|1631095|1641708,1,REG,2026,1610612745,,,,,
22500042372,,Shot Chart Detail,22500042,372,1631095,Jabari Smith Jr.,1610612745,Houston Rockets,3,11,19,Made Shot,Running Dunk Shot,2PT Field Goal,Restricted Area,Center(C),Less Than 8 ft.,3,17,29,1,1,20251114,HOU,POR,14810,0,201142|1629006|1630578|1631095|1641708,1,REG,2026,1610612745,,,,,
22500042379,,Shot Chart Detail,22500042,379,1629006,Josh Okogie,1610612745,Houston Rockets,3,10,49,Made Shot,Jump Shot,3PT Field Goal,Right Corner 3,Right Side(R),24+ ft.,23,229,47,1,1,20251114,HOU,POR,15110,0,201142|1629006|1630578|1631095|1641708,1,REG,2026,1610612745,,,,,
22500042385,,Shot Chart Detail,22500042,385,1629006,Josh Okogie,1610612745,Houston Rockets,3,10,17,Made Shot,Driving Layup Shot,2PT Field Goal,In The Paint (Non-RA),Center(C),Less Than 8 ft.,4,-26,32,1,1,20251114,HOU,POR,15430,0,201142|1629006|1630578|1631095|1641708,1,REG,2026,1610612745,,,,,
22500042388,,Shot Chart Detail,22500042,388,201142,Kevin Durant,1610612745,Houston Rockets,3,9,49,Missed Shot,Jump Shot,3PT Field Goal,Above the Break 3,Right Side Center(RC),24+ ft.,24,147,201,1,0,20251114,HOU,POR,15710,0,201142|1629006|1630578|1631095|1641708,0,REG,2026,1610612745,,,,,
22500042390,,Shot Chart Detail,22500042,390,1630578,Alperen Sengun,1610612745,Houston Rockets,3,9,47,Made Shot,Putback Layup Shot,2PT Field Goal,Restricted Area,Center(C),Less Than 8 ft.,2,-17,11,1,1,20251114,HOU,POR,15730,0,201142|1629006|1630578|1631095|1641708,0,REG,2026,1610612745,,,,,
22500042393,,Shot Chart Detail,22500042,393,1629006,Josh Okogie,1610612745,Houston Rockets,3,9,34,Made Shot,Running Dunk Shot,2PT Field Goal,Restricted Area,Center(C),Less Than 8 ft.,1,-9,11,1,1,20251114,HOU,POR,15860,0,201142|1629006|1630578|1631095|1641708,0,REG,2026,1610612745,,,,,
22500042400,,Shot Chart Detail,22500042,400,1630578,Alperen Sengun,1610612745,Houston Rockets,3,9,5,Made Shot,Pullup Jump shot,3PT Field Goal,Above the Break 3,Right Side Center(RC),24+ ft.,28,189,208,1,1,20251114,HOU,POR,16150,0,201142|1629006|1630578|1631095|1641708,0,REG,2026,1610612745,,,,,
22500042412,,Shot Chart Detail,22500042,412,1630578,Alperen Sengun,1610612745,Houston Rockets,3,8,32,Missed Shot,Turnaround Jump Shot,3PT Field Goal,Above the Break 3,Left Side Center(LC),24+ ft.,26,-140,229,1,0,20251114,HOU,POR,16480,0,201142|1629006|1630578|1631095|1641708,0,REG,2026,1610612745,,,,,
22500042416,,Shot Chart Detail,22500042,416,1629006,Josh Okogie,1610612745,Houston Rockets,3,8,21,Missed Shot,Running Dunk Shot,2PT Field Goal,Restricted Area,Center(C),Less Than 8 ft.,2,9,21,1,0,20251114,HOU,POR,16590,0,201142|1629006|1630578|1631095|1641708,0,REG,2026,1610612745,,,,,
22500042426,,Shot Chart Detail,22500042,426,1631095,Jabari Smith Jr.,1610612745,Houston Rockets,3,7,29,Made Shot,Jump Shot,3PT Field Goal,Left Corner 3,Left Side(L),24+ ft.,22,-228,-4,1,1,20251114,HOU,POR,17110,0,201142|1629006|1630578|1631095|1641708,1,REG,2026,1610612745,,,,,
22500042432,,Shot Chart Detail,22500042,432,1631095,Jabari Smith Jr.,1610612745,Houston Rockets,3,6,52,Made Shot,Pullup Jump shot,2PT Field Goal,Mid-Range,Right Side(R),8-16 ft.,14,145,-7,1,1,20251114,HOU,POR,17480,0,201142|1629006|1630578|1631095|1641708,1,REG,2026,1610612745,,,,,
22500042436,,Shot Chart Detail,22500042,436,201142,Kevin Durant,1610612745,Houston Rockets,3,6,17,Missed Shot,Pullup Jump shot,3PT Field Goal,Above the Break 3,Left Side Center(LC),24+ ft.,24,-153,192,1,0,20251114,HOU,POR,17830,0,201142|1629006|1630578|1631095|1641708,0,REG,2026,1610612745,,,,,
22500042440,,Shot Chart Detail,22500042,440,1631095,Jabari Smith Jr.,1610612745,Houston Rockets,3,5,46,Missed Shot,Jump Shot,3PT Field Goal,Right Corner 3,Right Side(R),24+ ft.,22,227,20,1,0,20251114,HOU,POR,18140,0,201142|1629006|1630578|1631095|1641708,0,REG,2026,1610612745,,,,,
22500042442,,Shot Chart Detail,22500042,442,1629006,Josh Okogie,1610612745,Houston Rockets,3,5,42,Made Shot,Tip Layup Shot,2PT Field Goal,Restricted Area,Center(C),Less Than 8 ft.,0,0,0,1,1,20251114,HOU,POR,18180,0,201142|1629006|1630578|1631095|1641708,0,REG,2026,1610612745,,,,,
22500042462,,Shot Chart Detail,22500042,462,1642263,Reed Sheppard,1610612745,Houston Rockets,3,4,55,Missed Shot,Driving Layup Shot,2PT Field Goal,Restricted Area,Center(C),Less Than 8 ft.,2,-12,27,1,0,20251114,HOU,POR,18650,0,201142|203500|1628988|1641708|1642263,0,REG,2026,1610612745,,,,,
22500042476,,Shot Chart Detail,22500042,476,201142,Kevin Durant,1610612745,Houston Rockets,3,4,9,Made Shot,Running Jump Shot,3PT Field Goal,Above the Break 3,Right Side Center(RC),24+ ft.,25,191,164,1,1,20251114,HOU,POR,19110,0,201142|203500|1628988|1641708|1642263,1,REG,2026,1610612745,,,,,
22500042485,,Shot Chart Detail,22500042,485,1641708,Amen Thompson,1610612745,Houston Rockets,3,3,9,Missed Shot,Driving Floating Jump Shot,2PT Field Goal,In The Paint (Non-RA),Center(C),8-16 ft.,8,-6,82,1,0,20251114,HOU,POR,19710,0,201142|203500|1628988|1641708|1642263,0,REG,2026,1610612745,,,,,
22500042505,,Shot Chart Detail,22500042,505,1628988,Aaron Holiday,1610612745,Houston Rockets,3,2,34,Made Shot,Driving Floating Jump Shot,2PT Field Goal,Mid-Range,Right Side(R),8-16 ft.,9,97,4,1,1,20251114,HOU,POR,20060,0,203500|1628988|1630578|1641708|1642263,1,REG,2026,1610612745,,,,,
22500042508,,Shot Chart Detail,22500042,508,1642263,Reed Sheppard,1610612745,Houston Rockets,3,2,10,Missed Shot,Jump Shot,3PT Field Goal,Above the Break 3,Right Side Center(RC),24+ ft.,27,208,183,1,0,20251114,HOU,POR,20300,0,203500|1628988|1630578|1641708|1642263,0,REG,2026,1610612745,,,,,
22500042512,,Shot Chart Detail,22500042,512,1628988,Aaron Holiday,1610612745,Houston Rockets,3,1,32,Missed Shot,Jump Shot,3PT Field Goal,Left Corner 3,Left Side(L),24+ ft.,23,-232,-11,1,0,20251114,HOU,POR,20680,0,203500|1628988|1630578|1641708|1642263,0,REG,2026,1610612745,,,,,
22500042514,,Shot Chart Detail,22500042,514,203500,Steven Adams,1610612745,Houston Rockets,3,1,29,Missed Shot,Tip Layup Shot,2PT Field Goal,Restricted Area,Center(C),Less Than 8 ft.,0,0,0,1,0,20251114,HOU,POR,20710,0,203500|1628988|1630578|1641708|1642263,0,REG,2026,1610612745,,,,,
22500042516,,Shot Chart Detail,22500042,516,203500,Steven Adams,1610612745,Houston Rockets,3,1,27,Missed Shot,Putback Layup Shot,2PT Field Goal,Restricted Area,Center(C),Less Than 8 ft.,1,1,13,1,0,20251114,HOU,POR,20730,0,203500|1628988|1630578|1641708|1642263,0,REG,2026,1610612745,,,,,
22500042524,,Shot Chart Detail,22500042,524,1641708,Amen Thompson,1610612745,Houston Rockets,3,1,11,Missed Shot,Jump Shot,3PT Field Goal,Above the Break 3,Center(C),24+ ft.,24,-23,246,1,0,20251114,HOU,POR,20890,0,203500|1628988|1630578|1641708|1642263,0,REG,2026,1610612745,,,,,
22500042531,,Shot Chart Detail,22500042,531,1641708,Amen Thompson,1610612745,Houston Rockets,3,1,2,Missed Shot,Driving Layup Shot,2PT Field Goal,Restricted Area,Center(C),Less Than 8 ft.,2,-22,4,1,0,20251114,HOU,POR,20980,0,203500|1628988|1630578|1641708|1642263,0,REG,2026,1610612745,,,,,
22500042533,,Shot Chart Detail,22500042,533,203500,Steven Adams,1610612745,Houston Rockets,3,1,1,Made Shot,Tip Layup Shot,2PT Field Goal,Restricted Area,Center(C),Less Than 8 ft.,0,0,0,1,1,20251114,HOU,POR,20990,0,203500|1628988|1630578|1641708|1642263,0,REG,2026,1610612745,,,,,
22500042554,,Shot Chart Detail,22500042,554,1642263,Reed Sheppard,1610612745,Houston Rockets,3,0,6,Missed Shot,Jump Shot,3PT Field Goal,Above the Break 3,Left Side Center(LC),24+ ft.,26,-118,241,1,0,20251114,HOU,POR,21540,0,201142|203500|1630578|1641708|1642263,0,REG,2026,1610612745,,,,,
22500042566,,Shot Chart Detail,22500042,566,1630578,Alperen Sengun,1610612745,Houston Rockets,4,11,39,Missed Shot,Driving Layup Shot,2PT Field Goal,Restricted Area,Center(C),Less Than 8 ft.,2,-26,8,1,0,20251114,HOU,POR,21810,0,201142|203500|1628988|1630578|1642263,0,REG,2026,1610612745,,,,,
22500042568,,Shot Chart Detail,22500042,568,203500,Steven Adams,1610612745,Houston Rockets,4,11,36,Made Shot,Putback Layup Shot,2PT Field Goal,Restricted Area,Center(C),Less Than 8 ft.,1,5,16,1,1,20251114,HOU,POR,21840,0,201142|203500|1628988|1630578|1642263,0,REG,2026,1610612745,,,,,
22500042573,,Shot Chart Detail,22500042,573,201142,Kevin Durant,1610612745,Houston Rockets,4,11,16,Made Shot,Jump Shot,3PT Field Goal,Above the Break 3,Right Side Center(RC),24+ ft.,25,186,180,1,1,20251114,HOU,POR,22040,0,201142|203500|1628988|1630578|1642263,1,REG,2026,1610612745,,,,,
22500042581,,Shot Chart Detail,22500042,581,1642263,Reed Sheppard,1610612745,Houston Rockets,4,10,52,Missed Shot,Jump Shot,3PT Field Goal,Above the Break 3,Right Side Center(RC),24+ ft.,28,184,214,1,0,20251114,HOU,POR,22280,0,201142|203500|1628988|1630578|1642263,0,REG,2026,1610612745,,,,,
22500042585,,Shot Chart Detail,22500042,585,1642263,Reed Sheppard,1610612745,Houston Rockets,4,10,25,Made Shot,Running Layup Shot,2PT Field Goal,Restricted Area,Center(C),Less Than 8 ft.,3,-28,14,1,1,20251114,HOU,POR,22550,0,201142|203500|1628988|1630578|1642263,0,REG,2026,1610612745,,,,,
22500042594,,Shot Chart Detail,22500042,594,201142,Kevin Durant,1610612745,Houston Rockets,4,9,46,Missed Shot,Jump Shot,2PT Field Goal,Mid-Range,Left Side(L),16-24 ft.,20,-208,3,1,0,20251114,HOU,POR,22940,0,201142|203500|1628988|1630578|1642263,0,REG,2026,1610612745,,,,,
22500042596,,Shot Chart Detail,22500042,596,1628988,Aaron Holiday,1610612745,Houston Rockets,4,9,29,Missed Shot,Jump Shot,3PT Field Goal,Above the Break 3,Center(C),24+ ft.,27,-21,278,1,0,20251114,HOU,POR,23110,0,201142|203500|1628988|1630578|1642263,0,REG,2026,1610612745,,,,,
22500042600,,Shot Chart Detail,22500042,600,1642263,Reed Sheppard,1610612745,Houston Rockets,4,9,4,Made Shot,Jump Shot,3PT Field Goal,Above the Break 3,Left Side Center(LC),24+ ft.,27,-152,226,1,1,20251114,HOU,POR,23360,0,201142|203500|1628988|1630578|1642263,1,REG,2026,1610612745,,,,,
22500042604,,Shot Chart Detail,22500042,604,1628988,Aaron Holiday,1610612745,Houston Rockets,4,8,29,Made Shot,Jump Shot,3PT Field Goal,Above the Break 3,Left Side Center(LC),24+ ft.,26,-158,215,1,1,20251114,HOU,POR,23710,0,201142|203500|1628988|1630578|1642263,1,REG,2026,1610612745,,,,,
22500042609,,Shot Chart Detail,22500042,609,1642263,Reed Sheppard,1610612745,Houston Rockets,4,7,57,Made Shot,Pullup Jump shot,2PT Field Goal,In The Paint (Non-RA),Center(C),8-16 ft.,11,-53,101,1,1,20251114,HOU,POR,24030,0,201142|203500|1628988|1630578|1642263,0,REG,2026,1610612745,,,,,
22500042622,,Shot Chart Detail,22500042,622,1641708,Amen Thompson,1610612745,Houston Rockets,4,7,25,Missed Shot,Jump Shot,3PT Field Goal,Right Corner 3,Right Side(R),24+ ft.,22,227,14,1,0,20251114,HOU,POR,24350,0,201142|203500|1631095|1641708|1642263,0,REG,2026,1610612745,,,,,
22500042639,,Shot Chart Detail,22500042,639,201142,Kevin Durant,1610612745,Houston Rockets,4,6,46,Made Shot,Turnaround Fadeaway shot,2PT Field Goal,In The Paint (Non-RA),Center(C),Less Than 8 ft.,7,-71,36,1,1,20251114,HOU,POR,24740,0,201142|203500|1631095|1641708|1642263,0,REG,2026,1610612745,,,,,
22500042642,,Shot Chart Detail,22500042,642,201142,Kevin Durant,1610612745,Houston Rockets,4,6,11,Made Shot,Step Back Jump shot,2PT Field Goal,Mid-Range,Left Side Center(LC),16-24 ft.,16,-77,151,1,1,20251114,HOU,POR,25090,0,201142|203500|1631095|1641708|1642263,0,REG,2026,1610612745,,,,,
22500042657,,Shot Chart Detail,22500042,657,1631095,Jabari Smith Jr.,1610612745,Houston Rockets,4,5,18,Missed Shot,Pullup Jump shot,3PT Field Goal,Above the Break 3,Right Side Center(RC),24+ ft.,24,119,219,1,0,20251114,HOU,POR,25620,0,201142|1630578|1631095|1641708|1642263,0,REG,2026,1610612745,,,,,
22500042659,,Shot Chart Detail,22500042,659,1630578,Alperen Sengun,1610612745,Houston Rockets,4,5,8,Made Shot,Driving Reverse Layup Shot,2PT Field Goal,Restricted Area,Center(C),Less Than 8 ft.,1,15,5,1,1,20251114,HOU,POR,25720,0,201142|1630578|1631095|1641708|1642263,0,REG,2026,1610612745,,,,,
22500042662,,Shot Chart Detail,22500042,662,1641708,Amen Thompson,1610612745,Houston Rockets,4,4,44,Missed Shot,Turnaround Bank shot,2PT Field Goal,In The Paint (Non-RA),Center(C),Less Than 8 ft.,6,-49,40,1,0,20251114,HOU,POR,25960,0,201142|1630578|1631095|1641708|1642263,0,REG,2026,1610612745,,,,,
22500042666,,Shot Chart Detail,22500042,666,1641708,Amen Thompson,1610612745,Houston Rockets,4,4,35,Made Shot,Running Dunk Shot,2PT Field Goal,Restricted Area,Center(C),Less Than 8 ft.,1,-6,10,1,1,20251114,HOU,POR,26050,0,201142|1630578|1631095|1641708|1642263,1,REG,2026,1610612745,,,,,
22500042702,,Shot Chart Detail,22500042,702,1628988,Aaron Holiday,1610612745,Houston Rockets,4,3,33,Missed Shot,Jump Shot,3PT Field Goal,Above the Break 3,Left Side Center(LC),24+ ft.,27,-146,235,1,0,20251114,HOU,POR,26670,0,201145|203991|1628988|1630256|1630578,0,REG,2026,1610612745,,,,,
22500042708,,Shot Chart Detail,22500042,708,1628988,Aaron Holiday,1610612745,Houston Rockets,4,3,4,Made Shot,Driving Finger Roll Layup Shot,2PT Field Goal,In The Paint (Non-RA),Center(C),Less Than 8 ft.,5,53,11,1,1,20251114,HOU,POR,26960,0,201145|203991|1628988|1630256|1631120,0,REG,2026,1610612745,,,,,
22500042710,,Shot Chart Detail,22500042,710,203991,Clint Capela,1610612745,Houston Rockets,4,2,17,Missed Shot,Driving Hook Shot,2PT Field Goal,In The Paint (Non-RA),Center(C),Less Than 8 ft.,5,51,20,1,0,20251114,HOU,POR,27430,0,201145|203991|1628988|1630256|1631120,0,REG,2026,1610612745,,,,,
22500042725,,Shot Chart Detail,22500042,725,1630256,Jae'Sean Tate,1610612745,Houston Rockets,4,0,58,Missed Shot,Driving Layup Shot,2PT Field Goal,Restricted Area,Center(C),Less Than 8 ft.,1,7,9,1,0,20251114,HOU,POR,28220,0,201145|203991|1628988|1630256|1631120,0,REG,2026,1610612745,,,,,
22500042727,,Shot Chart Detail,22500042,727,203991,Clint Capela,1610612745,Houston Rockets,4,0,57,Missed Shot,Tip Layup Shot,2PT Field Goal,Restricted Area,Center(C),Less Than 8 ft.,0,0,0,1,0,20251114,HOU,POR,28230,0,201145|203991|1628988|1630256|1631120,0,REG,2026,1610612745,,,,,
22500042729,,Shot Chart Detail,22500042,729,203991,Clint Capela,1610612745,Houston Rockets,4,0,57,Made Shot,Tip Layup Shot,2PT Field Goal,Restricted Area,Center(C),Less Than 8 ft.,0,0,0,1,1,20251114,HOU,POR,28230,0,201145|203991|1628988|1630256|1631120,0,REG,2026,1610612745,,,,,
225000548,,Shot Chart Detail,22500054,8,1641708,Amen Thompson,1610612745,Houston Rockets,1,11,34,Made Shot,Driving Floating Jump Shot,2PT Field Goal,In The Paint (Non-RA),Center(C),8-16 ft.,11,40,113,1,1,20251121,HOU,DEN,260,0,201142|203500|1630578|1631095|1641708,0,REG,2026,1610612745,,,,,
2250005412,,Shot Chart Detail,22500054,12,1630578,Alperen Sengun,1610612745,Houston Rockets,1,10,55,Made Shot,Driving Layup Shot,2PT Field Goal,Restricted Area,Center(C),Less Than 8 ft.,2,2,21,1,1,20251121,HOU,DEN,650,0,201142|203500|1630578|1631095|1641708,0,REG,2026,1610612745,,,,,
2250005415,,Shot Chart Detail,22500054,15,1631095,Jabari Smith Jr.,1610612745,Houston Rockets,1,10,16,Missed Shot,Pullup Jump shot,2PT Field Goal,Mid-Range,Left Side(L),8-16 ft.,10,-100,31,1,0,20251121,HOU,DEN,1040,0,201142|203500|1630578|1631095|1641708,0,REG,2026,1610612745,,,,,
2250005433,,Shot Chart Detail,22500054,33,1641708,Amen Thompson,1610612745,Houston Rockets,1,9,10,Missed Shot,Driving Layup Shot,2PT Field Goal,Restricted Area,Center(C),Less Than 8 ft.,3,-25,22,1,0,20251121,HOU,DEN,1700,0,201142|203500|1630578|1631095|1641708,0,REG,2026,1610612745,,,,,
2250005437,,Shot Chart Detail,22500054,37,1631095,Jabari Smith Jr.,1610612745,Houston Rockets,1,8,49,Missed Shot,Jump Shot,3PT Field Goal,Right Corner 3,Right Side(R),24+ ft.,23,232,21,1,0,20251121,HOU,DEN,1910,0,201142|203500|1630578|1631095|1641708,0,REG,2026,1610612745,,,,,
2250005444,,Shot Chart Detail,22500054,44,1641708,Amen Thompson,1610612745,Houston Rockets,1,8,26,Missed Shot,Jump Shot,3PT Field Goal,Right Corner 3,Right Side(R),24+ ft.,23,230,13,1,0,20251121,HOU,DEN,2140,0,201142|203500|1630578|1631095|1641708,0,REG,2026,1610612745,,,,,
2250005451,,Shot Chart Detail,22500054,51,1630578,Alperen Sengun,1610612745,Houston Rockets,1,7,54,Missed Shot,Jump Shot,2PT Field Goal,Mid-Range,Left Side(L),16-24 ft.,21,-185,104,1,0,20251121,HOU,DEN,2460,0,201142|203500|1630578|1631095|1641708,0,REG,2026,1610612745,,,,,
2250005453,,Shot Chart Detail,22500054,53,201142,Kevin Durant,1610612745,Houston Rockets,1,7,49,Missed Shot,Jump Shot,3PT Field Goal,Above the Break 3,Center(C),24+ ft.,25,15,254,1,0,20251121,HOU,DEN,2510,0,201142|203500|1630578|1631095|1641708,0,REG,2026,1610612745,,,,,
2250005462,,Shot Chart Detail,22500054,62,201142,Kevin Durant,1610612745,Houston Rockets,1,7,1,Missed Shot,Jump Shot,2PT Field Goal,In The Paint (Non-RA),Center(C),8-16 ft.,14,54,131,1,0,20251121,HOU,DEN,2990,0,201142|203500|1630578|1631095|1641708,0,REG,2026,1610612745,,,,,
2250005466,,Shot Chart Detail,22500054,66,1641708,Amen Thompson,1610612745,Houston Rockets,1,6,38,Missed Shot,Driving Floating Jump Shot,2PT Field Goal,In The Paint (Non-RA),Center(C),8-16 ft.,12,10,121,1,0,20251121,HOU,DEN,3220,0,201142|203500|1630578|1631095|1641708,0,REG,2026,1610612745,,,,,
2250005468,,Shot Chart Detail,22500054,68,201142,Kevin Durant,1610612745,Houston Rockets,1,6,31,Made Shot,Pullup Jump shot,2PT Field Goal,In The Paint (Non-RA),Center(C),8-16 ft.,11,6,111,1,1,20251121,HOU,DEN,3290,0,201142|203500|1630578|1631095|1641708,0,REG,2026,1610612745,,,,,
2250005471,,Shot Chart Detail,22500054,71,1630578,Alperen Sengun,1610612745,Houston Rockets,1,5,55,Missed Shot,Pullup Jump shot,2PT Field Goal,Mid-Range,Right Side Center(RC),16-24 ft.,21,93,199,1,0,20251121,HOU,DEN,3650,0,201142|203500|1630578|1631095|1641708,0,REG,2026,1610612745,,,,,
2250005475,,Shot Chart Detail,22500054,75,201142,Kevin Durant,1610612745,Houston Rockets,1,5,43,Made Shot,Running Dunk Shot,2PT Field Goal,Restricted Area,Center(C),Less Than 8 ft.,2,1,22,1,1,20251121,HOU,DEN,3770,0,201142|203500|1630578|1631095|1641708,0,REG,2026,1610612745,,,,,
2250005487,,Shot Chart Detail,22500054,87,203991,Clint Capela,1610612745,Houston Rockets,1,4,55,Missed Shot,Driving Layup Shot,2PT Field Goal,In The Paint (Non-RA),Center(C),Less Than 8 ft.,7,58,43,1,0,20251121,HOU,DEN,4250,0,201142|203991|1630578|1631095|1641708,0,REG,2026,1610612745,,,,,
2250005493,,Shot Chart Detail,22500054,93,1631095,Jabari Smith Jr.,1610612745,Houston Rockets,1,4,34,Missed Shot,Turnaround Fadeaway shot,2PT Field Goal,In The Paint (Non-RA),Center(C),8-16 ft.,14,65,128,1,0,20251121,HOU,DEN,4460,0,201142|203991|1630578|1631095|1641708,0,REG,2026,1610612745,,,,,
2250005496,,Shot Chart Detail,22500054,96,1630578,Alperen Sengun,1610612745,Houston Rockets,1,4,0,Missed Shot,Pullup Jump shot,2PT Field Goal,Mid-Range,Center(C),16-24 ft.,17,7,172,1,0,20251121,HOU,DEN,4800,0,201142|203991|1630578|1631095|1641708,0,REG,2026,1610612745,,,,,
22500054100,,Shot Chart Detail,22500054,100,203991,Clint Capela,1610612745,Houston Rockets,1,3,38,Missed Shot,Alley Oop Dunk Shot,2PT Field Goal,Restricted Area,Center(C),Less Than 8 ft.,2,-7,22,1,0,20251121,HOU,DEN,5020,0,201142|203991|1630578|1631095|1641708,0,REG,2026,1610612745,,,,,
22500054125,,Shot Chart Detail,22500054,125,201142,Kevin Durant,1610612745,Houston Rockets,1,2,23,Missed Shot,Pullup Jump shot,2PT Field Goal,Mid-Range,Right Side Center(RC),16-24 ft.,19,105,163,1,0,20251121,HOU,DEN,5770,0,201142|203991|1629006|1631095|1642263,0,REG,2026,1610612745,,,,,
22500054168,,Shot Chart Detail,22500054,168,1631095,Jabari Smith Jr.,1610612745,Houston Rockets,1,2,22,Missed Shot,Tip Layup Shot,2PT Field Goal,Restricted Area,Center(C),Less Than 8 ft.,0,-4,5,1,0,20251121,HOU,DEN,5780,0,201142|203991|1629006|1631095|1642263,0,REG,2026,1610612745,,,,,
22500054146,,Shot Chart Detail,22500054,146,201142,Kevin Durant,1610612745,Houston Rockets,1,1,30,Made Shot,Pullup Jump shot,2PT Field Goal,In The Paint (Non-RA),Center(C),8-16 ft.,13,56,120,1,1,20251121,HOU,DEN,6300,0,201142|1629006|1630578|1641708|1642263,1,REG,2026,1610612745,,,,,
22500054150,,Shot Chart Detail,22500054,150,1642263,Reed Sheppard,1610612745,Houston Rockets,1,0,52,Made Shot,Driving Layup Shot,2PT Field Goal,In The Paint (Non-RA),Right Side(R),8-16 ft.,8,70,42,1,1,20251121,HOU,DEN,6680,0,201142|1629006|1630578|1641708|1642263,1,REG,2026,1610612745,,,,,
22500054158,,Shot Chart Detail,22500054,158,1629006,Josh Okogie,1610612745,Houston Rockets,1,0,6,Missed Shot,Jump Shot,3PT Field Goal,Right Corner 3,Right Side(R),24+ ft.,23,235,20,1,0,20251121,HOU,DEN,7140,0,201142|1629006|1630578|1641708|1642263,0,REG,2026,1610612745,,,,,
22500054160,,Shot Chart Detail,22500054,160,1641708,Amen Thompson,1610612745,Houston Rockets,1,0,2,Missed Shot,Layup Shot,2PT Field Goal,Restricted Area,Center(C),Less Than 8 ft.,3,0,39,1,0,20251121,HOU,DEN,7180,0,201142|1629006|1630578|1641708|1642263,0,REG,2026,1610612745,,,,,
22500054162,,Shot Chart Detail,22500054,162,1630578,Alperen Sengun,1610612745,Houston Rockets,1,0,1,Missed Shot,Tip Layup Shot,2PT Field Goal,Mid-Range,Left Side(L),8-16 ft.,15,-138,77,1,0,20251121,HOU,DEN,7190,0,201142|1629006|1630578|1641708|1642263,0,REG,2026,1610612745,,,,,
22500054181,,Shot Chart Detail,22500054,181,1642263,Reed Sheppard,1610612745,Houston Rockets,2,11,46,Missed Shot,Pullup Jump shot,3PT Field Goal,Above the Break 3,Left Side Center(LC),24+ ft.,25,-141,210,1,0,20251121,HOU,DEN,7340,0,203500|1628988|1630578|1641708|1642263,0,REG,2026,1610612745,,,,,
22500054185,,Shot Chart Detail,22500054,185,1642263,Reed Sheppard,1610612745,Houston Rockets,2,11,39,Made Shot,Pullup Jump shot,3PT Field Goal,Above the Break 3,Center(C),24+ ft.,25,-36,257,1,1,20251121,HOU,DEN,7410,0,203500|1628988|1630578|1641708|1642263,0,REG,2026,1610612745,,,,,
22500054203,,Shot Chart Detail,22500054,203,1628988,Aaron Holiday,1610612745,Houston Rockets,2,9,54,Missed Shot,Running Jump Shot,3PT Field Goal,Above the Break 3,Left Side Center(LC),24+ ft.,26,-179,202,1,0,20251121,HOU,DEN,8460,0,203500|1628988|1630578|1641708|1642263,0,REG,2026,1610612745,,,,,
22500054209,,Shot Chart Detail,22500054,209,1642263,Reed Sheppard,1610612745,Houston Rockets,2,9,21,Missed Shot,Pullup Jump shot,3PT Field Goal,Above the Break 3,Right Side Center(RC),24+ ft.,25,118,228,1,0,20251121,HOU,DEN,8790,0,203500|1628988|1630578|1641708|1642263,0,REG,2026,1610612745,,,,,
22500054214,,Shot Chart Detail,22500054,214,1630578,Alperen Sengun,1610612745,Houston Rockets,2,8,46,Made Shot,Driving Hook Shot,2PT Field Goal,In The Paint (Non-RA),Center(C),8-16 ft.,9,1,90,1,1,20251121,HOU,DEN,9140,0,203500|1628988|1630578|1641708|1642263,0,REG,2026,1610612745,,,,,
22500054216,,Shot Chart Detail,22500054,216,1642263,Reed Sheppard,1610612745,Houston Rockets,2,8,17,Made Shot,Driving Layup Shot,2PT Field Goal,In The Paint (Non-RA),Center(C),Less Than 8 ft.,5,38,38,1,1,20251121,HOU,DEN,9430,0,203500|1628988|1630578|1641708|1642263,0,REG,2026,1610612745,,,,,
22500054220,,Shot Chart Detail,22500054,220,1641708,Amen Thompson,1610612745,Houston Rockets,2,7,49,Missed Shot,Pullup Jump shot,2PT Field Goal,In The Paint (Non-RA),Center(C),Less Than 8 ft.,7,-58,48,1,0,20251121,HOU,DEN,9710,0,203500|1628988|1630578|1641708|1642263,0,REG,2026,1610612745,,,,,
22500054222,,Shot Chart Detail,22500054,222,203500,Steven Adams,1610612745,Houston Rockets,2,7,45,Made Shot,Tip Layup Shot,2PT Field Goal,Restricted Area,Center(C),Less Than 8 ft.,0,0,0,1,1,20251121,HOU,DEN,9750,0,203500|1628988|1630578|1641708|1642263,0,REG,2026,1610612745,,,,,
22500054225,,Shot Chart Detail,22500054,225,1642263,Reed Sheppard,1610612745,Houston Rockets,2,7,28,Made Shot,Running Dunk Shot,2PT Field Goal,Restricted Area,Center(C),Less Than 8 ft.,2,6,23,1,1,20251121,HOU,DEN,9920,0,203500|1628988|1630578|1641708|1642263,1,REG,2026,1610612745,,,,,
22500054231,,Shot Chart Detail,22500054,231,1642263,Reed Sheppard,1610612745,Houston Rockets,2,6,55,Made Shot,Pullup Jump shot,2PT Field Goal,In The Paint (Non-RA),Center(C),8-16 ft.,13,-5,132,1,1,20251121,HOU,DEN,10250,0,203500|1628988|1631095|1641708|1642263,0,REG,2026,1610612745,,,,,
22500054234,,Shot Chart Detail,22500054,234,1642263,Reed Sheppard,1610612745,Houston Rockets,2,6,7,Missed Shot,Pullup Jump shot,2PT Field Goal,Mid-Range,Right Side(R),8-16 ft.,14,137,36,1,0,20251121,HOU,DEN,10730,0,203500|1628988|1631095|1641708|1642263,0,REG,2026,1610612745,,,,,
22500054238,,Shot Chart Detail,22500054,238,1628988,Aaron Holiday,1610612745,Houston Rockets,2,5,44,Missed Shot,Jump Shot,3PT Field Goal,Left Corner 3,Left Side(L),24+ ft.,22,-228,18,1,0,20251121,HOU,DEN,10960,0,203500|1628988|1631095|1641708|1642263,0,REG,2026,1610612745,,,,,
22500054256,,Shot Chart Detail,22500054,256,201142,Kevin Durant,1610612745,Houston Rockets,2,5,4,Made Shot,Pullup Jump shot,3PT Field Goal,Above the Break 3,Center(C),24+ ft.,25,61,248,1,1,20251121,HOU,DEN,11360,0,201142|1630578|1631095|1641708|1642263,0,REG,2026,1610612745,,,,,
22500054259,,Shot Chart Detail,22500054,259,1642263,Reed Sheppard,1610612745,Houston Rockets,2,4,42,Made Shot,Jump Shot,3PT Field Goal,Right Corner 3,Right Side(R),24+ ft.,23,232,11,1,1,20251121,HOU,DEN,11580,0,201142|1630578|1631095|1641708|1642263,1,REG,2026,1610612745,,,,,
22500054270,,Shot Chart Detail,22500054,270,1630578,Alperen Sengun,1610612745,Houston Rockets,2,4,11,Missed Shot,Jump Shot,3PT Field Goal,Above the Break 3,Left Side Center(LC),24+ ft.,26,-172,196,1,0,20251121,HOU,DEN,11890,0,201142|1630578|1631095|1641708|1642263,0,REG,2026,1610612745,,,,,
22500054275,,Shot Chart Detail,22500054,275,1642263,Reed Sheppard,1610612745,Houston Rockets,2,3,50,Made Shot,Running Jump Shot,3PT Field Goal,Right Corner 3,Right Side(R),24+ ft.,22,225,25,1,1,20251121,HOU,DEN,12100,0,201142|1630578|1631095|1641708|1642263,1,REG,2026,1610612745,,,,,
22500054279,,Shot Chart Detail,22500054,279,1641708,Amen Thompson,1610612745,Houston Rockets,2,3,14,Made Shot,Cutting Dunk Shot,2PT Field Goal,Restricted Area,Center(C),Less Than 8 ft.,0,-2,8,1,1,20251121,HOU,DEN,12460,0,201142|1630578|1631095|1641708|1642263,1,REG,2026,1610612745,,,,,
22500054283,,Shot Chart Detail,22500054,283,1631095,Jabari Smith Jr.,1610612745,Houston Rockets,2,2,43,Missed Shot,Jump Shot,3PT Field Goal,Right Corner 3,Right Side(R),24+ ft.,24,240,13,1,0,20251121,HOU,DEN,12770,0,201142|1630578|1631095|1641708|1642263,0,REG,2026,1610612745,,,,,
22500054291,,Shot Chart Detail,22500054,291,1642263,Reed Sheppard,1610612745,Houston Rockets,2,2,2,Made Shot,Jump Shot,3PT Field Goal,Above the Break 3,Left Side Center(LC),24+ ft.,26,-135,223,1,1,20251121,HOU,DEN,13180,0,201142|1629006|1630578|1641708|1642263,1,REG,2026,1610612745,,,,,
22500054295,,Shot Chart Detail,22500054,295,1629006,Josh Okogie,1610612745,Houston Rockets,2,1,28,Made Shot,Jump Shot,3PT Field Goal,Left Corner 3,Left Side(L),24+ ft.,22,-223,12,1,1,20251121,HOU,DEN,13520,0,201142|1629006|1630578|1641708|1642263,1,REG,2026,1610612745,,,,,
22500054298,,Shot Chart Detail,22500054,298,1629006,Josh Okogie,1610612745,Houston Rockets,2,0,48,Missed Shot,Jump Shot,3PT Field Goal,Left Corner 3,Left Side(L),24+ ft.,22,-225,12,1,0,20251121,HOU,DEN,13920,0,201142|1629006|1630578|1641708|1642263,0,REG,2026,1610612745,,,,,
22500054302,,Shot Chart Detail,22500054,302,1641708,Amen Thompson,1610612745,Houston Rockets,2,0,31,Made Shot,Dunk Shot,2PT Field Goal,Restricted Area,Center(C),Less Than 8 ft.,1,9,16,1,1,20251121,HOU,DEN,14090,0,201142|1629006|1630578|1641708|1642263,1,REG,2026,1610612745,,,,,
22500054343,,Shot Chart Detail,22500054,343,1631095,Jabari Smith Jr.,1610612745,Houston Rockets,3,10,37,Missed Shot,Jump Shot,3PT Field Goal,Left Corner 3,Left Side(L),24+ ft.,23,-230,22,1,0,20251121,HOU,DEN,15230,0,201142|1630578|1631095|1641708|1642263,0,REG,2026,1610612745,,,,,
22500054349,,Shot Chart Detail,22500054,349,1630578,Alperen Sengun,1610612745,Houston Rockets,3,9,59,Made Shot,Dunk Shot,2PT Field Goal,Restricted Area,Center(C),Less Than 8 ft.,0,2,9,1,1,20251121,HOU,DEN,15610,0,201142|1630578|1631095|1641708|1642263,1,REG,2026,1610612745,,,,,
22500054353,,Shot Chart Detail,22500054,353,1630578,Alperen Sengun,1610612745,Houston Rockets,3,9,16,Missed Shot,Jump Shot,2PT Field Goal,In The Paint (Non-RA),Center(C),Less Than 8 ft.,7,-1,72,1,0,20251121,HOU,DEN,16040,0,201142|1630578|1631095|1641708|1642263,0,REG,2026,1610612745,,,,,
22500054358,,Shot Chart Detail,22500054,358,201142,Kevin Durant,1610612745,Houston Rockets,3,8,54,Missed Shot,Jump Shot,2PT Field Goal,Mid-Range,Center(C),16-24 ft.,19,0,194,1,0,20251121,HOU,DEN,16260,0,201142|1630578|1631095|1641708|1642263,0,REG,2026,1610612745,,,,,
22500054360,,Shot Chart Detail,22500054,360,1641708,Amen Thompson,1610612745,Houston Rockets,3,8,50,Missed Shot,Putback Layup Shot,2PT Field Goal,Restricted Area,Center(C),Less Than 8 ft.,0,-1,4,1,0,20251121,HOU,DEN,16300,0,201142|1630578|1631095|1641708|1642263,0,REG,2026,1610612745,,,,,
22500054362,,Shot Chart Detail,22500054,362,1631095,Jabari Smith Jr.,1610612745,Houston Rockets,3,8,49,Missed Shot,Putback Layup Shot,2PT Field Goal,Restricted Area,Center(C),Less Than 8 ft.,3,5,35,1,0,20251121,HOU,DEN,16310,0,201142|1630578|1631095|1641708|1642263,0,REG,2026,1610612745,,,,,
22500054367,,Shot Chart Detail,22500054,367,1631095,Jabari Smith Jr.,1610612745,Houston Rockets,3,8,35,Missed Shot,Turnaround Fadeaway shot,2PT Field Goal,In The Paint (Non-RA),Right Side(R),8-16 ft.,9,50,82,1,0,20251121,HOU,DEN,16450,0,201142|1630578|1631095|1641708|1642263,0,REG,2026,1610612745,,,,,
22500054369,,Shot Chart Detail,22500054,369,1641708,Amen Thompson,1610612745,Houston Rockets,3,8,32,Made Shot,Tip Layup Shot,2PT Field Goal,Restricted Area,Center(C),Less Than 8 ft.,1,-10,3,1,1,20251121,HOU,DEN,16480,0,201142|1630578|1631095|1641708|1642263,0,REG,2026,1610612745,,,,,
22500054372,,Shot Chart Detail,22500054,372,1641708,Amen Thompson,1610612745,Houston Rockets,3,8,13,Made Shot,Running Dunk Shot,2PT Field Goal,Restricted Area,Center(C),Less Than 8 ft.,1,-10,-2,1,1,20251121,HOU,DEN,16670,0,201142|1630578|1631095|1641708|1642263,0,REG,2026,1610612745,,,,,
22500054375,,Shot Chart Detail,22500054,375,1630578,Alperen Sengun,1610612745,Houston Rockets,3,7,33,Missed Shot,Fadeaway Jump Shot,2PT Field Goal,Mid-Range,Center(C),8-16 ft.,15,0,152,1,0,20251121,HOU,DEN,17070,0,201142|1630578|1631095|1641708|1642263,0,REG,2026,1610612745,,,,,
22500054389,,Shot Chart Detail,22500054,389,201142,Kevin Durant,1610612745,Houston Rockets,3,6,38,Missed Shot,Pullup Jump shot,2PT Field Goal,In The Paint (Non-RA),Center(C),8-16 ft.,13,64,114,1,0,20251121,HOU,DEN,17620,0,201142|1630578|1631095|1641708|1642263,0,REG,2026,1610612745,,,,,
22500054391,,Shot Chart Detail,22500054,391,1631095,Jabari Smith Jr.,1610612745,Houston Rockets,3,6,34,Made Shot,Putback Layup Shot,2PT Field Goal,Restricted Area,Center(C),Less Than 8 ft.,1,-5,10,1,1,20251121,HOU,DEN,17660,0,201142|1630578|1631095|1641708|1642263,0,REG,2026,1610612745,,,,,
22500054395,,Shot Chart Detail,22500054,395,1631095,Jabari Smith Jr.,1610612745,Houston Rockets,3,6,1,Missed Shot,Jump Shot,3PT Field Goal,Left Corner 3,Left Side(L),24+ ft.,23,-238,1,1,0,20251121,HOU,DEN,17990,0,201142|1630578|1631095|1641708|1642263,0,REG,2026,1610612745,,,,,
22500054403,,Shot Chart Detail,22500054,403,1642263,Reed Sheppard,1610612745,Houston Rockets,3,5,30,Made Shot,Jump Shot,3PT Field Goal,Left Corner 3,Left Side(L),24+ ft.,23,-232,4,1,1,20251121,HOU,DEN,18300,0,201142|203500|1631095|1641708|1642263,1,REG,2026,1610612745,,,,,
22500054416,,Shot Chart Detail,22500054,416,1631095,Jabari Smith Jr.,1610612745,Houston Rockets,3,4,48,Made Shot,Driving Finger Roll Layup Shot,2PT Field Goal,Restricted Area,Center(C),Less Than 8 ft.,1,7,14,1,1,20251121,HOU,DEN,18720,0,201142|203500|1629006|1631095|1642263,1,REG,2026,1610612745,,,,,
22500054427,,Shot Chart Detail,22500054,427,1631095,Jabari Smith Jr.,1610612745,Houston Rockets,3,4,32,Made Shot,Jump Shot,3PT Field Goal,Above the Break 3,Center(C),24+ ft.,25,-55,252,1,1,20251121,HOU,DEN,18880,0,201142|203500|1629006|1631095|1642263,1,REG,2026,1610612745,,,,,
22500054434,,Shot Chart Detail,22500054,434,201142,Kevin Durant,1610612745,Houston Rockets,3,3,58,Made Shot,Pullup Jump shot,2PT Field Goal,Mid-Range,Right Side(R),8-16 ft.,11,92,64,1,1,20251121,HOU,DEN,19220,0,201142|203500|1629006|1631095|1642263,0,REG,2026,1610612745,,,,,
22500054674,,Shot Chart Detail,22500054,674,201142,Kevin Durant,1610612745,Houston Rockets,3,3,26,Missed Shot,Pullup Jump shot,2PT Field Goal,In The Paint (Non-RA),Center(C),8-16 ft.,13,62,122,1,0,20251121,HOU,DEN,19540,0,201142|203500|1629006|1631095|1642263,0,REG,2026,1610612745,,,,,
22500054441,,Shot Chart Detail,22500054,441,1629006,Josh Okogie,1610612745,Houston Rockets,3,3,20,Made Shot,Jump Shot,3PT Field Goal,Above the Break 3,Left Side Center(LC),24+ ft.,24,-154,194,1,1,20251121,HOU,DEN,19600,0,201142|203500|1629006|1631095|1642263,1,REG,2026,1610612745,,,,,
22500054449,,Shot Chart Detail,22500054,449,201142,Kevin Durant,1610612745,Houston Rockets,3,2,46,Missed Shot,Pullup Jump shot,3PT Field Goal,Above the Break 3,Right Side Center(RC),24+ ft.,25,135,213,1,0,20251121,HOU,DEN,19940,0,201142|203500|1629006|1631095|1642263,0,REG,2026,1610612745,,,,,
22500054453,,Shot Chart Detail,22500054,453,1631095,Jabari Smith Jr.,1610612745,Houston Rockets,3,2,27,Made Shot,Running Pull-Up Jump Shot,3PT Field Goal,Above the Break 3,Right Side Center(RC),24+ ft.,25,145,213,1,1,20251121,HOU,DEN,20130,0,201142|203500|1629006|1631095|1642263,0,REG,2026,1610612745,,,,,
22500054466,,Shot Chart Detail,22500054,466,1641708,Amen Thompson,1610612745,Houston Rockets,3,1,58,Missed Shot,Jump Shot,2PT Field Goal,Mid-Range,Left Side(L),16-24 ft.,20,-197,46,1,0,20251121,HOU,DEN,20420,0,201142|203500|1628988|1629006|1641708,0,REG,2026,1610612745,,,,,
22500054468,,Shot Chart Detail,22500054,468,1629006,Josh Okogie,1610612745,Houston Rockets,3,1,42,Missed Shot,Jump Shot,3PT Field Goal,Right Corner 3,Right Side(R),24+ ft.,23,233,13,1,0,20251121,HOU,DEN,20580,0,201142|203500|1628988|1629006|1641708,0,REG,2026,1610612745,,,,,
22500054485,,Shot Chart Detail,22500054,485,1628988,Aaron Holiday,1610612745,Houston Rockets,3,0,53,Missed Shot,Step Back Bank Jump Shot,3PT Field Goal,Above the Break 3,Right Side Center(RC),24+ ft.,24,189,162,1,0,20251121,HOU,DEN,21070,0,203500|1628988|1629006|1630578|1641708,0,REG,2026,1610612745,,,,,
22500054492,,Shot Chart Detail,22500054,492,1629006,Josh Okogie,1610612745,Houston Rockets,3,0,0,Missed Shot,Jump Shot,3PT Field Goal,Left Corner 3,Left Side(L),24+ ft.,23,-233,10,1,0,20251121,HOU,DEN,21600,0,203500|1628988|1629006|1630578|1641708,0,REG,2026,1610612745,,,,,
22500054506,,Shot Chart Detail,22500054,506,1641708,Amen Thompson,1610612745,Houston Rockets,4,11,34,Made Shot,Running Layup Shot,2PT Field Goal,Restricted Area,Center(C),Less Than 8 ft.,0,5,5,1,1,20251121,HOU,DEN,21860,0,203500|1628988|1631095|1641708|1642263,0,REG,2026,1610612745,,,,,
22500054508,,Shot Chart Detail,22500054,508,1631095,Jabari Smith Jr.,1610612745,Houston Rockets,4,10,57,Made Shot,Jump Shot,3PT Field Goal,Left Corner 3,Left Side(L),24+ ft.,22,-225,11,1,1,20251121,HOU,DEN,22230,0,203500|1628988|1631095|1641708|1642263,1,REG,2026,1610612745,,,,,
22500054512,,Shot Chart Detail,22500054,512,1631095,Jabari Smith Jr.,1610612745,Houston Rockets,4,10,36,Made Shot,Running Jump Shot,3PT Field Goal,Above the Break 3,Center(C),24+ ft.,25,17,257,1,1,20251121,HOU,DEN,22440,0,203500|1628988|1631095|1641708|1642263,1,REG,2026,1610612745,,,,,
22500054524,,Shot Chart Detail,22500054,524,1641708,Amen Thompson,1610612745,Houston Rockets,4,9,25,Made Shot,Driving Layup Shot,2PT Field Goal,Restricted Area,Center(C),Less Than 8 ft.,1,-1,19,1,1,20251121,HOU,DEN,23150,0,203500|1628988|1631095|1641708|1642263,0,REG,2026,1610612745,,,,,
22500054527,,Shot Chart Detail,22500054,527,1641708,Amen Thompson,1610612745,Houston Rockets,4,8,54,Made Shot,Pullup Jump shot,2PT Field Goal,Mid-Range,Center(C),16-24 ft.,18,-49,177,1,1,20251121,HOU,DEN,23460,0,203500|1628988|1631095|1641708|1642263,1,REG,2026,1610612745,,,,,
22500054537,,Shot Chart Detail,22500054,537,1630578,Alperen Sengun,1610612745,Houston Rockets,4,8,24,Made Shot,Turnaround Jump Shot,2PT Field Goal,In The Paint (Non-RA),Center(C),8-16 ft.,13,1,131,1,1,20251121,HOU,DEN,23760,0,1628988|1630578|1631095|1641708|1642263,0,REG,2026,1610612745,,,,,
22500054552,,Shot Chart Detail,22500054,552,1642263,Reed Sheppard,1610612745,Houston Rockets,4,7,4,Missed Shot,Pullup Jump shot,3PT Field Goal,Above the Break 3,Right Side Center(RC),24+ ft.,25,124,220,1,0,20251121,HOU,DEN,24560,0,201142|1630578|1631095|1641708|1642263,0,REG,2026,1610612745,,,,,
22500054554,,Shot Chart Detail,22500054,554,1631095,Jabari Smith Jr.,1610612745,Houston Rockets,4,7,1,Missed Shot,Putback Layup Shot,2PT Field Goal,Restricted Area,Center(C),Less Than 8 ft.,0,-1,8,1,0,20251121,HOU,DEN,24590,0,201142|1630578|1631095|1641708|1642263,0,REG,2026,1610612745,,,,,
22500054559,,Shot Chart Detail,22500054,559,1630578,Alperen Sengun,1610612745,Houston Rockets,4,6,22,Made Shot,Driving Dunk Shot,2PT Field Goal,Restricted Area,Center(C),Less Than 8 ft.,1,-6,10,1,1,20251121,HOU,DEN,24980,0,201142|1630578|1631095|1641708|1642263,0,REG,2026,1610612745,,,,,
22500054562,,Shot Chart Detail,22500054,562,1641708,Amen Thompson,1610612745,Houston Rockets,4,5,33,Missed Shot,Floating Jump shot,2PT Field Goal,In The Paint (Non-RA),Center(C),8-16 ft.,8,-4,85,1,0,20251121,HOU,DEN,25470,0,201142|1630578|1631095|1641708|1642263,0,REG,2026,1610612745,,,,,
22500054574,,Shot Chart Detail,22500054,574,201142,Kevin Durant,1610612745,Houston Rockets,4,4,54,Missed Shot,Pullup Jump shot,3PT Field Goal,Above the Break 3,Center(C),24+ ft.,25,4,258,1,0,20251121,HOU,DEN,25860,0,201142|1630578|1631095|1641708|1642263,0,REG,2026,1610612745,,,,,
22500054584,,Shot Chart Detail,22500054,584,201142,Kevin Durant,1610612745,Houston Rockets,4,4,14,Missed Shot,Pullup Jump shot,2PT Field Goal,Mid-Range,Right Side(R),8-16 ft.,14,146,17,1,0,20251121,HOU,DEN,26260,0,201142|1630578|1631095|1641708|1642263,0,REG,2026,1610612745,,,,,
22500054590,,Shot Chart Detail,22500054,590,1631095,Jabari Smith Jr.,1610612745,Houston Rockets,4,3,47,Missed Shot,Jump Shot,3PT Field Goal,Right Corner 3,Right Side(R),24+ ft.,23,232,42,1,0,20251121,HOU,DEN,26530,0,201142|1630578|1631095|1641708|1642263,0,REG,2026,1610612745,,,,,
22500054592,,Shot Chart Detail,22500054,592,201142,Kevin Durant,1610612745,Houston Rockets,4,3,42,Missed Shot,Jump Shot,3PT Field Goal,Above the Break 3,Center(C),24+ ft.,25,33,255,1,0,20251121,HOU,DEN,26580,0,201142|1630578|1631095|1641708|1642263,0,REG,2026,1610612745,,,,,
22500054604,,Shot Chart Detail,22500054,604,1631095,Jabari Smith Jr.,1610612745,Houston Rockets,4,2,59,Missed Shot,Driving Floating Jump Shot,2PT Field Goal,In The Paint (Non-RA),Center(C),8-16 ft.,8,7,84,1,0,20251121,HOU,DEN,27010,0,201142|203500|1631095|1641708|1642263,0,REG,2026,1610612745,,,,,
22500054606,,Shot Chart Detail,22500054,606,203500,Steven Adams,1610612745,Houston Rockets,4,2,53,Made Shot,Tip Layup Shot,2PT Field Goal,Restricted Area,Center(C),Less Than 8 ft.,0,0,0,1,1,20251121,HOU,DEN,27070,0,201142|203500|1631095|1641708|1642263,0,REG,2026,1610612745,,,,,
22500054615,,Shot Chart Detail,22500054,615,1641708,Amen Thompson,1610612745,Houston Rockets,4,1,50,Made Shot,Cutting Dunk Shot,2PT Field Goal,Restricted Area,Center(C),Less Than 8 ft.,0,1,8,1,1,20251121,HOU,DEN,27700,0,201142|1630578|1631095|1641708|1642263,1,REG,2026,1610612745,,,,,
22500054619,,Shot Chart Detail,22500054,619,1631095,Jabari Smith Jr.,1610612745,Houston Rockets,4,1,17,Missed Shot,Jump Shot,3PT Field Goal,Right Corner 3,Right Side(R),24+ ft.,23,232,10,1,0,20251121,HOU,DEN,28030,0,201142|1630578|1631095|1641708|1642263,0,REG,2026,1610612745,,,,,
22500054625,,Shot Chart Detail,22500054,625,1630578,Alperen Sengun,1610612745,Houston Rockets,4,0,37,Missed Shot,Driving Layup Shot,2PT Field Goal,Restricted Area,Center(C),Less Than 8 ft.,1,4,15,1,0,20251121,HOU,DEN,28430,0,201142|1630578|1631095|1641708|1642263,0,REG,2026,1610612745,,,,,
22500054635,,Shot Chart Detail,22500054,635,1641708,Amen Thompson,1610612745,Houston Rockets,4,0,20,Made Shot,Jump Shot,3PT Field Goal,Above the Break 3,Left Side Center(LC),24+ ft.,24,-173,171,1,1,20251121,HOU,DEN,28600,0,201142|1630578|1631095|1641708|1642263,1,REG,2026,1610612745,,,,,
22500054641,,Shot Chart Detail,22500054,641,1630578,Alperen Sengun,1610612745,Houston Rockets,4,0,11,Made Shot,Cutting Dunk Shot,2PT Field Goal,Restricted Area,Center(C),Less Than 8 ft.,0,-1,9,1,1,20251121,HOU,DEN,28690,0,201142|1630578|1631095|1641708|1642263,1,REG,2026,1610612745,,,,,
22500054649,,Shot Chart Detail,22500054,649,1631095,Jabari Smith Jr.,1610612745,Houston Rockets,4,0,5,Made Shot,Jump Shot,3PT Field Goal,Left Corner 3,Left Side(L),24+ ft.,22,-227,8,1,1,20251121,HOU,DEN,28750,0,201142|1628988|1629006|1631095|1641708,1,REG,2026,1610612745,,,,,
225000939,,Shot Chart Detail,22500093,9,201142,Kevin Durant,1610612745,Houston Rockets,1,11,24,Made Shot,Pullup Jump shot,2PT Field Goal,In The Paint (Non-RA),Right Side(R),8-16 ft.,8,74,31,1,1,20251024,HOU,DET,360,0,201142|203500|1630578|1631095|1641708,0,REG,2026,1610612745,,,,,
2250009315,,Shot Chart Detail,22500093,15,1630578,Alperen Sengun,1610612745,Houston Rockets,1,10,51,Missed Shot,Layup Shot,2PT Field Goal,Restricted Area,Center(C),Less Than 8 ft.,2,-20,4,1,0,20251024,HOU,DET,690,0,201142|203500|1630578|1631095|1641708,0,REG,2026,1610612745,,,,,
2250009317,,Shot Chart Detail,22500093,17,1630578,Alperen Sengun,1610612745,Houston Rockets,1,10,47,Missed Shot,Tip Layup Shot,2PT Field Goal,Restricted Area,Center(C),Less Than 8 ft.,0,0,0,1,0,20251024,HOU,DET,730,0,201142|203500|1630578|1631095|1641708,0,REG,2026,1610612745,,,,,
2250009332,,Shot Chart Detail,22500093,32,1630578,Alperen Sengun,1610612745,Houston Rockets,1,9,55,Missed Shot,Driving Floating Jump Shot,2PT Field Goal,In The Paint (Non-RA),Center(C),Less Than 8 ft.,5,-20,53,1,0,20251024,HOU,DET,1250,0,201142|203500|1630578|1631095|1641708,0,REG,2026,1610612745,,,,,
2250009343,,Shot Chart Detail,22500093,43,203500,Steven Adams,1610612745,Houston Rockets,1,9,24,Made Shot,Cutting Dunk Shot,2PT Field Goal,Restricted Area,Center(C),Less Than 8 ft.,2,6,20,1,1,20251024,HOU,DET,1560,0,201142|203500|1630578|1631095|1641708,1,REG,2026,1610612745,,,,,
2250009348,,Shot Chart Detail,22500093,48,1630578,Alperen Sengun,1610612745,Houston Rockets,1,8,54,Missed Shot,Jump Shot,3PT Field Goal,Above the Break 3,Right Side Center(RC),24+ ft.,27,180,206,1,0,20251024,HOU,DET,1860,0,201142|203500|1630578|1631095|1641708,0,REG,2026,1610612745,,,,,
2250009367,,Shot Chart Detail,22500093,67,1641708,Amen Thompson,1610612745,Houston Rockets,1,7,29,Missed Shot,Driving Layup Shot,2PT Field Goal,Restricted Area,Center(C),Less Than 8 ft.,1,17,10,1,0,20251024,HOU,DET,2710,0,201142|203500|1630578|1631095|1641708,0,REG,2026,1610612745,,,,,
2250009376,,Shot Chart Detail,22500093,76,201142,Kevin Durant,1610612745,Houston Rockets,1,7,18,Missed Shot,Fadeaway Jump Shot,2PT Field Goal,In The Paint (Non-RA),Left Side(L),8-16 ft.,9,-71,65,1,0,20251024,HOU,DET,2820,0,201142|203500|1630578|1631095|1641708,0,REG,2026,1610612745,,,,,
2250009394,,Shot Chart Detail,22500093,94,1630578,Alperen Sengun,1610612745,Houston Rockets,1,6,24,Missed Shot,Driving Layup Shot,2PT Field Goal,Restricted Area,Center(C),Less Than 8 ft.,0,-9,-1,1,0,20251024,HOU,DET,3360,0,201142|203500|1630578|1641708|1642263,0,REG,2026,1610612745,,,,,
2250009396,,Shot Chart Detail,22500093,96,201142,Kevin Durant,1610612745,Houston Rockets,1,6,20,Made Shot,Jump Shot,3PT Field Goal,Above the Break 3,Left Side Center(LC),24+ ft.,25,-129,223,1,1,20251024,HOU,DET,3400,0,201142|203500|1630578|1641708|1642263,0,REG,2026,1610612745,,,,,
22500093114,,Shot Chart Detail,22500093,114,1642263,Reed Sheppard,1610612745,Houston Rockets,1,4,55,Missed Shot,Driving Finger Roll Layup Shot,2PT Field Goal,Mid-Range,Right Side(R),8-16 ft.,12,125,23,1,0,20251024,HOU,DET,4250,0,201142|203500|1631106|1641708|1642263,0,REG,2026,1610612745,,,,,
22500093116,,Shot Chart Detail,22500093,116,201142,Kevin Durant,1610612745,Houston Rockets,1,4,50,Missed Shot,Pullup Jump shot,2PT Field Goal,In The Paint (Non-RA),Right Side(R),8-16 ft.,12,70,102,1,0,20251024,HOU,DET,4300,0,201142|203500|1631106|1641708|1642263,0,REG,2026,1610612745,,,,,
22500093120,,Shot Chart Detail,22500093,120,1641708,Amen Thompson,1610612745,Houston Rockets,1,4,33,Missed Shot,Running Dunk Shot,2PT Field Goal,Restricted Area,Center(C),Less Than 8 ft.,0,-9,2,1,0,20251024,HOU,DET,4470,0,201142|203500|1631106|1641708|1642263,0,REG,2026,1610612745,,,,,
22500093125,,Shot Chart Detail,22500093,125,201142,Kevin Durant,1610612745,Houston Rockets,1,4,15,Missed Shot,Running Jump Shot,2PT Field Goal,In The Paint (Non-RA),Center(C),Less Than 8 ft.,4,38,20,1,0,20251024,HOU,DET,4650,0,201142|203500|1631106|1641708|1642263,0,REG,2026,1610612745,,,,,
22500093149,,Shot Chart Detail,22500093,149,1631106,Tari Eason,1610612745,Houston Rockets,1,3,29,Missed Shot,Jump Shot,3PT Field Goal,Left Corner 3,Left Side(L),24+ ft.,23,-233,46,1,0,20251024,HOU,DET,5110,0,1631106,0,REG,2026,1610612745,,,,,
22500093153,,Shot Chart Detail,22500093,153,201142,Kevin Durant,1610612745,Houston Rockets,1,3,22,Missed Shot,Jump Shot,2PT Field Goal,Mid-Range,Left Side Center(LC),16-24 ft.,20,-92,186,1,0,20251024,HOU,DET,5180,0,201142,0,REG,2026,1610612745,,,,,
22500093155,,Shot Chart Detail,22500093,155,201142,Kevin Durant,1610612745,Houston Rockets,1,3,16,Made Shot,Driving Finger Roll Layup Shot,2PT Field Goal,In The Paint (Non-RA),Center(C),Less Than 8 ft.,6,-7,63,1,1,20251024,HOU,DET,5240,0,201142,1,REG,2026,1610612745,,,,,
22500093170,,Shot Chart Detail,22500093,170,1631095,Jabari Smith Jr.,1610612745,Houston Rockets,1,2,42,Made Shot,Running Pull-Up Jump Shot,3PT Field Goal,Above the Break 3,Right Side Center(RC),24+ ft.,26,163,214,1,1,20251024,HOU,DET,5580,0,1631095,0,REG,2026,1610612745,,,,,
22500093173,,Shot Chart Detail,22500093,173,1642263,Reed Sheppard,1610612745,Houston Rockets,1,2,18,Missed Shot,Driving Floating Jump Shot,2PT Field Goal,Restricted Area,Center(C),Less Than 8 ft.,3,-26,21,1,0,20251024,HOU,DET,5820,0,1642263,0,REG,2026,1610612745,,,,,
22500093175,,Shot Chart Detail,22500093,175,203991,Clint Capela,1610612745,Houston Rockets,1,2,17,Made Shot,Tip Dunk Shot,2PT Field Goal,Restricted Area,Center(C),Less Than 8 ft.,0,0,0,1,1,20251024,HOU,DET,5830,0,203991,0,REG,2026,1610612745,,,,,
22500093177,,Shot Chart Detail,22500093,177,1630578,Alperen Sengun,1610612745,Houston Rockets,1,1,55,Made Shot,Step Back Jump shot,2PT Field Goal,In The Paint (Non-RA),Center(C),8-16 ft.,13,11,130,1,1,20251024,HOU,DET,6050,0,1630578,0,REG,2026,1610612745,,,,,
22500093180,,Shot Chart Detail,22500093,180,1631106,Tari Eason,1610612745,Houston Rockets,1,1,23,Missed Shot,Driving Layup Shot,2PT Field Goal,Restricted Area,Center(C),Less Than 8 ft.,2,18,17,1,0,20251024,HOU,DET,6370,0,1631106,0,REG,2026,1610612745,,,,,
22500093183,,Shot Chart Detail,22500093,183,1631106,Tari Eason,1610612745,Houston Rockets,1,1,20,Made Shot,Putback Layup Shot,2PT Field Goal,Restricted Area,Center(C),Less Than 8 ft.,2,10,20,1,1,20251024,HOU,DET,6400,0,1631106,0,REG,2026,1610612745,,,,,
22500093186,,Shot Chart Detail,22500093,186,1642263,Reed Sheppard,1610612745,Houston Rockets,1,0,49,Made Shot,Running Jump Shot,3PT Field Goal,Above the Break 3,Center(C),24+ ft.,26,-74,259,1,1,20251024,HOU,DET,6710,0,1642263,0,REG,2026,1610612745,,,,,
22500093209,,Shot Chart Detail,22500093,209,1631095,Jabari Smith Jr.,1610612745,Houston Rockets,1,0,11,Missed Shot,Step Back Jump shot,2PT Field Goal,In The Paint (Non-RA),Center(C),8-16 ft.,11,-49,99,1,0,20251024,HOU,DET,7090,0,1631095,0,REG,2026,1610612745,,,,,
22500093226,,Shot Chart Detail,22500093,226,1630578,Alperen Sengun,1610612745,Houston Rockets,1,0,1,Made Shot,Pullup Jump shot,2PT Field Goal,Mid-Range,Center(C),16-24 ft.,17,53,170,1,1,20251024,HOU,DET,7190,0,1630578,0,REG,2026,1610612745,,,,,
22500093240,,Shot Chart Detail,22500093,240,1642263,Reed Sheppard,1610612745,Houston Rockets,2,11,48,Missed Shot,Fadeaway Jump Shot,2PT Field Goal,Mid-Range,Right Side(R),8-16 ft.,15,126,88,1,0,20251024,HOU,DET,7320,0,1642263,0,REG,2026,1610612745,,,,,
22500093246,,Shot Chart Detail,22500093,246,1630578,Alperen Sengun,1610612745,Houston Rockets,2,11,11,Missed Shot,Driving Floating Jump Shot,2PT Field Goal,In The Paint (Non-RA),Center(C),Less Than 8 ft.,7,-43,65,1,0,20251024,HOU,DET,7690,0,1630578,0,REG,2026,1610612745,,,,,
22500093249,,Shot Chart Detail,22500093,249,1642263,Reed Sheppard,1610612745,Houston Rockets,2,10,56,Missed Shot,Driving Hook Shot,2PT Field Goal,In The Paint (Non-RA),Center(C),Less Than 8 ft.,7,72,18,1,0,20251024,HOU,DET,7840,0,1642263,0,REG,2026,1610612745,,,,,
22500093254,,Shot Chart Detail,22500093,254,1629006,Josh Okogie,1610612745,Houston Rockets,2,10,13,Made Shot,Jump Shot,3PT Field Goal,Above the Break 3,Right Side Center(RC),24+ ft.,26,194,174,1,1,20251024,HOU,DET,8270,0,1629006,1,REG,2026,1610612745,,,,,
22500093264,,Shot Chart Detail,22500093,264,1630578,Alperen Sengun,1610612745,Houston Rockets,2,9,45,Missed Shot,Turnaround Hook Shot,2PT Field Goal,In The Paint (Non-RA),Center(C),8-16 ft.,10,-22,100,1,0,20251024,HOU,DET,8550,0,1630578,0,REG,2026,1610612745,,,,,
22500093268,,Shot Chart Detail,22500093,268,1642263,Reed Sheppard,1610612745,Houston Rockets,2,9,27,Missed Shot,Driving Reverse Layup Shot,2PT Field Goal,Restricted Area,Center(C),Less Than 8 ft.,1,-16,0,1,0,20251024,HOU,DET,8730,0,1642263,0,REG,2026,1610612745,,,,,
22500093272,,Shot Chart Detail,22500093,272,1630578,Alperen Sengun,1610612745,Houston Rockets,2,9,2,Missed Shot,Jump Shot,3PT Field Goal,Above the Break 3,Left Side Center(LC),24+ ft.,29,-157,251,1,0,20251024,HOU,DET,8980,0,1630578,0,REG,2026,1610612745,,,,,
22500093274,,Shot Chart Detail,22500093,274,203500,Steven Adams,1610612745,Houston Rockets,2,8,59,Made Shot,Putback Layup Shot,2PT Field Goal,Restricted Area,Center(C),Less Than 8 ft.,1,10,5,1,1,20251024,HOU,DET,9010,0,203500,0,REG,2026,1610612745,,,,,
22500093296,,Shot Chart Detail,22500093,296,1631095,Jabari Smith Jr.,1610612745,Houston Rockets,2,8,8,Missed Shot,Pullup Jump shot,2PT Field Goal,Mid-Range,Center(C),16-24 ft.,16,5,164,1,0,20251024,HOU,DET,9520,0,1631095,0,REG,2026,1610612745,,,,,
22500093312,,Shot Chart Detail,22500093,312,1631095,Jabari Smith Jr.,1610612745,Houston Rockets,2,7,21,Missed Shot,Running Jump Shot,3PT Field Goal,Above the Break 3,Right Side Center(RC),24+ ft.,26,205,169,1,0,20251024,HOU,DET,9990,0,1631095,0,REG,2026,1610612745,,,,,
22500093318,,Shot Chart Detail,22500093,318,1631095,Jabari Smith Jr.,1610612745,Houston Rockets,2,6,46,Missed Shot,Running Jump Shot,3PT Field Goal,Above the Break 3,Right Side Center(RC),24+ ft.,25,150,205,1,0,20251024,HOU,DET,10340,0,1631095,0,REG,2026,1610612745,,,,,
22500093415,,Shot Chart Detail,22500093,415,201142,Kevin Durant,1610612745,Houston Rockets,2,6,19,Missed Shot,Pullup Jump shot,2PT Field Goal,In The Paint (Non-RA),Center(C),8-16 ft.,12,60,113,1,0,20251024,HOU,DET,10610,0,201142,0,REG,2026,1610612745,,,,,
22500093343,,Shot Chart Detail,22500093,343,201142,Kevin Durant,1610612745,Houston Rockets,2,5,34,Missed Shot,Running Finger Roll Layup Shot,2PT Field Goal,Restricted Area,Center(C),Less Than 8 ft.,2,11,21,1,0,20251024,HOU,DET,11060,0,201142,0,REG,2026,1610612745,,,,,
22500093440,,Shot Chart Detail,22500093,440,1630578,Alperen Sengun,1610612745,Houston Rockets,2,4,33,Missed Shot,Driving Layup Shot,2PT Field Goal,Restricted Area,Center(C),Less Than 8 ft.,1,-4,13,1,0,20251024,HOU,DET,11670,0,1630578,0,REG,2026,1610612745,,,,,
22500093375,,Shot Chart Detail,22500093,375,1631095,Jabari Smith Jr.,1610612745,Houston Rockets,2,4,13,Missed Shot,Pullup Jump shot,3PT Field Goal,Above the Break 3,Center(C),24+ ft.,27,60,270,1,0,20251024,HOU,DET,11870,0,1631095,0,REG,2026,1610612745,,,,,
22500093391,,Shot Chart Detail,22500093,391,1642263,Reed Sheppard,1610612745,Houston Rockets,2,3,18,Missed Shot,Driving Floating Bank Jump Shot,2PT Field Goal,Mid-Range,Left Side(L),8-16 ft.,13,-132,43,1,0,20251024,HOU,DET,12420,0,1642263,0,REG,2026,1610612745,,,,,
22500093393,,Shot Chart Detail,22500093,393,203500,Steven Adams,1610612745,Houston Rockets,2,3,17,Made Shot,Tip Layup Shot,2PT Field Goal,Restricted Area,Center(C),Less Than 8 ft.,0,0,0,1,1,20251024,HOU,DET,12430,0,203500,0,REG,2026,1610612745,,,,,
22500093417,,Shot Chart Detail,22500093,417,201142,Kevin Durant,1610612745,Houston Rockets,2,1,54,Made Shot,Driving Layup Shot,2PT Field Goal,Restricted Area,Center(C),Less Than 8 ft.,3,28,17,1,1,20251024,HOU,DET,13260,0,201142,0,REG,2026,1610612745,,,,,
22500093422,,Shot Chart Detail,22500093,422,1642263,Reed Sheppard,1610612745,Houston Rockets,2,1,9,Made Shot,Jump Shot,3PT Field Goal,Above the Break 3,Left Side Center(LC),24+ ft.,29,-153,252,1,1,20251024,HOU,DET,13710,0,1642263,1,REG,2026,1610612745,,,,,
22500093430,,Shot Chart Detail,22500093,430,1631095,Jabari Smith Jr.,1610612745,Houston Rockets,2,0,27,Made Shot,Jump Shot,3PT Field Goal,Right Corner 3,Right Side(R),24+ ft.,24,240,-22,1,1,20251024,HOU,DET,14130,0,1631095,1,REG,2026,1610612745,,,,,
22500093434,,Shot Chart Detail,22500093,434,1631095,Jabari Smith Jr.,1610612745,Houston Rockets,2,0,0,Missed Shot,Jump Shot,3PT Field Goal,Above the Break 3,Left Side Center(LC),24+ ft.,33,-201,264,1,0,20251024,HOU,DET,14400,0,1631095,0,REG,2026,1610612745,,,,,
22500093452,,Shot Chart Detail,22500093,452,1630578,Alperen Sengun,1610612745,Houston Rockets,3,11,37,Missed Shot,Driving Floating Jump Shot,2PT Field Goal,In The Paint (Non-RA),Center(C),Less Than 8 ft.,7,-4,77,1,0,20251024,HOU,DET,14630,0,1630578,0,REG,2026,1610612745,,,,,
22500093456,,Shot Chart Detail,22500093,456,1630578,Alperen Sengun,1610612745,Houston Rockets,3,11,33,Made Shot,Turnaround Fadeaway shot,2PT Field Goal,Mid-Range,Right Side(R),8-16 ft.,15,140,57,1,1,20251024,HOU,DET,14670,0,1630578,1,REG,2026,1610612745,,,,,
22500093460,,Shot Chart Detail,22500093,460,1631095,Jabari Smith Jr.,1610612745,Houston Rockets,3,11,2,Missed Shot,Running Pull-Up Jump Shot,3PT Field Goal,Above the Break 3,Left Side Center(LC),24+ ft.,25,-123,225,1,0,20251024,HOU,DET,14980,0,1631095,0,REG,2026,1610612745,,,,,
22500093467,,Shot Chart Detail,22500093,467,201142,Kevin Durant,1610612745,Houston Rockets,3,10,30,Made Shot,Fadeaway Jump Shot,2PT Field Goal,In The Paint (Non-RA),Center(C),8-16 ft.,10,-50,94,1,1,20251024,HOU,DET,15300,0,201142,1,REG,2026,1610612745,,,,,
22500093476,,Shot Chart Detail,22500093,476,1630578,Alperen Sengun,1610612745,Houston Rockets,3,9,25,Made Shot,Cutting Layup Shot,2PT Field Goal,Restricted Area,Center(C),Less Than 8 ft.,3,1,31,1,1,20251024,HOU,DET,15950,0,1630578,1,REG,2026,1610612745,,,,,
22500093484,,Shot Chart Detail,22500093,484,201142,Kevin Durant,1610612745,Houston Rockets,3,8,40,Made Shot,Jump Shot,3PT Field Goal,Above the Break 3,Center(C),24+ ft.,27,-6,273,1,1,20251024,HOU,DET,16400,0,201142,1,REG,2026,1610612745,,,,,
22500093488,,Shot Chart Detail,22500093,488,1629006,Josh Okogie,1610612745,Houston Rockets,3,8,0,Missed Shot,Jump Shot,3PT Field Goal,Above the Break 3,Left Side Center(LC),24+ ft.,27,-228,151,1,0,20251024,HOU,DET,16800,0,1629006,0,REG,2026,1610612745,,,,,
22500093496,,Shot Chart Detail,22500093,496,1629006,Josh Okogie,1610612745,Houston Rockets,3,7,33,Made Shot,Driving Reverse Layup Shot,2PT Field Goal,Restricted Area,Center(C),Less Than 8 ft.,2,21,3,1,1,20251024,HOU,DET,17070,0,1629006,1,REG,2026,1610612745,,,,,
22500093508,,Shot Chart Detail,22500093,508,1631095,Jabari Smith Jr.,1610612745,Houston Rockets,3,6,53,Missed Shot,Floating Jump shot,2PT Field Goal,Restricted Area,Center(C),Less Than 8 ft.,2,-16,14,1,0,20251024,HOU,DET,17470,0,1631095,0,REG,2026,1610612745,,,,,
22500093538,,Shot Chart Detail,22500093,538,1629006,Josh Okogie,1610612745,Houston Rockets,3,5,36,Made Shot,Layup Shot,2PT Field Goal,In The Paint (Non-RA),Center(C),Less Than 8 ft.,5,-39,32,1,1,20251024,HOU,DET,18240,0,1629006,1,REG,2026,1610612745,,,,,
22500093544,,Shot Chart Detail,22500093,544,201142,Kevin Durant,1610612745,Houston Rockets,3,5,4,Missed Shot,Pullup Jump shot,2PT Field Goal,Mid-Range,Right Side Center(RC),16-24 ft.,18,89,162,1,0,20251024,HOU,DET,18560,0,201142,0,REG,2026,1610612745,,,,,
22500093563,,Shot Chart Detail,22500093,563,1641708,Amen Thompson,1610612745,Houston Rockets,3,3,57,Made Shot,Driving Layup Shot,2PT Field Goal,In The Paint (Non-RA),Center(C),Less Than 8 ft.,4,-2,40,1,1,20251024,HOU,DET,19230,0,1641708,0,REG,2026,1610612745,,,,,
22500093579,,Shot Chart Detail,22500093,579,201142,Kevin Durant,1610612745,Houston Rockets,3,2,49,Missed Shot,Turnaround Fadeaway shot,2PT Field Goal,Mid-Range,Left Side(L),8-16 ft.,12,-116,47,1,0,20251024,HOU,DET,19910,0,201142,0,REG,2026,1610612745,,,,,
22500093582,,Shot Chart Detail,22500093,582,1641708,Amen Thompson,1610612745,Houston Rockets,3,2,25,Missed Shot,Step Back Jump shot,2PT Field Goal,Mid-Range,Right Side(R),8-16 ft.,14,141,-1,1,0,20251024,HOU,DET,20150,0,1641708,0,REG,2026,1610612745,,,,,
22500093584,,Shot Chart Detail,22500093,584,203500,Steven Adams,1610612745,Houston Rockets,3,2,22,Made Shot,Tip Layup Shot,2PT Field Goal,Restricted Area,Center(C),Less Than 8 ft.,0,0,0,1,1,20251024,HOU,DET,20180,0,203500,0,REG,2026,1610612745,,,,,
22500093587,,Shot Chart Detail,22500093,587,1631106,Tari Eason,1610612745,Houston Rockets,3,2,3,Made Shot,Running Dunk Shot,2PT Field Goal,Restricted Area,Center(C),Less Than 8 ft.,2,11,19,1,1,20251024,HOU,DET,20370,0,1631106,0,REG,2026,1610612745,,,,,
22500093601,,Shot Chart Detail,22500093,601,1641708,Amen Thompson,1610612745,Houston Rockets,3,1,30,Missed Shot,Floating Jump shot,2PT Field Goal,In The Paint (Non-RA),Center(C),Less Than 8 ft.,7,-51,55,1,0,20251024,HOU,DET,20700,0,1641708,0,REG,2026,1610612745,,,,,
22500093621,,Shot Chart Detail,22500093,621,1642263,Reed Sheppard,1610612745,Houston Rockets,3,0,35,Missed Shot,Driving Floating Jump Shot,2PT Field Goal,Mid-Range,Left Side(L),8-16 ft.,12,-100,71,1,0,20251024,HOU,DET,21250,0,1642263,0,REG,2026,1610612745,,,,,
22500093624,,Shot Chart Detail,22500093,624,201142,Kevin Durant,1610612745,Houston Rockets,3,0,4,Missed Shot,Driving Floating Jump Shot,2PT Field Goal,In The Paint (Non-RA),Center(C),Less Than 8 ft.,7,-13,73,1,0,20251024,HOU,DET,21560,0,201142,0,REG,2026,1610612745,,,,,
22500093641,,Shot Chart Detail,22500093,641,1642263,Reed Sheppard,1610612745,Houston Rockets,4,11,8,Made Shot,Jump Shot,3PT Field Goal,Above the Break 3,Center(C),24+ ft.,30,22,300,1,1,20251024,HOU,DET,22120,0,1642263,1,REG,2026,1610612745,,,,,
22500093645,,Shot Chart Detail,22500093,645,1642263,Reed Sheppard,1610612745,Houston Rockets,4,10,38,Missed Shot,Step Back Jump shot,3PT Field Goal,Above the Break 3,Center(C),24+ ft.,28,67,278,1,0,20251024,HOU,DET,22420,0,1642263,0,REG,2026,1610612745,,,,,
22500093649,,Shot Chart Detail,22500093,649,1641708,Amen Thompson,1610612745,Houston Rockets,4,10,13,Made Shot,Driving Reverse Layup Shot,2PT Field Goal,Restricted Area,Center(C),Less Than 8 ft.,1,18,8,1,1,20251024,HOU,DET,22670,0,1641708,0,REG,2026,1610612745,,,,,
22500093661,,Shot Chart Detail,22500093,661,1630578,Alperen Sengun,1610612745,Houston Rockets,4,9,3,Made Shot,Running Dunk Shot,2PT Field Goal,Restricted Area,Center(C),Less Than 8 ft.,3,12,34,1,1,20251024,HOU,DET,23370,0,1630578,0,REG,2026,1610612745,,,,,
22500093671,,Shot Chart Detail,22500093,671,201142,Kevin Durant,1610612745,Houston Rockets,4,8,7,Made Shot,Pullup Jump shot,2PT Field Goal,Mid-Range,Right Side Center(RC),16-24 ft.,19,108,168,1,1,20251024,HOU,DET,23930,0,201142,1,REG,2026,1610612745,,,,,
22500093683,,Shot Chart Detail,22500093,683,1630578,Alperen Sengun,1610612745,Houston Rockets,4,7,4,Missed Shot,Driving Layup Shot,2PT Field Goal,Restricted Area,Center(C),Less Than 8 ft.,3,32,13,1,0,20251024,HOU,DET,24560,0,1630578,0,REG,2026,1610612745,,,,,
22500093696,,Shot Chart Detail,22500093,696,201142,Kevin Durant,1610612745,Houston Rockets,4,6,17,Made Shot,Cutting Dunk Shot,2PT Field Goal,Restricted Area,Center(C),Less Than 8 ft.,2,-20,21,1,1,20251024,HOU,DET,25030,0,201142,1,REG,2026,1610612745,,,,,
22500093717,,Shot Chart Detail,22500093,717,1630578,Alperen Sengun,1610612745,Houston Rockets,4,5,2,Missed Shot,Driving Layup Shot,2PT Field Goal,In The Paint (Non-RA),Center(C),Less Than 8 ft.,7,2,74,1,0,20251024,HOU,DET,25780,0,1630578,0,REG,2026,1610612745,,,,,
22500093722,,Shot Chart Detail,22500093,722,201142,Kevin Durant,1610612745,Houston Rockets,4,4,36,Made Shot,Pullup Jump shot,3PT Field Goal,Above the Break 3,Left Side Center(LC),24+ ft.,27,-152,226,1,1,20251024,HOU,DET,26040,0,201142,0,REG,2026,1610612745,,,,,
22500093724,,Shot Chart Detail,22500093,724,1641708,Amen Thompson,1610612745,Houston Rockets,4,3,51,Missed Shot,Cutting Layup Shot,2PT Field Goal,In The Paint (Non-RA),Center(C),Less Than 8 ft.,4,-9,47,1,0,20251024,HOU,DET,26490,0,1641708,0,REG,2026,1610612745,,,,,
22500093731,,Shot Chart Detail,22500093,731,1631095,Jabari Smith Jr.,1610612745,Houston Rockets,4,3,17,Missed Shot,Driving Layup Shot,2PT Field Goal,In The Paint (Non-RA),Center(C),Less Than 8 ft.,6,-5,62,1,0,20251024,HOU,DET,26830,0,1631095,0,REG,2026,1610612745,,,,,
22500093733,,Shot Chart Detail,22500093,733,1631106,Tari Eason,1610612745,Houston Rockets,4,3,16,Missed Shot,Tip Layup Shot,2PT Field Goal,Restricted Area,Center(C),Less Than 8 ft.,0,0,0,1,0,20251024,HOU,DET,26840,0,1631106,0,REG,2026,1610612745,,,,,
22500093739,,Shot Chart Detail,22500093,739,1631095,Jabari Smith Jr.,1610612745,Houston Rockets,4,2,40,Made Shot,Jump Shot,3PT Field Goal,Left Corner 3,Left Side(L),24+ ft.,24,-239,29,1,1,20251024,HOU,DET,27200,0,1631095,1,REG,2026,1610612745,,,,,
22500093749,,Shot Chart Detail,22500093,749,1631095,Jabari Smith Jr.,1610612745,Houston Rockets,4,1,40,Missed Shot,Driving Layup Shot,2PT Field Goal,In The Paint (Non-RA),Center(C),8-16 ft.,8,-13,88,1,0,20251024,HOU,DET,27800,0,1631095,0,REG,2026,1610612745,,,,,
22500093762,,Shot Chart Detail,22500093,762,1631095,Jabari Smith Jr.,1610612745,Houston Rockets,4,0,56,Missed Shot,Jump Shot,3PT Field Goal,Above the Break 3,Left Side Center(LC),24+ ft.,26,-196,179,1,0,20251024,HOU,DET,28240,0,1631095,0,REG,2026,1610612745,,,,,
22500093772,,Shot Chart Detail,22500093,772,1630578,Alperen Sengun,1610612745,Houston Rockets,4,0,16,Missed Shot,Driving Layup Shot,2PT Field Goal,In The Paint (Non-RA),Center(C),8-16 ft.,8,13,82,1,0,20251024,HOU,DET,28640,0,1630578,0,REG,2026,1610612745,,,,,
22500093800,,Shot Chart Detail,22500093,800,1641708,Amen Thompson,1610612745,Houston Rockets,4,0,2,Missed Shot,Jump Shot,3PT Field Goal,Above the Break 3,Left Side Center(LC),24+ ft.,28,-210,199,1,0,20251024,HOU,DET,28780,0,203500|1630578|1631095|1641708|1642263,0,REG,2026,1610612745,,,,,
225001167,,Shot Chart Detail,22500116,7,1630578,Alperen Sengun,1610612745,Houston Rockets,1,11,10,Made Shot,Driving Layup Shot,2PT Field Goal,In The Paint (Non-RA),Center(C),Less Than 8 ft.,4,-25,39,1,1,20251027,HOU,BKN,500,0,201142|1629006|1630578|1631095|1641708,1,REG,2026,1610612745,,,,,
2250011610,,Shot Chart Detail,22500116,10,1629006,Josh Okogie,1610612745,Houston Rockets,1,10,29,Missed Shot,Driving Layup Shot,2PT Field Goal,In The Paint (Non-RA),Center(C),Less Than 8 ft.,4,-33,29,1,0,20251027,HOU,BKN,910,0,201142|1629006|1630578|1631095|1641708,0,REG,2026,1610612745,,,,,
2250011615,,Shot Chart Detail,22500116,15,1641708,Amen Thompson,1610612745,Houston Rockets,1,10,3,Missed Shot,Jump Shot,3PT Field Goal,Right Corner 3,Right Side(R),24+ ft.,23,232,29,1,0,20251027,HOU,BKN,1170,0,201142|1629006|1630578|1631095|1641708,0,REG,2026,1610612745,,,,,
2250011620,,Shot Chart Detail,22500116,20,201142,Kevin Durant,1610612745,Houston Rockets,1,9,56,Made Shot,Fadeaway Jump Shot,2PT Field Goal,In The Paint (Non-RA),Center(C),Less Than 8 ft.,5,-10,55,1,1,20251027,HOU,BKN,1240,0,201142|1629006|1630578|1631095|1641708,1,REG,2026,1610612745,,,,,
2250011625,,Shot Chart Detail,22500116,25,1630578,Alperen Sengun,1610612745,Houston Rockets,1,9,28,Made Shot,Cutting Dunk Shot,2PT Field Goal,Restricted Area,Center(C),Less Than 8 ft.,2,-6,22,1,1,20251027,HOU,BKN,1520,0,201142|1629006|1630578|1631095|1641708,1,REG,2026,1610612745,,,,,
2250011633,,Shot Chart Detail,22500116,33,201142,Kevin Durant,1610612745,Houston Rockets,1,8,54,Made Shot,Driving Layup Shot,2PT Field Goal,Restricted Area,Center(C),Less Than 8 ft.,1,12,15,1,1,20251027,HOU,BKN,1860,0,201142|1629006|1630578|1631095|1641708,0,REG,2026,1610612745,,,,,
2250011636,,Shot Chart Detail,22500116,36,201142,Kevin Durant,1610612745,Houston Rockets,1,8,32,Missed Shot,Jump Shot,3PT Field Goal,Above the Break 3,Left Side Center(LC),24+ ft.,26,-163,209,1,0,20251027,HOU,BKN,2080,0,201142|1629006|1630578|1631095|1641708,0,REG,2026,1610612745,,,,,
2250011642,,Shot Chart Detail,22500116,42,1641708,Amen Thompson,1610612745,Houston Rockets,1,8,8,Made Shot,Driving Dunk Shot,2PT Field Goal,Restricted Area,Center(C),Less Than 8 ft.,1,4,10,1,1,20251027,HOU,BKN,2320,0,201142|1629006|1630578|1631095|1641708,0,REG,2026,1610612745,,,,,
2250011645,,Shot Chart Detail,22500116,45,1641708,Amen Thompson,1610612745,Houston Rockets,1,7,42,Made Shot,Driving Dunk Shot,2PT Field Goal,Restricted Area,Center(C),Less Than 8 ft.,1,-10,-5,1,1,20251027,HOU,BKN,2580,0,201142|1629006|1630578|1631095|1641708,0,REG,2026,1610612745,,,,,
2250011652,,Shot Chart Detail,22500116,52,201142,Kevin Durant,1610612745,Houston Rockets,1,7,12,Missed Shot,Driving Layup Shot,2PT Field Goal,Restricted Area,Center(C),Less Than 8 ft.,2,17,11,1,0,20251027,HOU,BKN,2880,0,201142|1629006|1630578|1631095|1631106,0,REG,2026,1610612745,,,,,
2250011654,,Shot Chart Detail,22500116,54,1629006,Josh Okogie,1610612745,Houston Rockets,1,6,59,Made Shot,Jump Shot,3PT Field Goal,Above the Break 3,Left Side Center(LC),24+ ft.,26,-186,186,1,1,20251027,HOU,BKN,3010,0,201142|1629006|1630578|1631095|1631106,1,REG,2026,1610612745,,,,,
2250011663,,Shot Chart Detail,22500116,63,201142,Kevin Durant,1610612745,Houston Rockets,1,6,9,Missed Shot,Pullup Jump shot,3PT Field Goal,Above the Break 3,Center(C),24+ ft.,25,43,252,1,0,20251027,HOU,BKN,3510,0,201142|203500|1629006|1631095|1631106,0,REG,2026,1610612745,,,,,
2250011665,,Shot Chart Detail,22500116,65,1631106,Tari Eason,1610612745,Houston Rockets,1,6,3,Missed Shot,Jump Shot,2PT Field Goal,Mid-Range,Right Side(R),16-24 ft.,17,170,7,1,0,20251027,HOU,BKN,3570,0,201142|203500|1629006|1631095|1631106,0,REG,2026,1610612745,,,,,
2250011667,,Shot Chart Detail,22500116,67,1631095,Jabari Smith Jr.,1610612745,Houston Rockets,1,6,1,Made Shot,Putback Layup Shot,2PT Field Goal,Restricted Area,Center(C),Less Than 8 ft.,3,-4,34,1,1,20251027,HOU,BKN,3590,0,201142|203500|1629006|1631095|1631106,0,REG,2026,1610612745,,,,,
2250011671,,Shot Chart Detail,22500116,71,1631106,Tari Eason,1610612745,Houston Rockets,1,5,37,Made Shot,Driving Finger Roll Layup Shot,2PT Field Goal,Restricted Area,Center(C),Less Than 8 ft.,3,28,16,1,1,20251027,HOU,BKN,3830,0,201142|203500|1629006|1631095|1631106,0,REG,2026,1610612745,,,,,
2250011697,,Shot Chart Detail,22500116,97,1629006,Josh Okogie,1610612745,Houston Rockets,1,4,30,Made Shot,Jump Shot,3PT Field Goal,Above the Break 3,Right Side Center(RC),24+ ft.,26,162,214,1,1,20251027,HOU,BKN,4500,0,201142|203500|1629006|1631095|1631106,1,REG,2026,1610612745,,,,,
22500116101,,Shot Chart Detail,22500116,101,201142,Kevin Durant,1610612745,Houston Rockets,1,3,55,Missed Shot,Fadeaway Jump Shot,2PT Field Goal,In The Paint (Non-RA),Center(C),Less Than 8 ft.,7,-76,22,1,0,20251027,HOU,BKN,4850,0,201142|203500|1629006|1631095|1631106,0,REG,2026,1610612745,,,,,
22500116112,,Shot Chart Detail,22500116,112,1631106,Tari Eason,1610612745,Houston Rockets,1,3,28,Missed Shot,Pullup Jump shot,3PT Field Goal,Above the Break 3,Center(C),24+ ft.,25,23,257,1,0,20251027,HOU,BKN,5120,0,201142|203500|1629006|1631106|1642263,0,REG,2026,1610612745,,,,,
22500116116,,Shot Chart Detail,22500116,116,201142,Kevin Durant,1610612745,Houston Rockets,1,2,57,Missed Shot,Pullup Jump shot,2PT Field Goal,Mid-Range,Right Side Center(RC),16-24 ft.,17,96,141,1,0,20251027,HOU,BKN,5430,0,201142|203500|1629006|1631106|1642263,0,REG,2026,1610612745,,,,,
22500116120,,Shot Chart Detail,22500116,120,201142,Kevin Durant,1610612745,Houston Rockets,1,2,33,Made Shot,Driving Dunk Shot,2PT Field Goal,Restricted Area,Center(C),Less Than 8 ft.,3,1,39,1,1,20251027,HOU,BKN,5670,0,201142|203500|1629006|1631106|1642263,1,REG,2026,1610612745,,,,,
22500116135,,Shot Chart Detail,22500116,135,1642263,Reed Sheppard,1610612745,Houston Rockets,1,1,42,Made Shot,Running Jump Shot,3PT Field Goal,Left Corner 3,Left Side(L),24+ ft.,24,-238,42,1,1,20251027,HOU,BKN,6180,0,203500|1630578|1631106|1641708|1642263,1,REG,2026,1610612745,,,,,
22500116143,,Shot Chart Detail,22500116,143,1630578,Alperen Sengun,1610612745,Houston Rockets,1,1,0,Made Shot,Cutting Layup Shot,2PT Field Goal,Restricted Area,Center(C),Less Than 8 ft.,3,-16,33,1,1,20251027,HOU,BKN,6600,0,203500|1630578|1631106|1641708|1642263,1,REG,2026,1610612745,,,,,
22500116149,,Shot Chart Detail,22500116,149,1631106,Tari Eason,1610612745,Houston Rockets,1,0,30,Made Shot,Jump Shot,3PT Field Goal,Left Corner 3,Left Side(L),24+ ft.,22,-229,10,1,1,20251027,HOU,BKN,6900,0,203500|1630578|1631106|1641708|1642263,1,REG,2026,1610612745,,,,,
22500116153,,Shot Chart Detail,22500116,153,1631106,Tari Eason,1610612745,Houston Rockets,1,0,2,Made Shot,Jump Shot,3PT Field Goal,Above the Break 3,Left Side Center(LC),24+ ft.,26,-147,223,1,1,20251027,HOU,BKN,7180,0,203500|1630578|1631106|1641708|1642263,1,REG,2026,1610612745,,,,,
22500116167,,Shot Chart Detail,22500116,167,1642263,Reed Sheppard,1610612745,Houston Rockets,2,11,40,Missed Shot,Jump Shot,3PT Field Goal,Above the Break 3,Right Side Center(RC),24+ ft.,27,85,257,1,0,20251027,HOU,BKN,7400,0,203991|1629006|1630578|1631106|1642263,0,REG,2026,1610612745,,,,,
22500116169,,Shot Chart Detail,22500116,169,203991,Clint Capela,1610612745,Houston Rockets,2,11,33,Made Shot,Reverse Layup Shot,2PT Field Goal,Restricted Area,Center(C),Less Than 8 ft.,1,-15,7,1,1,20251027,HOU,BKN,7470,0,203991|1629006|1630578|1631106|1642263,1,REG,2026,1610612745,,,,,
22500116181,,Shot Chart Detail,22500116,181,1630578,Alperen Sengun,1610612745,Houston Rockets,2,10,42,Missed Shot,Driving Layup Shot,2PT Field Goal,Restricted Area,Center(C),Less Than 8 ft.,3,-22,28,1,0,20251027,HOU,BKN,7980,0,203991|1629006|1630578|1631106|1642263,0,REG,2026,1610612745,,,,,
22500116186,,Shot Chart Detail,22500116,186,1631106,Tari Eason,1610612745,Houston Rockets,2,10,21,Made Shot,Running Jump Shot,3PT Field Goal,Above the Break 3,Right Side Center(RC),24+ ft.,25,202,157,1,1,20251027,HOU,BKN,8190,0,203991|1629006|1630578|1631106|1642263,1,REG,2026,1610612745,,,,,
22500116190,,Shot Chart Detail,22500116,190,203991,Clint Capela,1610612745,Houston Rockets,2,9,44,Made Shot,Reverse Layup Shot,2PT Field Goal,Restricted Area,Center(C),Less Than 8 ft.,2,-20,10,1,1,20251027,HOU,BKN,8560,0,203991|1629006|1630578|1631106|1642263,1,REG,2026,1610612745,,,,,
22500116213,,Shot Chart Detail,22500116,213,1631106,Tari Eason,1610612745,Houston Rockets,2,8,55,Made Shot,Jump Shot,3PT Field Goal,Right Corner 3,Right Side(R),24+ ft.,22,225,4,1,1,20251027,HOU,BKN,9050,0,201142|203991|1629006|1631106|1642263,1,REG,2026,1610612745,,,,,
22500116217,,Shot Chart Detail,22500116,217,1642263,Reed Sheppard,1610612745,Houston Rockets,2,8,15,Missed Shot,Pullup Jump shot,2PT Field Goal,Mid-Range,Center(C),16-24 ft.,20,9,204,1,0,20251027,HOU,BKN,9450,0,201142|203991|1629006|1631106|1642263,0,REG,2026,1610612745,,,,,
22500116221,,Shot Chart Detail,22500116,221,1631106,Tari Eason,1610612745,Houston Rockets,2,7,45,Made Shot,Driving Finger Roll Layup Shot,2PT Field Goal,Restricted Area,Center(C),Less Than 8 ft.,3,-11,32,1,1,20251027,HOU,BKN,9750,0,201142|203991|1629006|1631106|1642263,0,REG,2026,1610612745,,,,,
22500116223,,Shot Chart Detail,22500116,223,1642263,Reed Sheppard,1610612745,Houston Rockets,2,7,13,Missed Shot,Jump Shot,3PT Field Goal,Left Corner 3,Left Side(L),24+ ft.,23,-233,23,1,0,20251027,HOU,BKN,10070,0,201142|203991|1629006|1631106|1642263,0,REG,2026,1610612745,,,,,
22500116233,,Shot Chart Detail,22500116,233,201142,Kevin Durant,1610612745,Houston Rockets,2,6,50,Missed Shot,Running Jump Shot,3PT Field Goal,Right Corner 3,Right Side(R),24+ ft.,23,229,28,1,0,20251027,HOU,BKN,10300,0,201142|203991|1629006|1631095|1641708,0,REG,2026,1610612745,,,,,
22500116238,,Shot Chart Detail,22500116,238,1641708,Amen Thompson,1610612745,Houston Rockets,2,6,24,Made Shot,Cutting Dunk Shot,2PT Field Goal,Restricted Area,Center(C),Less Than 8 ft.,1,-12,7,1,1,20251027,HOU,BKN,10560,0,201142|203991|1629006|1631095|1641708,1,REG,2026,1610612745,,,,,
22500116253,,Shot Chart Detail,22500116,253,201142,Kevin Durant,1610612745,Houston Rockets,2,5,46,Missed Shot,Fadeaway Jump Shot,2PT Field Goal,In The Paint (Non-RA),Left Side(L),8-16 ft.,9,-70,68,1,0,20251027,HOU,BKN,10940,0,201142|203500|1630578|1631095|1641708,0,REG,2026,1610612745,,,,,
22500116257,,Shot Chart Detail,22500116,257,1630578,Alperen Sengun,1610612745,Houston Rockets,2,5,11,Made Shot,Driving Floating Jump Shot,2PT Field Goal,In The Paint (Non-RA),Center(C),8-16 ft.,8,11,81,1,1,20251027,HOU,BKN,11290,0,201142|203500|1630578|1631095|1641708,0,REG,2026,1610612745,,,,,
22500116260,,Shot Chart Detail,22500116,260,1631095,Jabari Smith Jr.,1610612745,Houston Rockets,2,4,48,Made Shot,Jump Shot,3PT Field Goal,Right Corner 3,Right Side(R),24+ ft.,22,224,17,1,1,20251027,HOU,BKN,11520,0,201142|203500|1630578|1631095|1641708,1,REG,2026,1610612745,,,,,
22500116273,,Shot Chart Detail,22500116,273,1641708,Amen Thompson,1610612745,Houston Rockets,2,3,48,Missed Shot,Pullup Jump shot,2PT Field Goal,In The Paint (Non-RA),Center(C),8-16 ft.,10,37,99,1,0,20251027,HOU,BKN,12120,0,201142|203500|1630578|1631095|1641708,0,REG,2026,1610612745,,,,,
22500116275,,Shot Chart Detail,22500116,275,1641708,Amen Thompson,1610612745,Houston Rockets,2,3,43,Missed Shot,Floating Jump shot,2PT Field Goal,In The Paint (Non-RA),Center(C),8-16 ft.,13,-37,132,1,0,20251027,HOU,BKN,12170,0,201142|203500|1630578|1631095|1641708,0,REG,2026,1610612745,,,,,
22500116290,,Shot Chart Detail,22500116,290,1630578,Alperen Sengun,1610612745,Houston Rockets,2,2,39,Missed Shot,Driving Floating Jump Shot,2PT Field Goal,In The Paint (Non-RA),Center(C),Less Than 8 ft.,6,-31,54,1,0,20251027,HOU,BKN,12810,0,201142|203500|1630578|1631095|1641708,0,REG,2026,1610612745,,,,,
22500116294,,Shot Chart Detail,22500116,294,1631095,Jabari Smith Jr.,1610612745,Houston Rockets,2,2,24,Missed Shot,Running Jump Shot,3PT Field Goal,Above the Break 3,Right Side Center(RC),24+ ft.,25,163,201,1,0,20251027,HOU,BKN,12960,0,201142|203500|1630578|1631095|1641708,0,REG,2026,1610612745,,,,,
22500116307,,Shot Chart Detail,22500116,307,1631095,Jabari Smith Jr.,1610612745,Houston Rockets,2,1,55,Missed Shot,Jump Shot,3PT Field Goal,Right Corner 3,Right Side(R),24+ ft.,22,221,26,1,0,20251027,HOU,BKN,13250,0,1629006|1630578|1631095|1631106|1641708,0,REG,2026,1610612745,,,,,
22500116310,,Shot Chart Detail,22500116,310,1631095,Jabari Smith Jr.,1610612745,Houston Rockets,2,1,46,Missed Shot,Driving Finger Roll Layup Shot,2PT Field Goal,Restricted Area,Center(C),Less Than 8 ft.,3,-20,23,1,0,20251027,HOU,BKN,13340,0,1629006|1630578|1631095|1631106|1641708,0,REG,2026,1610612745,,,,,
22500116312,,Shot Chart Detail,22500116,312,1631106,Tari Eason,1610612745,Houston Rockets,2,1,42,Made Shot,Jump Shot,3PT Field Goal,Left Corner 3,Left Side(L),24+ ft.,22,-227,10,1,1,20251027,HOU,BKN,13380,0,1629006|1630578|1631095|1631106|1641708,1,REG,2026,1610612745,,,,,
22500116317,,Shot Chart Detail,22500116,317,1641708,Amen Thompson,1610612745,Houston Rockets,2,0,54,Missed Shot,Fadeaway Jump Shot,2PT Field Goal,In The Paint (Non-RA),Left Side(L),8-16 ft.,9,-71,64,1,0,20251027,HOU,BKN,13860,0,1629006|1630578|1631095|1631106|1641708,0,REG,2026,1610612745,,,,,
22500116321,,Shot Chart Detail,22500116,321,1641708,Amen Thompson,1610612745,Houston Rockets,2,0,32,Made Shot,Cutting Dunk Shot,2PT Field Goal,Restricted Area,Center(C),Less Than 8 ft.,2,23,11,1,1,20251027,HOU,BKN,14080,0,1629006|1630578|1631095|1631106|1641708,1,REG,2026,1610612745,,,,,
22500116334,,Shot Chart Detail,22500116,334,201142,Kevin Durant,1610612745,Houston Rockets,2,0,2,Made Shot,Driving Floating Jump Shot,2PT Field Goal,In The Paint (Non-RA),Left Side(L),8-16 ft.,8,-48,68,1,1,20251027,HOU,BKN,14380,0,201142|1630578|1631095|1631106|1641708,0,REG,2026,1610612745,,,,,
22500116348,,Shot Chart Detail,22500116,348,201142,Kevin Durant,1610612745,Houston Rockets,3,11,46,Missed Shot,Jump Shot,3PT Field Goal,Above the Break 3,Left Side Center(LC),24+ ft.,24,-103,222,1,0,20251027,HOU,BKN,14540,0,201142|1629006|1630578|1631095|1641708,0,REG,2026,1610612745,,,,,
22500116352,,Shot Chart Detail,22500116,352,1630578,Alperen Sengun,1610612745,Houston Rockets,3,11,39,Missed Shot,Driving Hook Shot,2PT Field Goal,Restricted Area,Center(C),Less Than 8 ft.,3,28,21,1,0,20251027,HOU,BKN,14610,0,201142|1629006|1630578|1631095|1641708,0,REG,2026,1610612745,,,,,
22500116356,,Shot Chart Detail,22500116,356,1631095,Jabari Smith Jr.,1610612745,Houston Rockets,3,11,30,Made Shot,Pullup Jump shot,2PT Field Goal,In The Paint (Non-RA),Center(C),8-16 ft.,13,-62,115,1,1,20251027,HOU,BKN,14700,0,201142|1629006|1630578|1631095|1641708,1,REG,2026,1610612745,,,,,
22500116359,,Shot Chart Detail,22500116,359,1630578,Alperen Sengun,1610612745,Houston Rockets,3,11,3,Made Shot,Jump Shot,3PT Field Goal,Above the Break 3,Right Side Center(RC),24+ ft.,27,146,231,1,1,20251027,HOU,BKN,14970,0,201142|1629006|1630578|1631095|1641708,1,REG,2026,1610612745,,,,,
22500116368,,Shot Chart Detail,22500116,368,1629006,Josh Okogie,1610612745,Houston Rockets,3,10,23,Made Shot,Dunk Shot,2PT Field Goal,Restricted Area,Center(C),Less Than 8 ft.,2,18,9,1,1,20251027,HOU,BKN,15370,0,201142|1629006|1630578|1631095|1641708,1,REG,2026,1610612745,,,,,
22500116373,,Shot Chart Detail,22500116,373,1631095,Jabari Smith Jr.,1610612745,Houston Rockets,3,9,51,Made Shot,Driving Layup Shot,2PT Field Goal,Restricted Area,Center(C),Less Than 8 ft.,1,18,0,1,1,20251027,HOU,BKN,15690,0,201142|1629006|1630578|1631095|1641708,0,REG,2026,1610612745,,,,,
22500116386,,Shot Chart Detail,22500116,386,201142,Kevin Durant,1610612745,Houston Rockets,3,8,31,Made Shot,Cutting Layup Shot,2PT Field Goal,Restricted Area,Center(C),Less Than 8 ft.,2,21,13,1,1,20251027,HOU,BKN,16490,0,201142|1629006|1630578|1631095|1641708,1,REG,2026,1610612745,,,,,
22500116404,,Shot Chart Detail,22500116,404,201142,Kevin Durant,1610612745,Houston Rockets,3,7,15,Made Shot,Pullup Jump shot,2PT Field Goal,In The Paint (Non-RA),Left Side(L),8-16 ft.,10,-71,71,1,1,20251027,HOU,BKN,17250,0,201142|1629006|1630578|1631095|1641708,0,REG,2026,1610612745,,,,,
22500116407,,Shot Chart Detail,22500116,407,1629006,Josh Okogie,1610612745,Houston Rockets,3,6,37,Missed Shot,Driving Reverse Layup Shot,2PT Field Goal,Restricted Area,Center(C),Less Than 8 ft.,3,-32,8,1,0,20251027,HOU,BKN,17630,0,201142|1629006|1630578|1631095|1641708,0,REG,2026,1610612745,,,,,
22500116444,,Shot Chart Detail,22500116,444,1631106,Tari Eason,1610612745,Houston Rockets,3,4,28,Missed Shot,Pullup Jump shot,2PT Field Goal,Mid-Range,Right Side Center(RC),16-24 ft.,21,150,151,1,0,20251027,HOU,BKN,18920,0,201142|203500|1629006|1631095|1631106,0,REG,2026,1610612745,,,,,
22500116468,,Shot Chart Detail,22500116,468,1641708,Amen Thompson,1610612745,Houston Rockets,3,3,2,Missed Shot,Driving Layup Shot,2PT Field Goal,Restricted Area,Center(C),Less Than 8 ft.,2,25,15,1,0,20251027,HOU,BKN,19780,0,203500|1630578|1631106|1641708|1642263,0,REG,2026,1610612745,,,,,
22500116470,,Shot Chart Detail,22500116,470,203500,Steven Adams,1610612745,Houston Rockets,3,3,0,Missed Shot,Tip Layup Shot,2PT Field Goal,Restricted Area,Center(C),Less Than 8 ft.,0,0,0,1,0,20251027,HOU,BKN,19800,0,203500|1630578|1631106|1641708|1642263,0,REG,2026,1610612745,,,,,
22500116480,,Shot Chart Detail,22500116,480,1630578,Alperen Sengun,1610612745,Houston Rockets,3,2,29,Missed Shot,Pullup Jump shot,2PT Field Goal,Mid-Range,Center(C),16-24 ft.,16,-42,155,1,0,20251027,HOU,BKN,20110,0,203500|1630578|1631106|1641708|1642263,0,REG,2026,1610612745,,,,,
22500116484,,Shot Chart Detail,22500116,484,1642263,Reed Sheppard,1610612745,Houston Rockets,3,2,7,Made Shot,Running Dunk Shot,2PT Field Goal,Restricted Area,Center(C),Less Than 8 ft.,2,-11,24,1,1,20251027,HOU,BKN,20330,0,203500|1630578|1631106|1641708|1642263,0,REG,2026,1610612745,,,,,
22500116492,,Shot Chart Detail,22500116,492,1630578,Alperen Sengun,1610612745,Houston Rockets,3,1,44,Made Shot,Layup Shot,2PT Field Goal,Restricted Area,Center(C),Less Than 8 ft.,3,-33,5,1,1,20251027,HOU,BKN,20560,0,203500|1630578|1631106|1641708|1642263,0,REG,2026,1610612745,,,,,
22500116505,,Shot Chart Detail,22500116,505,1641708,Amen Thompson,1610612745,Houston Rockets,3,0,39,Made Shot,Cutting Layup Shot,2PT Field Goal,Restricted Area,Center(C),Less Than 8 ft.,2,-21,5,1,1,20251027,HOU,BKN,21210,0,203500|1630578|1631106|1641708|1642263,1,REG,2026,1610612745,,,,,
22500116523,,Shot Chart Detail,22500116,523,1631106,Tari Eason,1610612745,Houston Rockets,3,0,3,Missed Shot,Jump Shot,3PT Field Goal,Right Corner 3,Right Side(R),24+ ft.,23,232,21,1,0,20251027,HOU,BKN,21570,0,1629006|1630578|1631095|1631106|1641708,0,REG,2026,1610612745,,,,,
22500116539,,Shot Chart Detail,22500116,539,1630578,Alperen Sengun,1610612745,Houston Rockets,4,11,27,Made Shot,Jump Shot,3PT Field Goal,Above the Break 3,Right Side Center(RC),24+ ft.,25,112,234,1,1,20251027,HOU,BKN,21930,0,203991|1629006|1630578|1631106|1642263,1,REG,2026,1610612745,,,,,
22500116544,,Shot Chart Detail,22500116,544,203991,Clint Capela,1610612745,Houston Rockets,4,10,53,Made Shot,Alley Oop Dunk Shot,2PT Field Goal,Restricted Area,Center(C),Less Than 8 ft.,1,17,5,1,1,20251027,HOU,BKN,22270,0,203991|1629006|1630578|1631106|1642263,1,REG,2026,1610612745,,,,,
22500116551,,Shot Chart Detail,22500116,551,1642263,Reed Sheppard,1610612745,Houston Rockets,4,9,56,Made Shot,Running Layup Shot,2PT Field Goal,Restricted Area,Center(C),Less Than 8 ft.,1,11,8,1,1,20251027,HOU,BKN,22840,0,203991|1629006|1630578|1631106|1642263,1,REG,2026,1610612745,,,,,
22500116556,,Shot Chart Detail,22500116,556,1631106,Tari Eason,1610612745,Houston Rockets,4,9,9,Made Shot,Running Layup Shot,2PT Field Goal,Restricted Area,Center(C),Less Than 8 ft.,1,12,4,1,1,20251027,HOU,BKN,23310,0,203991|1629006|1630578|1631106|1642263,0,REG,2026,1610612745,,,,,
22500116560,,Shot Chart Detail,22500116,560,1642263,Reed Sheppard,1610612745,Houston Rockets,4,8,47,Missed Shot,Pullup Jump shot,3PT Field Goal,Above the Break 3,Center(C),24+ ft.,24,-33,246,1,0,20251027,HOU,BKN,23530,0,203991|1629006|1630578|1631106|1642263,0,REG,2026,1610612745,,,,,
22500116569,,Shot Chart Detail,22500116,569,203991,Clint Capela,1610612745,Houston Rockets,4,8,27,Made Shot,Cutting Dunk Shot,2PT Field Goal,In The Paint (Non-RA),Center(C),Less Than 8 ft.,5,0,58,1,1,20251027,HOU,BKN,23730,0,203991|1629006|1631106|1641708|1642263,1,REG,2026,1610612745,,,,,
22500116577,,Shot Chart Detail,22500116,577,1642263,Reed Sheppard,1610612745,Houston Rockets,4,7,40,Made Shot,Step Back Jump shot,3PT Field Goal,Above the Break 3,Right Side Center(RC),24+ ft.,25,134,214,1,1,20251027,HOU,BKN,24200,0,203991|1629006|1631106|1641708|1642263,1,REG,2026,1610612745,,,,,
22500116580,,Shot Chart Detail,22500116,580,1642263,Reed Sheppard,1610612745,Houston Rockets,4,7,15,Made Shot,Jump Shot,3PT Field Goal,Above the Break 3,Center(C),24+ ft.,27,28,273,1,1,20251027,HOU,BKN,24450,0,203991|1629006|1631106|1641708|1642263,1,REG,2026,1610612745,,,,,
22500116599,,Shot Chart Detail,22500116,599,1642263,Reed Sheppard,1610612745,Houston Rockets,4,6,34,Made Shot,Turnaround Fadeaway shot,2PT Field Goal,In The Paint (Non-RA),Center(C),8-16 ft.,11,-47,104,1,1,20251027,HOU,BKN,24860,0,203991|1628988|1630256|1631120|1642263,0,REG,2026,1610612745,,,,,
22500116604,,Shot Chart Detail,22500116,604,1628988,Aaron Holiday,1610612745,Houston Rockets,4,6,7,Made Shot,Running Jump Shot,3PT Field Goal,Above the Break 3,Right Side Center(RC),24+ ft.,25,188,171,1,1,20251027,HOU,BKN,25130,0,203991|1628988|1630256|1631120|1642263,1,REG,2026,1610612745,,,,,
22500116613,,Shot Chart Detail,22500116,613,1642263,Reed Sheppard,1610612745,Houston Rockets,4,5,23,Missed Shot,Jump Shot,3PT Field Goal,Above the Break 3,Left Side Center(LC),24+ ft.,27,-156,232,1,0,20251027,HOU,BKN,25570,0,203991|1628988|1630256|1631120|1642263,0,REG,2026,1610612745,,,,,
22500116623,,Shot Chart Detail,22500116,623,1631120,JD Davison,1610612745,Houston Rockets,4,4,34,Missed Shot,Jump Shot,3PT Field Goal,Above the Break 3,Right Side Center(RC),24+ ft.,25,161,194,1,0,20251027,HOU,BKN,26060,0,203991|1628988|1630256|1631120|1642263,0,REG,2026,1610612745,,,,,
22500116630,,Shot Chart Detail,22500116,630,1628988,Aaron Holiday,1610612745,Houston Rockets,4,4,21,Made Shot,Running Layup Shot,2PT Field Goal,Restricted Area,Center(C),Less Than 8 ft.,2,-29,6,1,1,20251027,HOU,BKN,26190,0,203991|1628988|1630256|1631120|1642263,0,REG,2026,1610612745,,,,,
22500116633,,Shot Chart Detail,22500116,633,1631120,JD Davison,1610612745,Houston Rockets,4,3,59,Made Shot,Jump Shot,3PT Field Goal,Above the Break 3,Right Side Center(RC),24+ ft.,24,191,155,1,1,20251027,HOU,BKN,26410,0,203991|1628988|1630256|1631120|1642263,1,REG,2026,1610612745,,,,,
22500116642,,Shot Chart Detail,22500116,642,1628988,Aaron Holiday,1610612745,Houston Rockets,4,3,26,Missed Shot,Jump Shot,3PT Field Goal,Above the Break 3,Center(C),24+ ft.,27,2,276,1,0,20251027,HOU,BKN,26740,0,201145|1628988|1630256|1631120|1642263,0,REG,2026,1610612745,,,,,
22500116646,,Shot Chart Detail,22500116,646,1630256,Jae'Sean Tate,1610612745,Houston Rockets,4,3,0,Missed Shot,Driving Floating Jump Shot,2PT Field Goal,Mid-Range,Left Side(L),8-16 ft.,9,-97,4,1,0,20251027,HOU,BKN,27000,0,201145|1628988|1630256|1631120|1642263,0,REG,2026,1610612745,,,,,
22500116652,,Shot Chart Detail,22500116,652,1630256,Jae'Sean Tate,1610612745,Houston Rockets,4,2,12,Made Shot,Driving Floating Jump Shot,2PT Field Goal,In The Paint (Non-RA),Center(C),Less Than 8 ft.,5,12,55,1,1,20251027,HOU,BKN,27480,0,201145|1628988|1630256|1631120|1642263,0,REG,2026,1610612745,,,,,
22500116660,,Shot Chart Detail,22500116,660,201145,Jeff Green,1610612745,Houston Rockets,4,1,36,Made Shot,Jump Shot,3PT Field Goal,Above the Break 3,Center(C),24+ ft.,25,-62,243,1,1,20251027,HOU,BKN,27840,0,201145|1628988|1630256|1631120|1642263,1,REG,2026,1610612745,,,,,
22500116666,,Shot Chart Detail,22500116,666,1630256,Jae'Sean Tate,1610612745,Houston Rockets,4,0,53,Made Shot,Driving Floating Jump Shot,2PT Field Goal,In The Paint (Non-RA),Center(C),Less Than 8 ft.,5,11,56,1,1,20251027,HOU,BKN,28270,0,201145|1628988|1630256|1631120|1642263,1,REG,2026,1610612745,,,,,
22500116674,,Shot Chart Detail,22500116,674,1631120,JD Davison,1610612745,Houston Rockets,4,0,9,Missed Shot,Jump Shot,3PT Field Goal,Above the Break 3,Center(C),24+ ft.,35,6,350,1,0,20251027,HOU,BKN,28710,0,201145|1628988|1630256|1631120|1642263,0,REG,2026,1610612745,,,,,
225001317,,Shot Chart Detail,22500131,7,201142,Kevin Durant,1610612745,Houston Rockets,1,11,43,Missed Shot,Jump Shot,3PT Field Goal,Above the Break 3,Left Side Center(LC),24+ ft.,25,-188,175,1,0,20251029,TOR,HOU,170,0,201142|1629006|1630578|1631095|1641708,0,REG,2026,1610612745,,,,,
2250013118,,Shot Chart Detail,22500131,18,1629006,Josh Okogie,1610612745,Houston Rockets,1,10,56,Missed Shot,Jump Shot,3PT Field Goal,Above the Break 3,Left Side Center(LC),24+ ft.,27,-161,220,1,0,20251029,TOR,HOU,640,0,201142|1629006|1630578|1631095|1641708,0,REG,2026,1610612745,,,,,
2250013121,,Shot Chart Detail,22500131,21,1631095,Jabari Smith Jr.,1610612745,Houston Rockets,1,10,24,Missed Shot,Jump Shot,3PT Field Goal,Above the Break 3,Right Side Center(RC),24+ ft.,26,121,232,1,0,20251029,TOR,HOU,960,0,201142|1629006|1630578|1631095|1641708,0,REG,2026,1610612745,,,,,
2250013125,,Shot Chart Detail,22500131,25,1631095,Jabari Smith Jr.,1610612745,Houston Rockets,1,9,48,Made Shot,Jump Shot,3PT Field Goal,Right Corner 3,Right Side(R),24+ ft.,24,241,41,1,1,20251029,TOR,HOU,1320,0,201142|1629006|1630578|1631095|1641708,1,REG,2026,1610612745,,,,,
2250013132,,Shot Chart Detail,22500131,32,1631095,Jabari Smith Jr.,1610612745,Houston Rockets,1,9,13,Made Shot,Turnaround Fadeaway shot,2PT Field Goal,In The Paint (Non-RA),Center(C),8-16 ft.,11,-23,111,1,1,20251029,TOR,HOU,1670,0,201142|1629006|1630578|1631095|1641708,0,REG,2026,1610612745,,,,,
2250013135,,Shot Chart Detail,22500131,35,1630578,Alperen Sengun,1610612745,Houston Rockets,1,8,24,Made Shot,Reverse Layup Shot,2PT Field Goal,Restricted Area,Center(C),Less Than 8 ft.,0,-4,6,1,1,20251029,TOR,HOU,2160,0,201142|1629006|1630578|1631095|1641708,1,REG,2026,1610612745,,,,,
2250013139,,Shot Chart Detail,22500131,39,1630578,Alperen Sengun,1610612745,Houston Rockets,1,7,51,Made Shot,Jump Shot,3PT Field Goal,Above the Break 3,Center(C),24+ ft.,28,29,281,1,1,20251029,TOR,HOU,2490,0,201142|1629006|1630578|1631095|1641708,1,REG,2026,1610612745,,,,,
2250013143,,Shot Chart Detail,22500131,43,201142,Kevin Durant,1610612745,Houston Rockets,1,7,35,Made Shot,Running Layup Shot,2PT Field Goal,Restricted Area,Center(C),Less Than 8 ft.,1,10,6,1,1,20251029,TOR,HOU,2650,0,201142|1629006|1630578|1631095|1641708,1,REG,2026,1610612745,,,,,
2250013147,,Shot Chart Detail,22500131,47,201142,Kevin Durant,1610612745,Houston Rockets,1,6,56,Missed Shot,Jump Shot,2PT Field Goal,Mid-Range,Center(C),16-24 ft.,17,-29,174,1,0,20251029,TOR,HOU,3040,0,201142|1629006|1630578|1631095|1641708,0,REG,2026,1610612745,,,,,
2250013151,,Shot Chart Detail,22500131,51,1631095,Jabari Smith Jr.,1610612745,Houston Rockets,1,6,34,Made Shot,Jump Shot,3PT Field Goal,Above the Break 3,Right Side Center(RC),24+ ft.,26,143,221,1,1,20251029,TOR,HOU,3260,0,201142|1629006|1630578|1631095|1641708,1,REG,2026,1610612745,,,,,
2250013155,,Shot Chart Detail,22500131,55,201142,Kevin Durant,1610612745,Houston Rockets,1,6,20,Made Shot,Driving Dunk Shot,2PT Field Goal,Restricted Area,Center(C),Less Than 8 ft.,0,2,5,1,1,20251029,TOR,HOU,3400,0,201142|1629006|1630578|1631095|1641708,1,REG,2026,1610612745,,,,,
2250013159,,Shot Chart Detail,22500131,59,1630578,Alperen Sengun,1610612745,Houston Rockets,1,5,49,Made Shot,Fadeaway Jump Shot,2PT Field Goal,In The Paint (Non-RA),Center(C),8-16 ft.,13,-37,130,1,1,20251029,TOR,HOU,3710,0,201142|1629006|1630578|1631095|1641708,0,REG,2026,1610612745,,,,,
2250013173,,Shot Chart Detail,22500131,73,201142,Kevin Durant,1610612745,Houston Rockets,1,4,55,Missed Shot,Pullup Jump shot,3PT Field Goal,Above the Break 3,Center(C),24+ ft.,26,70,258,1,0,20251029,TOR,HOU,4250,0,201142|203500|1629006|1631095|1631106,0,REG,2026,1610612745,,,,,
2250013183,,Shot Chart Detail,22500131,83,201142,Kevin Durant,1610612745,Houston Rockets,1,4,14,Made Shot,Pullup Jump shot,2PT Field Goal,Mid-Range,Left Side(L),8-16 ft.,14,-113,88,1,1,20251029,TOR,HOU,4660,0,201142|203500|1629006|1631095|1631106,0,REG,2026,1610612745,,,,,
2250013186,,Shot Chart Detail,22500131,86,203500,Steven Adams,1610612745,Houston Rockets,1,3,57,Made Shot,Dunk Shot,2PT Field Goal,Restricted Area,Center(C),Less Than 8 ft.,1,9,12,1,1,20251029,TOR,HOU,4830,0,201142|203500|1629006|1631095|1631106,1,REG,2026,1610612745,,,,,
2250013193,,Shot Chart Detail,22500131,93,1631106,Tari Eason,1610612745,Houston Rockets,1,3,38,Made Shot,Putback Layup Shot,2PT Field Goal,Restricted Area,Center(C),Less Than 8 ft.,0,0,0,1,1,20251029,TOR,HOU,5020,0,201142|203500|1629006|1631095|1631106,0,REG,2026,1610612745,,,,,
2250013190,,Shot Chart Detail,22500131,90,1631095,Jabari Smith Jr.,1610612745,Houston Rockets,1,3,38,Missed Shot,Running Finger Roll Layup Shot,2PT Field Goal,Restricted Area,Center(C),Less Than 8 ft.,1,13,10,1,0,20251029,TOR,HOU,5020,0,201142|203500|1629006|1631095|1631106,0,REG,2026,1610612745,,,,,
22500131115,,Shot Chart Detail,22500131,115,1642263,Reed Sheppard,1610612745,Houston Rockets,1,3,4,Made Shot,Driving Finger Roll Layup Shot,2PT Field Goal,In The Paint (Non-RA),Center(C),Less Than 8 ft.,5,-39,38,1,1,20251029,TOR,HOU,5360,0,203500|1630578|1631106|1641708|1642263,0,REG,2026,1610612745,,,,,
22500131124,,Shot Chart Detail,22500131,124,1641708,Amen Thompson,1610612745,Houston Rockets,1,2,37,Missed Shot,Driving Layup Shot,2PT Field Goal,Restricted Area,Center(C),Less Than 8 ft.,2,-23,18,1,0,20251029,TOR,HOU,5630,0,203500|1630578|1631106|1641708|1642263,0,REG,2026,1610612745,,,,,
22500131126,,Shot Chart Detail,22500131,126,203500,Steven Adams,1610612745,Houston Rockets,1,2,32,Made Shot,Tip Layup Shot,2PT Field Goal,Restricted Area,Center(C),Less Than 8 ft.,0,0,0,1,1,20251029,TOR,HOU,5680,0,203500|1630578|1631106|1641708|1642263,0,REG,2026,1610612745,,,,,
22500131129,,Shot Chart Detail,22500131,129,1631106,Tari Eason,1610612745,Houston Rockets,1,2,6,Made Shot,Reverse Layup Shot,2PT Field Goal,Restricted Area,Center(C),Less Than 8 ft.,0,6,0,1,1,20251029,TOR,HOU,5940,0,203500|1630578|1631106|1641708|1642263,0,REG,2026,1610612745,,,,,
22500131133,,Shot Chart Detail,22500131,133,1641708,Amen Thompson,1610612745,Houston Rockets,1,1,35,Missed Shot,Jump Shot,3PT Field Goal,Right Corner 3,Right Side(R),24+ ft.,23,233,57,1,0,20251029,TOR,HOU,6250,0,203500|1630578|1631106|1641708|1642263,0,REG,2026,1610612745,,,,,
22500131136,,Shot Chart Detail,22500131,136,1642263,Reed Sheppard,1610612745,Houston Rockets,1,1,26,Missed Shot,Jump Shot,3PT Field Goal,Above the Break 3,Left Side Center(LC),24+ ft.,25,-143,207,1,0,20251029,TOR,HOU,6340,0,203500|1630578|1631106|1641708|1642263,0,REG,2026,1610612745,,,,,
22500131148,,Shot Chart Detail,22500131,148,1631106,Tari Eason,1610612745,Houston Rockets,1,0,58,Missed Shot,Pullup Jump shot,2PT Field Goal,In The Paint (Non-RA),Center(C),8-16 ft.,10,-5,105,1,0,20251029,TOR,HOU,6620,0,203500|1630578|1631106|1641708|1642263,0,REG,2026,1610612745,,,,,
22500131156,,Shot Chart Detail,22500131,156,1642263,Reed Sheppard,1610612745,Houston Rockets,1,0,15,Missed Shot,Jump Shot,3PT Field Goal,Above the Break 3,Right Side Center(RC),24+ ft.,26,127,232,1,0,20251029,TOR,HOU,7050,0,203500|1630578|1631106|1641708|1642263,0,REG,2026,1610612745,,,,,
22500131160,,Shot Chart Detail,22500131,160,1631106,Tari Eason,1610612745,Houston Rockets,1,0,0,Made Shot,Pullup Jump shot,3PT Field Goal,Backcourt,Back Court(BC),Back Court Shot,47,-167,449,1,1,20251029,TOR,HOU,7200,0,203500|1630578|1631106|1641708|1642263,0,REG,2026,1610612745,,,,,
22500131184,,Shot Chart Detail,22500131,184,1642263,Reed Sheppard,1610612745,Houston Rockets,2,10,34,Missed Shot,Pullup Jump shot,2PT Field Goal,Mid-Range,Right Side Center(RC),16-24 ft.,20,77,189,1,0,20251029,TOR,HOU,8060,0,203991|1629006|1630578|1631106|1642263,0,REG,2026,1610612745,,,,,
22500131193,,Shot Chart Detail,22500131,193,1631106,Tari Eason,1610612745,Houston Rockets,2,9,43,Made Shot,Cutting Layup Shot,2PT Field Goal,Restricted Area,Center(C),Less Than 8 ft.,0,7,2,1,1,20251029,TOR,HOU,8570,0,203991|1629006|1630578|1631106|1642263,1,REG,2026,1610612745,,,,,
22500131197,,Shot Chart Detail,22500131,197,1631106,Tari Eason,1610612745,Houston Rockets,2,9,12,Missed Shot,Floating Jump shot,2PT Field Goal,In The Paint (Non-RA),Center(C),8-16 ft.,11,0,112,1,0,20251029,TOR,HOU,8880,0,203991|1629006|1630578|1631106|1642263,0,REG,2026,1610612745,,,,,
22500131201,,Shot Chart Detail,22500131,201,1629006,Josh Okogie,1610612745,Houston Rockets,2,8,59,Made Shot,Running Finger Roll Layup Shot,2PT Field Goal,Restricted Area,Center(C),Less Than 8 ft.,0,-1,7,1,1,20251029,TOR,HOU,9010,0,203991|1629006|1630578|1631106|1642263,1,REG,2026,1610612745,,,,,
22500131205,,Shot Chart Detail,22500131,205,203991,Clint Capela,1610612745,Houston Rockets,2,8,33,Made Shot,Cutting Dunk Shot,2PT Field Goal,Restricted Area,Center(C),Less Than 8 ft.,1,7,8,1,1,20251029,TOR,HOU,9270,0,203991|1629006|1630578|1631106|1642263,1,REG,2026,1610612745,,,,,
22500131222,,Shot Chart Detail,22500131,222,1642263,Reed Sheppard,1610612745,Houston Rockets,2,8,12,Missed Shot,Jump Shot,3PT Field Goal,Above the Break 3,Left Side Center(LC),24+ ft.,29,-93,275,1,0,20251029,TOR,HOU,9480,0,201142|203991|1631106|1641708|1642263,0,REG,2026,1610612745,,,,,
22500131224,,Shot Chart Detail,22500131,224,1642263,Reed Sheppard,1610612745,Houston Rockets,2,8,7,Missed Shot,Jump Shot,3PT Field Goal,Above the Break 3,Center(C),24+ ft.,29,-81,285,1,0,20251029,TOR,HOU,9530,0,201142|203991|1631106|1641708|1642263,0,REG,2026,1610612745,,,,,
22500131226,,Shot Chart Detail,22500131,226,1641708,Amen Thompson,1610612745,Houston Rockets,2,8,2,Missed Shot,Layup Shot,2PT Field Goal,Restricted Area,Center(C),Less Than 8 ft.,1,5,12,1,0,20251029,TOR,HOU,9580,0,201142|203991|1631106|1641708|1642263,0,REG,2026,1610612745,,,,,
22500131228,,Shot Chart Detail,22500131,228,1641708,Amen Thompson,1610612745,Houston Rockets,2,7,55,Made Shot,Putback Dunk Shot,2PT Field Goal,Restricted Area,Center(C),Less Than 8 ft.,0,0,0,1,1,20251029,TOR,HOU,9650,0,201142|203991|1631106|1641708|1642263,0,REG,2026,1610612745,,,,,
22500131234,,Shot Chart Detail,22500131,234,1631106,Tari Eason,1610612745,Houston Rockets,2,7,35,Missed Shot,Step Back Jump shot,2PT Field Goal,Mid-Range,Left Side(L),16-24 ft.,16,-146,75,1,0,20251029,TOR,HOU,9850,0,201142|203991|1631106|1641708|1642263,0,REG,2026,1610612745,,,,,
22500131251,,Shot Chart Detail,22500131,251,203991,Clint Capela,1610612745,Houston Rockets,2,6,25,Missed Shot,Driving Hook Shot,2PT Field Goal,In The Paint (Non-RA),Center(C),Less Than 8 ft.,6,-2,67,1,0,20251029,TOR,HOU,10550,0,201142|203991|1631095|1631106|1641708,0,REG,2026,1610612745,,,,,
22500131263,,Shot Chart Detail,22500131,263,201142,Kevin Durant,1610612745,Houston Rockets,2,5,48,Made Shot,Pullup Jump shot,2PT Field Goal,Mid-Range,Right Side Center(RC),16-24 ft.,19,118,159,1,1,20251029,TOR,HOU,10920,0,201142|203500|1630578|1631095|1641708,1,REG,2026,1610612745,,,,,
22500131269,,Shot Chart Detail,22500131,269,1641708,Amen Thompson,1610612745,Houston Rockets,2,4,58,Missed Shot,Driving Floating Jump Shot,2PT Field Goal,In The Paint (Non-RA),Center(C),Less Than 8 ft.,6,4,68,1,0,20251029,TOR,HOU,11420,0,201142|203500|1630578|1631095|1641708,0,REG,2026,1610612745,,,,,
22500131272,,Shot Chart Detail,22500131,272,203500,Steven Adams,1610612745,Houston Rockets,2,4,52,Made Shot,Tip Layup Shot,2PT Field Goal,Restricted Area,Center(C),Less Than 8 ft.,0,0,0,1,1,20251029,TOR,HOU,11480,0,201142|203500|1630578|1631095|1641708,0,REG,2026,1610612745,,,,,
22500131281,,Shot Chart Detail,22500131,281,201142,Kevin Durant,1610612745,Houston Rockets,2,4,8,Made Shot,Pullup Jump shot,2PT Field Goal,Mid-Range,Right Side(R),8-16 ft.,13,110,81,1,1,20251029,TOR,HOU,11920,0,201142|203500|1630578|1631095|1641708,1,REG,2026,1610612745,,,,,
22500131286,,Shot Chart Detail,22500131,286,1631095,Jabari Smith Jr.,1610612745,Houston Rockets,2,3,41,Made Shot,Jump Shot,3PT Field Goal,Left Corner 3,Left Side(L),24+ ft.,23,-237,11,1,1,20251029,TOR,HOU,12190,0,201142|203500|1630578|1631095|1641708,1,REG,2026,1610612745,,,,,
22500131290,,Shot Chart Detail,22500131,290,1631095,Jabari Smith Jr.,1610612745,Houston Rockets,2,2,54,Missed Shot,Jump Shot,3PT Field Goal,Left Corner 3,Left Side(L),24+ ft.,24,-234,69,1,0,20251029,TOR,HOU,12660,0,201142|203500|1630578|1631095|1641708,0,REG,2026,1610612745,,,,,
22500131293,,Shot Chart Detail,22500131,293,1641708,Amen Thompson,1610612745,Houston Rockets,2,2,25,Made Shot,Driving Layup Shot,2PT Field Goal,Restricted Area,Center(C),Less Than 8 ft.,1,16,8,1,1,20251029,TOR,HOU,12950,0,201142|203500|1630578|1631095|1641708,0,REG,2026,1610612745,,,,,
22500131311,,Shot Chart Detail,22500131,311,1641708,Amen Thompson,1610612745,Houston Rockets,2,1,40,Made Shot,Running Dunk Shot,2PT Field Goal,Restricted Area,Center(C),Less Than 8 ft.,2,20,5,1,1,20251029,TOR,HOU,13400,0,201142|1630578|1631095|1631106|1641708,1,REG,2026,1610612745,,,,,
22500131334,,Shot Chart Detail,22500131,334,1630578,Alperen Sengun,1610612745,Houston Rockets,2,0,28,Missed Shot,Running Jump Shot,3PT Field Goal,Above the Break 3,Right Side Center(RC),24+ ft.,26,130,227,1,0,20251029,TOR,HOU,14120,0,201142|1630578|1631095|1631106|1641708,0,REG,2026,1610612745,,,,,
22500131336,,Shot Chart Detail,22500131,336,201142,Kevin Durant,1610612745,Houston Rockets,2,0,23,Made Shot,Jump Shot,3PT Field Goal,Above the Break 3,Left Side Center(LC),24+ ft.,26,-156,216,1,1,20251029,TOR,HOU,14170,0,201142|1630578|1631095|1631106|1641708,1,REG,2026,1610612745,,,,,
22500131354,,Shot Chart Detail,22500131,354,201142,Kevin Durant,1610612745,Houston Rockets,3,10,49,Missed Shot,Pullup Jump shot,2PT Field Goal,In The Paint (Non-RA),Center(C),8-16 ft.,10,-4,101,1,0,20251029,TOR,HOU,15110,0,201142|1629006|1630578|1631095|1641708,0,REG,2026,1610612745,,,,,
22500131358,,Shot Chart Detail,22500131,358,1631095,Jabari Smith Jr.,1610612745,Houston Rockets,3,10,20,Made Shot,Driving Floating Jump Shot,2PT Field Goal,In The Paint (Non-RA),Center(C),Less Than 8 ft.,6,-45,52,1,1,20251029,TOR,HOU,15400,0,201142|1629006|1630578|1631095|1641708,1,REG,2026,1610612745,,,,,
22500131362,,Shot Chart Detail,22500131,362,1631095,Jabari Smith Jr.,1610612745,Houston Rockets,3,9,57,Made Shot,Running Finger Roll Layup Shot,2PT Field Goal,Restricted Area,Center(C),Less Than 8 ft.,1,-15,9,1,1,20251029,TOR,HOU,15630,0,201142|1629006|1630578|1631095|1641708,0,REG,2026,1610612745,,,,,
22500131388,,Shot Chart Detail,22500131,388,1629006,Josh Okogie,1610612745,Houston Rockets,3,8,41,Made Shot,Running Jump Shot,3PT Field Goal,Right Corner 3,Right Side(R),24+ ft.,23,238,27,1,1,20251029,TOR,HOU,16390,0,201142|1629006|1630578|1631095|1641708,1,REG,2026,1610612745,,,,,
22500131392,,Shot Chart Detail,22500131,392,1631095,Jabari Smith Jr.,1610612745,Houston Rockets,3,8,12,Made Shot,Jump Shot,3PT Field Goal,Right Corner 3,Right Side(R),24+ ft.,23,230,27,1,1,20251029,TOR,HOU,16680,0,201142|1629006|1630578|1631095|1641708,1,REG,2026,1610612745,,,,,
22500131395,,Shot Chart Detail,22500131,395,201142,Kevin Durant,1610612745,Houston Rockets,3,7,44,Made Shot,Driving Layup Shot,2PT Field Goal,In The Paint (Non-RA),Center(C),Less Than 8 ft.,4,37,26,1,1,20251029,TOR,HOU,16960,0,201142|1629006|1630578|1631095|1641708,0,REG,2026,1610612745,,,,,
22500131408,,Shot Chart Detail,22500131,408,1641708,Amen Thompson,1610612745,Houston Rockets,3,7,4,Missed Shot,Driving Finger Roll Layup Shot,2PT Field Goal,Restricted Area,Center(C),Less Than 8 ft.,1,-18,-1,1,0,20251029,TOR,HOU,17360,0,201142|1629006|1630578|1631095|1641708,0,REG,2026,1610612745,,,,,
22500131423,,Shot Chart Detail,22500131,423,1631095,Jabari Smith Jr.,1610612745,Houston Rockets,3,5,43,Missed Shot,Step Back Jump shot,2PT Field Goal,Mid-Range,Right Side(R),16-24 ft.,16,163,36,1,0,20251029,TOR,HOU,18170,0,201142|1629006|1630578|1631095|1641708,0,REG,2026,1610612745,,,,,
22500131427,,Shot Chart Detail,22500131,427,1630578,Alperen Sengun,1610612745,Houston Rockets,3,5,28,Made Shot,Running Dunk Shot,2PT Field Goal,Restricted Area,Center(C),Less Than 8 ft.,1,-10,5,1,1,20251029,TOR,HOU,18320,0,201142|1629006|1630578|1631095|1641708,1,REG,2026,1610612745,,,,,
22500131432,,Shot Chart Detail,22500131,432,1630578,Alperen Sengun,1610612745,Houston Rockets,3,4,46,Made Shot,Running Finger Roll Layup Shot,2PT Field Goal,Restricted Area,Center(C),Less Than 8 ft.,0,4,3,1,1,20251029,TOR,HOU,18740,0,201142|1629006|1630578|1631095|1641708,1,REG,2026,1610612745,,,,,
22500131461,,Shot Chart Detail,22500131,461,1631095,Jabari Smith Jr.,1610612745,Houston Rockets,3,3,32,Missed Shot,Jump Shot,3PT Field Goal,Above the Break 3,Right Side Center(RC),24+ ft.,29,136,258,1,0,20251029,TOR,HOU,19480,0,201142|203500|1631095|1631106|1642263,0,REG,2026,1610612745,,,,,
22500131483,,Shot Chart Detail,22500131,483,1642263,Reed Sheppard,1610612745,Houston Rockets,3,2,9,Made Shot,Pullup Jump shot,2PT Field Goal,Mid-Range,Center(C),16-24 ft.,17,16,177,1,1,20251029,TOR,HOU,20310,0,201142|203500|1631095|1631106|1642263,0,REG,2026,1610612745,,,,,
22500131491,,Shot Chart Detail,22500131,491,201142,Kevin Durant,1610612745,Houston Rockets,3,1,45,Missed Shot,Pullup Jump shot,2PT Field Goal,Mid-Range,Left Side(L),8-16 ft.,14,-108,99,1,0,20251029,TOR,HOU,20550,0,201142|203500|1631106|1641708|1642263,0,REG,2026,1610612745,,,,,
22500131493,,Shot Chart Detail,22500131,493,203500,Steven Adams,1610612745,Houston Rockets,3,1,40,Missed Shot,Tip Layup Shot,2PT Field Goal,Restricted Area,Center(C),Less Than 8 ft.,0,0,0,1,0,20251029,TOR,HOU,20600,0,201142|203500|1631106|1641708|1642263,0,REG,2026,1610612745,,,,,
22500131497,,Shot Chart Detail,22500131,497,1641708,Amen Thompson,1610612745,Houston Rockets,3,1,29,Made Shot,Running Finger Roll Layup Shot,2PT Field Goal,Restricted Area,Center(C),Less Than 8 ft.,0,-4,-2,1,1,20251029,TOR,HOU,20710,0,201142|203500|1631106|1641708|1642263,1,REG,2026,1610612745,,,,,
22500131520,,Shot Chart Detail,22500131,520,1629006,Josh Okogie,1610612745,Houston Rockets,3,0,7,Made Shot,Running Finger Roll Layup Shot,2PT Field Goal,Restricted Area,Center(C),Less Than 8 ft.,0,-1,6,1,1,20251029,TOR,HOU,21530,0,201142|1629006|1631106|1641708|1642263,1,REG,2026,1610612745,,,,,
22500131523,,Shot Chart Detail,22500131,523,1631106,Tari Eason,1610612745,Houston Rockets,3,0,1,Made Shot,Pullup Jump shot,3PT Field Goal,Above the Break 3,Right Side Center(RC),24+ ft.,29,186,230,1,1,20251029,TOR,HOU,21590,0,201142|1629006|1631106|1641708|1642263,1,REG,2026,1610612745,,,,,
22500131535,,Shot Chart Detail,22500131,535,1641708,Amen Thompson,1610612745,Houston Rockets,4,11,43,Made Shot,Cutting Layup Shot,2PT Field Goal,Restricted Area,Center(C),Less Than 8 ft.,1,-6,9,1,1,20251029,TOR,HOU,21770,0,1630578|1631095|1631106|1641708|1642263,1,REG,2026,1610612745,,,,,
22500131540,,Shot Chart Detail,22500131,540,1641708,Amen Thompson,1610612745,Houston Rockets,4,11,13,Made Shot,Reverse Dunk Shot,2PT Field Goal,Restricted Area,Center(C),Less Than 8 ft.,0,1,3,1,1,20251029,TOR,HOU,22070,0,1630578|1631095|1631106|1641708|1642263,1,REG,2026,1610612745,,,,,
22500131545,,Shot Chart Detail,22500131,545,1631095,Jabari Smith Jr.,1610612745,Houston Rockets,4,10,32,Missed Shot,Pullup Jump shot,2PT Field Goal,Mid-Range,Left Side Center(LC),16-24 ft.,19,-74,183,1,0,20251029,TOR,HOU,22480,0,1630578|1631095|1631106|1641708|1642263,0,REG,2026,1610612745,,,,,
22500131547,,Shot Chart Detail,22500131,547,1631106,Tari Eason,1610612745,Houston Rockets,4,10,26,Missed Shot,Driving Layup Shot,2PT Field Goal,Restricted Area,Center(C),Less Than 8 ft.,1,-10,14,1,0,20251029,TOR,HOU,22540,0,1630578|1631095|1631106|1641708|1642263,0,REG,2026,1610612745,,,,,
22500131552,,Shot Chart Detail,22500131,552,1631095,Jabari Smith Jr.,1610612745,Houston Rockets,4,9,56,Missed Shot,Jump Shot,3PT Field Goal,Right Corner 3,Right Side(R),24+ ft.,22,227,24,1,0,20251029,TOR,HOU,22840,0,1630578|1631095|1631106|1641708|1642263,0,REG,2026,1610612745,,,,,
22500131557,,Shot Chart Detail,22500131,557,1631106,Tari Eason,1610612745,Houston Rockets,4,9,25,Missed Shot,Jump Shot,3PT Field Goal,Left Corner 3,Left Side(L),24+ ft.,23,-232,29,1,0,20251029,TOR,HOU,23150,0,1630578|1631095|1631106|1641708|1642263,0,REG,2026,1610612745,,,,,
22500131561,,Shot Chart Detail,22500131,561,1631106,Tari Eason,1610612745,Houston Rockets,4,9,9,Made Shot,Running Dunk Shot,2PT Field Goal,Restricted Area,Center(C),Less Than 8 ft.,1,-9,9,1,1,20251029,TOR,HOU,23310,0,1630578|1631095|1631106|1641708|1642263,0,REG,2026,1610612745,,,,,
22500131583,,Shot Chart Detail,22500131,583,1641708,Amen Thompson,1610612745,Houston Rockets,4,8,3,Missed Shot,Running Finger Roll Layup Shot,2PT Field Goal,Restricted Area,Center(C),Less Than 8 ft.,2,16,22,1,0,20251029,TOR,HOU,23970,0,201142|203500|1631095|1641708|1642263,0,REG,2026,1610612745,,,,,
22500131585,,Shot Chart Detail,22500131,585,201142,Kevin Durant,1610612745,Houston Rockets,4,7,59,Made Shot,Jump Shot,3PT Field Goal,Above the Break 3,Center(C),24+ ft.,25,67,247,1,1,20251029,TOR,HOU,24010,0,201142|203500|1631095|1641708|1642263,1,REG,2026,1610612745,,,,,
22500131589,,Shot Chart Detail,22500131,589,201142,Kevin Durant,1610612745,Houston Rockets,4,7,22,Missed Shot,Running Jump Shot,3PT Field Goal,Above the Break 3,Left Side Center(LC),24+ ft.,26,-146,222,1,0,20251029,TOR,HOU,24380,0,201142|203500|1631095|1641708|1642263,0,REG,2026,1610612745,,,,,
22500131593,,Shot Chart Detail,22500131,593,1631095,Jabari Smith Jr.,1610612745,Houston Rockets,4,7,0,Made Shot,Dunk Shot,2PT Field Goal,Restricted Area,Center(C),Less Than 8 ft.,1,-6,9,1,1,20251029,TOR,HOU,24600,0,201142|203500|1631095|1641708|1642263,1,REG,2026,1610612745,,,,,
22500131608,,Shot Chart Detail,22500131,608,201142,Kevin Durant,1610612745,Houston Rockets,4,6,27,Missed Shot,Jump Shot,3PT Field Goal,Above the Break 3,Left Side Center(LC),24+ ft.,26,-88,247,1,0,20251029,TOR,HOU,24930,0,201142|203500|1629006|1631095|1641708,0,REG,2026,1610612745,,,,,
22500131610,,Shot Chart Detail,22500131,610,203500,Steven Adams,1610612745,Houston Rockets,4,6,23,Made Shot,Tip Layup Shot,2PT Field Goal,Restricted Area,Center(C),Less Than 8 ft.,0,0,0,1,1,20251029,TOR,HOU,24970,0,201142|203500|1629006|1631095|1641708,0,REG,2026,1610612745,,,,,
22500131613,,Shot Chart Detail,22500131,613,201142,Kevin Durant,1610612745,Houston Rockets,4,5,45,Missed Shot,Pullup Jump shot,2PT Field Goal,Mid-Range,Right Side Center(RC),16-24 ft.,19,142,127,1,0,20251029,TOR,HOU,25350,0,201142|203500|1629006|1631095|1641708,0,REG,2026,1610612745,,,,,
22500131621,,Shot Chart Detail,22500131,621,203500,Steven Adams,1610612745,Houston Rockets,4,5,5,Made Shot,Floating Jump shot,2PT Field Goal,In The Paint (Non-RA),Center(C),Less Than 8 ft.,7,29,72,1,1,20251029,TOR,HOU,25750,0,201142|203500|1630578|1631095|1641708,1,REG,2026,1610612745,,,,,
22500131627,,Shot Chart Detail,22500131,627,1630578,Alperen Sengun,1610612745,Houston Rockets,4,4,25,Made Shot,Driving Reverse Layup Shot,2PT Field Goal,Restricted Area,Center(C),Less Than 8 ft.,0,-4,8,1,1,20251029,TOR,HOU,26150,0,201142|203500|1630578|1631095|1641708,0,REG,2026,1610612745,,,,,
22500131637,,Shot Chart Detail,22500131,637,1641708,Amen Thompson,1610612745,Houston Rockets,4,3,23,Made Shot,Driving Finger Roll Layup Shot,2PT Field Goal,Restricted Area,Center(C),Less Than 8 ft.,1,-6,8,1,1,20251029,TOR,HOU,26770,0,201142|203500|1630578|1631095|1641708,0,REG,2026,1610612745,,,,,
22500131640,,Shot Chart Detail,22500131,640,201142,Kevin Durant,1610612745,Houston Rockets,4,2,51,Made Shot,Jump Shot,3PT Field Goal,Above the Break 3,Center(C),24+ ft.,25,45,250,1,1,20251029,TOR,HOU,27090,0,201142|203500|1630578|1631095|1641708,1,REG,2026,1610612745,,,,,
22500131647,,Shot Chart Detail,22500131,647,201142,Kevin Durant,1610612745,Houston Rockets,4,2,32,Made Shot,Running Finger Roll Layup Shot,2PT Field Goal,Restricted Area,Center(C),Less Than 8 ft.,0,6,-2,1,1,20251029,TOR,HOU,27280,0,201142|203500|1630578|1631095|1641708,0,REG,2026,1610612745,,,,,
22500131661,,Shot Chart Detail,22500131,661,1631095,Jabari Smith Jr.,1610612745,Houston Rockets,4,1,28,Missed Shot,Jump Shot,3PT Field Goal,Right Corner 3,Right Side(R),24+ ft.,23,232,20,1,0,20251029,TOR,HOU,27920,0,201142|203500|1630578|1631095|1641708,0,REG,2026,1610612745,,,,,
22500131663,,Shot Chart Detail,22500131,663,1630578,Alperen Sengun,1610612745,Houston Rockets,4,1,21,Missed Shot,Layup Shot,2PT Field Goal,Restricted Area,Center(C),Less Than 8 ft.,1,18,-1,1,0,20251029,TOR,HOU,27990,0,201142|203500|1630578|1631095|1641708,0,REG,2026,1610612745,,,,,
22500131665,,Shot Chart Detail,22500131,665,201142,Kevin Durant,1610612745,Houston Rockets,4,1,15,Made Shot,Jump Shot,3PT Field Goal,Above the Break 3,Left Side Center(LC),24+ ft.,24,-218,113,1,1,20251029,TOR,HOU,28050,0,201142|203500|1630578|1631095|1641708,1,REG,2026,1610612745,,,,,
22500131684,,Shot Chart Detail,22500131,684,1629006,Josh Okogie,1610612745,Houston Rockets,4,0,47,Made Shot,Jump Shot,3PT Field Goal,Right Corner 3,Right Side(R),24+ ft.,23,234,37,1,1,20251029,TOR,HOU,28330,0,1629006|1630578|1631095|1631106|1641708,1,REG,2026,1610612745,,,,,
225001467,,Shot Chart Detail,22500146,7,201142,Kevin Durant,1610612745,Houston Rockets,1,11,42,Made Shot,Pullup Jump shot,2PT Field Goal,Mid-Range,Left Side Center(LC),16-24 ft.,17,-93,149,1,1,20251101,BOS,HOU,180,0,201142|1629006|1630578|1631095|1641708,1,REG,2026,1610612745,,,,,
2250014611,,Shot Chart Detail,22500146,11,1641708,Amen Thompson,1610612745,Houston Rockets,1,11,13,Made Shot,Driving Dunk Shot,2PT Field Goal,Restricted Area,Center(C),Less Than 8 ft.,1,-6,16,1,1,20251101,BOS,HOU,470,0,201142|1629006|1630578|1631095|1641708,0,REG,2026,1610612745,,,,,
2250014615,,Shot Chart Detail,22500146,15,1630578,Alperen Sengun,1610612745,Houston Rockets,1,10,56,Missed Shot,Pullup Jump shot,3PT Field Goal,Above the Break 3,Left Side Center(LC),24+ ft.,26,-115,241,1,0,20251101,BOS,HOU,640,0,201142|1629006|1630578|1631095|1641708,0,REG,2026,1610612745,,,,,
2250014619,,Shot Chart Detail,22500146,19,1631095,Jabari Smith Jr.,1610612745,Houston Rockets,1,10,29,Missed Shot,Jump Shot,3PT Field Goal,Above the Break 3,Left Side Center(LC),24+ ft.,27,-162,223,1,0,20251101,BOS,HOU,910,0,201142|1629006|1630578|1631095|1641708,0,REG,2026,1610612745,,,,,
2250014623,,Shot Chart Detail,22500146,23,1630578,Alperen Sengun,1610612745,Houston Rockets,1,10,4,Made Shot,Driving Layup Shot,2PT Field Goal,In The Paint (Non-RA),Center(C),Less Than 8 ft.,4,32,28,1,1,20251101,BOS,HOU,1160,0,201142|1629006|1630578|1631095|1641708,0,REG,2026,1610612745,,,,,
2250014636,,Shot Chart Detail,22500146,36,1641708,Amen Thompson,1610612745,Houston Rockets,1,9,5,Made Shot,Jump Shot,3PT Field Goal,Left Corner 3,Left Side(L),24+ ft.,23,-233,17,1,1,20251101,BOS,HOU,1750,0,201142|1629006|1630578|1631095|1641708,1,REG,2026,1610612745,,,,,
2250014640,,Shot Chart Detail,22500146,40,201142,Kevin Durant,1610612745,Houston Rockets,1,8,17,Made Shot,Driving Floating Jump Shot,2PT Field Goal,In The Paint (Non-RA),Center(C),Less Than 8 ft.,5,38,44,1,1,20251101,BOS,HOU,2230,0,201142|1629006|1630578|1631095|1641708,0,REG,2026,1610612745,,,,,
2250014643,,Shot Chart Detail,22500146,43,1629006,Josh Okogie,1610612745,Houston Rockets,1,7,54,Made Shot,Jump Shot,3PT Field Goal,Right Corner 3,Right Side(R),24+ ft.,22,228,-1,1,1,20251101,BOS,HOU,2460,0,201142|1629006|1630578|1631095|1641708,1,REG,2026,1610612745,,,,,
2250014648,,Shot Chart Detail,22500146,48,1629006,Josh Okogie,1610612745,Houston Rockets,1,7,16,Made Shot,Jump Shot,3PT Field Goal,Right Corner 3,Right Side(R),24+ ft.,23,237,23,1,1,20251101,BOS,HOU,2840,0,201142|1629006|1630578|1631095|1641708,1,REG,2026,1610612745,,,,,
2250014661,,Shot Chart Detail,22500146,61,201142,Kevin Durant,1610612745,Houston Rockets,1,6,43,Made Shot,Jump Shot,2PT Field Goal,Mid-Range,Left Side(L),16-24 ft.,16,-157,39,1,1,20251101,BOS,HOU,3170,0,201142|1629006|1630578|1631095|1641708,1,REG,2026,1610612745,,,,,
2250014665,,Shot Chart Detail,22500146,65,1631095,Jabari Smith Jr.,1610612745,Houston Rockets,1,6,23,Made Shot,Running Dunk Shot,2PT Field Goal,Restricted Area,Center(C),Less Than 8 ft.,1,-18,5,1,1,20251101,BOS,HOU,3370,0,201142|1629006|1630578|1631095|1641708,1,REG,2026,1610612745,,,,,
2250014669,,Shot Chart Detail,22500146,69,1631095,Jabari Smith Jr.,1610612745,Houston Rockets,1,5,58,Missed Shot,Fadeaway Jump Shot,2PT Field Goal,Mid-Range,Right Side(R),8-16 ft.,9,97,12,1,0,20251101,BOS,HOU,3620,0,201142|1629006|1630578|1631095|1641708,0,REG,2026,1610612745,,,,,
2250014677,,Shot Chart Detail,22500146,77,1630578,Alperen Sengun,1610612745,Houston Rockets,1,5,11,Missed Shot,Turnaround Fadeaway shot,2PT Field Goal,Mid-Range,Right Side(R),8-16 ft.,9,88,22,1,0,20251101,BOS,HOU,4090,0,201142|1629006|1630578|1631095|1641708,0,REG,2026,1610612745,,,,,
2250014679,,Shot Chart Detail,22500146,79,1629006,Josh Okogie,1610612745,Houston Rockets,1,5,7,Missed Shot,Jump Shot,3PT Field Goal,Above the Break 3,Right Side Center(RC),24+ ft.,26,169,202,1,0,20251101,BOS,HOU,4130,0,201142|1629006|1630578|1631095|1641708,0,REG,2026,1610612745,,,,,
2250014690,,Shot Chart Detail,22500146,90,203500,Steven Adams,1610612745,Houston Rockets,1,4,39,Made Shot,Cutting Layup Shot,2PT Field Goal,Restricted Area,Center(C),Less Than 8 ft.,2,9,18,1,1,20251101,BOS,HOU,4410,0,201142|203500|1629006|1631095|1631106,1,REG,2026,1610612745,,,,,
22500146103,,Shot Chart Detail,22500146,103,201142,Kevin Durant,1610612745,Houston Rockets,1,3,56,Made Shot,Pullup Jump shot,2PT Field Goal,Mid-Range,Center(C),16-24 ft.,16,-38,164,1,1,20251101,BOS,HOU,4840,0,201142|203500|1631095|1631106|1642263,1,REG,2026,1610612745,,,,,
22500146109,,Shot Chart Detail,22500146,109,1631095,Jabari Smith Jr.,1610612745,Houston Rockets,1,2,58,Made Shot,Turnaround Fadeaway shot,2PT Field Goal,In The Paint (Non-RA),Left Side(L),8-16 ft.,10,-60,85,1,1,20251101,BOS,HOU,5420,0,201142|203500|1631095|1631106|1642263,1,REG,2026,1610612745,,,,,
22500146114,,Shot Chart Detail,22500146,114,1631106,Tari Eason,1610612745,Houston Rockets,1,2,35,Made Shot,Jump Shot,3PT Field Goal,Right Corner 3,Right Side(R),24+ ft.,22,225,-24,1,1,20251101,BOS,HOU,5650,0,201142|203500|1631095|1631106|1642263,1,REG,2026,1610612745,,,,,
22500146132,,Shot Chart Detail,22500146,132,1641708,Amen Thompson,1610612745,Houston Rockets,1,1,15,Missed Shot,Driving Layup Shot,2PT Field Goal,In The Paint (Non-RA),Center(C),Less Than 8 ft.,7,71,8,1,0,20251101,BOS,HOU,6450,0,201142|203500|1631106|1641708|1642263,0,REG,2026,1610612745,,,,,
22500146144,,Shot Chart Detail,22500146,144,1630578,Alperen Sengun,1610612745,Houston Rockets,1,0,32,Missed Shot,Jump Shot,3PT Field Goal,Above the Break 3,Right Side Center(RC),24+ ft.,26,172,195,1,0,20251101,BOS,HOU,6880,0,203500|1630578|1631106|1641708|1642263,0,REG,2026,1610612745,,,,,
22500146146,,Shot Chart Detail,22500146,146,203500,Steven Adams,1610612745,Houston Rockets,1,0,23,Made Shot,Cutting Dunk Shot,2PT Field Goal,Restricted Area,Center(C),Less Than 8 ft.,1,-9,13,1,1,20251101,BOS,HOU,6970,0,203500|1630578|1631106|1641708|1642263,1,REG,2026,1610612745,,,,,
22500146181,,Shot Chart Detail,22500146,181,1642263,Reed Sheppard,1610612745,Houston Rockets,2,11,32,Made Shot,Jump Shot,3PT Field Goal,Left Corner 3,Left Side(L),24+ ft.,23,-232,26,1,1,20251101,BOS,HOU,7480,0,203991|1630578|1631106|1641708|1642263,1,REG,2026,1610612745,,,,,
22500146185,,Shot Chart Detail,22500146,185,1631106,Tari Eason,1610612745,Houston Rockets,2,10,53,Missed Shot,Jump Shot,3PT Field Goal,Above the Break 3,Right Side Center(RC),24+ ft.,25,224,112,1,0,20251101,BOS,HOU,7870,0,203991|1630578|1631106|1641708|1642263,0,REG,2026,1610612745,,,,,
22500146194,,Shot Chart Detail,22500146,194,1641708,Amen Thompson,1610612745,Houston Rockets,2,10,15,Missed Shot,Running Layup Shot,2PT Field Goal,In The Paint (Non-RA),Center(C),Less Than 8 ft.,4,-42,18,1,0,20251101,BOS,HOU,8250,0,203991|1630578|1631106|1641708|1642263,0,REG,2026,1610612745,,,,,
22500146197,,Shot Chart Detail,22500146,197,1630578,Alperen Sengun,1610612745,Houston Rockets,2,10,13,Made Shot,Putback Layup Shot,2PT Field Goal,Restricted Area,Center(C),Less Than 8 ft.,3,-16,28,1,1,20251101,BOS,HOU,8270,0,203991|1630578|1631106|1641708|1642263,0,REG,2026,1610612745,,,,,
22500146204,,Shot Chart Detail,22500146,204,1631106,Tari Eason,1610612745,Houston Rockets,2,9,21,Made Shot,Jump Shot,3PT Field Goal,Above the Break 3,Left Side Center(LC),24+ ft.,26,-174,195,1,1,20251101,BOS,HOU,8790,0,203991|1630578|1631106|1641708|1642263,1,REG,2026,1610612745,,,,,
22500146212,,Shot Chart Detail,22500146,212,1630578,Alperen Sengun,1610612745,Houston Rockets,2,8,49,Missed Shot,Fadeaway Jump Shot,2PT Field Goal,Mid-Range,Right Side(R),8-16 ft.,12,120,33,1,0,20251101,BOS,HOU,9110,0,203991|1630578|1631106|1641708|1642263,0,REG,2026,1610612745,,,,,
22500146231,,Shot Chart Detail,22500146,231,201142,Kevin Durant,1610612745,Houston Rockets,2,7,15,Missed Shot,Fadeaway Jump Shot,2PT Field Goal,Mid-Range,Left Side Center(LC),16-24 ft.,16,-123,116,1,0,20251101,BOS,HOU,10050,0,201142|203991|1629006|1631095|1642263,0,REG,2026,1610612745,,,,,
22500146233,,Shot Chart Detail,22500146,233,1631095,Jabari Smith Jr.,1610612745,Houston Rockets,2,7,7,Made Shot,Jump Shot,3PT Field Goal,Above the Break 3,Right Side Center(RC),24+ ft.,25,179,176,1,1,20251101,BOS,HOU,10130,0,201142|203991|1629006|1631095|1642263,1,REG,2026,1610612745,,,,,
22500146238,,Shot Chart Detail,22500146,238,201142,Kevin Durant,1610612745,Houston Rockets,2,6,39,Made Shot,Fadeaway Jump Shot,2PT Field Goal,Mid-Range,Center(C),8-16 ft.,14,17,147,1,1,20251101,BOS,HOU,10410,0,201142|203991|1629006|1631095|1641708,0,REG,2026,1610612745,,,,,
22500146241,,Shot Chart Detail,22500146,241,201142,Kevin Durant,1610612745,Houston Rockets,2,6,17,Made Shot,Jump Shot,3PT Field Goal,Above the Break 3,Right Side Center(RC),24+ ft.,28,156,243,1,1,20251101,BOS,HOU,10630,0,201142|203991|1629006|1631095|1641708,1,REG,2026,1610612745,,,,,
22500146250,,Shot Chart Detail,22500146,250,1631095,Jabari Smith Jr.,1610612745,Houston Rockets,2,5,30,Missed Shot,Pullup Jump shot,2PT Field Goal,Mid-Range,Left Side(L),16-24 ft.,18,-184,29,1,0,20251101,BOS,HOU,11100,0,201142|1629006|1630578|1631095|1641708,0,REG,2026,1610612745,,,,,
22500146254,,Shot Chart Detail,22500146,254,1641708,Amen Thompson,1610612745,Houston Rockets,2,5,8,Missed Shot,Driving Layup Shot,2PT Field Goal,In The Paint (Non-RA),Center(C),Less Than 8 ft.,4,-38,27,1,0,20251101,BOS,HOU,11320,0,201142|1629006|1630578|1631095|1641708,0,REG,2026,1610612745,,,,,
22500146256,,Shot Chart Detail,22500146,256,1629006,Josh Okogie,1610612745,Houston Rockets,2,5,4,Missed Shot,Jump Shot,3PT Field Goal,Right Corner 3,Right Side(R),24+ ft.,23,229,33,1,0,20251101,BOS,HOU,11360,0,201142|1629006|1630578|1631095|1641708,0,REG,2026,1610612745,,,,,
22500146268,,Shot Chart Detail,22500146,268,1630578,Alperen Sengun,1610612745,Houston Rockets,2,4,18,Missed Shot,Turnaround Hook Shot,2PT Field Goal,In The Paint (Non-RA),Center(C),Less Than 8 ft.,7,18,70,1,0,20251101,BOS,HOU,11820,0,201142|203500|1630578|1631095|1641708,0,REG,2026,1610612745,,,,,
22500146278,,Shot Chart Detail,22500146,278,1630578,Alperen Sengun,1610612745,Houston Rockets,2,3,22,Made Shot,Driving Hook Shot,2PT Field Goal,Restricted Area,Center(C),Less Than 8 ft.,3,7,33,1,1,20251101,BOS,HOU,12380,0,201142|203500|1630578|1631095|1641708,0,REG,2026,1610612745,,,,,
22500146290,,Shot Chart Detail,22500146,290,1641708,Amen Thompson,1610612745,Houston Rockets,2,2,32,Made Shot,Running Dunk Shot,2PT Field Goal,Restricted Area,Center(C),Less Than 8 ft.,1,2,15,1,1,20251101,BOS,HOU,12880,0,201142|203500|1630578|1631095|1641708,1,REG,2026,1610612745,,,,,
22500146299,,Shot Chart Detail,22500146,299,1631095,Jabari Smith Jr.,1610612745,Houston Rockets,2,2,16,Missed Shot,Jump Shot,3PT Field Goal,Above the Break 3,Right Side Center(RC),24+ ft.,26,205,162,1,0,20251101,BOS,HOU,13040,0,201142|203500|1630578|1631095|1641708,0,REG,2026,1610612745,,,,,
22500146303,,Shot Chart Detail,22500146,303,201142,Kevin Durant,1610612745,Houston Rockets,2,1,36,Made Shot,Pullup Jump shot,3PT Field Goal,Above the Break 3,Left Side Center(LC),24+ ft.,25,-172,185,1,1,20251101,BOS,HOU,13440,0,201142|203500|1630578|1631095|1641708,0,REG,2026,1610612745,,,,,
22500146306,,Shot Chart Detail,22500146,306,1631095,Jabari Smith Jr.,1610612745,Houston Rockets,2,1,16,Missed Shot,Driving Layup Shot,2PT Field Goal,In The Paint (Non-RA),Center(C),Less Than 8 ft.,5,-49,22,1,0,20251101,BOS,HOU,13640,0,201142|203500|1630578|1631095|1641708,0,REG,2026,1610612745,,,,,
22500146311,,Shot Chart Detail,22500146,311,1631095,Jabari Smith Jr.,1610612745,Houston Rockets,2,1,3,Made Shot,Running Layup Shot,2PT Field Goal,Restricted Area,Center(C),Less Than 8 ft.,3,27,23,1,1,20251101,BOS,HOU,13770,0,201142|203500|1630578|1631095|1641708,0,REG,2026,1610612745,,,,,
22500146320,,Shot Chart Detail,22500146,320,1641708,Amen Thompson,1610612745,Houston Rockets,2,0,7,Missed Shot,Jump Shot,2PT Field Goal,Mid-Range,Left Side(L),16-24 ft.,20,-199,38,1,0,20251101,BOS,HOU,14330,0,201142|203500|1630578|1631095|1641708,0,REG,2026,1610612745,,,,,
22500146373,,Shot Chart Detail,22500146,373,1631095,Jabari Smith Jr.,1610612745,Houston Rockets,3,10,12,Made Shot,Running Layup Shot,2PT Field Goal,Restricted Area,Center(C),Less Than 8 ft.,1,-5,14,1,1,20251101,BOS,HOU,15480,0,201142|1629006|1630578|1631095|1641708,1,REG,2026,1610612745,,,,,
22500146382,,Shot Chart Detail,22500146,382,1630578,Alperen Sengun,1610612745,Houston Rockets,3,9,51,Missed Shot,Driving Floating Jump Shot,2PT Field Goal,In The Paint (Non-RA),Center(C),Less Than 8 ft.,5,17,50,1,0,20251101,BOS,HOU,15690,0,201142|1629006|1630578|1631095|1641708,0,REG,2026,1610612745,,,,,
22500146385,,Shot Chart Detail,22500146,385,201142,Kevin Durant,1610612745,Houston Rockets,3,9,22,Missed Shot,Turnaround Jump Shot,2PT Field Goal,Mid-Range,Left Side Center(LC),16-24 ft.,18,-98,152,1,0,20251101,BOS,HOU,15980,0,201142|1629006|1630578|1631095|1641708,0,REG,2026,1610612745,,,,,
22500146397,,Shot Chart Detail,22500146,397,1630578,Alperen Sengun,1610612745,Houston Rockets,3,8,42,Missed Shot,Driving Floating Jump Shot,2PT Field Goal,In The Paint (Non-RA),Center(C),Less Than 8 ft.,6,17,64,1,0,20251101,BOS,HOU,16380,0,201142|1629006|1630578|1631095|1641708,0,REG,2026,1610612745,,,,,
22500146399,,Shot Chart Detail,22500146,399,1641708,Amen Thompson,1610612745,Houston Rockets,3,8,41,Made Shot,Tip Dunk Shot,2PT Field Goal,Restricted Area,Center(C),Less Than 8 ft.,1,-5,14,1,1,20251101,BOS,HOU,16390,0,201142|1629006|1630578|1631095|1641708,0,REG,2026,1610612745,,,,,
22500146404,,Shot Chart Detail,22500146,404,1641708,Amen Thompson,1610612745,Houston Rockets,3,8,22,Missed Shot,Driving Floating Jump Shot,2PT Field Goal,Restricted Area,Center(C),Less Than 8 ft.,3,-36,15,1,0,20251101,BOS,HOU,16580,0,201142|1629006|1630578|1631095|1641708,0,REG,2026,1610612745,,,,,
22500146465,,Shot Chart Detail,22500146,465,201142,Kevin Durant,1610612745,Houston Rockets,3,5,3,Made Shot,Pullup Jump shot,2PT Field Goal,Mid-Range,Right Side(R),8-16 ft.,15,92,129,1,1,20251101,BOS,HOU,18570,0,201142|203500|1629006|1631095|1631106,1,REG,2026,1610612745,,,,,
22500146469,,Shot Chart Detail,22500146,469,1629006,Josh Okogie,1610612745,Houston Rockets,3,4,41,Made Shot,Running Pull-Up Jump Shot,3PT Field Goal,Left Corner 3,Left Side(L),24+ ft.,23,-230,36,1,1,20251101,BOS,HOU,18790,0,201142|203500|1629006|1631095|1631106,1,REG,2026,1610612745,,,,,
22500146473,,Shot Chart Detail,22500146,473,201142,Kevin Durant,1610612745,Houston Rockets,3,4,3,Missed Shot,Pullup Jump shot,3PT Field Goal,Above the Break 3,Right Side Center(RC),24+ ft.,26,130,235,1,0,20251101,BOS,HOU,19170,0,201142|203500|1629006|1631095|1631106,0,REG,2026,1610612745,,,,,
22500146492,,Shot Chart Detail,22500146,492,1642263,Reed Sheppard,1610612745,Houston Rockets,3,3,15,Missed Shot,Pullup Jump shot,2PT Field Goal,In The Paint (Non-RA),Center(C),8-16 ft.,13,-13,135,1,0,20251101,BOS,HOU,19650,0,201142|203500|1631106|1641708|1642263,0,REG,2026,1610612745,,,,,
22500146499,,Shot Chart Detail,22500146,499,1641708,Amen Thompson,1610612745,Houston Rockets,3,2,34,Made Shot,Driving Floating Jump Shot,2PT Field Goal,Mid-Range,Right Side(R),8-16 ft.,13,107,82,1,1,20251101,BOS,HOU,20060,0,201142|203500|1631106|1641708|1642263,0,REG,2026,1610612745,,,,,
22500146507,,Shot Chart Detail,22500146,507,1642263,Reed Sheppard,1610612745,Houston Rockets,3,1,58,Made Shot,Jump Shot,3PT Field Goal,Above the Break 3,Right Side Center(RC),24+ ft.,29,108,271,1,1,20251101,BOS,HOU,20420,0,203500|1630578|1631106|1641708|1642263,1,REG,2026,1610612745,,,,,
22500146510,,Shot Chart Detail,22500146,510,203500,Steven Adams,1610612745,Houston Rockets,3,1,14,Missed Shot,Turnaround Hook Shot,2PT Field Goal,In The Paint (Non-RA),Center(C),Less Than 8 ft.,5,48,17,1,0,20251101,BOS,HOU,20860,0,203500|1630578|1631106|1641708|1642263,0,REG,2026,1610612745,,,,,
22500146512,,Shot Chart Detail,22500146,512,1641708,Amen Thompson,1610612745,Houston Rockets,3,1,10,Made Shot,Driving Reverse Layup Shot,2PT Field Goal,Restricted Area,Center(C),Less Than 8 ft.,1,-6,13,1,1,20251101,BOS,HOU,20900,0,203500|1630578|1631106|1641708|1642263,1,REG,2026,1610612745,,,,,
22500146520,,Shot Chart Detail,22500146,520,1631106,Tari Eason,1610612745,Houston Rockets,3,0,44,Made Shot,Jump Shot,3PT Field Goal,Left Corner 3,Left Side(L),24+ ft.,23,-233,-13,1,1,20251101,BOS,HOU,21160,0,203500|1630578|1631106|1641708|1642263,1,REG,2026,1610612745,,,,,
22500146539,,Shot Chart Detail,22500146,539,1641708,Amen Thompson,1610612745,Houston Rockets,3,0,0,Missed Shot,Driving Floating Bank Jump Shot,2PT Field Goal,Mid-Range,Center(C),8-16 ft.,15,12,151,1,0,20251101,BOS,HOU,21600,0,201142|1630578|1631095|1631106|1641708,0,REG,2026,1610612745,,,,,
22500146553,,Shot Chart Detail,22500146,553,1630578,Alperen Sengun,1610612745,Houston Rockets,4,11,38,Missed Shot,Driving Layup Shot,2PT Field Goal,In The Paint (Non-RA),Center(C),Less Than 8 ft.,5,-34,37,1,0,20251101,BOS,HOU,21820,0,203991|1630578|1631106|1641708|1642263,0,REG,2026,1610612745,,,,,
22500146561,,Shot Chart Detail,22500146,561,1631106,Tari Eason,1610612745,Houston Rockets,4,10,54,Missed Shot,Jump Shot,2PT Field Goal,Mid-Range,Left Side(L),16-24 ft.,18,-183,41,1,0,20251101,BOS,HOU,22260,0,203991|1630578|1631106|1641708|1642263,0,REG,2026,1610612745,,,,,
22500146563,,Shot Chart Detail,22500146,563,1631106,Tari Eason,1610612745,Houston Rockets,4,10,50,Missed Shot,Jump Shot,3PT Field Goal,Left Corner 3,Left Side(L),24+ ft.,23,-229,32,1,0,20251101,BOS,HOU,22300,0,203991|1630578|1631106|1641708|1642263,0,REG,2026,1610612745,,,,,
22500146569,,Shot Chart Detail,22500146,569,1642263,Reed Sheppard,1610612745,Houston Rockets,4,10,24,Made Shot,Jump Shot,3PT Field Goal,Right Corner 3,Right Side(R),24+ ft.,23,232,29,1,1,20251101,BOS,HOU,22560,0,203991|1630578|1631106|1641708|1642263,1,REG,2026,1610612745,,,,,
22500146573,,Shot Chart Detail,22500146,573,1630578,Alperen Sengun,1610612745,Houston Rockets,4,10,3,Made Shot,Jump Shot,3PT Field Goal,Above the Break 3,Right Side Center(RC),24+ ft.,31,186,252,1,1,20251101,BOS,HOU,22770,0,203991|1630578|1631106|1641708|1642263,1,REG,2026,1610612745,,,,,
22500146585,,Shot Chart Detail,22500146,585,1630578,Alperen Sengun,1610612745,Houston Rockets,4,9,12,Made Shot,Turnaround Bank Hook Shot,2PT Field Goal,In The Paint (Non-RA),Center(C),Less Than 8 ft.,7,-55,45,1,1,20251101,BOS,HOU,23280,0,203991|1630578|1631106|1641708|1642263,0,REG,2026,1610612745,,,,,
22500146588,,Shot Chart Detail,22500146,588,1642263,Reed Sheppard,1610612745,Houston Rockets,4,8,49,Made Shot,Jump Shot,3PT Field Goal,Left Corner 3,Left Side(L),24+ ft.,22,-225,0,1,1,20251101,BOS,HOU,23510,0,203991|1630578|1631106|1641708|1642263,1,REG,2026,1610612745,,,,,
22500146592,,Shot Chart Detail,22500146,592,1631106,Tari Eason,1610612745,Houston Rockets,4,8,26,Made Shot,Jump Shot,3PT Field Goal,Right Corner 3,Right Side(R),24+ ft.,23,229,40,1,1,20251101,BOS,HOU,23740,0,203991|1630578|1631106|1641708|1642263,1,REG,2026,1610612745,,,,,
22500146605,,Shot Chart Detail,22500146,605,1642263,Reed Sheppard,1610612745,Houston Rockets,4,7,49,Missed Shot,Jump Shot,3PT Field Goal,Above the Break 3,Left Side Center(LC),24+ ft.,26,-94,246,1,0,20251101,BOS,HOU,24110,0,203991|1630256|1630578|1631106|1642263,0,REG,2026,1610612745,,,,,
22500146621,,Shot Chart Detail,22500146,621,1631120,JD Davison,1610612745,Houston Rockets,4,7,5,Made Shot,Driving Floating Bank Jump Shot,2PT Field Goal,Restricted Area,Center(C),Less Than 8 ft.,3,-20,25,1,1,20251101,BOS,HOU,24550,0,201145|203991|1628988|1630256|1631120,1,REG,2026,1610612745,,,,,
22500146628,,Shot Chart Detail,22500146,628,201145,Jeff Green,1610612745,Houston Rockets,4,6,31,Made Shot,Jump Shot,3PT Field Goal,Left Corner 3,Left Side(L),24+ ft.,22,-228,17,1,1,20251101,BOS,HOU,24890,0,201145|203991|1628988|1630256|1631120,1,REG,2026,1610612745,,,,,
22500146670,,Shot Chart Detail,22500146,670,1628988,Aaron Holiday,1610612745,Houston Rockets,4,3,9,Missed Shot,Running Layup Shot,2PT Field Goal,Restricted Area,Center(C),Less Than 8 ft.,2,25,14,1,0,20251101,BOS,HOU,26910,0,201145|203991|1628988|1630256|1631120,0,REG,2026,1610612745,,,,,
22500146677,,Shot Chart Detail,22500146,677,1631120,JD Davison,1610612745,Houston Rockets,4,2,39,Made Shot,Jump Shot,3PT Field Goal,Above the Break 3,Right Side Center(RC),24+ ft.,26,159,206,1,1,20251101,BOS,HOU,27210,0,201145|203991|1628988|1630256|1631120,1,REG,2026,1610612745,,,,,
22500146682,,Shot Chart Detail,22500146,682,203991,Clint Capela,1610612745,Houston Rockets,4,2,20,Missed Shot,Running Layup Shot,2PT Field Goal,Restricted Area,Center(C),Less Than 8 ft.,3,-31,8,1,0,20251101,BOS,HOU,27400,0,201145|203991|1628988|1630256|1631120,0,REG,2026,1610612745,,,,,
22500146686,,Shot Chart Detail,22500146,686,1630256,Jae'Sean Tate,1610612745,Houston Rockets,4,2,16,Missed Shot,Turnaround Jump Shot,2PT Field Goal,In The Paint (Non-RA),Center(C),8-16 ft.,10,-10,109,1,0,20251101,BOS,HOU,27440,0,201145|203991|1628988|1630256|1631120,0,REG,2026,1610612745,,,,,
22500146692,,Shot Chart Detail,22500146,692,1630256,Jae'Sean Tate,1610612745,Houston Rockets,4,1,31,Missed Shot,Driving Hook Shot,2PT Field Goal,In The Paint (Non-RA),Center(C),Less Than 8 ft.,4,-49,6,1,0,20251101,BOS,HOU,27890,0,201145|203991|1628988|1630256|1631120,0,REG,2026,1610612745,,,,,
22500146694,,Shot Chart Detail,22500146,694,203991,Clint Capela,1610612745,Houston Rockets,4,1,30,Made Shot,Tip Layup Shot,2PT Field Goal,Restricted Area,Center(C),Less Than 8 ft.,0,0,0,1,1,20251101,BOS,HOU,27900,0,201145|203991|1628988|1630256|1631120,0,REG,2026,1610612745,,,,,
22500146697,,Shot Chart Detail,22500146,697,201145,Jeff Green,1610612745,Houston Rockets,4,1,13,Made Shot,Jump Shot,3PT Field Goal,Above the Break 3,Left Side Center(LC),24+ ft.,25,-178,183,1,1,20251101,BOS,HOU,28070,0,201145|203991|1628988|1630256|1631120,1,REG,2026,1610612745,,,,,
22500146701,,Shot Chart Detail,22500146,701,203991,Clint Capela,1610612745,Houston Rockets,4,0,45,Missed Shot,Alley Oop Dunk Shot,2PT Field Goal,In The Paint (Non-RA),Center(C),Less Than 8 ft.,6,48,38,1,0,20251101,BOS,HOU,28350,0,201145|203991|1628988|1630256|1631120,0,REG,2026,1610612745,,,,,
225001608,,Shot Chart Detail,22500160,8,1641708,Amen Thompson,1610612745,Houston Rockets,1,11,27,Missed Shot,Cutting Layup Shot,2PT Field Goal,Restricted Area,Center(C),Less Than 8 ft.,3,17,27,1,0,20251103,HOU,DAL,330,0,201142|1629006|1630578|1631106|1641708,0,REG,2026,1610612745,,,,,
2250016012,,Shot Chart Detail,22500160,12,1641708,Amen Thompson,1610612745,Houston Rockets,1,10,54,Made Shot,Cutting Dunk Shot,2PT Field Goal,Restricted Area,Center(C),Less Than 8 ft.,1,-12,7,1,1,20251103,HOU,DAL,660,0,201142|1629006|1630578|1631106|1641708,1,REG,2026,1610612745,,,,,
2250016020,,Shot Chart Detail,22500160,20,1630578,Alperen Sengun,1610612745,Houston Rockets,1,10,27,Made Shot,Cutting Dunk Shot,2PT Field Goal,Restricted Area,Center(C),Less Than 8 ft.,2,-5,22,1,1,20251103,HOU,DAL,930,0,201142|1629006|1630578|1631106|1641708,1,REG,2026,1610612745,,,,,
2250016028,,Shot Chart Detail,22500160,28,1630578,Alperen Sengun,1610612745,Houston Rockets,1,9,51,Missed Shot,Pullup Jump shot,2PT Field Goal,In The Paint (Non-RA),Center(C),8-16 ft.,13,-54,125,1,0,20251103,HOU,DAL,1290,0,201142|1629006|1630578|1631106|1641708,0,REG,2026,1610612745,,,,,
2250016032,,Shot Chart Detail,22500160,32,1641708,Amen Thompson,1610612745,Houston Rockets,1,9,14,Made Shot,Jump Shot,3PT Field Goal,Right Corner 3,Right Side(R),24+ ft.,23,237,25,1,1,20251103,HOU,DAL,1660,0,201142|1629006|1630578|1631106|1641708,1,REG,2026,1610612745,,,,,
2250016036,,Shot Chart Detail,22500160,36,1641708,Amen Thompson,1610612745,Houston Rockets,1,8,52,Missed Shot,Running Finger Roll Layup Shot,2PT Field Goal,Restricted Area,Center(C),Less Than 8 ft.,2,17,21,1,0,20251103,HOU,DAL,1880,0,201142|1629006|1630578|1631106|1641708,0,REG,2026,1610612745,,,,,
2250016041,,Shot Chart Detail,22500160,41,1630578,Alperen Sengun,1610612745,Houston Rockets,1,8,22,Missed Shot,Floating Jump shot,2PT Field Goal,In The Paint (Non-RA),Center(C),8-16 ft.,12,-42,122,1,0,20251103,HOU,DAL,2180,0,201142|1629006|1630578|1631106|1641708,0,REG,2026,1610612745,,,,,
2250016045,,Shot Chart Detail,22500160,45,201142,Kevin Durant,1610612745,Houston Rockets,1,7,50,Missed Shot,Jump Shot,3PT Field Goal,Above the Break 3,Left Side Center(LC),24+ ft.,24,-175,176,1,0,20251103,HOU,DAL,2500,0,201142|1629006|1630578|1631106|1641708,0,REG,2026,1610612745,,,,,
2250016053,,Shot Chart Detail,22500160,53,201142,Kevin Durant,1610612745,Houston Rockets,1,7,31,Missed Shot,Jump Shot,3PT Field Goal,Above the Break 3,Left Side Center(LC),24+ ft.,25,-154,205,1,0,20251103,HOU,DAL,2690,0,201142|1629006|1630578|1631106|1641708,0,REG,2026,1610612745,,,,,
2250016065,,Shot Chart Detail,22500160,65,201142,Kevin Durant,1610612745,Houston Rockets,1,7,0,Made Shot,Running Dunk Shot,2PT Field Goal,Restricted Area,Center(C),Less Than 8 ft.,1,1,10,1,1,20251103,HOU,DAL,3000,0,201142|1629006|1630578|1631106|1641708,1,REG,2026,1610612745,,,,,
2250016074,,Shot Chart Detail,22500160,74,1641708,Amen Thompson,1610612745,Houston Rockets,1,6,34,Made Shot,Running Dunk Shot,2PT Field Goal,Restricted Area,Center(C),Less Than 8 ft.,3,2,31,1,1,20251103,HOU,DAL,3260,0,201142|1629006|1630578|1631106|1641708,1,REG,2026,1610612745,,,,,
2250016085,,Shot Chart Detail,22500160,85,201142,Kevin Durant,1610612745,Houston Rockets,1,5,55,Made Shot,Fadeaway Jump Shot,2PT Field Goal,Mid-Range,Left Side Center(LC),16-24 ft.,19,-136,141,1,1,20251103,HOU,DAL,3650,0,201142|203500|1629006|1631106|1642263,0,REG,2026,1610612745,,,,,
2250016088,,Shot Chart Detail,22500160,88,201142,Kevin Durant,1610612745,Houston Rockets,1,5,19,Missed Shot,Pullup Jump shot,2PT Field Goal,Mid-Range,Left Side(L),8-16 ft.,12,-118,54,1,0,20251103,HOU,DAL,4010,0,201142|203500|1629006|1631106|1642263,0,REG,2026,1610612745,,,,,
2250016093,,Shot Chart Detail,22500160,93,1631106,Tari Eason,1610612745,Houston Rockets,1,4,51,Missed Shot,Jump Shot,3PT Field Goal,Above the Break 3,Right Side Center(RC),24+ ft.,25,185,181,1,0,20251103,HOU,DAL,4290,0,201142|203500|1629006|1631106|1642263,0,REG,2026,1610612745,,,,,
2250016097,,Shot Chart Detail,22500160,97,1631106,Tari Eason,1610612745,Houston Rockets,1,4,41,Made Shot,Layup Shot,2PT Field Goal,Restricted Area,Center(C),Less Than 8 ft.,2,-2,25,1,1,20251103,HOU,DAL,4390,0,201142|203500|1629006|1631106|1642263,0,REG,2026,1610612745,,,,,
22500160119,,Shot Chart Detail,22500160,119,1630256,Jae'Sean Tate,1610612745,Houston Rockets,1,3,13,Missed Shot,Running Jump Shot,3PT Field Goal,Above the Break 3,Left Side Center(LC),24+ ft.,25,-223,132,1,0,20251103,HOU,DAL,5270,0,201142|203500|1630256|1641708|1642263,0,REG,2026,1610612745,,,,,
22500160121,,Shot Chart Detail,22500160,121,203500,Steven Adams,1610612745,Houston Rockets,1,3,8,Missed Shot,Putback Layup Shot,2PT Field Goal,Restricted Area,Center(C),Less Than 8 ft.,3,11,36,1,0,20251103,HOU,DAL,5320,0,201142|203500|1630256|1641708|1642263,0,REG,2026,1610612745,,,,,
22500160123,,Shot Chart Detail,22500160,123,201142,Kevin Durant,1610612745,Houston Rockets,1,3,5,Made Shot,Tip Layup Shot,2PT Field Goal,Restricted Area,Center(C),Less Than 8 ft.,0,0,0,1,1,20251103,HOU,DAL,5350,0,201142|203500|1630256|1641708|1642263,0,REG,2026,1610612745,,,,,
22500160130,,Shot Chart Detail,22500160,130,201142,Kevin Durant,1610612745,Houston Rockets,1,2,37,Missed Shot,Pullup Jump shot,2PT Field Goal,Mid-Range,Right Side Center(RC),16-24 ft.,18,93,163,1,0,20251103,HOU,DAL,5630,0,201142|203500|1630256|1641708|1642263,0,REG,2026,1610612745,,,,,
22500160141,,Shot Chart Detail,22500160,141,1642263,Reed Sheppard,1610612745,Houston Rockets,1,2,29,Missed Shot,Driving Hook Shot,2PT Field Goal,In The Paint (Non-RA),Center(C),Less Than 8 ft.,6,13,68,1,0,20251103,HOU,DAL,5710,0,203500|1630256|1630578|1641708|1642263,0,REG,2026,1610612745,,,,,
22500160143,,Shot Chart Detail,22500160,143,203500,Steven Adams,1610612745,Houston Rockets,1,2,25,Made Shot,Tip Layup Shot,2PT Field Goal,Restricted Area,Center(C),Less Than 8 ft.,0,0,0,1,1,20251103,HOU,DAL,5750,0,203500|1630256|1630578|1641708|1642263,0,REG,2026,1610612745,,,,,
22500160147,,Shot Chart Detail,22500160,147,1641708,Amen Thompson,1610612745,Houston Rockets,1,1,55,Missed Shot,Jump Shot,3PT Field Goal,Right Corner 3,Right Side(R),24+ ft.,23,238,29,1,0,20251103,HOU,DAL,6050,0,203500|1630256|1630578|1641708|1642263,0,REG,2026,1610612745,,,,,
22500160165,,Shot Chart Detail,22500160,165,1630578,Alperen Sengun,1610612745,Houston Rockets,1,0,38,Missed Shot,Jump Shot,3PT Field Goal,Above the Break 3,Center(C),24+ ft.,27,-6,275,1,0,20251103,HOU,DAL,6820,0,203500|1630256|1630578|1641708|1642263,0,REG,2026,1610612745,,,,,
22500160180,,Shot Chart Detail,22500160,180,1642263,Reed Sheppard,1610612745,Houston Rockets,1,0,8,Missed Shot,Jump Shot,3PT Field Goal,Right Corner 3,Right Side(R),24+ ft.,23,239,5,1,0,20251103,HOU,DAL,7120,0,201142|203500|1630578|1641708|1642263,0,REG,2026,1610612745,,,,,
22500160211,,Shot Chart Detail,22500160,211,203991,Clint Capela,1610612745,Houston Rockets,2,11,40,Made Shot,Alley Oop Dunk Shot,2PT Field Goal,Restricted Area,Center(C),Less Than 8 ft.,1,-2,11,1,1,20251103,HOU,DAL,7400,0,203991|1630256|1630578|1641708|1642263,1,REG,2026,1610612745,,,,,
22500160215,,Shot Chart Detail,22500160,215,1630578,Alperen Sengun,1610612745,Houston Rockets,2,11,4,Made Shot,Driving Layup Shot,2PT Field Goal,Restricted Area,Center(C),Less Than 8 ft.,1,1,18,1,1,20251103,HOU,DAL,7760,0,203991|1630256|1630578|1641708|1642263,0,REG,2026,1610612745,,,,,
22500160223,,Shot Chart Detail,22500160,223,1642263,Reed Sheppard,1610612745,Houston Rockets,2,10,33,Made Shot,Step Back Jump shot,3PT Field Goal,Above the Break 3,Right Side Center(RC),24+ ft.,25,150,202,1,1,20251103,HOU,DAL,8070,0,203991|1630256|1630578|1641708|1642263,0,REG,2026,1610612745,,,,,
22500160235,,Shot Chart Detail,22500160,235,1630578,Alperen Sengun,1610612745,Houston Rockets,2,9,49,Missed Shot,Driving Floating Jump Shot,2PT Field Goal,Mid-Range,Right Side(R),8-16 ft.,14,103,100,1,0,20251103,HOU,DAL,8510,0,203991|1629006|1630578|1641708|1642263,0,REG,2026,1610612745,,,,,
22500160237,,Shot Chart Detail,22500160,237,1630578,Alperen Sengun,1610612745,Houston Rockets,2,9,42,Made Shot,Driving Layup Shot,2PT Field Goal,Restricted Area,Center(C),Less Than 8 ft.,2,15,22,1,1,20251103,HOU,DAL,8580,0,203991|1629006|1630578|1641708|1642263,1,REG,2026,1610612745,,,,,
22500160257,,Shot Chart Detail,22500160,257,1629006,Josh Okogie,1610612745,Houston Rockets,2,9,8,Missed Shot,Jump Shot,3PT Field Goal,Above the Break 3,Right Side Center(RC),24+ ft.,26,167,212,1,0,20251103,HOU,DAL,8920,0,203991|1629006|1630578|1641708|1642263,0,REG,2026,1610612745,,,,,
22500160259,,Shot Chart Detail,22500160,259,1630578,Alperen Sengun,1610612745,Houston Rockets,2,9,4,Made Shot,Tip Layup Shot,2PT Field Goal,Restricted Area,Center(C),Less Than 8 ft.,0,0,0,1,1,20251103,HOU,DAL,8960,0,203991|1629006|1630578|1641708|1642263,0,REG,2026,1610612745,,,,,
22500160262,,Shot Chart Detail,22500160,262,1641708,Amen Thompson,1610612745,Houston Rockets,2,8,36,Made Shot,Dunk Shot,2PT Field Goal,Restricted Area,Center(C),Less Than 8 ft.,0,4,8,1,1,20251103,HOU,DAL,9240,0,203991|1629006|1630578|1641708|1642263,1,REG,2026,1610612745,,,,,
22500160266,,Shot Chart Detail,22500160,266,1630578,Alperen Sengun,1610612745,Houston Rockets,2,8,5,Missed Shot,Fadeaway Jump Shot,2PT Field Goal,Mid-Range,Left Side(L),8-16 ft.,15,-147,38,1,0,20251103,HOU,DAL,9550,0,203991|1629006|1630578|1641708|1642263,0,REG,2026,1610612745,,,,,
22500160268,,Shot Chart Detail,22500160,268,1642263,Reed Sheppard,1610612745,Houston Rockets,2,7,58,Missed Shot,Jump Shot,3PT Field Goal,Above the Break 3,Left Side Center(LC),24+ ft.,25,-181,186,1,0,20251103,HOU,DAL,9620,0,203991|1629006|1630578|1641708|1642263,0,REG,2026,1610612745,,,,,
22500160280,,Shot Chart Detail,22500160,280,201142,Kevin Durant,1610612745,Houston Rockets,2,7,18,Missed Shot,Layup Shot,2PT Field Goal,Restricted Area,Center(C),Less Than 8 ft.,3,22,33,1,0,20251103,HOU,DAL,10020,0,201142|203991|1629006|1631106|1642263,0,REG,2026,1610612745,,,,,
22500160282,,Shot Chart Detail,22500160,282,203991,Clint Capela,1610612745,Houston Rockets,2,7,15,Missed Shot,Tip Layup Shot,2PT Field Goal,Restricted Area,Center(C),Less Than 8 ft.,0,0,0,1,0,20251103,HOU,DAL,10050,0,201142|203991|1629006|1631106|1642263,0,REG,2026,1610612745,,,,,
22500160288,,Shot Chart Detail,22500160,288,1631106,Tari Eason,1610612745,Houston Rockets,2,6,56,Made Shot,Jump Shot,3PT Field Goal,Left Corner 3,Left Side(L),24+ ft.,22,-222,22,1,1,20251103,HOU,DAL,10240,0,201142|203991|1629006|1631106|1642263,1,REG,2026,1610612745,,,,,
22500160295,,Shot Chart Detail,22500160,295,203991,Clint Capela,1610612745,Houston Rockets,2,6,7,Missed Shot,Turnaround Hook Shot,2PT Field Goal,In The Paint (Non-RA),Center(C),Less Than 8 ft.,5,-33,49,1,0,20251103,HOU,DAL,10730,0,201142|203991|1629006|1631106|1642263,0,REG,2026,1610612745,,,,,
22500160304,,Shot Chart Detail,22500160,304,1629006,Josh Okogie,1610612745,Houston Rockets,2,5,42,Missed Shot,Running Jump Shot,3PT Field Goal,Above the Break 3,Right Side Center(RC),24+ ft.,26,175,194,1,0,20251103,HOU,DAL,10980,0,201142|1629006|1630578|1631106|1641708,0,REG,2026,1610612745,,,,,
22500160306,,Shot Chart Detail,22500160,306,1631106,Tari Eason,1610612745,Houston Rockets,2,5,31,Made Shot,Jump Shot,3PT Field Goal,Right Corner 3,Right Side(R),24+ ft.,23,232,11,1,1,20251103,HOU,DAL,11090,0,201142|1629006|1630578|1631106|1641708,1,REG,2026,1610612745,,,,,
22500160310,,Shot Chart Detail,22500160,310,201142,Kevin Durant,1610612745,Houston Rockets,2,4,57,Missed Shot,Jump Shot,3PT Field Goal,Above the Break 3,Center(C),24+ ft.,26,-25,267,1,0,20251103,HOU,DAL,11430,0,201142|1629006|1630578|1631106|1641708,0,REG,2026,1610612745,,,,,
22500160320,,Shot Chart Detail,22500160,320,1631106,Tari Eason,1610612745,Houston Rockets,2,4,40,Missed Shot,Driving Floating Jump Shot,2PT Field Goal,Mid-Range,Right Side(R),8-16 ft.,15,147,49,1,0,20251103,HOU,DAL,11600,0,201142|203500|1630578|1631106|1641708,0,REG,2026,1610612745,,,,,
22500160324,,Shot Chart Detail,22500160,324,1641708,Amen Thompson,1610612745,Houston Rockets,2,4,19,Made Shot,Driving Finger Roll Layup Shot,2PT Field Goal,Restricted Area,Center(C),Less Than 8 ft.,2,11,18,1,1,20251103,HOU,DAL,11810,0,201142|203500|1630578|1631106|1641708,0,REG,2026,1610612745,,,,,
22500160330,,Shot Chart Detail,22500160,330,1630578,Alperen Sengun,1610612745,Houston Rockets,2,3,34,Missed Shot,Driving Layup Shot,2PT Field Goal,Restricted Area,Center(C),Less Than 8 ft.,2,-4,27,1,0,20251103,HOU,DAL,12260,0,201142|203500|1630578|1631106|1641708,0,REG,2026,1610612745,,,,,
22500160338,,Shot Chart Detail,22500160,338,1630578,Alperen Sengun,1610612745,Houston Rockets,2,3,9,Missed Shot,Jump Shot,3PT Field Goal,Above the Break 3,Left Side Center(LC),24+ ft.,28,-201,202,1,0,20251103,HOU,DAL,12510,0,201142|203500|1630578|1631106|1641708,0,REG,2026,1610612745,,,,,
22500160340,,Shot Chart Detail,22500160,340,201142,Kevin Durant,1610612745,Houston Rockets,2,3,4,Missed Shot,Jump Shot,3PT Field Goal,Above the Break 3,Right Side Center(RC),24+ ft.,25,92,233,1,0,20251103,HOU,DAL,12560,0,201142|203500|1630578|1631106|1641708,0,REG,2026,1610612745,,,,,
22500160351,,Shot Chart Detail,22500160,351,1641708,Amen Thompson,1610612745,Houston Rockets,2,2,56,Made Shot,Alley Oop Dunk Shot,2PT Field Goal,Restricted Area,Center(C),Less Than 8 ft.,2,2,21,1,1,20251103,HOU,DAL,12640,0,201142|203500|1630578|1631106|1641708,1,REG,2026,1610612745,,,,,
22500160355,,Shot Chart Detail,22500160,355,1641708,Amen Thompson,1610612745,Houston Rockets,2,2,37,Missed Shot,Running Layup Shot,2PT Field Goal,Restricted Area,Center(C),Less Than 8 ft.,2,12,17,1,0,20251103,HOU,DAL,12830,0,201142|203500|1630578|1631106|1641708,0,REG,2026,1610612745,,,,,
22500160368,,Shot Chart Detail,22500160,368,1641708,Amen Thompson,1610612745,Houston Rockets,2,2,0,Made Shot,Running Alley Oop Dunk Shot,2PT Field Goal,Restricted Area,Center(C),Less Than 8 ft.,1,0,16,1,1,20251103,HOU,DAL,13200,0,201142|203500|1630578|1631106|1641708,1,REG,2026,1610612745,,,,,
22500160375,,Shot Chart Detail,22500160,375,1630578,Alperen Sengun,1610612745,Houston Rockets,2,1,3,Made Shot,Cutting Layup Shot,2PT Field Goal,Restricted Area,Center(C),Less Than 8 ft.,2,-1,25,1,1,20251103,HOU,DAL,13770,0,201142|203500|1630578|1631106|1641708,1,REG,2026,1610612745,,,,,
22500160389,,Shot Chart Detail,22500160,389,1641708,Amen Thompson,1610612745,Houston Rockets,2,0,7,Made Shot,Alley Oop Dunk Shot,2PT Field Goal,Restricted Area,Center(C),Less Than 8 ft.,1,1,18,1,1,20251103,HOU,DAL,14330,0,201142|1629006|1630256|1630578|1641708,1,REG,2026,1610612745,,,,,
22500160404,,Shot Chart Detail,22500160,404,1629006,Josh Okogie,1610612745,Houston Rockets,3,11,44,Missed Shot,Jump Shot,3PT Field Goal,Above the Break 3,Left Side Center(LC),24+ ft.,25,-214,146,1,0,20251103,HOU,DAL,14560,0,201142|1629006|1630578|1631106|1641708,0,REG,2026,1610612745,,,,,
22500160415,,Shot Chart Detail,22500160,415,1630578,Alperen Sengun,1610612745,Houston Rockets,3,10,38,Made Shot,Reverse Dunk Shot,2PT Field Goal,Restricted Area,Center(C),Less Than 8 ft.,2,5,25,1,1,20251103,HOU,DAL,15220,0,201142|1629006|1630578|1631106|1641708,1,REG,2026,1610612745,,,,,
22500160423,,Shot Chart Detail,22500160,423,1631106,Tari Eason,1610612745,Houston Rockets,3,10,3,Missed Shot,Jump Shot,3PT Field Goal,Left Corner 3,Left Side(L),24+ ft.,22,-224,5,1,0,20251103,HOU,DAL,15570,0,201142|1629006|1630578|1631106|1641708,0,REG,2026,1610612745,,,,,
22500160432,,Shot Chart Detail,22500160,432,1629006,Josh Okogie,1610612745,Houston Rockets,3,9,41,Missed Shot,Layup Shot,2PT Field Goal,Restricted Area,Center(C),Less Than 8 ft.,2,26,9,1,0,20251103,HOU,DAL,15790,0,201142|1629006|1630578|1631106|1641708,0,REG,2026,1610612745,,,,,
22500160449,,Shot Chart Detail,22500160,449,1641708,Amen Thompson,1610612745,Houston Rockets,3,8,47,Missed Shot,Driving Layup Shot,2PT Field Goal,In The Paint (Non-RA),Center(C),Less Than 8 ft.,4,-31,27,1,0,20251103,HOU,DAL,16330,0,201142|203500|1628988|1631106|1641708,0,REG,2026,1610612745,,,,,
22500160458,,Shot Chart Detail,22500160,458,201142,Kevin Durant,1610612745,Houston Rockets,3,8,18,Missed Shot,Fadeaway Jump Shot,2PT Field Goal,In The Paint (Non-RA),Center(C),8-16 ft.,13,-53,122,1,0,20251103,HOU,DAL,16620,0,201142|203500|1628988|1630578|1631106,0,REG,2026,1610612745,,,,,
22500160462,,Shot Chart Detail,22500160,462,201142,Kevin Durant,1610612745,Houston Rockets,3,8,0,Made Shot,Turnaround Fadeaway shot,2PT Field Goal,In The Paint (Non-RA),Center(C),8-16 ft.,10,20,108,1,1,20251103,HOU,DAL,16800,0,201142|203500|1628988|1630578|1631106,0,REG,2026,1610612745,,,,,
22500160465,,Shot Chart Detail,22500160,465,1628988,Aaron Holiday,1610612745,Houston Rockets,3,7,28,Missed Shot,Jump Shot,3PT Field Goal,Above the Break 3,Right Side Center(RC),24+ ft.,25,156,198,1,0,20251103,HOU,DAL,17120,0,201142|203500|1628988|1630578|1631106,0,REG,2026,1610612745,,,,,
22500160467,,Shot Chart Detail,22500160,467,1630578,Alperen Sengun,1610612745,Houston Rockets,3,7,16,Made Shot,Turnaround Hook Shot,2PT Field Goal,In The Paint (Non-RA),Center(C),8-16 ft.,10,1,101,1,1,20251103,HOU,DAL,17240,0,201142|203500|1628988|1630578|1631106,0,REG,2026,1610612745,,,,,
22500160470,,Shot Chart Detail,22500160,470,201142,Kevin Durant,1610612745,Houston Rockets,3,6,44,Missed Shot,Jump Shot,3PT Field Goal,Above the Break 3,Center(C),24+ ft.,27,-48,274,1,0,20251103,HOU,DAL,17560,0,201142|203500|1628988|1630578|1631106,0,REG,2026,1610612745,,,,,
22500160477,,Shot Chart Detail,22500160,477,1628988,Aaron Holiday,1610612745,Houston Rockets,3,6,19,Made Shot,Jump Shot,3PT Field Goal,Above the Break 3,Left Side Center(LC),24+ ft.,28,-191,213,1,1,20251103,HOU,DAL,17810,0,201142|203500|1628988|1630578|1631106,1,REG,2026,1610612745,,,,,
22500160482,,Shot Chart Detail,22500160,482,1631106,Tari Eason,1610612745,Houston Rockets,3,5,55,Made Shot,Cutting Dunk Shot,2PT Field Goal,Restricted Area,Center(C),Less Than 8 ft.,0,-2,6,1,1,20251103,HOU,DAL,18050,0,201142|203500|1628988|1630578|1631106,1,REG,2026,1610612745,,,,,
22500160489,,Shot Chart Detail,22500160,489,203500,Steven Adams,1610612745,Houston Rockets,3,5,27,Made Shot,Cutting Dunk Shot,2PT Field Goal,Restricted Area,Center(C),Less Than 8 ft.,2,-1,26,1,1,20251103,HOU,DAL,18330,0,201142|203500|1628988|1630578|1631106,1,REG,2026,1610612745,,,,,
22500160508,,Shot Chart Detail,22500160,508,1641708,Amen Thompson,1610612745,Houston Rockets,3,4,29,Made Shot,Running Layup Shot,2PT Field Goal,Restricted Area,Center(C),Less Than 8 ft.,1,11,11,1,1,20251103,HOU,DAL,18910,0,201142|203500|1628988|1630578|1641708,1,REG,2026,1610612745,,,,,
22500160524,,Shot Chart Detail,22500160,524,1630578,Alperen Sengun,1610612745,Houston Rockets,3,3,20,Made Shot,Driving Hook Shot,2PT Field Goal,In The Paint (Non-RA),Center(C),Less Than 8 ft.,4,1,47,1,1,20251103,HOU,DAL,19600,0,201142|203500|1628988|1630578|1641708,0,REG,2026,1610612745,,,,,
22500160527,,Shot Chart Detail,22500160,527,201142,Kevin Durant,1610612745,Houston Rockets,3,2,54,Missed Shot,Fadeaway Jump Shot,2PT Field Goal,In The Paint (Non-RA),Center(C),8-16 ft.,10,0,105,1,0,20251103,HOU,DAL,19860,0,201142|203500|1628988|1630578|1641708,0,REG,2026,1610612745,,,,,
22500160537,,Shot Chart Detail,22500160,537,1628988,Aaron Holiday,1610612745,Houston Rockets,3,2,6,Made Shot,Driving Finger Roll Layup Shot,2PT Field Goal,Restricted Area,Center(C),Less Than 8 ft.,1,1,14,1,1,20251103,HOU,DAL,20340,0,201142|203500|1628988|1630578|1641708,1,REG,2026,1610612745,,,,,
22500160546,,Shot Chart Detail,22500160,546,1630256,Jae'Sean Tate,1610612745,Houston Rockets,3,1,42,Missed Shot,Jump Shot,3PT Field Goal,Above the Break 3,Right Side Center(RC),24+ ft.,26,145,220,1,0,20251103,HOU,DAL,20580,0,201142|203500|1628988|1630256|1641708,0,REG,2026,1610612745,,,,,
22500160558,,Shot Chart Detail,22500160,558,1641708,Amen Thompson,1610612745,Houston Rockets,3,0,48,Missed Shot,Pullup Jump shot,3PT Field Goal,Above the Break 3,Left Side Center(LC),24+ ft.,27,-88,263,1,0,20251103,HOU,DAL,21120,0,201142|203500|1628988|1630256|1641708,0,REG,2026,1610612745,,,,,
22500160569,,Shot Chart Detail,22500160,569,201142,Kevin Durant,1610612745,Houston Rockets,3,0,25,Missed Shot,Jump Shot,3PT Field Goal,Above the Break 3,Right Side Center(RC),24+ ft.,25,148,204,1,0,20251103,HOU,DAL,21350,0,201142|203500|1628988|1630256|1641708,0,REG,2026,1610612745,,,,,
22500160599,,Shot Chart Detail,22500160,599,1629006,Josh Okogie,1610612745,Houston Rockets,4,11,11,Missed Shot,Driving Layup Shot,2PT Field Goal,Restricted Area,Center(C),Less Than 8 ft.,1,2,19,1,0,20251103,HOU,DAL,22090,0,203991|1629006|1630578|1641708|1642263,0,REG,2026,1610612745,,,,,
22500160601,,Shot Chart Detail,22500160,601,203991,Clint Capela,1610612745,Houston Rockets,4,11,10,Made Shot,Tip Dunk Shot,2PT Field Goal,Restricted Area,Center(C),Less Than 8 ft.,0,0,0,1,1,20251103,HOU,DAL,22100,0,203991|1629006|1630578|1641708|1642263,0,REG,2026,1610612745,,,,,
22500160622,,Shot Chart Detail,22500160,622,1630578,Alperen Sengun,1610612745,Houston Rockets,4,9,43,Missed Shot,Driving Hook Shot,2PT Field Goal,In The Paint (Non-RA),Center(C),8-16 ft.,9,-11,94,1,0,20251103,HOU,DAL,22970,0,203991|1630578|1631106|1641708|1642263,0,REG,2026,1610612745,,,,,
22500160627,,Shot Chart Detail,22500160,627,1630578,Alperen Sengun,1610612745,Houston Rockets,4,9,29,Missed Shot,Turnaround Jump Shot,2PT Field Goal,In The Paint (Non-RA),Center(C),8-16 ft.,13,44,124,1,0,20251103,HOU,DAL,23110,0,203991|1630578|1631106|1641708|1642263,0,REG,2026,1610612745,,,,,
22500160632,,Shot Chart Detail,22500160,632,1631106,Tari Eason,1610612745,Houston Rockets,4,9,12,Made Shot,Jump Shot,3PT Field Goal,Right Corner 3,Right Side(R),24+ ft.,22,228,8,1,1,20251103,HOU,DAL,23280,0,203991|1630578|1631106|1641708|1642263,1,REG,2026,1610612745,,,,,
22500160648,,Shot Chart Detail,22500160,648,1642263,Reed Sheppard,1610612745,Houston Rockets,4,8,35,Made Shot,Driving Floating Bank Jump Shot,2PT Field Goal,Mid-Range,Left Side(L),8-16 ft.,12,-103,68,1,1,20251103,HOU,DAL,23650,0,201142|203991|1630578|1631106|1642263,0,REG,2026,1610612745,,,,,
22500160655,,Shot Chart Detail,22500160,655,1642263,Reed Sheppard,1610612745,Houston Rockets,4,8,6,Missed Shot,Jump Shot,3PT Field Goal,Left Corner 3,Left Side(L),24+ ft.,23,-235,8,1,0,20251103,HOU,DAL,23940,0,201142|203991|1630578|1631106|1642263,0,REG,2026,1610612745,,,,,
22500160662,,Shot Chart Detail,22500160,662,1642263,Reed Sheppard,1610612745,Houston Rockets,4,7,29,Missed Shot,Driving Hook Shot,2PT Field Goal,In The Paint (Non-RA),Center(C),Less Than 8 ft.,7,64,43,1,0,20251103,HOU,DAL,24310,0,201142|203991|1630578|1631106|1642263,0,REG,2026,1610612745,,,,,
22500160675,,Shot Chart Detail,22500160,675,1630578,Alperen Sengun,1610612745,Houston Rockets,4,6,59,Made Shot,Driving Layup Shot,2PT Field Goal,In The Paint (Non-RA),Center(C),Less Than 8 ft.,6,56,40,1,1,20251103,HOU,DAL,24610,0,201142|203500|1629006|1630578|1641708,1,REG,2026,1610612745,,,,,
22500160679,,Shot Chart Detail,22500160,679,1641708,Amen Thompson,1610612745,Houston Rockets,4,6,20,Made Shot,Driving Finger Roll Layup Shot,2PT Field Goal,In The Paint (Non-RA),Center(C),Less Than 8 ft.,4,-6,41,1,1,20251103,HOU,DAL,25000,0,201142|203500|1629006|1630578|1641708,0,REG,2026,1610612745,,,,,
22500160682,,Shot Chart Detail,22500160,682,201142,Kevin Durant,1610612745,Houston Rockets,4,5,43,Made Shot,Pullup Jump shot,3PT Field Goal,Above the Break 3,Left Side Center(LC),24+ ft.,25,-108,230,1,1,20251103,HOU,DAL,25370,0,201142|203500|1629006|1630578|1641708,0,REG,2026,1610612745,,,,,
22500160685,,Shot Chart Detail,22500160,685,201142,Kevin Durant,1610612745,Houston Rockets,4,5,5,Made Shot,Pullup Jump shot,3PT Field Goal,Above the Break 3,Center(C),24+ ft.,26,80,253,1,1,20251103,HOU,DAL,25750,0,201142|203500|1629006|1630578|1641708,0,REG,2026,1610612745,,,,,
22500160694,,Shot Chart Detail,22500160,694,1630578,Alperen Sengun,1610612745,Houston Rockets,4,4,2,Missed Shot,Driving Layup Shot,2PT Field Goal,Restricted Area,Center(C),Less Than 8 ft.,3,-16,29,1,0,20251103,HOU,DAL,26380,0,201142|203500|1629006|1630578|1641708,0,REG,2026,1610612745,,,,,
22500160706,,Shot Chart Detail,22500160,706,1641708,Amen Thompson,1610612745,Houston Rockets,4,3,35,Made Shot,Floating Jump shot,2PT Field Goal,In The Paint (Non-RA),Center(C),8-16 ft.,9,6,98,1,1,20251103,HOU,DAL,26650,0,201142|203500|1630578|1631106|1641708,0,REG,2026,1610612745,,,,,
22500160727,,Shot Chart Detail,22500160,727,201142,Kevin Durant,1610612745,Houston Rockets,4,2,31,Missed Shot,Pullup Jump shot,2PT Field Goal,Mid-Range,Right Side(R),16-24 ft.,18,152,109,1,0,20251103,HOU,DAL,27290,0,201142|1629006|1630578|1631106|1641708,0,REG,2026,1610612745,,,,,
22500160735,,Shot Chart Detail,22500160,735,1641708,Amen Thompson,1610612745,Houston Rockets,4,2,10,Missed Shot,Running Layup Shot,2PT Field Goal,Restricted Area,Center(C),Less Than 8 ft.,2,5,29,1,0,20251103,HOU,DAL,27500,0,201142|1629006|1630578|1631106|1641708,0,REG,2026,1610612745,,,,,
22500160740,,Shot Chart Detail,22500160,740,1630578,Alperen Sengun,1610612745,Houston Rockets,4,1,35,Made Shot,Turnaround Hook Shot,2PT Field Goal,In The Paint (Non-RA),Center(C),8-16 ft.,8,34,78,1,1,20251103,HOU,DAL,27850,0,201142|1629006|1630578|1631106|1641708,0,REG,2026,1610612745,,,,,
22500160763,,Shot Chart Detail,22500160,763,1631106,Tari Eason,1610612745,Houston Rockets,4,0,15,Made Shot,Running Dunk Shot,2PT Field Goal,Restricted Area,Center(C),Less Than 8 ft.,0,-7,0,1,1,20251103,HOU,DAL,28650,0,201142|1628988|1629006|1631106|1641708,1,REG,2026,1610612745,,,,,
2250017612,,Shot Chart Detail,22500176,12,201142,Kevin Durant,1610612745,Houston Rockets,1,11,14,Missed Shot,Fadeaway Jump Shot,2PT Field Goal,In The Paint (Non-RA),Center(C),8-16 ft.,11,-9,116,1,0,20251105,MEM,HOU,460,0,201142|1629006|1630578|1631095|1641708,0,REG,2026,1610612745,,,,,
2250017616,,Shot Chart Detail,22500176,16,1629006,Josh Okogie,1610612745,Houston Rockets,1,10,56,Made Shot,Driving Layup Shot,2PT Field Goal,Restricted Area,Center(C),Less Than 8 ft.,1,-15,10,1,1,20251105,MEM,HOU,640,0,201142|1629006|1630578|1631095|1641708,0,REG,2026,1610612745,,,,,
2250017619,,Shot Chart Detail,22500176,19,1630578,Alperen Sengun,1610612745,Houston Rockets,1,10,35,Made Shot,Pullup Jump shot,2PT Field Goal,Mid-Range,Center(C),16-24 ft.,16,45,155,1,1,20251105,MEM,HOU,850,0,201142|1629006|1630578|1631095|1641708,0,REG,2026,1610612745,,,,,
2250017622,,Shot Chart Detail,22500176,22,1641708,Amen Thompson,1610612745,Houston Rockets,1,10,8,Missed Shot,Driving Layup Shot,2PT Field Goal,Restricted Area,Center(C),Less Than 8 ft.,3,15,27,1,0,20251105,MEM,HOU,1120,0,201142|1629006|1630578|1631095|1641708,0,REG,2026,1610612745,,,,,
2250017625,,Shot Chart Detail,22500176,25,1630578,Alperen Sengun,1610612745,Houston Rockets,1,10,3,Made Shot,Putback Dunk Shot,2PT Field Goal,Restricted Area,Center(C),Less Than 8 ft.,0,0,0,1,1,20251105,MEM,HOU,1170,0,201142|1629006|1630578|1631095|1641708,0,REG,2026,1610612745,,,,,
2250017635,,Shot Chart Detail,22500176,35,1641708,Amen Thompson,1610612745,Houston Rockets,1,9,13,Made Shot,Layup Shot,2PT Field Goal,Restricted Area,Center(C),Less Than 8 ft.,2,18,13,1,1,20251105,MEM,HOU,1670,0,201142|1629006|1630578|1631095|1641708,1,REG,2026,1610612745,,,,,
2250017648,,Shot Chart Detail,22500176,48,1630578,Alperen Sengun,1610612745,Houston Rockets,1,8,28,Missed Shot,Driving Hook Shot,2PT Field Goal,In The Paint (Non-RA),Center(C),Less Than 8 ft.,7,43,57,1,0,20251105,MEM,HOU,2120,0,201142|1629006|1630578|1631095|1641708,0,REG,2026,1610612745,,,,,
2250017652,,Shot Chart Detail,22500176,52,1631095,Jabari Smith Jr.,1610612745,Houston Rockets,1,8,5,Made Shot,Pullup Jump shot,2PT Field Goal,In The Paint (Non-RA),Center(C),8-16 ft.,9,17,92,1,1,20251105,MEM,HOU,2350,0,201142|1629006|1630578|1631095|1641708,0,REG,2026,1610612745,,,,,
2250017665,,Shot Chart Detail,22500176,65,1641708,Amen Thompson,1610612745,Houston Rockets,1,7,10,Made Shot,Driving Layup Shot,2PT Field Goal,In The Paint (Non-RA),Center(C),Less Than 8 ft.,4,39,9,1,1,20251105,MEM,HOU,2900,0,201142|1629006|1630578|1631095|1641708,0,REG,2026,1610612745,,,,,
2250017684,,Shot Chart Detail,22500176,84,1641708,Amen Thompson,1610612745,Houston Rockets,1,5,56,Made Shot,Pullup Jump shot,2PT Field Goal,In The Paint (Non-RA),Center(C),8-16 ft.,11,4,113,1,1,20251105,MEM,HOU,3640,0,201142|203991|1631095|1631106|1641708,0,REG,2026,1610612745,,,,,
2250017687,,Shot Chart Detail,22500176,87,1641708,Amen Thompson,1610612745,Houston Rockets,1,5,30,Made Shot,Jump Shot,3PT Field Goal,Above the Break 3,Left Side Center(LC),24+ ft.,24,-169,183,1,1,20251105,MEM,HOU,3900,0,201142|203991|1631095|1631106|1641708,1,REG,2026,1610612745,,,,,
2250017697,,Shot Chart Detail,22500176,97,201142,Kevin Durant,1610612745,Houston Rockets,1,4,57,Missed Shot,Fadeaway Jump Shot,2PT Field Goal,Mid-Range,Left Side Center(LC),16-24 ft.,17,-136,108,1,0,20251105,MEM,HOU,4230,0,201142|203991|1631095|1631106|1641708,0,REG,2026,1610612745,,,,,
22500176104,,Shot Chart Detail,22500176,104,1641708,Amen Thompson,1610612745,Houston Rockets,1,4,39,Missed Shot,Step Back Jump shot,2PT Field Goal,Mid-Range,Center(C),8-16 ft.,14,-37,142,1,0,20251105,MEM,HOU,4410,0,201142|203991|1631095|1631106|1641708,0,REG,2026,1610612745,,,,,
22500176106,,Shot Chart Detail,22500176,106,201142,Kevin Durant,1610612745,Houston Rockets,1,4,29,Made Shot,Jump Shot,2PT Field Goal,Mid-Range,Right Side Center(RC),16-24 ft.,17,116,126,1,1,20251105,MEM,HOU,4510,0,201142|203991|1631095|1631106|1641708,0,REG,2026,1610612745,,,,,
22500176113,,Shot Chart Detail,22500176,113,1631095,Jabari Smith Jr.,1610612745,Houston Rockets,1,3,58,Missed Shot,Fadeaway Jump Shot,2PT Field Goal,Mid-Range,Left Side(L),8-16 ft.,11,-118,11,1,0,20251105,MEM,HOU,4820,0,201142|203991|1631095|1631106|1641708,0,REG,2026,1610612745,,,,,
22500176115,,Shot Chart Detail,22500176,115,1631106,Tari Eason,1610612745,Houston Rockets,1,3,50,Made Shot,Jump Shot,3PT Field Goal,Right Corner 3,Right Side(R),24+ ft.,22,227,-10,1,1,20251105,MEM,HOU,4900,0,201142|203991|1631095|1631106|1641708,1,REG,2026,1610612745,,,,,
22500176119,,Shot Chart Detail,22500176,119,1631095,Jabari Smith Jr.,1610612745,Houston Rockets,1,3,26,Missed Shot,Jump Shot,3PT Field Goal,Above the Break 3,Left Side Center(LC),24+ ft.,24,-184,161,1,0,20251105,MEM,HOU,5140,0,201142|203991|1631095|1631106|1641708,0,REG,2026,1610612745,,,,,
22500176135,,Shot Chart Detail,22500176,135,201142,Kevin Durant,1610612745,Houston Rockets,1,2,50,Missed Shot,Pullup Jump shot,2PT Field Goal,Mid-Range,Left Side(L),8-16 ft.,15,-85,131,1,0,20251105,MEM,HOU,5500,0,201142|203991|1630578|1631106|1642263,0,REG,2026,1610612745,,,,,
22500176144,,Shot Chart Detail,22500176,144,203991,Clint Capela,1610612745,Houston Rockets,1,2,25,Made Shot,Cutting Dunk Shot,2PT Field Goal,Restricted Area,Center(C),Less Than 8 ft.,2,2,21,1,1,20251105,MEM,HOU,5750,0,201142|203991|1630578|1631106|1642263,1,REG,2026,1610612745,,,,,
22500176148,,Shot Chart Detail,22500176,148,203991,Clint Capela,1610612745,Houston Rockets,1,1,44,Made Shot,Turnaround Hook Shot,2PT Field Goal,Restricted Area,Center(C),Less Than 8 ft.,1,-9,13,1,1,20251105,MEM,HOU,6160,0,201142|203991|1630578|1631106|1642263,0,REG,2026,1610612745,,,,,
22500176154,,Shot Chart Detail,22500176,154,201142,Kevin Durant,1610612745,Houston Rockets,1,1,16,Missed Shot,Driving Floating Jump Shot,2PT Field Goal,In The Paint (Non-RA),Left Side(L),8-16 ft.,8,-43,68,1,0,20251105,MEM,HOU,6440,0,201142|203991|1630578|1631106|1642263,0,REG,2026,1610612745,,,,,
22500176168,,Shot Chart Detail,22500176,168,201142,Kevin Durant,1610612745,Houston Rockets,1,0,28,Missed Shot,Driving Floating Jump Shot,2PT Field Goal,Mid-Range,Left Side(L),8-16 ft.,11,-104,50,1,0,20251105,MEM,HOU,6920,0,201142|203991|1630578|1631106|1642263,0,REG,2026,1610612745,,,,,
22500176172,,Shot Chart Detail,22500176,172,201142,Kevin Durant,1610612745,Houston Rockets,1,0,23,Made Shot,Driving Dunk Shot,2PT Field Goal,Restricted Area,Center(C),Less Than 8 ft.,2,23,19,1,1,20251105,MEM,HOU,6970,0,201142|203991|1630578|1631106|1642263,0,REG,2026,1610612745,,,,,
22500176194,,Shot Chart Detail,22500176,194,1641708,Amen Thompson,1610612745,Houston Rockets,2,11,21,Missed Shot,Driving Layup Shot,2PT Field Goal,In The Paint (Non-RA),Center(C),Less Than 8 ft.,4,18,37,1,0,20251105,MEM,HOU,7590,0,203991|1630578|1631106|1641708|1642263,0,REG,2026,1610612745,,,,,
22500176206,,Shot Chart Detail,22500176,206,1630578,Alperen Sengun,1610612745,Houston Rockets,2,11,1,Missed Shot,Turnaround Hook Shot,2PT Field Goal,In The Paint (Non-RA),Center(C),8-16 ft.,9,47,85,1,0,20251105,MEM,HOU,7790,0,203991|1630578|1631106|1641708|1642263,0,REG,2026,1610612745,,,,,
22500176210,,Shot Chart Detail,22500176,210,1641708,Amen Thompson,1610612745,Houston Rockets,2,10,36,Missed Shot,Driving Finger Roll Layup Shot,2PT Field Goal,In The Paint (Non-RA),Center(C),Less Than 8 ft.,5,16,56,1,0,20251105,MEM,HOU,8040,0,203991|1630578|1631106|1641708|1642263,0,REG,2026,1610612745,,,,,
22500176217,,Shot Chart Detail,22500176,217,1642263,Reed Sheppard,1610612745,Houston Rockets,2,10,16,Made Shot,Pullup Jump shot,2PT Field Goal,Mid-Range,Right Side(R),16-24 ft.,16,141,89,1,1,20251105,MEM,HOU,8240,0,1630578|1631095|1631106|1641708|1642263,1,REG,2026,1610612745,,,,,
22500176222,,Shot Chart Detail,22500176,222,1631095,Jabari Smith Jr.,1610612745,Houston Rockets,2,9,59,Made Shot,Running Finger Roll Layup Shot,2PT Field Goal,Restricted Area,Center(C),Less Than 8 ft.,0,-1,4,1,1,20251105,MEM,HOU,8410,0,1630578|1631095|1631106|1641708|1642263,1,REG,2026,1610612745,,,,,
22500176226,,Shot Chart Detail,22500176,226,1630578,Alperen Sengun,1610612745,Houston Rockets,2,9,29,Missed Shot,Jump Shot,3PT Field Goal,Above the Break 3,Left Side Center(LC),24+ ft.,24,-134,211,1,0,20251105,MEM,HOU,8710,0,1630578|1631095|1631106|1641708|1642263,0,REG,2026,1610612745,,,,,
22500176229,,Shot Chart Detail,22500176,229,1631106,Tari Eason,1610612745,Houston Rockets,2,9,17,Made Shot,Jump Shot,3PT Field Goal,Right Corner 3,Right Side(R),24+ ft.,23,233,4,1,1,20251105,MEM,HOU,8830,0,1630578|1631095|1631106|1641708|1642263,1,REG,2026,1610612745,,,,,
22500176376,,Shot Chart Detail,22500176,376,1630578,Alperen Sengun,1610612745,Houston Rockets,2,8,15,Missed Shot,Hook Shot,2PT Field Goal,Restricted Area,Center(C),Less Than 8 ft.,3,0,34,1,0,20251105,MEM,HOU,9450,0,1630578|1631095|1631106|1641708|1642263,0,REG,2026,1610612745,,,,,
22500176240,,Shot Chart Detail,22500176,240,1631095,Jabari Smith Jr.,1610612745,Houston Rockets,2,7,46,Made Shot,Step Back Jump shot,2PT Field Goal,Mid-Range,Right Side(R),8-16 ft.,14,108,104,1,1,20251105,MEM,HOU,9740,0,1630578|1631095|1631106|1641708|1642263,1,REG,2026,1610612745,,,,,
22500176248,,Shot Chart Detail,22500176,248,1642263,Reed Sheppard,1610612745,Houston Rockets,2,6,52,Made Shot,Jump Shot,3PT Field Goal,Right Corner 3,Right Side(R),24+ ft.,23,233,9,1,1,20251105,MEM,HOU,10280,0,1630578|1631095|1631106|1641708|1642263,1,REG,2026,1610612745,,,,,
22500176269,,Shot Chart Detail,22500176,269,1629006,Josh Okogie,1610612745,Houston Rockets,2,5,59,Missed Shot,Layup Shot,2PT Field Goal,Restricted Area,Center(C),Less Than 8 ft.,3,25,29,1,0,20251105,MEM,HOU,10810,0,201142|1629006|1631095|1631106|1641708,0,REG,2026,1610612745,,,,,
22500176273,,Shot Chart Detail,22500176,273,1641708,Amen Thompson,1610612745,Houston Rockets,2,5,51,Made Shot,Driving Floating Bank Jump Shot,2PT Field Goal,In The Paint (Non-RA),Center(C),Less Than 8 ft.,5,48,34,1,1,20251105,MEM,HOU,10890,0,201142|1629006|1631095|1631106|1641708,0,REG,2026,1610612745,,,,,
22500176276,,Shot Chart Detail,22500176,276,1641708,Amen Thompson,1610612745,Houston Rockets,2,5,37,Made Shot,Running Layup Shot,2PT Field Goal,Restricted Area,Center(C),Less Than 8 ft.,2,1,24,1,1,20251105,MEM,HOU,11030,0,201142|1629006|1631095|1631106|1641708,1,REG,2026,1610612745,,,,,
22500176287,,Shot Chart Detail,22500176,287,1631106,Tari Eason,1610612745,Houston Rockets,2,4,57,Missed Shot,Jump Shot,3PT Field Goal,Left Corner 3,Left Side(L),24+ ft.,22,-223,11,1,0,20251105,MEM,HOU,11430,0,201142|1629006|1631095|1631106|1641708,0,REG,2026,1610612745,,,,,
22500176300,,Shot Chart Detail,22500176,300,1629006,Josh Okogie,1610612745,Houston Rockets,2,4,28,Missed Shot,Jump Shot,3PT Field Goal,Above the Break 3,Center(C),24+ ft.,25,23,250,1,0,20251105,MEM,HOU,11720,0,201142|1629006|1630578|1631095|1631106,0,REG,2026,1610612745,,,,,
22500176317,,Shot Chart Detail,22500176,317,201142,Kevin Durant,1610612745,Houston Rockets,2,3,48,Made Shot,Running Jump Shot,3PT Field Goal,Above the Break 3,Center(C),24+ ft.,25,23,255,1,1,20251105,MEM,HOU,12120,0,201142|1629006|1630578|1631095|1641708,1,REG,2026,1610612745,,,,,
22500176321,,Shot Chart Detail,22500176,321,201142,Kevin Durant,1610612745,Houston Rockets,2,3,31,Missed Shot,Running Finger Roll Layup Shot,2PT Field Goal,In The Paint (Non-RA),Center(C),Less Than 8 ft.,4,48,11,1,0,20251105,MEM,HOU,12290,0,201142|1629006|1630578|1631095|1641708,0,REG,2026,1610612745,,,,,
22500176327,,Shot Chart Detail,22500176,327,1641708,Amen Thompson,1610612745,Houston Rockets,2,3,3,Made Shot,Cutting Dunk Shot,2PT Field Goal,Restricted Area,Center(C),Less Than 8 ft.,2,21,0,1,1,20251105,MEM,HOU,12570,0,201142|1629006|1630578|1631095|1641708,1,REG,2026,1610612745,,,,,
22500176331,,Shot Chart Detail,22500176,331,201142,Kevin Durant,1610612745,Houston Rockets,2,2,31,Missed Shot,Fadeaway Jump Shot,2PT Field Goal,Mid-Range,Left Side(L),8-16 ft.,10,-104,1,1,0,20251105,MEM,HOU,12890,0,201142|1629006|1630578|1631095|1641708,0,REG,2026,1610612745,,,,,
22500176336,,Shot Chart Detail,22500176,336,201142,Kevin Durant,1610612745,Houston Rockets,2,2,22,Made Shot,Dunk Shot,2PT Field Goal,Restricted Area,Center(C),Less Than 8 ft.,0,9,3,1,1,20251105,MEM,HOU,12980,0,201142|1629006|1630578|1631095|1641708,1,REG,2026,1610612745,,,,,
22500176340,,Shot Chart Detail,22500176,340,1629006,Josh Okogie,1610612745,Houston Rockets,2,1,54,Missed Shot,Jump Shot,3PT Field Goal,Left Corner 3,Left Side(L),24+ ft.,22,-223,2,1,0,20251105,MEM,HOU,13260,0,201142|1629006|1630578|1631095|1641708,0,REG,2026,1610612745,,,,,
22500176352,,Shot Chart Detail,22500176,352,1641708,Amen Thompson,1610612745,Houston Rockets,2,1,14,Made Shot,Cutting Dunk Shot,2PT Field Goal,Restricted Area,Center(C),Less Than 8 ft.,0,6,-5,1,1,20251105,MEM,HOU,13660,0,201142|1630578|1631095|1631106|1641708,1,REG,2026,1610612745,,,,,
22500176356,,Shot Chart Detail,22500176,356,1630578,Alperen Sengun,1610612745,Houston Rockets,2,0,53,Missed Shot,Jump Shot,3PT Field Goal,Above the Break 3,Right Side Center(RC),24+ ft.,27,213,173,1,0,20251105,MEM,HOU,13870,0,201142|1630578|1631095|1631106|1641708,0,REG,2026,1610612745,,,,,
22500176359,,Shot Chart Detail,22500176,359,1641708,Amen Thompson,1610612745,Houston Rockets,2,0,29,Missed Shot,Jump Shot,3PT Field Goal,Right Corner 3,Right Side(R),24+ ft.,23,230,38,1,0,20251105,MEM,HOU,14110,0,201142|1630578|1631095|1631106|1641708,0,REG,2026,1610612745,,,,,
22500176373,,Shot Chart Detail,22500176,373,1641708,Amen Thompson,1610612745,Houston Rockets,2,0,0,Missed Shot,Pullup Jump shot,2PT Field Goal,Mid-Range,Center(C),16-24 ft.,23,-2,231,1,0,20251105,MEM,HOU,14400,0,201142|1630256|1631095|1631106|1641708,0,REG,2026,1610612745,,,,,
22500176390,,Shot Chart Detail,22500176,390,1641708,Amen Thompson,1610612745,Houston Rockets,3,11,27,Missed Shot,Pullup Jump shot,2PT Field Goal,In The Paint (Non-RA),Left Side(L),8-16 ft.,11,-66,92,1,0,20251105,MEM,HOU,14730,0,201142|1629006|1630578|1631095|1641708,0,REG,2026,1610612745,,,,,
22500176392,,Shot Chart Detail,22500176,392,1630578,Alperen Sengun,1610612745,Houston Rockets,3,11,23,Missed Shot,Turnaround Hook Shot,2PT Field Goal,In The Paint (Non-RA),Center(C),Less Than 8 ft.,6,28,58,1,0,20251105,MEM,HOU,14770,0,201142|1629006|1630578|1631095|1641708,0,REG,2026,1610612745,,,,,
22500176396,,Shot Chart Detail,22500176,396,1629006,Josh Okogie,1610612745,Houston Rockets,3,10,58,Made Shot,Cutting Dunk Shot,2PT Field Goal,Restricted Area,Center(C),Less Than 8 ft.,2,-7,21,1,1,20251105,MEM,HOU,15020,0,201142|1629006|1630578|1631095|1641708,1,REG,2026,1610612745,,,,,
22500176408,,Shot Chart Detail,22500176,408,1630578,Alperen Sengun,1610612745,Houston Rockets,3,10,32,Made Shot,Hook Shot,2PT Field Goal,In The Paint (Non-RA),Center(C),Less Than 8 ft.,6,0,65,1,1,20251105,MEM,HOU,15280,0,201142|1629006|1630578|1631095|1641708,1,REG,2026,1610612745,,,,,
22500176417,,Shot Chart Detail,22500176,417,1641708,Amen Thompson,1610612745,Houston Rockets,3,9,55,Made Shot,Alley Oop Layup shot,2PT Field Goal,Restricted Area,Center(C),Less Than 8 ft.,3,-31,22,1,1,20251105,MEM,HOU,15650,0,201142|1629006|1630578|1631095|1641708,1,REG,2026,1610612745,,,,,
22500176420,,Shot Chart Detail,22500176,420,1641708,Amen Thompson,1610612745,Houston Rockets,3,9,24,Missed Shot,Floating Jump shot,2PT Field Goal,In The Paint (Non-RA),Center(C),Less Than 8 ft.,6,-12,68,1,0,20251105,MEM,HOU,15960,0,201142|1629006|1630578|1631095|1641708,0,REG,2026,1610612745,,,,,
22500176422,,Shot Chart Detail,22500176,422,1641708,Amen Thompson,1610612745,Houston Rockets,3,9,19,Missed Shot,Tip Layup Shot,2PT Field Goal,Restricted Area,Center(C),Less Than 8 ft.,0,0,0,1,0,20251105,MEM,HOU,16010,0,201142|1629006|1630578|1631095|1641708,0,REG,2026,1610612745,,,,,
22500176426,,Shot Chart Detail,22500176,426,1630578,Alperen Sengun,1610612745,Houston Rockets,3,9,6,Made Shot,Driving Layup Shot,2PT Field Goal,Restricted Area,Center(C),Less Than 8 ft.,3,-26,28,1,1,20251105,MEM,HOU,16140,0,201142|1629006|1630578|1631095|1641708,1,REG,2026,1610612745,,,,,
22500176433,,Shot Chart Detail,22500176,433,201142,Kevin Durant,1610612745,Houston Rockets,3,8,21,Made Shot,Turnaround Fadeaway shot,2PT Field Goal,In The Paint (Non-RA),Right Side(R),8-16 ft.,10,64,88,1,1,20251105,MEM,HOU,16590,0,201142|1629006|1630578|1631095|1641708,1,REG,2026,1610612745,,,,,
22500176445,,Shot Chart Detail,22500176,445,1631095,Jabari Smith Jr.,1610612745,Houston Rockets,3,7,50,Made Shot,Running Jump Shot,3PT Field Goal,Left Corner 3,Left Side(L),24+ ft.,22,-224,-1,1,1,20251105,MEM,HOU,16900,0,201142|1629006|1630578|1631095|1641708,1,REG,2026,1610612745,,,,,
22500176450,,Shot Chart Detail,22500176,450,1631095,Jabari Smith Jr.,1610612745,Houston Rockets,3,7,27,Made Shot,Jump Shot,2PT Field Goal,Mid-Range,Left Side(L),8-16 ft.,15,-154,39,1,1,20251105,MEM,HOU,17130,0,201142|1629006|1630578|1631095|1641708,0,REG,2026,1610612745,,,,,
22500176459,,Shot Chart Detail,22500176,459,1629006,Josh Okogie,1610612745,Houston Rockets,3,6,37,Missed Shot,Cutting Layup Shot,2PT Field Goal,Restricted Area,Center(C),Less Than 8 ft.,2,17,22,1,0,20251105,MEM,HOU,17630,0,201142|1629006|1630578|1631095|1641708,0,REG,2026,1610612745,,,,,
22500176474,,Shot Chart Detail,22500176,474,1629006,Josh Okogie,1610612745,Houston Rockets,3,5,48,Made Shot,Jump Shot,3PT Field Goal,Right Corner 3,Right Side(R),24+ ft.,22,222,20,1,1,20251105,MEM,HOU,18120,0,201142|1629006|1630578|1631095|1641708,1,REG,2026,1610612745,,,,,
22500176489,,Shot Chart Detail,22500176,489,1629006,Josh Okogie,1610612745,Houston Rockets,3,5,5,Made Shot,Jump Shot,3PT Field Goal,Above the Break 3,Right Side Center(RC),24+ ft.,26,170,202,1,1,20251105,MEM,HOU,18550,0,201142|203991|1629006|1631095|1631106,1,REG,2026,1610612745,,,,,
22500176493,,Shot Chart Detail,22500176,493,1629006,Josh Okogie,1610612745,Houston Rockets,3,4,45,Made Shot,Running Jump Shot,3PT Field Goal,Above the Break 3,Right Side Center(RC),24+ ft.,25,157,196,1,1,20251105,MEM,HOU,18750,0,201142|203991|1629006|1631095|1631106,1,REG,2026,1610612745,,,,,
22500176499,,Shot Chart Detail,22500176,499,201142,Kevin Durant,1610612745,Houston Rockets,3,4,20,Missed Shot,Pullup Jump shot,2PT Field Goal,Mid-Range,Right Side Center(RC),16-24 ft.,18,107,154,1,0,20251105,MEM,HOU,19000,0,201142|203991|1629006|1631095|1631106,0,REG,2026,1610612745,,,,,
22500176503,,Shot Chart Detail,22500176,503,201142,Kevin Durant,1610612745,Houston Rockets,3,3,52,Missed Shot,Jump Shot,3PT Field Goal,Above the Break 3,Left Side Center(LC),24+ ft.,25,-184,179,1,0,20251105,MEM,HOU,19280,0,201142|203991|1629006|1631095|1631106,0,REG,2026,1610612745,,,,,
22500176507,,Shot Chart Detail,22500176,507,1631106,Tari Eason,1610612745,Houston Rockets,3,3,24,Missed Shot,Pullup Jump shot,2PT Field Goal,Mid-Range,Right Side Center(RC),16-24 ft.,21,137,164,1,0,20251105,MEM,HOU,19560,0,201142|203991|1629006|1631095|1631106,0,REG,2026,1610612745,,,,,
22500176535,,Shot Chart Detail,22500176,535,1642263,Reed Sheppard,1610612745,Houston Rockets,3,2,25,Made Shot,Driving Floating Bank Jump Shot,2PT Field Goal,In The Paint (Non-RA),Center(C),8-16 ft.,9,-15,94,1,1,20251105,MEM,HOU,20150,0,203991|1630578|1631106|1641708|1642263,0,REG,2026,1610612745,,,,,
22500176543,,Shot Chart Detail,22500176,543,1642263,Reed Sheppard,1610612745,Houston Rockets,3,2,0,Missed Shot,Jump Shot,3PT Field Goal,Above the Break 3,Left Side Center(LC),24+ ft.,25,-180,179,1,0,20251105,MEM,HOU,20400,0,203991|1630578|1631106|1641708|1642263,0,REG,2026,1610612745,,,,,
22500176547,,Shot Chart Detail,22500176,547,1642263,Reed Sheppard,1610612745,Houston Rockets,3,1,40,Made Shot,Running Finger Roll Layup Shot,2PT Field Goal,In The Paint (Non-RA),Center(C),Less Than 8 ft.,5,15,54,1,1,20251105,MEM,HOU,20600,0,203991|1630578|1631106|1641708|1642263,0,REG,2026,1610612745,,,,,
22500176550,,Shot Chart Detail,22500176,550,1631106,Tari Eason,1610612745,Houston Rockets,3,1,13,Missed Shot,Jump Shot,3PT Field Goal,Above the Break 3,Right Side Center(RC),24+ ft.,26,168,201,1,0,20251105,MEM,HOU,20870,0,203991|1630578|1631106|1641708|1642263,0,REG,2026,1610612745,,,,,
22500176552,,Shot Chart Detail,22500176,552,1631106,Tari Eason,1610612745,Houston Rockets,3,1,6,Missed Shot,Jump Shot,3PT Field Goal,Above the Break 3,Right Side Center(RC),24+ ft.,25,135,215,1,0,20251105,MEM,HOU,20940,0,203991|1630578|1631106|1641708|1642263,0,REG,2026,1610612745,,,,,
22500176555,,Shot Chart Detail,22500176,555,1630578,Alperen Sengun,1610612745,Houston Rockets,3,0,40,Missed Shot,Jump Shot,2PT Field Goal,Mid-Range,Left Side(L),16-24 ft.,20,-207,1,1,0,20251105,MEM,HOU,21200,0,203991|1630578|1631106|1641708|1642263,0,REG,2026,1610612745,,,,,
22500176563,,Shot Chart Detail,22500176,563,1641708,Amen Thompson,1610612745,Houston Rockets,3,0,27,Made Shot,Driving Dunk Shot,2PT Field Goal,Restricted Area,Center(C),Less Than 8 ft.,1,-5,15,1,1,20251105,MEM,HOU,21330,0,201142|1630578|1631106|1641708|1642263,0,REG,2026,1610612745,,,,,
22500176566,,Shot Chart Detail,22500176,566,1630578,Alperen Sengun,1610612745,Houston Rockets,3,0,0,Missed Shot,Driving Dunk Shot,2PT Field Goal,In The Paint (Non-RA),Center(C),Less Than 8 ft.,6,-2,68,1,0,20251105,MEM,HOU,21600,0,201142|1630578|1631106|1641708|1642263,0,REG,2026,1610612745,,,,,
22500176582,,Shot Chart Detail,22500176,582,1641708,Amen Thompson,1610612745,Houston Rockets,4,11,8,Missed Shot,Turnaround Fadeaway shot,2PT Field Goal,Mid-Range,Left Side(L),8-16 ft.,8,-85,16,1,0,20251105,MEM,HOU,22120,0,1630578|1631095|1631106|1641708|1642263,0,REG,2026,1610612745,,,,,
22500176590,,Shot Chart Detail,22500176,590,1642263,Reed Sheppard,1610612745,Houston Rockets,4,10,49,Made Shot,Pullup Jump shot,3PT Field Goal,Above the Break 3,Center(C),24+ ft.,26,75,256,1,1,20251105,MEM,HOU,22310,0,1630578|1631095|1631106|1641708|1642263,0,REG,2026,1610612745,,,,,
22500176602,,Shot Chart Detail,22500176,602,1642263,Reed Sheppard,1610612745,Houston Rockets,4,9,59,Missed Shot,Jump Shot,3PT Field Goal,Above the Break 3,Left Side Center(LC),24+ ft.,25,-222,133,1,0,20251105,MEM,HOU,22810,0,1630578|1631095|1631106|1641708|1642263,0,REG,2026,1610612745,,,,,
22500176604,,Shot Chart Detail,22500176,604,1631095,Jabari Smith Jr.,1610612745,Houston Rockets,4,9,55,Made Shot,Jump Shot,3PT Field Goal,Left Corner 3,Left Side(L),24+ ft.,22,-224,17,1,1,20251105,MEM,HOU,22850,0,1630578|1631095|1631106|1641708|1642263,1,REG,2026,1610612745,,,,,
22500176615,,Shot Chart Detail,22500176,615,1631106,Tari Eason,1610612745,Houston Rockets,4,9,18,Made Shot,Running Jump Shot,3PT Field Goal,Right Corner 3,Right Side(R),24+ ft.,22,225,27,1,1,20251105,MEM,HOU,23220,0,1630578|1631095|1631106|1641708|1642263,1,REG,2026,1610612745,,,,,
22500176622,,Shot Chart Detail,22500176,622,1630578,Alperen Sengun,1610612745,Houston Rockets,4,8,44,Made Shot,Jump Shot,2PT Field Goal,In The Paint (Non-RA),Center(C),8-16 ft.,11,-2,115,1,1,20251105,MEM,HOU,23560,0,1630578|1631095|1631106|1641708|1642263,1,REG,2026,1610612745,,,,,
22500176638,,Shot Chart Detail,22500176,638,1631106,Tari Eason,1610612745,Houston Rockets,4,8,3,Missed Shot,Driving Layup Shot,2PT Field Goal,In The Paint (Non-RA),Center(C),Less Than 8 ft.,5,44,26,1,0,20251105,MEM,HOU,23970,0,201142|203991|1629006|1631095|1631106,0,REG,2026,1610612745,,,,,
22500176648,,Shot Chart Detail,22500176,648,201142,Kevin Durant,1610612745,Houston Rockets,4,7,58,Missed Shot,Pullup Jump shot,2PT Field Goal,In The Paint (Non-RA),Center(C),Less Than 8 ft.,7,70,26,1,0,20251105,MEM,HOU,24020,0,201142|203991|1629006|1631095|1631106,0,REG,2026,1610612745,,,,,
22500176654,,Shot Chart Detail,22500176,654,1631106,Tari Eason,1610612745,Houston Rockets,4,7,19,Missed Shot,Jump Shot,2PT Field Goal,Mid-Range,Center(C),16-24 ft.,19,16,197,1,0,20251105,MEM,HOU,24410,0,201142|203991|1629006|1631095|1631106,0,REG,2026,1610612745,,,,,
22500176658,,Shot Chart Detail,22500176,658,201142,Kevin Durant,1610612745,Houston Rockets,4,6,51,Missed Shot,Driving Floating Jump Shot,2PT Field Goal,In The Paint (Non-RA),Center(C),Less Than 8 ft.,7,44,60,1,0,20251105,MEM,HOU,24690,0,201142|203991|1629006|1631095|1631106,0,REG,2026,1610612745,,,,,
22500176666,,Shot Chart Detail,22500176,666,1641708,Amen Thompson,1610612745,Houston Rockets,4,6,26,Missed Shot,Pullup Jump shot,2PT Field Goal,Mid-Range,Center(C),8-16 ft.,14,11,144,1,0,20251105,MEM,HOU,24940,0,201142|203991|1629006|1631106|1641708,0,REG,2026,1610612745,,,,,
22500176676,,Shot Chart Detail,22500176,676,1641708,Amen Thompson,1610612745,Houston Rockets,4,5,57,Missed Shot,Jump Shot,3PT Field Goal,Left Corner 3,Left Side(L),24+ ft.,22,-229,17,1,0,20251105,MEM,HOU,25230,0,201142|203991|1629006|1631106|1641708,0,REG,2026,1610612745,,,,,
22500176678,,Shot Chart Detail,22500176,678,1631106,Tari Eason,1610612745,Houston Rockets,4,5,44,Made Shot,Driving Floating Jump Shot,2PT Field Goal,In The Paint (Non-RA),Center(C),8-16 ft.,10,-44,99,1,1,20251105,MEM,HOU,25360,0,201142|203991|1629006|1631106|1641708,0,REG,2026,1610612745,,,,,
22500176680,,Shot Chart Detail,22500176,680,1631106,Tari Eason,1610612745,Houston Rockets,4,5,14,Made Shot,Jump Shot,3PT Field Goal,Above the Break 3,Right Side Center(RC),24+ ft.,25,170,185,1,1,20251105,MEM,HOU,25660,0,201142|203991|1629006|1631106|1641708,1,REG,2026,1610612745,,,,,
22500176690,,Shot Chart Detail,22500176,690,1641708,Amen Thompson,1610612745,Houston Rockets,4,4,40,Missed Shot,Pullup Jump shot,2PT Field Goal,In The Paint (Non-RA),Left Side(L),8-16 ft.,8,-56,65,1,0,20251105,MEM,HOU,26000,0,201142|1629006|1630578|1631106|1641708,0,REG,2026,1610612745,,,,,
22500176692,,Shot Chart Detail,22500176,692,1630578,Alperen Sengun,1610612745,Houston Rockets,4,4,35,Made Shot,Tip Layup Shot,2PT Field Goal,Restricted Area,Center(C),Less Than 8 ft.,0,0,0,1,1,20251105,MEM,HOU,26050,0,201142|1629006|1630578|1631106|1641708,0,REG,2026,1610612745,,,,,
22500176696,,Shot Chart Detail,22500176,696,1631106,Tari Eason,1610612745,Houston Rockets,4,3,48,Missed Shot,Cutting Layup Shot,2PT Field Goal,In The Paint (Non-RA),Center(C),Less Than 8 ft.,5,34,49,1,0,20251105,MEM,HOU,26520,0,201142|1629006|1630578|1631106|1641708,0,REG,2026,1610612745,,,,,
22500176698,,Shot Chart Detail,22500176,698,1641708,Amen Thompson,1610612745,Houston Rockets,4,3,44,Made Shot,Tip Layup Shot,2PT Field Goal,Restricted Area,Center(C),Less Than 8 ft.,0,0,0,1,1,20251105,MEM,HOU,26560,0,201142|1629006|1630578|1631106|1641708,0,REG,2026,1610612745,,,,,
22500176705,,Shot Chart Detail,22500176,705,1631106,Tari Eason,1610612745,Houston Rockets,4,3,18,Missed Shot,Jump Shot,3PT Field Goal,Above the Break 3,Right Side Center(RC),24+ ft.,26,167,201,1,0,20251105,MEM,HOU,26820,0,201142|1630578|1631095|1631106|1641708,0,REG,2026,1610612745,,,,,
22500176709,,Shot Chart Detail,22500176,709,1641708,Amen Thompson,1610612745,Houston Rockets,4,2,49,Made Shot,Dunk Shot,2PT Field Goal,Restricted Area,Center(C),Less Than 8 ft.,2,-18,18,1,1,20251105,MEM,HOU,27110,0,201142|1630578|1631095|1631106|1641708,1,REG,2026,1610612745,,,,,
22500176713,,Shot Chart Detail,22500176,713,201142,Kevin Durant,1610612745,Houston Rockets,4,2,27,Missed Shot,Driving Layup Shot,2PT Field Goal,Restricted Area,Center(C),Less Than 8 ft.,2,18,16,1,0,20251105,MEM,HOU,27330,0,201142|1630578|1631095|1631106|1641708,0,REG,2026,1610612745,,,,,
22500176718,,Shot Chart Detail,22500176,718,201142,Kevin Durant,1610612745,Houston Rockets,4,1,59,Missed Shot,Driving Finger Roll Layup Shot,2PT Field Goal,Restricted Area,Center(C),Less Than 8 ft.,2,27,13,1,0,20251105,MEM,HOU,27610,0,201142|1630578|1631095|1631106|1641708,0,REG,2026,1610612745,,,,,
22500176720,,Shot Chart Detail,22500176,720,1641708,Amen Thompson,1610612745,Houston Rockets,4,1,59,Made Shot,Tip Layup Shot,2PT Field Goal,Restricted Area,Center(C),Less Than 8 ft.,0,0,0,1,1,20251105,MEM,HOU,27610,0,201142|1630578|1631095|1631106|1641708,0,REG,2026,1610612745,,,,,
22500176749,,Shot Chart Detail,22500176,749,201145,Jeff Green,1610612745,Houston Rockets,4,1,30,Missed Shot,Jump Shot,3PT Field Goal,Above the Break 3,Left Side Center(LC),24+ ft.,26,-107,239,1,0,20251105,MEM,HOU,27900,0,201145|1628988|1630256|1631120|1642263,0,REG,2026,1610612745,,,,,
22500176756,,Shot Chart Detail,22500176,756,1630256,Jae'Sean Tate,1610612745,Houston Rockets,4,0,58,Missed Shot,Jump Shot,3PT Field Goal,Above the Break 3,Center(C),24+ ft.,26,-6,265,1,0,20251105,MEM,HOU,28220,0,201145|1628988|1630256|1631120|1642263,0,REG,2026,1610612745,,,,,
22500176758,,Shot Chart Detail,22500176,758,1630256,Jae'Sean Tate,1610612745,Houston Rockets,4,0,45,Made Shot,Driving Finger Roll Layup Shot,2PT Field Goal,Restricted Area,Center(C),Less Than 8 ft.,1,-16,11,1,1,20251105,MEM,HOU,28350,0,201145|1628988|1630256|1631120|1642263,1,REG,2026,1610612745,,,,,
22500176764,,Shot Chart Detail,22500176,764,1631120,JD Davison,1610612745,Houston Rockets,4,0,10,Missed Shot,Jump Shot,3PT Field Goal,Left Corner 3,Left Side(L),24+ ft.,23,-234,13,1,0,20251105,MEM,HOU,28700,0,201145|1628988|1630256|1631120|1642263,0,REG,2026,1610612745,,,,,
225001919,,Shot Chart Detail,22500191,9,201142,Kevin Durant,1610612745,Houston Rockets,1,11,21,Made Shot,Pullup Jump shot,2PT Field Goal,Mid-Range,Center(C),8-16 ft.,15,-74,140,1,1,20251109,MIL,HOU,390,0,201142|1629006|1630578|1631095|1641708,1,REG,2026,1610612745,,,,,
2250019115,,Shot Chart Detail,22500191,15,201142,Kevin Durant,1610612745,Houston Rockets,1,10,35,Made Shot,Pullup Jump shot,2PT Field Goal,Mid-Range,Center(C),8-16 ft.,15,-5,159,1,1,20251109,MIL,HOU,850,0,201142|1629006|1630578|1631095|1641708,0,REG,2026,1610612745,,,,,
2250019130,,Shot Chart Detail,22500191,30,1641708,Amen Thompson,1610612745,Houston Rockets,1,10,11,Made Shot,Running Dunk Shot,2PT Field Goal,Restricted Area,Center(C),Less Than 8 ft.,0,5,3,1,1,20251109,MIL,HOU,1090,0,201142|1629006|1630578|1631095|1641708,0,REG,2026,1610612745,,,,,
2250019128,,Shot Chart Detail,22500191,28,201142,Kevin Durant,1610612745,Houston Rockets,1,9,46,Made Shot,Jump Shot,3PT Field Goal,Above the Break 3,Right Side Center(RC),24+ ft.,24,224,99,1,1,20251109,MIL,HOU,1340,0,201142|1629006|1630578|1631095|1641708,1,REG,2026,1610612745,,,,,
2250019133,,Shot Chart Detail,22500191,33,1630578,Alperen Sengun,1610612745,Houston Rockets,1,9,11,Made Shot,Cutting Layup Shot,2PT Field Goal,Restricted Area,Center(C),Less Than 8 ft.,0,1,1,1,1,20251109,MIL,HOU,1690,0,201142|1629006|1630578|1631095|1641708,1,REG,2026,1610612745,,,,,
2250019148,,Shot Chart Detail,22500191,48,1631095,Jabari Smith Jr.,1610612745,Houston Rockets,1,8,4,Missed Shot,Turnaround Jump Shot,2PT Field Goal,Mid-Range,Right Side(R),8-16 ft.,14,86,119,1,0,20251109,MIL,HOU,2360,0,201142|1629006|1630578|1631095|1641708,0,REG,2026,1610612745,,,,,
2250019150,,Shot Chart Detail,22500191,50,1631095,Jabari Smith Jr.,1610612745,Houston Rockets,1,7,59,Made Shot,Jump Shot,3PT Field Goal,Right Corner 3,Right Side(R),24+ ft.,24,233,73,1,1,20251109,MIL,HOU,2410,0,201142|1629006|1630578|1631095|1641708,1,REG,2026,1610612745,,,,,
2250019156,,Shot Chart Detail,22500191,56,1630578,Alperen Sengun,1610612745,Houston Rockets,1,7,15,Made Shot,Driving Layup Shot,2PT Field Goal,Restricted Area,Center(C),Less Than 8 ft.,3,-12,34,1,1,20251109,MIL,HOU,2850,0,201142|1629006|1630578|1631095|1641708,1,REG,2026,1610612745,,,,,
2250019160,,Shot Chart Detail,22500191,60,1630578,Alperen Sengun,1610612745,Houston Rockets,1,6,40,Made Shot,Driving Reverse Layup Shot,2PT Field Goal,Restricted Area,Center(C),Less Than 8 ft.,1,1,11,1,1,20251109,MIL,HOU,3200,0,201142|1629006|1630578|1631095|1641708,0,REG,2026,1610612745,,,,,
2250019163,,Shot Chart Detail,22500191,63,1631095,Jabari Smith Jr.,1610612745,Houston Rockets,1,6,11,Missed Shot,Jump Shot,3PT Field Goal,Above the Break 3,Right Side Center(RC),24+ ft.,25,141,218,1,0,20251109,MIL,HOU,3490,0,201142|1629006|1630578|1631095|1641708,0,REG,2026,1610612745,,,,,
2250019177,,Shot Chart Detail,22500191,77,1630578,Alperen Sengun,1610612745,Houston Rockets,1,5,40,Made Shot,Driving Layup Shot,2PT Field Goal,Restricted Area,Center(C),Less Than 8 ft.,0,-4,5,1,1,20251109,MIL,HOU,3800,0,203500|1629006|1630578|1631095|1642263,0,REG,2026,1610612745,,,,,
2250019185,,Shot Chart Detail,22500191,85,1630578,Alperen Sengun,1610612745,Houston Rockets,1,4,59,Missed Shot,Pullup Jump shot,2PT Field Goal,Mid-Range,Right Side Center(RC),16-24 ft.,17,134,115,1,0,20251109,MIL,HOU,4210,0,203500|1629006|1630578|1631106|1642263,0,REG,2026,1610612745,,,,,
2250019187,,Shot Chart Detail,22500191,87,203500,Steven Adams,1610612745,Houston Rockets,1,4,57,Missed Shot,Putback Layup Shot,2PT Field Goal,Restricted Area,Center(C),Less Than 8 ft.,3,-11,38,1,0,20251109,MIL,HOU,4230,0,203500|1629006|1630578|1631106|1642263,0,REG,2026,1610612745,,,,,
2250019189,,Shot Chart Detail,22500191,89,203500,Steven Adams,1610612745,Houston Rockets,1,4,56,Missed Shot,Tip Layup Shot,2PT Field Goal,Restricted Area,Center(C),Less Than 8 ft.,0,0,0,1,0,20251109,MIL,HOU,4240,0,203500|1629006|1630578|1631106|1642263,0,REG,2026,1610612745,,,,,
2250019191,,Shot Chart Detail,22500191,91,203500,Steven Adams,1610612745,Houston Rockets,1,4,54,Made Shot,Tip Layup Shot,2PT Field Goal,Restricted Area,Center(C),Less Than 8 ft.,0,2,7,1,1,20251109,MIL,HOU,4260,0,203500|1629006|1630578|1631106|1642263,0,REG,2026,1610612745,,,,,
22500191164,,Shot Chart Detail,22500191,164,1629006,Josh Okogie,1610612745,Houston Rockets,1,4,29,Missed Shot,Jump Shot,3PT Field Goal,Right Corner 3,Right Side(R),24+ ft.,23,234,13,1,0,20251109,MIL,HOU,4510,0,203500|1629006|1630578|1631106|1642263,0,REG,2026,1610612745,,,,,
2250019192,,Shot Chart Detail,22500191,92,1630578,Alperen Sengun,1610612745,Houston Rockets,1,4,10,Missed Shot,Turnaround Fadeaway shot,2PT Field Goal,In The Paint (Non-RA),Center(C),8-16 ft.,12,49,115,1,0,20251109,MIL,HOU,4700,0,203500|1629006|1630578|1631106|1642263,0,REG,2026,1610612745,,,,,
22500191108,,Shot Chart Detail,22500191,108,1631106,Tari Eason,1610612745,Houston Rockets,1,3,46,Missed Shot,Jump Shot,3PT Field Goal,Above the Break 3,Left Side Center(LC),24+ ft.,24,-199,147,1,0,20251109,MIL,HOU,4940,0,203500|1630578|1631106|1641708|1642263,0,REG,2026,1610612745,,,,,
22500191122,,Shot Chart Detail,22500191,122,1631106,Tari Eason,1610612745,Houston Rockets,1,2,34,Made Shot,Cutting Layup Shot,2PT Field Goal,Restricted Area,Center(C),Less Than 8 ft.,2,-11,26,1,1,20251109,MIL,HOU,5660,0,201142|203500|1631106|1641708|1642263,1,REG,2026,1610612745,,,,,
22500191130,,Shot Chart Detail,22500191,130,1642263,Reed Sheppard,1610612745,Houston Rockets,1,1,55,Missed Shot,Pullup Jump shot,2PT Field Goal,Mid-Range,Right Side(R),16-24 ft.,17,167,36,1,0,20251109,MIL,HOU,6050,0,201142|203500|1631106|1641708|1642263,0,REG,2026,1610612745,,,,,
22500191142,,Shot Chart Detail,22500191,142,1641708,Amen Thompson,1610612745,Houston Rockets,1,1,1,Made Shot,Driving Layup Shot,2PT Field Goal,Restricted Area,Center(C),Less Than 8 ft.,2,-18,17,1,1,20251109,MIL,HOU,6590,0,201142|203500|1631106|1641708|1642263,0,REG,2026,1610612745,,,,,
22500191145,,Shot Chart Detail,22500191,145,1641708,Amen Thompson,1610612745,Houston Rockets,1,0,39,Missed Shot,Driving Floating Jump Shot,2PT Field Goal,In The Paint (Non-RA),Center(C),8-16 ft.,10,2,104,1,0,20251109,MIL,HOU,6810,0,201142|203500|1631106|1641708|1642263,0,REG,2026,1610612745,,,,,
22500191147,,Shot Chart Detail,22500191,147,1631106,Tari Eason,1610612745,Houston Rockets,1,0,34,Missed Shot,Jump Shot,3PT Field Goal,Right Corner 3,Right Side(R),24+ ft.,24,234,70,1,0,20251109,MIL,HOU,6860,0,201142|203500|1631106|1641708|1642263,0,REG,2026,1610612745,,,,,
22500191152,,Shot Chart Detail,22500191,152,201142,Kevin Durant,1610612745,Houston Rockets,1,0,2,Made Shot,Step Back Jump shot,2PT Field Goal,Restricted Area,Center(C),Less Than 8 ft.,3,20,29,1,1,20251109,MIL,HOU,7180,0,201142|203500|1631106|1641708|1642263,0,REG,2026,1610612745,,,,,
22500191161,,Shot Chart Detail,22500191,161,1631106,Tari Eason,1610612745,Houston Rockets,2,11,35,Missed Shot,Pullup Jump shot,3PT Field Goal,Above the Break 3,Center(C),24+ ft.,31,97,299,1,0,20251109,MIL,HOU,7450,0,201142|203991|1631106|1641708|1642263,0,REG,2026,1610612745,,,,,
22500191167,,Shot Chart Detail,22500191,167,203991,Clint Capela,1610612745,Houston Rockets,2,11,33,Missed Shot,Putback Layup Shot,2PT Field Goal,Restricted Area,Center(C),Less Than 8 ft.,0,0,0,1,0,20251109,MIL,HOU,7470,0,201142|203991|1631106|1641708|1642263,0,REG,2026,1610612745,,,,,
22500191170,,Shot Chart Detail,22500191,170,1641708,Amen Thompson,1610612745,Houston Rockets,2,11,22,Missed Shot,Step Back Jump shot,2PT Field Goal,In The Paint (Non-RA),Center(C),8-16 ft.,12,54,109,1,0,20251109,MIL,HOU,7580,0,201142|203991|1631106|1641708|1642263,0,REG,2026,1610612745,,,,,
22500191172,,Shot Chart Detail,22500191,172,1631106,Tari Eason,1610612745,Houston Rockets,2,11,12,Missed Shot,Jump Shot,3PT Field Goal,Above the Break 3,Left Side Center(LC),24+ ft.,25,-168,197,1,0,20251109,MIL,HOU,7680,0,201142|203991|1631106|1641708|1642263,0,REG,2026,1610612745,,,,,
22500191181,,Shot Chart Detail,22500191,181,201142,Kevin Durant,1610612745,Houston Rockets,2,10,51,Missed Shot,Turnaround Fadeaway shot,2PT Field Goal,Mid-Range,Center(C),16-24 ft.,18,-44,177,1,0,20251109,MIL,HOU,7890,0,201142|203991|1631106|1641708|1642263,0,REG,2026,1610612745,,,,,
22500191183,,Shot Chart Detail,22500191,183,203991,Clint Capela,1610612745,Houston Rockets,2,10,47,Missed Shot,Tip Layup Shot,2PT Field Goal,Restricted Area,Center(C),Less Than 8 ft.,1,2,16,1,0,20251109,MIL,HOU,7930,0,201142|203991|1631106|1641708|1642263,0,REG,2026,1610612745,,,,,
22500191192,,Shot Chart Detail,22500191,192,1631106,Tari Eason,1610612745,Houston Rockets,2,10,2,Missed Shot,Jump Shot,3PT Field Goal,Above the Break 3,Left Side Center(LC),24+ ft.,26,-135,232,1,0,20251109,MIL,HOU,8380,0,201142|203991|1631106|1641708|1642263,0,REG,2026,1610612745,,,,,
22500191200,,Shot Chart Detail,22500191,200,1630578,Alperen Sengun,1610612745,Houston Rockets,2,9,28,Missed Shot,Turnaround Jump Shot,2PT Field Goal,In The Paint (Non-RA),Center(C),8-16 ft.,14,39,138,1,0,20251109,MIL,HOU,8720,0,201142|203991|1629006|1630578|1641708,0,REG,2026,1610612745,,,,,
22500191202,,Shot Chart Detail,22500191,202,203991,Clint Capela,1610612745,Houston Rockets,2,9,21,Made Shot,Tip Layup Shot,2PT Field Goal,Restricted Area,Center(C),Less Than 8 ft.,0,0,0,1,1,20251109,MIL,HOU,8790,0,201142|203991|1629006|1630578|1641708,0,REG,2026,1610612745,,,,,
22500191205,,Shot Chart Detail,22500191,205,1641708,Amen Thompson,1610612745,Houston Rockets,2,8,59,Missed Shot,Running Layup Shot,2PT Field Goal,Restricted Area,Center(C),Less Than 8 ft.,0,-1,8,1,0,20251109,MIL,HOU,9010,0,201142|203991|1629006|1630578|1641708,0,REG,2026,1610612745,,,,,
22500191208,,Shot Chart Detail,22500191,208,1641708,Amen Thompson,1610612745,Houston Rockets,2,8,57,Missed Shot,Putback Layup Shot,2PT Field Goal,Restricted Area,Center(C),Less Than 8 ft.,2,-2,26,1,0,20251109,MIL,HOU,9030,0,201142|203991|1629006|1630578|1641708,0,REG,2026,1610612745,,,,,
22500191237,,Shot Chart Detail,22500191,237,1630578,Alperen Sengun,1610612745,Houston Rockets,2,7,35,Made Shot,Driving Hook Shot,2PT Field Goal,In The Paint (Non-RA),Center(C),Less Than 8 ft.,7,2,78,1,1,20251109,MIL,HOU,9850,0,201142|203991|1629006|1630578|1631095,0,REG,2026,1610612745,,,,,
22500191249,,Shot Chart Detail,22500191,249,203991,Clint Capela,1610612745,Houston Rockets,2,6,23,Made Shot,Dunk Shot,2PT Field Goal,Restricted Area,Center(C),Less Than 8 ft.,1,-9,6,1,1,20251109,MIL,HOU,10570,0,201142|203991|1630578|1631095|1642263,1,REG,2026,1610612745,,,,,
22500191257,,Shot Chart Detail,22500191,257,1642263,Reed Sheppard,1610612745,Houston Rockets,2,5,35,Made Shot,Pullup Jump shot,2PT Field Goal,Mid-Range,Left Side Center(LC),16-24 ft.,17,-91,155,1,1,20251109,MIL,HOU,11050,0,201142|203991|1630578|1631095|1642263,0,REG,2026,1610612745,,,,,
22500191260,,Shot Chart Detail,22500191,260,1642263,Reed Sheppard,1610612745,Houston Rockets,2,5,13,Made Shot,Running Pull-Up Jump Shot,3PT Field Goal,Above the Break 3,Right Side Center(RC),24+ ft.,27,126,246,1,1,20251109,MIL,HOU,11270,0,201142|203991|1630578|1631095|1642263,0,REG,2026,1610612745,,,,,
22500191273,,Shot Chart Detail,22500191,273,1642263,Reed Sheppard,1610612745,Houston Rockets,2,4,34,Made Shot,Jump Shot,3PT Field Goal,Above the Break 3,Left Side Center(LC),24+ ft.,24,-129,214,1,1,20251109,MIL,HOU,11660,0,203500|1630578|1631095|1641708|1642263,1,REG,2026,1610612745,,,,,
22500191277,,Shot Chart Detail,22500191,277,1642263,Reed Sheppard,1610612745,Houston Rockets,2,4,13,Missed Shot,Pullup Jump shot,2PT Field Goal,In The Paint (Non-RA),Center(C),8-16 ft.,13,48,125,1,0,20251109,MIL,HOU,11870,0,203500|1630578|1631095|1641708|1642263,0,REG,2026,1610612745,,,,,
22500191282,,Shot Chart Detail,22500191,282,1641708,Amen Thompson,1610612745,Houston Rockets,2,3,50,Made Shot,Dunk Shot,2PT Field Goal,Restricted Area,Center(C),Less Than 8 ft.,2,19,10,1,1,20251109,MIL,HOU,12100,0,203500|1630578|1631095|1641708|1642263,1,REG,2026,1610612745,,,,,
22500191286,,Shot Chart Detail,22500191,286,1631095,Jabari Smith Jr.,1610612745,Houston Rockets,2,3,18,Missed Shot,Jump Shot,3PT Field Goal,Above the Break 3,Center(C),24+ ft.,26,24,268,1,0,20251109,MIL,HOU,12420,0,203500|1630578|1631095|1641708|1642263,0,REG,2026,1610612745,,,,,
22500191298,,Shot Chart Detail,22500191,298,1631095,Jabari Smith Jr.,1610612745,Houston Rockets,2,2,29,Missed Shot,Driving Layup Shot,2PT Field Goal,Restricted Area,Center(C),Less Than 8 ft.,0,5,8,1,0,20251109,MIL,HOU,12910,0,203500|1630578|1631095|1641708|1642263,0,REG,2026,1610612745,,,,,
22500191316,,Shot Chart Detail,22500191,316,203500,Steven Adams,1610612745,Houston Rockets,2,2,27,Made Shot,Putback Layup Shot,2PT Field Goal,Restricted Area,Center(C),Less Than 8 ft.,2,18,14,1,1,20251109,MIL,HOU,12930,0,203500|1630578|1631095|1641708|1642263,0,REG,2026,1610612745,,,,,
22500191302,,Shot Chart Detail,22500191,302,1630578,Alperen Sengun,1610612745,Houston Rockets,2,1,57,Missed Shot,Turnaround Jump Shot,2PT Field Goal,In The Paint (Non-RA),Center(C),8-16 ft.,14,-55,134,1,0,20251109,MIL,HOU,13230,0,203500|1630578|1631095|1641708|1642263,0,REG,2026,1610612745,,,,,
22500191306,,Shot Chart Detail,22500191,306,1631095,Jabari Smith Jr.,1610612745,Houston Rockets,2,1,28,Made Shot,Driving Reverse Layup Shot,2PT Field Goal,Restricted Area,Center(C),Less Than 8 ft.,1,-4,17,1,1,20251109,MIL,HOU,13520,0,203500|1630578|1631095|1641708|1642263,0,REG,2026,1610612745,,,,,
22500191351,,Shot Chart Detail,22500191,351,201142,Kevin Durant,1610612745,Houston Rockets,3,11,22,Made Shot,Pullup Jump shot,3PT Field Goal,Above the Break 3,Center(C),24+ ft.,25,22,258,1,1,20251109,MIL,HOU,14780,0,201142|1629006|1630578|1631095|1641708,0,REG,2026,1610612745,,,,,
22500191357,,Shot Chart Detail,22500191,357,1630578,Alperen Sengun,1610612745,Houston Rockets,3,10,33,Made Shot,Jump Shot,3PT Field Goal,Left Corner 3,Left Side(L),24+ ft.,23,-238,14,1,1,20251109,MIL,HOU,15270,0,201142|1629006|1630578|1631095|1641708,1,REG,2026,1610612745,,,,,
22500191361,,Shot Chart Detail,22500191,361,1631095,Jabari Smith Jr.,1610612745,Houston Rockets,3,9,57,Missed Shot,Running Jump Shot,3PT Field Goal,Above the Break 3,Right Side Center(RC),24+ ft.,26,107,247,1,0,20251109,MIL,HOU,15630,0,201142|1629006|1630578|1631095|1641708,0,REG,2026,1610612745,,,,,
22500191369,,Shot Chart Detail,22500191,369,201142,Kevin Durant,1610612745,Houston Rockets,3,8,58,Made Shot,Pullup Jump shot,2PT Field Goal,In The Paint (Non-RA),Center(C),8-16 ft.,10,28,102,1,1,20251109,MIL,HOU,16220,0,201142|1629006|1630578|1631095|1631106,1,REG,2026,1610612745,,,,,
22500191375,,Shot Chart Detail,22500191,375,1629006,Josh Okogie,1610612745,Houston Rockets,3,8,24,Missed Shot,Driving Floating Jump Shot,2PT Field Goal,In The Paint (Non-RA),Center(C),8-16 ft.,9,-37,91,1,0,20251109,MIL,HOU,16560,0,201142|1629006|1630578|1631095|1631106,0,REG,2026,1610612745,,,,,
22500191377,,Shot Chart Detail,22500191,377,1631095,Jabari Smith Jr.,1610612745,Houston Rockets,3,8,22,Missed Shot,Tip Layup Shot,2PT Field Goal,Restricted Area,Center(C),Less Than 8 ft.,0,0,0,1,0,20251109,MIL,HOU,16580,0,201142|1629006|1630578|1631095|1631106,0,REG,2026,1610612745,,,,,
22500191391,,Shot Chart Detail,22500191,391,1631095,Jabari Smith Jr.,1610612745,Houston Rockets,3,7,27,Missed Shot,Driving Layup Shot,2PT Field Goal,Restricted Area,Center(C),Less Than 8 ft.,1,16,5,1,0,20251109,MIL,HOU,17130,0,201142|1630578|1631095|1631106|1641708,0,REG,2026,1610612745,,,,,
22500191398,,Shot Chart Detail,22500191,398,1631095,Jabari Smith Jr.,1610612745,Houston Rockets,3,7,9,Missed Shot,Jump Shot,3PT Field Goal,Right Corner 3,Right Side(R),24+ ft.,22,223,40,1,0,20251109,MIL,HOU,17310,0,201142|1630578|1631095|1631106|1641708,0,REG,2026,1610612745,,,,,
22500191400,,Shot Chart Detail,22500191,400,1641708,Amen Thompson,1610612745,Houston Rockets,3,6,59,Made Shot,Cutting Layup Shot,2PT Field Goal,Restricted Area,Center(C),Less Than 8 ft.,1,5,11,1,1,20251109,MIL,HOU,17410,0,201142|1630578|1631095|1631106|1641708,1,REG,2026,1610612745,,,,,
22500191403,,Shot Chart Detail,22500191,403,1631095,Jabari Smith Jr.,1610612745,Houston Rockets,3,6,25,Made Shot,Jump Shot,3PT Field Goal,Right Corner 3,Right Side(R),24+ ft.,23,230,-9,1,1,20251109,MIL,HOU,17750,0,201142|1630578|1631095|1631106|1641708,1,REG,2026,1610612745,,,,,
22500191411,,Shot Chart Detail,22500191,411,201142,Kevin Durant,1610612745,Houston Rockets,3,6,5,Made Shot,Pullup Jump shot,2PT Field Goal,Mid-Range,Left Side Center(LC),16-24 ft.,16,-70,146,1,1,20251109,MIL,HOU,17950,0,201142|1630578|1631095|1631106|1641708,0,REG,2026,1610612745,,,,,
22500191414,,Shot Chart Detail,22500191,414,1631095,Jabari Smith Jr.,1610612745,Houston Rockets,3,5,35,Missed Shot,Jump Shot,3PT Field Goal,Right Corner 3,Right Side(R),24+ ft.,23,230,31,1,0,20251109,MIL,HOU,18250,0,201142|1630578|1631095|1631106|1641708,0,REG,2026,1610612745,,,,,
22500191416,,Shot Chart Detail,22500191,416,1631095,Jabari Smith Jr.,1610612745,Houston Rockets,3,5,29,Made Shot,Pullup Jump shot,2PT Field Goal,In The Paint (Non-RA),Center(C),8-16 ft.,13,-26,137,1,1,20251109,MIL,HOU,18310,0,201142|1630578|1631095|1631106|1641708,1,REG,2026,1610612745,,,,,
22500191419,,Shot Chart Detail,22500191,419,1631095,Jabari Smith Jr.,1610612745,Houston Rockets,3,4,51,Missed Shot,Jump Shot,3PT Field Goal,Left Corner 3,Left Side(L),24+ ft.,23,-232,-20,1,0,20251109,MIL,HOU,18690,0,201142|1630578|1631095|1631106|1641708,0,REG,2026,1610612745,,,,,
22500191421,,Shot Chart Detail,22500191,421,1631106,Tari Eason,1610612745,Houston Rockets,3,4,47,Made Shot,Putback Layup Shot,2PT Field Goal,Restricted Area,Center(C),Less Than 8 ft.,1,11,10,1,1,20251109,MIL,HOU,18730,0,201142|1630578|1631095|1631106|1641708,0,REG,2026,1610612745,,,,,
22500191435,,Shot Chart Detail,22500191,435,201142,Kevin Durant,1610612745,Houston Rockets,3,4,17,Made Shot,Driving Dunk Shot,2PT Field Goal,Restricted Area,Center(C),Less Than 8 ft.,2,13,17,1,1,20251109,MIL,HOU,19030,0,201142|203500|1631095|1631106|1642263,0,REG,2026,1610612745,,,,,
22500191449,,Shot Chart Detail,22500191,449,201142,Kevin Durant,1610612745,Houston Rockets,3,3,14,Missed Shot,Fadeaway Jump Shot,2PT Field Goal,Mid-Range,Left Side(L),8-16 ft.,14,-83,118,1,0,20251109,MIL,HOU,19660,0,201142|203500|1631095|1631106|1642263,0,REG,2026,1610612745,,,,,
22500191453,,Shot Chart Detail,22500191,453,201142,Kevin Durant,1610612745,Houston Rockets,3,2,24,Missed Shot,Pullup Jump shot,2PT Field Goal,In The Paint (Non-RA),Center(C),8-16 ft.,13,55,127,1,0,20251109,MIL,HOU,20160,0,201142|203500|1631095|1631106|1642263,0,REG,2026,1610612745,,,,,
22500191465,,Shot Chart Detail,22500191,465,1642263,Reed Sheppard,1610612745,Houston Rockets,3,2,2,Made Shot,Jump Shot,3PT Field Goal,Above the Break 3,Left Side Center(LC),24+ ft.,26,-179,195,1,1,20251109,MIL,HOU,20380,0,201142|203500|1630578|1631095|1642263,1,REG,2026,1610612745,,,,,
22500191469,,Shot Chart Detail,22500191,469,1630578,Alperen Sengun,1610612745,Houston Rockets,3,1,45,Missed Shot,Running Layup Shot,2PT Field Goal,Restricted Area,Center(C),Less Than 8 ft.,1,-6,15,1,0,20251109,MIL,HOU,20550,0,201142|203500|1630578|1631095|1642263,0,REG,2026,1610612745,,,,,
22500191472,,Shot Chart Detail,22500191,472,201142,Kevin Durant,1610612745,Houston Rockets,3,1,41,Missed Shot,Fadeaway Jump Shot,2PT Field Goal,In The Paint (Non-RA),Center(C),8-16 ft.,14,62,134,1,0,20251109,MIL,HOU,20590,0,201142|203500|1630578|1631095|1642263,0,REG,2026,1610612745,,,,,
22500191486,,Shot Chart Detail,22500191,486,201142,Kevin Durant,1610612745,Houston Rockets,3,0,40,Made Shot,Pullup Jump shot,2PT Field Goal,Mid-Range,Left Side(L),8-16 ft.,15,-83,132,1,1,20251109,MIL,HOU,21200,0,201142|203500|1630578|1631095|1642263,1,REG,2026,1610612745,,,,,
22500191514,,Shot Chart Detail,22500191,514,1631106,Tari Eason,1610612745,Houston Rockets,4,11,41,Made Shot,Running Dunk Shot,2PT Field Goal,Restricted Area,Center(C),Less Than 8 ft.,1,5,18,1,1,20251109,MIL,HOU,21790,0,203500|1630578|1631106|1641708|1642263,1,REG,2026,1610612745,,,,,
22500191525,,Shot Chart Detail,22500191,525,203500,Steven Adams,1610612745,Houston Rockets,4,10,25,Made Shot,Layup Shot,2PT Field Goal,Restricted Area,Center(C),Less Than 8 ft.,1,9,12,1,1,20251109,MIL,HOU,22550,0,203500|1630578|1631106|1641708|1642263,1,REG,2026,1610612745,,,,,
22500191531,,Shot Chart Detail,22500191,531,1641708,Amen Thompson,1610612745,Houston Rockets,4,9,54,Made Shot,Pullup Jump shot,2PT Field Goal,Mid-Range,Right Side Center(RC),16-24 ft.,16,83,137,1,1,20251109,MIL,HOU,22860,0,203500|1630578|1631106|1641708|1642263,0,REG,2026,1610612745,,,,,
22500191544,,Shot Chart Detail,22500191,544,1642263,Reed Sheppard,1610612745,Houston Rockets,4,8,50,Missed Shot,Jump Shot,3PT Field Goal,Above the Break 3,Left Side Center(LC),24+ ft.,26,-195,186,1,0,20251109,MIL,HOU,23500,0,203500|1630578|1631106|1641708|1642263,0,REG,2026,1610612745,,,,,
22500191548,,Shot Chart Detail,22500191,548,1642263,Reed Sheppard,1610612745,Houston Rockets,4,8,34,Made Shot,Pullup Jump shot,2PT Field Goal,Mid-Range,Center(C),16-24 ft.,17,-49,172,1,1,20251109,MIL,HOU,23660,0,203500|1630578|1631106|1641708|1642263,1,REG,2026,1610612745,,,,,
22500191554,,Shot Chart Detail,22500191,554,1642263,Reed Sheppard,1610612745,Houston Rockets,4,8,6,Made Shot,Running Jump Shot,3PT Field Goal,Right Corner 3,Right Side(R),24+ ft.,22,221,2,1,1,20251109,MIL,HOU,23940,0,203500|1630578|1631106|1641708|1642263,1,REG,2026,1610612745,,,,,
22500191561,,Shot Chart Detail,22500191,561,203500,Steven Adams,1610612745,Houston Rockets,4,7,40,Made Shot,Cutting Dunk Shot,2PT Field Goal,Restricted Area,Center(C),Less Than 8 ft.,0,4,6,1,1,20251109,MIL,HOU,24200,0,201142|203500|1630578|1641708|1642263,1,REG,2026,1610612745,,,,,
22500191572,,Shot Chart Detail,22500191,572,1630578,Alperen Sengun,1610612745,Houston Rockets,4,6,42,Made Shot,Driving Layup Shot,2PT Field Goal,Restricted Area,Center(C),Less Than 8 ft.,1,5,18,1,1,20251109,MIL,HOU,24780,0,201142|203500|1630578|1641708|1642263,0,REG,2026,1610612745,,,,,
22500191574,,Shot Chart Detail,22500191,574,1641708,Amen Thompson,1610612745,Houston Rockets,4,6,14,Missed Shot,Driving Layup Shot,2PT Field Goal,Restricted Area,Center(C),Less Than 8 ft.,3,13,28,1,0,20251109,MIL,HOU,25060,0,201142|203500|1630578|1641708|1642263,0,REG,2026,1610612745,,,,,
22500191576,,Shot Chart Detail,22500191,576,203500,Steven Adams,1610612745,Houston Rockets,4,6,10,Made Shot,Tip Layup Shot,2PT Field Goal,Restricted Area,Center(C),Less Than 8 ft.,0,0,0,1,1,20251109,MIL,HOU,25100,0,201142|203500|1630578|1641708|1642263,0,REG,2026,1610612745,,,,,
22500191579,,Shot Chart Detail,22500191,579,1642263,Reed Sheppard,1610612745,Houston Rockets,4,5,46,Missed Shot,Jump Shot,3PT Field Goal,Above the Break 3,Center(C),24+ ft.,29,-22,291,1,0,20251109,MIL,HOU,25340,0,201142|203500|1630578|1641708|1642263,0,REG,2026,1610612745,,,,,
22500191582,,Shot Chart Detail,22500191,582,1641708,Amen Thompson,1610612745,Houston Rockets,4,5,17,Missed Shot,Jump Shot,3PT Field Goal,Above the Break 3,Left Side Center(LC),24+ ft.,24,-228,100,1,0,20251109,MIL,HOU,25630,0,201142|203500|1630578|1641708|1642263,0,REG,2026,1610612745,,,,,
22500191584,,Shot Chart Detail,22500191,584,1641708,Amen Thompson,1610612745,Houston Rockets,4,5,13,Missed Shot,Putback Layup Shot,2PT Field Goal,In The Paint (Non-RA),Center(C),Less Than 8 ft.,5,23,49,1,0,20251109,MIL,HOU,25670,0,201142|203500|1630578|1641708|1642263,0,REG,2026,1610612745,,,,,
22500191600,,Shot Chart Detail,22500191,600,1641708,Amen Thompson,1610612745,Houston Rockets,4,4,33,Made Shot,Layup Shot,2PT Field Goal,Restricted Area,Center(C),Less Than 8 ft.,1,4,18,1,1,20251109,MIL,HOU,26070,0,201142|1630578|1631095|1641708|1642263,1,REG,2026,1610612745,,,,,
22500191618,,Shot Chart Detail,22500191,618,1630578,Alperen Sengun,1610612745,Houston Rockets,4,3,59,Made Shot,Cutting Dunk Shot,2PT Field Goal,Restricted Area,Center(C),Less Than 8 ft.,2,6,-24,1,1,20251109,MIL,HOU,26410,0,201142|1630578|1631095|1641708|1642263,1,REG,2026,1610612745,,,,,
22500191631,,Shot Chart Detail,22500191,631,201142,Kevin Durant,1610612745,Houston Rockets,4,3,8,Made Shot,Turnaround Jump Shot,2PT Field Goal,Mid-Range,Left Side(L),8-16 ft.,13,-94,100,1,1,20251109,MIL,HOU,26920,0,201142|1630578|1631095|1641708|1642263,0,REG,2026,1610612745,,,,,
22500191638,,Shot Chart Detail,22500191,638,1631095,Jabari Smith Jr.,1610612745,Houston Rockets,4,2,28,Made Shot,Jump Shot,3PT Field Goal,Above the Break 3,Right Side Center(RC),24+ ft.,24,141,204,1,1,20251109,MIL,HOU,27320,0,201142|1629006|1630578|1631095|1641708,1,REG,2026,1610612745,,,,,
22500191642,,Shot Chart Detail,22500191,642,201142,Kevin Durant,1610612745,Houston Rockets,4,1,42,Made Shot,Pullup Jump shot,2PT Field Goal,Mid-Range,Left Side(L),8-16 ft.,13,-105,85,1,1,20251109,MIL,HOU,27780,0,201142|1629006|1630578|1631095|1641708,0,REG,2026,1610612745,,,,,
22500191655,,Shot Chart Detail,22500191,655,1630578,Alperen Sengun,1610612745,Houston Rockets,4,1,9,Made Shot,Turnaround Hook Shot,2PT Field Goal,In The Paint (Non-RA),Center(C),Less Than 8 ft.,5,-7,54,1,1,20251109,MIL,HOU,28110,0,201142|1630578|1631095|1641708|1642263,0,REG,2026,1610612745,,,,,
22500191661,,Shot Chart Detail,22500191,661,1629006,Josh Okogie,1610612745,Houston Rockets,4,0,47,Missed Shot,Jump Shot,3PT Field Goal,Left Corner 3,Left Side(L),24+ ft.,23,-232,29,1,0,20251109,MIL,HOU,28330,0,201142|1629006|1630578|1631095|1641708,0,REG,2026,1610612745,,,,,
22500191670,,Shot Chart Detail,22500191,670,1630578,Alperen Sengun,1610612745,Houston Rockets,4,0,23,Made Shot,Driving Layup Shot,2PT Field Goal,Restricted Area,Center(C),Less Than 8 ft.,1,4,16,1,1,20251109,MIL,HOU,28570,0,201142|1629006|1631095|1631106|1641708,0,REG,2026,1610612745,,,,,
225002189,,Shot Chart Detail,22500218,9,201142,Kevin Durant,1610612745,Houston Rockets,1,11,21,Missed Shot,Jump Shot,3PT Field Goal,Above the Break 3,Right Side Center(RC),24+ ft.,27,111,252,1,0,20251112,HOU,WAS,390,0,201142|1629006|1630578|1631095|1641708,0,REG,2026,1610612745,,,,,
2250021814,,Shot Chart Detail,22500218,14,1631095,Jabari Smith Jr.,1610612745,Houston Rockets,1,10,50,Made Shot,Driving Dunk Shot,2PT Field Goal,In The Paint (Non-RA),Center(C),Less Than 8 ft.,4,18,39,1,1,20251112,HOU,WAS,700,0,201142|1629006|1630578|1631095|1641708,1,REG,2026,1610612745,,,,,
2250021817,,Shot Chart Detail,22500218,17,1630578,Alperen Sengun,1610612745,Houston Rockets,1,10,27,Missed Shot,Driving Reverse Layup Shot,2PT Field Goal,Restricted Area,Center(C),Less Than 8 ft.,1,11,11,1,0,20251112,HOU,WAS,930,0,201142|1629006|1630578|1631095|1641708,0,REG,2026,1610612745,,,,,
2250021820,,Shot Chart Detail,22500218,20,1629006,Josh Okogie,1610612745,Houston Rockets,1,10,21,Made Shot,Tip Layup Shot,2PT Field Goal,Restricted Area,Center(C),Less Than 8 ft.,0,0,0,1,1,20251112,HOU,WAS,990,0,201142|1629006|1630578|1631095|1641708,0,REG,2026,1610612745,,,,,
2250021831,,Shot Chart Detail,22500218,31,201142,Kevin Durant,1610612745,Houston Rockets,1,9,40,Made Shot,Jump Shot,2PT Field Goal,Mid-Range,Center(C),16-24 ft.,16,-48,160,1,1,20251112,HOU,WAS,1400,0,201142|1629006|1630578|1631095|1641708,1,REG,2026,1610612745,,,,,
2250021836,,Shot Chart Detail,22500218,36,1641708,Amen Thompson,1610612745,Houston Rockets,1,9,10,Made Shot,Driving Finger Roll Layup Shot,2PT Field Goal,Restricted Area,Center(C),Less Than 8 ft.,2,20,20,1,1,20251112,HOU,WAS,1700,0,201142|1629006|1630578|1631095|1641708,0,REG,2026,1610612745,,,,,
2250021839,,Shot Chart Detail,22500218,39,1630578,Alperen Sengun,1610612745,Houston Rockets,1,8,52,Made Shot,Running Dunk Shot,2PT Field Goal,Restricted Area,Center(C),Less Than 8 ft.,2,20,18,1,1,20251112,HOU,WAS,1880,0,201142|1629006|1630578|1631095|1641708,1,REG,2026,1610612745,,,,,
2250021848,,Shot Chart Detail,22500218,48,1641708,Amen Thompson,1610612745,Houston Rockets,1,7,45,Missed Shot,Jump Shot,3PT Field Goal,Above the Break 3,Left Side Center(LC),24+ ft.,26,-86,251,1,0,20251112,HOU,WAS,2550,0,201142|1629006|1630578|1631095|1641708,0,REG,2026,1610612745,,,,,
22500218265,,Shot Chart Detail,22500218,265,1630578,Alperen Sengun,1610612745,Houston Rockets,1,7,44,Missed Shot,Putback Layup Shot,2PT Field Goal,Mid-Range,Left Side(L),8-16 ft.,14,-145,-20,1,0,20251112,HOU,WAS,2560,0,201142|1629006|1630578|1631095|1641708,0,REG,2026,1610612745,,,,,
2250021862,,Shot Chart Detail,22500218,62,201142,Kevin Durant,1610612745,Houston Rockets,1,6,48,Missed Shot,Jump Shot,3PT Field Goal,Above the Break 3,Center(C),24+ ft.,26,-37,267,1,0,20251112,HOU,WAS,3120,0,201142|1629006|1630578|1631095|1641708,0,REG,2026,1610612745,,,,,
2250021864,,Shot Chart Detail,22500218,64,1630578,Alperen Sengun,1610612745,Houston Rockets,1,6,42,Missed Shot,Tip Layup Shot,2PT Field Goal,Restricted Area,Center(C),Less Than 8 ft.,0,0,0,1,0,20251112,HOU,WAS,3180,0,201142|1629006|1630578|1631095|1641708,0,REG,2026,1610612745,,,,,
2250021866,,Shot Chart Detail,22500218,66,1630578,Alperen Sengun,1610612745,Houston Rockets,1,6,41,Missed Shot,Tip Layup Shot,2PT Field Goal,Restricted Area,Center(C),Less Than 8 ft.,0,0,0,1,0,20251112,HOU,WAS,3190,0,201142|1629006|1630578|1631095|1641708,0,REG,2026,1610612745,,,,,
2250021868,,Shot Chart Detail,22500218,68,1631095,Jabari Smith Jr.,1610612745,Houston Rockets,1,6,39,Missed Shot,Putback Layup Shot,2PT Field Goal,In The Paint (Non-RA),Center(C),Less Than 8 ft.,5,15,49,1,0,20251112,HOU,WAS,3210,0,201142|1629006|1630578|1631095|1641708,0,REG,2026,1610612745,,,,,
2250021872,,Shot Chart Detail,22500218,72,201142,Kevin Durant,1610612745,Houston Rockets,1,6,11,Made Shot,Jump Shot,3PT Field Goal,Above the Break 3,Right Side Center(RC),24+ ft.,27,190,204,1,1,20251112,HOU,WAS,3490,0,201142|1629006|1630578|1631095|1641708,1,REG,2026,1610612745,,,,,
2250021875,,Shot Chart Detail,22500218,75,1641708,Amen Thompson,1610612745,Houston Rockets,1,5,38,Made Shot,Alley Oop Layup shot,2PT Field Goal,Restricted Area,Center(C),Less Than 8 ft.,2,18,18,1,1,20251112,HOU,WAS,3820,0,201142|1629006|1630578|1631095|1641708,1,REG,2026,1610612745,,,,,
2250021881,,Shot Chart Detail,22500218,81,201142,Kevin Durant,1610612745,Houston Rockets,1,5,10,Missed Shot,Driving Floating Bank Jump Shot,2PT Field Goal,Restricted Area,Center(C),Less Than 8 ft.,2,-11,26,1,0,20251112,HOU,WAS,4100,0,201142|1629006|1630578|1631095|1641708,0,REG,2026,1610612745,,,,,
2250021894,,Shot Chart Detail,22500218,94,1629006,Josh Okogie,1610612745,Houston Rockets,1,4,47,Missed Shot,Driving Finger Roll Layup Shot,2PT Field Goal,Restricted Area,Center(C),Less Than 8 ft.,3,21,27,1,0,20251112,HOU,WAS,4330,0,201142|203500|1629006|1631095|1642263,0,REG,2026,1610612745,,,,,
2250021896,,Shot Chart Detail,22500218,96,203500,Steven Adams,1610612745,Houston Rockets,1,4,44,Made Shot,Tip Dunk Shot,2PT Field Goal,Restricted Area,Center(C),Less Than 8 ft.,0,0,0,1,1,20251112,HOU,WAS,4360,0,201142|203500|1629006|1631095|1642263,0,REG,2026,1610612745,,,,,
2250021899,,Shot Chart Detail,22500218,99,1642263,Reed Sheppard,1610612745,Houston Rockets,1,4,25,Made Shot,Running Layup Shot,2PT Field Goal,Restricted Area,Center(C),Less Than 8 ft.,3,-15,37,1,1,20251112,HOU,WAS,4550,0,201142|203500|1629006|1631095|1642263,1,REG,2026,1610612745,,,,,
22500218122,,Shot Chart Detail,22500218,122,201142,Kevin Durant,1610612745,Houston Rockets,1,3,14,Made Shot,Pullup Jump shot,2PT Field Goal,Mid-Range,Right Side Center(RC),16-24 ft.,18,131,133,1,1,20251112,HOU,WAS,5260,0,201142|203500|1630256|1631106|1642263,0,REG,2026,1610612745,,,,,
22500218136,,Shot Chart Detail,22500218,136,201142,Kevin Durant,1610612745,Houston Rockets,1,2,11,Made Shot,Pullup Jump shot,2PT Field Goal,Mid-Range,Left Side(L),8-16 ft.,11,-112,26,1,1,20251112,HOU,WAS,5890,0,201142|203500|1630256|1631106|1642263,0,REG,2026,1610612745,,,,,
22500218139,,Shot Chart Detail,22500218,139,201142,Kevin Durant,1610612745,Houston Rockets,1,1,45,Made Shot,Step Back Jump shot,2PT Field Goal,Mid-Range,Center(C),16-24 ft.,16,-7,165,1,1,20251112,HOU,WAS,6150,0,201142|203500|1630256|1631106|1642263,0,REG,2026,1610612745,,,,,
22500218148,,Shot Chart Detail,22500218,148,1631106,Tari Eason,1610612745,Houston Rockets,1,1,20,Made Shot,Reverse Layup Shot,2PT Field Goal,Restricted Area,Center(C),Less Than 8 ft.,2,11,20,1,1,20251112,HOU,WAS,6400,0,201142|203500|1631106|1641708|1642263,1,REG,2026,1610612745,,,,,
22500218152,,Shot Chart Detail,22500218,152,1641708,Amen Thompson,1610612745,Houston Rockets,1,0,56,Made Shot,Driving Dunk Shot,2PT Field Goal,Restricted Area,Center(C),Less Than 8 ft.,1,4,18,1,1,20251112,HOU,WAS,6640,0,201142|203500|1631106|1641708|1642263,1,REG,2026,1610612745,,,,,
22500218157,,Shot Chart Detail,22500218,157,1642263,Reed Sheppard,1610612745,Houston Rockets,1,0,48,Missed Shot,Pullup Jump shot,3PT Field Goal,Right Corner 3,Right Side(R),24+ ft.,24,240,31,1,0,20251112,HOU,WAS,6720,0,201142|203500|1631106|1641708|1642263,0,REG,2026,1610612745,,,,,
22500218163,,Shot Chart Detail,22500218,163,1631106,Tari Eason,1610612745,Houston Rockets,1,0,24,Missed Shot,Jump Shot,3PT Field Goal,Above the Break 3,Right Side Center(RC),24+ ft.,27,217,168,1,0,20251112,HOU,WAS,6960,0,201142|203500|1631106|1641708|1642263,0,REG,2026,1610612745,,,,,
22500218165,,Shot Chart Detail,22500218,165,1631106,Tari Eason,1610612745,Houston Rockets,1,0,15,Missed Shot,Pullup Jump shot,2PT Field Goal,In The Paint (Non-RA),Right Side(R),8-16 ft.,9,59,70,1,0,20251112,HOU,WAS,7050,0,201142|203500|1631106|1641708|1642263,0,REG,2026,1610612745,,,,,
22500218197,,Shot Chart Detail,22500218,197,203991,Clint Capela,1610612745,Houston Rockets,2,11,48,Made Shot,Cutting Dunk Shot,2PT Field Goal,Restricted Area,Center(C),Less Than 8 ft.,3,-22,21,1,1,20251112,HOU,WAS,7320,0,203991|1630578|1631106|1641708|1642263,1,REG,2026,1610612745,,,,,
22500218204,,Shot Chart Detail,22500218,204,1630578,Alperen Sengun,1610612745,Houston Rockets,2,11,32,Made Shot,Driving Floating Jump Shot,2PT Field Goal,In The Paint (Non-RA),Center(C),8-16 ft.,8,25,83,1,1,20251112,HOU,WAS,7480,0,203991|1630578|1631106|1641708|1642263,0,REG,2026,1610612745,,,,,
22500218210,,Shot Chart Detail,22500218,210,1631106,Tari Eason,1610612745,Houston Rockets,2,11,1,Made Shot,Jump Shot,3PT Field Goal,Right Corner 3,Right Side(R),24+ ft.,24,243,43,1,1,20251112,HOU,WAS,7790,0,203991|1630578|1631106|1641708|1642263,1,REG,2026,1610612745,,,,,
22500218215,,Shot Chart Detail,22500218,215,1642263,Reed Sheppard,1610612745,Houston Rockets,2,10,34,Made Shot,Jump Shot,3PT Field Goal,Above the Break 3,Right Side Center(RC),24+ ft.,29,141,258,1,1,20251112,HOU,WAS,8060,0,203991|1630578|1631106|1641708|1642263,1,REG,2026,1610612745,,,,,
22500218222,,Shot Chart Detail,22500218,222,1642263,Reed Sheppard,1610612745,Houston Rockets,2,9,47,Missed Shot,Pullup Jump shot,3PT Field Goal,Above the Break 3,Left Side Center(LC),24+ ft.,28,-151,241,1,0,20251112,HOU,WAS,8530,0,203991|1630578|1631106|1641708|1642263,0,REG,2026,1610612745,,,,,
22500218224,,Shot Chart Detail,22500218,224,1631106,Tari Eason,1610612745,Houston Rockets,2,9,40,Made Shot,Jump Shot,3PT Field Goal,Above the Break 3,Right Side Center(RC),24+ ft.,29,216,196,1,1,20251112,HOU,WAS,8600,0,203991|1630578|1631106|1641708|1642263,1,REG,2026,1610612745,,,,,
22500218228,,Shot Chart Detail,22500218,228,1642263,Reed Sheppard,1610612745,Houston Rockets,2,8,57,Missed Shot,Step Back Jump shot,3PT Field Goal,Above the Break 3,Left Side Center(LC),24+ ft.,27,-87,263,1,0,20251112,HOU,WAS,9030,0,203991|1630578|1631106|1641708|1642263,0,REG,2026,1610612745,,,,,
22500218236,,Shot Chart Detail,22500218,236,1631106,Tari Eason,1610612745,Houston Rockets,2,8,21,Missed Shot,Jump Shot,3PT Field Goal,Above the Break 3,Right Side Center(RC),24+ ft.,25,235,96,1,0,20251112,HOU,WAS,9390,0,203991|1630578|1631095|1631106|1642263,0,REG,2026,1610612745,,,,,
22500218242,,Shot Chart Detail,22500218,242,1631095,Jabari Smith Jr.,1610612745,Houston Rockets,2,8,2,Missed Shot,Running Layup Shot,2PT Field Goal,Restricted Area,Center(C),Less Than 8 ft.,2,-11,21,1,0,20251112,HOU,WAS,9580,0,203991|1630578|1631095|1631106|1642263,0,REG,2026,1610612745,,,,,
22500218246,,Shot Chart Detail,22500218,246,1642263,Reed Sheppard,1610612745,Houston Rockets,2,7,45,Made Shot,Driving Layup Shot,2PT Field Goal,In The Paint (Non-RA),Center(C),Less Than 8 ft.,4,31,36,1,1,20251112,HOU,WAS,9750,0,203991|1630578|1631095|1631106|1642263,1,REG,2026,1610612745,,,,,
22500218260,,Shot Chart Detail,22500218,260,1631106,Tari Eason,1610612745,Houston Rockets,2,7,8,Made Shot,Jump Shot,3PT Field Goal,Above the Break 3,Right Side Center(RC),24+ ft.,28,143,247,1,1,20251112,HOU,WAS,10120,0,203991|1630578|1631095|1631106|1642263,1,REG,2026,1610612745,,,,,
22500218285,,Shot Chart Detail,22500218,285,1630578,Alperen Sengun,1610612745,Houston Rockets,2,5,44,Made Shot,Jump Shot,3PT Field Goal,Right Corner 3,Right Side(R),24+ ft.,25,244,74,1,1,20251112,HOU,WAS,10960,0,203991|1630578|1631095|1641708|1642263,1,REG,2026,1610612745,,,,,
22500218297,,Shot Chart Detail,22500218,297,203500,Steven Adams,1610612745,Houston Rockets,2,5,7,Missed Shot,Hook Shot,2PT Field Goal,Restricted Area,Center(C),Less Than 8 ft.,3,-1,38,1,0,20251112,HOU,WAS,11330,0,201142|203500|1629006|1631095|1641708,0,REG,2026,1610612745,,,,,
22500218302,,Shot Chart Detail,22500218,302,1631095,Jabari Smith Jr.,1610612745,Houston Rockets,2,4,48,Made Shot,Pullup Jump shot,2PT Field Goal,Mid-Range,Right Side Center(RC),16-24 ft.,17,118,134,1,1,20251112,HOU,WAS,11520,0,201142|203500|1629006|1631095|1641708,1,REG,2026,1610612745,,,,,
22500218306,,Shot Chart Detail,22500218,306,1631095,Jabari Smith Jr.,1610612745,Houston Rockets,2,4,28,Made Shot,Driving Floating Bank Jump Shot,2PT Field Goal,In The Paint (Non-RA),Center(C),Less Than 8 ft.,7,-16,71,1,1,20251112,HOU,WAS,11720,0,201142|203500|1629006|1631095|1641708,0,REG,2026,1610612745,,,,,
22500218313,,Shot Chart Detail,22500218,313,201142,Kevin Durant,1610612745,Houston Rockets,2,3,55,Missed Shot,Driving Layup Shot,2PT Field Goal,In The Paint (Non-RA),Center(C),Less Than 8 ft.,6,-4,63,1,0,20251112,HOU,WAS,12050,0,201142|203500|1629006|1631095|1641708,0,REG,2026,1610612745,,,,,
22500218315,,Shot Chart Detail,22500218,315,203500,Steven Adams,1610612745,Houston Rockets,2,3,51,Made Shot,Putback Dunk Shot,2PT Field Goal,Restricted Area,Center(C),Less Than 8 ft.,3,25,31,1,1,20251112,HOU,WAS,12090,0,201142|203500|1629006|1631095|1641708,0,REG,2026,1610612745,,,,,
22500218323,,Shot Chart Detail,22500218,323,201142,Kevin Durant,1610612745,Houston Rockets,2,3,25,Missed Shot,Fadeaway Jump Shot,2PT Field Goal,In The Paint (Non-RA),Left Side(L),8-16 ft.,8,-65,47,1,0,20251112,HOU,WAS,12350,0,201142|203500|1629006|1631095|1641708,0,REG,2026,1610612745,,,,,
22500218325,,Shot Chart Detail,22500218,325,203500,Steven Adams,1610612745,Houston Rockets,2,3,16,Missed Shot,Driving Bank Hook Shot,2PT Field Goal,Restricted Area,Center(C),Less Than 8 ft.,3,-27,23,1,0,20251112,HOU,WAS,12440,0,201142|203500|1629006|1631095|1641708,0,REG,2026,1610612745,,,,,
22500218327,,Shot Chart Detail,22500218,327,1631095,Jabari Smith Jr.,1610612745,Houston Rockets,2,3,12,Missed Shot,Jump Shot,3PT Field Goal,Above the Break 3,Right Side Center(RC),24+ ft.,31,175,258,1,0,20251112,HOU,WAS,12480,0,201142|203500|1629006|1631095|1641708,0,REG,2026,1610612745,,,,,
22500218331,,Shot Chart Detail,22500218,331,1631095,Jabari Smith Jr.,1610612745,Houston Rockets,2,3,1,Made Shot,Running Layup Shot,2PT Field Goal,Restricted Area,Center(C),Less Than 8 ft.,2,21,18,1,1,20251112,HOU,WAS,12590,0,201142|203500|1629006|1631095|1641708,1,REG,2026,1610612745,,,,,
22500218339,,Shot Chart Detail,22500218,339,1629006,Josh Okogie,1610612745,Houston Rockets,2,2,45,Made Shot,Jump Shot,3PT Field Goal,Above the Break 3,Right Side Center(RC),24+ ft.,28,180,222,1,1,20251112,HOU,WAS,12750,0,201142|203500|1629006|1631095|1641708,1,REG,2026,1610612745,,,,,
22500218343,,Shot Chart Detail,22500218,343,201142,Kevin Durant,1610612745,Houston Rockets,2,2,10,Made Shot,Jump Shot,3PT Field Goal,Above the Break 3,Center(C),24+ ft.,26,-31,264,1,1,20251112,HOU,WAS,13100,0,201142|203500|1629006|1631095|1641708,1,REG,2026,1610612745,,,,,
22500218355,,Shot Chart Detail,22500218,355,1630578,Alperen Sengun,1610612745,Houston Rockets,2,1,27,Missed Shot,Jump Shot,3PT Field Goal,Above the Break 3,Right Side Center(RC),24+ ft.,28,142,244,1,0,20251112,HOU,WAS,13530,0,201142|1629006|1630578|1631095|1641708,0,REG,2026,1610612745,,,,,
22500218357,,Shot Chart Detail,22500218,357,1630578,Alperen Sengun,1610612745,Houston Rockets,2,1,20,Made Shot,Driving Layup Shot,2PT Field Goal,Restricted Area,Center(C),Less Than 8 ft.,3,-22,33,1,1,20251112,HOU,WAS,13600,0,201142|1629006|1630578|1631095|1641708,0,REG,2026,1610612745,,,,,
22500218360,,Shot Chart Detail,22500218,360,1629006,Josh Okogie,1610612745,Houston Rockets,2,0,46,Missed Shot,Jump Shot,3PT Field Goal,Right Corner 3,Right Side(R),24+ ft.,25,244,59,1,0,20251112,HOU,WAS,13940,0,201142|1629006|1630578|1631095|1641708,0,REG,2026,1610612745,,,,,
22500218372,,Shot Chart Detail,22500218,372,1641708,Amen Thompson,1610612745,Houston Rockets,2,0,7,Made Shot,Cutting Dunk Shot,2PT Field Goal,Restricted Area,Center(C),Less Than 8 ft.,3,2,39,1,1,20251112,HOU,WAS,14330,0,201142|1629006|1630578|1631095|1641708,1,REG,2026,1610612745,,,,,
22500218392,,Shot Chart Detail,22500218,392,1629006,Josh Okogie,1610612745,Houston Rockets,3,11,27,Missed Shot,Running Jump Shot,3PT Field Goal,Right Corner 3,Right Side(R),24+ ft.,22,225,15,1,0,20251112,HOU,WAS,14730,0,201142|1629006|1630578|1631095|1641708,0,REG,2026,1610612745,,,,,
22500218394,,Shot Chart Detail,22500218,394,1629006,Josh Okogie,1610612745,Houston Rockets,3,11,23,Made Shot,Driving Layup Shot,2PT Field Goal,Restricted Area,Center(C),Less Than 8 ft.,2,15,19,1,1,20251112,HOU,WAS,14770,0,201142|1629006|1630578|1631095|1641708,0,REG,2026,1610612745,,,,,
22500218401,,Shot Chart Detail,22500218,401,1631095,Jabari Smith Jr.,1610612745,Houston Rockets,3,10,44,Missed Shot,Jump Shot,3PT Field Goal,Right Corner 3,Right Side(R),24+ ft.,23,232,4,1,0,20251112,HOU,WAS,15160,0,201142|1629006|1630578|1631095|1641708,0,REG,2026,1610612745,,,,,
22500218406,,Shot Chart Detail,22500218,406,1631095,Jabari Smith Jr.,1610612745,Houston Rockets,3,10,10,Missed Shot,Turnaround Fadeaway shot,2PT Field Goal,Mid-Range,Right Side(R),8-16 ft.,13,119,64,1,0,20251112,HOU,WAS,15500,0,201142|1629006|1630578|1631095|1641708,0,REG,2026,1610612745,,,,,
22500218414,,Shot Chart Detail,22500218,414,1641708,Amen Thompson,1610612745,Houston Rockets,3,9,32,Made Shot,Cutting Dunk Shot,2PT Field Goal,Restricted Area,Center(C),Less Than 8 ft.,1,5,11,1,1,20251112,HOU,WAS,15880,0,201142|1629006|1630578|1631095|1641708,1,REG,2026,1610612745,,,,,
22500218425,,Shot Chart Detail,22500218,425,1629006,Josh Okogie,1610612745,Houston Rockets,3,8,32,Missed Shot,Alley Oop Layup shot,2PT Field Goal,In The Paint (Non-RA),Center(C),Less Than 8 ft.,5,-44,27,1,0,20251112,HOU,WAS,16480,0,201142|1629006|1630578|1631095|1641708,0,REG,2026,1610612745,,,,,
22500218431,,Shot Chart Detail,22500218,431,1629006,Josh Okogie,1610612745,Houston Rockets,3,8,1,Missed Shot,Jump Shot,3PT Field Goal,Above the Break 3,Left Side Center(LC),24+ ft.,24,-174,179,1,0,20251112,HOU,WAS,16790,0,201142|1629006|1630578|1631095|1641708,0,REG,2026,1610612745,,,,,
22500218437,,Shot Chart Detail,22500218,437,1630578,Alperen Sengun,1610612745,Houston Rockets,3,7,25,Made Shot,Driving Dunk Shot,2PT Field Goal,Restricted Area,Center(C),Less Than 8 ft.,3,-9,31,1,1,20251112,HOU,WAS,17150,0,201142|1629006|1630578|1631095|1641708,0,REG,2026,1610612745,,,,,
22500218445,,Shot Chart Detail,22500218,445,201142,Kevin Durant,1610612745,Houston Rockets,3,6,19,Missed Shot,Pullup Jump shot,3PT Field Goal,Above the Break 3,Right Side Center(RC),24+ ft.,24,154,194,1,0,20251112,HOU,WAS,17810,0,201142|1629006|1630578|1631095|1641708,0,REG,2026,1610612745,,,,,
22500218451,,Shot Chart Detail,22500218,451,1641708,Amen Thompson,1610612745,Houston Rockets,3,5,56,Made Shot,Driving Dunk Shot,2PT Field Goal,Restricted Area,Center(C),Less Than 8 ft.,1,-13,10,1,1,20251112,HOU,WAS,18040,0,201142|1629006|1630578|1631095|1641708,0,REG,2026,1610612745,,,,,
22500218453,,Shot Chart Detail,22500218,453,1641708,Amen Thompson,1610612745,Houston Rockets,3,5,14,Missed Shot,Driving Finger Roll Layup Shot,2PT Field Goal,Restricted Area,Center(C),Less Than 8 ft.,3,-38,10,1,0,20251112,HOU,WAS,18460,0,201142|1629006|1630578|1631095|1641708,0,REG,2026,1610612745,,,,,
22500218457,,Shot Chart Detail,22500218,457,1630578,Alperen Sengun,1610612745,Houston Rockets,3,4,52,Missed Shot,Turnaround Hook Shot,2PT Field Goal,In The Paint (Non-RA),Center(C),8-16 ft.,11,-15,115,1,0,20251112,HOU,WAS,18680,0,201142|1629006|1630578|1631095|1641708,0,REG,2026,1610612745,,,,,
22500218481,,Shot Chart Detail,22500218,481,1631095,Jabari Smith Jr.,1610612745,Houston Rockets,3,3,55,Made Shot,Pullup Jump shot,2PT Field Goal,In The Paint (Non-RA),Center(C),Less Than 8 ft.,5,-9,59,1,1,20251112,HOU,WAS,19250,0,201142|203500|1631095|1631106|1642263,1,REG,2026,1610612745,,,,,
22500218485,,Shot Chart Detail,22500218,485,201142,Kevin Durant,1610612745,Houston Rockets,3,3,30,Made Shot,Pullup Jump shot,2PT Field Goal,In The Paint (Non-RA),Center(C),8-16 ft.,13,-67,122,1,1,20251112,HOU,WAS,19500,0,201142|203500|1631095|1631106|1642263,1,REG,2026,1610612745,,,,,
22500218489,,Shot Chart Detail,22500218,489,201142,Kevin Durant,1610612745,Houston Rockets,3,3,2,Missed Shot,Driving Floating Bank Jump Shot,2PT Field Goal,In The Paint (Non-RA),Center(C),Less Than 8 ft.,5,45,25,1,0,20251112,HOU,WAS,19780,0,201142|203500|1631095|1631106|1642263,0,REG,2026,1610612745,,,,,
22500218493,,Shot Chart Detail,22500218,493,1642263,Reed Sheppard,1610612745,Houston Rockets,3,2,42,Made Shot,Pullup Jump shot,3PT Field Goal,Above the Break 3,Left Side Center(LC),24+ ft.,27,-162,226,1,1,20251112,HOU,WAS,19980,0,201142|203500|1631095|1631106|1642263,0,REG,2026,1610612745,,,,,
22500218496,,Shot Chart Detail,22500218,496,1631095,Jabari Smith Jr.,1610612745,Houston Rockets,3,2,10,Made Shot,Fadeaway Jump Shot,2PT Field Goal,In The Paint (Non-RA),Center(C),8-16 ft.,9,33,92,1,1,20251112,HOU,WAS,20300,0,201142|203500|1631095|1631106|1642263,0,REG,2026,1610612745,,,,,
22500218511,,Shot Chart Detail,22500218,511,201142,Kevin Durant,1610612745,Houston Rockets,3,1,4,Missed Shot,Driving Layup Shot,2PT Field Goal,In The Paint (Non-RA),Center(C),Less Than 8 ft.,7,-74,29,1,0,20251112,HOU,WAS,20960,0,201142|203500|1630256|1631106|1642263,0,REG,2026,1610612745,,,,,
22500218516,,Shot Chart Detail,22500218,516,201142,Kevin Durant,1610612745,Houston Rockets,3,0,35,Missed Shot,Pullup Jump shot,2PT Field Goal,In The Paint (Non-RA),Center(C),8-16 ft.,11,2,113,1,0,20251112,HOU,WAS,21250,0,201142|203500|1630256|1631106|1642263,0,REG,2026,1610612745,,,,,
22500218522,,Shot Chart Detail,22500218,522,1642263,Reed Sheppard,1610612745,Houston Rockets,3,0,9,Made Shot,Step Back Jump shot,3PT Field Goal,Above the Break 3,Left Side Center(LC),24+ ft.,26,-192,180,1,1,20251112,HOU,WAS,21510,0,201142|203500|1630256|1631106|1642263,1,REG,2026,1610612745,,,,,
22500218536,,Shot Chart Detail,22500218,536,1641708,Amen Thompson,1610612745,Houston Rockets,4,11,21,Made Shot,Jump Shot,3PT Field Goal,Above the Break 3,Center(C),24+ ft.,27,77,261,1,1,20251112,HOU,WAS,21990,0,203500|1629006|1631106|1641708|1642263,1,REG,2026,1610612745,,,,,
22500218541,,Shot Chart Detail,22500218,541,1631106,Tari Eason,1610612745,Houston Rockets,4,10,38,Made Shot,Jump Shot,3PT Field Goal,Above the Break 3,Left Side Center(LC),24+ ft.,26,-195,174,1,1,20251112,HOU,WAS,22420,0,203500|1629006|1631106|1641708|1642263,1,REG,2026,1610612745,,,,,
22500218545,,Shot Chart Detail,22500218,545,1641708,Amen Thompson,1610612745,Houston Rockets,4,10,10,Missed Shot,Driving Finger Roll Layup Shot,2PT Field Goal,In The Paint (Non-RA),Center(C),Less Than 8 ft.,4,-33,25,1,0,20251112,HOU,WAS,22700,0,203500|1629006|1631106|1641708|1642263,0,REG,2026,1610612745,,,,,
22500218548,,Shot Chart Detail,22500218,548,1642263,Reed Sheppard,1610612745,Houston Rockets,4,9,37,Made Shot,Jump Shot,3PT Field Goal,Above the Break 3,Center(C),24+ ft.,26,18,263,1,1,20251112,HOU,WAS,23030,0,203500|1629006|1631106|1641708|1642263,1,REG,2026,1610612745,,,,,
22500218558,,Shot Chart Detail,22500218,558,1642263,Reed Sheppard,1610612745,Houston Rockets,4,9,15,Made Shot,Cutting Layup Shot,2PT Field Goal,Restricted Area,Center(C),Less Than 8 ft.,1,9,14,1,1,20251112,HOU,WAS,23250,0,203500|1629006|1631106|1641708|1642263,1,REG,2026,1610612745,,,,,
22500218566,,Shot Chart Detail,22500218,566,203500,Steven Adams,1610612745,Houston Rockets,4,8,38,Missed Shot,Cutting Layup Shot,2PT Field Goal,In The Paint (Non-RA),Center(C),Less Than 8 ft.,5,-1,55,1,0,20251112,HOU,WAS,23620,0,203500|1629006|1631106|1641708|1642263,0,REG,2026,1610612745,,,,,
22500218579,,Shot Chart Detail,22500218,579,1631106,Tari Eason,1610612745,Houston Rockets,4,8,11,Missed Shot,Pullup Jump shot,2PT Field Goal,In The Paint (Non-RA),Center(C),8-16 ft.,12,10,129,1,0,20251112,HOU,WAS,23890,0,1629006|1630578|1631106|1641708|1642263,0,REG,2026,1610612745,,,,,
22500218581,,Shot Chart Detail,22500218,581,1631106,Tari Eason,1610612745,Houston Rockets,4,8,6,Missed Shot,Putback Layup Shot,2PT Field Goal,Restricted Area,Center(C),Less Than 8 ft.,3,-23,25,1,0,20251112,HOU,WAS,23940,0,1629006|1630578|1631106|1641708|1642263,0,REG,2026,1610612745,,,,,
22500218583,,Shot Chart Detail,22500218,583,1631106,Tari Eason,1610612745,Houston Rockets,4,8,4,Made Shot,Tip Layup Shot,2PT Field Goal,Restricted Area,Center(C),Less Than 8 ft.,0,0,0,1,1,20251112,HOU,WAS,23960,0,1629006|1630578|1631106|1641708|1642263,0,REG,2026,1610612745,,,,,
22500218587,,Shot Chart Detail,22500218,587,1630578,Alperen Sengun,1610612745,Houston Rockets,4,7,31,Missed Shot,Driving Reverse Layup Shot,2PT Field Goal,Restricted Area,Center(C),Less Than 8 ft.,2,9,19,1,0,20251112,HOU,WAS,24290,0,1629006|1630578|1631106|1641708|1642263,0,REG,2026,1610612745,,,,,
22500218590,,Shot Chart Detail,22500218,590,1631106,Tari Eason,1610612745,Houston Rockets,4,7,28,Made Shot,Driving Layup Shot,2PT Field Goal,Restricted Area,Center(C),Less Than 8 ft.,1,-5,10,1,1,20251112,HOU,WAS,24320,0,1629006|1630578|1631106|1641708|1642263,0,REG,2026,1610612745,,,,,
22500218598,,Shot Chart Detail,22500218,598,1642263,Reed Sheppard,1610612745,Houston Rockets,4,7,4,Made Shot,Jump Shot,3PT Field Goal,Above the Break 3,Left Side Center(LC),24+ ft.,27,-142,234,1,1,20251112,HOU,WAS,24560,0,1629006|1630578|1631106|1641708|1642263,1,REG,2026,1610612745,,,,,
22500218612,,Shot Chart Detail,22500218,612,1641708,Amen Thompson,1610612745,Houston Rockets,4,6,5,Made Shot,Pullup Jump shot,2PT Field Goal,Mid-Range,Center(C),16-24 ft.,17,-17,174,1,1,20251112,HOU,WAS,25150,0,1630578|1631095|1631106|1641708|1642263,0,REG,2026,1610612745,,,,,
22500218637,,Shot Chart Detail,22500218,637,1631095,Jabari Smith Jr.,1610612745,Houston Rockets,4,4,18,Missed Shot,Jump Shot,3PT Field Goal,Left Corner 3,Left Side(L),24+ ft.,23,-232,-12,1,0,20251112,HOU,WAS,26220,0,201142|1630578|1631095|1641708|1642263,0,REG,2026,1610612745,,,,,
22500218642,,Shot Chart Detail,22500218,642,1631095,Jabari Smith Jr.,1610612745,Houston Rockets,4,3,46,Missed Shot,Turnaround Fadeaway shot,2PT Field Goal,Mid-Range,Left Side(L),8-16 ft.,11,-116,0,1,0,20251112,HOU,WAS,26540,0,201142|1630578|1631095|1641708|1642263,0,REG,2026,1610612745,,,,,
22500218646,,Shot Chart Detail,22500218,646,1630578,Alperen Sengun,1610612745,Houston Rockets,4,3,22,Made Shot,Jump Shot,3PT Field Goal,Above the Break 3,Right Side Center(RC),24+ ft.,26,154,211,1,1,20251112,HOU,WAS,26780,0,201142|1630578|1631095|1641708|1642263,1,REG,2026,1610612745,,,,,
22500218671,,Shot Chart Detail,22500218,671,201145,Jeff Green,1610612745,Houston Rockets,4,2,46,Missed Shot,Jump Shot,3PT Field Goal,Above the Break 3,Right Side Center(RC),24+ ft.,26,197,176,1,0,20251112,HOU,WAS,27140,0,201145|203991|1628988|1630256|1631120,0,REG,2026,1610612745,,,,,
22500218675,,Shot Chart Detail,22500218,675,1628988,Aaron Holiday,1610612745,Houston Rockets,4,2,19,Missed Shot,Jump Shot,3PT Field Goal,Above the Break 3,Center(C),24+ ft.,25,67,245,1,0,20251112,HOU,WAS,27410,0,201145|203991|1628988|1630256|1631120,0,REG,2026,1610612745,,,,,
22500218679,,Shot Chart Detail,22500218,679,1630256,Jae'Sean Tate,1610612745,Houston Rockets,4,1,54,Made Shot,Turnaround Hook Shot,2PT Field Goal,In The Paint (Non-RA),Center(C),Less Than 8 ft.,6,-61,21,1,1,20251112,HOU,WAS,27660,0,201145|203991|1628988|1630256|1631120,0,REG,2026,1610612745,,,,,
22500218681,,Shot Chart Detail,22500218,681,1631120,JD Davison,1610612745,Houston Rockets,4,1,31,Made Shot,Jump Shot,3PT Field Goal,Above the Break 3,Right Side Center(RC),24+ ft.,25,116,227,1,1,20251112,HOU,WAS,27890,0,201145|203991|1628988|1630256|1631120,1,REG,2026,1610612745,,,,,
22500218689,,Shot Chart Detail,22500218,689,201145,Jeff Green,1610612745,Houston Rockets,4,1,8,Made Shot,Jump Shot,3PT Field Goal,Right Corner 3,Right Side(R),24+ ft.,23,229,63,1,1,20251112,HOU,WAS,28120,0,201145|203991|1628988|1630256|1631120,1,REG,2026,1610612745,,,,,
22500218693,,Shot Chart Detail,22500218,693,1631120,JD Davison,1610612745,Houston Rockets,4,0,33,Missed Shot,Fadeaway Jump Shot,2PT Field Goal,Mid-Range,Right Side(R),8-16 ft.,9,97,-5,1,0,20251112,HOU,WAS,28470,0,201145|203991|1628988|1630256|1631120,0,REG,2026,1610612745,,,,,
2250023610,,Shot Chart Detail,22500236,10,1630578,Alperen Sengun,1610612745,Houston Rockets,1,11,20,Made Shot,Fadeaway Jump Shot,2PT Field Goal,Mid-Range,Right Side Center(RC),16-24 ft.,19,151,127,1,1,20251116,HOU,ORL,400,0,201142|1629006|1630578|1631095|1641708,0,REG,2026,1610612745,,,,,
2250023613,,Shot Chart Detail,22500236,13,1641708,Amen Thompson,1610612745,Houston Rockets,1,10,48,Missed Shot,Driving Floating Jump Shot,2PT Field Goal,In The Paint (Non-RA),Center(C),Less Than 8 ft.,7,69,21,1,0,20251116,HOU,ORL,720,0,201142|1629006|1630578|1631095|1641708,0,REG,2026,1610612745,,,,,
2250023617,,Shot Chart Detail,22500236,17,1630578,Alperen Sengun,1610612745,Houston Rockets,1,10,25,Made Shot,Turnaround Fadeaway shot,2PT Field Goal,Mid-Range,Left Side(L),8-16 ft.,15,-151,18,1,1,20251116,HOU,ORL,950,0,201142|1629006|1630578|1631095|1641708,0,REG,2026,1610612745,,,,,
2250023621,,Shot Chart Detail,22500236,21,1641708,Amen Thompson,1610612745,Houston Rockets,1,9,26,Missed Shot,Driving Layup Shot,2PT Field Goal,In The Paint (Non-RA),Center(C),Less Than 8 ft.,7,-60,52,1,0,20251116,HOU,ORL,1540,0,201142|1629006|1630578|1631095|1641708,0,REG,2026,1610612745,,,,,
2250023624,,Shot Chart Detail,22500236,24,201142,Kevin Durant,1610612745,Houston Rockets,1,9,18,Missed Shot,Step Back Jump shot,2PT Field Goal,Mid-Range,Left Side(L),8-16 ft.,13,-130,11,1,0,20251116,HOU,ORL,1620,0,201142|1629006|1630578|1631095|1641708,0,REG,2026,1610612745,,,,,
2250023627,,Shot Chart Detail,22500236,27,1631095,Jabari Smith Jr.,1610612745,Houston Rockets,1,8,46,Made Shot,Turnaround Fadeaway shot,2PT Field Goal,In The Paint (Non-RA),Center(C),8-16 ft.,13,-50,122,1,1,20251116,HOU,ORL,1940,0,201142|1629006|1630578|1631095|1641708,1,REG,2026,1610612745,,,,,
2250023638,,Shot Chart Detail,22500236,38,1630578,Alperen Sengun,1610612745,Houston Rockets,1,8,1,Missed Shot,Step Back Jump shot,2PT Field Goal,Mid-Range,Left Side(L),8-16 ft.,13,-132,33,1,0,20251116,HOU,ORL,2390,0,201142|1629006|1630578|1631095|1641708,0,REG,2026,1610612745,,,,,
2250023642,,Shot Chart Detail,22500236,42,1631095,Jabari Smith Jr.,1610612745,Houston Rockets,1,7,46,Missed Shot,Running Layup Shot,2PT Field Goal,In The Paint (Non-RA),Center(C),Less Than 8 ft.,4,29,31,1,0,20251116,HOU,ORL,2540,0,201142|1629006|1630578|1631095|1641708,0,REG,2026,1610612745,,,,,
2250023647,,Shot Chart Detail,22500236,47,1641708,Amen Thompson,1610612745,Houston Rockets,1,7,28,Missed Shot,Driving Floating Jump Shot,2PT Field Goal,In The Paint (Non-RA),Center(C),8-16 ft.,8,31,76,1,0,20251116,HOU,ORL,2720,0,201142|1629006|1630578|1631095|1641708,0,REG,2026,1610612745,,,,,
2250023656,,Shot Chart Detail,22500236,56,1630578,Alperen Sengun,1610612745,Houston Rockets,1,6,55,Missed Shot,Fadeaway Jump Shot,2PT Field Goal,Mid-Range,Right Side(R),8-16 ft.,14,132,69,1,0,20251116,HOU,ORL,3050,0,201142|1629006|1630578|1631095|1641708,0,REG,2026,1610612745,,,,,
2250023660,,Shot Chart Detail,22500236,60,1630578,Alperen Sengun,1610612745,Houston Rockets,1,6,10,Made Shot,Turnaround Hook Shot,2PT Field Goal,Mid-Range,Right Side(R),8-16 ft.,10,104,31,1,1,20251116,HOU,ORL,3500,0,201142|1629006|1630578|1631095|1641708,0,REG,2026,1610612745,,,,,
2250023663,,Shot Chart Detail,22500236,63,201142,Kevin Durant,1610612745,Houston Rockets,1,5,25,Made Shot,Pullup Jump shot,2PT Field Goal,Mid-Range,Right Side Center(RC),16-24 ft.,18,74,169,1,1,20251116,HOU,ORL,3950,0,201142|1629006|1630578|1631095|1641708,0,REG,2026,1610612745,,,,,
2250023666,,Shot Chart Detail,22500236,66,1630578,Alperen Sengun,1610612745,Houston Rockets,1,4,52,Missed Shot,Fadeaway Jump Shot,2PT Field Goal,In The Paint (Non-RA),Center(C),8-16 ft.,12,6,127,1,0,20251116,HOU,ORL,4280,0,201142|1629006|1630578|1631095|1641708,0,REG,2026,1610612745,,,,,
2250023669,,Shot Chart Detail,22500236,69,1631095,Jabari Smith Jr.,1610612745,Houston Rockets,1,4,26,Made Shot,Cutting Dunk Shot,2PT Field Goal,In The Paint (Non-RA),Center(C),Less Than 8 ft.,4,10,39,1,1,20251116,HOU,ORL,4540,0,201142|1629006|1630578|1631095|1641708,1,REG,2026,1610612745,,,,,
2250023674,,Shot Chart Detail,22500236,74,1630578,Alperen Sengun,1610612745,Houston Rockets,1,3,54,Missed Shot,Driving Reverse Layup Shot,2PT Field Goal,In The Paint (Non-RA),Center(C),Less Than 8 ft.,4,26,37,1,0,20251116,HOU,ORL,4860,0,201142|1629006|1630578|1631095|1641708,0,REG,2026,1610612745,,,,,
2250023679,,Shot Chart Detail,22500236,79,1630578,Alperen Sengun,1610612745,Houston Rockets,1,3,23,Missed Shot,Turnaround Hook Shot,2PT Field Goal,In The Paint (Non-RA),Center(C),Less Than 8 ft.,5,-23,50,1,0,20251116,HOU,ORL,5170,0,201142|1629006|1630578|1631095|1641708,0,REG,2026,1610612745,,,,,
22500236141,,Shot Chart Detail,22500236,141,1630578,Alperen Sengun,1610612745,Houston Rockets,1,3,22,Missed Shot,Tip Layup Shot,2PT Field Goal,Restricted Area,Center(C),Less Than 8 ft.,1,4,12,1,0,20251116,HOU,ORL,5180,0,201142|1629006|1630578|1631095|1641708,0,REG,2026,1610612745,,,,,
2250023681,,Shot Chart Detail,22500236,81,1631095,Jabari Smith Jr.,1610612745,Houston Rockets,1,3,16,Missed Shot,Jump Shot,3PT Field Goal,Above the Break 3,Right Side Center(RC),24+ ft.,25,183,181,1,0,20251116,HOU,ORL,5240,0,201142|1629006|1630578|1631095|1641708,0,REG,2026,1610612745,,,,,
2250023695,,Shot Chart Detail,22500236,95,201142,Kevin Durant,1610612745,Houston Rockets,1,3,6,Made Shot,Driving Layup Shot,2PT Field Goal,In The Paint (Non-RA),Center(C),Less Than 8 ft.,4,-16,41,1,1,20251116,HOU,ORL,5340,0,201142|203500|1628988|1631095|1642263,1,REG,2026,1610612745,,,,,
2250023699,,Shot Chart Detail,22500236,99,201142,Kevin Durant,1610612745,Houston Rockets,1,2,34,Made Shot,Driving Layup Shot,2PT Field Goal,In The Paint (Non-RA),Center(C),Less Than 8 ft.,4,36,34,1,1,20251116,HOU,ORL,5660,0,201142|203500|1628988|1631095|1642263,0,REG,2026,1610612745,,,,,
22500236105,,Shot Chart Detail,22500236,105,201142,Kevin Durant,1610612745,Houston Rockets,1,2,3,Missed Shot,Jump Shot,3PT Field Goal,Above the Break 3,Right Side Center(RC),24+ ft.,26,92,246,1,0,20251116,HOU,ORL,5970,0,201142|203500|1628988|1631095|1642263,0,REG,2026,1610612745,,,,,
22500236107,,Shot Chart Detail,22500236,107,203500,Steven Adams,1610612745,Houston Rockets,1,1,57,Missed Shot,Tip Layup Shot,2PT Field Goal,Restricted Area,Center(C),Less Than 8 ft.,0,0,0,1,0,20251116,HOU,ORL,6030,0,201142|203500|1628988|1631095|1642263,0,REG,2026,1610612745,,,,,
22500236110,,Shot Chart Detail,22500236,110,201142,Kevin Durant,1610612745,Houston Rockets,1,1,33,Made Shot,Fadeaway Jump Shot,2PT Field Goal,In The Paint (Non-RA),Center(C),8-16 ft.,10,15,104,1,1,20251116,HOU,ORL,6270,0,201142|203500|1628988|1631095|1642263,0,REG,2026,1610612745,,,,,
22500236120,,Shot Chart Detail,22500236,120,1628988,Aaron Holiday,1610612745,Houston Rockets,1,1,10,Made Shot,Running Layup Shot,2PT Field Goal,In The Paint (Non-RA),Center(C),Less Than 8 ft.,4,45,16,1,1,20251116,HOU,ORL,6500,0,201142|203500|1628988|1631095|1642263,1,REG,2026,1610612745,,,,,
22500236124,,Shot Chart Detail,22500236,124,203500,Steven Adams,1610612745,Houston Rockets,1,0,40,Missed Shot,Cutting Layup Shot,2PT Field Goal,In The Paint (Non-RA),Center(C),Less Than 8 ft.,4,12,39,1,0,20251116,HOU,ORL,6800,0,201142|203500|1628988|1631095|1642263,0,REG,2026,1610612745,,,,,
22500236128,,Shot Chart Detail,22500236,128,1631095,Jabari Smith Jr.,1610612745,Houston Rockets,1,0,24,Missed Shot,Running Pull-Up Jump Shot,2PT Field Goal,Mid-Range,Right Side(R),8-16 ft.,12,81,90,1,0,20251116,HOU,ORL,6960,0,201142|203500|1628988|1631095|1642263,0,REG,2026,1610612745,,,,,
22500236135,,Shot Chart Detail,22500236,135,1642263,Reed Sheppard,1610612745,Houston Rockets,1,0,4,Made Shot,Running Layup Shot,2PT Field Goal,In The Paint (Non-RA),Center(C),Less Than 8 ft.,4,33,27,1,1,20251116,HOU,ORL,7160,0,201142|203500|1628988|1631095|1642263,0,REG,2026,1610612745,,,,,
22500236138,,Shot Chart Detail,22500236,138,1642263,Reed Sheppard,1610612745,Houston Rockets,1,0,0,Missed Shot,Pullup Jump shot,3PT Field Goal,Above the Break 3,Right Side Center(RC),24+ ft.,29,96,278,1,0,20251116,HOU,ORL,7200,0,201142|203500|1628988|1631095|1642263,0,REG,2026,1610612745,,,,,
22500236151,,Shot Chart Detail,22500236,151,1630578,Alperen Sengun,1610612745,Houston Rockets,2,11,36,Missed Shot,Step Back Jump shot,2PT Field Goal,Mid-Range,Right Side Center(RC),16-24 ft.,19,82,181,1,0,20251116,HOU,ORL,7440,0,203500|1628988|1630578|1641708|1642263,0,REG,2026,1610612745,,,,,
22500236155,,Shot Chart Detail,22500236,155,1642263,Reed Sheppard,1610612745,Houston Rockets,2,11,0,Made Shot,Jump Shot,3PT Field Goal,Above the Break 3,Left Side Center(LC),24+ ft.,30,-150,260,1,1,20251116,HOU,ORL,7800,0,203500|1628988|1630578|1641708|1642263,1,REG,2026,1610612745,,,,,
22500236159,,Shot Chart Detail,22500236,159,1642263,Reed Sheppard,1610612745,Houston Rockets,2,10,33,Made Shot,Pullup Jump shot,2PT Field Goal,In The Paint (Non-RA),Right Side(R),8-16 ft.,14,75,121,1,1,20251116,HOU,ORL,8070,0,203500|1628988|1630578|1641708|1642263,0,REG,2026,1610612745,,,,,
22500236164,,Shot Chart Detail,22500236,164,1628988,Aaron Holiday,1610612745,Houston Rockets,2,9,40,Missed Shot,Driving Floating Jump Shot,2PT Field Goal,In The Paint (Non-RA),Center(C),8-16 ft.,13,-48,123,1,0,20251116,HOU,ORL,8600,0,203500|1628988|1630578|1641708|1642263,0,REG,2026,1610612745,,,,,
22500236179,,Shot Chart Detail,22500236,179,1628988,Aaron Holiday,1610612745,Houston Rockets,2,8,21,Made Shot,Jump Shot,3PT Field Goal,Above the Break 3,Center(C),24+ ft.,26,-74,253,1,1,20251116,HOU,ORL,9390,0,203500|1628988|1630578|1641708|1642263,1,REG,2026,1610612745,,,,,
22500236201,,Shot Chart Detail,22500236,201,1642263,Reed Sheppard,1610612745,Houston Rockets,2,6,50,Made Shot,Step Back Jump shot,3PT Field Goal,Above the Break 3,Right Side Center(RC),24+ ft.,27,162,216,1,1,20251116,HOU,ORL,10300,0,203500|1629006|1630578|1641708|1642263,0,REG,2026,1610612745,,,,,
22500236216,,Shot Chart Detail,22500236,216,203500,Steven Adams,1610612745,Houston Rockets,2,5,54,Missed Shot,Layup Shot,2PT Field Goal,In The Paint (Non-RA),Center(C),Less Than 8 ft.,5,26,44,1,0,20251116,HOU,ORL,10860,0,201142|203500|1629006|1630578|1641708,0,REG,2026,1610612745,,,,,
22500236220,,Shot Chart Detail,22500236,220,201142,Kevin Durant,1610612745,Houston Rockets,2,5,5,Missed Shot,Turnaround Fadeaway shot,2PT Field Goal,Mid-Range,Right Side(R),8-16 ft.,11,115,28,1,0,20251116,HOU,ORL,11350,0,201142|203500|1629006|1630578|1641708,0,REG,2026,1610612745,,,,,
22500236222,,Shot Chart Detail,22500236,222,1630578,Alperen Sengun,1610612745,Houston Rockets,2,4,56,Missed Shot,Driving Hook Shot,2PT Field Goal,In The Paint (Non-RA),Center(C),Less Than 8 ft.,5,4,54,1,0,20251116,HOU,ORL,11440,0,201142|203500|1629006|1630578|1641708,0,REG,2026,1610612745,,,,,
22500236240,,Shot Chart Detail,22500236,240,1631095,Jabari Smith Jr.,1610612745,Houston Rockets,2,4,7,Missed Shot,Pullup Jump shot,2PT Field Goal,Mid-Range,Right Side Center(RC),16-24 ft.,18,61,175,1,0,20251116,HOU,ORL,11930,0,201142|203500|1629006|1631095|1642263,0,REG,2026,1610612745,,,,,
22500236243,,Shot Chart Detail,22500236,243,201142,Kevin Durant,1610612745,Houston Rockets,2,3,34,Made Shot,Pullup Jump shot,2PT Field Goal,Mid-Range,Right Side(R),8-16 ft.,10,99,46,1,1,20251116,HOU,ORL,12260,0,201142|203500|1629006|1631095|1642263,0,REG,2026,1610612745,,,,,
22500236246,,Shot Chart Detail,22500236,246,1642263,Reed Sheppard,1610612745,Houston Rockets,2,3,10,Missed Shot,Pullup Jump shot,2PT Field Goal,In The Paint (Non-RA),Center(C),8-16 ft.,13,49,130,1,0,20251116,HOU,ORL,12500,0,201142|203500|1629006|1631095|1642263,0,REG,2026,1610612745,,,,,
22500236250,,Shot Chart Detail,22500236,250,201142,Kevin Durant,1610612745,Houston Rockets,2,2,48,Missed Shot,Pullup Jump shot,3PT Field Goal,Above the Break 3,Center(C),24+ ft.,26,55,257,1,0,20251116,HOU,ORL,12720,0,201142|203500|1629006|1631095|1642263,0,REG,2026,1610612745,,,,,
22500236263,,Shot Chart Detail,22500236,263,201142,Kevin Durant,1610612745,Houston Rockets,2,2,15,Missed Shot,Fadeaway Jump Shot,2PT Field Goal,In The Paint (Non-RA),Center(C),8-16 ft.,12,-4,123,1,0,20251116,HOU,ORL,13050,0,201142|1630578|1631095|1641708|1642263,0,REG,2026,1610612745,,,,,
22500236267,,Shot Chart Detail,22500236,267,1641708,Amen Thompson,1610612745,Houston Rockets,2,1,40,Missed Shot,Jump Shot,3PT Field Goal,Left Corner 3,Left Side(L),24+ ft.,23,-233,27,1,0,20251116,HOU,ORL,13400,0,201142|1630578|1631095|1641708|1642263,0,REG,2026,1610612745,,,,,
22500236287,,Shot Chart Detail,22500236,287,201142,Kevin Durant,1610612745,Houston Rockets,2,0,32,Made Shot,Pullup Jump shot,2PT Field Goal,In The Paint (Non-RA),Center(C),8-16 ft.,13,-56,125,1,1,20251116,HOU,ORL,14080,0,201142|1629006|1630578|1631095|1641708,0,REG,2026,1610612745,,,,,
22500236296,,Shot Chart Detail,22500236,296,201142,Kevin Durant,1610612745,Houston Rockets,3,11,40,Made Shot,Pullup Jump shot,2PT Field Goal,In The Paint (Non-RA),Center(C),8-16 ft.,10,0,101,1,1,20251116,HOU,ORL,14600,0,201142|1629006|1630578|1631095|1641708,1,REG,2026,1610612745,,,,,
22500236306,,Shot Chart Detail,22500236,306,1641708,Amen Thompson,1610612745,Houston Rockets,3,10,37,Missed Shot,Driving Layup Shot,2PT Field Goal,In The Paint (Non-RA),Center(C),Less Than 8 ft.,4,22,35,1,0,20251116,HOU,ORL,15230,0,201142|1629006|1630578|1631095|1641708,0,REG,2026,1610612745,,,,,
22500236309,,Shot Chart Detail,22500236,309,1630578,Alperen Sengun,1610612745,Houston Rockets,3,10,6,Missed Shot,Driving Floating Bank Jump Shot,2PT Field Goal,In The Paint (Non-RA),Center(C),8-16 ft.,9,44,88,1,0,20251116,HOU,ORL,15540,0,201142|1629006|1630578|1631095|1641708,0,REG,2026,1610612745,,,,,
22500236315,,Shot Chart Detail,22500236,315,201142,Kevin Durant,1610612745,Houston Rockets,3,9,40,Missed Shot,Pullup Jump shot,3PT Field Goal,Above the Break 3,Center(C),24+ ft.,25,-31,250,1,0,20251116,HOU,ORL,15800,0,201142|1629006|1630578|1631095|1641708,0,REG,2026,1610612745,,,,,
22500236317,,Shot Chart Detail,22500236,317,1630578,Alperen Sengun,1610612745,Houston Rockets,3,9,33,Made Shot,Hook Shot,2PT Field Goal,In The Paint (Non-RA),Center(C),Less Than 8 ft.,4,-1,48,1,1,20251116,HOU,ORL,15870,0,201142|1629006|1630578|1631095|1641708,0,REG,2026,1610612745,,,,,
22500236323,,Shot Chart Detail,22500236,323,1630578,Alperen Sengun,1610612745,Houston Rockets,3,8,51,Made Shot,Driving Layup Shot,2PT Field Goal,Restricted Area,Center(C),Less Than 8 ft.,3,26,25,1,1,20251116,HOU,ORL,16290,0,201142|1629006|1630578|1631095|1641708,1,REG,2026,1610612745,,,,,
22500236327,,Shot Chart Detail,22500236,327,1631095,Jabari Smith Jr.,1610612745,Houston Rockets,3,8,22,Made Shot,Jump Shot,3PT Field Goal,Above the Break 3,Left Side Center(LC),24+ ft.,24,-112,219,1,1,20251116,HOU,ORL,16580,0,201142|1629006|1630578|1631095|1641708,1,REG,2026,1610612745,,,,,
22500236332,,Shot Chart Detail,22500236,332,1630578,Alperen Sengun,1610612745,Houston Rockets,3,7,43,Missed Shot,Pullup Jump shot,2PT Field Goal,In The Paint (Non-RA),Center(C),Less Than 8 ft.,6,-26,58,1,0,20251116,HOU,ORL,16970,0,201142|1629006|1630578|1631095|1641708,0,REG,2026,1610612745,,,,,
22500236346,,Shot Chart Detail,22500236,346,201142,Kevin Durant,1610612745,Houston Rockets,3,7,6,Made Shot,Running Pull-Up Jump Shot,2PT Field Goal,In The Paint (Non-RA),Center(C),8-16 ft.,11,50,105,1,1,20251116,HOU,ORL,17340,0,201142|1629006|1630578|1631095|1641708,1,REG,2026,1610612745,,,,,
22500236350,,Shot Chart Detail,22500236,350,1641708,Amen Thompson,1610612745,Houston Rockets,3,6,41,Made Shot,Dunk Shot,2PT Field Goal,Restricted Area,Center(C),Less Than 8 ft.,3,-34,14,1,1,20251116,HOU,ORL,17590,0,201142|1629006|1630578|1631095|1641708,1,REG,2026,1610612745,,,,,
22500236379,,Shot Chart Detail,22500236,379,1642263,Reed Sheppard,1610612745,Houston Rockets,3,5,19,Made Shot,Driving Layup Shot,2PT Field Goal,Restricted Area,Center(C),Less Than 8 ft.,3,-28,19,1,1,20251116,HOU,ORL,18410,0,201142|203500|1629006|1631095|1642263,0,REG,2026,1610612745,,,,,
22500236395,,Shot Chart Detail,22500236,395,201142,Kevin Durant,1610612745,Houston Rockets,3,4,47,Missed Shot,Pullup Jump shot,3PT Field Goal,Above the Break 3,Center(C),24+ ft.,25,-15,252,1,0,20251116,HOU,ORL,18730,0,201142|203500|1628988|1631095|1642263,0,REG,2026,1610612745,,,,,
22500236406,,Shot Chart Detail,22500236,406,201142,Kevin Durant,1610612745,Houston Rockets,3,4,5,Made Shot,Pullup Jump shot,2PT Field Goal,In The Paint (Non-RA),Center(C),8-16 ft.,12,54,109,1,1,20251116,HOU,ORL,19150,0,201142|203500|1628988|1631095|1642263,0,REG,2026,1610612745,,,,,
22500236409,,Shot Chart Detail,22500236,409,1628988,Aaron Holiday,1610612745,Houston Rockets,3,3,39,Made Shot,Running Jump Shot,3PT Field Goal,Left Corner 3,Left Side(L),24+ ft.,23,-230,-12,1,1,20251116,HOU,ORL,19410,0,201142|203500|1628988|1631095|1642263,1,REG,2026,1610612745,,,,,
22500236425,,Shot Chart Detail,22500236,425,201142,Kevin Durant,1610612745,Houston Rockets,3,2,37,Missed Shot,Pullup Jump shot,3PT Field Goal,Above the Break 3,Left Side Center(LC),24+ ft.,24,-104,227,1,0,20251116,HOU,ORL,20030,0,201142|203500|1628988|1630578|1642263,0,REG,2026,1610612745,,,,,
22500236427,,Shot Chart Detail,22500236,427,203500,Steven Adams,1610612745,Houston Rockets,3,2,32,Missed Shot,Tip Layup Shot,2PT Field Goal,Restricted Area,Center(C),Less Than 8 ft.,0,0,0,1,0,20251116,HOU,ORL,20080,0,201142|203500|1628988|1630578|1642263,0,REG,2026,1610612745,,,,,
22500236429,,Shot Chart Detail,22500236,429,203500,Steven Adams,1610612745,Houston Rockets,3,2,30,Missed Shot,Tip Layup Shot,2PT Field Goal,Restricted Area,Center(C),Less Than 8 ft.,0,0,0,1,0,20251116,HOU,ORL,20100,0,201142|203500|1628988|1630578|1642263,0,REG,2026,1610612745,,,,,
22500236432,,Shot Chart Detail,22500236,432,1630578,Alperen Sengun,1610612745,Houston Rockets,3,2,5,Made Shot,Turnaround Hook Shot,2PT Field Goal,In The Paint (Non-RA),Center(C),Less Than 8 ft.,4,-1,40,1,1,20251116,HOU,ORL,20350,0,201142|203500|1628988|1630578|1642263,0,REG,2026,1610612745,,,,,
22500236440,,Shot Chart Detail,22500236,440,1630578,Alperen Sengun,1610612745,Houston Rockets,3,1,10,Missed Shot,Driving Floating Bank Jump Shot,2PT Field Goal,In The Paint (Non-RA),Left Side(L),8-16 ft.,9,-51,79,1,0,20251116,HOU,ORL,20900,0,201142|203500|1628988|1630578|1642263,0,REG,2026,1610612745,,,,,
22500236455,,Shot Chart Detail,22500236,455,201142,Kevin Durant,1610612745,Houston Rockets,3,0,32,Made Shot,Driving Floating Bank Jump Shot,2PT Field Goal,In The Paint (Non-RA),Center(C),Less Than 8 ft.,7,70,22,1,1,20251116,HOU,ORL,21280,0,201142|203500|1628988|1630578|1641708,0,REG,2026,1610612745,,,,,
22500236485,,Shot Chart Detail,22500236,485,1630578,Alperen Sengun,1610612745,Houston Rockets,4,10,55,Missed Shot,Turnaround Hook Shot,2PT Field Goal,In The Paint (Non-RA),Center(C),8-16 ft.,9,-11,92,1,0,20251116,HOU,ORL,22250,0,203500|1628988|1630578|1631095|1642263,0,REG,2026,1610612745,,,,,
22500236491,,Shot Chart Detail,22500236,491,1642263,Reed Sheppard,1610612745,Houston Rockets,4,10,37,Missed Shot,Running Pull-Up Jump Shot,3PT Field Goal,Above the Break 3,Left Side Center(LC),24+ ft.,28,-114,256,1,0,20251116,HOU,ORL,22430,0,203500|1628988|1630578|1631095|1642263,0,REG,2026,1610612745,,,,,
22500236497,,Shot Chart Detail,22500236,497,1642263,Reed Sheppard,1610612745,Houston Rockets,4,10,4,Made Shot,Pullup Jump shot,2PT Field Goal,In The Paint (Non-RA),Center(C),8-16 ft.,13,-67,119,1,1,20251116,HOU,ORL,22760,0,203500|1628988|1630578|1631095|1642263,0,REG,2026,1610612745,,,,,
22500236510,,Shot Chart Detail,22500236,510,1642263,Reed Sheppard,1610612745,Houston Rockets,4,9,37,Missed Shot,Driving Floating Jump Shot,2PT Field Goal,In The Paint (Non-RA),Right Side(R),8-16 ft.,9,50,80,1,0,20251116,HOU,ORL,23030,0,203500|1628988|1630578|1631095|1642263,0,REG,2026,1610612745,,,,,
22500236522,,Shot Chart Detail,22500236,522,1642263,Reed Sheppard,1610612745,Houston Rockets,4,9,24,Missed Shot,Running Layup Shot,2PT Field Goal,Restricted Area,Center(C),Less Than 8 ft.,3,17,36,1,0,20251116,HOU,ORL,23160,0,201142|203500|1630578|1631095|1642263,0,REG,2026,1610612745,,,,,
22500236527,,Shot Chart Detail,22500236,527,1630578,Alperen Sengun,1610612745,Houston Rockets,4,8,53,Made Shot,Floating Jump shot,2PT Field Goal,In The Paint (Non-RA),Center(C),Less Than 8 ft.,5,-17,57,1,1,20251116,HOU,ORL,23470,0,201142|203500|1630578|1631095|1642263,1,REG,2026,1610612745,,,,,
22500236536,,Shot Chart Detail,22500236,536,201142,Kevin Durant,1610612745,Houston Rockets,4,8,29,Missed Shot,Running Pull-Up Jump Shot,2PT Field Goal,Mid-Range,Right Side(R),8-16 ft.,12,97,82,1,0,20251116,HOU,ORL,23710,0,201142|1630578|1631095|1641708|1642263,0,REG,2026,1610612745,,,,,
22500236540,,Shot Chart Detail,22500236,540,1641708,Amen Thompson,1610612745,Houston Rockets,4,7,56,Missed Shot,Pullup Jump shot,2PT Field Goal,Mid-Range,Right Side Center(RC),16-24 ft.,22,70,215,1,0,20251116,HOU,ORL,24040,0,201142|1630578|1631095|1641708|1642263,0,REG,2026,1610612745,,,,,
22500236553,,Shot Chart Detail,22500236,553,1630578,Alperen Sengun,1610612745,Houston Rockets,4,7,18,Made Shot,Driving Dunk Shot,2PT Field Goal,In The Paint (Non-RA),Center(C),Less Than 8 ft.,4,-34,24,1,1,20251116,HOU,ORL,24420,0,201142|1630578|1631095|1641708|1642263,0,REG,2026,1610612745,,,,,
22500236556,,Shot Chart Detail,22500236,556,1630578,Alperen Sengun,1610612745,Houston Rockets,4,6,52,Missed Shot,Jump Shot,3PT Field Goal,Above the Break 3,Right Side Center(RC),24+ ft.,27,100,257,1,0,20251116,HOU,ORL,24680,0,201142|1630578|1631095|1641708|1642263,0,REG,2026,1610612745,,,,,
22500236578,,Shot Chart Detail,22500236,578,1641708,Amen Thompson,1610612745,Houston Rockets,4,4,50,Made Shot,Turnaround Fadeaway shot,2PT Field Goal,In The Paint (Non-RA),Center(C),Less Than 8 ft.,7,15,71,1,1,20251116,HOU,ORL,25900,0,201142|1630578|1631095|1641708|1642263,0,REG,2026,1610612745,,,,,
22500236585,,Shot Chart Detail,22500236,585,1631095,Jabari Smith Jr.,1610612745,Houston Rockets,4,4,19,Made Shot,Jump Shot,3PT Field Goal,Left Corner 3,Left Side(L),24+ ft.,23,-239,-5,1,1,20251116,HOU,ORL,26210,0,201142|1630578|1631095|1641708|1642263,1,REG,2026,1610612745,,,,,
22500236589,,Shot Chart Detail,22500236,589,201142,Kevin Durant,1610612745,Houston Rockets,4,3,41,Missed Shot,Pullup Jump shot,2PT Field Goal,Mid-Range,Right Side(R),8-16 ft.,14,97,111,1,0,20251116,HOU,ORL,26590,0,201142|1630578|1631095|1641708|1642263,0,REG,2026,1610612745,,,,,
22500236596,,Shot Chart Detail,22500236,596,201142,Kevin Durant,1610612745,Houston Rockets,4,3,31,Missed Shot,Pullup Jump shot,3PT Field Goal,Above the Break 3,Left Side Center(LC),24+ ft.,25,-102,229,1,0,20251116,HOU,ORL,26690,0,201142|1630578|1631095|1641708|1642263,0,REG,2026,1610612745,,,,,
22500236600,,Shot Chart Detail,22500236,600,201142,Kevin Durant,1610612745,Houston Rockets,4,2,49,Made Shot,Jump Shot,3PT Field Goal,Above the Break 3,Left Side Center(LC),24+ ft.,24,-134,211,1,1,20251116,HOU,ORL,27110,0,201142|1630578|1631095|1641708|1642263,1,REG,2026,1610612745,,,,,
22500236611,,Shot Chart Detail,22500236,611,1641708,Amen Thompson,1610612745,Houston Rockets,4,2,11,Missed Shot,Turnaround Fadeaway shot,2PT Field Goal,Mid-Range,Left Side(L),8-16 ft.,12,-127,5,1,0,20251116,HOU,ORL,27490,0,201142|203500|1630578|1631095|1641708,0,REG,2026,1610612745,,,,,
22500236620,,Shot Chart Detail,22500236,620,1630578,Alperen Sengun,1610612745,Houston Rockets,4,1,34,Made Shot,Turnaround Hook Shot,2PT Field Goal,Restricted Area,Center(C),Less Than 8 ft.,3,-4,37,1,1,20251116,HOU,ORL,27860,0,201142|1630578|1631095|1641708|1642263,0,REG,2026,1610612745,,,,,
22500236623,,Shot Chart Detail,22500236,623,1641708,Amen Thompson,1610612745,Houston Rockets,4,0,53,Missed Shot,Driving Floating Bank Jump Shot,2PT Field Goal,In The Paint (Non-RA),Center(C),Less Than 8 ft.,7,-72,34,1,0,20251116,HOU,ORL,28270,0,201142|1630578|1631095|1641708|1642263,0,REG,2026,1610612745,,,,,
22500236627,,Shot Chart Detail,22500236,627,201142,Kevin Durant,1610612745,Houston Rockets,4,0,21,Made Shot,Pullup Jump shot,3PT Field Goal,Above the Break 3,Center(C),24+ ft.,25,-39,252,1,1,20251116,HOU,ORL,28590,0,201142|1629006|1630578|1631095|1641708,0,REG,2026,1610612745,,,,,
22500236654,,Shot Chart Detail,22500236,654,1630578,Alperen Sengun,1610612745,Houston Rockets,4,0,0,Made Shot,Turnaround Hook Shot,2PT Field Goal,In The Paint (Non-RA),Center(C),Less Than 8 ft.,4,-4,48,1,1,20251116,HOU,ORL,28800,0,201142|203500|1630578|1631095|1641708,1,REG,2026,1610612745,,,,,
22500236669,,Shot Chart Detail,22500236,669,1641708,Amen Thompson,1610612745,Houston Rockets,5,4,42,Missed Shot,Driving Finger Roll Layup Shot,2PT Field Goal,In The Paint (Non-RA),Center(C),Less Than 8 ft.,5,-44,34,1,0,20251116,HOU,ORL,28980,1,201142|203500|1630578|1631095|1641708,0,REG,2026,1610612745,,,,,
22500236671,,Shot Chart Detail,22500236,671,203500,Steven Adams,1610612745,Houston Rockets,5,4,38,Missed Shot,Tip Layup Shot,2PT Field Goal,Restricted Area,Center(C),Less Than 8 ft.,0,0,0,1,0,20251116,HOU,ORL,29020,1,201142|203500|1630578|1631095|1641708,0,REG,2026,1610612745,,,,,
22500236674,,Shot Chart Detail,22500236,674,1631095,Jabari Smith Jr.,1610612745,Houston Rockets,5,4,11,Missed Shot,Jump Shot,3PT Field Goal,Above the Break 3,Right Side Center(RC),24+ ft.,24,200,142,1,0,20251116,HOU,ORL,29290,1,201142|203500|1630578|1631095|1641708,0,REG,2026,1610612745,,,,,
22500236676,,Shot Chart Detail,22500236,676,1630578,Alperen Sengun,1610612745,Houston Rockets,5,4,8,Missed Shot,Tip Layup Shot,2PT Field Goal,Restricted Area,Center(C),Less Than 8 ft.,0,0,0,1,0,20251116,HOU,ORL,29320,1,201142|203500|1630578|1631095|1641708,0,REG,2026,1610612745,,,,,
22500236678,,Shot Chart Detail,22500236,678,1630578,Alperen Sengun,1610612745,Houston Rockets,5,4,4,Missed Shot,Putback Layup Shot,2PT Field Goal,In The Paint (Non-RA),Center(C),Less Than 8 ft.,4,-31,32,1,0,20251116,HOU,ORL,29360,1,201142|203500|1630578|1631095|1641708,0,REG,2026,1610612745,,,,,
22500236737,,Shot Chart Detail,22500236,737,203500,Steven Adams,1610612745,Houston Rockets,5,4,3,Missed Shot,Tip Layup Shot,2PT Field Goal,Restricted Area,Center(C),Less Than 8 ft.,1,-6,-8,1,0,20251116,HOU,ORL,29370,1,201142|203500|1630578|1631095|1641708,0,REG,2026,1610612745,,,,,
22500236742,,Shot Chart Detail,22500236,742,1630578,Alperen Sengun,1610612745,Houston Rockets,5,4,2,Missed Shot,Tip Layup Shot,2PT Field Goal,Restricted Area,Center(C),Less Than 8 ft.,1,-7,10,1,0,20251116,HOU,ORL,29380,1,201142|203500|1630578|1631095|1641708,0,REG,2026,1610612745,,,,,
22500236680,,Shot Chart Detail,22500236,680,203500,Steven Adams,1610612745,Houston Rockets,5,3,58,Made Shot,Layup Shot,2PT Field Goal,Restricted Area,Center(C),Less Than 8 ft.,3,20,30,1,1,20251116,HOU,ORL,29420,1,201142|203500|1630578|1631095|1641708,1,REG,2026,1610612745,,,,,
22500236683,,Shot Chart Detail,22500236,683,1641708,Amen Thompson,1610612745,Houston Rockets,5,3,14,Made Shot,Reverse Dunk Shot,2PT Field Goal,Restricted Area,Center(C),Less Than 8 ft.,1,15,6,1,1,20251116,HOU,ORL,29860,1,201142|203500|1630578|1631095|1641708,1,REG,2026,1610612745,,,,,
22500236687,,Shot Chart Detail,22500236,687,1630578,Alperen Sengun,1610612745,Houston Rockets,5,2,30,Missed Shot,Driving Floating Jump Shot,2PT Field Goal,Mid-Range,Right Side(R),8-16 ft.,9,94,-10,1,0,20251116,HOU,ORL,30300,1,201142|203500|1630578|1631095|1641708,0,REG,2026,1610612745,,,,,
22500236692,,Shot Chart Detail,22500236,692,1630578,Alperen Sengun,1610612745,Houston Rockets,5,1,52,Made Shot,Driving Floating Jump Shot,2PT Field Goal,In The Paint (Non-RA),Center(C),8-16 ft.,10,9,105,1,1,20251116,HOU,ORL,30680,1,201142|203500|1630578|1631095|1641708,0,REG,2026,1610612745,,,,,
22500236701,,Shot Chart Detail,22500236,701,1630578,Alperen Sengun,1610612745,Houston Rockets,5,1,18,Missed Shot,Turnaround Hook Shot,2PT Field Goal,In The Paint (Non-RA),Center(C),Less Than 8 ft.,4,-6,48,1,0,20251116,HOU,ORL,31020,1,201142|203500|1630578|1631095|1641708,0,REG,2026,1610612745,,,,,
22500236703,,Shot Chart Detail,22500236,703,1630578,Alperen Sengun,1610612745,Houston Rockets,5,1,16,Missed Shot,Turnaround Hook Shot,2PT Field Goal,In The Paint (Non-RA),Center(C),Less Than 8 ft.,5,-16,51,1,0,20251116,HOU,ORL,31040,1,201142|203500|1630578|1631095|1641708,0,REG,2026,1610612745,,,,,
22500236705,,Shot Chart Detail,22500236,705,1630578,Alperen Sengun,1610612745,Houston Rockets,5,1,6,Missed Shot,Driving Layup Shot,2PT Field Goal,Restricted Area,Center(C),Less Than 8 ft.,3,-26,26,1,0,20251116,HOU,ORL,31140,1,201142|203500|1630578|1631095|1641708,0,REG,2026,1610612745,,,,,
22500236713,,Shot Chart Detail,22500236,713,1641708,Amen Thompson,1610612745,Houston Rockets,5,0,51,Made Shot,Dunk Shot,2PT Field Goal,Restricted Area,Center(C),Less Than 8 ft.,2,-25,16,1,1,20251116,HOU,ORL,31290,1,201142|203500|1630578|1631095|1641708,1,REG,2026,1610612745,,,,,
22500236718,,Shot Chart Detail,22500236,718,201142,Kevin Durant,1610612745,Houston Rockets,5,0,9,Made Shot,Pullup Jump shot,2PT Field Goal,In The Paint (Non-RA),Center(C),8-16 ft.,11,-42,108,1,1,20251116,HOU,ORL,31710,1,201142|1628988|1629006|1631095|1641708,0,REG,2026,1610612745,,,,,
225002559,,Shot Chart Detail,22500255,9,1641708,Amen Thompson,1610612745,Houston Rockets,1,11,22,Missed Shot,Jump Shot,3PT Field Goal,Right Corner 3,Right Side(R),24+ ft.,23,232,15,1,0,20251119,CLE,HOU,380,0,201142|203500|1630578|1631095|1641708,0,REG,2026,1610612745,,,,,
2250025517,,Shot Chart Detail,22500255,17,1631095,Jabari Smith Jr.,1610612745,Houston Rockets,1,10,52,Made Shot,Jump Shot,3PT Field Goal,Above the Break 3,Right Side Center(RC),24+ ft.,26,176,197,1,1,20251119,CLE,HOU,680,0,201142|203500|1630578|1631095|1641708,1,REG,2026,1610612745,,,,,
2250025521,,Shot Chart Detail,22500255,21,1641708,Amen Thompson,1610612745,Houston Rockets,1,10,33,Missed Shot,Running Layup Shot,2PT Field Goal,Restricted Area,Center(C),Less Than 8 ft.,2,7,26,1,0,20251119,CLE,HOU,870,0,201142|203500|1630578|1631095|1641708,0,REG,2026,1610612745,,,,,
2250025523,,Shot Chart Detail,22500255,23,1630578,Alperen Sengun,1610612745,Houston Rockets,1,10,25,Missed Shot,Driving Floating Jump Shot,2PT Field Goal,Restricted Area,Center(C),Less Than 8 ft.,1,10,8,1,0,20251119,CLE,HOU,950,0,201142|203500|1630578|1631095|1641708,0,REG,2026,1610612745,,,,,
2250025531,,Shot Chart Detail,22500255,31,203500,Steven Adams,1610612745,Houston Rockets,1,10,24,Made Shot,Tip Layup Shot,2PT Field Goal,Restricted Area,Center(C),Less Than 8 ft.,3,-17,25,1,1,20251119,CLE,HOU,960,0,201142|203500|1630578|1631095|1641708,0,REG,2026,1610612745,,,,,
2250025537,,Shot Chart Detail,22500255,37,201142,Kevin Durant,1610612745,Houston Rockets,1,9,42,Missed Shot,Pullup Jump shot,2PT Field Goal,In The Paint (Non-RA),Center(C),8-16 ft.,11,-49,109,1,0,20251119,CLE,HOU,1380,0,201142|203500|1630578|1631095|1641708,0,REG,2026,1610612745,,,,,
2250025542,,Shot Chart Detail,22500255,42,1631095,Jabari Smith Jr.,1610612745,Houston Rockets,1,9,14,Missed Shot,Jump Shot,3PT Field Goal,Left Corner 3,Left Side(L),24+ ft.,24,-241,6,1,0,20251119,CLE,HOU,1660,0,201142|203500|1630578|1631095|1641708,0,REG,2026,1610612745,,,,,
2250025545,,Shot Chart Detail,22500255,45,1630578,Alperen Sengun,1610612745,Houston Rockets,1,8,39,Made Shot,Turnaround Jump Shot,2PT Field Goal,Mid-Range,Center(C),8-16 ft.,14,25,142,1,1,20251119,CLE,HOU,2010,0,201142|203500|1630578|1631095|1641708,0,REG,2026,1610612745,,,,,
2250025547,,Shot Chart Detail,22500255,47,1641708,Amen Thompson,1610612745,Houston Rockets,1,8,2,Made Shot,Jump Bank Shot,2PT Field Goal,In The Paint (Non-RA),Center(C),Less Than 8 ft.,7,45,64,1,1,20251119,CLE,HOU,2380,0,201142|203500|1630578|1631095|1641708,0,REG,2026,1610612745,,,,,
2250025564,,Shot Chart Detail,22500255,64,1631095,Jabari Smith Jr.,1610612745,Houston Rockets,1,6,18,Made Shot,Tip Layup Shot,2PT Field Goal,Restricted Area,Center(C),Less Than 8 ft.,0,0,0,1,1,20251119,CLE,HOU,3420,0,201142|203500|1630578|1631095|1641708,0,REG,2026,1610612745,,,,,
2250025562,,Shot Chart Detail,22500255,62,1631095,Jabari Smith Jr.,1610612745,Houston Rockets,1,6,18,Missed Shot,Driving Reverse Layup Shot,2PT Field Goal,Restricted Area,Center(C),Less Than 8 ft.,1,10,16,1,0,20251119,CLE,HOU,3420,0,201142|203500|1630578|1631095|1641708,0,REG,2026,1610612745,,,,,
2250025583,,Shot Chart Detail,22500255,83,1642263,Reed Sheppard,1610612745,Houston Rockets,1,5,45,Missed Shot,Pullup Jump shot,3PT Field Goal,Above the Break 3,Left Side Center(LC),24+ ft.,26,-115,242,1,0,20251119,CLE,HOU,3750,0,201142|203991|1629006|1631095|1642263,0,REG,2026,1610612745,,,,,
2250025587,,Shot Chart Detail,22500255,87,201142,Kevin Durant,1610612745,Houston Rockets,1,5,20,Missed Shot,Fadeaway Jump Shot,2PT Field Goal,Mid-Range,Right Side(R),8-16 ft.,9,96,4,1,0,20251119,CLE,HOU,4000,0,201142|203991|1629006|1631095|1642263,0,REG,2026,1610612745,,,,,
2250025589,,Shot Chart Detail,22500255,89,203991,Clint Capela,1610612745,Houston Rockets,1,5,13,Made Shot,Tip Layup Shot,2PT Field Goal,Restricted Area,Center(C),Less Than 8 ft.,0,0,0,1,1,20251119,CLE,HOU,4070,0,201142|203991|1629006|1631095|1642263,0,REG,2026,1610612745,,,,,
2250025592,,Shot Chart Detail,22500255,92,201142,Kevin Durant,1610612745,Houston Rockets,1,4,58,Missed Shot,Jump Shot,3PT Field Goal,Above the Break 3,Left Side Center(LC),24+ ft.,25,-154,197,1,0,20251119,CLE,HOU,4220,0,201142|203991|1629006|1631095|1642263,0,REG,2026,1610612745,,,,,
2250025597,,Shot Chart Detail,22500255,97,203991,Clint Capela,1610612745,Houston Rockets,1,4,20,Missed Shot,Driving Layup Shot,2PT Field Goal,Restricted Area,Center(C),Less Than 8 ft.,1,11,5,1,0,20251119,CLE,HOU,4600,0,201142|203991|1629006|1631095|1642263,0,REG,2026,1610612745,,,,,
22500255101,,Shot Chart Detail,22500255,101,1631095,Jabari Smith Jr.,1610612745,Houston Rockets,1,4,0,Made Shot,Pullup Jump shot,3PT Field Goal,Above the Break 3,Left Side Center(LC),24+ ft.,26,-211,160,1,1,20251119,CLE,HOU,4800,0,201142|203991|1629006|1631095|1642263,0,REG,2026,1610612745,,,,,
22500255106,,Shot Chart Detail,22500255,106,1642263,Reed Sheppard,1610612745,Houston Rockets,1,3,34,Made Shot,Driving Floating Bank Jump Shot,2PT Field Goal,Restricted Area,Center(C),Less Than 8 ft.,1,-10,15,1,1,20251119,CLE,HOU,5060,0,201142|203991|1629006|1631095|1642263,0,REG,2026,1610612745,,,,,
22500255120,,Shot Chart Detail,22500255,120,1630578,Alperen Sengun,1610612745,Houston Rockets,1,2,59,Made Shot,Turnaround Hook Shot,2PT Field Goal,In The Paint (Non-RA),Center(C),8-16 ft.,8,-31,74,1,1,20251119,CLE,HOU,5410,0,203991|1629006|1630578|1641708|1642263,0,REG,2026,1610612745,,,,,
22500255128,,Shot Chart Detail,22500255,128,1641708,Amen Thompson,1610612745,Houston Rockets,1,2,23,Made Shot,Driving Dunk Shot,2PT Field Goal,Restricted Area,Center(C),Less Than 8 ft.,0,-2,-3,1,1,20251119,CLE,HOU,5770,0,203991|1629006|1630578|1641708|1642263,0,REG,2026,1610612745,,,,,
22500255138,,Shot Chart Detail,22500255,138,1642263,Reed Sheppard,1610612745,Houston Rockets,1,1,23,Made Shot,Jump Shot,3PT Field Goal,Above the Break 3,Left Side Center(LC),24+ ft.,31,-151,273,1,1,20251119,CLE,HOU,6370,0,203991|1629006|1630578|1641708|1642263,1,REG,2026,1610612745,,,,,
22500255142,,Shot Chart Detail,22500255,142,1629006,Josh Okogie,1610612745,Houston Rockets,1,0,47,Missed Shot,Driving Floating Jump Shot,2PT Field Goal,In The Paint (Non-RA),Center(C),8-16 ft.,8,-5,81,1,0,20251119,CLE,HOU,6730,0,203991|1629006|1630578|1641708|1642263,0,REG,2026,1610612745,,,,,
22500255147,,Shot Chart Detail,22500255,147,1642263,Reed Sheppard,1610612745,Houston Rockets,1,0,14,Made Shot,Jump Shot,3PT Field Goal,Above the Break 3,Right Side Center(RC),24+ ft.,26,202,173,1,1,20251119,CLE,HOU,7060,0,203991|1629006|1630578|1641708|1642263,1,REG,2026,1610612745,,,,,
22500255171,,Shot Chart Detail,22500255,171,1630578,Alperen Sengun,1610612745,Houston Rockets,2,11,36,Missed Shot,Turnaround Hook Shot,2PT Field Goal,In The Paint (Non-RA),Center(C),8-16 ft.,13,-28,128,1,0,20251119,CLE,HOU,7440,0,203991|1628988|1630578|1641708|1642263,0,REG,2026,1610612745,,,,,
22500255176,,Shot Chart Detail,22500255,176,1642263,Reed Sheppard,1610612745,Houston Rockets,2,11,19,Missed Shot,Jump Shot,3PT Field Goal,Above the Break 3,Left Side Center(LC),24+ ft.,26,-214,159,1,0,20251119,CLE,HOU,7610,0,203991|1628988|1630578|1641708|1642263,0,REG,2026,1610612745,,,,,
22500255180,,Shot Chart Detail,22500255,180,1630578,Alperen Sengun,1610612745,Houston Rockets,2,10,40,Missed Shot,Step Back Bank Jump Shot,2PT Field Goal,Mid-Range,Center(C),8-16 ft.,15,42,147,1,0,20251119,CLE,HOU,8000,0,203991|1628988|1630578|1641708|1642263,0,REG,2026,1610612745,,,,,
22500255187,,Shot Chart Detail,22500255,187,1628988,Aaron Holiday,1610612745,Houston Rockets,2,10,10,Missed Shot,Jump Shot,3PT Field Goal,Above the Break 3,Right Side Center(RC),24+ ft.,26,197,172,1,0,20251119,CLE,HOU,8300,0,203991|1628988|1630578|1641708|1642263,0,REG,2026,1610612745,,,,,
22500255199,,Shot Chart Detail,22500255,199,1630578,Alperen Sengun,1610612745,Houston Rockets,2,9,13,Made Shot,Turnaround Hook Shot,2PT Field Goal,In The Paint (Non-RA),Center(C),8-16 ft.,9,-43,86,1,1,20251119,CLE,HOU,8870,0,203500|1628988|1630578|1641708|1642263,0,REG,2026,1610612745,,,,,
22500255206,,Shot Chart Detail,22500255,206,1641708,Amen Thompson,1610612745,Houston Rockets,2,8,54,Missed Shot,Driving Floating Jump Shot,2PT Field Goal,In The Paint (Non-RA),Center(C),Less Than 8 ft.,6,25,59,1,0,20251119,CLE,HOU,9060,0,201142|203500|1628988|1641708|1642263,0,REG,2026,1610612745,,,,,
22500255213,,Shot Chart Detail,22500255,213,1642263,Reed Sheppard,1610612745,Houston Rockets,2,8,33,Made Shot,Driving Floating Jump Shot,2PT Field Goal,In The Paint (Non-RA),Center(C),8-16 ft.,13,40,130,1,1,20251119,CLE,HOU,9270,0,201142|203500|1628988|1641708|1642263,1,REG,2026,1610612745,,,,,
22500255233,,Shot Chart Detail,22500255,233,1628988,Aaron Holiday,1610612745,Houston Rockets,2,7,34,Made Shot,Driving Layup Shot,2PT Field Goal,Restricted Area,Center(C),Less Than 8 ft.,0,0,1,1,1,20251119,CLE,HOU,9860,0,201142|203500|1628988|1631095|1642263,0,REG,2026,1610612745,,,,,
22500255237,,Shot Chart Detail,22500255,237,201142,Kevin Durant,1610612745,Houston Rockets,2,6,55,Made Shot,Fadeaway Jump Shot,2PT Field Goal,Mid-Range,Left Side(L),8-16 ft.,11,-116,25,1,1,20251119,CLE,HOU,10250,0,201142|203500|1628988|1631095|1642263,0,REG,2026,1610612745,,,,,
22500255240,,Shot Chart Detail,22500255,240,201142,Kevin Durant,1610612745,Houston Rockets,2,6,13,Missed Shot,Fadeaway Jump Shot,2PT Field Goal,Mid-Range,Left Side(L),8-16 ft.,15,-135,84,1,0,20251119,CLE,HOU,10670,0,201142|203500|1628988|1631095|1642263,0,REG,2026,1610612745,,,,,
22500255245,,Shot Chart Detail,22500255,245,1631095,Jabari Smith Jr.,1610612745,Houston Rockets,2,5,44,Missed Shot,Jump Shot,3PT Field Goal,Above the Break 3,Right Side Center(RC),24+ ft.,26,213,151,1,0,20251119,CLE,HOU,10960,0,201142|203500|1628988|1631095|1642263,0,REG,2026,1610612745,,,,,
22500255247,,Shot Chart Detail,22500255,247,201142,Kevin Durant,1610612745,Houston Rockets,2,5,39,Made Shot,Jump Shot,3PT Field Goal,Above the Break 3,Left Side Center(LC),24+ ft.,26,-200,172,1,1,20251119,CLE,HOU,11010,0,201142|203500|1628988|1631095|1642263,1,REG,2026,1610612745,,,,,
22500255268,,Shot Chart Detail,22500255,268,1641708,Amen Thompson,1610612745,Houston Rockets,2,5,17,Made Shot,Running Layup Shot,2PT Field Goal,Restricted Area,Center(C),Less Than 8 ft.,1,6,10,1,1,20251119,CLE,HOU,11230,0,201142|203500|1630578|1631095|1641708,0,REG,2026,1610612745,,,,,
22500255284,,Shot Chart Detail,22500255,284,1631095,Jabari Smith Jr.,1610612745,Houston Rockets,2,3,48,Missed Shot,Fadeaway Jump Shot,2PT Field Goal,Mid-Range,Left Side(L),16-24 ft.,17,-179,12,1,0,20251119,CLE,HOU,12120,0,201142|203500|1630578|1631095|1641708,0,REG,2026,1610612745,,,,,
22500255312,,Shot Chart Detail,22500255,312,203500,Steven Adams,1610612745,Houston Rockets,2,2,30,Missed Shot,Hook Shot,2PT Field Goal,In The Paint (Non-RA),Center(C),Less Than 8 ft.,5,-44,36,1,0,20251119,CLE,HOU,12900,0,201142|203500|1630578|1631095|1641708,0,REG,2026,1610612745,,,,,
22500255316,,Shot Chart Detail,22500255,316,201142,Kevin Durant,1610612745,Houston Rockets,2,2,18,Missed Shot,Pullup Jump shot,2PT Field Goal,In The Paint (Non-RA),Center(C),8-16 ft.,14,-60,137,1,0,20251119,CLE,HOU,13020,0,201142|203500|1630578|1631095|1641708,0,REG,2026,1610612745,,,,,
22500255319,,Shot Chart Detail,22500255,319,201142,Kevin Durant,1610612745,Houston Rockets,2,2,13,Missed Shot,Jump Shot,3PT Field Goal,Above the Break 3,Right Side Center(RC),24+ ft.,26,210,160,1,0,20251119,CLE,HOU,13070,0,201142|203500|1630578|1631095|1641708,0,REG,2026,1610612745,,,,,
22500255323,,Shot Chart Detail,22500255,323,1641708,Amen Thompson,1610612745,Houston Rockets,2,1,44,Missed Shot,Driving Layup Shot,2PT Field Goal,Restricted Area,Center(C),Less Than 8 ft.,1,12,6,1,0,20251119,CLE,HOU,13360,0,201142|203500|1630578|1631095|1641708,0,REG,2026,1610612745,,,,,
22500255325,,Shot Chart Detail,22500255,325,203500,Steven Adams,1610612745,Houston Rockets,2,1,43,Missed Shot,Tip Layup Shot,2PT Field Goal,Restricted Area,Center(C),Less Than 8 ft.,0,0,0,1,0,20251119,CLE,HOU,13370,0,201142|203500|1630578|1631095|1641708,0,REG,2026,1610612745,,,,,
22500255352,,Shot Chart Detail,22500255,352,201142,Kevin Durant,1610612745,Houston Rockets,2,0,45,Made Shot,Turnaround Fadeaway shot,2PT Field Goal,Mid-Range,Left Side(L),8-16 ft.,14,-145,7,1,1,20251119,CLE,HOU,13950,0,201142|1630578|1631095|1641708|1642263,0,REG,2026,1610612745,,,,,
22500255356,,Shot Chart Detail,22500255,356,1630578,Alperen Sengun,1610612745,Houston Rockets,2,0,26,Made Shot,Reverse Layup Shot,2PT Field Goal,Restricted Area,Center(C),Less Than 8 ft.,0,-6,4,1,1,20251119,CLE,HOU,14140,0,201142|1630578|1631095|1641708|1642263,1,REG,2026,1610612745,,,,,
22500255360,,Shot Chart Detail,22500255,360,1641708,Amen Thompson,1610612745,Houston Rockets,2,0,1,Missed Shot,Fadeaway Jump Shot,2PT Field Goal,Mid-Range,Left Side(L),8-16 ft.,14,-126,65,1,0,20251119,CLE,HOU,14390,0,201142|1630578|1631095|1641708|1642263,0,REG,2026,1610612745,,,,,
22500255370,,Shot Chart Detail,22500255,370,201142,Kevin Durant,1610612745,Houston Rockets,3,11,44,Missed Shot,Pullup Jump shot,2PT Field Goal,Mid-Range,Right Side Center(RC),16-24 ft.,16,99,137,1,0,20251119,CLE,HOU,14560,0,201142|203500|1630578|1631095|1641708,0,REG,2026,1610612745,,,,,
22500255379,,Shot Chart Detail,22500255,379,1630578,Alperen Sengun,1610612745,Houston Rockets,3,10,52,Made Shot,Turnaround Fadeaway shot,2PT Field Goal,Mid-Range,Left Side(L),8-16 ft.,13,-134,-21,1,1,20251119,CLE,HOU,15080,0,201142|203500|1630578|1631095|1641708,1,REG,2026,1610612745,,,,,
22500255383,,Shot Chart Detail,22500255,383,201142,Kevin Durant,1610612745,Houston Rockets,3,10,13,Missed Shot,Jump Shot,3PT Field Goal,Left Corner 3,Left Side(L),24+ ft.,23,-232,-4,1,0,20251119,CLE,HOU,15470,0,201142|203500|1630578|1631095|1641708,0,REG,2026,1610612745,,,,,
22500255385,,Shot Chart Detail,22500255,385,201142,Kevin Durant,1610612745,Houston Rockets,3,10,7,Made Shot,Driving Floating Jump Shot,2PT Field Goal,In The Paint (Non-RA),Center(C),8-16 ft.,8,-29,77,1,1,20251119,CLE,HOU,15530,0,201142|203500|1630578|1631095|1641708,1,REG,2026,1610612745,,,,,
22500255389,,Shot Chart Detail,22500255,389,1631095,Jabari Smith Jr.,1610612745,Houston Rockets,3,9,35,Missed Shot,Jump Shot,3PT Field Goal,Left Corner 3,Left Side(L),24+ ft.,23,-235,-16,1,0,20251119,CLE,HOU,15850,0,201142|203500|1630578|1631095|1641708,0,REG,2026,1610612745,,,,,
22500255391,,Shot Chart Detail,22500255,391,201142,Kevin Durant,1610612745,Houston Rockets,3,9,28,Made Shot,Pullup Jump shot,2PT Field Goal,In The Paint (Non-RA),Center(C),8-16 ft.,12,-59,106,1,1,20251119,CLE,HOU,15920,0,201142|203500|1630578|1631095|1641708,1,REG,2026,1610612745,,,,,
22500255394,,Shot Chart Detail,22500255,394,203500,Steven Adams,1610612745,Houston Rockets,3,9,3,Missed Shot,Floating Jump shot,2PT Field Goal,In The Paint (Non-RA),Center(C),8-16 ft.,10,2,105,1,0,20251119,CLE,HOU,16170,0,201142|203500|1630578|1631095|1641708,0,REG,2026,1610612745,,,,,
22500255400,,Shot Chart Detail,22500255,400,1630578,Alperen Sengun,1610612745,Houston Rockets,3,8,50,Made Shot,Driving Hook Shot,2PT Field Goal,In The Paint (Non-RA),Center(C),Less Than 8 ft.,6,42,55,1,1,20251119,CLE,HOU,16300,0,201142|203500|1630578|1631095|1641708,1,REG,2026,1610612745,,,,,
22500255409,,Shot Chart Detail,22500255,409,1630578,Alperen Sengun,1610612745,Houston Rockets,3,8,7,Made Shot,Driving Layup Shot,2PT Field Goal,Restricted Area,Center(C),Less Than 8 ft.,1,-12,15,1,1,20251119,CLE,HOU,16730,0,201142|203500|1630578|1631095|1641708,0,REG,2026,1610612745,,,,,
22500255412,,Shot Chart Detail,22500255,412,1631095,Jabari Smith Jr.,1610612745,Houston Rockets,3,7,47,Made Shot,Turnaround Fadeaway shot,2PT Field Goal,In The Paint (Non-RA),Center(C),Less Than 8 ft.,7,-74,10,1,1,20251119,CLE,HOU,16930,0,201142|203500|1630578|1631095|1641708,1,REG,2026,1610612745,,,,,
22500255423,,Shot Chart Detail,22500255,423,203500,Steven Adams,1610612745,Houston Rockets,3,7,17,Missed Shot,Alley Oop Layup shot,2PT Field Goal,Restricted Area,Center(C),Less Than 8 ft.,1,-9,13,1,0,20251119,CLE,HOU,17230,0,201142|203500|1630578|1631095|1641708,0,REG,2026,1610612745,,,,,
22500255427,,Shot Chart Detail,22500255,427,201142,Kevin Durant,1610612745,Houston Rockets,3,6,42,Missed Shot,Pullup Jump shot,2PT Field Goal,Mid-Range,Left Side(L),8-16 ft.,14,-142,-15,1,0,20251119,CLE,HOU,17580,0,201142|203500|1630578|1631095|1641708,0,REG,2026,1610612745,,,,,
22500255435,,Shot Chart Detail,22500255,435,1631095,Jabari Smith Jr.,1610612745,Houston Rockets,3,6,15,Missed Shot,Fadeaway Jump Shot,2PT Field Goal,Mid-Range,Right Side(R),8-16 ft.,10,107,-8,1,0,20251119,CLE,HOU,17850,0,201142|203500|1630578|1631095|1641708,0,REG,2026,1610612745,,,,,
22500255437,,Shot Chart Detail,22500255,437,1630578,Alperen Sengun,1610612745,Houston Rockets,3,6,0,Missed Shot,Floating Jump shot,2PT Field Goal,In The Paint (Non-RA),Center(C),8-16 ft.,8,40,77,1,0,20251119,CLE,HOU,18000,0,201142|203500|1630578|1631095|1641708,0,REG,2026,1610612745,,,,,
22500255450,,Shot Chart Detail,22500255,450,203991,Clint Capela,1610612745,Houston Rockets,3,5,35,Made Shot,Alley Oop Dunk Shot,2PT Field Goal,Restricted Area,Center(C),Less Than 8 ft.,1,-17,8,1,1,20251119,CLE,HOU,18250,0,201142|203991|1629006|1630256|1642263,1,REG,2026,1610612745,,,,,
22500255456,,Shot Chart Detail,22500255,456,1629006,Josh Okogie,1610612745,Houston Rockets,3,5,9,Missed Shot,Jump Shot,3PT Field Goal,Right Corner 3,Right Side(R),24+ ft.,23,233,6,1,0,20251119,CLE,HOU,18510,0,201142|203991|1629006|1630256|1642263,0,REG,2026,1610612745,,,,,
22500255466,,Shot Chart Detail,22500255,466,1642263,Reed Sheppard,1610612745,Houston Rockets,3,4,37,Missed Shot,Pullup Jump shot,2PT Field Goal,In The Paint (Non-RA),Center(C),Less Than 8 ft.,7,11,75,1,0,20251119,CLE,HOU,18830,0,201142|203991|1629006|1630256|1642263,0,REG,2026,1610612745,,,,,
22500255489,,Shot Chart Detail,22500255,489,1630578,Alperen Sengun,1610612745,Houston Rockets,3,3,15,Missed Shot,Turnaround Fadeaway shot,2PT Field Goal,In The Paint (Non-RA),Center(C),8-16 ft.,13,-51,127,1,0,20251119,CLE,HOU,19650,0,201142|203991|1630578|1641708|1642263,0,REG,2026,1610612745,,,,,
22500255495,,Shot Chart Detail,22500255,495,201142,Kevin Durant,1610612745,Houston Rockets,3,2,35,Made Shot,Turnaround Fadeaway shot,2PT Field Goal,In The Paint (Non-RA),Center(C),8-16 ft.,14,40,138,1,1,20251119,CLE,HOU,20050,0,201142|203991|1630578|1641708|1642263,1,REG,2026,1610612745,,,,,
22500255500,,Shot Chart Detail,22500255,500,1642263,Reed Sheppard,1610612745,Houston Rockets,3,1,56,Missed Shot,Pullup Jump shot,2PT Field Goal,Mid-Range,Right Side(R),8-16 ft.,15,156,24,1,0,20251119,CLE,HOU,20440,0,201142|203991|1630578|1641708|1642263,0,REG,2026,1610612745,,,,,
22500255504,,Shot Chart Detail,22500255,504,1642263,Reed Sheppard,1610612745,Houston Rockets,3,1,54,Missed Shot,Jump Shot,3PT Field Goal,Right Corner 3,Right Side(R),24+ ft.,23,230,8,1,0,20251119,CLE,HOU,20460,0,201142|203991|1630578|1641708|1642263,0,REG,2026,1610612745,,,,,
22500255506,,Shot Chart Detail,22500255,506,1641708,Amen Thompson,1610612745,Houston Rockets,3,1,51,Missed Shot,Alley Oop Layup shot,2PT Field Goal,Restricted Area,Center(C),Less Than 8 ft.,2,0,22,1,0,20251119,CLE,HOU,20490,0,201142|203991|1630578|1641708|1642263,0,REG,2026,1610612745,,,,,
22500255518,,Shot Chart Detail,22500255,518,1641708,Amen Thompson,1610612745,Houston Rockets,3,1,48,Missed Shot,Putback Layup Shot,2PT Field Goal,Restricted Area,Center(C),Less Than 8 ft.,0,-1,4,1,0,20251119,CLE,HOU,20520,0,201142|203991|1630578|1641708|1642263,0,REG,2026,1610612745,,,,,
22500255538,,Shot Chart Detail,22500255,538,1630578,Alperen Sengun,1610612745,Houston Rockets,3,0,9,Missed Shot,Hook Shot,2PT Field Goal,In The Paint (Non-RA),Right Side(R),8-16 ft.,10,54,88,1,0,20251119,CLE,HOU,21510,0,201142|203991|1630578|1641708|1642263,0,REG,2026,1610612745,,,,,
22500255561,,Shot Chart Detail,22500255,561,1628988,Aaron Holiday,1610612745,Houston Rockets,4,11,28,Made Shot,Jump Shot,3PT Field Goal,Right Corner 3,Right Side(R),24+ ft.,23,233,56,1,1,20251119,CLE,HOU,21920,0,203500|1628988|1630578|1641708|1642263,1,REG,2026,1610612745,,,,,
22500255566,,Shot Chart Detail,22500255,566,1642263,Reed Sheppard,1610612745,Houston Rockets,4,11,6,Missed Shot,Driving Floating Jump Shot,2PT Field Goal,In The Paint (Non-RA),Center(C),Less Than 8 ft.,4,-42,25,1,0,20251119,CLE,HOU,22140,0,203500|1628988|1630578|1641708|1642263,0,REG,2026,1610612745,,,,,
22500255572,,Shot Chart Detail,22500255,572,1630578,Alperen Sengun,1610612745,Houston Rockets,4,10,23,Made Shot,Driving Hook Shot,2PT Field Goal,Mid-Range,Right Side(R),8-16 ft.,9,96,8,1,1,20251119,CLE,HOU,22570,0,203500|1628988|1630578|1641708|1642263,1,REG,2026,1610612745,,,,,
22500255580,,Shot Chart Detail,22500255,580,1641708,Amen Thompson,1610612745,Houston Rockets,4,9,47,Made Shot,Floating Jump shot,2PT Field Goal,Mid-Range,Right Side(R),8-16 ft.,11,98,61,1,1,20251119,CLE,HOU,22930,0,203500|1628988|1630578|1641708|1642263,1,REG,2026,1610612745,,,,,
22500255584,,Shot Chart Detail,22500255,584,1628988,Aaron Holiday,1610612745,Houston Rockets,4,9,26,Made Shot,Jump Shot,3PT Field Goal,Above the Break 3,Right Side Center(RC),24+ ft.,29,162,241,1,1,20251119,CLE,HOU,23140,0,203500|1628988|1630578|1641708|1642263,1,REG,2026,1610612745,,,,,
22500255594,,Shot Chart Detail,22500255,594,1630578,Alperen Sengun,1610612745,Houston Rockets,4,8,56,Missed Shot,Floating Jump shot,2PT Field Goal,Mid-Range,Center(C),8-16 ft.,15,22,150,1,0,20251119,CLE,HOU,23440,0,203500|1628988|1630578|1641708|1642263,0,REG,2026,1610612745,,,,,
22500255598,,Shot Chart Detail,22500255,598,1641708,Amen Thompson,1610612745,Houston Rockets,4,8,37,Missed Shot,Driving Layup Shot,2PT Field Goal,Restricted Area,Center(C),Less Than 8 ft.,0,2,5,1,0,20251119,CLE,HOU,23630,0,203500|1628988|1630578|1641708|1642263,0,REG,2026,1610612745,,,,,
22500255601,,Shot Chart Detail,22500255,601,1630578,Alperen Sengun,1610612745,Houston Rockets,4,8,17,Made Shot,Driving Reverse Layup Shot,2PT Field Goal,Restricted Area,Center(C),Less Than 8 ft.,0,4,3,1,1,20251119,CLE,HOU,23830,0,203500|1628988|1630578|1641708|1642263,1,REG,2026,1610612745,,,,,
22500255605,,Shot Chart Detail,22500255,605,1642263,Reed Sheppard,1610612745,Houston Rockets,4,7,58,Made Shot,Running Layup Shot,2PT Field Goal,Restricted Area,Center(C),Less Than 8 ft.,1,-13,14,1,1,20251119,CLE,HOU,24020,0,203500|1628988|1630578|1641708|1642263,0,REG,2026,1610612745,,,,,
22500255617,,Shot Chart Detail,22500255,617,1628988,Aaron Holiday,1610612745,Houston Rockets,4,7,31,Missed Shot,Jump Shot,3PT Field Goal,Above the Break 3,Left Side Center(LC),24+ ft.,24,-189,155,1,0,20251119,CLE,HOU,24290,0,203500|1628988|1630578|1631095|1641708,0,REG,2026,1610612745,,,,,
22500255625,,Shot Chart Detail,22500255,625,203500,Steven Adams,1610612745,Houston Rockets,4,6,19,Made Shot,Cutting Layup Shot,2PT Field Goal,Restricted Area,Center(C),Less Than 8 ft.,1,-4,10,1,1,20251119,CLE,HOU,25010,0,201142|203500|1628988|1631095|1641708,1,REG,2026,1610612745,,,,,
22500255628,,Shot Chart Detail,22500255,628,1631095,Jabari Smith Jr.,1610612745,Houston Rockets,4,5,51,Made Shot,Jump Shot,3PT Field Goal,Above the Break 3,Right Side Center(RC),24+ ft.,26,196,185,1,1,20251119,CLE,HOU,25290,0,201142|203500|1628988|1631095|1641708,1,REG,2026,1610612745,,,,,
22500255631,,Shot Chart Detail,22500255,631,1641708,Amen Thompson,1610612745,Houston Rockets,4,5,19,Made Shot,Cutting Layup Shot,2PT Field Goal,Restricted Area,Center(C),Less Than 8 ft.,1,-2,-11,1,1,20251119,CLE,HOU,25610,0,201142|203500|1628988|1631095|1641708,1,REG,2026,1610612745,,,,,
22500255654,,Shot Chart Detail,22500255,654,201142,Kevin Durant,1610612745,Houston Rockets,4,4,16,Missed Shot,Pullup Jump shot,2PT Field Goal,Mid-Range,Right Side(R),8-16 ft.,14,105,103,1,0,20251119,CLE,HOU,26240,0,201142|1628988|1630578|1631095|1641708,0,REG,2026,1610612745,,,,,
22500255656,,Shot Chart Detail,22500255,656,1628988,Aaron Holiday,1610612745,Houston Rockets,4,4,6,Made Shot,Jump Shot,3PT Field Goal,Right Corner 3,Right Side(R),24+ ft.,22,229,-2,1,1,20251119,CLE,HOU,26340,0,201142|1628988|1630578|1631095|1641708,1,REG,2026,1610612745,,,,,
22500255662,,Shot Chart Detail,22500255,662,1628988,Aaron Holiday,1610612745,Houston Rockets,4,3,51,Made Shot,Running Finger Roll Layup Shot,2PT Field Goal,Restricted Area,Center(C),Less Than 8 ft.,0,2,4,1,1,20251119,CLE,HOU,26490,0,201142|1628988|1630578|1631095|1641708,1,REG,2026,1610612745,,,,,
22500255673,,Shot Chart Detail,22500255,673,201142,Kevin Durant,1610612745,Houston Rockets,4,3,20,Missed Shot,Jump Shot,3PT Field Goal,Above the Break 3,Right Side Center(RC),24+ ft.,25,179,184,1,0,20251119,CLE,HOU,26800,0,201142|1628988|1630578|1631095|1641708,0,REG,2026,1610612745,,,,,
22500255685,,Shot Chart Detail,22500255,685,1641708,Amen Thompson,1610612745,Houston Rockets,4,2,32,Made Shot,Driving Finger Roll Layup Shot,2PT Field Goal,Restricted Area,Center(C),Less Than 8 ft.,0,-4,6,1,1,20251119,CLE,HOU,27280,0,201142|1628988|1630578|1631095|1641708,0,REG,2026,1610612745,,,,,
22500255689,,Shot Chart Detail,22500255,689,201142,Kevin Durant,1610612745,Houston Rockets,4,2,2,Missed Shot,Jump Shot,3PT Field Goal,Right Corner 3,Right Side(R),24+ ft.,23,230,-1,1,0,20251119,CLE,HOU,27580,0,201142|1628988|1630578|1631095|1641708,0,REG,2026,1610612745,,,,,
22500255696,,Shot Chart Detail,22500255,696,1631095,Jabari Smith Jr.,1610612745,Houston Rockets,4,1,27,Missed Shot,Driving Finger Roll Layup Shot,2PT Field Goal,Restricted Area,Center(C),Less Than 8 ft.,0,-4,-7,1,0,20251119,CLE,HOU,27930,0,201142|1628988|1630578|1631095|1641708,0,REG,2026,1610612745,,,,,
22500255700,,Shot Chart Detail,22500255,700,1630578,Alperen Sengun,1610612745,Houston Rockets,4,0,59,Made Shot,Driving Finger Roll Layup Shot,2PT Field Goal,Restricted Area,Center(C),Less Than 8 ft.,0,-2,-5,1,1,20251119,CLE,HOU,28210,0,201142|1628988|1630578|1631095|1641708,0,REG,2026,1610612745,,,,,
