SHOT_ID,video_url,GRID_TYPE,GAME_ID,GAME_EVENT_ID,PLAYER_ID,PLAYER_NAME,TEAM_ID,TEAM_NAME,PERIOD,MINUTES_REMAINING,SECONDS_REMAINING,EVENT_TYPE,ACTION_TYPE,SHOT_TYPE,SHOT_ZONE_BASIC,SHOT_ZONE_AREA,SHOT_ZONE_RANGE,SHOT_DISTANCE,LOC_X,LOC_Y,SHOT_ATTEMPTED_FLAG,SHOT_MADE_FLAG,GAME_DATE,HTM,VTM,time,extra,PLAYERS_ON,assisted,season_type,year_source,team_id,year,month,day,api_game_id,uuid
225000279,,Shot Chart Detail,22500027,9,1627826,Ivica Zubac,1610612746,LA Clippers,1,11,25,Made Shot,Floating Jump shot,2PT Field Goal,In The Paint (Non-RA),Center(C),8-16 ft.,11,2,110,1,1,20251031,LAC,NOP,350,0,201935|202695|203078|1627826|1627884,1,REG,2026,1610612746,,,,,
2250002713,,Shot Chart Detail,22500027,13,202695,Kawhi Leonard,1610612746,LA Clippers,1,10,54,Missed Shot,Jump Shot,3PT Field Goal,Right Corner 3,Right Side(R),24+ ft.,22,229,17,1,0,20251031,LAC,NOP,660,0,201935|202695|203078|1627826|1627884,0,REG,2026,1610612746,,,,,
2250002715,,Shot Chart Detail,22500027,15,1627884,Derrick Jones Jr.,1610612746,LA Clippers,1,10,52,Made Shot,Tip Dunk Shot,2PT Field Goal,Restricted Area,Center(C),Less Than 8 ft.,0,0,0,1,1,20251031,LAC,NOP,680,0,201935|202695|203078|1627826|1627884,0,REG,2026,1610612746,,,,,
2250002718,,Shot Chart Detail,22500027,18,202695,Kawhi Leonard,1610612746,LA Clippers,1,10,32,Made Shot,Running Jump Shot,2PT Field Goal,In The Paint (Non-RA),Left Side(L),8-16 ft.,10,-74,80,1,1,20251031,LAC,NOP,880,0,201935|202695|203078|1627826|1627884,1,REG,2026,1610612746,,,,,
2250002726,,Shot Chart Detail,22500027,26,1627826,Ivica Zubac,1610612746,LA Clippers,1,9,30,Missed Shot,Turnaround Hook Shot,2PT Field Goal,In The Paint (Non-RA),Center(C),Less Than 8 ft.,6,29,55,1,0,20251031,LAC,NOP,1500,0,201935|202695|203078|1627826|1627884,0,REG,2026,1610612746,,,,,
2250002730,,Shot Chart Detail,22500027,30,1627884,Derrick Jones Jr.,1610612746,LA Clippers,1,9,4,Missed Shot,Jump Shot,3PT Field Goal,Left Corner 3,Left Side(L),24+ ft.,23,-227,40,1,0,20251031,LAC,NOP,1760,0,201935|202695|203078|1627826|1627884,0,REG,2026,1610612746,,,,,
2250002734,,Shot Chart Detail,22500027,34,203078,Bradley Beal,1610612746,LA Clippers,1,8,43,Missed Shot,Driving Layup Shot,2PT Field Goal,Restricted Area,Center(C),Less Than 8 ft.,2,29,5,1,0,20251031,LAC,NOP,1970,0,201935|202695|203078|1627826|1627884,0,REG,2026,1610612746,,,,,
2250002738,,Shot Chart Detail,22500027,38,201935,James Harden,1610612746,LA Clippers,1,8,17,Missed Shot,Pullup Jump shot,3PT Field Goal,Above the Break 3,Right Side Center(RC),24+ ft.,27,92,256,1,0,20251031,LAC,NOP,2230,0,201935|202695|203078|1627826|1627884,0,REG,2026,1610612746,,,,,
2250002748,,Shot Chart Detail,22500027,48,202695,Kawhi Leonard,1610612746,LA Clippers,1,7,49,Missed Shot,Jump Shot,3PT Field Goal,Above the Break 3,Left Side Center(LC),24+ ft.,25,-127,218,1,0,20251031,LAC,NOP,2510,0,201935|202695|203078|1627826|1627884,0,REG,2026,1610612746,,,,,
2250002752,,Shot Chart Detail,22500027,52,202695,Kawhi Leonard,1610612746,LA Clippers,1,7,27,Made Shot,Turnaround Fadeaway shot,2PT Field Goal,Mid-Range,Right Side(R),8-16 ft.,12,100,68,1,1,20251031,LAC,NOP,2730,0,201935|202695|203078|1627826|1627884,0,REG,2026,1610612746,,,,,
2250002758,,Shot Chart Detail,22500027,58,201935,James Harden,1610612746,LA Clippers,1,6,55,Made Shot,Running Layup Shot,2PT Field Goal,Restricted Area,Center(C),Less Than 8 ft.,2,-6,27,1,1,20251031,LAC,NOP,3050,0,201935|202695|203078|1627826|1627884,1,REG,2026,1610612746,,,,,
2250002766,,Shot Chart Detail,22500027,66,203078,Bradley Beal,1610612746,LA Clippers,1,6,5,Missed Shot,Pullup Jump shot,2PT Field Goal,In The Paint (Non-RA),Center(C),8-16 ft.,13,0,138,1,0,20251031,LAC,NOP,3550,0,201935|202695|203078|1627826|1627884,0,REG,2026,1610612746,,,,,
2250002772,,Shot Chart Detail,22500027,72,1627884,Derrick Jones Jr.,1610612746,LA Clippers,1,5,28,Made Shot,Jump Shot,3PT Field Goal,Above the Break 3,Right Side Center(RC),24+ ft.,25,224,129,1,1,20251031,LAC,NOP,3920,0,201935|202695|203078|1627826|1627884,1,REG,2026,1610612746,,,,,
2250002776,,Shot Chart Detail,22500027,76,201935,James Harden,1610612746,LA Clippers,1,5,4,Missed Shot,Step Back Jump shot,3PT Field Goal,Above the Break 3,Left Side Center(LC),24+ ft.,24,-104,224,1,0,20251031,LAC,NOP,4160,0,201935|202695|203078|1627826|1627884,0,REG,2026,1610612746,,,,,
2250002778,,Shot Chart Detail,22500027,78,1627826,Ivica Zubac,1610612746,LA Clippers,1,5,2,Made Shot,Tip Layup Shot,2PT Field Goal,Restricted Area,Center(C),Less Than 8 ft.,0,0,0,1,1,20251031,LAC,NOP,4180,0,201935|202695|203078|1627826|1627884,0,REG,2026,1610612746,,,,,
2250002796,,Shot Chart Detail,22500027,96,1627826,Ivica Zubac,1610612746,LA Clippers,1,4,11,Made Shot,Driving Dunk Shot,2PT Field Goal,Restricted Area,Center(C),Less Than 8 ft.,1,-4,-13,1,1,20251031,LAC,NOP,4690,0,101108|202695|1627739|1627826|1627884,1,REG,2026,1610612746,,,,,
22500027100,,Shot Chart Detail,22500027,100,1627739,Kris Dunn,1610612746,LA Clippers,1,3,34,Missed Shot,Step Back Jump shot,3PT Field Goal,Left Corner 3,Left Side(L),24+ ft.,23,-232,59,1,0,20251031,LAC,NOP,5060,0,101108|202695|1627739|1627826|1627884,0,REG,2026,1610612746,,,,,
22500027109,,Shot Chart Detail,22500027,109,1627826,Ivica Zubac,1610612746,LA Clippers,1,2,59,Made Shot,Layup Shot,2PT Field Goal,Restricted Area,Center(C),Less Than 8 ft.,0,-7,0,1,1,20251031,LAC,NOP,5410,0,101108|202695|1627739|1627826|1628381,1,REG,2026,1610612746,,,,,
22500027119,,Shot Chart Detail,22500027,119,101108,Chris Paul,1610612746,LA Clippers,1,2,2,Missed Shot,Jump Shot,3PT Field Goal,Above the Break 3,Right Side Center(RC),24+ ft.,25,158,206,1,0,20251031,LAC,NOP,5980,0,101108|202695|1627739|1627826|1628381,0,REG,2026,1610612746,,,,,
22500027123,,Shot Chart Detail,22500027,123,1628381,John Collins,1610612746,LA Clippers,1,1,51,Missed Shot,Jump Shot,3PT Field Goal,Right Corner 3,Right Side(R),24+ ft.,23,232,30,1,0,20251031,LAC,NOP,6090,0,101108|201572|202695|1627739|1628381,0,REG,2026,1610612746,,,,,
22500027127,,Shot Chart Detail,22500027,127,1628381,John Collins,1610612746,LA Clippers,1,1,35,Made Shot,Running Dunk Shot,2PT Field Goal,Restricted Area,Center(C),Less Than 8 ft.,1,6,10,1,1,20251031,LAC,NOP,6250,0,101108|201572|202695|1627739|1628381,1,REG,2026,1610612746,,,,,
22500027132,,Shot Chart Detail,22500027,132,201572,Brook Lopez,1610612746,LA Clippers,1,1,7,Missed Shot,Jump Shot,3PT Field Goal,Right Corner 3,Right Side(R),24+ ft.,22,229,6,1,0,20251031,LAC,NOP,6530,0,101108|201572|202695|1627739|1628381,0,REG,2026,1610612746,,,,,
22500027137,,Shot Chart Detail,22500027,137,101108,Chris Paul,1610612746,LA Clippers,1,0,34,Made Shot,Pullup Jump shot,3PT Field Goal,Above the Break 3,Left Side Center(LC),24+ ft.,26,-116,243,1,1,20251031,LAC,NOP,6860,0,101108|201572|202695|1627739|1628381,0,REG,2026,1610612746,,,,,
22500027160,,Shot Chart Detail,22500027,160,1628381,John Collins,1610612746,LA Clippers,2,11,45,Missed Shot,Turnaround Hook Shot,2PT Field Goal,In The Paint (Non-RA),Center(C),Less Than 8 ft.,5,1,57,1,0,20251031,LAC,NOP,7350,0,201572|201587|201935|1627739|1628381,0,REG,2026,1610612746,,,,,
22500027166,,Shot Chart Detail,22500027,166,201935,James Harden,1610612746,LA Clippers,2,11,17,Missed Shot,Driving Layup Shot,2PT Field Goal,Restricted Area,Center(C),Less Than 8 ft.,1,-11,-6,1,0,20251031,LAC,NOP,7630,0,201572|201587|201935|1627739|1628381,0,REG,2026,1610612746,,,,,
22500027169,,Shot Chart Detail,22500027,169,201572,Brook Lopez,1610612746,LA Clippers,2,11,12,Missed Shot,Jump Shot,3PT Field Goal,Above the Break 3,Center(C),24+ ft.,25,36,255,1,0,20251031,LAC,NOP,7680,0,201572|201587|201935|1627739|1628381,0,REG,2026,1610612746,,,,,
22500027173,,Shot Chart Detail,22500027,173,201935,James Harden,1610612746,LA Clippers,2,10,51,Missed Shot,Pullup Jump shot,3PT Field Goal,Above the Break 3,Left Side Center(LC),24+ ft.,26,-107,239,1,0,20251031,LAC,NOP,7890,0,201572|201587|201935|1627739|1628381,0,REG,2026,1610612746,,,,,
22500027196,,Shot Chart Detail,22500027,196,1628381,John Collins,1610612746,LA Clippers,2,9,19,Made Shot,Running Alley Oop Dunk Shot,2PT Field Goal,Restricted Area,Center(C),Less Than 8 ft.,1,1,-11,1,1,20251031,LAC,NOP,8810,0,201572|201587|201935|203078|1628381,1,REG,2026,1610612746,,,,,
22500027200,,Shot Chart Detail,22500027,200,201935,James Harden,1610612746,LA Clippers,2,8,49,Missed Shot,Driving Layup Shot,2PT Field Goal,Restricted Area,Center(C),Less Than 8 ft.,0,-4,-2,1,0,20251031,LAC,NOP,9110,0,201572|201587|201935|203078|1628381,0,REG,2026,1610612746,,,,,
22500027204,,Shot Chart Detail,22500027,204,1628381,John Collins,1610612746,LA Clippers,2,8,32,Made Shot,Driving Layup Shot,2PT Field Goal,Restricted Area,Center(C),Less Than 8 ft.,1,18,8,1,1,20251031,LAC,NOP,9280,0,201572|201587|201935|203078|1628381,1,REG,2026,1610612746,,,,,
22500027225,,Shot Chart Detail,22500027,225,201572,Brook Lopez,1610612746,LA Clippers,2,7,53,Missed Shot,Jump Shot,3PT Field Goal,Above the Break 3,Left Side Center(LC),24+ ft.,27,-188,194,1,0,20251031,LAC,NOP,9670,0,201572|201587|201935|203078|1628381,0,REG,2026,1610612746,,,,,
22500027227,,Shot Chart Detail,22500027,227,1628381,John Collins,1610612746,LA Clippers,2,7,51,Made Shot,Putback Layup Shot,2PT Field Goal,Restricted Area,Center(C),Less Than 8 ft.,0,0,0,1,1,20251031,LAC,NOP,9690,0,201572|201587|201935|203078|1628381,0,REG,2026,1610612746,,,,,
22500027231,,Shot Chart Detail,22500027,231,201587,Nicolas Batum,1610612746,LA Clippers,2,7,16,Made Shot,Jump Shot,3PT Field Goal,Left Corner 3,Left Side(L),24+ ft.,23,-232,-11,1,1,20251031,LAC,NOP,10040,0,201572|201587|201935|203078|1628381,1,REG,2026,1610612746,,,,,
22500027238,,Shot Chart Detail,22500027,238,1628381,John Collins,1610612746,LA Clippers,2,6,21,Missed Shot,Driving Reverse Layup Shot,2PT Field Goal,Restricted Area,Center(C),Less Than 8 ft.,1,9,9,1,0,20251031,LAC,NOP,10590,0,201572|201587|201935|203078|1628381,0,REG,2026,1610612746,,,,,
22500027247,,Shot Chart Detail,22500027,247,201587,Nicolas Batum,1610612746,LA Clippers,2,5,50,Missed Shot,Turnaround Jump Shot,2PT Field Goal,Mid-Range,Right Side(R),8-16 ft.,14,87,117,1,0,20251031,LAC,NOP,10900,0,201587|201935|202695|203078|1627826,0,REG,2026,1610612746,,,,,
22500027250,,Shot Chart Detail,22500027,250,203078,Bradley Beal,1610612746,LA Clippers,2,5,29,Missed Shot,Driving Floating Jump Shot,2PT Field Goal,In The Paint (Non-RA),Center(C),8-16 ft.,11,10,110,1,0,20251031,LAC,NOP,11110,0,201587|201935|202695|203078|1627826,0,REG,2026,1610612746,,,,,
22500027252,,Shot Chart Detail,22500027,252,201587,Nicolas Batum,1610612746,LA Clippers,2,5,27,Missed Shot,Putback Layup Shot,2PT Field Goal,Restricted Area,Center(C),Less Than 8 ft.,0,0,0,1,0,20251031,LAC,NOP,11130,0,201587|201935|202695|203078|1627826,0,REG,2026,1610612746,,,,,
22500027263,,Shot Chart Detail,22500027,263,1627826,Ivica Zubac,1610612746,LA Clippers,2,4,52,Made Shot,Alley Oop Dunk Shot,2PT Field Goal,Restricted Area,Center(C),Less Than 8 ft.,0,7,5,1,1,20251031,LAC,NOP,11480,0,201935|202695|203078|1627826|1627884,1,REG,2026,1610612746,,,,,
22500027269,,Shot Chart Detail,22500027,269,201935,James Harden,1610612746,LA Clippers,2,4,10,Made Shot,Pullup Jump shot,3PT Field Goal,Above the Break 3,Center(C),24+ ft.,24,25,246,1,1,20251031,LAC,NOP,11900,0,201935|202695|203078|1627826|1627884,0,REG,2026,1610612746,,,,,
22500027274,,Shot Chart Detail,22500027,274,202695,Kawhi Leonard,1610612746,LA Clippers,2,4,3,Made Shot,Reverse Layup Shot,2PT Field Goal,Restricted Area,Center(C),Less Than 8 ft.,1,-5,9,1,1,20251031,LAC,NOP,11970,0,201935|202695|203078|1627826|1627884,1,REG,2026,1610612746,,,,,
22500027278,,Shot Chart Detail,22500027,278,1627884,Derrick Jones Jr.,1610612746,LA Clippers,2,3,26,Missed Shot,Jump Shot,3PT Field Goal,Above the Break 3,Center(C),24+ ft.,25,-36,250,1,0,20251031,LAC,NOP,12340,0,201935|202695|203078|1627826|1627884,0,REG,2026,1610612746,,,,,
22500027290,,Shot Chart Detail,22500027,290,201935,James Harden,1610612746,LA Clippers,2,3,1,Made Shot,Step Back Jump shot,3PT Field Goal,Above the Break 3,Right Side Center(RC),24+ ft.,26,112,235,1,1,20251031,LAC,NOP,12590,0,201935|202695|1627739|1627826|1627884,0,REG,2026,1610612746,,,,,
22500027302,,Shot Chart Detail,22500027,302,1627739,Kris Dunn,1610612746,LA Clippers,2,2,14,Made Shot,Running Layup Shot,2PT Field Goal,Restricted Area,Center(C),Less Than 8 ft.,1,-9,10,1,1,20251031,LAC,NOP,13060,0,201935|202695|1627739|1627826|1627884,0,REG,2026,1610612746,,,,,
22500027310,,Shot Chart Detail,22500027,310,1627884,Derrick Jones Jr.,1610612746,LA Clippers,2,1,40,Made Shot,Alley Oop Dunk Shot,2PT Field Goal,Restricted Area,Center(C),Less Than 8 ft.,0,-6,-1,1,1,20251031,LAC,NOP,13400,0,201935|202695|1627739|1627826|1627884,1,REG,2026,1610612746,,,,,
22500027318,,Shot Chart Detail,22500027,318,201935,James Harden,1610612746,LA Clippers,2,1,8,Made Shot,Driving Layup Shot,2PT Field Goal,Restricted Area,Center(C),Less Than 8 ft.,2,-27,-6,1,1,20251031,LAC,NOP,13720,0,201935|202695|1627739|1627826|1627884,0,REG,2026,1610612746,,,,,
22500027321,,Shot Chart Detail,22500027,321,1627739,Kris Dunn,1610612746,LA Clippers,2,0,48,Missed Shot,Running Dunk Shot,2PT Field Goal,Restricted Area,Center(C),Less Than 8 ft.,0,9,1,1,0,20251031,LAC,NOP,13920,0,201935|202695|1627739|1627826|1627884,0,REG,2026,1610612746,,,,,
22500027326,,Shot Chart Detail,22500027,326,201935,James Harden,1610612746,LA Clippers,2,0,35,Made Shot,Pullup Jump shot,3PT Field Goal,Above the Break 3,Center(C),24+ ft.,29,86,282,1,1,20251031,LAC,NOP,14050,0,201935|202695|1627739|1627826|1627884,0,REG,2026,1610612746,,,,,
22500027329,,Shot Chart Detail,22500027,329,201935,James Harden,1610612746,LA Clippers,2,0,1,Missed Shot,Step Back Jump shot,3PT Field Goal,Above the Break 3,Center(C),24+ ft.,27,76,269,1,0,20251031,LAC,NOP,14390,0,201935|202695|1627739|1627826|1627884,0,REG,2026,1610612746,,,,,
22500027331,,Shot Chart Detail,22500027,331,1627884,Derrick Jones Jr.,1610612746,LA Clippers,2,0,0,Made Shot,Tip Dunk Shot,2PT Field Goal,Restricted Area,Center(C),Less Than 8 ft.,0,0,0,1,1,20251031,LAC,NOP,14400,0,201935|202695|1627739|1627826|1627884,0,REG,2026,1610612746,,,,,
22500027339,,Shot Chart Detail,22500027,339,203078,Bradley Beal,1610612746,LA Clippers,3,11,46,Made Shot,Cutting Finger Roll Layup Shot,2PT Field Goal,Restricted Area,Center(C),Less Than 8 ft.,3,4,31,1,1,20251031,LAC,NOP,14540,0,201935|202695|203078|1627826|1627884,1,REG,2026,1610612746,,,,,
22500027347,,Shot Chart Detail,22500027,347,1627884,Derrick Jones Jr.,1610612746,LA Clippers,3,10,36,Missed Shot,Jump Shot,3PT Field Goal,Left Corner 3,Left Side(L),24+ ft.,23,-229,31,1,0,20251031,LAC,NOP,15240,0,201935|202695|203078|1627826|1627884,0,REG,2026,1610612746,,,,,
22500027352,,Shot Chart Detail,22500027,352,203078,Bradley Beal,1610612746,LA Clippers,3,9,59,Missed Shot,Jump Shot,3PT Field Goal,Right Corner 3,Right Side(R),24+ ft.,22,228,23,1,0,20251031,LAC,NOP,15610,0,201935|202695|203078|1627826|1627884,0,REG,2026,1610612746,,,,,
22500027357,,Shot Chart Detail,22500027,357,202695,Kawhi Leonard,1610612746,LA Clippers,3,9,35,Made Shot,Jump Shot,3PT Field Goal,Left Corner 3,Left Side(L),24+ ft.,23,-229,65,1,1,20251031,LAC,NOP,15850,0,201935|202695|203078|1627826|1627884,1,REG,2026,1610612746,,,,,
22500027360,,Shot Chart Detail,22500027,360,202695,Kawhi Leonard,1610612746,LA Clippers,3,9,2,Missed Shot,Driving Layup Shot,2PT Field Goal,Restricted Area,Center(C),Less Than 8 ft.,1,-5,11,1,0,20251031,LAC,NOP,16180,0,201935|202695|203078|1627826|1627884,0,REG,2026,1610612746,,,,,
22500027367,,Shot Chart Detail,22500027,367,1627884,Derrick Jones Jr.,1610612746,LA Clippers,3,8,15,Made Shot,Driving Dunk Shot,2PT Field Goal,Restricted Area,Center(C),Less Than 8 ft.,1,2,16,1,1,20251031,LAC,NOP,16650,0,201935|202695|203078|1627826|1627884,1,REG,2026,1610612746,,,,,
22500027370,,Shot Chart Detail,22500027,370,201935,James Harden,1610612746,LA Clippers,3,7,56,Missed Shot,Pullup Jump shot,3PT Field Goal,Above the Break 3,Center(C),24+ ft.,30,9,300,1,0,20251031,LAC,NOP,16840,0,201935|202695|203078|1627826|1627884,0,REG,2026,1610612746,,,,,
22500027382,,Shot Chart Detail,22500027,382,203078,Bradley Beal,1610612746,LA Clippers,3,7,16,Missed Shot,Pullup Jump shot,2PT Field Goal,Mid-Range,Center(C),16-24 ft.,20,26,200,1,0,20251031,LAC,NOP,17240,0,201935|202695|203078|1627826|1627884,0,REG,2026,1610612746,,,,,
22500027389,,Shot Chart Detail,22500027,389,202695,Kawhi Leonard,1610612746,LA Clippers,3,6,42,Made Shot,Pullup Jump shot,3PT Field Goal,Above the Break 3,Right Side Center(RC),24+ ft.,25,103,236,1,1,20251031,LAC,NOP,17580,0,201935|202695|203078|1627826|1627884,0,REG,2026,1610612746,,,,,
22500027392,,Shot Chart Detail,22500027,392,202695,Kawhi Leonard,1610612746,LA Clippers,3,6,22,Made Shot,Step Back Jump shot,3PT Field Goal,Above the Break 3,Right Side Center(RC),24+ ft.,26,123,231,1,1,20251031,LAC,NOP,17780,0,201935|202695|203078|1627826|1627884,1,REG,2026,1610612746,,,,,
22500027403,,Shot Chart Detail,22500027,403,201935,James Harden,1610612746,LA Clippers,3,5,37,Missed Shot,Jump Shot,3PT Field Goal,Above the Break 3,Center(C),24+ ft.,27,20,270,1,0,20251031,LAC,NOP,18230,0,201935|202695|203078|1627826|1627884,0,REG,2026,1610612746,,,,,
22500027407,,Shot Chart Detail,22500027,407,203078,Bradley Beal,1610612746,LA Clippers,3,5,9,Made Shot,Running Reverse Layup Shot,2PT Field Goal,Restricted Area,Center(C),Less Than 8 ft.,1,6,8,1,1,20251031,LAC,NOP,18510,0,201935|202695|203078|1627826|1627884,1,REG,2026,1610612746,,,,,
22500027411,,Shot Chart Detail,22500027,411,203078,Bradley Beal,1610612746,LA Clippers,3,4,36,Made Shot,Jump Shot,3PT Field Goal,Above the Break 3,Center(C),24+ ft.,27,21,278,1,1,20251031,LAC,NOP,18840,0,201935|202695|203078|1627826|1627884,1,REG,2026,1610612746,,,,,
22500027427,,Shot Chart Detail,22500027,427,1627739,Kris Dunn,1610612746,LA Clippers,3,4,1,Made Shot,Floating Jump shot,2PT Field Goal,Mid-Range,Center(C),8-16 ft.,14,16,141,1,1,20251031,LAC,NOP,19190,0,101108|202695|1627739|1627826|1627884,1,REG,2026,1610612746,,,,,
22500027435,,Shot Chart Detail,22500027,435,202695,Kawhi Leonard,1610612746,LA Clippers,3,3,19,Made Shot,Cutting Layup Shot,2PT Field Goal,Restricted Area,Center(C),Less Than 8 ft.,3,31,20,1,1,20251031,LAC,NOP,19610,0,101108|202695|1627739|1627826|1628381,1,REG,2026,1610612746,,,,,
22500027446,,Shot Chart Detail,22500027,446,101108,Chris Paul,1610612746,LA Clippers,3,2,38,Missed Shot,Fadeaway Jump Shot,2PT Field Goal,Mid-Range,Left Side Center(LC),16-24 ft.,16,-116,115,1,0,20251031,LAC,NOP,20020,0,101108|202695|1627739|1627826|1628381,0,REG,2026,1610612746,,,,,
22500027459,,Shot Chart Detail,22500027,459,1628381,John Collins,1610612746,LA Clippers,3,2,8,Made Shot,Turnaround Bank Hook Shot,2PT Field Goal,In The Paint (Non-RA),Center(C),Less Than 8 ft.,6,36,49,1,1,20251031,LAC,NOP,20320,0,101108|201572|202695|1627739|1628381,1,REG,2026,1610612746,,,,,
22500027462,,Shot Chart Detail,22500027,462,202695,Kawhi Leonard,1610612746,LA Clippers,3,1,37,Missed Shot,Pullup Jump shot,3PT Field Goal,Above the Break 3,Left Side Center(LC),24+ ft.,29,-115,277,1,0,20251031,LAC,NOP,20630,0,101108|201572|202695|1627739|1628381,0,REG,2026,1610612746,,,,,
22500027468,,Shot Chart Detail,22500027,468,1628381,John Collins,1610612746,LA Clippers,3,1,22,Missed Shot,Jump Shot,3PT Field Goal,Left Corner 3,Left Side(L),24+ ft.,22,-228,-4,1,0,20251031,LAC,NOP,20780,0,101108|201572|202695|1627739|1628381,0,REG,2026,1610612746,,,,,
22500027476,,Shot Chart Detail,22500027,476,1627739,Kris Dunn,1610612746,LA Clippers,3,0,31,Missed Shot,Driving Layup Shot,2PT Field Goal,Restricted Area,Center(C),Less Than 8 ft.,1,-18,1,1,0,20251031,LAC,NOP,21290,0,101108|201572|202695|1627739|1628381,0,REG,2026,1610612746,,,,,
22500027479,,Shot Chart Detail,22500027,479,101108,Chris Paul,1610612746,LA Clippers,3,0,27,Missed Shot,Turnaround Fadeaway shot,2PT Field Goal,In The Paint (Non-RA),Center(C),8-16 ft.,9,4,99,1,0,20251031,LAC,NOP,21330,0,101108|201572|202695|1627739|1628381,0,REG,2026,1610612746,,,,,
22500027483,,Shot Chart Detail,22500027,483,1627739,Kris Dunn,1610612746,LA Clippers,3,0,5,Made Shot,Running Reverse Layup Shot,2PT Field Goal,Restricted Area,Center(C),Less Than 8 ft.,1,4,11,1,1,20251031,LAC,NOP,21550,0,101108|201572|202695|1627739|1628381,0,REG,2026,1610612746,,,,,
22500027494,,Shot Chart Detail,22500027,494,201572,Brook Lopez,1610612746,LA Clippers,4,11,17,Made Shot,Alley Oop Dunk Shot,2PT Field Goal,Restricted Area,Center(C),Less Than 8 ft.,0,-5,8,1,1,20251031,LAC,NOP,22030,0,201572|201587|201935|1627739|1628381,1,REG,2026,1610612746,,,,,
22500027500,,Shot Chart Detail,22500027,500,201587,Nicolas Batum,1610612746,LA Clippers,4,10,54,Missed Shot,Pullup Jump shot,3PT Field Goal,Left Corner 3,Left Side(L),24+ ft.,23,-232,53,1,0,20251031,LAC,NOP,22260,0,201572|201587|201935|1627739|1628381,0,REG,2026,1610612746,,,,,
22500027508,,Shot Chart Detail,22500027,508,201572,Brook Lopez,1610612746,LA Clippers,4,10,19,Missed Shot,Jump Shot,2PT Field Goal,Mid-Range,Left Side Center(LC),16-24 ft.,23,-185,141,1,0,20251031,LAC,NOP,22610,0,201572|201587|201935|1627739|1628381,0,REG,2026,1610612746,,,,,
22500027521,,Shot Chart Detail,22500027,521,1628381,John Collins,1610612746,LA Clippers,4,9,32,Made Shot,Jump Shot,3PT Field Goal,Right Corner 3,Right Side(R),24+ ft.,22,228,22,1,1,20251031,LAC,NOP,23080,0,201572|201587|201935|1627739|1628381,1,REG,2026,1610612746,,,,,
22500027533,,Shot Chart Detail,22500027,533,201935,James Harden,1610612746,LA Clippers,4,8,33,Made Shot,Driving Layup Shot,2PT Field Goal,Restricted Area,Center(C),Less Than 8 ft.,1,-2,17,1,1,20251031,LAC,NOP,23670,0,201572|201587|201935|1627739|1628381,0,REG,2026,1610612746,,,,,
22500027537,,Shot Chart Detail,22500027,537,201935,James Harden,1610612746,LA Clippers,4,8,9,Made Shot,Running Pull-Up Jump Shot,3PT Field Goal,Above the Break 3,Left Side Center(LC),24+ ft.,31,-121,289,1,1,20251031,LAC,NOP,23910,0,201572|201587|201935|1627739|1628381,0,REG,2026,1610612746,,,,,
22500027558,,Shot Chart Detail,22500027,558,201935,James Harden,1610612746,LA Clippers,4,6,55,Made Shot,Driving Layup Shot,2PT Field Goal,Restricted Area,Center(C),Less Than 8 ft.,2,-23,15,1,1,20251031,LAC,NOP,24650,0,201587|201935|1627739|1627826|1628381,0,REG,2026,1610612746,,,,,
22500027561,,Shot Chart Detail,22500027,561,201935,James Harden,1610612746,LA Clippers,4,6,29,Missed Shot,Pullup Jump shot,3PT Field Goal,Above the Break 3,Center(C),24+ ft.,30,28,302,1,0,20251031,LAC,NOP,24910,0,201587|201935|1627739|1627826|1628381,0,REG,2026,1610612746,,,,,
22500027570,,Shot Chart Detail,22500027,570,1627826,Ivica Zubac,1610612746,LA Clippers,4,6,2,Missed Shot,Driving Hook Shot,2PT Field Goal,In The Paint (Non-RA),Center(C),Less Than 8 ft.,6,6,63,1,0,20251031,LAC,NOP,25180,0,201935|202695|1627739|1627826|1627884,0,REG,2026,1610612746,,,,,
22500027573,,Shot Chart Detail,22500027,573,201935,James Harden,1610612746,LA Clippers,4,5,28,Missed Shot,Step Back Jump shot,3PT Field Goal,Above the Break 3,Center(C),24+ ft.,26,-18,260,1,0,20251031,LAC,NOP,25520,0,201935|202695|1627739|1627826|1627884,0,REG,2026,1610612746,,,,,
22500027577,,Shot Chart Detail,22500027,577,1627884,Derrick Jones Jr.,1610612746,LA Clippers,4,5,9,Made Shot,Jump Shot,3PT Field Goal,Right Corner 3,Right Side(R),24+ ft.,22,228,18,1,1,20251031,LAC,NOP,25710,0,201935|202695|1627739|1627826|1627884,1,REG,2026,1610612746,,,,,
22500027593,,Shot Chart Detail,22500027,593,202695,Kawhi Leonard,1610612746,LA Clippers,4,4,13,Made Shot,Jump Shot,3PT Field Goal,Above the Break 3,Left Side Center(LC),24+ ft.,25,-174,185,1,1,20251031,LAC,NOP,26270,0,201587|201935|202695|1627826|1627884,1,REG,2026,1610612746,,,,,
22500027600,,Shot Chart Detail,22500027,600,202695,Kawhi Leonard,1610612746,LA Clippers,4,3,46,Missed Shot,Driving Layup Shot,2PT Field Goal,Restricted Area,Center(C),Less Than 8 ft.,3,22,23,1,0,20251031,LAC,NOP,26540,0,201587|201935|202695|1627826|1627884,0,REG,2026,1610612746,,,,,
22500027603,,Shot Chart Detail,22500027,603,202695,Kawhi Leonard,1610612746,LA Clippers,4,3,23,Made Shot,Turnaround Fadeaway shot,2PT Field Goal,In The Paint (Non-RA),Center(C),8-16 ft.,10,10,107,1,1,20251031,LAC,NOP,26770,0,201587|201935|202695|1627826|1627884,0,REG,2026,1610612746,,,,,
22500027618,,Shot Chart Detail,22500027,618,202695,Kawhi Leonard,1610612746,LA Clippers,4,1,42,Made Shot,Pullup Jump shot,3PT Field Goal,Above the Break 3,Center(C),24+ ft.,25,61,248,1,1,20251031,LAC,NOP,27780,0,201587|201935|202695|1627826|1627884,0,REG,2026,1610612746,,,,,
22500027624,,Shot Chart Detail,22500027,624,1627884,Derrick Jones Jr.,1610612746,LA Clippers,4,1,12,Made Shot,Alley Oop Dunk Shot,2PT Field Goal,Restricted Area,Center(C),Less Than 8 ft.,0,-2,5,1,1,20251031,LAC,NOP,28080,0,201587|201935|202695|1627826|1627884,1,REG,2026,1610612746,,,,,
22500027634,,Shot Chart Detail,22500027,634,201935,James Harden,1610612746,LA Clippers,4,0,35,Missed Shot,Pullup Jump shot,3PT Field Goal,Above the Break 3,Right Side Center(RC),24+ ft.,25,134,218,1,0,20251031,LAC,NOP,28450,0,201587|201935|202695|1627826|1627884,0,REG,2026,1610612746,,,,,
22500027661,,Shot Chart Detail,22500027,661,202695,Kawhi Leonard,1610612746,LA Clippers,4,0,0,Made Shot,Pullup Jump shot,2PT Field Goal,Mid-Range,Left Side(L),16-24 ft.,20,-168,118,1,1,20251031,LAC,NOP,28800,0,201935|202695|1627739|1627826|1627884,1,REG,2026,1610612746,,,,,
225000467,,Shot Chart Detail,22500046,7,1627826,Ivica Zubac,1610612746,LA Clippers,1,11,45,Missed Shot,Driving Layup Shot,2PT Field Goal,Restricted Area,Center(C),Less Than 8 ft.,2,-18,9,1,0,20251114,DAL,LAC,150,0,201935|1627739|1627826|1627884|1628381,0,REG,2026,1610612746,,,,,
2250004612,,Shot Chart Detail,22500046,12,1627884,Derrick Jones Jr.,1610612746,LA Clippers,1,11,27,Made Shot,Cutting Layup Shot,2PT Field Goal,Restricted Area,Center(C),Less Than 8 ft.,1,16,7,1,1,20251114,DAL,LAC,330,0,201935|1627739|1627826|1627884|1628381,1,REG,2026,1610612746,,,,,
2250004615,,Shot Chart Detail,22500046,15,1628381,John Collins,1610612746,LA Clippers,1,10,46,Made Shot,Driving Floating Bank Jump Shot,2PT Field Goal,Restricted Area,Center(C),Less Than 8 ft.,3,39,8,1,1,20251114,DAL,LAC,740,0,201935|1627739|1627826|1627884|1628381,1,REG,2026,1610612746,,,,,
2250004619,,Shot Chart Detail,22500046,19,1627826,Ivica Zubac,1610612746,LA Clippers,1,10,22,Made Shot,Hook Shot,2PT Field Goal,In The Paint (Non-RA),Center(C),Less Than 8 ft.,6,4,63,1,1,20251114,DAL,LAC,980,0,201935|1627739|1627826|1627884|1628381,0,REG,2026,1610612746,,,,,
2250004629,,Shot Chart Detail,22500046,29,1627884,Derrick Jones Jr.,1610612746,LA Clippers,1,9,33,Missed Shot,Running Jump Shot,2PT Field Goal,Mid-Range,Left Side(L),16-24 ft.,22,-195,110,1,0,20251114,DAL,LAC,1470,0,201935|1627739|1627826|1627884|1628381,0,REG,2026,1610612746,,,,,
2250004633,,Shot Chart Detail,22500046,33,1627739,Kris Dunn,1610612746,LA Clippers,1,9,26,Made Shot,Dunk Shot,2PT Field Goal,Restricted Area,Center(C),Less Than 8 ft.,1,-11,10,1,1,20251114,DAL,LAC,1540,0,201935|1627739|1627826|1627884|1628381,0,REG,2026,1610612746,,,,,
2250004639,,Shot Chart Detail,22500046,39,1627884,Derrick Jones Jr.,1610612746,LA Clippers,1,8,46,Missed Shot,Pullup Jump shot,2PT Field Goal,In The Paint (Non-RA),Center(C),8-16 ft.,9,-6,97,1,0,20251114,DAL,LAC,1940,0,201935|1627739|1627826|1627884|1628381,0,REG,2026,1610612746,,,,,
2250004650,,Shot Chart Detail,22500046,50,1627826,Ivica Zubac,1610612746,LA Clippers,1,8,12,Made Shot,Hook Shot,2PT Field Goal,In The Paint (Non-RA),Center(C),8-16 ft.,9,31,85,1,1,20251114,DAL,LAC,2280,0,201935|1627739|1627826|1627884|1628381,1,REG,2026,1610612746,,,,,
2250004663,,Shot Chart Detail,22500046,63,1627739,Kris Dunn,1610612746,LA Clippers,1,7,18,Missed Shot,Jump Shot,3PT Field Goal,Right Corner 3,Right Side(R),24+ ft.,22,228,-8,1,0,20251114,DAL,LAC,2820,0,201935|1627739|1627826|1627884|1628381,0,REG,2026,1610612746,,,,,
2250004667,,Shot Chart Detail,22500046,67,1627884,Derrick Jones Jr.,1610612746,LA Clippers,1,6,57,Made Shot,Cutting Layup Shot,2PT Field Goal,Restricted Area,Center(C),Less Than 8 ft.,0,-1,5,1,1,20251114,DAL,LAC,3030,0,201935|1627739|1627826|1627884|1628381,1,REG,2026,1610612746,,,,,
2250004676,,Shot Chart Detail,22500046,76,201935,James Harden,1610612746,LA Clippers,1,6,18,Made Shot,Step Back Jump shot,3PT Field Goal,Above the Break 3,Center(C),24+ ft.,25,28,257,1,1,20251114,DAL,LAC,3420,0,201935|1627739|1627826|1627884|1628381,0,REG,2026,1610612746,,,,,
2250004694,,Shot Chart Detail,22500046,94,1642920,Kobe Sanders,1610612746,LA Clippers,1,5,34,Missed Shot,Jump Shot,3PT Field Goal,Above the Break 3,Left Side Center(LC),24+ ft.,25,-202,153,1,0,20251114,DAL,LAC,3860,0,201935|1627826|1627884|1628381|1642920,0,REG,2026,1610612746,,,,,
2250004696,,Shot Chart Detail,22500046,96,201935,James Harden,1610612746,LA Clippers,1,5,16,Missed Shot,Step Back Jump shot,3PT Field Goal,Above the Break 3,Right Side Center(RC),24+ ft.,25,127,226,1,0,20251114,DAL,LAC,4040,0,201935|1627826|1627884|1628381|1642920,0,REG,2026,1610612746,,,,,
22500046102,,Shot Chart Detail,22500046,102,201935,James Harden,1610612746,LA Clippers,1,4,21,Missed Shot,Driving Floating Jump Shot,2PT Field Goal,In The Paint (Non-RA),Left Side(L),8-16 ft.,8,-58,59,1,0,20251114,DAL,LAC,4590,0,201935|1627826|1627884|1628381|1642920,0,REG,2026,1610612746,,,,,
22500046109,,Shot Chart Detail,22500046,109,1628381,John Collins,1610612746,LA Clippers,1,4,5,Missed Shot,Turnaround Jump Shot,2PT Field Goal,Mid-Range,Left Side(L),16-24 ft.,17,-169,43,1,0,20251114,DAL,LAC,4750,0,201572|201935|1627884|1628381|1642920,0,REG,2026,1610612746,,,,,
22500046120,,Shot Chart Detail,22500046,120,201935,James Harden,1610612746,LA Clippers,1,3,39,Made Shot,Running Layup Shot,2PT Field Goal,Restricted Area,Center(C),Less Than 8 ft.,1,-9,6,1,1,20251114,DAL,LAC,5010,0,201572|201587|201935|1627884|1642920,0,REG,2026,1610612746,,,,,
22500046123,,Shot Chart Detail,22500046,123,1627884,Derrick Jones Jr.,1610612746,LA Clippers,1,3,12,Made Shot,Driving Layup Shot,2PT Field Goal,In The Paint (Non-RA),Center(C),Less Than 8 ft.,4,-36,18,1,1,20251114,DAL,LAC,5280,0,201572|201587|201935|1627884|1642920,1,REG,2026,1610612746,,,,,
22500046134,,Shot Chart Detail,22500046,134,201935,James Harden,1610612746,LA Clippers,1,2,39,Missed Shot,Pullup Jump shot,3PT Field Goal,Above the Break 3,Right Side Center(RC),24+ ft.,25,169,189,1,0,20251114,DAL,LAC,5610,0,201572|201587|201935|1627884|1642920,0,REG,2026,1610612746,,,,,
22500046144,,Shot Chart Detail,22500046,144,201587,Nicolas Batum,1610612746,LA Clippers,1,2,23,Made Shot,Jump Shot,3PT Field Goal,Left Corner 3,Left Side(L),24+ ft.,23,-233,8,1,1,20251114,DAL,LAC,5770,0,201572|201587|201935|1641757|1642920,1,REG,2026,1610612746,,,,,
22500046157,,Shot Chart Detail,22500046,157,1642920,Kobe Sanders,1610612746,LA Clippers,1,0,53,Missed Shot,Jump Shot,3PT Field Goal,Left Corner 3,Left Side(L),24+ ft.,23,-232,17,1,0,20251114,DAL,LAC,6670,0,201572|201587|201935|1641757|1642920,0,REG,2026,1610612746,,,,,
22500046164,,Shot Chart Detail,22500046,164,201935,James Harden,1610612746,LA Clippers,1,0,30,Made Shot,Driving Floating Jump Shot,2PT Field Goal,In The Paint (Non-RA),Center(C),Less Than 8 ft.,6,-4,63,1,1,20251114,DAL,LAC,6900,0,201572|201587|201935|1641757|1642920,0,REG,2026,1610612746,,,,,
22500046169,,Shot Chart Detail,22500046,169,1641757,Jordan Miller,1610612746,LA Clippers,1,0,28,Made Shot,Putback Layup Shot,2PT Field Goal,Restricted Area,Center(C),Less Than 8 ft.,2,-5,28,1,1,20251114,DAL,LAC,6920,0,201572|201587|201935|1641757|1642920,0,REG,2026,1610612746,,,,,
22500046182,,Shot Chart Detail,22500046,182,1642920,Kobe Sanders,1610612746,LA Clippers,1,0,0,Missed Shot,Fadeaway Jump Shot,2PT Field Goal,Mid-Range,Center(C),16-24 ft.,16,0,169,1,0,20251114,DAL,LAC,7200,0,201572|201587|201935|1641757|1642920,0,REG,2026,1610612746,,,,,
22500046196,,Shot Chart Detail,22500046,196,201587,Nicolas Batum,1610612746,LA Clippers,2,11,32,Missed Shot,Jump Shot,3PT Field Goal,Left Corner 3,Left Side(L),24+ ft.,23,-235,11,1,0,20251114,DAL,LAC,7480,0,201572|201587|203992|1627739|1641757,0,REG,2026,1610612746,,,,,
22500046199,,Shot Chart Detail,22500046,199,1641757,Jordan Miller,1610612746,LA Clippers,2,10,59,Missed Shot,Cutting Layup Shot,2PT Field Goal,Restricted Area,Center(C),Less Than 8 ft.,2,-19,22,1,0,20251114,DAL,LAC,7810,0,201572|201587|203992|1627739|1641757,0,REG,2026,1610612746,,,,,
22500046204,,Shot Chart Detail,22500046,204,1627739,Kris Dunn,1610612746,LA Clippers,2,10,44,Missed Shot,Running Layup Shot,2PT Field Goal,Restricted Area,Center(C),Less Than 8 ft.,0,9,4,1,0,20251114,DAL,LAC,7960,0,201572|201587|203992|1627739|1641757,0,REG,2026,1610612746,,,,,
22500046212,,Shot Chart Detail,22500046,212,201572,Brook Lopez,1610612746,LA Clippers,2,9,56,Missed Shot,Jump Shot,3PT Field Goal,Above the Break 3,Left Side Center(LC),24+ ft.,28,-180,217,1,0,20251114,DAL,LAC,8440,0,201572|201587|203992|1627739|1641757,0,REG,2026,1610612746,,,,,
22500046219,,Shot Chart Detail,22500046,219,203992,Bogdan Bogdanović,1610612746,LA Clippers,2,9,22,Missed Shot,Driving Layup Shot,2PT Field Goal,Restricted Area,Center(C),Less Than 8 ft.,3,39,2,1,0,20251114,DAL,LAC,8780,0,201587|203992|1627739|1627826|1641757,0,REG,2026,1610612746,,,,,
22500046232,,Shot Chart Detail,22500046,232,1627826,Ivica Zubac,1610612746,LA Clippers,2,8,56,Made Shot,Running Layup Shot,2PT Field Goal,Restricted Area,Center(C),Less Than 8 ft.,0,-4,2,1,1,20251114,DAL,LAC,9040,0,201587|203992|1627739|1627826|1641757,0,REG,2026,1610612746,,,,,
22500046240,,Shot Chart Detail,22500046,240,1627739,Kris Dunn,1610612746,LA Clippers,2,8,24,Missed Shot,Jump Shot,3PT Field Goal,Above the Break 3,Center(C),24+ ft.,25,72,243,1,0,20251114,DAL,LAC,9360,0,201587|203992|1627739|1627826|1641757,0,REG,2026,1610612746,,,,,
22500046253,,Shot Chart Detail,22500046,253,1627826,Ivica Zubac,1610612746,LA Clippers,2,7,50,Made Shot,Turnaround Hook Shot,2PT Field Goal,Restricted Area,Center(C),Less Than 8 ft.,2,-15,25,1,1,20251114,DAL,LAC,9700,0,201935|203992|1627739|1627826|1628381,1,REG,2026,1610612746,,,,,
22500046267,,Shot Chart Detail,22500046,267,203992,Bogdan Bogdanović,1610612746,LA Clippers,2,6,35,Made Shot,Running Layup Shot,2PT Field Goal,Restricted Area,Center(C),Less Than 8 ft.,1,-15,6,1,1,20251114,DAL,LAC,10450,0,201935|203992|1627739|1627826|1628381,0,REG,2026,1610612746,,,,,
22500046272,,Shot Chart Detail,22500046,272,1627826,Ivica Zubac,1610612746,LA Clippers,2,6,0,Made Shot,Driving Layup Shot,2PT Field Goal,Restricted Area,Center(C),Less Than 8 ft.,2,-22,4,1,1,20251114,DAL,LAC,10800,0,201935|203992|1627739|1627826|1628381,1,REG,2026,1610612746,,,,,
22500046276,,Shot Chart Detail,22500046,276,1628381,John Collins,1610612746,LA Clippers,2,5,34,Missed Shot,Running Jump Shot,3PT Field Goal,Left Corner 3,Left Side(L),24+ ft.,22,-229,4,1,0,20251114,DAL,LAC,11060,0,201935|203992|1627739|1627826|1628381,0,REG,2026,1610612746,,,,,
22500046288,,Shot Chart Detail,22500046,288,201935,James Harden,1610612746,LA Clippers,2,5,8,Made Shot,Running Finger Roll Layup Shot,2PT Field Goal,Restricted Area,Center(C),Less Than 8 ft.,2,-20,11,1,1,20251114,DAL,LAC,11320,0,201935|203992|1627739|1627826|1628381,1,REG,2026,1610612746,,,,,
22500046296,,Shot Chart Detail,22500046,296,201935,James Harden,1610612746,LA Clippers,2,4,35,Made Shot,Pullup Jump shot,3PT Field Goal,Above the Break 3,Left Side Center(LC),24+ ft.,25,-173,188,1,1,20251114,DAL,LAC,11650,0,201935|203992|1627739|1627826|1628381,1,REG,2026,1610612746,,,,,
22500046317,,Shot Chart Detail,22500046,317,201935,James Harden,1610612746,LA Clippers,2,3,45,Made Shot,Step Back Jump shot,3PT Field Goal,Right Corner 3,Right Side(R),24+ ft.,22,225,11,1,1,20251114,DAL,LAC,12150,0,201935|203992|1627739|1627826|1628381,0,REG,2026,1610612746,,,,,
22500046319,,Shot Chart Detail,22500046,319,1628381,John Collins,1610612746,LA Clippers,2,3,19,Missed Shot,Driving Layup Shot,2PT Field Goal,Mid-Range,Left Side(L),8-16 ft.,9,-95,-15,1,0,20251114,DAL,LAC,12410,0,201935|203992|1627739|1627826|1628381,0,REG,2026,1610612746,,,,,
22500046325,,Shot Chart Detail,22500046,325,201935,James Harden,1610612746,LA Clippers,2,3,5,Made Shot,Pullup Jump shot,3PT Field Goal,Right Corner 3,Right Side(R),24+ ft.,23,225,52,1,1,20251114,DAL,LAC,12550,0,201935|203992|1627826|1627884|1628381,0,REG,2026,1610612746,,,,,
22500046327,,Shot Chart Detail,22500046,327,203992,Bogdan Bogdanović,1610612746,LA Clippers,2,2,40,Missed Shot,Driving Layup Shot,2PT Field Goal,Restricted Area,Center(C),Less Than 8 ft.,2,21,16,1,0,20251114,DAL,LAC,12800,0,201935|203992|1627826|1627884|1628381,0,REG,2026,1610612746,,,,,
22500046335,,Shot Chart Detail,22500046,335,1627884,Derrick Jones Jr.,1610612746,LA Clippers,2,2,17,Missed Shot,Jump Shot,3PT Field Goal,Left Corner 3,Left Side(L),24+ ft.,23,-230,44,1,0,20251114,DAL,LAC,13030,0,201935|203992|1627826|1627884|1628381,0,REG,2026,1610612746,,,,,
22500046349,,Shot Chart Detail,22500046,349,203992,Bogdan Bogdanović,1610612746,LA Clippers,2,1,23,Missed Shot,Running Jump Shot,3PT Field Goal,Above the Break 3,Right Side Center(RC),24+ ft.,24,151,194,1,0,20251114,DAL,LAC,13570,0,201935|203992|1627826|1627884|1628381,0,REG,2026,1610612746,,,,,
22500046361,,Shot Chart Detail,22500046,361,1627826,Ivica Zubac,1610612746,LA Clippers,2,0,51,Missed Shot,Hook Shot,2PT Field Goal,In The Paint (Non-RA),Center(C),8-16 ft.,8,37,73,1,0,20251114,DAL,LAC,13890,0,201587|201935|203992|1627826|1627884,0,REG,2026,1610612746,,,,,
22500046364,,Shot Chart Detail,22500046,364,203992,Bogdan Bogdanović,1610612746,LA Clippers,2,0,34,Made Shot,Pullup Jump shot,3PT Field Goal,Above the Break 3,Center(C),24+ ft.,25,25,257,1,1,20251114,DAL,LAC,14060,0,201587|201935|203992|1627826|1627884,0,REG,2026,1610612746,,,,,
22500046372,,Shot Chart Detail,22500046,372,201935,James Harden,1610612746,LA Clippers,2,0,9,Missed Shot,Driving Floating Jump Shot,2PT Field Goal,In The Paint (Non-RA),Center(C),Less Than 8 ft.,4,-28,38,1,0,20251114,DAL,LAC,14310,0,201587|201935|203992|1627884|1642920,0,REG,2026,1610612746,,,,,
22500046412,,Shot Chart Detail,22500046,412,1627884,Derrick Jones Jr.,1610612746,LA Clippers,3,11,13,Made Shot,Running Layup Shot,2PT Field Goal,Restricted Area,Center(C),Less Than 8 ft.,1,-16,1,1,1,20251114,DAL,LAC,14870,0,201935|1627739|1627826|1627884|1628381,1,REG,2026,1610612746,,,,,
22500046427,,Shot Chart Detail,22500046,427,1627826,Ivica Zubac,1610612746,LA Clippers,3,10,30,Made Shot,Floating Jump shot,2PT Field Goal,In The Paint (Non-RA),Center(C),8-16 ft.,11,45,103,1,1,20251114,DAL,LAC,15300,0,201935|1627739|1627826|1627884|1628381,1,REG,2026,1610612746,,,,,
22500046431,,Shot Chart Detail,22500046,431,1628381,John Collins,1610612746,LA Clippers,3,9,50,Missed Shot,Jump Shot,3PT Field Goal,Above the Break 3,Left Side Center(LC),24+ ft.,24,-192,158,1,0,20251114,DAL,LAC,15700,0,201935|1627739|1627826|1627884|1628381,0,REG,2026,1610612746,,,,,
22500046435,,Shot Chart Detail,22500046,435,1628381,John Collins,1610612746,LA Clippers,3,9,29,Made Shot,Running Pull-Up Jump Shot,2PT Field Goal,In The Paint (Non-RA),Center(C),Less Than 8 ft.,6,43,45,1,1,20251114,DAL,LAC,15910,0,201935|1627739|1627826|1627884|1628381,0,REG,2026,1610612746,,,,,
22500046448,,Shot Chart Detail,22500046,448,1628381,John Collins,1610612746,LA Clippers,3,8,57,Made Shot,Driving Reverse Layup Shot,2PT Field Goal,Restricted Area,Center(C),Less Than 8 ft.,0,-4,3,1,1,20251114,DAL,LAC,16230,0,201935|1627739|1627826|1627884|1628381,1,REG,2026,1610612746,,,,,
22500046451,,Shot Chart Detail,22500046,451,1627826,Ivica Zubac,1610612746,LA Clippers,3,8,30,Made Shot,Driving Reverse Layup Shot,2PT Field Goal,Restricted Area,Center(C),Less Than 8 ft.,2,22,-7,1,1,20251114,DAL,LAC,16500,0,201935|1627739|1627826|1627884|1628381,1,REG,2026,1610612746,,,,,
22500046458,,Shot Chart Detail,22500046,458,1627826,Ivica Zubac,1610612746,LA Clippers,3,7,47,Missed Shot,Turnaround Hook Shot,2PT Field Goal,In The Paint (Non-RA),Center(C),Less Than 8 ft.,7,13,73,1,0,20251114,DAL,LAC,16930,0,201935|1627739|1627826|1627884|1628381,0,REG,2026,1610612746,,,,,
22500046471,,Shot Chart Detail,22500046,471,201935,James Harden,1610612746,LA Clippers,3,7,2,Made Shot,Step Back Jump shot,2PT Field Goal,Mid-Range,Right Side(R),8-16 ft.,13,131,29,1,1,20251114,DAL,LAC,17380,0,201935|1627739|1627826|1627884|1628381,0,REG,2026,1610612746,,,,,
22500046474,,Shot Chart Detail,22500046,474,1627739,Kris Dunn,1610612746,LA Clippers,3,6,35,Made Shot,Jump Shot,3PT Field Goal,Above the Break 3,Right Side Center(RC),24+ ft.,24,228,94,1,1,20251114,DAL,LAC,17650,0,201935|1627739|1627826|1627884|1628381,1,REG,2026,1610612746,,,,,
22500046479,,Shot Chart Detail,22500046,479,201935,James Harden,1610612746,LA Clippers,3,6,12,Missed Shot,Driving Finger Roll Layup Shot,2PT Field Goal,Restricted Area,Center(C),Less Than 8 ft.,1,10,13,1,0,20251114,DAL,LAC,17880,0,201935|1627739|1627826|1627884|1628381,0,REG,2026,1610612746,,,,,
22500046488,,Shot Chart Detail,22500046,488,1628381,John Collins,1610612746,LA Clippers,3,5,23,Missed Shot,Jump Shot,3PT Field Goal,Left Corner 3,Left Side(L),24+ ft.,22,-227,-2,1,0,20251114,DAL,LAC,18370,0,201935|1627739|1627826|1627884|1628381,0,REG,2026,1610612746,,,,,
22500046495,,Shot Chart Detail,22500046,495,1627826,Ivica Zubac,1610612746,LA Clippers,3,4,46,Made Shot,Cutting Dunk Shot,2PT Field Goal,Restricted Area,Center(C),Less Than 8 ft.,0,-2,3,1,1,20251114,DAL,LAC,18740,0,201935|1627739|1627826|1627884|1628381,1,REG,2026,1610612746,,,,,
22500046525,,Shot Chart Detail,22500046,525,1627884,Derrick Jones Jr.,1610612746,LA Clippers,3,3,18,Missed Shot,Cutting Layup Shot,2PT Field Goal,In The Paint (Non-RA),Center(C),Less Than 8 ft.,4,8,45,1,0,20251114,DAL,LAC,19620,0,201587|201935|203992|1627884|1642920,0,REG,2026,1610612746,,,,,
22500046537,,Shot Chart Detail,22500046,537,203992,Bogdan Bogdanović,1610612746,LA Clippers,3,3,3,Made Shot,Jump Shot,3PT Field Goal,Above the Break 3,Left Side Center(LC),24+ ft.,24,-162,185,1,1,20251114,DAL,LAC,19770,0,201572|201587|201935|203992|1642920,1,REG,2026,1610612746,,,,,
22500046562,,Shot Chart Detail,22500046,562,203992,Bogdan Bogdanović,1610612746,LA Clippers,3,1,14,Made Shot,Running Pull-Up Jump Shot,2PT Field Goal,Restricted Area,Center(C),Less Than 8 ft.,1,-16,3,1,1,20251114,DAL,LAC,20860,0,201572|201587|201935|203992|1642920,0,REG,2026,1610612746,,,,,
22500046567,,Shot Chart Detail,22500046,567,1642920,Kobe Sanders,1610612746,LA Clippers,3,0,54,Made Shot,Pullup Jump shot,2PT Field Goal,Mid-Range,Right Side Center(RC),16-24 ft.,19,123,147,1,1,20251114,DAL,LAC,21060,0,201572|201587|201935|203992|1642920,1,REG,2026,1610612746,,,,,
22500046571,,Shot Chart Detail,22500046,571,1642920,Kobe Sanders,1610612746,LA Clippers,3,0,31,Missed Shot,Pullup Jump shot,3PT Field Goal,Above the Break 3,Left Side Center(LC),24+ ft.,24,-169,178,1,0,20251114,DAL,LAC,21290,0,201572|201587|201935|203992|1642920,0,REG,2026,1610612746,,,,,
22500046576,,Shot Chart Detail,22500046,576,201935,James Harden,1610612746,LA Clippers,3,0,3,Missed Shot,Pullup Jump shot,3PT Field Goal,Above the Break 3,Right Side Center(RC),24+ ft.,28,158,241,1,0,20251114,DAL,LAC,21570,0,201572|201587|201935|203992|1642920,0,REG,2026,1610612746,,,,,
22500046590,,Shot Chart Detail,22500046,590,203992,Bogdan Bogdanović,1610612746,LA Clippers,4,11,43,Made Shot,Step Back Jump shot,3PT Field Goal,Above the Break 3,Right Side Center(RC),24+ ft.,27,118,248,1,1,20251114,DAL,LAC,21770,0,201587|203992|1627826|1641757|1642920,0,REG,2026,1610612746,,,,,
22500046593,,Shot Chart Detail,22500046,593,203992,Bogdan Bogdanović,1610612746,LA Clippers,4,11,11,Made Shot,Pullup Jump shot,3PT Field Goal,Above the Break 3,Right Side Center(RC),24+ ft.,25,115,231,1,1,20251114,DAL,LAC,22090,0,201587|203992|1627826|1641757|1642920,0,REG,2026,1610612746,,,,,
22500046596,,Shot Chart Detail,22500046,596,1627826,Ivica Zubac,1610612746,LA Clippers,4,10,42,Made Shot,Cutting Dunk Shot,2PT Field Goal,Restricted Area,Center(C),Less Than 8 ft.,2,-5,26,1,1,20251114,DAL,LAC,22380,0,201587|203992|1627826|1641757|1642920,1,REG,2026,1610612746,,,,,
22500046602,,Shot Chart Detail,22500046,602,1641757,Jordan Miller,1610612746,LA Clippers,4,9,56,Missed Shot,Jump Shot,3PT Field Goal,Above the Break 3,Right Side Center(RC),24+ ft.,25,148,203,1,0,20251114,DAL,LAC,22840,0,201587|203992|1627826|1641757|1642920,0,REG,2026,1610612746,,,,,
22500046629,,Shot Chart Detail,22500046,629,1627826,Ivica Zubac,1610612746,LA Clippers,4,8,49,Missed Shot,Hook Shot,2PT Field Goal,In The Paint (Non-RA),Center(C),Less Than 8 ft.,5,53,14,1,0,20251114,DAL,LAC,23510,0,201587|203992|1627826|1641757|1642920,0,REG,2026,1610612746,,,,,
22500046641,,Shot Chart Detail,22500046,641,203992,Bogdan Bogdanović,1610612746,LA Clippers,4,8,28,Made Shot,Step Back Bank Jump Shot,2PT Field Goal,In The Paint (Non-RA),Center(C),Less Than 8 ft.,7,-71,13,1,1,20251114,DAL,LAC,23720,0,201935|203992|1627826|1627884|1641757,0,REG,2026,1610612746,,,,,
22500046647,,Shot Chart Detail,22500046,647,1627884,Derrick Jones Jr.,1610612746,LA Clippers,4,7,59,Missed Shot,Jump Shot,3PT Field Goal,Right Corner 3,Right Side(R),24+ ft.,23,230,24,1,0,20251114,DAL,LAC,24010,0,201935|203992|1627826|1627884|1641757,0,REG,2026,1610612746,,,,,
22500046652,,Shot Chart Detail,22500046,652,201935,James Harden,1610612746,LA Clippers,4,7,32,Made Shot,Pullup Jump shot,2PT Field Goal,Mid-Range,Right Side(R),8-16 ft.,14,141,32,1,1,20251114,DAL,LAC,24280,0,201935|203992|1627826|1627884|1641757,0,REG,2026,1610612746,,,,,
22500046665,,Shot Chart Detail,22500046,665,203992,Bogdan Bogdanović,1610612746,LA Clippers,4,6,35,Made Shot,Pullup Jump shot,3PT Field Goal,Above the Break 3,Left Side Center(LC),24+ ft.,28,-118,262,1,1,20251114,DAL,LAC,24850,0,201935|203992|1627739|1627826|1627884,1,REG,2026,1610612746,,,,,
22500046675,,Shot Chart Detail,22500046,675,1627739,Kris Dunn,1610612746,LA Clippers,4,5,10,Missed Shot,Jump Shot,3PT Field Goal,Right Corner 3,Right Side(R),24+ ft.,23,232,24,1,0,20251114,DAL,LAC,25700,0,201935|203992|1627739|1627826|1627884,0,REG,2026,1610612746,,,,,
22500046687,,Shot Chart Detail,22500046,687,203992,Bogdan Bogdanović,1610612746,LA Clippers,4,4,27,Missed Shot,Jump Shot,3PT Field Goal,Above the Break 3,Right Side Center(RC),24+ ft.,25,140,219,1,0,20251114,DAL,LAC,26130,0,201935|203992|1627739|1627826|1627884,0,REG,2026,1610612746,,,,,
22500046697,,Shot Chart Detail,22500046,697,201935,James Harden,1610612746,LA Clippers,4,3,51,Missed Shot,Pullup Jump shot,3PT Field Goal,Above the Break 3,Left Side Center(LC),24+ ft.,24,-147,198,1,0,20251114,DAL,LAC,26490,0,201935|203992|1627739|1627826|1627884,0,REG,2026,1610612746,,,,,
22500046713,,Shot Chart Detail,22500046,713,201935,James Harden,1610612746,LA Clippers,4,2,12,Made Shot,Driving Floating Jump Shot,2PT Field Goal,In The Paint (Non-RA),Center(C),Less Than 8 ft.,4,4,40,1,1,20251114,DAL,LAC,27480,0,201935|203992|1627739|1627826|1627884,0,REG,2026,1610612746,,,,,
22500046716,,Shot Chart Detail,22500046,716,201935,James Harden,1610612746,LA Clippers,4,1,38,Missed Shot,Step Back Jump shot,2PT Field Goal,Mid-Range,Left Side(L),8-16 ft.,15,-99,119,1,0,20251114,DAL,LAC,27820,0,201935|203992|1627739|1627826|1627884,0,REG,2026,1610612746,,,,,
22500046721,,Shot Chart Detail,22500046,721,1627826,Ivica Zubac,1610612746,LA Clippers,4,1,10,Made Shot,Hook Shot,2PT Field Goal,Restricted Area,Center(C),Less Than 8 ft.,2,21,4,1,1,20251114,DAL,LAC,28100,0,201935|203992|1627739|1627826|1627884,1,REG,2026,1610612746,,,,,
22500046725,,Shot Chart Detail,22500046,725,1627739,Kris Dunn,1610612746,LA Clippers,4,0,27,Missed Shot,Jump Shot,3PT Field Goal,Above the Break 3,Center(C),24+ ft.,24,-37,246,1,0,20251114,DAL,LAC,28530,0,201935|203992|1627739|1627826|1627884,0,REG,2026,1610612746,,,,,
22500046742,,Shot Chart Detail,22500046,742,1627739,Kris Dunn,1610612746,LA Clippers,5,3,57,Missed Shot,Jump Shot,3PT Field Goal,Above the Break 3,Right Side Center(RC),24+ ft.,25,129,221,1,0,20251114,DAL,LAC,29430,1,201935|203992|1627739|1627826|1627884,0,REG,2026,1610612746,,,,,
22500046750,,Shot Chart Detail,22500046,750,201587,Nicolas Batum,1610612746,LA Clippers,5,3,10,Missed Shot,Jump Shot,3PT Field Goal,Above the Break 3,Right Side Center(RC),24+ ft.,24,107,224,1,0,20251114,DAL,LAC,29900,1,201587|201935|203992|1627826|1627884,0,REG,2026,1610612746,,,,,
22500046763,,Shot Chart Detail,22500046,763,201935,James Harden,1610612746,LA Clippers,5,2,2,Missed Shot,Driving Floating Bank Jump Shot,2PT Field Goal,In The Paint (Non-RA),Center(C),Less Than 8 ft.,4,-42,16,1,0,20251114,DAL,LAC,30580,1,201587|201935|203992|1627826|1627884,0,REG,2026,1610612746,,,,,
22500046765,,Shot Chart Detail,22500046,765,1627826,Ivica Zubac,1610612746,LA Clippers,5,2,1,Made Shot,Tip Layup Shot,2PT Field Goal,Restricted Area,Center(C),Less Than 8 ft.,0,0,0,1,1,20251114,DAL,LAC,30590,1,201587|201935|203992|1627826|1627884,0,REG,2026,1610612746,,,,,
22500046768,,Shot Chart Detail,22500046,768,201935,James Harden,1610612746,LA Clippers,5,1,31,Made Shot,Step Back Jump shot,3PT Field Goal,Above the Break 3,Center(C),24+ ft.,25,39,253,1,1,20251114,DAL,LAC,30890,1,201587|201935|203992|1627826|1627884,0,REG,2026,1610612746,,,,,
22500046774,,Shot Chart Detail,22500046,774,1627884,Derrick Jones Jr.,1610612746,LA Clippers,5,0,53,Missed Shot,Jump Shot,3PT Field Goal,Left Corner 3,Left Side(L),24+ ft.,23,-230,0,1,0,20251114,DAL,LAC,31270,1,201587|201935|203992|1627826|1627884,0,REG,2026,1610612746,,,,,
22500046776,,Shot Chart Detail,22500046,776,201935,James Harden,1610612746,LA Clippers,5,0,41,Missed Shot,Pullup Jump shot,3PT Field Goal,Above the Break 3,Left Side Center(LC),24+ ft.,26,-123,234,1,0,20251114,DAL,LAC,31390,1,201587|201935|203992|1627826|1627884,0,REG,2026,1610612746,,,,,
22500046785,,Shot Chart Detail,22500046,785,201935,James Harden,1610612746,LA Clippers,5,0,30,Made Shot,Pullup Jump shot,3PT Field Goal,Above the Break 3,Center(C),24+ ft.,26,-6,269,1,1,20251114,DAL,LAC,31500,1,201587|201935|203992|1627826|1627884,1,REG,2026,1610612746,,,,,
22500046808,,Shot Chart Detail,22500046,808,201935,James Harden,1610612746,LA Clippers,5,0,1,Missed Shot,Driving Floating Jump Shot,2PT Field Goal,In The Paint (Non-RA),Center(C),Less Than 8 ft.,5,50,32,1,0,20251114,DAL,LAC,31790,1,201587|201935|203992|1627826|1627884,0,REG,2026,1610612746,,,,,
22500046817,,Shot Chart Detail,22500046,817,201587,Nicolas Batum,1610612746,LA Clippers,6,4,50,Made Shot,Driving Layup Shot,2PT Field Goal,Restricted Area,Center(C),Less Than 8 ft.,2,6,27,1,1,20251114,DAL,LAC,31900,2,201587|201935|203992|1627826|1627884,0,REG,2026,1610612746,,,,,
22500046819,,Shot Chart Detail,22500046,819,201587,Nicolas Batum,1610612746,LA Clippers,6,4,14,Missed Shot,Jump Shot,3PT Field Goal,Above the Break 3,Left Side Center(LC),24+ ft.,24,-168,176,1,0,20251114,DAL,LAC,32260,2,201587|201935|203992|1627826|1627884,0,REG,2026,1610612746,,,,,
22500046829,,Shot Chart Detail,22500046,829,201935,James Harden,1610612746,LA Clippers,6,3,7,Made Shot,Driving Layup Shot,2PT Field Goal,Restricted Area,Center(C),Less Than 8 ft.,2,-21,5,1,1,20251114,DAL,LAC,32930,2,201587|201935|203992|1627826|1627884,0,REG,2026,1610612746,,,,,
22500046855,,Shot Chart Detail,22500046,855,201587,Nicolas Batum,1610612746,LA Clippers,6,1,37,Missed Shot,Jump Shot,3PT Field Goal,Above the Break 3,Right Side Center(RC),24+ ft.,24,217,111,1,0,20251114,DAL,LAC,33830,2,201587|201935|203992|1627826|1627884,0,REG,2026,1610612746,,,,,
22500046859,,Shot Chart Detail,22500046,859,203992,Bogdan Bogdanović,1610612746,LA Clippers,6,0,53,Missed Shot,Driving Layup Shot,2PT Field Goal,Restricted Area,Center(C),Less Than 8 ft.,3,33,3,1,0,20251114,DAL,LAC,34270,2,201587|201935|203992|1627826|1627884,0,REG,2026,1610612746,,,,,
22500046864,,Shot Chart Detail,22500046,864,201935,James Harden,1610612746,LA Clippers,6,0,38,Missed Shot,Turnaround Jump Shot,3PT Field Goal,Above the Break 3,Center(C),24+ ft.,24,-38,243,1,0,20251114,DAL,LAC,34420,2,201587|201935|203992|1627826|1627884,0,REG,2026,1610612746,,,,,
22500046883,,Shot Chart Detail,22500046,883,203992,Bogdan Bogdanović,1610612746,LA Clippers,6,0,0,Missed Shot,Pullup Jump shot,3PT Field Goal,Above the Break 3,Right Side Center(RC),24+ ft.,26,88,252,1,0,20251114,DAL,LAC,34800,2,201587|201935|203992|1627826|1627884,0,REG,2026,1610612746,,,,,
2250008713,,Shot Chart Detail,22500087,13,203078,Bradley Beal,1610612746,LA Clippers,1,11,11,Missed Shot,Jump Shot,3PT Field Goal,Right Corner 3,Right Side(R),24+ ft.,22,225,-15,1,0,20251022,UTA,LAC,490,0,201935|202695|203078|1627826|1627884,0,REG,2026,1610612746,,,,,
2250008718,,Shot Chart Detail,22500087,18,202695,Kawhi Leonard,1610612746,LA Clippers,1,10,47,Missed Shot,Running Jump Shot,3PT Field Goal,Left Corner 3,Left Side(L),24+ ft.,23,-230,-1,1,0,20251022,UTA,LAC,730,0,201935|202695|203078|1627826|1627884,0,REG,2026,1610612746,,,,,
2250008722,,Shot Chart Detail,22500087,22,1627826,Ivica Zubac,1610612746,LA Clippers,1,10,19,Made Shot,Driving Hook Shot,2PT Field Goal,Restricted Area,Center(C),Less Than 8 ft.,3,-9,32,1,1,20251022,UTA,LAC,1010,0,201935|202695|203078|1627826|1627884,0,REG,2026,1610612746,,,,,
2250008729,,Shot Chart Detail,22500087,29,203078,Bradley Beal,1610612746,LA Clippers,1,9,52,Made Shot,Jump Shot,3PT Field Goal,Above the Break 3,Center(C),24+ ft.,25,-20,254,1,1,20251022,UTA,LAC,1280,0,201935|202695|203078|1627826|1627884,1,REG,2026,1610612746,,,,,
2250008733,,Shot Chart Detail,22500087,33,201935,James Harden,1610612746,LA Clippers,1,9,18,Missed Shot,Step Back Jump shot,3PT Field Goal,Above the Break 3,Center(C),24+ ft.,25,25,249,1,0,20251022,UTA,LAC,1620,0,201935|202695|203078|1627826|1627884,0,REG,2026,1610612746,,,,,
2250008736,,Shot Chart Detail,22500087,36,201935,James Harden,1610612746,LA Clippers,1,8,37,Made Shot,Pullup Jump shot,2PT Field Goal,Mid-Range,Right Side(R),8-16 ft.,9,91,34,1,1,20251022,UTA,LAC,2030,0,201935|202695|203078|1627826|1627884,0,REG,2026,1610612746,,,,,
2250008745,,Shot Chart Detail,22500087,45,202695,Kawhi Leonard,1610612746,LA Clippers,1,7,48,Made Shot,Pullup Jump shot,2PT Field Goal,In The Paint (Non-RA),Center(C),8-16 ft.,9,23,90,1,1,20251022,UTA,LAC,2520,0,201935|202695|203078|1627826|1627884,1,REG,2026,1610612746,,,,,
2250008759,,Shot Chart Detail,22500087,59,201935,James Harden,1610612746,LA Clippers,1,6,39,Made Shot,Pullup Jump shot,3PT Field Goal,Above the Break 3,Center(C),24+ ft.,29,-78,284,1,1,20251022,UTA,LAC,3210,0,201935|202695|203078|1627826|1627884,0,REG,2026,1610612746,,,,,
2250008763,,Shot Chart Detail,22500087,63,1627826,Ivica Zubac,1610612746,LA Clippers,1,6,19,Made Shot,Cutting Dunk Shot,2PT Field Goal,Restricted Area,Center(C),Less Than 8 ft.,3,2,36,1,1,20251022,UTA,LAC,3410,0,201935|202695|203078|1627826|1627884,1,REG,2026,1610612746,,,,,
2250008768,,Shot Chart Detail,22500087,68,202695,Kawhi Leonard,1610612746,LA Clippers,1,5,53,Missed Shot,Pullup Jump shot,2PT Field Goal,In The Paint (Non-RA),Center(C),8-16 ft.,10,-39,94,1,0,20251022,UTA,LAC,3670,0,201935|202695|203078|1627826|1627884,0,REG,2026,1610612746,,,,,
2250008780,,Shot Chart Detail,22500087,80,1627826,Ivica Zubac,1610612746,LA Clippers,1,5,18,Missed Shot,Hook Shot,2PT Field Goal,In The Paint (Non-RA),Left Side(L),8-16 ft.,11,-60,95,1,0,20251022,UTA,LAC,4020,0,201935|202695|1627739|1627826|1628381,0,REG,2026,1610612746,,,,,
2250008795,,Shot Chart Detail,22500087,95,201935,James Harden,1610612746,LA Clippers,1,4,19,Made Shot,Step Back Jump shot,2PT Field Goal,In The Paint (Non-RA),Center(C),8-16 ft.,10,-17,101,1,1,20251022,UTA,LAC,4610,0,201935|202695|1627739|1627826|1628381,0,REG,2026,1610612746,,,,,
22500087125,,Shot Chart Detail,22500087,125,1628381,John Collins,1610612746,LA Clippers,1,2,46,Missed Shot,Turnaround Jump Shot,2PT Field Goal,In The Paint (Non-RA),Right Side(R),8-16 ft.,8,70,43,1,0,20251022,UTA,LAC,5540,0,101108|201572|201587|1627739|1628381,0,REG,2026,1610612746,,,,,
22500087132,,Shot Chart Detail,22500087,132,201587,Nicolas Batum,1610612746,LA Clippers,1,2,24,Missed Shot,Jump Shot,3PT Field Goal,Left Corner 3,Left Side(L),24+ ft.,23,-230,6,1,0,20251022,UTA,LAC,5760,0,101108|201572|201587|1627739|1628381,0,REG,2026,1610612746,,,,,
22500087143,,Shot Chart Detail,22500087,143,201572,Brook Lopez,1610612746,LA Clippers,1,1,46,Missed Shot,Jump Shot,3PT Field Goal,Above the Break 3,Left Side Center(LC),24+ ft.,31,-192,248,1,0,20251022,UTA,LAC,6140,0,101108|201572|201587|1627739|1628381,0,REG,2026,1610612746,,,,,
22500087150,,Shot Chart Detail,22500087,150,201587,Nicolas Batum,1610612746,LA Clippers,1,1,24,Missed Shot,Jump Shot,3PT Field Goal,Left Corner 3,Left Side(L),24+ ft.,23,-237,-5,1,0,20251022,UTA,LAC,6360,0,101108|201572|201587|1627739|1628381,0,REG,2026,1610612746,,,,,
22500087152,,Shot Chart Detail,22500087,152,201587,Nicolas Batum,1610612746,LA Clippers,1,1,18,Made Shot,Jump Shot,3PT Field Goal,Left Corner 3,Left Side(L),24+ ft.,23,-232,31,1,1,20251022,UTA,LAC,6420,0,101108|201572|201587|1627739|1628381,1,REG,2026,1610612746,,,,,
22500087155,,Shot Chart Detail,22500087,155,201572,Brook Lopez,1610612746,LA Clippers,1,0,55,Missed Shot,Jump Shot,3PT Field Goal,Above the Break 3,Left Side Center(LC),24+ ft.,25,-115,231,1,0,20251022,UTA,LAC,6650,0,101108|201572|201587|1627739|1628381,0,REG,2026,1610612746,,,,,
22500087159,,Shot Chart Detail,22500087,159,101108,Chris Paul,1610612746,LA Clippers,1,0,33,Missed Shot,Jump Shot,3PT Field Goal,Above the Break 3,Left Side Center(LC),24+ ft.,25,-179,186,1,0,20251022,UTA,LAC,6870,0,101108|201572|201587|1627739|1628381,0,REG,2026,1610612746,,,,,
22500087173,,Shot Chart Detail,22500087,173,201572,Brook Lopez,1610612746,LA Clippers,2,11,37,Missed Shot,Layup Shot,2PT Field Goal,In The Paint (Non-RA),Center(C),Less Than 8 ft.,5,-43,38,1,0,20251022,UTA,LAC,7430,0,101108|201572|201587|1627739|1628381,0,REG,2026,1610612746,,,,,
22500087178,,Shot Chart Detail,22500087,178,201572,Brook Lopez,1610612746,LA Clippers,2,10,57,Made Shot,Jump Shot,3PT Field Goal,Above the Break 3,Left Side Center(LC),24+ ft.,26,-102,241,1,1,20251022,UTA,LAC,7830,0,101108|201572|201587|1627739|1628381,1,REG,2026,1610612746,,,,,
22500087182,,Shot Chart Detail,22500087,182,1628381,John Collins,1610612746,LA Clippers,2,10,36,Made Shot,Cutting Dunk Shot,2PT Field Goal,Restricted Area,Center(C),Less Than 8 ft.,3,31,15,1,1,20251022,UTA,LAC,8040,0,101108|201572|201587|1627739|1628381,1,REG,2026,1610612746,,,,,
22500087192,,Shot Chart Detail,22500087,192,201572,Brook Lopez,1610612746,LA Clippers,2,9,53,Made Shot,Jump Shot,3PT Field Goal,Above the Break 3,Left Side Center(LC),24+ ft.,28,-161,231,1,1,20251022,UTA,LAC,8470,0,101108|201572|203078|1627739|1628381,1,REG,2026,1610612746,,,,,
22500087197,,Shot Chart Detail,22500087,197,201572,Brook Lopez,1610612746,LA Clippers,2,9,25,Made Shot,Jump Shot,3PT Field Goal,Above the Break 3,Right Side Center(RC),24+ ft.,27,153,233,1,1,20251022,UTA,LAC,8750,0,101108|201572|203078|1627739|1628381,1,REG,2026,1610612746,,,,,
22500087204,,Shot Chart Detail,22500087,204,201572,Brook Lopez,1610612746,LA Clippers,2,8,51,Missed Shot,Jump Shot,3PT Field Goal,Above the Break 3,Left Side Center(LC),24+ ft.,29,-185,233,1,0,20251022,UTA,LAC,9090,0,201572|201935|203078|1627739|1628381,0,REG,2026,1610612746,,,,,
22500087211,,Shot Chart Detail,22500087,211,203078,Bradley Beal,1610612746,LA Clippers,2,8,24,Made Shot,Pullup Jump shot,2PT Field Goal,In The Paint (Non-RA),Center(C),8-16 ft.,13,-49,131,1,1,20251022,UTA,LAC,9360,0,201572|201935|203078|1627739|1628381,1,REG,2026,1610612746,,,,,
22500087229,,Shot Chart Detail,22500087,229,201572,Brook Lopez,1610612746,LA Clippers,2,7,29,Missed Shot,Jump Shot,3PT Field Goal,Above the Break 3,Left Side Center(LC),24+ ft.,30,-225,202,1,0,20251022,UTA,LAC,9910,0,201572|201935|202695|203078|1627739,0,REG,2026,1610612746,,,,,
22500087231,,Shot Chart Detail,22500087,231,201935,James Harden,1610612746,LA Clippers,2,7,13,Missed Shot,Jump Shot,3PT Field Goal,Above the Break 3,Center(C),24+ ft.,26,6,267,1,0,20251022,UTA,LAC,10070,0,201572|201935|202695|203078|1627739,0,REG,2026,1610612746,,,,,
22500087252,,Shot Chart Detail,22500087,252,201935,James Harden,1610612746,LA Clippers,2,6,20,Made Shot,Running Layup Shot,2PT Field Goal,Restricted Area,Center(C),Less Than 8 ft.,3,-34,17,1,1,20251022,UTA,LAC,10600,0,201935|202695|203078|1627826|1627884,1,REG,2026,1610612746,,,,,
22500087259,,Shot Chart Detail,22500087,259,1627826,Ivica Zubac,1610612746,LA Clippers,2,5,40,Made Shot,Dunk Shot,2PT Field Goal,Restricted Area,Center(C),Less Than 8 ft.,3,-13,29,1,1,20251022,UTA,LAC,11000,0,201935|202695|203078|1627826|1627884,1,REG,2026,1610612746,,,,,
22500087263,,Shot Chart Detail,22500087,263,201935,James Harden,1610612746,LA Clippers,2,5,3,Missed Shot,Step Back Jump shot,3PT Field Goal,Above the Break 3,Left Side Center(LC),24+ ft.,25,-123,227,1,0,20251022,UTA,LAC,11370,0,201935|202695|203078|1627826|1627884,0,REG,2026,1610612746,,,,,
22500087269,,Shot Chart Detail,22500087,269,1627826,Ivica Zubac,1610612746,LA Clippers,2,4,36,Made Shot,Hook Shot,2PT Field Goal,In The Paint (Non-RA),Center(C),Less Than 8 ft.,4,-44,23,1,1,20251022,UTA,LAC,11640,0,201935|202695|203078|1627826|1627884,0,REG,2026,1610612746,,,,,
22500087278,,Shot Chart Detail,22500087,278,202695,Kawhi Leonard,1610612746,LA Clippers,2,3,59,Missed Shot,Jump Shot,3PT Field Goal,Above the Break 3,Right Side Center(RC),24+ ft.,25,218,127,1,0,20251022,UTA,LAC,12010,0,201935|202695|203078|1627739|1627826,0,REG,2026,1610612746,,,,,
22500087283,,Shot Chart Detail,22500087,283,201935,James Harden,1610612746,LA Clippers,2,3,28,Made Shot,Jump Shot,3PT Field Goal,Above the Break 3,Left Side Center(LC),24+ ft.,25,-136,217,1,1,20251022,UTA,LAC,12320,0,201935|202695|203078|1627739|1627826,1,REG,2026,1610612746,,,,,
22500087287,,Shot Chart Detail,22500087,287,203078,Bradley Beal,1610612746,LA Clippers,2,2,53,Missed Shot,Running Jump Shot,3PT Field Goal,Above the Break 3,Right Side Center(RC),24+ ft.,25,158,195,1,0,20251022,UTA,LAC,12670,0,201935|202695|203078|1627739|1627826,0,REG,2026,1610612746,,,,,
22500087289,,Shot Chart Detail,22500087,289,1627826,Ivica Zubac,1610612746,LA Clippers,2,2,51,Made Shot,Putback Layup Shot,2PT Field Goal,Restricted Area,Center(C),Less Than 8 ft.,0,0,0,1,1,20251022,UTA,LAC,12690,0,201935|202695|203078|1627739|1627826,0,REG,2026,1610612746,,,,,
22500087298,,Shot Chart Detail,22500087,298,1627826,Ivica Zubac,1610612746,LA Clippers,2,2,13,Made Shot,Turnaround Hook Shot,2PT Field Goal,In The Paint (Non-RA),Left Side(L),8-16 ft.,8,-70,44,1,1,20251022,UTA,LAC,13070,0,201935|202695|203078|1627739|1627826,1,REG,2026,1610612746,,,,,
22500087307,,Shot Chart Detail,22500087,307,1627739,Kris Dunn,1610612746,LA Clippers,2,1,44,Missed Shot,Driving Floating Bank Jump Shot,2PT Field Goal,Mid-Range,Left Side(L),8-16 ft.,12,-87,85,1,0,20251022,UTA,LAC,13360,0,201587|201935|202695|1627739|1627826,0,REG,2026,1610612746,,,,,
22500087311,,Shot Chart Detail,22500087,311,1627826,Ivica Zubac,1610612746,LA Clippers,2,1,11,Missed Shot,Turnaround Hook Shot,2PT Field Goal,In The Paint (Non-RA),Center(C),Less Than 8 ft.,6,-33,60,1,0,20251022,UTA,LAC,13690,0,201587|201935|202695|1627739|1627826,0,REG,2026,1610612746,,,,,
22500087316,,Shot Chart Detail,22500087,316,1627826,Ivica Zubac,1610612746,LA Clippers,2,0,50,Missed Shot,Turnaround Hook Shot,2PT Field Goal,In The Paint (Non-RA),Center(C),Less Than 8 ft.,4,1,42,1,0,20251022,UTA,LAC,13900,0,201587|201935|202695|1627739|1627826,0,REG,2026,1610612746,,,,,
22500087321,,Shot Chart Detail,22500087,321,201935,James Harden,1610612746,LA Clippers,2,0,29,Missed Shot,Pullup Jump shot,3PT Field Goal,Above the Break 3,Center(C),24+ ft.,26,74,251,1,0,20251022,UTA,LAC,14110,0,201587|201935|202695|1627739|1627826,0,REG,2026,1610612746,,,,,
22500087341,,Shot Chart Detail,22500087,341,202695,Kawhi Leonard,1610612746,LA Clippers,3,11,22,Missed Shot,Jump Shot,3PT Field Goal,Above the Break 3,Right Side Center(RC),24+ ft.,24,124,213,1,0,20251022,UTA,LAC,14780,0,201935|202695|203078|1627826|1627884,0,REG,2026,1610612746,,,,,
22500087343,,Shot Chart Detail,22500087,343,202695,Kawhi Leonard,1610612746,LA Clippers,3,11,18,Made Shot,Pullup Jump shot,2PT Field Goal,In The Paint (Non-RA),Center(C),8-16 ft.,8,-1,83,1,1,20251022,UTA,LAC,14820,0,201935|202695|203078|1627826|1627884,0,REG,2026,1610612746,,,,,
22500087347,,Shot Chart Detail,22500087,347,1627884,Derrick Jones Jr.,1610612746,LA Clippers,3,10,32,Made Shot,Jump Shot,3PT Field Goal,Above the Break 3,Right Side Center(RC),24+ ft.,25,147,213,1,1,20251022,UTA,LAC,15280,0,201935|202695|203078|1627826|1627884,1,REG,2026,1610612746,,,,,
22500087351,,Shot Chart Detail,22500087,351,202695,Kawhi Leonard,1610612746,LA Clippers,3,10,0,Missed Shot,Pullup Jump shot,2PT Field Goal,Mid-Range,Right Side(R),16-24 ft.,21,188,111,1,0,20251022,UTA,LAC,15600,0,201935|202695|203078|1627826|1627884,0,REG,2026,1610612746,,,,,
22500087357,,Shot Chart Detail,22500087,357,203078,Bradley Beal,1610612746,LA Clippers,3,9,37,Missed Shot,Jump Shot,3PT Field Goal,Above the Break 3,Right Side Center(RC),24+ ft.,27,93,255,1,0,20251022,UTA,LAC,15830,0,201935|202695|203078|1627826|1627884,0,REG,2026,1610612746,,,,,
22500087361,,Shot Chart Detail,22500087,361,1627884,Derrick Jones Jr.,1610612746,LA Clippers,3,9,6,Made Shot,Cutting Dunk Shot,2PT Field Goal,Restricted Area,Center(C),Less Than 8 ft.,2,11,25,1,1,20251022,UTA,LAC,16140,0,201935|202695|203078|1627826|1627884,1,REG,2026,1610612746,,,,,
22500087368,,Shot Chart Detail,22500087,368,201935,James Harden,1610612746,LA Clippers,3,8,23,Missed Shot,Step Back Jump shot,3PT Field Goal,Above the Break 3,Right Side Center(RC),24+ ft.,25,222,116,1,0,20251022,UTA,LAC,16570,0,201935|202695|203078|1627826|1627884,0,REG,2026,1610612746,,,,,
22500087383,,Shot Chart Detail,22500087,383,1627826,Ivica Zubac,1610612746,LA Clippers,3,7,30,Missed Shot,Hook Shot,2PT Field Goal,In The Paint (Non-RA),Center(C),Less Than 8 ft.,7,-61,35,1,0,20251022,UTA,LAC,17100,0,201935|202695|203078|1627826|1627884,0,REG,2026,1610612746,,,,,
22500087385,,Shot Chart Detail,22500087,385,1627884,Derrick Jones Jr.,1610612746,LA Clippers,3,7,28,Made Shot,Tip Dunk Shot,2PT Field Goal,Restricted Area,Center(C),Less Than 8 ft.,0,0,0,1,1,20251022,UTA,LAC,17120,0,201935|202695|203078|1627826|1627884,0,REG,2026,1610612746,,,,,
22500087390,,Shot Chart Detail,22500087,390,1627826,Ivica Zubac,1610612746,LA Clippers,3,6,53,Made Shot,Reverse Layup Shot,2PT Field Goal,Restricted Area,Center(C),Less Than 8 ft.,1,11,9,1,1,20251022,UTA,LAC,17470,0,201935|202695|203078|1627826|1627884,1,REG,2026,1610612746,,,,,
22500087407,,Shot Chart Detail,22500087,407,201935,James Harden,1610612746,LA Clippers,3,5,44,Missed Shot,Jump Shot,3PT Field Goal,Above the Break 3,Left Side Center(LC),24+ ft.,25,-125,219,1,0,20251022,UTA,LAC,18160,0,201935|202695|1627826|1627884|1628381,0,REG,2026,1610612746,,,,,
22500087411,,Shot Chart Detail,22500087,411,1627884,Derrick Jones Jr.,1610612746,LA Clippers,3,5,38,Missed Shot,Jump Shot,3PT Field Goal,Right Corner 3,Right Side(R),24+ ft.,24,230,80,1,0,20251022,UTA,LAC,18220,0,201935|202695|1627826|1627884|1628381,0,REG,2026,1610612746,,,,,
22500087413,,Shot Chart Detail,22500087,413,1627884,Derrick Jones Jr.,1610612746,LA Clippers,3,5,34,Made Shot,Cutting Dunk Shot,2PT Field Goal,In The Paint (Non-RA),Center(C),Less Than 8 ft.,5,13,55,1,1,20251022,UTA,LAC,18260,0,201935|202695|1627826|1627884|1628381,1,REG,2026,1610612746,,,,,
22500087425,,Shot Chart Detail,22500087,425,1627884,Derrick Jones Jr.,1610612746,LA Clippers,3,5,12,Made Shot,Running Layup Shot,2PT Field Goal,In The Paint (Non-RA),Center(C),Less Than 8 ft.,5,-43,37,1,1,20251022,UTA,LAC,18480,0,201935|202695|1627826|1627884|1628381,1,REG,2026,1610612746,,,,,
22500087437,,Shot Chart Detail,22500087,437,1627884,Derrick Jones Jr.,1610612746,LA Clippers,3,4,37,Missed Shot,Jump Shot,3PT Field Goal,Left Corner 3,Left Side(L),24+ ft.,23,-233,13,1,0,20251022,UTA,LAC,18830,0,201935|202695|1627826|1627884|1628381,0,REG,2026,1610612746,,,,,
22500087441,,Shot Chart Detail,22500087,441,202695,Kawhi Leonard,1610612746,LA Clippers,3,4,14,Missed Shot,Running Jump Shot,3PT Field Goal,Right Corner 3,Right Side(R),24+ ft.,23,239,10,1,0,20251022,UTA,LAC,19060,0,201935|202695|1627826|1627884|1628381,0,REG,2026,1610612746,,,,,
22500087445,,Shot Chart Detail,22500087,445,1628381,John Collins,1610612746,LA Clippers,3,3,48,Made Shot,Jump Shot,3PT Field Goal,Left Corner 3,Left Side(L),24+ ft.,23,-230,-10,1,1,20251022,UTA,LAC,19320,0,201935|202695|1627826|1627884|1628381,1,REG,2026,1610612746,,,,,
22500087449,,Shot Chart Detail,22500087,449,1628381,John Collins,1610612746,LA Clippers,3,3,32,Made Shot,Running Dunk Shot,2PT Field Goal,In The Paint (Non-RA),Center(C),Less Than 8 ft.,5,-9,57,1,1,20251022,UTA,LAC,19480,0,201935|202695|1627826|1627884|1628381,1,REG,2026,1610612746,,,,,
22500087461,,Shot Chart Detail,22500087,461,1628381,John Collins,1610612746,LA Clippers,3,2,52,Missed Shot,Jump Shot,3PT Field Goal,Above the Break 3,Center(C),24+ ft.,25,-67,251,1,0,20251022,UTA,LAC,19880,0,201935|202695|1627739|1627826|1628381,0,REG,2026,1610612746,,,,,
22500087465,,Shot Chart Detail,22500087,465,1627826,Ivica Zubac,1610612746,LA Clippers,3,2,16,Made Shot,Turnaround Hook Shot,2PT Field Goal,In The Paint (Non-RA),Center(C),Less Than 8 ft.,5,-28,51,1,1,20251022,UTA,LAC,20240,0,201935|202695|1627739|1627826|1628381,1,REG,2026,1610612746,,,,,
22500087476,,Shot Chart Detail,22500087,476,202695,Kawhi Leonard,1610612746,LA Clippers,3,1,25,Made Shot,Jump Shot,3PT Field Goal,Above the Break 3,Left Side Center(LC),24+ ft.,24,-190,162,1,1,20251022,UTA,LAC,20750,0,201935|202695|1627739|1627826|1628381,1,REG,2026,1610612746,,,,,
22500087489,,Shot Chart Detail,22500087,489,1628381,John Collins,1610612746,LA Clippers,3,0,31,Missed Shot,Floating Jump shot,2PT Field Goal,In The Paint (Non-RA),Right Side(R),8-16 ft.,8,80,8,1,0,20251022,UTA,LAC,21290,0,201935|202695|1627739|1627826|1628381,0,REG,2026,1610612746,,,,,
22500087499,,Shot Chart Detail,22500087,499,1627826,Ivica Zubac,1610612746,LA Clippers,3,0,0,Made Shot,Tip Layup Shot,2PT Field Goal,Restricted Area,Center(C),Less Than 8 ft.,0,0,0,1,1,20251022,UTA,LAC,21600,0,201935|202695|1627739|1627826|1628381,0,REG,2026,1610612746,,,,,
22500087497,,Shot Chart Detail,22500087,497,201935,James Harden,1610612746,LA Clippers,3,0,0,Missed Shot,Jump Shot,3PT Field Goal,Above the Break 3,Left Side Center(LC),24+ ft.,25,-142,209,1,0,20251022,UTA,LAC,21600,0,201935|202695|1627739|1627826|1628381,0,REG,2026,1610612746,,,,,
22500087515,,Shot Chart Detail,22500087,515,1628381,John Collins,1610612746,LA Clippers,4,11,11,Made Shot,Turnaround Jump Shot,2PT Field Goal,Mid-Range,Right Side(R),8-16 ft.,9,81,51,1,1,20251022,UTA,LAC,22090,0,101108|201572|201587|1627739|1628381,1,REG,2026,1610612746,,,,,
22500087527,,Shot Chart Detail,22500087,527,1627739,Kris Dunn,1610612746,LA Clippers,4,10,9,Missed Shot,Floating Jump shot,2PT Field Goal,In The Paint (Non-RA),Center(C),8-16 ft.,11,2,113,1,0,20251022,UTA,LAC,22710,0,101108|201572|201587|1627739|1628381,0,REG,2026,1610612746,,,,,
22500087531,,Shot Chart Detail,22500087,531,1627739,Kris Dunn,1610612746,LA Clippers,4,9,41,Missed Shot,Jump Shot,3PT Field Goal,Right Corner 3,Right Side(R),24+ ft.,23,237,15,1,0,20251022,UTA,LAC,22990,0,101108|201572|201587|1627739|1628381,0,REG,2026,1610612746,,,,,
22500087533,,Shot Chart Detail,22500087,533,201572,Brook Lopez,1610612746,LA Clippers,4,9,34,Missed Shot,Jump Shot,3PT Field Goal,Above the Break 3,Right Side Center(RC),24+ ft.,26,145,225,1,0,20251022,UTA,LAC,23060,0,101108|201572|201587|1627739|1628381,0,REG,2026,1610612746,,,,,
22500087538,,Shot Chart Detail,22500087,538,1628381,John Collins,1610612746,LA Clippers,4,9,10,Missed Shot,Pullup Jump shot,2PT Field Goal,Mid-Range,Right Side(R),8-16 ft.,15,150,25,1,0,20251022,UTA,LAC,23300,0,101108|201572|201587|1627739|1628381,0,REG,2026,1610612746,,,,,
22500087543,,Shot Chart Detail,22500087,543,101108,Chris Paul,1610612746,LA Clippers,4,8,50,Missed Shot,Jump Shot,3PT Field Goal,Above the Break 3,Center(C),24+ ft.,24,-40,246,1,0,20251022,UTA,LAC,23500,0,101108|201572|201587|1627739|1628381,0,REG,2026,1610612746,,,,,
22500087559,,Shot Chart Detail,22500087,559,1642353,Cam Christie,1610612746,LA Clippers,4,8,0,Missed Shot,Running Jump Shot,3PT Field Goal,Above the Break 3,Right Side Center(RC),24+ ft.,25,197,161,1,0,20251022,UTA,LAC,24000,0,101108|201572|201587|1628381|1642353,0,REG,2026,1610612746,,,,,
22500087561,,Shot Chart Detail,22500087,561,1628381,John Collins,1610612746,LA Clippers,4,7,56,Made Shot,Putback Layup Shot,2PT Field Goal,In The Paint (Non-RA),Center(C),Less Than 8 ft.,4,33,24,1,1,20251022,UTA,LAC,24040,0,101108|201572|201587|1628381|1642353,0,REG,2026,1610612746,,,,,
22500087570,,Shot Chart Detail,22500087,570,101108,Chris Paul,1610612746,LA Clippers,4,7,21,Missed Shot,Jump Shot,3PT Field Goal,Above the Break 3,Center(C),24+ ft.,24,67,240,1,0,20251022,UTA,LAC,24390,0,101108|201572|201587|1628381|1642353,0,REG,2026,1610612746,,,,,
22500087575,,Shot Chart Detail,22500087,575,201572,Brook Lopez,1610612746,LA Clippers,4,7,0,Made Shot,Jump Shot,3PT Field Goal,Above the Break 3,Center(C),24+ ft.,25,75,246,1,1,20251022,UTA,LAC,24600,0,101108|201572|201587|1628381|1642353,1,REG,2026,1610612746,,,,,
22500087583,,Shot Chart Detail,22500087,583,201587,Nicolas Batum,1610612746,LA Clippers,4,6,17,Missed Shot,Jump Shot,3PT Field Goal,Right Corner 3,Right Side(R),24+ ft.,23,235,-7,1,0,20251022,UTA,LAC,25030,0,101108|201572|201587|1628381|1642353,0,REG,2026,1610612746,,,,,
22500087585,,Shot Chart Detail,22500087,585,201572,Brook Lopez,1610612746,LA Clippers,4,6,12,Made Shot,Jump Shot,3PT Field Goal,Above the Break 3,Left Side Center(LC),24+ ft.,25,-108,226,1,1,20251022,UTA,LAC,25080,0,101108|201572|201587|1628381|1642353,1,REG,2026,1610612746,,,,,
22500087594,,Shot Chart Detail,22500087,594,201572,Brook Lopez,1610612746,LA Clippers,4,5,46,Missed Shot,Jump Shot,3PT Field Goal,Above the Break 3,Left Side Center(LC),24+ ft.,28,-197,203,1,0,20251022,UTA,LAC,25340,0,101108|201572|201587|1628381|1642353,0,REG,2026,1610612746,,,,,
22500087596,,Shot Chart Detail,22500087,596,101108,Chris Paul,1610612746,LA Clippers,4,5,38,Made Shot,Pullup Jump shot,3PT Field Goal,Left Corner 3,Left Side(L),24+ ft.,23,-232,-13,1,1,20251022,UTA,LAC,25420,0,101108|201572|201587|1628381|1642353,0,REG,2026,1610612746,,,,,
22500087607,,Shot Chart Detail,22500087,607,1642353,Cam Christie,1610612746,LA Clippers,4,4,35,Missed Shot,Driving Layup Shot,2PT Field Goal,In The Paint (Non-RA),Center(C),Less Than 8 ft.,6,54,35,1,0,20251022,UTA,LAC,26050,0,101108|201572|201587|1628381|1642353,0,REG,2026,1610612746,,,,,
22500087611,,Shot Chart Detail,22500087,611,101108,Chris Paul,1610612746,LA Clippers,4,4,29,Missed Shot,Pullup Jump shot,2PT Field Goal,Mid-Range,Right Side(R),8-16 ft.,15,157,16,1,0,20251022,UTA,LAC,26110,0,101108|201572|201587|1628381|1642353,0,REG,2026,1610612746,,,,,
22500087615,,Shot Chart Detail,22500087,615,1628381,John Collins,1610612746,LA Clippers,4,3,57,Missed Shot,Running Alley Oop Dunk Shot,2PT Field Goal,In The Paint (Non-RA),Center(C),Less Than 8 ft.,4,47,16,1,0,20251022,UTA,LAC,26430,0,101108|201572|201587|1628381|1642353,0,REG,2026,1610612746,,,,,
22500087631,,Shot Chart Detail,22500087,631,1642353,Cam Christie,1610612746,LA Clippers,4,3,29,Missed Shot,Hook Shot,2PT Field Goal,In The Paint (Non-RA),Center(C),8-16 ft.,8,1,84,1,0,20251022,UTA,LAC,26710,0,1628381|1641738|1642353|1642920|1642949,0,REG,2026,1610612746,,,,,
22500087633,,Shot Chart Detail,22500087,633,1628381,John Collins,1610612746,LA Clippers,4,3,27,Missed Shot,Dunk Shot,2PT Field Goal,Restricted Area,Center(C),Less Than 8 ft.,3,-10,38,1,0,20251022,UTA,LAC,26730,0,1628381|1641738|1642353|1642920|1642949,0,REG,2026,1610612746,,,,,
22500087650,,Shot Chart Detail,22500087,650,1642353,Cam Christie,1610612746,LA Clippers,4,2,49,Made Shot,Jump Shot,3PT Field Goal,Above the Break 3,Right Side Center(RC),24+ ft.,25,148,206,1,1,20251022,UTA,LAC,27110,0,1628381|1641738|1642353|1642920|1642949,1,REG,2026,1610612746,,,,,
22500087665,,Shot Chart Detail,22500087,665,1628381,John Collins,1610612746,LA Clippers,4,1,52,Made Shot,Driving Layup Shot,2PT Field Goal,In The Paint (Non-RA),Center(C),Less Than 8 ft.,5,-2,53,1,1,20251022,UTA,LAC,27680,0,1628381|1641738|1642353|1642920|1642949,1,REG,2026,1610612746,,,,,
22500087671,,Shot Chart Detail,22500087,671,1642949,Yanic Konan Niederhäuser,1610612746,LA Clippers,4,1,22,Made Shot,Dunk Shot,2PT Field Goal,Restricted Area,Center(C),Less Than 8 ft.,3,-36,4,1,1,20251022,UTA,LAC,27980,0,1628381|1641738|1642353|1642920|1642949,1,REG,2026,1610612746,,,,,
22500087675,,Shot Chart Detail,22500087,675,1642920,Kobe Sanders,1610612746,LA Clippers,4,0,59,Missed Shot,Pullup Jump shot,2PT Field Goal,Mid-Range,Right Side(R),16-24 ft.,21,180,116,1,0,20251022,UTA,LAC,28210,0,1628381|1641738|1642353|1642920|1642949,0,REG,2026,1610612746,,,,,
2250009911,,Shot Chart Detail,22500099,11,1627884,Derrick Jones Jr.,1610612746,LA Clippers,1,11,35,Made Shot,Running Finger Roll Layup Shot,2PT Field Goal,Restricted Area,Center(C),Less Than 8 ft.,1,-9,16,1,1,20251024,LAC,PHX,250,0,201935|202695|203078|1627826|1627884,0,REG,2026,1610612746,,,,,
2250009919,,Shot Chart Detail,22500099,19,203078,Bradley Beal,1610612746,LA Clippers,1,10,23,Made Shot,Pullup Jump shot,2PT Field Goal,Mid-Range,Left Side Center(LC),16-24 ft.,21,-115,176,1,1,20251024,LAC,PHX,970,0,201935|202695|203078|1627826|1627884,1,REG,2026,1610612746,,,,,
2250009923,,Shot Chart Detail,22500099,23,203078,Bradley Beal,1610612746,LA Clippers,1,9,56,Missed Shot,Driving Floating Bank Jump Shot,2PT Field Goal,In The Paint (Non-RA),Center(C),8-16 ft.,12,53,110,1,0,20251024,LAC,PHX,1240,0,201935|202695|203078|1627826|1627884,0,REG,2026,1610612746,,,,,
2250009980,,Shot Chart Detail,22500099,80,203078,Bradley Beal,1610612746,LA Clippers,1,9,54,Missed Shot,Tip Layup Shot,2PT Field Goal,Restricted Area,Center(C),Less Than 8 ft.,1,2,15,1,0,20251024,LAC,PHX,1260,0,201935|202695|203078|1627826|1627884,0,REG,2026,1610612746,,,,,
2250009927,,Shot Chart Detail,22500099,27,201935,James Harden,1610612746,LA Clippers,1,9,34,Made Shot,Driving Floating Bank Jump Shot,2PT Field Goal,Restricted Area,Center(C),Less Than 8 ft.,2,-21,20,1,1,20251024,LAC,PHX,1460,0,201935|202695|203078|1627826|1627884,0,REG,2026,1610612746,,,,,
2250009934,,Shot Chart Detail,22500099,34,201935,James Harden,1610612746,LA Clippers,1,9,5,Made Shot,Step Back Jump shot,3PT Field Goal,Above the Break 3,Left Side Center(LC),24+ ft.,26,-179,189,1,1,20251024,LAC,PHX,1750,0,201935|202695|203078|1627826|1627884,1,REG,2026,1610612746,,,,,
2250009946,,Shot Chart Detail,22500099,46,202695,Kawhi Leonard,1610612746,LA Clippers,1,8,3,Made Shot,Turnaround Jump Shot,2PT Field Goal,In The Paint (Non-RA),Center(C),8-16 ft.,11,33,113,1,1,20251024,LAC,PHX,2370,0,201935|202695|203078|1627826|1627884,0,REG,2026,1610612746,,,,,
2250009954,,Shot Chart Detail,22500099,54,1627826,Ivica Zubac,1610612746,LA Clippers,1,6,58,Missed Shot,Driving Layup Shot,2PT Field Goal,In The Paint (Non-RA),Center(C),Less Than 8 ft.,4,-31,37,1,0,20251024,LAC,PHX,3020,0,201935|202695|203078|1627826|1627884,0,REG,2026,1610612746,,,,,
2250009958,,Shot Chart Detail,22500099,58,1627826,Ivica Zubac,1610612746,LA Clippers,1,6,26,Missed Shot,Driving Bank Hook Shot,2PT Field Goal,In The Paint (Non-RA),Center(C),Less Than 8 ft.,6,-17,65,1,0,20251024,LAC,PHX,3340,0,201935|202695|203078|1627826|1627884,0,REG,2026,1610612746,,,,,
2250009963,,Shot Chart Detail,22500099,63,202695,Kawhi Leonard,1610612746,LA Clippers,1,5,41,Missed Shot,Jump Shot,3PT Field Goal,Above the Break 3,Left Side Center(LC),24+ ft.,25,-228,116,1,0,20251024,LAC,PHX,3790,0,201935|202695|203078|1627826|1627884,0,REG,2026,1610612746,,,,,
2250009978,,Shot Chart Detail,22500099,78,1627884,Derrick Jones Jr.,1610612746,LA Clippers,1,5,2,Made Shot,Jump Shot,3PT Field Goal,Left Corner 3,Left Side(L),24+ ft.,22,-228,29,1,1,20251024,LAC,PHX,4180,0,201587|201935|1627826|1627884|1628381,1,REG,2026,1610612746,,,,,
22500099109,,Shot Chart Detail,22500099,109,201935,James Harden,1610612746,LA Clippers,1,4,12,Made Shot,Running Layup Shot,2PT Field Goal,Restricted Area,Center(C),Less Than 8 ft.,1,6,18,1,1,20251024,LAC,PHX,4680,0,201572|201587|201935|1627739|1628381,0,REG,2026,1610612746,,,,,
22500099121,,Shot Chart Detail,22500099,121,201572,Brook Lopez,1610612746,LA Clippers,1,3,40,Made Shot,Jump Shot,3PT Field Goal,Above the Break 3,Center(C),24+ ft.,27,75,269,1,1,20251024,LAC,PHX,5000,0,201572|201587|201935|1627739|1628381,1,REG,2026,1610612746,,,,,
22500099124,,Shot Chart Detail,22500099,124,201935,James Harden,1610612746,LA Clippers,1,3,13,Made Shot,Jump Shot,3PT Field Goal,Above the Break 3,Right Side Center(RC),24+ ft.,26,156,214,1,1,20251024,LAC,PHX,5270,0,201572|201587|201935|1627739|1628381,1,REG,2026,1610612746,,,,,
22500099137,,Shot Chart Detail,22500099,137,201572,Brook Lopez,1610612746,LA Clippers,1,2,0,Missed Shot,Running Jump Shot,3PT Field Goal,Right Corner 3,Right Side(R),24+ ft.,24,238,68,1,0,20251024,LAC,PHX,6000,0,101108|201572|201587|1627739|1628381,0,REG,2026,1610612746,,,,,
22500099144,,Shot Chart Detail,22500099,144,201587,Nicolas Batum,1610612746,LA Clippers,1,1,27,Missed Shot,Running Jump Shot,3PT Field Goal,Right Corner 3,Right Side(R),24+ ft.,24,234,62,1,0,20251024,LAC,PHX,6330,0,101108|201572|201587|1627739|1628381,0,REG,2026,1610612746,,,,,
22500099156,,Shot Chart Detail,22500099,156,1628381,John Collins,1610612746,LA Clippers,1,0,48,Missed Shot,Turnaround Hook Shot,2PT Field Goal,In The Paint (Non-RA),Center(C),Less Than 8 ft.,6,54,43,1,0,20251024,LAC,PHX,6720,0,101108|201572|202695|1627739|1628381,0,REG,2026,1610612746,,,,,
22500099158,,Shot Chart Detail,22500099,158,1627739,Kris Dunn,1610612746,LA Clippers,1,0,47,Made Shot,Putback Layup Shot,2PT Field Goal,Restricted Area,Center(C),Less Than 8 ft.,2,-6,27,1,1,20251024,LAC,PHX,6730,0,101108|201572|202695|1627739|1628381,0,REG,2026,1610612746,,,,,
22500099182,,Shot Chart Detail,22500099,182,101108,Chris Paul,1610612746,LA Clippers,2,11,12,Missed Shot,Pullup Jump shot,3PT Field Goal,Above the Break 3,Center(C),24+ ft.,26,-32,265,1,0,20251024,LAC,PHX,7680,0,101108|201572|202695|1627739|1628381,0,REG,2026,1610612746,,,,,
22500099186,,Shot Chart Detail,22500099,186,1627739,Kris Dunn,1610612746,LA Clippers,2,10,38,Made Shot,Jump Shot,3PT Field Goal,Left Corner 3,Left Side(L),24+ ft.,24,-238,32,1,1,20251024,LAC,PHX,8020,0,101108|201572|202695|1627739|1628381,1,REG,2026,1610612746,,,,,
22500099190,,Shot Chart Detail,22500099,190,202695,Kawhi Leonard,1610612746,LA Clippers,2,10,24,Made Shot,Running Dunk Shot,2PT Field Goal,Restricted Area,Center(C),Less Than 8 ft.,2,0,21,1,1,20251024,LAC,PHX,8160,0,101108|201572|202695|1627739|1628381,0,REG,2026,1610612746,,,,,
22500099193,,Shot Chart Detail,22500099,193,1627739,Kris Dunn,1610612746,LA Clippers,2,9,46,Missed Shot,Jump Shot,3PT Field Goal,Above the Break 3,Right Side Center(RC),24+ ft.,25,239,92,1,0,20251024,LAC,PHX,8540,0,101108|201572|202695|1627739|1628381,0,REG,2026,1610612746,,,,,
22500099195,,Shot Chart Detail,22500099,195,202695,Kawhi Leonard,1610612746,LA Clippers,2,9,42,Made Shot,Jump Shot,3PT Field Goal,Above the Break 3,Center(C),24+ ft.,28,-36,279,1,1,20251024,LAC,PHX,8580,0,101108|201572|202695|1627739|1628381,1,REG,2026,1610612746,,,,,
22500099204,,Shot Chart Detail,22500099,204,202695,Kawhi Leonard,1610612746,LA Clippers,2,9,7,Made Shot,Turnaround Fadeaway shot,2PT Field Goal,In The Paint (Non-RA),Center(C),Less Than 8 ft.,5,48,17,1,1,20251024,LAC,PHX,8930,0,101108|201572|202695|203078|1627739,1,REG,2026,1610612746,,,,,
22500099210,,Shot Chart Detail,22500099,210,201572,Brook Lopez,1610612746,LA Clippers,2,8,38,Missed Shot,Jump Shot,3PT Field Goal,Above the Break 3,Left Side Center(LC),24+ ft.,29,-188,222,1,0,20251024,LAC,PHX,9220,0,101108|201572|202695|203078|1627739,0,REG,2026,1610612746,,,,,
22500099214,,Shot Chart Detail,22500099,214,1627739,Kris Dunn,1610612746,LA Clippers,2,8,15,Made Shot,Cutting Layup Shot,2PT Field Goal,Restricted Area,Center(C),Less Than 8 ft.,3,-21,32,1,1,20251024,LAC,PHX,9450,0,101108|201572|202695|203078|1627739,1,REG,2026,1610612746,,,,,
22500099218,,Shot Chart Detail,22500099,218,202695,Kawhi Leonard,1610612746,LA Clippers,2,7,31,Made Shot,Turnaround Fadeaway shot,2PT Field Goal,In The Paint (Non-RA),Center(C),Less Than 8 ft.,7,-36,62,1,1,20251024,LAC,PHX,9890,0,101108|201572|202695|203078|1627739,0,REG,2026,1610612746,,,,,
22500099221,,Shot Chart Detail,22500099,221,201572,Brook Lopez,1610612746,LA Clippers,2,7,4,Missed Shot,Floating Jump shot,2PT Field Goal,In The Paint (Non-RA),Center(C),8-16 ft.,10,-22,100,1,0,20251024,LAC,PHX,10160,0,101108|201572|202695|203078|1627739,0,REG,2026,1610612746,,,,,
22500099238,,Shot Chart Detail,22500099,238,202695,Kawhi Leonard,1610612746,LA Clippers,2,6,23,Missed Shot,Driving Floating Jump Shot,2PT Field Goal,In The Paint (Non-RA),Center(C),Less Than 8 ft.,4,21,36,1,0,20251024,LAC,PHX,10570,0,201935|202695|203078|1627826|1627884,0,REG,2026,1610612746,,,,,
22500099258,,Shot Chart Detail,22500099,258,201935,James Harden,1610612746,LA Clippers,2,5,11,Missed Shot,Driving Floating Jump Shot,2PT Field Goal,In The Paint (Non-RA),Center(C),Less Than 8 ft.,5,-11,54,1,0,20251024,LAC,PHX,11290,0,201935|203078|1627826|1627884|1628381,0,REG,2026,1610612746,,,,,
22500099263,,Shot Chart Detail,22500099,263,1627826,Ivica Zubac,1610612746,LA Clippers,2,4,48,Made Shot,Cutting Dunk Shot,2PT Field Goal,Restricted Area,Center(C),Less Than 8 ft.,2,10,20,1,1,20251024,LAC,PHX,11520,0,201935|203078|1627826|1627884|1628381,1,REG,2026,1610612746,,,,,
22500099267,,Shot Chart Detail,22500099,267,1627884,Derrick Jones Jr.,1610612746,LA Clippers,2,4,14,Made Shot,Jump Shot,3PT Field Goal,Above the Break 3,Left Side Center(LC),24+ ft.,26,-175,202,1,1,20251024,LAC,PHX,11860,0,201935|203078|1627826|1627884|1628381,1,REG,2026,1610612746,,,,,
22500099285,,Shot Chart Detail,22500099,285,1627826,Ivica Zubac,1610612746,LA Clippers,2,3,35,Made Shot,Driving Hook Shot,2PT Field Goal,In The Paint (Non-RA),Center(C),Less Than 8 ft.,5,8,59,1,1,20251024,LAC,PHX,12250,0,201935|202695|1627826|1627884|1628381,0,REG,2026,1610612746,,,,,
22500099290,,Shot Chart Detail,22500099,290,1627826,Ivica Zubac,1610612746,LA Clippers,2,3,22,Made Shot,Turnaround Bank Hook Shot,2PT Field Goal,In The Paint (Non-RA),Center(C),Less Than 8 ft.,4,-17,42,1,1,20251024,LAC,PHX,12380,0,201935|202695|1627826|1627884|1628381,1,REG,2026,1610612746,,,,,
22500099298,,Shot Chart Detail,22500099,298,1628381,John Collins,1610612746,LA Clippers,2,2,53,Missed Shot,Jump Shot,3PT Field Goal,Above the Break 3,Right Side Center(RC),24+ ft.,26,169,202,1,0,20251024,LAC,PHX,12670,0,201935|202695|1627826|1627884|1628381,0,REG,2026,1610612746,,,,,
22500099310,,Shot Chart Detail,22500099,310,1627884,Derrick Jones Jr.,1610612746,LA Clippers,2,1,43,Made Shot,Jump Shot,3PT Field Goal,Above the Break 3,Right Side Center(RC),24+ ft.,25,161,198,1,1,20251024,LAC,PHX,13370,0,201935|202695|1627826|1627884|1628381,1,REG,2026,1610612746,,,,,
22500099319,,Shot Chart Detail,22500099,319,201935,James Harden,1610612746,LA Clippers,2,1,7,Made Shot,Jump Shot,3PT Field Goal,Above the Break 3,Right Side Center(RC),24+ ft.,26,143,226,1,1,20251024,LAC,PHX,13730,0,201935|202695|1627739|1627826|1627884,1,REG,2026,1610612746,,,,,
22500099322,,Shot Chart Detail,22500099,322,201935,James Harden,1610612746,LA Clippers,2,0,47,Made Shot,Pullup Jump shot,3PT Field Goal,Above the Break 3,Left Side Center(LC),24+ ft.,27,-125,249,1,1,20251024,LAC,PHX,13930,0,201935|202695|1627739|1627826|1627884,1,REG,2026,1610612746,,,,,
22500099326,,Shot Chart Detail,22500099,326,201935,James Harden,1610612746,LA Clippers,2,0,30,Made Shot,Running Pull-Up Jump Shot,3PT Field Goal,Above the Break 3,Left Side Center(LC),24+ ft.,26,-181,196,1,1,20251024,LAC,PHX,14100,0,201935|202695|1627739|1627826|1627884,1,REG,2026,1610612746,,,,,
22500099351,,Shot Chart Detail,22500099,351,202695,Kawhi Leonard,1610612746,LA Clippers,3,11,21,Missed Shot,Step Back Jump shot,2PT Field Goal,Mid-Range,Right Side(R),8-16 ft.,11,110,21,1,0,20251024,LAC,PHX,14790,0,201935|202695|203078|1627826|1627884,0,REG,2026,1610612746,,,,,
22500099355,,Shot Chart Detail,22500099,355,202695,Kawhi Leonard,1610612746,LA Clippers,3,11,7,Made Shot,Running Finger Roll Layup Shot,2PT Field Goal,Restricted Area,Center(C),Less Than 8 ft.,0,7,-5,1,1,20251024,LAC,PHX,14930,0,201935|202695|203078|1627826|1627884,1,REG,2026,1610612746,,,,,
22500099361,,Shot Chart Detail,22500099,361,202695,Kawhi Leonard,1610612746,LA Clippers,3,10,38,Made Shot,Turnaround Fadeaway shot,2PT Field Goal,In The Paint (Non-RA),Center(C),Less Than 8 ft.,7,72,11,1,1,20251024,LAC,PHX,15220,0,201935|202695|203078|1627826|1627884,0,REG,2026,1610612746,,,,,
22500099371,,Shot Chart Detail,22500099,371,1627884,Derrick Jones Jr.,1610612746,LA Clippers,3,9,33,Made Shot,Jump Shot,3PT Field Goal,Above the Break 3,Left Side Center(LC),24+ ft.,26,-163,209,1,1,20251024,LAC,PHX,15870,0,201935|202695|203078|1627826|1627884,1,REG,2026,1610612746,,,,,
22500099376,,Shot Chart Detail,22500099,376,202695,Kawhi Leonard,1610612746,LA Clippers,3,8,46,Missed Shot,Pullup Jump shot,2PT Field Goal,Mid-Range,Right Side Center(RC),16-24 ft.,17,88,155,1,0,20251024,LAC,PHX,16340,0,201935|202695|203078|1627826|1627884,0,REG,2026,1610612746,,,,,
22500099380,,Shot Chart Detail,22500099,380,202695,Kawhi Leonard,1610612746,LA Clippers,3,8,27,Missed Shot,Running Pull-Up Jump Shot,3PT Field Goal,Above the Break 3,Right Side Center(RC),24+ ft.,26,131,225,1,0,20251024,LAC,PHX,16530,0,201935|202695|203078|1627826|1627884,0,REG,2026,1610612746,,,,,
22500099382,,Shot Chart Detail,22500099,382,202695,Kawhi Leonard,1610612746,LA Clippers,3,8,24,Made Shot,Driving Floating Jump Shot,2PT Field Goal,In The Paint (Non-RA),Right Side(R),8-16 ft.,11,78,82,1,1,20251024,LAC,PHX,16560,0,201935|202695|203078|1627826|1627884,0,REG,2026,1610612746,,,,,
22500099389,,Shot Chart Detail,22500099,389,203078,Bradley Beal,1610612746,LA Clippers,3,8,3,Made Shot,Alley Oop Layup shot,2PT Field Goal,Restricted Area,Center(C),Less Than 8 ft.,1,12,10,1,1,20251024,LAC,PHX,16770,0,201935|202695|203078|1627826|1627884,1,REG,2026,1610612746,,,,,
22500099408,,Shot Chart Detail,22500099,408,201935,James Harden,1610612746,LA Clippers,3,6,55,Made Shot,Driving Floating Jump Shot,2PT Field Goal,Restricted Area,Center(C),Less Than 8 ft.,2,5,27,1,1,20251024,LAC,PHX,17450,0,201935|202695|203078|1627826|1627884,1,REG,2026,1610612746,,,,,
22500099411,,Shot Chart Detail,22500099,411,1627884,Derrick Jones Jr.,1610612746,LA Clippers,3,6,19,Made Shot,Jump Shot,3PT Field Goal,Above the Break 3,Left Side Center(LC),24+ ft.,25,-134,222,1,1,20251024,LAC,PHX,17810,0,201935|202695|203078|1627826|1627884,1,REG,2026,1610612746,,,,,
22500099427,,Shot Chart Detail,22500099,427,202695,Kawhi Leonard,1610612746,LA Clippers,3,5,8,Made Shot,Fadeaway Jump Shot,2PT Field Goal,Mid-Range,Left Side(L),8-16 ft.,10,-104,1,1,1,20251024,LAC,PHX,18520,0,201935|202695|203078|1627826|1627884,0,REG,2026,1610612746,,,,,
22500099454,,Shot Chart Detail,22500099,454,201935,James Harden,1610612746,LA Clippers,3,3,46,Missed Shot,Driving Floating Jump Shot,2PT Field Goal,Restricted Area,Center(C),Less Than 8 ft.,3,9,29,1,0,20251024,LAC,PHX,19340,0,201587|201935|1627739|1627826|1628381,0,REG,2026,1610612746,,,,,
22500099466,,Shot Chart Detail,22500099,466,1628381,John Collins,1610612746,LA Clippers,3,2,58,Made Shot,Running Dunk Shot,2PT Field Goal,Restricted Area,Center(C),Less Than 8 ft.,1,4,15,1,1,20251024,LAC,PHX,19820,0,201587|201935|1627739|1627826|1628381,1,REG,2026,1610612746,,,,,
22500099626,,Shot Chart Detail,22500099,626,201935,James Harden,1610612746,LA Clippers,3,2,37,Missed Shot,Pullup Jump shot,3PT Field Goal,Above the Break 3,Right Side Center(RC),24+ ft.,25,188,173,1,0,20251024,LAC,PHX,20030,0,201587|201935|1627739|1627826|1628381,0,REG,2026,1610612746,,,,,
22500099479,,Shot Chart Detail,22500099,479,201935,James Harden,1610612746,LA Clippers,3,1,55,Missed Shot,Step Back Jump shot,3PT Field Goal,Above the Break 3,Right Side Center(RC),24+ ft.,26,172,205,1,0,20251024,LAC,PHX,20450,0,201587|201935|1627739|1627826|1628381,0,REG,2026,1610612746,,,,,
22500099505,,Shot Chart Detail,22500099,505,201587,Nicolas Batum,1610612746,LA Clippers,3,0,39,Made Shot,Jump Shot,3PT Field Goal,Above the Break 3,Left Side Center(LC),24+ ft.,25,-142,211,1,1,20251024,LAC,PHX,21210,0,201572|201587|201935|1627739|1628381,1,REG,2026,1610612746,,,,,
22500099510,,Shot Chart Detail,22500099,510,1627739,Kris Dunn,1610612746,LA Clippers,3,0,1,Made Shot,Driving Hook Shot,2PT Field Goal,Restricted Area,Center(C),Less Than 8 ft.,3,29,17,1,1,20251024,LAC,PHX,21590,0,201572|201587|201935|1627739|1628381,1,REG,2026,1610612746,,,,,
22500099522,,Shot Chart Detail,22500099,522,202695,Kawhi Leonard,1610612746,LA Clippers,4,11,20,Missed Shot,Pullup Jump shot,2PT Field Goal,Mid-Range,Right Side Center(RC),16-24 ft.,20,131,159,1,0,20251024,LAC,PHX,22000,0,101108|201572|202695|1627739|1628381,0,REG,2026,1610612746,,,,,
22500099536,,Shot Chart Detail,22500099,536,1628381,John Collins,1610612746,LA Clippers,4,10,29,Made Shot,Running Dunk Shot,2PT Field Goal,Restricted Area,Center(C),Less Than 8 ft.,3,-1,32,1,1,20251024,LAC,PHX,22510,0,101108|201572|202695|1627739|1628381,1,REG,2026,1610612746,,,,,
22500099543,,Shot Chart Detail,22500099,543,202695,Kawhi Leonard,1610612746,LA Clippers,4,10,4,Missed Shot,Jump Shot,2PT Field Goal,Mid-Range,Right Side(R),16-24 ft.,18,180,26,1,0,20251024,LAC,PHX,22760,0,101108|201572|202695|1627739|1628381,0,REG,2026,1610612746,,,,,
22500099552,,Shot Chart Detail,22500099,552,1627739,Kris Dunn,1610612746,LA Clippers,4,9,20,Missed Shot,Jump Shot,3PT Field Goal,Above the Break 3,Center(C),24+ ft.,26,-36,260,1,0,20251024,LAC,PHX,23200,0,101108|201572|202695|1627739|1628381,0,REG,2026,1610612746,,,,,
22500099554,,Shot Chart Detail,22500099,554,201572,Brook Lopez,1610612746,LA Clippers,4,9,15,Made Shot,Jump Shot,3PT Field Goal,Above the Break 3,Left Side Center(LC),24+ ft.,25,-169,190,1,1,20251024,LAC,PHX,23250,0,101108|201572|202695|1627739|1628381,1,REG,2026,1610612746,,,,,
22500099558,,Shot Chart Detail,22500099,558,202695,Kawhi Leonard,1610612746,LA Clippers,4,8,43,Missed Shot,Turnaround Fadeaway shot,2PT Field Goal,In The Paint (Non-RA),Center(C),Less Than 8 ft.,5,22,45,1,0,20251024,LAC,PHX,23570,0,101108|201572|202695|1627739|1628381,0,REG,2026,1610612746,,,,,
22500099562,,Shot Chart Detail,22500099,562,1627739,Kris Dunn,1610612746,LA Clippers,4,8,33,Missed Shot,Running Layup Shot,2PT Field Goal,In The Paint (Non-RA),Center(C),Less Than 8 ft.,4,4,43,1,0,20251024,LAC,PHX,23670,0,101108|201572|202695|1627739|1628381,0,REG,2026,1610612746,,,,,
22500099584,,Shot Chart Detail,22500099,584,1627739,Kris Dunn,1610612746,LA Clippers,4,7,24,Made Shot,Jump Shot,3PT Field Goal,Right Corner 3,Right Side(R),24+ ft.,22,225,17,1,1,20251024,LAC,PHX,24360,0,101108|201572|202695|1627739|1628381,1,REG,2026,1610612746,,,,,
22500099588,,Shot Chart Detail,22500099,588,202695,Kawhi Leonard,1610612746,LA Clippers,4,7,5,Made Shot,Running Dunk Shot,2PT Field Goal,Restricted Area,Center(C),Less Than 8 ft.,1,12,11,1,1,20251024,LAC,PHX,24550,0,101108|201572|202695|1627739|1628381,1,REG,2026,1610612746,,,,,
22500099592,,Shot Chart Detail,22500099,592,1628381,John Collins,1610612746,LA Clippers,4,6,21,Made Shot,Cutting Dunk Shot,2PT Field Goal,Restricted Area,Center(C),Less Than 8 ft.,2,-16,14,1,1,20251024,LAC,PHX,24990,0,101108|201572|202695|1627739|1628381,1,REG,2026,1610612746,,,,,
22500099605,,Shot Chart Detail,22500099,605,202695,Kawhi Leonard,1610612746,LA Clippers,4,5,40,Made Shot,Running Layup Shot,2PT Field Goal,Restricted Area,Center(C),Less Than 8 ft.,2,28,9,1,1,20251024,LAC,PHX,25400,0,101108|201572|202695|1627884|1628381,1,REG,2026,1610612746,,,,,
22500099610,,Shot Chart Detail,22500099,610,202695,Kawhi Leonard,1610612746,LA Clippers,4,5,7,Missed Shot,Pullup Jump shot,2PT Field Goal,In The Paint (Non-RA),Center(C),8-16 ft.,10,-16,106,1,0,20251024,LAC,PHX,25730,0,101108|201572|202695|1627884|1628381,0,REG,2026,1610612746,,,,,
22500099612,,Shot Chart Detail,22500099,612,202695,Kawhi Leonard,1610612746,LA Clippers,4,4,54,Missed Shot,Jump Shot,3PT Field Goal,Above the Break 3,Left Side Center(LC),24+ ft.,25,-211,135,1,0,20251024,LAC,PHX,25860,0,101108|201572|202695|1627884|1628381,0,REG,2026,1610612746,,,,,
22500099633,,Shot Chart Detail,22500099,633,1642920,Kobe Sanders,1610612746,LA Clippers,4,4,9,Made Shot,Pullup Jump shot,2PT Field Goal,Mid-Range,Right Side(R),16-24 ft.,18,179,45,1,1,20251024,LAC,PHX,26310,0,101108|1641738|1642353|1642920|1642949,0,REG,2026,1610612746,,,,,
22500099639,,Shot Chart Detail,22500099,639,1642920,Kobe Sanders,1610612746,LA Clippers,4,3,33,Missed Shot,Jump Shot,3PT Field Goal,Above the Break 3,Left Side Center(LC),24+ ft.,25,-170,192,1,0,20251024,LAC,PHX,26670,0,101108|1641738|1642353|1642920|1642949,0,REG,2026,1610612746,,,,,
22500099651,,Shot Chart Detail,22500099,651,1642949,Yanic Konan Niederhäuser,1610612746,LA Clippers,4,2,54,Made Shot,Alley Oop Dunk Shot,2PT Field Goal,Restricted Area,Center(C),Less Than 8 ft.,1,11,-5,1,1,20251024,LAC,PHX,27060,0,101108|1641738|1642353|1642920|1642949,1,REG,2026,1610612746,,,,,
22500099654,,Shot Chart Detail,22500099,654,1642920,Kobe Sanders,1610612746,LA Clippers,4,2,14,Missed Shot,Turnaround Fadeaway shot,2PT Field Goal,Mid-Range,Left Side Center(LC),16-24 ft.,18,-135,126,1,0,20251024,LAC,PHX,27460,0,101108|1641738|1642353|1642920|1642949,0,REG,2026,1610612746,,,,,
22500099658,,Shot Chart Detail,22500099,658,1642949,Yanic Konan Niederhäuser,1610612746,LA Clippers,4,2,3,Made Shot,Running Finger Roll Layup Shot,2PT Field Goal,Restricted Area,Center(C),Less Than 8 ft.,3,1,31,1,1,20251024,LAC,PHX,27570,0,101108|1641738|1642353|1642920|1642949,1,REG,2026,1610612746,,,,,
22500099676,,Shot Chart Detail,22500099,676,1642353,Cam Christie,1610612746,LA Clippers,4,0,50,Missed Shot,Turnaround Jump Shot,2PT Field Goal,Mid-Range,Left Side(L),8-16 ft.,11,-93,68,1,0,20251024,LAC,PHX,28300,0,101108|1641738|1642353|1642920|1642949,0,REG,2026,1610612746,,,,,
22500099679,,Shot Chart Detail,22500099,679,1642949,Yanic Konan Niederhäuser,1610612746,LA Clippers,4,0,49,Made Shot,Driving Layup Shot,2PT Field Goal,Restricted Area,Center(C),Less Than 8 ft.,2,-7,25,1,1,20251024,LAC,PHX,28310,0,101108|1641738|1642353|1642920|1642949,0,REG,2026,1610612746,,,,,
2250011210,,Shot Chart Detail,22500112,10,1627884,Derrick Jones Jr.,1610612746,LA Clippers,1,11,34,Made Shot,Running Layup Shot,2PT Field Goal,Restricted Area,Center(C),Less Than 8 ft.,3,1,32,1,1,20251026,LAC,POR,260,0,201935|202695|203992|1627826|1627884,1,REG,2026,1610612746,,,,,
2250011214,,Shot Chart Detail,22500112,14,1627826,Ivica Zubac,1610612746,LA Clippers,1,11,11,Missed Shot,Cutting Layup Shot,2PT Field Goal,Restricted Area,Center(C),Less Than 8 ft.,2,23,13,1,0,20251026,LAC,POR,490,0,201935|202695|203992|1627826|1627884,0,REG,2026,1610612746,,,,,
2250011218,,Shot Chart Detail,22500112,18,202695,Kawhi Leonard,1610612746,LA Clippers,1,10,46,Made Shot,Pullup Jump shot,2PT Field Goal,In The Paint (Non-RA),Center(C),8-16 ft.,14,61,136,1,1,20251026,LAC,POR,740,0,201935|202695|203992|1627826|1627884,0,REG,2026,1610612746,,,,,
2250011221,,Shot Chart Detail,22500112,21,1627826,Ivica Zubac,1610612746,LA Clippers,1,10,1,Made Shot,Hook Shot,2PT Field Goal,In The Paint (Non-RA),Center(C),8-16 ft.,8,-13,89,1,1,20251026,LAC,POR,1190,0,201935|202695|203992|1627826|1627884,1,REG,2026,1610612746,,,,,
2250011227,,Shot Chart Detail,22500112,27,201935,James Harden,1610612746,LA Clippers,1,9,27,Made Shot,Step Back Jump shot,3PT Field Goal,Above the Break 3,Right Side Center(RC),24+ ft.,27,135,235,1,1,20251026,LAC,POR,1530,0,201935|202695|203992|1627826|1627884,0,REG,2026,1610612746,,,,,
2250011234,,Shot Chart Detail,22500112,34,201935,James Harden,1610612746,LA Clippers,1,8,58,Missed Shot,Step Back Jump shot,3PT Field Goal,Left Corner 3,Left Side(L),24+ ft.,23,-234,29,1,0,20251026,LAC,POR,1820,0,201935|202695|203992|1627826|1627884,0,REG,2026,1610612746,,,,,
2250011242,,Shot Chart Detail,22500112,42,202695,Kawhi Leonard,1610612746,LA Clippers,1,8,30,Made Shot,Turnaround Fadeaway shot,2PT Field Goal,In The Paint (Non-RA),Center(C),Less Than 8 ft.,7,70,38,1,1,20251026,LAC,POR,2100,0,201935|202695|203992|1627826|1627884,0,REG,2026,1610612746,,,,,
2250011245,,Shot Chart Detail,22500112,45,202695,Kawhi Leonard,1610612746,LA Clippers,1,8,0,Missed Shot,Pullup Jump shot,3PT Field Goal,Above the Break 3,Right Side Center(RC),24+ ft.,25,175,180,1,0,20251026,LAC,POR,2400,0,201935|202695|203992|1627826|1627884,0,REG,2026,1610612746,,,,,
2250011247,,Shot Chart Detail,22500112,47,1627826,Ivica Zubac,1610612746,LA Clippers,1,7,58,Missed Shot,Tip Layup Shot,2PT Field Goal,Restricted Area,Center(C),Less Than 8 ft.,0,0,0,1,0,20251026,LAC,POR,2420,0,201935|202695|203992|1627826|1627884,0,REG,2026,1610612746,,,,,
2250011259,,Shot Chart Detail,22500112,59,202695,Kawhi Leonard,1610612746,LA Clippers,1,7,35,Missed Shot,Pullup Jump shot,2PT Field Goal,In The Paint (Non-RA),Center(C),8-16 ft.,14,-67,131,1,0,20251026,LAC,POR,2650,0,201935|202695|203992|1627826|1627884,0,REG,2026,1610612746,,,,,
2250011261,,Shot Chart Detail,22500112,61,1627884,Derrick Jones Jr.,1610612746,LA Clippers,1,7,31,Made Shot,Tip Layup Shot,2PT Field Goal,Restricted Area,Center(C),Less Than 8 ft.,0,0,0,1,1,20251026,LAC,POR,2690,0,201935|202695|203992|1627826|1627884,0,REG,2026,1610612746,,,,,
2250011263,,Shot Chart Detail,22500112,63,201935,James Harden,1610612746,LA Clippers,1,7,13,Missed Shot,Jump Shot,3PT Field Goal,Above the Break 3,Center(C),24+ ft.,30,5,306,1,0,20251026,LAC,POR,2870,0,201935|202695|203992|1627826|1627884,0,REG,2026,1610612746,,,,,
2250011272,,Shot Chart Detail,22500112,72,201935,James Harden,1610612746,LA Clippers,1,6,17,Missed Shot,Driving Floating Jump Shot,2PT Field Goal,In The Paint (Non-RA),Center(C),Less Than 8 ft.,6,33,52,1,0,20251026,LAC,POR,3430,0,201935|202695|203992|1627826|1627884,0,REG,2026,1610612746,,,,,
2250011282,,Shot Chart Detail,22500112,82,202695,Kawhi Leonard,1610612746,LA Clippers,1,5,43,Made Shot,Jump Shot,2PT Field Goal,Mid-Range,Left Side(L),16-24 ft.,18,-151,101,1,1,20251026,LAC,POR,3770,0,201935|202695|203992|1627826|1627884,1,REG,2026,1610612746,,,,,
2250011286,,Shot Chart Detail,22500112,86,202695,Kawhi Leonard,1610612746,LA Clippers,1,5,19,Made Shot,Pullup Jump shot,3PT Field Goal,Above the Break 3,Center(C),24+ ft.,25,-13,257,1,1,20251026,LAC,POR,4010,0,201935|202695|203992|1627826|1627884,0,REG,2026,1610612746,,,,,
2250011289,,Shot Chart Detail,22500112,89,202695,Kawhi Leonard,1610612746,LA Clippers,1,4,47,Missed Shot,Pullup Jump shot,2PT Field Goal,Mid-Range,Center(C),8-16 ft.,14,-20,147,1,0,20251026,LAC,POR,4330,0,201935|202695|203992|1627826|1627884,0,REG,2026,1610612746,,,,,
2250011291,,Shot Chart Detail,22500112,91,1627826,Ivica Zubac,1610612746,LA Clippers,1,4,38,Made Shot,Layup Shot,2PT Field Goal,Restricted Area,Center(C),Less Than 8 ft.,2,-2,25,1,1,20251026,LAC,POR,4420,0,201935|202695|203992|1627826|1627884,1,REG,2026,1610612746,,,,,
22500112109,,Shot Chart Detail,22500112,109,201935,James Harden,1610612746,LA Clippers,1,3,47,Made Shot,Driving Layup Shot,2PT Field Goal,Restricted Area,Center(C),Less Than 8 ft.,3,7,37,1,1,20251026,LAC,POR,4930,0,201587|201935|1627826|1627884|1628381,0,REG,2026,1610612746,,,,,
22500112122,,Shot Chart Detail,22500112,122,1628381,John Collins,1610612746,LA Clippers,1,3,5,Made Shot,Finger Roll Layup Shot,2PT Field Goal,Restricted Area,Center(C),Less Than 8 ft.,2,16,20,1,1,20251026,LAC,POR,5350,0,201572|201587|201935|1627739|1628381,0,REG,2026,1610612746,,,,,
22500112126,,Shot Chart Detail,22500112,126,1628381,John Collins,1610612746,LA Clippers,1,2,54,Made Shot,Running Dunk Shot,2PT Field Goal,Restricted Area,Center(C),Less Than 8 ft.,2,9,26,1,1,20251026,LAC,POR,5460,0,201572|201587|201935|1627739|1628381,1,REG,2026,1610612746,,,,,
22500112144,,Shot Chart Detail,22500112,144,201572,Brook Lopez,1610612746,LA Clippers,1,2,6,Missed Shot,Pullup Jump shot,3PT Field Goal,Above the Break 3,Right Side Center(RC),24+ ft.,26,174,206,1,0,20251026,LAC,POR,5940,0,201572|201587|201935|1627739|1628381,0,REG,2026,1610612746,,,,,
22500112149,,Shot Chart Detail,22500112,149,1628381,John Collins,1610612746,LA Clippers,1,2,3,Made Shot,Tip Layup Shot,2PT Field Goal,Restricted Area,Center(C),Less Than 8 ft.,3,-29,22,1,1,20251026,LAC,POR,5970,0,201572|201587|201935|1627739|1628381,0,REG,2026,1610612746,,,,,
22500112151,,Shot Chart Detail,22500112,151,201572,Brook Lopez,1610612746,LA Clippers,1,1,22,Made Shot,Jump Shot,3PT Field Goal,Above the Break 3,Right Side Center(RC),24+ ft.,27,145,235,1,1,20251026,LAC,POR,6380,0,201572|201587|201935|1627739|1628381,1,REG,2026,1610612746,,,,,
22500112170,,Shot Chart Detail,22500112,170,201572,Brook Lopez,1610612746,LA Clippers,1,0,15,Missed Shot,Jump Shot,3PT Field Goal,Above the Break 3,Left Side Center(LC),24+ ft.,29,-194,222,1,0,20251026,LAC,POR,7050,0,201572|201587|201935|1627739|1628381,0,REG,2026,1610612746,,,,,
22500112193,,Shot Chart Detail,22500112,193,1628381,John Collins,1610612746,LA Clippers,2,11,16,Made Shot,Driving Floating Bank Jump Shot,2PT Field Goal,In The Paint (Non-RA),Center(C),Less Than 8 ft.,5,23,52,1,1,20251026,LAC,POR,7640,0,101108|201572|202695|1627739|1628381,1,REG,2026,1610612746,,,,,
22500112204,,Shot Chart Detail,22500112,204,1627739,Kris Dunn,1610612746,LA Clippers,2,10,23,Missed Shot,Jump Shot,3PT Field Goal,Above the Break 3,Right Side Center(RC),24+ ft.,26,119,232,1,0,20251026,LAC,POR,8170,0,101108|201572|202695|1627739|1628381,0,REG,2026,1610612746,,,,,
22500112208,,Shot Chart Detail,22500112,208,1628381,John Collins,1610612746,LA Clippers,2,9,51,Missed Shot,Driving Reverse Layup Shot,2PT Field Goal,Restricted Area,Center(C),Less Than 8 ft.,2,-11,27,1,0,20251026,LAC,POR,8490,0,101108|201572|202695|1627739|1628381,0,REG,2026,1610612746,,,,,
22500112217,,Shot Chart Detail,22500112,217,101108,Chris Paul,1610612746,LA Clippers,2,9,22,Missed Shot,Jump Shot,3PT Field Goal,Above the Break 3,Left Side Center(LC),24+ ft.,28,-195,210,1,0,20251026,LAC,POR,8780,0,101108|202695|1627739|1627826|1628381,0,REG,2026,1610612746,,,,,
22500112221,,Shot Chart Detail,22500112,221,1627739,Kris Dunn,1610612746,LA Clippers,2,9,9,Made Shot,Driving Floating Jump Shot,2PT Field Goal,In The Paint (Non-RA),Center(C),8-16 ft.,11,23,110,1,1,20251026,LAC,POR,8910,0,101108|202695|1627739|1627826|1628381,1,REG,2026,1610612746,,,,,
22500112234,,Shot Chart Detail,22500112,234,202695,Kawhi Leonard,1610612746,LA Clippers,2,8,13,Made Shot,Turnaround Fadeaway shot,2PT Field Goal,In The Paint (Non-RA),Center(C),8-16 ft.,13,9,133,1,1,20251026,LAC,POR,9470,0,101108|202695|1627739|1627826|1628381,0,REG,2026,1610612746,,,,,
22500112237,,Shot Chart Detail,22500112,237,1627739,Kris Dunn,1610612746,LA Clippers,2,7,54,Made Shot,Driving Floating Jump Shot,2PT Field Goal,In The Paint (Non-RA),Center(C),Less Than 8 ft.,6,65,-5,1,1,20251026,LAC,POR,9660,0,101108|202695|1627739|1627826|1628381,1,REG,2026,1610612746,,,,,
22500112242,,Shot Chart Detail,22500112,242,202695,Kawhi Leonard,1610612746,LA Clippers,2,7,18,Missed Shot,Pullup Jump shot,2PT Field Goal,Mid-Range,Left Side Center(LC),16-24 ft.,21,-137,162,1,0,20251026,LAC,POR,10020,0,101108|202695|1627739|1627826|1628381,0,REG,2026,1610612746,,,,,
22500112271,,Shot Chart Detail,22500112,271,202695,Kawhi Leonard,1610612746,LA Clippers,2,6,24,Missed Shot,Pullup Jump shot,2PT Field Goal,Mid-Range,Left Side(L),16-24 ft.,17,-178,12,1,0,20251026,LAC,POR,10560,0,201587|201935|202695|1627826|1627884,0,REG,2026,1610612746,,,,,
22500112292,,Shot Chart Detail,22500112,292,201587,Nicolas Batum,1610612746,LA Clippers,2,5,41,Missed Shot,Jump Shot,3PT Field Goal,Above the Break 3,Right Side Center(RC),24+ ft.,25,218,138,1,0,20251026,LAC,POR,10990,0,201587|201935|203992|1627826|1627884,0,REG,2026,1610612746,,,,,
22500112304,,Shot Chart Detail,22500112,304,1627826,Ivica Zubac,1610612746,LA Clippers,2,5,4,Made Shot,Cutting Dunk Shot,2PT Field Goal,In The Paint (Non-RA),Center(C),Less Than 8 ft.,4,-18,38,1,1,20251026,LAC,POR,11360,0,201587|201935|203992|1627826|1627884,1,REG,2026,1610612746,,,,,
22500112323,,Shot Chart Detail,22500112,323,201935,James Harden,1610612746,LA Clippers,2,4,5,Missed Shot,Jump Shot,3PT Field Goal,Above the Break 3,Right Side Center(RC),24+ ft.,27,113,252,1,0,20251026,LAC,POR,11950,0,201935|202695|203992|1627826|1627884,0,REG,2026,1610612746,,,,,
22500112327,,Shot Chart Detail,22500112,327,201935,James Harden,1610612746,LA Clippers,2,3,38,Missed Shot,Pullup Jump shot,3PT Field Goal,Above the Break 3,Left Side Center(LC),24+ ft.,27,-150,226,1,0,20251026,LAC,POR,12220,0,201935|202695|203992|1627826|1627884,0,REG,2026,1610612746,,,,,
22500112335,,Shot Chart Detail,22500112,335,202695,Kawhi Leonard,1610612746,LA Clippers,2,3,2,Missed Shot,Fadeaway Jump Shot,2PT Field Goal,Mid-Range,Right Side Center(RC),16-24 ft.,17,58,163,1,0,20251026,LAC,POR,12580,0,201935|202695|203992|1627826|1627884,0,REG,2026,1610612746,,,,,
22500112339,,Shot Chart Detail,22500112,339,202695,Kawhi Leonard,1610612746,LA Clippers,2,2,44,Missed Shot,Driving Floating Jump Shot,2PT Field Goal,In The Paint (Non-RA),Center(C),8-16 ft.,10,43,91,1,0,20251026,LAC,POR,12760,0,201935|202695|203992|1627826|1627884,0,REG,2026,1610612746,,,,,
22500112343,,Shot Chart Detail,22500112,343,1627826,Ivica Zubac,1610612746,LA Clippers,2,2,19,Made Shot,Driving Hook Shot,2PT Field Goal,In The Paint (Non-RA),Center(C),8-16 ft.,10,6,106,1,1,20251026,LAC,POR,13010,0,201935|202695|203992|1627826|1627884,0,REG,2026,1610612746,,,,,
22500112356,,Shot Chart Detail,22500112,356,1627826,Ivica Zubac,1610612746,LA Clippers,2,1,20,Made Shot,Turnaround Hook Shot,2PT Field Goal,In The Paint (Non-RA),Center(C),Less Than 8 ft.,4,2,41,1,1,20251026,LAC,POR,13600,0,201935|202695|203992|1627826|1627884,1,REG,2026,1610612746,,,,,
22500112362,,Shot Chart Detail,22500112,362,202695,Kawhi Leonard,1610612746,LA Clippers,2,0,42,Missed Shot,Driving Floating Jump Shot,2PT Field Goal,Restricted Area,Center(C),Less Than 8 ft.,2,12,20,1,0,20251026,LAC,POR,13980,0,201587|201935|202695|203992|1627826,0,REG,2026,1610612746,,,,,
22500112372,,Shot Chart Detail,22500112,372,201587,Nicolas Batum,1610612746,LA Clippers,2,0,12,Made Shot,Jump Shot,3PT Field Goal,Left Corner 3,Left Side(L),24+ ft.,23,-232,39,1,1,20251026,LAC,POR,14280,0,201587|201935|202695|203992|1627826,1,REG,2026,1610612746,,,,,
22500112398,,Shot Chart Detail,22500112,398,1627826,Ivica Zubac,1610612746,LA Clippers,3,11,12,Made Shot,Layup Shot,2PT Field Goal,Restricted Area,Center(C),Less Than 8 ft.,1,9,9,1,1,20251026,LAC,POR,14880,0,201935|202695|1627739|1627826|1627884,1,REG,2026,1610612746,,,,,
22500112401,,Shot Chart Detail,22500112,401,1627739,Kris Dunn,1610612746,LA Clippers,3,10,35,Made Shot,Driving Layup Shot,2PT Field Goal,Restricted Area,Center(C),Less Than 8 ft.,1,15,5,1,1,20251026,LAC,POR,15250,0,201935|202695|1627739|1627826|1627884,1,REG,2026,1610612746,,,,,
22500112404,,Shot Chart Detail,22500112,404,202695,Kawhi Leonard,1610612746,LA Clippers,3,10,26,Made Shot,Jump Shot,3PT Field Goal,Above the Break 3,Right Side Center(RC),24+ ft.,25,207,156,1,1,20251026,LAC,POR,15340,0,201935|202695|1627739|1627826|1627884,1,REG,2026,1610612746,,,,,
22500112408,,Shot Chart Detail,22500112,408,1627884,Derrick Jones Jr.,1610612746,LA Clippers,3,9,59,Missed Shot,Jump Shot,3PT Field Goal,Above the Break 3,Left Side Center(LC),24+ ft.,27,-184,201,1,0,20251026,LAC,POR,15610,0,201935|202695|1627739|1627826|1627884,0,REG,2026,1610612746,,,,,
22500112414,,Shot Chart Detail,22500112,414,202695,Kawhi Leonard,1610612746,LA Clippers,3,9,23,Made Shot,Jump Shot,3PT Field Goal,Left Corner 3,Left Side(L),24+ ft.,23,-223,64,1,1,20251026,LAC,POR,15970,0,201935|202695|1627739|1627826|1627884,1,REG,2026,1610612746,,,,,
22500112418,,Shot Chart Detail,22500112,418,1627826,Ivica Zubac,1610612746,LA Clippers,3,8,54,Made Shot,Cutting Dunk Shot,2PT Field Goal,Restricted Area,Center(C),Less Than 8 ft.,1,2,11,1,1,20251026,LAC,POR,16260,0,201935|202695|1627739|1627826|1627884,1,REG,2026,1610612746,,,,,
22500112429,,Shot Chart Detail,22500112,429,201935,James Harden,1610612746,LA Clippers,3,8,21,Made Shot,Driving Floating Jump Shot,2PT Field Goal,In The Paint (Non-RA),Center(C),Less Than 8 ft.,4,-1,41,1,1,20251026,LAC,POR,16590,0,201935|202695|1627739|1627826|1627884,0,REG,2026,1610612746,,,,,
22500112434,,Shot Chart Detail,22500112,434,202695,Kawhi Leonard,1610612746,LA Clippers,3,7,41,Made Shot,Step Back Jump shot,3PT Field Goal,Above the Break 3,Left Side Center(LC),24+ ft.,24,-180,173,1,1,20251026,LAC,POR,16990,0,201935|202695|1627739|1627826|1627884,0,REG,2026,1610612746,,,,,
22500112437,,Shot Chart Detail,22500112,437,1627826,Ivica Zubac,1610612746,LA Clippers,3,7,11,Missed Shot,Turnaround Hook Shot,2PT Field Goal,In The Paint (Non-RA),Center(C),Less Than 8 ft.,5,23,48,1,0,20251026,LAC,POR,17290,0,201935|202695|1627739|1627826|1627884,0,REG,2026,1610612746,,,,,
22500112449,,Shot Chart Detail,22500112,449,202695,Kawhi Leonard,1610612746,LA Clippers,3,6,33,Missed Shot,Step Back Jump shot,3PT Field Goal,Above the Break 3,Left Side Center(LC),24+ ft.,27,-96,260,1,0,20251026,LAC,POR,17670,0,201935|202695|1627739|1627826|1627884,0,REG,2026,1610612746,,,,,
22500112453,,Shot Chart Detail,22500112,453,1627739,Kris Dunn,1610612746,LA Clippers,3,6,3,Made Shot,Jump Shot,3PT Field Goal,Right Corner 3,Right Side(R),24+ ft.,24,244,8,1,1,20251026,LAC,POR,17970,0,201935|202695|1627739|1627826|1627884,1,REG,2026,1610612746,,,,,
22500112460,,Shot Chart Detail,22500112,460,202695,Kawhi Leonard,1610612746,LA Clippers,3,5,33,Missed Shot,Turnaround Fadeaway shot,2PT Field Goal,In The Paint (Non-RA),Center(C),8-16 ft.,13,-58,119,1,0,20251026,LAC,POR,18270,0,201935|202695|1627739|1627826|1627884,0,REG,2026,1610612746,,,,,
22500112478,,Shot Chart Detail,22500112,478,1627826,Ivica Zubac,1610612746,LA Clippers,3,4,28,Made Shot,Alley Oop Dunk Shot,2PT Field Goal,Restricted Area,Center(C),Less Than 8 ft.,1,-1,16,1,1,20251026,LAC,POR,18920,0,201587|201935|1627826|1627884|1628381,1,REG,2026,1610612746,,,,,
22500112482,,Shot Chart Detail,22500112,482,201935,James Harden,1610612746,LA Clippers,3,4,7,Missed Shot,Running Pull-Up Jump Shot,3PT Field Goal,Above the Break 3,Right Side Center(RC),24+ ft.,26,169,200,1,0,20251026,LAC,POR,19130,0,201587|201935|1627826|1627884|1628381,0,REG,2026,1610612746,,,,,
22500112494,,Shot Chart Detail,22500112,494,1627826,Ivica Zubac,1610612746,LA Clippers,3,3,43,Made Shot,Dunk Shot,2PT Field Goal,Restricted Area,Center(C),Less Than 8 ft.,1,1,16,1,1,20251026,LAC,POR,19370,0,201587|201935|203992|1627826|1628381,1,REG,2026,1610612746,,,,,
22500112503,,Shot Chart Detail,22500112,503,201587,Nicolas Batum,1610612746,LA Clippers,3,3,8,Missed Shot,Jump Shot,3PT Field Goal,Above the Break 3,Right Side Center(RC),24+ ft.,27,184,198,1,0,20251026,LAC,POR,19720,0,201587|201935|203992|1627826|1628381,0,REG,2026,1610612746,,,,,
22500112507,,Shot Chart Detail,22500112,507,201935,James Harden,1610612746,LA Clippers,3,2,32,Made Shot,Driving Layup Shot,2PT Field Goal,Restricted Area,Center(C),Less Than 8 ft.,1,-12,9,1,1,20251026,LAC,POR,20080,0,201587|201935|203992|1627826|1628381,0,REG,2026,1610612746,,,,,
22500112531,,Shot Chart Detail,22500112,531,201935,James Harden,1610612746,LA Clippers,3,0,49,Made Shot,Step Back Jump shot,3PT Field Goal,Above the Break 3,Right Side Center(RC),24+ ft.,27,170,213,1,1,20251026,LAC,POR,21110,0,201572|201587|201935|203992|1628381,0,REG,2026,1610612746,,,,,
22500112557,,Shot Chart Detail,22500112,557,203992,Bogdan Bogdanović,1610612746,LA Clippers,4,11,24,Missed Shot,Jump Shot,3PT Field Goal,Above the Break 3,Right Side Center(RC),24+ ft.,26,104,246,1,0,20251026,LAC,POR,21960,0,101108|201572|202695|203992|1628381,0,REG,2026,1610612746,,,,,
22500112559,,Shot Chart Detail,22500112,559,203992,Bogdan Bogdanović,1610612746,LA Clippers,4,11,19,Missed Shot,Floating Jump shot,2PT Field Goal,Mid-Range,Center(C),16-24 ft.,16,-12,163,1,0,20251026,LAC,POR,22010,0,101108|201572|202695|203992|1628381,0,REG,2026,1610612746,,,,,
22500112569,,Shot Chart Detail,22500112,569,201572,Brook Lopez,1610612746,LA Clippers,4,10,36,Missed Shot,Jump Shot,3PT Field Goal,Above the Break 3,Right Side Center(RC),24+ ft.,29,194,220,1,0,20251026,LAC,POR,22440,0,101108|201572|202695|203992|1628381,0,REG,2026,1610612746,,,,,
22500112574,,Shot Chart Detail,22500112,574,203992,Bogdan Bogdanović,1610612746,LA Clippers,4,10,17,Missed Shot,Fadeaway Jump Shot,2PT Field Goal,In The Paint (Non-RA),Center(C),8-16 ft.,12,-4,129,1,0,20251026,LAC,POR,22630,0,101108|201572|202695|203992|1628381,0,REG,2026,1610612746,,,,,
22500112578,,Shot Chart Detail,22500112,578,101108,Chris Paul,1610612746,LA Clippers,4,9,57,Made Shot,Jump Shot,3PT Field Goal,Above the Break 3,Center(C),24+ ft.,24,-31,247,1,1,20251026,LAC,POR,22830,0,101108|201572|202695|203992|1628381,1,REG,2026,1610612746,,,,,
22500112587,,Shot Chart Detail,22500112,587,1628381,John Collins,1610612746,LA Clippers,4,9,30,Made Shot,Jump Shot,3PT Field Goal,Right Corner 3,Right Side(R),24+ ft.,23,230,-5,1,1,20251026,LAC,POR,23100,0,101108|201572|202695|203992|1628381,1,REG,2026,1610612746,,,,,
22500112593,,Shot Chart Detail,22500112,593,203992,Bogdan Bogdanović,1610612746,LA Clippers,4,8,59,Missed Shot,Running Jump Shot,3PT Field Goal,Above the Break 3,Left Side Center(LC),24+ ft.,25,-164,192,1,0,20251026,LAC,POR,23410,0,101108|201572|202695|203992|1628381,0,REG,2026,1610612746,,,,,
22500112604,,Shot Chart Detail,22500112,604,101108,Chris Paul,1610612746,LA Clippers,4,8,26,Missed Shot,Pullup Jump shot,3PT Field Goal,Above the Break 3,Center(C),24+ ft.,26,-49,260,1,0,20251026,LAC,POR,23740,0,101108|201572|202695|203992|1628381,0,REG,2026,1610612746,,,,,
22500112606,,Shot Chart Detail,22500112,606,101108,Chris Paul,1610612746,LA Clippers,4,8,20,Made Shot,Pullup Jump shot,3PT Field Goal,Above the Break 3,Right Side Center(RC),24+ ft.,26,188,193,1,1,20251026,LAC,POR,23800,0,101108|201572|202695|203992|1628381,1,REG,2026,1610612746,,,,,
22500112632,,Shot Chart Detail,22500112,632,201572,Brook Lopez,1610612746,LA Clippers,4,7,6,Made Shot,Cutting Dunk Shot,2PT Field Goal,Restricted Area,Center(C),Less Than 8 ft.,2,13,27,1,1,20251026,LAC,POR,24540,0,101108|201572|202695|203992|1628381,1,REG,2026,1610612746,,,,,
22500112657,,Shot Chart Detail,22500112,657,202695,Kawhi Leonard,1610612746,LA Clippers,4,5,57,Made Shot,Fadeaway Jump Shot,2PT Field Goal,In The Paint (Non-RA),Center(C),8-16 ft.,11,-1,115,1,1,20251026,LAC,POR,25230,0,201935|202695|1627739|1627826|1628381,0,REG,2026,1610612746,,,,,
22500112660,,Shot Chart Detail,22500112,660,201935,James Harden,1610612746,LA Clippers,4,5,44,Made Shot,Running Layup Shot,2PT Field Goal,In The Paint (Non-RA),Center(C),Less Than 8 ft.,5,-12,55,1,1,20251026,LAC,POR,25360,0,201935|202695|1627739|1627826|1628381,0,REG,2026,1610612746,,,,,
22500112668,,Shot Chart Detail,22500112,668,1627826,Ivica Zubac,1610612746,LA Clippers,4,5,17,Missed Shot,Floating Jump shot,2PT Field Goal,Restricted Area,Center(C),Less Than 8 ft.,2,-26,13,1,0,20251026,LAC,POR,25630,0,201935|202695|1627739|1627826|1628381,0,REG,2026,1610612746,,,,,
22500112677,,Shot Chart Detail,22500112,677,1628381,John Collins,1610612746,LA Clippers,4,4,57,Made Shot,Dunk Shot,2PT Field Goal,Restricted Area,Center(C),Less Than 8 ft.,2,2,20,1,1,20251026,LAC,POR,25830,0,201587|201935|1627739|1627826|1628381,1,REG,2026,1610612746,,,,,
22500112684,,Shot Chart Detail,22500112,684,1628381,John Collins,1610612746,LA Clippers,4,4,22,Made Shot,Cutting Layup Shot,2PT Field Goal,Restricted Area,Center(C),Less Than 8 ft.,2,-27,-4,1,1,20251026,LAC,POR,26180,0,201587|201935|1627739|1627826|1628381,1,REG,2026,1610612746,,,,,
22500112695,,Shot Chart Detail,22500112,695,1627826,Ivica Zubac,1610612746,LA Clippers,4,3,38,Missed Shot,Dunk Shot,2PT Field Goal,Restricted Area,Center(C),Less Than 8 ft.,1,15,3,1,0,20251026,LAC,POR,26620,0,201587|201935|1627739|1627826|1628381,0,REG,2026,1610612746,,,,,
22500112715,,Shot Chart Detail,22500112,715,202695,Kawhi Leonard,1610612746,LA Clippers,4,2,36,Made Shot,Turnaround Fadeaway shot,2PT Field Goal,In The Paint (Non-RA),Center(C),8-16 ft.,14,-67,134,1,1,20251026,LAC,POR,27240,0,201935|202695|1627739|1627826|1628381,0,REG,2026,1610612746,,,,,
22500112717,,Shot Chart Detail,22500112,717,202695,Kawhi Leonard,1610612746,LA Clippers,4,2,1,Made Shot,Driving Floating Jump Shot,2PT Field Goal,In The Paint (Non-RA),Center(C),Less Than 8 ft.,6,47,45,1,1,20251026,LAC,POR,27590,0,201935|202695|1627739|1627826|1628381,0,REG,2026,1610612746,,,,,
22500112732,,Shot Chart Detail,22500112,732,1627739,Kris Dunn,1610612746,LA Clippers,4,0,18,Missed Shot,Jump Shot,3PT Field Goal,Above the Break 3,Left Side Center(LC),24+ ft.,25,-196,161,1,0,20251026,LAC,POR,28620,0,201587|201935|202695|1627739|1628381,0,REG,2026,1610612746,,,,,
225001279,,Shot Chart Detail,22500127,9,202695,Kawhi Leonard,1610612746,LA Clippers,1,11,16,Missed Shot,Pullup Jump shot,3PT Field Goal,Above the Break 3,Right Side Center(RC),24+ ft.,25,199,153,1,0,20251028,GSW,LAC,440,0,201935|202695|203992|1627826|1627884,0,REG,2026,1610612746,,,,,
2250012717,,Shot Chart Detail,22500127,17,1627826,Ivica Zubac,1610612746,LA Clippers,1,10,30,Made Shot,Hook Shot,2PT Field Goal,In The Paint (Non-RA),Center(C),Less Than 8 ft.,6,12,63,1,1,20251028,GSW,LAC,900,0,201935|202695|203992|1627826|1627884,0,REG,2026,1610612746,,,,,
2250012720,,Shot Chart Detail,22500127,20,203992,Bogdan Bogdanović,1610612746,LA Clippers,1,10,3,Missed Shot,Jump Shot,3PT Field Goal,Above the Break 3,Left Side Center(LC),24+ ft.,25,-113,228,1,0,20251028,GSW,LAC,1170,0,201935|202695|203992|1627826|1627884,0,REG,2026,1610612746,,,,,
2250012725,,Shot Chart Detail,22500127,25,202695,Kawhi Leonard,1610612746,LA Clippers,1,9,28,Made Shot,Turnaround Fadeaway shot,2PT Field Goal,In The Paint (Non-RA),Center(C),8-16 ft.,9,-7,97,1,1,20251028,GSW,LAC,1520,0,201935|202695|203992|1627826|1627884,0,REG,2026,1610612746,,,,,
2250012773,,Shot Chart Detail,22500127,73,1627826,Ivica Zubac,1610612746,LA Clippers,1,8,45,Missed Shot,Driving Hook Shot,2PT Field Goal,In The Paint (Non-RA),Center(C),Less Than 8 ft.,4,7,44,1,0,20251028,GSW,LAC,1950,0,201935|202695|203992|1627826|1627884,0,REG,2026,1610612746,,,,,
2250012735,,Shot Chart Detail,22500127,35,201935,James Harden,1610612746,LA Clippers,1,8,40,Made Shot,Driving Floating Bank Jump Shot,2PT Field Goal,Mid-Range,Left Side(L),8-16 ft.,13,-116,64,1,1,20251028,GSW,LAC,2000,0,201935|202695|203992|1627826|1627884,0,REG,2026,1610612746,,,,,
2250012740,,Shot Chart Detail,22500127,40,1627826,Ivica Zubac,1610612746,LA Clippers,1,8,14,Missed Shot,Floating Jump shot,2PT Field Goal,In The Paint (Non-RA),Center(C),8-16 ft.,10,-26,104,1,0,20251028,GSW,LAC,2260,0,201935|202695|203992|1627826|1627884,0,REG,2026,1610612746,,,,,
2250012742,,Shot Chart Detail,22500127,42,1627884,Derrick Jones Jr.,1610612746,LA Clippers,1,8,10,Missed Shot,Jump Shot,3PT Field Goal,Above the Break 3,Left Side Center(LC),24+ ft.,26,-143,218,1,0,20251028,GSW,LAC,2300,0,201935|202695|203992|1627826|1627884,0,REG,2026,1610612746,,,,,
2250012746,,Shot Chart Detail,22500127,46,202695,Kawhi Leonard,1610612746,LA Clippers,1,7,49,Missed Shot,Driving Floating Jump Shot,2PT Field Goal,In The Paint (Non-RA),Right Side(R),8-16 ft.,8,80,7,1,0,20251028,GSW,LAC,2510,0,201935|202695|203992|1627826|1627884,0,REG,2026,1610612746,,,,,
2250012750,,Shot Chart Detail,22500127,50,203992,Bogdan Bogdanović,1610612746,LA Clippers,1,7,23,Missed Shot,Jump Shot,3PT Field Goal,Above the Break 3,Left Side Center(LC),24+ ft.,26,-179,190,1,0,20251028,GSW,LAC,2770,0,201935|202695|203992|1627826|1627884,0,REG,2026,1610612746,,,,,
2250012757,,Shot Chart Detail,22500127,57,201587,Nicolas Batum,1610612746,LA Clippers,1,7,5,Made Shot,Jump Shot,3PT Field Goal,Right Corner 3,Right Side(R),24+ ft.,23,228,74,1,1,20251028,GSW,LAC,2950,0,201587|201935|202695|1627826|1627884,1,REG,2026,1610612746,,,,,
2250012761,,Shot Chart Detail,22500127,61,1627884,Derrick Jones Jr.,1610612746,LA Clippers,1,6,41,Missed Shot,Jump Shot,3PT Field Goal,Above the Break 3,Left Side Center(LC),24+ ft.,26,-176,197,1,0,20251028,GSW,LAC,3190,0,201587|201935|202695|1627826|1627884,0,REG,2026,1610612746,,,,,
2250012768,,Shot Chart Detail,22500127,68,201587,Nicolas Batum,1610612746,LA Clippers,1,6,8,Missed Shot,Jump Shot,3PT Field Goal,Right Corner 3,Right Side(R),24+ ft.,22,221,6,1,0,20251028,GSW,LAC,3520,0,201587|201935|202695|1627826|1627884,0,REG,2026,1610612746,,,,,
22500127149,,Shot Chart Detail,22500127,149,201935,James Harden,1610612746,LA Clippers,1,5,37,Missed Shot,Step Back Jump shot,3PT Field Goal,Right Corner 3,Right Side(R),24+ ft.,24,243,38,1,0,20251028,GSW,LAC,3830,0,201587|201935|202695|1627739|1627826,0,REG,2026,1610612746,,,,,
2250012785,,Shot Chart Detail,22500127,85,201935,James Harden,1610612746,LA Clippers,1,5,2,Missed Shot,Driving Layup Shot,2PT Field Goal,Restricted Area,Center(C),Less Than 8 ft.,2,-22,20,1,0,20251028,GSW,LAC,4180,0,201587|201935|202695|1627739|1627826,0,REG,2026,1610612746,,,,,
2250012788,,Shot Chart Detail,22500127,88,201587,Nicolas Batum,1610612746,LA Clippers,1,4,52,Missed Shot,Jump Shot,3PT Field Goal,Left Corner 3,Left Side(L),24+ ft.,23,-235,-11,1,0,20251028,GSW,LAC,4280,0,201587|201935|202695|1627739|1627826,0,REG,2026,1610612746,,,,,
2250012792,,Shot Chart Detail,22500127,92,1627739,Kris Dunn,1610612746,LA Clippers,1,4,31,Missed Shot,Driving Floating Jump Shot,2PT Field Goal,Mid-Range,Right Side(R),8-16 ft.,14,92,109,1,0,20251028,GSW,LAC,4490,0,201587|201935|202695|1627739|1627826,0,REG,2026,1610612746,,,,,
2250012794,,Shot Chart Detail,22500127,94,1627826,Ivica Zubac,1610612746,LA Clippers,1,4,27,Missed Shot,Hook Shot,2PT Field Goal,In The Paint (Non-RA),Center(C),Less Than 8 ft.,4,25,32,1,0,20251028,GSW,LAC,4530,0,201587|201935|202695|1627739|1627826,0,REG,2026,1610612746,,,,,
2250012796,,Shot Chart Detail,22500127,96,1627826,Ivica Zubac,1610612746,LA Clippers,1,4,23,Made Shot,Hook Shot,2PT Field Goal,In The Paint (Non-RA),Center(C),Less Than 8 ft.,5,-7,58,1,1,20251028,GSW,LAC,4570,0,201587|201935|202695|1627739|1627826,0,REG,2026,1610612746,,,,,
2250012798,,Shot Chart Detail,22500127,98,1627826,Ivica Zubac,1610612746,LA Clippers,1,3,58,Missed Shot,Floating Jump shot,2PT Field Goal,In The Paint (Non-RA),Center(C),8-16 ft.,9,7,99,1,0,20251028,GSW,LAC,4820,0,201587|201935|202695|1627739|1627826,0,REG,2026,1610612746,,,,,
22500127104,,Shot Chart Detail,22500127,104,201935,James Harden,1610612746,LA Clippers,1,3,36,Made Shot,Running Layup Shot,2PT Field Goal,Restricted Area,Center(C),Less Than 8 ft.,3,-16,26,1,1,20251028,GSW,LAC,5040,0,201587|201935|202695|1627739|1627826,0,REG,2026,1610612746,,,,,
22500127123,,Shot Chart Detail,22500127,123,1627739,Kris Dunn,1610612746,LA Clippers,1,3,1,Made Shot,Jump Shot,3PT Field Goal,Above the Break 3,Right Side Center(RC),24+ ft.,25,123,227,1,1,20251028,GSW,LAC,5390,0,201572|201587|201935|1627739|1628381,1,REG,2026,1610612746,,,,,
22500127127,,Shot Chart Detail,22500127,127,201572,Brook Lopez,1610612746,LA Clippers,1,2,35,Missed Shot,Jump Shot,3PT Field Goal,Above the Break 3,Right Side Center(RC),24+ ft.,27,161,228,1,0,20251028,GSW,LAC,5650,0,201572|201587|201935|1627739|1628381,0,REG,2026,1610612746,,,,,
22500127134,,Shot Chart Detail,22500127,134,201935,James Harden,1610612746,LA Clippers,1,1,47,Missed Shot,Pullup Jump shot,3PT Field Goal,Above the Break 3,Right Side Center(RC),24+ ft.,25,158,197,1,0,20251028,GSW,LAC,6130,0,201572|201587|201935|1627739|1628381,0,REG,2026,1610612746,,,,,
22500127139,,Shot Chart Detail,22500127,139,201935,James Harden,1610612746,LA Clippers,1,1,31,Made Shot,Driving Floating Jump Shot,2PT Field Goal,Mid-Range,Center(C),16-24 ft.,16,2,169,1,1,20251028,GSW,LAC,6290,0,201572|201587|201935|1627739|1628381,0,REG,2026,1610612746,,,,,
22500127144,,Shot Chart Detail,22500127,144,201935,James Harden,1610612746,LA Clippers,1,0,51,Made Shot,Driving Layup Shot,2PT Field Goal,In The Paint (Non-RA),Center(C),Less Than 8 ft.,4,-26,41,1,1,20251028,GSW,LAC,6690,0,201572|201587|201935|1627739|1628381,0,REG,2026,1610612746,,,,,
22500127176,,Shot Chart Detail,22500127,176,101108,Chris Paul,1610612746,LA Clippers,2,11,21,Missed Shot,Running Layup Shot,2PT Field Goal,Restricted Area,Center(C),Less Than 8 ft.,2,13,27,1,0,20251028,GSW,LAC,7590,0,101108|201572|202695|1627739|1628381,0,REG,2026,1610612746,,,,,
22500127181,,Shot Chart Detail,22500127,181,202695,Kawhi Leonard,1610612746,LA Clippers,2,10,54,Missed Shot,Turnaround Fadeaway shot,2PT Field Goal,In The Paint (Non-RA),Center(C),8-16 ft.,11,-51,100,1,0,20251028,GSW,LAC,7860,0,101108|201572|202695|1627739|1628381,0,REG,2026,1610612746,,,,,
22500127185,,Shot Chart Detail,22500127,185,1628381,John Collins,1610612746,LA Clippers,2,10,28,Missed Shot,Turnaround Hook Shot,2PT Field Goal,In The Paint (Non-RA),Center(C),Less Than 8 ft.,5,-50,2,1,0,20251028,GSW,LAC,8120,0,101108|201572|202695|1627739|1628381,0,REG,2026,1610612746,,,,,
22500127188,,Shot Chart Detail,22500127,188,201572,Brook Lopez,1610612746,LA Clippers,2,9,52,Missed Shot,Jump Shot,3PT Field Goal,Above the Break 3,Center(C),24+ ft.,26,-31,267,1,0,20251028,GSW,LAC,8480,0,101108|201572|202695|1627739|1628381,0,REG,2026,1610612746,,,,,
22500127192,,Shot Chart Detail,22500127,192,202695,Kawhi Leonard,1610612746,LA Clippers,2,9,22,Missed Shot,Step Back Jump shot,3PT Field Goal,Above the Break 3,Left Side Center(LC),24+ ft.,26,-205,160,1,0,20251028,GSW,LAC,8780,0,101108|201572|202695|1627739|1628381,0,REG,2026,1610612746,,,,,
22500127194,,Shot Chart Detail,22500127,194,1627739,Kris Dunn,1610612746,LA Clippers,2,9,14,Missed Shot,Putback Layup Shot,2PT Field Goal,Restricted Area,Center(C),Less Than 8 ft.,0,0,0,1,0,20251028,GSW,LAC,8860,0,101108|201572|202695|1627739|1628381,0,REG,2026,1610612746,,,,,
22500127200,,Shot Chart Detail,22500127,200,1628381,John Collins,1610612746,LA Clippers,2,8,49,Missed Shot,Jump Shot,3PT Field Goal,Above the Break 3,Left Side Center(LC),24+ ft.,26,-183,186,1,0,20251028,GSW,LAC,9110,0,101108|201572|202695|1627739|1628381,0,REG,2026,1610612746,,,,,
22500127216,,Shot Chart Detail,22500127,216,202695,Kawhi Leonard,1610612746,LA Clippers,2,7,55,Made Shot,Turnaround Jump Shot,2PT Field Goal,In The Paint (Non-RA),Center(C),Less Than 8 ft.,7,34,63,1,1,20251028,GSW,LAC,9650,0,101108|201572|201935|202695|1628381,0,REG,2026,1610612746,,,,,
22500127219,,Shot Chart Detail,22500127,219,201572,Brook Lopez,1610612746,LA Clippers,2,7,14,Missed Shot,Jump Shot,3PT Field Goal,Right Corner 3,Right Side(R),24+ ft.,22,227,10,1,0,20251028,GSW,LAC,10060,0,101108|201572|201935|202695|1628381,0,REG,2026,1610612746,,,,,
22500127224,,Shot Chart Detail,22500127,224,202695,Kawhi Leonard,1610612746,LA Clippers,2,6,48,Made Shot,Jump Shot,3PT Field Goal,Above the Break 3,Left Side Center(LC),24+ ft.,26,-134,233,1,1,20251028,GSW,LAC,10320,0,101108|201572|201935|202695|1628381,1,REG,2026,1610612746,,,,,
22500127245,,Shot Chart Detail,22500127,245,202695,Kawhi Leonard,1610612746,LA Clippers,2,6,1,Made Shot,Driving Layup Shot,2PT Field Goal,In The Paint (Non-RA),Center(C),Less Than 8 ft.,5,34,37,1,1,20251028,GSW,LAC,10790,0,101108|201572|201935|202695|1628381,0,REG,2026,1610612746,,,,,
22500127250,,Shot Chart Detail,22500127,250,202695,Kawhi Leonard,1610612746,LA Clippers,2,5,26,Missed Shot,Pullup Jump shot,3PT Field Goal,Above the Break 3,Right Side Center(RC),24+ ft.,24,223,105,1,0,20251028,GSW,LAC,11140,0,101108|201572|201935|202695|1628381,0,REG,2026,1610612746,,,,,
22500127252,,Shot Chart Detail,22500127,252,1628381,John Collins,1610612746,LA Clippers,2,5,22,Made Shot,Putback Layup Shot,2PT Field Goal,Restricted Area,Center(C),Less Than 8 ft.,0,0,0,1,1,20251028,GSW,LAC,11180,0,101108|201572|201935|202695|1628381,0,REG,2026,1610612746,,,,,
22500127257,,Shot Chart Detail,22500127,257,202695,Kawhi Leonard,1610612746,LA Clippers,2,4,53,Missed Shot,Jump Shot,2PT Field Goal,Mid-Range,Left Side(L),8-16 ft.,14,-147,28,1,0,20251028,GSW,LAC,11470,0,101108|201572|201935|202695|1628381,0,REG,2026,1610612746,,,,,
22500127273,,Shot Chart Detail,22500127,273,1627826,Ivica Zubac,1610612746,LA Clippers,2,4,30,Missed Shot,Layup Shot,2PT Field Goal,Restricted Area,Center(C),Less Than 8 ft.,2,23,5,1,0,20251028,GSW,LAC,11700,0,201587|201935|1627739|1627826|1627884,0,REG,2026,1610612746,,,,,
22500127277,,Shot Chart Detail,22500127,277,1627884,Derrick Jones Jr.,1610612746,LA Clippers,2,4,24,Made Shot,Jump Shot,3PT Field Goal,Left Corner 3,Left Side(L),24+ ft.,23,-237,6,1,1,20251028,GSW,LAC,11760,0,201587|201935|1627739|1627826|1627884,1,REG,2026,1610612746,,,,,
22500127290,,Shot Chart Detail,22500127,290,201935,James Harden,1610612746,LA Clippers,2,3,19,Made Shot,Running Layup Shot,2PT Field Goal,Restricted Area,Center(C),Less Than 8 ft.,3,-21,26,1,1,20251028,GSW,LAC,12410,0,201587|201935|1627739|1627826|1627884,0,REG,2026,1610612746,,,,,
22500127293,,Shot Chart Detail,22500127,293,201935,James Harden,1610612746,LA Clippers,2,2,50,Missed Shot,Step Back Jump shot,3PT Field Goal,Above the Break 3,Left Side Center(LC),24+ ft.,26,-89,249,1,0,20251028,GSW,LAC,12700,0,201587|201935|1627739|1627826|1627884,0,REG,2026,1610612746,,,,,
22500127295,,Shot Chart Detail,22500127,295,1627826,Ivica Zubac,1610612746,LA Clippers,2,2,47,Made Shot,Putback Layup Shot,2PT Field Goal,Restricted Area,Center(C),Less Than 8 ft.,0,0,0,1,1,20251028,GSW,LAC,12730,0,201587|201935|1627739|1627826|1627884,0,REG,2026,1610612746,,,,,
22500127307,,Shot Chart Detail,22500127,307,201935,James Harden,1610612746,LA Clippers,2,1,44,Missed Shot,Driving Layup Shot,2PT Field Goal,In The Paint (Non-RA),Center(C),Less Than 8 ft.,4,10,39,1,0,20251028,GSW,LAC,13360,0,201587|201935|1627739|1627826|1627884,0,REG,2026,1610612746,,,,,
22500127313,,Shot Chart Detail,22500127,313,1627739,Kris Dunn,1610612746,LA Clippers,2,1,12,Made Shot,Layup Shot,2PT Field Goal,In The Paint (Non-RA),Center(C),Less Than 8 ft.,4,-38,18,1,1,20251028,GSW,LAC,13680,0,201587|201935|1627739|1627826|1627884,1,REG,2026,1610612746,,,,,
22500127319,,Shot Chart Detail,22500127,319,201935,James Harden,1610612746,LA Clippers,2,0,41,Made Shot,Running Pull-Up Jump Shot,3PT Field Goal,Above the Break 3,Center(C),24+ ft.,30,-2,300,1,1,20251028,GSW,LAC,13990,0,201587|201935|1627739|1627826|1627884,0,REG,2026,1610612746,,,,,
22500127322,,Shot Chart Detail,22500127,322,1627884,Derrick Jones Jr.,1610612746,LA Clippers,2,0,12,Missed Shot,Jump Shot,3PT Field Goal,Right Corner 3,Right Side(R),24+ ft.,24,232,70,1,0,20251028,GSW,LAC,14280,0,201587|201935|1627739|1627826|1627884,0,REG,2026,1610612746,,,,,
22500127324,,Shot Chart Detail,22500127,324,201935,James Harden,1610612746,LA Clippers,2,0,1,Missed Shot,Step Back Jump shot,3PT Field Goal,Above the Break 3,Right Side Center(RC),24+ ft.,26,158,207,1,0,20251028,GSW,LAC,14390,0,201587|201935|1627739|1627826|1627884,0,REG,2026,1610612746,,,,,
22500127332,,Shot Chart Detail,22500127,332,202695,Kawhi Leonard,1610612746,LA Clippers,3,11,44,Made Shot,Turnaround Fadeaway shot,2PT Field Goal,In The Paint (Non-RA),Right Side(R),8-16 ft.,10,53,90,1,1,20251028,GSW,LAC,14560,0,201587|201935|202695|1627826|1627884,0,REG,2026,1610612746,,,,,
22500127336,,Shot Chart Detail,22500127,336,201587,Nicolas Batum,1610612746,LA Clippers,3,10,58,Missed Shot,Jump Shot,3PT Field Goal,Above the Break 3,Center(C),24+ ft.,26,43,257,1,0,20251028,GSW,LAC,15020,0,201587|201935|202695|1627826|1627884,0,REG,2026,1610612746,,,,,
22500127340,,Shot Chart Detail,22500127,340,202695,Kawhi Leonard,1610612746,LA Clippers,3,10,42,Missed Shot,Driving Finger Roll Layup Shot,2PT Field Goal,In The Paint (Non-RA),Center(C),Less Than 8 ft.,4,17,38,1,0,20251028,GSW,LAC,15180,0,201587|201935|202695|1627826|1627884,0,REG,2026,1610612746,,,,,
22500127342,,Shot Chart Detail,22500127,342,1627826,Ivica Zubac,1610612746,LA Clippers,3,10,39,Made Shot,Putback Layup Shot,2PT Field Goal,Restricted Area,Center(C),Less Than 8 ft.,0,0,0,1,1,20251028,GSW,LAC,15210,0,201587|201935|202695|1627826|1627884,0,REG,2026,1610612746,,,,,
22500127347,,Shot Chart Detail,22500127,347,201935,James Harden,1610612746,LA Clippers,3,10,8,Missed Shot,Fadeaway Jump Shot,2PT Field Goal,In The Paint (Non-RA),Center(C),8-16 ft.,13,5,135,1,0,20251028,GSW,LAC,15520,0,201587|201935|202695|1627826|1627884,0,REG,2026,1610612746,,,,,
22500127350,,Shot Chart Detail,22500127,350,1627826,Ivica Zubac,1610612746,LA Clippers,3,9,33,Made Shot,Driving Hook Shot,2PT Field Goal,In The Paint (Non-RA),Center(C),Less Than 8 ft.,6,-5,63,1,1,20251028,GSW,LAC,15870,0,201587|201935|202695|1627826|1627884,0,REG,2026,1610612746,,,,,
22500127352,,Shot Chart Detail,22500127,352,202695,Kawhi Leonard,1610612746,LA Clippers,3,9,11,Made Shot,Pullup Jump shot,2PT Field Goal,In The Paint (Non-RA),Center(C),8-16 ft.,8,1,82,1,1,20251028,GSW,LAC,16090,0,201587|201935|202695|1627826|1627884,0,REG,2026,1610612746,,,,,
22500127372,,Shot Chart Detail,22500127,372,202695,Kawhi Leonard,1610612746,LA Clippers,3,7,21,Missed Shot,Pullup Jump shot,2PT Field Goal,In The Paint (Non-RA),Center(C),8-16 ft.,8,-38,78,1,0,20251028,GSW,LAC,17190,0,201587|201935|202695|1627826|1627884,0,REG,2026,1610612746,,,,,
22500127380,,Shot Chart Detail,22500127,380,1627884,Derrick Jones Jr.,1610612746,LA Clippers,3,7,1,Missed Shot,Jump Shot,3PT Field Goal,Left Corner 3,Left Side(L),24+ ft.,23,-229,24,1,0,20251028,GSW,LAC,17390,0,201587|201935|202695|1627826|1627884,0,REG,2026,1610612746,,,,,
22500127384,,Shot Chart Detail,22500127,384,202695,Kawhi Leonard,1610612746,LA Clippers,3,6,31,Missed Shot,Driving Hook Shot,2PT Field Goal,In The Paint (Non-RA),Center(C),Less Than 8 ft.,6,56,24,1,0,20251028,GSW,LAC,17690,0,201587|201935|202695|1627826|1627884,0,REG,2026,1610612746,,,,,
22500127389,,Shot Chart Detail,22500127,389,202695,Kawhi Leonard,1610612746,LA Clippers,3,5,45,Missed Shot,Pullup Jump shot,2PT Field Goal,In The Paint (Non-RA),Center(C),8-16 ft.,9,9,98,1,0,20251028,GSW,LAC,18150,0,201587|201935|202695|1627826|1627884,0,REG,2026,1610612746,,,,,
22500127398,,Shot Chart Detail,22500127,398,201935,James Harden,1610612746,LA Clippers,3,5,17,Missed Shot,Driving Floating Jump Shot,2PT Field Goal,In The Paint (Non-RA),Center(C),8-16 ft.,10,-7,105,1,0,20251028,GSW,LAC,18430,0,201587|201935|202695|1627826|1627884,0,REG,2026,1610612746,,,,,
22500127400,,Shot Chart Detail,22500127,400,1627826,Ivica Zubac,1610612746,LA Clippers,3,5,15,Made Shot,Putback Dunk Shot,2PT Field Goal,Restricted Area,Center(C),Less Than 8 ft.,1,-6,8,1,1,20251028,GSW,LAC,18450,0,201587|201935|202695|1627826|1627884,0,REG,2026,1610612746,,,,,
22500127417,,Shot Chart Detail,22500127,417,1627826,Ivica Zubac,1610612746,LA Clippers,3,4,3,Made Shot,Cutting Layup Shot,2PT Field Goal,Restricted Area,Center(C),Less Than 8 ft.,3,-9,29,1,1,20251028,GSW,LAC,19170,0,101108|202695|1627739|1627826|1627884,1,REG,2026,1610612746,,,,,
22500127429,,Shot Chart Detail,22500127,429,1627884,Derrick Jones Jr.,1610612746,LA Clippers,3,3,3,Missed Shot,Jump Shot,3PT Field Goal,Above the Break 3,Right Side Center(RC),24+ ft.,27,158,219,1,0,20251028,GSW,LAC,19770,0,101108|1627739|1627826|1627884|1628381,0,REG,2026,1610612746,,,,,
22500127442,,Shot Chart Detail,22500127,442,201572,Brook Lopez,1610612746,LA Clippers,3,1,42,Made Shot,Turnaround Fadeaway shot,2PT Field Goal,In The Paint (Non-RA),Center(C),8-16 ft.,11,-20,115,1,1,20251028,GSW,LAC,20580,0,101108|201572|1627739|1627884|1628381,0,REG,2026,1610612746,,,,,
22500127446,,Shot Chart Detail,22500127,446,101108,Chris Paul,1610612746,LA Clippers,3,1,4,Missed Shot,Pullup Jump shot,3PT Field Goal,Above the Break 3,Left Side Center(LC),24+ ft.,26,-141,224,1,0,20251028,GSW,LAC,20960,0,101108|201572|1627739|1627884|1628381,0,REG,2026,1610612746,,,,,
22500127450,,Shot Chart Detail,22500127,450,1627739,Kris Dunn,1610612746,LA Clippers,3,0,44,Missed Shot,Step Back Jump shot,2PT Field Goal,Mid-Range,Right Side(R),8-16 ft.,14,97,105,1,0,20251028,GSW,LAC,21160,0,101108|201572|1627739|1627884|1628381,0,REG,2026,1610612746,,,,,
22500127471,,Shot Chart Detail,22500127,471,201572,Brook Lopez,1610612746,LA Clippers,4,11,32,Missed Shot,Driving Layup Shot,2PT Field Goal,In The Paint (Non-RA),Center(C),Less Than 8 ft.,7,66,41,1,0,20251028,GSW,LAC,21880,0,101108|201572|202695|1627739|1628381,0,REG,2026,1610612746,,,,,
22500127482,,Shot Chart Detail,22500127,482,1628381,John Collins,1610612746,LA Clippers,4,10,34,Made Shot,Running Dunk Shot,2PT Field Goal,In The Paint (Non-RA),Center(C),Less Than 8 ft.,5,-17,53,1,1,20251028,GSW,LAC,22460,0,101108|201572|202695|1627739|1628381,1,REG,2026,1610612746,,,,,
22500127505,,Shot Chart Detail,22500127,505,201935,James Harden,1610612746,LA Clippers,4,8,32,Missed Shot,Driving Floating Jump Shot,2PT Field Goal,In The Paint (Non-RA),Center(C),Less Than 8 ft.,4,16,46,1,0,20251028,GSW,LAC,23680,0,201572|201935|202695|1627739|1628381,0,REG,2026,1610612746,,,,,
22500127509,,Shot Chart Detail,22500127,509,1628381,John Collins,1610612746,LA Clippers,4,8,3,Missed Shot,Pullup Jump shot,2PT Field Goal,Mid-Range,Center(C),16-24 ft.,17,-37,171,1,0,20251028,GSW,LAC,23970,0,201572|201935|202695|1627739|1628381,0,REG,2026,1610612746,,,,,
22500127511,,Shot Chart Detail,22500127,511,201572,Brook Lopez,1610612746,LA Clippers,4,7,57,Missed Shot,Jump Shot,3PT Field Goal,Above the Break 3,Right Side Center(RC),24+ ft.,26,173,206,1,0,20251028,GSW,LAC,24030,0,201572|201935|202695|1627739|1628381,0,REG,2026,1610612746,,,,,
22500127515,,Shot Chart Detail,22500127,515,1627739,Kris Dunn,1610612746,LA Clippers,4,7,24,Missed Shot,Running Pull-Up Jump Shot,3PT Field Goal,Above the Break 3,Left Side Center(LC),24+ ft.,26,-190,179,1,0,20251028,GSW,LAC,24360,0,201572|201935|202695|1627739|1628381,0,REG,2026,1610612746,,,,,
22500127518,,Shot Chart Detail,22500127,518,202695,Kawhi Leonard,1610612746,LA Clippers,4,6,40,Made Shot,Driving Layup Shot,2PT Field Goal,In The Paint (Non-RA),Center(C),Less Than 8 ft.,4,-34,31,1,1,20251028,GSW,LAC,24800,0,201572|201935|202695|1627739|1628381,1,REG,2026,1610612746,,,,,
22500127532,,Shot Chart Detail,22500127,532,1628381,John Collins,1610612746,LA Clippers,4,5,52,Missed Shot,Pullup Jump shot,3PT Field Goal,Above the Break 3,Left Side Center(LC),24+ ft.,27,-121,250,1,0,20251028,GSW,LAC,25280,0,201935|202695|1627739|1627826|1628381,0,REG,2026,1610612746,,,,,
22500127542,,Shot Chart Detail,22500127,542,1642353,Cam Christie,1610612746,LA Clippers,4,5,7,Missed Shot,Jump Shot,3PT Field Goal,Left Corner 3,Left Side(L),24+ ft.,23,-232,10,1,0,20251028,GSW,LAC,25730,0,1627739|1627826|1628381|1641738|1642353,0,REG,2026,1610612746,,,,,
22500127563,,Shot Chart Detail,22500127,563,203992,Bogdan Bogdanović,1610612746,LA Clippers,4,3,30,Missed Shot,Pullup Jump shot,3PT Field Goal,Above the Break 3,Left Side Center(LC),24+ ft.,24,-230,93,1,0,20251028,GSW,LAC,26700,0,203992|1628381|1641738|1642353|1642949,0,REG,2026,1610612746,,,,,
22500127568,,Shot Chart Detail,22500127,568,1641738,Kobe Brown,1610612746,LA Clippers,4,3,14,Made Shot,Cutting Dunk Shot,2PT Field Goal,Restricted Area,Center(C),Less Than 8 ft.,3,1,32,1,1,20251028,GSW,LAC,26860,0,203992|1628381|1641738|1642353|1642949,1,REG,2026,1610612746,,,,,
22500127586,,Shot Chart Detail,22500127,586,203992,Bogdan Bogdanović,1610612746,LA Clippers,4,2,22,Made Shot,Pullup Jump shot,2PT Field Goal,Mid-Range,Right Side(R),8-16 ft.,11,115,14,1,1,20251028,GSW,LAC,27380,0,203992|1641738|1642353|1642949|1643141,0,REG,2026,1610612746,,,,,
22500127594,,Shot Chart Detail,22500127,594,1642353,Cam Christie,1610612746,LA Clippers,4,1,17,Made Shot,Jump Shot,3PT Field Goal,Above the Break 3,Left Side Center(LC),24+ ft.,25,-185,176,1,1,20251028,GSW,LAC,28030,0,203992|1641738|1642353|1642949|1643141,1,REG,2026,1610612746,,,,,
22500127606,,Shot Chart Detail,22500127,606,203992,Bogdan Bogdanović,1610612746,LA Clippers,4,0,12,Missed Shot,Step Back Jump shot,2PT Field Goal,Mid-Range,Left Side Center(LC),16-24 ft.,22,-130,187,1,0,20251028,GSW,LAC,28680,0,203992|1641738|1642353|1642949|1643141,0,REG,2026,1610612746,,,,,
225001649,,Shot Chart Detail,22500164,9,202695,Kawhi Leonard,1610612746,LA Clippers,1,11,25,Made Shot,Pullup Jump shot,2PT Field Goal,Mid-Range,Center(C),16-24 ft.,18,50,178,1,1,20251103,LAC,MIA,350,0,201935|202695|203078|1627826|1627884,1,REG,2026,1610612746,,,,,
2250016418,,Shot Chart Detail,22500164,18,202695,Kawhi Leonard,1610612746,LA Clippers,1,10,19,Missed Shot,Jump Shot,3PT Field Goal,Above the Break 3,Right Side Center(RC),24+ ft.,27,89,256,1,0,20251103,LAC,MIA,1010,0,201935|202695|203078|1627826|1627884,0,REG,2026,1610612746,,,,,
2250016423,,Shot Chart Detail,22500164,23,1627826,Ivica Zubac,1610612746,LA Clippers,1,9,50,Missed Shot,Turnaround Hook Shot,2PT Field Goal,In The Paint (Non-RA),Center(C),Less Than 8 ft.,6,-23,62,1,0,20251103,LAC,MIA,1300,0,201935|202695|203078|1627826|1627884,0,REG,2026,1610612746,,,,,
2250016428,,Shot Chart Detail,22500164,28,202695,Kawhi Leonard,1610612746,LA Clippers,1,9,22,Made Shot,Pullup Jump shot,2PT Field Goal,In The Paint (Non-RA),Center(C),8-16 ft.,13,50,120,1,1,20251103,LAC,MIA,1580,0,201935|202695|203078|1627826|1627884,0,REG,2026,1610612746,,,,,
2250016434,,Shot Chart Detail,22500164,34,201935,James Harden,1610612746,LA Clippers,1,8,51,Made Shot,Jump Shot,3PT Field Goal,Above the Break 3,Right Side Center(RC),24+ ft.,28,140,243,1,1,20251103,LAC,MIA,1890,0,201935|202695|203078|1627826|1627884,1,REG,2026,1610612746,,,,,
2250016438,,Shot Chart Detail,22500164,38,1627884,Derrick Jones Jr.,1610612746,LA Clippers,1,8,26,Missed Shot,Jump Shot,3PT Field Goal,Right Corner 3,Right Side(R),24+ ft.,22,228,25,1,0,20251103,LAC,MIA,2140,0,201935|202695|203078|1627826|1627884,0,REG,2026,1610612746,,,,,
2250016440,,Shot Chart Detail,22500164,40,1627826,Ivica Zubac,1610612746,LA Clippers,1,8,24,Missed Shot,Putback Layup Shot,2PT Field Goal,Restricted Area,Center(C),Less Than 8 ft.,1,4,18,1,0,20251103,LAC,MIA,2160,0,201935|202695|203078|1627826|1627884,0,REG,2026,1610612746,,,,,
2250016442,,Shot Chart Detail,22500164,42,1627826,Ivica Zubac,1610612746,LA Clippers,1,8,22,Made Shot,Tip Layup Shot,2PT Field Goal,Restricted Area,Center(C),Less Than 8 ft.,0,0,0,1,1,20251103,LAC,MIA,2180,0,201935|202695|203078|1627826|1627884,0,REG,2026,1610612746,,,,,
2250016445,,Shot Chart Detail,22500164,45,201935,James Harden,1610612746,LA Clippers,1,7,54,Made Shot,Step Back Jump shot,3PT Field Goal,Above the Break 3,Right Side Center(RC),24+ ft.,25,157,205,1,1,20251103,LAC,MIA,2460,0,201935|202695|203078|1627826|1627884,0,REG,2026,1610612746,,,,,
2250016451,,Shot Chart Detail,22500164,51,202695,Kawhi Leonard,1610612746,LA Clippers,1,7,25,Made Shot,Pullup Jump shot,3PT Field Goal,Above the Break 3,Right Side Center(RC),24+ ft.,28,98,270,1,1,20251103,LAC,MIA,2750,0,201935|202695|203078|1627826|1627884,0,REG,2026,1610612746,,,,,
2250016454,,Shot Chart Detail,22500164,54,1627884,Derrick Jones Jr.,1610612746,LA Clippers,1,7,10,Made Shot,Running Layup Shot,2PT Field Goal,Restricted Area,Center(C),Less Than 8 ft.,2,-1,27,1,1,20251103,LAC,MIA,2900,0,201935|202695|203078|1627826|1627884,1,REG,2026,1610612746,,,,,
2250016462,,Shot Chart Detail,22500164,62,201935,James Harden,1610612746,LA Clippers,1,6,42,Missed Shot,Driving Layup Shot,2PT Field Goal,In The Paint (Non-RA),Center(C),Less Than 8 ft.,4,-11,39,1,0,20251103,LAC,MIA,3180,0,201935|202695|203078|1627826|1627884,0,REG,2026,1610612746,,,,,
2250016466,,Shot Chart Detail,22500164,66,203078,Bradley Beal,1610612746,LA Clippers,1,6,35,Made Shot,Pullup Jump shot,2PT Field Goal,In The Paint (Non-RA),Center(C),8-16 ft.,12,-45,117,1,1,20251103,LAC,MIA,3250,0,201935|202695|203078|1627826|1627884,1,REG,2026,1610612746,,,,,
2250016469,,Shot Chart Detail,22500164,69,1627826,Ivica Zubac,1610612746,LA Clippers,1,5,57,Missed Shot,Driving Hook Shot,2PT Field Goal,In The Paint (Non-RA),Center(C),8-16 ft.,8,12,83,1,0,20251103,LAC,MIA,3630,0,201935|202695|203078|1627826|1627884,0,REG,2026,1610612746,,,,,
2250016474,,Shot Chart Detail,22500164,74,203078,Bradley Beal,1610612746,LA Clippers,1,5,43,Missed Shot,Running Jump Shot,3PT Field Goal,Left Corner 3,Left Side(L),24+ ft.,23,-227,63,1,0,20251103,LAC,MIA,3770,0,201935|202695|203078|1627826|1627884,0,REG,2026,1610612746,,,,,
2250016478,,Shot Chart Detail,22500164,78,202695,Kawhi Leonard,1610612746,LA Clippers,1,5,17,Missed Shot,Fadeaway Jump Shot,2PT Field Goal,In The Paint (Non-RA),Center(C),8-16 ft.,10,-11,109,1,0,20251103,LAC,MIA,4030,0,201935|202695|203078|1627826|1627884,0,REG,2026,1610612746,,,,,
2250016496,,Shot Chart Detail,22500164,96,202695,Kawhi Leonard,1610612746,LA Clippers,1,4,29,Made Shot,Turnaround Fadeaway shot,2PT Field Goal,In The Paint (Non-RA),Center(C),8-16 ft.,12,28,122,1,1,20251103,LAC,MIA,4510,0,101108|202695|1627739|1627826|1627884,0,REG,2026,1610612746,,,,,
22500164104,,Shot Chart Detail,22500164,104,1627826,Ivica Zubac,1610612746,LA Clippers,1,3,54,Missed Shot,Driving Layup Shot,2PT Field Goal,Restricted Area,Center(C),Less Than 8 ft.,3,-9,34,1,0,20251103,LAC,MIA,4860,0,101108|202695|1627739|1627826|1628381,0,REG,2026,1610612746,,,,,
22500164109,,Shot Chart Detail,22500164,109,1628381,John Collins,1610612746,LA Clippers,1,3,21,Missed Shot,Turnaround Jump Shot,2PT Field Goal,In The Paint (Non-RA),Center(C),8-16 ft.,14,-43,136,1,0,20251103,LAC,MIA,5190,0,101108|202695|1627739|1627826|1628381,0,REG,2026,1610612746,,,,,
22500164114,,Shot Chart Detail,22500164,114,101108,Chris Paul,1610612746,LA Clippers,1,2,47,Missed Shot,Jump Shot,3PT Field Goal,Above the Break 3,Left Side Center(LC),24+ ft.,26,-86,248,1,0,20251103,LAC,MIA,5530,0,101108|202695|1627739|1627826|1628381,0,REG,2026,1610612746,,,,,
22500164119,,Shot Chart Detail,22500164,119,1628381,John Collins,1610612746,LA Clippers,1,2,14,Missed Shot,Jump Shot,3PT Field Goal,Right Corner 3,Right Side(R),24+ ft.,22,226,27,1,0,20251103,LAC,MIA,5860,0,101108|202695|1627739|1627826|1628381,0,REG,2026,1610612746,,,,,
22500164128,,Shot Chart Detail,22500164,128,1627739,Kris Dunn,1610612746,LA Clippers,1,1,47,Made Shot,Jump Shot,3PT Field Goal,Above the Break 3,Right Side Center(RC),24+ ft.,24,207,139,1,1,20251103,LAC,MIA,6130,0,101108|201572|202695|1627739|1628381,1,REG,2026,1610612746,,,,,
22500164139,,Shot Chart Detail,22500164,139,1627739,Kris Dunn,1610612746,LA Clippers,1,0,54,Missed Shot,Driving Floating Jump Shot,2PT Field Goal,In The Paint (Non-RA),Center(C),Less Than 8 ft.,6,-6,69,1,0,20251103,LAC,MIA,6660,0,101108|201572|202695|1627739|1628381,0,REG,2026,1610612746,,,,,
22500164143,,Shot Chart Detail,22500164,143,1627739,Kris Dunn,1610612746,LA Clippers,1,0,46,Missed Shot,Driving Floating Jump Shot,2PT Field Goal,In The Paint (Non-RA),Center(C),8-16 ft.,10,16,105,1,0,20251103,LAC,MIA,6740,0,101108|201572|202695|1627739|1628381,0,REG,2026,1610612746,,,,,
22500164151,,Shot Chart Detail,22500164,151,202695,Kawhi Leonard,1610612746,LA Clippers,1,0,4,Made Shot,Jump Shot,3PT Field Goal,Above the Break 3,Center(C),24+ ft.,27,-37,273,1,1,20251103,LAC,MIA,7160,0,101108|201572|202695|1627739|1628381,1,REG,2026,1610612746,,,,,
22500164161,,Shot Chart Detail,22500164,161,1628381,John Collins,1610612746,LA Clippers,2,11,38,Made Shot,Jump Shot,3PT Field Goal,Left Corner 3,Left Side(L),24+ ft.,23,-230,33,1,1,20251103,LAC,MIA,7420,0,201572|201587|201935|1627739|1628381,1,REG,2026,1610612746,,,,,
22500164165,,Shot Chart Detail,22500164,165,201935,James Harden,1610612746,LA Clippers,2,11,1,Made Shot,Step Back Jump shot,2PT Field Goal,Mid-Range,Right Side(R),8-16 ft.,15,108,105,1,1,20251103,LAC,MIA,7790,0,201572|201587|201935|1627739|1628381,0,REG,2026,1610612746,,,,,
22500164168,,Shot Chart Detail,22500164,168,1628381,John Collins,1610612746,LA Clippers,2,10,33,Made Shot,Cutting Layup Shot,2PT Field Goal,Restricted Area,Center(C),Less Than 8 ft.,3,6,39,1,1,20251103,LAC,MIA,8070,0,201572|201587|201935|1627739|1628381,1,REG,2026,1610612746,,,,,
22500164176,,Shot Chart Detail,22500164,176,201572,Brook Lopez,1610612746,LA Clippers,2,10,9,Missed Shot,Jump Shot,3PT Field Goal,Right Corner 3,Right Side(R),24+ ft.,22,223,19,1,0,20251103,LAC,MIA,8310,0,201572|201587|201935|1627739|1628381,0,REG,2026,1610612746,,,,,
22500164181,,Shot Chart Detail,22500164,181,201572,Brook Lopez,1610612746,LA Clippers,2,9,43,Made Shot,Jump Shot,3PT Field Goal,Above the Break 3,Left Side Center(LC),24+ ft.,27,-131,241,1,1,20251103,LAC,MIA,8570,0,201572|201587|201935|1627739|1628381,1,REG,2026,1610612746,,,,,
22500164200,,Shot Chart Detail,22500164,200,201572,Brook Lopez,1610612746,LA Clippers,2,8,43,Made Shot,Turnaround Hook Shot,2PT Field Goal,In The Paint (Non-RA),Center(C),8-16 ft.,10,7,106,1,1,20251103,LAC,MIA,9170,0,201572|201587|201935|203078|1628381,1,REG,2026,1610612746,,,,,
22500164203,,Shot Chart Detail,22500164,203,203078,Bradley Beal,1610612746,LA Clippers,2,8,26,Made Shot,Running Layup Shot,2PT Field Goal,Restricted Area,Center(C),Less Than 8 ft.,3,11,36,1,1,20251103,LAC,MIA,9340,0,201572|201587|201935|203078|1628381,0,REG,2026,1610612746,,,,,
22500164206,,Shot Chart Detail,22500164,206,201572,Brook Lopez,1610612746,LA Clippers,2,7,52,Missed Shot,Jump Shot,3PT Field Goal,Above the Break 3,Center(C),24+ ft.,27,-7,275,1,0,20251103,LAC,MIA,9680,0,201572|201587|201935|203078|1628381,0,REG,2026,1610612746,,,,,
22500164220,,Shot Chart Detail,22500164,220,201935,James Harden,1610612746,LA Clippers,2,6,47,Missed Shot,Pullup Jump shot,3PT Field Goal,Above the Break 3,Center(C),24+ ft.,33,-7,330,1,0,20251103,LAC,MIA,10330,0,201572|201587|201935|203078|1627884,0,REG,2026,1610612746,,,,,
22500164222,,Shot Chart Detail,22500164,222,203078,Bradley Beal,1610612746,LA Clippers,2,6,42,Missed Shot,Jump Shot,3PT Field Goal,Above the Break 3,Left Side Center(LC),24+ ft.,25,-214,138,1,0,20251103,LAC,MIA,10380,0,201572|201587|201935|203078|1627884,0,REG,2026,1610612746,,,,,
22500164228,,Shot Chart Detail,22500164,228,201572,Brook Lopez,1610612746,LA Clippers,2,6,22,Missed Shot,Jump Shot,3PT Field Goal,Above the Break 3,Center(C),24+ ft.,27,-62,270,1,0,20251103,LAC,MIA,10580,0,201572|201587|201935|203078|1627884,0,REG,2026,1610612746,,,,,
22500164232,,Shot Chart Detail,22500164,232,1627884,Derrick Jones Jr.,1610612746,LA Clippers,2,5,57,Made Shot,Jump Shot,3PT Field Goal,Above the Break 3,Right Side Center(RC),24+ ft.,26,138,231,1,1,20251103,LAC,MIA,10830,0,201572|201587|201935|203078|1627884,1,REG,2026,1610612746,,,,,
22500164248,,Shot Chart Detail,22500164,248,203078,Bradley Beal,1610612746,LA Clippers,2,5,37,Made Shot,Running Layup Shot,2PT Field Goal,Restricted Area,Center(C),Less Than 8 ft.,3,-12,29,1,1,20251103,LAC,MIA,11030,0,201935|202695|203078|1627826|1627884,0,REG,2026,1610612746,,,,,
22500164251,,Shot Chart Detail,22500164,251,201935,James Harden,1610612746,LA Clippers,2,5,11,Made Shot,Pullup Jump shot,3PT Field Goal,Above the Break 3,Center(C),24+ ft.,27,48,272,1,1,20251103,LAC,MIA,11290,0,201935|202695|203078|1627826|1627884,0,REG,2026,1610612746,,,,,
22500164255,,Shot Chart Detail,22500164,255,1627884,Derrick Jones Jr.,1610612746,LA Clippers,2,4,35,Made Shot,Running Dunk Shot,2PT Field Goal,Restricted Area,Center(C),Less Than 8 ft.,2,-6,23,1,1,20251103,LAC,MIA,11650,0,201935|202695|203078|1627826|1627884,1,REG,2026,1610612746,,,,,
22500164261,,Shot Chart Detail,22500164,261,1627884,Derrick Jones Jr.,1610612746,LA Clippers,2,4,18,Made Shot,Running Layup Shot,2PT Field Goal,Restricted Area,Center(C),Less Than 8 ft.,2,0,20,1,1,20251103,LAC,MIA,11820,0,201935|202695|203078|1627826|1627884,1,REG,2026,1610612746,,,,,
22500164286,,Shot Chart Detail,22500164,286,201935,James Harden,1610612746,LA Clippers,2,3,27,Missed Shot,Step Back Jump shot,3PT Field Goal,Above the Break 3,Center(C),24+ ft.,28,45,281,1,0,20251103,LAC,MIA,12330,0,201935|202695|203078|1627826|1627884,0,REG,2026,1610612746,,,,,
22500164288,,Shot Chart Detail,22500164,288,1627826,Ivica Zubac,1610612746,LA Clippers,2,3,25,Made Shot,Tip Layup Shot,2PT Field Goal,Restricted Area,Center(C),Less Than 8 ft.,0,0,0,1,1,20251103,LAC,MIA,12350,0,201935|202695|203078|1627826|1627884,0,REG,2026,1610612746,,,,,
22500164291,,Shot Chart Detail,22500164,291,1627826,Ivica Zubac,1610612746,LA Clippers,2,2,57,Made Shot,Cutting Dunk Shot,2PT Field Goal,Restricted Area,Center(C),Less Than 8 ft.,2,0,29,1,1,20251103,LAC,MIA,12630,0,201935|202695|203078|1627826|1627884,1,REG,2026,1610612746,,,,,
22500164299,,Shot Chart Detail,22500164,299,202695,Kawhi Leonard,1610612746,LA Clippers,2,2,29,Missed Shot,Driving Floating Jump Shot,2PT Field Goal,Restricted Area,Center(C),Less Than 8 ft.,3,11,32,1,0,20251103,LAC,MIA,12910,0,201935|202695|1627739|1627826|1627884,0,REG,2026,1610612746,,,,,
22500164303,,Shot Chart Detail,22500164,303,1627884,Derrick Jones Jr.,1610612746,LA Clippers,2,2,12,Made Shot,Cutting Dunk Shot,2PT Field Goal,Restricted Area,Center(C),Less Than 8 ft.,3,7,33,1,1,20251103,LAC,MIA,13080,0,201935|202695|1627739|1627826|1627884,1,REG,2026,1610612746,,,,,
22500164307,,Shot Chart Detail,22500164,307,201935,James Harden,1610612746,LA Clippers,2,1,30,Made Shot,Jump Shot,3PT Field Goal,Above the Break 3,Center(C),24+ ft.,28,87,273,1,1,20251103,LAC,MIA,13500,0,201935|202695|1627739|1627826|1627884,1,REG,2026,1610612746,,,,,
22500164311,,Shot Chart Detail,22500164,311,202695,Kawhi Leonard,1610612746,LA Clippers,2,1,8,Missed Shot,Pullup Jump shot,3PT Field Goal,Above the Break 3,Left Side Center(LC),24+ ft.,27,-93,260,1,0,20251103,LAC,MIA,13720,0,201935|202695|1627739|1627826|1627884,0,REG,2026,1610612746,,,,,
22500164313,,Shot Chart Detail,22500164,313,202695,Kawhi Leonard,1610612746,LA Clippers,2,1,4,Made Shot,Driving Finger Roll Layup Shot,2PT Field Goal,In The Paint (Non-RA),Center(C),Less Than 8 ft.,4,-13,42,1,1,20251103,LAC,MIA,13760,0,201935|202695|1627739|1627826|1627884,0,REG,2026,1610612746,,,,,
22500164326,,Shot Chart Detail,22500164,326,201935,James Harden,1610612746,LA Clippers,2,0,31,Missed Shot,Pullup Jump shot,3PT Field Goal,Above the Break 3,Right Side Center(RC),24+ ft.,30,98,289,1,0,20251103,LAC,MIA,14090,0,201587|201935|202695|1627739|1627826,0,REG,2026,1610612746,,,,,
22500164333,,Shot Chart Detail,22500164,333,201935,James Harden,1610612746,LA Clippers,2,0,3,Missed Shot,Driving Floating Jump Shot,2PT Field Goal,In The Paint (Non-RA),Center(C),Less Than 8 ft.,4,6,41,1,0,20251103,LAC,MIA,14370,0,201587|201935|202695|1627739|1627826,0,REG,2026,1610612746,,,,,
22500164344,,Shot Chart Detail,22500164,344,202695,Kawhi Leonard,1610612746,LA Clippers,3,11,42,Made Shot,Pullup Jump shot,2PT Field Goal,In The Paint (Non-RA),Center(C),8-16 ft.,14,61,127,1,1,20251103,LAC,MIA,14580,0,201935|202695|203078|1627826|1627884,0,REG,2026,1610612746,,,,,
22500164351,,Shot Chart Detail,22500164,351,203078,Bradley Beal,1610612746,LA Clippers,3,11,12,Missed Shot,Fadeaway Jump Shot,2PT Field Goal,In The Paint (Non-RA),Center(C),8-16 ft.,12,-56,110,1,0,20251103,LAC,MIA,14880,0,201935|202695|203078|1627826|1627884,0,REG,2026,1610612746,,,,,
22500164358,,Shot Chart Detail,22500164,358,203078,Bradley Beal,1610612746,LA Clippers,3,10,29,Made Shot,Jump Shot,3PT Field Goal,Above the Break 3,Left Side Center(LC),24+ ft.,24,-208,122,1,1,20251103,LAC,MIA,15310,0,201935|202695|203078|1627826|1627884,1,REG,2026,1610612746,,,,,
22500164378,,Shot Chart Detail,22500164,378,202695,Kawhi Leonard,1610612746,LA Clippers,3,8,36,Missed Shot,Pullup Jump shot,2PT Field Goal,In The Paint (Non-RA),Left Side(L),8-16 ft.,13,-72,119,1,0,20251103,LAC,MIA,16440,0,201935|202695|203078|1627826|1627884,0,REG,2026,1610612746,,,,,
22500164382,,Shot Chart Detail,22500164,382,203078,Bradley Beal,1610612746,LA Clippers,3,8,29,Made Shot,Jump Shot,3PT Field Goal,Left Corner 3,Left Side(L),24+ ft.,22,-226,17,1,1,20251103,LAC,MIA,16510,0,201935|202695|203078|1627826|1627884,1,REG,2026,1610612746,,,,,
22500164400,,Shot Chart Detail,22500164,400,201935,James Harden,1610612746,LA Clippers,3,7,1,Missed Shot,Driving Floating Jump Shot,2PT Field Goal,In The Paint (Non-RA),Center(C),Less Than 8 ft.,4,7,48,1,0,20251103,LAC,MIA,17390,0,201935|202695|203078|1627826|1627884,0,REG,2026,1610612746,,,,,
22500164410,,Shot Chart Detail,22500164,410,202695,Kawhi Leonard,1610612746,LA Clippers,3,6,32,Made Shot,Driving Layup Shot,2PT Field Goal,Restricted Area,Center(C),Less Than 8 ft.,2,11,24,1,1,20251103,LAC,MIA,17680,0,201935|202695|203078|1627826|1627884,0,REG,2026,1610612746,,,,,
22500164437,,Shot Chart Detail,22500164,437,202695,Kawhi Leonard,1610612746,LA Clippers,3,4,59,Missed Shot,Pullup Jump shot,3PT Field Goal,Above the Break 3,Right Side Center(RC),24+ ft.,28,116,262,1,0,20251103,LAC,MIA,18610,0,201935|202695|1627739|1627826|1627884,0,REG,2026,1610612746,,,,,
22500164457,,Shot Chart Detail,22500164,457,1627739,Kris Dunn,1610612746,LA Clippers,3,3,44,Made Shot,Jump Shot,3PT Field Goal,Left Corner 3,Left Side(L),24+ ft.,23,-235,24,1,1,20251103,LAC,MIA,19360,0,101108|202695|1627739|1627826|1628381,1,REG,2026,1610612746,,,,,
22500164480,,Shot Chart Detail,22500164,480,1628381,John Collins,1610612746,LA Clippers,3,2,38,Missed Shot,Turnaround Jump Shot,2PT Field Goal,Restricted Area,Center(C),Less Than 8 ft.,2,-9,21,1,0,20251103,LAC,MIA,20020,0,101108|202695|1627739|1627826|1628381,0,REG,2026,1610612746,,,,,
22500164484,,Shot Chart Detail,22500164,484,1627739,Kris Dunn,1610612746,LA Clippers,3,2,24,Made Shot,Driving Floating Bank Jump Shot,2PT Field Goal,In The Paint (Non-RA),Right Side(R),8-16 ft.,9,49,83,1,1,20251103,LAC,MIA,20160,0,101108|202695|1627739|1627826|1628381,1,REG,2026,1610612746,,,,,
22500164487,,Shot Chart Detail,22500164,487,1628381,John Collins,1610612746,LA Clippers,3,1,44,Made Shot,Cutting Layup Shot,2PT Field Goal,Restricted Area,Center(C),Less Than 8 ft.,2,6,29,1,1,20251103,LAC,MIA,20560,0,101108|202695|1627739|1627826|1628381,1,REG,2026,1610612746,,,,,
22500164491,,Shot Chart Detail,22500164,491,1628381,John Collins,1610612746,LA Clippers,3,1,19,Missed Shot,Jump Shot,3PT Field Goal,Left Corner 3,Left Side(L),24+ ft.,22,-227,10,1,0,20251103,LAC,MIA,20810,0,101108|202695|1627739|1627826|1628381,0,REG,2026,1610612746,,,,,
22500164493,,Shot Chart Detail,22500164,493,1627826,Ivica Zubac,1610612746,LA Clippers,3,1,17,Missed Shot,Tip Layup Shot,2PT Field Goal,Restricted Area,Center(C),Less Than 8 ft.,0,0,0,1,0,20251103,LAC,MIA,20830,0,101108|202695|1627739|1627826|1628381,0,REG,2026,1610612746,,,,,
22500164495,,Shot Chart Detail,22500164,495,1627826,Ivica Zubac,1610612746,LA Clippers,3,1,15,Made Shot,Tip Layup Shot,2PT Field Goal,Restricted Area,Center(C),Less Than 8 ft.,0,0,0,1,1,20251103,LAC,MIA,20850,0,101108|202695|1627739|1627826|1628381,0,REG,2026,1610612746,,,,,
22500164497,,Shot Chart Detail,22500164,497,101108,Chris Paul,1610612746,LA Clippers,3,0,43,Missed Shot,Pullup Jump shot,2PT Field Goal,Mid-Range,Right Side Center(RC),16-24 ft.,16,75,151,1,0,20251103,LAC,MIA,21170,0,101108|202695|1627739|1627826|1628381,0,REG,2026,1610612746,,,,,
22500164508,,Shot Chart Detail,22500164,508,101108,Chris Paul,1610612746,LA Clippers,3,0,3,Missed Shot,Jump Shot,3PT Field Goal,Above the Break 3,Right Side Center(RC),24+ ft.,25,221,127,1,0,20251103,LAC,MIA,21570,0,101108|202695|1627739|1627826|1628381,0,REG,2026,1610612746,,,,,
22500164518,,Shot Chart Detail,22500164,518,1627739,Kris Dunn,1610612746,LA Clippers,4,11,57,Made Shot,Layup Shot,2PT Field Goal,Restricted Area,Center(C),Less Than 8 ft.,1,-4,16,1,1,20251103,LAC,MIA,21630,0,101108|201572|201935|1627739|1628381,0,REG,2026,1610612746,,,,,
22500164521,,Shot Chart Detail,22500164,521,1628381,John Collins,1610612746,LA Clippers,4,11,19,Missed Shot,Jump Shot,3PT Field Goal,Right Corner 3,Right Side(R),24+ ft.,25,246,63,1,0,20251103,LAC,MIA,22010,0,101108|201572|201935|1627739|1628381,0,REG,2026,1610612746,,,,,
22500164526,,Shot Chart Detail,22500164,526,1628381,John Collins,1610612746,LA Clippers,4,10,56,Made Shot,Jump Shot,3PT Field Goal,Above the Break 3,Right Side Center(RC),24+ ft.,27,200,194,1,1,20251103,LAC,MIA,22240,0,101108|201572|201935|1627739|1628381,1,REG,2026,1610612746,,,,,
22500164536,,Shot Chart Detail,22500164,536,201935,James Harden,1610612746,LA Clippers,4,10,0,Missed Shot,Step Back Jump shot,3PT Field Goal,Above the Break 3,Left Side Center(LC),24+ ft.,26,-174,201,1,0,20251103,LAC,MIA,22800,0,101108|201572|201935|1627739|1628381,0,REG,2026,1610612746,,,,,
22500164538,,Shot Chart Detail,22500164,538,101108,Chris Paul,1610612746,LA Clippers,4,9,55,Made Shot,Pullup Jump shot,3PT Field Goal,Above the Break 3,Right Side Center(RC),24+ ft.,26,150,220,1,1,20251103,LAC,MIA,22850,0,101108|201572|201935|1627739|1628381,1,REG,2026,1610612746,,,,,
22500164552,,Shot Chart Detail,22500164,552,201572,Brook Lopez,1610612746,LA Clippers,4,8,59,Missed Shot,Jump Shot,3PT Field Goal,Above the Break 3,Right Side Center(RC),24+ ft.,25,138,216,1,0,20251103,LAC,MIA,23410,0,101108|201572|201935|1627739|1628381,0,REG,2026,1610612746,,,,,
22500164557,,Shot Chart Detail,22500164,557,1628381,John Collins,1610612746,LA Clippers,4,8,24,Missed Shot,Turnaround Hook Shot,2PT Field Goal,In The Paint (Non-RA),Center(C),Less Than 8 ft.,6,10,69,1,0,20251103,LAC,MIA,23760,0,101108|201572|201935|1627739|1628381,0,REG,2026,1610612746,,,,,
22500164567,,Shot Chart Detail,22500164,567,1628381,John Collins,1610612746,LA Clippers,4,7,59,Made Shot,Cutting Dunk Shot,2PT Field Goal,Restricted Area,Center(C),Less Than 8 ft.,1,-6,11,1,1,20251103,LAC,MIA,24010,0,101108|201572|201935|1627739|1628381,1,REG,2026,1610612746,,,,,
22500164571,,Shot Chart Detail,22500164,571,101108,Chris Paul,1610612746,LA Clippers,4,7,37,Missed Shot,Jump Shot,3PT Field Goal,Left Corner 3,Left Side(L),24+ ft.,23,-237,10,1,0,20251103,LAC,MIA,24230,0,101108|201572|201935|1627739|1628381,0,REG,2026,1610612746,,,,,
22500164585,,Shot Chart Detail,22500164,585,201572,Brook Lopez,1610612746,LA Clippers,4,7,2,Missed Shot,Jump Shot,3PT Field Goal,Above the Break 3,Left Side Center(LC),24+ ft.,27,-112,250,1,0,20251103,LAC,MIA,24580,0,201572|201935|202695|1627739|1628381,0,REG,2026,1610612746,,,,,
22500164587,,Shot Chart Detail,22500164,587,202695,Kawhi Leonard,1610612746,LA Clippers,4,6,54,Missed Shot,Jump Shot,3PT Field Goal,Above the Break 3,Right Side Center(RC),24+ ft.,27,138,237,1,0,20251103,LAC,MIA,24660,0,201572|201935|202695|1627739|1628381,0,REG,2026,1610612746,,,,,
22500164595,,Shot Chart Detail,22500164,595,202695,Kawhi Leonard,1610612746,LA Clippers,4,6,8,Made Shot,Turnaround Fadeaway shot,2PT Field Goal,In The Paint (Non-RA),Center(C),8-16 ft.,11,0,113,1,1,20251103,LAC,MIA,25120,0,201572|201935|202695|1627739|1628381,0,REG,2026,1610612746,,,,,
22500164601,,Shot Chart Detail,22500164,601,202695,Kawhi Leonard,1610612746,LA Clippers,4,5,30,Missed Shot,Driving Floating Jump Shot,2PT Field Goal,In The Paint (Non-RA),Center(C),8-16 ft.,13,-9,132,1,0,20251103,LAC,MIA,25500,0,201935|202695|1627739|1627826|1628381,0,REG,2026,1610612746,,,,,
22500164615,,Shot Chart Detail,22500164,615,201935,James Harden,1610612746,LA Clippers,4,4,38,Made Shot,Driving Layup Shot,2PT Field Goal,Restricted Area,Center(C),Less Than 8 ft.,1,-10,9,1,1,20251103,LAC,MIA,26020,0,201935|202695|1627826|1627884|1628381,0,REG,2026,1610612746,,,,,
22500164620,,Shot Chart Detail,22500164,620,202695,Kawhi Leonard,1610612746,LA Clippers,4,3,50,Made Shot,Fadeaway Jump Shot,2PT Field Goal,Mid-Range,Right Side(R),16-24 ft.,18,185,42,1,1,20251103,LAC,MIA,26500,0,201935|202695|1627826|1627884|1628381,0,REG,2026,1610612746,,,,,
22500164624,,Shot Chart Detail,22500164,624,202695,Kawhi Leonard,1610612746,LA Clippers,4,3,4,Missed Shot,Step Back Jump shot,2PT Field Goal,In The Paint (Non-RA),Center(C),8-16 ft.,13,55,127,1,0,20251103,LAC,MIA,26960,0,201935|202695|1627826|1627884|1628381,0,REG,2026,1610612746,,,,,
22500164633,,Shot Chart Detail,22500164,633,201935,James Harden,1610612746,LA Clippers,4,1,46,Made Shot,Pullup Jump shot,3PT Field Goal,Above the Break 3,Center(C),24+ ft.,29,-38,297,1,1,20251103,LAC,MIA,27740,0,201935|202695|1627826|1627884|1628381,0,REG,2026,1610612746,,,,,
22500164642,,Shot Chart Detail,22500164,642,202695,Kawhi Leonard,1610612746,LA Clippers,4,0,49,Missed Shot,Pullup Jump shot,3PT Field Goal,Above the Break 3,Right Side Center(RC),24+ ft.,25,135,222,1,0,20251103,LAC,MIA,28310,0,201935|202695|1627826|1627884|1628381,0,REG,2026,1610612746,,,,,
22500164646,,Shot Chart Detail,22500164,646,201935,James Harden,1610612746,LA Clippers,4,0,19,Made Shot,Running Pull-Up Jump Shot,3PT Field Goal,Above the Break 3,Right Side Center(RC),24+ ft.,25,190,177,1,1,20251103,LAC,MIA,28610,0,201935|202695|1627739|1627826|1627884,1,REG,2026,1610612746,,,,,
22500164658,,Shot Chart Detail,22500164,658,202695,Kawhi Leonard,1610612746,LA Clippers,4,0,2,Missed Shot,Pullup Jump shot,3PT Field Goal,Above the Break 3,Right Side Center(RC),24+ ft.,26,180,188,1,0,20251103,LAC,MIA,28780,0,201935|202695|1627826|1627884|1628381,0,REG,2026,1610612746,,,,,
2250017015,,Shot Chart Detail,22500170,15,201935,James Harden,1610612746,LA Clippers,1,11,2,Missed Shot,Pullup Jump shot,2PT Field Goal,Mid-Range,Left Side Center(LC),16-24 ft.,17,-71,159,1,0,20251104,LAC,OKC,580,0,201587|201935|1627739|1627826|1627884,0,REG,2026,1610612746,,,,,
2250017021,,Shot Chart Detail,22500170,21,1627826,Ivica Zubac,1610612746,LA Clippers,1,10,40,Missed Shot,Dunk Shot,2PT Field Goal,Restricted Area,Center(C),Less Than 8 ft.,1,-7,17,1,0,20251104,LAC,OKC,800,0,201587|201935|1627739|1627826|1627884,0,REG,2026,1610612746,,,,,
2250017024,,Shot Chart Detail,22500170,24,201935,James Harden,1610612746,LA Clippers,1,10,34,Made Shot,Jump Shot,3PT Field Goal,Above the Break 3,Center(C),24+ ft.,29,43,296,1,1,20251104,LAC,OKC,860,0,201587|201935|1627739|1627826|1627884,1,REG,2026,1610612746,,,,,
2250017032,,Shot Chart Detail,22500170,32,201935,James Harden,1610612746,LA Clippers,1,10,10,Made Shot,Jump Shot,3PT Field Goal,Above the Break 3,Right Side Center(RC),24+ ft.,27,143,239,1,1,20251104,LAC,OKC,1100,0,201587|201935|1627739|1627826|1627884,1,REG,2026,1610612746,,,,,
2250017038,,Shot Chart Detail,22500170,38,201935,James Harden,1610612746,LA Clippers,1,9,41,Made Shot,Step Back Jump shot,3PT Field Goal,Above the Break 3,Center(C),24+ ft.,27,60,269,1,1,20251104,LAC,OKC,1390,0,201587|201935|1627739|1627826|1627884,1,REG,2026,1610612746,,,,,
2250017046,,Shot Chart Detail,22500170,46,201587,Nicolas Batum,1610612746,LA Clippers,1,9,12,Missed Shot,Jump Shot,3PT Field Goal,Above the Break 3,Right Side Center(RC),24+ ft.,27,138,233,1,0,20251104,LAC,OKC,1680,0,201587|201935|1627739|1627826|1627884,0,REG,2026,1610612746,,,,,
2250017057,,Shot Chart Detail,22500170,57,1627884,Derrick Jones Jr.,1610612746,LA Clippers,1,8,32,Missed Shot,Running Layup Shot,2PT Field Goal,In The Paint (Non-RA),Center(C),Less Than 8 ft.,6,9,68,1,0,20251104,LAC,OKC,2080,0,201587|201935|1627739|1627826|1627884,0,REG,2026,1610612746,,,,,
2250017062,,Shot Chart Detail,22500170,62,201587,Nicolas Batum,1610612746,LA Clippers,1,8,6,Missed Shot,Jump Shot,3PT Field Goal,Above the Break 3,Right Side Center(RC),24+ ft.,29,138,256,1,0,20251104,LAC,OKC,2340,0,201587|201935|1627739|1627826|1627884,0,REG,2026,1610612746,,,,,
2250017069,,Shot Chart Detail,22500170,69,201935,James Harden,1610612746,LA Clippers,1,7,38,Missed Shot,Driving Layup Shot,2PT Field Goal,In The Paint (Non-RA),Center(C),Less Than 8 ft.,4,-20,41,1,0,20251104,LAC,OKC,2620,0,201587|201935|1627739|1627826|1627884,0,REG,2026,1610612746,,,,,
2250017071,,Shot Chart Detail,22500170,71,1627739,Kris Dunn,1610612746,LA Clippers,1,7,35,Made Shot,Jump Shot,3PT Field Goal,Above the Break 3,Left Side Center(LC),24+ ft.,26,-148,216,1,1,20251104,LAC,OKC,2650,0,201587|201935|1627739|1627826|1627884,1,REG,2026,1610612746,,,,,
2250017076,,Shot Chart Detail,22500170,76,201935,James Harden,1610612746,LA Clippers,1,7,6,Missed Shot,Pullup Jump shot,3PT Field Goal,Above the Break 3,Left Side Center(LC),24+ ft.,26,-131,233,1,0,20251104,LAC,OKC,2940,0,201587|201935|1627739|1627826|1627884,0,REG,2026,1610612746,,,,,
2250017080,,Shot Chart Detail,22500170,80,1627884,Derrick Jones Jr.,1610612746,LA Clippers,1,6,29,Made Shot,Driving Floating Jump Shot,2PT Field Goal,In The Paint (Non-RA),Center(C),8-16 ft.,8,-4,84,1,1,20251104,LAC,OKC,3310,0,201587|201935|1627739|1627826|1627884,1,REG,2026,1610612746,,,,,
2250017087,,Shot Chart Detail,22500170,87,201935,James Harden,1610612746,LA Clippers,1,5,57,Made Shot,Driving Floating Bank Jump Shot,2PT Field Goal,In The Paint (Non-RA),Center(C),Less Than 8 ft.,6,54,33,1,1,20251104,LAC,OKC,3630,0,201587|201935|1627739|1627826|1627884,0,REG,2026,1610612746,,,,,
2250017090,,Shot Chart Detail,22500170,90,1627826,Ivica Zubac,1610612746,LA Clippers,1,5,39,Missed Shot,Turnaround Hook Shot,2PT Field Goal,In The Paint (Non-RA),Center(C),8-16 ft.,8,11,84,1,0,20251104,LAC,OKC,3810,0,201587|201935|1627739|1627826|1627884,0,REG,2026,1610612746,,,,,
2250017094,,Shot Chart Detail,22500170,94,1627884,Derrick Jones Jr.,1610612746,LA Clippers,1,5,10,Missed Shot,Jump Shot,3PT Field Goal,Right Corner 3,Right Side(R),24+ ft.,23,232,57,1,0,20251104,LAC,OKC,4100,0,201587|201935|1627739|1627826|1627884,0,REG,2026,1610612746,,,,,
22500170107,,Shot Chart Detail,22500170,107,1627884,Derrick Jones Jr.,1610612746,LA Clippers,1,4,37,Missed Shot,Cutting Layup Shot,2PT Field Goal,In The Paint (Non-RA),Center(C),Less Than 8 ft.,5,7,57,1,0,20251104,LAC,OKC,4430,0,201935|203992|1627826|1627884|1628381,0,REG,2026,1610612746,,,,,
22500170112,,Shot Chart Detail,22500170,112,203992,Bogdan Bogdanović,1610612746,LA Clippers,1,4,17,Made Shot,Pullup Jump shot,3PT Field Goal,Above the Break 3,Center(C),24+ ft.,28,80,274,1,1,20251104,LAC,OKC,4630,0,201935|203992|1627826|1627884|1628381,1,REG,2026,1610612746,,,,,
22500170116,,Shot Chart Detail,22500170,116,203992,Bogdan Bogdanović,1610612746,LA Clippers,1,3,56,Missed Shot,Pullup Jump shot,3PT Field Goal,Above the Break 3,Right Side Center(RC),24+ ft.,26,125,237,1,0,20251104,LAC,OKC,4840,0,201935|203992|1627826|1627884|1628381,0,REG,2026,1610612746,,,,,
22500170120,,Shot Chart Detail,22500170,120,1627884,Derrick Jones Jr.,1610612746,LA Clippers,1,3,28,Missed Shot,Jump Shot,3PT Field Goal,Above the Break 3,Right Side Center(RC),24+ ft.,26,184,185,1,0,20251104,LAC,OKC,5120,0,201935|203992|1627826|1627884|1628381,0,REG,2026,1610612746,,,,,
22500170122,,Shot Chart Detail,22500170,122,201935,James Harden,1610612746,LA Clippers,1,3,22,Made Shot,Jump Shot,3PT Field Goal,Above the Break 3,Left Side Center(LC),24+ ft.,26,-213,154,1,1,20251104,LAC,OKC,5180,0,201935|203992|1627826|1627884|1628381,1,REG,2026,1610612746,,,,,
22500170135,,Shot Chart Detail,22500170,135,1627826,Ivica Zubac,1610612746,LA Clippers,1,2,31,Made Shot,Cutting Dunk Shot,2PT Field Goal,Restricted Area,Center(C),Less Than 8 ft.,0,-6,7,1,1,20251104,LAC,OKC,5690,0,101108|203992|1627739|1627826|1628381,1,REG,2026,1610612746,,,,,
22500170153,,Shot Chart Detail,22500170,153,1628381,John Collins,1610612746,LA Clippers,1,1,22,Made Shot,Turnaround Hook Shot,2PT Field Goal,In The Paint (Non-RA),Center(C),8-16 ft.,10,-32,102,1,1,20251104,LAC,OKC,6380,0,101108|201572|203992|1627739|1628381,1,REG,2026,1610612746,,,,,
22500170167,,Shot Chart Detail,22500170,167,1628381,John Collins,1610612746,LA Clippers,1,0,7,Missed Shot,Turnaround Jump Shot,2PT Field Goal,In The Paint (Non-RA),Center(C),Less Than 8 ft.,7,76,20,1,0,20251104,LAC,OKC,7130,0,101108|201572|203992|1627739|1628381,0,REG,2026,1610612746,,,,,
22500170180,,Shot Chart Detail,22500170,180,201572,Brook Lopez,1610612746,LA Clippers,2,11,37,Missed Shot,Driving Floating Jump Shot,2PT Field Goal,In The Paint (Non-RA),Center(C),8-16 ft.,8,-12,81,1,0,20251104,LAC,OKC,7430,0,101108|201572|201587|203992|1628381,0,REG,2026,1610612746,,,,,
22500170186,,Shot Chart Detail,22500170,186,201572,Brook Lopez,1610612746,LA Clippers,2,10,55,Missed Shot,Floating Jump shot,2PT Field Goal,In The Paint (Non-RA),Center(C),8-16 ft.,11,12,115,1,0,20251104,LAC,OKC,7850,0,101108|201572|201587|203992|1628381,0,REG,2026,1610612746,,,,,
22500170205,,Shot Chart Detail,22500170,205,1628381,John Collins,1610612746,LA Clippers,2,9,49,Made Shot,Cutting Layup Shot,2PT Field Goal,In The Paint (Non-RA),Center(C),Less Than 8 ft.,4,31,32,1,1,20251104,LAC,OKC,8510,0,201572|201587|201935|203992|1628381,1,REG,2026,1610612746,,,,,
22500170223,,Shot Chart Detail,22500170,223,1628381,John Collins,1610612746,LA Clippers,2,8,31,Made Shot,Cutting Layup Shot,2PT Field Goal,Restricted Area,Center(C),Less Than 8 ft.,1,-1,17,1,1,20251104,LAC,OKC,9290,0,201572|201935|203992|1627884|1628381,1,REG,2026,1610612746,,,,,
22500170236,,Shot Chart Detail,22500170,236,1628381,John Collins,1610612746,LA Clippers,2,7,10,Made Shot,Jump Shot,3PT Field Goal,Right Corner 3,Right Side(R),24+ ft.,23,229,62,1,1,20251104,LAC,OKC,10100,0,201572|201935|203992|1627884|1628381,1,REG,2026,1610612746,,,,,
22500170240,,Shot Chart Detail,22500170,240,203992,Bogdan Bogdanović,1610612746,LA Clippers,2,6,53,Missed Shot,Running Jump Shot,3PT Field Goal,Above the Break 3,Right Side Center(RC),24+ ft.,27,163,217,1,0,20251104,LAC,OKC,10270,0,201572|201935|203992|1627884|1628381,0,REG,2026,1610612746,,,,,
22500170259,,Shot Chart Detail,22500170,259,1628381,John Collins,1610612746,LA Clippers,2,6,25,Missed Shot,Jump Shot,3PT Field Goal,Right Corner 3,Right Side(R),24+ ft.,23,228,65,1,0,20251104,LAC,OKC,10550,0,201935|1627739|1627826|1627884|1628381,0,REG,2026,1610612746,,,,,
22500170262,,Shot Chart Detail,22500170,262,201935,James Harden,1610612746,LA Clippers,2,6,7,Missed Shot,Pullup Jump shot,3PT Field Goal,Above the Break 3,Center(C),24+ ft.,30,-12,304,1,0,20251104,LAC,OKC,10730,0,201935|1627739|1627826|1627884|1628381,0,REG,2026,1610612746,,,,,
22500170264,,Shot Chart Detail,22500170,264,1627884,Derrick Jones Jr.,1610612746,LA Clippers,2,6,4,Made Shot,Putback Layup Shot,2PT Field Goal,Restricted Area,Center(C),Less Than 8 ft.,1,0,13,1,1,20251104,LAC,OKC,10760,0,201935|1627739|1627826|1627884|1628381,0,REG,2026,1610612746,,,,,
22500170266,,Shot Chart Detail,22500170,266,1627884,Derrick Jones Jr.,1610612746,LA Clippers,2,5,33,Missed Shot,Jump Shot,3PT Field Goal,Above the Break 3,Left Side Center(LC),24+ ft.,25,-221,132,1,0,20251104,LAC,OKC,11070,0,201935|1627739|1627826|1627884|1628381,0,REG,2026,1610612746,,,,,
22500170270,,Shot Chart Detail,22500170,270,201935,James Harden,1610612746,LA Clippers,2,5,11,Missed Shot,Driving Floating Jump Shot,2PT Field Goal,In The Paint (Non-RA),Center(C),8-16 ft.,9,-26,96,1,0,20251104,LAC,OKC,11290,0,201935|1627739|1627826|1627884|1628381,0,REG,2026,1610612746,,,,,
22500170272,,Shot Chart Detail,22500170,272,1627826,Ivica Zubac,1610612746,LA Clippers,2,5,9,Missed Shot,Tip Layup Shot,2PT Field Goal,Restricted Area,Center(C),Less Than 8 ft.,0,0,0,1,0,20251104,LAC,OKC,11310,0,201935|1627739|1627826|1627884|1628381,0,REG,2026,1610612746,,,,,
22500170284,,Shot Chart Detail,22500170,284,201935,James Harden,1610612746,LA Clippers,2,4,49,Made Shot,Driving Floating Jump Shot,2PT Field Goal,In The Paint (Non-RA),Center(C),Less Than 8 ft.,4,7,49,1,1,20251104,LAC,OKC,11510,0,201935|1627739|1627826|1627884|1628381,0,REG,2026,1610612746,,,,,
22500170287,,Shot Chart Detail,22500170,287,1628381,John Collins,1610612746,LA Clippers,2,4,14,Made Shot,Driving Reverse Layup Shot,2PT Field Goal,Restricted Area,Center(C),Less Than 8 ft.,3,-5,31,1,1,20251104,LAC,OKC,11860,0,201935|1627739|1627826|1627884|1628381,1,REG,2026,1610612746,,,,,
22500170300,,Shot Chart Detail,22500170,300,1627884,Derrick Jones Jr.,1610612746,LA Clippers,2,3,8,Missed Shot,Running Layup Shot,2PT Field Goal,In The Paint (Non-RA),Center(C),Less Than 8 ft.,4,-25,41,1,0,20251104,LAC,OKC,12520,0,201935|1627739|1627826|1627884|1628381,0,REG,2026,1610612746,,,,,
22500170304,,Shot Chart Detail,22500170,304,201935,James Harden,1610612746,LA Clippers,2,2,43,Missed Shot,Driving Layup Shot,2PT Field Goal,In The Paint (Non-RA),Center(C),Less Than 8 ft.,6,-23,58,1,0,20251104,LAC,OKC,12770,0,201935|1627739|1627826|1627884|1628381,0,REG,2026,1610612746,,,,,
22500170310,,Shot Chart Detail,22500170,310,201935,James Harden,1610612746,LA Clippers,2,2,33,Made Shot,Jump Shot,3PT Field Goal,Above the Break 3,Center(C),24+ ft.,29,-87,285,1,1,20251104,LAC,OKC,12870,0,201935|203992|1627739|1627826|1627884,0,REG,2026,1610612746,,,,,
22500170321,,Shot Chart Detail,22500170,321,1627884,Derrick Jones Jr.,1610612746,LA Clippers,2,1,35,Made Shot,Jump Shot,3PT Field Goal,Right Corner 3,Right Side(R),24+ ft.,22,225,20,1,1,20251104,LAC,OKC,13450,0,201935|203992|1627739|1627826|1627884,1,REG,2026,1610612746,,,,,
22500170332,,Shot Chart Detail,22500170,332,201935,James Harden,1610612746,LA Clippers,2,0,43,Missed Shot,Pullup Jump shot,3PT Field Goal,Above the Break 3,Right Side Center(RC),24+ ft.,27,104,258,1,0,20251104,LAC,OKC,13970,0,201935|203992|1627739|1627826|1627884,0,REG,2026,1610612746,,,,,
22500170345,,Shot Chart Detail,22500170,345,1627826,Ivica Zubac,1610612746,LA Clippers,2,0,10,Made Shot,Alley Oop Dunk Shot,2PT Field Goal,Restricted Area,Center(C),Less Than 8 ft.,0,-4,6,1,1,20251104,LAC,OKC,14300,0,201587|201935|203992|1627826|1628381,1,REG,2026,1610612746,,,,,
22500170360,,Shot Chart Detail,22500170,360,1627826,Ivica Zubac,1610612746,LA Clippers,3,11,42,Made Shot,Turnaround Hook Shot,2PT Field Goal,In The Paint (Non-RA),Center(C),Less Than 8 ft.,6,33,58,1,1,20251104,LAC,OKC,14580,0,201587|201935|1627739|1627826|1627884,0,REG,2026,1610612746,,,,,
22500170374,,Shot Chart Detail,22500170,374,1627826,Ivica Zubac,1610612746,LA Clippers,3,10,28,Missed Shot,Layup Shot,2PT Field Goal,Restricted Area,Center(C),Less Than 8 ft.,3,-23,25,1,0,20251104,LAC,OKC,15320,0,201587|201935|1627739|1627826|1627884,0,REG,2026,1610612746,,,,,
22500170382,,Shot Chart Detail,22500170,382,201587,Nicolas Batum,1610612746,LA Clippers,3,9,47,Made Shot,Jump Shot,3PT Field Goal,Left Corner 3,Left Side(L),24+ ft.,23,-233,11,1,1,20251104,LAC,OKC,15730,0,201587|201935|1627739|1627826|1627884,1,REG,2026,1610612746,,,,,
22500170385,,Shot Chart Detail,22500170,385,201587,Nicolas Batum,1610612746,LA Clippers,3,9,7,Missed Shot,Jump Shot,3PT Field Goal,Right Corner 3,Right Side(R),24+ ft.,22,228,15,1,0,20251104,LAC,OKC,16130,0,201587|201935|1627739|1627826|1627884,0,REG,2026,1610612746,,,,,
22500170396,,Shot Chart Detail,22500170,396,1627739,Kris Dunn,1610612746,LA Clippers,3,8,13,Made Shot,Running Layup Shot,2PT Field Goal,Restricted Area,Center(C),Less Than 8 ft.,1,-1,11,1,1,20251104,LAC,OKC,16670,0,201587|201935|1627739|1627826|1627884,1,REG,2026,1610612746,,,,,
22500170400,,Shot Chart Detail,22500170,400,1627884,Derrick Jones Jr.,1610612746,LA Clippers,3,7,39,Made Shot,Jump Shot,3PT Field Goal,Above the Break 3,Right Side Center(RC),24+ ft.,27,127,247,1,1,20251104,LAC,OKC,17010,0,201587|201935|1627739|1627826|1627884,1,REG,2026,1610612746,,,,,
22500170411,,Shot Chart Detail,22500170,411,201935,James Harden,1610612746,LA Clippers,3,6,35,Missed Shot,Driving Floating Jump Shot,2PT Field Goal,In The Paint (Non-RA),Center(C),Less Than 8 ft.,4,12,40,1,0,20251104,LAC,OKC,17650,0,201587|201935|1627739|1627826|1627884,0,REG,2026,1610612746,,,,,
22500170413,,Shot Chart Detail,22500170,413,1627826,Ivica Zubac,1610612746,LA Clippers,3,6,33,Missed Shot,Putback Layup Shot,2PT Field Goal,Restricted Area,Center(C),Less Than 8 ft.,3,2,32,1,0,20251104,LAC,OKC,17670,0,201587|201935|1627739|1627826|1627884,0,REG,2026,1610612746,,,,,
22500170418,,Shot Chart Detail,22500170,418,201587,Nicolas Batum,1610612746,LA Clippers,3,6,5,Missed Shot,Jump Shot,3PT Field Goal,Right Corner 3,Right Side(R),24+ ft.,25,238,77,1,0,20251104,LAC,OKC,17950,0,201587|201935|1627739|1627826|1627884,0,REG,2026,1610612746,,,,,
22500170422,,Shot Chart Detail,22500170,422,201935,James Harden,1610612746,LA Clippers,3,5,56,Missed Shot,Pullup Jump shot,3PT Field Goal,Above the Break 3,Center(C),24+ ft.,28,-87,274,1,0,20251104,LAC,OKC,18040,0,201587|201935|1627739|1627826|1627884,0,REG,2026,1610612746,,,,,
22500170426,,Shot Chart Detail,22500170,426,1627739,Kris Dunn,1610612746,LA Clippers,3,5,42,Missed Shot,Jump Shot,3PT Field Goal,Above the Break 3,Left Side Center(LC),24+ ft.,26,-167,211,1,0,20251104,LAC,OKC,18180,0,201587|201935|1627739|1627826|1627884,0,REG,2026,1610612746,,,,,
22500170430,,Shot Chart Detail,22500170,430,1627884,Derrick Jones Jr.,1610612746,LA Clippers,3,5,16,Missed Shot,Jump Shot,3PT Field Goal,Right Corner 3,Right Side(R),24+ ft.,23,230,31,1,0,20251104,LAC,OKC,18440,0,201587|201935|1627739|1627826|1627884,0,REG,2026,1610612746,,,,,
22500170433,,Shot Chart Detail,22500170,433,1627884,Derrick Jones Jr.,1610612746,LA Clippers,3,4,53,Made Shot,Jump Shot,3PT Field Goal,Left Corner 3,Left Side(L),24+ ft.,23,-230,1,1,1,20251104,LAC,OKC,18670,0,201587|201935|1627739|1627826|1627884,1,REG,2026,1610612746,,,,,
22500170445,,Shot Chart Detail,22500170,445,203992,Bogdan Bogdanović,1610612746,LA Clippers,3,4,23,Made Shot,Driving Reverse Layup Shot,2PT Field Goal,Restricted Area,Center(C),Less Than 8 ft.,1,-11,4,1,1,20251104,LAC,OKC,18970,0,201935|203992|1627826|1627884|1628381,0,REG,2026,1610612746,,,,,
22500170461,,Shot Chart Detail,22500170,461,201935,James Harden,1610612746,LA Clippers,3,3,19,Missed Shot,Driving Floating Bank Jump Shot,2PT Field Goal,In The Paint (Non-RA),Center(C),Less Than 8 ft.,7,50,56,1,0,20251104,LAC,OKC,19610,0,201935|203992|1627826|1627884|1628381,0,REG,2026,1610612746,,,,,
22500170480,,Shot Chart Detail,22500170,480,1628381,John Collins,1610612746,LA Clippers,3,2,34,Missed Shot,Driving Floating Bank Jump Shot,2PT Field Goal,In The Paint (Non-RA),Center(C),Less Than 8 ft.,4,21,36,1,0,20251104,LAC,OKC,20060,0,101108|201572|203992|1627884|1628381,0,REG,2026,1610612746,,,,,
22500170482,,Shot Chart Detail,22500170,482,201572,Brook Lopez,1610612746,LA Clippers,3,2,32,Missed Shot,Tip Layup Shot,2PT Field Goal,Restricted Area,Center(C),Less Than 8 ft.,0,0,0,1,0,20251104,LAC,OKC,20080,0,101108|201572|203992|1627884|1628381,0,REG,2026,1610612746,,,,,
22500170486,,Shot Chart Detail,22500170,486,201572,Brook Lopez,1610612746,LA Clippers,3,2,1,Made Shot,Jump Shot,3PT Field Goal,Above the Break 3,Right Side Center(RC),24+ ft.,29,102,281,1,1,20251104,LAC,OKC,20390,0,101108|201572|203992|1627884|1628381,1,REG,2026,1610612746,,,,,
22500170489,,Shot Chart Detail,22500170,489,201572,Brook Lopez,1610612746,LA Clippers,3,1,23,Made Shot,Pullup Jump shot,3PT Field Goal,Above the Break 3,Left Side Center(LC),24+ ft.,26,-130,227,1,1,20251104,LAC,OKC,20770,0,101108|201572|203992|1627884|1628381,1,REG,2026,1610612746,,,,,
22500170502,,Shot Chart Detail,22500170,502,1627739,Kris Dunn,1610612746,LA Clippers,3,0,30,Missed Shot,Jump Shot,3PT Field Goal,Left Corner 3,Left Side(L),24+ ft.,23,-227,64,1,0,20251104,LAC,OKC,21300,0,101108|201572|203992|1627739|1628381,0,REG,2026,1610612746,,,,,
22500170520,,Shot Chart Detail,22500170,520,101108,Chris Paul,1610612746,LA Clippers,4,11,19,Missed Shot,Jump Shot,3PT Field Goal,Above the Break 3,Left Side Center(LC),24+ ft.,26,-118,232,1,0,20251104,LAC,OKC,22010,0,101108|201572|203992|1627739|1628381,0,REG,2026,1610612746,,,,,
22500170529,,Shot Chart Detail,22500170,529,203992,Bogdan Bogdanović,1610612746,LA Clippers,4,10,37,Missed Shot,Pullup Jump shot,2PT Field Goal,Mid-Range,Right Side(R),8-16 ft.,13,127,53,1,0,20251104,LAC,OKC,22430,0,101108|201572|203992|1627739|1628381,0,REG,2026,1610612746,,,,,
22500170545,,Shot Chart Detail,22500170,545,201572,Brook Lopez,1610612746,LA Clippers,4,8,59,Made Shot,Jump Shot,3PT Field Goal,Above the Break 3,Center(C),24+ ft.,29,89,277,1,1,20251104,LAC,OKC,23410,0,101108|201572|203992|1627739|1628381,1,REG,2026,1610612746,,,,,
22500170553,,Shot Chart Detail,22500170,553,201572,Brook Lopez,1610612746,LA Clippers,4,8,20,Made Shot,Jump Shot,3PT Field Goal,Above the Break 3,Center(C),24+ ft.,27,59,272,1,1,20251104,LAC,OKC,23800,0,201572|201935|203992|1627739|1628381,1,REG,2026,1610612746,,,,,
22500170561,,Shot Chart Detail,22500170,561,203992,Bogdan Bogdanović,1610612746,LA Clippers,4,7,30,Missed Shot,Jump Shot,3PT Field Goal,Above the Break 3,Left Side Center(LC),24+ ft.,26,-196,172,1,0,20251104,LAC,OKC,24300,0,201572|201935|203992|1627739|1628381,0,REG,2026,1610612746,,,,,
22500170587,,Shot Chart Detail,22500170,587,203992,Bogdan Bogdanović,1610612746,LA Clippers,4,6,20,Missed Shot,Step Back Jump shot,3PT Field Goal,Above the Break 3,Right Side Center(RC),24+ ft.,27,141,234,1,0,20251104,LAC,OKC,25000,0,203992|1641738|1642353|1642949|1643141,0,REG,2026,1610612746,,,,,
22500170591,,Shot Chart Detail,22500170,591,1642353,Cam Christie,1610612746,LA Clippers,4,5,49,Missed Shot,Pullup Jump shot,3PT Field Goal,Above the Break 3,Center(C),24+ ft.,25,-22,255,1,0,20251104,LAC,OKC,25310,0,203992|1641738|1642353|1642949|1643141,0,REG,2026,1610612746,,,,,
22500170602,,Shot Chart Detail,22500170,602,1642353,Cam Christie,1610612746,LA Clippers,4,5,43,Made Shot,Jump Shot,3PT Field Goal,Above the Break 3,Left Side Center(LC),24+ ft.,26,-202,169,1,1,20251104,LAC,OKC,25370,0,203992|1641738|1642353|1642949|1643141,1,REG,2026,1610612746,,,,,
22500170615,,Shot Chart Detail,22500170,615,1641738,Kobe Brown,1610612746,LA Clippers,4,4,42,Missed Shot,Running Jump Shot,3PT Field Goal,Left Corner 3,Left Side(L),24+ ft.,23,-239,-17,1,0,20251104,LAC,OKC,25980,0,203992|1641738|1642353|1642949|1643141,0,REG,2026,1610612746,,,,,
22500170617,,Shot Chart Detail,22500170,617,1641738,Kobe Brown,1610612746,LA Clippers,4,4,34,Missed Shot,Jump Shot,3PT Field Goal,Above the Break 3,Left Side Center(LC),24+ ft.,25,-159,199,1,0,20251104,LAC,OKC,26060,0,203992|1641738|1642353|1642949|1643141,0,REG,2026,1610612746,,,,,
22500170642,,Shot Chart Detail,22500170,642,203992,Bogdan Bogdanović,1610612746,LA Clippers,4,3,5,Made Shot,Running Jump Shot,3PT Field Goal,Left Corner 3,Left Side(L),24+ ft.,23,-228,67,1,1,20251104,LAC,OKC,26950,0,203992|1641738|1642353|1642949|1643141,1,REG,2026,1610612746,,,,,
22500170646,,Shot Chart Detail,22500170,646,1642949,Yanic Konan Niederhäuser,1610612746,LA Clippers,4,2,25,Missed Shot,Turnaround Hook Shot,2PT Field Goal,In The Paint (Non-RA),Center(C),Less Than 8 ft.,6,-10,68,1,0,20251104,LAC,OKC,27350,0,203992|1641738|1642353|1642949|1643141,0,REG,2026,1610612746,,,,,
22500170654,,Shot Chart Detail,22500170,654,1642949,Yanic Konan Niederhäuser,1610612746,LA Clippers,4,1,57,Made Shot,Dunk Shot,2PT Field Goal,Restricted Area,Center(C),Less Than 8 ft.,0,-4,9,1,1,20251104,LAC,OKC,27630,0,203992|1641738|1642353|1642949|1643141,1,REG,2026,1610612746,,,,,
22500170657,,Shot Chart Detail,22500170,657,1643141,Jahmyl Telfort,1610612746,LA Clippers,4,1,21,Missed Shot,Jump Shot,3PT Field Goal,Right Corner 3,Right Side(R),24+ ft.,23,230,30,1,0,20251104,LAC,OKC,27990,0,203992|1641738|1642353|1642949|1643141,0,REG,2026,1610612746,,,,,
22500170661,,Shot Chart Detail,22500170,661,1642353,Cam Christie,1610612746,LA Clippers,4,0,44,Missed Shot,Driving Floating Jump Shot,2PT Field Goal,In The Paint (Non-RA),Center(C),Less Than 8 ft.,6,-13,63,1,0,20251104,LAC,OKC,28360,0,203992|1641738|1642353|1642949|1643141,0,REG,2026,1610612746,,,,,
22500170663,,Shot Chart Detail,22500170,663,1642353,Cam Christie,1610612746,LA Clippers,4,0,43,Made Shot,Tip Layup Shot,2PT Field Goal,Restricted Area,Center(C),Less Than 8 ft.,0,0,0,1,1,20251104,LAC,OKC,28370,0,203992|1641738|1642353|1642949|1643141,0,REG,2026,1610612746,,,,,
22500170665,,Shot Chart Detail,22500170,665,1641738,Kobe Brown,1610612746,LA Clippers,4,0,10,Missed Shot,Jump Shot,3PT Field Goal,Above the Break 3,Center(C),24+ ft.,26,9,268,1,0,20251104,LAC,OKC,28700,0,203992|1641738|1642353|1642949|1643141,0,REG,2026,1610612746,,,,,
2250018212,,Shot Chart Detail,22500182,12,1627826,Ivica Zubac,1610612746,LA Clippers,1,11,14,Made Shot,Floating Jump shot,2PT Field Goal,In The Paint (Non-RA),Center(C),8-16 ft.,13,-45,127,1,1,20251106,PHX,LAC,460,0,201587|203078|1627739|1627826|1627884,1,REG,2026,1610612746,,,,,
2250018220,,Shot Chart Detail,22500182,20,1627826,Ivica Zubac,1610612746,LA Clippers,1,10,35,Missed Shot,Floating Jump shot,2PT Field Goal,In The Paint (Non-RA),Center(C),8-16 ft.,10,12,102,1,0,20251106,PHX,LAC,850,0,201587|203078|1627739|1627826|1627884,0,REG,2026,1610612746,,,,,
2250018230,,Shot Chart Detail,22500182,30,1627739,Kris Dunn,1610612746,LA Clippers,1,9,31,Made Shot,Jump Shot,3PT Field Goal,Above the Break 3,Center(C),24+ ft.,26,-27,268,1,1,20251106,PHX,LAC,1490,0,201587|203078|1627739|1627826|1627884,1,REG,2026,1610612746,,,,,
2250018237,,Shot Chart Detail,22500182,37,203078,Bradley Beal,1610612746,LA Clippers,1,8,38,Missed Shot,Pullup Jump shot,2PT Field Goal,Mid-Range,Left Side(L),8-16 ft.,15,-97,123,1,0,20251106,PHX,LAC,2020,0,201587|203078|1627739|1627826|1627884,0,REG,2026,1610612746,,,,,
2250018239,,Shot Chart Detail,22500182,39,1627826,Ivica Zubac,1610612746,LA Clippers,1,8,31,Made Shot,Tip Dunk Shot,2PT Field Goal,Restricted Area,Center(C),Less Than 8 ft.,0,0,0,1,1,20251106,PHX,LAC,2090,0,201587|203078|1627739|1627826|1627884,0,REG,2026,1610612746,,,,,
2250018254,,Shot Chart Detail,22500182,54,203078,Bradley Beal,1610612746,LA Clippers,1,7,21,Missed Shot,Floating Jump shot,2PT Field Goal,In The Paint (Non-RA),Center(C),8-16 ft.,9,5,97,1,0,20251106,PHX,LAC,2790,0,201587|203078|1627739|1627826|1627884,0,REG,2026,1610612746,,,,,
2250018269,,Shot Chart Detail,22500182,69,203078,Bradley Beal,1610612746,LA Clippers,1,6,25,Missed Shot,Step Back Jump shot,3PT Field Goal,Above the Break 3,Center(C),24+ ft.,25,78,247,1,0,20251106,PHX,LAC,3350,0,201587|203078|1627739|1627826|1627884,0,REG,2026,1610612746,,,,,
2250018276,,Shot Chart Detail,22500182,76,203078,Bradley Beal,1610612746,LA Clippers,1,5,43,Missed Shot,Pullup Jump shot,2PT Field Goal,Mid-Range,Left Side(L),16-24 ft.,20,-167,112,1,0,20251106,PHX,LAC,3770,0,201587|203078|1627739|1627826|1627884,0,REG,2026,1610612746,,,,,
2250018284,,Shot Chart Detail,22500182,84,203078,Bradley Beal,1610612746,LA Clippers,1,5,3,Made Shot,Pullup Jump shot,2PT Field Goal,Mid-Range,Left Side(L),16-24 ft.,17,-159,71,1,1,20251106,PHX,LAC,4170,0,201587|203078|1627739|1627826|1627884,1,REG,2026,1610612746,,,,,
2250018293,,Shot Chart Detail,22500182,93,1627826,Ivica Zubac,1610612746,LA Clippers,1,4,30,Made Shot,Alley Oop Layup shot,2PT Field Goal,Restricted Area,Center(C),Less Than 8 ft.,2,-16,25,1,1,20251106,PHX,LAC,4500,0,201587|203992|1627739|1627826|1627884,1,REG,2026,1610612746,,,,,
22500182110,,Shot Chart Detail,22500182,110,203992,Bogdan Bogdanović,1610612746,LA Clippers,1,3,30,Made Shot,Step Back Jump shot,2PT Field Goal,Mid-Range,Left Side(L),16-24 ft.,20,-174,115,1,1,20251106,PHX,LAC,5100,0,101108|203992|1627826|1628381|1642353,0,REG,2026,1610612746,,,,,
22500182112,,Shot Chart Detail,22500182,112,1627826,Ivica Zubac,1610612746,LA Clippers,1,2,51,Missed Shot,Cutting Layup Shot,2PT Field Goal,In The Paint (Non-RA),Center(C),Less Than 8 ft.,4,11,41,1,0,20251106,PHX,LAC,5490,0,101108|203992|1627826|1628381|1642353,0,REG,2026,1610612746,,,,,
22500182114,,Shot Chart Detail,22500182,114,1627826,Ivica Zubac,1610612746,LA Clippers,1,2,45,Missed Shot,Tip Layup Shot,2PT Field Goal,Restricted Area,Center(C),Less Than 8 ft.,0,0,0,1,0,20251106,PHX,LAC,5550,0,101108|203992|1627826|1628381|1642353,0,REG,2026,1610612746,,,,,
22500182116,,Shot Chart Detail,22500182,116,1627826,Ivica Zubac,1610612746,LA Clippers,1,2,42,Made Shot,Putback Layup Shot,2PT Field Goal,Restricted Area,Center(C),Less Than 8 ft.,0,0,0,1,1,20251106,PHX,LAC,5580,0,101108|203992|1627826|1628381|1642353,0,REG,2026,1610612746,,,,,
22500182123,,Shot Chart Detail,22500182,123,101108,Chris Paul,1610612746,LA Clippers,1,2,12,Missed Shot,Step Back Jump shot,3PT Field Goal,Above the Break 3,Right Side Center(RC),24+ ft.,26,165,207,1,0,20251106,PHX,LAC,5880,0,101108|201572|203992|1628381|1642353,0,REG,2026,1610612746,,,,,
22500182136,,Shot Chart Detail,22500182,136,1628381,John Collins,1610612746,LA Clippers,1,1,30,Made Shot,Jump Shot,3PT Field Goal,Above the Break 3,Left Side Center(LC),24+ ft.,25,-199,163,1,1,20251106,PHX,LAC,6300,0,101108|201572|203992|1628381|1642353,1,REG,2026,1610612746,,,,,
22500182142,,Shot Chart Detail,22500182,142,201572,Brook Lopez,1610612746,LA Clippers,1,0,48,Missed Shot,Jump Shot,3PT Field Goal,Above the Break 3,Center(C),24+ ft.,28,26,283,1,0,20251106,PHX,LAC,6720,0,101108|201572|203992|1628381|1642353,0,REG,2026,1610612746,,,,,
22500182155,,Shot Chart Detail,22500182,155,101108,Chris Paul,1610612746,LA Clippers,1,0,1,Missed Shot,Pullup Jump shot,3PT Field Goal,Above the Break 3,Center(C),24+ ft.,32,-23,325,1,0,20251106,PHX,LAC,7190,0,101108|201572|203992|1628381|1642353,0,REG,2026,1610612746,,,,,
22500182161,,Shot Chart Detail,22500182,161,201572,Brook Lopez,1610612746,LA Clippers,2,11,43,Made Shot,Layup Shot,2PT Field Goal,In The Paint (Non-RA),Center(C),Less Than 8 ft.,4,4,47,1,1,20251106,PHX,LAC,7370,0,101108|201572|203992|1628381|1642353,1,REG,2026,1610612746,,,,,
22500182170,,Shot Chart Detail,22500182,170,203992,Bogdan Bogdanović,1610612746,LA Clippers,2,10,55,Missed Shot,Step Back Jump shot,3PT Field Goal,Above the Break 3,Left Side Center(LC),24+ ft.,27,-183,204,1,0,20251106,PHX,LAC,7850,0,101108|201572|203992|1628381|1642353,0,REG,2026,1610612746,,,,,
22500182177,,Shot Chart Detail,22500182,177,203992,Bogdan Bogdanović,1610612746,LA Clippers,2,10,30,Missed Shot,Jump Shot,3PT Field Goal,Above the Break 3,Left Side Center(LC),24+ ft.,27,-137,239,1,0,20251106,PHX,LAC,8100,0,101108|201572|203992|1628381|1642353,0,REG,2026,1610612746,,,,,
22500182181,,Shot Chart Detail,22500182,181,203992,Bogdan Bogdanović,1610612746,LA Clippers,2,10,10,Missed Shot,Driving Floating Jump Shot,2PT Field Goal,In The Paint (Non-RA),Center(C),8-16 ft.,11,-18,109,1,0,20251106,PHX,LAC,8300,0,101108|201572|203992|1628381|1642353,0,REG,2026,1610612746,,,,,
22500182189,,Shot Chart Detail,22500182,189,1628381,John Collins,1610612746,LA Clippers,2,9,46,Made Shot,Driving Layup Shot,2PT Field Goal,In The Paint (Non-RA),Center(C),Less Than 8 ft.,4,39,28,1,1,20251106,PHX,LAC,8540,0,101108|201572|203992|1628381|1642353,1,REG,2026,1610612746,,,,,
22500182199,,Shot Chart Detail,22500182,199,1628381,John Collins,1610612746,LA Clippers,2,9,17,Missed Shot,Floating Jump shot,2PT Field Goal,In The Paint (Non-RA),Left Side(L),8-16 ft.,9,-49,79,1,0,20251106,PHX,LAC,8830,0,101108|201572|203992|1628381|1642353,0,REG,2026,1610612746,,,,,
22500182203,,Shot Chart Detail,22500182,203,101108,Chris Paul,1610612746,LA Clippers,2,9,0,Made Shot,Pullup Jump shot,2PT Field Goal,In The Paint (Non-RA),Center(C),8-16 ft.,13,-65,123,1,1,20251106,PHX,LAC,9000,0,101108|201572|203992|1628381|1642353,0,REG,2026,1610612746,,,,,
22500182206,,Shot Chart Detail,22500182,206,201572,Brook Lopez,1610612746,LA Clippers,2,8,18,Made Shot,Driving Floating Jump Shot,2PT Field Goal,In The Paint (Non-RA),Center(C),Less Than 8 ft.,6,-4,67,1,1,20251106,PHX,LAC,9420,0,101108|201572|203992|1628381|1642353,1,REG,2026,1610612746,,,,,
22500182215,,Shot Chart Detail,22500182,215,1642353,Cam Christie,1610612746,LA Clippers,2,7,56,Made Shot,Running Layup Shot,2PT Field Goal,Restricted Area,Center(C),Less Than 8 ft.,2,2,27,1,1,20251106,PHX,LAC,9640,0,101108|201572|203992|1628381|1642353,1,REG,2026,1610612746,,,,,
22500182221,,Shot Chart Detail,22500182,221,203992,Bogdan Bogdanović,1610612746,LA Clippers,2,7,31,Missed Shot,Jump Shot,3PT Field Goal,Above the Break 3,Left Side Center(LC),24+ ft.,26,-192,180,1,0,20251106,PHX,LAC,9890,0,101108|201572|203992|1628381|1642353,0,REG,2026,1610612746,,,,,
22500182226,,Shot Chart Detail,22500182,226,1628381,John Collins,1610612746,LA Clippers,2,6,55,Missed Shot,Jump Shot,2PT Field Goal,Mid-Range,Left Side Center(LC),16-24 ft.,16,-53,158,1,0,20251106,PHX,LAC,10250,0,101108|201572|203992|1628381|1642353,0,REG,2026,1610612746,,,,,
22500182240,,Shot Chart Detail,22500182,240,203078,Bradley Beal,1610612746,LA Clippers,2,6,17,Missed Shot,Step Back Jump shot,2PT Field Goal,Mid-Range,Right Side(R),16-24 ft.,18,178,65,1,0,20251106,PHX,LAC,10630,0,201572|203078|1627739|1627884|1628381,0,REG,2026,1610612746,,,,,
22500182249,,Shot Chart Detail,22500182,249,203078,Bradley Beal,1610612746,LA Clippers,2,6,0,Missed Shot,Driving Layup Shot,2PT Field Goal,In The Paint (Non-RA),Center(C),8-16 ft.,8,13,89,1,0,20251106,PHX,LAC,10800,0,203078|1627739|1627826|1627884|1628381,0,REG,2026,1610612746,,,,,
22500182254,,Shot Chart Detail,22500182,254,1627884,Derrick Jones Jr.,1610612746,LA Clippers,2,5,34,Made Shot,Jump Shot,3PT Field Goal,Above the Break 3,Center(C),24+ ft.,26,-71,253,1,1,20251106,PHX,LAC,11060,0,201587|203078|1627739|1627826|1627884,1,REG,2026,1610612746,,,,,
22500182258,,Shot Chart Detail,22500182,258,1627739,Kris Dunn,1610612746,LA Clippers,2,5,19,Missed Shot,Running Layup Shot,2PT Field Goal,Restricted Area,Center(C),Less Than 8 ft.,3,21,23,1,0,20251106,PHX,LAC,11210,0,201587|203078|1627739|1627826|1627884,0,REG,2026,1610612746,,,,,
22500182261,,Shot Chart Detail,22500182,261,1627884,Derrick Jones Jr.,1610612746,LA Clippers,2,5,15,Made Shot,Dunk Shot,2PT Field Goal,Restricted Area,Center(C),Less Than 8 ft.,2,-12,17,1,1,20251106,PHX,LAC,11250,0,201587|203078|1627739|1627826|1627884,1,REG,2026,1610612746,,,,,
22500182265,,Shot Chart Detail,22500182,265,203078,Bradley Beal,1610612746,LA Clippers,2,4,51,Missed Shot,Pullup Jump shot,3PT Field Goal,Above the Break 3,Left Side Center(LC),24+ ft.,26,-170,202,1,0,20251106,PHX,LAC,11490,0,201587|203078|1627739|1627826|1627884,0,REG,2026,1610612746,,,,,
22500182275,,Shot Chart Detail,22500182,275,1627826,Ivica Zubac,1610612746,LA Clippers,2,4,18,Made Shot,Turnaround Hook Shot,2PT Field Goal,In The Paint (Non-RA),Left Side(L),8-16 ft.,9,-74,60,1,1,20251106,PHX,LAC,11820,0,201587|203078|1627739|1627826|1627884,0,REG,2026,1610612746,,,,,
22500182281,,Shot Chart Detail,22500182,281,203078,Bradley Beal,1610612746,LA Clippers,2,3,29,Made Shot,Jump Shot,3PT Field Goal,Above the Break 3,Center(C),24+ ft.,26,-44,263,1,1,20251106,PHX,LAC,12310,0,201587|203078|1627739|1627826|1627884,1,REG,2026,1610612746,,,,,
22500182285,,Shot Chart Detail,22500182,285,203078,Bradley Beal,1610612746,LA Clippers,2,3,7,Missed Shot,Running Jump Shot,3PT Field Goal,Above the Break 3,Right Side Center(RC),24+ ft.,26,136,222,1,0,20251106,PHX,LAC,12530,0,201587|203078|1627739|1627826|1627884,0,REG,2026,1610612746,,,,,
22500182292,,Shot Chart Detail,22500182,292,201587,Nicolas Batum,1610612746,LA Clippers,2,2,34,Missed Shot,Jump Shot,3PT Field Goal,Above the Break 3,Right Side Center(RC),24+ ft.,24,227,90,1,0,20251106,PHX,LAC,12860,0,201587|203078|1627739|1627826|1627884,0,REG,2026,1610612746,,,,,
22500182298,,Shot Chart Detail,22500182,298,203078,Bradley Beal,1610612746,LA Clippers,2,2,5,Missed Shot,Pullup Jump shot,2PT Field Goal,Mid-Range,Right Side(R),16-24 ft.,16,135,91,1,0,20251106,PHX,LAC,13150,0,201587|203078|1627739|1627826|1627884,0,REG,2026,1610612746,,,,,
22500182307,,Shot Chart Detail,22500182,307,1627826,Ivica Zubac,1610612746,LA Clippers,2,1,10,Missed Shot,Driving Hook Shot,2PT Field Goal,In The Paint (Non-RA),Center(C),Less Than 8 ft.,4,22,44,1,0,20251106,PHX,LAC,13700,0,201587|203078|1627739|1627826|1627884,0,REG,2026,1610612746,,,,,
22500182312,,Shot Chart Detail,22500182,312,1627826,Ivica Zubac,1610612746,LA Clippers,2,0,39,Made Shot,Floating Jump shot,2PT Field Goal,Mid-Range,Right Side(R),8-16 ft.,10,91,58,1,1,20251106,PHX,LAC,14010,0,201587|203078|1627739|1627826|1627884,1,REG,2026,1610612746,,,,,
22500182331,,Shot Chart Detail,22500182,331,1642353,Cam Christie,1610612746,LA Clippers,2,0,0,Missed Shot,Jump Shot,3PT Field Goal,Above the Break 3,Left Side Center(LC),24+ ft.,35,-213,279,1,0,20251106,PHX,LAC,14400,0,201587|203078|1627739|1627826|1642353,0,REG,2026,1610612746,,,,,
22500182339,,Shot Chart Detail,22500182,339,203078,Bradley Beal,1610612746,LA Clippers,3,11,39,Missed Shot,Pullup Jump shot,3PT Field Goal,Above the Break 3,Center(C),24+ ft.,26,-71,253,1,0,20251106,PHX,LAC,14610,0,201587|203078|1627739|1627826|1627884,0,REG,2026,1610612746,,,,,
22500182343,,Shot Chart Detail,22500182,343,1627739,Kris Dunn,1610612746,LA Clippers,3,10,57,Made Shot,Floating Jump shot,2PT Field Goal,In The Paint (Non-RA),Right Side(R),8-16 ft.,11,66,100,1,1,20251106,PHX,LAC,15030,0,201587|203078|1627739|1627826|1627884,0,REG,2026,1610612746,,,,,
22500182348,,Shot Chart Detail,22500182,348,1627826,Ivica Zubac,1610612746,LA Clippers,3,10,14,Missed Shot,Turnaround Hook Shot,2PT Field Goal,Restricted Area,Center(C),Less Than 8 ft.,2,-26,0,1,0,20251106,PHX,LAC,15460,0,201587|203078|1627739|1627826|1627884,0,REG,2026,1610612746,,,,,
22500182355,,Shot Chart Detail,22500182,355,203078,Bradley Beal,1610612746,LA Clippers,3,9,56,Missed Shot,Driving Layup Shot,2PT Field Goal,In The Paint (Non-RA),Center(C),Less Than 8 ft.,5,38,45,1,0,20251106,PHX,LAC,15640,0,201587|203078|1627739|1627826|1627884,0,REG,2026,1610612746,,,,,
22500182357,,Shot Chart Detail,22500182,357,1627826,Ivica Zubac,1610612746,LA Clippers,3,9,53,Made Shot,Tip Layup Shot,2PT Field Goal,Restricted Area,Center(C),Less Than 8 ft.,0,0,0,1,1,20251106,PHX,LAC,15670,0,201587|203078|1627739|1627826|1627884,0,REG,2026,1610612746,,,,,
22500182367,,Shot Chart Detail,22500182,367,1627826,Ivica Zubac,1610612746,LA Clippers,3,9,3,Made Shot,Turnaround Hook Shot,2PT Field Goal,In The Paint (Non-RA),Center(C),Less Than 8 ft.,5,20,55,1,1,20251106,PHX,LAC,16170,0,201587|203078|1627739|1627826|1627884,1,REG,2026,1610612746,,,,,
22500182373,,Shot Chart Detail,22500182,373,201587,Nicolas Batum,1610612746,LA Clippers,3,8,38,Missed Shot,Jump Shot,3PT Field Goal,Above the Break 3,Right Side Center(RC),24+ ft.,25,127,222,1,0,20251106,PHX,LAC,16420,0,201587|203078|1627739|1627826|1627884,0,REG,2026,1610612746,,,,,
22500182377,,Shot Chart Detail,22500182,377,1627739,Kris Dunn,1610612746,LA Clippers,3,8,9,Made Shot,Driving Layup Shot,2PT Field Goal,Restricted Area,Center(C),Less Than 8 ft.,1,-11,0,1,1,20251106,PHX,LAC,16710,0,201587|203078|1627739|1627826|1627884,0,REG,2026,1610612746,,,,,
22500182382,,Shot Chart Detail,22500182,382,201587,Nicolas Batum,1610612746,LA Clippers,3,7,34,Missed Shot,Jump Shot,3PT Field Goal,Above the Break 3,Left Side Center(LC),24+ ft.,24,-224,95,1,0,20251106,PHX,LAC,17060,0,201587|203078|1627739|1627826|1627884,0,REG,2026,1610612746,,,,,
22500182390,,Shot Chart Detail,22500182,390,203078,Bradley Beal,1610612746,LA Clippers,3,7,10,Missed Shot,Turnaround Fadeaway shot,2PT Field Goal,In The Paint (Non-RA),Center(C),8-16 ft.,10,48,88,1,0,20251106,PHX,LAC,17300,0,203078|1627739|1627826|1627884|1628381,0,REG,2026,1610612746,,,,,
22500182397,,Shot Chart Detail,22500182,397,1628381,John Collins,1610612746,LA Clippers,3,6,42,Missed Shot,Turnaround Hook Shot,2PT Field Goal,In The Paint (Non-RA),Right Side(R),8-16 ft.,8,77,43,1,0,20251106,PHX,LAC,17580,0,203078|1627739|1627826|1627884|1628381,0,REG,2026,1610612746,,,,,
22500182401,,Shot Chart Detail,22500182,401,1627826,Ivica Zubac,1610612746,LA Clippers,3,6,36,Missed Shot,Turnaround Hook Shot,2PT Field Goal,In The Paint (Non-RA),Center(C),8-16 ft.,9,29,88,1,0,20251106,PHX,LAC,17640,0,203078|1627739|1627826|1627884|1628381,0,REG,2026,1610612746,,,,,
22500182405,,Shot Chart Detail,22500182,405,1627884,Derrick Jones Jr.,1610612746,LA Clippers,3,6,20,Missed Shot,Jump Shot,3PT Field Goal,Above the Break 3,Right Side Center(RC),24+ ft.,25,180,177,1,0,20251106,PHX,LAC,17800,0,203078|1627739|1627826|1627884|1628381,0,REG,2026,1610612746,,,,,
22500182416,,Shot Chart Detail,22500182,416,1628381,John Collins,1610612746,LA Clippers,3,5,50,Missed Shot,Turnaround Hook Shot,2PT Field Goal,In The Paint (Non-RA),Right Side(R),8-16 ft.,8,80,15,1,0,20251106,PHX,LAC,18100,0,203992|1627739|1627826|1627884|1628381,0,REG,2026,1610612746,,,,,
22500182420,,Shot Chart Detail,22500182,420,1628381,John Collins,1610612746,LA Clippers,3,5,24,Missed Shot,Jump Shot,3PT Field Goal,Left Corner 3,Left Side(L),24+ ft.,22,-224,-20,1,0,20251106,PHX,LAC,18360,0,203992|1627739|1627826|1627884|1628381,0,REG,2026,1610612746,,,,,
22500182422,,Shot Chart Detail,22500182,422,1628381,John Collins,1610612746,LA Clippers,3,5,19,Made Shot,Driving Layup Shot,2PT Field Goal,Restricted Area,Center(C),Less Than 8 ft.,3,-2,30,1,1,20251106,PHX,LAC,18410,0,203992|1627739|1627826|1627884|1628381,0,REG,2026,1610612746,,,,,
22500182426,,Shot Chart Detail,22500182,426,1627884,Derrick Jones Jr.,1610612746,LA Clippers,3,4,41,Made Shot,Jump Shot,3PT Field Goal,Above the Break 3,Right Side Center(RC),24+ ft.,26,150,220,1,1,20251106,PHX,LAC,18790,0,203992|1627739|1627826|1627884|1628381,1,REG,2026,1610612746,,,,,
22500182474,,Shot Chart Detail,22500182,474,1628381,John Collins,1610612746,LA Clippers,3,2,7,Made Shot,Jump Shot,3PT Field Goal,Right Corner 3,Right Side(R),24+ ft.,24,237,40,1,1,20251106,PHX,LAC,20330,0,203992|1627826|1628381|1641738|1642353,1,REG,2026,1610612746,,,,,
22500182483,,Shot Chart Detail,22500182,483,1641738,Kobe Brown,1610612746,LA Clippers,3,1,9,Missed Shot,Jump Shot,3PT Field Goal,Right Corner 3,Right Side(R),24+ ft.,23,234,46,1,0,20251106,PHX,LAC,20910,0,203992|1627826|1628381|1641738|1642353,0,REG,2026,1610612746,,,,,
22500182538,,Shot Chart Detail,22500182,538,1628381,John Collins,1610612746,LA Clippers,4,11,6,Missed Shot,Driving Layup Shot,2PT Field Goal,In The Paint (Non-RA),Center(C),Less Than 8 ft.,7,47,52,1,0,20251106,PHX,LAC,22140,0,201572|203992|1628381|1641738|1642353,0,REG,2026,1610612746,,,,,
22500182540,,Shot Chart Detail,22500182,540,201572,Brook Lopez,1610612746,LA Clippers,4,11,1,Missed Shot,Jump Shot,3PT Field Goal,Above the Break 3,Left Side Center(LC),24+ ft.,26,-150,213,1,0,20251106,PHX,LAC,22190,0,201572|203992|1628381|1641738|1642353,0,REG,2026,1610612746,,,,,
22500182543,,Shot Chart Detail,22500182,543,1641738,Kobe Brown,1610612746,LA Clippers,4,10,58,Missed Shot,Putback Layup Shot,2PT Field Goal,Restricted Area,Center(C),Less Than 8 ft.,3,25,17,1,0,20251106,PHX,LAC,22220,0,201572|203992|1628381|1641738|1642353,0,REG,2026,1610612746,,,,,
22500182546,,Shot Chart Detail,22500182,546,201572,Brook Lopez,1610612746,LA Clippers,4,10,53,Missed Shot,Jump Shot,3PT Field Goal,Above the Break 3,Right Side Center(RC),24+ ft.,28,152,243,1,0,20251106,PHX,LAC,22270,0,201572|203992|1628381|1641738|1642353,0,REG,2026,1610612746,,,,,
22500182558,,Shot Chart Detail,22500182,558,203992,Bogdan Bogdanović,1610612746,LA Clippers,4,10,3,Made Shot,Step Back Jump shot,3PT Field Goal,Above the Break 3,Left Side Center(LC),24+ ft.,24,-132,205,1,1,20251106,PHX,LAC,22770,0,201572|203992|1628381|1641738|1642353,0,REG,2026,1610612746,,,,,
22500182572,,Shot Chart Detail,22500182,572,203992,Bogdan Bogdanović,1610612746,LA Clippers,4,8,59,Missed Shot,Step Back Jump shot,3PT Field Goal,Above the Break 3,Right Side Center(RC),24+ ft.,26,185,183,1,0,20251106,PHX,LAC,23410,0,201572|203992|1628381|1641738|1642353,0,REG,2026,1610612746,,,,,
22500182577,,Shot Chart Detail,22500182,577,1642353,Cam Christie,1610612746,LA Clippers,4,8,32,Missed Shot,Running Layup Shot,2PT Field Goal,In The Paint (Non-RA),Center(C),Less Than 8 ft.,4,43,14,1,0,20251106,PHX,LAC,23680,0,201572|203992|1628381|1641738|1642353,0,REG,2026,1610612746,,,,,
22500182581,,Shot Chart Detail,22500182,581,201572,Brook Lopez,1610612746,LA Clippers,4,8,6,Made Shot,Layup Shot,2PT Field Goal,Restricted Area,Center(C),Less Than 8 ft.,3,29,15,1,1,20251106,PHX,LAC,23940,0,201572|203992|1628381|1641738|1642353,1,REG,2026,1610612746,,,,,
22500182585,,Shot Chart Detail,22500182,585,1628381,John Collins,1610612746,LA Clippers,4,7,36,Made Shot,Turnaround Jump Shot,2PT Field Goal,Mid-Range,Right Side(R),16-24 ft.,16,159,53,1,1,20251106,PHX,LAC,24240,0,201572|203992|1628381|1641738|1642353,1,REG,2026,1610612746,,,,,
22500182589,,Shot Chart Detail,22500182,589,1642353,Cam Christie,1610612746,LA Clippers,4,7,14,Made Shot,Running Dunk Shot,2PT Field Goal,Restricted Area,Center(C),Less Than 8 ft.,1,16,5,1,1,20251106,PHX,LAC,24460,0,201572|203992|1628381|1641738|1642353,1,REG,2026,1610612746,,,,,
22500182626,,Shot Chart Detail,22500182,626,203992,Bogdan Bogdanović,1610612746,LA Clippers,4,5,51,Made Shot,Jump Shot,3PT Field Goal,Above the Break 3,Center(C),24+ ft.,25,36,257,1,1,20251106,PHX,LAC,25290,0,201572|203992|1641738|1642353|1643141,1,REG,2026,1610612746,,,,,
22500182635,,Shot Chart Detail,22500182,635,1642353,Cam Christie,1610612746,LA Clippers,4,4,55,Made Shot,Pullup Jump shot,3PT Field Goal,Above the Break 3,Center(C),24+ ft.,25,-64,243,1,1,20251106,PHX,LAC,25850,0,201572|203992|1641738|1642353|1643141,1,REG,2026,1610612746,,,,,
22500182639,,Shot Chart Detail,22500182,639,1642353,Cam Christie,1610612746,LA Clippers,4,4,14,Made Shot,Driving Finger Roll Layup Shot,2PT Field Goal,Restricted Area,Center(C),Less Than 8 ft.,3,38,-1,1,1,20251106,PHX,LAC,26260,0,201572|203992|1641738|1642353|1643141,0,REG,2026,1610612746,,,,,
22500182655,,Shot Chart Detail,22500182,655,1643141,Jahmyl Telfort,1610612746,LA Clippers,4,2,50,Missed Shot,Jump Shot,3PT Field Goal,Above the Break 3,Left Side Center(LC),24+ ft.,24,-214,126,1,0,20251106,PHX,LAC,27100,0,201572|203992|1641738|1642353|1643141,0,REG,2026,1610612746,,,,,
22500182667,,Shot Chart Detail,22500182,667,1642353,Cam Christie,1610612746,LA Clippers,4,2,6,Made Shot,Jump Shot,3PT Field Goal,Right Corner 3,Right Side(R),24+ ft.,23,230,68,1,1,20251106,PHX,LAC,27540,0,203992|1641738|1642353|1642949|1643141,1,REG,2026,1610612746,,,,,
22500182670,,Shot Chart Detail,22500182,670,1642949,Yanic Konan Niederhäuser,1610612746,LA Clippers,4,1,34,Made Shot,Turnaround Hook Shot,2PT Field Goal,In The Paint (Non-RA),Center(C),Less Than 8 ft.,4,26,31,1,1,20251106,PHX,LAC,27860,0,203992|1641738|1642353|1642949|1643141,1,REG,2026,1610612746,,,,,
22500182693,,Shot Chart Detail,22500182,693,1642949,Yanic Konan Niederhäuser,1610612746,LA Clippers,4,0,25,Made Shot,Dunk Shot,2PT Field Goal,Restricted Area,Center(C),Less Than 8 ft.,2,15,16,1,1,20251106,PHX,LAC,28550,0,203992|1641738|1642353|1642949|1643141,1,REG,2026,1610612746,,,,,
2250019013,,Shot Chart Detail,22500190,13,203078,Bradley Beal,1610612746,LA Clippers,1,10,58,Missed Shot,Running Layup Shot,2PT Field Goal,Restricted Area,Center(C),Less Than 8 ft.,2,-22,17,1,0,20251108,LAC,PHX,620,0,201935|203078|1627739|1627826|1627884,0,REG,2026,1610612746,,,,,
2250019020,,Shot Chart Detail,22500190,20,201935,James Harden,1610612746,LA Clippers,1,10,21,Missed Shot,Step Back Jump shot,3PT Field Goal,Above the Break 3,Center(C),24+ ft.,29,-59,289,1,0,20251108,LAC,PHX,990,0,201935|203078|1627739|1627826|1627884,0,REG,2026,1610612746,,,,,
2250019025,,Shot Chart Detail,22500190,25,1627826,Ivica Zubac,1610612746,LA Clippers,1,10,2,Made Shot,Driving Hook Shot,2PT Field Goal,In The Paint (Non-RA),Center(C),Less Than 8 ft.,4,48,13,1,1,20251108,LAC,PHX,1180,0,201935|203078|1627739|1627826|1627884,1,REG,2026,1610612746,,,,,
2250019029,,Shot Chart Detail,22500190,29,203078,Bradley Beal,1610612746,LA Clippers,1,9,37,Missed Shot,Jump Shot,3PT Field Goal,Above the Break 3,Right Side Center(RC),24+ ft.,25,197,160,1,0,20251108,LAC,PHX,1430,0,201935|203078|1627739|1627826|1627884,0,REG,2026,1610612746,,,,,
2250019044,,Shot Chart Detail,22500190,44,201935,James Harden,1610612746,LA Clippers,1,8,26,Made Shot,Pullup Jump shot,2PT Field Goal,Mid-Range,Right Side(R),8-16 ft.,12,118,29,1,1,20251108,LAC,PHX,2140,0,201935|203078|1627739|1627826|1627884,0,REG,2026,1610612746,,,,,
2250019049,,Shot Chart Detail,22500190,49,203078,Bradley Beal,1610612746,LA Clippers,1,8,0,Made Shot,Driving Floating Jump Shot,2PT Field Goal,In The Paint (Non-RA),Center(C),Less Than 8 ft.,4,-39,28,1,1,20251108,LAC,PHX,2400,0,201935|203078|1627739|1627826|1627884,0,REG,2026,1610612746,,,,,
2250019051,,Shot Chart Detail,22500190,51,1627884,Derrick Jones Jr.,1610612746,LA Clippers,1,7,37,Missed Shot,Jump Shot,3PT Field Goal,Left Corner 3,Left Side(L),24+ ft.,23,-228,37,1,0,20251108,LAC,PHX,2630,0,201935|203078|1627739|1627826|1627884,0,REG,2026,1610612746,,,,,
2250019056,,Shot Chart Detail,22500190,56,201935,James Harden,1610612746,LA Clippers,1,7,7,Made Shot,Pullup Jump shot,3PT Field Goal,Above the Break 3,Right Side Center(RC),24+ ft.,25,138,218,1,1,20251108,LAC,PHX,2930,0,201935|203078|1627739|1627826|1627884,0,REG,2026,1610612746,,,,,
2250019059,,Shot Chart Detail,22500190,59,1627826,Ivica Zubac,1610612746,LA Clippers,1,6,23,Made Shot,Driving Hook Shot,2PT Field Goal,In The Paint (Non-RA),Center(C),Less Than 8 ft.,6,32,60,1,1,20251108,LAC,PHX,3370,0,201935|203078|1627739|1627826|1627884,0,REG,2026,1610612746,,,,,
2250019075,,Shot Chart Detail,22500190,75,1627884,Derrick Jones Jr.,1610612746,LA Clippers,1,5,46,Missed Shot,Step Back Jump shot,3PT Field Goal,Above the Break 3,Left Side Center(LC),24+ ft.,25,-199,159,1,0,20251108,LAC,PHX,3740,0,201572|201935|203078|1627884|1642353,0,REG,2026,1610612746,,,,,
2250019080,,Shot Chart Detail,22500190,80,1642353,Cam Christie,1610612746,LA Clippers,1,5,20,Made Shot,Cutting Layup Shot,2PT Field Goal,Restricted Area,Center(C),Less Than 8 ft.,1,2,15,1,1,20251108,LAC,PHX,4000,0,201572|201935|203078|1627884|1642353,1,REG,2026,1610612746,,,,,
2250019086,,Shot Chart Detail,22500190,86,1642353,Cam Christie,1610612746,LA Clippers,1,4,49,Missed Shot,Jump Shot,3PT Field Goal,Above the Break 3,Right Side Center(RC),24+ ft.,25,170,195,1,0,20251108,LAC,PHX,4310,0,201572|201935|203078|1627884|1642353,0,REG,2026,1610612746,,,,,
2250019090,,Shot Chart Detail,22500190,90,1627884,Derrick Jones Jr.,1610612746,LA Clippers,1,4,9,Made Shot,Driving Layup Shot,2PT Field Goal,Restricted Area,Center(C),Less Than 8 ft.,2,-25,16,1,1,20251108,LAC,PHX,4710,0,201572|201935|203078|1627884|1642353,1,REG,2026,1610612746,,,,,
22500190105,,Shot Chart Detail,22500190,105,201572,Brook Lopez,1610612746,LA Clippers,1,3,29,Made Shot,Fadeaway Jump Shot,2PT Field Goal,Mid-Range,Left Side(L),8-16 ft.,13,-116,62,1,1,20251108,LAC,PHX,5110,0,201572|201935|1627884|1628381|1642353,0,REG,2026,1610612746,,,,,
22500190108,,Shot Chart Detail,22500190,108,201572,Brook Lopez,1610612746,LA Clippers,1,3,7,Made Shot,Jump Bank Shot,2PT Field Goal,Mid-Range,Right Side(R),8-16 ft.,12,109,59,1,1,20251108,LAC,PHX,5330,0,201572|201935|1627884|1628381|1642353,0,REG,2026,1610612746,,,,,
22500190116,,Shot Chart Detail,22500190,116,201935,James Harden,1610612746,LA Clippers,1,2,32,Made Shot,Driving Layup Shot,2PT Field Goal,Restricted Area,Center(C),Less Than 8 ft.,2,-18,21,1,1,20251108,LAC,PHX,5680,0,201572|201587|201935|1628381|1642353,0,REG,2026,1610612746,,,,,
22500190120,,Shot Chart Detail,22500190,120,201572,Brook Lopez,1610612746,LA Clippers,1,1,54,Made Shot,Driving Layup Shot,2PT Field Goal,Restricted Area,Center(C),Less Than 8 ft.,3,26,17,1,1,20251108,LAC,PHX,6060,0,201572|201587|201935|1628381|1642353,0,REG,2026,1610612746,,,,,
22500190123,,Shot Chart Detail,22500190,123,1628381,John Collins,1610612746,LA Clippers,1,1,26,Made Shot,Layup Shot,2PT Field Goal,Restricted Area,Center(C),Less Than 8 ft.,2,-11,17,1,1,20251108,LAC,PHX,6340,0,201572|201587|201935|1628381|1642353,0,REG,2026,1610612746,,,,,
22500190131,,Shot Chart Detail,22500190,131,201935,James Harden,1610612746,LA Clippers,1,0,58,Missed Shot,Driving Floating Jump Shot,2PT Field Goal,In The Paint (Non-RA),Center(C),Less Than 8 ft.,6,-16,64,1,0,20251108,LAC,PHX,6620,0,201572|201587|201935|1628381|1642353,0,REG,2026,1610612746,,,,,
22500190133,,Shot Chart Detail,22500190,133,1642353,Cam Christie,1610612746,LA Clippers,1,0,57,Made Shot,Tip Layup Shot,2PT Field Goal,Restricted Area,Center(C),Less Than 8 ft.,0,0,0,1,1,20251108,LAC,PHX,6630,0,201572|201587|201935|1628381|1642353,0,REG,2026,1610612746,,,,,
22500190142,,Shot Chart Detail,22500190,142,201935,James Harden,1610612746,LA Clippers,1,0,0,Missed Shot,Jump Shot,3PT Field Goal,Above the Break 3,Right Side Center(RC),24+ ft.,29,178,236,1,0,20251108,LAC,PHX,7200,0,201572|201587|201935|1628381|1642353,0,REG,2026,1610612746,,,,,
22500190156,,Shot Chart Detail,22500190,156,1628381,John Collins,1610612746,LA Clippers,2,11,44,Made Shot,Driving Layup Shot,2PT Field Goal,Restricted Area,Center(C),Less Than 8 ft.,2,22,17,1,1,20251108,LAC,PHX,7360,0,201587|203078|1627739|1627826|1628381,1,REG,2026,1610612746,,,,,
22500190167,,Shot Chart Detail,22500190,167,203078,Bradley Beal,1610612746,LA Clippers,2,10,35,Missed Shot,Step Back Jump shot,3PT Field Goal,Above the Break 3,Left Side Center(LC),24+ ft.,26,-185,195,1,0,20251108,LAC,PHX,8050,0,201587|203078|1627739|1627826|1628381,0,REG,2026,1610612746,,,,,
22500190173,,Shot Chart Detail,22500190,173,1627739,Kris Dunn,1610612746,LA Clippers,2,9,53,Made Shot,Reverse Layup Shot,2PT Field Goal,Restricted Area,Center(C),Less Than 8 ft.,2,-17,12,1,1,20251108,LAC,PHX,8470,0,201587|203078|1627739|1627826|1628381,1,REG,2026,1610612746,,,,,
22500190180,,Shot Chart Detail,22500190,180,203078,Bradley Beal,1610612746,LA Clippers,2,9,13,Missed Shot,Turnaround Fadeaway shot,2PT Field Goal,Mid-Range,Right Side(R),8-16 ft.,13,126,43,1,0,20251108,LAC,PHX,8870,0,201587|203078|1627739|1627826|1628381,0,REG,2026,1610612746,,,,,
22500190184,,Shot Chart Detail,22500190,184,1628381,John Collins,1610612746,LA Clippers,2,8,44,Missed Shot,Turnaround Fadeaway shot,2PT Field Goal,Mid-Range,Right Side(R),8-16 ft.,9,92,18,1,0,20251108,LAC,PHX,9160,0,201587|203078|1627739|1627826|1628381,0,REG,2026,1610612746,,,,,
22500190197,,Shot Chart Detail,22500190,197,201587,Nicolas Batum,1610612746,LA Clippers,2,7,38,Missed Shot,Jump Shot,3PT Field Goal,Above the Break 3,Left Side Center(LC),24+ ft.,25,-114,231,1,0,20251108,LAC,PHX,9820,0,201587|203078|1627739|1627826|1628381,0,REG,2026,1610612746,,,,,
22500190200,,Shot Chart Detail,22500190,200,1627826,Ivica Zubac,1610612746,LA Clippers,2,7,27,Missed Shot,Putback Layup Shot,2PT Field Goal,In The Paint (Non-RA),Center(C),Less Than 8 ft.,4,9,42,1,0,20251108,LAC,PHX,9930,0,201587|203078|1627739|1627826|1628381,0,REG,2026,1610612746,,,,,
22500190203,,Shot Chart Detail,22500190,203,1628381,John Collins,1610612746,LA Clippers,2,7,23,Made Shot,Tip Layup Shot,2PT Field Goal,Restricted Area,Center(C),Less Than 8 ft.,2,-7,21,1,1,20251108,LAC,PHX,9970,0,201587|203078|1627739|1627826|1628381,0,REG,2026,1610612746,,,,,
22500190223,,Shot Chart Detail,22500190,223,1627826,Ivica Zubac,1610612746,LA Clippers,2,6,33,Made Shot,Running Alley Oop Dunk Shot,2PT Field Goal,Restricted Area,Center(C),Less Than 8 ft.,1,-5,17,1,1,20251108,LAC,PHX,10470,0,201587|203078|1627739|1627826|1628381,1,REG,2026,1610612746,,,,,
22500190231,,Shot Chart Detail,22500190,231,1628381,John Collins,1610612746,LA Clippers,2,6,7,Made Shot,Driving Layup Shot,2PT Field Goal,Restricted Area,Center(C),Less Than 8 ft.,1,11,15,1,1,20251108,LAC,PHX,10730,0,201587|203078|1627739|1627826|1628381,0,REG,2026,1610612746,,,,,
22500190243,,Shot Chart Detail,22500190,243,1627884,Derrick Jones Jr.,1610612746,LA Clippers,2,5,31,Missed Shot,Jump Shot,3PT Field Goal,Above the Break 3,Right Side Center(RC),24+ ft.,25,162,202,1,0,20251108,LAC,PHX,11090,0,201935|1627739|1627826|1627884|1628381,0,REG,2026,1610612746,,,,,
22500190252,,Shot Chart Detail,22500190,252,1627826,Ivica Zubac,1610612746,LA Clippers,2,5,0,Made Shot,Hook Shot,2PT Field Goal,In The Paint (Non-RA),Center(C),Less Than 8 ft.,6,36,53,1,1,20251108,LAC,PHX,11400,0,201935|1627826|1627884|1628381|1642353,1,REG,2026,1610612746,,,,,
22500190256,,Shot Chart Detail,22500190,256,201935,James Harden,1610612746,LA Clippers,2,4,41,Missed Shot,Jump Shot,3PT Field Goal,Above the Break 3,Right Side Center(RC),24+ ft.,25,153,207,1,0,20251108,LAC,PHX,11590,0,201935|1627826|1627884|1628381|1642353,0,REG,2026,1610612746,,,,,
22500190271,,Shot Chart Detail,22500190,271,201935,James Harden,1610612746,LA Clippers,2,4,0,Missed Shot,Jump Shot,3PT Field Goal,Above the Break 3,Left Side Center(LC),24+ ft.,25,-103,233,1,0,20251108,LAC,PHX,12000,0,201587|201935|1627826|1627884|1642353,0,REG,2026,1610612746,,,,,
22500190282,,Shot Chart Detail,22500190,282,1627884,Derrick Jones Jr.,1610612746,LA Clippers,2,2,59,Missed Shot,Jump Shot,3PT Field Goal,Above the Break 3,Left Side Center(LC),24+ ft.,25,-180,183,1,0,20251108,LAC,PHX,12610,0,201587|201935|1627826|1627884|1642353,0,REG,2026,1610612746,,,,,
22500190296,,Shot Chart Detail,22500190,296,201935,James Harden,1610612746,LA Clippers,2,1,47,Missed Shot,Driving Floating Jump Shot,2PT Field Goal,In The Paint (Non-RA),Center(C),Less Than 8 ft.,6,16,60,1,0,20251108,LAC,PHX,13330,0,201587|201935|1627826|1627884|1642353,0,REG,2026,1610612746,,,,,
22500190309,,Shot Chart Detail,22500190,309,201587,Nicolas Batum,1610612746,LA Clippers,2,0,5,Missed Shot,Jump Shot,3PT Field Goal,Left Corner 3,Left Side(L),24+ ft.,23,-229,41,1,0,20251108,LAC,PHX,14350,0,201587|201935|1627826|1627884|1642353,0,REG,2026,1610612746,,,,,
22500190323,,Shot Chart Detail,22500190,323,1627826,Ivica Zubac,1610612746,LA Clippers,3,11,45,Made Shot,Dunk Shot,2PT Field Goal,Restricted Area,Center(C),Less Than 8 ft.,1,-15,9,1,1,20251108,LAC,PHX,14550,0,201935|203078|1627739|1627826|1627884,1,REG,2026,1610612746,,,,,
22500190326,,Shot Chart Detail,22500190,326,1627739,Kris Dunn,1610612746,LA Clippers,3,11,9,Missed Shot,Jump Shot,3PT Field Goal,Right Corner 3,Right Side(R),24+ ft.,23,229,22,1,0,20251108,LAC,PHX,14910,0,201935|203078|1627739|1627826|1627884,0,REG,2026,1610612746,,,,,
22500190330,,Shot Chart Detail,22500190,330,201935,James Harden,1610612746,LA Clippers,3,10,50,Made Shot,Running Jump Shot,3PT Field Goal,Above the Break 3,Right Side Center(RC),24+ ft.,25,213,132,1,1,20251108,LAC,PHX,15100,0,201935|203078|1627739|1627826|1627884,1,REG,2026,1610612746,,,,,
22500190333,,Shot Chart Detail,22500190,333,1627739,Kris Dunn,1610612746,LA Clippers,3,10,6,Missed Shot,Driving Floating Jump Shot,2PT Field Goal,In The Paint (Non-RA),Center(C),8-16 ft.,14,26,138,1,0,20251108,LAC,PHX,15540,0,201935|203078|1627739|1627826|1627884,0,REG,2026,1610612746,,,,,
22500190349,,Shot Chart Detail,22500190,349,201935,James Harden,1610612746,LA Clippers,3,9,7,Missed Shot,Step Back Jump shot,3PT Field Goal,Above the Break 3,Left Side Center(LC),24+ ft.,24,-218,113,1,0,20251108,LAC,PHX,16130,0,201935|203078|1627739|1627826|1627884,0,REG,2026,1610612746,,,,,
22500190354,,Shot Chart Detail,22500190,354,203078,Bradley Beal,1610612746,LA Clippers,3,8,38,Made Shot,Jump Shot,3PT Field Goal,Above the Break 3,Right Side Center(RC),24+ ft.,25,205,155,1,1,20251108,LAC,PHX,16420,0,201935|203078|1627739|1627826|1627884,1,REG,2026,1610612746,,,,,
22500190357,,Shot Chart Detail,22500190,357,203078,Bradley Beal,1610612746,LA Clippers,3,8,12,Made Shot,Jump Shot,3PT Field Goal,Above the Break 3,Left Side Center(LC),24+ ft.,24,-172,177,1,1,20251108,LAC,PHX,16680,0,201935|203078|1627739|1627826|1627884,1,REG,2026,1610612746,,,,,
22500190362,,Shot Chart Detail,22500190,362,1627826,Ivica Zubac,1610612746,LA Clippers,3,7,46,Made Shot,Floating Jump shot,2PT Field Goal,In The Paint (Non-RA),Center(C),Less Than 8 ft.,7,44,66,1,1,20251108,LAC,PHX,16940,0,201935|203078|1627739|1627826|1627884,1,REG,2026,1610612746,,,,,
22500190367,,Shot Chart Detail,22500190,367,1627884,Derrick Jones Jr.,1610612746,LA Clippers,3,7,10,Made Shot,Floating Jump shot,2PT Field Goal,In The Paint (Non-RA),Center(C),Less Than 8 ft.,5,42,32,1,1,20251108,LAC,PHX,17300,0,201935|203078|1627739|1627826|1627884,1,REG,2026,1610612746,,,,,
22500190376,,Shot Chart Detail,22500190,376,203078,Bradley Beal,1610612746,LA Clippers,3,6,44,Missed Shot,Floating Jump shot,2PT Field Goal,In The Paint (Non-RA),Center(C),8-16 ft.,13,56,127,1,0,20251108,LAC,PHX,17560,0,201935|203078|1627739|1627826|1627884,0,REG,2026,1610612746,,,,,
22500190383,,Shot Chart Detail,22500190,383,203078,Bradley Beal,1610612746,LA Clippers,3,6,16,Made Shot,Driving Layup Shot,2PT Field Goal,Restricted Area,Center(C),Less Than 8 ft.,2,18,11,1,1,20251108,LAC,PHX,17840,0,201935|203078|1627739|1627826|1627884,1,REG,2026,1610612746,,,,,
22500190391,,Shot Chart Detail,22500190,391,1627826,Ivica Zubac,1610612746,LA Clippers,3,5,38,Made Shot,Hook Shot,2PT Field Goal,In The Paint (Non-RA),Center(C),Less Than 8 ft.,5,11,53,1,1,20251108,LAC,PHX,18220,0,201935|1627739|1627826|1627884|1642353,1,REG,2026,1610612746,,,,,
22500190413,,Shot Chart Detail,22500190,413,1628381,John Collins,1610612746,LA Clippers,3,4,19,Made Shot,Jump Shot,3PT Field Goal,Right Corner 3,Right Side(R),24+ ft.,23,228,62,1,1,20251108,LAC,PHX,19010,0,201572|201935|1627884|1628381|1642353,1,REG,2026,1610612746,,,,,
22500190433,,Shot Chart Detail,22500190,433,1627884,Derrick Jones Jr.,1610612746,LA Clippers,3,3,43,Missed Shot,Running Layup Shot,2PT Field Goal,Restricted Area,Center(C),Less Than 8 ft.,3,22,21,1,0,20251108,LAC,PHX,19370,0,201572|201935|1627884|1628381|1642353,0,REG,2026,1610612746,,,,,
22500190441,,Shot Chart Detail,22500190,441,1642353,Cam Christie,1610612746,LA Clippers,3,3,28,Missed Shot,Jump Shot,3PT Field Goal,Left Corner 3,Left Side(L),24+ ft.,22,-227,9,1,0,20251108,LAC,PHX,19520,0,201572|201935|1627884|1628381|1642353,0,REG,2026,1610612746,,,,,
22500190455,,Shot Chart Detail,22500190,455,1628381,John Collins,1610612746,LA Clippers,3,2,37,Made Shot,Layup Shot,2PT Field Goal,Restricted Area,Center(C),Less Than 8 ft.,2,18,11,1,1,20251108,LAC,PHX,20030,0,201572|201935|1627884|1628381|1642353,1,REG,2026,1610612746,,,,,
22500190460,,Shot Chart Detail,22500190,460,1642353,Cam Christie,1610612746,LA Clippers,3,1,57,Made Shot,Jump Shot,3PT Field Goal,Above the Break 3,Center(C),24+ ft.,24,1,245,1,1,20251108,LAC,PHX,20430,0,201572|201935|1627884|1628381|1642353,1,REG,2026,1610612746,,,,,
22500190471,,Shot Chart Detail,22500190,471,201572,Brook Lopez,1610612746,LA Clippers,3,1,0,Made Shot,Turnaround Fadeaway Bank Jump Shot,2PT Field Goal,Mid-Range,Left Side(L),8-16 ft.,13,-130,38,1,1,20251108,LAC,PHX,21000,0,201572|1627739|1627884|1628381|1642353,0,REG,2026,1610612746,,,,,
22500190474,,Shot Chart Detail,22500190,474,1627739,Kris Dunn,1610612746,LA Clippers,3,0,31,Made Shot,Driving Bank Hook Shot,2PT Field Goal,In The Paint (Non-RA),Center(C),Less Than 8 ft.,5,39,40,1,1,20251108,LAC,PHX,21290,0,201572|1627739|1627884|1628381|1642353,0,REG,2026,1610612746,,,,,
22500190501,,Shot Chart Detail,22500190,501,201572,Brook Lopez,1610612746,LA Clippers,4,11,24,Missed Shot,Jump Shot,3PT Field Goal,Right Corner 3,Right Side(R),24+ ft.,22,228,26,1,0,20251108,LAC,PHX,21960,0,201572|201587|201935|1627739|1628381,0,REG,2026,1610612746,,,,,
22500190507,,Shot Chart Detail,22500190,507,201935,James Harden,1610612746,LA Clippers,4,10,46,Missed Shot,Jump Shot,3PT Field Goal,Above the Break 3,Left Side Center(LC),24+ ft.,27,-173,208,1,0,20251108,LAC,PHX,22340,0,201572|201587|201935|1627739|1628381,0,REG,2026,1610612746,,,,,
22500190521,,Shot Chart Detail,22500190,521,201935,James Harden,1610612746,LA Clippers,4,9,49,Missed Shot,Step Back Jump shot,2PT Field Goal,Mid-Range,Center(C),8-16 ft.,15,12,152,1,0,20251108,LAC,PHX,22910,0,201587|201935|1627739|1627826|1628381,0,REG,2026,1610612746,,,,,
22500190525,,Shot Chart Detail,22500190,525,1628381,John Collins,1610612746,LA Clippers,4,9,10,Made Shot,Jump Shot,3PT Field Goal,Above the Break 3,Left Side Center(LC),24+ ft.,24,-112,221,1,1,20251108,LAC,PHX,23300,0,201587|201935|1627739|1627826|1628381,1,REG,2026,1610612746,,,,,
22500190528,,Shot Chart Detail,22500190,528,1628381,John Collins,1610612746,LA Clippers,4,8,24,Made Shot,Driving Layup Shot,2PT Field Goal,Restricted Area,Center(C),Less Than 8 ft.,3,26,15,1,1,20251108,LAC,PHX,23760,0,201587|201935|1627739|1627826|1628381,1,REG,2026,1610612746,,,,,
22500190532,,Shot Chart Detail,22500190,532,1628381,John Collins,1610612746,LA Clippers,4,8,7,Missed Shot,Running Jump Shot,3PT Field Goal,Above the Break 3,Left Side Center(LC),24+ ft.,24,-203,138,1,0,20251108,LAC,PHX,23930,0,201587|201935|1627739|1627826|1628381,0,REG,2026,1610612746,,,,,
22500190543,,Shot Chart Detail,22500190,543,1627826,Ivica Zubac,1610612746,LA Clippers,4,7,32,Made Shot,Hook Shot,2PT Field Goal,In The Paint (Non-RA),Right Side(R),8-16 ft.,10,64,82,1,1,20251108,LAC,PHX,24280,0,201587|201935|1627739|1627826|1628381,1,REG,2026,1610612746,,,,,
22500190552,,Shot Chart Detail,22500190,552,201587,Nicolas Batum,1610612746,LA Clippers,4,6,50,Made Shot,Jump Shot,3PT Field Goal,Left Corner 3,Left Side(L),24+ ft.,23,-229,37,1,1,20251108,LAC,PHX,24700,0,201587|201935|1627739|1627826|1628381,1,REG,2026,1610612746,,,,,
22500190556,,Shot Chart Detail,22500190,556,201935,James Harden,1610612746,LA Clippers,4,6,21,Missed Shot,Step Back Jump shot,3PT Field Goal,Above the Break 3,Right Side Center(RC),24+ ft.,24,181,162,1,0,20251108,LAC,PHX,24990,0,201587|201935|1627739|1627826|1628381,0,REG,2026,1610612746,,,,,
22500190559,,Shot Chart Detail,22500190,559,201587,Nicolas Batum,1610612746,LA Clippers,4,5,49,Made Shot,Jump Shot,3PT Field Goal,Above the Break 3,Center(C),24+ ft.,25,28,252,1,1,20251108,LAC,PHX,25310,0,201587|201935|1627739|1627826|1628381,1,REG,2026,1610612746,,,,,
22500190567,,Shot Chart Detail,22500190,567,201587,Nicolas Batum,1610612746,LA Clippers,4,5,12,Made Shot,Jump Shot,3PT Field Goal,Above the Break 3,Center(C),24+ ft.,25,51,248,1,1,20251108,LAC,PHX,25680,0,201587|201935|1627739|1627826|1628381,1,REG,2026,1610612746,,,,,
22500190573,,Shot Chart Detail,22500190,573,1627739,Kris Dunn,1610612746,LA Clippers,4,4,27,Made Shot,Layup Shot,2PT Field Goal,Restricted Area,Center(C),Less Than 8 ft.,2,27,13,1,1,20251108,LAC,PHX,26130,0,201587|201935|1627739|1627826|1628381,1,REG,2026,1610612746,,,,,
22500190579,,Shot Chart Detail,22500190,579,1627826,Ivica Zubac,1610612746,LA Clippers,4,3,54,Made Shot,Driving Dunk Shot,2PT Field Goal,Restricted Area,Center(C),Less Than 8 ft.,1,-9,13,1,1,20251108,LAC,PHX,26460,0,201587|201935|1627739|1627826|1628381,1,REG,2026,1610612746,,,,,
22500190583,,Shot Chart Detail,22500190,583,1627826,Ivica Zubac,1610612746,LA Clippers,4,3,12,Missed Shot,Turnaround Hook Shot,2PT Field Goal,In The Paint (Non-RA),Center(C),Less Than 8 ft.,6,-1,66,1,0,20251108,LAC,PHX,26880,0,201587|201935|1627739|1627826|1628381,0,REG,2026,1610612746,,,,,
22500190598,,Shot Chart Detail,22500190,598,1628381,John Collins,1610612746,LA Clippers,4,2,37,Missed Shot,Hook Shot,2PT Field Goal,Mid-Range,Right Side(R),8-16 ft.,8,83,14,1,0,20251108,LAC,PHX,27230,0,201587|201935|1627739|1627826|1628381,0,REG,2026,1610612746,,,,,
22500190603,,Shot Chart Detail,22500190,603,201935,James Harden,1610612746,LA Clippers,4,2,2,Missed Shot,Pullup Jump shot,3PT Field Goal,Above the Break 3,Center(C),24+ ft.,35,18,351,1,0,20251108,LAC,PHX,27580,0,201587|201935|1627739|1627826|1628381,0,REG,2026,1610612746,,,,,
22500190608,,Shot Chart Detail,22500190,608,201587,Nicolas Batum,1610612746,LA Clippers,4,1,26,Missed Shot,Jump Shot,3PT Field Goal,Left Corner 3,Left Side(L),24+ ft.,23,-230,14,1,0,20251108,LAC,PHX,27940,0,201587|201935|1627739|1627826|1628381,0,REG,2026,1610612746,,,,,
22500190610,,Shot Chart Detail,22500190,610,1627826,Ivica Zubac,1610612746,LA Clippers,4,1,25,Made Shot,Tip Layup Shot,2PT Field Goal,Restricted Area,Center(C),Less Than 8 ft.,0,0,0,1,1,20251108,LAC,PHX,27950,0,201587|201935|1627739|1627826|1628381,0,REG,2026,1610612746,,,,,
22500190616,,Shot Chart Detail,22500190,616,201587,Nicolas Batum,1610612746,LA Clippers,4,0,42,Missed Shot,Jump Shot,3PT Field Goal,Left Corner 3,Left Side(L),24+ ft.,22,-225,29,1,0,20251108,LAC,PHX,28380,0,201587|201935|1627739|1627826|1628381,0,REG,2026,1610612746,,,,,
22500190619,,Shot Chart Detail,22500190,619,1628381,John Collins,1610612746,LA Clippers,4,0,6,Missed Shot,Pullup Jump shot,2PT Field Goal,In The Paint (Non-RA),Center(C),8-16 ft.,11,-33,115,1,0,20251108,LAC,PHX,28740,0,201587|201935|1627739|1627826|1628381,0,REG,2026,1610612746,,,,,
2250020611,,Shot Chart Detail,22500206,11,1627739,Kris Dunn,1610612746,LA Clippers,1,11,5,Made Shot,Driving Layup Shot,2PT Field Goal,Restricted Area,Center(C),Less Than 8 ft.,3,-29,13,1,1,20251110,LAC,ATL,550,0,201935|1627739|1627826|1627884|1628381,0,REG,2026,1610612746,,,,,
2250020614,,Shot Chart Detail,22500206,14,1628381,John Collins,1610612746,LA Clippers,1,10,43,Missed Shot,Driving Reverse Layup Shot,2PT Field Goal,Restricted Area,Center(C),Less Than 8 ft.,3,-12,29,1,0,20251110,LAC,ATL,770,0,201935|1627739|1627826|1627884|1628381,0,REG,2026,1610612746,,,,,
2250020635,,Shot Chart Detail,22500206,35,1628381,John Collins,1610612746,LA Clippers,1,10,39,Made Shot,Putback Layup Shot,2PT Field Goal,In The Paint (Non-RA),Center(C),Less Than 8 ft.,4,-40,0,1,1,20251110,LAC,ATL,810,0,201935|1627739|1627826|1627884|1628381,0,REG,2026,1610612746,,,,,
2250020620,,Shot Chart Detail,22500206,20,1627826,Ivica Zubac,1610612746,LA Clippers,1,9,59,Made Shot,Hook Shot,2PT Field Goal,In The Paint (Non-RA),Center(C),8-16 ft.,11,-11,111,1,1,20251110,LAC,ATL,1210,0,201935|1627739|1627826|1627884|1628381,1,REG,2026,1610612746,,,,,
2250020624,,Shot Chart Detail,22500206,24,1627826,Ivica Zubac,1610612746,LA Clippers,1,9,22,Made Shot,Hook Shot,2PT Field Goal,Restricted Area,Center(C),Less Than 8 ft.,3,-7,36,1,1,20251110,LAC,ATL,1580,0,201935|1627739|1627826|1627884|1628381,1,REG,2026,1610612746,,,,,
2250020628,,Shot Chart Detail,22500206,28,1628381,John Collins,1610612746,LA Clippers,1,8,49,Missed Shot,Jump Shot,3PT Field Goal,Above the Break 3,Right Side Center(RC),24+ ft.,27,143,231,1,0,20251110,LAC,ATL,1910,0,201935|1627739|1627826|1627884|1628381,0,REG,2026,1610612746,,,,,
2250020630,,Shot Chart Detail,22500206,30,1627884,Derrick Jones Jr.,1610612746,LA Clippers,1,8,44,Missed Shot,Driving Layup Shot,2PT Field Goal,Restricted Area,Center(C),Less Than 8 ft.,3,-10,34,1,0,20251110,LAC,ATL,1960,0,201935|1627739|1627826|1627884|1628381,0,REG,2026,1610612746,,,,,
2250020632,,Shot Chart Detail,22500206,32,1627884,Derrick Jones Jr.,1610612746,LA Clippers,1,8,41,Made Shot,Tip Layup Shot,2PT Field Goal,Restricted Area,Center(C),Less Than 8 ft.,0,0,0,1,1,20251110,LAC,ATL,1990,0,201935|1627739|1627826|1627884|1628381,0,REG,2026,1610612746,,,,,
2250020638,,Shot Chart Detail,22500206,38,1627884,Derrick Jones Jr.,1610612746,LA Clippers,1,8,1,Missed Shot,Jump Shot,3PT Field Goal,Above the Break 3,Left Side Center(LC),24+ ft.,27,-158,221,1,0,20251110,LAC,ATL,2390,0,201935|1627739|1627826|1627884|1628381,0,REG,2026,1610612746,,,,,
2250020642,,Shot Chart Detail,22500206,42,1627884,Derrick Jones Jr.,1610612746,LA Clippers,1,7,33,Missed Shot,Jump Shot,3PT Field Goal,Above the Break 3,Left Side Center(LC),24+ ft.,27,-203,184,1,0,20251110,LAC,ATL,2670,0,201935|1627739|1627826|1627884|1628381,0,REG,2026,1610612746,,,,,
2250020644,,Shot Chart Detail,22500206,44,201935,James Harden,1610612746,LA Clippers,1,7,23,Made Shot,Step Back Jump shot,2PT Field Goal,Mid-Range,Right Side(R),8-16 ft.,15,123,88,1,1,20251110,LAC,ATL,2770,0,201935|1627739|1627826|1627884|1628381,0,REG,2026,1610612746,,,,,
2250020651,,Shot Chart Detail,22500206,51,1627739,Kris Dunn,1610612746,LA Clippers,1,6,47,Missed Shot,Jump Shot,3PT Field Goal,Above the Break 3,Left Side Center(LC),24+ ft.,27,-143,230,1,0,20251110,LAC,ATL,3130,0,201935|1627739|1627826|1627884|1628381,0,REG,2026,1610612746,,,,,
2250020656,,Shot Chart Detail,22500206,56,1628381,John Collins,1610612746,LA Clippers,1,6,8,Missed Shot,Fadeaway Jump Shot,2PT Field Goal,In The Paint (Non-RA),Right Side(R),8-16 ft.,9,60,69,1,0,20251110,LAC,ATL,3520,0,201935|1627739|1627826|1627884|1628381,0,REG,2026,1610612746,,,,,
2250020661,,Shot Chart Detail,22500206,61,201935,James Harden,1610612746,LA Clippers,1,5,52,Missed Shot,Jump Shot,3PT Field Goal,Above the Break 3,Center(C),24+ ft.,27,-59,270,1,0,20251110,LAC,ATL,3680,0,201935|1627739|1627826|1627884|1628381,0,REG,2026,1610612746,,,,,
2250020663,,Shot Chart Detail,22500206,63,1627826,Ivica Zubac,1610612746,LA Clippers,1,5,47,Made Shot,Putback Layup Shot,2PT Field Goal,Restricted Area,Center(C),Less Than 8 ft.,1,-4,13,1,1,20251110,LAC,ATL,3730,0,201935|1627739|1627826|1627884|1628381,0,REG,2026,1610612746,,,,,
2250020677,,Shot Chart Detail,22500206,77,1628381,John Collins,1610612746,LA Clippers,1,5,10,Missed Shot,Jump Shot,3PT Field Goal,Above the Break 3,Right Side Center(RC),24+ ft.,27,167,215,1,0,20251110,LAC,ATL,4100,0,201572|201935|1627884|1628381|1642353,0,REG,2026,1610612746,,,,,
2250020683,,Shot Chart Detail,22500206,83,201572,Brook Lopez,1610612746,LA Clippers,1,4,49,Made Shot,Jump Shot,3PT Field Goal,Above the Break 3,Right Side Center(RC),24+ ft.,28,138,247,1,1,20251110,LAC,ATL,4310,0,201572|201935|1627884|1628381|1642353,1,REG,2026,1610612746,,,,,
22500206105,,Shot Chart Detail,22500206,105,201935,James Harden,1610612746,LA Clippers,1,3,44,Made Shot,Step Back Jump shot,3PT Field Goal,Above the Break 3,Left Side Center(LC),24+ ft.,26,-185,194,1,1,20251110,LAC,ATL,4960,0,201572|201587|201935|1627884|1642353,1,REG,2026,1610612746,,,,,
22500206115,,Shot Chart Detail,22500206,115,1627884,Derrick Jones Jr.,1610612746,LA Clippers,1,2,45,Made Shot,Pullup Jump shot,2PT Field Goal,Mid-Range,Right Side(R),8-16 ft.,12,109,54,1,1,20251110,LAC,ATL,5550,0,201572|201587|201935|1627884|1642353,0,REG,2026,1610612746,,,,,
22500206120,,Shot Chart Detail,22500206,120,1627884,Derrick Jones Jr.,1610612746,LA Clippers,1,2,17,Made Shot,Dunk Shot,2PT Field Goal,Restricted Area,Center(C),Less Than 8 ft.,3,-5,33,1,1,20251110,LAC,ATL,5830,0,201572|201587|201935|1627884|1642353,0,REG,2026,1610612746,,,,,
22500206123,,Shot Chart Detail,22500206,123,201935,James Harden,1610612746,LA Clippers,1,1,45,Missed Shot,Driving Reverse Layup Shot,2PT Field Goal,Restricted Area,Center(C),Less Than 8 ft.,3,2,39,1,0,20251110,LAC,ATL,6150,0,201572|201587|201935|1627884|1642353,0,REG,2026,1610612746,,,,,
22500206127,,Shot Chart Detail,22500206,127,201587,Nicolas Batum,1610612746,LA Clippers,1,1,19,Made Shot,Jump Shot,2PT Field Goal,Mid-Range,Center(C),16-24 ft.,18,1,180,1,1,20251110,LAC,ATL,6410,0,201572|201587|201935|1627884|1642353,1,REG,2026,1610612746,,,,,
22500206138,,Shot Chart Detail,22500206,138,1642353,Cam Christie,1610612746,LA Clippers,1,0,45,Missed Shot,Jump Shot,3PT Field Goal,Above the Break 3,Left Side Center(LC),24+ ft.,27,-189,202,1,0,20251110,LAC,ATL,6750,0,201572|201587|1627739|1641738|1642353,0,REG,2026,1610612746,,,,,
22500206156,,Shot Chart Detail,22500206,156,1627739,Kris Dunn,1610612746,LA Clippers,2,11,29,Missed Shot,Cutting Layup Shot,2PT Field Goal,Restricted Area,Center(C),Less Than 8 ft.,3,6,31,1,0,20251110,LAC,ATL,7510,0,201572|201587|1627739|1641738|1642353,0,REG,2026,1610612746,,,,,
22500206161,,Shot Chart Detail,22500206,161,1641738,Kobe Brown,1610612746,LA Clippers,2,11,13,Made Shot,Running Dunk Shot,2PT Field Goal,Restricted Area,Center(C),Less Than 8 ft.,2,-12,17,1,1,20251110,LAC,ATL,7670,0,201572|201587|1627739|1641738|1642353,1,REG,2026,1610612746,,,,,
22500206167,,Shot Chart Detail,22500206,167,1642353,Cam Christie,1610612746,LA Clippers,2,10,38,Made Shot,Jump Shot,3PT Field Goal,Left Corner 3,Left Side(L),24+ ft.,22,-225,28,1,1,20251110,LAC,ATL,8020,0,201572|201587|1627739|1641738|1642353,1,REG,2026,1610612746,,,,,
22500206173,,Shot Chart Detail,22500206,173,201572,Brook Lopez,1610612746,LA Clippers,2,9,49,Missed Shot,Turnaround Fadeaway Bank Jump Shot,2PT Field Goal,Mid-Range,Left Side(L),8-16 ft.,15,-148,57,1,0,20251110,LAC,ATL,8510,0,201572|201587|1627739|1641738|1642353,0,REG,2026,1610612746,,,,,
22500206177,,Shot Chart Detail,22500206,177,1627739,Kris Dunn,1610612746,LA Clippers,2,9,25,Made Shot,Running Layup Shot,2PT Field Goal,Restricted Area,Center(C),Less Than 8 ft.,2,-10,27,1,1,20251110,LAC,ATL,8750,0,201572|201587|1627739|1641738|1642353,0,REG,2026,1610612746,,,,,
22500206187,,Shot Chart Detail,22500206,187,201587,Nicolas Batum,1610612746,LA Clippers,2,8,55,Missed Shot,Jump Shot,2PT Field Goal,Mid-Range,Center(C),16-24 ft.,17,-10,176,1,0,20251110,LAC,ATL,9050,0,201572|201587|1627739|1641738|1642353,0,REG,2026,1610612746,,,,,
22500206193,,Shot Chart Detail,22500206,193,1642353,Cam Christie,1610612746,LA Clippers,2,8,6,Missed Shot,Driving Floating Jump Shot,2PT Field Goal,In The Paint (Non-RA),Center(C),Less Than 8 ft.,5,-2,55,1,0,20251110,LAC,ATL,9540,0,201572|201587|1627739|1641738|1642353,0,REG,2026,1610612746,,,,,
22500206206,,Shot Chart Detail,22500206,206,1641738,Kobe Brown,1610612746,LA Clippers,2,7,29,Made Shot,Driving Finger Roll Layup Shot,2PT Field Goal,Restricted Area,Center(C),Less Than 8 ft.,3,-18,32,1,1,20251110,LAC,ATL,9910,0,201587|201935|1627826|1641738|1642353,1,REG,2026,1610612746,,,,,
22500206216,,Shot Chart Detail,22500206,216,1642353,Cam Christie,1610612746,LA Clippers,2,6,35,Missed Shot,Jump Shot,3PT Field Goal,Above the Break 3,Right Side Center(RC),24+ ft.,26,98,244,1,0,20251110,LAC,ATL,10450,0,201587|201935|1627826|1641738|1642353,0,REG,2026,1610612746,,,,,
22500206236,,Shot Chart Detail,22500206,236,1627826,Ivica Zubac,1610612746,LA Clippers,2,5,16,Missed Shot,Hook Shot,2PT Field Goal,In The Paint (Non-RA),Center(C),Less Than 8 ft.,5,-13,57,1,0,20251110,LAC,ATL,11240,0,201935|1627826|1627884|1628381|1641738,0,REG,2026,1610612746,,,,,
22500206240,,Shot Chart Detail,22500206,240,201935,James Harden,1610612746,LA Clippers,2,4,47,Missed Shot,Step Back Jump shot,3PT Field Goal,Above the Break 3,Left Side Center(LC),24+ ft.,27,-126,241,1,0,20251110,LAC,ATL,11530,0,201935|1627826|1627884|1628381|1641738,0,REG,2026,1610612746,,,,,
22500206247,,Shot Chart Detail,22500206,247,1627826,Ivica Zubac,1610612746,LA Clippers,2,3,46,Missed Shot,Hook Shot,2PT Field Goal,In The Paint (Non-RA),Center(C),Less Than 8 ft.,4,-32,33,1,0,20251110,LAC,ATL,12140,0,201935|1627826|1627884|1628381|1641738,0,REG,2026,1610612746,,,,,
22500206249,,Shot Chart Detail,22500206,249,201935,James Harden,1610612746,LA Clippers,2,3,43,Missed Shot,Putback Layup Shot,2PT Field Goal,Restricted Area,Center(C),Less Than 8 ft.,2,-10,20,1,0,20251110,LAC,ATL,12170,0,201935|1627826|1627884|1628381|1641738,0,REG,2026,1610612746,,,,,
22500206266,,Shot Chart Detail,22500206,266,1627739,Kris Dunn,1610612746,LA Clippers,2,2,56,Made Shot,Driving Floating Bank Jump Shot,2PT Field Goal,Restricted Area,Center(C),Less Than 8 ft.,3,9,37,1,1,20251110,LAC,ATL,12640,0,201935|1627739|1627826|1627884|1628381,0,REG,2026,1610612746,,,,,
22500206270,,Shot Chart Detail,22500206,270,1627826,Ivica Zubac,1610612746,LA Clippers,2,2,30,Missed Shot,Turnaround Hook Shot,2PT Field Goal,In The Paint (Non-RA),Center(C),Less Than 8 ft.,5,-27,53,1,0,20251110,LAC,ATL,12900,0,201935|1627739|1627826|1627884|1628381,0,REG,2026,1610612746,,,,,
22500206276,,Shot Chart Detail,22500206,276,201935,James Harden,1610612746,LA Clippers,2,1,56,Made Shot,Driving Floating Bank Jump Shot,2PT Field Goal,In The Paint (Non-RA),Right Side(R),8-16 ft.,10,70,77,1,1,20251110,LAC,ATL,13240,0,201935|1627739|1627826|1627884|1628381,0,REG,2026,1610612746,,,,,
22500206285,,Shot Chart Detail,22500206,285,1627884,Derrick Jones Jr.,1610612746,LA Clippers,2,1,23,Missed Shot,Driving Layup Shot,2PT Field Goal,In The Paint (Non-RA),Center(C),Less Than 8 ft.,5,-18,50,1,0,20251110,LAC,ATL,13570,0,201935|1627739|1627826|1627884|1628381,0,REG,2026,1610612746,,,,,
22500206288,,Shot Chart Detail,22500206,288,201935,James Harden,1610612746,LA Clippers,2,1,16,Made Shot,Jump Shot,3PT Field Goal,Above the Break 3,Center(C),24+ ft.,30,85,296,1,1,20251110,LAC,ATL,13640,0,201935|1627739|1627826|1627884|1628381,1,REG,2026,1610612746,,,,,
22500206296,,Shot Chart Detail,22500206,296,1628381,John Collins,1610612746,LA Clippers,2,0,51,Made Shot,Cutting Layup Shot,2PT Field Goal,In The Paint (Non-RA),Center(C),Less Than 8 ft.,4,7,42,1,1,20251110,LAC,ATL,13890,0,201587|201935|1627739|1627884|1628381,1,REG,2026,1610612746,,,,,
22500206299,,Shot Chart Detail,22500206,299,201935,James Harden,1610612746,LA Clippers,2,0,5,Missed Shot,Jump Shot,3PT Field Goal,Above the Break 3,Center(C),24+ ft.,30,80,299,1,0,20251110,LAC,ATL,14350,0,201587|201935|1627739|1627884|1628381,0,REG,2026,1610612746,,,,,
22500206310,,Shot Chart Detail,22500206,310,1627826,Ivica Zubac,1610612746,LA Clippers,3,11,20,Made Shot,Hook Shot,2PT Field Goal,In The Paint (Non-RA),Center(C),Less Than 8 ft.,5,27,48,1,1,20251110,LAC,ATL,14800,0,201935|1627739|1627826|1627884|1628381,1,REG,2026,1610612746,,,,,
22500206315,,Shot Chart Detail,22500206,315,1627826,Ivica Zubac,1610612746,LA Clippers,3,10,36,Made Shot,Driving Hook Shot,2PT Field Goal,Restricted Area,Center(C),Less Than 8 ft.,3,10,31,1,1,20251110,LAC,ATL,15240,0,201935|1627739|1627826|1627884|1628381,1,REG,2026,1610612746,,,,,
22500206319,,Shot Chart Detail,22500206,319,1628381,John Collins,1610612746,LA Clippers,3,10,9,Missed Shot,Jump Shot,3PT Field Goal,Left Corner 3,Left Side(L),24+ ft.,23,-229,40,1,0,20251110,LAC,ATL,15510,0,201935|1627739|1627826|1627884|1628381,0,REG,2026,1610612746,,,,,
22500206323,,Shot Chart Detail,22500206,323,1628381,John Collins,1610612746,LA Clippers,3,9,52,Missed Shot,Running Jump Shot,3PT Field Goal,Above the Break 3,Left Side Center(LC),24+ ft.,26,-156,208,1,0,20251110,LAC,ATL,15680,0,201935|1627739|1627826|1627884|1628381,0,REG,2026,1610612746,,,,,
22500206344,,Shot Chart Detail,22500206,344,1627739,Kris Dunn,1610612746,LA Clippers,3,8,41,Made Shot,Jump Shot,3PT Field Goal,Right Corner 3,Right Side(R),24+ ft.,23,227,41,1,1,20251110,LAC,ATL,16390,0,201935|1627739|1627826|1627884|1628381,1,REG,2026,1610612746,,,,,
22500206349,,Shot Chart Detail,22500206,349,1628381,John Collins,1610612746,LA Clippers,3,8,24,Missed Shot,Running Layup Shot,2PT Field Goal,Restricted Area,Center(C),Less Than 8 ft.,2,18,22,1,0,20251110,LAC,ATL,16560,0,201935|1627739|1627826|1627884|1628381,0,REG,2026,1610612746,,,,,
22500206355,,Shot Chart Detail,22500206,355,201935,James Harden,1610612746,LA Clippers,3,8,0,Made Shot,Driving Floating Bank Jump Shot,2PT Field Goal,Restricted Area,Center(C),Less Than 8 ft.,2,1,22,1,1,20251110,LAC,ATL,16800,0,201935|1627739|1627826|1627884|1628381,0,REG,2026,1610612746,,,,,
22500206361,,Shot Chart Detail,22500206,361,1628381,John Collins,1610612746,LA Clippers,3,7,30,Made Shot,Jump Shot,3PT Field Goal,Left Corner 3,Left Side(L),24+ ft.,23,-230,-12,1,1,20251110,LAC,ATL,17100,0,201935|1627739|1627826|1627884|1628381,1,REG,2026,1610612746,,,,,
22500206367,,Shot Chart Detail,22500206,367,1627739,Kris Dunn,1610612746,LA Clippers,3,6,59,Missed Shot,Driving Layup Shot,2PT Field Goal,In The Paint (Non-RA),Center(C),Less Than 8 ft.,6,-4,63,1,0,20251110,LAC,ATL,17410,0,201935|1627739|1627826|1627884|1628381,0,REG,2026,1610612746,,,,,
22500206383,,Shot Chart Detail,22500206,383,1628381,John Collins,1610612746,LA Clippers,3,6,0,Missed Shot,Jump Shot,3PT Field Goal,Above the Break 3,Right Side Center(RC),24+ ft.,25,180,177,1,0,20251110,LAC,ATL,18000,0,201935|1627739|1627826|1627884|1628381,0,REG,2026,1610612746,,,,,
22500206387,,Shot Chart Detail,22500206,387,201935,James Harden,1610612746,LA Clippers,3,5,24,Missed Shot,Jump Shot,3PT Field Goal,Above the Break 3,Center(C),24+ ft.,25,-74,246,1,0,20251110,LAC,ATL,18360,0,201935|1627739|1627826|1627884|1628381,0,REG,2026,1610612746,,,,,
22500206389,,Shot Chart Detail,22500206,389,201935,James Harden,1610612746,LA Clippers,3,5,18,Missed Shot,Jump Shot,3PT Field Goal,Above the Break 3,Left Side Center(LC),24+ ft.,27,-109,251,1,0,20251110,LAC,ATL,18420,0,201935|1627739|1627826|1627884|1628381,0,REG,2026,1610612746,,,,,
22500206404,,Shot Chart Detail,22500206,404,201572,Brook Lopez,1610612746,LA Clippers,3,4,32,Made Shot,Jump Shot,3PT Field Goal,Above the Break 3,Right Side Center(RC),24+ ft.,32,219,237,1,1,20251110,LAC,ATL,18880,0,201572|201935|1627884|1628381|1642353,1,REG,2026,1610612746,,,,,
22500206407,,Shot Chart Detail,22500206,407,201935,James Harden,1610612746,LA Clippers,3,4,3,Made Shot,Driving Layup Shot,2PT Field Goal,Restricted Area,Center(C),Less Than 8 ft.,2,-22,19,1,1,20251110,LAC,ATL,19170,0,201572|201935|1627884|1628381|1642353,0,REG,2026,1610612746,,,,,
22500206411,,Shot Chart Detail,22500206,411,1642353,Cam Christie,1610612746,LA Clippers,3,3,29,Missed Shot,Floating Jump shot,2PT Field Goal,Restricted Area,Center(C),Less Than 8 ft.,3,-12,34,1,0,20251110,LAC,ATL,19510,0,201572|201935|1627884|1628381|1642353,0,REG,2026,1610612746,,,,,
22500206415,,Shot Chart Detail,22500206,415,201572,Brook Lopez,1610612746,LA Clippers,3,3,11,Missed Shot,Jump Shot,3PT Field Goal,Above the Break 3,Right Side Center(RC),24+ ft.,27,114,251,1,0,20251110,LAC,ATL,19690,0,201572|201935|1627884|1628381|1642353,0,REG,2026,1610612746,,,,,
22500206451,,Shot Chart Detail,22500206,451,1642353,Cam Christie,1610612746,LA Clippers,3,1,10,Missed Shot,Pullup Jump shot,3PT Field Goal,Above the Break 3,Left Side Center(LC),24+ ft.,27,-136,234,1,0,20251110,LAC,ATL,20900,0,201572|201587|1627739|1641738|1642353,0,REG,2026,1610612746,,,,,
22500206469,,Shot Chart Detail,22500206,469,201572,Brook Lopez,1610612746,LA Clippers,3,0,13,Missed Shot,Jump Shot,3PT Field Goal,Above the Break 3,Right Side Center(RC),24+ ft.,26,121,234,1,0,20251110,LAC,ATL,21470,0,201572|201587|1627739|1641738|1642353,0,REG,2026,1610612746,,,,,
22500206479,,Shot Chart Detail,22500206,479,1627739,Kris Dunn,1610612746,LA Clippers,4,11,42,Missed Shot,Jump Shot,3PT Field Goal,Above the Break 3,Left Side Center(LC),24+ ft.,25,-105,235,1,0,20251110,LAC,ATL,21780,0,201572|201587|1627739|1641738|1642353,0,REG,2026,1610612746,,,,,
22500206481,,Shot Chart Detail,22500206,481,201587,Nicolas Batum,1610612746,LA Clippers,4,11,31,Missed Shot,Jump Shot,3PT Field Goal,Above the Break 3,Right Side Center(RC),24+ ft.,25,191,169,1,0,20251110,LAC,ATL,21890,0,201572|201587|1627739|1641738|1642353,0,REG,2026,1610612746,,,,,
22500206485,,Shot Chart Detail,22500206,485,1641738,Kobe Brown,1610612746,LA Clippers,4,10,49,Made Shot,Jump Shot,3PT Field Goal,Above the Break 3,Right Side Center(RC),24+ ft.,26,146,220,1,1,20251110,LAC,ATL,22310,0,201572|201587|1627739|1641738|1642353,1,REG,2026,1610612746,,,,,
22500206489,,Shot Chart Detail,22500206,489,1642353,Cam Christie,1610612746,LA Clippers,4,10,17,Missed Shot,Driving Layup Shot,2PT Field Goal,In The Paint (Non-RA),Center(C),Less Than 8 ft.,5,-44,32,1,0,20251110,LAC,ATL,22630,0,201572|201587|1627739|1641738|1642353,0,REG,2026,1610612746,,,,,
22500206500,,Shot Chart Detail,22500206,500,201935,James Harden,1610612746,LA Clippers,4,9,52,Missed Shot,Jump Shot,3PT Field Goal,Above the Break 3,Center(C),24+ ft.,26,-37,262,1,0,20251110,LAC,ATL,22880,0,201587|201935|1627739|1627826|1641738,0,REG,2026,1610612746,,,,,
22500206515,,Shot Chart Detail,22500206,515,201935,James Harden,1610612746,LA Clippers,4,8,57,Made Shot,Driving Floating Bank Jump Shot,2PT Field Goal,Restricted Area,Center(C),Less Than 8 ft.,1,-17,5,1,1,20251110,LAC,ATL,23430,0,201587|201935|1627739|1627826|1641738,0,REG,2026,1610612746,,,,,
22500206523,,Shot Chart Detail,22500206,523,201935,James Harden,1610612746,LA Clippers,4,8,25,Missed Shot,Step Back Jump shot,3PT Field Goal,Above the Break 3,Right Side Center(RC),24+ ft.,27,141,234,1,0,20251110,LAC,ATL,23750,0,201587|201935|1627739|1627826|1641738,0,REG,2026,1610612746,,,,,
22500206526,,Shot Chart Detail,22500206,526,201935,James Harden,1610612746,LA Clippers,4,7,52,Made Shot,Pullup Jump shot,3PT Field Goal,Above the Break 3,Right Side Center(RC),24+ ft.,26,127,230,1,1,20251110,LAC,ATL,24080,0,201587|201935|1627739|1627826|1641738,1,REG,2026,1610612746,,,,,
22500206531,,Shot Chart Detail,22500206,531,1627739,Kris Dunn,1610612746,LA Clippers,4,7,18,Made Shot,Floating Jump shot,2PT Field Goal,In The Paint (Non-RA),Center(C),Less Than 8 ft.,4,11,41,1,1,20251110,LAC,ATL,24420,0,201587|201935|1627739|1627826|1628381,1,REG,2026,1610612746,,,,,
22500206537,,Shot Chart Detail,22500206,537,201587,Nicolas Batum,1610612746,LA Clippers,4,7,0,Missed Shot,Jump Shot,3PT Field Goal,Right Corner 3,Right Side(R),24+ ft.,23,233,53,1,0,20251110,LAC,ATL,24600,0,201587|201935|1627739|1627826|1628381,0,REG,2026,1610612746,,,,,
22500206544,,Shot Chart Detail,22500206,544,201935,James Harden,1610612746,LA Clippers,4,6,18,Missed Shot,Pullup Jump shot,2PT Field Goal,In The Paint (Non-RA),Center(C),8-16 ft.,9,-42,84,1,0,20251110,LAC,ATL,25020,0,201587|201935|1627739|1627826|1628381,0,REG,2026,1610612746,,,,,
22500206557,,Shot Chart Detail,22500206,557,201935,James Harden,1610612746,LA Clippers,4,5,29,Made Shot,Jump Shot,3PT Field Goal,Above the Break 3,Right Side Center(RC),24+ ft.,28,93,268,1,1,20251110,LAC,ATL,25510,0,201935|1627739|1627826|1627884|1628381,0,REG,2026,1610612746,,,,,
22500206560,,Shot Chart Detail,22500206,560,201935,James Harden,1610612746,LA Clippers,4,5,1,Made Shot,Pullup Jump shot,3PT Field Goal,Above the Break 3,Right Side Center(RC),24+ ft.,26,205,164,1,1,20251110,LAC,ATL,25790,0,201935|1627739|1627826|1627884|1628381,0,REG,2026,1610612746,,,,,
22500206568,,Shot Chart Detail,22500206,568,201935,James Harden,1610612746,LA Clippers,4,3,56,Made Shot,Driving Floating Bank Jump Shot,2PT Field Goal,Restricted Area,Center(C),Less Than 8 ft.,2,-22,10,1,1,20251110,LAC,ATL,26440,0,201935|1627739|1627826|1627884|1628381,0,REG,2026,1610612746,,,,,
22500206570,,Shot Chart Detail,22500206,570,1627884,Derrick Jones Jr.,1610612746,LA Clippers,4,3,12,Missed Shot,Layup Shot,2PT Field Goal,Restricted Area,Center(C),Less Than 8 ft.,2,-12,27,1,0,20251110,LAC,ATL,26880,0,201935|1627739|1627826|1627884|1628381,0,REG,2026,1610612746,,,,,
22500206574,,Shot Chart Detail,22500206,574,1627826,Ivica Zubac,1610612746,LA Clippers,4,3,6,Missed Shot,Jump Shot,2PT Field Goal,Mid-Range,Left Side(L),8-16 ft.,10,-102,20,1,0,20251110,LAC,ATL,26940,0,201935|1627739|1627826|1627884|1628381,0,REG,2026,1610612746,,,,,
22500206590,,Shot Chart Detail,22500206,590,1627826,Ivica Zubac,1610612746,LA Clippers,4,1,58,Made Shot,Hook Shot,2PT Field Goal,In The Paint (Non-RA),Center(C),Less Than 8 ft.,6,59,13,1,1,20251110,LAC,ATL,27620,0,201935|1627739|1627826|1627884|1628381,1,REG,2026,1610612746,,,,,
22500206596,,Shot Chart Detail,22500206,596,1627739,Kris Dunn,1610612746,LA Clippers,4,1,27,Missed Shot,Jump Shot,3PT Field Goal,Left Corner 3,Left Side(L),24+ ft.,22,-221,5,1,0,20251110,LAC,ATL,27930,0,201935|1627739|1627826|1627884|1628381,0,REG,2026,1610612746,,,,,
22500206611,,Shot Chart Detail,22500206,611,201935,James Harden,1610612746,LA Clippers,4,0,25,Made Shot,Jump Shot,3PT Field Goal,Above the Break 3,Center(C),24+ ft.,26,76,252,1,1,20251110,LAC,ATL,28550,0,201587|201935|1627739|1627884|1628381,0,REG,2026,1610612746,,,,,
22500206622,,Shot Chart Detail,22500206,622,201935,James Harden,1610612746,LA Clippers,4,0,11,Missed Shot,Running Pull-Up Jump Shot,3PT Field Goal,Above the Break 3,Center(C),24+ ft.,34,-30,346,1,0,20251110,LAC,ATL,28690,0,201587|201935|1627739|1627884|1628381,0,REG,2026,1610612746,,,,,
22500206637,,Shot Chart Detail,22500206,637,201587,Nicolas Batum,1610612746,LA Clippers,4,0,6,Missed Shot,Running Jump Shot,3PT Field Goal,Above the Break 3,Right Side Center(RC),24+ ft.,26,203,169,1,0,20251110,LAC,ATL,28740,0,201587|201935|1627826|1627884|1628381,0,REG,2026,1610612746,,,,,
225002247,,Shot Chart Detail,22500224,7,1628381,John Collins,1610612746,LA Clippers,1,11,45,Missed Shot,Jump Shot,3PT Field Goal,Above the Break 3,Left Side Center(LC),24+ ft.,27,-207,185,1,0,20251112,LAC,DEN,150,0,201935|1627739|1627826|1627884|1628381,0,REG,2026,1610612746,,,,,
2250022416,,Shot Chart Detail,22500224,16,1627826,Ivica Zubac,1610612746,LA Clippers,1,11,2,Made Shot,Driving Bank Hook Shot,2PT Field Goal,Restricted Area,Center(C),Less Than 8 ft.,2,-12,17,1,1,20251112,LAC,DEN,580,0,201935|1627739|1627826|1627884|1628381,0,REG,2026,1610612746,,,,,
2250022419,,Shot Chart Detail,22500224,19,1627884,Derrick Jones Jr.,1610612746,LA Clippers,1,10,38,Made Shot,Running Dunk Shot,2PT Field Goal,Restricted Area,Center(C),Less Than 8 ft.,2,6,26,1,1,20251112,LAC,DEN,820,0,201935|1627739|1627826|1627884|1628381,1,REG,2026,1610612746,,,,,
2250022433,,Shot Chart Detail,22500224,33,1628381,John Collins,1610612746,LA Clippers,1,9,21,Made Shot,Turnaround Jump Shot,2PT Field Goal,Mid-Range,Right Side(R),8-16 ft.,8,81,23,1,1,20251112,LAC,DEN,1590,0,201935|1627739|1627826|1627884|1628381,1,REG,2026,1610612746,,,,,
2250022437,,Shot Chart Detail,22500224,37,1627826,Ivica Zubac,1610612746,LA Clippers,1,8,52,Made Shot,Driving Hook Shot,2PT Field Goal,In The Paint (Non-RA),Center(C),Less Than 8 ft.,6,60,34,1,1,20251112,LAC,DEN,1880,0,201935|1627739|1627826|1627884|1628381,1,REG,2026,1610612746,,,,,
2250022440,,Shot Chart Detail,22500224,40,201935,James Harden,1610612746,LA Clippers,1,8,24,Made Shot,Driving Layup Shot,2PT Field Goal,In The Paint (Non-RA),Center(C),Less Than 8 ft.,4,-13,38,1,1,20251112,LAC,DEN,2160,0,201935|1627739|1627826|1627884|1628381,0,REG,2026,1610612746,,,,,
2250022442,,Shot Chart Detail,22500224,42,201935,James Harden,1610612746,LA Clippers,1,8,6,Made Shot,Driving Floating Jump Shot,2PT Field Goal,In The Paint (Non-RA),Center(C),8-16 ft.,12,-50,111,1,1,20251112,LAC,DEN,2340,0,201935|1627739|1627826|1627884|1628381,0,REG,2026,1610612746,,,,,
2250022455,,Shot Chart Detail,22500224,55,1627739,Kris Dunn,1610612746,LA Clippers,1,7,22,Missed Shot,Driving Layup Shot,2PT Field Goal,Restricted Area,Center(C),Less Than 8 ft.,3,-20,34,1,0,20251112,LAC,DEN,2780,0,201935|1627739|1627826|1627884|1628381,0,REG,2026,1610612746,,,,,
2250022461,,Shot Chart Detail,22500224,61,1627826,Ivica Zubac,1610612746,LA Clippers,1,6,56,Made Shot,Driving Hook Shot,2PT Field Goal,In The Paint (Non-RA),Left Side(L),8-16 ft.,9,-53,75,1,1,20251112,LAC,DEN,3040,0,201935|1627739|1627826|1627884|1628381,1,REG,2026,1610612746,,,,,
2250022464,,Shot Chart Detail,22500224,64,201935,James Harden,1610612746,LA Clippers,1,6,21,Missed Shot,Pullup Jump shot,3PT Field Goal,Above the Break 3,Center(C),24+ ft.,28,-31,279,1,0,20251112,LAC,DEN,3390,0,201935|1627739|1627826|1627884|1628381,0,REG,2026,1610612746,,,,,
2250022471,,Shot Chart Detail,22500224,71,1627884,Derrick Jones Jr.,1610612746,LA Clippers,1,5,57,Missed Shot,Jump Shot,3PT Field Goal,Above the Break 3,Center(C),24+ ft.,26,-55,260,1,0,20251112,LAC,DEN,3630,0,201587|201935|1627826|1627884|1628381,0,REG,2026,1610612746,,,,,
2250022485,,Shot Chart Detail,22500224,85,1642920,Kobe Sanders,1610612746,LA Clippers,1,5,2,Made Shot,Jump Shot,3PT Field Goal,Left Corner 3,Left Side(L),24+ ft.,24,-240,37,1,1,20251112,LAC,DEN,4180,0,201587|201935|1627826|1628381|1642920,1,REG,2026,1610612746,,,,,
2250022491,,Shot Chart Detail,22500224,91,1642920,Kobe Sanders,1610612746,LA Clippers,1,4,41,Missed Shot,Jump Shot,3PT Field Goal,Above the Break 3,Right Side Center(RC),24+ ft.,27,116,249,1,0,20251112,LAC,DEN,4390,0,201587|201935|1627826|1628381|1642920,0,REG,2026,1610612746,,,,,
2250022493,,Shot Chart Detail,22500224,93,1628381,John Collins,1610612746,LA Clippers,1,4,35,Missed Shot,Driving Hook Shot,2PT Field Goal,In The Paint (Non-RA),Center(C),Less Than 8 ft.,7,67,28,1,0,20251112,LAC,DEN,4450,0,201587|201935|1627826|1628381|1642920,0,REG,2026,1610612746,,,,,
2250022495,,Shot Chart Detail,22500224,95,1627826,Ivica Zubac,1610612746,LA Clippers,1,4,33,Made Shot,Putback Dunk Shot,2PT Field Goal,Restricted Area,Center(C),Less Than 8 ft.,1,6,11,1,1,20251112,LAC,DEN,4470,0,201587|201935|1627826|1628381|1642920,0,REG,2026,1610612746,,,,,
22500224104,,Shot Chart Detail,22500224,104,201587,Nicolas Batum,1610612746,LA Clippers,1,4,6,Missed Shot,Jump Shot,3PT Field Goal,Right Corner 3,Right Side(R),24+ ft.,23,229,27,1,0,20251112,LAC,DEN,4740,0,201572|201587|201935|1628381|1642920,0,REG,2026,1610612746,,,,,
22500224119,,Shot Chart Detail,22500224,119,201572,Brook Lopez,1610612746,LA Clippers,1,3,23,Missed Shot,Driving Layup Shot,2PT Field Goal,Restricted Area,Center(C),Less Than 8 ft.,2,-15,21,1,0,20251112,LAC,DEN,5170,0,201572|201587|201935|1641757|1642920,0,REG,2026,1610612746,,,,,
22500224122,,Shot Chart Detail,22500224,122,201935,James Harden,1610612746,LA Clippers,1,2,59,Missed Shot,Driving Layup Shot,2PT Field Goal,In The Paint (Non-RA),Center(C),Less Than 8 ft.,4,-18,39,1,0,20251112,LAC,DEN,5410,0,201572|201587|201935|1641757|1642920,0,REG,2026,1610612746,,,,,
22500224128,,Shot Chart Detail,22500224,128,201572,Brook Lopez,1610612746,LA Clippers,1,2,30,Made Shot,Driving Floating Jump Shot,2PT Field Goal,In The Paint (Non-RA),Center(C),Less Than 8 ft.,6,56,34,1,1,20251112,LAC,DEN,5700,0,201572|201587|201935|1641757|1642920,1,REG,2026,1610612746,,,,,
22500224135,,Shot Chart Detail,22500224,135,201935,James Harden,1610612746,LA Clippers,1,1,51,Made Shot,Driving Layup Shot,2PT Field Goal,Restricted Area,Center(C),Less Than 8 ft.,2,-2,25,1,1,20251112,LAC,DEN,6090,0,201572|201587|201935|1641757|1642920,0,REG,2026,1610612746,,,,,
22500224137,,Shot Chart Detail,22500224,137,201935,James Harden,1610612746,LA Clippers,1,1,15,Made Shot,Pullup Jump shot,3PT Field Goal,Above the Break 3,Left Side Center(LC),24+ ft.,26,-136,230,1,1,20251112,LAC,DEN,6450,0,201572|201587|201935|1641757|1642920,0,REG,2026,1610612746,,,,,
22500224142,,Shot Chart Detail,22500224,142,201572,Brook Lopez,1610612746,LA Clippers,1,0,42,Made Shot,Jump Shot,3PT Field Goal,Above the Break 3,Left Side Center(LC),24+ ft.,27,-199,189,1,1,20251112,LAC,DEN,6780,0,201572|201587|201935|1641757|1642920,1,REG,2026,1610612746,,,,,
22500224155,,Shot Chart Detail,22500224,155,1641757,Jordan Miller,1610612746,LA Clippers,1,0,1,Made Shot,Pullup Jump shot,3PT Field Goal,Above the Break 3,Back Court(BC),Back Court Shot,41,-25,414,1,1,20251112,LAC,DEN,7190,0,201572|201587|201935|1641757|1642920,1,REG,2026,1610612746,,,,,
22500224170,,Shot Chart Detail,22500224,170,203992,Bogdan Bogdanović,1610612746,LA Clippers,2,11,27,Missed Shot,Step Back Jump shot,2PT Field Goal,Mid-Range,Right Side(R),8-16 ft.,15,153,29,1,0,20251112,LAC,DEN,7530,0,201587|203992|1627826|1641757|1642920,0,REG,2026,1610612746,,,,,
22500224180,,Shot Chart Detail,22500224,180,1627826,Ivica Zubac,1610612746,LA Clippers,2,10,31,Missed Shot,Driving Hook Shot,2PT Field Goal,In The Paint (Non-RA),Center(C),Less Than 8 ft.,7,70,18,1,0,20251112,LAC,DEN,8090,0,201587|203992|1627826|1641757|1642920,0,REG,2026,1610612746,,,,,
22500224185,,Shot Chart Detail,22500224,185,1641757,Jordan Miller,1610612746,LA Clippers,2,9,53,Made Shot,Jump Shot,3PT Field Goal,Above the Break 3,Left Side Center(LC),24+ ft.,25,-191,170,1,1,20251112,LAC,DEN,8470,0,201587|203992|1627826|1641757|1642920,1,REG,2026,1610612746,,,,,
22500224189,,Shot Chart Detail,22500224,189,203992,Bogdan Bogdanović,1610612746,LA Clippers,2,9,16,Made Shot,Jump Shot,3PT Field Goal,Right Corner 3,Right Side(R),24+ ft.,23,237,23,1,1,20251112,LAC,DEN,8840,0,201587|203992|1627826|1641757|1642920,1,REG,2026,1610612746,,,,,
22500224199,,Shot Chart Detail,22500224,199,1642920,Kobe Sanders,1610612746,LA Clippers,2,8,16,Made Shot,Jump Shot,3PT Field Goal,Above the Break 3,Center(C),24+ ft.,28,59,278,1,1,20251112,LAC,DEN,9440,0,201587|203992|1627826|1641757|1642920,1,REG,2026,1610612746,,,,,
22500224203,,Shot Chart Detail,22500224,203,203992,Bogdan Bogdanović,1610612746,LA Clippers,2,7,48,Made Shot,Pullup Jump shot,3PT Field Goal,Above the Break 3,Right Side Center(RC),24+ ft.,27,109,249,1,1,20251112,LAC,DEN,9720,0,201587|203992|1627826|1641757|1642920,0,REG,2026,1610612746,,,,,
22500224211,,Shot Chart Detail,22500224,211,1642920,Kobe Sanders,1610612746,LA Clippers,2,7,2,Made Shot,Jump Shot,3PT Field Goal,Right Corner 3,Right Side(R),24+ ft.,23,235,15,1,1,20251112,LAC,DEN,10180,0,201587|203992|1627826|1641757|1642920,1,REG,2026,1610612746,,,,,
22500224221,,Shot Chart Detail,22500224,221,1642920,Kobe Sanders,1610612746,LA Clippers,2,6,27,Missed Shot,Jump Shot,3PT Field Goal,Left Corner 3,Left Side(L),24+ ft.,22,-229,15,1,0,20251112,LAC,DEN,10530,0,201587|203992|1627826|1641757|1642920,0,REG,2026,1610612746,,,,,
22500224227,,Shot Chart Detail,22500224,227,1641757,Jordan Miller,1610612746,LA Clippers,2,6,0,Missed Shot,Running Pull-Up Jump Shot,3PT Field Goal,Above the Break 3,Center(C),24+ ft.,26,58,257,1,0,20251112,LAC,DEN,10800,0,201587|203992|1627826|1641757|1642920,0,REG,2026,1610612746,,,,,
22500224244,,Shot Chart Detail,22500224,244,1628381,John Collins,1610612746,LA Clippers,2,5,19,Missed Shot,Running Jump Shot,2PT Field Goal,Mid-Range,Right Side(R),16-24 ft.,20,202,41,1,0,20251112,LAC,DEN,11210,0,201935|1627739|1627826|1627884|1628381,0,REG,2026,1610612746,,,,,
22500224246,,Shot Chart Detail,22500224,246,1627826,Ivica Zubac,1610612746,LA Clippers,2,5,17,Missed Shot,Tip Layup Shot,2PT Field Goal,Restricted Area,Center(C),Less Than 8 ft.,0,0,0,1,0,20251112,LAC,DEN,11230,0,201935|1627739|1627826|1627884|1628381,0,REG,2026,1610612746,,,,,
22500224248,,Shot Chart Detail,22500224,248,1627826,Ivica Zubac,1610612746,LA Clippers,2,5,15,Missed Shot,Tip Layup Shot,2PT Field Goal,Restricted Area,Center(C),Less Than 8 ft.,0,0,0,1,0,20251112,LAC,DEN,11250,0,201935|1627739|1627826|1627884|1628381,0,REG,2026,1610612746,,,,,
22500224250,,Shot Chart Detail,22500224,250,1627826,Ivica Zubac,1610612746,LA Clippers,2,5,13,Made Shot,Tip Layup Shot,2PT Field Goal,Restricted Area,Center(C),Less Than 8 ft.,0,0,0,1,1,20251112,LAC,DEN,11270,0,201935|1627739|1627826|1627884|1628381,0,REG,2026,1610612746,,,,,
22500224255,,Shot Chart Detail,22500224,255,1627739,Kris Dunn,1610612746,LA Clippers,2,4,39,Missed Shot,Jump Shot,2PT Field Goal,Mid-Range,Left Side(L),16-24 ft.,19,-188,54,1,0,20251112,LAC,DEN,11610,0,201935|1627739|1627826|1627884|1628381,0,REG,2026,1610612746,,,,,
22500224260,,Shot Chart Detail,22500224,260,201935,James Harden,1610612746,LA Clippers,2,4,7,Made Shot,Driving Layup Shot,2PT Field Goal,In The Paint (Non-RA),Center(C),Less Than 8 ft.,4,-11,39,1,1,20251112,LAC,DEN,11930,0,201935|1627739|1627826|1627884|1628381,0,REG,2026,1610612746,,,,,
22500224264,,Shot Chart Detail,22500224,264,201935,James Harden,1610612746,LA Clippers,2,3,36,Missed Shot,Step Back Jump shot,2PT Field Goal,In The Paint (Non-RA),Center(C),8-16 ft.,12,58,116,1,0,20251112,LAC,DEN,12240,0,201935|1627739|1627826|1627884|1628381,0,REG,2026,1610612746,,,,,
22500224268,,Shot Chart Detail,22500224,268,201935,James Harden,1610612746,LA Clippers,2,3,30,Missed Shot,Jump Shot,3PT Field Goal,Above the Break 3,Right Side Center(RC),24+ ft.,26,132,230,1,0,20251112,LAC,DEN,12300,0,201935|1627739|1627826|1627884|1628381,0,REG,2026,1610612746,,,,,
22500224272,,Shot Chart Detail,22500224,272,1627884,Derrick Jones Jr.,1610612746,LA Clippers,2,3,2,Made Shot,Driving Layup Shot,2PT Field Goal,Restricted Area,Center(C),Less Than 8 ft.,2,9,26,1,1,20251112,LAC,DEN,12580,0,201935|1627739|1627826|1627884|1628381,1,REG,2026,1610612746,,,,,
22500224277,,Shot Chart Detail,22500224,277,1627884,Derrick Jones Jr.,1610612746,LA Clippers,2,2,46,Missed Shot,Running Jump Shot,3PT Field Goal,Left Corner 3,Left Side(L),24+ ft.,24,-241,32,1,0,20251112,LAC,DEN,12740,0,201935|1627739|1627826|1627884|1628381,0,REG,2026,1610612746,,,,,
22500224281,,Shot Chart Detail,22500224,281,1627826,Ivica Zubac,1610612746,LA Clippers,2,2,26,Made Shot,Running Dunk Shot,2PT Field Goal,Restricted Area,Center(C),Less Than 8 ft.,3,1,32,1,1,20251112,LAC,DEN,12940,0,201935|1627739|1627826|1627884|1628381,1,REG,2026,1610612746,,,,,
22500224288,,Shot Chart Detail,22500224,288,1627739,Kris Dunn,1610612746,LA Clippers,2,1,53,Made Shot,Turnaround Jump Shot,2PT Field Goal,In The Paint (Non-RA),Center(C),Less Than 8 ft.,4,1,46,1,1,20251112,LAC,DEN,13270,0,201935|1627739|1627826|1627884|1628381,0,REG,2026,1610612746,,,,,
22500224342,,Shot Chart Detail,22500224,342,1628381,John Collins,1610612746,LA Clippers,3,10,43,Missed Shot,Hook Shot,2PT Field Goal,Mid-Range,Left Side(L),8-16 ft.,8,-87,8,1,0,20251112,LAC,DEN,15170,0,201935|1627739|1627826|1627884|1628381,0,REG,2026,1610612746,,,,,
22500224350,,Shot Chart Detail,22500224,350,1627884,Derrick Jones Jr.,1610612746,LA Clippers,3,10,9,Made Shot,Alley Oop Dunk Shot,2PT Field Goal,Restricted Area,Center(C),Less Than 8 ft.,3,33,8,1,1,20251112,LAC,DEN,15510,0,201935|1627739|1627826|1627884|1628381,1,REG,2026,1610612746,,,,,
22500224354,,Shot Chart Detail,22500224,354,201935,James Harden,1610612746,LA Clippers,3,9,27,Missed Shot,Step Back Jump shot,3PT Field Goal,Above the Break 3,Right Side Center(RC),24+ ft.,27,115,247,1,0,20251112,LAC,DEN,15930,0,201935|1627739|1627826|1627884|1628381,0,REG,2026,1610612746,,,,,
22500224361,,Shot Chart Detail,22500224,361,1627739,Kris Dunn,1610612746,LA Clippers,3,9,2,Missed Shot,Driving Layup Shot,2PT Field Goal,In The Paint (Non-RA),Center(C),Less Than 8 ft.,4,-18,37,1,0,20251112,LAC,DEN,16180,0,201935|1627739|1627826|1627884|1628381,0,REG,2026,1610612746,,,,,
22500224365,,Shot Chart Detail,22500224,365,1627826,Ivica Zubac,1610612746,LA Clippers,3,8,53,Made Shot,Hook Shot,2PT Field Goal,In The Paint (Non-RA),Center(C),8-16 ft.,8,12,82,1,1,20251112,LAC,DEN,16270,0,201935|1627739|1627826|1627884|1628381,1,REG,2026,1610612746,,,,,
22500224367,,Shot Chart Detail,22500224,367,1627884,Derrick Jones Jr.,1610612746,LA Clippers,3,8,30,Missed Shot,Jump Shot,3PT Field Goal,Left Corner 3,Left Side(L),24+ ft.,22,-222,19,1,0,20251112,LAC,DEN,16500,0,201935|1627739|1627826|1627884|1628381,0,REG,2026,1610612746,,,,,
22500224377,,Shot Chart Detail,22500224,377,1627826,Ivica Zubac,1610612746,LA Clippers,3,8,6,Missed Shot,Turnaround Bank Hook Shot,2PT Field Goal,In The Paint (Non-RA),Center(C),Less Than 8 ft.,4,-45,17,1,0,20251112,LAC,DEN,16740,0,201935|1627739|1627826|1627884|1628381,0,REG,2026,1610612746,,,,,
22500224385,,Shot Chart Detail,22500224,385,1628381,John Collins,1610612746,LA Clippers,3,7,26,Missed Shot,Running Layup Shot,2PT Field Goal,Restricted Area,Center(C),Less Than 8 ft.,2,12,16,1,0,20251112,LAC,DEN,17140,0,201935|1627739|1627826|1627884|1628381,0,REG,2026,1610612746,,,,,
22500224395,,Shot Chart Detail,22500224,395,201935,James Harden,1610612746,LA Clippers,3,6,55,Missed Shot,Driving Floating Bank Jump Shot,2PT Field Goal,Restricted Area,Center(C),Less Than 8 ft.,3,-29,8,1,0,20251112,LAC,DEN,17450,0,201935|1627739|1627826|1627884|1628381,0,REG,2026,1610612746,,,,,
22500224397,,Shot Chart Detail,22500224,397,1627826,Ivica Zubac,1610612746,LA Clippers,3,6,53,Made Shot,Putback Layup Shot,2PT Field Goal,Restricted Area,Center(C),Less Than 8 ft.,1,-16,-5,1,1,20251112,LAC,DEN,17470,0,201935|1627739|1627826|1627884|1628381,0,REG,2026,1610612746,,,,,
22500224408,,Shot Chart Detail,22500224,408,1627884,Derrick Jones Jr.,1610612746,LA Clippers,3,6,25,Made Shot,Driving Layup Shot,2PT Field Goal,Restricted Area,Center(C),Less Than 8 ft.,3,-4,32,1,1,20251112,LAC,DEN,17750,0,201935|1627826|1627884|1628381|1642920,1,REG,2026,1610612746,,,,,
22500224412,,Shot Chart Detail,22500224,412,201935,James Harden,1610612746,LA Clippers,3,5,55,Missed Shot,Pullup Jump shot,3PT Field Goal,Above the Break 3,Left Side Center(LC),24+ ft.,26,-174,198,1,0,20251112,LAC,DEN,18050,0,201935|1627826|1627884|1628381|1642920,0,REG,2026,1610612746,,,,,
22500224416,,Shot Chart Detail,22500224,416,201935,James Harden,1610612746,LA Clippers,3,5,18,Missed Shot,Pullup Jump shot,2PT Field Goal,In The Paint (Non-RA),Center(C),8-16 ft.,9,-2,94,1,0,20251112,LAC,DEN,18420,0,201935|1627826|1627884|1628381|1642920,0,REG,2026,1610612746,,,,,
22500224438,,Shot Chart Detail,22500224,438,201935,James Harden,1610612746,LA Clippers,3,4,20,Made Shot,Driving Layup Shot,2PT Field Goal,Restricted Area,Center(C),Less Than 8 ft.,1,5,9,1,1,20251112,LAC,DEN,19000,0,201572|201587|201935|1627884|1642920,0,REG,2026,1610612746,,,,,
22500224440,,Shot Chart Detail,22500224,440,201572,Brook Lopez,1610612746,LA Clippers,3,3,56,Made Shot,Jump Shot,3PT Field Goal,Above the Break 3,Left Side Center(LC),24+ ft.,26,-197,182,1,1,20251112,LAC,DEN,19240,0,201572|201587|201935|1627884|1642920,1,REG,2026,1610612746,,,,,
22500224443,,Shot Chart Detail,22500224,443,201572,Brook Lopez,1610612746,LA Clippers,3,3,14,Missed Shot,Jump Shot,3PT Field Goal,Above the Break 3,Left Side Center(LC),24+ ft.,25,-153,210,1,0,20251112,LAC,DEN,19660,0,201572|201587|201935|1627884|1642920,0,REG,2026,1610612746,,,,,
22500224445,,Shot Chart Detail,22500224,445,1642920,Kobe Sanders,1610612746,LA Clippers,3,3,6,Missed Shot,Step Back Jump shot,3PT Field Goal,Above the Break 3,Right Side Center(RC),24+ ft.,25,213,147,1,0,20251112,LAC,DEN,19740,0,201572|201587|201935|1627884|1642920,0,REG,2026,1610612746,,,,,
22500224447,,Shot Chart Detail,22500224,447,1627884,Derrick Jones Jr.,1610612746,LA Clippers,3,3,4,Missed Shot,Tip Layup Shot,2PT Field Goal,Restricted Area,Center(C),Less Than 8 ft.,0,0,0,1,0,20251112,LAC,DEN,19760,0,201572|201587|201935|1627884|1642920,0,REG,2026,1610612746,,,,,
22500224470,,Shot Chart Detail,22500224,470,201935,James Harden,1610612746,LA Clippers,3,2,12,Missed Shot,Step Back Jump shot,3PT Field Goal,Above the Break 3,Right Side Center(RC),24+ ft.,26,92,246,1,0,20251112,LAC,DEN,20280,0,201572|201587|201935|1641757|1642920,0,REG,2026,1610612746,,,,,
22500224479,,Shot Chart Detail,22500224,479,1641757,Jordan Miller,1610612746,LA Clippers,3,1,44,Made Shot,Jump Shot,3PT Field Goal,Above the Break 3,Left Side Center(LC),24+ ft.,25,-206,152,1,1,20251112,LAC,DEN,20560,0,201572|201935|203992|1641757|1642920,1,REG,2026,1610612746,,,,,
22500224482,,Shot Chart Detail,22500224,482,1641757,Jordan Miller,1610612746,LA Clippers,3,1,3,Made Shot,Jump Shot,3PT Field Goal,Above the Break 3,Right Side Center(RC),24+ ft.,26,183,194,1,1,20251112,LAC,DEN,20970,0,201572|201935|203992|1641757|1642920,1,REG,2026,1610612746,,,,,
22500224486,,Shot Chart Detail,22500224,486,203992,Bogdan Bogdanović,1610612746,LA Clippers,3,0,36,Missed Shot,Running Jump Shot,3PT Field Goal,Above the Break 3,Left Side Center(LC),24+ ft.,25,-157,204,1,0,20251112,LAC,DEN,21240,0,201572|201935|203992|1641757|1642920,0,REG,2026,1610612746,,,,,
22500224505,,Shot Chart Detail,22500224,505,203992,Bogdan Bogdanović,1610612746,LA Clippers,4,11,46,Missed Shot,Jump Shot,3PT Field Goal,Above the Break 3,Left Side Center(LC),24+ ft.,27,-120,248,1,0,20251112,LAC,DEN,21740,0,201587|203992|1627826|1641757|1642920,0,REG,2026,1610612746,,,,,
22500224519,,Shot Chart Detail,22500224,519,201587,Nicolas Batum,1610612746,LA Clippers,4,10,44,Made Shot,Pullup Jump shot,3PT Field Goal,Above the Break 3,Right Side Center(RC),24+ ft.,25,237,100,1,1,20251112,LAC,DEN,22360,0,201587|203992|1627826|1641757|1642920,1,REG,2026,1610612746,,,,,
22500224522,,Shot Chart Detail,22500224,522,1642920,Kobe Sanders,1610612746,LA Clippers,4,10,2,Missed Shot,Jump Shot,3PT Field Goal,Left Corner 3,Left Side(L),24+ ft.,23,-233,16,1,0,20251112,LAC,DEN,22780,0,201587|203992|1627826|1641757|1642920,0,REG,2026,1610612746,,,,,
22500224651,,Shot Chart Detail,22500224,651,1641757,Jordan Miller,1610612746,LA Clippers,4,9,33,Missed Shot,Driving Floating Jump Shot,2PT Field Goal,In The Paint (Non-RA),Center(C),8-16 ft.,10,10,101,1,0,20251112,LAC,DEN,23070,0,201587|203992|1627826|1641757|1642920,0,REG,2026,1610612746,,,,,
22500224531,,Shot Chart Detail,22500224,531,1627826,Ivica Zubac,1610612746,LA Clippers,4,9,25,Missed Shot,Hook Shot,2PT Field Goal,In The Paint (Non-RA),Center(C),Less Than 8 ft.,6,28,61,1,0,20251112,LAC,DEN,23150,0,201587|203992|1627826|1641757|1642920,0,REG,2026,1610612746,,,,,
22500224538,,Shot Chart Detail,22500224,538,203992,Bogdan Bogdanović,1610612746,LA Clippers,4,8,30,Made Shot,Step Back Jump shot,2PT Field Goal,In The Paint (Non-RA),Center(C),8-16 ft.,10,36,103,1,1,20251112,LAC,DEN,23700,0,201587|203992|1627826|1641757|1642920,0,REG,2026,1610612746,,,,,
22500224545,,Shot Chart Detail,22500224,545,1641757,Jordan Miller,1610612746,LA Clippers,4,7,44,Made Shot,Jump Shot,3PT Field Goal,Above the Break 3,Right Side Center(RC),24+ ft.,28,186,210,1,1,20251112,LAC,DEN,24160,0,201587|203992|1627826|1641757|1642920,1,REG,2026,1610612746,,,,,
22500224555,,Shot Chart Detail,22500224,555,1627826,Ivica Zubac,1610612746,LA Clippers,4,7,1,Made Shot,Cutting Dunk Shot,2PT Field Goal,Restricted Area,Center(C),Less Than 8 ft.,1,9,16,1,1,20251112,LAC,DEN,24590,0,201587|203992|1627826|1641738|1641757,1,REG,2026,1610612746,,,,,
22500224567,,Shot Chart Detail,22500224,567,201587,Nicolas Batum,1610612746,LA Clippers,4,6,23,Made Shot,Jump Shot,3PT Field Goal,Above the Break 3,Left Side Center(LC),24+ ft.,26,-92,247,1,1,20251112,LAC,DEN,24970,0,201572|201587|203992|1641738|1641757,1,REG,2026,1610612746,,,,,
22500224582,,Shot Chart Detail,22500224,582,203992,Bogdan Bogdanović,1610612746,LA Clippers,4,5,49,Missed Shot,Pullup Jump shot,2PT Field Goal,In The Paint (Non-RA),Left Side(L),8-16 ft.,13,-67,113,1,0,20251112,LAC,DEN,25310,0,201572|203992|1641738|1641757|1642353,0,REG,2026,1610612746,,,,,
22500224586,,Shot Chart Detail,22500224,586,201572,Brook Lopez,1610612746,LA Clippers,4,5,13,Made Shot,Turnaround Fadeaway Bank Jump Shot,2PT Field Goal,In The Paint (Non-RA),Center(C),8-16 ft.,9,-1,99,1,1,20251112,LAC,DEN,25670,0,201572|203992|1641738|1641757|1642353,1,REG,2026,1610612746,,,,,
22500224591,,Shot Chart Detail,22500224,591,1641757,Jordan Miller,1610612746,LA Clippers,4,4,38,Made Shot,Driving Layup Shot,2PT Field Goal,Restricted Area,Center(C),Less Than 8 ft.,1,4,17,1,1,20251112,LAC,DEN,26020,0,201572|203992|1641738|1641757|1642353,1,REG,2026,1610612746,,,,,
22500224604,,Shot Chart Detail,22500224,604,1641738,Kobe Brown,1610612746,LA Clippers,4,3,30,Missed Shot,Jump Shot,3PT Field Goal,Right Corner 3,Right Side(R),24+ ft.,23,233,22,1,0,20251112,LAC,DEN,26700,0,201572|203992|1641738|1641757|1642353,0,REG,2026,1610612746,,,,,
22500224624,,Shot Chart Detail,22500224,624,1641757,Jordan Miller,1610612746,LA Clippers,4,2,23,Missed Shot,Driving Layup Shot,2PT Field Goal,Restricted Area,Center(C),Less Than 8 ft.,3,-25,24,1,0,20251112,LAC,DEN,27370,0,201572|203992|1641738|1641757|1642353,0,REG,2026,1610612746,,,,,
22500224632,,Shot Chart Detail,22500224,632,203992,Bogdan Bogdanović,1610612746,LA Clippers,4,1,59,Made Shot,Jump Shot,3PT Field Goal,Above the Break 3,Left Side Center(LC),24+ ft.,25,-194,169,1,1,20251112,LAC,DEN,27610,0,201572|203992|1641738|1641757|1642353,1,REG,2026,1610612746,,,,,
22500224636,,Shot Chart Detail,22500224,636,1641738,Kobe Brown,1610612746,LA Clippers,4,1,34,Made Shot,Driving Layup Shot,2PT Field Goal,Restricted Area,Center(C),Less Than 8 ft.,2,12,19,1,1,20251112,LAC,DEN,27860,0,201572|203992|1641738|1641757|1642353,1,REG,2026,1610612746,,,,,
22500224640,,Shot Chart Detail,22500224,640,201572,Brook Lopez,1610612746,LA Clippers,4,1,7,Missed Shot,Jump Shot,3PT Field Goal,Above the Break 3,Right Side Center(RC),24+ ft.,26,165,210,1,0,20251112,LAC,DEN,28130,0,201572|203992|1641738|1641757|1642353,0,REG,2026,1610612746,,,,,
22500224647,,Shot Chart Detail,22500224,647,1641757,Jordan Miller,1610612746,LA Clippers,4,0,21,Missed Shot,Jump Shot,3PT Field Goal,Left Corner 3,Left Side(L),24+ ft.,23,-223,58,1,0,20251112,LAC,DEN,28590,0,201572|203992|1641738|1641757|1642353,0,REG,2026,1610612746,,,,,
225002337,,Shot Chart Detail,22500233,7,1628381,John Collins,1610612746,LA Clippers,1,11,46,Missed Shot,Driving Bank Hook Shot,2PT Field Goal,Restricted Area,Center(C),Less Than 8 ft.,3,39,-5,1,0,20251116,BOS,LAC,140,0,201935|1627739|1627826|1627884|1628381,0,REG,2026,1610612746,,,,,
2250023312,,Shot Chart Detail,22500233,12,201935,James Harden,1610612746,LA Clippers,1,10,59,Missed Shot,Driving Layup Shot,2PT Field Goal,In The Paint (Non-RA),Center(C),Less Than 8 ft.,5,-55,-3,1,0,20251116,BOS,LAC,610,0,201935|1627739|1627826|1627884|1628381,0,REG,2026,1610612746,,,,,
2250023324,,Shot Chart Detail,22500233,24,1627884,Derrick Jones Jr.,1610612746,LA Clippers,1,9,46,Missed Shot,Jump Shot,3PT Field Goal,Above the Break 3,Left Side Center(LC),24+ ft.,27,-179,204,1,0,20251116,BOS,LAC,1340,0,201935|1627739|1627826|1627884|1628381,0,REG,2026,1610612746,,,,,
2250023330,,Shot Chart Detail,22500233,30,1627826,Ivica Zubac,1610612746,LA Clippers,1,9,4,Missed Shot,Turnaround Hook Shot,2PT Field Goal,In The Paint (Non-RA),Center(C),8-16 ft.,8,-31,75,1,0,20251116,BOS,LAC,1760,0,201935|1627739|1627826|1627884|1628381,0,REG,2026,1610612746,,,,,
2250023338,,Shot Chart Detail,22500233,38,1627884,Derrick Jones Jr.,1610612746,LA Clippers,1,8,31,Missed Shot,Driving Layup Shot,2PT Field Goal,Restricted Area,Center(C),Less Than 8 ft.,3,34,7,1,0,20251116,BOS,LAC,2090,0,201935|1627739|1627826|1627884|1628381,0,REG,2026,1610612746,,,,,
2250023343,,Shot Chart Detail,22500233,43,201935,James Harden,1610612746,LA Clippers,1,8,2,Made Shot,Pullup Jump shot,3PT Field Goal,Above the Break 3,Right Side Center(RC),24+ ft.,24,85,232,1,1,20251116,BOS,LAC,2380,0,201935|1627739|1627826|1627884|1628381,0,REG,2026,1610612746,,,,,
2250023357,,Shot Chart Detail,22500233,57,1628381,John Collins,1610612746,LA Clippers,1,6,55,Missed Shot,Jump Shot,3PT Field Goal,Above the Break 3,Left Side Center(LC),24+ ft.,27,-112,252,1,0,20251116,BOS,LAC,3050,0,201935|1627739|1627826|1627884|1628381,0,REG,2026,1610612746,,,,,
2250023361,,Shot Chart Detail,22500233,61,1628381,John Collins,1610612746,LA Clippers,1,6,18,Made Shot,Alley Oop Dunk Shot,2PT Field Goal,Restricted Area,Center(C),Less Than 8 ft.,1,-11,7,1,1,20251116,BOS,LAC,3420,0,201935|1627739|1627826|1627884|1628381,1,REG,2026,1610612746,,,,,
2250023365,,Shot Chart Detail,22500233,65,1627739,Kris Dunn,1610612746,LA Clippers,1,5,45,Missed Shot,Turnaround Jump Shot,2PT Field Goal,Mid-Range,Right Side(R),8-16 ft.,11,113,36,1,0,20251116,BOS,LAC,3750,0,201935|1627739|1627826|1627884|1628381,0,REG,2026,1610612746,,,,,
2250023372,,Shot Chart Detail,22500233,72,1627826,Ivica Zubac,1610612746,LA Clippers,1,5,15,Made Shot,Hook Shot,2PT Field Goal,In The Paint (Non-RA),Right Side(R),8-16 ft.,9,50,80,1,1,20251116,BOS,LAC,4050,0,201935|203992|1627826|1627884|1628381,1,REG,2026,1610612746,,,,,
2250023376,,Shot Chart Detail,22500233,76,1628381,John Collins,1610612746,LA Clippers,1,4,44,Missed Shot,Pullup Jump shot,2PT Field Goal,In The Paint (Non-RA),Right Side(R),8-16 ft.,10,75,80,1,0,20251116,BOS,LAC,4360,0,201935|203992|1627826|1627884|1628381,0,REG,2026,1610612746,,,,,
2250023386,,Shot Chart Detail,22500233,86,203992,Bogdan Bogdanović,1610612746,LA Clippers,1,4,18,Made Shot,Driving Layup Shot,2PT Field Goal,Restricted Area,Center(C),Less Than 8 ft.,2,12,20,1,1,20251116,BOS,LAC,4620,0,201935|203992|1627826|1627884|1628381,0,REG,2026,1610612746,,,,,
2250023396,,Shot Chart Detail,22500233,96,201935,James Harden,1610612746,LA Clippers,1,4,3,Missed Shot,Driving Layup Shot,2PT Field Goal,Restricted Area,Center(C),Less Than 8 ft.,3,-25,20,1,0,20251116,BOS,LAC,4770,0,201572|201587|201935|203992|1627884,0,REG,2026,1610612746,,,,,
22500233101,,Shot Chart Detail,22500233,101,1627884,Derrick Jones Jr.,1610612746,LA Clippers,1,3,36,Made Shot,Jump Shot,3PT Field Goal,Left Corner 3,Left Side(L),24+ ft.,23,-234,39,1,1,20251116,BOS,LAC,5040,0,201572|201587|201935|203992|1627884,1,REG,2026,1610612746,,,,,
22500233106,,Shot Chart Detail,22500233,106,201572,Brook Lopez,1610612746,LA Clippers,1,3,5,Made Shot,Jump Shot,3PT Field Goal,Above the Break 3,Left Side Center(LC),24+ ft.,28,-158,235,1,1,20251116,BOS,LAC,5350,0,201572|201587|201935|203992|1627884,1,REG,2026,1610612746,,,,,
22500233117,,Shot Chart Detail,22500233,117,201572,Brook Lopez,1610612746,LA Clippers,1,2,34,Missed Shot,Jump Shot,3PT Field Goal,Above the Break 3,Right Side Center(RC),24+ ft.,25,150,206,1,0,20251116,BOS,LAC,5660,0,201572|201587|201935|203992|1641757,0,REG,2026,1610612746,,,,,
22500233121,,Shot Chart Detail,22500233,121,201587,Nicolas Batum,1610612746,LA Clippers,1,2,8,Made Shot,Jump Shot,3PT Field Goal,Above the Break 3,Right Side Center(RC),24+ ft.,25,137,216,1,1,20251116,BOS,LAC,5920,0,201572|201587|201935|203992|1641757,1,REG,2026,1610612746,,,,,
22500233126,,Shot Chart Detail,22500233,126,201935,James Harden,1610612746,LA Clippers,1,1,34,Missed Shot,Driving Layup Shot,2PT Field Goal,In The Paint (Non-RA),Center(C),Less Than 8 ft.,4,42,13,1,0,20251116,BOS,LAC,6260,0,201572|201587|201935|203992|1641757,0,REG,2026,1610612746,,,,,
22500233137,,Shot Chart Detail,22500233,137,1642920,Kobe Sanders,1610612746,LA Clippers,1,1,20,Made Shot,Driving Layup Shot,2PT Field Goal,Restricted Area,Center(C),Less Than 8 ft.,2,-4,21,1,1,20251116,BOS,LAC,6400,0,201572|201587|203992|1641757|1642920,0,REG,2026,1610612746,,,,,
22500233152,,Shot Chart Detail,22500233,152,1642920,Kobe Sanders,1610612746,LA Clippers,1,0,10,Made Shot,Jump Shot,3PT Field Goal,Right Corner 3,Right Side(R),24+ ft.,23,232,26,1,1,20251116,BOS,LAC,7100,0,201572|201587|203992|1641757|1642920,1,REG,2026,1610612746,,,,,
22500233178,,Shot Chart Detail,22500233,178,1641757,Jordan Miller,1610612746,LA Clippers,2,10,20,Missed Shot,Jump Shot,3PT Field Goal,Above the Break 3,Right Side Center(RC),24+ ft.,25,85,244,1,0,20251116,BOS,LAC,8200,0,201572|201587|203992|1641757|1642920,0,REG,2026,1610612746,,,,,
22500233180,,Shot Chart Detail,22500233,180,201587,Nicolas Batum,1610612746,LA Clippers,2,10,4,Made Shot,Jump Bank Shot,3PT Field Goal,Above the Break 3,Right Side Center(RC),24+ ft.,26,151,214,1,1,20251116,BOS,LAC,8360,0,201572|201587|203992|1641757|1642920,1,REG,2026,1610612746,,,,,
22500233184,,Shot Chart Detail,22500233,184,203992,Bogdan Bogdanović,1610612746,LA Clippers,2,9,13,Missed Shot,Driving Layup Shot,2PT Field Goal,Restricted Area,Center(C),Less Than 8 ft.,2,-17,23,1,0,20251116,BOS,LAC,8870,0,201572|201587|203992|1641757|1642920,0,REG,2026,1610612746,,,,,
22500233191,,Shot Chart Detail,22500233,191,1641757,Jordan Miller,1610612746,LA Clippers,2,8,43,Missed Shot,Driving Floating Jump Shot,2PT Field Goal,In The Paint (Non-RA),Center(C),Less Than 8 ft.,4,-42,12,1,0,20251116,BOS,LAC,9170,0,201572|201587|203992|1641757|1642920,0,REG,2026,1610612746,,,,,
22500233205,,Shot Chart Detail,22500233,205,201587,Nicolas Batum,1610612746,LA Clippers,2,8,7,Missed Shot,Jump Shot,3PT Field Goal,Right Corner 3,Right Side(R),24+ ft.,23,232,12,1,0,20251116,BOS,LAC,9530,0,201587|203992|1627826|1641757|1642920,0,REG,2026,1610612746,,,,,
22500233207,,Shot Chart Detail,22500233,207,203992,Bogdan Bogdanović,1610612746,LA Clippers,2,7,49,Missed Shot,Step Back Jump shot,3PT Field Goal,Above the Break 3,Left Side Center(LC),24+ ft.,24,-185,168,1,0,20251116,BOS,LAC,9710,0,201587|203992|1627826|1641757|1642920,0,REG,2026,1610612746,,,,,
22500233209,,Shot Chart Detail,22500233,209,1641757,Jordan Miller,1610612746,LA Clippers,2,7,45,Made Shot,Putback Layup Shot,2PT Field Goal,Restricted Area,Center(C),Less Than 8 ft.,2,-12,16,1,1,20251116,BOS,LAC,9750,0,201587|203992|1627826|1641757|1642920,0,REG,2026,1610612746,,,,,
22500233228,,Shot Chart Detail,22500233,228,1642920,Kobe Sanders,1610612746,LA Clippers,2,7,0,Missed Shot,Jump Shot,3PT Field Goal,Right Corner 3,Right Side(R),24+ ft.,22,223,-11,1,0,20251116,BOS,LAC,10200,0,201587|201935|1627826|1641757|1642920,0,REG,2026,1610612746,,,,,
22500233240,,Shot Chart Detail,22500233,240,201587,Nicolas Batum,1610612746,LA Clippers,2,6,15,Missed Shot,Jump Shot,3PT Field Goal,Above the Break 3,Left Side Center(LC),24+ ft.,26,-159,212,1,0,20251116,BOS,LAC,10650,0,201587|201935|1627826|1628381|1641757,0,REG,2026,1610612746,,,,,
22500233243,,Shot Chart Detail,22500233,243,201935,James Harden,1610612746,LA Clippers,2,5,45,Missed Shot,Pullup Jump shot,3PT Field Goal,Above the Break 3,Center(C),24+ ft.,25,53,249,1,0,20251116,BOS,LAC,10950,0,201587|201935|1627826|1628381|1641757,0,REG,2026,1610612746,,,,,
22500233245,,Shot Chart Detail,22500233,245,1627826,Ivica Zubac,1610612746,LA Clippers,2,5,32,Missed Shot,Turnaround Hook Shot,2PT Field Goal,In The Paint (Non-RA),Center(C),Less Than 8 ft.,7,-69,15,1,0,20251116,BOS,LAC,11080,0,201587|201935|1627826|1628381|1641757,0,REG,2026,1610612746,,,,,
22500233249,,Shot Chart Detail,22500233,249,201935,James Harden,1610612746,LA Clippers,2,5,8,Missed Shot,Driving Layup Shot,2PT Field Goal,In The Paint (Non-RA),Center(C),Less Than 8 ft.,4,-47,15,1,0,20251116,BOS,LAC,11320,0,201587|201935|1627826|1628381|1641757,0,REG,2026,1610612746,,,,,
22500233251,,Shot Chart Detail,22500233,251,1627826,Ivica Zubac,1610612746,LA Clippers,2,5,3,Made Shot,Tip Layup Shot,2PT Field Goal,Restricted Area,Center(C),Less Than 8 ft.,0,0,0,1,1,20251116,BOS,LAC,11370,0,201587|201935|1627826|1628381|1641757,0,REG,2026,1610612746,,,,,
22500233255,,Shot Chart Detail,22500233,255,1628381,John Collins,1610612746,LA Clippers,2,4,37,Made Shot,Cutting Layup Shot,2PT Field Goal,Restricted Area,Center(C),Less Than 8 ft.,2,-7,26,1,1,20251116,BOS,LAC,11630,0,201587|201935|1627826|1628381|1641757,1,REG,2026,1610612746,,,,,
22500233259,,Shot Chart Detail,22500233,259,1628381,John Collins,1610612746,LA Clippers,2,4,8,Missed Shot,Jump Shot,3PT Field Goal,Left Corner 3,Left Side(L),24+ ft.,22,-227,1,1,0,20251116,BOS,LAC,11920,0,201587|201935|1627826|1628381|1641757,0,REG,2026,1610612746,,,,,
22500233272,,Shot Chart Detail,22500233,272,1627739,Kris Dunn,1610612746,LA Clippers,2,3,45,Missed Shot,Jump Shot,3PT Field Goal,Above the Break 3,Left Side Center(LC),24+ ft.,27,-152,228,1,0,20251116,BOS,LAC,12150,0,201935|1627739|1627826|1627884|1628381,0,REG,2026,1610612746,,,,,
22500233280,,Shot Chart Detail,22500233,280,1627884,Derrick Jones Jr.,1610612746,LA Clippers,2,3,4,Made Shot,Jump Shot,2PT Field Goal,Mid-Range,Right Side(R),16-24 ft.,20,206,12,1,1,20251116,BOS,LAC,12560,0,201935|1627739|1627826|1627884|1628381,1,REG,2026,1610612746,,,,,
22500233289,,Shot Chart Detail,22500233,289,1627884,Derrick Jones Jr.,1610612746,LA Clippers,2,2,39,Missed Shot,Cutting Layup Shot,2PT Field Goal,In The Paint (Non-RA),Center(C),Less Than 8 ft.,5,-56,10,1,0,20251116,BOS,LAC,12810,0,201935|1627739|1627826|1627884|1628381,0,REG,2026,1610612746,,,,,
22500233295,,Shot Chart Detail,22500233,295,1628381,John Collins,1610612746,LA Clippers,2,2,12,Made Shot,Pullup Jump shot,2PT Field Goal,In The Paint (Non-RA),Right Side(R),8-16 ft.,8,77,36,1,1,20251116,BOS,LAC,13080,0,201935|1627739|1627826|1627884|1628381,0,REG,2026,1610612746,,,,,
22500233305,,Shot Chart Detail,22500233,305,1627826,Ivica Zubac,1610612746,LA Clippers,2,1,47,Made Shot,Floating Jump shot,2PT Field Goal,In The Paint (Non-RA),Left Side(L),8-16 ft.,10,-78,64,1,1,20251116,BOS,LAC,13330,0,201935|203992|1627739|1627826|1628381,0,REG,2026,1610612746,,,,,
22500233311,,Shot Chart Detail,22500233,311,1628381,John Collins,1610612746,LA Clippers,2,1,5,Made Shot,Layup Shot,2PT Field Goal,Restricted Area,Center(C),Less Than 8 ft.,2,20,15,1,1,20251116,BOS,LAC,13750,0,201935|203992|1627739|1627826|1628381,1,REG,2026,1610612746,,,,,
22500233314,,Shot Chart Detail,22500233,314,1627739,Kris Dunn,1610612746,LA Clippers,2,0,31,Missed Shot,Jump Shot,3PT Field Goal,Above the Break 3,Right Side Center(RC),24+ ft.,26,195,174,1,0,20251116,BOS,LAC,14090,0,201935|203992|1627739|1627826|1628381,0,REG,2026,1610612746,,,,,
22500233319,,Shot Chart Detail,22500233,319,201935,James Harden,1610612746,LA Clippers,2,0,0,Missed Shot,Pullup Jump shot,3PT Field Goal,Above the Break 3,Center(C),24+ ft.,27,-10,274,1,0,20251116,BOS,LAC,14400,0,201935|203992|1627739|1627826|1628381,0,REG,2026,1610612746,,,,,
22500233358,,Shot Chart Detail,22500233,358,1628381,John Collins,1610612746,LA Clippers,3,9,10,Missed Shot,Jump Shot,3PT Field Goal,Above the Break 3,Left Side Center(LC),24+ ft.,26,-162,213,1,0,20251116,BOS,LAC,16100,0,201935|203992|1627739|1627826|1628381,0,REG,2026,1610612746,,,,,
22500233360,,Shot Chart Detail,22500233,360,1628381,John Collins,1610612746,LA Clippers,3,9,6,Made Shot,Cutting Layup Shot,2PT Field Goal,Restricted Area,Center(C),Less Than 8 ft.,3,-27,15,1,1,20251116,BOS,LAC,16140,0,201935|203992|1627739|1627826|1628381,1,REG,2026,1610612746,,,,,
22500233364,,Shot Chart Detail,22500233,364,201935,James Harden,1610612746,LA Clippers,3,8,36,Missed Shot,Pullup Jump shot,3PT Field Goal,Above the Break 3,Center(C),24+ ft.,27,-56,269,1,0,20251116,BOS,LAC,16440,0,201935|203992|1627739|1627826|1628381,0,REG,2026,1610612746,,,,,
22500233369,,Shot Chart Detail,22500233,369,1627739,Kris Dunn,1610612746,LA Clippers,3,8,13,Missed Shot,Floating Jump shot,2PT Field Goal,In The Paint (Non-RA),Right Side(R),8-16 ft.,9,56,79,1,0,20251116,BOS,LAC,16670,0,201935|203992|1627739|1627826|1628381,0,REG,2026,1610612746,,,,,
22500233382,,Shot Chart Detail,22500233,382,201935,James Harden,1610612746,LA Clippers,3,7,36,Missed Shot,Pullup Jump shot,3PT Field Goal,Above the Break 3,Right Side Center(RC),24+ ft.,26,186,194,1,0,20251116,BOS,LAC,17040,0,201935|203992|1627739|1627826|1628381,0,REG,2026,1610612746,,,,,
22500233385,,Shot Chart Detail,22500233,385,1627826,Ivica Zubac,1610612746,LA Clippers,3,7,33,Made Shot,Driving Layup Shot,2PT Field Goal,Restricted Area,Center(C),Less Than 8 ft.,3,-32,-1,1,1,20251116,BOS,LAC,17070,0,201935|203992|1627739|1627826|1628381,1,REG,2026,1610612746,,,,,
22500233404,,Shot Chart Detail,22500233,404,1627739,Kris Dunn,1610612746,LA Clippers,3,6,15,Made Shot,Jump Shot,3PT Field Goal,Right Corner 3,Right Side(R),24+ ft.,23,229,40,1,1,20251116,BOS,LAC,17850,0,201935|203992|1627739|1627826|1628381,1,REG,2026,1610612746,,,,,
22500233411,,Shot Chart Detail,22500233,411,1627826,Ivica Zubac,1610612746,LA Clippers,3,5,21,Made Shot,Driving Hook Shot,2PT Field Goal,In The Paint (Non-RA),Center(C),Less Than 8 ft.,5,34,47,1,1,20251116,BOS,LAC,18390,0,201935|203992|1627739|1627826|1628381,1,REG,2026,1610612746,,,,,
22500233415,,Shot Chart Detail,22500233,415,201935,James Harden,1610612746,LA Clippers,3,4,58,Made Shot,Driving Floating Bank Jump Shot,2PT Field Goal,In The Paint (Non-RA),Center(C),Less Than 8 ft.,4,-49,4,1,1,20251116,BOS,LAC,18620,0,201935|203992|1627739|1627826|1628381,0,REG,2026,1610612746,,,,,
22500233426,,Shot Chart Detail,22500233,426,1628381,John Collins,1610612746,LA Clippers,3,4,7,Made Shot,Hook Shot,2PT Field Goal,Restricted Area,Center(C),Less Than 8 ft.,3,34,15,1,1,20251116,BOS,LAC,19130,0,201935|203992|1627739|1627826|1628381,1,REG,2026,1610612746,,,,,
22500233436,,Shot Chart Detail,22500233,436,1627826,Ivica Zubac,1610612746,LA Clippers,3,3,30,Made Shot,Cutting Layup Shot,2PT Field Goal,Restricted Area,Center(C),Less Than 8 ft.,1,-7,13,1,1,20251116,BOS,LAC,19500,0,201935|1627739|1627826|1628381|1642920,1,REG,2026,1610612746,,,,,
22500233442,,Shot Chart Detail,22500233,442,1642920,Kobe Sanders,1610612746,LA Clippers,3,2,56,Missed Shot,Fadeaway Jump Shot,2PT Field Goal,In The Paint (Non-RA),Right Side(R),8-16 ft.,9,60,79,1,0,20251116,BOS,LAC,19840,0,201935|1627739|1627826|1628381|1642920,0,REG,2026,1610612746,,,,,
22500233466,,Shot Chart Detail,22500233,466,201935,James Harden,1610612746,LA Clippers,3,2,9,Missed Shot,Step Back Jump shot,2PT Field Goal,Mid-Range,Right Side(R),8-16 ft.,15,115,111,1,0,20251116,BOS,LAC,20310,0,201572|201587|201935|203992|1642920,0,REG,2026,1610612746,,,,,
22500233468,,Shot Chart Detail,22500233,468,203992,Bogdan Bogdanović,1610612746,LA Clippers,3,2,1,Made Shot,Jump Shot,3PT Field Goal,Above the Break 3,Right Side Center(RC),24+ ft.,28,138,253,1,1,20251116,BOS,LAC,20390,0,201572|201587|201935|203992|1642920,1,REG,2026,1610612746,,,,,
22500233471,,Shot Chart Detail,22500233,471,201935,James Harden,1610612746,LA Clippers,3,1,30,Made Shot,Driving Hook Shot,2PT Field Goal,Restricted Area,Center(C),Less Than 8 ft.,3,-10,31,1,1,20251116,BOS,LAC,20700,0,201572|201587|201935|203992|1642920,0,REG,2026,1610612746,,,,,
22500233473,,Shot Chart Detail,22500233,473,201935,James Harden,1610612746,LA Clippers,3,1,5,Missed Shot,Pullup Jump shot,3PT Field Goal,Above the Break 3,Right Side Center(RC),24+ ft.,29,170,246,1,0,20251116,BOS,LAC,20950,0,201572|201587|201935|203992|1642920,0,REG,2026,1610612746,,,,,
22500233480,,Shot Chart Detail,22500233,480,203992,Bogdan Bogdanović,1610612746,LA Clippers,3,0,36,Missed Shot,Step Back Jump shot,3PT Field Goal,Above the Break 3,Center(C),24+ ft.,28,85,277,1,0,20251116,BOS,LAC,21240,0,201572|201587|201935|203992|1642920,0,REG,2026,1610612746,,,,,
22500233482,,Shot Chart Detail,22500233,482,1642920,Kobe Sanders,1610612746,LA Clippers,3,0,33,Made Shot,Putback Layup Shot,2PT Field Goal,Restricted Area,Center(C),Less Than 8 ft.,2,-23,-10,1,1,20251116,BOS,LAC,21270,0,201572|201587|201935|203992|1642920,0,REG,2026,1610612746,,,,,
22500233487,,Shot Chart Detail,22500233,487,201935,James Harden,1610612746,LA Clippers,3,0,2,Made Shot,Step Back Jump shot,3PT Field Goal,Above the Break 3,Left Side Center(LC),24+ ft.,26,-181,197,1,1,20251116,BOS,LAC,21580,0,201572|201587|201935|203992|1642920,0,REG,2026,1610612746,,,,,
22500233516,,Shot Chart Detail,22500233,516,203992,Bogdan Bogdanović,1610612746,LA Clippers,4,10,1,Missed Shot,Jump Shot,3PT Field Goal,Above the Break 3,Left Side Center(LC),24+ ft.,27,-134,235,1,0,20251116,BOS,LAC,22790,0,201572|201587|203992|1627739|1642920,0,REG,2026,1610612746,,,,,
22500233529,,Shot Chart Detail,22500233,529,1642920,Kobe Sanders,1610612746,LA Clippers,4,9,19,Made Shot,Jump Shot,3PT Field Goal,Left Corner 3,Left Side(L),24+ ft.,22,-227,14,1,1,20251116,BOS,LAC,23210,0,201572|201587|203992|1627739|1642920,1,REG,2026,1610612746,,,,,
22500233533,,Shot Chart Detail,22500233,533,203992,Bogdan Bogdanović,1610612746,LA Clippers,4,8,54,Made Shot,Driving Floating Bank Jump Shot,2PT Field Goal,In The Paint (Non-RA),Center(C),Less Than 8 ft.,5,47,27,1,1,20251116,BOS,LAC,23460,0,201572|201587|203992|1627739|1642920,1,REG,2026,1610612746,,,,,
22500233569,,Shot Chart Detail,22500233,569,1627826,Ivica Zubac,1610612746,LA Clippers,4,7,21,Missed Shot,Turnaround Hook Shot,2PT Field Goal,In The Paint (Non-RA),Center(C),Less Than 8 ft.,6,-64,-2,1,0,20251116,BOS,LAC,24390,0,201587|201935|203992|1627826|1642920,0,REG,2026,1610612746,,,,,
22500233582,,Shot Chart Detail,22500233,582,1628381,John Collins,1610612746,LA Clippers,4,6,24,Made Shot,Jump Shot,3PT Field Goal,Right Corner 3,Right Side(R),24+ ft.,23,232,30,1,1,20251116,BOS,LAC,24960,0,201935|203992|1627826|1628381|1642920,1,REG,2026,1610612746,,,,,
22500233586,,Shot Chart Detail,22500233,586,203992,Bogdan Bogdanović,1610612746,LA Clippers,4,5,47,Missed Shot,Driving Layup Shot,2PT Field Goal,In The Paint (Non-RA),Center(C),Less Than 8 ft.,4,-42,-6,1,0,20251116,BOS,LAC,25330,0,201935|203992|1627826|1628381|1642920,0,REG,2026,1610612746,,,,,
22500233592,,Shot Chart Detail,22500233,592,201935,James Harden,1610612746,LA Clippers,4,5,15,Missed Shot,Running Layup Shot,2PT Field Goal,Restricted Area,Center(C),Less Than 8 ft.,3,-32,5,1,0,20251116,BOS,LAC,25650,0,201935|203992|1627826|1628381|1642920,0,REG,2026,1610612746,,,,,
22500233607,,Shot Chart Detail,22500233,607,203992,Bogdan Bogdanović,1610612746,LA Clippers,4,4,50,Made Shot,Driving Floating Jump Shot,2PT Field Goal,Restricted Area,Center(C),Less Than 8 ft.,2,25,13,1,1,20251116,BOS,LAC,25900,0,201935|203992|1627826|1628381|1642920,0,REG,2026,1610612746,,,,,
22500233611,,Shot Chart Detail,22500233,611,201935,James Harden,1610612746,LA Clippers,4,4,20,Made Shot,Driving Floating Jump Shot,2PT Field Goal,In The Paint (Non-RA),Center(C),Less Than 8 ft.,4,-6,45,1,1,20251116,BOS,LAC,26200,0,201935|203992|1627826|1628381|1642920,0,REG,2026,1610612746,,,,,
22500233614,,Shot Chart Detail,22500233,614,203992,Bogdan Bogdanović,1610612746,LA Clippers,4,3,48,Missed Shot,Running Jump Shot,3PT Field Goal,Above the Break 3,Left Side Center(LC),24+ ft.,24,-141,206,1,0,20251116,BOS,LAC,26520,0,201935|203992|1627826|1628381|1642920,0,REG,2026,1610612746,,,,,
22500233616,,Shot Chart Detail,22500233,616,201935,James Harden,1610612746,LA Clippers,4,3,41,Made Shot,Jump Shot,3PT Field Goal,Above the Break 3,Center(C),24+ ft.,29,81,282,1,1,20251116,BOS,LAC,26590,0,201935|203992|1627826|1628381|1642920,1,REG,2026,1610612746,,,,,
22500233626,,Shot Chart Detail,22500233,626,1642920,Kobe Sanders,1610612746,LA Clippers,4,2,33,Missed Shot,Driving Layup Shot,2PT Field Goal,In The Paint (Non-RA),Center(C),Less Than 8 ft.,4,45,16,1,0,20251116,BOS,LAC,27270,0,201935|203992|1627826|1628381|1642920,0,REG,2026,1610612746,,,,,
22500233633,,Shot Chart Detail,22500233,633,201935,James Harden,1610612746,LA Clippers,4,2,14,Missed Shot,Driving Layup Shot,2PT Field Goal,In The Paint (Non-RA),Center(C),Less Than 8 ft.,6,-59,16,1,0,20251116,BOS,LAC,27460,0,201935|203992|1627826|1628381|1642920,0,REG,2026,1610612746,,,,,
22500233637,,Shot Chart Detail,22500233,637,1627826,Ivica Zubac,1610612746,LA Clippers,4,1,47,Missed Shot,Turnaround Hook Shot,2PT Field Goal,In The Paint (Non-RA),Center(C),Less Than 8 ft.,6,-7,63,1,0,20251116,BOS,LAC,27730,0,201935|203992|1627826|1628381|1642920,0,REG,2026,1610612746,,,,,
22500233640,,Shot Chart Detail,22500233,640,201935,James Harden,1610612746,LA Clippers,4,1,17,Made Shot,Driving Layup Shot,2PT Field Goal,Restricted Area,Center(C),Less Than 8 ft.,1,-1,16,1,1,20251116,BOS,LAC,28030,0,201935|203992|1627826|1628381|1642920,0,REG,2026,1610612746,,,,,
22500233643,,Shot Chart Detail,22500233,643,1628381,John Collins,1610612746,LA Clippers,4,0,50,Made Shot,Running Dunk Shot,2PT Field Goal,Restricted Area,Center(C),Less Than 8 ft.,0,-7,3,1,1,20251116,BOS,LAC,28300,0,201935|203992|1627826|1628381|1642920,1,REG,2026,1610612746,,,,,
22500233664,,Shot Chart Detail,22500233,664,201935,James Harden,1610612746,LA Clippers,4,0,9,Made Shot,Step Back Jump shot,3PT Field Goal,Above the Break 3,Left Side Center(LC),24+ ft.,25,-183,180,1,1,20251116,BOS,LAC,28710,0,201587|201935|203992|1628381|1642920,0,REG,2026,1610612746,,,,,
22500233682,,Shot Chart Detail,22500233,682,201935,James Harden,1610612746,LA Clippers,4,0,2,Made Shot,Pullup Jump shot,3PT Field Goal,Above the Break 3,Left Side Center(LC),24+ ft.,26,-179,194,1,1,20251116,BOS,LAC,28780,0,201935|203992|1627826|1628381|1642920,1,REG,2026,1610612746,,,,,
22500233697,,Shot Chart Detail,22500233,697,201935,James Harden,1610612746,LA Clippers,4,0,0,Missed Shot,Jump Shot,3PT Field Goal,Above the Break 3,Left Side Center(LC),24+ ft.,24,-148,192,1,0,20251116,BOS,LAC,28800,0,201935|203992|1627739|1627826|1628381,0,REG,2026,1610612746,,,,,
225002439,,Shot Chart Detail,22500243,9,201935,James Harden,1610612746,LA Clippers,1,11,32,Missed Shot,Driving Floating Jump Shot,2PT Field Goal,Restricted Area,Center(C),Less Than 8 ft.,1,-13,13,1,0,20251117,PHI,LAC,280,0,201935|1627739|1627826|1628381|1642920,0,REG,2026,1610612746,,,,,
2250024313,,Shot Chart Detail,22500243,13,1628381,John Collins,1610612746,LA Clippers,1,11,8,Missed Shot,Pullup Jump shot,2PT Field Goal,In The Paint (Non-RA),Center(C),8-16 ft.,12,-53,116,1,0,20251117,PHI,LAC,520,0,201935|1627739|1627826|1628381|1642920,0,REG,2026,1610612746,,,,,
2250024322,,Shot Chart Detail,22500243,22,1628381,John Collins,1610612746,LA Clippers,1,10,39,Missed Shot,Turnaround Hook Shot,2PT Field Goal,Restricted Area,Center(C),Less Than 8 ft.,1,6,11,1,0,20251117,PHI,LAC,810,0,201935|1627739|1627826|1628381|1642920,0,REG,2026,1610612746,,,,,
22500243374,,Shot Chart Detail,22500243,374,1627826,Ivica Zubac,1610612746,LA Clippers,1,10,38,Missed Shot,Tip Layup Shot,2PT Field Goal,Restricted Area,Center(C),Less Than 8 ft.,0,9,4,1,0,20251117,PHI,LAC,820,0,201935|1627739|1627826|1628381|1642920,0,REG,2026,1610612746,,,,,
2250024324,,Shot Chart Detail,22500243,24,1627826,Ivica Zubac,1610612746,LA Clippers,1,10,33,Made Shot,Putback Dunk Shot,2PT Field Goal,Restricted Area,Center(C),Less Than 8 ft.,0,0,0,1,1,20251117,PHI,LAC,870,0,201935|1627739|1627826|1628381|1642920,0,REG,2026,1610612746,,,,,
2250024327,,Shot Chart Detail,22500243,27,201935,James Harden,1610612746,LA Clippers,1,10,15,Made Shot,Running Layup Shot,2PT Field Goal,Restricted Area,Center(C),Less Than 8 ft.,1,-5,15,1,1,20251117,PHI,LAC,1050,0,201935|1627739|1627826|1628381|1642920,0,REG,2026,1610612746,,,,,
2250024330,,Shot Chart Detail,22500243,30,1642920,Kobe Sanders,1610612746,LA Clippers,1,9,48,Made Shot,Driving Finger Roll Layup Shot,2PT Field Goal,Restricted Area,Center(C),Less Than 8 ft.,3,5,38,1,1,20251117,PHI,LAC,1320,0,201935|1627739|1627826|1628381|1642920,1,REG,2026,1610612746,,,,,
2250024334,,Shot Chart Detail,22500243,34,1642920,Kobe Sanders,1610612746,LA Clippers,1,9,33,Missed Shot,Running Jump Shot,3PT Field Goal,Above the Break 3,Right Side Center(RC),24+ ft.,25,153,210,1,0,20251117,PHI,LAC,1470,0,201935|1627739|1627826|1628381|1642920,0,REG,2026,1610612746,,,,,
2250024338,,Shot Chart Detail,22500243,38,1627739,Kris Dunn,1610612746,LA Clippers,1,9,26,Made Shot,Jump Shot,3PT Field Goal,Left Corner 3,Left Side(L),24+ ft.,23,-234,36,1,1,20251117,PHI,LAC,1540,0,201935|1627739|1627826|1628381|1642920,1,REG,2026,1610612746,,,,,
2250024342,,Shot Chart Detail,22500243,42,1627826,Ivica Zubac,1610612746,LA Clippers,1,8,59,Made Shot,Floating Jump shot,2PT Field Goal,In The Paint (Non-RA),Center(C),Less Than 8 ft.,6,10,68,1,1,20251117,PHI,LAC,1810,0,201935|1627739|1627826|1628381|1642920,1,REG,2026,1610612746,,,,,
2250024346,,Shot Chart Detail,22500243,46,201935,James Harden,1610612746,LA Clippers,1,8,28,Made Shot,Running Pull-Up Jump Shot,3PT Field Goal,Above the Break 3,Left Side Center(LC),24+ ft.,26,-99,247,1,1,20251117,PHI,LAC,2120,0,201935|1627739|1627826|1628381|1642920,1,REG,2026,1610612746,,,,,
2250024350,,Shot Chart Detail,22500243,50,1628381,John Collins,1610612746,LA Clippers,1,7,50,Made Shot,Turnaround Jump Shot,2PT Field Goal,In The Paint (Non-RA),Center(C),Less Than 8 ft.,6,18,63,1,1,20251117,PHI,LAC,2500,0,201935|1627739|1627826|1628381|1642920,1,REG,2026,1610612746,,,,,
2250024357,,Shot Chart Detail,22500243,57,1642920,Kobe Sanders,1610612746,LA Clippers,1,7,24,Missed Shot,Jump Shot,3PT Field Goal,Left Corner 3,Left Side(L),24+ ft.,23,-230,15,1,0,20251117,PHI,LAC,2760,0,201935|1627739|1627826|1628381|1642920,0,REG,2026,1610612746,,,,,
2250024363,,Shot Chart Detail,22500243,63,1627826,Ivica Zubac,1610612746,LA Clippers,1,7,3,Made Shot,Running Dunk Shot,2PT Field Goal,Restricted Area,Center(C),Less Than 8 ft.,0,4,5,1,1,20251117,PHI,LAC,2970,0,201935|1627739|1627826|1628381|1642920,1,REG,2026,1610612746,,,,,
2250024378,,Shot Chart Detail,22500243,78,201935,James Harden,1610612746,LA Clippers,1,5,51,Missed Shot,Pullup Jump shot,3PT Field Goal,Above the Break 3,Center(C),24+ ft.,27,53,268,1,0,20251117,PHI,LAC,3690,0,201935|1627739|1627826|1628381|1642920,0,REG,2026,1610612746,,,,,
22500243104,,Shot Chart Detail,22500243,104,201935,James Harden,1610612746,LA Clippers,1,4,31,Made Shot,Driving Layup Shot,2PT Field Goal,Restricted Area,Center(C),Less Than 8 ft.,1,-7,11,1,1,20251117,PHI,LAC,4490,0,201572|201935|1627739|1628381|1642920,0,REG,2026,1610612746,,,,,
22500243124,,Shot Chart Detail,22500243,124,201935,James Harden,1610612746,LA Clippers,1,3,16,Missed Shot,Step Back Jump shot,3PT Field Goal,Above the Break 3,Right Side Center(RC),24+ ft.,26,125,234,1,0,20251117,PHI,LAC,5240,0,201572|201935|203992|1628381|1642920,0,REG,2026,1610612746,,,,,
22500243128,,Shot Chart Detail,22500243,128,201572,Brook Lopez,1610612746,LA Clippers,1,2,59,Missed Shot,Jump Shot,3PT Field Goal,Above the Break 3,Right Side Center(RC),24+ ft.,26,96,252,1,0,20251117,PHI,LAC,5410,0,201572|201935|203992|1628381|1642920,0,REG,2026,1610612746,,,,,
22500243137,,Shot Chart Detail,22500243,137,203992,Bogdan Bogdanović,1610612746,LA Clippers,1,2,23,Missed Shot,Jump Shot,3PT Field Goal,Above the Break 3,Left Side Center(LC),24+ ft.,27,-112,250,1,0,20251117,PHI,LAC,5770,0,201572|201587|201935|203992|1642353,0,REG,2026,1610612746,,,,,
22500243150,,Shot Chart Detail,22500243,150,201935,James Harden,1610612746,LA Clippers,1,1,30,Made Shot,Step Back Jump shot,3PT Field Goal,Above the Break 3,Right Side Center(RC),24+ ft.,28,172,221,1,1,20251117,PHI,LAC,6300,0,201572|201587|201935|203992|1642353,0,REG,2026,1610612746,,,,,
22500243153,,Shot Chart Detail,22500243,153,201935,James Harden,1610612746,LA Clippers,1,1,7,Made Shot,Driving Layup Shot,2PT Field Goal,Restricted Area,Center(C),Less Than 8 ft.,1,-11,-4,1,1,20251117,PHI,LAC,6530,0,201572|201587|201935|203992|1642353,0,REG,2026,1610612746,,,,,
22500243156,,Shot Chart Detail,22500243,156,201935,James Harden,1610612746,LA Clippers,1,0,31,Missed Shot,Step Back Jump shot,3PT Field Goal,Above the Break 3,Right Side Center(RC),24+ ft.,27,148,234,1,0,20251117,PHI,LAC,6890,0,201572|201587|201935|203992|1642353,0,REG,2026,1610612746,,,,,
22500243160,,Shot Chart Detail,22500243,160,201572,Brook Lopez,1610612746,LA Clippers,1,0,0,Missed Shot,Turnaround Jump Shot,3PT Field Goal,Above the Break 3,Left Side Center(LC),24+ ft.,27,-152,225,1,0,20251117,PHI,LAC,7200,0,201572|201587|201935|203992|1642353,0,REG,2026,1610612746,,,,,
22500243174,,Shot Chart Detail,22500243,174,201587,Nicolas Batum,1610612746,LA Clippers,2,11,46,Made Shot,Jump Shot,3PT Field Goal,Right Corner 3,Right Side(R),24+ ft.,22,222,37,1,1,20251117,PHI,LAC,7340,0,101108|201587|203992|1627826|1642353,1,REG,2026,1610612746,,,,,
22500243178,,Shot Chart Detail,22500243,178,1642353,Cam Christie,1610612746,LA Clippers,2,11,5,Missed Shot,Jump Shot,3PT Field Goal,Above the Break 3,Center(C),24+ ft.,26,31,263,1,0,20251117,PHI,LAC,7750,0,101108|201587|203992|1627826|1642353,0,REG,2026,1610612746,,,,,
22500243184,,Shot Chart Detail,22500243,184,201587,Nicolas Batum,1610612746,LA Clippers,2,10,23,Missed Shot,Jump Shot,3PT Field Goal,Above the Break 3,Right Side Center(RC),24+ ft.,25,161,204,1,0,20251117,PHI,LAC,8170,0,101108|201587|203992|1627826|1642353,0,REG,2026,1610612746,,,,,
22500243191,,Shot Chart Detail,22500243,191,201587,Nicolas Batum,1610612746,LA Clippers,2,9,56,Missed Shot,Jump Shot,3PT Field Goal,Above the Break 3,Right Side Center(RC),24+ ft.,25,172,182,1,0,20251117,PHI,LAC,8440,0,101108|201587|203992|1627826|1642353,0,REG,2026,1610612746,,,,,
22500243195,,Shot Chart Detail,22500243,195,203992,Bogdan Bogdanović,1610612746,LA Clippers,2,9,22,Missed Shot,Pullup Jump shot,3PT Field Goal,Above the Break 3,Left Side Center(LC),24+ ft.,26,-97,245,1,0,20251117,PHI,LAC,8780,0,101108|201587|203992|1627826|1642353,0,REG,2026,1610612746,,,,,
22500243202,,Shot Chart Detail,22500243,202,101108,Chris Paul,1610612746,LA Clippers,2,8,44,Missed Shot,Pullup Jump shot,2PT Field Goal,In The Paint (Non-RA),Center(C),8-16 ft.,14,-64,129,1,0,20251117,PHI,LAC,9160,0,101108|201587|203992|1627826|1642353,0,REG,2026,1610612746,,,,,
22500243215,,Shot Chart Detail,22500243,215,1628381,John Collins,1610612746,LA Clippers,2,8,12,Missed Shot,Turnaround Fadeaway shot,2PT Field Goal,Mid-Range,Center(C),8-16 ft.,15,55,148,1,0,20251117,PHI,LAC,9480,0,101108|203992|1627826|1628381|1642353,0,REG,2026,1610612746,,,,,
22500243219,,Shot Chart Detail,22500243,219,1642353,Cam Christie,1610612746,LA Clippers,2,7,40,Made Shot,Driving Floating Jump Shot,2PT Field Goal,In The Paint (Non-RA),Right Side(R),8-16 ft.,9,62,73,1,1,20251117,PHI,LAC,9800,0,101108|203992|1627826|1628381|1642353,1,REG,2026,1610612746,,,,,
22500243223,,Shot Chart Detail,22500243,223,1627826,Ivica Zubac,1610612746,LA Clippers,2,6,54,Made Shot,Driving Hook Shot,2PT Field Goal,In The Paint (Non-RA),Center(C),Less Than 8 ft.,5,-2,53,1,1,20251117,PHI,LAC,10260,0,101108|203992|1627826|1628381|1642353,0,REG,2026,1610612746,,,,,
22500243232,,Shot Chart Detail,22500243,232,203992,Bogdan Bogdanović,1610612746,LA Clippers,2,6,13,Missed Shot,Fadeaway Jump Shot,2PT Field Goal,In The Paint (Non-RA),Center(C),Less Than 8 ft.,7,65,46,1,0,20251117,PHI,LAC,10670,0,101108|203992|1627826|1628381|1642353,0,REG,2026,1610612746,,,,,
22500243255,,Shot Chart Detail,22500243,255,1627739,Kris Dunn,1610612746,LA Clippers,2,5,10,Missed Shot,Jump Shot,3PT Field Goal,Right Corner 3,Right Side(R),24+ ft.,22,222,35,1,0,20251117,PHI,LAC,11300,0,201935|1627739|1627826|1628381|1642920,0,REG,2026,1610612746,,,,,
22500243260,,Shot Chart Detail,22500243,260,1642920,Kobe Sanders,1610612746,LA Clippers,2,4,24,Made Shot,Jump Shot,3PT Field Goal,Left Corner 3,Left Side(L),24+ ft.,23,-235,14,1,1,20251117,PHI,LAC,11760,0,201935|1627739|1627826|1628381|1642920,1,REG,2026,1610612746,,,,,
22500243265,,Shot Chart Detail,22500243,265,1642920,Kobe Sanders,1610612746,LA Clippers,2,3,47,Missed Shot,Jump Shot,3PT Field Goal,Above the Break 3,Right Side Center(RC),24+ ft.,24,212,130,1,0,20251117,PHI,LAC,12130,0,201935|1627739|1627826|1628381|1642920,0,REG,2026,1610612746,,,,,
22500243284,,Shot Chart Detail,22500243,284,201572,Brook Lopez,1610612746,LA Clippers,2,2,22,Made Shot,Driving Finger Roll Layup Shot,2PT Field Goal,In The Paint (Non-RA),Center(C),Less Than 8 ft.,4,7,42,1,1,20251117,PHI,LAC,12980,0,201572|201935|1627739|1628381|1642920,1,REG,2026,1610612746,,,,,
22500243296,,Shot Chart Detail,22500243,296,1642920,Kobe Sanders,1610612746,LA Clippers,2,1,42,Missed Shot,Fadeaway Jump Shot,2PT Field Goal,In The Paint (Non-RA),Center(C),8-16 ft.,12,59,113,1,0,20251117,PHI,LAC,13380,0,201572|201935|1627739|1628381|1642920,0,REG,2026,1610612746,,,,,
22500243300,,Shot Chart Detail,22500243,300,1627739,Kris Dunn,1610612746,LA Clippers,2,1,0,Made Shot,Driving Dunk Shot,2PT Field Goal,Restricted Area,Center(C),Less Than 8 ft.,1,13,9,1,1,20251117,PHI,LAC,13800,0,201572|201935|1627739|1628381|1642920,1,REG,2026,1610612746,,,,,
22500243310,,Shot Chart Detail,22500243,310,201587,Nicolas Batum,1610612746,LA Clippers,2,0,37,Made Shot,Jump Shot,3PT Field Goal,Left Corner 3,Left Side(L),24+ ft.,23,-229,24,1,1,20251117,PHI,LAC,14030,0,201572|201587|201935|203992|1627739,1,REG,2026,1610612746,,,,,
22500243314,,Shot Chart Detail,22500243,314,201572,Brook Lopez,1610612746,LA Clippers,2,0,2,Made Shot,Pullup Jump shot,3PT Field Goal,Above the Break 3,Right Side Center(RC),24+ ft.,24,212,125,1,1,20251117,PHI,LAC,14380,0,201572|201587|201935|203992|1627739,1,REG,2026,1610612746,,,,,
22500243330,,Shot Chart Detail,22500243,330,1628381,John Collins,1610612746,LA Clippers,3,11,45,Missed Shot,Turnaround Jump Shot,2PT Field Goal,Restricted Area,Center(C),Less Than 8 ft.,3,-7,32,1,0,20251117,PHI,LAC,14550,0,201935|1627739|1627826|1628381|1642920,0,REG,2026,1610612746,,,,,
22500243337,,Shot Chart Detail,22500243,337,1642920,Kobe Sanders,1610612746,LA Clippers,3,11,19,Made Shot,Jump Shot,3PT Field Goal,Above the Break 3,Left Side Center(LC),24+ ft.,25,-153,204,1,1,20251117,PHI,LAC,14810,0,201935|1627739|1627826|1628381|1642920,1,REG,2026,1610612746,,,,,
22500243341,,Shot Chart Detail,22500243,341,201935,James Harden,1610612746,LA Clippers,3,10,39,Missed Shot,Step Back Jump shot,2PT Field Goal,Mid-Range,Center(C),16-24 ft.,19,45,186,1,0,20251117,PHI,LAC,15210,0,201935|1627739|1627826|1628381|1642920,0,REG,2026,1610612746,,,,,
22500243351,,Shot Chart Detail,22500243,351,201935,James Harden,1610612746,LA Clippers,3,9,40,Missed Shot,Step Back Jump shot,2PT Field Goal,Mid-Range,Right Side(R),8-16 ft.,8,81,13,1,0,20251117,PHI,LAC,15800,0,201935|1627739|1627826|1628381|1642920,0,REG,2026,1610612746,,,,,
22500243355,,Shot Chart Detail,22500243,355,1627826,Ivica Zubac,1610612746,LA Clippers,3,9,26,Missed Shot,Turnaround Bank Hook Shot,2PT Field Goal,Restricted Area,Center(C),Less Than 8 ft.,2,-25,12,1,0,20251117,PHI,LAC,15940,0,201935|1627739|1627826|1628381|1642920,0,REG,2026,1610612746,,,,,
22500243357,,Shot Chart Detail,22500243,357,1628381,John Collins,1610612746,LA Clippers,3,9,25,Made Shot,Putback Layup Shot,2PT Field Goal,Restricted Area,Center(C),Less Than 8 ft.,0,0,0,1,1,20251117,PHI,LAC,15950,0,201935|1627739|1627826|1628381|1642920,0,REG,2026,1610612746,,,,,
22500243369,,Shot Chart Detail,22500243,369,201935,James Harden,1610612746,LA Clippers,3,8,37,Missed Shot,Pullup Jump shot,3PT Field Goal,Above the Break 3,Right Side Center(RC),24+ ft.,27,127,241,1,0,20251117,PHI,LAC,16430,0,201935|1627739|1627826|1628381|1642920,0,REG,2026,1610612746,,,,,
22500243376,,Shot Chart Detail,22500243,376,1628381,John Collins,1610612746,LA Clippers,3,8,14,Missed Shot,Driving Floating Jump Shot,2PT Field Goal,In The Paint (Non-RA),Center(C),8-16 ft.,11,50,100,1,0,20251117,PHI,LAC,16660,0,201935|1627739|1627826|1628381|1642920,0,REG,2026,1610612746,,,,,
22500243399,,Shot Chart Detail,22500243,399,1642920,Kobe Sanders,1610612746,LA Clippers,3,7,22,Made Shot,Pullup Jump shot,2PT Field Goal,Mid-Range,Center(C),16-24 ft.,17,-10,176,1,1,20251117,PHI,LAC,17180,0,201587|201935|1627739|1627826|1642920,0,REG,2026,1610612746,,,,,
22500243403,,Shot Chart Detail,22500243,403,1627739,Kris Dunn,1610612746,LA Clippers,3,6,58,Missed Shot,Floating Jump shot,2PT Field Goal,Mid-Range,Center(C),8-16 ft.,15,-10,157,1,0,20251117,PHI,LAC,17420,0,201587|201935|1627739|1627826|1642920,0,REG,2026,1610612746,,,,,
22500243405,,Shot Chart Detail,22500243,405,1627739,Kris Dunn,1610612746,LA Clippers,3,6,54,Made Shot,Floating Jump shot,2PT Field Goal,Mid-Range,Center(C),8-16 ft.,14,-10,142,1,1,20251117,PHI,LAC,17460,0,201587|201935|1627739|1627826|1642920,0,REG,2026,1610612746,,,,,
22500243418,,Shot Chart Detail,22500243,418,201935,James Harden,1610612746,LA Clippers,3,6,13,Missed Shot,Driving Floating Jump Shot,2PT Field Goal,In The Paint (Non-RA),Center(C),8-16 ft.,12,-31,121,1,0,20251117,PHI,LAC,17870,0,201587|201935|203992|1627826|1642920,0,REG,2026,1610612746,,,,,
22500243420,,Shot Chart Detail,22500243,420,1627826,Ivica Zubac,1610612746,LA Clippers,3,6,9,Made Shot,Driving Dunk Shot,2PT Field Goal,Restricted Area,Center(C),Less Than 8 ft.,1,2,10,1,1,20251117,PHI,LAC,17910,0,201587|201935|203992|1627826|1642920,0,REG,2026,1610612746,,,,,
22500243423,,Shot Chart Detail,22500243,423,203992,Bogdan Bogdanović,1610612746,LA Clippers,3,5,45,Made Shot,Pullup Jump shot,2PT Field Goal,In The Paint (Non-RA),Center(C),8-16 ft.,13,29,134,1,1,20251117,PHI,LAC,18150,0,201587|201935|203992|1627826|1642920,0,REG,2026,1610612746,,,,,
22500243429,,Shot Chart Detail,22500243,429,1642920,Kobe Sanders,1610612746,LA Clippers,3,5,15,Missed Shot,Jump Shot,2PT Field Goal,Mid-Range,Left Side(L),8-16 ft.,15,-151,29,1,0,20251117,PHI,LAC,18450,0,201587|201935|203992|1627826|1642920,0,REG,2026,1610612746,,,,,
22500243433,,Shot Chart Detail,22500243,433,201587,Nicolas Batum,1610612746,LA Clippers,3,4,52,Made Shot,Jump Shot,3PT Field Goal,Right Corner 3,Right Side(R),24+ ft.,23,229,25,1,1,20251117,PHI,LAC,18680,0,201587|201935|203992|1627826|1642920,1,REG,2026,1610612746,,,,,
22500243446,,Shot Chart Detail,22500243,446,201935,James Harden,1610612746,LA Clippers,3,4,14,Missed Shot,Driving Floating Bank Jump Shot,2PT Field Goal,Restricted Area,Center(C),Less Than 8 ft.,3,-9,38,1,0,20251117,PHI,LAC,19060,0,201572|201587|201935|203992|1642920,0,REG,2026,1610612746,,,,,
22500243449,,Shot Chart Detail,22500243,449,203992,Bogdan Bogdanović,1610612746,LA Clippers,3,3,39,Missed Shot,Step Back Jump shot,3PT Field Goal,Above the Break 3,Left Side Center(LC),24+ ft.,29,-170,244,1,0,20251117,PHI,LAC,19410,0,201572|201587|201935|203992|1642920,0,REG,2026,1610612746,,,,,
22500243452,,Shot Chart Detail,22500243,452,201935,James Harden,1610612746,LA Clippers,3,3,31,Missed Shot,Step Back Jump shot,3PT Field Goal,Above the Break 3,Right Side Center(RC),24+ ft.,26,92,246,1,0,20251117,PHI,LAC,19490,0,201572|201587|201935|203992|1642920,0,REG,2026,1610612746,,,,,
22500243455,,Shot Chart Detail,22500243,455,203992,Bogdan Bogdanović,1610612746,LA Clippers,3,3,6,Missed Shot,Pullup Jump shot,3PT Field Goal,Above the Break 3,Center(C),24+ ft.,27,55,270,1,0,20251117,PHI,LAC,19740,0,201572|201587|201935|203992|1642920,0,REG,2026,1610612746,,,,,
22500243459,,Shot Chart Detail,22500243,459,201935,James Harden,1610612746,LA Clippers,3,2,38,Made Shot,Driving Finger Roll Layup Shot,2PT Field Goal,Restricted Area,Center(C),Less Than 8 ft.,1,12,7,1,1,20251117,PHI,LAC,20020,0,201572|201587|201935|203992|1642920,0,REG,2026,1610612746,,,,,
22500243464,,Shot Chart Detail,22500243,464,201935,James Harden,1610612746,LA Clippers,3,2,18,Missed Shot,Driving Layup Shot,2PT Field Goal,In The Paint (Non-RA),Center(C),Less Than 8 ft.,4,-43,25,1,0,20251117,PHI,LAC,20220,0,201572|201587|201935|203992|1642920,0,REG,2026,1610612746,,,,,
22500243468,,Shot Chart Detail,22500243,468,201935,James Harden,1610612746,LA Clippers,3,2,11,Missed Shot,Jump Shot,3PT Field Goal,Above the Break 3,Left Side Center(LC),24+ ft.,26,-151,217,1,0,20251117,PHI,LAC,20290,0,201572|201587|201935|203992|1642920,0,REG,2026,1610612746,,,,,
22500243481,,Shot Chart Detail,22500243,481,201572,Brook Lopez,1610612746,LA Clippers,3,1,9,Missed Shot,Turnaround Fadeaway shot,2PT Field Goal,In The Paint (Non-RA),Center(C),8-16 ft.,8,-4,84,1,0,20251117,PHI,LAC,20910,0,201572|201587|201935|203992|1642920,0,REG,2026,1610612746,,,,,
22500243489,,Shot Chart Detail,22500243,489,1642920,Kobe Sanders,1610612746,LA Clippers,3,0,33,Made Shot,Running Jump Shot,3PT Field Goal,Above the Break 3,Left Side Center(LC),24+ ft.,28,-168,228,1,1,20251117,PHI,LAC,21270,0,201572|201587|201935|203992|1642920,1,REG,2026,1610612746,,,,,
22500243493,,Shot Chart Detail,22500243,493,201935,James Harden,1610612746,LA Clippers,3,0,1,Made Shot,Driving Layup Shot,2PT Field Goal,Restricted Area,Center(C),Less Than 8 ft.,2,-23,6,1,1,20251117,PHI,LAC,21590,0,201572|201587|201935|203992|1642920,0,REG,2026,1610612746,,,,,
22500243518,,Shot Chart Detail,22500243,518,203992,Bogdan Bogdanović,1610612746,LA Clippers,4,11,0,Made Shot,Driving Layup Shot,2PT Field Goal,Restricted Area,Center(C),Less Than 8 ft.,0,-4,-6,1,1,20251117,PHI,LAC,22200,0,101108|201587|203992|1627826|1642353,0,REG,2026,1610612746,,,,,
22500243524,,Shot Chart Detail,22500243,524,1627826,Ivica Zubac,1610612746,LA Clippers,4,10,19,Missed Shot,Driving Hook Shot,2PT Field Goal,In The Paint (Non-RA),Center(C),Less Than 8 ft.,6,58,23,1,0,20251117,PHI,LAC,22610,0,101108|201587|203992|1627826|1642353,0,REG,2026,1610612746,,,,,
22500243527,,Shot Chart Detail,22500243,527,203992,Bogdan Bogdanović,1610612746,LA Clippers,4,9,46,Missed Shot,Pullup Jump shot,3PT Field Goal,Above the Break 3,Center(C),24+ ft.,26,-45,262,1,0,20251117,PHI,LAC,22940,0,101108|201587|203992|1627826|1642353,0,REG,2026,1610612746,,,,,
22500243531,,Shot Chart Detail,22500243,531,203992,Bogdan Bogdanović,1610612746,LA Clippers,4,9,18,Made Shot,Step Back Jump shot,3PT Field Goal,Above the Break 3,Left Side Center(LC),24+ ft.,25,-219,122,1,1,20251117,PHI,LAC,23220,0,101108|201587|203992|1627826|1642353,1,REG,2026,1610612746,,,,,
22500243541,,Shot Chart Detail,22500243,541,1627826,Ivica Zubac,1610612746,LA Clippers,4,8,44,Made Shot,Floating Jump shot,2PT Field Goal,In The Paint (Non-RA),Center(C),8-16 ft.,10,11,107,1,1,20251117,PHI,LAC,23560,0,101108|201587|203992|1627739|1627826,1,REG,2026,1610612746,,,,,
22500243547,,Shot Chart Detail,22500243,547,1627826,Ivica Zubac,1610612746,LA Clippers,4,7,55,Missed Shot,Dunk Shot,2PT Field Goal,Restricted Area,Center(C),Less Than 8 ft.,0,2,2,1,0,20251117,PHI,LAC,24050,0,101108|201587|203992|1627739|1627826,0,REG,2026,1610612746,,,,,
22500243555,,Shot Chart Detail,22500243,555,201587,Nicolas Batum,1610612746,LA Clippers,4,7,34,Missed Shot,Jump Shot,3PT Field Goal,Above the Break 3,Left Side Center(LC),24+ ft.,27,-146,237,1,0,20251117,PHI,LAC,24260,0,101108|201587|203992|1627739|1627826,0,REG,2026,1610612746,,,,,
22500243559,,Shot Chart Detail,22500243,559,101108,Chris Paul,1610612746,LA Clippers,4,7,5,Made Shot,Pullup Jump shot,3PT Field Goal,Above the Break 3,Center(C),24+ ft.,26,62,254,1,1,20251117,PHI,LAC,24550,0,101108|201587|203992|1627739|1627826,0,REG,2026,1610612746,,,,,
22500243567,,Shot Chart Detail,22500243,567,201587,Nicolas Batum,1610612746,LA Clippers,4,6,33,Missed Shot,Jump Shot,3PT Field Goal,Above the Break 3,Right Side Center(RC),24+ ft.,25,181,181,1,0,20251117,PHI,LAC,24870,0,201587|201935|203992|1627739|1627826,0,REG,2026,1610612746,,,,,
22500243579,,Shot Chart Detail,22500243,579,201935,James Harden,1610612746,LA Clippers,4,5,35,Missed Shot,Step Back Jump shot,3PT Field Goal,Above the Break 3,Center(C),24+ ft.,27,58,268,1,0,20251117,PHI,LAC,25450,0,201935|203992|1627739|1627826|1628381,0,REG,2026,1610612746,,,,,
22500243584,,Shot Chart Detail,22500243,584,1627826,Ivica Zubac,1610612746,LA Clippers,4,5,5,Missed Shot,Hook Shot,2PT Field Goal,In The Paint (Non-RA),Center(C),8-16 ft.,10,-6,102,1,0,20251117,PHI,LAC,25750,0,201935|203992|1627739|1627826|1628381,0,REG,2026,1610612746,,,,,
22500243597,,Shot Chart Detail,22500243,597,201935,James Harden,1610612746,LA Clippers,4,3,55,Missed Shot,Driving Floating Jump Shot,2PT Field Goal,Restricted Area,Center(C),Less Than 8 ft.,0,2,-8,1,0,20251117,PHI,LAC,26450,0,201935|1627739|1627826|1628381|1642920,0,REG,2026,1610612746,,,,,
22500243609,,Shot Chart Detail,22500243,609,201935,James Harden,1610612746,LA Clippers,4,3,4,Missed Shot,Driving Layup Shot,2PT Field Goal,Restricted Area,Center(C),Less Than 8 ft.,0,4,8,1,0,20251117,PHI,LAC,26960,0,201935|1627739|1627826|1628381|1642920,0,REG,2026,1610612746,,,,,
22500243611,,Shot Chart Detail,22500243,611,1627826,Ivica Zubac,1610612746,LA Clippers,4,3,1,Missed Shot,Tip Layup Shot,2PT Field Goal,Restricted Area,Center(C),Less Than 8 ft.,0,0,0,1,0,20251117,PHI,LAC,26990,0,201935|1627739|1627826|1628381|1642920,0,REG,2026,1610612746,,,,,
22500243613,,Shot Chart Detail,22500243,613,1627826,Ivica Zubac,1610612746,LA Clippers,4,2,58,Made Shot,Tip Layup Shot,2PT Field Goal,Restricted Area,Center(C),Less Than 8 ft.,0,0,0,1,1,20251117,PHI,LAC,27020,0,201935|1627739|1627826|1628381|1642920,0,REG,2026,1610612746,,,,,
22500243616,,Shot Chart Detail,22500243,616,1628381,John Collins,1610612746,LA Clippers,4,2,28,Made Shot,Driving Hook Shot,2PT Field Goal,Restricted Area,Center(C),Less Than 8 ft.,3,-6,32,1,1,20251117,PHI,LAC,27320,0,201935|1627739|1627826|1628381|1642920,0,REG,2026,1610612746,,,,,
22500243636,,Shot Chart Detail,22500243,636,201935,James Harden,1610612746,LA Clippers,4,1,10,Missed Shot,Step Back Jump shot,3PT Field Goal,Above the Break 3,Center(C),24+ ft.,25,43,251,1,0,20251117,PHI,LAC,28100,0,201935|1627739|1627826|1628381|1642920,0,REG,2026,1610612746,,,,,
22500243650,,Shot Chart Detail,22500243,650,1642920,Kobe Sanders,1610612746,LA Clippers,4,0,52,Missed Shot,Jump Shot,3PT Field Goal,Above the Break 3,Center(C),24+ ft.,27,-29,278,1,0,20251117,PHI,LAC,28280,0,201935|203992|1627826|1628381|1642920,0,REG,2026,1610612746,,,,,
22500243678,,Shot Chart Detail,22500243,678,201935,James Harden,1610612746,LA Clippers,4,0,6,Missed Shot,Step Back Jump shot,3PT Field Goal,Above the Break 3,Right Side Center(RC),24+ ft.,26,86,246,1,0,20251117,PHI,LAC,28740,0,201935|203992|1627826|1628381|1642920,0,REG,2026,1610612746,,,,,
22500243680,,Shot Chart Detail,22500243,680,201935,James Harden,1610612746,LA Clippers,4,0,0,Missed Shot,Jump Shot,3PT Field Goal,Right Corner 3,Right Side(R),24+ ft.,22,222,48,1,0,20251117,PHI,LAC,28800,0,201935|203992|1627826|1628381|1642920,0,REG,2026,1610612746,,,,,
2250026412,,Shot Chart Detail,22500264,12,1627739,Kris Dunn,1610612746,LA Clippers,1,11,20,Made Shot,Driving Floating Jump Shot,2PT Field Goal,In The Paint (Non-RA),Center(C),Less Than 8 ft.,7,17,72,1,1,20251120,ORL,LAC,400,0,201935|1627739|1627826|1628381|1642920,0,REG,2026,1610612746,,,,,
2250026416,,Shot Chart Detail,22500264,16,1642920,Kobe Sanders,1610612746,LA Clippers,1,10,56,Missed Shot,Running Jump Shot,3PT Field Goal,Above the Break 3,Left Side Center(LC),24+ ft.,25,-202,148,1,0,20251120,ORL,LAC,640,0,201935|1627739|1627826|1628381|1642920,0,REG,2026,1610612746,,,,,
2250026420,,Shot Chart Detail,22500264,20,1642920,Kobe Sanders,1610612746,LA Clippers,1,10,27,Missed Shot,Jump Shot,3PT Field Goal,Right Corner 3,Right Side(R),24+ ft.,23,228,74,1,0,20251120,ORL,LAC,930,0,201935|1627739|1627826|1628381|1642920,0,REG,2026,1610612746,,,,,
2250026424,,Shot Chart Detail,22500264,24,1628381,John Collins,1610612746,LA Clippers,1,10,2,Missed Shot,Turnaround Jump Shot,2PT Field Goal,Mid-Range,Center(C),16-24 ft.,17,-29,171,1,0,20251120,ORL,LAC,1180,0,201935|1627739|1627826|1628381|1642920,0,REG,2026,1610612746,,,,,
2250026432,,Shot Chart Detail,22500264,32,1627826,Ivica Zubac,1610612746,LA Clippers,1,9,17,Missed Shot,Driving Hook Shot,2PT Field Goal,In The Paint (Non-RA),Center(C),Less Than 8 ft.,5,-40,30,1,0,20251120,ORL,LAC,1630,0,201935|1627739|1627826|1628381|1642920,0,REG,2026,1610612746,,,,,
2250026444,,Shot Chart Detail,22500264,44,201935,James Harden,1610612746,LA Clippers,1,8,19,Missed Shot,Step Back Jump shot,3PT Field Goal,Above the Break 3,Right Side Center(RC),24+ ft.,25,137,215,1,0,20251120,ORL,LAC,2210,0,201935|1627739|1627826|1628381|1642920,0,REG,2026,1610612746,,,,,
2250026448,,Shot Chart Detail,22500264,48,1628381,John Collins,1610612746,LA Clippers,1,7,54,Made Shot,Layup Shot,2PT Field Goal,Restricted Area,Center(C),Less Than 8 ft.,1,-5,14,1,1,20251120,ORL,LAC,2460,0,201935|1627739|1627826|1628381|1642920,1,REG,2026,1610612746,,,,,
2250026452,,Shot Chart Detail,22500264,52,1627826,Ivica Zubac,1610612746,LA Clippers,1,7,26,Made Shot,Running Layup Shot,2PT Field Goal,Restricted Area,Center(C),Less Than 8 ft.,2,-18,17,1,1,20251120,ORL,LAC,2740,0,201935|1627739|1627826|1628381|1642920,1,REG,2026,1610612746,,,,,
2250026461,,Shot Chart Detail,22500264,61,201935,James Harden,1610612746,LA Clippers,1,6,38,Missed Shot,Pullup Jump shot,3PT Field Goal,Above the Break 3,Center(C),24+ ft.,24,67,240,1,0,20251120,ORL,LAC,3220,0,201935|1627739|1627826|1628381|1642920,0,REG,2026,1610612746,,,,,
2250026474,,Shot Chart Detail,22500264,74,1627739,Kris Dunn,1610612746,LA Clippers,1,6,7,Made Shot,Driving Floating Jump Shot,2PT Field Goal,In The Paint (Non-RA),Center(C),8-16 ft.,9,-28,87,1,1,20251120,ORL,LAC,3530,0,201935|1627739|1627826|1628381|1642920,0,REG,2026,1610612746,,,,,
2250026477,,Shot Chart Detail,22500264,77,1627826,Ivica Zubac,1610612746,LA Clippers,1,5,36,Missed Shot,Driving Layup Shot,2PT Field Goal,In The Paint (Non-RA),Center(C),Less Than 8 ft.,4,17,40,1,0,20251120,ORL,LAC,3840,0,201935|1627739|1627826|1628381|1642920,0,REG,2026,1610612746,,,,,
2250026480,,Shot Chart Detail,22500264,80,201935,James Harden,1610612746,LA Clippers,1,5,29,Made Shot,Jump Shot,3PT Field Goal,Right Corner 3,Right Side(R),24+ ft.,23,230,62,1,1,20251120,ORL,LAC,3910,0,201935|1627739|1627826|1628381|1642920,0,REG,2026,1610612746,,,,,
2250026498,,Shot Chart Detail,22500264,98,1628381,John Collins,1610612746,LA Clippers,1,4,6,Missed Shot,Jump Shot,3PT Field Goal,Left Corner 3,Left Side(L),24+ ft.,22,-229,20,1,0,20251120,ORL,LAC,4740,0,201572|201935|1627739|1628381|1642920,0,REG,2026,1610612746,,,,,
22500264102,,Shot Chart Detail,22500264,102,1627739,Kris Dunn,1610612746,LA Clippers,1,3,49,Missed Shot,Running Jump Shot,3PT Field Goal,Above the Break 3,Right Side Center(RC),24+ ft.,25,87,237,1,0,20251120,ORL,LAC,4910,0,201572|201935|1627739|1628381|1642920,0,REG,2026,1610612746,,,,,
22500264106,,Shot Chart Detail,22500264,106,201572,Brook Lopez,1610612746,LA Clippers,1,3,21,Missed Shot,Driving Hook Shot,2PT Field Goal,In The Paint (Non-RA),Center(C),8-16 ft.,8,-31,78,1,0,20251120,ORL,LAC,5190,0,201572|201935|1627739|1628381|1642920,0,REG,2026,1610612746,,,,,
22500264111,,Shot Chart Detail,22500264,111,1628381,John Collins,1610612746,LA Clippers,1,3,3,Made Shot,Running Dunk Shot,2PT Field Goal,Restricted Area,Center(C),Less Than 8 ft.,1,-7,11,1,1,20251120,ORL,LAC,5370,0,201572|201935|1627739|1628381|1642920,1,REG,2026,1610612746,,,,,
22500264128,,Shot Chart Detail,22500264,128,201935,James Harden,1610612746,LA Clippers,1,2,23,Made Shot,Pullup Jump shot,3PT Field Goal,Above the Break 3,Center(C),24+ ft.,25,-43,255,1,1,20251120,ORL,LAC,5770,0,201572|201935|203992|1627739|1628381,0,REG,2026,1610612746,,,,,
22500264144,,Shot Chart Detail,22500264,144,201572,Brook Lopez,1610612746,LA Clippers,1,1,8,Made Shot,Pullup Jump shot,3PT Field Goal,Above the Break 3,Left Side Center(LC),24+ ft.,26,-132,227,1,1,20251120,ORL,LAC,6520,0,101108|201572|201587|201935|203992,1,REG,2026,1610612746,,,,,
22500264156,,Shot Chart Detail,22500264,156,201935,James Harden,1610612746,LA Clippers,1,0,2,Missed Shot,Step Back Jump shot,3PT Field Goal,Above the Break 3,Left Side Center(LC),24+ ft.,25,-88,243,1,0,20251120,ORL,LAC,7180,0,101108|201572|201587|201935|203992,0,REG,2026,1610612746,,,,,
22500264166,,Shot Chart Detail,22500264,166,201572,Brook Lopez,1610612746,LA Clippers,2,11,45,Missed Shot,Jump Shot,3PT Field Goal,Above the Break 3,Center(C),24+ ft.,25,-77,243,1,0,20251120,ORL,LAC,7350,0,101108|201572|201587|203992|1642920,0,REG,2026,1610612746,,,,,
22500264170,,Shot Chart Detail,22500264,170,201572,Brook Lopez,1610612746,LA Clippers,2,11,17,Missed Shot,Turnaround Fadeaway shot,2PT Field Goal,Mid-Range,Left Side(L),8-16 ft.,8,-82,-2,1,0,20251120,ORL,LAC,7630,0,101108|201572|201587|203992|1642920,0,REG,2026,1610612746,,,,,
22500264177,,Shot Chart Detail,22500264,177,1642920,Kobe Sanders,1610612746,LA Clippers,2,10,52,Missed Shot,Turnaround Fadeaway shot,2PT Field Goal,In The Paint (Non-RA),Center(C),8-16 ft.,8,-23,87,1,0,20251120,ORL,LAC,7880,0,101108|201587|203992|1627826|1642920,0,REG,2026,1610612746,,,,,
22500264185,,Shot Chart Detail,22500264,185,1642920,Kobe Sanders,1610612746,LA Clippers,2,10,16,Missed Shot,Jump Shot,3PT Field Goal,Above the Break 3,Left Side Center(LC),24+ ft.,25,-188,178,1,0,20251120,ORL,LAC,8240,0,101108|201587|203992|1627826|1642920,0,REG,2026,1610612746,,,,,
22500264194,,Shot Chart Detail,22500264,194,203992,Bogdan Bogdanović,1610612746,LA Clippers,2,9,49,Missed Shot,Fadeaway Jump Shot,2PT Field Goal,In The Paint (Non-RA),Left Side(L),8-16 ft.,9,-61,77,1,0,20251120,ORL,LAC,8510,0,101108|201587|203992|1627826|1642920,0,REG,2026,1610612746,,,,,
22500264221,,Shot Chart Detail,22500264,221,1627826,Ivica Zubac,1610612746,LA Clippers,2,9,46,Missed Shot,Tip Layup Shot,2PT Field Goal,Restricted Area,Center(C),Less Than 8 ft.,2,-1,26,1,0,20251120,ORL,LAC,8540,0,101108|201587|203992|1627826|1642920,0,REG,2026,1610612746,,,,,
22500264200,,Shot Chart Detail,22500264,200,101108,Chris Paul,1610612746,LA Clippers,2,9,29,Made Shot,Pullup Jump shot,2PT Field Goal,Mid-Range,Right Side(R),8-16 ft.,13,81,114,1,1,20251120,ORL,LAC,8710,0,101108|201587|203992|1627826|1642920,0,REG,2026,1610612746,,,,,
22500264203,,Shot Chart Detail,22500264,203,101108,Chris Paul,1610612746,LA Clippers,2,9,10,Missed Shot,Pullup Jump shot,3PT Field Goal,Above the Break 3,Right Side Center(RC),24+ ft.,24,170,177,1,0,20251120,ORL,LAC,8900,0,101108|201587|203992|1627826|1642920,0,REG,2026,1610612746,,,,,
22500264207,,Shot Chart Detail,22500264,207,1642920,Kobe Sanders,1610612746,LA Clippers,2,8,54,Made Shot,Running Layup Shot,2PT Field Goal,Restricted Area,Center(C),Less Than 8 ft.,2,12,24,1,1,20251120,ORL,LAC,9060,0,101108|201587|203992|1627826|1642920,1,REG,2026,1610612746,,,,,
22500264225,,Shot Chart Detail,22500264,225,1627826,Ivica Zubac,1610612746,LA Clippers,2,8,16,Missed Shot,Driving Hook Shot,2PT Field Goal,In The Paint (Non-RA),Center(C),8-16 ft.,9,37,85,1,0,20251120,ORL,LAC,9440,0,101108|201587|203992|1627826|1642920,0,REG,2026,1610612746,,,,,
22500264231,,Shot Chart Detail,22500264,231,201587,Nicolas Batum,1610612746,LA Clippers,2,7,52,Made Shot,Jump Shot,3PT Field Goal,Left Corner 3,Left Side(L),24+ ft.,23,-223,84,1,1,20251120,ORL,LAC,9680,0,101108|201587|203992|1627826|1642920,1,REG,2026,1610612746,,,,,
22500264234,,Shot Chart Detail,22500264,234,101108,Chris Paul,1610612746,LA Clippers,2,7,19,Missed Shot,Pullup Jump shot,2PT Field Goal,Mid-Range,Right Side(R),8-16 ft.,15,158,3,1,0,20251120,ORL,LAC,10010,0,101108|201587|203992|1627826|1642920,0,REG,2026,1610612746,,,,,
22500264236,,Shot Chart Detail,22500264,236,1627826,Ivica Zubac,1610612746,LA Clippers,2,7,17,Made Shot,Tip Layup Shot,2PT Field Goal,Restricted Area,Center(C),Less Than 8 ft.,0,0,0,1,1,20251120,ORL,LAC,10030,0,101108|201587|203992|1627826|1642920,0,REG,2026,1610612746,,,,,
22500264250,,Shot Chart Detail,22500264,250,203992,Bogdan Bogdanović,1610612746,LA Clippers,2,6,31,Missed Shot,Driving Floating Jump Shot,2PT Field Goal,Mid-Range,Right Side(R),8-16 ft.,9,91,16,1,0,20251120,ORL,LAC,10490,0,201587|201935|203992|1627826|1642920,0,REG,2026,1610612746,,,,,
22500264256,,Shot Chart Detail,22500264,256,201935,James Harden,1610612746,LA Clippers,2,6,20,Made Shot,Step Back Jump shot,2PT Field Goal,Mid-Range,Center(C),16-24 ft.,17,45,173,1,1,20251120,ORL,LAC,10600,0,201587|201935|203992|1627739|1627826,0,REG,2026,1610612746,,,,,
22500264263,,Shot Chart Detail,22500264,263,201935,James Harden,1610612746,LA Clippers,2,5,47,Missed Shot,Pullup Jump shot,3PT Field Goal,Above the Break 3,Right Side Center(RC),24+ ft.,25,92,234,1,0,20251120,ORL,LAC,10930,0,201935|203992|1627739|1627826|1628381,0,REG,2026,1610612746,,,,,
22500264280,,Shot Chart Detail,22500264,280,1628381,John Collins,1610612746,LA Clippers,2,4,33,Made Shot,Pullup Jump shot,2PT Field Goal,In The Paint (Non-RA),Center(C),8-16 ft.,10,-36,101,1,1,20251120,ORL,LAC,11670,0,201935|203992|1627739|1627826|1628381,1,REG,2026,1610612746,,,,,
22500264284,,Shot Chart Detail,22500264,284,203992,Bogdan Bogdanović,1610612746,LA Clippers,2,3,47,Missed Shot,Driving Layup Shot,2PT Field Goal,Restricted Area,Center(C),Less Than 8 ft.,3,12,33,1,0,20251120,ORL,LAC,12130,0,201935|203992|1627739|1627826|1628381,0,REG,2026,1610612746,,,,,
22500264297,,Shot Chart Detail,22500264,297,1642920,Kobe Sanders,1610612746,LA Clippers,2,3,23,Missed Shot,Cutting Layup Shot,2PT Field Goal,In The Paint (Non-RA),Center(C),Less Than 8 ft.,4,-6,41,1,0,20251120,ORL,LAC,12370,0,201935|1627739|1627826|1628381|1642920,0,REG,2026,1610612746,,,,,
22500264301,,Shot Chart Detail,22500264,301,201935,James Harden,1610612746,LA Clippers,2,3,5,Made Shot,Step Back Jump shot,3PT Field Goal,Above the Break 3,Right Side Center(RC),24+ ft.,24,157,183,1,1,20251120,ORL,LAC,12550,0,201935|1627739|1627826|1628381|1642920,0,REG,2026,1610612746,,,,,
22500264311,,Shot Chart Detail,22500264,311,201935,James Harden,1610612746,LA Clippers,2,2,22,Missed Shot,Driving Layup Shot,2PT Field Goal,Restricted Area,Center(C),Less Than 8 ft.,1,-13,-2,1,0,20251120,ORL,LAC,12980,0,201935|1627739|1627826|1628381|1642920,0,REG,2026,1610612746,,,,,
22500264325,,Shot Chart Detail,22500264,325,1627739,Kris Dunn,1610612746,LA Clippers,2,1,20,Missed Shot,Cutting Layup Shot,2PT Field Goal,Restricted Area,Center(C),Less Than 8 ft.,2,-13,24,1,0,20251120,ORL,LAC,13600,0,201935|1627739|1627826|1628381|1642920,0,REG,2026,1610612746,,,,,
22500264337,,Shot Chart Detail,22500264,337,201935,James Harden,1610612746,LA Clippers,2,0,38,Made Shot,Step Back Jump shot,3PT Field Goal,Above the Break 3,Center(C),24+ ft.,26,-47,261,1,1,20251120,ORL,LAC,14020,0,201587|201935|1627739|1627826|1628381,0,REG,2026,1610612746,,,,,
22500264348,,Shot Chart Detail,22500264,348,1627739,Kris Dunn,1610612746,LA Clippers,2,0,2,Missed Shot,Driving Finger Roll Layup Shot,2PT Field Goal,Restricted Area,Center(C),Less Than 8 ft.,2,-26,13,1,0,20251120,ORL,LAC,14380,0,201587|201935|1627739|1627826|1628381,0,REG,2026,1610612746,,,,,
22500264350,,Shot Chart Detail,22500264,350,1627826,Ivica Zubac,1610612746,LA Clippers,2,0,0,Missed Shot,Tip Layup Shot,2PT Field Goal,Restricted Area,Center(C),Less Than 8 ft.,0,0,0,1,0,20251120,ORL,LAC,14400,0,201587|201935|1627739|1627826|1628381,0,REG,2026,1610612746,,,,,
22500264358,,Shot Chart Detail,22500264,358,1627826,Ivica Zubac,1610612746,LA Clippers,3,11,44,Made Shot,Hook Shot,2PT Field Goal,In The Paint (Non-RA),Center(C),8-16 ft.,13,16,131,1,1,20251120,ORL,LAC,14560,0,201935|1627739|1627826|1628381|1642920,1,REG,2026,1610612746,,,,,
22500264362,,Shot Chart Detail,22500264,362,1627826,Ivica Zubac,1610612746,LA Clippers,3,11,2,Missed Shot,Turnaround Hook Shot,2PT Field Goal,In The Paint (Non-RA),Center(C),8-16 ft.,8,-26,83,1,0,20251120,ORL,LAC,14980,0,201935|1627739|1627826|1628381|1642920,0,REG,2026,1610612746,,,,,
22500264366,,Shot Chart Detail,22500264,366,1628381,John Collins,1610612746,LA Clippers,3,10,42,Missed Shot,Driving Layup Shot,2PT Field Goal,Restricted Area,Center(C),Less Than 8 ft.,1,10,17,1,0,20251120,ORL,LAC,15180,0,201935|1627739|1627826|1628381|1642920,0,REG,2026,1610612746,,,,,
22500264370,,Shot Chart Detail,22500264,370,1627826,Ivica Zubac,1610612746,LA Clippers,3,10,22,Made Shot,Floating Jump shot,2PT Field Goal,In The Paint (Non-RA),Center(C),Less Than 8 ft.,7,60,50,1,1,20251120,ORL,LAC,15380,0,201935|1627739|1627826|1628381|1642920,1,REG,2026,1610612746,,,,,
22500264382,,Shot Chart Detail,22500264,382,1642920,Kobe Sanders,1610612746,LA Clippers,3,9,45,Made Shot,Jump Shot,3PT Field Goal,Above the Break 3,Center(C),24+ ft.,26,59,257,1,1,20251120,ORL,LAC,15750,0,201935|1627739|1627826|1628381|1642920,1,REG,2026,1610612746,,,,,
22500264392,,Shot Chart Detail,22500264,392,201935,James Harden,1610612746,LA Clippers,3,8,41,Made Shot,Pullup Jump shot,3PT Field Goal,Above the Break 3,Center(C),24+ ft.,28,-75,277,1,1,20251120,ORL,LAC,16390,0,201935|1627739|1627826|1628381|1642920,0,REG,2026,1610612746,,,,,
22500264401,,Shot Chart Detail,22500264,401,1627826,Ivica Zubac,1610612746,LA Clippers,3,7,36,Made Shot,Dunk Shot,2PT Field Goal,Restricted Area,Center(C),Less Than 8 ft.,2,9,20,1,1,20251120,ORL,LAC,17040,0,201935|1627739|1627826|1628381|1642920,1,REG,2026,1610612746,,,,,
22500264414,,Shot Chart Detail,22500264,414,1628381,John Collins,1610612746,LA Clippers,3,6,47,Made Shot,Driving Dunk Shot,2PT Field Goal,Restricted Area,Center(C),Less Than 8 ft.,2,16,21,1,1,20251120,ORL,LAC,17530,0,201935|1627739|1627826|1628381|1642920,1,REG,2026,1610612746,,,,,
22500264424,,Shot Chart Detail,22500264,424,1628381,John Collins,1610612746,LA Clippers,3,6,11,Missed Shot,Pullup Jump shot,2PT Field Goal,Mid-Range,Center(C),16-24 ft.,18,40,176,1,0,20251120,ORL,LAC,17890,0,201935|1627739|1627826|1628381|1642920,0,REG,2026,1610612746,,,,,
22500264428,,Shot Chart Detail,22500264,428,201935,James Harden,1610612746,LA Clippers,3,6,1,Made Shot,Running Layup Shot,2PT Field Goal,Restricted Area,Center(C),Less Than 8 ft.,2,6,20,1,1,20251120,ORL,LAC,17990,0,201935|1627739|1627826|1628381|1642920,0,REG,2026,1610612746,,,,,
22500264434,,Shot Chart Detail,22500264,434,1642920,Kobe Sanders,1610612746,LA Clippers,3,5,23,Missed Shot,Driving Layup Shot,2PT Field Goal,Restricted Area,Center(C),Less Than 8 ft.,3,-22,25,1,0,20251120,ORL,LAC,18370,0,201935|1627739|1627826|1628381|1642920,0,REG,2026,1610612746,,,,,
22500264440,,Shot Chart Detail,22500264,440,201935,James Harden,1610612746,LA Clippers,3,5,2,Missed Shot,Pullup Jump shot,2PT Field Goal,Mid-Range,Right Side Center(RC),16-24 ft.,20,98,185,1,0,20251120,ORL,LAC,18580,0,201935|1627739|1627826|1628381|1642920,0,REG,2026,1610612746,,,,,
22500264444,,Shot Chart Detail,22500264,444,1627826,Ivica Zubac,1610612746,LA Clippers,3,4,37,Missed Shot,Dunk Shot,2PT Field Goal,Restricted Area,Center(C),Less Than 8 ft.,1,9,9,1,0,20251120,ORL,LAC,18830,0,201935|1627739|1627826|1628381|1642920,0,REG,2026,1610612746,,,,,
22500264461,,Shot Chart Detail,22500264,461,201935,James Harden,1610612746,LA Clippers,3,3,58,Missed Shot,Pullup Jump shot,3PT Field Goal,Above the Break 3,Center(C),24+ ft.,27,62,268,1,0,20251120,ORL,LAC,19220,0,101108|201935|203992|1628381|1642949,0,REG,2026,1610612746,,,,,
22500264463,,Shot Chart Detail,22500264,463,203992,Bogdan Bogdanović,1610612746,LA Clippers,3,3,54,Missed Shot,Jump Shot,3PT Field Goal,Above the Break 3,Left Side Center(LC),24+ ft.,26,-108,237,1,0,20251120,ORL,LAC,19260,0,101108|201935|203992|1628381|1642949,0,REG,2026,1610612746,,,,,
22500264468,,Shot Chart Detail,22500264,468,203992,Bogdan Bogdanović,1610612746,LA Clippers,3,3,22,Made Shot,Step Back Jump shot,3PT Field Goal,Above the Break 3,Left Side Center(LC),24+ ft.,26,-121,238,1,1,20251120,ORL,LAC,19580,0,101108|201935|203992|1641738|1642949,0,REG,2026,1610612746,,,,,
22500264478,,Shot Chart Detail,22500264,478,203992,Bogdan Bogdanović,1610612746,LA Clippers,3,2,48,Missed Shot,Jump Shot,3PT Field Goal,Above the Break 3,Right Side Center(RC),24+ ft.,27,110,257,1,0,20251120,ORL,LAC,19920,0,101108|201935|203992|1641738|1642949,0,REG,2026,1610612746,,,,,
22500264480,,Shot Chart Detail,22500264,480,203992,Bogdan Bogdanović,1610612746,LA Clippers,3,2,42,Missed Shot,Pullup Jump shot,3PT Field Goal,Above the Break 3,Center(C),24+ ft.,27,76,262,1,0,20251120,ORL,LAC,19980,0,101108|201935|203992|1641738|1642949,0,REG,2026,1610612746,,,,,
22500264494,,Shot Chart Detail,22500264,494,201935,James Harden,1610612746,LA Clippers,3,2,11,Missed Shot,Pullup Jump shot,3PT Field Goal,Above the Break 3,Center(C),24+ ft.,26,5,264,1,0,20251120,ORL,LAC,20290,0,101108|201935|203992|1641738|1642949,0,REG,2026,1610612746,,,,,
22500264498,,Shot Chart Detail,22500264,498,1642949,Yanic Konan Niederhäuser,1610612746,LA Clippers,3,1,34,Made Shot,Driving Floating Jump Shot,2PT Field Goal,In The Paint (Non-RA),Center(C),8-16 ft.,12,-10,126,1,1,20251120,ORL,LAC,20660,0,101108|201935|203992|1641738|1642949,1,REG,2026,1610612746,,,,,
22500264502,,Shot Chart Detail,22500264,502,203992,Bogdan Bogdanović,1610612746,LA Clippers,3,1,0,Made Shot,Jump Shot,3PT Field Goal,Left Corner 3,Left Side(L),24+ ft.,22,-222,36,1,1,20251120,ORL,LAC,21000,0,101108|201935|203992|1641738|1642949,1,REG,2026,1610612746,,,,,
22500264509,,Shot Chart Detail,22500264,509,201935,James Harden,1610612746,LA Clippers,3,0,31,Made Shot,Driving Floating Jump Shot,2PT Field Goal,In The Paint (Non-RA),Center(C),8-16 ft.,8,6,80,1,1,20251120,ORL,LAC,21290,0,101108|201935|203992|1641738|1642949,0,REG,2026,1610612746,,,,,
22500264515,,Shot Chart Detail,22500264,515,1641738,Kobe Brown,1610612746,LA Clippers,3,0,0,Missed Shot,Jump Shot,3PT Field Goal,Right Corner 3,Right Side(R),24+ ft.,23,224,65,1,0,20251120,ORL,LAC,21600,0,101108|201935|203992|1641738|1642949,0,REG,2026,1610612746,,,,,
22500264525,,Shot Chart Detail,22500264,525,1641738,Kobe Brown,1610612746,LA Clippers,4,11,12,Made Shot,Jump Shot,3PT Field Goal,Right Corner 3,Right Side(R),24+ ft.,23,229,34,1,1,20251120,ORL,LAC,22080,0,101108|203992|1641738|1642353|1642949,1,REG,2026,1610612746,,,,,
22500264529,,Shot Chart Detail,22500264,529,101108,Chris Paul,1610612746,LA Clippers,4,10,42,Missed Shot,Jump Shot,3PT Field Goal,Above the Break 3,Left Side Center(LC),24+ ft.,27,-142,231,1,0,20251120,ORL,LAC,22380,0,101108|203992|1641738|1642353|1642949,0,REG,2026,1610612746,,,,,
22500264537,,Shot Chart Detail,22500264,537,203992,Bogdan Bogdanović,1610612746,LA Clippers,4,10,13,Missed Shot,Pullup Jump shot,3PT Field Goal,Above the Break 3,Center(C),24+ ft.,28,12,280,1,0,20251120,ORL,LAC,22670,0,101108|203992|1627826|1641738|1642353,0,REG,2026,1610612746,,,,,
22500264548,,Shot Chart Detail,22500264,548,1627826,Ivica Zubac,1610612746,LA Clippers,4,9,3,Made Shot,Floating Jump shot,2PT Field Goal,In The Paint (Non-RA),Center(C),8-16 ft.,9,12,95,1,1,20251120,ORL,LAC,23370,0,101108|203992|1627826|1641738|1642353,1,REG,2026,1610612746,,,,,
22500264558,,Shot Chart Detail,22500264,558,1642353,Cam Christie,1610612746,LA Clippers,4,8,6,Made Shot,Jump Bank Shot,3PT Field Goal,Right Corner 3,Right Side(R),24+ ft.,23,233,23,1,1,20251120,ORL,LAC,23940,0,101108|203992|1627826|1641738|1642353,1,REG,2026,1610612746,,,,,
22500264568,,Shot Chart Detail,22500264,568,1627826,Ivica Zubac,1610612746,LA Clippers,4,7,16,Missed Shot,Hook Shot,2PT Field Goal,In The Paint (Non-RA),Center(C),Less Than 8 ft.,6,56,22,1,0,20251120,ORL,LAC,24440,0,101108|203992|1627826|1641738|1642353,0,REG,2026,1610612746,,,,,
22500264570,,Shot Chart Detail,22500264,570,1627826,Ivica Zubac,1610612746,LA Clippers,4,7,9,Made Shot,Driving Reverse Layup Shot,2PT Field Goal,Restricted Area,Center(C),Less Than 8 ft.,0,0,7,1,1,20251120,ORL,LAC,24510,0,101108|203992|1627826|1641738|1642353,0,REG,2026,1610612746,,,,,
22500264585,,Shot Chart Detail,22500264,585,1641738,Kobe Brown,1610612746,LA Clippers,4,6,33,Missed Shot,Driving Layup Shot,2PT Field Goal,In The Paint (Non-RA),Center(C),Less Than 8 ft.,6,-5,63,1,0,20251120,ORL,LAC,24870,0,101108|203992|1627826|1641738|1642353,0,REG,2026,1610612746,,,,,
22500264588,,Shot Chart Detail,22500264,588,1641738,Kobe Brown,1610612746,LA Clippers,4,6,27,Missed Shot,Turnaround Hook Shot,2PT Field Goal,In The Paint (Non-RA),Center(C),Less Than 8 ft.,6,5,67,1,0,20251120,ORL,LAC,24930,0,101108|203992|1627826|1641738|1642353,0,REG,2026,1610612746,,,,,
22500264596,,Shot Chart Detail,22500264,596,101108,Chris Paul,1610612746,LA Clippers,4,6,7,Missed Shot,Pullup Jump shot,2PT Field Goal,Mid-Range,Right Side(R),8-16 ft.,12,89,92,1,0,20251120,ORL,LAC,25130,0,101108|1627826|1641738|1642353|1642920,0,REG,2026,1610612746,,,,,
22500264600,,Shot Chart Detail,22500264,600,1641738,Kobe Brown,1610612746,LA Clippers,4,5,40,Made Shot,Jump Shot,3PT Field Goal,Above the Break 3,Right Side Center(RC),24+ ft.,26,102,246,1,1,20251120,ORL,LAC,25400,0,101108|1627826|1641738|1642353|1642920,1,REG,2026,1610612746,,,,,
22500264604,,Shot Chart Detail,22500264,604,1642353,Cam Christie,1610612746,LA Clippers,4,5,14,Missed Shot,Driving Floating Jump Shot,2PT Field Goal,In The Paint (Non-RA),Center(C),8-16 ft.,12,47,115,1,0,20251120,ORL,LAC,25660,0,101108|1627826|1641738|1642353|1642920,0,REG,2026,1610612746,,,,,
22500264606,,Shot Chart Detail,22500264,606,1627826,Ivica Zubac,1610612746,LA Clippers,4,5,13,Missed Shot,Tip Layup Shot,2PT Field Goal,Restricted Area,Center(C),Less Than 8 ft.,0,0,0,1,0,20251120,ORL,LAC,25670,0,101108|1627826|1641738|1642353|1642920,0,REG,2026,1610612746,,,,,
22500264610,,Shot Chart Detail,22500264,610,1641738,Kobe Brown,1610612746,LA Clippers,4,4,45,Made Shot,Running Jump Shot,3PT Field Goal,Above the Break 3,Left Side Center(LC),24+ ft.,26,-146,225,1,1,20251120,ORL,LAC,25950,0,101108|1627826|1641738|1642353|1642920,1,REG,2026,1610612746,,,,,
22500264626,,Shot Chart Detail,22500264,626,1641738,Kobe Brown,1610612746,LA Clippers,4,4,14,Missed Shot,Jump Shot,3PT Field Goal,Above the Break 3,Left Side Center(LC),24+ ft.,24,-199,143,1,0,20251120,ORL,LAC,26260,0,101108|1641738|1642353|1642949|1643141,0,REG,2026,1610612746,,,,,
22500264630,,Shot Chart Detail,22500264,630,1643141,Jahmyl Telfort,1610612746,LA Clippers,4,4,1,Missed Shot,Step Back Jump shot,3PT Field Goal,Left Corner 3,Left Side(L),24+ ft.,22,-223,55,1,0,20251120,ORL,LAC,26390,0,101108|1641738|1642353|1642949|1643141,0,REG,2026,1610612746,,,,,
22500264646,,Shot Chart Detail,22500264,646,1642949,Yanic Konan Niederhäuser,1610612746,LA Clippers,4,2,34,Made Shot,Driving Bank Hook Shot,2PT Field Goal,In The Paint (Non-RA),Center(C),Less Than 8 ft.,4,40,15,1,1,20251120,ORL,LAC,27260,0,101108|1641738|1642353|1642949|1643141,0,REG,2026,1610612746,,,,,
22500264649,,Shot Chart Detail,22500264,649,101108,Chris Paul,1610612746,LA Clippers,4,1,59,Made Shot,Driving Layup Shot,2PT Field Goal,Restricted Area,Center(C),Less Than 8 ft.,3,-2,33,1,1,20251120,ORL,LAC,27610,0,101108|1641738|1642353|1642949|1643141,1,REG,2026,1610612746,,,,,
22500264652,,Shot Chart Detail,22500264,652,1642353,Cam Christie,1610612746,LA Clippers,4,1,36,Missed Shot,Driving Layup Shot,2PT Field Goal,Restricted Area,Center(C),Less Than 8 ft.,2,20,10,1,0,20251120,ORL,LAC,27840,0,101108|1641738|1642353|1642949|1643141,0,REG,2026,1610612746,,,,,
22500264658,,Shot Chart Detail,22500264,658,1641738,Kobe Brown,1610612746,LA Clippers,4,1,1,Missed Shot,Pullup Jump shot,3PT Field Goal,Above the Break 3,Center(C),24+ ft.,28,-29,285,1,0,20251120,ORL,LAC,28190,0,101108|1641738|1642353|1642949|1643141,0,REG,2026,1610612746,,,,,
22500264667,,Shot Chart Detail,22500264,667,1642353,Cam Christie,1610612746,LA Clippers,4,0,13,Missed Shot,Driving Floating Jump Shot,2PT Field Goal,Restricted Area,Center(C),Less Than 8 ft.,3,-37,13,1,0,20251120,ORL,LAC,28670,0,101108|1641738|1642353|1642949|1643141,0,REG,2026,1610612746,,,,,
22500264669,,Shot Chart Detail,22500264,669,1642949,Yanic Konan Niederhäuser,1610612746,LA Clippers,4,0,12,Made Shot,Tip Layup Shot,2PT Field Goal,Restricted Area,Center(C),Less Than 8 ft.,0,0,0,1,1,20251120,ORL,LAC,28680,0,101108|1641738|1642353|1642949|1643141,0,REG,2026,1610612746,,,,,
2250026811,,Shot Chart Detail,22500268,11,1627826,Ivica Zubac,1610612746,LA Clippers,1,11,17,Made Shot,Turnaround Hook Shot,2PT Field Goal,In The Paint (Non-RA),Center(C),Less Than 8 ft.,5,-56,1,1,1,20251122,CHA,LAC,430,0,201935|1627739|1627826|1628381|1642920,1,REG,2026,1610612746,,,,,
2250026813,,Shot Chart Detail,22500268,13,201935,James Harden,1610612746,LA Clippers,1,10,50,Made Shot,Pullup Jump shot,3PT Field Goal,Above the Break 3,Right Side Center(RC),24+ ft.,25,185,181,1,1,20251122,CHA,LAC,700,0,201935|1627739|1627826|1628381|1642920,0,REG,2026,1610612746,,,,,
2250026823,,Shot Chart Detail,22500268,23,1627739,Kris Dunn,1610612746,LA Clippers,1,9,38,Missed Shot,Pullup Jump shot,2PT Field Goal,Mid-Range,Right Side(R),8-16 ft.,12,120,17,1,0,20251122,CHA,LAC,1420,0,201935|1627739|1627826|1628381|1642920,0,REG,2026,1610612746,,,,,
2250026827,,Shot Chart Detail,22500268,27,1628381,John Collins,1610612746,LA Clippers,1,9,12,Missed Shot,Turnaround Hook Shot,2PT Field Goal,Mid-Range,Left Side(L),8-16 ft.,10,-92,49,1,0,20251122,CHA,LAC,1680,0,201935|1627739|1627826|1628381|1642920,0,REG,2026,1610612746,,,,,
2250026830,,Shot Chart Detail,22500268,30,1628381,John Collins,1610612746,LA Clippers,1,8,42,Missed Shot,Driving Layup Shot,2PT Field Goal,Restricted Area,Center(C),Less Than 8 ft.,3,-1,33,1,0,20251122,CHA,LAC,1980,0,201935|1627739|1627826|1628381|1642920,0,REG,2026,1610612746,,,,,
2250026840,,Shot Chart Detail,22500268,40,201935,James Harden,1610612746,LA Clippers,1,8,15,Made Shot,Pullup Jump shot,2PT Field Goal,Mid-Range,Right Side Center(RC),16-24 ft.,18,75,168,1,1,20251122,CHA,LAC,2250,0,201935|1627739|1627826|1628381|1642920,0,REG,2026,1610612746,,,,,
2250026842,,Shot Chart Detail,22500268,42,201935,James Harden,1610612746,LA Clippers,1,7,50,Missed Shot,Pullup Jump shot,3PT Field Goal,Above the Break 3,Center(C),24+ ft.,27,-66,264,1,0,20251122,CHA,LAC,2500,0,201935|1627739|1627826|1628381|1642920,0,REG,2026,1610612746,,,,,
2250026851,,Shot Chart Detail,22500268,51,201935,James Harden,1610612746,LA Clippers,1,7,13,Missed Shot,Jump Shot,3PT Field Goal,Above the Break 3,Left Side Center(LC),24+ ft.,25,-189,172,1,0,20251122,CHA,LAC,2870,0,201935|1627739|1627826|1628381|1642920,0,REG,2026,1610612746,,,,,
2250026868,,Shot Chart Detail,22500268,68,1627826,Ivica Zubac,1610612746,LA Clippers,1,6,17,Made Shot,Turnaround Bank Hook Shot,2PT Field Goal,In The Paint (Non-RA),Center(C),8-16 ft.,8,-10,84,1,1,20251122,CHA,LAC,3430,0,201935|1627739|1627826|1628381|1642920,1,REG,2026,1610612746,,,,,
2250026872,,Shot Chart Detail,22500268,72,201935,James Harden,1610612746,LA Clippers,1,5,45,Missed Shot,Step Back Jump shot,2PT Field Goal,In The Paint (Non-RA),Center(C),Less Than 8 ft.,5,15,-51,1,0,20251122,CHA,LAC,3750,0,201935|1627739|1627826|1628381|1642920,0,REG,2026,1610612746,,,,,
2250026874,,Shot Chart Detail,22500268,74,1627826,Ivica Zubac,1610612746,LA Clippers,1,5,39,Made Shot,Dunk Shot,2PT Field Goal,Restricted Area,Center(C),Less Than 8 ft.,1,-4,16,1,1,20251122,CHA,LAC,3810,0,201935|1627739|1627826|1628381|1642920,1,REG,2026,1610612746,,,,,
2250026877,,Shot Chart Detail,22500268,77,201935,James Harden,1610612746,LA Clippers,1,5,12,Made Shot,Driving Floating Jump Shot,2PT Field Goal,In The Paint (Non-RA),Center(C),8-16 ft.,8,29,78,1,1,20251122,CHA,LAC,4080,0,201935|1627739|1627826|1628381|1642920,1,REG,2026,1610612746,,,,,
2250026881,,Shot Chart Detail,22500268,81,201935,James Harden,1610612746,LA Clippers,1,4,45,Made Shot,Pullup Jump shot,3PT Field Goal,Above the Break 3,Center(C),24+ ft.,26,15,265,1,1,20251122,CHA,LAC,4350,0,201935|1627739|1627826|1628381|1642920,0,REG,2026,1610612746,,,,,
2250026896,,Shot Chart Detail,22500268,96,201935,James Harden,1610612746,LA Clippers,1,4,15,Made Shot,Step Back Jump shot,2PT Field Goal,In The Paint (Non-RA),Center(C),8-16 ft.,11,-27,111,1,1,20251122,CHA,LAC,4650,0,201572|201587|201935|1627739|1642920,0,REG,2026,1610612746,,,,,
2250026899,,Shot Chart Detail,22500268,99,1627739,Kris Dunn,1610612746,LA Clippers,1,3,53,Missed Shot,Driving Floating Jump Shot,2PT Field Goal,In The Paint (Non-RA),Center(C),Less Than 8 ft.,4,17,46,1,0,20251122,CHA,LAC,4870,0,201572|201587|201935|1627739|1642920,0,REG,2026,1610612746,,,,,
22500268102,,Shot Chart Detail,22500268,102,201572,Brook Lopez,1610612746,LA Clippers,1,3,18,Missed Shot,Turnaround Fadeaway shot,2PT Field Goal,Mid-Range,Center(C),16-24 ft.,16,1,165,1,0,20251122,CHA,LAC,5220,0,201572|201587|201935|1627739|1642920,0,REG,2026,1610612746,,,,,
22500268109,,Shot Chart Detail,22500268,109,101108,Chris Paul,1610612746,LA Clippers,1,3,4,Made Shot,Jump Shot,3PT Field Goal,Above the Break 3,Right Side Center(RC),24+ ft.,26,228,128,1,1,20251122,CHA,LAC,5360,0,101108|201572|201587|201935|1642353,1,REG,2026,1610612746,,,,,
22500268114,,Shot Chart Detail,22500268,114,201935,James Harden,1610612746,LA Clippers,1,2,44,Made Shot,Running Jump Shot,3PT Field Goal,Above the Break 3,Right Side Center(RC),24+ ft.,26,181,189,1,1,20251122,CHA,LAC,5560,0,101108|201572|201587|201935|1642353,1,REG,2026,1610612746,,,,,
22500268118,,Shot Chart Detail,22500268,118,201935,James Harden,1610612746,LA Clippers,1,2,3,Made Shot,Step Back Jump shot,3PT Field Goal,Above the Break 3,Right Side Center(RC),24+ ft.,26,202,164,1,1,20251122,CHA,LAC,5970,0,101108|201572|201587|201935|1642353,0,REG,2026,1610612746,,,,,
22500268129,,Shot Chart Detail,22500268,129,201935,James Harden,1610612746,LA Clippers,1,1,11,Made Shot,Driving Floating Jump Shot,2PT Field Goal,In The Paint (Non-RA),Center(C),Less Than 8 ft.,7,2,70,1,1,20251122,CHA,LAC,6490,0,101108|201572|201587|201935|1642353,0,REG,2026,1610612746,,,,,
22500268132,,Shot Chart Detail,22500268,132,201935,James Harden,1610612746,LA Clippers,1,0,37,Made Shot,Pullup Jump shot,3PT Field Goal,Above the Break 3,Left Side Center(LC),24+ ft.,26,-194,183,1,1,20251122,CHA,LAC,6830,0,101108|201572|201587|201935|1642353,0,REG,2026,1610612746,,,,,
22500268171,,Shot Chart Detail,22500268,171,201572,Brook Lopez,1610612746,LA Clippers,2,11,21,Made Shot,Floating Jump shot,2PT Field Goal,In The Paint (Non-RA),Center(C),8-16 ft.,13,-4,138,1,1,20251122,CHA,LAC,7590,0,101108|201572|201587|1641738|1642353,1,REG,2026,1610612746,,,,,
22500268175,,Shot Chart Detail,22500268,175,201572,Brook Lopez,1610612746,LA Clippers,2,11,1,Missed Shot,Jump Shot,3PT Field Goal,Above the Break 3,Right Side Center(RC),24+ ft.,27,173,215,1,0,20251122,CHA,LAC,7790,0,101108|201572|201587|1641738|1642353,0,REG,2026,1610612746,,,,,
22500268180,,Shot Chart Detail,22500268,180,201572,Brook Lopez,1610612746,LA Clippers,2,10,28,Missed Shot,Floating Jump shot,2PT Field Goal,In The Paint (Non-RA),Center(C),8-16 ft.,13,58,123,1,0,20251122,CHA,LAC,8120,0,101108|201572|201587|1641738|1642353,0,REG,2026,1610612746,,,,,
22500268188,,Shot Chart Detail,22500268,188,201587,Nicolas Batum,1610612746,LA Clippers,2,10,2,Made Shot,Jump Shot,3PT Field Goal,Right Corner 3,Right Side(R),24+ ft.,24,232,69,1,1,20251122,CHA,LAC,8380,0,101108|201572|201587|1641738|1642353,1,REG,2026,1610612746,,,,,
22500268201,,Shot Chart Detail,22500268,201,101108,Chris Paul,1610612746,LA Clippers,2,9,5,Missed Shot,Pullup Jump shot,2PT Field Goal,In The Paint (Non-RA),Right Side(R),8-16 ft.,10,72,80,1,0,20251122,CHA,LAC,8950,0,101108|201572|201587|1641738|1642353,0,REG,2026,1610612746,,,,,
22500268205,,Shot Chart Detail,22500268,205,1642353,Cam Christie,1610612746,LA Clippers,2,8,40,Made Shot,Driving Hook Shot,2PT Field Goal,Restricted Area,Center(C),Less Than 8 ft.,2,-4,26,1,1,20251122,CHA,LAC,9200,0,101108|201572|201587|1641738|1642353,0,REG,2026,1610612746,,,,,
22500268217,,Shot Chart Detail,22500268,217,1642353,Cam Christie,1610612746,LA Clippers,2,7,36,Missed Shot,Cutting Layup Shot,2PT Field Goal,Restricted Area,Center(C),Less Than 8 ft.,2,13,26,1,0,20251122,CHA,LAC,9840,0,101108|201572|201587|1641738|1642353,0,REG,2026,1610612746,,,,,
22500268219,,Shot Chart Detail,22500268,219,1642353,Cam Christie,1610612746,LA Clippers,2,7,34,Missed Shot,Tip Layup Shot,2PT Field Goal,In The Paint (Non-RA),Center(C),Less Than 8 ft.,5,-11,49,1,0,20251122,CHA,LAC,9860,0,101108|201572|201587|1641738|1642353,0,REG,2026,1610612746,,,,,
22500268240,,Shot Chart Detail,22500268,240,201935,James Harden,1610612746,LA Clippers,2,7,13,Made Shot,Cutting Layup Shot,2PT Field Goal,Restricted Area,Center(C),Less Than 8 ft.,1,-6,8,1,1,20251122,CHA,LAC,10070,0,101108|201935|1627739|1627826|1628381,1,REG,2026,1610612746,,,,,
22500268244,,Shot Chart Detail,22500268,244,1627826,Ivica Zubac,1610612746,LA Clippers,2,6,55,Missed Shot,Floating Jump shot,2PT Field Goal,In The Paint (Non-RA),Center(C),8-16 ft.,9,-16,94,1,0,20251122,CHA,LAC,10250,0,101108|201935|1627739|1627826|1628381,0,REG,2026,1610612746,,,,,
22500268246,,Shot Chart Detail,22500268,246,1627739,Kris Dunn,1610612746,LA Clippers,2,6,53,Made Shot,Tip Layup Shot,2PT Field Goal,Restricted Area,Center(C),Less Than 8 ft.,0,0,0,1,1,20251122,CHA,LAC,10270,0,101108|201935|1627739|1627826|1628381,0,REG,2026,1610612746,,,,,
22500268251,,Shot Chart Detail,22500268,251,1627826,Ivica Zubac,1610612746,LA Clippers,2,6,15,Made Shot,Floating Jump shot,2PT Field Goal,In The Paint (Non-RA),Center(C),8-16 ft.,11,0,111,1,1,20251122,CHA,LAC,10650,0,101108|201935|1627739|1627826|1628381,1,REG,2026,1610612746,,,,,
22500268254,,Shot Chart Detail,22500268,254,201935,James Harden,1610612746,LA Clippers,2,5,46,Made Shot,Pullup Jump shot,3PT Field Goal,Above the Break 3,Left Side Center(LC),24+ ft.,27,-157,220,1,1,20251122,CHA,LAC,10940,0,101108|201935|1627739|1627826|1628381,1,REG,2026,1610612746,,,,,
22500268257,,Shot Chart Detail,22500268,257,201935,James Harden,1610612746,LA Clippers,2,5,12,Missed Shot,Pullup Jump shot,3PT Field Goal,Above the Break 3,Left Side Center(LC),24+ ft.,29,-124,270,1,0,20251122,CHA,LAC,11280,0,101108|201935|1627739|1627826|1628381,0,REG,2026,1610612746,,,,,
22500268261,,Shot Chart Detail,22500268,261,1628381,John Collins,1610612746,LA Clippers,2,4,40,Made Shot,Jump Shot,3PT Field Goal,Right Corner 3,Right Side(R),24+ ft.,23,228,60,1,1,20251122,CHA,LAC,11600,0,101108|201935|1627739|1627826|1628381,1,REG,2026,1610612746,,,,,
22500268267,,Shot Chart Detail,22500268,267,1628381,John Collins,1610612746,LA Clippers,2,4,12,Missed Shot,Jump Shot,3PT Field Goal,Right Corner 3,Right Side(R),24+ ft.,23,227,55,1,0,20251122,CHA,LAC,11880,0,101108|201935|1627739|1627826|1628381,0,REG,2026,1610612746,,,,,
22500268278,,Shot Chart Detail,22500268,278,201935,James Harden,1610612746,LA Clippers,2,3,45,Made Shot,Cutting Layup Shot,2PT Field Goal,Restricted Area,Center(C),Less Than 8 ft.,2,6,22,1,1,20251122,CHA,LAC,12150,0,201935|1627739|1627826|1628381|1642920,1,REG,2026,1610612746,,,,,
22500268288,,Shot Chart Detail,22500268,288,1627739,Kris Dunn,1610612746,LA Clippers,2,3,4,Made Shot,Reverse Layup Shot,2PT Field Goal,Restricted Area,Center(C),Less Than 8 ft.,2,6,26,1,1,20251122,CHA,LAC,12560,0,201935|1627739|1627826|1628381|1642920,1,REG,2026,1610612746,,,,,
22500268292,,Shot Chart Detail,22500268,292,1628381,John Collins,1610612746,LA Clippers,2,2,28,Missed Shot,Jump Shot,3PT Field Goal,Right Corner 3,Right Side(R),24+ ft.,23,238,1,1,0,20251122,CHA,LAC,12920,0,201935|1627739|1627826|1628381|1642920,0,REG,2026,1610612746,,,,,
22500268298,,Shot Chart Detail,22500268,298,1642920,Kobe Sanders,1610612746,LA Clippers,2,1,48,Missed Shot,Jump Shot,3PT Field Goal,Above the Break 3,Right Side Center(RC),24+ ft.,26,151,222,1,0,20251122,CHA,LAC,13320,0,201935|1627739|1627826|1628381|1642920,0,REG,2026,1610612746,,,,,
22500268310,,Shot Chart Detail,22500268,310,201935,James Harden,1610612746,LA Clippers,2,0,51,Missed Shot,Pullup Jump shot,3PT Field Goal,Above the Break 3,Right Side Center(RC),24+ ft.,27,152,225,1,0,20251122,CHA,LAC,13890,0,201587|201935|1627739|1627826|1642920,0,REG,2026,1610612746,,,,,
22500268319,,Shot Chart Detail,22500268,319,1627826,Ivica Zubac,1610612746,LA Clippers,2,0,8,Missed Shot,Floating Jump shot,2PT Field Goal,Mid-Range,Right Side(R),8-16 ft.,9,91,21,1,0,20251122,CHA,LAC,14320,0,201587|201935|1627739|1627826|1642920,0,REG,2026,1610612746,,,,,
22500268337,,Shot Chart Detail,22500268,337,1627826,Ivica Zubac,1610612746,LA Clippers,3,11,22,Missed Shot,Hook Shot,2PT Field Goal,Restricted Area,Center(C),Less Than 8 ft.,3,5,38,1,0,20251122,CHA,LAC,14780,0,201935|1627739|1627826|1628381|1642920,0,REG,2026,1610612746,,,,,
22500268339,,Shot Chart Detail,22500268,339,1627826,Ivica Zubac,1610612746,LA Clippers,3,11,21,Made Shot,Tip Layup Shot,2PT Field Goal,Restricted Area,Center(C),Less Than 8 ft.,0,0,0,1,1,20251122,CHA,LAC,14790,0,201935|1627739|1627826|1628381|1642920,0,REG,2026,1610612746,,,,,
22500268342,,Shot Chart Detail,22500268,342,201935,James Harden,1610612746,LA Clippers,3,11,3,Made Shot,Running Jump Shot,3PT Field Goal,Above the Break 3,Right Side Center(RC),24+ ft.,27,156,221,1,1,20251122,CHA,LAC,14970,0,201935|1627739|1627826|1628381|1642920,1,REG,2026,1610612746,,,,,
22500268348,,Shot Chart Detail,22500268,348,1642920,Kobe Sanders,1610612746,LA Clippers,3,10,22,Made Shot,Cutting Layup Shot,2PT Field Goal,Restricted Area,Center(C),Less Than 8 ft.,1,-1,13,1,1,20251122,CHA,LAC,15380,0,201935|1627739|1627826|1628381|1642920,1,REG,2026,1610612746,,,,,
22500268352,,Shot Chart Detail,22500268,352,1628381,John Collins,1610612746,LA Clippers,3,10,4,Made Shot,Running Layup Shot,2PT Field Goal,Restricted Area,Center(C),Less Than 8 ft.,0,4,5,1,1,20251122,CHA,LAC,15560,0,201935|1627739|1627826|1628381|1642920,1,REG,2026,1610612746,,,,,
22500268356,,Shot Chart Detail,22500268,356,1628381,John Collins,1610612746,LA Clippers,3,9,33,Missed Shot,Jump Shot,3PT Field Goal,Right Corner 3,Right Side(R),24+ ft.,24,237,59,1,0,20251122,CHA,LAC,15870,0,201935|1627739|1627826|1628381|1642920,0,REG,2026,1610612746,,,,,
22500268362,,Shot Chart Detail,22500268,362,1642920,Kobe Sanders,1610612746,LA Clippers,3,9,15,Made Shot,Pullup Jump shot,2PT Field Goal,In The Paint (Non-RA),Center(C),8-16 ft.,11,-1,110,1,1,20251122,CHA,LAC,16050,0,201935|1627739|1627826|1628381|1642920,0,REG,2026,1610612746,,,,,
22500268366,,Shot Chart Detail,22500268,366,1628381,John Collins,1610612746,LA Clippers,3,8,40,Missed Shot,Layup Shot,2PT Field Goal,Restricted Area,Center(C),Less Than 8 ft.,0,-1,6,1,0,20251122,CHA,LAC,16400,0,201935|1627739|1627826|1628381|1642920,0,REG,2026,1610612746,,,,,
22500268383,,Shot Chart Detail,22500268,383,1642920,Kobe Sanders,1610612746,LA Clippers,3,7,56,Missed Shot,Pullup Jump shot,2PT Field Goal,Mid-Range,Right Side Center(RC),16-24 ft.,18,113,145,1,0,20251122,CHA,LAC,16840,0,201935|1627739|1627826|1628381|1642920,0,REG,2026,1610612746,,,,,
22500268386,,Shot Chart Detail,22500268,386,1642920,Kobe Sanders,1610612746,LA Clippers,3,7,18,Missed Shot,Jump Shot,3PT Field Goal,Above the Break 3,Left Side Center(LC),24+ ft.,28,-195,213,1,0,20251122,CHA,LAC,17220,0,201935|1627739|1627826|1628381|1642920,0,REG,2026,1610612746,,,,,
22500268392,,Shot Chart Detail,22500268,392,201935,James Harden,1610612746,LA Clippers,3,7,10,Missed Shot,Step Back Jump shot,3PT Field Goal,Above the Break 3,Right Side Center(RC),24+ ft.,26,110,241,1,0,20251122,CHA,LAC,17300,0,201935|1627739|1627826|1628381|1642920,0,REG,2026,1610612746,,,,,
22500268394,,Shot Chart Detail,22500268,394,1628381,John Collins,1610612746,LA Clippers,3,7,6,Made Shot,Reverse Layup Shot,2PT Field Goal,Restricted Area,Center(C),Less Than 8 ft.,0,7,5,1,1,20251122,CHA,LAC,17340,0,201935|1627739|1627826|1628381|1642920,0,REG,2026,1610612746,,,,,
22500268400,,Shot Chart Detail,22500268,400,1627826,Ivica Zubac,1610612746,LA Clippers,3,6,32,Made Shot,Dunk Shot,2PT Field Goal,Restricted Area,Center(C),Less Than 8 ft.,1,10,14,1,1,20251122,CHA,LAC,17680,0,201935|1627739|1627826|1628381|1642920,1,REG,2026,1610612746,,,,,
22500268404,,Shot Chart Detail,22500268,404,1627826,Ivica Zubac,1610612746,LA Clippers,3,6,7,Made Shot,Dunk Shot,2PT Field Goal,Restricted Area,Center(C),Less Than 8 ft.,1,11,8,1,1,20251122,CHA,LAC,17930,0,201935|1627739|1627826|1628381|1642920,1,REG,2026,1610612746,,,,,
22500268423,,Shot Chart Detail,22500268,423,1642920,Kobe Sanders,1610612746,LA Clippers,3,5,8,Missed Shot,Running Jump Shot,3PT Field Goal,Above the Break 3,Left Side Center(LC),24+ ft.,24,-186,163,1,0,20251122,CHA,LAC,18520,0,201935|1627739|1627826|1628381|1642920,0,REG,2026,1610612746,,,,,
22500268427,,Shot Chart Detail,22500268,427,1627826,Ivica Zubac,1610612746,LA Clippers,3,4,39,Made Shot,Cutting Layup Shot,2PT Field Goal,Restricted Area,Center(C),Less Than 8 ft.,0,-9,4,1,1,20251122,CHA,LAC,18810,0,201935|1627739|1627826|1628381|1642920,1,REG,2026,1610612746,,,,,
22500268441,,Shot Chart Detail,22500268,441,201935,James Harden,1610612746,LA Clippers,3,4,8,Made Shot,Pullup Jump shot,3PT Field Goal,Above the Break 3,Right Side Center(RC),24+ ft.,26,94,248,1,1,20251122,CHA,LAC,19120,0,201587|201935|1627826|1642353|1642920,0,REG,2026,1610612746,,,,,
22500268456,,Shot Chart Detail,22500268,456,201587,Nicolas Batum,1610612746,LA Clippers,3,3,38,Missed Shot,Jump Shot,3PT Field Goal,Left Corner 3,Left Side(L),24+ ft.,23,-230,24,1,0,20251122,CHA,LAC,19420,0,201587|201935|1627826|1642353|1642920,0,REG,2026,1610612746,,,,,
22500268470,,Shot Chart Detail,22500268,470,201935,James Harden,1610612746,LA Clippers,3,3,10,Missed Shot,Driving Floating Bank Jump Shot,2PT Field Goal,Restricted Area,Center(C),Less Than 8 ft.,1,13,6,1,0,20251122,CHA,LAC,19700,0,101108|201587|201935|1627826|1642353,0,REG,2026,1610612746,,,,,
22500268472,,Shot Chart Detail,22500268,472,1642353,Cam Christie,1610612746,LA Clippers,3,2,59,Made Shot,Layup Shot,2PT Field Goal,In The Paint (Non-RA),Center(C),Less Than 8 ft.,4,-48,8,1,1,20251122,CHA,LAC,19810,0,101108|201587|201935|1627826|1642353,1,REG,2026,1610612746,,,,,
22500268477,,Shot Chart Detail,22500268,477,101108,Chris Paul,1610612746,LA Clippers,3,2,24,Missed Shot,Pullup Jump shot,3PT Field Goal,Above the Break 3,Left Side Center(LC),24+ ft.,24,-168,182,1,0,20251122,CHA,LAC,20160,0,101108|201587|201935|1627826|1642353,0,REG,2026,1610612746,,,,,
22500268483,,Shot Chart Detail,22500268,483,201935,James Harden,1610612746,LA Clippers,3,1,47,Missed Shot,Pullup Jump shot,2PT Field Goal,Mid-Range,Right Side(R),8-16 ft.,12,129,1,1,0,20251122,CHA,LAC,20530,0,101108|201587|201935|1627826|1642353,0,REG,2026,1610612746,,,,,
22500268486,,Shot Chart Detail,22500268,486,201587,Nicolas Batum,1610612746,LA Clippers,3,1,6,Made Shot,Jump Shot,3PT Field Goal,Above the Break 3,Right Side Center(RC),24+ ft.,25,121,224,1,1,20251122,CHA,LAC,20940,0,101108|201587|201935|1627826|1642353,1,REG,2026,1610612746,,,,,
22500268495,,Shot Chart Detail,22500268,495,1642353,Cam Christie,1610612746,LA Clippers,3,0,4,Missed Shot,Jump Shot,3PT Field Goal,Right Corner 3,Right Side(R),24+ ft.,23,232,1,1,0,20251122,CHA,LAC,21560,0,101108|201572|201587|201935|1642353,0,REG,2026,1610612746,,,,,
22500268497,,Shot Chart Detail,22500268,497,101108,Chris Paul,1610612746,LA Clippers,3,0,1,Missed Shot,Pullup Jump shot,3PT Field Goal,Right Corner 3,Right Side(R),24+ ft.,23,233,-28,1,0,20251122,CHA,LAC,21590,0,101108|201572|201587|201935|1642353,0,REG,2026,1610612746,,,,,
22500268511,,Shot Chart Detail,22500268,511,201572,Brook Lopez,1610612746,LA Clippers,4,11,43,Missed Shot,Jump Shot,3PT Field Goal,Above the Break 3,Left Side Center(LC),24+ ft.,24,-217,124,1,0,20251122,CHA,LAC,21770,0,101108|201572|201587|1642353|1642920,0,REG,2026,1610612746,,,,,
22500268517,,Shot Chart Detail,22500268,517,201572,Brook Lopez,1610612746,LA Clippers,4,11,18,Made Shot,Jump Shot,3PT Field Goal,Above the Break 3,Right Side Center(RC),24+ ft.,26,94,252,1,1,20251122,CHA,LAC,22020,0,101108|201572|201587|1642353|1642920,1,REG,2026,1610612746,,,,,
22500268521,,Shot Chart Detail,22500268,521,201572,Brook Lopez,1610612746,LA Clippers,4,10,46,Missed Shot,Jump Shot,3PT Field Goal,Above the Break 3,Left Side Center(LC),24+ ft.,25,-148,205,1,0,20251122,CHA,LAC,22340,0,101108|201572|201587|1642353|1642920,0,REG,2026,1610612746,,,,,
22500268523,,Shot Chart Detail,22500268,523,201587,Nicolas Batum,1610612746,LA Clippers,4,10,39,Made Shot,Jump Shot,3PT Field Goal,Above the Break 3,Right Side Center(RC),24+ ft.,24,224,96,1,1,20251122,CHA,LAC,22410,0,101108|201572|201587|1642353|1642920,1,REG,2026,1610612746,,,,,
22500268528,,Shot Chart Detail,22500268,528,201572,Brook Lopez,1610612746,LA Clippers,4,10,5,Made Shot,Jump Shot,3PT Field Goal,Above the Break 3,Center(C),24+ ft.,26,-25,261,1,1,20251122,CHA,LAC,22750,0,101108|201572|201587|1642353|1642920,1,REG,2026,1610612746,,,,,
22500268532,,Shot Chart Detail,22500268,532,201572,Brook Lopez,1610612746,LA Clippers,4,9,34,Made Shot,Jump Shot,3PT Field Goal,Above the Break 3,Left Side Center(LC),24+ ft.,26,-156,216,1,1,20251122,CHA,LAC,23060,0,101108|201572|201587|1642353|1642920,1,REG,2026,1610612746,,,,,
22500268544,,Shot Chart Detail,22500268,544,201572,Brook Lopez,1610612746,LA Clippers,4,8,57,Missed Shot,Jump Shot,3PT Field Goal,Above the Break 3,Center(C),24+ ft.,27,67,264,1,0,20251122,CHA,LAC,23430,0,101108|201572|201587|1642353|1642920,0,REG,2026,1610612746,,,,,
22500268548,,Shot Chart Detail,22500268,548,1642920,Kobe Sanders,1610612746,LA Clippers,4,8,12,Made Shot,Jump Shot,3PT Field Goal,Above the Break 3,Left Side Center(LC),24+ ft.,26,-125,232,1,1,20251122,CHA,LAC,23880,0,101108|201572|201587|1642353|1642920,1,REG,2026,1610612746,,,,,
22500268565,,Shot Chart Detail,22500268,565,1642353,Cam Christie,1610612746,LA Clippers,4,7,12,Missed Shot,Jump Shot,3PT Field Goal,Above the Break 3,Left Side Center(LC),24+ ft.,26,-147,219,1,0,20251122,CHA,LAC,24480,0,101108|201572|1628381|1642353|1642920,0,REG,2026,1610612746,,,,,
22500268584,,Shot Chart Detail,22500268,584,1628381,John Collins,1610612746,LA Clippers,4,6,31,Made Shot,Alley Oop Dunk Shot,2PT Field Goal,Restricted Area,Center(C),Less Than 8 ft.,0,-1,0,1,1,20251122,CHA,LAC,24890,0,201935|1627739|1627826|1628381|1642920,1,REG,2026,1610612746,,,,,
22500268588,,Shot Chart Detail,22500268,588,1627826,Ivica Zubac,1610612746,LA Clippers,4,6,3,Made Shot,Reverse Layup Shot,2PT Field Goal,Restricted Area,Center(C),Less Than 8 ft.,2,15,16,1,1,20251122,CHA,LAC,25170,0,201935|1627739|1627826|1628381|1642920,1,REG,2026,1610612746,,,,,
22500268592,,Shot Chart Detail,22500268,592,201935,James Harden,1610612746,LA Clippers,4,5,34,Missed Shot,Pullup Jump shot,3PT Field Goal,Above the Break 3,Right Side Center(RC),24+ ft.,25,80,243,1,0,20251122,CHA,LAC,25460,0,201935|1627739|1627826|1628381|1642920,0,REG,2026,1610612746,,,,,
22500268601,,Shot Chart Detail,22500268,601,201935,James Harden,1610612746,LA Clippers,4,4,53,Made Shot,Step Back Jump shot,3PT Field Goal,Above the Break 3,Center(C),24+ ft.,26,49,264,1,1,20251122,CHA,LAC,25870,0,201935|1627739|1627826|1628381|1642920,0,REG,2026,1610612746,,,,,
22500268605,,Shot Chart Detail,22500268,605,1627739,Kris Dunn,1610612746,LA Clippers,4,4,27,Made Shot,Driving Layup Shot,2PT Field Goal,Restricted Area,Center(C),Less Than 8 ft.,0,4,6,1,1,20251122,CHA,LAC,26130,0,201935|1627739|1627826|1628381|1642920,1,REG,2026,1610612746,,,,,
22500268609,,Shot Chart Detail,22500268,609,201935,James Harden,1610612746,LA Clippers,4,3,59,Made Shot,Driving Layup Shot,2PT Field Goal,Restricted Area,Center(C),Less Than 8 ft.,1,2,15,1,1,20251122,CHA,LAC,26410,0,201935|1627739|1627826|1628381|1642920,0,REG,2026,1610612746,,,,,
22500268626,,Shot Chart Detail,22500268,626,201935,James Harden,1610612746,LA Clippers,4,3,16,Made Shot,Pullup Jump shot,3PT Field Goal,Above the Break 3,Right Side Center(RC),24+ ft.,25,154,208,1,1,20251122,CHA,LAC,26840,0,201935|1627739|1627826|1628381|1642920,0,REG,2026,1610612746,,,,,
22500268644,,Shot Chart Detail,22500268,644,1641738,Kobe Brown,1610612746,LA Clippers,4,2,23,Missed Shot,Jump Shot,3PT Field Goal,Above the Break 3,Right Side Center(RC),24+ ft.,27,103,253,1,0,20251122,CHA,LAC,27370,0,101108|1641738|1642353|1642949|1643141,0,REG,2026,1610612746,,,,,
22500268648,,Shot Chart Detail,22500268,648,1642353,Cam Christie,1610612746,LA Clippers,4,2,6,Missed Shot,Running Pull-Up Jump Shot,3PT Field Goal,Above the Break 3,Center(C),24+ ft.,24,5,246,1,0,20251122,CHA,LAC,27540,0,101108|1641738|1642353|1642949|1643141,0,REG,2026,1610612746,,,,,
22500268650,,Shot Chart Detail,22500268,650,1642949,Yanic Konan Niederhäuser,1610612746,LA Clippers,4,2,1,Missed Shot,Layup Shot,2PT Field Goal,Restricted Area,Center(C),Less Than 8 ft.,1,7,11,1,0,20251122,CHA,LAC,27590,0,101108|1641738|1642353|1642949|1643141,0,REG,2026,1610612746,,,,,
22500268652,,Shot Chart Detail,22500268,652,1642949,Yanic Konan Niederhäuser,1610612746,LA Clippers,4,1,58,Missed Shot,Tip Layup Shot,2PT Field Goal,Restricted Area,Center(C),Less Than 8 ft.,0,0,0,1,0,20251122,CHA,LAC,27620,0,101108|1641738|1642353|1642949|1643141,0,REG,2026,1610612746,,,,,
22500268660,,Shot Chart Detail,22500268,660,101108,Chris Paul,1610612746,LA Clippers,4,1,27,Missed Shot,Pullup Jump shot,2PT Field Goal,In The Paint (Non-RA),Center(C),8-16 ft.,11,56,101,1,0,20251122,CHA,LAC,27930,0,101108|1641738|1642353|1642949|1643141,0,REG,2026,1610612746,,,,,
22500268664,,Shot Chart Detail,22500268,664,1642353,Cam Christie,1610612746,LA Clippers,4,0,56,Missed Shot,Jump Shot,3PT Field Goal,Above the Break 3,Right Side Center(RC),24+ ft.,25,104,235,1,0,20251122,CHA,LAC,28240,0,101108|1641738|1642353|1642949|1643141,0,REG,2026,1610612746,,,,,
2250027810,,Shot Chart Detail,22500278,10,1627826,Ivica Zubac,1610612746,LA Clippers,1,11,23,Made Shot,Driving Hook Shot,2PT Field Goal,In The Paint (Non-RA),Center(C),8-16 ft.,8,2,80,1,1,20251123,CLE,LAC,370,0,201935|202695|1627739|1627826|1628381,0,REG,2026,1610612746,,,,,
2250027814,,Shot Chart Detail,22500278,14,201935,James Harden,1610612746,LA Clippers,1,10,58,Made Shot,Step Back Jump shot,2PT Field Goal,Mid-Range,Center(C),16-24 ft.,17,-54,168,1,1,20251123,CLE,LAC,620,0,201935|202695|1627739|1627826|1628381,0,REG,2026,1610612746,,,,,
2250027820,,Shot Chart Detail,22500278,20,202695,Kawhi Leonard,1610612746,LA Clippers,1,10,23,Made Shot,Cutting Layup Shot,2PT Field Goal,Restricted Area,Center(C),Less Than 8 ft.,0,5,6,1,1,20251123,CLE,LAC,970,0,201935|202695|1627739|1627826|1628381,1,REG,2026,1610612746,,,,,
2250027827,,Shot Chart Detail,22500278,27,1627826,Ivica Zubac,1610612746,LA Clippers,1,9,50,Missed Shot,Floating Jump shot,2PT Field Goal,Mid-Range,Center(C),8-16 ft.,14,25,139,1,0,20251123,CLE,LAC,1300,0,201935|1627739|1627826|1628381|1642920,0,REG,2026,1610612746,,,,,
2250027829,,Shot Chart Detail,22500278,29,1627826,Ivica Zubac,1610612746,LA Clippers,1,9,42,Missed Shot,Putback Layup Shot,2PT Field Goal,In The Paint (Non-RA),Center(C),8-16 ft.,11,10,111,1,0,20251123,CLE,LAC,1380,0,201935|1627739|1627826|1628381|1642920,0,REG,2026,1610612746,,,,,
2250027833,,Shot Chart Detail,22500278,33,201935,James Harden,1610612746,LA Clippers,1,9,22,Missed Shot,Pullup Jump shot,3PT Field Goal,Above the Break 3,Left Side Center(LC),24+ ft.,27,-107,251,1,0,20251123,CLE,LAC,1580,0,201935|1627739|1627826|1628381|1642920,0,REG,2026,1610612746,,,,,
2250027838,,Shot Chart Detail,22500278,38,201935,James Harden,1610612746,LA Clippers,1,9,6,Made Shot,Running Layup Shot,2PT Field Goal,Restricted Area,Center(C),Less Than 8 ft.,1,-7,12,1,1,20251123,CLE,LAC,1740,0,201935|1627739|1627826|1628381|1642920,1,REG,2026,1610612746,,,,,
2250027841,,Shot Chart Detail,22500278,41,1642920,Kobe Sanders,1610612746,LA Clippers,1,8,39,Missed Shot,Jump Shot,3PT Field Goal,Left Corner 3,Left Side(L),24+ ft.,23,-237,37,1,0,20251123,CLE,LAC,2010,0,201935|1627739|1627826|1628381|1642920,0,REG,2026,1610612746,,,,,
2250027845,,Shot Chart Detail,22500278,45,1628381,John Collins,1610612746,LA Clippers,1,8,19,Made Shot,Turnaround Jump Shot,2PT Field Goal,Mid-Range,Right Side(R),8-16 ft.,8,87,20,1,1,20251123,CLE,LAC,2210,0,201935|1627739|1627826|1628381|1642920,1,REG,2026,1610612746,,,,,
2250027856,,Shot Chart Detail,22500278,56,1627739,Kris Dunn,1610612746,LA Clippers,1,7,27,Made Shot,Running Layup Shot,2PT Field Goal,Restricted Area,Center(C),Less Than 8 ft.,1,10,15,1,1,20251123,CLE,LAC,2730,0,201935|202695|1627739|1627826|1628381,1,REG,2026,1610612746,,,,,
2250027866,,Shot Chart Detail,22500278,66,202695,Kawhi Leonard,1610612746,LA Clippers,1,7,5,Made Shot,Pullup Jump shot,2PT Field Goal,Mid-Range,Right Side Center(RC),16-24 ft.,18,67,175,1,1,20251123,CLE,LAC,2950,0,201935|202695|1627739|1627826|1628381,0,REG,2026,1610612746,,,,,
2250027877,,Shot Chart Detail,22500278,77,1628381,John Collins,1610612746,LA Clippers,1,5,48,Missed Shot,Cutting Dunk Shot,2PT Field Goal,Restricted Area,Center(C),Less Than 8 ft.,2,-7,22,1,0,20251123,CLE,LAC,3720,0,201935|202695|1627739|1627826|1628381,0,REG,2026,1610612746,,,,,
2250027879,,Shot Chart Detail,22500278,79,1627826,Ivica Zubac,1610612746,LA Clippers,1,5,42,Made Shot,Tip Layup Shot,2PT Field Goal,Restricted Area,Center(C),Less Than 8 ft.,0,0,0,1,1,20251123,CLE,LAC,3780,0,201935|202695|1627739|1627826|1628381,0,REG,2026,1610612746,,,,,
2250027886,,Shot Chart Detail,22500278,86,201935,James Harden,1610612746,LA Clippers,1,5,15,Made Shot,Driving Floating Bank Jump Shot,2PT Field Goal,In The Paint (Non-RA),Center(C),Less Than 8 ft.,6,-54,33,1,1,20251123,CLE,LAC,4050,0,201935|202695|1627739|1627826|1628381,0,REG,2026,1610612746,,,,,
2250027893,,Shot Chart Detail,22500278,93,202695,Kawhi Leonard,1610612746,LA Clippers,1,4,50,Missed Shot,Pullup Jump shot,2PT Field Goal,In The Paint (Non-RA),Center(C),8-16 ft.,12,56,111,1,0,20251123,CLE,LAC,4300,0,201935|202695|1627739|1627826|1628381,0,REG,2026,1610612746,,,,,
2250027895,,Shot Chart Detail,22500278,95,1627826,Ivica Zubac,1610612746,LA Clippers,1,4,42,Missed Shot,Tip Layup Shot,2PT Field Goal,Restricted Area,Center(C),Less Than 8 ft.,0,0,0,1,0,20251123,CLE,LAC,4380,0,201935|202695|1627739|1627826|1628381,0,REG,2026,1610612746,,,,,
2250027898,,Shot Chart Detail,22500278,98,201935,James Harden,1610612746,LA Clippers,1,4,19,Missed Shot,Pullup Jump shot,3PT Field Goal,Above the Break 3,Center(C),24+ ft.,26,-45,260,1,0,20251123,CLE,LAC,4610,0,201935|202695|1627739|1627826|1628381,0,REG,2026,1610612746,,,,,
22500278101,,Shot Chart Detail,22500278,101,1628381,John Collins,1610612746,LA Clippers,1,4,2,Missed Shot,Driving Reverse Layup Shot,2PT Field Goal,Restricted Area,Center(C),Less Than 8 ft.,1,-13,8,1,0,20251123,CLE,LAC,4780,0,201935|202695|1627739|1627826|1628381,0,REG,2026,1610612746,,,,,
22500278103,,Shot Chart Detail,22500278,103,1627826,Ivica Zubac,1610612746,LA Clippers,1,3,59,Made Shot,Putback Dunk Shot,2PT Field Goal,Restricted Area,Center(C),Less Than 8 ft.,1,11,8,1,1,20251123,CLE,LAC,4810,0,201935|202695|1627739|1627826|1628381,0,REG,2026,1610612746,,,,,
22500278113,,Shot Chart Detail,22500278,113,1628381,John Collins,1610612746,LA Clippers,1,3,22,Missed Shot,Driving Floating Bank Jump Shot,2PT Field Goal,In The Paint (Non-RA),Center(C),8-16 ft.,10,26,106,1,0,20251123,CLE,LAC,5180,0,201572|201935|1627739|1628381|1642920,0,REG,2026,1610612746,,,,,
22500278118,,Shot Chart Detail,22500278,118,201935,James Harden,1610612746,LA Clippers,1,2,42,Missed Shot,Pullup Jump shot,3PT Field Goal,Above the Break 3,Center(C),24+ ft.,26,-9,260,1,0,20251123,CLE,LAC,5580,0,201572|201935|1627739|1628381|1642920,0,REG,2026,1610612746,,,,,
22500278136,,Shot Chart Detail,22500278,136,201935,James Harden,1610612746,LA Clippers,1,1,25,Missed Shot,Step Back Jump shot,3PT Field Goal,Above the Break 3,Right Side Center(RC),24+ ft.,25,174,191,1,0,20251123,CLE,LAC,6350,0,101108|201572|201587|201935|1642920,0,REG,2026,1610612746,,,,,
22500278139,,Shot Chart Detail,22500278,139,201935,James Harden,1610612746,LA Clippers,1,0,52,Missed Shot,Pullup Jump shot,3PT Field Goal,Above the Break 3,Left Side Center(LC),24+ ft.,30,-132,280,1,0,20251123,CLE,LAC,6680,0,101108|201572|201587|201935|1642920,0,REG,2026,1610612746,,,,,
22500278149,,Shot Chart Detail,22500278,149,201935,James Harden,1610612746,LA Clippers,1,0,9,Missed Shot,Driving Finger Roll Layup Shot,2PT Field Goal,Restricted Area,Center(C),Less Than 8 ft.,1,-5,18,1,0,20251123,CLE,LAC,7110,0,101108|201572|201587|201935|1642920,0,REG,2026,1610612746,,,,,
22500278180,,Shot Chart Detail,22500278,180,201587,Nicolas Batum,1610612746,LA Clippers,2,10,40,Made Shot,Jump Shot,3PT Field Goal,Right Corner 3,Right Side(R),24+ ft.,22,229,18,1,1,20251123,CLE,LAC,8000,0,101108|201572|201587|202695|1642920,1,REG,2026,1610612746,,,,,
22500278183,,Shot Chart Detail,22500278,183,202695,Kawhi Leonard,1610612746,LA Clippers,2,10,8,Missed Shot,Pullup Jump shot,3PT Field Goal,Above the Break 3,Left Side Center(LC),24+ ft.,26,-129,228,1,0,20251123,CLE,LAC,8320,0,101108|201572|201587|202695|1642920,0,REG,2026,1610612746,,,,,
22500278187,,Shot Chart Detail,22500278,187,201587,Nicolas Batum,1610612746,LA Clippers,2,9,32,Missed Shot,Jump Shot,3PT Field Goal,Right Corner 3,Right Side(R),24+ ft.,23,230,0,1,0,20251123,CLE,LAC,8680,0,101108|201572|201587|202695|1642920,0,REG,2026,1610612746,,,,,
22500278196,,Shot Chart Detail,22500278,196,1642920,Kobe Sanders,1610612746,LA Clippers,2,8,54,Made Shot,Jump Shot,3PT Field Goal,Left Corner 3,Left Side(L),24+ ft.,23,-228,38,1,1,20251123,CLE,LAC,9060,0,101108|201587|202695|1627826|1642920,1,REG,2026,1610612746,,,,,
22500278209,,Shot Chart Detail,22500278,209,1627826,Ivica Zubac,1610612746,LA Clippers,2,8,26,Missed Shot,Turnaround Hook Shot,2PT Field Goal,Mid-Range,Left Side(L),8-16 ft.,10,-88,48,1,0,20251123,CLE,LAC,9340,0,101108|201587|202695|1627826|1642920,0,REG,2026,1610612746,,,,,
22500278212,,Shot Chart Detail,22500278,212,202695,Kawhi Leonard,1610612746,LA Clippers,2,8,8,Missed Shot,Jump Shot,3PT Field Goal,Above the Break 3,Center(C),24+ ft.,25,22,258,1,0,20251123,CLE,LAC,9520,0,101108|201587|202695|1627826|1642920,0,REG,2026,1610612746,,,,,
22500278216,,Shot Chart Detail,22500278,216,202695,Kawhi Leonard,1610612746,LA Clippers,2,7,50,Made Shot,Running Pull-Up Jump Shot,3PT Field Goal,Above the Break 3,Left Side Center(LC),24+ ft.,25,-183,183,1,1,20251123,CLE,LAC,9700,0,101108|201587|202695|1627826|1642920,1,REG,2026,1610612746,,,,,
22500278231,,Shot Chart Detail,22500278,231,1642920,Kobe Sanders,1610612746,LA Clippers,2,7,11,Missed Shot,Driving Layup Shot,2PT Field Goal,Restricted Area,Center(C),Less Than 8 ft.,2,25,13,1,0,20251123,CLE,LAC,10090,0,101108|201587|202695|1627826|1642920,0,REG,2026,1610612746,,,,,
22500278235,,Shot Chart Detail,22500278,235,1627826,Ivica Zubac,1610612746,LA Clippers,2,6,43,Made Shot,Turnaround Hook Shot,2PT Field Goal,In The Paint (Non-RA),Center(C),8-16 ft.,8,9,88,1,1,20251123,CLE,LAC,10370,0,101108|201587|202695|1627826|1642920,1,REG,2026,1610612746,,,,,
22500278239,,Shot Chart Detail,22500278,239,202695,Kawhi Leonard,1610612746,LA Clippers,2,6,21,Missed Shot,Turnaround Fadeaway shot,2PT Field Goal,Mid-Range,Right Side(R),8-16 ft.,12,124,6,1,0,20251123,CLE,LAC,10590,0,101108|201587|202695|1627826|1642920,0,REG,2026,1610612746,,,,,
22500278261,,Shot Chart Detail,22500278,261,202695,Kawhi Leonard,1610612746,LA Clippers,2,5,42,Made Shot,Pullup Jump shot,2PT Field Goal,In The Paint (Non-RA),Center(C),Less Than 8 ft.,7,75,3,1,1,20251123,CLE,LAC,10980,0,101108|201587|202695|1627826|1642920,0,REG,2026,1610612746,,,,,
22500278293,,Shot Chart Detail,22500278,293,1627739,Kris Dunn,1610612746,LA Clippers,2,3,17,Missed Shot,Driving Floating Jump Shot,2PT Field Goal,In The Paint (Non-RA),Center(C),8-16 ft.,8,17,80,1,0,20251123,CLE,LAC,12430,0,201587|201935|1627739|1627826|1628381,0,REG,2026,1610612746,,,,,
22500278295,,Shot Chart Detail,22500278,295,1627739,Kris Dunn,1610612746,LA Clippers,2,3,13,Missed Shot,Floating Jump shot,2PT Field Goal,Mid-Range,Right Side(R),8-16 ft.,13,88,102,1,0,20251123,CLE,LAC,12470,0,201587|201935|1627739|1627826|1628381,0,REG,2026,1610612746,,,,,
22500278300,,Shot Chart Detail,22500278,300,1627826,Ivica Zubac,1610612746,LA Clippers,2,2,52,Made Shot,Turnaround Hook Shot,2PT Field Goal,In The Paint (Non-RA),Center(C),8-16 ft.,10,-31,105,1,1,20251123,CLE,LAC,12680,0,201587|201935|1627739|1627826|1628381,1,REG,2026,1610612746,,,,,
22500278303,,Shot Chart Detail,22500278,303,201587,Nicolas Batum,1610612746,LA Clippers,2,2,25,Missed Shot,Jump Shot,3PT Field Goal,Right Corner 3,Right Side(R),24+ ft.,23,234,6,1,0,20251123,CLE,LAC,12950,0,201587|201935|1627739|1627826|1628381,0,REG,2026,1610612746,,,,,
22500278307,,Shot Chart Detail,22500278,307,201935,James Harden,1610612746,LA Clippers,2,1,52,Made Shot,Layup Shot,2PT Field Goal,Restricted Area,Center(C),Less Than 8 ft.,1,9,13,1,1,20251123,CLE,LAC,13280,0,201587|201935|1627739|1627826|1628381,0,REG,2026,1610612746,,,,,
22500278318,,Shot Chart Detail,22500278,318,1627826,Ivica Zubac,1610612746,LA Clippers,2,1,8,Missed Shot,Layup Shot,2PT Field Goal,Restricted Area,Center(C),Less Than 8 ft.,1,-4,18,1,0,20251123,CLE,LAC,13720,0,201587|201935|1627739|1627826|1628381,0,REG,2026,1610612746,,,,,
22500278321,,Shot Chart Detail,22500278,321,1627826,Ivica Zubac,1610612746,LA Clippers,2,1,6,Made Shot,Turnaround Hook Shot,2PT Field Goal,In The Paint (Non-RA),Center(C),Less Than 8 ft.,4,5,49,1,1,20251123,CLE,LAC,13740,0,201587|201935|1627739|1627826|1628381,0,REG,2026,1610612746,,,,,
22500278323,,Shot Chart Detail,22500278,323,1628381,John Collins,1610612746,LA Clippers,2,0,30,Missed Shot,Jump Shot,3PT Field Goal,Left Corner 3,Left Side(L),24+ ft.,22,-225,13,1,0,20251123,CLE,LAC,14100,0,201587|201935|1627739|1627826|1628381,0,REG,2026,1610612746,,,,,
22500278331,,Shot Chart Detail,22500278,331,1627739,Kris Dunn,1610612746,LA Clippers,2,0,1,Made Shot,Jump Shot,3PT Field Goal,Above the Break 3,Center(C),24+ ft.,26,54,264,1,1,20251123,CLE,LAC,14390,0,201587|201935|1627739|1628381|1642920,1,REG,2026,1610612746,,,,,
22500278342,,Shot Chart Detail,22500278,342,1627739,Kris Dunn,1610612746,LA Clippers,3,11,40,Made Shot,Reverse Layup Shot,2PT Field Goal,Restricted Area,Center(C),Less Than 8 ft.,1,-12,11,1,1,20251123,CLE,LAC,14600,0,201935|202695|1627739|1627826|1628381,1,REG,2026,1610612746,,,,,
22500278351,,Shot Chart Detail,22500278,351,1627826,Ivica Zubac,1610612746,LA Clippers,3,10,56,Made Shot,Turnaround Hook Shot,2PT Field Goal,Restricted Area,Center(C),Less Than 8 ft.,3,-5,30,1,1,20251123,CLE,LAC,15040,0,201935|202695|1627739|1627826|1628381,0,REG,2026,1610612746,,,,,
22500278354,,Shot Chart Detail,22500278,354,201935,James Harden,1610612746,LA Clippers,3,10,30,Made Shot,Driving Floating Jump Shot,2PT Field Goal,In The Paint (Non-RA),Center(C),Less Than 8 ft.,5,-21,53,1,1,20251123,CLE,LAC,15300,0,201935|202695|1627739|1627826|1628381,0,REG,2026,1610612746,,,,,
22500278358,,Shot Chart Detail,22500278,358,201935,James Harden,1610612746,LA Clippers,3,9,53,Missed Shot,Jump Shot,3PT Field Goal,Left Corner 3,Left Side(L),24+ ft.,23,-230,25,1,0,20251123,CLE,LAC,15670,0,201935|202695|1627739|1627826|1628381,0,REG,2026,1610612746,,,,,
22500278369,,Shot Chart Detail,22500278,369,202695,Kawhi Leonard,1610612746,LA Clippers,3,9,12,Missed Shot,Jump Shot,2PT Field Goal,Mid-Range,Left Side(L),16-24 ft.,20,-202,-1,1,0,20251123,CLE,LAC,16080,0,201935|202695|1627739|1627826|1628381,0,REG,2026,1610612746,,,,,
22500278373,,Shot Chart Detail,22500278,373,201935,James Harden,1610612746,LA Clippers,3,8,36,Missed Shot,Pullup Jump shot,3PT Field Goal,Above the Break 3,Right Side Center(RC),24+ ft.,25,185,174,1,0,20251123,CLE,LAC,16440,0,201935|202695|1627739|1627826|1628381,0,REG,2026,1610612746,,,,,
22500278379,,Shot Chart Detail,22500278,379,202695,Kawhi Leonard,1610612746,LA Clippers,3,8,14,Made Shot,Jump Shot,3PT Field Goal,Above the Break 3,Right Side Center(RC),24+ ft.,25,146,208,1,1,20251123,CLE,LAC,16660,0,201935|202695|1627739|1627826|1628381,1,REG,2026,1610612746,,,,,
22500278403,,Shot Chart Detail,22500278,403,202695,Kawhi Leonard,1610612746,LA Clippers,3,6,36,Missed Shot,Pullup Jump shot,2PT Field Goal,Mid-Range,Right Side Center(RC),16-24 ft.,20,152,134,1,0,20251123,CLE,LAC,17640,0,201935|202695|1627739|1627826|1628381,0,REG,2026,1610612746,,,,,
22500278417,,Shot Chart Detail,22500278,417,1627826,Ivica Zubac,1610612746,LA Clippers,3,5,37,Made Shot,Cutting Dunk Shot,2PT Field Goal,Restricted Area,Center(C),Less Than 8 ft.,1,-9,11,1,1,20251123,CLE,LAC,18230,0,201587|201935|1627739|1627826|1628381,1,REG,2026,1610612746,,,,,
22500278422,,Shot Chart Detail,22500278,422,201935,James Harden,1610612746,LA Clippers,3,5,7,Missed Shot,Driving Floating Jump Shot,2PT Field Goal,In The Paint (Non-RA),Center(C),Less Than 8 ft.,5,0,50,1,0,20251123,CLE,LAC,18530,0,201587|201935|1627739|1627826|1628381,0,REG,2026,1610612746,,,,,
22500278424,,Shot Chart Detail,22500278,424,1627826,Ivica Zubac,1610612746,LA Clippers,3,5,1,Made Shot,Tip Layup Shot,2PT Field Goal,Restricted Area,Center(C),Less Than 8 ft.,0,0,0,1,1,20251123,CLE,LAC,18590,0,201587|201935|1627739|1627826|1628381,0,REG,2026,1610612746,,,,,
22500278431,,Shot Chart Detail,22500278,431,1627826,Ivica Zubac,1610612746,LA Clippers,3,4,29,Made Shot,Turnaround Hook Shot,2PT Field Goal,Restricted Area,Center(C),Less Than 8 ft.,3,-6,36,1,1,20251123,CLE,LAC,18910,0,201587|201935|1627739|1627826|1628381,1,REG,2026,1610612746,,,,,
22500278441,,Shot Chart Detail,22500278,441,1627826,Ivica Zubac,1610612746,LA Clippers,3,3,52,Made Shot,Hook Shot,2PT Field Goal,Restricted Area,Center(C),Less Than 8 ft.,3,2,32,1,1,20251123,CLE,LAC,19280,0,201587|201935|1627739|1627826|1628381,1,REG,2026,1610612746,,,,,
22500278450,,Shot Chart Detail,22500278,450,201587,Nicolas Batum,1610612746,LA Clippers,3,3,24,Made Shot,Jump Shot,3PT Field Goal,Above the Break 3,Right Side Center(RC),24+ ft.,25,132,220,1,1,20251123,CLE,LAC,19560,0,201587|201935|1627739|1627826|1628381,1,REG,2026,1610612746,,,,,
22500278477,,Shot Chart Detail,22500278,477,201935,James Harden,1610612746,LA Clippers,3,2,23,Missed Shot,Step Back Jump shot,3PT Field Goal,Above the Break 3,Right Side Center(RC),24+ ft.,25,124,222,1,0,20251123,CLE,LAC,20170,0,201572|201587|201935|1628381|1642920,0,REG,2026,1610612746,,,,,
22500278501,,Shot Chart Detail,22500278,501,201572,Brook Lopez,1610612746,LA Clippers,3,0,38,Missed Shot,Turnaround Hook Shot,2PT Field Goal,In The Paint (Non-RA),Center(C),Less Than 8 ft.,7,70,21,1,0,20251123,CLE,LAC,21220,0,201572|201587|201935|1628381|1642920,0,REG,2026,1610612746,,,,,
22500278504,,Shot Chart Detail,22500278,504,201935,James Harden,1610612746,LA Clippers,3,0,11,Missed Shot,Driving Layup Shot,2PT Field Goal,Restricted Area,Center(C),Less Than 8 ft.,1,-11,10,1,0,20251123,CLE,LAC,21490,0,201572|201587|201935|1628381|1642920,0,REG,2026,1610612746,,,,,
22500278506,,Shot Chart Detail,22500278,506,1628381,John Collins,1610612746,LA Clippers,3,0,9,Missed Shot,Tip Dunk Shot,2PT Field Goal,Restricted Area,Center(C),Less Than 8 ft.,0,0,0,1,0,20251123,CLE,LAC,21510,0,201572|201587|201935|1628381|1642920,0,REG,2026,1610612746,,,,,
22500278527,,Shot Chart Detail,22500278,527,202695,Kawhi Leonard,1610612746,LA Clippers,4,11,25,Missed Shot,Driving Finger Roll Layup Shot,2PT Field Goal,In The Paint (Non-RA),Center(C),Less Than 8 ft.,4,25,38,1,0,20251123,CLE,LAC,21950,0,101108|201572|201587|202695|1642920,0,REG,2026,1610612746,,,,,
22500278530,,Shot Chart Detail,22500278,530,201587,Nicolas Batum,1610612746,LA Clippers,4,11,19,Missed Shot,Jump Shot,3PT Field Goal,Right Corner 3,Right Side(R),24+ ft.,22,223,21,1,0,20251123,CLE,LAC,22010,0,101108|201572|201587|202695|1642920,0,REG,2026,1610612746,,,,,
22500278534,,Shot Chart Detail,22500278,534,201572,Brook Lopez,1610612746,LA Clippers,4,10,59,Missed Shot,Jump Shot,3PT Field Goal,Above the Break 3,Left Side Center(LC),24+ ft.,30,-221,210,1,0,20251123,CLE,LAC,22210,0,101108|201572|201587|202695|1642920,0,REG,2026,1610612746,,,,,
22500278545,,Shot Chart Detail,22500278,545,1627826,Ivica Zubac,1610612746,LA Clippers,4,9,43,Made Shot,Turnaround Hook Shot,2PT Field Goal,Restricted Area,Center(C),Less Than 8 ft.,3,34,9,1,1,20251123,CLE,LAC,22970,0,101108|201587|202695|1627826|1642920,0,REG,2026,1610612746,,,,,
22500278558,,Shot Chart Detail,22500278,558,1642920,Kobe Sanders,1610612746,LA Clippers,4,8,39,Made Shot,Floating Jump shot,2PT Field Goal,In The Paint (Non-RA),Center(C),Less Than 8 ft.,6,-15,66,1,1,20251123,CLE,LAC,23610,0,101108|201587|202695|1627826|1642920,1,REG,2026,1610612746,,,,,
22500278567,,Shot Chart Detail,22500278,567,1627826,Ivica Zubac,1610612746,LA Clippers,4,8,6,Made Shot,Turnaround Hook Shot,2PT Field Goal,In The Paint (Non-RA),Center(C),Less Than 8 ft.,5,-59,9,1,1,20251123,CLE,LAC,23940,0,101108|201587|202695|1627826|1642920,1,REG,2026,1610612746,,,,,
22500278578,,Shot Chart Detail,22500278,578,101108,Chris Paul,1610612746,LA Clippers,4,7,0,Made Shot,Driving Finger Roll Layup Shot,2PT Field Goal,Restricted Area,Center(C),Less Than 8 ft.,3,-27,15,1,1,20251123,CLE,LAC,24600,0,101108|201587|202695|1627826|1642920,0,REG,2026,1610612746,,,,,
22500278589,,Shot Chart Detail,22500278,589,202695,Kawhi Leonard,1610612746,LA Clippers,4,5,48,Made Shot,Jump Shot,3PT Field Goal,Above the Break 3,Center(C),24+ ft.,24,40,243,1,1,20251123,CLE,LAC,25320,0,101108|202695|1627826|1628381|1642920,1,REG,2026,1610612746,,,,,
22500278598,,Shot Chart Detail,22500278,598,1627826,Ivica Zubac,1610612746,LA Clippers,4,5,14,Made Shot,Turnaround Hook Shot,2PT Field Goal,Restricted Area,Center(C),Less Than 8 ft.,3,-2,30,1,1,20251123,CLE,LAC,25660,0,101108|201935|202695|1627826|1628381,1,REG,2026,1610612746,,,,,
22500278619,,Shot Chart Detail,22500278,619,1627826,Ivica Zubac,1610612746,LA Clippers,4,4,22,Made Shot,Cutting Dunk Shot,2PT Field Goal,Restricted Area,Center(C),Less Than 8 ft.,0,-9,-2,1,1,20251123,CLE,LAC,26180,0,101108|201935|1627826|1628381|1642920,1,REG,2026,1610612746,,,,,
22500278625,,Shot Chart Detail,22500278,625,1627826,Ivica Zubac,1610612746,LA Clippers,4,3,45,Missed Shot,Turnaround Hook Shot,2PT Field Goal,Restricted Area,Center(C),Less Than 8 ft.,3,-1,32,1,0,20251123,CLE,LAC,26550,0,101108|201935|1627826|1628381|1642920,0,REG,2026,1610612746,,,,,
22500278627,,Shot Chart Detail,22500278,627,1627826,Ivica Zubac,1610612746,LA Clippers,4,3,40,Missed Shot,Tip Layup Shot,2PT Field Goal,Restricted Area,Center(C),Less Than 8 ft.,0,0,0,1,0,20251123,CLE,LAC,26600,0,101108|201935|1627826|1628381|1642920,0,REG,2026,1610612746,,,,,
22500278648,,Shot Chart Detail,22500278,648,1642949,Yanic Konan Niederhäuser,1610612746,LA Clippers,4,3,15,Missed Shot,Alley Oop Layup shot,2PT Field Goal,Restricted Area,Center(C),Less Than 8 ft.,1,0,14,1,0,20251123,CLE,LAC,26850,0,1641738|1642353|1642920|1642949|1643141,0,REG,2026,1610612746,,,,,
22500278645,,Shot Chart Detail,22500278,645,1642353,Cam Christie,1610612746,LA Clippers,4,2,31,Missed Shot,Floating Jump shot,2PT Field Goal,In The Paint (Non-RA),Center(C),8-16 ft.,10,7,104,1,0,20251123,CLE,LAC,27290,0,1641738|1642353|1642920|1642949|1643141,0,REG,2026,1610612746,,,,,
22500278662,,Shot Chart Detail,22500278,662,1642353,Cam Christie,1610612746,LA Clippers,4,2,2,Made Shot,Cutting Dunk Shot,2PT Field Goal,Restricted Area,Center(C),Less Than 8 ft.,0,5,6,1,1,20251123,CLE,LAC,27580,0,1641738|1642353|1642920|1642949|1643141,1,REG,2026,1610612746,,,,,
22500278669,,Shot Chart Detail,22500278,669,1641738,Kobe Brown,1610612746,LA Clippers,4,1,26,Made Shot,Pullup Jump shot,3PT Field Goal,Above the Break 3,Left Side Center(LC),24+ ft.,25,-123,219,1,1,20251123,CLE,LAC,27940,0,1641738|1642353|1642920|1642949|1643141,1,REG,2026,1610612746,,,,,
22500278676,,Shot Chart Detail,22500278,676,1643141,Jahmyl Telfort,1610612746,LA Clippers,4,0,54,Missed Shot,Jump Shot,3PT Field Goal,Above the Break 3,Left Side Center(LC),24+ ft.,25,-147,204,1,0,20251123,CLE,LAC,28260,0,1641738|1642353|1642920|1642949|1643141,0,REG,2026,1610612746,,,,,
22500278688,,Shot Chart Detail,22500278,688,1641738,Kobe Brown,1610612746,LA Clippers,4,0,22,Missed Shot,Jump Shot,3PT Field Goal,Right Corner 3,Right Side(R),24+ ft.,23,230,15,1,0,20251123,CLE,LAC,28580,0,1641738|1642353|1642920|1642949|1643141,0,REG,2026,1610612746,,,,,
