SHOT_ID,video_url,GRID_TYPE,GAME_ID,GAME_EVENT_ID,PLAYER_ID,PLAYER_NAME,TEAM_ID,TEAM_NAME,PERIOD,MINUTES_REMAINING,SECONDS_REMAINING,EVENT_TYPE,ACTION_TYPE,SHOT_TYPE,SHOT_ZONE_BASIC,SHOT_ZONE_AREA,SHOT_ZONE_RANGE,SHOT_DISTANCE,LOC_X,LOC_Y,SHOT_ATTEMPTED_FLAG,SHOT_MADE_FLAG,GAME_DATE,HTM,VTM,time,extra,PLAYERS_ON,assisted,season_type,year_source,team_id,year,month,day,api_game_id,uuid
225000187,,Shot Chart Detail,22500018,7,1630573,Sam Hauser,1610612738,Boston Celtics,1,11,40,Made Shot,Jump Shot,3PT Field Goal,Above the Break 3,Center(C),24+ ft.,25,-56,248,1,1,20251024,NYK,BOS,200,0,1627759|1628401|1629674|1630202|1630573,1,REG,2026,1610612738,,,,,
2250001812,,Shot Chart Detail,22500018,12,1629674,Neemias Queta,1610612738,Boston Celtics,1,11,2,Made Shot,Cutting Layup Shot,2PT Field Goal,Restricted Area,Center(C),Less Than 8 ft.,1,6,9,1,1,20251024,NYK,BOS,580,0,1627759|1628401|1629674|1630202|1630573,1,REG,2026,1610612738,,,,,
2250001835,,Shot Chart Detail,22500018,35,1630202,Payton Pritchard,1610612738,Boston Celtics,1,9,23,Missed Shot,Driving Layup Shot,2PT Field Goal,Restricted Area,Center(C),Less Than 8 ft.,2,-27,0,1,0,20251024,NYK,BOS,1570,0,1627759|1628401|1629674|1630202|1630573,0,REG,2026,1610612738,,,,,
2250001839,,Shot Chart Detail,22500018,39,1627759,Jaylen Brown,1610612738,Boston Celtics,1,9,5,Made Shot,Driving Layup Shot,2PT Field Goal,Restricted Area,Center(C),Less Than 8 ft.,1,-5,17,1,1,20251024,NYK,BOS,1750,0,1627759|1628401|1629674|1630202|1630573,0,REG,2026,1610612738,,,,,
2250001848,,Shot Chart Detail,22500018,48,1628401,Derrick White,1610612738,Boston Celtics,1,8,35,Made Shot,Driving Floating Jump Shot,2PT Field Goal,In The Paint (Non-RA),Center(C),Less Than 8 ft.,4,43,1,1,1,20251024,NYK,BOS,2050,0,1627759|1628401|1629674|1630202|1630573,1,REG,2026,1610612738,,,,,
2250001855,,Shot Chart Detail,22500018,55,1627759,Jaylen Brown,1610612738,Boston Celtics,1,8,8,Missed Shot,Jump Shot,3PT Field Goal,Above the Break 3,Left Side Center(LC),24+ ft.,26,-150,220,1,0,20251024,NYK,BOS,2320,0,1627759|1628401|1629674|1630202|1630573,0,REG,2026,1610612738,,,,,
2250001867,,Shot Chart Detail,22500018,67,1627759,Jaylen Brown,1610612738,Boston Celtics,1,7,26,Made Shot,Fadeaway Jump Shot,2PT Field Goal,In The Paint (Non-RA),Center(C),8-16 ft.,13,26,134,1,1,20251024,NYK,BOS,2740,0,1627759|1628401|1629674|1630202|1630573,0,REG,2026,1610612738,,,,,
2250001870,,Shot Chart Detail,22500018,70,1627759,Jaylen Brown,1610612738,Boston Celtics,1,7,1,Missed Shot,Driving Floating Jump Shot,2PT Field Goal,In The Paint (Non-RA),Center(C),Less Than 8 ft.,7,9,72,1,0,20251024,NYK,BOS,2990,0,1627759|1628401|1629674|1630202|1630573,0,REG,2026,1610612738,,,,,
2250001872,,Shot Chart Detail,22500018,72,1628401,Derrick White,1610612738,Boston Celtics,1,6,55,Missed Shot,Jump Shot,3PT Field Goal,Above the Break 3,Right Side Center(RC),24+ ft.,24,148,201,1,0,20251024,NYK,BOS,3050,0,1627759|1628401|1629674|1630202|1630573,0,REG,2026,1610612738,,,,,
2250001876,,Shot Chart Detail,22500018,76,1629674,Neemias Queta,1610612738,Boston Celtics,1,6,34,Made Shot,Cutting Dunk Shot,2PT Field Goal,Restricted Area,Center(C),Less Than 8 ft.,0,-4,0,1,1,20251024,NYK,BOS,3260,0,1627759|1628401|1629674|1630202|1630573,1,REG,2026,1610612738,,,,,
2250001880,,Shot Chart Detail,22500018,80,1630202,Payton Pritchard,1610612738,Boston Celtics,1,6,0,Missed Shot,Jump Shot,3PT Field Goal,Above the Break 3,Right Side Center(RC),24+ ft.,25,205,155,1,0,20251024,NYK,BOS,3600,0,1627759|1628401|1629674|1630202|1630573,0,REG,2026,1610612738,,,,,
22500018109,,Shot Chart Detail,22500018,109,1628449,Chris Boucher,1610612738,Boston Celtics,1,5,4,Missed Shot,Pullup Jump shot,2PT Field Goal,Mid-Range,Left Side Center(LC),16-24 ft.,17,-100,147,1,0,20251024,NYK,BOS,4160,0,1628449|1629014|1630214|1631248|1642864,0,REG,2026,1610612738,,,,,
22500018111,,Shot Chart Detail,22500018,111,1629014,Anfernee Simons,1610612738,Boston Celtics,1,5,0,Missed Shot,Jump Shot,3PT Field Goal,Above the Break 3,Left Side Center(LC),24+ ft.,24,-104,227,1,0,20251024,NYK,BOS,4200,0,1628449|1629014|1630214|1631248|1642864,0,REG,2026,1610612738,,,,,
22500018119,,Shot Chart Detail,22500018,119,1642864,Hugo González,1610612738,Boston Celtics,1,4,17,Made Shot,Driving Layup Shot,2PT Field Goal,Restricted Area,Center(C),Less Than 8 ft.,0,-2,9,1,1,20251024,NYK,BOS,4630,0,1628449|1629014|1630214|1631248|1642864,0,REG,2026,1610612738,,,,,
22500018122,,Shot Chart Detail,22500018,122,1629014,Anfernee Simons,1610612738,Boston Celtics,1,3,51,Made Shot,Step Back Jump shot,2PT Field Goal,Mid-Range,Right Side Center(RC),16-24 ft.,17,105,142,1,1,20251024,NYK,BOS,4890,0,1628449|1629014|1630214|1631248|1642864,0,REG,2026,1610612738,,,,,
22500018132,,Shot Chart Detail,22500018,132,1628449,Chris Boucher,1610612738,Boston Celtics,1,3,4,Missed Shot,Pullup Jump shot,3PT Field Goal,Above the Break 3,Center(C),24+ ft.,26,18,267,1,0,20251024,NYK,BOS,5360,0,1628449|1629014|1630214|1631248|1642864,0,REG,2026,1610612738,,,,,
22500018137,,Shot Chart Detail,22500018,137,1642864,Hugo González,1610612738,Boston Celtics,1,2,38,Missed Shot,Step Back Jump shot,3PT Field Goal,Left Corner 3,Left Side(L),24+ ft.,22,-228,-8,1,0,20251024,NYK,BOS,5620,0,1628449|1629014|1630214|1631248|1642864,0,REG,2026,1610612738,,,,,
22500018139,,Shot Chart Detail,22500018,139,1630214,Xavier Tillman,1610612738,Boston Celtics,1,2,34,Made Shot,Floating Jump shot,2PT Field Goal,Restricted Area,Center(C),Less Than 8 ft.,3,33,15,1,1,20251024,NYK,BOS,5660,0,1628449|1629014|1630214|1631248|1642864,0,REG,2026,1610612738,,,,,
22500018142,,Shot Chart Detail,22500018,142,1628449,Chris Boucher,1610612738,Boston Celtics,1,2,11,Missed Shot,Jump Shot,3PT Field Goal,Right Corner 3,Right Side(R),24+ ft.,23,237,24,1,0,20251024,NYK,BOS,5890,0,1628449|1629014|1630214|1631248|1642864,0,REG,2026,1610612738,,,,,
22500018151,,Shot Chart Detail,22500018,151,1630214,Xavier Tillman,1610612738,Boston Celtics,1,1,38,Made Shot,Jump Shot,3PT Field Goal,Above the Break 3,Left Side Center(LC),24+ ft.,24,-119,216,1,1,20251024,NYK,BOS,6220,0,1627759|1628449|1629014|1630214|1642864,1,REG,2026,1610612738,,,,,
22500018156,,Shot Chart Detail,22500018,156,1627759,Jaylen Brown,1610612738,Boston Celtics,1,0,49,Made Shot,Pullup Jump shot,3PT Field Goal,Above the Break 3,Center(C),24+ ft.,25,43,252,1,1,20251024,NYK,BOS,6710,0,1627759|1628449|1629014|1630214|1642864,0,REG,2026,1610612738,,,,,
22500018161,,Shot Chart Detail,22500018,161,1629014,Anfernee Simons,1610612738,Boston Celtics,1,0,17,Made Shot,Jump Shot,3PT Field Goal,Above the Break 3,Left Side Center(LC),24+ ft.,24,-162,184,1,1,20251024,NYK,BOS,7030,0,1627759|1628449|1629014|1630214|1642864,1,REG,2026,1610612738,,,,,
22500018178,,Shot Chart Detail,22500018,178,1628401,Derrick White,1610612738,Boston Celtics,2,11,15,Missed Shot,Driving Floating Jump Shot,2PT Field Goal,In The Paint (Non-RA),Center(C),Less Than 8 ft.,6,56,35,1,0,20251024,NYK,BOS,7650,0,1627759|1628401|1628449|1629014|1641775,0,REG,2026,1610612738,,,,,
22500018187,,Shot Chart Detail,22500018,187,1629014,Anfernee Simons,1610612738,Boston Celtics,2,10,41,Missed Shot,Jump Shot,3PT Field Goal,Above the Break 3,Center(C),24+ ft.,26,-15,261,1,0,20251024,NYK,BOS,7990,0,1627759|1628401|1628449|1629014|1641775,0,REG,2026,1610612738,,,,,
22500018189,,Shot Chart Detail,22500018,189,1627759,Jaylen Brown,1610612738,Boston Celtics,2,10,35,Missed Shot,Step Back Jump shot,3PT Field Goal,Left Corner 3,Left Side(L),24+ ft.,23,-234,-11,1,0,20251024,NYK,BOS,8050,0,1627759|1628401|1628449|1629014|1641775,0,REG,2026,1610612738,,,,,
22500018198,,Shot Chart Detail,22500018,198,1630202,Payton Pritchard,1610612738,Boston Celtics,2,9,41,Missed Shot,Jump Shot,3PT Field Goal,Above the Break 3,Center(C),24+ ft.,26,-25,264,1,0,20251024,NYK,BOS,8590,0,1627759|1628401|1628449|1629014|1630202,0,REG,2026,1610612738,,,,,
22500018206,,Shot Chart Detail,22500018,206,1630202,Payton Pritchard,1610612738,Boston Celtics,2,9,5,Missed Shot,Jump Shot,3PT Field Goal,Above the Break 3,Left Side Center(LC),24+ ft.,26,-83,248,1,0,20251024,NYK,BOS,8950,0,1627759|1628401|1629014|1629674|1630202,0,REG,2026,1610612738,,,,,
22500018211,,Shot Chart Detail,22500018,211,1628401,Derrick White,1610612738,Boston Celtics,2,8,38,Missed Shot,Pullup Jump shot,2PT Field Goal,In The Paint (Non-RA),Center(C),8-16 ft.,12,-61,111,1,0,20251024,NYK,BOS,9220,0,1628401|1629014|1629674|1630202|1630573,0,REG,2026,1610612738,,,,,
22500018214,,Shot Chart Detail,22500018,214,1630573,Sam Hauser,1610612738,Boston Celtics,2,8,29,Made Shot,Jump Shot,3PT Field Goal,Above the Break 3,Left Side Center(LC),24+ ft.,24,-98,225,1,1,20251024,NYK,BOS,9310,0,1628401|1629014|1629674|1630202|1630573,1,REG,2026,1610612738,,,,,
22500018221,,Shot Chart Detail,22500018,221,1628401,Derrick White,1610612738,Boston Celtics,2,7,48,Made Shot,Jump Shot,3PT Field Goal,Left Corner 3,Left Side(L),24+ ft.,23,-229,45,1,1,20251024,NYK,BOS,9720,0,1628401|1629014|1629674|1630202|1630573,1,REG,2026,1610612738,,,,,
22500018227,,Shot Chart Detail,22500018,227,1628401,Derrick White,1610612738,Boston Celtics,2,7,18,Missed Shot,Pullup Jump shot,3PT Field Goal,Above the Break 3,Center(C),24+ ft.,25,-71,247,1,0,20251024,NYK,BOS,10020,0,1628401|1629014|1629674|1630202|1630573,0,REG,2026,1610612738,,,,,
22500018231,,Shot Chart Detail,22500018,231,1628401,Derrick White,1610612738,Boston Celtics,2,7,0,Missed Shot,Running Layup Shot,2PT Field Goal,Restricted Area,Center(C),Less Than 8 ft.,3,20,32,1,0,20251024,NYK,BOS,10200,0,1628401|1629014|1629674|1630202|1630573,0,REG,2026,1610612738,,,,,
22500018240,,Shot Chart Detail,22500018,240,1629674,Neemias Queta,1610612738,Boston Celtics,2,6,20,Missed Shot,Driving Floating Jump Shot,2PT Field Goal,In The Paint (Non-RA),Center(C),8-16 ft.,12,-60,105,1,0,20251024,NYK,BOS,10600,0,1628401|1629014|1629674|1630202|1630573,0,REG,2026,1610612738,,,,,
22500018277,,Shot Chart Detail,22500018,277,1630573,Sam Hauser,1610612738,Boston Celtics,2,4,37,Missed Shot,Pullup Jump shot,3PT Field Goal,Above the Break 3,Center(C),24+ ft.,25,-51,252,1,0,20251024,NYK,BOS,11630,0,1627759|1630202|1630214|1630573|1642864,0,REG,2026,1610612738,,,,,
22500018284,,Shot Chart Detail,22500018,284,1629014,Anfernee Simons,1610612738,Boston Celtics,2,4,5,Missed Shot,Jump Shot,3PT Field Goal,Above the Break 3,Right Side Center(RC),24+ ft.,27,195,197,1,0,20251024,NYK,BOS,11950,0,1627759|1629014|1630202|1630214|1630573,0,REG,2026,1610612738,,,,,
22500018309,,Shot Chart Detail,22500018,309,1630573,Sam Hauser,1610612738,Boston Celtics,2,2,51,Made Shot,Jump Shot,3PT Field Goal,Above the Break 3,Left Side Center(LC),24+ ft.,24,-93,231,1,1,20251024,NYK,BOS,12690,0,1627759|1629014|1630202|1630214|1630573,1,REG,2026,1610612738,,,,,
22500018313,,Shot Chart Detail,22500018,313,1630214,Xavier Tillman,1610612738,Boston Celtics,2,2,21,Made Shot,Layup Shot,2PT Field Goal,Restricted Area,Center(C),Less Than 8 ft.,1,11,11,1,1,20251024,NYK,BOS,12990,0,1627759|1629014|1630202|1630214|1630573,1,REG,2026,1610612738,,,,,
22500018319,,Shot Chart Detail,22500018,319,1630573,Sam Hauser,1610612738,Boston Celtics,2,2,0,Missed Shot,Jump Shot,3PT Field Goal,Above the Break 3,Right Side Center(RC),24+ ft.,26,190,182,1,0,20251024,NYK,BOS,13200,0,1627759|1629014|1630202|1630214|1630573,0,REG,2026,1610612738,,,,,
22500018329,,Shot Chart Detail,22500018,329,1630202,Payton Pritchard,1610612738,Boston Celtics,2,1,30,Missed Shot,Step Back Jump shot,3PT Field Goal,Above the Break 3,Center(C),24+ ft.,24,-21,247,1,0,20251024,NYK,BOS,13500,0,1627759|1629014|1630202|1630214|1630573,0,REG,2026,1610612738,,,,,
22500018354,,Shot Chart Detail,22500018,354,1627759,Jaylen Brown,1610612738,Boston Celtics,2,0,0,Missed Shot,Driving Floating Jump Shot,2PT Field Goal,In The Paint (Non-RA),Center(C),Less Than 8 ft.,7,-9,78,1,0,20251024,NYK,BOS,14400,0,1627759|1629014|1630202|1630214|1630573,0,REG,2026,1610612738,,,,,
22500018374,,Shot Chart Detail,22500018,374,1630573,Sam Hauser,1610612738,Boston Celtics,3,11,10,Made Shot,Jump Shot,3PT Field Goal,Above the Break 3,Left Side Center(LC),24+ ft.,26,-217,146,1,1,20251024,NYK,BOS,14900,0,1627759|1628401|1629674|1630202|1630573,1,REG,2026,1610612738,,,,,
22500018378,,Shot Chart Detail,22500018,378,1629674,Neemias Queta,1610612738,Boston Celtics,3,10,38,Made Shot,Hook Shot,2PT Field Goal,In The Paint (Non-RA),Center(C),Less Than 8 ft.,4,-5,49,1,1,20251024,NYK,BOS,15220,0,1627759|1628401|1629674|1630202|1630573,1,REG,2026,1610612738,,,,,
22500018382,,Shot Chart Detail,22500018,382,1627759,Jaylen Brown,1610612738,Boston Celtics,3,10,5,Missed Shot,Jump Shot,3PT Field Goal,Above the Break 3,Left Side Center(LC),24+ ft.,26,-227,146,1,0,20251024,NYK,BOS,15550,0,1627759|1628401|1629674|1630202|1630573,0,REG,2026,1610612738,,,,,
22500018386,,Shot Chart Detail,22500018,386,1630573,Sam Hauser,1610612738,Boston Celtics,3,9,33,Made Shot,Jump Shot,3PT Field Goal,Above the Break 3,Center(C),24+ ft.,31,82,305,1,1,20251024,NYK,BOS,15870,0,1627759|1628401|1629674|1630202|1630573,1,REG,2026,1610612738,,,,,
22500018392,,Shot Chart Detail,22500018,392,1627759,Jaylen Brown,1610612738,Boston Celtics,3,8,54,Missed Shot,Pullup Jump shot,2PT Field Goal,Mid-Range,Left Side Center(LC),16-24 ft.,18,-85,168,1,0,20251024,NYK,BOS,16260,0,1627759|1628401|1629674|1630202|1630573,0,REG,2026,1610612738,,,,,
22500018395,,Shot Chart Detail,22500018,395,1630202,Payton Pritchard,1610612738,Boston Celtics,3,8,21,Made Shot,Step Back Jump shot,2PT Field Goal,Mid-Range,Right Side(R),8-16 ft.,11,104,43,1,1,20251024,NYK,BOS,16590,0,1627759|1628401|1629674|1630202|1630573,0,REG,2026,1610612738,,,,,
22500018400,,Shot Chart Detail,22500018,400,1627759,Jaylen Brown,1610612738,Boston Celtics,3,7,33,Made Shot,Fadeaway Jump Shot,2PT Field Goal,In The Paint (Non-RA),Center(C),8-16 ft.,15,-75,137,1,1,20251024,NYK,BOS,17070,0,1627759|1628401|1629674|1630202|1630573,0,REG,2026,1610612738,,,,,
22500018408,,Shot Chart Detail,22500018,408,1628401,Derrick White,1610612738,Boston Celtics,3,6,44,Missed Shot,Jump Shot,3PT Field Goal,Above the Break 3,Left Side Center(LC),24+ ft.,26,-174,200,1,0,20251024,NYK,BOS,17560,0,1627759|1628401|1629014|1630214|1630573,0,REG,2026,1610612738,,,,,
22500018421,,Shot Chart Detail,22500018,421,1630573,Sam Hauser,1610612738,Boston Celtics,3,5,31,Missed Shot,Running Jump Shot,3PT Field Goal,Above the Break 3,Center(C),24+ ft.,26,-21,263,1,0,20251024,NYK,BOS,18290,0,1627759|1628401|1629014|1630214|1630573,0,REG,2026,1610612738,,,,,
22500018427,,Shot Chart Detail,22500018,427,1629014,Anfernee Simons,1610612738,Boston Celtics,3,5,3,Made Shot,Driving Layup Shot,2PT Field Goal,Restricted Area,Center(C),Less Than 8 ft.,2,-6,20,1,1,20251024,NYK,BOS,18570,0,1627759|1628401|1629014|1630214|1630573,0,REG,2026,1610612738,,,,,
22500018438,,Shot Chart Detail,22500018,438,1627759,Jaylen Brown,1610612738,Boston Celtics,3,4,20,Made Shot,Jump Shot,3PT Field Goal,Above the Break 3,Left Side Center(LC),24+ ft.,26,-140,221,1,1,20251024,NYK,BOS,19000,0,1627759|1628401|1629014|1630214|1642864,1,REG,2026,1610612738,,,,,
22500018455,,Shot Chart Detail,22500018,455,1627759,Jaylen Brown,1610612738,Boston Celtics,3,3,37,Made Shot,Driving Layup Shot,2PT Field Goal,Restricted Area,Center(C),Less Than 8 ft.,2,-4,25,1,1,20251024,NYK,BOS,19430,0,1627759|1628401|1628449|1629014|1642864,1,REG,2026,1610612738,,,,,
22500018458,,Shot Chart Detail,22500018,458,1629014,Anfernee Simons,1610612738,Boston Celtics,3,2,45,Missed Shot,Pullup Jump shot,2PT Field Goal,In The Paint (Non-RA),Right Side(R),8-16 ft.,10,78,75,1,0,20251024,NYK,BOS,19950,0,1627759|1628401|1628449|1629014|1642864,0,REG,2026,1610612738,,,,,
22500018462,,Shot Chart Detail,22500018,462,1628401,Derrick White,1610612738,Boston Celtics,3,2,32,Missed Shot,Running Jump Shot,3PT Field Goal,Above the Break 3,Left Side Center(LC),24+ ft.,25,-208,141,1,0,20251024,NYK,BOS,20080,0,1627759|1628401|1628449|1629014|1642864,0,REG,2026,1610612738,,,,,
22500018476,,Shot Chart Detail,22500018,476,1642864,Hugo González,1610612738,Boston Celtics,3,2,0,Made Shot,Driving Layup Shot,2PT Field Goal,Restricted Area,Center(C),Less Than 8 ft.,1,-9,10,1,1,20251024,NYK,BOS,20400,0,1627759|1628449|1629014|1630202|1642864,0,REG,2026,1610612738,,,,,
22500018487,,Shot Chart Detail,22500018,487,1630202,Payton Pritchard,1610612738,Boston Celtics,3,0,52,Missed Shot,Running Pull-Up Jump Shot,3PT Field Goal,Above the Break 3,Left Side Center(LC),24+ ft.,25,-145,212,1,0,20251024,NYK,BOS,21080,0,1627759|1628449|1629014|1630202|1642864,0,REG,2026,1610612738,,,,,
22500018493,,Shot Chart Detail,22500018,493,1627759,Jaylen Brown,1610612738,Boston Celtics,3,0,38,Missed Shot,Fadeaway Jump Shot,2PT Field Goal,Mid-Range,Left Side Center(LC),16-24 ft.,16,-77,141,1,0,20251024,NYK,BOS,21220,0,1627759|1628449|1629014|1630202|1642864,0,REG,2026,1610612738,,,,,
22500018500,,Shot Chart Detail,22500018,500,1642864,Hugo González,1610612738,Boston Celtics,3,0,21,Missed Shot,Running Layup Shot,2PT Field Goal,Restricted Area,Center(C),Less Than 8 ft.,2,2,21,1,0,20251024,NYK,BOS,21390,0,1627759|1628449|1629014|1630202|1642864,0,REG,2026,1610612738,,,,,
22500018513,,Shot Chart Detail,22500018,513,1627759,Jaylen Brown,1610612738,Boston Celtics,3,0,1,Missed Shot,Pullup Jump shot,2PT Field Goal,Mid-Range,Center(C),8-16 ft.,14,-32,144,1,0,20251024,NYK,BOS,21590,0,1627759|1629014|1630202|1630573|1642864,0,REG,2026,1610612738,,,,,
22500018527,,Shot Chart Detail,22500018,527,1630202,Payton Pritchard,1610612738,Boston Celtics,4,11,42,Made Shot,Jump Shot,3PT Field Goal,Above the Break 3,Center(C),24+ ft.,25,66,251,1,1,20251024,NYK,BOS,21780,0,1628401|1628449|1629014|1630202|1642864,1,REG,2026,1610612738,,,,,
22500018535,,Shot Chart Detail,22500018,535,1628401,Derrick White,1610612738,Boston Celtics,4,10,57,Missed Shot,Driving Floating Jump Shot,2PT Field Goal,In The Paint (Non-RA),Right Side(R),8-16 ft.,9,74,58,1,0,20251024,NYK,BOS,22230,0,1628401|1628449|1629014|1630202|1642864,0,REG,2026,1610612738,,,,,
22500018537,,Shot Chart Detail,22500018,537,1642864,Hugo González,1610612738,Boston Celtics,4,10,52,Made Shot,Tip Layup Shot,2PT Field Goal,Restricted Area,Center(C),Less Than 8 ft.,0,0,0,1,1,20251024,NYK,BOS,22280,0,1628401|1628449|1629014|1630202|1642864,0,REG,2026,1610612738,,,,,
22500018540,,Shot Chart Detail,22500018,540,1629014,Anfernee Simons,1610612738,Boston Celtics,4,10,29,Missed Shot,Running Layup Shot,2PT Field Goal,Restricted Area,Center(C),Less Than 8 ft.,2,-17,12,1,0,20251024,NYK,BOS,22510,0,1628401|1628449|1629014|1630202|1642864,0,REG,2026,1610612738,,,,,
22500018553,,Shot Chart Detail,22500018,553,1629014,Anfernee Simons,1610612738,Boston Celtics,4,10,1,Made Shot,Fadeaway Jump Shot,2PT Field Goal,In The Paint (Non-RA),Right Side(R),8-16 ft.,13,66,113,1,1,20251024,NYK,BOS,22790,0,1628401|1628449|1629014|1630202|1642864,0,REG,2026,1610612738,,,,,
22500018572,,Shot Chart Detail,22500018,572,1628401,Derrick White,1610612738,Boston Celtics,4,8,48,Missed Shot,Running Jump Shot,3PT Field Goal,Above the Break 3,Left Side Center(LC),24+ ft.,26,-98,251,1,0,20251024,NYK,BOS,23520,0,1628401|1628449|1629014|1630202|1642864,0,REG,2026,1610612738,,,,,
22500018581,,Shot Chart Detail,22500018,581,1629674,Neemias Queta,1610612738,Boston Celtics,4,8,17,Missed Shot,Driving Floating Jump Shot,2PT Field Goal,Mid-Range,Center(C),8-16 ft.,15,6,157,1,0,20251024,NYK,BOS,23830,0,1628401|1629674|1630202|1630573|1642864,0,REG,2026,1610612738,,,,,
22500018585,,Shot Chart Detail,22500018,585,1628401,Derrick White,1610612738,Boston Celtics,4,7,58,Missed Shot,Running Pull-Up Jump Shot,3PT Field Goal,Above the Break 3,Left Side Center(LC),24+ ft.,28,-107,259,1,0,20251024,NYK,BOS,24020,0,1628401|1629674|1630202|1630573|1642864,0,REG,2026,1610612738,,,,,
22500018597,,Shot Chart Detail,22500018,597,1630573,Sam Hauser,1610612738,Boston Celtics,4,7,36,Missed Shot,Jump Shot,3PT Field Goal,Above the Break 3,Left Side Center(LC),24+ ft.,26,-146,216,1,0,20251024,NYK,BOS,24240,0,1628401|1629674|1630202|1630573|1642864,0,REG,2026,1610612738,,,,,
22500018600,,Shot Chart Detail,22500018,600,1630202,Payton Pritchard,1610612738,Boston Celtics,4,7,16,Missed Shot,Jump Shot,3PT Field Goal,Above the Break 3,Left Side Center(LC),24+ ft.,27,-224,151,1,0,20251024,NYK,BOS,24440,0,1628401|1629674|1630202|1630573|1642864,0,REG,2026,1610612738,,,,,
22500018602,,Shot Chart Detail,22500018,602,1630573,Sam Hauser,1610612738,Boston Celtics,4,7,10,Made Shot,Pullup Jump shot,3PT Field Goal,Above the Break 3,Left Side Center(LC),24+ ft.,25,-181,183,1,1,20251024,NYK,BOS,24500,0,1628401|1629674|1630202|1630573|1642864,1,REG,2026,1610612738,,,,,
22500018611,,Shot Chart Detail,22500018,611,1628401,Derrick White,1610612738,Boston Celtics,4,6,38,Missed Shot,Jump Shot,3PT Field Goal,Right Corner 3,Right Side(R),24+ ft.,23,230,29,1,0,20251024,NYK,BOS,24820,0,1627759|1628401|1630202|1630573|1642864,0,REG,2026,1610612738,,,,,
22500018617,,Shot Chart Detail,22500018,617,1628401,Derrick White,1610612738,Boston Celtics,4,6,0,Made Shot,Jump Shot,3PT Field Goal,Right Corner 3,Right Side(R),24+ ft.,23,232,23,1,1,20251024,NYK,BOS,25200,0,1627759|1628401|1630202|1630573|1642864,1,REG,2026,1610612738,,,,,
22500018632,,Shot Chart Detail,22500018,632,1627759,Jaylen Brown,1610612738,Boston Celtics,4,5,13,Made Shot,Driving Floating Jump Shot,2PT Field Goal,Restricted Area,Center(C),Less Than 8 ft.,3,-2,36,1,1,20251024,NYK,BOS,25670,0,1627759|1628401|1630202|1630573|1642864,0,REG,2026,1610612738,,,,,
22500018641,,Shot Chart Detail,22500018,641,1627759,Jaylen Brown,1610612738,Boston Celtics,4,4,43,Missed Shot,Jump Shot,3PT Field Goal,Above the Break 3,Left Side Center(LC),24+ ft.,26,-184,194,1,0,20251024,NYK,BOS,25970,0,1627759|1628401|1629674|1630202|1642864,0,REG,2026,1610612738,,,,,
22500018645,,Shot Chart Detail,22500018,645,1628401,Derrick White,1610612738,Boston Celtics,4,4,12,Missed Shot,Pullup Jump shot,3PT Field Goal,Above the Break 3,Left Side Center(LC),24+ ft.,25,-188,174,1,0,20251024,NYK,BOS,26280,0,1627759|1628401|1629674|1630202|1642864,0,REG,2026,1610612738,,,,,
22500018656,,Shot Chart Detail,22500018,656,1628401,Derrick White,1610612738,Boston Celtics,4,3,40,Missed Shot,Tip Layup Shot,2PT Field Goal,Restricted Area,Center(C),Less Than 8 ft.,0,0,0,1,0,20251024,NYK,BOS,26600,0,1627759|1628401|1629674|1630202|1642864,0,REG,2026,1610612738,,,,,
22500018669,,Shot Chart Detail,22500018,669,1627759,Jaylen Brown,1610612738,Boston Celtics,4,2,32,Made Shot,Driving Layup Shot,2PT Field Goal,Restricted Area,Center(C),Less Than 8 ft.,1,-12,13,1,1,20251024,NYK,BOS,27280,0,1627759|1628401|1629674|1630202|1642864,0,REG,2026,1610612738,,,,,
22500018672,,Shot Chart Detail,22500018,672,1628401,Derrick White,1610612738,Boston Celtics,4,2,0,Made Shot,Driving Dunk Shot,2PT Field Goal,Restricted Area,Center(C),Less Than 8 ft.,1,-1,15,1,1,20251024,NYK,BOS,27600,0,1627759|1628401|1629674|1630202|1642864,0,REG,2026,1610612738,,,,,
22500018680,,Shot Chart Detail,22500018,680,1627759,Jaylen Brown,1610612738,Boston Celtics,4,1,45,Made Shot,Pullup Jump shot,3PT Field Goal,Above the Break 3,Right Side Center(RC),24+ ft.,27,125,249,1,1,20251024,NYK,BOS,27750,0,1627759|1628401|1629674|1630202|1630573,0,REG,2026,1610612738,,,,,
22500018682,,Shot Chart Detail,22500018,682,1628401,Derrick White,1610612738,Boston Celtics,4,1,14,Made Shot,Jump Shot,3PT Field Goal,Above the Break 3,Left Side Center(LC),24+ ft.,26,-96,251,1,1,20251024,NYK,BOS,28060,0,1627759|1628401|1629674|1630202|1630573,1,REG,2026,1610612738,,,,,
22500018706,,Shot Chart Detail,22500018,706,1630202,Payton Pritchard,1610612738,Boston Celtics,4,0,29,Missed Shot,Pullup Jump shot,2PT Field Goal,In The Paint (Non-RA),Center(C),8-16 ft.,8,-4,86,1,0,20251024,NYK,BOS,28510,0,1630202|1631248|1641775|1642864|1642873,0,REG,2026,1610612738,,,,,
22500018708,,Shot Chart Detail,22500018,708,1642864,Hugo González,1610612738,Boston Celtics,4,0,24,Missed Shot,Jump Shot,3PT Field Goal,Above the Break 3,Left Side Center(LC),24+ ft.,26,-159,217,1,0,20251024,NYK,BOS,28560,0,1630202|1631248|1641775|1642864|1642873,0,REG,2026,1610612738,,,,,
225000217,,Shot Chart Detail,22500021,7,1627759,Jaylen Brown,1610612738,Boston Celtics,1,11,40,Missed Shot,Pullup Jump shot,3PT Field Goal,Above the Break 3,Center(C),24+ ft.,26,58,258,1,0,20251031,PHI,BOS,200,0,1627759|1628401|1629674|1630202|1631169,0,REG,2026,1610612738,,,,,
225000219,,Shot Chart Detail,22500021,9,1630202,Payton Pritchard,1610612738,Boston Celtics,1,11,27,Made Shot,Turnaround Fadeaway shot,2PT Field Goal,Mid-Range,Right Side Center(RC),16-24 ft.,19,72,179,1,1,20251031,PHI,BOS,330,0,1627759|1628401|1629674|1630202|1631169,0,REG,2026,1610612738,,,,,
2250002112,,Shot Chart Detail,22500021,12,1630202,Payton Pritchard,1610612738,Boston Celtics,1,11,6,Made Shot,Running Pull-Up Jump Shot,2PT Field Goal,In The Paint (Non-RA),Center(C),8-16 ft.,12,0,125,1,1,20251031,PHI,BOS,540,0,1627759|1628401|1629674|1630202|1631169,0,REG,2026,1610612738,,,,,
2250002119,,Shot Chart Detail,22500021,19,1630202,Payton Pritchard,1610612738,Boston Celtics,1,10,14,Made Shot,Pullup Jump shot,2PT Field Goal,Mid-Range,Center(C),16-24 ft.,18,13,183,1,1,20251031,PHI,BOS,1060,0,1627759|1628401|1629674|1630202|1631169,0,REG,2026,1610612738,,,,,
2250002126,,Shot Chart Detail,22500021,26,1631169,Josh Minott,1610612738,Boston Celtics,1,9,25,Missed Shot,Jump Shot,3PT Field Goal,Above the Break 3,Left Side Center(LC),24+ ft.,27,-124,248,1,0,20251031,PHI,BOS,1550,0,1627759|1628401|1629674|1630202|1631169,0,REG,2026,1610612738,,,,,
2250002131,,Shot Chart Detail,22500021,31,1627759,Jaylen Brown,1610612738,Boston Celtics,1,8,54,Made Shot,Jump Shot,3PT Field Goal,Above the Break 3,Center(C),24+ ft.,25,48,253,1,1,20251031,PHI,BOS,1860,0,1627759|1628401|1629674|1630202|1631169,1,REG,2026,1610612738,,,,,
2250002139,,Shot Chart Detail,22500021,39,1627759,Jaylen Brown,1610612738,Boston Celtics,1,8,21,Made Shot,Step Back Jump shot,2PT Field Goal,Mid-Range,Center(C),16-24 ft.,19,20,189,1,1,20251031,PHI,BOS,2190,0,1627759|1628401|1629674|1630202|1631169,1,REG,2026,1610612738,,,,,
2250002144,,Shot Chart Detail,22500021,44,1627759,Jaylen Brown,1610612738,Boston Celtics,1,7,26,Made Shot,Turnaround Fadeaway shot,2PT Field Goal,Mid-Range,Left Side Center(LC),16-24 ft.,16,-89,138,1,1,20251031,PHI,BOS,2740,0,1627759|1628401|1629674|1630202|1631169,1,REG,2026,1610612738,,,,,
2250002155,,Shot Chart Detail,22500021,55,1630202,Payton Pritchard,1610612738,Boston Celtics,1,6,42,Made Shot,Pullup Jump shot,2PT Field Goal,In The Paint (Non-RA),Center(C),8-16 ft.,12,55,107,1,1,20251031,PHI,BOS,3180,0,1627759|1628401|1629674|1630202|1630573,0,REG,2026,1610612738,,,,,
2250002167,,Shot Chart Detail,22500021,67,1630573,Sam Hauser,1610612738,Boston Celtics,1,6,17,Missed Shot,Jump Shot,3PT Field Goal,Above the Break 3,Left Side Center(LC),24+ ft.,25,-147,209,1,0,20251031,PHI,BOS,3430,0,1627759|1629014|1630202|1630568|1630573,0,REG,2026,1610612738,,,,,
2250002173,,Shot Chart Detail,22500021,73,1627759,Jaylen Brown,1610612738,Boston Celtics,1,5,43,Made Shot,Step Back Jump shot,2PT Field Goal,Mid-Range,Center(C),16-24 ft.,19,-31,189,1,1,20251031,PHI,BOS,3770,0,1627759|1629014|1630202|1630568|1630573,1,REG,2026,1610612738,,,,,
2250002176,,Shot Chart Detail,22500021,76,1630573,Sam Hauser,1610612738,Boston Celtics,1,5,18,Missed Shot,Jump Shot,3PT Field Goal,Above the Break 3,Left Side Center(LC),24+ ft.,27,-115,253,1,0,20251031,PHI,BOS,4020,0,1627759|1629014|1630202|1630568|1630573,0,REG,2026,1610612738,,,,,
2250002180,,Shot Chart Detail,22500021,80,1629014,Anfernee Simons,1610612738,Boston Celtics,1,4,58,Missed Shot,Driving Floating Jump Shot,2PT Field Goal,In The Paint (Non-RA),Center(C),8-16 ft.,8,-1,80,1,0,20251031,PHI,BOS,4220,0,1627759|1629014|1630202|1630568|1630573,0,REG,2026,1610612738,,,,,
2250002184,,Shot Chart Detail,22500021,84,1630202,Payton Pritchard,1610612738,Boston Celtics,1,4,37,Missed Shot,Jump Shot,3PT Field Goal,Above the Break 3,Center(C),24+ ft.,25,-5,257,1,0,20251031,PHI,BOS,4430,0,1627759|1629014|1630202|1630568|1630573,0,REG,2026,1610612738,,,,,
2250002186,,Shot Chart Detail,22500021,86,1627759,Jaylen Brown,1610612738,Boston Celtics,1,4,28,Made Shot,Driving Layup Shot,2PT Field Goal,Restricted Area,Center(C),Less Than 8 ft.,2,18,11,1,1,20251031,PHI,BOS,4520,0,1627759|1629014|1630202|1630568|1630573,0,REG,2026,1610612738,,,,,
2250002194,,Shot Chart Detail,22500021,94,1629014,Anfernee Simons,1610612738,Boston Celtics,1,4,2,Made Shot,Driving Finger Roll Layup Shot,2PT Field Goal,Restricted Area,Center(C),Less Than 8 ft.,3,29,16,1,1,20251031,PHI,BOS,4780,0,1627759|1629014|1630202|1630568|1630573,0,REG,2026,1610612738,,,,,
2250002197,,Shot Chart Detail,22500021,97,1629014,Anfernee Simons,1610612738,Boston Celtics,1,3,46,Made Shot,Running Jump Shot,3PT Field Goal,Left Corner 3,Left Side(L),24+ ft.,24,-229,83,1,1,20251031,PHI,BOS,4940,0,1627759|1629014|1630202|1630568|1630573,1,REG,2026,1610612738,,,,,
22500021101,,Shot Chart Detail,22500021,101,1627759,Jaylen Brown,1610612738,Boston Celtics,1,3,29,Made Shot,Running Layup Shot,2PT Field Goal,Restricted Area,Center(C),Less Than 8 ft.,1,13,4,1,1,20251031,PHI,BOS,5110,0,1627759|1629014|1630202|1630568|1630573,0,REG,2026,1610612738,,,,,
22500021106,,Shot Chart Detail,22500021,106,1627759,Jaylen Brown,1610612738,Boston Celtics,1,2,52,Made Shot,Pullup Jump shot,2PT Field Goal,Mid-Range,Left Side Center(LC),16-24 ft.,19,-136,142,1,1,20251031,PHI,BOS,5480,0,1627759|1629014|1630202|1630568|1630573,0,REG,2026,1610612738,,,,,
22500021120,,Shot Chart Detail,22500021,120,1628401,Derrick White,1610612738,Boston Celtics,1,2,12,Made Shot,Jump Shot,3PT Field Goal,Right Corner 3,Right Side(R),24+ ft.,24,230,79,1,1,20251031,PHI,BOS,5880,0,1628401|1629014|1629674|1630573|1642864,1,REG,2026,1610612738,,,,,
22500021124,,Shot Chart Detail,22500021,124,1628401,Derrick White,1610612738,Boston Celtics,1,1,55,Made Shot,Jump Shot,3PT Field Goal,Above the Break 3,Left Side Center(LC),24+ ft.,26,-164,209,1,1,20251031,PHI,BOS,6050,0,1628401|1629014|1629674|1630573|1642864,1,REG,2026,1610612738,,,,,
22500021128,,Shot Chart Detail,22500021,128,1629014,Anfernee Simons,1610612738,Boston Celtics,1,1,31,Missed Shot,Fadeaway Jump Shot,2PT Field Goal,Mid-Range,Center(C),16-24 ft.,16,10,160,1,0,20251031,PHI,BOS,6290,0,1628401|1629014|1629674|1630573|1642864,0,REG,2026,1610612738,,,,,
22500021131,,Shot Chart Detail,22500021,131,1628401,Derrick White,1610612738,Boston Celtics,1,0,57,Missed Shot,Jump Shot,3PT Field Goal,Above the Break 3,Center(C),24+ ft.,27,13,275,1,0,20251031,PHI,BOS,6630,0,1628401|1629014|1629674|1630573|1642864,0,REG,2026,1610612738,,,,,
22500021136,,Shot Chart Detail,22500021,136,1642864,Hugo González,1610612738,Boston Celtics,1,0,41,Made Shot,Running Jump Shot,3PT Field Goal,Above the Break 3,Left Side Center(LC),24+ ft.,26,-105,244,1,1,20251031,PHI,BOS,6790,0,1628401|1629014|1629674|1630573|1642864,1,REG,2026,1610612738,,,,,
22500021140,,Shot Chart Detail,22500021,140,1629014,Anfernee Simons,1610612738,Boston Celtics,1,0,18,Missed Shot,Jump Shot,3PT Field Goal,Above the Break 3,Left Side Center(LC),24+ ft.,26,-89,247,1,0,20251031,PHI,BOS,7020,0,1628401|1629014|1629674|1630573|1642864,0,REG,2026,1610612738,,,,,
22500021149,,Shot Chart Detail,22500021,149,1630202,Payton Pritchard,1610612738,Boston Celtics,1,0,0,Missed Shot,Pullup Jump shot,3PT Field Goal,Above the Break 3,Left Side Center(LC),24+ ft.,26,-124,239,1,0,20251031,PHI,BOS,7200,0,1628401|1629014|1629674|1630202|1630573,0,REG,2026,1610612738,,,,,
22500021167,,Shot Chart Detail,22500021,167,1629014,Anfernee Simons,1610612738,Boston Celtics,2,11,23,Made Shot,Driving Finger Roll Layup Shot,2PT Field Goal,Restricted Area,Center(C),Less Than 8 ft.,3,31,23,1,1,20251031,PHI,BOS,7570,0,1628401|1629014|1630214|1631248|1642864,0,REG,2026,1610612738,,,,,
22500021177,,Shot Chart Detail,22500021,177,1642864,Hugo González,1610612738,Boston Celtics,2,10,48,Missed Shot,Fadeaway Jump Shot,2PT Field Goal,In The Paint (Non-RA),Right Side(R),8-16 ft.,8,80,6,1,0,20251031,PHI,BOS,7920,0,1628401|1629014|1630214|1631248|1642864,0,REG,2026,1610612738,,,,,
22500021197,,Shot Chart Detail,22500021,197,1629014,Anfernee Simons,1610612738,Boston Celtics,2,9,50,Made Shot,Step Back Jump shot,3PT Field Goal,Above the Break 3,Center(C),24+ ft.,26,48,263,1,1,20251031,PHI,BOS,8500,0,1628401|1629014|1630214|1631169|1642864,0,REG,2026,1610612738,,,,,
22500021200,,Shot Chart Detail,22500021,200,1629014,Anfernee Simons,1610612738,Boston Celtics,2,9,25,Missed Shot,Running Jump Shot,3PT Field Goal,Above the Break 3,Right Side Center(RC),24+ ft.,26,96,246,1,0,20251031,PHI,BOS,8750,0,1628401|1629014|1630214|1631169|1642864,0,REG,2026,1610612738,,,,,
22500021208,,Shot Chart Detail,22500021,208,1628401,Derrick White,1610612738,Boston Celtics,2,9,6,Made Shot,Pullup Jump shot,2PT Field Goal,Mid-Range,Center(C),16-24 ft.,18,51,180,1,1,20251031,PHI,BOS,8940,0,1628401|1629014|1630214|1631169|1631248,0,REG,2026,1610612738,,,,,
22500021219,,Shot Chart Detail,22500021,219,1629014,Anfernee Simons,1610612738,Boston Celtics,2,8,18,Missed Shot,Pullup Jump shot,3PT Field Goal,Above the Break 3,Center(C),24+ ft.,26,-82,253,1,0,20251031,PHI,BOS,9420,0,1628401|1629014|1630214|1631169|1631248,0,REG,2026,1610612738,,,,,
22500021225,,Shot Chart Detail,22500021,225,1631248,Baylor Scheierman,1610612738,Boston Celtics,2,7,50,Missed Shot,Jump Shot,3PT Field Goal,Right Corner 3,Right Side(R),24+ ft.,24,225,84,1,0,20251031,PHI,BOS,9700,0,1628401|1629014|1630214|1631169|1631248,0,REG,2026,1610612738,,,,,
22500021227,,Shot Chart Detail,22500021,227,1631169,Josh Minott,1610612738,Boston Celtics,2,7,43,Missed Shot,Layup Shot,2PT Field Goal,Restricted Area,Center(C),Less Than 8 ft.,2,-21,13,1,0,20251031,PHI,BOS,9770,0,1628401|1629014|1630214|1631169|1631248,0,REG,2026,1610612738,,,,,
22500021242,,Shot Chart Detail,22500021,242,1627759,Jaylen Brown,1610612738,Boston Celtics,2,7,4,Made Shot,Pullup Jump shot,3PT Field Goal,Above the Break 3,Left Side Center(LC),24+ ft.,26,-146,220,1,1,20251031,PHI,BOS,10160,0,1627759|1628401|1629014|1630214|1631169,0,REG,2026,1610612738,,,,,
22500021246,,Shot Chart Detail,22500021,246,1629014,Anfernee Simons,1610612738,Boston Celtics,2,6,39,Made Shot,Running Jump Shot,3PT Field Goal,Right Corner 3,Right Side(R),24+ ft.,23,223,78,1,1,20251031,PHI,BOS,10410,0,1627759|1628401|1629014|1630214|1631169,1,REG,2026,1610612738,,,,,
22500021257,,Shot Chart Detail,22500021,257,1630202,Payton Pritchard,1610612738,Boston Celtics,2,5,51,Made Shot,Pullup Jump shot,2PT Field Goal,Mid-Range,Center(C),16-24 ft.,20,-29,199,1,1,20251031,PHI,BOS,10890,0,1627759|1629014|1630202|1630568|1631169,1,REG,2026,1610612738,,,,,
22500021263,,Shot Chart Detail,22500021,263,1627759,Jaylen Brown,1610612738,Boston Celtics,2,5,16,Missed Shot,Turnaround Fadeaway shot,2PT Field Goal,Mid-Range,Left Side Center(LC),16-24 ft.,17,-71,159,1,0,20251031,PHI,BOS,11240,0,1627759|1629014|1630202|1630568|1631169,0,REG,2026,1610612738,,,,,
22500021266,,Shot Chart Detail,22500021,266,1630202,Payton Pritchard,1610612738,Boston Celtics,2,4,56,Made Shot,Jump Shot,3PT Field Goal,Above the Break 3,Right Side Center(RC),24+ ft.,26,114,241,1,1,20251031,PHI,BOS,11440,0,1627759|1629014|1630202|1630568|1631169,1,REG,2026,1610612738,,,,,
22500021269,,Shot Chart Detail,22500021,269,1629014,Anfernee Simons,1610612738,Boston Celtics,2,4,27,Missed Shot,Fadeaway Jump Shot,2PT Field Goal,Mid-Range,Right Side(R),8-16 ft.,10,105,1,1,0,20251031,PHI,BOS,11730,0,1627759|1629014|1630202|1630568|1631169,0,REG,2026,1610612738,,,,,
22500021271,,Shot Chart Detail,22500021,271,1630568,Luka Garza,1610612738,Boston Celtics,2,4,24,Made Shot,Putback Layup Shot,2PT Field Goal,Restricted Area,Center(C),Less Than 8 ft.,0,0,0,1,1,20251031,PHI,BOS,11760,0,1627759|1629014|1630202|1630568|1631169,0,REG,2026,1610612738,,,,,
22500021274,,Shot Chart Detail,22500021,274,1630202,Payton Pritchard,1610612738,Boston Celtics,2,3,59,Missed Shot,Step Back Jump shot,2PT Field Goal,Mid-Range,Left Side Center(LC),16-24 ft.,18,-62,169,1,0,20251031,PHI,BOS,12010,0,1627759|1629014|1630202|1630568|1631169,0,REG,2026,1610612738,,,,,
22500021283,,Shot Chart Detail,22500021,283,1630568,Luka Garza,1610612738,Boston Celtics,2,3,34,Made Shot,Alley Oop Layup shot,2PT Field Goal,Restricted Area,Center(C),Less Than 8 ft.,1,13,6,1,1,20251031,PHI,BOS,12260,0,1627759|1629014|1630202|1630568|1630573,1,REG,2026,1610612738,,,,,
22500021295,,Shot Chart Detail,22500021,295,1630202,Payton Pritchard,1610612738,Boston Celtics,2,3,11,Missed Shot,Jump Shot,3PT Field Goal,Above the Break 3,Right Side Center(RC),24+ ft.,24,227,104,1,0,20251031,PHI,BOS,12490,0,1627759|1628401|1630202|1630568|1630573,0,REG,2026,1610612738,,,,,
22500021300,,Shot Chart Detail,22500021,300,1628401,Derrick White,1610612738,Boston Celtics,2,2,24,Missed Shot,Driving Floating Jump Shot,2PT Field Goal,In The Paint (Non-RA),Center(C),Less Than 8 ft.,4,33,32,1,0,20251031,PHI,BOS,12960,0,1627759|1628401|1630202|1630568|1630573,0,REG,2026,1610612738,,,,,
22500021310,,Shot Chart Detail,22500021,310,1630202,Payton Pritchard,1610612738,Boston Celtics,2,1,57,Made Shot,Driving Floating Bank Jump Shot,2PT Field Goal,Mid-Range,Left Side(L),8-16 ft.,14,-107,94,1,1,20251031,PHI,BOS,13230,0,1627759|1628401|1629674|1630202|1630573,1,REG,2026,1610612738,,,,,
22500021315,,Shot Chart Detail,22500021,315,1630202,Payton Pritchard,1610612738,Boston Celtics,2,1,28,Missed Shot,Turnaround Fadeaway shot,2PT Field Goal,Mid-Range,Right Side(R),8-16 ft.,11,89,71,1,0,20251031,PHI,BOS,13520,0,1627759|1628401|1629674|1630202|1630573,0,REG,2026,1610612738,,,,,
22500021336,,Shot Chart Detail,22500021,336,1628401,Derrick White,1610612738,Boston Celtics,2,0,18,Made Shot,Pullup Jump shot,2PT Field Goal,Mid-Range,Center(C),16-24 ft.,17,-11,173,1,1,20251031,PHI,BOS,14220,0,1627759|1628401|1629674|1630202|1630573,1,REG,2026,1610612738,,,,,
22500021353,,Shot Chart Detail,22500021,353,1627759,Jaylen Brown,1610612738,Boston Celtics,3,10,58,Missed Shot,Pullup Jump shot,2PT Field Goal,Mid-Range,Center(C),8-16 ft.,15,13,155,1,0,20251031,PHI,BOS,15020,0,1627759|1628401|1629674|1630202|1631169,0,REG,2026,1610612738,,,,,
22500021357,,Shot Chart Detail,22500021,357,1630202,Payton Pritchard,1610612738,Boston Celtics,3,10,29,Missed Shot,Jump Shot,3PT Field Goal,Above the Break 3,Right Side Center(RC),24+ ft.,25,103,237,1,0,20251031,PHI,BOS,15310,0,1627759|1628401|1629674|1630202|1631169,0,REG,2026,1610612738,,,,,
22500021362,,Shot Chart Detail,22500021,362,1628401,Derrick White,1610612738,Boston Celtics,3,10,15,Missed Shot,Running Layup Shot,2PT Field Goal,Restricted Area,Center(C),Less Than 8 ft.,1,-5,11,1,0,20251031,PHI,BOS,15450,0,1627759|1628401|1629674|1630202|1631169,0,REG,2026,1610612738,,,,,
22500021366,,Shot Chart Detail,22500021,366,1628401,Derrick White,1610612738,Boston Celtics,3,10,6,Missed Shot,Pullup Jump shot,3PT Field Goal,Above the Break 3,Right Side Center(RC),24+ ft.,26,88,246,1,0,20251031,PHI,BOS,15540,0,1627759|1628401|1629674|1630202|1631169,0,REG,2026,1610612738,,,,,
22500021371,,Shot Chart Detail,22500021,371,1629674,Neemias Queta,1610612738,Boston Celtics,3,9,44,Made Shot,Cutting Dunk Shot,2PT Field Goal,Restricted Area,Center(C),Less Than 8 ft.,1,-17,9,1,1,20251031,PHI,BOS,15760,0,1627759|1628401|1629674|1630202|1631169,1,REG,2026,1610612738,,,,,
22500021378,,Shot Chart Detail,22500021,378,1628401,Derrick White,1610612738,Boston Celtics,3,9,17,Missed Shot,Driving Floating Bank Jump Shot,2PT Field Goal,In The Paint (Non-RA),Center(C),8-16 ft.,11,-48,105,1,0,20251031,PHI,BOS,16030,0,1627759|1628401|1629674|1630202|1631169,0,REG,2026,1610612738,,,,,
22500021387,,Shot Chart Detail,22500021,387,1627759,Jaylen Brown,1610612738,Boston Celtics,3,8,51,Missed Shot,Jump Shot,3PT Field Goal,Above the Break 3,Left Side Center(LC),24+ ft.,26,-112,243,1,0,20251031,PHI,BOS,16290,0,1627759|1628401|1629674|1630202|1631169,0,REG,2026,1610612738,,,,,
22500021393,,Shot Chart Detail,22500021,393,1627759,Jaylen Brown,1610612738,Boston Celtics,3,8,34,Made Shot,Driving Layup Shot,2PT Field Goal,Restricted Area,Center(C),Less Than 8 ft.,3,36,13,1,1,20251031,PHI,BOS,16460,0,1627759|1628401|1629674|1630202|1631169,1,REG,2026,1610612738,,,,,
22500021407,,Shot Chart Detail,22500021,407,1630202,Payton Pritchard,1610612738,Boston Celtics,3,7,50,Missed Shot,Jump Shot,3PT Field Goal,Above the Break 3,Right Side Center(RC),24+ ft.,25,82,237,1,0,20251031,PHI,BOS,16900,0,1627759|1628401|1629674|1630202|1631169,0,REG,2026,1610612738,,,,,
22500021410,,Shot Chart Detail,22500021,410,1630202,Payton Pritchard,1610612738,Boston Celtics,3,7,35,Missed Shot,Jump Shot,3PT Field Goal,Above the Break 3,Center(C),24+ ft.,26,-25,263,1,0,20251031,PHI,BOS,17050,0,1627759|1628401|1629674|1630202|1631169,0,REG,2026,1610612738,,,,,
22500021431,,Shot Chart Detail,22500021,431,1629014,Anfernee Simons,1610612738,Boston Celtics,3,6,16,Missed Shot,Fadeaway Jump Shot,2PT Field Goal,Mid-Range,Center(C),16-24 ft.,16,15,167,1,0,20251031,PHI,BOS,17840,0,1627759|1629014|1630202|1630568|1630573,0,REG,2026,1610612738,,,,,
22500021433,,Shot Chart Detail,22500021,433,1627759,Jaylen Brown,1610612738,Boston Celtics,3,6,7,Made Shot,Jump Shot,3PT Field Goal,Above the Break 3,Center(C),24+ ft.,26,82,255,1,1,20251031,PHI,BOS,17930,0,1627759|1629014|1630202|1630568|1630573,1,REG,2026,1610612738,,,,,
22500021437,,Shot Chart Detail,22500021,437,1629014,Anfernee Simons,1610612738,Boston Celtics,3,5,39,Missed Shot,Running Finger Roll Layup Shot,2PT Field Goal,Restricted Area,Center(C),Less Than 8 ft.,2,0,24,1,0,20251031,PHI,BOS,18210,0,1627759|1629014|1630202|1630568|1630573,0,REG,2026,1610612738,,,,,
22500021439,,Shot Chart Detail,22500021,439,1627759,Jaylen Brown,1610612738,Boston Celtics,3,5,36,Made Shot,Tip Layup Shot,2PT Field Goal,Restricted Area,Center(C),Less Than 8 ft.,0,0,0,1,1,20251031,PHI,BOS,18240,0,1627759|1629014|1630202|1630568|1630573,0,REG,2026,1610612738,,,,,
22500021449,,Shot Chart Detail,22500021,449,1627759,Jaylen Brown,1610612738,Boston Celtics,3,5,7,Missed Shot,Jump Shot,3PT Field Goal,Above the Break 3,Right Side Center(RC),24+ ft.,26,157,209,1,0,20251031,PHI,BOS,18530,0,1627759|1629014|1630202|1630568|1630573,0,REG,2026,1610612738,,,,,
22500021453,,Shot Chart Detail,22500021,453,1627759,Jaylen Brown,1610612738,Boston Celtics,3,4,47,Made Shot,Driving Finger Roll Layup Shot,2PT Field Goal,In The Paint (Non-RA),Center(C),Less Than 8 ft.,4,-7,41,1,1,20251031,PHI,BOS,18730,0,1627759|1629014|1630202|1630568|1630573,0,REG,2026,1610612738,,,,,
22500021456,,Shot Chart Detail,22500021,456,1630202,Payton Pritchard,1610612738,Boston Celtics,3,4,8,Missed Shot,Step Back Jump shot,3PT Field Goal,Above the Break 3,Left Side Center(LC),24+ ft.,27,-196,187,1,0,20251031,PHI,BOS,19120,0,1627759|1629014|1630202|1630568|1630573,0,REG,2026,1610612738,,,,,
22500021458,,Shot Chart Detail,22500021,458,1629014,Anfernee Simons,1610612738,Boston Celtics,3,4,4,Missed Shot,Jump Shot,3PT Field Goal,Above the Break 3,Right Side Center(RC),24+ ft.,27,152,234,1,0,20251031,PHI,BOS,19160,0,1627759|1629014|1630202|1630568|1630573,0,REG,2026,1610612738,,,,,
22500021460,,Shot Chart Detail,22500021,460,1630573,Sam Hauser,1610612738,Boston Celtics,3,4,0,Missed Shot,Floating Jump shot,2PT Field Goal,Mid-Range,Center(C),8-16 ft.,14,7,140,1,0,20251031,PHI,BOS,19200,0,1627759|1629014|1630202|1630568|1630573,0,REG,2026,1610612738,,,,,
22500021465,,Shot Chart Detail,22500021,465,1627759,Jaylen Brown,1610612738,Boston Celtics,3,3,38,Missed Shot,Fadeaway Jump Shot,2PT Field Goal,Mid-Range,Left Side(L),8-16 ft.,9,-86,51,1,0,20251031,PHI,BOS,19420,0,1627759|1629014|1630202|1630568|1630573,0,REG,2026,1610612738,,,,,
22500021467,,Shot Chart Detail,22500021,467,1630202,Payton Pritchard,1610612738,Boston Celtics,3,3,32,Missed Shot,Jump Shot,3PT Field Goal,Above the Break 3,Center(C),24+ ft.,25,-60,248,1,0,20251031,PHI,BOS,19480,0,1627759|1629014|1630202|1630568|1630573,0,REG,2026,1610612738,,,,,
22500021482,,Shot Chart Detail,22500021,482,1629014,Anfernee Simons,1610612738,Boston Celtics,3,3,18,Made Shot,Driving Finger Roll Layup Shot,2PT Field Goal,Restricted Area,Center(C),Less Than 8 ft.,3,-7,32,1,1,20251031,PHI,BOS,19620,0,1629014|1630202|1630568|1630573|1642864,0,REG,2026,1610612738,,,,,
22500021490,,Shot Chart Detail,22500021,490,1630568,Luka Garza,1610612738,Boston Celtics,3,2,48,Missed Shot,Floating Jump shot,2PT Field Goal,In The Paint (Non-RA),Left Side(L),8-16 ft.,11,-62,101,1,0,20251031,PHI,BOS,19920,0,1629014|1630202|1630568|1630573|1642864,0,REG,2026,1610612738,,,,,
22500021493,,Shot Chart Detail,22500021,493,1630568,Luka Garza,1610612738,Boston Celtics,3,2,37,Made Shot,Floating Jump shot,2PT Field Goal,Mid-Range,Center(C),16-24 ft.,16,47,162,1,1,20251031,PHI,BOS,20030,0,1629014|1630202|1630568|1630573|1642864,1,REG,2026,1610612738,,,,,
22500021498,,Shot Chart Detail,22500021,498,1629014,Anfernee Simons,1610612738,Boston Celtics,3,2,0,Missed Shot,Step Back Jump shot,3PT Field Goal,Above the Break 3,Left Side Center(LC),24+ ft.,26,-123,237,1,0,20251031,PHI,BOS,20400,0,1629014|1630202|1630568|1630573|1642864,0,REG,2026,1610612738,,,,,
22500021503,,Shot Chart Detail,22500021,503,1642864,Hugo González,1610612738,Boston Celtics,3,1,37,Missed Shot,Jump Shot,3PT Field Goal,Above the Break 3,Right Side Center(RC),24+ ft.,26,169,198,1,0,20251031,PHI,BOS,20630,0,1629014|1630202|1630568|1630573|1642864,0,REG,2026,1610612738,,,,,
22500021507,,Shot Chart Detail,22500021,507,1630568,Luka Garza,1610612738,Boston Celtics,3,1,4,Made Shot,Jump Shot,3PT Field Goal,Right Corner 3,Right Side(R),24+ ft.,22,223,42,1,1,20251031,PHI,BOS,20960,0,1629014|1630202|1630568|1630573|1642864,1,REG,2026,1610612738,,,,,
22500021511,,Shot Chart Detail,22500021,511,1642864,Hugo González,1610612738,Boston Celtics,3,0,49,Made Shot,Running Dunk Shot,2PT Field Goal,Restricted Area,Center(C),Less Than 8 ft.,1,0,13,1,1,20251031,PHI,BOS,21110,0,1629014|1630202|1630568|1630573|1642864,1,REG,2026,1610612738,,,,,
22500021528,,Shot Chart Detail,22500021,528,1630573,Sam Hauser,1610612738,Boston Celtics,3,0,2,Missed Shot,Pullup Jump shot,2PT Field Goal,Mid-Range,Center(C),16-24 ft.,20,-43,203,1,0,20251031,PHI,BOS,21580,0,1628401|1629014|1630568|1630573|1642864,0,REG,2026,1610612738,,,,,
22500021545,,Shot Chart Detail,22500021,545,1629014,Anfernee Simons,1610612738,Boston Celtics,4,11,5,Missed Shot,Jump Shot,3PT Field Goal,Above the Break 3,Right Side Center(RC),24+ ft.,24,216,114,1,0,20251031,PHI,BOS,22150,0,1628401|1629014|1629674|1630573|1642864,0,REG,2026,1610612738,,,,,
22500021549,,Shot Chart Detail,22500021,549,1642864,Hugo González,1610612738,Boston Celtics,4,11,0,Missed Shot,Putback Layup Shot,2PT Field Goal,Restricted Area,Center(C),Less Than 8 ft.,0,0,0,1,0,20251031,PHI,BOS,22200,0,1628401|1629014|1629674|1630573|1642864,0,REG,2026,1610612738,,,,,
22500021553,,Shot Chart Detail,22500021,553,1629014,Anfernee Simons,1610612738,Boston Celtics,4,10,28,Missed Shot,Pullup Jump shot,2PT Field Goal,Mid-Range,Right Side(R),16-24 ft.,17,173,46,1,0,20251031,PHI,BOS,22520,0,1628401|1629014|1629674|1630573|1642864,0,REG,2026,1610612738,,,,,
22500021562,,Shot Chart Detail,22500021,562,1630573,Sam Hauser,1610612738,Boston Celtics,4,9,46,Made Shot,Jump Shot,3PT Field Goal,Above the Break 3,Right Side Center(RC),24+ ft.,26,126,235,1,1,20251031,PHI,BOS,22940,0,1628401|1629014|1629674|1630573|1642864,1,REG,2026,1610612738,,,,,
22500021566,,Shot Chart Detail,22500021,566,1629014,Anfernee Simons,1610612738,Boston Celtics,4,9,8,Missed Shot,Driving Finger Roll Layup Shot,2PT Field Goal,In The Paint (Non-RA),Center(C),Less Than 8 ft.,5,31,42,1,0,20251031,PHI,BOS,23320,0,1628401|1629014|1629674|1630573|1642864,0,REG,2026,1610612738,,,,,
22500021574,,Shot Chart Detail,22500021,574,1628401,Derrick White,1610612738,Boston Celtics,4,8,44,Missed Shot,Pullup Jump shot,2PT Field Goal,Mid-Range,Right Side Center(RC),16-24 ft.,21,98,187,1,0,20251031,PHI,BOS,23560,0,1628401|1629014|1629674|1630573|1642864,0,REG,2026,1610612738,,,,,
22500021580,,Shot Chart Detail,22500021,580,1629014,Anfernee Simons,1610612738,Boston Celtics,4,8,16,Missed Shot,Driving Finger Roll Layup Shot,2PT Field Goal,In The Paint (Non-RA),Center(C),Less Than 8 ft.,4,34,35,1,0,20251031,PHI,BOS,23840,0,1628401|1629014|1629674|1630573|1642864,0,REG,2026,1610612738,,,,,
22500021585,,Shot Chart Detail,22500021,585,1629674,Neemias Queta,1610612738,Boston Celtics,4,8,13,Made Shot,Alley Oop Dunk Shot,2PT Field Goal,Restricted Area,Center(C),Less Than 8 ft.,2,5,21,1,1,20251031,PHI,BOS,23870,0,1628401|1629014|1629674|1630573|1642864,1,REG,2026,1610612738,,,,,
22500021589,,Shot Chart Detail,22500021,589,1628401,Derrick White,1610612738,Boston Celtics,4,8,3,Missed Shot,Jump Shot,3PT Field Goal,Above the Break 3,Center(C),24+ ft.,26,-53,258,1,0,20251031,PHI,BOS,23970,0,1628401|1629014|1629674|1630573|1642864,0,REG,2026,1610612738,,,,,
22500021593,,Shot Chart Detail,22500021,593,1628401,Derrick White,1610612738,Boston Celtics,4,7,32,Made Shot,Driving Floating Jump Shot,2PT Field Goal,Mid-Range,Center(C),8-16 ft.,15,49,152,1,1,20251031,PHI,BOS,24280,0,1628401|1629014|1629674|1630573|1642864,1,REG,2026,1610612738,,,,,
22500021601,,Shot Chart Detail,22500021,601,1630573,Sam Hauser,1610612738,Boston Celtics,4,6,55,Missed Shot,Pullup Jump shot,3PT Field Goal,Above the Break 3,Left Side Center(LC),24+ ft.,27,-87,256,1,0,20251031,PHI,BOS,24650,0,1628401|1629014|1630214|1630573|1642864,0,REG,2026,1610612738,,,,,
22500021603,,Shot Chart Detail,22500021,603,1628401,Derrick White,1610612738,Boston Celtics,4,6,51,Missed Shot,Jump Shot,3PT Field Goal,Above the Break 3,Right Side Center(RC),24+ ft.,26,102,246,1,0,20251031,PHI,BOS,24690,0,1628401|1629014|1630214|1630573|1642864,0,REG,2026,1610612738,,,,,
22500021605,,Shot Chart Detail,22500021,605,1628401,Derrick White,1610612738,Boston Celtics,4,6,48,Missed Shot,Jump Shot,3PT Field Goal,Above the Break 3,Right Side Center(RC),24+ ft.,26,86,255,1,0,20251031,PHI,BOS,24720,0,1628401|1629014|1630214|1630573|1642864,0,REG,2026,1610612738,,,,,
22500021609,,Shot Chart Detail,22500021,609,1629014,Anfernee Simons,1610612738,Boston Celtics,4,6,24,Made Shot,Pullup Jump shot,2PT Field Goal,Mid-Range,Center(C),16-24 ft.,19,58,184,1,1,20251031,PHI,BOS,24960,0,1628401|1629014|1630214|1630573|1642864,0,REG,2026,1610612738,,,,,
22500021623,,Shot Chart Detail,22500021,623,1628401,Derrick White,1610612738,Boston Celtics,4,5,46,Made Shot,Pullup Jump shot,2PT Field Goal,Mid-Range,Right Side Center(RC),16-24 ft.,18,121,145,1,1,20251031,PHI,BOS,25340,0,1627759|1628401|1629014|1630202|1630214,1,REG,2026,1610612738,,,,,
22500021628,,Shot Chart Detail,22500021,628,1630214,Xavier Tillman,1610612738,Boston Celtics,4,5,15,Made Shot,Jump Shot,3PT Field Goal,Above the Break 3,Right Side Center(RC),24+ ft.,26,104,247,1,1,20251031,PHI,BOS,25650,0,1627759|1628401|1630202|1630214|1631169,1,REG,2026,1610612738,,,,,
22500021634,,Shot Chart Detail,22500021,634,1630214,Xavier Tillman,1610612738,Boston Celtics,4,4,31,Missed Shot,Jump Shot,3PT Field Goal,Above the Break 3,Left Side Center(LC),24+ ft.,26,-125,231,1,0,20251031,PHI,BOS,26090,0,1627759|1628401|1630202|1630214|1631169,0,REG,2026,1610612738,,,,,
22500021638,,Shot Chart Detail,22500021,638,1630214,Xavier Tillman,1610612738,Boston Celtics,4,3,56,Made Shot,Layup Shot,2PT Field Goal,Restricted Area,Center(C),Less Than 8 ft.,3,28,21,1,1,20251031,PHI,BOS,26440,0,1627759|1628401|1630202|1630214|1631169,1,REG,2026,1610612738,,,,,
22500021642,,Shot Chart Detail,22500021,642,1627759,Jaylen Brown,1610612738,Boston Celtics,4,3,11,Made Shot,Step Back Jump shot,3PT Field Goal,Above the Break 3,Center(C),24+ ft.,27,36,274,1,1,20251031,PHI,BOS,26890,0,1627759|1628401|1630202|1630214|1631169,0,REG,2026,1610612738,,,,,
22500021645,,Shot Chart Detail,22500021,645,1631169,Josh Minott,1610612738,Boston Celtics,4,2,26,Missed Shot,Jump Shot,2PT Field Goal,Mid-Range,Right Side(R),16-24 ft.,16,164,16,1,0,20251031,PHI,BOS,27340,0,1627759|1628401|1630202|1630214|1631169,0,REG,2026,1610612738,,,,,
22500021649,,Shot Chart Detail,22500021,649,1631169,Josh Minott,1610612738,Boston Celtics,4,2,8,Missed Shot,Driving Dunk Shot,2PT Field Goal,Restricted Area,Center(C),Less Than 8 ft.,1,7,16,1,0,20251031,PHI,BOS,27520,0,1627759|1628401|1630202|1630214|1631169,0,REG,2026,1610612738,,,,,
22500021652,,Shot Chart Detail,22500021,652,1630214,Xavier Tillman,1610612738,Boston Celtics,4,1,56,Missed Shot,Jump Shot,3PT Field Goal,Left Corner 3,Left Side(L),24+ ft.,22,-222,4,1,0,20251031,PHI,BOS,27640,0,1627759|1628401|1630202|1630214|1631169,0,REG,2026,1610612738,,,,,
22500021654,,Shot Chart Detail,22500021,654,1631169,Josh Minott,1610612738,Boston Celtics,4,1,41,Missed Shot,Jump Shot,3PT Field Goal,Above the Break 3,Left Side Center(LC),24+ ft.,26,-131,236,1,0,20251031,PHI,BOS,27790,0,1627759|1628401|1630202|1630214|1631169,0,REG,2026,1610612738,,,,,
22500021658,,Shot Chart Detail,22500021,658,1628401,Derrick White,1610612738,Boston Celtics,4,1,12,Missed Shot,Driving Floating Bank Jump Shot,2PT Field Goal,In The Paint (Non-RA),Center(C),Less Than 8 ft.,6,-29,61,1,0,20251031,PHI,BOS,28080,0,1627759|1628401|1630202|1630214|1631169,0,REG,2026,1610612738,,,,,
225000289,,Shot Chart Detail,22500028,9,1630202,Payton Pritchard,1610612738,Boston Celtics,1,11,20,Missed Shot,Fadeaway Jump Shot,2PT Field Goal,Mid-Range,Left Side(L),8-16 ft.,11,-110,12,1,0,20251107,ORL,BOS,400,0,1627759|1628401|1629674|1630202|1631169,0,REG,2026,1610612738,,,,,
2250002816,,Shot Chart Detail,22500028,16,1629674,Neemias Queta,1610612738,Boston Celtics,1,10,46,Made Shot,Cutting Layup Shot,2PT Field Goal,Restricted Area,Center(C),Less Than 8 ft.,1,13,15,1,1,20251107,ORL,BOS,740,0,1627759|1628401|1629674|1630202|1631169,1,REG,2026,1610612738,,,,,
2250002821,,Shot Chart Detail,22500028,21,1627759,Jaylen Brown,1610612738,Boston Celtics,1,10,4,Missed Shot,Step Back Jump shot,2PT Field Goal,Mid-Range,Center(C),16-24 ft.,23,-5,231,1,0,20251107,ORL,BOS,1160,0,1627759|1628401|1629674|1630202|1631169,0,REG,2026,1610612738,,,,,
2250002825,,Shot Chart Detail,22500028,25,1629674,Neemias Queta,1610612738,Boston Celtics,1,10,1,Missed Shot,Tip Layup Shot,2PT Field Goal,Restricted Area,Center(C),Less Than 8 ft.,0,0,0,1,0,20251107,ORL,BOS,1190,0,1627759|1628401|1629674|1630202|1631169,0,REG,2026,1610612738,,,,,
2250002833,,Shot Chart Detail,22500028,33,1631169,Josh Minott,1610612738,Boston Celtics,1,9,32,Made Shot,Jump Shot,3PT Field Goal,Above the Break 3,Left Side Center(LC),24+ ft.,24,-118,220,1,1,20251107,ORL,BOS,1480,0,1627759|1628401|1629674|1630202|1631169,1,REG,2026,1610612738,,,,,
2250002837,,Shot Chart Detail,22500028,37,1631169,Josh Minott,1610612738,Boston Celtics,1,9,15,Made Shot,Running Alley Oop Dunk Shot,2PT Field Goal,Restricted Area,Center(C),Less Than 8 ft.,2,-10,21,1,1,20251107,ORL,BOS,1650,0,1627759|1628401|1629674|1630202|1631169,1,REG,2026,1610612738,,,,,
2250002841,,Shot Chart Detail,22500028,41,1630202,Payton Pritchard,1610612738,Boston Celtics,1,8,54,Made Shot,Step Back Jump shot,3PT Field Goal,Above the Break 3,Right Side Center(RC),24+ ft.,26,142,227,1,1,20251107,ORL,BOS,1860,0,1627759|1628401|1629674|1630202|1631169,0,REG,2026,1610612738,,,,,
2250002844,,Shot Chart Detail,22500028,44,1630202,Payton Pritchard,1610612738,Boston Celtics,1,8,18,Missed Shot,Pullup Jump shot,2PT Field Goal,In The Paint (Non-RA),Center(C),8-16 ft.,13,23,130,1,0,20251107,ORL,BOS,2220,0,1627759|1628401|1629674|1630202|1631169,0,REG,2026,1610612738,,,,,
2250002848,,Shot Chart Detail,22500028,48,1627759,Jaylen Brown,1610612738,Boston Celtics,1,8,5,Made Shot,Step Back Jump shot,2PT Field Goal,In The Paint (Non-RA),Center(C),8-16 ft.,9,42,83,1,1,20251107,ORL,BOS,2350,0,1627759|1628401|1629674|1630202|1631169,0,REG,2026,1610612738,,,,,
2250002851,,Shot Chart Detail,22500028,51,1629674,Neemias Queta,1610612738,Boston Celtics,1,7,37,Missed Shot,Floating Jump shot,2PT Field Goal,Mid-Range,Right Side(R),8-16 ft.,9,93,13,1,0,20251107,ORL,BOS,2630,0,1627759|1628401|1629674|1630202|1631169,0,REG,2026,1610612738,,,,,
2250002857,,Shot Chart Detail,22500028,57,1631169,Josh Minott,1610612738,Boston Celtics,1,7,18,Missed Shot,Jump Shot,3PT Field Goal,Above the Break 3,Left Side Center(LC),24+ ft.,24,-100,228,1,0,20251107,ORL,BOS,2820,0,1627759|1628401|1629674|1630202|1631169,0,REG,2026,1610612738,,,,,
2250002865,,Shot Chart Detail,22500028,65,1629674,Neemias Queta,1610612738,Boston Celtics,1,6,43,Missed Shot,Turnaround Jump Shot,2PT Field Goal,Mid-Range,Right Side(R),8-16 ft.,15,127,86,1,0,20251107,ORL,BOS,3170,0,1627759|1628401|1629014|1629674|1631169,0,REG,2026,1610612738,,,,,
2250002879,,Shot Chart Detail,22500028,79,1629014,Anfernee Simons,1610612738,Boston Celtics,1,6,10,Missed Shot,Step Back Jump shot,3PT Field Goal,Above the Break 3,Center(C),24+ ft.,27,10,277,1,0,20251107,ORL,BOS,3500,0,1627759|1628401|1629014|1630568|1630573,0,REG,2026,1610612738,,,,,
2250002885,,Shot Chart Detail,22500028,85,1630568,Luka Garza,1610612738,Boston Celtics,1,5,43,Made Shot,Floating Jump shot,2PT Field Goal,In The Paint (Non-RA),Center(C),8-16 ft.,8,-10,83,1,1,20251107,ORL,BOS,3770,0,1627759|1628401|1629014|1630568|1630573,1,REG,2026,1610612738,,,,,
2250002891,,Shot Chart Detail,22500028,91,1627759,Jaylen Brown,1610612738,Boston Celtics,1,5,12,Missed Shot,Pullup Jump shot,3PT Field Goal,Above the Break 3,Right Side Center(RC),24+ ft.,27,129,238,1,0,20251107,ORL,BOS,4080,0,1627759|1628401|1629014|1630568|1630573,0,REG,2026,1610612738,,,,,
22500028117,,Shot Chart Detail,22500028,117,1627759,Jaylen Brown,1610612738,Boston Celtics,1,4,22,Made Shot,Jump Shot,3PT Field Goal,Above the Break 3,Left Side Center(LC),24+ ft.,26,-96,251,1,1,20251107,ORL,BOS,4580,0,1627759|1630202|1630568|1630573|1641775,1,REG,2026,1610612738,,,,,
22500028121,,Shot Chart Detail,22500028,121,1627759,Jaylen Brown,1610612738,Boston Celtics,1,3,45,Missed Shot,Pullup Jump shot,3PT Field Goal,Above the Break 3,Center(C),24+ ft.,26,-60,254,1,0,20251107,ORL,BOS,4950,0,1627759|1630202|1630568|1630573|1641775,0,REG,2026,1610612738,,,,,
22500028131,,Shot Chart Detail,22500028,131,1630573,Sam Hauser,1610612738,Boston Celtics,1,3,17,Missed Shot,Jump Shot,3PT Field Goal,Right Corner 3,Right Side(R),24+ ft.,23,232,32,1,0,20251107,ORL,BOS,5230,0,1630202|1630568|1630573|1641775|1642864,0,REG,2026,1610612738,,,,,
22500028133,,Shot Chart Detail,22500028,133,1630202,Payton Pritchard,1610612738,Boston Celtics,1,3,9,Missed Shot,Jump Shot,3PT Field Goal,Above the Break 3,Center(C),24+ ft.,25,55,247,1,0,20251107,ORL,BOS,5310,0,1630202|1630568|1630573|1641775|1642864,0,REG,2026,1610612738,,,,,
22500028135,,Shot Chart Detail,22500028,135,1630573,Sam Hauser,1610612738,Boston Celtics,1,3,4,Made Shot,Step Back Jump shot,3PT Field Goal,Above the Break 3,Left Side Center(LC),24+ ft.,27,-137,235,1,1,20251107,ORL,BOS,5360,0,1630202|1630568|1630573|1641775|1642864,0,REG,2026,1610612738,,,,,
22500028150,,Shot Chart Detail,22500028,150,1630202,Payton Pritchard,1610612738,Boston Celtics,1,2,19,Made Shot,Driving Floating Jump Shot,2PT Field Goal,Mid-Range,Right Side Center(RC),16-24 ft.,18,104,154,1,1,20251107,ORL,BOS,5810,0,1630202|1630568|1630573|1641775|1642864,1,REG,2026,1610612738,,,,,
22500028168,,Shot Chart Detail,22500028,168,1630573,Sam Hauser,1610612738,Boston Celtics,1,1,23,Missed Shot,Jump Shot,3PT Field Goal,Above the Break 3,Right Side Center(RC),24+ ft.,25,229,101,1,0,20251107,ORL,BOS,6370,0,1630202|1630568|1630573|1641775|1642864,0,REG,2026,1610612738,,,,,
22500028171,,Shot Chart Detail,22500028,171,1630202,Payton Pritchard,1610612738,Boston Celtics,1,0,58,Made Shot,Driving Layup Shot,2PT Field Goal,Restricted Area,Center(C),Less Than 8 ft.,1,-5,18,1,1,20251107,ORL,BOS,6620,0,1630202|1630568|1630573|1641775|1642864,0,REG,2026,1610612738,,,,,
22500028179,,Shot Chart Detail,22500028,179,1630568,Luka Garza,1610612738,Boston Celtics,1,0,20,Missed Shot,Turnaround Hook Shot,2PT Field Goal,Mid-Range,Right Side(R),8-16 ft.,9,93,31,1,0,20251107,ORL,BOS,7000,0,1630202|1630568|1630573|1641775|1642864,0,REG,2026,1610612738,,,,,
22500028199,,Shot Chart Detail,22500028,199,1627759,Jaylen Brown,1610612738,Boston Celtics,2,11,44,Made Shot,Pullup Jump shot,2PT Field Goal,Mid-Range,Right Side Center(RC),16-24 ft.,18,97,154,1,1,20251107,ORL,BOS,7360,0,1627759|1628401|1629674|1631169|1641775,1,REG,2026,1610612738,,,,,
22500028206,,Shot Chart Detail,22500028,206,1627759,Jaylen Brown,1610612738,Boston Celtics,2,11,1,Made Shot,Driving Layup Shot,2PT Field Goal,Restricted Area,Center(C),Less Than 8 ft.,1,10,7,1,1,20251107,ORL,BOS,7790,0,1627759|1628401|1629674|1631169|1641775,1,REG,2026,1610612738,,,,,
22500028213,,Shot Chart Detail,22500028,213,1628401,Derrick White,1610612738,Boston Celtics,2,10,30,Missed Shot,Pullup Jump shot,2PT Field Goal,Mid-Range,Center(C),16-24 ft.,21,4,212,1,0,20251107,ORL,BOS,8100,0,1627759|1628401|1629674|1631169|1641775,0,REG,2026,1610612738,,,,,
22500028218,,Shot Chart Detail,22500028,218,1631169,Josh Minott,1610612738,Boston Celtics,2,10,1,Made Shot,Jump Shot,3PT Field Goal,Above the Break 3,Left Side Center(LC),24+ ft.,26,-186,194,1,1,20251107,ORL,BOS,8390,0,1627759|1628401|1629674|1631169|1641775,1,REG,2026,1610612738,,,,,
22500028223,,Shot Chart Detail,22500028,223,1627759,Jaylen Brown,1610612738,Boston Celtics,2,9,27,Made Shot,Step Back Jump shot,2PT Field Goal,In The Paint (Non-RA),Center(C),8-16 ft.,12,58,109,1,1,20251107,ORL,BOS,8730,0,1627759|1628401|1629674|1631169|1641775,0,REG,2026,1610612738,,,,,
22500028227,,Shot Chart Detail,22500028,227,1628401,Derrick White,1610612738,Boston Celtics,2,9,10,Made Shot,Running Layup Shot,2PT Field Goal,Restricted Area,Center(C),Less Than 8 ft.,3,25,22,1,1,20251107,ORL,BOS,8900,0,1627759|1628401|1629674|1631169|1641775,1,REG,2026,1610612738,,,,,
22500028240,,Shot Chart Detail,22500028,240,1631169,Josh Minott,1610612738,Boston Celtics,2,8,52,Missed Shot,Running Jump Shot,3PT Field Goal,Above the Break 3,Left Side Center(LC),24+ ft.,25,-104,237,1,0,20251107,ORL,BOS,9080,0,1627759|1628401|1629674|1631169|1641775,0,REG,2026,1610612738,,,,,
22500028244,,Shot Chart Detail,22500028,244,1627759,Jaylen Brown,1610612738,Boston Celtics,2,8,24,Missed Shot,Running Pull-Up Jump Shot,3PT Field Goal,Above the Break 3,Center(C),24+ ft.,27,-9,274,1,0,20251107,ORL,BOS,9360,0,1627759|1628401|1629674|1631169|1641775,0,REG,2026,1610612738,,,,,
22500028258,,Shot Chart Detail,22500028,258,1628401,Derrick White,1610612738,Boston Celtics,2,7,32,Missed Shot,Jump Shot,3PT Field Goal,Above the Break 3,Center(C),24+ ft.,28,-26,281,1,0,20251107,ORL,BOS,9880,0,1627759|1628401|1629674|1631169|1641775,0,REG,2026,1610612738,,,,,
22500028260,,Shot Chart Detail,22500028,260,1641775,Jordan Walsh,1610612738,Boston Celtics,2,7,22,Missed Shot,Tip Layup Shot,2PT Field Goal,Restricted Area,Center(C),Less Than 8 ft.,0,0,0,1,0,20251107,ORL,BOS,9980,0,1627759|1628401|1629674|1631169|1641775,0,REG,2026,1610612738,,,,,
22500028282,,Shot Chart Detail,22500028,282,1630568,Luka Garza,1610612738,Boston Celtics,2,6,30,Missed Shot,Jump Shot,3PT Field Goal,Right Corner 3,Right Side(R),24+ ft.,23,237,-10,1,0,20251107,ORL,BOS,10500,0,1627759|1628401|1630568|1630573|1641775,0,REG,2026,1610612738,,,,,
22500028294,,Shot Chart Detail,22500028,294,1641775,Jordan Walsh,1610612738,Boston Celtics,2,5,45,Missed Shot,Jump Shot,3PT Field Goal,Right Corner 3,Right Side(R),24+ ft.,22,228,-5,1,0,20251107,ORL,BOS,10950,0,1627759|1628401|1630568|1630573|1641775,0,REG,2026,1610612738,,,,,
22500028298,,Shot Chart Detail,22500028,298,1627759,Jaylen Brown,1610612738,Boston Celtics,2,5,22,Missed Shot,Running Layup Shot,2PT Field Goal,Restricted Area,Center(C),Less Than 8 ft.,3,31,10,1,0,20251107,ORL,BOS,11180,0,1627759|1628401|1630568|1630573|1641775,0,REG,2026,1610612738,,,,,
22500028305,,Shot Chart Detail,22500028,305,1628401,Derrick White,1610612738,Boston Celtics,2,5,9,Made Shot,Pullup Jump shot,2PT Field Goal,In The Paint (Non-RA),Center(C),8-16 ft.,8,37,76,1,1,20251107,ORL,BOS,11310,0,1628401|1630568|1630573|1641775|1642864,0,REG,2026,1610612738,,,,,
22500028308,,Shot Chart Detail,22500028,308,1628401,Derrick White,1610612738,Boston Celtics,2,4,39,Missed Shot,Pullup Jump shot,3PT Field Goal,Above the Break 3,Center(C),24+ ft.,27,-23,273,1,0,20251107,ORL,BOS,11610,0,1628401|1630568|1630573|1641775|1642864,0,REG,2026,1610612738,,,,,
22500028318,,Shot Chart Detail,22500028,318,1628401,Derrick White,1610612738,Boston Celtics,2,3,53,Missed Shot,Pullup Jump shot,2PT Field Goal,Mid-Range,Right Side Center(RC),16-24 ft.,21,150,152,1,0,20251107,ORL,BOS,12070,0,1628401|1630202|1630568|1630573|1642864,0,REG,2026,1610612738,,,,,
22500028323,,Shot Chart Detail,22500028,323,1630573,Sam Hauser,1610612738,Boston Celtics,2,3,49,Missed Shot,Jump Shot,3PT Field Goal,Above the Break 3,Right Side Center(RC),24+ ft.,26,229,132,1,0,20251107,ORL,BOS,12110,0,1627759|1628401|1630202|1630568|1630573,0,REG,2026,1610612738,,,,,
22500028335,,Shot Chart Detail,22500028,335,1630202,Payton Pritchard,1610612738,Boston Celtics,2,3,17,Made Shot,Pullup Jump shot,3PT Field Goal,Above the Break 3,Center(C),24+ ft.,27,5,279,1,1,20251107,ORL,BOS,12430,0,1627759|1628401|1629674|1630202|1631169,0,REG,2026,1610612738,,,,,
22500028342,,Shot Chart Detail,22500028,342,1630573,Sam Hauser,1610612738,Boston Celtics,2,2,42,Missed Shot,Pullup Jump shot,2PT Field Goal,Mid-Range,Center(C),16-24 ft.,20,-29,201,1,0,20251107,ORL,BOS,12780,0,1627759|1628401|1629674|1630202|1630573,0,REG,2026,1610612738,,,,,
22500028344,,Shot Chart Detail,22500028,344,1630202,Payton Pritchard,1610612738,Boston Celtics,2,2,38,Made Shot,Jump Shot,3PT Field Goal,Left Corner 3,Left Side(L),24+ ft.,22,-221,21,1,1,20251107,ORL,BOS,12820,0,1627759|1628401|1629674|1630202|1630573,1,REG,2026,1610612738,,,,,
22500028349,,Shot Chart Detail,22500028,349,1627759,Jaylen Brown,1610612738,Boston Celtics,2,2,9,Made Shot,Driving Dunk Shot,2PT Field Goal,Restricted Area,Center(C),Less Than 8 ft.,3,17,25,1,1,20251107,ORL,BOS,13110,0,1627759|1628401|1629674|1630202|1630573,1,REG,2026,1610612738,,,,,
22500028353,,Shot Chart Detail,22500028,353,1627759,Jaylen Brown,1610612738,Boston Celtics,2,1,36,Missed Shot,Step Back Jump shot,2PT Field Goal,Mid-Range,Right Side Center(RC),16-24 ft.,17,78,154,1,0,20251107,ORL,BOS,13440,0,1627759|1628401|1629674|1630202|1630573,0,REG,2026,1610612738,,,,,
22500028357,,Shot Chart Detail,22500028,357,1627759,Jaylen Brown,1610612738,Boston Celtics,2,1,13,Missed Shot,Running Layup Shot,2PT Field Goal,In The Paint (Non-RA),Center(C),8-16 ft.,8,-2,89,1,0,20251107,ORL,BOS,13670,0,1627759|1628401|1629674|1630202|1630573,0,REG,2026,1610612738,,,,,
22500028362,,Shot Chart Detail,22500028,362,1628401,Derrick White,1610612738,Boston Celtics,2,0,36,Made Shot,Driving Finger Roll Layup Shot,2PT Field Goal,Restricted Area,Center(C),Less Than 8 ft.,1,-4,18,1,1,20251107,ORL,BOS,14040,0,1627759|1628401|1629674|1630202|1630573,0,REG,2026,1610612738,,,,,
22500028365,,Shot Chart Detail,22500028,365,1630573,Sam Hauser,1610612738,Boston Celtics,2,0,1,Missed Shot,Jump Shot,3PT Field Goal,Above the Break 3,Left Side Center(LC),24+ ft.,25,-167,196,1,0,20251107,ORL,BOS,14390,0,1627759|1628401|1629674|1630202|1630573,0,REG,2026,1610612738,,,,,
22500028376,,Shot Chart Detail,22500028,376,1628401,Derrick White,1610612738,Boston Celtics,3,11,42,Made Shot,Pullup Jump shot,2PT Field Goal,In The Paint (Non-RA),Left Side(L),8-16 ft.,14,-76,127,1,1,20251107,ORL,BOS,14580,0,1627759|1628401|1629674|1630202|1631169,0,REG,2026,1610612738,,,,,
22500028379,,Shot Chart Detail,22500028,379,1628401,Derrick White,1610612738,Boston Celtics,3,11,13,Missed Shot,Jump Shot,3PT Field Goal,Right Corner 3,Right Side(R),24+ ft.,22,227,14,1,0,20251107,ORL,BOS,14870,0,1627759|1628401|1629674|1630202|1631169,0,REG,2026,1610612738,,,,,
22500028383,,Shot Chart Detail,22500028,383,1630202,Payton Pritchard,1610612738,Boston Celtics,3,10,49,Missed Shot,Pullup Jump shot,2PT Field Goal,Mid-Range,Right Side(R),8-16 ft.,12,110,63,1,0,20251107,ORL,BOS,15110,0,1627759|1628401|1629674|1630202|1631169,0,REG,2026,1610612738,,,,,
22500028388,,Shot Chart Detail,22500028,388,1631169,Josh Minott,1610612738,Boston Celtics,3,10,25,Made Shot,Driving Finger Roll Layup Shot,2PT Field Goal,Restricted Area,Center(C),Less Than 8 ft.,3,10,35,1,1,20251107,ORL,BOS,15350,0,1627759|1628401|1629674|1630202|1631169,1,REG,2026,1610612738,,,,,
22500028392,,Shot Chart Detail,22500028,392,1627759,Jaylen Brown,1610612738,Boston Celtics,3,10,5,Made Shot,Pullup Jump shot,2PT Field Goal,Mid-Range,Right Side Center(RC),16-24 ft.,16,93,131,1,1,20251107,ORL,BOS,15550,0,1627759|1628401|1629674|1630202|1631169,1,REG,2026,1610612738,,,,,
22500028404,,Shot Chart Detail,22500028,404,1627759,Jaylen Brown,1610612738,Boston Celtics,3,9,3,Missed Shot,Driving Floating Jump Shot,2PT Field Goal,In The Paint (Non-RA),Center(C),Less Than 8 ft.,6,56,38,1,0,20251107,ORL,BOS,16170,0,1627759|1628401|1629674|1630202|1631169,0,REG,2026,1610612738,,,,,
22500028412,,Shot Chart Detail,22500028,412,1630202,Payton Pritchard,1610612738,Boston Celtics,3,8,48,Made Shot,Running Jump Shot,3PT Field Goal,Above the Break 3,Left Side Center(LC),24+ ft.,24,-219,114,1,1,20251107,ORL,BOS,16320,0,1627759|1628401|1629674|1630202|1631169,1,REG,2026,1610612738,,,,,
22500028417,,Shot Chart Detail,22500028,417,1627759,Jaylen Brown,1610612738,Boston Celtics,3,8,10,Made Shot,Pullup Jump shot,2PT Field Goal,Mid-Range,Center(C),8-16 ft.,15,-5,150,1,1,20251107,ORL,BOS,16700,0,1627759|1628401|1629674|1630202|1631169,1,REG,2026,1610612738,,,,,
22500028425,,Shot Chart Detail,22500028,425,1628401,Derrick White,1610612738,Boston Celtics,3,7,47,Missed Shot,Driving Floating Jump Shot,2PT Field Goal,In The Paint (Non-RA),Center(C),8-16 ft.,14,42,138,1,0,20251107,ORL,BOS,16930,0,1627759|1628401|1629674|1630202|1631169,0,REG,2026,1610612738,,,,,
22500028432,,Shot Chart Detail,22500028,432,1627759,Jaylen Brown,1610612738,Boston Celtics,3,7,17,Made Shot,Step Back Jump shot,2PT Field Goal,Mid-Range,Right Side Center(RC),16-24 ft.,16,92,134,1,1,20251107,ORL,BOS,17230,0,1627759|1628401|1629674|1630202|1631169,0,REG,2026,1610612738,,,,,
22500028435,,Shot Chart Detail,22500028,435,1631169,Josh Minott,1610612738,Boston Celtics,3,6,54,Missed Shot,Driving Layup Shot,2PT Field Goal,In The Paint (Non-RA),Center(C),Less Than 8 ft.,4,40,15,1,0,20251107,ORL,BOS,17460,0,1627759|1628401|1629674|1630202|1631169,0,REG,2026,1610612738,,,,,
22500028445,,Shot Chart Detail,22500028,445,1628401,Derrick White,1610612738,Boston Celtics,3,6,42,Missed Shot,Driving Layup Shot,2PT Field Goal,In The Paint (Non-RA),Center(C),Less Than 8 ft.,5,-39,36,1,0,20251107,ORL,BOS,17580,0,1627759|1628401|1629674|1630202|1631169,0,REG,2026,1610612738,,,,,
22500028451,,Shot Chart Detail,22500028,451,1627759,Jaylen Brown,1610612738,Boston Celtics,3,6,4,Made Shot,Driving Finger Roll Layup Shot,2PT Field Goal,Restricted Area,Center(C),Less Than 8 ft.,1,-4,16,1,1,20251107,ORL,BOS,17960,0,1627759|1628401|1629674|1630202|1631169,0,REG,2026,1610612738,,,,,
22500028463,,Shot Chart Detail,22500028,463,1627759,Jaylen Brown,1610612738,Boston Celtics,3,5,34,Made Shot,Driving Layup Shot,2PT Field Goal,Restricted Area,Center(C),Less Than 8 ft.,1,10,15,1,1,20251107,ORL,BOS,18260,0,1627759|1629014|1630202|1630568|1630573,0,REG,2026,1610612738,,,,,
22500028465,,Shot Chart Detail,22500028,465,1630202,Payton Pritchard,1610612738,Boston Celtics,3,5,13,Missed Shot,Step Back Jump shot,3PT Field Goal,Above the Break 3,Left Side Center(LC),24+ ft.,26,-151,213,1,0,20251107,ORL,BOS,18470,0,1627759|1629014|1630202|1630568|1630573,0,REG,2026,1610612738,,,,,
22500028469,,Shot Chart Detail,22500028,469,1627759,Jaylen Brown,1610612738,Boston Celtics,3,4,47,Made Shot,Pullup Jump shot,2PT Field Goal,Mid-Range,Center(C),8-16 ft.,14,27,147,1,1,20251107,ORL,BOS,18730,0,1627759|1629014|1630202|1630568|1630573,1,REG,2026,1610612738,,,,,
22500028476,,Shot Chart Detail,22500028,476,1627759,Jaylen Brown,1610612738,Boston Celtics,3,4,0,Made Shot,Driving Layup Shot,2PT Field Goal,Restricted Area,Center(C),Less Than 8 ft.,1,10,13,1,1,20251107,ORL,BOS,19200,0,1627759|1629014|1630202|1630568|1630573,0,REG,2026,1610612738,,,,,
22500028480,,Shot Chart Detail,22500028,480,1627759,Jaylen Brown,1610612738,Boston Celtics,3,3,39,Made Shot,Running Layup Shot,2PT Field Goal,Restricted Area,Center(C),Less Than 8 ft.,1,12,15,1,1,20251107,ORL,BOS,19410,0,1627759|1629014|1630202|1630568|1630573,0,REG,2026,1610612738,,,,,
22500028484,,Shot Chart Detail,22500028,484,1629014,Anfernee Simons,1610612738,Boston Celtics,3,3,4,Missed Shot,Running Jump Shot,3PT Field Goal,Above the Break 3,Center(C),24+ ft.,28,-9,285,1,0,20251107,ORL,BOS,19760,0,1627759|1629014|1630202|1630568|1630573,0,REG,2026,1610612738,,,,,
22500028487,,Shot Chart Detail,22500028,487,1627759,Jaylen Brown,1610612738,Boston Celtics,3,2,34,Missed Shot,Pullup Jump shot,3PT Field Goal,Above the Break 3,Left Side Center(LC),24+ ft.,26,-125,239,1,0,20251107,ORL,BOS,20060,0,1627759|1629014|1630202|1630568|1630573,0,REG,2026,1610612738,,,,,
22500028513,,Shot Chart Detail,22500028,513,1641775,Jordan Walsh,1610612738,Boston Celtics,3,1,10,Made Shot,Driving Layup Shot,2PT Field Goal,Restricted Area,Center(C),Less Than 8 ft.,2,21,21,1,1,20251107,ORL,BOS,20900,0,1629014|1629674|1630202|1630573|1641775,1,REG,2026,1610612738,,,,,
22500028517,,Shot Chart Detail,22500028,517,1630202,Payton Pritchard,1610612738,Boston Celtics,3,0,34,Missed Shot,Turnaround Fadeaway shot,2PT Field Goal,In The Paint (Non-RA),Right Side(R),8-16 ft.,13,80,105,1,0,20251107,ORL,BOS,21260,0,1629014|1629674|1630202|1630573|1641775,0,REG,2026,1610612738,,,,,
22500028522,,Shot Chart Detail,22500028,522,1629014,Anfernee Simons,1610612738,Boston Celtics,3,0,0,Missed Shot,Step Back Jump shot,3PT Field Goal,Above the Break 3,Left Side Center(LC),24+ ft.,27,-157,220,1,0,20251107,ORL,BOS,21600,0,1629014|1629674|1630202|1630573|1641775,0,REG,2026,1610612738,,,,,
22500028538,,Shot Chart Detail,22500028,538,1629014,Anfernee Simons,1610612738,Boston Celtics,4,11,21,Missed Shot,Pullup Jump shot,2PT Field Goal,Mid-Range,Center(C),16-24 ft.,17,1,172,1,0,20251107,ORL,BOS,21990,0,1628401|1629014|1629674|1641775|1642864,0,REG,2026,1610612738,,,,,
22500028543,,Shot Chart Detail,22500028,543,1629014,Anfernee Simons,1610612738,Boston Celtics,4,10,40,Made Shot,Jump Shot,3PT Field Goal,Above the Break 3,Left Side Center(LC),24+ ft.,25,-110,231,1,1,20251107,ORL,BOS,22400,0,1628401|1629014|1629674|1641775|1642864,1,REG,2026,1610612738,,,,,
22500028547,,Shot Chart Detail,22500028,547,1628401,Derrick White,1610612738,Boston Celtics,4,9,58,Missed Shot,Pullup Jump shot,3PT Field Goal,Above the Break 3,Center(C),24+ ft.,26,39,267,1,0,20251107,ORL,BOS,22820,0,1628401|1629014|1629674|1641775|1642864,0,REG,2026,1610612738,,,,,
22500028549,,Shot Chart Detail,22500028,549,1629014,Anfernee Simons,1610612738,Boston Celtics,4,9,52,Made Shot,Jump Shot,3PT Field Goal,Above the Break 3,Left Side Center(LC),24+ ft.,26,-207,159,1,1,20251107,ORL,BOS,22880,0,1628401|1629014|1629674|1641775|1642864,1,REG,2026,1610612738,,,,,
22500028564,,Shot Chart Detail,22500028,564,1628401,Derrick White,1610612738,Boston Celtics,4,9,12,Made Shot,Pullup Jump shot,3PT Field Goal,Above the Break 3,Right Side Center(RC),24+ ft.,25,115,230,1,1,20251107,ORL,BOS,23280,0,1628401|1629014|1631169|1641775|1642864,0,REG,2026,1610612738,,,,,
22500028567,,Shot Chart Detail,22500028,567,1629014,Anfernee Simons,1610612738,Boston Celtics,4,8,34,Made Shot,Step Back Jump shot,2PT Field Goal,Mid-Range,Left Side Center(LC),16-24 ft.,16,-124,111,1,1,20251107,ORL,BOS,23660,0,1628401|1629014|1631169|1641775|1642864,0,REG,2026,1610612738,,,,,
22500028602,,Shot Chart Detail,22500028,602,1629014,Anfernee Simons,1610612738,Boston Celtics,4,7,23,Made Shot,Jump Shot,3PT Field Goal,Above the Break 3,Right Side Center(RC),24+ ft.,24,188,159,1,1,20251107,ORL,BOS,24370,0,1627759|1628401|1629014|1629674|1631169,1,REG,2026,1610612738,,,,,
22500028611,,Shot Chart Detail,22500028,611,1628401,Derrick White,1610612738,Boston Celtics,4,6,48,Missed Shot,Jump Shot,3PT Field Goal,Above the Break 3,Right Side Center(RC),24+ ft.,27,205,177,1,0,20251107,ORL,BOS,24720,0,1627759|1628401|1629014|1629674|1631169,0,REG,2026,1610612738,,,,,
22500028619,,Shot Chart Detail,22500028,619,1627759,Jaylen Brown,1610612738,Boston Celtics,4,6,8,Made Shot,Step Back Jump shot,2PT Field Goal,Mid-Range,Center(C),16-24 ft.,17,-23,173,1,1,20251107,ORL,BOS,25120,0,1627759|1628401|1629014|1629674|1631169,0,REG,2026,1610612738,,,,,
22500028626,,Shot Chart Detail,22500028,626,1627759,Jaylen Brown,1610612738,Boston Celtics,4,5,30,Missed Shot,Pullup Jump shot,2PT Field Goal,Mid-Range,Right Side(R),8-16 ft.,15,87,127,1,0,20251107,ORL,BOS,25500,0,1627759|1628401|1629014|1629674|1631169,0,REG,2026,1610612738,,,,,
22500028633,,Shot Chart Detail,22500028,633,1627759,Jaylen Brown,1610612738,Boston Celtics,4,4,57,Missed Shot,Jump Shot,3PT Field Goal,Above the Break 3,Left Side Center(LC),24+ ft.,24,-143,199,1,0,20251107,ORL,BOS,25830,0,1627759|1628401|1629674|1630202|1631169,0,REG,2026,1610612738,,,,,
22500028637,,Shot Chart Detail,22500028,637,1629674,Neemias Queta,1610612738,Boston Celtics,4,4,25,Missed Shot,Cutting Layup Shot,2PT Field Goal,Restricted Area,Center(C),Less Than 8 ft.,1,16,6,1,0,20251107,ORL,BOS,26150,0,1627759|1628401|1629674|1630202|1631169,0,REG,2026,1610612738,,,,,
22500028648,,Shot Chart Detail,22500028,648,1627759,Jaylen Brown,1610612738,Boston Celtics,4,3,52,Missed Shot,Turnaround Fadeaway shot,2PT Field Goal,Mid-Range,Left Side(L),8-16 ft.,12,-124,4,1,0,20251107,ORL,BOS,26480,0,1627759|1628401|1629674|1630202|1631169,0,REG,2026,1610612738,,,,,
22500028650,,Shot Chart Detail,22500028,650,1629674,Neemias Queta,1610612738,Boston Celtics,4,3,49,Missed Shot,Tip Layup Shot,2PT Field Goal,Restricted Area,Center(C),Less Than 8 ft.,0,0,0,1,0,20251107,ORL,BOS,26510,0,1627759|1628401|1629674|1630202|1631169,0,REG,2026,1610612738,,,,,
22500028652,,Shot Chart Detail,22500028,652,1629674,Neemias Queta,1610612738,Boston Celtics,4,3,47,Missed Shot,Tip Layup Shot,2PT Field Goal,Restricted Area,Center(C),Less Than 8 ft.,0,0,0,1,0,20251107,ORL,BOS,26530,0,1627759|1628401|1629674|1630202|1631169,0,REG,2026,1610612738,,,,,
22500028659,,Shot Chart Detail,22500028,659,1629674,Neemias Queta,1610612738,Boston Celtics,4,3,20,Made Shot,Layup Shot,2PT Field Goal,Restricted Area,Center(C),Less Than 8 ft.,1,-15,-4,1,1,20251107,ORL,BOS,26800,0,1627759|1628401|1629674|1630202|1631169,1,REG,2026,1610612738,,,,,
22500028672,,Shot Chart Detail,22500028,672,1630202,Payton Pritchard,1610612738,Boston Celtics,4,2,21,Made Shot,Driving Layup Shot,2PT Field Goal,Restricted Area,Center(C),Less Than 8 ft.,1,16,5,1,1,20251107,ORL,BOS,27390,0,1627759|1628401|1629014|1630202|1631169,1,REG,2026,1610612738,,,,,
22500028685,,Shot Chart Detail,22500028,685,1628401,Derrick White,1610612738,Boston Celtics,4,1,48,Made Shot,Driving Layup Shot,2PT Field Goal,Restricted Area,Center(C),Less Than 8 ft.,1,2,13,1,1,20251107,ORL,BOS,27720,0,1627759|1628401|1629014|1630202|1631169,1,REG,2026,1610612738,,,,,
22500028693,,Shot Chart Detail,22500028,693,1627759,Jaylen Brown,1610612738,Boston Celtics,4,1,29,Missed Shot,Driving Layup Shot,2PT Field Goal,Restricted Area,Center(C),Less Than 8 ft.,3,20,32,1,0,20251107,ORL,BOS,27910,0,1627759|1628401|1629014|1630202|1630573,0,REG,2026,1610612738,,,,,
22500028699,,Shot Chart Detail,22500028,699,1630202,Payton Pritchard,1610612738,Boston Celtics,4,1,27,Made Shot,Jump Shot,3PT Field Goal,Left Corner 3,Left Side(L),24+ ft.,23,-232,-25,1,1,20251107,ORL,BOS,27930,0,1627759|1628401|1629014|1630202|1630573,1,REG,2026,1610612738,,,,,
22500028705,,Shot Chart Detail,22500028,705,1628401,Derrick White,1610612738,Boston Celtics,4,1,0,Made Shot,Driving Layup Shot,2PT Field Goal,Restricted Area,Center(C),Less Than 8 ft.,1,-2,13,1,1,20251107,ORL,BOS,28200,0,1627759|1628401|1629014|1630202|1630573,1,REG,2026,1610612738,,,,,
22500028727,,Shot Chart Detail,22500028,727,1630202,Payton Pritchard,1610612738,Boston Celtics,4,0,0,Missed Shot,Driving Layup Shot,2PT Field Goal,Restricted Area,Center(C),Less Than 8 ft.,3,-29,11,1,0,20251107,ORL,BOS,28800,0,1628401|1629014|1629674|1630202|1630573,0,REG,2026,1610612738,,,,,
22500028732,,Shot Chart Detail,22500028,732,1630202,Payton Pritchard,1610612738,Boston Celtics,4,0,0,Missed Shot,Jump Shot,3PT Field Goal,Above the Break 3,Left Side Center(LC),24+ ft.,26,-210,155,1,0,20251107,ORL,BOS,28800,0,1628401|1629014|1629674|1630202|1630573,0,REG,2026,1610612738,,,,,
225000499,,Shot Chart Detail,22500049,9,1627759,Jaylen Brown,1610612738,Boston Celtics,1,11,33,Made Shot,Layup Shot,2PT Field Goal,Restricted Area,Center(C),Less Than 8 ft.,1,11,7,1,1,20251121,BOS,BKN,270,0,1627759|1628401|1629674|1630202|1641775,0,REG,2026,1610612738,,,,,
2250004912,,Shot Chart Detail,22500049,12,1627759,Jaylen Brown,1610612738,Boston Celtics,1,11,11,Missed Shot,Pullup Jump shot,3PT Field Goal,Above the Break 3,Right Side Center(RC),24+ ft.,26,86,249,1,0,20251121,BOS,BKN,490,0,1627759|1628401|1629674|1630202|1641775,0,REG,2026,1610612738,,,,,
2250004916,,Shot Chart Detail,22500049,16,1627759,Jaylen Brown,1610612738,Boston Celtics,1,10,54,Missed Shot,Running Layup Shot,2PT Field Goal,In The Paint (Non-RA),Center(C),Less Than 8 ft.,6,-51,36,1,0,20251121,BOS,BKN,660,0,1627759|1628401|1629674|1630202|1641775,0,REG,2026,1610612738,,,,,
2250004922,,Shot Chart Detail,22500049,22,1629674,Neemias Queta,1610612738,Boston Celtics,1,10,19,Missed Shot,Cutting Layup Shot,2PT Field Goal,Restricted Area,Center(C),Less Than 8 ft.,1,17,7,1,0,20251121,BOS,BKN,1010,0,1627759|1628401|1629674|1630202|1641775,0,REG,2026,1610612738,,,,,
2250004924,,Shot Chart Detail,22500049,24,1629674,Neemias Queta,1610612738,Boston Celtics,1,10,17,Missed Shot,Putback Layup Shot,2PT Field Goal,Restricted Area,Center(C),Less Than 8 ft.,2,16,18,1,0,20251121,BOS,BKN,1030,0,1627759|1628401|1629674|1630202|1641775,0,REG,2026,1610612738,,,,,
2250004934,,Shot Chart Detail,22500049,34,1628401,Derrick White,1610612738,Boston Celtics,1,9,41,Missed Shot,Jump Shot,3PT Field Goal,Above the Break 3,Right Side Center(RC),24+ ft.,24,156,190,1,0,20251121,BOS,BKN,1390,0,1627759|1628401|1629674|1630202|1641775,0,REG,2026,1610612738,,,,,
2250004938,,Shot Chart Detail,22500049,38,1630202,Payton Pritchard,1610612738,Boston Celtics,1,9,22,Missed Shot,Jump Shot,3PT Field Goal,Above the Break 3,Right Side Center(RC),24+ ft.,24,216,123,1,0,20251121,BOS,BKN,1580,0,1627759|1628401|1629674|1630202|1641775,0,REG,2026,1610612738,,,,,
2250004941,,Shot Chart Detail,22500049,41,1629674,Neemias Queta,1610612738,Boston Celtics,1,8,50,Missed Shot,Driving Layup Shot,2PT Field Goal,In The Paint (Non-RA),Center(C),Less Than 8 ft.,4,-6,47,1,0,20251121,BOS,BKN,1900,0,1627759|1628401|1629674|1630202|1641775,0,REG,2026,1610612738,,,,,
2250004943,,Shot Chart Detail,22500049,43,1629674,Neemias Queta,1610612738,Boston Celtics,1,8,48,Made Shot,Putback Layup Shot,2PT Field Goal,Restricted Area,Center(C),Less Than 8 ft.,3,-11,38,1,1,20251121,BOS,BKN,1920,0,1627759|1628401|1629674|1630202|1641775,0,REG,2026,1610612738,,,,,
2250004949,,Shot Chart Detail,22500049,49,1641775,Jordan Walsh,1610612738,Boston Celtics,1,8,18,Made Shot,Jump Shot,3PT Field Goal,Above the Break 3,Center(C),24+ ft.,25,-76,246,1,1,20251121,BOS,BKN,2220,0,1627759|1628401|1629674|1630202|1641775,1,REG,2026,1610612738,,,,,
2250004953,,Shot Chart Detail,22500049,53,1641775,Jordan Walsh,1610612738,Boston Celtics,1,7,42,Missed Shot,Jump Shot,3PT Field Goal,Above the Break 3,Right Side Center(RC),24+ ft.,26,112,237,1,0,20251121,BOS,BKN,2580,0,1627759|1628401|1629674|1630202|1641775,0,REG,2026,1610612738,,,,,
2250004958,,Shot Chart Detail,22500049,58,1627759,Jaylen Brown,1610612738,Boston Celtics,1,7,16,Made Shot,Driving Floating Jump Shot,2PT Field Goal,In The Paint (Non-RA),Center(C),Less Than 8 ft.,6,-27,57,1,1,20251121,BOS,BKN,2840,0,1627759|1628401|1629674|1630202|1641775,0,REG,2026,1610612738,,,,,
2250004960,,Shot Chart Detail,22500049,60,1627759,Jaylen Brown,1610612738,Boston Celtics,1,6,38,Made Shot,Jump Shot,3PT Field Goal,Right Corner 3,Right Side(R),24+ ft.,23,224,65,1,1,20251121,BOS,BKN,3220,0,1627759|1628401|1629674|1630202|1641775,1,REG,2026,1610612738,,,,,
2250004976,,Shot Chart Detail,22500049,76,1629014,Anfernee Simons,1610612738,Boston Celtics,1,5,53,Missed Shot,Jump Shot,3PT Field Goal,Above the Break 3,Center(C),24+ ft.,26,16,264,1,0,20251121,BOS,BKN,3670,0,1627759|1629014|1629674|1630202|1630573,0,REG,2026,1610612738,,,,,
2250004980,,Shot Chart Detail,22500049,80,1630573,Sam Hauser,1610612738,Boston Celtics,1,5,31,Missed Shot,Jump Shot,3PT Field Goal,Above the Break 3,Center(C),24+ ft.,29,-32,295,1,0,20251121,BOS,BKN,3890,0,1627759|1629014|1629674|1630202|1630573,0,REG,2026,1610612738,,,,,
2250004988,,Shot Chart Detail,22500049,88,1629014,Anfernee Simons,1610612738,Boston Celtics,1,4,52,Missed Shot,Driving Floating Jump Shot,2PT Field Goal,In The Paint (Non-RA),Center(C),8-16 ft.,11,55,100,1,0,20251121,BOS,BKN,4280,0,1627759|1629014|1630202|1630568|1630573,0,REG,2026,1610612738,,,,,
2250004990,,Shot Chart Detail,22500049,90,1630568,Luka Garza,1610612738,Boston Celtics,1,4,51,Missed Shot,Tip Layup Shot,2PT Field Goal,Restricted Area,Center(C),Less Than 8 ft.,0,0,0,1,0,20251121,BOS,BKN,4290,0,1627759|1629014|1630202|1630568|1630573,0,REG,2026,1610612738,,,,,
2250004992,,Shot Chart Detail,22500049,92,1630573,Sam Hauser,1610612738,Boston Celtics,1,4,49,Missed Shot,Jump Shot,3PT Field Goal,Above the Break 3,Left Side Center(LC),24+ ft.,27,-114,251,1,0,20251121,BOS,BKN,4310,0,1627759|1629014|1630202|1630568|1630573,0,REG,2026,1610612738,,,,,
22500049101,,Shot Chart Detail,22500049,101,1630202,Payton Pritchard,1610612738,Boston Celtics,1,4,14,Missed Shot,Pullup Jump shot,2PT Field Goal,Mid-Range,Right Side(R),8-16 ft.,8,81,39,1,0,20251121,BOS,BKN,4660,0,1627759|1629014|1630202|1630568|1630573,0,REG,2026,1610612738,,,,,
22500049104,,Shot Chart Detail,22500049,104,1630568,Luka Garza,1610612738,Boston Celtics,1,3,44,Missed Shot,Turnaround Hook Shot,2PT Field Goal,Mid-Range,Right Side(R),8-16 ft.,9,89,26,1,0,20251121,BOS,BKN,4960,0,1627759|1629014|1630202|1630568|1630573,0,REG,2026,1610612738,,,,,
22500049108,,Shot Chart Detail,22500049,108,1630202,Payton Pritchard,1610612738,Boston Celtics,1,3,23,Made Shot,Jump Shot,3PT Field Goal,Above the Break 3,Left Side Center(LC),24+ ft.,26,-165,204,1,1,20251121,BOS,BKN,5170,0,1627759|1629014|1630202|1630568|1630573,1,REG,2026,1610612738,,,,,
22500049121,,Shot Chart Detail,22500049,121,1630202,Payton Pritchard,1610612738,Boston Celtics,1,2,26,Made Shot,Jump Shot,3PT Field Goal,Above the Break 3,Right Side Center(RC),24+ ft.,26,163,204,1,1,20251121,BOS,BKN,5740,0,1627759|1629014|1630202|1630568|1630573,1,REG,2026,1610612738,,,,,
22500049127,,Shot Chart Detail,22500049,127,1629014,Anfernee Simons,1610612738,Boston Celtics,1,1,56,Made Shot,Cutting Layup Shot,2PT Field Goal,Restricted Area,Center(C),Less Than 8 ft.,0,2,7,1,1,20251121,BOS,BKN,6040,0,1627759|1629014|1630202|1630568|1630573,1,REG,2026,1610612738,,,,,
22500049131,,Shot Chart Detail,22500049,131,1630568,Luka Garza,1610612738,Boston Celtics,1,1,34,Made Shot,Jump Shot,3PT Field Goal,Above the Break 3,Center(C),24+ ft.,26,-18,268,1,1,20251121,BOS,BKN,6260,0,1627759|1629014|1630202|1630568|1630573,1,REG,2026,1610612738,,,,,
22500049135,,Shot Chart Detail,22500049,135,1630202,Payton Pritchard,1610612738,Boston Celtics,1,0,57,Made Shot,Step Back Jump shot,3PT Field Goal,Above the Break 3,Center(C),24+ ft.,25,-43,256,1,1,20251121,BOS,BKN,6630,0,1627759|1629014|1630202|1630568|1630573,0,REG,2026,1610612738,,,,,
22500049138,,Shot Chart Detail,22500049,138,1630568,Luka Garza,1610612738,Boston Celtics,1,0,34,Missed Shot,Floating Jump shot,2PT Field Goal,In The Paint (Non-RA),Center(C),8-16 ft.,10,-4,105,1,0,20251121,BOS,BKN,6860,0,1627759|1629014|1630202|1630568|1630573,0,REG,2026,1610612738,,,,,
22500049142,,Shot Chart Detail,22500049,142,1627759,Jaylen Brown,1610612738,Boston Celtics,1,0,1,Missed Shot,Pullup Jump shot,2PT Field Goal,In The Paint (Non-RA),Center(C),8-16 ft.,10,-45,95,1,0,20251121,BOS,BKN,7190,0,1627759|1629014|1630202|1630568|1630573,0,REG,2026,1610612738,,,,,
22500049161,,Shot Chart Detail,22500049,161,1628401,Derrick White,1610612738,Boston Celtics,2,11,28,Missed Shot,Driving Floating Jump Shot,2PT Field Goal,In The Paint (Non-RA),Left Side(L),8-16 ft.,13,-69,116,1,0,20251121,BOS,BKN,7520,0,1628401|1629014|1629674|1631169|1631248,0,REG,2026,1610612738,,,,,
22500049164,,Shot Chart Detail,22500049,164,1631248,Baylor Scheierman,1610612738,Boston Celtics,2,11,3,Made Shot,Cutting Layup Shot,2PT Field Goal,In The Paint (Non-RA),Center(C),Less Than 8 ft.,4,-38,17,1,1,20251121,BOS,BKN,7770,0,1628401|1629014|1629674|1631169|1631248,1,REG,2026,1610612738,,,,,
22500049170,,Shot Chart Detail,22500049,170,1628401,Derrick White,1610612738,Boston Celtics,2,10,25,Missed Shot,Jump Shot,3PT Field Goal,Above the Break 3,Left Side Center(LC),24+ ft.,31,-152,280,1,0,20251121,BOS,BKN,8150,0,1628401|1629014|1629674|1631169|1631248,0,REG,2026,1610612738,,,,,
22500049174,,Shot Chart Detail,22500049,174,1628401,Derrick White,1610612738,Boston Celtics,2,9,54,Missed Shot,Driving Floating Jump Shot,2PT Field Goal,Mid-Range,Left Side(L),8-16 ft.,15,-113,107,1,0,20251121,BOS,BKN,8460,0,1628401|1629014|1629674|1631169|1631248,0,REG,2026,1610612738,,,,,
22500049180,,Shot Chart Detail,22500049,180,1629674,Neemias Queta,1610612738,Boston Celtics,2,9,27,Missed Shot,Cutting Dunk Shot,2PT Field Goal,Restricted Area,Center(C),Less Than 8 ft.,1,-11,7,1,0,20251121,BOS,BKN,8730,0,1628401|1629014|1629674|1631169|1631248,0,REG,2026,1610612738,,,,,
22500049188,,Shot Chart Detail,22500049,188,1629014,Anfernee Simons,1610612738,Boston Celtics,2,9,11,Made Shot,Jump Shot,3PT Field Goal,Above the Break 3,Left Side Center(LC),24+ ft.,26,-142,221,1,1,20251121,BOS,BKN,8890,0,1628401|1629014|1629674|1631169|1631248,1,REG,2026,1610612738,,,,,
22500049202,,Shot Chart Detail,22500049,202,1629014,Anfernee Simons,1610612738,Boston Celtics,2,8,30,Made Shot,Jump Shot,3PT Field Goal,Above the Break 3,Left Side Center(LC),24+ ft.,26,-150,218,1,1,20251121,BOS,BKN,9300,0,1628401|1629014|1629674|1631169|1631248,1,REG,2026,1610612738,,,,,
22500049212,,Shot Chart Detail,22500049,212,1629674,Neemias Queta,1610612738,Boston Celtics,2,7,54,Made Shot,Turnaround Hook Shot,2PT Field Goal,Restricted Area,Center(C),Less Than 8 ft.,3,27,17,1,1,20251121,BOS,BKN,9660,0,1628401|1629014|1629674|1631169|1631248,1,REG,2026,1610612738,,,,,
22500049216,,Shot Chart Detail,22500049,216,1629674,Neemias Queta,1610612738,Boston Celtics,2,7,34,Made Shot,Cutting Dunk Shot,2PT Field Goal,Restricted Area,Center(C),Less Than 8 ft.,1,-1,16,1,1,20251121,BOS,BKN,9860,0,1628401|1629014|1629674|1631169|1631248,1,REG,2026,1610612738,,,,,
22500049220,,Shot Chart Detail,22500049,220,1628401,Derrick White,1610612738,Boston Celtics,2,7,6,Made Shot,Pullup Jump shot,2PT Field Goal,Mid-Range,Left Side Center(LC),16-24 ft.,17,-96,151,1,1,20251121,BOS,BKN,10140,0,1628401|1629014|1629674|1631169|1631248,1,REG,2026,1610612738,,,,,
22500049240,,Shot Chart Detail,22500049,240,1627759,Jaylen Brown,1610612738,Boston Celtics,2,6,26,Missed Shot,Jump Shot,3PT Field Goal,Right Corner 3,Right Side(R),24+ ft.,22,225,25,1,0,20251121,BOS,BKN,10540,0,1627759|1630202|1630568|1630573|1641775,0,REG,2026,1610612738,,,,,
22500049244,,Shot Chart Detail,22500049,244,1630202,Payton Pritchard,1610612738,Boston Celtics,2,6,4,Missed Shot,Running Jump Shot,3PT Field Goal,Above the Break 3,Left Side Center(LC),24+ ft.,30,-130,272,1,0,20251121,BOS,BKN,10760,0,1627759|1630202|1630568|1630573|1641775,0,REG,2026,1610612738,,,,,
22500049252,,Shot Chart Detail,22500049,252,1641775,Jordan Walsh,1610612738,Boston Celtics,2,5,35,Missed Shot,Driving Finger Roll Layup Shot,2PT Field Goal,In The Paint (Non-RA),Center(C),Less Than 8 ft.,4,-44,17,1,0,20251121,BOS,BKN,11050,0,1627759|1630202|1630568|1630573|1641775,0,REG,2026,1610612738,,,,,
22500049261,,Shot Chart Detail,22500049,261,1630202,Payton Pritchard,1610612738,Boston Celtics,2,5,1,Made Shot,Driving Layup Shot,2PT Field Goal,In The Paint (Non-RA),Center(C),Less Than 8 ft.,6,-51,32,1,1,20251121,BOS,BKN,11390,0,1627759|1630202|1630568|1630573|1641775,1,REG,2026,1610612738,,,,,
22500049282,,Shot Chart Detail,22500049,282,1629014,Anfernee Simons,1610612738,Boston Celtics,2,4,12,Made Shot,Running Dunk Shot,2PT Field Goal,Restricted Area,Center(C),Less Than 8 ft.,0,-7,1,1,1,20251121,BOS,BKN,11880,0,1627759|1628401|1629014|1630202|1630568,0,REG,2026,1610612738,,,,,
22500049294,,Shot Chart Detail,22500049,294,1628401,Derrick White,1610612738,Boston Celtics,2,3,23,Made Shot,Jump Shot,3PT Field Goal,Right Corner 3,Right Side(R),24+ ft.,24,235,81,1,1,20251121,BOS,BKN,12370,0,1627759|1628401|1629014|1629674|1630202,1,REG,2026,1610612738,,,,,
22500049298,,Shot Chart Detail,22500049,298,1628401,Derrick White,1610612738,Boston Celtics,2,2,48,Missed Shot,Jump Shot,3PT Field Goal,Above the Break 3,Left Side Center(LC),24+ ft.,26,-127,233,1,0,20251121,BOS,BKN,12720,0,1627759|1628401|1629014|1629674|1630202,0,REG,2026,1610612738,,,,,
22500049312,,Shot Chart Detail,22500049,312,1627759,Jaylen Brown,1610612738,Boston Celtics,2,2,0,Missed Shot,Pullup Jump shot,2PT Field Goal,Mid-Range,Right Side Center(RC),16-24 ft.,16,69,152,1,0,20251121,BOS,BKN,13200,0,1627759|1628401|1629014|1630202|1630568,0,REG,2026,1610612738,,,,,
22500049318,,Shot Chart Detail,22500049,318,1628401,Derrick White,1610612738,Boston Celtics,2,1,25,Missed Shot,Step Back Jump shot,3PT Field Goal,Above the Break 3,Left Side Center(LC),24+ ft.,27,-178,216,1,0,20251121,BOS,BKN,13550,0,1627759|1628401|1629014|1630202|1630568,0,REG,2026,1610612738,,,,,
22500049334,,Shot Chart Detail,22500049,334,1627759,Jaylen Brown,1610612738,Boston Celtics,2,0,30,Made Shot,Driving Layup Shot,2PT Field Goal,In The Paint (Non-RA),Center(C),Less Than 8 ft.,4,28,33,1,1,20251121,BOS,BKN,14100,0,1627759|1628401|1629014|1630202|1631169,1,REG,2026,1610612738,,,,,
22500049350,,Shot Chart Detail,22500049,350,1627759,Jaylen Brown,1610612738,Boston Celtics,3,11,45,Made Shot,Pullup Jump shot,2PT Field Goal,Mid-Range,Right Side Center(RC),16-24 ft.,18,83,161,1,1,20251121,BOS,BKN,14550,0,1627759|1628401|1629674|1630202|1641775,1,REG,2026,1610612738,,,,,
22500049356,,Shot Chart Detail,22500049,356,1627759,Jaylen Brown,1610612738,Boston Celtics,3,11,12,Missed Shot,Running Pull-Up Jump Shot,3PT Field Goal,Above the Break 3,Right Side Center(RC),24+ ft.,27,114,246,1,0,20251121,BOS,BKN,14880,0,1627759|1628401|1629674|1630202|1641775,0,REG,2026,1610612738,,,,,
22500049363,,Shot Chart Detail,22500049,363,1630202,Payton Pritchard,1610612738,Boston Celtics,3,10,41,Missed Shot,Jump Shot,3PT Field Goal,Above the Break 3,Center(C),24+ ft.,28,45,279,1,0,20251121,BOS,BKN,15190,0,1627759|1628401|1629674|1630202|1641775,0,REG,2026,1610612738,,,,,
22500049368,,Shot Chart Detail,22500049,368,1629674,Neemias Queta,1610612738,Boston Celtics,3,10,1,Made Shot,Driving Hook Shot,2PT Field Goal,In The Paint (Non-RA),Center(C),Less Than 8 ft.,6,1,63,1,1,20251121,BOS,BKN,15590,0,1627759|1628401|1629674|1630202|1641775,1,REG,2026,1610612738,,,,,
22500049372,,Shot Chart Detail,22500049,372,1641775,Jordan Walsh,1610612738,Boston Celtics,3,9,46,Made Shot,Running Dunk Shot,2PT Field Goal,Restricted Area,Center(C),Less Than 8 ft.,0,-2,-6,1,1,20251121,BOS,BKN,15740,0,1627759|1628401|1629674|1630202|1641775,0,REG,2026,1610612738,,,,,
22500049375,,Shot Chart Detail,22500049,375,1628401,Derrick White,1610612738,Boston Celtics,3,9,17,Missed Shot,Pullup Jump shot,3PT Field Goal,Above the Break 3,Right Side Center(RC),24+ ft.,24,151,195,1,0,20251121,BOS,BKN,16030,0,1627759|1628401|1629674|1630202|1641775,0,REG,2026,1610612738,,,,,
22500049397,,Shot Chart Detail,22500049,397,1627759,Jaylen Brown,1610612738,Boston Celtics,3,7,45,Made Shot,Driving Layup Shot,2PT Field Goal,Restricted Area,Center(C),Less Than 8 ft.,3,25,17,1,1,20251121,BOS,BKN,16950,0,1627759|1628401|1630202|1630568|1641775,1,REG,2026,1610612738,,,,,
22500049408,,Shot Chart Detail,22500049,408,1627759,Jaylen Brown,1610612738,Boston Celtics,3,7,11,Made Shot,Driving Floating Jump Shot,2PT Field Goal,In The Paint (Non-RA),Center(C),Less Than 8 ft.,6,-7,64,1,1,20251121,BOS,BKN,17290,0,1627759|1628401|1629674|1630202|1641775,1,REG,2026,1610612738,,,,,
22500049411,,Shot Chart Detail,22500049,411,1627759,Jaylen Brown,1610612738,Boston Celtics,3,6,28,Missed Shot,Driving Floating Jump Shot,2PT Field Goal,In The Paint (Non-RA),Center(C),Less Than 8 ft.,6,-27,64,1,0,20251121,BOS,BKN,17720,0,1627759|1628401|1629674|1630202|1641775,0,REG,2026,1610612738,,,,,
22500049413,,Shot Chart Detail,22500049,413,1629674,Neemias Queta,1610612738,Boston Celtics,3,6,27,Made Shot,Tip Layup Shot,2PT Field Goal,Restricted Area,Center(C),Less Than 8 ft.,0,0,0,1,1,20251121,BOS,BKN,17730,0,1627759|1628401|1629674|1630202|1641775,0,REG,2026,1610612738,,,,,
22500049437,,Shot Chart Detail,22500049,437,1629014,Anfernee Simons,1610612738,Boston Celtics,3,5,18,Made Shot,Pullup Jump shot,2PT Field Goal,Mid-Range,Left Side(L),8-16 ft.,14,-119,77,1,1,20251121,BOS,BKN,18420,0,1628401|1629014|1630202|1630568|1630573,0,REG,2026,1610612738,,,,,
22500049485,,Shot Chart Detail,22500049,485,1629014,Anfernee Simons,1610612738,Boston Celtics,3,4,55,Missed Shot,Jump Shot,3PT Field Goal,Above the Break 3,Left Side Center(LC),24+ ft.,25,-130,216,1,0,20251121,BOS,BKN,18650,0,1628401|1629014|1630202|1630568|1630573,0,REG,2026,1610612738,,,,,
22500049454,,Shot Chart Detail,22500049,454,1630202,Payton Pritchard,1610612738,Boston Celtics,3,4,16,Missed Shot,Driving Layup Shot,2PT Field Goal,In The Paint (Non-RA),Center(C),Less Than 8 ft.,7,53,51,1,0,20251121,BOS,BKN,19040,0,1629014|1630202|1630568|1630573|1631248,0,REG,2026,1610612738,,,,,
22500049458,,Shot Chart Detail,22500049,458,1629014,Anfernee Simons,1610612738,Boston Celtics,3,3,57,Made Shot,Driving Finger Roll Layup Shot,2PT Field Goal,Restricted Area,Center(C),Less Than 8 ft.,2,-25,-6,1,1,20251121,BOS,BKN,19230,0,1629014|1630202|1630568|1630573|1631248,0,REG,2026,1610612738,,,,,
22500049469,,Shot Chart Detail,22500049,469,1629014,Anfernee Simons,1610612738,Boston Celtics,3,3,18,Missed Shot,Step Back Jump shot,3PT Field Goal,Above the Break 3,Right Side Center(RC),24+ ft.,27,159,221,1,0,20251121,BOS,BKN,19620,0,1629014|1630202|1630568|1630573|1631248,0,REG,2026,1610612738,,,,,
22500049471,,Shot Chart Detail,22500049,471,1630202,Payton Pritchard,1610612738,Boston Celtics,3,3,11,Missed Shot,Jump Shot,3PT Field Goal,Above the Break 3,Center(C),24+ ft.,26,-55,262,1,0,20251121,BOS,BKN,19690,0,1629014|1630202|1630568|1630573|1631248,0,REG,2026,1610612738,,,,,
22500049475,,Shot Chart Detail,22500049,475,1630573,Sam Hauser,1610612738,Boston Celtics,3,2,47,Missed Shot,Running Jump Shot,3PT Field Goal,Above the Break 3,Center(C),24+ ft.,30,-71,294,1,0,20251121,BOS,BKN,19930,0,1629014|1630202|1630568|1630573|1631248,0,REG,2026,1610612738,,,,,
22500049482,,Shot Chart Detail,22500049,482,1629014,Anfernee Simons,1610612738,Boston Celtics,3,2,6,Missed Shot,Driving Finger Roll Layup Shot,2PT Field Goal,In The Paint (Non-RA),Center(C),Less Than 8 ft.,6,-51,32,1,0,20251121,BOS,BKN,20340,0,1629014|1630202|1630568|1630573|1631248,0,REG,2026,1610612738,,,,,
22500049494,,Shot Chart Detail,22500049,494,1630202,Payton Pritchard,1610612738,Boston Celtics,3,1,20,Missed Shot,Pullup Jump shot,3PT Field Goal,Above the Break 3,Left Side Center(LC),24+ ft.,25,-127,216,1,0,20251121,BOS,BKN,20800,0,1629014|1630202|1630568|1630573|1631248,0,REG,2026,1610612738,,,,,
22500049502,,Shot Chart Detail,22500049,502,1630568,Luka Garza,1610612738,Boston Celtics,3,0,43,Made Shot,Jump Shot,3PT Field Goal,Above the Break 3,Center(C),24+ ft.,25,44,253,1,1,20251121,BOS,BKN,21170,0,1629014|1630202|1630568|1630573|1631248,1,REG,2026,1610612738,,,,,
22500049505,,Shot Chart Detail,22500049,505,1629014,Anfernee Simons,1610612738,Boston Celtics,3,0,10,Made Shot,Driving Finger Roll Layup Shot,2PT Field Goal,In The Paint (Non-RA),Center(C),Less Than 8 ft.,7,66,32,1,1,20251121,BOS,BKN,21500,0,1629014|1630202|1630568|1630573|1631248,0,REG,2026,1610612738,,,,,
22500049523,,Shot Chart Detail,22500049,523,1629014,Anfernee Simons,1610612738,Boston Celtics,4,11,28,Made Shot,Driving Floating Jump Shot,2PT Field Goal,Mid-Range,Left Side(L),8-16 ft.,11,-109,50,1,1,20251121,BOS,BKN,21920,0,1628401|1629014|1629674|1641775|1642864,0,REG,2026,1610612738,,,,,
22500049540,,Shot Chart Detail,22500049,540,1642864,Hugo González,1610612738,Boston Celtics,4,10,15,Missed Shot,Driving Floating Jump Shot,2PT Field Goal,Mid-Range,Left Side(L),8-16 ft.,10,-108,17,1,0,20251121,BOS,BKN,22650,0,1628401|1629014|1629674|1641775|1642864,0,REG,2026,1610612738,,,,,
22500049542,,Shot Chart Detail,22500049,542,1629674,Neemias Queta,1610612738,Boston Celtics,4,10,14,Made Shot,Tip Layup Shot,2PT Field Goal,Restricted Area,Center(C),Less Than 8 ft.,0,0,0,1,1,20251121,BOS,BKN,22660,0,1628401|1629014|1629674|1641775|1642864,0,REG,2026,1610612738,,,,,
22500049545,,Shot Chart Detail,22500049,545,1629014,Anfernee Simons,1610612738,Boston Celtics,4,9,30,Made Shot,Driving Floating Jump Shot,2PT Field Goal,In The Paint (Non-RA),Right Side(R),8-16 ft.,9,64,68,1,1,20251121,BOS,BKN,23100,0,1628401|1629014|1629674|1641775|1642864,0,REG,2026,1610612738,,,,,
22500049554,,Shot Chart Detail,22500049,554,1628401,Derrick White,1610612738,Boston Celtics,4,8,47,Missed Shot,Driving Layup Shot,2PT Field Goal,Mid-Range,Left Side(L),8-16 ft.,9,-89,17,1,0,20251121,BOS,BKN,23530,0,1628401|1629014|1629674|1641775|1642864,0,REG,2026,1610612738,,,,,
22500049556,,Shot Chart Detail,22500049,556,1629674,Neemias Queta,1610612738,Boston Celtics,4,8,45,Made Shot,Tip Layup Shot,2PT Field Goal,Restricted Area,Center(C),Less Than 8 ft.,0,0,0,1,1,20251121,BOS,BKN,23550,0,1628401|1629014|1629674|1641775|1642864,0,REG,2026,1610612738,,,,,
22500049576,,Shot Chart Detail,22500049,576,1641775,Jordan Walsh,1610612738,Boston Celtics,4,7,27,Missed Shot,Reverse Layup Shot,2PT Field Goal,Restricted Area,Center(C),Less Than 8 ft.,3,-31,-6,1,0,20251121,BOS,BKN,24330,0,1627759|1628401|1629014|1629674|1641775,0,REG,2026,1610612738,,,,,
22500049582,,Shot Chart Detail,22500049,582,1641775,Jordan Walsh,1610612738,Boston Celtics,4,7,5,Made Shot,Running Layup Shot,2PT Field Goal,Restricted Area,Center(C),Less Than 8 ft.,2,27,10,1,1,20251121,BOS,BKN,24550,0,1627759|1628401|1629014|1629674|1641775,1,REG,2026,1610612738,,,,,
22500049589,,Shot Chart Detail,22500049,589,1627759,Jaylen Brown,1610612738,Boston Celtics,4,6,24,Made Shot,Driving Finger Roll Layup Shot,2PT Field Goal,Restricted Area,Center(C),Less Than 8 ft.,3,31,14,1,1,20251121,BOS,BKN,24960,0,1627759|1628401|1629014|1629674|1641775,1,REG,2026,1610612738,,,,,
22500049593,,Shot Chart Detail,22500049,593,1629014,Anfernee Simons,1610612738,Boston Celtics,4,5,52,Made Shot,Driving Finger Roll Layup Shot,2PT Field Goal,Restricted Area,Center(C),Less Than 8 ft.,3,32,5,1,1,20251121,BOS,BKN,25280,0,1627759|1628401|1629014|1629674|1641775,0,REG,2026,1610612738,,,,,
22500049597,,Shot Chart Detail,22500049,597,1627759,Jaylen Brown,1610612738,Boston Celtics,4,5,17,Missed Shot,Driving Finger Roll Layup Shot,2PT Field Goal,In The Paint (Non-RA),Center(C),Less Than 8 ft.,5,-56,0,1,0,20251121,BOS,BKN,25630,0,1627759|1628401|1629014|1629674|1641775,0,REG,2026,1610612738,,,,,
22500049599,,Shot Chart Detail,22500049,599,1641775,Jordan Walsh,1610612738,Boston Celtics,4,5,16,Made Shot,Tip Dunk Shot,2PT Field Goal,Restricted Area,Center(C),Less Than 8 ft.,0,0,0,1,1,20251121,BOS,BKN,25640,0,1627759|1628401|1629014|1629674|1641775,0,REG,2026,1610612738,,,,,
22500049601,,Shot Chart Detail,22500049,601,1627759,Jaylen Brown,1610612738,Boston Celtics,4,4,51,Missed Shot,Driving Dunk Shot,2PT Field Goal,Restricted Area,Center(C),Less Than 8 ft.,2,-4,27,1,0,20251121,BOS,BKN,25890,0,1627759|1628401|1629014|1629674|1641775,0,REG,2026,1610612738,,,,,
22500049604,,Shot Chart Detail,22500049,604,1628401,Derrick White,1610612738,Boston Celtics,4,4,43,Missed Shot,Cutting Layup Shot,2PT Field Goal,Restricted Area,Center(C),Less Than 8 ft.,1,11,6,1,0,20251121,BOS,BKN,25970,0,1627759|1628401|1629014|1629674|1641775,0,REG,2026,1610612738,,,,,
22500049618,,Shot Chart Detail,22500049,618,1629014,Anfernee Simons,1610612738,Boston Celtics,4,3,54,Missed Shot,Pullup Jump shot,3PT Field Goal,Above the Break 3,Right Side Center(RC),24+ ft.,25,93,236,1,0,20251121,BOS,BKN,26460,0,1627759|1629014|1629674|1630202|1641775,0,REG,2026,1610612738,,,,,
22500049622,,Shot Chart Detail,22500049,622,1630202,Payton Pritchard,1610612738,Boston Celtics,4,3,16,Missed Shot,Jump Shot,3PT Field Goal,Above the Break 3,Left Side Center(LC),24+ ft.,25,-147,206,1,0,20251121,BOS,BKN,26840,0,1627759|1629014|1629674|1630202|1641775,0,REG,2026,1610612738,,,,,
22500049624,,Shot Chart Detail,22500049,624,1627759,Jaylen Brown,1610612738,Boston Celtics,4,3,11,Made Shot,Fadeaway Jump Shot,2PT Field Goal,Mid-Range,Right Side(R),16-24 ft.,16,151,56,1,1,20251121,BOS,BKN,26890,0,1627759|1629014|1629674|1630202|1641775,0,REG,2026,1610612738,,,,,
22500049641,,Shot Chart Detail,22500049,641,1628401,Derrick White,1610612738,Boston Celtics,4,2,9,Missed Shot,Step Back Jump shot,3PT Field Goal,Above the Break 3,Right Side Center(RC),24+ ft.,26,224,132,1,0,20251121,BOS,BKN,27510,0,1627759|1628401|1629014|1629674|1630202,0,REG,2026,1610612738,,,,,
22500049645,,Shot Chart Detail,22500049,645,1628401,Derrick White,1610612738,Boston Celtics,4,1,37,Missed Shot,Driving Layup Shot,2PT Field Goal,Restricted Area,Center(C),Less Than 8 ft.,3,-32,14,1,0,20251121,BOS,BKN,27830,0,1627759|1628401|1629014|1629674|1630202,0,REG,2026,1610612738,,,,,
22500049650,,Shot Chart Detail,22500049,650,1629674,Neemias Queta,1610612738,Boston Celtics,4,1,19,Made Shot,Cutting Dunk Shot,2PT Field Goal,Restricted Area,Center(C),Less Than 8 ft.,1,-10,-2,1,1,20251121,BOS,BKN,28010,0,1627759|1628401|1629014|1629674|1630202,1,REG,2026,1610612738,,,,,
22500049666,,Shot Chart Detail,22500049,666,1631248,Baylor Scheierman,1610612738,Boston Celtics,4,0,52,Made Shot,Jump Shot,3PT Field Goal,Left Corner 3,Left Side(L),24+ ft.,22,-228,30,1,1,20251121,BOS,BKN,28280,0,1630202|1631169|1631248|1641775|1642864,1,REG,2026,1610612738,,,,,
22500049670,,Shot Chart Detail,22500049,670,1630202,Payton Pritchard,1610612738,Boston Celtics,4,0,26,Made Shot,Running Finger Roll Layup Shot,2PT Field Goal,In The Paint (Non-RA),Center(C),Less Than 8 ft.,5,-55,10,1,1,20251121,BOS,BKN,28540,0,1630202|1631169|1631248|1641775|1642864,0,REG,2026,1610612738,,,,,
225000837,,Shot Chart Detail,22500083,7,1629674,Neemias Queta,1610612738,Boston Celtics,1,11,43,Made Shot,Cutting Layup Shot,2PT Field Goal,In The Paint (Non-RA),Center(C),Less Than 8 ft.,7,-78,11,1,1,20251022,BOS,PHI,170,0,1627759|1628401|1629674|1630202|1630573,1,REG,2026,1610612738,,,,,
2250008318,,Shot Chart Detail,22500083,18,1628401,Derrick White,1610612738,Boston Celtics,1,10,33,Made Shot,Pullup Jump shot,2PT Field Goal,Mid-Range,Center(C),16-24 ft.,17,-15,179,1,1,20251022,BOS,PHI,870,0,1627759|1628401|1629674|1630202|1630573,0,REG,2026,1610612738,,,,,
2250008324,,Shot Chart Detail,22500083,24,1628401,Derrick White,1610612738,Boston Celtics,1,10,2,Missed Shot,Pullup Jump shot,3PT Field Goal,Above the Break 3,Center(C),24+ ft.,26,-36,260,1,0,20251022,BOS,PHI,1180,0,1627759|1628401|1629674|1630202|1630573,0,REG,2026,1610612738,,,,,
2250008330,,Shot Chart Detail,22500083,30,1629674,Neemias Queta,1610612738,Boston Celtics,1,9,27,Made Shot,Floating Jump shot,2PT Field Goal,In The Paint (Non-RA),Center(C),8-16 ft.,12,32,120,1,1,20251022,BOS,PHI,1530,0,1627759|1628401|1629674|1630202|1630573,1,REG,2026,1610612738,,,,,
2250008334,,Shot Chart Detail,22500083,34,1628401,Derrick White,1610612738,Boston Celtics,1,9,5,Missed Shot,Running Layup Shot,2PT Field Goal,Restricted Area,Center(C),Less Than 8 ft.,2,-16,13,1,0,20251022,BOS,PHI,1750,0,1627759|1628401|1629674|1630202|1630573,0,REG,2026,1610612738,,,,,
2250008347,,Shot Chart Detail,22500083,47,1630214,Xavier Tillman,1610612738,Boston Celtics,1,8,40,Missed Shot,Jump Shot,3PT Field Goal,Right Corner 3,Right Side(R),24+ ft.,23,228,32,1,0,20251022,BOS,PHI,2000,0,1627759|1628401|1630202|1630214|1630573,0,REG,2026,1610612738,,,,,
2250008351,,Shot Chart Detail,22500083,51,1627759,Jaylen Brown,1610612738,Boston Celtics,1,8,14,Made Shot,Step Back Jump shot,2PT Field Goal,Mid-Range,Left Side Center(LC),16-24 ft.,19,-62,184,1,1,20251022,BOS,PHI,2260,0,1627759|1628401|1630202|1630214|1630573,0,REG,2026,1610612738,,,,,
2250008354,,Shot Chart Detail,22500083,54,1627759,Jaylen Brown,1610612738,Boston Celtics,1,7,47,Missed Shot,Turnaround Fadeaway shot,2PT Field Goal,In The Paint (Non-RA),Right Side(R),8-16 ft.,10,77,74,1,0,20251022,BOS,PHI,2530,0,1627759|1628401|1630202|1630214|1630573,0,REG,2026,1610612738,,,,,
2250008358,,Shot Chart Detail,22500083,58,1628401,Derrick White,1610612738,Boston Celtics,1,7,26,Made Shot,Driving Layup Shot,2PT Field Goal,Restricted Area,Center(C),Less Than 8 ft.,1,-9,10,1,1,20251022,BOS,PHI,2740,0,1627759|1628401|1630202|1630214|1630573,1,REG,2026,1610612738,,,,,
2250008363,,Shot Chart Detail,22500083,63,1630214,Xavier Tillman,1610612738,Boston Celtics,1,6,53,Made Shot,Running Layup Shot,2PT Field Goal,Restricted Area,Center(C),Less Than 8 ft.,1,-11,2,1,1,20251022,BOS,PHI,3070,0,1627759|1628401|1630202|1630214|1630573,1,REG,2026,1610612738,,,,,
2250008378,,Shot Chart Detail,22500083,78,1627759,Jaylen Brown,1610612738,Boston Celtics,1,6,4,Made Shot,Jump Shot,3PT Field Goal,Above the Break 3,Right Side Center(RC),24+ ft.,25,179,185,1,1,20251022,BOS,PHI,3560,0,1627759|1629014|1630202|1630214|1631169,1,REG,2026,1610612738,,,,,
2250008382,,Shot Chart Detail,22500083,82,1629014,Anfernee Simons,1610612738,Boston Celtics,1,5,20,Missed Shot,Jump Shot,3PT Field Goal,Above the Break 3,Left Side Center(LC),24+ ft.,26,-108,242,1,0,20251022,BOS,PHI,4000,0,1627759|1629014|1630202|1630214|1631169,0,REG,2026,1610612738,,,,,
2250008386,,Shot Chart Detail,22500083,86,1630202,Payton Pritchard,1610612738,Boston Celtics,1,4,53,Missed Shot,Running Pull-Up Jump Shot,3PT Field Goal,Above the Break 3,Right Side Center(RC),24+ ft.,25,114,230,1,0,20251022,BOS,PHI,4270,0,1627759|1629014|1630202|1630214|1631169,0,REG,2026,1610612738,,,,,
2250008388,,Shot Chart Detail,22500083,88,1631169,Josh Minott,1610612738,Boston Celtics,1,4,48,Made Shot,Tip Dunk Shot,2PT Field Goal,Restricted Area,Center(C),Less Than 8 ft.,0,0,0,1,1,20251022,BOS,PHI,4320,0,1627759|1629014|1630202|1630214|1631169,0,REG,2026,1610612738,,,,,
2250008391,,Shot Chart Detail,22500083,91,1630214,Xavier Tillman,1610612738,Boston Celtics,1,4,21,Made Shot,Cutting Layup Shot,2PT Field Goal,In The Paint (Non-RA),Center(C),Less Than 8 ft.,7,50,49,1,1,20251022,BOS,PHI,4590,0,1627759|1629014|1630202|1630214|1631169,1,REG,2026,1610612738,,,,,
2250008395,,Shot Chart Detail,22500083,95,1630202,Payton Pritchard,1610612738,Boston Celtics,1,3,43,Made Shot,Pullup Jump shot,2PT Field Goal,Mid-Range,Center(C),8-16 ft.,15,13,154,1,1,20251022,BOS,PHI,4970,0,1627759|1629014|1630202|1630214|1631169,0,REG,2026,1610612738,,,,,
2250008399,,Shot Chart Detail,22500083,99,1630202,Payton Pritchard,1610612738,Boston Celtics,1,3,18,Missed Shot,Jump Shot,3PT Field Goal,Above the Break 3,Center(C),24+ ft.,29,54,291,1,0,20251022,BOS,PHI,5220,0,1627759|1629014|1630202|1630214|1631169,0,REG,2026,1610612738,,,,,
22500083112,,Shot Chart Detail,22500083,112,1628401,Derrick White,1610612738,Boston Celtics,1,3,1,Missed Shot,Jump Shot,3PT Field Goal,Above the Break 3,Right Side Center(RC),24+ ft.,26,112,243,1,0,20251022,BOS,PHI,5390,0,1628401|1628449|1629014|1630214|1631169,0,REG,2026,1610612738,,,,,
22500083116,,Shot Chart Detail,22500083,116,1630214,Xavier Tillman,1610612738,Boston Celtics,1,2,51,Missed Shot,Reverse Layup Shot,2PT Field Goal,Restricted Area,Center(C),Less Than 8 ft.,3,28,18,1,0,20251022,BOS,PHI,5490,0,1628401|1628449|1629014|1630214|1631169,0,REG,2026,1610612738,,,,,
22500083136,,Shot Chart Detail,22500083,136,1628401,Derrick White,1610612738,Boston Celtics,1,1,52,Made Shot,Pullup Jump shot,3PT Field Goal,Above the Break 3,Right Side Center(RC),24+ ft.,25,129,223,1,1,20251022,BOS,PHI,6080,0,1627759|1628401|1628449|1629014|1630568,0,REG,2026,1610612738,,,,,
22500083138,,Shot Chart Detail,22500083,138,1628401,Derrick White,1610612738,Boston Celtics,1,1,25,Missed Shot,Driving Layup Shot,2PT Field Goal,In The Paint (Non-RA),Center(C),Less Than 8 ft.,7,76,20,1,0,20251022,BOS,PHI,6350,0,1627759|1628401|1628449|1629014|1630568,0,REG,2026,1610612738,,,,,
22500083142,,Shot Chart Detail,22500083,142,1629014,Anfernee Simons,1610612738,Boston Celtics,1,1,2,Made Shot,Jump Shot,3PT Field Goal,Above the Break 3,Left Side Center(LC),24+ ft.,25,-162,197,1,1,20251022,BOS,PHI,6580,0,1627759|1628401|1628449|1629014|1630568,0,REG,2026,1610612738,,,,,
22500083153,,Shot Chart Detail,22500083,153,1627759,Jaylen Brown,1610612738,Boston Celtics,1,0,30,Missed Shot,Step Back Jump shot,2PT Field Goal,Mid-Range,Center(C),16-24 ft.,20,-37,199,1,0,20251022,BOS,PHI,6900,0,1627759|1628401|1628449|1629014|1629674,0,REG,2026,1610612738,,,,,
22500083162,,Shot Chart Detail,22500083,162,1628401,Derrick White,1610612738,Boston Celtics,1,0,0,Missed Shot,Jump Shot,3PT Field Goal,Above the Break 3,Right Side Center(RC),24+ ft.,26,152,223,1,0,20251022,BOS,PHI,7200,0,1627759|1628401|1628449|1629014|1629674,0,REG,2026,1610612738,,,,,
22500083172,,Shot Chart Detail,22500083,172,1628401,Derrick White,1610612738,Boston Celtics,2,11,38,Missed Shot,Running Jump Shot,3PT Field Goal,Above the Break 3,Right Side Center(RC),24+ ft.,25,105,235,1,0,20251022,BOS,PHI,7420,0,1628401|1628449|1629014|1629674|1630573,0,REG,2026,1610612738,,,,,
22500083181,,Shot Chart Detail,22500083,181,1628401,Derrick White,1610612738,Boston Celtics,2,10,58,Missed Shot,Step Back Jump shot,3PT Field Goal,Above the Break 3,Center(C),24+ ft.,26,25,259,1,0,20251022,BOS,PHI,7820,0,1628401|1628449|1629014|1629674|1630573,0,REG,2026,1610612738,,,,,
22500083187,,Shot Chart Detail,22500083,187,1630573,Sam Hauser,1610612738,Boston Celtics,2,10,29,Made Shot,Pullup Jump shot,3PT Field Goal,Above the Break 3,Left Side Center(LC),24+ ft.,26,-116,236,1,1,20251022,BOS,PHI,8110,0,1628401|1628449|1629014|1629674|1630573,1,REG,2026,1610612738,,,,,
22500083191,,Shot Chart Detail,22500083,191,1628401,Derrick White,1610612738,Boston Celtics,2,10,7,Made Shot,Running Layup Shot,2PT Field Goal,In The Paint (Non-RA),Center(C),Less Than 8 ft.,6,4,68,1,1,20251022,BOS,PHI,8330,0,1628401|1628449|1629014|1629674|1630573,0,REG,2026,1610612738,,,,,
22500083202,,Shot Chart Detail,22500083,202,1629014,Anfernee Simons,1610612738,Boston Celtics,2,8,56,Made Shot,Driving Floating Jump Shot,2PT Field Goal,In The Paint (Non-RA),Center(C),8-16 ft.,11,21,112,1,1,20251022,BOS,PHI,9040,0,1628401|1628449|1629014|1629674|1630573,0,REG,2026,1610612738,,,,,
22500083216,,Shot Chart Detail,22500083,216,1627759,Jaylen Brown,1610612738,Boston Celtics,2,8,27,Made Shot,Step Back Jump shot,3PT Field Goal,Above the Break 3,Right Side Center(RC),24+ ft.,26,140,221,1,1,20251022,BOS,PHI,9330,0,1627759|1629014|1630202|1630214|1630573,0,REG,2026,1610612738,,,,,
22500083221,,Shot Chart Detail,22500083,221,1627759,Jaylen Brown,1610612738,Boston Celtics,2,8,2,Missed Shot,Driving Reverse Layup Shot,2PT Field Goal,Restricted Area,Center(C),Less Than 8 ft.,3,39,6,1,0,20251022,BOS,PHI,9580,0,1627759|1629014|1630202|1630214|1630573,0,REG,2026,1610612738,,,,,
22500083225,,Shot Chart Detail,22500083,225,1630202,Payton Pritchard,1610612738,Boston Celtics,2,7,28,Missed Shot,Jump Shot,3PT Field Goal,Above the Break 3,Left Side Center(LC),24+ ft.,26,-163,209,1,0,20251022,BOS,PHI,9920,0,1627759|1629014|1630202|1630214|1630573,0,REG,2026,1610612738,,,,,
22500083229,,Shot Chart Detail,22500083,229,1629014,Anfernee Simons,1610612738,Boston Celtics,2,7,2,Missed Shot,Jump Shot,3PT Field Goal,Above the Break 3,Right Side Center(RC),24+ ft.,24,120,215,1,0,20251022,BOS,PHI,10180,0,1627759|1629014|1630202|1630214|1630573,0,REG,2026,1610612738,,,,,
22500083242,,Shot Chart Detail,22500083,242,1629014,Anfernee Simons,1610612738,Boston Celtics,2,6,38,Missed Shot,Jump Shot,3PT Field Goal,Above the Break 3,Right Side Center(RC),24+ ft.,25,184,170,1,0,20251022,BOS,PHI,10420,0,1627759|1629014|1630202|1630568|1631169,0,REG,2026,1610612738,,,,,
22500083250,,Shot Chart Detail,22500083,250,1630568,Luka Garza,1610612738,Boston Celtics,2,6,12,Missed Shot,Jump Shot,3PT Field Goal,Right Corner 3,Right Side(R),24+ ft.,23,228,43,1,0,20251022,BOS,PHI,10680,0,1628449|1629014|1630202|1630568|1631169,0,REG,2026,1610612738,,,,,
22500083255,,Shot Chart Detail,22500083,255,1628449,Chris Boucher,1610612738,Boston Celtics,2,5,45,Missed Shot,Jump Shot,3PT Field Goal,Above the Break 3,Left Side Center(LC),24+ ft.,28,-114,256,1,0,20251022,BOS,PHI,10950,0,1628449|1629014|1630202|1630568|1631169,0,REG,2026,1610612738,,,,,
22500083257,,Shot Chart Detail,22500083,257,1628449,Chris Boucher,1610612738,Boston Celtics,2,5,38,Made Shot,Cutting Layup Shot,2PT Field Goal,In The Paint (Non-RA),Center(C),Less Than 8 ft.,4,-39,16,1,1,20251022,BOS,PHI,11020,0,1628449|1629014|1630202|1630568|1631169,1,REG,2026,1610612738,,,,,
22500083261,,Shot Chart Detail,22500083,261,1630202,Payton Pritchard,1610612738,Boston Celtics,2,5,12,Made Shot,Running Layup Shot,2PT Field Goal,Restricted Area,Center(C),Less Than 8 ft.,1,18,5,1,1,20251022,BOS,PHI,11280,0,1628449|1629014|1630202|1630568|1631169,0,REG,2026,1610612738,,,,,
22500083268,,Shot Chart Detail,22500083,268,1629014,Anfernee Simons,1610612738,Boston Celtics,2,4,25,Missed Shot,Driving Layup Shot,2PT Field Goal,In The Paint (Non-RA),Center(C),Less Than 8 ft.,6,60,36,1,0,20251022,BOS,PHI,11750,0,1628449|1629014|1630202|1630568|1631169,0,REG,2026,1610612738,,,,,
22500083270,,Shot Chart Detail,22500083,270,1630202,Payton Pritchard,1610612738,Boston Celtics,2,4,22,Made Shot,Putback Layup Shot,2PT Field Goal,Restricted Area,Center(C),Less Than 8 ft.,1,7,8,1,1,20251022,BOS,PHI,11780,0,1628449|1629014|1630202|1630568|1631169,0,REG,2026,1610612738,,,,,
22500083279,,Shot Chart Detail,22500083,279,1628401,Derrick White,1610612738,Boston Celtics,2,3,32,Missed Shot,Driving Floating Jump Shot,2PT Field Goal,In The Paint (Non-RA),Center(C),Less Than 8 ft.,6,6,65,1,0,20251022,BOS,PHI,12280,0,1628401|1628449|1630202|1630568|1631169,0,REG,2026,1610612738,,,,,
22500083282,,Shot Chart Detail,22500083,282,1630568,Luka Garza,1610612738,Boston Celtics,2,3,15,Missed Shot,Jump Shot,3PT Field Goal,Above the Break 3,Left Side Center(LC),24+ ft.,28,-126,256,1,0,20251022,BOS,PHI,12450,0,1628401|1628449|1630202|1630568|1631169,0,REG,2026,1610612738,,,,,
22500083290,,Shot Chart Detail,22500083,290,1627759,Jaylen Brown,1610612738,Boston Celtics,2,2,45,Missed Shot,Jump Shot,3PT Field Goal,Above the Break 3,Left Side Center(LC),24+ ft.,25,-109,232,1,0,20251022,BOS,PHI,12750,0,1627759|1628401|1628449|1630202|1631169,0,REG,2026,1610612738,,,,,
22500083293,,Shot Chart Detail,22500083,293,1628449,Chris Boucher,1610612738,Boston Celtics,2,2,31,Made Shot,Layup Shot,2PT Field Goal,Restricted Area,Center(C),Less Than 8 ft.,2,-12,18,1,1,20251022,BOS,PHI,12890,0,1627759|1628401|1628449|1630202|1631169,0,REG,2026,1610612738,,,,,
22500083296,,Shot Chart Detail,22500083,296,1630202,Payton Pritchard,1610612738,Boston Celtics,2,2,12,Missed Shot,Pullup Jump shot,3PT Field Goal,Above the Break 3,Left Side Center(LC),24+ ft.,33,-176,281,1,0,20251022,BOS,PHI,13080,0,1627759|1628401|1628449|1630202|1631169,0,REG,2026,1610612738,,,,,
22500083309,,Shot Chart Detail,22500083,309,1630202,Payton Pritchard,1610612738,Boston Celtics,2,1,19,Missed Shot,Jump Shot,3PT Field Goal,Right Corner 3,Right Side(R),24+ ft.,23,225,53,1,0,20251022,BOS,PHI,13610,0,1627759|1628401|1628449|1629674|1630202,0,REG,2026,1610612738,,,,,
22500083318,,Shot Chart Detail,22500083,318,1629674,Neemias Queta,1610612738,Boston Celtics,2,0,41,Made Shot,Alley Oop Dunk Shot,2PT Field Goal,Restricted Area,Center(C),Less Than 8 ft.,0,-4,8,1,1,20251022,BOS,PHI,13990,0,1627759|1628401|1628449|1629674|1630202,1,REG,2026,1610612738,,,,,
22500083340,,Shot Chart Detail,22500083,340,1627759,Jaylen Brown,1610612738,Boston Celtics,3,11,34,Made Shot,Running Layup Shot,2PT Field Goal,In The Paint (Non-RA),Center(C),Less Than 8 ft.,4,39,24,1,1,20251022,BOS,PHI,14660,0,1627759|1628401|1629674|1630202|1630573,0,REG,2026,1610612738,,,,,
22500083350,,Shot Chart Detail,22500083,350,1628401,Derrick White,1610612738,Boston Celtics,3,10,53,Missed Shot,Jump Shot,3PT Field Goal,Above the Break 3,Center(C),24+ ft.,25,54,253,1,0,20251022,BOS,PHI,15070,0,1627759|1628401|1629674|1630202|1630573,0,REG,2026,1610612738,,,,,
22500083355,,Shot Chart Detail,22500083,355,1630573,Sam Hauser,1610612738,Boston Celtics,3,10,41,Missed Shot,Jump Shot,3PT Field Goal,Above the Break 3,Left Side Center(LC),24+ ft.,24,-152,198,1,0,20251022,BOS,PHI,15190,0,1627759|1628401|1629674|1630202|1630573,0,REG,2026,1610612738,,,,,
22500083357,,Shot Chart Detail,22500083,357,1630573,Sam Hauser,1610612738,Boston Celtics,3,10,36,Missed Shot,Jump Shot,3PT Field Goal,Left Corner 3,Left Side(L),24+ ft.,23,-232,32,1,0,20251022,BOS,PHI,15240,0,1627759|1628401|1629674|1630202|1630573,0,REG,2026,1610612738,,,,,
22500083391,,Shot Chart Detail,22500083,391,1629674,Neemias Queta,1610612738,Boston Celtics,3,10,1,Missed Shot,Alley Oop Layup shot,2PT Field Goal,Restricted Area,Center(C),Less Than 8 ft.,2,-25,16,1,0,20251022,BOS,PHI,15590,0,1627759|1628401|1629674|1630202|1630573,0,REG,2026,1610612738,,,,,
22500083368,,Shot Chart Detail,22500083,368,1627759,Jaylen Brown,1610612738,Boston Celtics,3,9,47,Made Shot,Driving Layup Shot,2PT Field Goal,In The Paint (Non-RA),Right Side(R),8-16 ft.,8,71,52,1,1,20251022,BOS,PHI,15730,0,1627759|1628401|1629674|1630202|1630573,0,REG,2026,1610612738,,,,,
22500083377,,Shot Chart Detail,22500083,377,1628401,Derrick White,1610612738,Boston Celtics,3,8,49,Made Shot,Jump Shot,3PT Field Goal,Above the Break 3,Right Side Center(RC),24+ ft.,25,105,237,1,1,20251022,BOS,PHI,16310,0,1627759|1628401|1629674|1630202|1630573,0,REG,2026,1610612738,,,,,
22500083380,,Shot Chart Detail,22500083,380,1627759,Jaylen Brown,1610612738,Boston Celtics,3,8,21,Missed Shot,Driving Layup Shot,2PT Field Goal,In The Paint (Non-RA),Center(C),Less Than 8 ft.,5,-53,13,1,0,20251022,BOS,PHI,16590,0,1627759|1628401|1629674|1630202|1630573,0,REG,2026,1610612738,,,,,
22500083385,,Shot Chart Detail,22500083,385,1630573,Sam Hauser,1610612738,Boston Celtics,3,8,6,Made Shot,Jump Shot,3PT Field Goal,Left Corner 3,Left Side(L),24+ ft.,23,-233,15,1,1,20251022,BOS,PHI,16740,0,1627759|1628401|1629674|1630202|1630573,1,REG,2026,1610612738,,,,,
22500083389,,Shot Chart Detail,22500083,389,1628401,Derrick White,1610612738,Boston Celtics,3,7,38,Made Shot,Running Jump Shot,3PT Field Goal,Above the Break 3,Center(C),24+ ft.,26,53,255,1,1,20251022,BOS,PHI,17020,0,1627759|1628401|1629674|1630202|1630573,0,REG,2026,1610612738,,,,,
22500083399,,Shot Chart Detail,22500083,399,1630214,Xavier Tillman,1610612738,Boston Celtics,3,6,52,Missed Shot,Jump Shot,3PT Field Goal,Above the Break 3,Right Side Center(RC),24+ ft.,25,131,221,1,0,20251022,BOS,PHI,17480,0,1627759|1628401|1630202|1630214|1630573,0,REG,2026,1610612738,,,,,
22500083422,,Shot Chart Detail,22500083,422,1629014,Anfernee Simons,1610612738,Boston Celtics,3,5,32,Made Shot,Running Layup Shot,2PT Field Goal,In The Paint (Non-RA),Right Side(R),8-16 ft.,8,69,41,1,1,20251022,BOS,PHI,18280,0,1627759|1628401|1629014|1630202|1630214,0,REG,2026,1610612738,,,,,
22500083425,,Shot Chart Detail,22500083,425,1629014,Anfernee Simons,1610612738,Boston Celtics,3,5,4,Missed Shot,Jump Shot,3PT Field Goal,Above the Break 3,Center(C),24+ ft.,25,54,250,1,0,20251022,BOS,PHI,18560,0,1627759|1628401|1629014|1630202|1630214,0,REG,2026,1610612738,,,,,
22500083429,,Shot Chart Detail,22500083,429,1630214,Xavier Tillman,1610612738,Boston Celtics,3,4,46,Missed Shot,Driving Layup Shot,2PT Field Goal,Restricted Area,Center(C),Less Than 8 ft.,3,-28,13,1,0,20251022,BOS,PHI,18740,0,1627759|1628401|1629014|1630202|1630214,0,REG,2026,1610612738,,,,,
22500083447,,Shot Chart Detail,22500083,447,1628401,Derrick White,1610612738,Boston Celtics,3,4,2,Missed Shot,Jump Shot,2PT Field Goal,Mid-Range,Left Side(L),8-16 ft.,12,-126,26,1,0,20251022,BOS,PHI,19180,0,1628401|1629014|1629674|1630202|1631169,0,REG,2026,1610612738,,,,,
22500083453,,Shot Chart Detail,22500083,453,1629014,Anfernee Simons,1610612738,Boston Celtics,3,3,29,Made Shot,Pullup Jump shot,3PT Field Goal,Above the Break 3,Right Side Center(RC),24+ ft.,26,105,242,1,1,20251022,BOS,PHI,19510,0,1629014|1629674|1630202|1630573|1631169,0,REG,2026,1610612738,,,,,
22500083456,,Shot Chart Detail,22500083,456,1630573,Sam Hauser,1610612738,Boston Celtics,3,3,15,Missed Shot,Running Jump Shot,3PT Field Goal,Right Corner 3,Right Side(R),24+ ft.,23,228,52,1,0,20251022,BOS,PHI,19650,0,1629014|1629674|1630202|1630573|1631169,0,REG,2026,1610612738,,,,,
22500083460,,Shot Chart Detail,22500083,460,1630573,Sam Hauser,1610612738,Boston Celtics,3,2,49,Missed Shot,Jump Shot,3PT Field Goal,Above the Break 3,Center(C),24+ ft.,25,-74,248,1,0,20251022,BOS,PHI,19910,0,1629014|1629674|1630202|1630573|1631169,0,REG,2026,1610612738,,,,,
22500083483,,Shot Chart Detail,22500083,483,1628449,Chris Boucher,1610612738,Boston Celtics,3,1,48,Missed Shot,Jump Shot,3PT Field Goal,Left Corner 3,Left Side(L),24+ ft.,23,-233,48,1,0,20251022,BOS,PHI,20520,0,1628449|1629014|1629674|1630202|1631169,0,REG,2026,1610612738,,,,,
22500083493,,Shot Chart Detail,22500083,493,1630202,Payton Pritchard,1610612738,Boston Celtics,3,0,59,Made Shot,Fadeaway Jump Shot,2PT Field Goal,Mid-Range,Right Side(R),8-16 ft.,13,92,92,1,1,20251022,BOS,PHI,21010,0,1628449|1629014|1629674|1630202|1631169,0,REG,2026,1610612738,,,,,
22500083496,,Shot Chart Detail,22500083,496,1630202,Payton Pritchard,1610612738,Boston Celtics,3,0,33,Missed Shot,Jump Shot,3PT Field Goal,Above the Break 3,Right Side Center(RC),24+ ft.,27,127,240,1,0,20251022,BOS,PHI,21270,0,1628449|1629014|1629674|1630202|1631169,0,REG,2026,1610612738,,,,,
22500083517,,Shot Chart Detail,22500083,517,1630214,Xavier Tillman,1610612738,Boston Celtics,4,11,43,Missed Shot,Jump Shot,3PT Field Goal,Above the Break 3,Left Side Center(LC),24+ ft.,24,-86,234,1,0,20251022,BOS,PHI,21770,0,1627759|1628401|1628449|1629014|1630214,0,REG,2026,1610612738,,,,,
22500083529,,Shot Chart Detail,22500083,529,1627759,Jaylen Brown,1610612738,Boston Celtics,4,11,10,Made Shot,Jump Shot,2PT Field Goal,Mid-Range,Right Side Center(RC),16-24 ft.,20,104,177,1,1,20251022,BOS,PHI,22100,0,1627759|1628401|1629014|1630214|1630573,1,REG,2026,1610612738,,,,,
22500083535,,Shot Chart Detail,22500083,535,1627759,Jaylen Brown,1610612738,Boston Celtics,4,10,33,Made Shot,Driving Layup Shot,2PT Field Goal,Restricted Area,Center(C),Less Than 8 ft.,3,29,11,1,1,20251022,BOS,PHI,22470,0,1627759|1628401|1629014|1630214|1630573,0,REG,2026,1610612738,,,,,
22500083543,,Shot Chart Detail,22500083,543,1627759,Jaylen Brown,1610612738,Boston Celtics,4,9,43,Made Shot,Pullup Jump shot,2PT Field Goal,Mid-Range,Center(C),8-16 ft.,15,-16,159,1,1,20251022,BOS,PHI,22970,0,1627759|1628401|1629014|1630214|1630573,0,REG,2026,1610612738,,,,,
22500083546,,Shot Chart Detail,22500083,546,1629014,Anfernee Simons,1610612738,Boston Celtics,4,9,18,Made Shot,Running Dunk Shot,2PT Field Goal,Restricted Area,Center(C),Less Than 8 ft.,0,0,6,1,1,20251022,BOS,PHI,23220,0,1627759|1628401|1629014|1630214|1630573,0,REG,2026,1610612738,,,,,
22500083570,,Shot Chart Detail,22500083,570,1628401,Derrick White,1610612738,Boston Celtics,4,8,5,Missed Shot,Jump Shot,3PT Field Goal,Above the Break 3,Right Side Center(RC),24+ ft.,27,98,255,1,0,20251022,BOS,PHI,23950,0,1627759|1628401|1629014|1629674|1630573,0,REG,2026,1610612738,,,,,
22500083588,,Shot Chart Detail,22500083,588,1627759,Jaylen Brown,1610612738,Boston Celtics,4,7,4,Missed Shot,Fadeaway Jump Shot,2PT Field Goal,Mid-Range,Left Side(L),8-16 ft.,13,-92,105,1,0,20251022,BOS,PHI,24560,0,1627759|1628401|1629014|1629674|1630202,0,REG,2026,1610612738,,,,,
22500083591,,Shot Chart Detail,22500083,591,1628401,Derrick White,1610612738,Boston Celtics,4,6,30,Made Shot,Pullup Jump shot,3PT Field Goal,Above the Break 3,Center(C),24+ ft.,26,-76,256,1,1,20251022,BOS,PHI,24900,0,1627759|1628401|1629014|1629674|1630202,0,REG,2026,1610612738,,,,,
22500083595,,Shot Chart Detail,22500083,595,1629674,Neemias Queta,1610612738,Boston Celtics,4,5,55,Made Shot,Cutting Dunk Shot,2PT Field Goal,Restricted Area,Center(C),Less Than 8 ft.,0,5,5,1,1,20251022,BOS,PHI,25250,0,1627759|1628401|1629014|1629674|1630202,1,REG,2026,1610612738,,,,,
22500083606,,Shot Chart Detail,22500083,606,1629674,Neemias Queta,1610612738,Boston Celtics,4,4,44,Made Shot,Cutting Layup Shot,2PT Field Goal,Restricted Area,Center(C),Less Than 8 ft.,3,17,25,1,1,20251022,BOS,PHI,25960,0,1627759|1628401|1629014|1629674|1630202,1,REG,2026,1610612738,,,,,
22500083611,,Shot Chart Detail,22500083,611,1629674,Neemias Queta,1610612738,Boston Celtics,4,4,8,Made Shot,Cutting Dunk Shot,2PT Field Goal,Restricted Area,Center(C),Less Than 8 ft.,1,-13,-4,1,1,20251022,BOS,PHI,26320,0,1627759|1628401|1629014|1629674|1630202,1,REG,2026,1610612738,,,,,
22500083616,,Shot Chart Detail,22500083,616,1629674,Neemias Queta,1610612738,Boston Celtics,4,3,47,Made Shot,Alley Oop Layup shot,2PT Field Goal,In The Paint (Non-RA),Center(C),Less Than 8 ft.,5,-53,17,1,1,20251022,BOS,PHI,26530,0,1627759|1628401|1629014|1629674|1630202,1,REG,2026,1610612738,,,,,
22500083620,,Shot Chart Detail,22500083,620,1628401,Derrick White,1610612738,Boston Celtics,4,3,9,Missed Shot,Pullup Jump shot,3PT Field Goal,Above the Break 3,Left Side Center(LC),24+ ft.,25,-165,198,1,0,20251022,BOS,PHI,26910,0,1627759|1628401|1629014|1629674|1630202,0,REG,2026,1610612738,,,,,
22500083634,,Shot Chart Detail,22500083,634,1628401,Derrick White,1610612738,Boston Celtics,4,2,12,Missed Shot,Jump Shot,3PT Field Goal,Left Corner 3,Left Side(L),24+ ft.,22,-229,16,1,0,20251022,BOS,PHI,27480,0,1627759|1628401|1629014|1629674|1630202,0,REG,2026,1610612738,,,,,
22500083640,,Shot Chart Detail,22500083,640,1627759,Jaylen Brown,1610612738,Boston Celtics,4,1,50,Made Shot,Driving Floating Jump Shot,2PT Field Goal,In The Paint (Non-RA),Right Side(R),8-16 ft.,9,51,77,1,1,20251022,BOS,PHI,27700,0,1627759|1628401|1629014|1629674|1630202,0,REG,2026,1610612738,,,,,
22500083649,,Shot Chart Detail,22500083,649,1627759,Jaylen Brown,1610612738,Boston Celtics,4,1,29,Missed Shot,Jump Shot,2PT Field Goal,Mid-Range,Right Side Center(RC),16-24 ft.,19,99,172,1,0,20251022,BOS,PHI,27910,0,1627759|1628401|1630202|1630214|1630573,0,REG,2026,1610612738,,,,,
22500083664,,Shot Chart Detail,22500083,664,1627759,Jaylen Brown,1610612738,Boston Celtics,4,0,28,Missed Shot,Layup Shot,2PT Field Goal,In The Paint (Non-RA),Center(C),Less Than 8 ft.,4,0,45,1,0,20251022,BOS,PHI,28520,0,1627759|1628401|1629014|1630202|1630214,0,REG,2026,1610612738,,,,,
22500083666,,Shot Chart Detail,22500083,666,1630214,Xavier Tillman,1610612738,Boston Celtics,4,0,26,Missed Shot,Layup Shot,2PT Field Goal,Restricted Area,Center(C),Less Than 8 ft.,1,-2,14,1,0,20251022,BOS,PHI,28540,0,1627759|1628401|1629014|1630202|1630214,0,REG,2026,1610612738,,,,,
22500083677,,Shot Chart Detail,22500083,677,1627759,Jaylen Brown,1610612738,Boston Celtics,4,0,20,Missed Shot,Jump Shot,3PT Field Goal,Above the Break 3,Left Side Center(LC),24+ ft.,24,-167,184,1,0,20251022,BOS,PHI,28600,0,1627759|1628401|1629014|1630202|1630214,0,REG,2026,1610612738,,,,,
22500083679,,Shot Chart Detail,22500083,679,1630202,Payton Pritchard,1610612738,Boston Celtics,4,0,15,Made Shot,Jump Shot,3PT Field Goal,Above the Break 3,Right Side Center(RC),24+ ft.,25,105,235,1,1,20251022,BOS,PHI,28650,0,1627759|1628401|1629014|1630202|1630214,1,REG,2026,1610612738,,,,,
22500083687,,Shot Chart Detail,22500083,687,1630202,Payton Pritchard,1610612738,Boston Celtics,4,0,9,Made Shot,Driving Layup Shot,2PT Field Goal,Restricted Area,Center(C),Less Than 8 ft.,2,13,22,1,1,20251022,BOS,PHI,28710,0,1627759|1628401|1629014|1630202|1631169,0,REG,2026,1610612738,,,,,
22500083702,,Shot Chart Detail,22500083,702,1630202,Payton Pritchard,1610612738,Boston Celtics,4,0,3,Missed Shot,Driving Layup Shot,2PT Field Goal,Restricted Area,Center(C),Less Than 8 ft.,3,-7,32,1,0,20251022,BOS,PHI,28770,0,1627759|1628401|1630202|1630573|1631169,0,REG,2026,1610612738,,,,,
22500083705,,Shot Chart Detail,22500083,705,1630202,Payton Pritchard,1610612738,Boston Celtics,4,0,1,Missed Shot,Jump Shot,2PT Field Goal,Mid-Range,Left Side(L),8-16 ft.,13,-129,35,1,0,20251022,BOS,PHI,28790,0,1627759|1628401|1630202|1630573|1631169,0,REG,2026,1610612738,,,,,
225001067,,Shot Chart Detail,22500106,7,1627759,Jaylen Brown,1610612738,Boston Celtics,1,11,36,Made Shot,Driving Floating Jump Shot,2PT Field Goal,Mid-Range,Left Side(L),8-16 ft.,9,-88,42,1,1,20251026,DET,BOS,240,0,1627759|1628401|1629674|1630202|1642864,0,REG,2026,1610612738,,,,,
2250010616,,Shot Chart Detail,22500106,16,1627759,Jaylen Brown,1610612738,Boston Celtics,1,10,48,Missed Shot,Step Back Jump shot,2PT Field Goal,Mid-Range,Center(C),16-24 ft.,21,60,204,1,0,20251026,DET,BOS,720,0,1627759|1628401|1629674|1630202|1642864,0,REG,2026,1610612738,,,,,
2250010620,,Shot Chart Detail,22500106,20,1630202,Payton Pritchard,1610612738,Boston Celtics,1,10,25,Missed Shot,Jump Shot,3PT Field Goal,Above the Break 3,Center(C),24+ ft.,27,67,264,1,0,20251026,DET,BOS,950,0,1627759|1628401|1629674|1630202|1642864,0,REG,2026,1610612738,,,,,
2250010630,,Shot Chart Detail,22500106,30,1627759,Jaylen Brown,1610612738,Boston Celtics,1,9,55,Made Shot,Jump Shot,3PT Field Goal,Above the Break 3,Left Side Center(LC),24+ ft.,25,-91,240,1,1,20251026,DET,BOS,1250,0,1627759|1628401|1629674|1630202|1642864,1,REG,2026,1610612738,,,,,
2250010634,,Shot Chart Detail,22500106,34,1628401,Derrick White,1610612738,Boston Celtics,1,9,48,Made Shot,Driving Dunk Shot,2PT Field Goal,In The Paint (Non-RA),Center(C),Less Than 8 ft.,4,31,30,1,1,20251026,DET,BOS,1320,0,1627759|1628401|1629674|1630202|1642864,0,REG,2026,1610612738,,,,,
2250010639,,Shot Chart Detail,22500106,39,1628401,Derrick White,1610612738,Boston Celtics,1,9,22,Missed Shot,Fadeaway Jump Shot,2PT Field Goal,In The Paint (Non-RA),Left Side(L),8-16 ft.,9,-51,79,1,0,20251026,DET,BOS,1580,0,1627759|1628401|1629674|1630202|1642864,0,REG,2026,1610612738,,,,,
2250010649,,Shot Chart Detail,22500106,49,1627759,Jaylen Brown,1610612738,Boston Celtics,1,8,42,Made Shot,Step Back Jump shot,3PT Field Goal,Above the Break 3,Left Side Center(LC),24+ ft.,26,-153,215,1,1,20251026,DET,BOS,1980,0,1627759|1628401|1629674|1630202|1642864,0,REG,2026,1610612738,,,,,
2250010653,,Shot Chart Detail,22500106,53,1642864,Hugo González,1610612738,Boston Celtics,1,8,39,Missed Shot,Running Jump Shot,2PT Field Goal,Mid-Range,Right Side(R),16-24 ft.,20,197,72,1,0,20251026,DET,BOS,2010,0,1627759|1628401|1629674|1630202|1642864,0,REG,2026,1610612738,,,,,
2250010655,,Shot Chart Detail,22500106,55,1629674,Neemias Queta,1610612738,Boston Celtics,1,8,31,Made Shot,Running Layup Shot,2PT Field Goal,Restricted Area,Center(C),Less Than 8 ft.,0,0,0,1,1,20251026,DET,BOS,2090,0,1627759|1628401|1629674|1630202|1642864,0,REG,2026,1610612738,,,,,
2250010662,,Shot Chart Detail,22500106,62,1627759,Jaylen Brown,1610612738,Boston Celtics,1,7,58,Made Shot,Pullup Jump shot,2PT Field Goal,In The Paint (Non-RA),Center(C),8-16 ft.,11,-1,110,1,1,20251026,DET,BOS,2420,0,1627759|1628401|1629674|1630202|1642864,0,REG,2026,1610612738,,,,,
2250010667,,Shot Chart Detail,22500106,67,1628401,Derrick White,1610612738,Boston Celtics,1,7,21,Made Shot,Driving Floating Bank Jump Shot,2PT Field Goal,Mid-Range,Right Side(R),8-16 ft.,11,88,71,1,1,20251026,DET,BOS,2790,0,1627759|1628401|1629674|1630202|1642864,0,REG,2026,1610612738,,,,,
2250010671,,Shot Chart Detail,22500106,71,1630202,Payton Pritchard,1610612738,Boston Celtics,1,6,56,Made Shot,Driving Layup Shot,2PT Field Goal,In The Paint (Non-RA),Center(C),Less Than 8 ft.,4,-32,29,1,1,20251026,DET,BOS,3040,0,1627759|1628401|1629674|1630202|1642864,0,REG,2026,1610612738,,,,,
2250010692,,Shot Chart Detail,22500106,92,1630573,Sam Hauser,1610612738,Boston Celtics,1,6,4,Missed Shot,Pullup Jump shot,3PT Field Goal,Above the Break 3,Center(C),24+ ft.,26,10,263,1,0,20251026,DET,BOS,3560,0,1628401|1629014|1630202|1630568|1630573,0,REG,2026,1610612738,,,,,
2250010696,,Shot Chart Detail,22500106,96,1629014,Anfernee Simons,1610612738,Boston Celtics,1,5,39,Made Shot,Jump Shot,3PT Field Goal,Above the Break 3,Center(C),24+ ft.,26,69,253,1,1,20251026,DET,BOS,3810,0,1628401|1629014|1630202|1630568|1630573,1,REG,2026,1610612738,,,,,
22500106100,,Shot Chart Detail,22500106,100,1630202,Payton Pritchard,1610612738,Boston Celtics,1,5,11,Missed Shot,Jump Shot,3PT Field Goal,Above the Break 3,Center(C),24+ ft.,26,32,262,1,0,20251026,DET,BOS,4090,0,1628401|1629014|1630202|1630568|1630573,0,REG,2026,1610612738,,,,,
22500106107,,Shot Chart Detail,22500106,107,1629014,Anfernee Simons,1610612738,Boston Celtics,1,4,42,Missed Shot,Step Back Jump shot,3PT Field Goal,Above the Break 3,Left Side Center(LC),24+ ft.,26,-222,140,1,0,20251026,DET,BOS,4380,0,1628401|1629014|1630202|1630568|1630573,0,REG,2026,1610612738,,,,,
22500106111,,Shot Chart Detail,22500106,111,1628401,Derrick White,1610612738,Boston Celtics,1,4,37,Missed Shot,Jump Shot,3PT Field Goal,Above the Break 3,Right Side Center(RC),24+ ft.,26,138,227,1,0,20251026,DET,BOS,4430,0,1628401|1629014|1630202|1630568|1630573,0,REG,2026,1610612738,,,,,
22500106119,,Shot Chart Detail,22500106,119,1630202,Payton Pritchard,1610612738,Boston Celtics,1,4,5,Made Shot,Running Pull-Up Jump Shot,2PT Field Goal,Mid-Range,Right Side(R),8-16 ft.,11,116,29,1,1,20251026,DET,BOS,4750,0,1628401|1629014|1630202|1630568|1630573,0,REG,2026,1610612738,,,,,
22500106122,,Shot Chart Detail,22500106,122,1630573,Sam Hauser,1610612738,Boston Celtics,1,3,35,Made Shot,Pullup Jump shot,2PT Field Goal,Mid-Range,Right Side Center(RC),16-24 ft.,16,129,100,1,1,20251026,DET,BOS,5050,0,1628401|1629014|1630202|1630568|1630573,1,REG,2026,1610612738,,,,,
22500106126,,Shot Chart Detail,22500106,126,1630202,Payton Pritchard,1610612738,Boston Celtics,1,3,13,Made Shot,Running Pull-Up Jump Shot,3PT Field Goal,Above the Break 3,Left Side Center(LC),24+ ft.,26,-199,171,1,1,20251026,DET,BOS,5270,0,1628401|1629014|1630202|1630568|1630573,1,REG,2026,1610612738,,,,,
22500106139,,Shot Chart Detail,22500106,139,1629014,Anfernee Simons,1610612738,Boston Celtics,1,2,40,Missed Shot,Jump Shot,3PT Field Goal,Above the Break 3,Left Side Center(LC),24+ ft.,25,-183,174,1,0,20251026,DET,BOS,5600,0,1629014|1630202|1630568|1630573|1631169,0,REG,2026,1610612738,,,,,
22500106141,,Shot Chart Detail,22500106,141,1630568,Luka Garza,1610612738,Boston Celtics,1,2,36,Made Shot,Putback Layup Shot,2PT Field Goal,Restricted Area,Center(C),Less Than 8 ft.,2,-9,25,1,1,20251026,DET,BOS,5640,0,1629014|1630202|1630568|1630573|1631169,0,REG,2026,1610612738,,,,,
22500106152,,Shot Chart Detail,22500106,152,1630202,Payton Pritchard,1610612738,Boston Celtics,1,1,46,Made Shot,Driving Layup Shot,2PT Field Goal,In The Paint (Non-RA),Center(C),Less Than 8 ft.,5,32,40,1,1,20251026,DET,BOS,6140,0,1629014|1630202|1630568|1630573|1631169,0,REG,2026,1610612738,,,,,
22500106160,,Shot Chart Detail,22500106,160,1630202,Payton Pritchard,1610612738,Boston Celtics,1,0,58,Missed Shot,Jump Shot,3PT Field Goal,Above the Break 3,Left Side Center(LC),24+ ft.,26,-195,185,1,0,20251026,DET,BOS,6620,0,1629014|1630202|1630568|1630573|1631169,0,REG,2026,1610612738,,,,,
22500106166,,Shot Chart Detail,22500106,166,1630202,Payton Pritchard,1610612738,Boston Celtics,1,0,30,Missed Shot,Pullup Jump shot,2PT Field Goal,Mid-Range,Left Side(L),16-24 ft.,19,-192,43,1,0,20251026,DET,BOS,6900,0,1629014|1630202|1630568|1630573|1631169,0,REG,2026,1610612738,,,,,
22500106181,,Shot Chart Detail,22500106,181,1629014,Anfernee Simons,1610612738,Boston Celtics,1,0,0,Missed Shot,Driving Layup Shot,2PT Field Goal,In The Paint (Non-RA),Center(C),Less Than 8 ft.,6,23,58,1,0,20251026,DET,BOS,7200,0,1629014|1630568|1630573|1631169|1642864,0,REG,2026,1610612738,,,,,
22500106193,,Shot Chart Detail,22500106,193,1628449,Chris Boucher,1610612738,Boston Celtics,2,11,46,Missed Shot,Running Layup Shot,2PT Field Goal,In The Paint (Non-RA),Center(C),Less Than 8 ft.,4,20,43,1,0,20251026,DET,BOS,7340,0,1627759|1628449|1629014|1631169|1631248,0,REG,2026,1610612738,,,,,
22500106196,,Shot Chart Detail,22500106,196,1629014,Anfernee Simons,1610612738,Boston Celtics,2,11,23,Made Shot,Driving Layup Shot,2PT Field Goal,In The Paint (Non-RA),Center(C),Less Than 8 ft.,6,31,52,1,1,20251026,DET,BOS,7570,0,1627759|1628449|1629014|1631169|1631248,0,REG,2026,1610612738,,,,,
22500106198,,Shot Chart Detail,22500106,198,1629014,Anfernee Simons,1610612738,Boston Celtics,2,10,44,Made Shot,Pullup Jump shot,3PT Field Goal,Above the Break 3,Center(C),24+ ft.,26,-55,256,1,1,20251026,DET,BOS,7960,0,1627759|1628449|1629014|1631169|1631248,1,REG,2026,1610612738,,,,,
22500106202,,Shot Chart Detail,22500106,202,1629014,Anfernee Simons,1610612738,Boston Celtics,2,10,13,Missed Shot,Jump Shot,3PT Field Goal,Above the Break 3,Left Side Center(LC),24+ ft.,25,-200,156,1,0,20251026,DET,BOS,8270,0,1627759|1628449|1629014|1631169|1631248,0,REG,2026,1610612738,,,,,
22500106205,,Shot Chart Detail,22500106,205,1627759,Jaylen Brown,1610612738,Boston Celtics,2,10,3,Made Shot,Jump Shot,3PT Field Goal,Left Corner 3,Left Side(L),24+ ft.,22,-222,59,1,1,20251026,DET,BOS,8370,0,1627759|1628449|1629014|1631169|1631248,1,REG,2026,1610612738,,,,,
22500106210,,Shot Chart Detail,22500106,210,1628449,Chris Boucher,1610612738,Boston Celtics,2,9,37,Missed Shot,Jump Shot,3PT Field Goal,Above the Break 3,Center(C),24+ ft.,25,53,245,1,0,20251026,DET,BOS,8630,0,1627759|1628449|1629014|1631169|1631248,0,REG,2026,1610612738,,,,,
22500106217,,Shot Chart Detail,22500106,217,1631169,Josh Minott,1610612738,Boston Celtics,2,9,10,Missed Shot,Running Jump Shot,3PT Field Goal,Left Corner 3,Left Side(L),24+ ft.,22,-225,-7,1,0,20251026,DET,BOS,8900,0,1627759|1628449|1629014|1631169|1631248,0,REG,2026,1610612738,,,,,
22500106237,,Shot Chart Detail,22500106,237,1629014,Anfernee Simons,1610612738,Boston Celtics,2,8,24,Made Shot,Driving Floating Bank Jump Shot,2PT Field Goal,In The Paint (Non-RA),Right Side(R),8-16 ft.,10,69,85,1,1,20251026,DET,BOS,9360,0,1627759|1628449|1629014|1629674|1631248,0,REG,2026,1610612738,,,,,
22500106243,,Shot Chart Detail,22500106,243,1627759,Jaylen Brown,1610612738,Boston Celtics,2,7,35,Missed Shot,Step Back Jump shot,3PT Field Goal,Above the Break 3,Left Side Center(LC),24+ ft.,25,-168,189,1,0,20251026,DET,BOS,9850,0,1627759|1628449|1629014|1629674|1631248,0,REG,2026,1610612738,,,,,
22500106248,,Shot Chart Detail,22500106,248,1629014,Anfernee Simons,1610612738,Boston Celtics,2,7,1,Missed Shot,Pullup Jump shot,2PT Field Goal,Mid-Range,Right Side(R),8-16 ft.,15,157,15,1,0,20251026,DET,BOS,10190,0,1627759|1628449|1629014|1629674|1631248,0,REG,2026,1610612738,,,,,
22500106269,,Shot Chart Detail,22500106,269,1627759,Jaylen Brown,1610612738,Boston Celtics,2,6,16,Made Shot,Jump Shot,3PT Field Goal,Above the Break 3,Left Side Center(LC),24+ ft.,26,-124,230,1,1,20251026,DET,BOS,10640,0,1627759|1628401|1629674|1630573|1642864,1,REG,2026,1610612738,,,,,
22500106278,,Shot Chart Detail,22500106,278,1627759,Jaylen Brown,1610612738,Boston Celtics,2,5,44,Made Shot,Layup Shot,2PT Field Goal,In The Paint (Non-RA),Center(C),Less Than 8 ft.,4,-25,36,1,1,20251026,DET,BOS,10960,0,1627759|1628401|1629674|1630202|1630573,1,REG,2026,1610612738,,,,,
22500106284,,Shot Chart Detail,22500106,284,1627759,Jaylen Brown,1610612738,Boston Celtics,2,5,19,Missed Shot,Pullup Jump shot,3PT Field Goal,Above the Break 3,Right Side Center(RC),24+ ft.,30,150,262,1,0,20251026,DET,BOS,11210,0,1627759|1628401|1629674|1630202|1630573,0,REG,2026,1610612738,,,,,
22500106286,,Shot Chart Detail,22500106,286,1630573,Sam Hauser,1610612738,Boston Celtics,2,5,3,Made Shot,Jump Shot,3PT Field Goal,Above the Break 3,Left Side Center(LC),24+ ft.,24,-221,100,1,1,20251026,DET,BOS,11370,0,1627759|1628401|1629674|1630202|1630573,1,REG,2026,1610612738,,,,,
22500106290,,Shot Chart Detail,22500106,290,1629674,Neemias Queta,1610612738,Boston Celtics,2,4,49,Made Shot,Driving Dunk Shot,2PT Field Goal,Restricted Area,Center(C),Less Than 8 ft.,2,9,25,1,1,20251026,DET,BOS,11510,0,1627759|1628401|1629674|1630202|1630573,0,REG,2026,1610612738,,,,,
22500106299,,Shot Chart Detail,22500106,299,1627759,Jaylen Brown,1610612738,Boston Celtics,2,3,57,Missed Shot,Turnaround Jump Shot,2PT Field Goal,Mid-Range,Left Side Center(LC),16-24 ft.,18,-131,127,1,0,20251026,DET,BOS,12030,0,1627759|1628401|1629674|1630202|1630573,0,REG,2026,1610612738,,,,,
22500106317,,Shot Chart Detail,22500106,317,1628401,Derrick White,1610612738,Boston Celtics,2,3,28,Missed Shot,Cutting Layup Shot,2PT Field Goal,Restricted Area,Center(C),Less Than 8 ft.,1,-9,17,1,0,20251026,DET,BOS,12320,0,1628401|1629014|1629674|1630202|1642864,0,REG,2026,1610612738,,,,,
22500106322,,Shot Chart Detail,22500106,322,1642864,Hugo González,1610612738,Boston Celtics,2,3,14,Missed Shot,Running Dunk Shot,2PT Field Goal,Restricted Area,Center(C),Less Than 8 ft.,1,-5,10,1,0,20251026,DET,BOS,12460,0,1628401|1629014|1629674|1630202|1642864,0,REG,2026,1610612738,,,,,
22500106328,,Shot Chart Detail,22500106,328,1630568,Luka Garza,1610612738,Boston Celtics,2,3,9,Missed Shot,Jump Shot,3PT Field Goal,Above the Break 3,Center(C),24+ ft.,26,22,263,1,0,20251026,DET,BOS,12510,0,1628401|1629014|1630202|1630568|1642864,0,REG,2026,1610612738,,,,,
22500106336,,Shot Chart Detail,22500106,336,1628401,Derrick White,1610612738,Boston Celtics,2,2,34,Missed Shot,Jump Shot,3PT Field Goal,Above the Break 3,Right Side Center(RC),24+ ft.,28,115,256,1,0,20251026,DET,BOS,12860,0,1628401|1629014|1630202|1630568|1642864,0,REG,2026,1610612738,,,,,
22500106345,,Shot Chart Detail,22500106,345,1628401,Derrick White,1610612738,Boston Celtics,2,2,5,Missed Shot,Pullup Jump shot,3PT Field Goal,Above the Break 3,Right Side Center(RC),24+ ft.,28,97,266,1,0,20251026,DET,BOS,13150,0,1628401|1629014|1630202|1630568|1642864,0,REG,2026,1610612738,,,,,
22500106353,,Shot Chart Detail,22500106,353,1630202,Payton Pritchard,1610612738,Boston Celtics,2,1,42,Missed Shot,Jump Shot,3PT Field Goal,Above the Break 3,Right Side Center(RC),24+ ft.,30,104,282,1,0,20251026,DET,BOS,13380,0,1627759|1628401|1630202|1630568|1642864,0,REG,2026,1610612738,,,,,
22500106356,,Shot Chart Detail,22500106,356,1627759,Jaylen Brown,1610612738,Boston Celtics,2,1,21,Made Shot,Driving Layup Shot,2PT Field Goal,Restricted Area,Center(C),Less Than 8 ft.,2,20,12,1,1,20251026,DET,BOS,13590,0,1627759|1628401|1630202|1630568|1642864,0,REG,2026,1610612738,,,,,
22500106369,,Shot Chart Detail,22500106,369,1627759,Jaylen Brown,1610612738,Boston Celtics,2,0,36,Missed Shot,Pullup Jump shot,3PT Field Goal,Above the Break 3,Right Side Center(RC),24+ ft.,27,169,211,1,0,20251026,DET,BOS,14040,0,1627759|1628401|1630573|1631169|1642864,0,REG,2026,1610612738,,,,,
22500106384,,Shot Chart Detail,22500106,384,1630573,Sam Hauser,1610612738,Boston Celtics,2,0,0,Missed Shot,Floating Jump shot,2PT Field Goal,In The Paint (Non-RA),Center(C),Less Than 8 ft.,7,8,71,1,0,20251026,DET,BOS,14400,0,1627759|1628401|1630202|1630573|1631169,0,REG,2026,1610612738,,,,,
22500106382,,Shot Chart Detail,22500106,382,1628401,Derrick White,1610612738,Boston Celtics,2,0,0,Missed Shot,Layup Shot,2PT Field Goal,In The Paint (Non-RA),Center(C),Less Than 8 ft.,4,-38,24,1,0,20251026,DET,BOS,14400,0,1627759|1628401|1630202|1630573|1631169,0,REG,2026,1610612738,,,,,
22500106399,,Shot Chart Detail,22500106,399,1630202,Payton Pritchard,1610612738,Boston Celtics,3,11,15,Made Shot,Jump Shot,3PT Field Goal,Above the Break 3,Right Side Center(RC),24+ ft.,27,104,252,1,1,20251026,DET,BOS,14850,0,1627759|1628401|1629674|1630202|1642864,1,REG,2026,1610612738,,,,,
22500106403,,Shot Chart Detail,22500106,403,1628401,Derrick White,1610612738,Boston Celtics,3,10,52,Missed Shot,Jump Shot,3PT Field Goal,Right Corner 3,Right Side(R),24+ ft.,22,225,-11,1,0,20251026,DET,BOS,15080,0,1627759|1628401|1629674|1630202|1642864,0,REG,2026,1610612738,,,,,
22500106409,,Shot Chart Detail,22500106,409,1630202,Payton Pritchard,1610612738,Boston Celtics,3,10,31,Missed Shot,Jump Shot,3PT Field Goal,Above the Break 3,Right Side Center(RC),24+ ft.,25,203,146,1,0,20251026,DET,BOS,15290,0,1627759|1628401|1629674|1630202|1642864,0,REG,2026,1610612738,,,,,
22500106417,,Shot Chart Detail,22500106,417,1628401,Derrick White,1610612738,Boston Celtics,3,10,8,Made Shot,Jump Shot,3PT Field Goal,Above the Break 3,Left Side Center(LC),24+ ft.,27,-181,205,1,1,20251026,DET,BOS,15520,0,1627759|1628401|1629674|1630202|1642864,1,REG,2026,1610612738,,,,,
22500106424,,Shot Chart Detail,22500106,424,1627759,Jaylen Brown,1610612738,Boston Celtics,3,9,40,Missed Shot,Floating Jump shot,2PT Field Goal,In The Paint (Non-RA),Center(C),8-16 ft.,12,-40,118,1,0,20251026,DET,BOS,15800,0,1627759|1628401|1629674|1630202|1642864,0,REG,2026,1610612738,,,,,
22500106437,,Shot Chart Detail,22500106,437,1628401,Derrick White,1610612738,Boston Celtics,3,8,37,Made Shot,Jump Shot,3PT Field Goal,Above the Break 3,Left Side Center(LC),24+ ft.,26,-202,167,1,1,20251026,DET,BOS,16430,0,1627759|1628401|1629674|1630202|1642864,1,REG,2026,1610612738,,,,,
22500106448,,Shot Chart Detail,22500106,448,1627759,Jaylen Brown,1610612738,Boston Celtics,3,8,6,Missed Shot,Driving Floating Jump Shot,2PT Field Goal,In The Paint (Non-RA),Center(C),8-16 ft.,8,1,86,1,0,20251026,DET,BOS,16740,0,1627759|1628401|1629674|1630202|1642864,0,REG,2026,1610612738,,,,,
22500106454,,Shot Chart Detail,22500106,454,1628401,Derrick White,1610612738,Boston Celtics,3,7,45,Missed Shot,Jump Shot,3PT Field Goal,Above the Break 3,Right Side Center(RC),24+ ft.,25,184,172,1,0,20251026,DET,BOS,16950,0,1627759|1628401|1629674|1630202|1642864,0,REG,2026,1610612738,,,,,
22500106458,,Shot Chart Detail,22500106,458,1630202,Payton Pritchard,1610612738,Boston Celtics,3,7,35,Missed Shot,Running Jump Shot,3PT Field Goal,Above the Break 3,Left Side Center(LC),24+ ft.,27,-183,210,1,0,20251026,DET,BOS,17050,0,1627759|1628401|1629674|1630202|1642864,0,REG,2026,1610612738,,,,,
22500106465,,Shot Chart Detail,22500106,465,1627759,Jaylen Brown,1610612738,Boston Celtics,3,6,54,Made Shot,Pullup Jump shot,2PT Field Goal,Mid-Range,Center(C),16-24 ft.,17,-53,164,1,1,20251026,DET,BOS,17460,0,1627759|1628401|1629674|1630202|1642864,1,REG,2026,1610612738,,,,,
22500106468,,Shot Chart Detail,22500106,468,1629674,Neemias Queta,1610612738,Boston Celtics,3,6,15,Missed Shot,Hook Shot,2PT Field Goal,In The Paint (Non-RA),Center(C),Less Than 8 ft.,6,-22,59,1,0,20251026,DET,BOS,17850,0,1627759|1628401|1629674|1630202|1642864,0,REG,2026,1610612738,,,,,
22500106497,,Shot Chart Detail,22500106,497,1627759,Jaylen Brown,1610612738,Boston Celtics,3,5,9,Made Shot,Pullup Jump shot,3PT Field Goal,Above the Break 3,Center(C),24+ ft.,26,-76,259,1,1,20251026,DET,BOS,18510,0,1627759|1629014|1630202|1630568|1630573,0,REG,2026,1610612738,,,,,
22500106500,,Shot Chart Detail,22500106,500,1627759,Jaylen Brown,1610612738,Boston Celtics,3,4,38,Missed Shot,Pullup Jump shot,2PT Field Goal,Mid-Range,Right Side(R),8-16 ft.,14,97,109,1,0,20251026,DET,BOS,18820,0,1627759|1629014|1630202|1630568|1630573,0,REG,2026,1610612738,,,,,
22500106506,,Shot Chart Detail,22500106,506,1629014,Anfernee Simons,1610612738,Boston Celtics,3,4,11,Missed Shot,Step Back Jump shot,3PT Field Goal,Above the Break 3,Right Side Center(RC),24+ ft.,25,163,200,1,0,20251026,DET,BOS,19090,0,1627759|1629014|1630202|1630568|1630573,0,REG,2026,1610612738,,,,,
22500106542,,Shot Chart Detail,22500106,542,1629014,Anfernee Simons,1610612738,Boston Celtics,3,2,19,Made Shot,Driving Floating Jump Shot,2PT Field Goal,In The Paint (Non-RA),Center(C),Less Than 8 ft.,7,58,54,1,1,20251026,DET,BOS,20210,0,1627759|1628401|1628449|1629014|1630573,0,REG,2026,1610612738,,,,,
22500106544,,Shot Chart Detail,22500106,544,1628401,Derrick White,1610612738,Boston Celtics,3,1,47,Missed Shot,Jump Shot,3PT Field Goal,Above the Break 3,Left Side Center(LC),24+ ft.,28,-140,251,1,0,20251026,DET,BOS,20530,0,1627759|1628401|1628449|1629014|1630573,0,REG,2026,1610612738,,,,,
22500106548,,Shot Chart Detail,22500106,548,1627759,Jaylen Brown,1610612738,Boston Celtics,3,1,11,Made Shot,Driving Finger Roll Layup Shot,2PT Field Goal,In The Paint (Non-RA),Center(C),Less Than 8 ft.,4,27,31,1,1,20251026,DET,BOS,20890,0,1627759|1628401|1628449|1629014|1630573,0,REG,2026,1610612738,,,,,
22500106562,,Shot Chart Detail,22500106,562,1628401,Derrick White,1610612738,Boston Celtics,3,0,12,Missed Shot,Layup Shot,2PT Field Goal,In The Paint (Non-RA),Center(C),Less Than 8 ft.,6,31,57,1,0,20251026,DET,BOS,21480,0,1628401|1628449|1629014|1630202|1642864,0,REG,2026,1610612738,,,,,
22500106577,,Shot Chart Detail,22500106,577,1629014,Anfernee Simons,1610612738,Boston Celtics,4,11,41,Missed Shot,Pullup Jump shot,2PT Field Goal,Mid-Range,Right Side Center(RC),16-24 ft.,19,118,153,1,0,20251026,DET,BOS,21790,0,1628401|1629014|1629674|1630573|1631169,0,REG,2026,1610612738,,,,,
22500106583,,Shot Chart Detail,22500106,583,1631169,Josh Minott,1610612738,Boston Celtics,4,11,9,Missed Shot,Jump Shot,3PT Field Goal,Above the Break 3,Left Side Center(LC),24+ ft.,28,-183,216,1,0,20251026,DET,BOS,22110,0,1628401|1629014|1629674|1630573|1631169,0,REG,2026,1610612738,,,,,
22500106705,,Shot Chart Detail,22500106,705,1629674,Neemias Queta,1610612738,Boston Celtics,4,11,7,Missed Shot,Tip Layup Shot,2PT Field Goal,Restricted Area,Center(C),Less Than 8 ft.,3,-33,-1,1,0,20251026,DET,BOS,22130,0,1628401|1629014|1629674|1630573|1631169,0,REG,2026,1610612738,,,,,
22500106586,,Shot Chart Detail,22500106,586,1629014,Anfernee Simons,1610612738,Boston Celtics,4,11,6,Missed Shot,Jump Shot,3PT Field Goal,Right Corner 3,Right Side(R),24+ ft.,23,225,67,1,0,20251026,DET,BOS,22140,0,1628401|1629014|1629674|1630573|1631169,0,REG,2026,1610612738,,,,,
22500106588,,Shot Chart Detail,22500106,588,1628401,Derrick White,1610612738,Boston Celtics,4,11,0,Made Shot,Putback Layup Shot,2PT Field Goal,Restricted Area,Center(C),Less Than 8 ft.,3,2,39,1,1,20251026,DET,BOS,22200,0,1628401|1629014|1629674|1630573|1631169,0,REG,2026,1610612738,,,,,
22500106613,,Shot Chart Detail,22500106,613,1628401,Derrick White,1610612738,Boston Celtics,4,9,34,Missed Shot,Jump Shot,3PT Field Goal,Above the Break 3,Right Side Center(RC),24+ ft.,25,116,227,1,0,20251026,DET,BOS,23060,0,1628401|1629014|1629674|1630573|1631169,0,REG,2026,1610612738,,,,,
22500106617,,Shot Chart Detail,22500106,617,1631169,Josh Minott,1610612738,Boston Celtics,4,9,9,Made Shot,Jump Shot,3PT Field Goal,Right Corner 3,Right Side(R),24+ ft.,23,230,10,1,1,20251026,DET,BOS,23310,0,1628401|1629014|1629674|1630573|1631169,1,REG,2026,1610612738,,,,,
22500106621,,Shot Chart Detail,22500106,621,1631169,Josh Minott,1610612738,Boston Celtics,4,8,53,Made Shot,Running Layup Shot,2PT Field Goal,Restricted Area,Center(C),Less Than 8 ft.,3,1,36,1,1,20251026,DET,BOS,23470,0,1628401|1629014|1629674|1630573|1631169,0,REG,2026,1610612738,,,,,
22500106635,,Shot Chart Detail,22500106,635,1631169,Josh Minott,1610612738,Boston Celtics,4,8,21,Made Shot,Cutting Layup Shot,2PT Field Goal,In The Paint (Non-RA),Center(C),Less Than 8 ft.,5,36,44,1,1,20251026,DET,BOS,23790,0,1627759|1628401|1629674|1630202|1631169,1,REG,2026,1610612738,,,,,
22500106638,,Shot Chart Detail,22500106,638,1627759,Jaylen Brown,1610612738,Boston Celtics,4,7,59,Missed Shot,Pullup Jump shot,3PT Field Goal,Above the Break 3,Left Side Center(LC),24+ ft.,26,-180,190,1,0,20251026,DET,BOS,24010,0,1627759|1628401|1629674|1630202|1631169,0,REG,2026,1610612738,,,,,
22500106640,,Shot Chart Detail,22500106,640,1630202,Payton Pritchard,1610612738,Boston Celtics,4,7,48,Made Shot,Floating Jump shot,2PT Field Goal,In The Paint (Non-RA),Center(C),Less Than 8 ft.,7,27,75,1,1,20251026,DET,BOS,24120,0,1627759|1628401|1629674|1630202|1631169,0,REG,2026,1610612738,,,,,
22500106657,,Shot Chart Detail,22500106,657,1627759,Jaylen Brown,1610612738,Boston Celtics,4,7,5,Made Shot,Pullup Jump shot,2PT Field Goal,In The Paint (Non-RA),Center(C),8-16 ft.,11,7,112,1,1,20251026,DET,BOS,24550,0,1627759|1628401|1629674|1630202|1630573,1,REG,2026,1610612738,,,,,
22500106661,,Shot Chart Detail,22500106,661,1627759,Jaylen Brown,1610612738,Boston Celtics,4,6,40,Missed Shot,Pullup Jump shot,2PT Field Goal,In The Paint (Non-RA),Center(C),8-16 ft.,11,7,111,1,0,20251026,DET,BOS,24800,0,1627759|1628401|1629674|1630202|1630573,0,REG,2026,1610612738,,,,,
22500106742,,Shot Chart Detail,22500106,742,1627759,Jaylen Brown,1610612738,Boston Celtics,4,6,37,Missed Shot,Tip Layup Shot,2PT Field Goal,Restricted Area,Center(C),Less Than 8 ft.,1,-4,17,1,0,20251026,DET,BOS,24830,0,1627759|1628401|1629674|1630202|1630573,0,REG,2026,1610612738,,,,,
22500106668,,Shot Chart Detail,22500106,668,1627759,Jaylen Brown,1610612738,Boston Celtics,4,6,4,Missed Shot,Driving Layup Shot,2PT Field Goal,In The Paint (Non-RA),Center(C),Less Than 8 ft.,5,39,41,1,0,20251026,DET,BOS,25160,0,1627759|1628401|1629674|1630202|1630573,0,REG,2026,1610612738,,,,,
22500106673,,Shot Chart Detail,22500106,673,1628401,Derrick White,1610612738,Boston Celtics,4,5,39,Made Shot,Pullup Jump shot,3PT Field Goal,Above the Break 3,Center(C),24+ ft.,27,62,265,1,1,20251026,DET,BOS,25410,0,1627759|1628401|1629674|1630202|1630573,0,REG,2026,1610612738,,,,,
22500106682,,Shot Chart Detail,22500106,682,1630573,Sam Hauser,1610612738,Boston Celtics,4,5,3,Missed Shot,Jump Shot,3PT Field Goal,Above the Break 3,Right Side Center(RC),24+ ft.,27,97,257,1,0,20251026,DET,BOS,25770,0,1627759|1628401|1629674|1630202|1630573,0,REG,2026,1610612738,,,,,
22500106697,,Shot Chart Detail,22500106,697,1628401,Derrick White,1610612738,Boston Celtics,4,4,25,Missed Shot,Pullup Jump shot,3PT Field Goal,Above the Break 3,Left Side Center(LC),24+ ft.,32,-140,296,1,0,20251026,DET,BOS,26150,0,1627759|1628401|1630568|1631169|1642864,0,REG,2026,1610612738,,,,,
22500106716,,Shot Chart Detail,22500106,716,1630202,Payton Pritchard,1610612738,Boston Celtics,4,3,21,Made Shot,Running Layup Shot,2PT Field Goal,Restricted Area,Center(C),Less Than 8 ft.,2,26,4,1,1,20251026,DET,BOS,26790,0,1627759|1628401|1630202|1630568|1630573,0,REG,2026,1610612738,,,,,
22500106722,,Shot Chart Detail,22500106,722,1630573,Sam Hauser,1610612738,Boston Celtics,4,2,47,Missed Shot,Pullup Jump shot,3PT Field Goal,Above the Break 3,Center(C),24+ ft.,26,66,256,1,0,20251026,DET,BOS,27130,0,1627759|1628401|1630202|1630568|1630573,0,REG,2026,1610612738,,,,,
22500106735,,Shot Chart Detail,22500106,735,1627759,Jaylen Brown,1610612738,Boston Celtics,4,2,28,Missed Shot,Driving Layup Shot,2PT Field Goal,Restricted Area,Center(C),Less Than 8 ft.,3,26,26,1,0,20251026,DET,BOS,27320,0,1627759|1628401|1629674|1630202|1630573,0,REG,2026,1610612738,,,,,
22500106737,,Shot Chart Detail,22500106,737,1630202,Payton Pritchard,1610612738,Boston Celtics,4,2,19,Made Shot,Fadeaway Jump Shot,2PT Field Goal,In The Paint (Non-RA),Center(C),8-16 ft.,14,50,134,1,1,20251026,DET,BOS,27410,0,1627759|1628401|1629674|1630202|1630573,0,REG,2026,1610612738,,,,,
22500106744,,Shot Chart Detail,22500106,744,1630573,Sam Hauser,1610612738,Boston Celtics,4,1,39,Made Shot,Jump Shot,3PT Field Goal,Above the Break 3,Right Side Center(RC),24+ ft.,24,167,180,1,1,20251026,DET,BOS,27810,0,1627759|1628401|1629674|1630202|1630573,1,REG,2026,1610612738,,,,,
22500106767,,Shot Chart Detail,22500106,767,1630202,Payton Pritchard,1610612738,Boston Celtics,4,0,6,Missed Shot,Step Back Jump shot,2PT Field Goal,Mid-Range,Center(C),16-24 ft.,22,26,222,1,0,20251026,DET,BOS,28740,0,1627759|1628401|1629674|1630202|1631169,0,REG,2026,1610612738,,,,,
225001177,,Shot Chart Detail,22500117,7,1631169,Josh Minott,1610612738,Boston Celtics,1,11,54,Made Shot,Alley Oop Dunk Shot,2PT Field Goal,Restricted Area,Center(C),Less Than 8 ft.,1,6,8,1,1,20251027,NOP,BOS,60,0,1627759|1628401|1629674|1630202|1631169,1,REG,2026,1610612738,,,,,
2250011711,,Shot Chart Detail,22500117,11,1630202,Payton Pritchard,1610612738,Boston Celtics,1,11,16,Made Shot,Pullup Jump shot,3PT Field Goal,Above the Break 3,Right Side Center(RC),24+ ft.,28,184,222,1,1,20251027,NOP,BOS,440,0,1627759|1628401|1629674|1630202|1631169,1,REG,2026,1610612738,,,,,
2250011718,,Shot Chart Detail,22500117,18,1631169,Josh Minott,1610612738,Boston Celtics,1,10,31,Missed Shot,Running Jump Shot,3PT Field Goal,Left Corner 3,Left Side(L),24+ ft.,22,-229,-5,1,0,20251027,NOP,BOS,890,0,1627759|1628401|1629674|1630202|1631169,0,REG,2026,1610612738,,,,,
2250011722,,Shot Chart Detail,22500117,22,1628401,Derrick White,1610612738,Boston Celtics,1,10,2,Made Shot,Pullup Jump shot,2PT Field Goal,Mid-Range,Left Side(L),8-16 ft.,15,-83,132,1,1,20251027,NOP,BOS,1180,0,1627759|1628401|1629674|1630202|1631169,1,REG,2026,1610612738,,,,,
2250011727,,Shot Chart Detail,22500117,27,1627759,Jaylen Brown,1610612738,Boston Celtics,1,9,29,Made Shot,Running Layup Shot,2PT Field Goal,Restricted Area,Center(C),Less Than 8 ft.,1,-10,-6,1,1,20251027,NOP,BOS,1510,0,1627759|1628401|1629674|1630202|1631169,1,REG,2026,1610612738,,,,,
2250011730,,Shot Chart Detail,22500117,30,1630202,Payton Pritchard,1610612738,Boston Celtics,1,8,56,Made Shot,Turnaround Fadeaway shot,2PT Field Goal,In The Paint (Non-RA),Center(C),8-16 ft.,9,-27,92,1,1,20251027,NOP,BOS,1840,0,1627759|1628401|1629674|1630202|1631169,0,REG,2026,1610612738,,,,,
2250011736,,Shot Chart Detail,22500117,36,1628401,Derrick White,1610612738,Boston Celtics,1,8,24,Missed Shot,Jump Shot,3PT Field Goal,Above the Break 3,Right Side Center(RC),24+ ft.,26,99,241,1,0,20251027,NOP,BOS,2160,0,1627759|1628401|1629674|1630202|1631169,0,REG,2026,1610612738,,,,,
2250011742,,Shot Chart Detail,22500117,42,1630202,Payton Pritchard,1610612738,Boston Celtics,1,7,59,Missed Shot,Pullup Jump shot,2PT Field Goal,In The Paint (Non-RA),Right Side(R),8-16 ft.,11,66,90,1,0,20251027,NOP,BOS,2410,0,1627759|1628401|1629674|1630202|1631169,0,REG,2026,1610612738,,,,,
2250011753,,Shot Chart Detail,22500117,53,1627759,Jaylen Brown,1610612738,Boston Celtics,1,7,26,Made Shot,Running Jump Shot,3PT Field Goal,Above the Break 3,Left Side Center(LC),24+ ft.,25,-154,199,1,1,20251027,NOP,BOS,2740,0,1627759|1628401|1629674|1630202|1631169,0,REG,2026,1610612738,,,,,
2250011756,,Shot Chart Detail,22500117,56,1628401,Derrick White,1610612738,Boston Celtics,1,7,4,Missed Shot,Jump Shot,3PT Field Goal,Above the Break 3,Center(C),24+ ft.,26,4,264,1,0,20251027,NOP,BOS,2960,0,1627759|1628401|1629674|1630202|1631169,0,REG,2026,1610612738,,,,,
2250011770,,Shot Chart Detail,22500117,70,1630202,Payton Pritchard,1610612738,Boston Celtics,1,6,27,Missed Shot,Step Back Jump shot,3PT Field Goal,Above the Break 3,Center(C),24+ ft.,27,6,272,1,0,20251027,NOP,BOS,3330,0,1627759|1629014|1630202|1630568|1631169,0,REG,2026,1610612738,,,,,
2250011779,,Shot Chart Detail,22500117,79,1630568,Luka Garza,1610612738,Boston Celtics,1,5,51,Made Shot,Jump Shot,3PT Field Goal,Above the Break 3,Left Side Center(LC),24+ ft.,25,-130,218,1,1,20251027,NOP,BOS,3690,0,1627759|1629014|1630202|1630568|1630573,1,REG,2026,1610612738,,,,,
2250011791,,Shot Chart Detail,22500117,91,1627759,Jaylen Brown,1610612738,Boston Celtics,1,5,13,Made Shot,Running Pull-Up Jump Shot,2PT Field Goal,In The Paint (Non-RA),Right Side(R),8-16 ft.,14,77,125,1,1,20251027,NOP,BOS,4070,0,1627759|1629014|1630202|1630568|1630573,0,REG,2026,1610612738,,,,,
2250011794,,Shot Chart Detail,22500117,94,1627759,Jaylen Brown,1610612738,Boston Celtics,1,4,59,Missed Shot,Running Pull-Up Jump Shot,3PT Field Goal,Above the Break 3,Left Side Center(LC),24+ ft.,24,-119,216,1,0,20251027,NOP,BOS,4210,0,1627759|1629014|1630202|1630568|1630573,0,REG,2026,1610612738,,,,,
22500117117,,Shot Chart Detail,22500117,117,1629014,Anfernee Simons,1610612738,Boston Celtics,1,4,1,Missed Shot,Pullup Jump shot,3PT Field Goal,Above the Break 3,Left Side Center(LC),24+ ft.,24,-147,201,1,0,20251027,NOP,BOS,4790,0,1629014|1630202|1630568|1630573|1631248,0,REG,2026,1610612738,,,,,
22500117121,,Shot Chart Detail,22500117,121,1630568,Luka Garza,1610612738,Boston Celtics,1,3,32,Missed Shot,Jump Shot,3PT Field Goal,Above the Break 3,Center(C),24+ ft.,25,31,256,1,0,20251027,NOP,BOS,5080,0,1629014|1630202|1630568|1630573|1631248,0,REG,2026,1610612738,,,,,
22500117137,,Shot Chart Detail,22500117,137,1630573,Sam Hauser,1610612738,Boston Celtics,1,2,38,Missed Shot,Jump Shot,3PT Field Goal,Above the Break 3,Center(C),24+ ft.,25,-36,251,1,0,20251027,NOP,BOS,5620,0,1628401|1629014|1630568|1630573|1631248,0,REG,2026,1610612738,,,,,
22500117149,,Shot Chart Detail,22500117,149,1629014,Anfernee Simons,1610612738,Boston Celtics,1,2,6,Made Shot,Jump Shot,3PT Field Goal,Above the Break 3,Right Side Center(RC),24+ ft.,25,218,141,1,1,20251027,NOP,BOS,5940,0,1628401|1629014|1630214|1630573|1631248,1,REG,2026,1610612738,,,,,
22500117155,,Shot Chart Detail,22500117,155,1630214,Xavier Tillman,1610612738,Boston Celtics,1,1,33,Made Shot,Driving Floating Jump Shot,2PT Field Goal,In The Paint (Non-RA),Center(C),8-16 ft.,12,27,125,1,1,20251027,NOP,BOS,6270,0,1628401|1629014|1630214|1630573|1631248,1,REG,2026,1610612738,,,,,
22500117159,,Shot Chart Detail,22500117,159,1631248,Baylor Scheierman,1610612738,Boston Celtics,1,1,9,Missed Shot,Jump Shot,3PT Field Goal,Above the Break 3,Right Side Center(RC),24+ ft.,24,105,222,1,0,20251027,NOP,BOS,6510,0,1628401|1629014|1630214|1630573|1631248,0,REG,2026,1610612738,,,,,
22500117166,,Shot Chart Detail,22500117,166,1628401,Derrick White,1610612738,Boston Celtics,1,0,35,Made Shot,Pullup Jump shot,3PT Field Goal,Above the Break 3,Left Side Center(LC),24+ ft.,25,-104,229,1,1,20251027,NOP,BOS,6850,0,1628401|1629014|1630214|1630573|1631248,0,REG,2026,1610612738,,,,,
22500117169,,Shot Chart Detail,22500117,169,1630573,Sam Hauser,1610612738,Boston Celtics,1,0,1,Missed Shot,Jump Shot,3PT Field Goal,Above the Break 3,Right Side Center(RC),24+ ft.,34,175,302,1,0,20251027,NOP,BOS,7190,0,1628401|1629014|1630214|1630573|1631248,0,REG,2026,1610612738,,,,,
22500117188,,Shot Chart Detail,22500117,188,1629014,Anfernee Simons,1610612738,Boston Celtics,2,11,27,Missed Shot,Pullup Jump shot,3PT Field Goal,Above the Break 3,Left Side Center(LC),24+ ft.,25,-87,241,1,0,20251027,NOP,BOS,7530,0,1627759|1628401|1628449|1629014|1629674,0,REG,2026,1610612738,,,,,
22500117190,,Shot Chart Detail,22500117,190,1629014,Anfernee Simons,1610612738,Boston Celtics,2,11,17,Missed Shot,Step Back Jump shot,3PT Field Goal,Above the Break 3,Left Side Center(LC),24+ ft.,24,-134,209,1,0,20251027,NOP,BOS,7630,0,1627759|1628401|1628449|1629014|1629674,0,REG,2026,1610612738,,,,,
22500117197,,Shot Chart Detail,22500117,197,1629674,Neemias Queta,1610612738,Boston Celtics,2,10,30,Missed Shot,Alley Oop Layup shot,2PT Field Goal,Restricted Area,Center(C),Less Than 8 ft.,2,-23,4,1,0,20251027,NOP,BOS,8100,0,1627759|1628401|1628449|1629014|1629674,0,REG,2026,1610612738,,,,,
22500117199,,Shot Chart Detail,22500117,199,1629674,Neemias Queta,1610612738,Boston Celtics,2,10,30,Missed Shot,Tip Layup Shot,2PT Field Goal,Restricted Area,Center(C),Less Than 8 ft.,0,0,0,1,0,20251027,NOP,BOS,8100,0,1627759|1628401|1628449|1629014|1629674,0,REG,2026,1610612738,,,,,
22500117204,,Shot Chart Detail,22500117,204,1628449,Chris Boucher,1610612738,Boston Celtics,2,10,2,Missed Shot,Jump Shot,3PT Field Goal,Above the Break 3,Center(C),24+ ft.,24,-31,245,1,0,20251027,NOP,BOS,8380,0,1627759|1628401|1628449|1629014|1629674,0,REG,2026,1610612738,,,,,
22500117211,,Shot Chart Detail,22500117,211,1628401,Derrick White,1610612738,Boston Celtics,2,9,37,Missed Shot,Pullup Jump shot,3PT Field Goal,Above the Break 3,Right Side Center(RC),24+ ft.,25,137,219,1,0,20251027,NOP,BOS,8630,0,1627759|1628401|1628449|1629014|1629674,0,REG,2026,1610612738,,,,,
22500117222,,Shot Chart Detail,22500117,222,1627759,Jaylen Brown,1610612738,Boston Celtics,2,9,10,Missed Shot,Step Back Jump shot,2PT Field Goal,Mid-Range,Left Side(L),8-16 ft.,14,-91,117,1,0,20251027,NOP,BOS,8900,0,1627759|1628401|1628449|1629014|1629674,0,REG,2026,1610612738,,,,,
22500117233,,Shot Chart Detail,22500117,233,1631169,Josh Minott,1610612738,Boston Celtics,2,8,34,Made Shot,Cutting Finger Roll Layup Shot,2PT Field Goal,Restricted Area,Center(C),Less Than 8 ft.,2,-23,-1,1,1,20251027,NOP,BOS,9260,0,1627759|1628401|1629674|1630202|1631169,1,REG,2026,1610612738,,,,,
22500117237,,Shot Chart Detail,22500117,237,1627759,Jaylen Brown,1610612738,Boston Celtics,2,8,12,Missed Shot,Running Pull-Up Jump Shot,3PT Field Goal,Above the Break 3,Left Side Center(LC),24+ ft.,25,-125,220,1,0,20251027,NOP,BOS,9480,0,1627759|1628401|1629674|1630202|1631169,0,REG,2026,1610612738,,,,,
22500117244,,Shot Chart Detail,22500117,244,1628401,Derrick White,1610612738,Boston Celtics,2,7,44,Missed Shot,Pullup Jump shot,2PT Field Goal,Mid-Range,Center(C),8-16 ft.,14,-32,142,1,0,20251027,NOP,BOS,9760,0,1627759|1628401|1629674|1630202|1631169,0,REG,2026,1610612738,,,,,
22500117246,,Shot Chart Detail,22500117,246,1629674,Neemias Queta,1610612738,Boston Celtics,2,7,39,Missed Shot,Tip Layup Shot,2PT Field Goal,Restricted Area,Center(C),Less Than 8 ft.,0,0,0,1,0,20251027,NOP,BOS,9810,0,1627759|1628401|1629674|1630202|1631169,0,REG,2026,1610612738,,,,,
22500117248,,Shot Chart Detail,22500117,248,1631169,Josh Minott,1610612738,Boston Celtics,2,7,34,Made Shot,Jump Shot,3PT Field Goal,Left Corner 3,Left Side(L),24+ ft.,22,-225,-17,1,1,20251027,NOP,BOS,9860,0,1627759|1628401|1629674|1630202|1631169,1,REG,2026,1610612738,,,,,
22500117265,,Shot Chart Detail,22500117,265,1630202,Payton Pritchard,1610612738,Boston Celtics,2,6,55,Missed Shot,Jump Shot,3PT Field Goal,Above the Break 3,Right Side Center(RC),24+ ft.,26,207,168,1,0,20251027,NOP,BOS,10250,0,1627759|1628401|1629674|1630202|1631169,0,REG,2026,1610612738,,,,,
22500117267,,Shot Chart Detail,22500117,267,1629674,Neemias Queta,1610612738,Boston Celtics,2,6,50,Made Shot,Hook Shot,2PT Field Goal,In The Paint (Non-RA),Center(C),8-16 ft.,9,-10,93,1,1,20251027,NOP,BOS,10300,0,1627759|1628401|1629674|1630202|1631169,1,REG,2026,1610612738,,,,,
22500117277,,Shot Chart Detail,22500117,277,1627759,Jaylen Brown,1610612738,Boston Celtics,2,6,27,Missed Shot,Pullup Jump shot,2PT Field Goal,Mid-Range,Right Side Center(RC),16-24 ft.,18,127,135,1,0,20251027,NOP,BOS,10530,0,1627759|1630202|1630568|1630573|1631169,0,REG,2026,1610612738,,,,,
22500117279,,Shot Chart Detail,22500117,279,1631169,Josh Minott,1610612738,Boston Celtics,2,6,22,Missed Shot,Floating Jump shot,2PT Field Goal,In The Paint (Non-RA),Center(C),Less Than 8 ft.,6,-18,66,1,0,20251027,NOP,BOS,10580,0,1627759|1630202|1630568|1630573|1631169,0,REG,2026,1610612738,,,,,
22500117281,,Shot Chart Detail,22500117,281,1630202,Payton Pritchard,1610612738,Boston Celtics,2,6,17,Made Shot,Turnaround Fadeaway shot,2PT Field Goal,In The Paint (Non-RA),Center(C),8-16 ft.,8,32,83,1,1,20251027,NOP,BOS,10630,0,1627759|1630202|1630568|1630573|1631169,0,REG,2026,1610612738,,,,,
22500117285,,Shot Chart Detail,22500117,285,1630568,Luka Garza,1610612738,Boston Celtics,2,5,46,Made Shot,Jump Shot,3PT Field Goal,Above the Break 3,Center(C),24+ ft.,25,-9,252,1,1,20251027,NOP,BOS,10940,0,1627759|1630202|1630568|1630573|1631169,1,REG,2026,1610612738,,,,,
22500117289,,Shot Chart Detail,22500117,289,1631169,Josh Minott,1610612738,Boston Celtics,2,5,24,Made Shot,Running Dunk Shot,2PT Field Goal,Restricted Area,Center(C),Less Than 8 ft.,0,4,-1,1,1,20251027,NOP,BOS,11160,0,1627759|1630202|1630568|1630573|1631169,0,REG,2026,1610612738,,,,,
22500117304,,Shot Chart Detail,22500117,304,1630573,Sam Hauser,1610612738,Boston Celtics,2,4,41,Missed Shot,Jump Shot,3PT Field Goal,Above the Break 3,Left Side Center(LC),24+ ft.,26,-100,246,1,0,20251027,NOP,BOS,11590,0,1629014|1630202|1630568|1630573|1631169,0,REG,2026,1610612738,,,,,
22500117308,,Shot Chart Detail,22500117,308,1630202,Payton Pritchard,1610612738,Boston Celtics,2,4,25,Made Shot,Step Back Jump shot,3PT Field Goal,Above the Break 3,Left Side Center(LC),24+ ft.,25,-212,141,1,1,20251027,NOP,BOS,11750,0,1629014|1630202|1630568|1630573|1631169,0,REG,2026,1610612738,,,,,
22500117325,,Shot Chart Detail,22500117,325,1629014,Anfernee Simons,1610612738,Boston Celtics,2,3,17,Missed Shot,Driving Floating Jump Shot,2PT Field Goal,In The Paint (Non-RA),Center(C),8-16 ft.,8,-9,87,1,0,20251027,NOP,BOS,12430,0,1627759|1629014|1630568|1630573|1631169,0,REG,2026,1610612738,,,,,
22500117329,,Shot Chart Detail,22500117,329,1629014,Anfernee Simons,1610612738,Boston Celtics,2,2,58,Made Shot,Pullup Jump shot,2PT Field Goal,Mid-Range,Left Side(L),8-16 ft.,9,-89,-17,1,1,20251027,NOP,BOS,12620,0,1627759|1629014|1630568|1630573|1631169,0,REG,2026,1610612738,,,,,
22500117338,,Shot Chart Detail,22500117,338,1627759,Jaylen Brown,1610612738,Boston Celtics,2,2,33,Made Shot,Driving Floating Jump Shot,2PT Field Goal,In The Paint (Non-RA),Center(C),Less Than 8 ft.,7,4,75,1,1,20251027,NOP,BOS,12870,0,1627759|1629014|1630202|1630214|1630573,0,REG,2026,1610612738,,,,,
22500117345,,Shot Chart Detail,22500117,345,1629014,Anfernee Simons,1610612738,Boston Celtics,2,1,49,Made Shot,Jump Shot,3PT Field Goal,Above the Break 3,Right Side Center(RC),24+ ft.,26,195,173,1,1,20251027,NOP,BOS,13310,0,1627759|1628401|1629014|1630202|1630214,1,REG,2026,1610612738,,,,,
22500117359,,Shot Chart Detail,22500117,359,1629014,Anfernee Simons,1610612738,Boston Celtics,2,1,23,Made Shot,Pullup Jump shot,3PT Field Goal,Above the Break 3,Center(C),24+ ft.,26,-62,255,1,1,20251027,NOP,BOS,13570,0,1628401|1629014|1630202|1630214|1630573,0,REG,2026,1610612738,,,,,
22500117364,,Shot Chart Detail,22500117,364,1629014,Anfernee Simons,1610612738,Boston Celtics,2,0,48,Missed Shot,Jump Shot,3PT Field Goal,Above the Break 3,Left Side Center(LC),24+ ft.,26,-114,243,1,0,20251027,NOP,BOS,13920,0,1628401|1629014|1630202|1630214|1630573,0,REG,2026,1610612738,,,,,
22500117369,,Shot Chart Detail,22500117,369,1630202,Payton Pritchard,1610612738,Boston Celtics,2,0,32,Made Shot,Step Back Jump shot,2PT Field Goal,In The Paint (Non-RA),Center(C),8-16 ft.,11,-45,110,1,1,20251027,NOP,BOS,14080,0,1628401|1629014|1630202|1630214|1630573,0,REG,2026,1610612738,,,,,
22500117400,,Shot Chart Detail,22500117,400,1630202,Payton Pritchard,1610612738,Boston Celtics,3,11,25,Missed Shot,Jump Shot,3PT Field Goal,Above the Break 3,Right Side Center(RC),24+ ft.,25,137,218,1,0,20251027,NOP,BOS,14750,0,1627759|1628401|1629674|1630202|1631169,0,REG,2026,1610612738,,,,,
22500117404,,Shot Chart Detail,22500117,404,1627759,Jaylen Brown,1610612738,Boston Celtics,3,11,12,Made Shot,Pullup Jump shot,2PT Field Goal,Mid-Range,Right Side(R),8-16 ft.,15,115,110,1,1,20251027,NOP,BOS,14880,0,1627759|1628401|1629674|1630202|1631169,1,REG,2026,1610612738,,,,,
22500117413,,Shot Chart Detail,22500117,413,1628401,Derrick White,1610612738,Boston Celtics,3,10,37,Missed Shot,Jump Shot,3PT Field Goal,Right Corner 3,Right Side(R),24+ ft.,22,222,41,1,0,20251027,NOP,BOS,15230,0,1627759|1628401|1629674|1630202|1631169,0,REG,2026,1610612738,,,,,
22500117418,,Shot Chart Detail,22500117,418,1631169,Josh Minott,1610612738,Boston Celtics,3,10,19,Made Shot,Running Dunk Shot,2PT Field Goal,Restricted Area,Center(C),Less Than 8 ft.,0,5,5,1,1,20251027,NOP,BOS,15410,0,1627759|1628401|1629674|1630202|1631169,1,REG,2026,1610612738,,,,,
22500117422,,Shot Chart Detail,22500117,422,1628401,Derrick White,1610612738,Boston Celtics,3,9,55,Missed Shot,Running Jump Shot,3PT Field Goal,Left Corner 3,Left Side(L),24+ ft.,24,-230,69,1,0,20251027,NOP,BOS,15650,0,1627759|1628401|1629674|1630202|1631169,0,REG,2026,1610612738,,,,,
22500117430,,Shot Chart Detail,22500117,430,1630202,Payton Pritchard,1610612738,Boston Celtics,3,9,35,Missed Shot,Running Finger Roll Layup Shot,2PT Field Goal,Restricted Area,Center(C),Less Than 8 ft.,1,18,7,1,0,20251027,NOP,BOS,15850,0,1627759|1628401|1629674|1630202|1631169,0,REG,2026,1610612738,,,,,
22500117432,,Shot Chart Detail,22500117,432,1629674,Neemias Queta,1610612738,Boston Celtics,3,9,34,Made Shot,Putback Dunk Shot,2PT Field Goal,Restricted Area,Center(C),Less Than 8 ft.,0,0,0,1,1,20251027,NOP,BOS,15860,0,1627759|1628401|1629674|1630202|1631169,0,REG,2026,1610612738,,,,,
22500117452,,Shot Chart Detail,22500117,452,1631169,Josh Minott,1610612738,Boston Celtics,3,7,40,Missed Shot,Jump Shot,3PT Field Goal,Left Corner 3,Left Side(L),24+ ft.,22,-229,2,1,0,20251027,NOP,BOS,17000,0,1627759|1628401|1629674|1630202|1631169,0,REG,2026,1610612738,,,,,
22500117456,,Shot Chart Detail,22500117,456,1628401,Derrick White,1610612738,Boston Celtics,3,7,0,Made Shot,Step Back Jump shot,2PT Field Goal,Mid-Range,Left Side Center(LC),16-24 ft.,22,-183,134,1,1,20251027,NOP,BOS,17400,0,1627759|1628401|1629674|1630202|1631169,0,REG,2026,1610612738,,,,,
22500117459,,Shot Chart Detail,22500117,459,1629674,Neemias Queta,1610612738,Boston Celtics,3,6,25,Missed Shot,Turnaround Hook Shot,2PT Field Goal,In The Paint (Non-RA),Center(C),Less Than 8 ft.,6,-61,28,1,0,20251027,NOP,BOS,17750,0,1627759|1628401|1629674|1630202|1631169,0,REG,2026,1610612738,,,,,
22500117477,,Shot Chart Detail,22500117,477,1629014,Anfernee Simons,1610612738,Boston Celtics,3,6,0,Missed Shot,Pullup Jump shot,3PT Field Goal,Above the Break 3,Left Side Center(LC),24+ ft.,27,-115,247,1,0,20251027,NOP,BOS,18000,0,1629014|1630202|1630568|1630573|1631248,0,REG,2026,1610612738,,,,,
22500117485,,Shot Chart Detail,22500117,485,1630573,Sam Hauser,1610612738,Boston Celtics,3,5,28,Missed Shot,Jump Shot,3PT Field Goal,Above the Break 3,Center(C),24+ ft.,24,-9,247,1,0,20251027,NOP,BOS,18320,0,1629014|1630202|1630568|1630573|1631248,0,REG,2026,1610612738,,,,,
22500117489,,Shot Chart Detail,22500117,489,1630573,Sam Hauser,1610612738,Boston Celtics,3,5,14,Made Shot,Jump Shot,3PT Field Goal,Above the Break 3,Right Side Center(RC),24+ ft.,25,130,223,1,1,20251027,NOP,BOS,18460,0,1629014|1630202|1630568|1630573|1631248,1,REG,2026,1610612738,,,,,
22500117495,,Shot Chart Detail,22500117,495,1630202,Payton Pritchard,1610612738,Boston Celtics,3,4,26,Missed Shot,Jump Shot,3PT Field Goal,Above the Break 3,Right Side Center(RC),24+ ft.,25,179,186,1,0,20251027,NOP,BOS,18940,0,1629014|1630202|1630568|1630573|1631248,0,REG,2026,1610612738,,,,,
22500117499,,Shot Chart Detail,22500117,499,1631248,Baylor Scheierman,1610612738,Boston Celtics,3,3,50,Made Shot,Pullup Jump shot,3PT Field Goal,Above the Break 3,Left Side Center(LC),24+ ft.,28,-113,257,1,1,20251027,NOP,BOS,19300,0,1629014|1630202|1630568|1630573|1631248,1,REG,2026,1610612738,,,,,
22500117504,,Shot Chart Detail,22500117,504,1629014,Anfernee Simons,1610612738,Boston Celtics,3,3,26,Missed Shot,Step Back Jump shot,3PT Field Goal,Above the Break 3,Left Side Center(LC),24+ ft.,27,-158,225,1,0,20251027,NOP,BOS,19540,0,1629014|1630202|1630568|1630573|1631248,0,REG,2026,1610612738,,,,,
22500117517,,Shot Chart Detail,22500117,517,1630573,Sam Hauser,1610612738,Boston Celtics,3,2,45,Missed Shot,Running Jump Shot,3PT Field Goal,Above the Break 3,Left Side Center(LC),24+ ft.,25,-165,196,1,0,20251027,NOP,BOS,19950,0,1629014|1629674|1630202|1630573|1631248,0,REG,2026,1610612738,,,,,
22500117519,,Shot Chart Detail,22500117,519,1629674,Neemias Queta,1610612738,Boston Celtics,3,2,40,Missed Shot,Tip Layup Shot,2PT Field Goal,Restricted Area,Center(C),Less Than 8 ft.,0,0,0,1,0,20251027,NOP,BOS,20000,0,1629014|1629674|1630202|1630573|1631248,0,REG,2026,1610612738,,,,,
22500117523,,Shot Chart Detail,22500117,523,1630202,Payton Pritchard,1610612738,Boston Celtics,3,2,9,Missed Shot,Fadeaway Jump Shot,2PT Field Goal,Mid-Range,Center(C),8-16 ft.,14,1,144,1,0,20251027,NOP,BOS,20310,0,1629014|1629674|1630202|1630573|1631248,0,REG,2026,1610612738,,,,,
22500117525,,Shot Chart Detail,22500117,525,1630202,Payton Pritchard,1610612738,Boston Celtics,3,2,2,Made Shot,Putback Layup Shot,2PT Field Goal,Restricted Area,Center(C),Less Than 8 ft.,2,17,13,1,1,20251027,NOP,BOS,20380,0,1629014|1629674|1630202|1630573|1631248,0,REG,2026,1610612738,,,,,
22500117528,,Shot Chart Detail,22500117,528,1629674,Neemias Queta,1610612738,Boston Celtics,3,1,31,Made Shot,Cutting Dunk Shot,2PT Field Goal,Restricted Area,Center(C),Less Than 8 ft.,0,-4,8,1,1,20251027,NOP,BOS,20690,0,1629014|1629674|1630202|1630573|1631248,1,REG,2026,1610612738,,,,,
22500117532,,Shot Chart Detail,22500117,532,1631248,Baylor Scheierman,1610612738,Boston Celtics,3,0,59,Missed Shot,Jump Shot,3PT Field Goal,Above the Break 3,Right Side Center(RC),24+ ft.,26,162,212,1,0,20251027,NOP,BOS,21010,0,1629014|1629674|1630202|1630573|1631248,0,REG,2026,1610612738,,,,,
22500117544,,Shot Chart Detail,22500117,544,1629014,Anfernee Simons,1610612738,Boston Celtics,3,0,33,Made Shot,Pullup Jump shot,2PT Field Goal,Mid-Range,Right Side Center(RC),16-24 ft.,16,74,153,1,1,20251027,NOP,BOS,21270,0,1628401|1629014|1630568|1630573|1631248,0,REG,2026,1610612738,,,,,
22500117555,,Shot Chart Detail,22500117,555,1630202,Payton Pritchard,1610612738,Boston Celtics,3,0,0,Missed Shot,Jump Shot,3PT Field Goal,Above the Break 3,Left Side Center(LC),24+ ft.,29,-157,246,1,0,20251027,NOP,BOS,21600,0,1628401|1629014|1630202|1630573|1631248,0,REG,2026,1610612738,,,,,
22500117569,,Shot Chart Detail,22500117,569,1630573,Sam Hauser,1610612738,Boston Celtics,4,11,50,Missed Shot,Jump Shot,3PT Field Goal,Above the Break 3,Right Side Center(RC),24+ ft.,25,119,223,1,0,20251027,NOP,BOS,21700,0,1627759|1628401|1629014|1629674|1630573,0,REG,2026,1610612738,,,,,
22500117571,,Shot Chart Detail,22500117,571,1629014,Anfernee Simons,1610612738,Boston Celtics,4,11,39,Missed Shot,Jump Shot,3PT Field Goal,Above the Break 3,Left Side Center(LC),24+ ft.,26,-172,197,1,0,20251027,NOP,BOS,21810,0,1627759|1628401|1629014|1629674|1630573,0,REG,2026,1610612738,,,,,
22500117580,,Shot Chart Detail,22500117,580,1628401,Derrick White,1610612738,Boston Celtics,4,11,4,Made Shot,Driving Layup Shot,2PT Field Goal,Restricted Area,Center(C),Less Than 8 ft.,1,13,7,1,1,20251027,NOP,BOS,22160,0,1627759|1628401|1629014|1629674|1630573,0,REG,2026,1610612738,,,,,
22500117600,,Shot Chart Detail,22500117,600,1628401,Derrick White,1610612738,Boston Celtics,4,9,30,Missed Shot,Step Back Jump shot,3PT Field Goal,Above the Break 3,Left Side Center(LC),24+ ft.,26,-146,222,1,0,20251027,NOP,BOS,23100,0,1628401|1629014|1629674|1630573|1631169,0,REG,2026,1610612738,,,,,
22500117602,,Shot Chart Detail,22500117,602,1629014,Anfernee Simons,1610612738,Boston Celtics,4,9,24,Made Shot,Putback Layup Shot,2PT Field Goal,In The Paint (Non-RA),Center(C),Less Than 8 ft.,7,0,74,1,1,20251027,NOP,BOS,23160,0,1628401|1629014|1629674|1630573|1631169,0,REG,2026,1610612738,,,,,
22500117604,,Shot Chart Detail,22500117,604,1630573,Sam Hauser,1610612738,Boston Celtics,4,8,57,Made Shot,Jump Shot,3PT Field Goal,Above the Break 3,Right Side Center(RC),24+ ft.,25,206,154,1,1,20251027,NOP,BOS,23430,0,1628401|1629014|1629674|1630573|1631169,1,REG,2026,1610612738,,,,,
22500117608,,Shot Chart Detail,22500117,608,1628401,Derrick White,1610612738,Boston Celtics,4,8,26,Missed Shot,Pullup Jump shot,3PT Field Goal,Above the Break 3,Left Side Center(LC),24+ ft.,26,-103,247,1,0,20251027,NOP,BOS,23740,0,1628401|1629014|1629674|1630573|1631169,0,REG,2026,1610612738,,,,,
22500117613,,Shot Chart Detail,22500117,613,1629014,Anfernee Simons,1610612738,Boston Celtics,4,8,0,Made Shot,Running Jump Shot,3PT Field Goal,Above the Break 3,Left Side Center(LC),24+ ft.,26,-167,205,1,1,20251027,NOP,BOS,24000,0,1628401|1629014|1629674|1630573|1631169,1,REG,2026,1610612738,,,,,
22500117624,,Shot Chart Detail,22500117,624,1628401,Derrick White,1610612738,Boston Celtics,4,7,24,Made Shot,Driving Finger Roll Layup Shot,2PT Field Goal,Restricted Area,Center(C),Less Than 8 ft.,1,10,5,1,1,20251027,NOP,BOS,24360,0,1628401|1629014|1630568|1630573|1631169,0,REG,2026,1610612738,,,,,
22500117627,,Shot Chart Detail,22500117,627,1629014,Anfernee Simons,1610612738,Boston Celtics,4,6,40,Made Shot,Step Back Jump shot,3PT Field Goal,Above the Break 3,Right Side Center(RC),24+ ft.,26,156,209,1,1,20251027,NOP,BOS,24800,0,1628401|1629014|1630568|1630573|1631169,0,REG,2026,1610612738,,,,,
22500117633,,Shot Chart Detail,22500117,633,1630573,Sam Hauser,1610612738,Boston Celtics,4,6,6,Missed Shot,Running Jump Shot,3PT Field Goal,Above the Break 3,Right Side Center(RC),24+ ft.,25,188,169,1,0,20251027,NOP,BOS,25140,0,1628401|1629014|1630568|1630573|1631169,0,REG,2026,1610612738,,,,,
22500117637,,Shot Chart Detail,22500117,637,1629014,Anfernee Simons,1610612738,Boston Celtics,4,5,37,Made Shot,Jump Shot,3PT Field Goal,Left Corner 3,Left Side(L),24+ ft.,22,-227,-11,1,1,20251027,NOP,BOS,25430,0,1628401|1629014|1630568|1630573|1631169,1,REG,2026,1610612738,,,,,
22500117641,,Shot Chart Detail,22500117,641,1630573,Sam Hauser,1610612738,Boston Celtics,4,4,49,Made Shot,Jump Shot,3PT Field Goal,Right Corner 3,Right Side(R),24+ ft.,22,227,-9,1,1,20251027,NOP,BOS,25910,0,1628401|1629014|1630568|1630573|1631169,1,REG,2026,1610612738,,,,,
22500117654,,Shot Chart Detail,22500117,654,1628401,Derrick White,1610612738,Boston Celtics,4,4,4,Missed Shot,Jump Shot,3PT Field Goal,Above the Break 3,Left Side Center(LC),24+ ft.,26,-157,209,1,0,20251027,NOP,BOS,26360,0,1628401|1629014|1630202|1630568|1631169,0,REG,2026,1610612738,,,,,
22500117659,,Shot Chart Detail,22500117,659,1630568,Luka Garza,1610612738,Boston Celtics,4,3,17,Missed Shot,Reverse Layup Shot,2PT Field Goal,Restricted Area,Center(C),Less Than 8 ft.,2,-21,16,1,0,20251027,NOP,BOS,26830,0,1628401|1629014|1630202|1630568|1631169,0,REG,2026,1610612738,,,,,
22500117661,,Shot Chart Detail,22500117,661,1630568,Luka Garza,1610612738,Boston Celtics,4,3,16,Made Shot,Tip Layup Shot,2PT Field Goal,Restricted Area,Center(C),Less Than 8 ft.,0,0,0,1,1,20251027,NOP,BOS,26840,0,1628401|1629014|1630202|1630568|1631169,0,REG,2026,1610612738,,,,,
22500117676,,Shot Chart Detail,22500117,676,1630568,Luka Garza,1610612738,Boston Celtics,4,2,33,Made Shot,Alley Oop Layup shot,2PT Field Goal,Restricted Area,Center(C),Less Than 8 ft.,1,-17,8,1,1,20251027,NOP,BOS,27270,0,1629014|1630202|1630568|1631169|1631248,1,REG,2026,1610612738,,,,,
22500117680,,Shot Chart Detail,22500117,680,1630568,Luka Garza,1610612738,Boston Celtics,4,2,0,Made Shot,Jump Shot,3PT Field Goal,Above the Break 3,Center(C),24+ ft.,26,-16,265,1,1,20251027,NOP,BOS,27600,0,1629014|1630202|1630568|1631169|1631248,1,REG,2026,1610612738,,,,,
22500117687,,Shot Chart Detail,22500117,687,1630202,Payton Pritchard,1610612738,Boston Celtics,4,1,27,Made Shot,Pullup Jump shot,2PT Field Goal,In The Paint (Non-RA),Left Side(L),8-16 ft.,9,-55,75,1,1,20251027,NOP,BOS,27930,0,1629014|1630202|1630568|1631169|1631248,0,REG,2026,1610612738,,,,,
22500117698,,Shot Chart Detail,22500117,698,1631169,Josh Minott,1610612738,Boston Celtics,4,0,48,Made Shot,Driving Finger Roll Layup Shot,2PT Field Goal,Restricted Area,Center(C),Less Than 8 ft.,2,-20,12,1,1,20251027,NOP,BOS,28320,0,1630214|1631169|1631199|1631248|1641775,1,REG,2026,1610612738,,,,,
22500117704,,Shot Chart Detail,22500117,704,1630214,Xavier Tillman,1610612738,Boston Celtics,4,0,25,Made Shot,Floating Jump shot,2PT Field Goal,In The Paint (Non-RA),Center(C),8-16 ft.,8,-12,89,1,1,20251027,NOP,BOS,28550,0,1630214|1631169|1631199|1631248|1641775,1,REG,2026,1610612738,,,,,
225001288,,Shot Chart Detail,22500128,8,1627759,Jaylen Brown,1610612738,Boston Celtics,1,11,24,Made Shot,Pullup Jump shot,2PT Field Goal,Mid-Range,Left Side(L),8-16 ft.,13,-137,5,1,1,20251029,BOS,CLE,360,0,1627759|1628401|1629674|1630202|1631169,1,REG,2026,1610612738,,,,,
2250012817,,Shot Chart Detail,22500128,17,1631169,Josh Minott,1610612738,Boston Celtics,1,10,56,Made Shot,Running Layup Shot,2PT Field Goal,In The Paint (Non-RA),Right Side(R),8-16 ft.,8,65,52,1,1,20251029,BOS,CLE,640,0,1627759|1628401|1629674|1630202|1631169,0,REG,2026,1610612738,,,,,
2250012820,,Shot Chart Detail,22500128,20,1630202,Payton Pritchard,1610612738,Boston Celtics,1,10,33,Made Shot,Running Pull-Up Jump Shot,3PT Field Goal,Above the Break 3,Left Side Center(LC),24+ ft.,26,-140,221,1,1,20251029,BOS,CLE,870,0,1627759|1628401|1629674|1630202|1631169,1,REG,2026,1610612738,,,,,
2250012823,,Shot Chart Detail,22500128,23,1630202,Payton Pritchard,1610612738,Boston Celtics,1,10,12,Missed Shot,Jump Shot,3PT Field Goal,Above the Break 3,Right Side Center(RC),24+ ft.,25,176,182,1,0,20251029,BOS,CLE,1080,0,1627759|1628401|1629674|1630202|1631169,0,REG,2026,1610612738,,,,,
2250012825,,Shot Chart Detail,22500128,25,1631169,Josh Minott,1610612738,Boston Celtics,1,10,10,Missed Shot,Putback Layup Shot,2PT Field Goal,In The Paint (Non-RA),Center(C),Less Than 8 ft.,5,48,31,1,0,20251029,BOS,CLE,1100,0,1627759|1628401|1629674|1630202|1631169,0,REG,2026,1610612738,,,,,
2250012829,,Shot Chart Detail,22500128,29,1630202,Payton Pritchard,1610612738,Boston Celtics,1,9,55,Missed Shot,Step Back Jump shot,3PT Field Goal,Above the Break 3,Left Side Center(LC),24+ ft.,25,-121,225,1,0,20251029,BOS,CLE,1250,0,1627759|1628401|1629674|1630202|1631169,0,REG,2026,1610612738,,,,,
2250012836,,Shot Chart Detail,22500128,36,1630202,Payton Pritchard,1610612738,Boston Celtics,1,8,48,Missed Shot,Fadeaway Jump Shot,2PT Field Goal,Mid-Range,Left Side(L),8-16 ft.,11,-113,26,1,0,20251029,BOS,CLE,1920,0,1627759|1628401|1629674|1630202|1631169,0,REG,2026,1610612738,,,,,
2250012838,,Shot Chart Detail,22500128,38,1629674,Neemias Queta,1610612738,Boston Celtics,1,8,44,Made Shot,Tip Layup Shot,2PT Field Goal,Restricted Area,Center(C),Less Than 8 ft.,0,0,0,1,1,20251029,BOS,CLE,1960,0,1627759|1628401|1629674|1630202|1631169,0,REG,2026,1610612738,,,,,
2250012840,,Shot Chart Detail,22500128,40,1627759,Jaylen Brown,1610612738,Boston Celtics,1,8,15,Missed Shot,Pullup Jump shot,2PT Field Goal,Mid-Range,Center(C),16-24 ft.,16,-23,162,1,0,20251029,BOS,CLE,2250,0,1627759|1628401|1629674|1630202|1631169,0,REG,2026,1610612738,,,,,
2250012846,,Shot Chart Detail,22500128,46,1628401,Derrick White,1610612738,Boston Celtics,1,7,43,Made Shot,Pullup Jump shot,2PT Field Goal,Mid-Range,Right Side Center(RC),16-24 ft.,16,88,134,1,1,20251029,BOS,CLE,2570,0,1627759|1628401|1629674|1630202|1631169,1,REG,2026,1610612738,,,,,
2250012868,,Shot Chart Detail,22500128,68,1629014,Anfernee Simons,1610612738,Boston Celtics,1,6,40,Missed Shot,Jump Shot,3PT Field Goal,Right Corner 3,Right Side(R),24+ ft.,22,228,21,1,0,20251029,BOS,CLE,3200,0,1627759|1629014|1630202|1630568|1631169,0,REG,2026,1610612738,,,,,
2250012881,,Shot Chart Detail,22500128,81,1630573,Sam Hauser,1610612738,Boston Celtics,1,6,5,Made Shot,Jump Shot,3PT Field Goal,Above the Break 3,Left Side Center(LC),24+ ft.,25,-169,189,1,1,20251029,BOS,CLE,3550,0,1627759|1629014|1630202|1630568|1630573,1,REG,2026,1610612738,,,,,
2250012885,,Shot Chart Detail,22500128,85,1630573,Sam Hauser,1610612738,Boston Celtics,1,5,35,Made Shot,Jump Shot,3PT Field Goal,Left Corner 3,Left Side(L),24+ ft.,23,-230,13,1,1,20251029,BOS,CLE,3850,0,1627759|1629014|1630202|1630568|1630573,1,REG,2026,1610612738,,,,,
2250012889,,Shot Chart Detail,22500128,89,1630573,Sam Hauser,1610612738,Boston Celtics,1,5,3,Made Shot,Jump Shot,3PT Field Goal,Above the Break 3,Right Side Center(RC),24+ ft.,24,213,111,1,1,20251029,BOS,CLE,4170,0,1627759|1629014|1630202|1630568|1630573,1,REG,2026,1610612738,,,,,
2250012892,,Shot Chart Detail,22500128,92,1630568,Luka Garza,1610612738,Boston Celtics,1,4,32,Missed Shot,Reverse Layup Shot,2PT Field Goal,Restricted Area,Center(C),Less Than 8 ft.,3,28,14,1,0,20251029,BOS,CLE,4480,0,1627759|1629014|1630202|1630568|1630573,0,REG,2026,1610612738,,,,,
2250012895,,Shot Chart Detail,22500128,95,1630202,Payton Pritchard,1610612738,Boston Celtics,1,4,28,Missed Shot,Jump Shot,3PT Field Goal,Right Corner 3,Right Side(R),24+ ft.,23,224,68,1,0,20251029,BOS,CLE,4520,0,1627759|1629014|1630202|1630568|1630573,0,REG,2026,1610612738,,,,,
2250012897,,Shot Chart Detail,22500128,97,1629014,Anfernee Simons,1610612738,Boston Celtics,1,4,24,Made Shot,Jump Shot,3PT Field Goal,Above the Break 3,Center(C),24+ ft.,26,48,257,1,1,20251029,BOS,CLE,4560,0,1627759|1629014|1630202|1630568|1630573,1,REG,2026,1610612738,,,,,
22500128100,,Shot Chart Detail,22500128,100,1630573,Sam Hauser,1610612738,Boston Celtics,1,3,52,Made Shot,Jump Shot,3PT Field Goal,Right Corner 3,Right Side(R),24+ ft.,24,229,82,1,1,20251029,BOS,CLE,4880,0,1627759|1629014|1630202|1630568|1630573,1,REG,2026,1610612738,,,,,
22500128104,,Shot Chart Detail,22500128,104,1627759,Jaylen Brown,1610612738,Boston Celtics,1,3,34,Made Shot,Running Alley Oop Layup Shot,2PT Field Goal,In The Paint (Non-RA),Center(C),Less Than 8 ft.,4,37,29,1,1,20251029,BOS,CLE,5060,0,1627759|1629014|1630202|1630568|1630573,1,REG,2026,1610612738,,,,,
22500128119,,Shot Chart Detail,22500128,119,1630568,Luka Garza,1610612738,Boston Celtics,1,2,45,Made Shot,Floating Jump shot,2PT Field Goal,In The Paint (Non-RA),Center(C),8-16 ft.,8,-17,80,1,1,20251029,BOS,CLE,5550,0,1627759|1629014|1630202|1630568|1630573,1,REG,2026,1610612738,,,,,
22500128126,,Shot Chart Detail,22500128,126,1630568,Luka Garza,1610612738,Boston Celtics,1,2,5,Missed Shot,Jump Shot,3PT Field Goal,Above the Break 3,Center(C),24+ ft.,26,4,264,1,0,20251029,BOS,CLE,5950,0,1629014|1630202|1630568|1630573|1642864,0,REG,2026,1610612738,,,,,
22500128141,,Shot Chart Detail,22500128,141,1629014,Anfernee Simons,1610612738,Boston Celtics,1,1,5,Made Shot,Jump Shot,3PT Field Goal,Above the Break 3,Left Side Center(LC),24+ ft.,24,-218,113,1,1,20251029,BOS,CLE,6550,0,1628401|1629014|1630214|1630573|1642864,1,REG,2026,1610612738,,,,,
22500128147,,Shot Chart Detail,22500128,147,1630573,Sam Hauser,1610612738,Boston Celtics,1,0,39,Missed Shot,Pullup Jump shot,3PT Field Goal,Above the Break 3,Center(C),24+ ft.,28,-80,274,1,0,20251029,BOS,CLE,6810,0,1628401|1629014|1630214|1630573|1642864,0,REG,2026,1610612738,,,,,
22500128149,,Shot Chart Detail,22500128,149,1630573,Sam Hauser,1610612738,Boston Celtics,1,0,36,Made Shot,Jump Shot,3PT Field Goal,Above the Break 3,Center(C),24+ ft.,27,-27,269,1,1,20251029,BOS,CLE,6840,0,1628401|1629014|1630214|1630573|1642864,0,REG,2026,1610612738,,,,,
22500128174,,Shot Chart Detail,22500128,174,1628401,Derrick White,1610612738,Boston Celtics,2,11,45,Missed Shot,Step Back Jump shot,3PT Field Goal,Above the Break 3,Left Side Center(LC),24+ ft.,24,-110,222,1,0,20251029,BOS,CLE,7350,0,1628401|1629014|1629674|1631169|1631248,0,REG,2026,1610612738,,,,,
22500128177,,Shot Chart Detail,22500128,177,1628401,Derrick White,1610612738,Boston Celtics,2,11,33,Missed Shot,Driving Floating Jump Shot,2PT Field Goal,Mid-Range,Right Side Center(RC),16-24 ft.,16,97,135,1,0,20251029,BOS,CLE,7470,0,1628401|1629014|1629674|1631169|1631248,0,REG,2026,1610612738,,,,,
22500128179,,Shot Chart Detail,22500128,179,1629674,Neemias Queta,1610612738,Boston Celtics,2,11,29,Made Shot,Putback Layup Shot,2PT Field Goal,Restricted Area,Center(C),Less Than 8 ft.,1,-7,9,1,1,20251029,BOS,CLE,7510,0,1628401|1629014|1629674|1631169|1631248,0,REG,2026,1610612738,,,,,
22500128185,,Shot Chart Detail,22500128,185,1629674,Neemias Queta,1610612738,Boston Celtics,2,10,48,Missed Shot,Turnaround Hook Shot,2PT Field Goal,In The Paint (Non-RA),Center(C),Less Than 8 ft.,7,-60,51,1,0,20251029,BOS,CLE,7920,0,1628401|1629014|1629674|1631169|1631248,0,REG,2026,1610612738,,,,,
22500128189,,Shot Chart Detail,22500128,189,1629014,Anfernee Simons,1610612738,Boston Celtics,2,10,14,Missed Shot,Step Back Jump shot,2PT Field Goal,Mid-Range,Center(C),8-16 ft.,15,-15,152,1,0,20251029,BOS,CLE,8260,0,1628401|1629014|1629674|1631169|1631248,0,REG,2026,1610612738,,,,,
22500128191,,Shot Chart Detail,22500128,191,1628401,Derrick White,1610612738,Boston Celtics,2,10,11,Missed Shot,Jump Shot,3PT Field Goal,Above the Break 3,Left Side Center(LC),24+ ft.,24,-112,219,1,0,20251029,BOS,CLE,8290,0,1628401|1629014|1629674|1631169|1631248,0,REG,2026,1610612738,,,,,
22500128197,,Shot Chart Detail,22500128,197,1628401,Derrick White,1610612738,Boston Celtics,2,9,55,Made Shot,Jump Shot,3PT Field Goal,Above the Break 3,Center(C),24+ ft.,27,-27,272,1,1,20251029,BOS,CLE,8450,0,1628401|1629014|1629674|1631169|1631248,1,REG,2026,1610612738,,,,,
22500128201,,Shot Chart Detail,22500128,201,1629014,Anfernee Simons,1610612738,Boston Celtics,2,9,26,Missed Shot,Fadeaway Jump Shot,2PT Field Goal,In The Paint (Non-RA),Center(C),8-16 ft.,14,-65,125,1,0,20251029,BOS,CLE,8740,0,1628401|1629014|1629674|1631169|1631248,0,REG,2026,1610612738,,,,,
22500128205,,Shot Chart Detail,22500128,205,1628401,Derrick White,1610612738,Boston Celtics,2,8,58,Missed Shot,Pullup Jump shot,2PT Field Goal,Mid-Range,Left Side Center(LC),16-24 ft.,17,-108,138,1,0,20251029,BOS,CLE,9020,0,1628401|1629014|1629674|1631169|1631248,0,REG,2026,1610612738,,,,,
22500128209,,Shot Chart Detail,22500128,209,1629674,Neemias Queta,1610612738,Boston Celtics,2,8,28,Missed Shot,Jump Shot,3PT Field Goal,Above the Break 3,Left Side Center(LC),24+ ft.,25,-81,241,1,0,20251029,BOS,CLE,9320,0,1628401|1629014|1629674|1631169|1631248,0,REG,2026,1610612738,,,,,
22500128249,,Shot Chart Detail,22500128,249,1627759,Jaylen Brown,1610612738,Boston Celtics,2,6,44,Made Shot,Jump Shot,3PT Field Goal,Above the Break 3,Left Side Center(LC),24+ ft.,26,-159,215,1,1,20251029,BOS,CLE,10360,0,1627759|1629014|1630202|1630568|1630573,1,REG,2026,1610612738,,,,,
22500128253,,Shot Chart Detail,22500128,253,1627759,Jaylen Brown,1610612738,Boston Celtics,2,6,15,Missed Shot,Step Back Jump shot,3PT Field Goal,Above the Break 3,Left Side Center(LC),24+ ft.,24,-131,211,1,0,20251029,BOS,CLE,10650,0,1627759|1629014|1630202|1630568|1630573,0,REG,2026,1610612738,,,,,
22500128260,,Shot Chart Detail,22500128,260,1629014,Anfernee Simons,1610612738,Boston Celtics,2,5,44,Missed Shot,Jump Shot,3PT Field Goal,Above the Break 3,Left Side Center(LC),24+ ft.,25,-150,204,1,0,20251029,BOS,CLE,10960,0,1627759|1629014|1630202|1630568|1630573,0,REG,2026,1610612738,,,,,
22500128263,,Shot Chart Detail,22500128,263,1630202,Payton Pritchard,1610612738,Boston Celtics,2,5,35,Missed Shot,Step Back Jump shot,3PT Field Goal,Above the Break 3,Center(C),24+ ft.,27,-6,278,1,0,20251029,BOS,CLE,11050,0,1627759|1629014|1630202|1630568|1630573,0,REG,2026,1610612738,,,,,
22500128269,,Shot Chart Detail,22500128,269,1627759,Jaylen Brown,1610612738,Boston Celtics,2,5,11,Made Shot,Running Layup Shot,2PT Field Goal,Restricted Area,Center(C),Less Than 8 ft.,3,-22,29,1,1,20251029,BOS,CLE,11290,0,1627759|1629014|1630202|1630568|1630573,1,REG,2026,1610612738,,,,,
22500128273,,Shot Chart Detail,22500128,273,1630568,Luka Garza,1610612738,Boston Celtics,2,4,40,Made Shot,Floating Jump shot,2PT Field Goal,In The Paint (Non-RA),Center(C),8-16 ft.,10,39,95,1,1,20251029,BOS,CLE,11600,0,1627759|1629014|1630202|1630568|1630573,1,REG,2026,1610612738,,,,,
22500128287,,Shot Chart Detail,22500128,287,1631169,Josh Minott,1610612738,Boston Celtics,2,4,2,Missed Shot,Jump Shot,3PT Field Goal,Above the Break 3,Left Side Center(LC),24+ ft.,25,-109,235,1,0,20251029,BOS,CLE,11980,0,1627759|1628401|1630202|1630568|1631169,0,REG,2026,1610612738,,,,,
22500128302,,Shot Chart Detail,22500128,302,1628401,Derrick White,1610612738,Boston Celtics,2,3,7,Missed Shot,Jump Shot,3PT Field Goal,Above the Break 3,Right Side Center(RC),24+ ft.,25,179,178,1,0,20251029,BOS,CLE,12530,0,1627759|1628401|1629674|1630202|1631169,0,REG,2026,1610612738,,,,,
22500128304,,Shot Chart Detail,22500128,304,1627759,Jaylen Brown,1610612738,Boston Celtics,2,3,2,Made Shot,Jump Shot,3PT Field Goal,Above the Break 3,Left Side Center(LC),24+ ft.,26,-96,247,1,1,20251029,BOS,CLE,12580,0,1627759|1628401|1629674|1630202|1631169,1,REG,2026,1610612738,,,,,
22500128309,,Shot Chart Detail,22500128,309,1628401,Derrick White,1610612738,Boston Celtics,2,2,20,Made Shot,Jump Shot,3PT Field Goal,Above the Break 3,Center(C),24+ ft.,26,-58,258,1,1,20251029,BOS,CLE,13000,0,1627759|1628401|1629674|1630202|1631169,1,REG,2026,1610612738,,,,,
22500128319,,Shot Chart Detail,22500128,319,1627759,Jaylen Brown,1610612738,Boston Celtics,2,1,13,Made Shot,Pullup Jump shot,2PT Field Goal,Mid-Range,Right Side Center(RC),16-24 ft.,17,80,150,1,1,20251029,BOS,CLE,13670,0,1627759|1628401|1629674|1630202|1631169,1,REG,2026,1610612738,,,,,
22500128323,,Shot Chart Detail,22500128,323,1629674,Neemias Queta,1610612738,Boston Celtics,2,0,49,Made Shot,Alley Oop Dunk Shot,2PT Field Goal,Restricted Area,Center(C),Less Than 8 ft.,0,6,-7,1,1,20251029,BOS,CLE,13910,0,1627759|1628401|1629674|1630202|1631169,1,REG,2026,1610612738,,,,,
22500128327,,Shot Chart Detail,22500128,327,1631169,Josh Minott,1610612738,Boston Celtics,2,0,42,Made Shot,Running Alley Oop Dunk Shot,2PT Field Goal,Restricted Area,Center(C),Less Than 8 ft.,0,-1,9,1,1,20251029,BOS,CLE,13980,0,1627759|1628401|1629674|1630202|1631169,1,REG,2026,1610612738,,,,,
22500128331,,Shot Chart Detail,22500128,331,1627759,Jaylen Brown,1610612738,Boston Celtics,2,0,16,Made Shot,Pullup Jump shot,3PT Field Goal,Above the Break 3,Center(C),24+ ft.,30,26,305,1,1,20251029,BOS,CLE,14240,0,1627759|1628401|1629674|1630202|1631169,0,REG,2026,1610612738,,,,,
22500128341,,Shot Chart Detail,22500128,341,1627759,Jaylen Brown,1610612738,Boston Celtics,2,0,0,Made Shot,Step Back Jump shot,3PT Field Goal,Above the Break 3,Left Side Center(LC),24+ ft.,25,-148,209,1,1,20251029,BOS,CLE,14400,0,1627759|1628401|1629674|1630202|1630573,0,REG,2026,1610612738,,,,,
22500128347,,Shot Chart Detail,22500128,347,1627759,Jaylen Brown,1610612738,Boston Celtics,3,11,40,Missed Shot,Jump Shot,3PT Field Goal,Above the Break 3,Left Side Center(LC),24+ ft.,30,-103,285,1,0,20251029,BOS,CLE,14600,0,1627759|1628401|1629674|1630202|1631169,0,REG,2026,1610612738,,,,,
22500128362,,Shot Chart Detail,22500128,362,1627759,Jaylen Brown,1610612738,Boston Celtics,3,10,47,Missed Shot,Driving Layup Shot,2PT Field Goal,In The Paint (Non-RA),Center(C),Less Than 8 ft.,5,-47,32,1,0,20251029,BOS,CLE,15130,0,1627759|1628401|1629674|1630202|1631169,0,REG,2026,1610612738,,,,,
22500128366,,Shot Chart Detail,22500128,366,1627759,Jaylen Brown,1610612738,Boston Celtics,3,10,40,Made Shot,Driving Layup Shot,2PT Field Goal,In The Paint (Non-RA),Center(C),Less Than 8 ft.,6,-62,15,1,1,20251029,BOS,CLE,15200,0,1627759|1628401|1629674|1630202|1631169,1,REG,2026,1610612738,,,,,
22500128370,,Shot Chart Detail,22500128,370,1631169,Josh Minott,1610612738,Boston Celtics,3,9,58,Made Shot,Jump Shot,3PT Field Goal,Right Corner 3,Right Side(R),24+ ft.,23,230,62,1,1,20251029,BOS,CLE,15620,0,1627759|1628401|1629674|1630202|1631169,1,REG,2026,1610612738,,,,,
22500128380,,Shot Chart Detail,22500128,380,1628401,Derrick White,1610612738,Boston Celtics,3,9,19,Missed Shot,Jump Shot,3PT Field Goal,Above the Break 3,Left Side Center(LC),24+ ft.,25,-202,153,1,0,20251029,BOS,CLE,16010,0,1627759|1628401|1629674|1630202|1631169,0,REG,2026,1610612738,,,,,
22500128384,,Shot Chart Detail,22500128,384,1627759,Jaylen Brown,1610612738,Boston Celtics,3,9,3,Missed Shot,Running Pull-Up Jump Shot,3PT Field Goal,Above the Break 3,Left Side Center(LC),24+ ft.,25,-98,238,1,0,20251029,BOS,CLE,16170,0,1627759|1628401|1629674|1630202|1631169,0,REG,2026,1610612738,,,,,
22500128388,,Shot Chart Detail,22500128,388,1627759,Jaylen Brown,1610612738,Boston Celtics,3,8,32,Missed Shot,Turnaround Hook Shot,2PT Field Goal,In The Paint (Non-RA),Center(C),Less Than 8 ft.,6,-45,47,1,0,20251029,BOS,CLE,16480,0,1627759|1628401|1629674|1630202|1631169,0,REG,2026,1610612738,,,,,
22500128406,,Shot Chart Detail,22500128,406,1627759,Jaylen Brown,1610612738,Boston Celtics,3,7,50,Made Shot,Driving Floating Bank Jump Shot,2PT Field Goal,Mid-Range,Right Side(R),8-16 ft.,14,138,41,1,1,20251029,BOS,CLE,16900,0,1627759|1628401|1629674|1630202|1631169,0,REG,2026,1610612738,,,,,
22500128421,,Shot Chart Detail,22500128,421,1628401,Derrick White,1610612738,Boston Celtics,3,6,52,Missed Shot,Jump Shot,3PT Field Goal,Above the Break 3,Center(C),24+ ft.,28,66,275,1,0,20251029,BOS,CLE,17480,0,1627759|1628401|1630202|1630568|1631169,0,REG,2026,1610612738,,,,,
22500128423,,Shot Chart Detail,22500128,423,1630202,Payton Pritchard,1610612738,Boston Celtics,3,6,48,Missed Shot,Jump Shot,3PT Field Goal,Above the Break 3,Left Side Center(LC),24+ ft.,24,-211,128,1,0,20251029,BOS,CLE,17520,0,1627759|1628401|1630202|1630568|1631169,0,REG,2026,1610612738,,,,,
22500128434,,Shot Chart Detail,22500128,434,1627759,Jaylen Brown,1610612738,Boston Celtics,3,6,26,Made Shot,Cutting Layup Shot,2PT Field Goal,Restricted Area,Center(C),Less Than 8 ft.,2,-6,29,1,1,20251029,BOS,CLE,17740,0,1627759|1629014|1630202|1630568|1631169,1,REG,2026,1610612738,,,,,
22500128451,,Shot Chart Detail,22500128,451,1630202,Payton Pritchard,1610612738,Boston Celtics,3,5,29,Missed Shot,Jump Shot,3PT Field Goal,Above the Break 3,Left Side Center(LC),24+ ft.,29,-105,272,1,0,20251029,BOS,CLE,18310,0,1627759|1629014|1630202|1630568|1631169,0,REG,2026,1610612738,,,,,
22500128453,,Shot Chart Detail,22500128,453,1631169,Josh Minott,1610612738,Boston Celtics,3,5,20,Missed Shot,Jump Shot,3PT Field Goal,Above the Break 3,Right Side Center(RC),24+ ft.,26,115,244,1,0,20251029,BOS,CLE,18400,0,1627759|1629014|1630202|1630568|1631169,0,REG,2026,1610612738,,,,,
22500128460,,Shot Chart Detail,22500128,460,1627759,Jaylen Brown,1610612738,Boston Celtics,3,4,50,Missed Shot,Step Back Jump shot,3PT Field Goal,Above the Break 3,Right Side Center(RC),24+ ft.,24,188,163,1,0,20251029,BOS,CLE,18700,0,1627759|1629014|1630202|1630568|1631169,0,REG,2026,1610612738,,,,,
22500128463,,Shot Chart Detail,22500128,463,1630568,Luka Garza,1610612738,Boston Celtics,3,4,40,Missed Shot,Jump Shot,3PT Field Goal,Above the Break 3,Center(C),24+ ft.,26,-21,268,1,0,20251029,BOS,CLE,18800,0,1627759|1629014|1630202|1630568|1631169,0,REG,2026,1610612738,,,,,
22500128466,,Shot Chart Detail,22500128,466,1630568,Luka Garza,1610612738,Boston Celtics,3,4,5,Made Shot,Turnaround Hook Shot,2PT Field Goal,In The Paint (Non-RA),Center(C),Less Than 8 ft.,6,37,57,1,1,20251029,BOS,CLE,19150,0,1627759|1629014|1630202|1630568|1631169,0,REG,2026,1610612738,,,,,
22500128484,,Shot Chart Detail,22500128,484,1630573,Sam Hauser,1610612738,Boston Celtics,3,3,41,Missed Shot,Jump Shot,3PT Field Goal,Left Corner 3,Left Side(L),24+ ft.,23,-229,60,1,0,20251029,BOS,CLE,19390,0,1628401|1629014|1629674|1630573|1631248,0,REG,2026,1610612738,,,,,
22500128488,,Shot Chart Detail,22500128,488,1628401,Derrick White,1610612738,Boston Celtics,3,3,9,Missed Shot,Driving Layup Shot,2PT Field Goal,Restricted Area,Center(C),Less Than 8 ft.,3,28,13,1,0,20251029,BOS,CLE,19710,0,1628401|1629014|1629674|1630573|1631248,0,REG,2026,1610612738,,,,,
22500128491,,Shot Chart Detail,22500128,491,1628401,Derrick White,1610612738,Boston Celtics,3,3,6,Missed Shot,Putback Layup Shot,2PT Field Goal,Restricted Area,Center(C),Less Than 8 ft.,1,11,6,1,0,20251029,BOS,CLE,19740,0,1628401|1629014|1629674|1630573|1631248,0,REG,2026,1610612738,,,,,
22500128496,,Shot Chart Detail,22500128,496,1629014,Anfernee Simons,1610612738,Boston Celtics,3,2,43,Missed Shot,Pullup Jump shot,2PT Field Goal,Mid-Range,Left Side Center(LC),16-24 ft.,21,-123,181,1,0,20251029,BOS,CLE,19970,0,1628401|1629014|1629674|1630573|1631248,0,REG,2026,1610612738,,,,,
22500128501,,Shot Chart Detail,22500128,501,1628401,Derrick White,1610612738,Boston Celtics,3,2,25,Made Shot,Driving Layup Shot,2PT Field Goal,Restricted Area,Center(C),Less Than 8 ft.,1,17,5,1,1,20251029,BOS,CLE,20150,0,1628401|1629014|1629674|1630573|1631248,0,REG,2026,1610612738,,,,,
22500128508,,Shot Chart Detail,22500128,508,1629014,Anfernee Simons,1610612738,Boston Celtics,3,1,54,Made Shot,Jump Bank Shot,3PT Field Goal,Above the Break 3,Right Side Center(RC),24+ ft.,27,131,242,1,1,20251029,BOS,CLE,20460,0,1628401|1629014|1629674|1630573|1631248,0,REG,2026,1610612738,,,,,
22500128523,,Shot Chart Detail,22500128,523,1628401,Derrick White,1610612738,Boston Celtics,3,0,53,Missed Shot,Pullup Jump shot,2PT Field Goal,Mid-Range,Right Side Center(RC),16-24 ft.,18,98,157,1,0,20251029,BOS,CLE,21070,0,1628401|1629014|1629674|1630573|1631248,0,REG,2026,1610612738,,,,,
22500128529,,Shot Chart Detail,22500128,529,1630573,Sam Hauser,1610612738,Boston Celtics,3,0,16,Missed Shot,Jump Shot,3PT Field Goal,Above the Break 3,Left Side Center(LC),24+ ft.,28,-143,249,1,0,20251029,BOS,CLE,21440,0,1628401|1629014|1629674|1630573|1631248,0,REG,2026,1610612738,,,,,
22500128546,,Shot Chart Detail,22500128,546,1627759,Jaylen Brown,1610612738,Boston Celtics,4,11,18,Made Shot,Driving Layup Shot,2PT Field Goal,In The Paint (Non-RA),Center(C),Less Than 8 ft.,6,67,15,1,1,20251029,BOS,CLE,22020,0,1627759|1628401|1629014|1630573|1631169,0,REG,2026,1610612738,,,,,
22500128556,,Shot Chart Detail,22500128,556,1630573,Sam Hauser,1610612738,Boston Celtics,4,10,44,Made Shot,Jump Shot,3PT Field Goal,Above the Break 3,Center(C),24+ ft.,30,64,301,1,1,20251029,BOS,CLE,22360,0,1627759|1628401|1629014|1630573|1631169,1,REG,2026,1610612738,,,,,
22500128562,,Shot Chart Detail,22500128,562,1631169,Josh Minott,1610612738,Boston Celtics,4,10,8,Missed Shot,Jump Shot,3PT Field Goal,Left Corner 3,Left Side(L),24+ ft.,24,-234,74,1,0,20251029,BOS,CLE,22720,0,1627759|1628401|1629014|1630573|1631169,0,REG,2026,1610612738,,,,,
22500128566,,Shot Chart Detail,22500128,566,1630573,Sam Hauser,1610612738,Boston Celtics,4,9,53,Missed Shot,Running Jump Shot,3PT Field Goal,Above the Break 3,Left Side Center(LC),24+ ft.,27,-165,221,1,0,20251029,BOS,CLE,22870,0,1627759|1628401|1629014|1630573|1631169,0,REG,2026,1610612738,,,,,
22500128576,,Shot Chart Detail,22500128,576,1630573,Sam Hauser,1610612738,Boston Celtics,4,9,21,Missed Shot,Jump Shot,3PT Field Goal,Above the Break 3,Left Side Center(LC),24+ ft.,26,-169,202,1,0,20251029,BOS,CLE,23190,0,1627759|1628401|1629014|1630573|1631169,0,REG,2026,1610612738,,,,,
22500128580,,Shot Chart Detail,22500128,580,1631169,Josh Minott,1610612738,Boston Celtics,4,9,4,Made Shot,Jump Shot,3PT Field Goal,Right Corner 3,Right Side(R),24+ ft.,22,225,5,1,1,20251029,BOS,CLE,23360,0,1627759|1628401|1629014|1630573|1631169,1,REG,2026,1610612738,,,,,
22500128595,,Shot Chart Detail,22500128,595,1627759,Jaylen Brown,1610612738,Boston Celtics,4,8,24,Missed Shot,Pullup Jump shot,3PT Field Goal,Above the Break 3,Right Side Center(RC),24+ ft.,26,125,228,1,0,20251029,BOS,CLE,23760,0,1627759|1628401|1629014|1630568|1631169,0,REG,2026,1610612738,,,,,
22500128597,,Shot Chart Detail,22500128,597,1628401,Derrick White,1610612738,Boston Celtics,4,8,19,Made Shot,Pullup Jump shot,3PT Field Goal,Above the Break 3,Left Side Center(LC),24+ ft.,26,-91,246,1,1,20251029,BOS,CLE,23810,0,1627759|1628401|1629014|1630568|1631169,1,REG,2026,1610612738,,,,,
22500128604,,Shot Chart Detail,22500128,604,1628401,Derrick White,1610612738,Boston Celtics,4,7,28,Missed Shot,Pullup Jump shot,3PT Field Goal,Above the Break 3,Left Side Center(LC),24+ ft.,30,-97,286,1,0,20251029,BOS,CLE,24320,0,1627759|1628401|1629014|1630568|1631169,0,REG,2026,1610612738,,,,,
22500128621,,Shot Chart Detail,22500128,621,1629014,Anfernee Simons,1610612738,Boston Celtics,4,6,54,Made Shot,Jump Shot,3PT Field Goal,Above the Break 3,Left Side Center(LC),24+ ft.,26,-107,242,1,1,20251029,BOS,CLE,24660,0,1628401|1629014|1630202|1630568|1630573,1,REG,2026,1610612738,,,,,
22500128636,,Shot Chart Detail,22500128,636,1628401,Derrick White,1610612738,Boston Celtics,4,6,10,Missed Shot,Pullup Jump shot,3PT Field Goal,Above the Break 3,Center(C),24+ ft.,27,56,274,1,0,20251029,BOS,CLE,25100,0,1628401|1630202|1630568|1630573|1631169,0,REG,2026,1610612738,,,,,
22500128640,,Shot Chart Detail,22500128,640,1631169,Josh Minott,1610612738,Boston Celtics,4,5,35,Missed Shot,Turnaround Jump Shot,3PT Field Goal,Above the Break 3,Right Side Center(RC),24+ ft.,25,222,117,1,0,20251029,BOS,CLE,25450,0,1628401|1630202|1630568|1630573|1631169,0,REG,2026,1610612738,,,,,
22500128651,,Shot Chart Detail,22500128,651,1628401,Derrick White,1610612738,Boston Celtics,4,5,3,Missed Shot,Jump Shot,3PT Field Goal,Above the Break 3,Right Side Center(RC),24+ ft.,25,140,214,1,0,20251029,BOS,CLE,25770,0,1628401|1629674|1630202|1630573|1631169,0,REG,2026,1610612738,,,,,
22500128654,,Shot Chart Detail,22500128,654,1628401,Derrick White,1610612738,Boston Celtics,4,4,38,Missed Shot,Driving Floating Jump Shot,2PT Field Goal,In The Paint (Non-RA),Center(C),8-16 ft.,11,31,110,1,0,20251029,BOS,CLE,26020,0,1628401|1629674|1630202|1630573|1631169,0,REG,2026,1610612738,,,,,
22500128661,,Shot Chart Detail,22500128,661,1630202,Payton Pritchard,1610612738,Boston Celtics,4,4,11,Made Shot,Driving Floating Jump Shot,2PT Field Goal,In The Paint (Non-RA),Center(C),8-16 ft.,13,25,136,1,1,20251029,BOS,CLE,26290,0,1627759|1628401|1629674|1630202|1631169,0,REG,2026,1610612738,,,,,
22500128664,,Shot Chart Detail,22500128,664,1630202,Payton Pritchard,1610612738,Boston Celtics,4,3,56,Made Shot,Running Layup Shot,2PT Field Goal,In The Paint (Non-RA),Center(C),Less Than 8 ft.,4,-45,12,1,1,20251029,BOS,CLE,26440,0,1627759|1628401|1629674|1630202|1631169,1,REG,2026,1610612738,,,,,
22500128672,,Shot Chart Detail,22500128,672,1630202,Payton Pritchard,1610612738,Boston Celtics,4,3,15,Missed Shot,Step Back Jump shot,2PT Field Goal,Mid-Range,Right Side Center(RC),16-24 ft.,17,69,160,1,0,20251029,BOS,CLE,26850,0,1627759|1628401|1629674|1630202|1631169,0,REG,2026,1610612738,,,,,
22500128674,,Shot Chart Detail,22500128,674,1630202,Payton Pritchard,1610612738,Boston Celtics,4,3,7,Missed Shot,Jump Shot,3PT Field Goal,Above the Break 3,Right Side Center(RC),24+ ft.,25,191,167,1,0,20251029,BOS,CLE,26930,0,1627759|1628401|1629674|1630202|1631169,0,REG,2026,1610612738,,,,,
22500128742,,Shot Chart Detail,22500128,742,1628401,Derrick White,1610612738,Boston Celtics,4,2,31,Missed Shot,Jump Shot,3PT Field Goal,Above the Break 3,Left Side Center(LC),24+ ft.,24,-141,200,1,0,20251029,BOS,CLE,27290,0,1628401|1629674|1630202|1630573|1631169,0,REG,2026,1610612738,,,,,
22500128711,,Shot Chart Detail,22500128,711,1630202,Payton Pritchard,1610612738,Boston Celtics,4,1,32,Made Shot,Pullup Jump shot,2PT Field Goal,In The Paint (Non-RA),Center(C),8-16 ft.,13,42,127,1,1,20251029,BOS,CLE,27880,0,1629674|1630202|1630573|1631169|1631248,0,REG,2026,1610612738,,,,,
22500128723,,Shot Chart Detail,22500128,723,1630573,Sam Hauser,1610612738,Boston Celtics,4,1,17,Made Shot,Jump Shot,3PT Field Goal,Above the Break 3,Right Side Center(RC),24+ ft.,25,97,238,1,1,20251029,BOS,CLE,28030,0,1630568|1630573|1631248|1641775|1642864,1,REG,2026,1610612738,,,,,
22500128726,,Shot Chart Detail,22500128,726,1630573,Sam Hauser,1610612738,Boston Celtics,4,0,53,Missed Shot,Pullup Jump shot,3PT Field Goal,Above the Break 3,Right Side Center(RC),24+ ft.,26,118,232,1,0,20251029,BOS,CLE,28270,0,1630568|1630573|1631248|1641775|1642864,0,REG,2026,1610612738,,,,,
225001469,,Shot Chart Detail,22500146,9,1631169,Josh Minott,1610612738,Boston Celtics,1,11,21,Missed Shot,Driving Floating Jump Shot,2PT Field Goal,In The Paint (Non-RA),Right Side(R),8-16 ft.,10,64,80,1,0,20251101,BOS,HOU,390,0,1627759|1628401|1629674|1630202|1631169,0,REG,2026,1610612738,,,,,
2250014613,,Shot Chart Detail,22500146,13,1627759,Jaylen Brown,1610612738,Boston Celtics,1,11,5,Missed Shot,Step Back Jump shot,3PT Field Goal,Above the Break 3,Left Side Center(LC),24+ ft.,25,-163,197,1,0,20251101,BOS,HOU,550,0,1627759|1628401|1629674|1630202|1631169,0,REG,2026,1610612738,,,,,
2250014617,,Shot Chart Detail,22500146,17,1628401,Derrick White,1610612738,Boston Celtics,1,10,47,Made Shot,Driving Floating Jump Shot,2PT Field Goal,Mid-Range,Left Side(L),8-16 ft.,12,-119,24,1,1,20251101,BOS,HOU,730,0,1627759|1628401|1629674|1630202|1631169,1,REG,2026,1610612738,,,,,
2250014621,,Shot Chart Detail,22500146,21,1629674,Neemias Queta,1610612738,Boston Celtics,1,10,17,Made Shot,Reverse Layup Shot,2PT Field Goal,Restricted Area,Center(C),Less Than 8 ft.,1,7,10,1,1,20251101,BOS,HOU,1030,0,1627759|1628401|1629674|1630202|1631169,1,REG,2026,1610612738,,,,,
2250014627,,Shot Chart Detail,22500146,27,1627759,Jaylen Brown,1610612738,Boston Celtics,1,9,51,Missed Shot,Fadeaway Jump Shot,2PT Field Goal,Mid-Range,Right Side Center(RC),16-24 ft.,18,58,174,1,0,20251101,BOS,HOU,1290,0,1627759|1628401|1629674|1630202|1631169,0,REG,2026,1610612738,,,,,
2250014631,,Shot Chart Detail,22500146,31,1629674,Neemias Queta,1610612738,Boston Celtics,1,9,25,Made Shot,Running Layup Shot,2PT Field Goal,Restricted Area,Center(C),Less Than 8 ft.,3,-5,30,1,1,20251101,BOS,HOU,1550,0,1627759|1628401|1629674|1630202|1631169,1,REG,2026,1610612738,,,,,
2250014639,,Shot Chart Detail,22500146,39,1627759,Jaylen Brown,1610612738,Boston Celtics,1,8,36,Made Shot,Driving Finger Roll Layup Shot,2PT Field Goal,Restricted Area,Center(C),Less Than 8 ft.,1,0,17,1,1,20251101,BOS,HOU,2040,0,1627759|1628401|1629674|1630202|1631169,0,REG,2026,1610612738,,,,,
2250014641,,Shot Chart Detail,22500146,41,1628401,Derrick White,1610612738,Boston Celtics,1,8,5,Missed Shot,Pullup Jump shot,3PT Field Goal,Above the Break 3,Center(C),24+ ft.,25,-78,243,1,0,20251101,BOS,HOU,2350,0,1627759|1628401|1629674|1630202|1631169,0,REG,2026,1610612738,,,,,
2250014645,,Shot Chart Detail,22500146,45,1628401,Derrick White,1610612738,Boston Celtics,1,7,36,Made Shot,Jump Shot,3PT Field Goal,Left Corner 3,Left Side(L),24+ ft.,23,-233,15,1,1,20251101,BOS,HOU,2640,0,1627759|1628401|1629674|1630202|1631169,1,REG,2026,1610612738,,,,,
2250014651,,Shot Chart Detail,22500146,51,1627759,Jaylen Brown,1610612738,Boston Celtics,1,6,55,Missed Shot,Driving Floating Jump Shot,2PT Field Goal,Restricted Area,Center(C),Less Than 8 ft.,3,0,32,1,0,20251101,BOS,HOU,3050,0,1627759|1628401|1629674|1630202|1631169,0,REG,2026,1610612738,,,,,
2250014663,,Shot Chart Detail,22500146,63,1630202,Payton Pritchard,1610612738,Boston Celtics,1,6,29,Missed Shot,Fadeaway Jump Shot,2PT Field Goal,In The Paint (Non-RA),Left Side(L),8-16 ft.,12,-76,96,1,0,20251101,BOS,HOU,3310,0,1627759|1629014|1630202|1630568|1630573,0,REG,2026,1610612738,,,,,
2250014667,,Shot Chart Detail,22500146,67,1629014,Anfernee Simons,1610612738,Boston Celtics,1,6,8,Missed Shot,Fadeaway Jump Shot,2PT Field Goal,Mid-Range,Center(C),16-24 ft.,18,50,176,1,0,20251101,BOS,HOU,3520,0,1627759|1629014|1630202|1630568|1630573,0,REG,2026,1610612738,,,,,
2250014671,,Shot Chart Detail,22500146,71,1627759,Jaylen Brown,1610612738,Boston Celtics,1,5,41,Missed Shot,Pullup Jump shot,2PT Field Goal,Mid-Range,Right Side Center(RC),16-24 ft.,20,114,173,1,0,20251101,BOS,HOU,3790,0,1627759|1629014|1630202|1630568|1630573,0,REG,2026,1610612738,,,,,
2250014675,,Shot Chart Detail,22500146,75,1627759,Jaylen Brown,1610612738,Boston Celtics,1,5,27,Made Shot,Driving Layup Shot,2PT Field Goal,Restricted Area,Center(C),Less Than 8 ft.,2,20,5,1,1,20251101,BOS,HOU,3930,0,1627759|1629014|1630202|1630568|1630573,1,REG,2026,1610612738,,,,,
2250014689,,Shot Chart Detail,22500146,89,1627759,Jaylen Brown,1610612738,Boston Celtics,1,4,52,Made Shot,Turnaround Fadeaway shot,2PT Field Goal,Mid-Range,Left Side Center(LC),16-24 ft.,16,-123,111,1,1,20251101,BOS,HOU,4280,0,1627759|1629014|1630568|1630573|1642864,0,REG,2026,1610612738,,,,,
2250014692,,Shot Chart Detail,22500146,92,1630573,Sam Hauser,1610612738,Boston Celtics,1,4,32,Missed Shot,Driving Layup Shot,2PT Field Goal,Restricted Area,Center(C),Less Than 8 ft.,3,-34,15,1,0,20251101,BOS,HOU,4480,0,1627759|1629014|1630568|1630573|1642864,0,REG,2026,1610612738,,,,,
2250014697,,Shot Chart Detail,22500146,97,1642864,Hugo González,1610612738,Boston Celtics,1,4,13,Made Shot,Jump Shot,3PT Field Goal,Left Corner 3,Left Side(L),24+ ft.,23,-230,48,1,1,20251101,BOS,HOU,4670,0,1627759|1629014|1630568|1630573|1642864,1,REG,2026,1610612738,,,,,
22500146105,,Shot Chart Detail,22500146,105,1629014,Anfernee Simons,1610612738,Boston Celtics,1,3,47,Made Shot,Pullup Jump shot,3PT Field Goal,Above the Break 3,Right Side Center(RC),24+ ft.,25,89,239,1,1,20251101,BOS,HOU,4930,0,1627759|1629014|1630568|1630573|1642864,0,REG,2026,1610612738,,,,,
22500146107,,Shot Chart Detail,22500146,107,1642864,Hugo González,1610612738,Boston Celtics,1,3,15,Missed Shot,Jump Shot,3PT Field Goal,Above the Break 3,Right Side Center(RC),24+ ft.,25,113,227,1,0,20251101,BOS,HOU,5250,0,1627759|1629014|1630568|1630573|1642864,0,REG,2026,1610612738,,,,,
22500146111,,Shot Chart Detail,22500146,111,1629014,Anfernee Simons,1610612738,Boston Celtics,1,2,41,Missed Shot,Pullup Jump shot,2PT Field Goal,Mid-Range,Center(C),16-24 ft.,20,-38,201,1,0,20251101,BOS,HOU,5590,0,1627759|1629014|1630568|1630573|1642864,0,REG,2026,1610612738,,,,,
22500146116,,Shot Chart Detail,22500146,116,1627759,Jaylen Brown,1610612738,Boston Celtics,1,2,14,Made Shot,Driving Layup Shot,2PT Field Goal,Restricted Area,Center(C),Less Than 8 ft.,3,-36,17,1,1,20251101,BOS,HOU,5860,0,1627759|1629014|1630568|1630573|1642864,0,REG,2026,1610612738,,,,,
22500146130,,Shot Chart Detail,22500146,130,1628401,Derrick White,1610612738,Boston Celtics,1,1,36,Missed Shot,Pullup Jump shot,2PT Field Goal,In The Paint (Non-RA),Center(C),8-16 ft.,10,43,94,1,0,20251101,BOS,HOU,6240,0,1628401|1629014|1630214|1630573|1642864,0,REG,2026,1610612738,,,,,
22500146139,,Shot Chart Detail,22500146,139,1629014,Anfernee Simons,1610612738,Boston Celtics,1,0,51,Missed Shot,Step Back Jump shot,3PT Field Goal,Above the Break 3,Right Side Center(RC),24+ ft.,27,141,239,1,0,20251101,BOS,HOU,6690,0,1628401|1629014|1630214|1630573|1642864,0,REG,2026,1610612738,,,,,
22500146141,,Shot Chart Detail,22500146,141,1628401,Derrick White,1610612738,Boston Celtics,1,0,41,Missed Shot,Driving Layup Shot,2PT Field Goal,In The Paint (Non-RA),Center(C),Less Than 8 ft.,6,64,22,1,0,20251101,BOS,HOU,6790,0,1628401|1629014|1630214|1630573|1642864,0,REG,2026,1610612738,,,,,
22500146179,,Shot Chart Detail,22500146,179,1630573,Sam Hauser,1610612738,Boston Celtics,2,11,42,Missed Shot,Pullup Jump shot,3PT Field Goal,Above the Break 3,Left Side Center(LC),24+ ft.,25,-157,198,1,0,20251101,BOS,HOU,7380,0,1628401|1628449|1629674|1630573|1631248,0,REG,2026,1610612738,,,,,
22500146183,,Shot Chart Detail,22500146,183,1629674,Neemias Queta,1610612738,Boston Celtics,2,11,14,Made Shot,Cutting Layup Shot,2PT Field Goal,Restricted Area,Center(C),Less Than 8 ft.,2,16,13,1,1,20251101,BOS,HOU,7660,0,1628401|1628449|1629674|1630573|1631248,1,REG,2026,1610612738,,,,,
22500146187,,Shot Chart Detail,22500146,187,1628401,Derrick White,1610612738,Boston Celtics,2,10,42,Missed Shot,Jump Shot,3PT Field Goal,Above the Break 3,Left Side Center(LC),24+ ft.,26,-179,201,1,0,20251101,BOS,HOU,7980,0,1628401|1628449|1629674|1630573|1631248,0,REG,2026,1610612738,,,,,
22500146192,,Shot Chart Detail,22500146,192,1628449,Chris Boucher,1610612738,Boston Celtics,2,10,23,Missed Shot,Jump Shot,3PT Field Goal,Above the Break 3,Left Side Center(LC),24+ ft.,27,-137,243,1,0,20251101,BOS,HOU,8170,0,1628401|1628449|1629674|1630573|1631248,0,REG,2026,1610612738,,,,,
22500146198,,Shot Chart Detail,22500146,198,1631248,Baylor Scheierman,1610612738,Boston Celtics,2,9,55,Made Shot,Jump Shot,3PT Field Goal,Above the Break 3,Left Side Center(LC),24+ ft.,25,-227,111,1,1,20251101,BOS,HOU,8450,0,1628401|1628449|1629674|1630573|1631248,1,REG,2026,1610612738,,,,,
22500146202,,Shot Chart Detail,22500146,202,1631248,Baylor Scheierman,1610612738,Boston Celtics,2,9,35,Missed Shot,Jump Shot,3PT Field Goal,Left Corner 3,Left Side(L),24+ ft.,23,-233,16,1,0,20251101,BOS,HOU,8650,0,1628401|1628449|1629674|1630573|1631248,0,REG,2026,1610612738,,,,,
22500146209,,Shot Chart Detail,22500146,209,1628401,Derrick White,1610612738,Boston Celtics,2,9,3,Missed Shot,Driving Floating Jump Shot,2PT Field Goal,In The Paint (Non-RA),Center(C),8-16 ft.,13,-27,131,1,0,20251101,BOS,HOU,8970,0,1628401|1628449|1629674|1631169|1631248,0,REG,2026,1610612738,,,,,
22500146219,,Shot Chart Detail,22500146,219,1629674,Neemias Queta,1610612738,Boston Celtics,2,8,28,Made Shot,Alley Oop Layup shot,2PT Field Goal,Restricted Area,Center(C),Less Than 8 ft.,1,-18,6,1,1,20251101,BOS,HOU,9320,0,1628401|1628449|1629674|1631169|1631248,1,REG,2026,1610612738,,,,,
22500146222,,Shot Chart Detail,22500146,222,1629674,Neemias Queta,1610612738,Boston Celtics,2,7,40,Missed Shot,Pullup Jump shot,2PT Field Goal,Mid-Range,Right Side(R),16-24 ft.,18,157,94,1,0,20251101,BOS,HOU,9800,0,1628401|1628449|1629674|1631169|1631248,0,REG,2026,1610612738,,,,,
22500146239,,Shot Chart Detail,22500146,239,1630202,Payton Pritchard,1610612738,Boston Celtics,2,6,24,Made Shot,Jump Shot,3PT Field Goal,Above the Break 3,Right Side Center(RC),24+ ft.,31,152,281,1,1,20251101,BOS,HOU,10560,0,1627759|1628449|1629674|1630202|1631169,1,REG,2026,1610612738,,,,,
22500146243,,Shot Chart Detail,22500146,243,1630202,Payton Pritchard,1610612738,Boston Celtics,2,6,4,Missed Shot,Step Back Jump shot,3PT Field Goal,Above the Break 3,Right Side Center(RC),24+ ft.,27,118,247,1,0,20251101,BOS,HOU,10760,0,1627759|1628449|1629674|1630202|1631169,0,REG,2026,1610612738,,,,,
22500146248,,Shot Chart Detail,22500146,248,1631169,Josh Minott,1610612738,Boston Celtics,2,5,41,Made Shot,Jump Shot,3PT Field Goal,Right Corner 3,Right Side(R),24+ ft.,23,229,62,1,1,20251101,BOS,HOU,10990,0,1627759|1628449|1629674|1630202|1631169,1,REG,2026,1610612738,,,,,
22500146252,,Shot Chart Detail,22500146,252,1628449,Chris Boucher,1610612738,Boston Celtics,2,5,23,Made Shot,Running Layup Shot,2PT Field Goal,Restricted Area,Center(C),Less Than 8 ft.,1,-12,4,1,1,20251101,BOS,HOU,11170,0,1627759|1628449|1629674|1630202|1631169,1,REG,2026,1610612738,,,,,
22500146258,,Shot Chart Detail,22500146,258,1628449,Chris Boucher,1610612738,Boston Celtics,2,4,48,Missed Shot,Jump Shot,3PT Field Goal,Above the Break 3,Left Side Center(LC),24+ ft.,25,-184,171,1,0,20251101,BOS,HOU,11520,0,1627759|1628449|1629674|1630202|1631169,0,REG,2026,1610612738,,,,,
22500146260,,Shot Chart Detail,22500146,260,1629674,Neemias Queta,1610612738,Boston Celtics,2,4,36,Missed Shot,Jump Shot,3PT Field Goal,Right Corner 3,Right Side(R),24+ ft.,23,229,31,1,0,20251101,BOS,HOU,11640,0,1627759|1628449|1629674|1630202|1631169,0,REG,2026,1610612738,,,,,
22500146262,,Shot Chart Detail,22500146,262,1631169,Josh Minott,1610612738,Boston Celtics,2,4,33,Made Shot,Putback Layup Shot,2PT Field Goal,Restricted Area,Center(C),Less Than 8 ft.,1,6,11,1,1,20251101,BOS,HOU,11670,0,1627759|1628449|1629674|1630202|1631169,0,REG,2026,1610612738,,,,,
22500146274,,Shot Chart Detail,22500146,274,1631169,Josh Minott,1610612738,Boston Celtics,2,3,58,Missed Shot,Jump Shot,3PT Field Goal,Above the Break 3,Right Side Center(RC),24+ ft.,26,113,245,1,0,20251101,BOS,HOU,12020,0,1627759|1628449|1630202|1630568|1631169,0,REG,2026,1610612738,,,,,
22500146276,,Shot Chart Detail,22500146,276,1628449,Chris Boucher,1610612738,Boston Celtics,2,3,41,Made Shot,Cutting Dunk Shot,2PT Field Goal,Restricted Area,Center(C),Less Than 8 ft.,1,-13,11,1,1,20251101,BOS,HOU,12190,0,1627759|1628449|1630202|1630568|1631169,1,REG,2026,1610612738,,,,,
22500146279,,Shot Chart Detail,22500146,279,1631169,Josh Minott,1610612738,Boston Celtics,2,3,3,Missed Shot,Jump Shot,3PT Field Goal,Above the Break 3,Left Side Center(LC),24+ ft.,25,-173,187,1,0,20251101,BOS,HOU,12570,0,1627759|1628449|1630202|1630568|1631169,0,REG,2026,1610612738,,,,,
22500146287,,Shot Chart Detail,22500146,287,1627759,Jaylen Brown,1610612738,Boston Celtics,2,2,37,Missed Shot,Driving Dunk Shot,2PT Field Goal,In The Paint (Non-RA),Center(C),Less Than 8 ft.,5,37,36,1,0,20251101,BOS,HOU,12830,0,1627759|1628401|1628449|1630202|1630568,0,REG,2026,1610612738,,,,,
22500146301,,Shot Chart Detail,22500146,301,1631248,Baylor Scheierman,1610612738,Boston Celtics,2,1,49,Made Shot,Jump Shot,3PT Field Goal,Left Corner 3,Left Side(L),24+ ft.,23,-234,9,1,1,20251101,BOS,HOU,13310,0,1627759|1628401|1630202|1630568|1631248,1,REG,2026,1610612738,,,,,
22500146304,,Shot Chart Detail,22500146,304,1627759,Jaylen Brown,1610612738,Boston Celtics,2,1,23,Missed Shot,Turnaround Jump Shot,2PT Field Goal,In The Paint (Non-RA),Center(C),8-16 ft.,14,40,137,1,0,20251101,BOS,HOU,13570,0,1627759|1628401|1630202|1630568|1631248,0,REG,2026,1610612738,,,,,
22500146312,,Shot Chart Detail,22500146,312,1628401,Derrick White,1610612738,Boston Celtics,2,0,39,Missed Shot,Driving Floating Jump Shot,2PT Field Goal,In The Paint (Non-RA),Right Side(R),8-16 ft.,9,71,59,1,0,20251101,BOS,HOU,14010,0,1627759|1628401|1630202|1630568|1631248,0,REG,2026,1610612738,,,,,
22500146314,,Shot Chart Detail,22500146,314,1630568,Luka Garza,1610612738,Boston Celtics,2,0,35,Missed Shot,Putback Layup Shot,2PT Field Goal,Restricted Area,Center(C),Less Than 8 ft.,2,-9,20,1,0,20251101,BOS,HOU,14050,0,1627759|1628401|1630202|1630568|1631248,0,REG,2026,1610612738,,,,,
22500146319,,Shot Chart Detail,22500146,319,1627759,Jaylen Brown,1610612738,Boston Celtics,2,0,31,Made Shot,Running Layup Shot,2PT Field Goal,Restricted Area,Center(C),Less Than 8 ft.,3,25,20,1,1,20251101,BOS,HOU,14090,0,1627759|1628401|1630202|1630568|1631248,0,REG,2026,1610612738,,,,,
22500146340,,Shot Chart Detail,22500146,340,1627759,Jaylen Brown,1610612738,Boston Celtics,2,0,0,Missed Shot,Turnaround Fadeaway shot,3PT Field Goal,Right Corner 3,Right Side(R),24+ ft.,23,233,30,1,0,20251101,BOS,HOU,14400,0,1627759|1628401|1630202|1630568|1630573,0,REG,2026,1610612738,,,,,
22500146350,,Shot Chart Detail,22500146,350,1630202,Payton Pritchard,1610612738,Boston Celtics,3,11,39,Missed Shot,Jump Shot,3PT Field Goal,Above the Break 3,Left Side Center(LC),24+ ft.,29,-172,244,1,0,20251101,BOS,HOU,14610,0,1627759|1628401|1629674|1630202|1631169,0,REG,2026,1610612738,,,,,
22500146357,,Shot Chart Detail,22500146,357,1628401,Derrick White,1610612738,Boston Celtics,3,11,6,Missed Shot,Jump Shot,3PT Field Goal,Above the Break 3,Right Side Center(RC),24+ ft.,25,150,207,1,0,20251101,BOS,HOU,14940,0,1627759|1628401|1629674|1630202|1631169,0,REG,2026,1610612738,,,,,
22500146394,,Shot Chart Detail,22500146,394,1631169,Josh Minott,1610612738,Boston Celtics,3,10,58,Missed Shot,Driving Dunk Shot,2PT Field Goal,Restricted Area,Center(C),Less Than 8 ft.,2,23,8,1,0,20251101,BOS,HOU,15020,0,1627759|1628401|1629674|1630202|1631169,0,REG,2026,1610612738,,,,,
22500146367,,Shot Chart Detail,22500146,367,1630202,Payton Pritchard,1610612738,Boston Celtics,3,10,43,Missed Shot,Step Back Jump shot,2PT Field Goal,Mid-Range,Left Side Center(LC),16-24 ft.,22,-165,151,1,0,20251101,BOS,HOU,15170,0,1627759|1628401|1629674|1630202|1631169,0,REG,2026,1610612738,,,,,
22500146384,,Shot Chart Detail,22500146,384,1627759,Jaylen Brown,1610612738,Boston Celtics,3,9,42,Made Shot,Driving Layup Shot,2PT Field Goal,Restricted Area,Center(C),Less Than 8 ft.,1,6,13,1,1,20251101,BOS,HOU,15780,0,1627759|1628401|1629674|1630202|1641775,1,REG,2026,1610612738,,,,,
22500146387,,Shot Chart Detail,22500146,387,1628401,Derrick White,1610612738,Boston Celtics,3,9,9,Missed Shot,Driving Floating Jump Shot,2PT Field Goal,In The Paint (Non-RA),Center(C),Less Than 8 ft.,7,75,23,1,0,20251101,BOS,HOU,16110,0,1627759|1628401|1629674|1630202|1641775,0,REG,2026,1610612738,,,,,
22500146402,,Shot Chart Detail,22500146,402,1627759,Jaylen Brown,1610612738,Boston Celtics,3,8,29,Missed Shot,Pullup Jump shot,2PT Field Goal,Mid-Range,Center(C),8-16 ft.,15,36,148,1,0,20251101,BOS,HOU,16510,0,1627759|1628401|1628449|1630202|1641775,0,REG,2026,1610612738,,,,,
22500146406,,Shot Chart Detail,22500146,406,1628449,Chris Boucher,1610612738,Boston Celtics,3,8,1,Missed Shot,Layup Shot,2PT Field Goal,Restricted Area,Center(C),Less Than 8 ft.,2,23,13,1,0,20251101,BOS,HOU,16790,0,1627759|1628401|1628449|1630202|1641775,0,REG,2026,1610612738,,,,,
22500146409,,Shot Chart Detail,22500146,409,1628401,Derrick White,1610612738,Boston Celtics,3,7,56,Missed Shot,Jump Shot,3PT Field Goal,Above the Break 3,Right Side Center(RC),24+ ft.,25,203,146,1,0,20251101,BOS,HOU,16840,0,1627759|1628401|1628449|1630202|1641775,0,REG,2026,1610612738,,,,,
22500146411,,Shot Chart Detail,22500146,411,1628449,Chris Boucher,1610612738,Boston Celtics,3,7,48,Missed Shot,Driving Layup Shot,2PT Field Goal,Restricted Area,Center(C),Less Than 8 ft.,3,-28,22,1,0,20251101,BOS,HOU,16920,0,1627759|1628401|1628449|1630202|1641775,0,REG,2026,1610612738,,,,,
22500146423,,Shot Chart Detail,22500146,423,1630202,Payton Pritchard,1610612738,Boston Celtics,3,7,31,Made Shot,Driving Floating Bank Jump Shot,2PT Field Goal,Restricted Area,Center(C),Less Than 8 ft.,3,11,33,1,1,20251101,BOS,HOU,17090,0,1628401|1628449|1629014|1630202|1641775,0,REG,2026,1610612738,,,,,
22500146430,,Shot Chart Detail,22500146,430,1630202,Payton Pritchard,1610612738,Boston Celtics,3,6,55,Made Shot,Driving Floating Jump Shot,2PT Field Goal,In The Paint (Non-RA),Center(C),Less Than 8 ft.,7,17,75,1,1,20251101,BOS,HOU,17450,0,1628449|1629014|1630202|1630573|1641775,0,REG,2026,1610612738,,,,,
22500146439,,Shot Chart Detail,22500146,439,1630202,Payton Pritchard,1610612738,Boston Celtics,3,6,19,Missed Shot,Step Back Jump shot,3PT Field Goal,Above the Break 3,Right Side Center(RC),24+ ft.,27,138,242,1,0,20251101,BOS,HOU,17810,0,1628449|1629014|1630202|1630573|1641775,0,REG,2026,1610612738,,,,,
22500146441,,Shot Chart Detail,22500146,441,1630573,Sam Hauser,1610612738,Boston Celtics,3,6,14,Made Shot,Step Back Jump shot,3PT Field Goal,Above the Break 3,Left Side Center(LC),24+ ft.,25,-164,195,1,1,20251101,BOS,HOU,17860,0,1628449|1629014|1630202|1630573|1641775,0,REG,2026,1610612738,,,,,
22500146452,,Shot Chart Detail,22500146,452,1641775,Jordan Walsh,1610612738,Boston Celtics,3,5,32,Missed Shot,Driving Layup Shot,2PT Field Goal,In The Paint (Non-RA),Center(C),Less Than 8 ft.,4,29,38,1,0,20251101,BOS,HOU,18280,0,1629014|1630202|1630568|1630573|1641775,0,REG,2026,1610612738,,,,,
22500146462,,Shot Chart Detail,22500146,462,1630573,Sam Hauser,1610612738,Boston Celtics,3,5,20,Made Shot,Jump Shot,3PT Field Goal,Above the Break 3,Right Side Center(RC),24+ ft.,26,102,241,1,1,20251101,BOS,HOU,18400,0,1629014|1630202|1630568|1630573|1641775,1,REG,2026,1610612738,,,,,
22500146467,,Shot Chart Detail,22500146,467,1630568,Luka Garza,1610612738,Boston Celtics,3,4,50,Missed Shot,Jump Shot,3PT Field Goal,Above the Break 3,Left Side Center(LC),24+ ft.,27,-110,257,1,0,20251101,BOS,HOU,18700,0,1629014|1630202|1630568|1630573|1641775,0,REG,2026,1610612738,,,,,
22500146471,,Shot Chart Detail,22500146,471,1641775,Jordan Walsh,1610612738,Boston Celtics,3,4,26,Missed Shot,Jump Shot,3PT Field Goal,Above the Break 3,Right Side Center(RC),24+ ft.,26,178,197,1,0,20251101,BOS,HOU,18940,0,1629014|1630202|1630568|1630573|1641775,0,REG,2026,1610612738,,,,,
22500146476,,Shot Chart Detail,22500146,476,1641775,Jordan Walsh,1610612738,Boston Celtics,3,3,47,Missed Shot,Driving Dunk Shot,2PT Field Goal,Restricted Area,Center(C),Less Than 8 ft.,1,0,15,1,0,20251101,BOS,HOU,19330,0,1629014|1630202|1630568|1630573|1641775,0,REG,2026,1610612738,,,,,
22500146490,,Shot Chart Detail,22500146,490,1629014,Anfernee Simons,1610612738,Boston Celtics,3,3,22,Missed Shot,Driving Layup Shot,2PT Field Goal,Restricted Area,Center(C),Less Than 8 ft.,2,27,10,1,0,20251101,BOS,HOU,19580,0,1629014|1630202|1630568|1630573|1631248,0,REG,2026,1610612738,,,,,
22500146498,,Shot Chart Detail,22500146,498,1631248,Baylor Scheierman,1610612738,Boston Celtics,3,2,51,Made Shot,Driving Layup Shot,2PT Field Goal,Restricted Area,Center(C),Less Than 8 ft.,2,-20,11,1,1,20251101,BOS,HOU,19890,0,1629014|1630202|1630568|1630573|1631248,0,REG,2026,1610612738,,,,,
22500146500,,Shot Chart Detail,22500146,500,1630568,Luka Garza,1610612738,Boston Celtics,3,2,23,Missed Shot,Hook Shot,2PT Field Goal,In The Paint (Non-RA),Left Side(L),8-16 ft.,11,-65,97,1,0,20251101,BOS,HOU,20170,0,1629014|1630202|1630568|1630573|1631248,0,REG,2026,1610612738,,,,,
22500146505,,Shot Chart Detail,22500146,505,1631248,Baylor Scheierman,1610612738,Boston Celtics,3,2,19,Made Shot,Jump Shot,3PT Field Goal,Right Corner 3,Right Side(R),24+ ft.,22,225,-4,1,1,20251101,BOS,HOU,20210,0,1629014|1630202|1630568|1630573|1631248,1,REG,2026,1610612738,,,,,
22500146509,,Shot Chart Detail,22500146,509,1630202,Payton Pritchard,1610612738,Boston Celtics,3,1,37,Made Shot,Pullup Jump shot,2PT Field Goal,In The Paint (Non-RA),Center(C),8-16 ft.,9,-28,92,1,1,20251101,BOS,HOU,20630,0,1629014|1630202|1630568|1630573|1631248,0,REG,2026,1610612738,,,,,
22500146519,,Shot Chart Detail,22500146,519,1630202,Payton Pritchard,1610612738,Boston Celtics,3,1,0,Made Shot,Fadeaway Jump Shot,2PT Field Goal,Mid-Range,Right Side(R),8-16 ft.,10,88,52,1,1,20251101,BOS,HOU,21000,0,1629014|1630202|1630568|1630573|1631248,0,REG,2026,1610612738,,,,,
22500146556,,Shot Chart Detail,22500146,556,1631169,Josh Minott,1610612738,Boston Celtics,4,11,21,Missed Shot,Jump Shot,3PT Field Goal,Right Corner 3,Right Side(R),24+ ft.,23,224,86,1,0,20251101,BOS,HOU,21990,0,1629014|1631169|1631248|1641775|1642864,0,REG,2026,1610612738,,,,,
22500146565,,Shot Chart Detail,22500146,565,1629014,Anfernee Simons,1610612738,Boston Celtics,4,10,45,Missed Shot,Running Pull-Up Jump Shot,3PT Field Goal,Above the Break 3,Left Side Center(LC),24+ ft.,26,-194,181,1,0,20251101,BOS,HOU,22350,0,1629014|1631169|1631248|1641775|1642864,0,REG,2026,1610612738,,,,,
22500146567,,Shot Chart Detail,22500146,567,1631248,Baylor Scheierman,1610612738,Boston Celtics,4,10,39,Made Shot,Jump Shot,3PT Field Goal,Right Corner 3,Right Side(R),24+ ft.,22,225,28,1,1,20251101,BOS,HOU,22410,0,1629014|1631169|1631248|1641775|1642864,1,REG,2026,1610612738,,,,,
22500146571,,Shot Chart Detail,22500146,571,1641775,Jordan Walsh,1610612738,Boston Celtics,4,10,15,Missed Shot,Jump Shot,3PT Field Goal,Right Corner 3,Right Side(R),24+ ft.,22,225,38,1,0,20251101,BOS,HOU,22650,0,1629014|1631169|1631248|1641775|1642864,0,REG,2026,1610612738,,,,,
22500146581,,Shot Chart Detail,22500146,581,1631169,Josh Minott,1610612738,Boston Celtics,4,9,39,Made Shot,Jump Shot,3PT Field Goal,Above the Break 3,Left Side Center(LC),24+ ft.,26,-141,222,1,1,20251101,BOS,HOU,23010,0,1631169|1631199|1631248|1641775|1642864,1,REG,2026,1610612738,,,,,
22500146586,,Shot Chart Detail,22500146,586,1631169,Josh Minott,1610612738,Boston Celtics,4,8,58,Missed Shot,Jump Shot,3PT Field Goal,Right Corner 3,Right Side(R),24+ ft.,23,225,67,1,0,20251101,BOS,HOU,23420,0,1631169|1631199|1631248|1641775|1642864,0,REG,2026,1610612738,,,,,
22500146590,,Shot Chart Detail,22500146,590,1631169,Josh Minott,1610612738,Boston Celtics,4,8,38,Missed Shot,Layup Shot,2PT Field Goal,In The Paint (Non-RA),Center(C),Less Than 8 ft.,4,-45,12,1,0,20251101,BOS,HOU,23620,0,1631169|1631199|1631248|1641775|1642864,0,REG,2026,1610612738,,,,,
22500146597,,Shot Chart Detail,22500146,597,1631199,Ron Harper Jr.,1610612738,Boston Celtics,4,8,11,Missed Shot,Jump Shot,3PT Field Goal,Above the Break 3,Left Side Center(LC),24+ ft.,27,-162,228,1,0,20251101,BOS,HOU,23890,0,1631169|1631199|1631248|1641775|1642864,0,REG,2026,1610612738,,,,,
22500146599,,Shot Chart Detail,22500146,599,1642864,Hugo González,1610612738,Boston Celtics,4,8,8,Missed Shot,Hook Shot,2PT Field Goal,Restricted Area,Center(C),Less Than 8 ft.,3,-29,16,1,0,20251101,BOS,HOU,23920,0,1631169|1631199|1631248|1641775|1642864,0,REG,2026,1610612738,,,,,
22500146609,,Shot Chart Detail,22500146,609,1631199,Ron Harper Jr.,1610612738,Boston Celtics,4,7,34,Missed Shot,Step Back Jump shot,3PT Field Goal,Above the Break 3,Left Side Center(LC),24+ ft.,26,-116,239,1,0,20251101,BOS,HOU,24260,0,1631169|1631199|1631248|1641775|1642864,0,REG,2026,1610612738,,,,,
22500146618,,Shot Chart Detail,22500146,618,1631199,Ron Harper Jr.,1610612738,Boston Celtics,4,7,28,Missed Shot,Jump Shot,3PT Field Goal,Right Corner 3,Right Side(R),24+ ft.,23,228,58,1,0,20251101,BOS,HOU,24320,0,1631169|1631199|1631248|1641775|1642864,0,REG,2026,1610612738,,,,,
22500146625,,Shot Chart Detail,22500146,625,1631169,Josh Minott,1610612738,Boston Celtics,4,6,59,Missed Shot,Driving Layup Shot,2PT Field Goal,In The Paint (Non-RA),Left Side(L),8-16 ft.,8,-49,68,1,0,20251101,BOS,HOU,24610,0,1631169|1631199|1631248|1641775|1642864,0,REG,2026,1610612738,,,,,
22500146624,,Shot Chart Detail,22500146,624,1642864,Hugo González,1610612738,Boston Celtics,4,6,48,Made Shot,Driving Floating Jump Shot,2PT Field Goal,In The Paint (Non-RA),Center(C),8-16 ft.,8,26,84,1,1,20251101,BOS,HOU,24720,0,1631169|1631199|1631248|1641775|1642864,0,REG,2026,1610612738,,,,,
22500146630,,Shot Chart Detail,22500146,630,1642864,Hugo González,1610612738,Boston Celtics,4,6,20,Missed Shot,Driving Floating Jump Shot,2PT Field Goal,In The Paint (Non-RA),Center(C),Less Than 8 ft.,4,-37,21,1,0,20251101,BOS,HOU,25000,0,1631169|1631199|1631248|1641775|1642864,0,REG,2026,1610612738,,,,,
22500146638,,Shot Chart Detail,22500146,638,1642864,Hugo González,1610612738,Boston Celtics,4,5,50,Missed Shot,Step Back Jump shot,3PT Field Goal,Above the Break 3,Left Side Center(LC),24+ ft.,28,-150,248,1,0,20251101,BOS,HOU,25300,0,1631199|1631248|1641775|1642864|1642873,0,REG,2026,1610612738,,,,,
22500146642,,Shot Chart Detail,22500146,642,1641775,Jordan Walsh,1610612738,Boston Celtics,4,5,30,Made Shot,Running Dunk Shot,2PT Field Goal,Restricted Area,Center(C),Less Than 8 ft.,1,-7,12,1,1,20251101,BOS,HOU,25500,0,1631199|1631248|1641775|1642864|1642873,1,REG,2026,1610612738,,,,,
22500146646,,Shot Chart Detail,22500146,646,1631199,Ron Harper Jr.,1610612738,Boston Celtics,4,5,6,Made Shot,Running Layup Shot,2PT Field Goal,Restricted Area,Center(C),Less Than 8 ft.,1,9,15,1,1,20251101,BOS,HOU,25740,0,1631199|1631248|1641775|1642864|1642873,1,REG,2026,1610612738,,,,,
22500146653,,Shot Chart Detail,22500146,653,1642864,Hugo González,1610612738,Boston Celtics,4,4,21,Made Shot,Pullup Jump shot,2PT Field Goal,Mid-Range,Right Side Center(RC),16-24 ft.,16,100,126,1,1,20251101,BOS,HOU,26190,0,1631199|1631248|1641775|1642864|1642873,0,REG,2026,1610612738,,,,,
22500146658,,Shot Chart Detail,22500146,658,1641775,Jordan Walsh,1610612738,Boston Celtics,4,3,53,Made Shot,Driving Layup Shot,2PT Field Goal,Restricted Area,Center(C),Less Than 8 ft.,1,18,8,1,1,20251101,BOS,HOU,26470,0,1631199|1631248|1641775|1642864|1642873,0,REG,2026,1610612738,,,,,
22500146667,,Shot Chart Detail,22500146,667,1642873,Amari Williams,1610612738,Boston Celtics,4,3,14,Missed Shot,Driving Layup Shot,2PT Field Goal,In The Paint (Non-RA),Center(C),Less Than 8 ft.,4,-39,23,1,0,20251101,BOS,HOU,26860,0,1631199|1631248|1641775|1642864|1642873,0,REG,2026,1610612738,,,,,
22500146674,,Shot Chart Detail,22500146,674,1631199,Ron Harper Jr.,1610612738,Boston Celtics,4,2,57,Missed Shot,Jump Shot,3PT Field Goal,Above the Break 3,Left Side Center(LC),24+ ft.,28,-131,253,1,0,20251101,BOS,HOU,27030,0,1631199|1631248|1641775|1642864|1642873,0,REG,2026,1610612738,,,,,
22500146676,,Shot Chart Detail,22500146,676,1631248,Baylor Scheierman,1610612738,Boston Celtics,4,2,56,Made Shot,Tip Layup Shot,2PT Field Goal,Restricted Area,Center(C),Less Than 8 ft.,0,0,0,1,1,20251101,BOS,HOU,27040,0,1631199|1631248|1641775|1642864|1642873,0,REG,2026,1610612738,,,,,
22500146679,,Shot Chart Detail,22500146,679,1642864,Hugo González,1610612738,Boston Celtics,4,2,27,Missed Shot,Layup Shot,2PT Field Goal,Restricted Area,Center(C),Less Than 8 ft.,3,36,15,1,0,20251101,BOS,HOU,27330,0,1631199|1631248|1641775|1642864|1642873,0,REG,2026,1610612738,,,,,
22500146688,,Shot Chart Detail,22500146,688,1641775,Jordan Walsh,1610612738,Boston Celtics,4,2,2,Missed Shot,Jump Shot,3PT Field Goal,Above the Break 3,Right Side Center(RC),24+ ft.,28,153,237,1,0,20251101,BOS,HOU,27580,0,1631199|1631248|1641775|1642864|1642873,0,REG,2026,1610612738,,,,,
22500146690,,Shot Chart Detail,22500146,690,1642873,Amari Williams,1610612738,Boston Celtics,4,1,48,Made Shot,Turnaround Hook Shot,2PT Field Goal,In The Paint (Non-RA),Center(C),Less Than 8 ft.,6,4,65,1,1,20251101,BOS,HOU,27720,0,1631199|1631248|1641775|1642864|1642873,1,REG,2026,1610612738,,,,,
22500146695,,Shot Chart Detail,22500146,695,1641775,Jordan Walsh,1610612738,Boston Celtics,4,1,25,Made Shot,Jump Shot,3PT Field Goal,Above the Break 3,Left Side Center(LC),24+ ft.,26,-185,184,1,1,20251101,BOS,HOU,27950,0,1631199|1631248|1641775|1642864|1642873,1,REG,2026,1610612738,,,,,
22500146699,,Shot Chart Detail,22500146,699,1641775,Jordan Walsh,1610612738,Boston Celtics,4,1,7,Made Shot,Jump Shot,3PT Field Goal,Above the Break 3,Left Side Center(LC),24+ ft.,26,-179,194,1,1,20251101,BOS,HOU,28130,0,1631199|1631248|1641775|1642864|1642873,1,REG,2026,1610612738,,,,,
22500146703,,Shot Chart Detail,22500146,703,1641775,Jordan Walsh,1610612738,Boston Celtics,4,0,39,Missed Shot,Running Alley Oop Dunk Shot,2PT Field Goal,Restricted Area,Center(C),Less Than 8 ft.,2,25,4,1,0,20251101,BOS,HOU,28410,0,1631199|1631248|1641775|1642864|1642873,0,REG,2026,1610612738,,,,,
2250015812,,Shot Chart Detail,22500158,12,1629674,Neemias Queta,1610612738,Boston Celtics,1,11,12,Made Shot,Cutting Layup Shot,2PT Field Goal,In The Paint (Non-RA),Center(C),Less Than 8 ft.,5,39,40,1,1,20251103,BOS,UTA,480,0,1627759|1628401|1629674|1630202|1631169,1,REG,2026,1610612738,,,,,
2250015816,,Shot Chart Detail,22500158,16,1628401,Derrick White,1610612738,Boston Celtics,1,10,52,Made Shot,Pullup Jump shot,3PT Field Goal,Above the Break 3,Center(C),24+ ft.,29,62,285,1,1,20251103,BOS,UTA,680,0,1627759|1628401|1629674|1630202|1631169,1,REG,2026,1610612738,,,,,
2250015820,,Shot Chart Detail,22500158,20,1627759,Jaylen Brown,1610612738,Boston Celtics,1,10,26,Made Shot,Turnaround Fadeaway shot,2PT Field Goal,Mid-Range,Right Side(R),8-16 ft.,14,98,111,1,1,20251103,BOS,UTA,940,0,1627759|1628401|1629674|1630202|1631169,0,REG,2026,1610612738,,,,,
2250015823,,Shot Chart Detail,22500158,23,1627759,Jaylen Brown,1610612738,Boston Celtics,1,10,3,Missed Shot,Jump Shot,3PT Field Goal,Above the Break 3,Center(C),24+ ft.,26,-26,267,1,0,20251103,BOS,UTA,1170,0,1627759|1628401|1629674|1630202|1631169,0,REG,2026,1610612738,,,,,
2250015827,,Shot Chart Detail,22500158,27,1630202,Payton Pritchard,1610612738,Boston Celtics,1,9,35,Made Shot,Jump Shot,3PT Field Goal,Above the Break 3,Right Side Center(RC),24+ ft.,24,210,131,1,1,20251103,BOS,UTA,1450,0,1627759|1628401|1629674|1630202|1631169,1,REG,2026,1610612738,,,,,
2250015831,,Shot Chart Detail,22500158,31,1627759,Jaylen Brown,1610612738,Boston Celtics,1,8,59,Missed Shot,Jump Shot,3PT Field Goal,Left Corner 3,Left Side(L),24+ ft.,24,-240,40,1,0,20251103,BOS,UTA,1810,0,1627759|1628401|1629674|1630202|1631169,0,REG,2026,1610612738,,,,,
2250015834,,Shot Chart Detail,22500158,34,1627759,Jaylen Brown,1610612738,Boston Celtics,1,8,10,Missed Shot,Jump Shot,3PT Field Goal,Above the Break 3,Left Side Center(LC),24+ ft.,26,-110,236,1,0,20251103,BOS,UTA,2300,0,1627759|1628401|1629674|1630202|1631169,0,REG,2026,1610612738,,,,,
2250015836,,Shot Chart Detail,22500158,36,1629674,Neemias Queta,1610612738,Boston Celtics,1,8,8,Made Shot,Putback Layup Shot,2PT Field Goal,Restricted Area,Center(C),Less Than 8 ft.,3,28,14,1,1,20251103,BOS,UTA,2320,0,1627759|1628401|1629674|1630202|1631169,0,REG,2026,1610612738,,,,,
2250015845,,Shot Chart Detail,22500158,45,1628401,Derrick White,1610612738,Boston Celtics,1,7,25,Missed Shot,Jump Shot,3PT Field Goal,Above the Break 3,Left Side Center(LC),24+ ft.,25,-123,225,1,0,20251103,BOS,UTA,2750,0,1627759|1628401|1629674|1630202|1631169,0,REG,2026,1610612738,,,,,
2250015854,,Shot Chart Detail,22500158,54,1630202,Payton Pritchard,1610612738,Boston Celtics,1,6,58,Made Shot,Turnaround Fadeaway shot,2PT Field Goal,In The Paint (Non-RA),Center(C),8-16 ft.,13,48,126,1,1,20251103,BOS,UTA,3020,0,1627759|1628401|1629674|1630202|1630573,0,REG,2026,1610612738,,,,,
2250015868,,Shot Chart Detail,22500158,68,1627759,Jaylen Brown,1610612738,Boston Celtics,1,6,26,Missed Shot,Jump Shot,3PT Field Goal,Above the Break 3,Center(C),24+ ft.,26,82,257,1,0,20251103,BOS,UTA,3340,0,1627759|1628401|1629014|1630568|1630573,0,REG,2026,1610612738,,,,,
2250015873,,Shot Chart Detail,22500158,73,1627759,Jaylen Brown,1610612738,Boston Celtics,1,5,53,Made Shot,Fadeaway Jump Shot,2PT Field Goal,Mid-Range,Right Side Center(RC),16-24 ft.,16,80,148,1,1,20251103,BOS,UTA,3670,0,1627759|1628401|1629014|1630568|1630573,1,REG,2026,1610612738,,,,,
2250015877,,Shot Chart Detail,22500158,77,1628401,Derrick White,1610612738,Boston Celtics,1,5,25,Missed Shot,Pullup Jump shot,3PT Field Goal,Right Corner 3,Right Side(R),24+ ft.,23,229,62,1,0,20251103,BOS,UTA,3950,0,1627759|1628401|1629014|1630568|1630573,0,REG,2026,1610612738,,,,,
2250015879,,Shot Chart Detail,22500158,79,1630573,Sam Hauser,1610612738,Boston Celtics,1,5,18,Made Shot,Jump Shot,3PT Field Goal,Above the Break 3,Left Side Center(LC),24+ ft.,27,-94,258,1,1,20251103,BOS,UTA,4020,0,1627759|1628401|1629014|1630568|1630573,1,REG,2026,1610612738,,,,,
2250015883,,Shot Chart Detail,22500158,83,1629014,Anfernee Simons,1610612738,Boston Celtics,1,4,43,Missed Shot,Jump Shot,3PT Field Goal,Above the Break 3,Center(C),24+ ft.,29,-86,279,1,0,20251103,BOS,UTA,4370,0,1627759|1628401|1629014|1630568|1630573,0,REG,2026,1610612738,,,,,
2250015896,,Shot Chart Detail,22500158,96,1627759,Jaylen Brown,1610612738,Boston Celtics,1,3,40,Missed Shot,Jump Shot,3PT Field Goal,Above the Break 3,Right Side Center(RC),24+ ft.,28,108,269,1,0,20251103,BOS,UTA,5000,0,1627759|1628401|1629014|1630568|1630573,0,REG,2026,1610612738,,,,,
22500158100,,Shot Chart Detail,22500158,100,1630573,Sam Hauser,1610612738,Boston Celtics,1,3,20,Missed Shot,Running Pull-Up Jump Shot,3PT Field Goal,Above the Break 3,Left Side Center(LC),24+ ft.,28,-121,258,1,0,20251103,BOS,UTA,5200,0,1627759|1628401|1629014|1630568|1630573,0,REG,2026,1610612738,,,,,
22500158123,,Shot Chart Detail,22500158,123,1630573,Sam Hauser,1610612738,Boston Celtics,1,2,4,Missed Shot,Jump Shot,3PT Field Goal,Above the Break 3,Center(C),24+ ft.,26,78,250,1,0,20251103,BOS,UTA,5960,0,1629014|1630202|1630214|1630573|1642864,0,REG,2026,1610612738,,,,,
22500158127,,Shot Chart Detail,22500158,127,1630202,Payton Pritchard,1610612738,Boston Celtics,1,1,50,Missed Shot,Running Pull-Up Jump Shot,3PT Field Goal,Above the Break 3,Right Side Center(RC),24+ ft.,25,119,220,1,0,20251103,BOS,UTA,6100,0,1629014|1630202|1630214|1630573|1642864,0,REG,2026,1610612738,,,,,
22500158136,,Shot Chart Detail,22500158,136,1629014,Anfernee Simons,1610612738,Boston Celtics,1,1,22,Missed Shot,Pullup Jump shot,3PT Field Goal,Above the Break 3,Right Side Center(RC),24+ ft.,27,105,250,1,0,20251103,BOS,UTA,6380,0,1629014|1630202|1630214|1630573|1642864,0,REG,2026,1610612738,,,,,
22500158142,,Shot Chart Detail,22500158,142,1630202,Payton Pritchard,1610612738,Boston Celtics,1,0,53,Missed Shot,Running Reverse Layup Shot,2PT Field Goal,In The Paint (Non-RA),Center(C),Less Than 8 ft.,4,-39,17,1,0,20251103,BOS,UTA,6670,0,1629014|1630202|1630214|1630573|1642864,0,REG,2026,1610612738,,,,,
22500158150,,Shot Chart Detail,22500158,150,1630214,Xavier Tillman,1610612738,Boston Celtics,1,0,15,Missed Shot,Jump Shot,3PT Field Goal,Above the Break 3,Left Side Center(LC),24+ ft.,25,-130,225,1,0,20251103,BOS,UTA,7050,0,1629014|1630202|1630214|1630573|1642864,0,REG,2026,1610612738,,,,,
22500158152,,Shot Chart Detail,22500158,152,1630202,Payton Pritchard,1610612738,Boston Celtics,1,0,11,Made Shot,Jump Shot,3PT Field Goal,Above the Break 3,Center(C),24+ ft.,26,25,267,1,1,20251103,BOS,UTA,7090,0,1629014|1630202|1630214|1630573|1642864,1,REG,2026,1610612738,,,,,
22500158163,,Shot Chart Detail,22500158,163,1629014,Anfernee Simons,1610612738,Boston Celtics,2,11,43,Missed Shot,Driving Hook Shot,2PT Field Goal,Mid-Range,Right Side(R),8-16 ft.,11,94,74,1,0,20251103,BOS,UTA,7370,0,1629014|1629674|1630202|1631248|1642864,0,REG,2026,1610612738,,,,,
22500158172,,Shot Chart Detail,22500158,172,1630202,Payton Pritchard,1610612738,Boston Celtics,2,10,58,Made Shot,Turnaround Fadeaway shot,2PT Field Goal,Mid-Range,Right Side(R),8-16 ft.,15,154,43,1,1,20251103,BOS,UTA,7820,0,1629014|1629674|1630202|1631248|1642864,0,REG,2026,1610612738,,,,,
22500158175,,Shot Chart Detail,22500158,175,1629014,Anfernee Simons,1610612738,Boston Celtics,2,10,23,Missed Shot,Pullup Jump shot,3PT Field Goal,Above the Break 3,Left Side Center(LC),24+ ft.,25,-115,226,1,0,20251103,BOS,UTA,8170,0,1629014|1629674|1630202|1631248|1642864,0,REG,2026,1610612738,,,,,
22500158193,,Shot Chart Detail,22500158,193,1631169,Josh Minott,1610612738,Boston Celtics,2,9,29,Missed Shot,Jump Shot,2PT Field Goal,Mid-Range,Left Side(L),8-16 ft.,13,-125,48,1,0,20251103,BOS,UTA,8710,0,1629014|1629674|1630202|1631169|1631248,0,REG,2026,1610612738,,,,,
22500158337,,Shot Chart Detail,22500158,337,1631169,Josh Minott,1610612738,Boston Celtics,2,9,26,Missed Shot,Fadeaway Jump Shot,2PT Field Goal,In The Paint (Non-RA),Center(C),Less Than 8 ft.,5,-34,49,1,0,20251103,BOS,UTA,8740,0,1629014|1629674|1630202|1631169|1631248,0,REG,2026,1610612738,,,,,
22500158197,,Shot Chart Detail,22500158,197,1631169,Josh Minott,1610612738,Boston Celtics,2,9,16,Missed Shot,Running Jump Shot,3PT Field Goal,Left Corner 3,Left Side(L),24+ ft.,23,-237,30,1,0,20251103,BOS,UTA,8840,0,1629014|1629674|1630202|1631169|1631248,0,REG,2026,1610612738,,,,,
22500158210,,Shot Chart Detail,22500158,210,1629014,Anfernee Simons,1610612738,Boston Celtics,2,8,32,Made Shot,Pullup Jump shot,2PT Field Goal,Mid-Range,Right Side Center(RC),16-24 ft.,16,83,147,1,1,20251103,BOS,UTA,9280,0,1627759|1629014|1629674|1630573|1631248,0,REG,2026,1610612738,,,,,
22500158213,,Shot Chart Detail,22500158,213,1627759,Jaylen Brown,1610612738,Boston Celtics,2,8,5,Made Shot,Running Finger Roll Layup Shot,2PT Field Goal,Restricted Area,Center(C),Less Than 8 ft.,1,-16,8,1,1,20251103,BOS,UTA,9550,0,1627759|1629014|1629674|1630573|1631248,0,REG,2026,1610612738,,,,,
22500158225,,Shot Chart Detail,22500158,225,1627759,Jaylen Brown,1610612738,Boston Celtics,2,7,36,Missed Shot,Running Pull-Up Jump Shot,2PT Field Goal,Mid-Range,Right Side Center(RC),16-24 ft.,17,103,143,1,0,20251103,BOS,UTA,9840,0,1627759|1629014|1629674|1630573|1631169,0,REG,2026,1610612738,,,,,
22500158229,,Shot Chart Detail,22500158,229,1627759,Jaylen Brown,1610612738,Boston Celtics,2,7,10,Made Shot,Driving Layup Shot,2PT Field Goal,In The Paint (Non-RA),Center(C),Less Than 8 ft.,4,32,26,1,1,20251103,BOS,UTA,10100,0,1627759|1629014|1629674|1630573|1631169,0,REG,2026,1610612738,,,,,
22500158235,,Shot Chart Detail,22500158,235,1629014,Anfernee Simons,1610612738,Boston Celtics,2,6,45,Made Shot,Running Pull-Up Jump Shot,3PT Field Goal,Above the Break 3,Center(C),24+ ft.,24,-26,245,1,1,20251103,BOS,UTA,10350,0,1627759|1629014|1629674|1630573|1631169,1,REG,2026,1610612738,,,,,
22500158241,,Shot Chart Detail,22500158,241,1629014,Anfernee Simons,1610612738,Boston Celtics,2,6,2,Made Shot,Jump Shot,3PT Field Goal,Above the Break 3,Center(C),24+ ft.,26,10,260,1,1,20251103,BOS,UTA,10780,0,1627759|1629014|1629674|1630573|1631169,1,REG,2026,1610612738,,,,,
22500158250,,Shot Chart Detail,22500158,250,1627759,Jaylen Brown,1610612738,Boston Celtics,2,5,22,Missed Shot,Fadeaway Jump Shot,2PT Field Goal,Mid-Range,Center(C),8-16 ft.,15,-29,153,1,0,20251103,BOS,UTA,11180,0,1627759|1629014|1629674|1630573|1631169,0,REG,2026,1610612738,,,,,
22500158254,,Shot Chart Detail,22500158,254,1629014,Anfernee Simons,1610612738,Boston Celtics,2,4,53,Missed Shot,Running Jump Shot,3PT Field Goal,Above the Break 3,Right Side Center(RC),24+ ft.,24,120,214,1,0,20251103,BOS,UTA,11470,0,1627759|1629014|1629674|1630573|1631169,0,REG,2026,1610612738,,,,,
22500158258,,Shot Chart Detail,22500158,258,1630573,Sam Hauser,1610612738,Boston Celtics,2,4,37,Missed Shot,Jump Shot,3PT Field Goal,Above the Break 3,Left Side Center(LC),24+ ft.,24,-173,179,1,0,20251103,BOS,UTA,11630,0,1627759|1629014|1629674|1630573|1631169,0,REG,2026,1610612738,,,,,
22500158267,,Shot Chart Detail,22500158,267,1627759,Jaylen Brown,1610612738,Boston Celtics,2,4,0,Missed Shot,Jump Shot,2PT Field Goal,Mid-Range,Center(C),8-16 ft.,15,-26,150,1,0,20251103,BOS,UTA,12000,0,1627759|1628401|1629014|1630214|1631169,0,REG,2026,1610612738,,,,,
22500158269,,Shot Chart Detail,22500158,269,1631169,Josh Minott,1610612738,Boston Celtics,2,3,56,Made Shot,Tip Dunk Shot,2PT Field Goal,Restricted Area,Center(C),Less Than 8 ft.,0,0,0,1,1,20251103,BOS,UTA,12040,0,1627759|1628401|1629014|1630214|1631169,0,REG,2026,1610612738,,,,,
22500158284,,Shot Chart Detail,22500158,284,1630202,Payton Pritchard,1610612738,Boston Celtics,2,3,1,Made Shot,Driving Finger Roll Layup Shot,2PT Field Goal,In The Paint (Non-RA),Center(C),Less Than 8 ft.,7,36,67,1,1,20251103,BOS,UTA,12590,0,1627759|1628401|1629674|1630202|1630573,1,REG,2026,1610612738,,,,,
22500158304,,Shot Chart Detail,22500158,304,1630573,Sam Hauser,1610612738,Boston Celtics,2,2,5,Missed Shot,Jump Shot,3PT Field Goal,Above the Break 3,Left Side Center(LC),24+ ft.,24,-191,157,1,0,20251103,BOS,UTA,13150,0,1627759|1628401|1630202|1630568|1630573,0,REG,2026,1610612738,,,,,
22500158309,,Shot Chart Detail,22500158,309,1628401,Derrick White,1610612738,Boston Celtics,2,1,45,Missed Shot,Pullup Jump shot,3PT Field Goal,Above the Break 3,Right Side Center(RC),24+ ft.,29,99,273,1,0,20251103,BOS,UTA,13350,0,1627759|1628401|1630202|1630568|1630573,0,REG,2026,1610612738,,,,,
22500158313,,Shot Chart Detail,22500158,313,1630202,Payton Pritchard,1610612738,Boston Celtics,2,1,27,Made Shot,Running Jump Shot,3PT Field Goal,Above the Break 3,Right Side Center(RC),24+ ft.,30,135,276,1,1,20251103,BOS,UTA,13530,0,1627759|1628401|1630202|1630568|1630573,1,REG,2026,1610612738,,,,,
22500158316,,Shot Chart Detail,22500158,316,1627759,Jaylen Brown,1610612738,Boston Celtics,2,0,47,Missed Shot,Pullup Jump shot,2PT Field Goal,Mid-Range,Left Side Center(LC),16-24 ft.,22,-125,186,1,0,20251103,BOS,UTA,13930,0,1627759|1628401|1630202|1630568|1630573,0,REG,2026,1610612738,,,,,
22500158323,,Shot Chart Detail,22500158,323,1630202,Payton Pritchard,1610612738,Boston Celtics,2,0,24,Missed Shot,Jump Shot,3PT Field Goal,Above the Break 3,Right Side Center(RC),24+ ft.,25,223,114,1,0,20251103,BOS,UTA,14160,0,1627759|1628401|1630202|1630568|1630573,0,REG,2026,1610612738,,,,,
22500158353,,Shot Chart Detail,22500158,353,1630573,Sam Hauser,1610612738,Boston Celtics,3,11,20,Missed Shot,Jump Shot,3PT Field Goal,Right Corner 3,Right Side(R),24+ ft.,23,234,11,1,0,20251103,BOS,UTA,14800,0,1627759|1628401|1629674|1630202|1630573,0,REG,2026,1610612738,,,,,
22500158356,,Shot Chart Detail,22500158,356,1627759,Jaylen Brown,1610612738,Boston Celtics,3,11,8,Missed Shot,Pullup Jump shot,2PT Field Goal,Mid-Range,Left Side Center(LC),16-24 ft.,16,-58,157,1,0,20251103,BOS,UTA,14920,0,1627759|1628401|1629674|1630202|1630573,0,REG,2026,1610612738,,,,,
22500158360,,Shot Chart Detail,22500158,360,1627759,Jaylen Brown,1610612738,Boston Celtics,3,10,39,Made Shot,Driving Finger Roll Layup Shot,2PT Field Goal,Restricted Area,Center(C),Less Than 8 ft.,1,13,5,1,1,20251103,BOS,UTA,15210,0,1627759|1628401|1629674|1630202|1630573,0,REG,2026,1610612738,,,,,
22500158366,,Shot Chart Detail,22500158,366,1627759,Jaylen Brown,1610612738,Boston Celtics,3,10,21,Missed Shot,Driving Layup Shot,2PT Field Goal,In The Paint (Non-RA),Center(C),Less Than 8 ft.,4,45,12,1,0,20251103,BOS,UTA,15390,0,1627759|1628401|1629674|1630202|1630573,0,REG,2026,1610612738,,,,,
22500158370,,Shot Chart Detail,22500158,370,1629674,Neemias Queta,1610612738,Boston Celtics,3,9,51,Made Shot,Floating Jump shot,2PT Field Goal,In The Paint (Non-RA),Center(C),Less Than 8 ft.,4,-36,31,1,1,20251103,BOS,UTA,15690,0,1627759|1628401|1629674|1630202|1630573,1,REG,2026,1610612738,,,,,
22500158378,,Shot Chart Detail,22500158,378,1630573,Sam Hauser,1610612738,Boston Celtics,3,9,32,Missed Shot,Running Jump Shot,3PT Field Goal,Above the Break 3,Center(C),24+ ft.,25,62,251,1,0,20251103,BOS,UTA,15880,0,1627759|1628401|1629674|1630202|1630573,0,REG,2026,1610612738,,,,,
22500158382,,Shot Chart Detail,22500158,382,1627759,Jaylen Brown,1610612738,Boston Celtics,3,9,1,Made Shot,Fadeaway Jump Shot,2PT Field Goal,Mid-Range,Center(C),8-16 ft.,15,53,144,1,1,20251103,BOS,UTA,16190,0,1627759|1628401|1629674|1630202|1630573,0,REG,2026,1610612738,,,,,
22500158393,,Shot Chart Detail,22500158,393,1627759,Jaylen Brown,1610612738,Boston Celtics,3,8,33,Made Shot,Driving Layup Shot,2PT Field Goal,Restricted Area,Center(C),Less Than 8 ft.,2,-18,13,1,1,20251103,BOS,UTA,16470,0,1627759|1628401|1630202|1630568|1631248,1,REG,2026,1610612738,,,,,
22500158409,,Shot Chart Detail,22500158,409,1628401,Derrick White,1610612738,Boston Celtics,3,7,41,Missed Shot,Pullup Jump shot,3PT Field Goal,Above the Break 3,Left Side Center(LC),24+ ft.,27,-142,230,1,0,20251103,BOS,UTA,16990,0,1627759|1628401|1629014|1630568|1642864,0,REG,2026,1610612738,,,,,
22500158414,,Shot Chart Detail,22500158,414,1630568,Luka Garza,1610612738,Boston Celtics,3,7,17,Missed Shot,Jump Shot,3PT Field Goal,Above the Break 3,Center(C),24+ ft.,25,-34,257,1,0,20251103,BOS,UTA,17230,0,1627759|1628401|1629014|1630568|1642864,0,REG,2026,1610612738,,,,,
22500158428,,Shot Chart Detail,22500158,428,1629014,Anfernee Simons,1610612738,Boston Celtics,3,6,28,Made Shot,Pullup Jump shot,2PT Field Goal,In The Paint (Non-RA),Right Side(R),8-16 ft.,10,76,74,1,1,20251103,BOS,UTA,17720,0,1627759|1628401|1629014|1630214|1642864,0,REG,2026,1610612738,,,,,
22500158431,,Shot Chart Detail,22500158,431,1642864,Hugo González,1610612738,Boston Celtics,3,6,2,Made Shot,Running Finger Roll Layup Shot,2PT Field Goal,Restricted Area,Center(C),Less Than 8 ft.,1,-15,1,1,1,20251103,BOS,UTA,17980,0,1627759|1628401|1629014|1630214|1642864,1,REG,2026,1610612738,,,,,
22500158435,,Shot Chart Detail,22500158,435,1627759,Jaylen Brown,1610612738,Boston Celtics,3,5,37,Missed Shot,Jump Shot,3PT Field Goal,Above the Break 3,Right Side Center(RC),24+ ft.,25,87,239,1,0,20251103,BOS,UTA,18230,0,1627759|1628401|1629014|1630214|1642864,0,REG,2026,1610612738,,,,,
22500158444,,Shot Chart Detail,22500158,444,1628401,Derrick White,1610612738,Boston Celtics,3,5,6,Missed Shot,Driving Layup Shot,2PT Field Goal,In The Paint (Non-RA),Center(C),Less Than 8 ft.,5,49,13,1,0,20251103,BOS,UTA,18540,0,1628401|1629014|1630214|1631169|1642864,0,REG,2026,1610612738,,,,,
22500158454,,Shot Chart Detail,22500158,454,1629014,Anfernee Simons,1610612738,Boston Celtics,3,4,39,Missed Shot,Jump Shot,3PT Field Goal,Above the Break 3,Left Side Center(LC),24+ ft.,28,-107,268,1,0,20251103,BOS,UTA,18810,0,1628401|1629014|1630214|1631169|1642864,0,REG,2026,1610612738,,,,,
22500158467,,Shot Chart Detail,22500158,467,1630202,Payton Pritchard,1610612738,Boston Celtics,3,4,12,Missed Shot,Pullup Jump shot,3PT Field Goal,Above the Break 3,Center(C),24+ ft.,27,58,270,1,0,20251103,BOS,UTA,19080,0,1628401|1629674|1630202|1630573|1631248,0,REG,2026,1610612738,,,,,
22500158485,,Shot Chart Detail,22500158,485,1627759,Jaylen Brown,1610612738,Boston Celtics,3,2,59,Made Shot,Driving Finger Roll Layup Shot,2PT Field Goal,In The Paint (Non-RA),Center(C),Less Than 8 ft.,4,-39,11,1,1,20251103,BOS,UTA,19810,0,1627759|1628449|1629014|1630202|1631248,0,REG,2026,1610612738,,,,,
22500158488,,Shot Chart Detail,22500158,488,1627759,Jaylen Brown,1610612738,Boston Celtics,3,2,46,Made Shot,Running Layup Shot,2PT Field Goal,Restricted Area,Center(C),Less Than 8 ft.,2,18,15,1,1,20251103,BOS,UTA,19940,0,1627759|1628449|1629014|1630202|1631248,0,REG,2026,1610612738,,,,,
22500158504,,Shot Chart Detail,22500158,504,1627759,Jaylen Brown,1610612738,Boston Celtics,3,2,21,Missed Shot,Running Pull-Up Jump Shot,3PT Field Goal,Above the Break 3,Left Side Center(LC),24+ ft.,26,-112,235,1,0,20251103,BOS,UTA,20190,0,1627759|1628449|1629014|1629674|1630202,0,REG,2026,1610612738,,,,,
22500158508,,Shot Chart Detail,22500158,508,1629014,Anfernee Simons,1610612738,Boston Celtics,3,1,59,Missed Shot,Running Finger Roll Layup Shot,2PT Field Goal,Restricted Area,Center(C),Less Than 8 ft.,3,-22,22,1,0,20251103,BOS,UTA,20410,0,1627759|1628449|1629014|1629674|1630202,0,REG,2026,1610612738,,,,,
22500158513,,Shot Chart Detail,22500158,513,1628449,Chris Boucher,1610612738,Boston Celtics,3,1,44,Made Shot,Running Pull-Up Jump Shot,3PT Field Goal,Above the Break 3,Right Side Center(RC),24+ ft.,25,135,221,1,1,20251103,BOS,UTA,20560,0,1627759|1628449|1629014|1629674|1630202,1,REG,2026,1610612738,,,,,
22500158517,,Shot Chart Detail,22500158,517,1630202,Payton Pritchard,1610612738,Boston Celtics,3,1,0,Missed Shot,Step Back Jump shot,3PT Field Goal,Above the Break 3,Right Side Center(RC),24+ ft.,24,109,223,1,0,20251103,BOS,UTA,21000,0,1627759|1628449|1629014|1629674|1630202,0,REG,2026,1610612738,,,,,
22500158535,,Shot Chart Detail,22500158,535,1627759,Jaylen Brown,1610612738,Boston Celtics,3,0,2,Missed Shot,Pullup Jump shot,3PT Field Goal,Above the Break 3,Right Side Center(RC),24+ ft.,25,138,217,1,0,20251103,BOS,UTA,21580,0,1627759|1628449|1629014|1629674|1630202,0,REG,2026,1610612738,,,,,
22500158552,,Shot Chart Detail,22500158,552,1629014,Anfernee Simons,1610612738,Boston Celtics,4,11,28,Missed Shot,Step Back Jump shot,3PT Field Goal,Above the Break 3,Center(C),24+ ft.,26,-65,257,1,0,20251103,BOS,UTA,21920,0,1627759|1629014|1630202|1630568|1631169,0,REG,2026,1610612738,,,,,
22500158558,,Shot Chart Detail,22500158,558,1631169,Josh Minott,1610612738,Boston Celtics,4,10,54,Missed Shot,Jump Shot,3PT Field Goal,Left Corner 3,Left Side(L),24+ ft.,24,-233,64,1,0,20251103,BOS,UTA,22260,0,1627759|1629014|1630202|1630568|1631169,0,REG,2026,1610612738,,,,,
22500158561,,Shot Chart Detail,22500158,561,1630202,Payton Pritchard,1610612738,Boston Celtics,4,10,19,Missed Shot,Jump Shot,3PT Field Goal,Above the Break 3,Center(C),24+ ft.,27,-33,277,1,0,20251103,BOS,UTA,22610,0,1627759|1629014|1630202|1630568|1631169,0,REG,2026,1610612738,,,,,
22500158563,,Shot Chart Detail,22500158,563,1629014,Anfernee Simons,1610612738,Boston Celtics,4,10,13,Made Shot,Driving Floating Jump Shot,2PT Field Goal,Mid-Range,Right Side(R),8-16 ft.,12,124,25,1,1,20251103,BOS,UTA,22670,0,1627759|1629014|1630202|1630568|1631169,0,REG,2026,1610612738,,,,,
22500158571,,Shot Chart Detail,22500158,571,1630568,Luka Garza,1610612738,Boston Celtics,4,9,40,Missed Shot,Jump Shot,3PT Field Goal,Above the Break 3,Center(C),24+ ft.,26,-76,257,1,0,20251103,BOS,UTA,23000,0,1628401|1629014|1630202|1630568|1631169,0,REG,2026,1610612738,,,,,
22500158587,,Shot Chart Detail,22500158,587,1630202,Payton Pritchard,1610612738,Boston Celtics,4,8,27,Missed Shot,Jump Shot,3PT Field Goal,Above the Break 3,Right Side Center(RC),24+ ft.,25,116,226,1,0,20251103,BOS,UTA,23730,0,1628401|1629014|1629674|1630202|1631169,0,REG,2026,1610612738,,,,,
22500158589,,Shot Chart Detail,22500158,589,1629674,Neemias Queta,1610612738,Boston Celtics,4,8,18,Made Shot,Floating Jump shot,2PT Field Goal,Restricted Area,Center(C),Less Than 8 ft.,2,-22,6,1,1,20251103,BOS,UTA,23820,0,1628401|1629014|1629674|1630202|1631169,1,REG,2026,1610612738,,,,,
22500158617,,Shot Chart Detail,22500158,617,1628401,Derrick White,1610612738,Boston Celtics,4,7,1,Made Shot,Jump Shot,3PT Field Goal,Above the Break 3,Right Side Center(RC),24+ ft.,27,108,252,1,1,20251103,BOS,UTA,24590,0,1627759|1628401|1628449|1630202|1630573,1,REG,2026,1610612738,,,,,
22500158623,,Shot Chart Detail,22500158,623,1630202,Payton Pritchard,1610612738,Boston Celtics,4,6,30,Made Shot,Jump Shot,3PT Field Goal,Above the Break 3,Right Side Center(RC),24+ ft.,25,207,148,1,1,20251103,BOS,UTA,24900,0,1627759|1628401|1628449|1630202|1630573,1,REG,2026,1610612738,,,,,
22500158635,,Shot Chart Detail,22500158,635,1628449,Chris Boucher,1610612738,Boston Celtics,4,5,46,Made Shot,Cutting Layup Shot,2PT Field Goal,Restricted Area,Center(C),Less Than 8 ft.,1,15,10,1,1,20251103,BOS,UTA,25340,0,1627759|1628401|1628449|1630202|1630573,1,REG,2026,1610612738,,,,,
22500158639,,Shot Chart Detail,22500158,639,1627759,Jaylen Brown,1610612738,Boston Celtics,4,5,13,Made Shot,Driving Hook Shot,2PT Field Goal,Restricted Area,Center(C),Less Than 8 ft.,2,9,28,1,1,20251103,BOS,UTA,25670,0,1627759|1628401|1628449|1630202|1630573,0,REG,2026,1610612738,,,,,
22500158651,,Shot Chart Detail,22500158,651,1630202,Payton Pritchard,1610612738,Boston Celtics,4,4,48,Missed Shot,Jump Shot,3PT Field Goal,Above the Break 3,Right Side Center(RC),24+ ft.,26,108,246,1,0,20251103,BOS,UTA,25920,0,1627759|1628401|1628449|1630202|1630573,0,REG,2026,1610612738,,,,,
22500158655,,Shot Chart Detail,22500158,655,1628449,Chris Boucher,1610612738,Boston Celtics,4,4,22,Missed Shot,Jump Shot,3PT Field Goal,Above the Break 3,Right Side Center(RC),24+ ft.,24,94,230,1,0,20251103,BOS,UTA,26180,0,1627759|1628401|1628449|1630202|1630573,0,REG,2026,1610612738,,,,,
22500158662,,Shot Chart Detail,22500158,662,1628401,Derrick White,1610612738,Boston Celtics,4,3,50,Missed Shot,Pullup Jump shot,3PT Field Goal,Above the Break 3,Right Side Center(RC),24+ ft.,25,103,230,1,0,20251103,BOS,UTA,26500,0,1627759|1628401|1629674|1630202|1630573,0,REG,2026,1610612738,,,,,
22500158669,,Shot Chart Detail,22500158,669,1627759,Jaylen Brown,1610612738,Boston Celtics,4,3,26,Missed Shot,Jump Shot,3PT Field Goal,Above the Break 3,Right Side Center(RC),24+ ft.,26,131,236,1,0,20251103,BOS,UTA,26740,0,1627759|1628401|1629674|1630202|1630573,0,REG,2026,1610612738,,,,,
22500158673,,Shot Chart Detail,22500158,673,1630573,Sam Hauser,1610612738,Boston Celtics,4,2,51,Missed Shot,Jump Shot,3PT Field Goal,Above the Break 3,Right Side Center(RC),24+ ft.,26,157,212,1,0,20251103,BOS,UTA,27090,0,1627759|1628401|1629674|1630202|1630573,0,REG,2026,1610612738,,,,,
22500158682,,Shot Chart Detail,22500158,682,1627759,Jaylen Brown,1610612738,Boston Celtics,4,2,37,Made Shot,Driving Finger Roll Layup Shot,2PT Field Goal,Restricted Area,Center(C),Less Than 8 ft.,2,-27,12,1,1,20251103,BOS,UTA,27230,0,1627759|1628401|1629674|1630202|1630573,0,REG,2026,1610612738,,,,,
22500158685,,Shot Chart Detail,22500158,685,1627759,Jaylen Brown,1610612738,Boston Celtics,4,2,20,Made Shot,Running Finger Roll Layup Shot,2PT Field Goal,Restricted Area,Center(C),Less Than 8 ft.,1,-7,12,1,1,20251103,BOS,UTA,27400,0,1627759|1628401|1629674|1630202|1630573,1,REG,2026,1610612738,,,,,
22500158694,,Shot Chart Detail,22500158,694,1628401,Derrick White,1610612738,Boston Celtics,4,1,54,Made Shot,Pullup Jump shot,3PT Field Goal,Above the Break 3,Left Side Center(LC),24+ ft.,26,-153,212,1,1,20251103,BOS,UTA,27660,0,1627759|1628401|1629674|1630202|1630573,1,REG,2026,1610612738,,,,,
22500158701,,Shot Chart Detail,22500158,701,1627759,Jaylen Brown,1610612738,Boston Celtics,4,1,24,Made Shot,Pullup Jump shot,2PT Field Goal,In The Paint (Non-RA),Center(C),8-16 ft.,8,-9,86,1,1,20251103,BOS,UTA,27960,0,1627759|1628401|1629674|1630202|1630573,1,REG,2026,1610612738,,,,,
2250017414,,Shot Chart Detail,22500174,14,1629674,Neemias Queta,1610612738,Boston Celtics,1,11,27,Made Shot,Cutting Dunk Shot,2PT Field Goal,Restricted Area,Center(C),Less Than 8 ft.,0,-2,8,1,1,20251105,BOS,WAS,330,0,1627759|1628401|1629674|1630202|1631169,1,REG,2026,1610612738,,,,,
2250017422,,Shot Chart Detail,22500174,22,1627759,Jaylen Brown,1610612738,Boston Celtics,1,10,50,Made Shot,Step Back Jump shot,2PT Field Goal,Mid-Range,Left Side Center(LC),16-24 ft.,17,-88,152,1,1,20251105,BOS,WAS,700,0,1627759|1628401|1629014|1629674|1631169,0,REG,2026,1610612738,,,,,
2250017424,,Shot Chart Detail,22500174,24,1627759,Jaylen Brown,1610612738,Boston Celtics,1,10,28,Missed Shot,Pullup Jump shot,3PT Field Goal,Above the Break 3,Left Side Center(LC),24+ ft.,26,-121,231,1,0,20251105,BOS,WAS,920,0,1627759|1628401|1629014|1629674|1631169,0,REG,2026,1610612738,,,,,
2250017431,,Shot Chart Detail,22500174,31,1628401,Derrick White,1610612738,Boston Celtics,1,9,53,Missed Shot,Pullup Jump shot,3PT Field Goal,Above the Break 3,Left Side Center(LC),24+ ft.,25,-118,231,1,0,20251105,BOS,WAS,1270,0,1627759|1628401|1629014|1629674|1631169,0,REG,2026,1610612738,,,,,
2250017435,,Shot Chart Detail,22500174,35,1627759,Jaylen Brown,1610612738,Boston Celtics,1,9,32,Made Shot,Driving Floating Jump Shot,2PT Field Goal,In The Paint (Non-RA),Center(C),Less Than 8 ft.,5,-32,50,1,1,20251105,BOS,WAS,1480,0,1627759|1628401|1629014|1629674|1631169,1,REG,2026,1610612738,,,,,
2250017443,,Shot Chart Detail,22500174,43,1627759,Jaylen Brown,1610612738,Boston Celtics,1,9,3,Made Shot,Pullup Jump shot,2PT Field Goal,Mid-Range,Center(C),16-24 ft.,18,2,188,1,1,20251105,BOS,WAS,1770,0,1627759|1628401|1629014|1629674|1631169,1,REG,2026,1610612738,,,,,
2250017447,,Shot Chart Detail,22500174,47,1627759,Jaylen Brown,1610612738,Boston Celtics,1,8,36,Missed Shot,Driving Dunk Shot,2PT Field Goal,Restricted Area,Center(C),Less Than 8 ft.,1,4,13,1,0,20251105,BOS,WAS,2040,0,1627759|1628401|1629014|1629674|1631169,0,REG,2026,1610612738,,,,,
2250017458,,Shot Chart Detail,22500174,58,1629674,Neemias Queta,1610612738,Boston Celtics,1,8,8,Made Shot,Layup Shot,2PT Field Goal,Restricted Area,Center(C),Less Than 8 ft.,2,27,6,1,1,20251105,BOS,WAS,2320,0,1627759|1628401|1629014|1629674|1631169,1,REG,2026,1610612738,,,,,
2250017461,,Shot Chart Detail,22500174,61,1629014,Anfernee Simons,1610612738,Boston Celtics,1,7,41,Missed Shot,Jump Shot,3PT Field Goal,Right Corner 3,Right Side(R),24+ ft.,24,225,85,1,0,20251105,BOS,WAS,2590,0,1627759|1628401|1629014|1629674|1631169,0,REG,2026,1610612738,,,,,
2250017472,,Shot Chart Detail,22500174,72,1627759,Jaylen Brown,1610612738,Boston Celtics,1,7,9,Missed Shot,Driving Floating Jump Shot,2PT Field Goal,Mid-Range,Left Side(L),8-16 ft.,9,-81,52,1,0,20251105,BOS,WAS,2910,0,1627759|1628401|1629014|1630568|1630573,0,REG,2026,1610612738,,,,,
2250017477,,Shot Chart Detail,22500174,77,1627759,Jaylen Brown,1610612738,Boston Celtics,1,6,40,Made Shot,Driving Layup Shot,2PT Field Goal,Restricted Area,Center(C),Less Than 8 ft.,2,7,28,1,1,20251105,BOS,WAS,3200,0,1627759|1628401|1629014|1630568|1630573,0,REG,2026,1610612738,,,,,
2250017481,,Shot Chart Detail,22500174,81,1627759,Jaylen Brown,1610612738,Boston Celtics,1,6,4,Made Shot,Step Back Jump shot,2PT Field Goal,Mid-Range,Right Side Center(RC),16-24 ft.,17,100,148,1,1,20251105,BOS,WAS,3560,0,1627759|1628401|1629014|1630568|1630573,1,REG,2026,1610612738,,,,,
2250017490,,Shot Chart Detail,22500174,90,1628401,Derrick White,1610612738,Boston Celtics,1,5,41,Missed Shot,Jump Shot,3PT Field Goal,Above the Break 3,Center(C),24+ ft.,27,55,268,1,0,20251105,BOS,WAS,3790,0,1627759|1628401|1629014|1630568|1630573,0,REG,2026,1610612738,,,,,
2250017492,,Shot Chart Detail,22500174,92,1629014,Anfernee Simons,1610612738,Boston Celtics,1,5,28,Missed Shot,Pullup Jump shot,3PT Field Goal,Above the Break 3,Left Side Center(LC),24+ ft.,27,-104,252,1,0,20251105,BOS,WAS,3920,0,1627759|1628401|1629014|1630568|1630573,0,REG,2026,1610612738,,,,,
22500174103,,Shot Chart Detail,22500174,103,1627759,Jaylen Brown,1610612738,Boston Celtics,1,5,3,Missed Shot,Cutting Layup Shot,2PT Field Goal,In The Paint (Non-RA),Center(C),Less Than 8 ft.,6,61,10,1,0,20251105,BOS,WAS,4170,0,1627759|1628401|1629014|1630568|1630573,0,REG,2026,1610612738,,,,,
22500174106,,Shot Chart Detail,22500174,106,1627759,Jaylen Brown,1610612738,Boston Celtics,1,4,59,Made Shot,Tip Layup Shot,2PT Field Goal,Restricted Area,Center(C),Less Than 8 ft.,0,0,0,1,1,20251105,BOS,WAS,4210,0,1627759|1628401|1629014|1630568|1630573,0,REG,2026,1610612738,,,,,
22500174108,,Shot Chart Detail,22500174,108,1627759,Jaylen Brown,1610612738,Boston Celtics,1,4,39,Made Shot,Pullup Jump shot,2PT Field Goal,Mid-Range,Left Side Center(LC),16-24 ft.,17,-83,151,1,1,20251105,BOS,WAS,4410,0,1627759|1628401|1629014|1630568|1630573,0,REG,2026,1610612738,,,,,
22500174120,,Shot Chart Detail,22500174,120,1630573,Sam Hauser,1610612738,Boston Celtics,1,4,11,Missed Shot,Jump Shot,3PT Field Goal,Right Corner 3,Right Side(R),24+ ft.,22,224,32,1,0,20251105,BOS,WAS,4690,0,1627759|1629014|1630568|1630573|1642864,0,REG,2026,1610612738,,,,,
22500174132,,Shot Chart Detail,22500174,132,1630573,Sam Hauser,1610612738,Boston Celtics,1,3,14,Missed Shot,Jump Shot,3PT Field Goal,Above the Break 3,Right Side Center(RC),24+ ft.,24,123,215,1,0,20251105,BOS,WAS,5260,0,1627759|1629014|1630568|1630573|1642864,0,REG,2026,1610612738,,,,,
22500174142,,Shot Chart Detail,22500174,142,1629014,Anfernee Simons,1610612738,Boston Celtics,1,2,49,Missed Shot,Pullup Jump shot,3PT Field Goal,Above the Break 3,Right Side Center(RC),24+ ft.,25,123,222,1,0,20251105,BOS,WAS,5510,0,1629014|1630568|1630573|1641775|1642864,0,REG,2026,1610612738,,,,,
22500174146,,Shot Chart Detail,22500174,146,1630568,Luka Garza,1610612738,Boston Celtics,1,2,24,Missed Shot,Turnaround Hook Shot,2PT Field Goal,In The Paint (Non-RA),Center(C),Less Than 8 ft.,6,58,36,1,0,20251105,BOS,WAS,5760,0,1629014|1630568|1630573|1641775|1642864,0,REG,2026,1610612738,,,,,
22500174151,,Shot Chart Detail,22500174,151,1629014,Anfernee Simons,1610612738,Boston Celtics,1,1,57,Missed Shot,Driving Floating Jump Shot,2PT Field Goal,In The Paint (Non-RA),Left Side(L),8-16 ft.,12,-72,106,1,0,20251105,BOS,WAS,6030,0,1629014|1630568|1630573|1641775|1642864,0,REG,2026,1610612738,,,,,
22500174164,,Shot Chart Detail,22500174,164,1631169,Josh Minott,1610612738,Boston Celtics,1,1,30,Made Shot,Jump Shot,3PT Field Goal,Above the Break 3,Center(C),24+ ft.,26,-27,267,1,1,20251105,BOS,WAS,6300,0,1630202|1631169|1631248|1641775|1642864,1,REG,2026,1610612738,,,,,
22500174171,,Shot Chart Detail,22500174,171,1631169,Josh Minott,1610612738,Boston Celtics,1,0,54,Made Shot,Jump Shot,3PT Field Goal,Above the Break 3,Center(C),24+ ft.,27,-65,263,1,1,20251105,BOS,WAS,6660,0,1630202|1631169|1631248|1641775|1642864,1,REG,2026,1610612738,,,,,
22500174176,,Shot Chart Detail,22500174,176,1631248,Baylor Scheierman,1610612738,Boston Celtics,1,0,19,Missed Shot,Jump Shot,3PT Field Goal,Above the Break 3,Center(C),24+ ft.,26,80,253,1,0,20251105,BOS,WAS,7010,0,1630202|1631169|1631248|1641775|1642864,0,REG,2026,1610612738,,,,,
22500174179,,Shot Chart Detail,22500174,179,1642864,Hugo González,1610612738,Boston Celtics,1,0,1,Missed Shot,Driving Floating Jump Shot,2PT Field Goal,In The Paint (Non-RA),Center(C),Less Than 8 ft.,6,45,42,1,0,20251105,BOS,WAS,7190,0,1630202|1631169|1631248|1641775|1642864,0,REG,2026,1610612738,,,,,
22500174191,,Shot Chart Detail,22500174,191,1630202,Payton Pritchard,1610612738,Boston Celtics,2,11,41,Missed Shot,Step Back Jump shot,2PT Field Goal,Mid-Range,Right Side Center(RC),16-24 ft.,22,89,211,1,0,20251105,BOS,WAS,7390,0,1628401|1629674|1630202|1631169|1641775,0,REG,2026,1610612738,,,,,
22500174193,,Shot Chart Detail,22500174,193,1629674,Neemias Queta,1610612738,Boston Celtics,2,11,31,Made Shot,Cutting Dunk Shot,2PT Field Goal,Restricted Area,Center(C),Less Than 8 ft.,1,-4,12,1,1,20251105,BOS,WAS,7490,0,1628401|1629674|1630202|1631169|1641775,1,REG,2026,1610612738,,,,,
22500174197,,Shot Chart Detail,22500174,197,1641775,Jordan Walsh,1610612738,Boston Celtics,2,11,6,Made Shot,Running Layup Shot,2PT Field Goal,In The Paint (Non-RA),Center(C),Less Than 8 ft.,4,40,16,1,1,20251105,BOS,WAS,7740,0,1628401|1629674|1630202|1631169|1641775,1,REG,2026,1610612738,,,,,
22500174204,,Shot Chart Detail,22500174,204,1630202,Payton Pritchard,1610612738,Boston Celtics,2,10,34,Made Shot,Pullup Jump shot,2PT Field Goal,Mid-Range,Left Side Center(LC),16-24 ft.,19,-123,157,1,1,20251105,BOS,WAS,8060,0,1628401|1629674|1630202|1631169|1641775,0,REG,2026,1610612738,,,,,
22500174208,,Shot Chart Detail,22500174,208,1628401,Derrick White,1610612738,Boston Celtics,2,10,15,Missed Shot,Running Layup Shot,2PT Field Goal,In The Paint (Non-RA),Right Side(R),8-16 ft.,8,77,29,1,0,20251105,BOS,WAS,8250,0,1628401|1629674|1630202|1631169|1641775,0,REG,2026,1610612738,,,,,
22500174211,,Shot Chart Detail,22500174,211,1630202,Payton Pritchard,1610612738,Boston Celtics,2,10,8,Made Shot,Pullup Jump shot,3PT Field Goal,Above the Break 3,Center(C),24+ ft.,30,-5,304,1,1,20251105,BOS,WAS,8320,0,1628401|1629674|1630202|1631169|1641775,1,REG,2026,1610612738,,,,,
22500174216,,Shot Chart Detail,22500174,216,1630202,Payton Pritchard,1610612738,Boston Celtics,2,9,36,Missed Shot,Pullup Jump shot,3PT Field Goal,Above the Break 3,Center(C),24+ ft.,26,-71,252,1,0,20251105,BOS,WAS,8640,0,1628401|1629674|1630202|1631169|1641775,0,REG,2026,1610612738,,,,,
22500174220,,Shot Chart Detail,22500174,220,1628401,Derrick White,1610612738,Boston Celtics,2,9,15,Made Shot,Pullup Jump shot,3PT Field Goal,Above the Break 3,Right Side Center(RC),24+ ft.,25,150,204,1,1,20251105,BOS,WAS,8850,0,1628401|1629674|1630202|1631169|1641775,1,REG,2026,1610612738,,,,,
22500174223,,Shot Chart Detail,22500174,223,1630202,Payton Pritchard,1610612738,Boston Celtics,2,8,36,Made Shot,Pullup Jump shot,2PT Field Goal,In The Paint (Non-RA),Center(C),8-16 ft.,10,4,109,1,1,20251105,BOS,WAS,9240,0,1628401|1629674|1630202|1631169|1641775,0,REG,2026,1610612738,,,,,
22500174231,,Shot Chart Detail,22500174,231,1629674,Neemias Queta,1610612738,Boston Celtics,2,7,24,Made Shot,Alley Oop Dunk Shot,2PT Field Goal,Restricted Area,Center(C),Less Than 8 ft.,0,4,5,1,1,20251105,BOS,WAS,9960,0,1628401|1629674|1630202|1631169|1641775,1,REG,2026,1610612738,,,,,
22500174248,,Shot Chart Detail,22500174,248,1627759,Jaylen Brown,1610612738,Boston Celtics,2,6,46,Made Shot,Fadeaway Jump Shot,2PT Field Goal,In The Paint (Non-RA),Center(C),8-16 ft.,10,-36,101,1,1,20251105,BOS,WAS,10340,0,1627759|1628401|1629674|1630202|1641775,0,REG,2026,1610612738,,,,,
22500174252,,Shot Chart Detail,22500174,252,1628401,Derrick White,1610612738,Boston Celtics,2,6,7,Missed Shot,Pullup Jump shot,3PT Field Goal,Above the Break 3,Right Side Center(RC),24+ ft.,26,85,246,1,0,20251105,BOS,WAS,10730,0,1627759|1628401|1629674|1630202|1641775,0,REG,2026,1610612738,,,,,
22500174256,,Shot Chart Detail,22500174,256,1630202,Payton Pritchard,1610612738,Boston Celtics,2,5,44,Made Shot,Jump Shot,3PT Field Goal,Above the Break 3,Left Side Center(LC),24+ ft.,26,-191,180,1,1,20251105,BOS,WAS,10960,0,1627759|1628401|1629674|1630202|1641775,1,REG,2026,1610612738,,,,,
22500174288,,Shot Chart Detail,22500174,288,1628401,Derrick White,1610612738,Boston Celtics,2,4,6,Made Shot,Jump Shot,3PT Field Goal,Above the Break 3,Left Side Center(LC),24+ ft.,25,-159,197,1,1,20251105,BOS,WAS,11940,0,1627759|1628401|1630202|1631169|1631248,1,REG,2026,1610612738,,,,,
22500174312,,Shot Chart Detail,22500174,312,1631169,Josh Minott,1610612738,Boston Celtics,2,3,16,Missed Shot,Running Jump Shot,3PT Field Goal,Above the Break 3,Left Side Center(LC),24+ ft.,25,-195,159,1,0,20251105,BOS,WAS,12440,0,1627759|1628401|1629674|1630202|1631169,0,REG,2026,1610612738,,,,,
22500174323,,Shot Chart Detail,22500174,323,1627759,Jaylen Brown,1610612738,Boston Celtics,2,2,52,Made Shot,Turnaround Fadeaway shot,2PT Field Goal,Mid-Range,Left Side Center(LC),16-24 ft.,19,-93,167,1,1,20251105,BOS,WAS,12680,0,1627759|1628401|1629674|1630202|1631169,0,REG,2026,1610612738,,,,,
22500174326,,Shot Chart Detail,22500174,326,1630202,Payton Pritchard,1610612738,Boston Celtics,2,2,29,Missed Shot,Pullup Jump shot,3PT Field Goal,Above the Break 3,Left Side Center(LC),24+ ft.,26,-100,248,1,0,20251105,BOS,WAS,12910,0,1627759|1628401|1629674|1630202|1631169,0,REG,2026,1610612738,,,,,
22500174328,,Shot Chart Detail,22500174,328,1631169,Josh Minott,1610612738,Boston Celtics,2,2,25,Missed Shot,Putback Layup Shot,2PT Field Goal,Restricted Area,Center(C),Less Than 8 ft.,3,-33,13,1,0,20251105,BOS,WAS,12950,0,1627759|1628401|1629674|1630202|1631169,0,REG,2026,1610612738,,,,,
22500174332,,Shot Chart Detail,22500174,332,1627759,Jaylen Brown,1610612738,Boston Celtics,2,1,57,Missed Shot,Driving Layup Shot,2PT Field Goal,In The Paint (Non-RA),Center(C),Less Than 8 ft.,5,-45,34,1,0,20251105,BOS,WAS,13230,0,1627759|1628401|1629674|1630202|1631169,0,REG,2026,1610612738,,,,,
22500174335,,Shot Chart Detail,22500174,335,1629674,Neemias Queta,1610612738,Boston Celtics,2,1,55,Made Shot,Putback Dunk Shot,2PT Field Goal,Restricted Area,Center(C),Less Than 8 ft.,1,-2,10,1,1,20251105,BOS,WAS,13250,0,1627759|1628401|1629674|1630202|1631169,0,REG,2026,1610612738,,,,,
22500174340,,Shot Chart Detail,22500174,340,1630202,Payton Pritchard,1610612738,Boston Celtics,2,1,20,Made Shot,Pullup Jump shot,2PT Field Goal,In The Paint (Non-RA),Center(C),8-16 ft.,8,-2,84,1,1,20251105,BOS,WAS,13600,0,1627759|1628401|1629674|1630202|1631169,0,REG,2026,1610612738,,,,,
22500174343,,Shot Chart Detail,22500174,343,1630202,Payton Pritchard,1610612738,Boston Celtics,2,0,52,Made Shot,Pullup Jump shot,2PT Field Goal,In The Paint (Non-RA),Center(C),8-16 ft.,14,-66,128,1,1,20251105,BOS,WAS,13880,0,1627759|1628401|1629674|1630202|1631169,0,REG,2026,1610612738,,,,,
22500174346,,Shot Chart Detail,22500174,346,1627759,Jaylen Brown,1610612738,Boston Celtics,2,0,26,Made Shot,Running Layup Shot,2PT Field Goal,Restricted Area,Center(C),Less Than 8 ft.,2,25,7,1,1,20251105,BOS,WAS,14140,0,1627759|1628401|1629674|1630202|1631169,0,REG,2026,1610612738,,,,,
22500174349,,Shot Chart Detail,22500174,349,1631169,Josh Minott,1610612738,Boston Celtics,2,0,2,Made Shot,Running Alley Oop Dunk Shot,2PT Field Goal,Restricted Area,Center(C),Less Than 8 ft.,0,-1,4,1,1,20251105,BOS,WAS,14380,0,1627759|1628401|1629674|1630202|1631169,1,REG,2026,1610612738,,,,,
22500174357,,Shot Chart Detail,22500174,357,1630202,Payton Pritchard,1610612738,Boston Celtics,3,11,44,Missed Shot,Jump Shot,3PT Field Goal,Above the Break 3,Left Side Center(LC),24+ ft.,25,-183,174,1,0,20251105,BOS,WAS,14560,0,1627759|1628401|1629674|1630202|1631169,0,REG,2026,1610612738,,,,,
22500174359,,Shot Chart Detail,22500174,359,1631169,Josh Minott,1610612738,Boston Celtics,3,11,32,Made Shot,Alley Oop Layup shot,2PT Field Goal,Restricted Area,Center(C),Less Than 8 ft.,3,33,9,1,1,20251105,BOS,WAS,14680,0,1627759|1628401|1629674|1630202|1631169,1,REG,2026,1610612738,,,,,
22500174369,,Shot Chart Detail,22500174,369,1630202,Payton Pritchard,1610612738,Boston Celtics,3,10,37,Missed Shot,Jump Shot,3PT Field Goal,Above the Break 3,Center(C),24+ ft.,29,91,283,1,0,20251105,BOS,WAS,15230,0,1627759|1628401|1629674|1630202|1631169,0,REG,2026,1610612738,,,,,
22500174373,,Shot Chart Detail,22500174,373,1631169,Josh Minott,1610612738,Boston Celtics,3,10,24,Made Shot,Running Alley Oop Dunk Shot,2PT Field Goal,Restricted Area,Center(C),Less Than 8 ft.,0,1,5,1,1,20251105,BOS,WAS,15360,0,1627759|1628401|1629674|1630202|1631169,1,REG,2026,1610612738,,,,,
22500174403,,Shot Chart Detail,22500174,403,1627759,Jaylen Brown,1610612738,Boston Celtics,3,8,36,Missed Shot,Pullup Jump shot,2PT Field Goal,Mid-Range,Center(C),8-16 ft.,15,-2,150,1,0,20251105,BOS,WAS,16440,0,1627759|1628401|1629674|1630202|1631169,0,REG,2026,1610612738,,,,,
22500174419,,Shot Chart Detail,22500174,419,1627759,Jaylen Brown,1610612738,Boston Celtics,3,7,48,Made Shot,Pullup Jump shot,3PT Field Goal,Above the Break 3,Center(C),24+ ft.,29,4,293,1,1,20251105,BOS,WAS,16920,0,1627759|1629014|1629674|1630202|1641775,1,REG,2026,1610612738,,,,,
22500174425,,Shot Chart Detail,22500174,425,1629014,Anfernee Simons,1610612738,Boston Celtics,3,7,28,Missed Shot,Jump Shot,3PT Field Goal,Above the Break 3,Right Side Center(RC),24+ ft.,25,132,220,1,0,20251105,BOS,WAS,17120,0,1627759|1629014|1629674|1630202|1641775,0,REG,2026,1610612738,,,,,
22500174439,,Shot Chart Detail,22500174,439,1627759,Jaylen Brown,1610612738,Boston Celtics,3,6,38,Made Shot,Pullup Jump shot,2PT Field Goal,Mid-Range,Center(C),16-24 ft.,16,5,163,1,1,20251105,BOS,WAS,17620,0,1627759|1629014|1629674|1630202|1641775,0,REG,2026,1610612738,,,,,
22500174444,,Shot Chart Detail,22500174,444,1627759,Jaylen Brown,1610612738,Boston Celtics,3,5,59,Made Shot,Step Back Jump shot,3PT Field Goal,Above the Break 3,Right Side Center(RC),24+ ft.,26,115,241,1,1,20251105,BOS,WAS,18010,0,1627759|1629014|1629674|1630202|1641775,0,REG,2026,1610612738,,,,,
22500174450,,Shot Chart Detail,22500174,450,1641775,Jordan Walsh,1610612738,Boston Celtics,3,5,29,Made Shot,Jump Shot,3PT Field Goal,Above the Break 3,Right Side Center(RC),24+ ft.,25,115,232,1,1,20251105,BOS,WAS,18310,0,1627759|1629014|1630202|1630568|1641775,1,REG,2026,1610612738,,,,,
22500174454,,Shot Chart Detail,22500174,454,1627759,Jaylen Brown,1610612738,Boston Celtics,3,5,4,Missed Shot,Driving Floating Jump Shot,2PT Field Goal,In The Paint (Non-RA),Center(C),Less Than 8 ft.,5,2,56,1,0,20251105,BOS,WAS,18560,0,1627759|1629014|1630202|1630568|1641775,0,REG,2026,1610612738,,,,,
22500174456,,Shot Chart Detail,22500174,456,1630568,Luka Garza,1610612738,Boston Celtics,3,5,2,Missed Shot,Putback Layup Shot,2PT Field Goal,In The Paint (Non-RA),Center(C),Less Than 8 ft.,5,37,38,1,0,20251105,BOS,WAS,18580,0,1627759|1629014|1630202|1630568|1641775,0,REG,2026,1610612738,,,,,
22500174477,,Shot Chart Detail,22500174,477,1629014,Anfernee Simons,1610612738,Boston Celtics,3,4,18,Made Shot,Jump Shot,3PT Field Goal,Above the Break 3,Right Side Center(RC),24+ ft.,26,127,232,1,1,20251105,BOS,WAS,19020,0,1627759|1629014|1630573|1631169|1641775,1,REG,2026,1610612738,,,,,
22500174485,,Shot Chart Detail,22500174,485,1631169,Josh Minott,1610612738,Boston Celtics,3,3,45,Made Shot,Cutting Dunk Shot,2PT Field Goal,Restricted Area,Center(C),Less Than 8 ft.,0,0,0,1,1,20251105,BOS,WAS,19350,0,1627759|1629014|1630573|1631169|1641775,1,REG,2026,1610612738,,,,,
22500174488,,Shot Chart Detail,22500174,488,1630573,Sam Hauser,1610612738,Boston Celtics,3,3,16,Missed Shot,Jump Shot,3PT Field Goal,Above the Break 3,Center(C),24+ ft.,26,7,267,1,0,20251105,BOS,WAS,19640,0,1627759|1629014|1630573|1631169|1641775,0,REG,2026,1610612738,,,,,
22500174492,,Shot Chart Detail,22500174,492,1627759,Jaylen Brown,1610612738,Boston Celtics,3,2,46,Missed Shot,Step Back Jump shot,3PT Field Goal,Above the Break 3,Left Side Center(LC),24+ ft.,24,-138,208,1,0,20251105,BOS,WAS,19940,0,1627759|1629014|1630573|1631169|1641775,0,REG,2026,1610612738,,,,,
22500174498,,Shot Chart Detail,22500174,498,1630573,Sam Hauser,1610612738,Boston Celtics,3,2,22,Missed Shot,Jump Shot,3PT Field Goal,Above the Break 3,Left Side Center(LC),24+ ft.,25,-210,136,1,0,20251105,BOS,WAS,20180,0,1627759|1629014|1630573|1631169|1641775,0,REG,2026,1610612738,,,,,
22500174505,,Shot Chart Detail,22500174,505,1629014,Anfernee Simons,1610612738,Boston Celtics,3,1,52,Missed Shot,Pullup Jump shot,3PT Field Goal,Above the Break 3,Left Side Center(LC),24+ ft.,25,-140,211,1,0,20251105,BOS,WAS,20480,0,1629014|1630202|1630573|1631169|1641775,0,REG,2026,1610612738,,,,,
22500174512,,Shot Chart Detail,22500174,512,1630202,Payton Pritchard,1610612738,Boston Celtics,3,0,59,Made Shot,Driving Layup Shot,2PT Field Goal,In The Paint (Non-RA),Center(C),Less Than 8 ft.,5,33,47,1,1,20251105,BOS,WAS,21010,0,1629014|1630202|1630573|1631169|1641775,0,REG,2026,1610612738,,,,,
22500174515,,Shot Chart Detail,22500174,515,1630573,Sam Hauser,1610612738,Boston Celtics,3,0,31,Made Shot,Jump Shot,3PT Field Goal,Above the Break 3,Center(C),24+ ft.,28,81,272,1,1,20251105,BOS,WAS,21290,0,1629014|1630202|1630573|1631169|1641775,1,REG,2026,1610612738,,,,,
22500174520,,Shot Chart Detail,22500174,520,1629014,Anfernee Simons,1610612738,Boston Celtics,3,0,1,Made Shot,Pullup Jump shot,2PT Field Goal,Mid-Range,Right Side(R),8-16 ft.,14,135,43,1,1,20251105,BOS,WAS,21590,0,1629014|1630202|1630573|1631169|1641775,0,REG,2026,1610612738,,,,,
22500174539,,Shot Chart Detail,22500174,539,1629014,Anfernee Simons,1610612738,Boston Celtics,4,11,20,Missed Shot,Driving Layup Shot,2PT Field Goal,In The Paint (Non-RA),Center(C),Less Than 8 ft.,7,56,53,1,0,20251105,BOS,WAS,22000,0,1628401|1629014|1629674|1630573|1642864,0,REG,2026,1610612738,,,,,
22500174541,,Shot Chart Detail,22500174,541,1629674,Neemias Queta,1610612738,Boston Celtics,4,11,17,Made Shot,Tip Dunk Shot,2PT Field Goal,Restricted Area,Center(C),Less Than 8 ft.,0,0,0,1,1,20251105,BOS,WAS,22030,0,1628401|1629014|1629674|1630573|1642864,0,REG,2026,1610612738,,,,,
22500174543,,Shot Chart Detail,22500174,543,1628401,Derrick White,1610612738,Boston Celtics,4,10,51,Made Shot,Pullup Jump shot,2PT Field Goal,Mid-Range,Right Side(R),8-16 ft.,11,110,32,1,1,20251105,BOS,WAS,22290,0,1628401|1629014|1629674|1630573|1642864,0,REG,2026,1610612738,,,,,
22500174545,,Shot Chart Detail,22500174,545,1628401,Derrick White,1610612738,Boston Celtics,4,10,28,Made Shot,Driving Layup Shot,2PT Field Goal,In The Paint (Non-RA),Right Side(R),8-16 ft.,8,59,59,1,1,20251105,BOS,WAS,22520,0,1628401|1629014|1629674|1630573|1642864,1,REG,2026,1610612738,,,,,
22500174553,,Shot Chart Detail,22500174,553,1629674,Neemias Queta,1610612738,Boston Celtics,4,9,51,Made Shot,Driving Layup Shot,2PT Field Goal,Restricted Area,Center(C),Less Than 8 ft.,3,18,27,1,1,20251105,BOS,WAS,22890,0,1628401|1629014|1629674|1630573|1642864,1,REG,2026,1610612738,,,,,
22500174560,,Shot Chart Detail,22500174,560,1630573,Sam Hauser,1610612738,Boston Celtics,4,9,10,Missed Shot,Pullup Jump shot,2PT Field Goal,Mid-Range,Left Side Center(LC),16-24 ft.,19,-96,168,1,0,20251105,BOS,WAS,23300,0,1628401|1629014|1629674|1630573|1642864,0,REG,2026,1610612738,,,,,
22500174564,,Shot Chart Detail,22500174,564,1629014,Anfernee Simons,1610612738,Boston Celtics,4,8,41,Missed Shot,Pullup Jump shot,3PT Field Goal,Above the Break 3,Left Side Center(LC),24+ ft.,25,-115,229,1,0,20251105,BOS,WAS,23590,0,1628401|1629014|1629674|1630573|1642864,0,REG,2026,1610612738,,,,,
22500174571,,Shot Chart Detail,22500174,571,1630573,Sam Hauser,1610612738,Boston Celtics,4,8,11,Missed Shot,Pullup Jump shot,2PT Field Goal,Mid-Range,Left Side(L),8-16 ft.,12,-102,68,1,0,20251105,BOS,WAS,23890,0,1628401|1629014|1630573|1631169|1642864,0,REG,2026,1610612738,,,,,
22500174575,,Shot Chart Detail,22500174,575,1631169,Josh Minott,1610612738,Boston Celtics,4,7,27,Made Shot,Fadeaway Jump Shot,2PT Field Goal,In The Paint (Non-RA),Center(C),8-16 ft.,13,55,121,1,1,20251105,BOS,WAS,24330,0,1628401|1629014|1630573|1631169|1642864,1,REG,2026,1610612738,,,,,
22500174579,,Shot Chart Detail,22500174,579,1631169,Josh Minott,1610612738,Boston Celtics,4,6,58,Made Shot,Jump Shot,3PT Field Goal,Above the Break 3,Right Side Center(RC),24+ ft.,25,137,218,1,1,20251105,BOS,WAS,24620,0,1628401|1629014|1630573|1631169|1642864,1,REG,2026,1610612738,,,,,
22500174583,,Shot Chart Detail,22500174,583,1629014,Anfernee Simons,1610612738,Boston Celtics,4,6,30,Made Shot,Driving Layup Shot,2PT Field Goal,In The Paint (Non-RA),Center(C),Less Than 8 ft.,4,38,26,1,1,20251105,BOS,WAS,24900,0,1628401|1629014|1630573|1631169|1642864,1,REG,2026,1610612738,,,,,
22500174596,,Shot Chart Detail,22500174,596,1642864,Hugo González,1610612738,Boston Celtics,4,6,1,Made Shot,Driving Layup Shot,2PT Field Goal,In The Paint (Non-RA),Center(C),Less Than 8 ft.,7,54,50,1,1,20251105,BOS,WAS,25190,0,1629014|1630573|1631169|1641775|1642864,1,REG,2026,1610612738,,,,,
22500174599,,Shot Chart Detail,22500174,599,1641775,Jordan Walsh,1610612738,Boston Celtics,4,5,34,Missed Shot,Pullup Jump shot,3PT Field Goal,Above the Break 3,Right Side Center(RC),24+ ft.,25,110,230,1,0,20251105,BOS,WAS,25460,0,1629014|1630573|1631169|1641775|1642864,0,REG,2026,1610612738,,,,,
22500174607,,Shot Chart Detail,22500174,607,1631169,Josh Minott,1610612738,Boston Celtics,4,5,9,Missed Shot,Jump Shot,3PT Field Goal,Above the Break 3,Left Side Center(LC),24+ ft.,27,-103,251,1,0,20251105,BOS,WAS,25710,0,1629014|1630573|1631169|1641775|1642864,0,REG,2026,1610612738,,,,,
22500174611,,Shot Chart Detail,22500174,611,1629014,Anfernee Simons,1610612738,Boston Celtics,4,4,48,Made Shot,Pullup Jump shot,3PT Field Goal,Above the Break 3,Left Side Center(LC),24+ ft.,25,-108,230,1,1,20251105,BOS,WAS,25920,0,1629014|1630573|1631169|1641775|1642864,0,REG,2026,1610612738,,,,,
22500174617,,Shot Chart Detail,22500174,617,1629014,Anfernee Simons,1610612738,Boston Celtics,4,4,15,Missed Shot,Pullup Jump shot,2PT Field Goal,Mid-Range,Left Side Center(LC),16-24 ft.,21,-145,152,1,0,20251105,BOS,WAS,26250,0,1629014|1630573|1631169|1641775|1642864,0,REG,2026,1610612738,,,,,
22500174624,,Shot Chart Detail,22500174,624,1642864,Hugo González,1610612738,Boston Celtics,4,3,32,Made Shot,Jump Shot,3PT Field Goal,Above the Break 3,Right Side Center(RC),24+ ft.,24,113,220,1,1,20251105,BOS,WAS,26680,0,1629014|1630573|1631169|1641775|1642864,1,REG,2026,1610612738,,,,,
22500174628,,Shot Chart Detail,22500174,628,1642864,Hugo González,1610612738,Boston Celtics,4,3,5,Missed Shot,Jump Shot,2PT Field Goal,Mid-Range,Left Side(L),16-24 ft.,21,-210,2,1,0,20251105,BOS,WAS,26950,0,1629014|1630573|1631169|1641775|1642864,0,REG,2026,1610612738,,,,,
22500174630,,Shot Chart Detail,22500174,630,1641775,Jordan Walsh,1610612738,Boston Celtics,4,3,2,Made Shot,Tip Layup Shot,2PT Field Goal,Restricted Area,Center(C),Less Than 8 ft.,0,0,0,1,1,20251105,BOS,WAS,26980,0,1629014|1630573|1631169|1641775|1642864,0,REG,2026,1610612738,,,,,
22500174635,,Shot Chart Detail,22500174,635,1631169,Josh Minott,1610612738,Boston Celtics,4,2,28,Missed Shot,Jump Shot,3PT Field Goal,Above the Break 3,Center(C),24+ ft.,25,-16,251,1,0,20251105,BOS,WAS,27320,0,1629014|1630573|1631169|1641775|1642864,0,REG,2026,1610612738,,,,,
22500174637,,Shot Chart Detail,22500174,637,1629014,Anfernee Simons,1610612738,Boston Celtics,4,2,20,Made Shot,Jump Shot,3PT Field Goal,Above the Break 3,Right Side Center(RC),24+ ft.,29,123,271,1,1,20251105,BOS,WAS,27400,0,1629014|1630573|1631169|1641775|1642864,1,REG,2026,1610612738,,,,,
22500174644,,Shot Chart Detail,22500174,644,1629014,Anfernee Simons,1610612738,Boston Celtics,4,1,42,Made Shot,Pullup Jump shot,3PT Field Goal,Above the Break 3,Center(C),24+ ft.,30,-72,293,1,1,20251105,BOS,WAS,27780,0,1629014|1630573|1631169|1641775|1642864,1,REG,2026,1610612738,,,,,
22500174650,,Shot Chart Detail,22500174,650,1629014,Anfernee Simons,1610612738,Boston Celtics,4,1,20,Made Shot,Fadeaway Jump Shot,2PT Field Goal,Mid-Range,Left Side Center(LC),16-24 ft.,20,-116,166,1,1,20251105,BOS,WAS,28000,0,1629014|1630573|1631169|1641775|1642864,0,REG,2026,1610612738,,,,,
22500174653,,Shot Chart Detail,22500174,653,1630573,Sam Hauser,1610612738,Boston Celtics,4,0,49,Missed Shot,Jump Shot,3PT Field Goal,Above the Break 3,Right Side Center(RC),24+ ft.,30,159,255,1,0,20251105,BOS,WAS,28310,0,1629014|1630573|1631169|1641775|1642864,0,REG,2026,1610612738,,,,,
2250019318,,Shot Chart Detail,22500193,18,1627759,Jaylen Brown,1610612738,Boston Celtics,1,10,42,Missed Shot,Pullup Jump shot,2PT Field Goal,Mid-Range,Right Side Center(RC),16-24 ft.,21,125,173,1,0,20251109,ORL,BOS,780,0,1627759|1628401|1629674|1630202|1631169,0,REG,2026,1610612738,,,,,
2250019322,,Shot Chart Detail,22500193,22,1628401,Derrick White,1610612738,Boston Celtics,1,10,21,Made Shot,Jump Shot,3PT Field Goal,Above the Break 3,Right Side Center(RC),24+ ft.,26,125,238,1,1,20251109,ORL,BOS,990,0,1627759|1628401|1629674|1630202|1631169,1,REG,2026,1610612738,,,,,
2250019326,,Shot Chart Detail,22500193,26,1630202,Payton Pritchard,1610612738,Boston Celtics,1,10,1,Missed Shot,Running Pull-Up Jump Shot,3PT Field Goal,Above the Break 3,Right Side Center(RC),24+ ft.,26,164,202,1,0,20251109,ORL,BOS,1190,0,1627759|1628401|1629674|1630202|1631169,0,REG,2026,1610612738,,,,,
2250019328,,Shot Chart Detail,22500193,28,1628401,Derrick White,1610612738,Boston Celtics,1,9,46,Missed Shot,Jump Shot,3PT Field Goal,Left Corner 3,Left Side(L),24+ ft.,24,-225,86,1,0,20251109,ORL,BOS,1340,0,1627759|1628401|1629674|1630202|1631169,0,REG,2026,1610612738,,,,,
2250019330,,Shot Chart Detail,22500193,30,1627759,Jaylen Brown,1610612738,Boston Celtics,1,9,38,Made Shot,Fadeaway Jump Shot,2PT Field Goal,Mid-Range,Center(C),16-24 ft.,16,16,163,1,1,20251109,ORL,BOS,1420,0,1627759|1628401|1629674|1630202|1631169,0,REG,2026,1610612738,,,,,
2250019339,,Shot Chart Detail,22500193,39,1628401,Derrick White,1610612738,Boston Celtics,1,8,34,Missed Shot,Driving Floating Jump Shot,2PT Field Goal,In The Paint (Non-RA),Center(C),8-16 ft.,9,32,89,1,0,20251109,ORL,BOS,2060,0,1627759|1628401|1629674|1630202|1631169,0,REG,2026,1610612738,,,,,
2250019343,,Shot Chart Detail,22500193,43,1628401,Derrick White,1610612738,Boston Celtics,1,8,15,Missed Shot,Jump Shot,3PT Field Goal,Above the Break 3,Right Side Center(RC),24+ ft.,25,132,223,1,0,20251109,ORL,BOS,2250,0,1627759|1628401|1629674|1630202|1631169,0,REG,2026,1610612738,,,,,
2250019355,,Shot Chart Detail,22500193,55,1627759,Jaylen Brown,1610612738,Boston Celtics,1,7,21,Made Shot,Step Back Jump shot,2PT Field Goal,Mid-Range,Right Side Center(RC),16-24 ft.,17,74,157,1,1,20251109,ORL,BOS,2790,0,1627759|1628401|1629674|1630202|1631169,0,REG,2026,1610612738,,,,,
2250019361,,Shot Chart Detail,22500193,61,1627759,Jaylen Brown,1610612738,Boston Celtics,1,6,39,Missed Shot,Fadeaway Jump Shot,2PT Field Goal,Mid-Range,Center(C),16-24 ft.,17,-11,178,1,0,20251109,ORL,BOS,3210,0,1627759|1628401|1629674|1630202|1631169,0,REG,2026,1610612738,,,,,
2250019380,,Shot Chart Detail,22500193,80,1629014,Anfernee Simons,1610612738,Boston Celtics,1,6,0,Made Shot,Step Back Jump shot,3PT Field Goal,Above the Break 3,Left Side Center(LC),24+ ft.,25,-87,242,1,1,20251109,ORL,BOS,3600,0,1627759|1628401|1629014|1630568|1630573,0,REG,2026,1610612738,,,,,
2250019385,,Shot Chart Detail,22500193,85,1629014,Anfernee Simons,1610612738,Boston Celtics,1,5,21,Missed Shot,Driving Floating Jump Shot,2PT Field Goal,Mid-Range,Left Side(L),8-16 ft.,12,-98,74,1,0,20251109,ORL,BOS,3990,0,1627759|1628401|1629014|1630568|1630573,0,REG,2026,1610612738,,,,,
2250019390,,Shot Chart Detail,22500193,90,1627759,Jaylen Brown,1610612738,Boston Celtics,1,4,59,Made Shot,Driving Layup Shot,2PT Field Goal,Restricted Area,Center(C),Less Than 8 ft.,2,-9,28,1,1,20251109,ORL,BOS,4210,0,1627759|1628401|1629014|1630568|1630573,1,REG,2026,1610612738,,,,,
2250019394,,Shot Chart Detail,22500193,94,1628401,Derrick White,1610612738,Boston Celtics,1,4,21,Made Shot,Driving Layup Shot,2PT Field Goal,Restricted Area,Center(C),Less Than 8 ft.,3,31,23,1,1,20251109,ORL,BOS,4590,0,1627759|1628401|1629014|1630568|1630573,1,REG,2026,1610612738,,,,,
22500193100,,Shot Chart Detail,22500193,100,1630568,Luka Garza,1610612738,Boston Celtics,1,3,47,Made Shot,Floating Jump shot,2PT Field Goal,In The Paint (Non-RA),Right Side(R),8-16 ft.,12,74,97,1,1,20251109,ORL,BOS,4930,0,1627759|1628401|1629014|1630568|1630573,1,REG,2026,1610612738,,,,,
22500193105,,Shot Chart Detail,22500193,105,1630568,Luka Garza,1610612738,Boston Celtics,1,3,14,Missed Shot,Jump Shot,3PT Field Goal,Above the Break 3,Left Side Center(LC),24+ ft.,27,-100,254,1,0,20251109,ORL,BOS,5260,0,1627759|1628401|1629014|1630568|1630573,0,REG,2026,1610612738,,,,,
22500193113,,Shot Chart Detail,22500193,113,1629014,Anfernee Simons,1610612738,Boston Celtics,1,2,52,Made Shot,Running Jump Shot,3PT Field Goal,Above the Break 3,Center(C),24+ ft.,26,-64,257,1,1,20251109,ORL,BOS,5480,0,1627759|1628401|1629014|1630568|1630573,1,REG,2026,1610612738,,,,,
22500193125,,Shot Chart Detail,22500193,125,1628401,Derrick White,1610612738,Boston Celtics,1,2,27,Made Shot,Running Pull-Up Jump Shot,3PT Field Goal,Above the Break 3,Left Side Center(LC),24+ ft.,27,-100,253,1,1,20251109,ORL,BOS,5730,0,1627759|1628401|1629014|1630568|1630573,0,REG,2026,1610612738,,,,,
22500193128,,Shot Chart Detail,22500193,128,1628401,Derrick White,1610612738,Boston Celtics,1,2,2,Missed Shot,Turnaround Jump Shot,2PT Field Goal,In The Paint (Non-RA),Center(C),8-16 ft.,13,61,115,1,0,20251109,ORL,BOS,5980,0,1627759|1628401|1629014|1630568|1630573,0,REG,2026,1610612738,,,,,
22500193138,,Shot Chart Detail,22500193,138,1629014,Anfernee Simons,1610612738,Boston Celtics,1,1,40,Missed Shot,Pullup Jump shot,3PT Field Goal,Above the Break 3,Center(C),24+ ft.,28,-42,277,1,0,20251109,ORL,BOS,6200,0,1628401|1629014|1630568|1630573|1641775,0,REG,2026,1610612738,,,,,
22500193140,,Shot Chart Detail,22500193,140,1628401,Derrick White,1610612738,Boston Celtics,1,1,35,Missed Shot,Jump Shot,3PT Field Goal,Above the Break 3,Right Side Center(RC),24+ ft.,26,174,201,1,0,20251109,ORL,BOS,6250,0,1628401|1629014|1630568|1630573|1641775,0,REG,2026,1610612738,,,,,
22500193147,,Shot Chart Detail,22500193,147,1641775,Jordan Walsh,1610612738,Boston Celtics,1,1,10,Missed Shot,Driving Layup Shot,2PT Field Goal,In The Paint (Non-RA),Center(C),Less Than 8 ft.,4,32,33,1,0,20251109,ORL,BOS,6500,0,1628401|1629014|1630568|1630573|1641775,0,REG,2026,1610612738,,,,,
22500193155,,Shot Chart Detail,22500193,155,1628401,Derrick White,1610612738,Boston Celtics,1,0,36,Made Shot,Driving Layup Shot,2PT Field Goal,Restricted Area,Center(C),Less Than 8 ft.,3,23,22,1,1,20251109,ORL,BOS,6840,0,1628401|1629014|1630573|1631169|1641775,0,REG,2026,1610612738,,,,,
22500193165,,Shot Chart Detail,22500193,165,1629014,Anfernee Simons,1610612738,Boston Celtics,1,0,21,Made Shot,Driving Floating Bank Jump Shot,2PT Field Goal,In The Paint (Non-RA),Center(C),Less Than 8 ft.,4,34,23,1,1,20251109,ORL,BOS,6990,0,1628401|1629014|1630573|1631169|1641775,1,REG,2026,1610612738,,,,,
22500193186,,Shot Chart Detail,22500193,186,1629014,Anfernee Simons,1610612738,Boston Celtics,2,11,39,Made Shot,Pullup Jump shot,2PT Field Goal,Mid-Range,Left Side(L),8-16 ft.,11,-109,33,1,1,20251109,ORL,BOS,7410,0,1629014|1629674|1630202|1641775|1642864,1,REG,2026,1610612738,,,,,
22500193190,,Shot Chart Detail,22500193,190,1629014,Anfernee Simons,1610612738,Boston Celtics,2,11,5,Made Shot,Jump Shot,3PT Field Goal,Above the Break 3,Right Side Center(RC),24+ ft.,27,113,247,1,1,20251109,ORL,BOS,7750,0,1629014|1629674|1630202|1641775|1642864,1,REG,2026,1610612738,,,,,
22500193205,,Shot Chart Detail,22500193,205,1629014,Anfernee Simons,1610612738,Boston Celtics,2,10,21,Made Shot,Running Jump Shot,3PT Field Goal,Above the Break 3,Center(C),24+ ft.,26,12,269,1,1,20251109,ORL,BOS,8190,0,1629014|1629674|1630202|1641775|1642864,1,REG,2026,1610612738,,,,,
22500193213,,Shot Chart Detail,22500193,213,1629014,Anfernee Simons,1610612738,Boston Celtics,2,9,49,Made Shot,Step Back Jump shot,3PT Field Goal,Above the Break 3,Left Side Center(LC),24+ ft.,28,-98,267,1,1,20251109,ORL,BOS,8510,0,1629014|1629674|1630202|1641775|1642864,0,REG,2026,1610612738,,,,,
22500193224,,Shot Chart Detail,22500193,224,1630202,Payton Pritchard,1610612738,Boston Celtics,2,8,50,Made Shot,Step Back Jump shot,2PT Field Goal,In The Paint (Non-RA),Center(C),8-16 ft.,12,20,128,1,1,20251109,ORL,BOS,9100,0,1629014|1629674|1630202|1641775|1642864,0,REG,2026,1610612738,,,,,
22500193227,,Shot Chart Detail,22500193,227,1630202,Payton Pritchard,1610612738,Boston Celtics,2,8,4,Missed Shot,Jump Shot,3PT Field Goal,Above the Break 3,Left Side Center(LC),24+ ft.,26,-83,252,1,0,20251109,ORL,BOS,9560,0,1629014|1629674|1630202|1641775|1642864,0,REG,2026,1610612738,,,,,
22500193247,,Shot Chart Detail,22500193,247,1629674,Neemias Queta,1610612738,Boston Celtics,2,7,54,Missed Shot,Driving Floating Jump Shot,2PT Field Goal,In The Paint (Non-RA),Right Side(R),8-16 ft.,8,71,40,1,0,20251109,ORL,BOS,9660,0,1629014|1629674|1630202|1641775|1642864,0,REG,2026,1610612738,,,,,
22500193244,,Shot Chart Detail,22500193,244,1629014,Anfernee Simons,1610612738,Boston Celtics,2,7,18,Made Shot,Driving Layup Shot,2PT Field Goal,Restricted Area,Center(C),Less Than 8 ft.,3,20,26,1,1,20251109,ORL,BOS,10020,0,1629014|1630202|1631169|1641775|1642864,0,REG,2026,1610612738,,,,,
22500193250,,Shot Chart Detail,22500193,250,1629014,Anfernee Simons,1610612738,Boston Celtics,2,6,40,Missed Shot,Step Back Jump shot,3PT Field Goal,Above the Break 3,Left Side Center(LC),24+ ft.,26,-127,238,1,0,20251109,ORL,BOS,10400,0,1629014|1630202|1631169|1641775|1642864,0,REG,2026,1610612738,,,,,
22500193263,,Shot Chart Detail,22500193,263,1631169,Josh Minott,1610612738,Boston Celtics,2,5,46,Missed Shot,Cutting Layup Shot,2PT Field Goal,In The Paint (Non-RA),Center(C),Less Than 8 ft.,4,31,33,1,0,20251109,ORL,BOS,10940,0,1627759|1629014|1630202|1631169|1641775,0,REG,2026,1610612738,,,,,
22500193273,,Shot Chart Detail,22500193,273,1627759,Jaylen Brown,1610612738,Boston Celtics,2,5,17,Missed Shot,Driving Layup Shot,2PT Field Goal,Restricted Area,Center(C),Less Than 8 ft.,3,-18,31,1,0,20251109,ORL,BOS,11230,0,1627759|1628401|1629014|1630202|1631169,0,REG,2026,1610612738,,,,,
22500193279,,Shot Chart Detail,22500193,279,1627759,Jaylen Brown,1610612738,Boston Celtics,2,4,41,Missed Shot,Fadeaway Jump Shot,2PT Field Goal,In The Paint (Non-RA),Center(C),8-16 ft.,11,-5,116,1,0,20251109,ORL,BOS,11590,0,1627759|1628401|1629014|1630202|1631169,0,REG,2026,1610612738,,,,,
22500193290,,Shot Chart Detail,22500193,290,1630202,Payton Pritchard,1610612738,Boston Celtics,2,4,7,Missed Shot,Jump Shot,3PT Field Goal,Above the Break 3,Left Side Center(LC),24+ ft.,25,-183,183,1,0,20251109,ORL,BOS,11930,0,1627759|1628401|1629674|1630202|1630573,0,REG,2026,1610612738,,,,,
22500193293,,Shot Chart Detail,22500193,293,1628401,Derrick White,1610612738,Boston Celtics,2,3,57,Made Shot,Pullup Jump shot,2PT Field Goal,In The Paint (Non-RA),Center(C),8-16 ft.,11,10,117,1,1,20251109,ORL,BOS,12030,0,1627759|1628401|1629674|1630202|1630573,1,REG,2026,1610612738,,,,,
22500193296,,Shot Chart Detail,22500193,296,1630202,Payton Pritchard,1610612738,Boston Celtics,2,3,24,Missed Shot,Jump Shot,3PT Field Goal,Above the Break 3,Right Side Center(RC),24+ ft.,27,148,231,1,0,20251109,ORL,BOS,12360,0,1627759|1628401|1629674|1630202|1630573,0,REG,2026,1610612738,,,,,
22500193300,,Shot Chart Detail,22500193,300,1627759,Jaylen Brown,1610612738,Boston Celtics,2,2,59,Made Shot,Driving Layup Shot,2PT Field Goal,Restricted Area,Center(C),Less Than 8 ft.,2,21,20,1,1,20251109,ORL,BOS,12610,0,1627759|1628401|1629674|1630202|1630573,0,REG,2026,1610612738,,,,,
22500193310,,Shot Chart Detail,22500193,310,1627759,Jaylen Brown,1610612738,Boston Celtics,2,2,2,Made Shot,Pullup Jump shot,2PT Field Goal,Mid-Range,Center(C),8-16 ft.,15,65,142,1,1,20251109,ORL,BOS,13180,0,1627759|1628401|1629674|1630202|1630573,1,REG,2026,1610612738,,,,,
22500193321,,Shot Chart Detail,22500193,321,1627759,Jaylen Brown,1610612738,Boston Celtics,2,1,8,Missed Shot,Fadeaway Jump Shot,2PT Field Goal,In The Paint (Non-RA),Center(C),8-16 ft.,12,36,115,1,0,20251109,ORL,BOS,13720,0,1627759|1628401|1629674|1630202|1630573,0,REG,2026,1610612738,,,,,
22500193328,,Shot Chart Detail,22500193,328,1629674,Neemias Queta,1610612738,Boston Celtics,2,0,39,Missed Shot,Alley Oop Dunk Shot,2PT Field Goal,Restricted Area,Center(C),Less Than 8 ft.,3,27,21,1,0,20251109,ORL,BOS,14010,0,1627759|1628401|1629674|1630202|1630573,0,REG,2026,1610612738,,,,,
22500193330,,Shot Chart Detail,22500193,330,1628401,Derrick White,1610612738,Boston Celtics,2,0,36,Missed Shot,Tip Layup Shot,2PT Field Goal,Restricted Area,Center(C),Less Than 8 ft.,0,0,0,1,0,20251109,ORL,BOS,14040,0,1627759|1628401|1629674|1630202|1630573,0,REG,2026,1610612738,,,,,
22500193338,,Shot Chart Detail,22500193,338,1628401,Derrick White,1610612738,Boston Celtics,2,0,28,Missed Shot,Driving Layup Shot,2PT Field Goal,In The Paint (Non-RA),Center(C),Less Than 8 ft.,4,-1,46,1,0,20251109,ORL,BOS,14120,0,1627759|1628401|1630202|1630573|1631169,0,REG,2026,1610612738,,,,,
22500193342,,Shot Chart Detail,22500193,342,1627759,Jaylen Brown,1610612738,Boston Celtics,2,0,0,Missed Shot,Running Layup Shot,2PT Field Goal,Restricted Area,Center(C),Less Than 8 ft.,2,18,23,1,0,20251109,ORL,BOS,14400,0,1627759|1628401|1630202|1630573|1631169,0,REG,2026,1610612738,,,,,
22500193354,,Shot Chart Detail,22500193,354,1628401,Derrick White,1610612738,Boston Celtics,3,11,36,Missed Shot,Driving Floating Jump Shot,2PT Field Goal,Mid-Range,Left Side(L),8-16 ft.,9,-92,15,1,0,20251109,ORL,BOS,14640,0,1627759|1628401|1629674|1630202|1631169,0,REG,2026,1610612738,,,,,
22500193358,,Shot Chart Detail,22500193,358,1627759,Jaylen Brown,1610612738,Boston Celtics,3,10,54,Missed Shot,Jump Shot,3PT Field Goal,Above the Break 3,Right Side Center(RC),24+ ft.,25,199,164,1,0,20251109,ORL,BOS,15060,0,1627759|1628401|1629674|1630202|1631169,0,REG,2026,1610612738,,,,,
22500193363,,Shot Chart Detail,22500193,363,1631169,Josh Minott,1610612738,Boston Celtics,3,10,21,Missed Shot,Jump Shot,3PT Field Goal,Left Corner 3,Left Side(L),24+ ft.,23,-233,24,1,0,20251109,ORL,BOS,15390,0,1627759|1628401|1629674|1630202|1631169,0,REG,2026,1610612738,,,,,
22500193372,,Shot Chart Detail,22500193,372,1627759,Jaylen Brown,1610612738,Boston Celtics,3,9,58,Made Shot,Running Finger Roll Layup Shot,2PT Field Goal,Restricted Area,Center(C),Less Than 8 ft.,1,-6,17,1,1,20251109,ORL,BOS,15620,0,1627759|1628401|1629674|1630202|1631169,0,REG,2026,1610612738,,,,,
22500193380,,Shot Chart Detail,22500193,380,1628401,Derrick White,1610612738,Boston Celtics,3,9,23,Missed Shot,Jump Shot,3PT Field Goal,Above the Break 3,Left Side Center(LC),24+ ft.,24,-188,163,1,0,20251109,ORL,BOS,15970,0,1627759|1628401|1629674|1630202|1631169,0,REG,2026,1610612738,,,,,
22500193384,,Shot Chart Detail,22500193,384,1629674,Neemias Queta,1610612738,Boston Celtics,3,8,54,Missed Shot,Hook Shot,2PT Field Goal,In The Paint (Non-RA),Center(C),Less Than 8 ft.,5,-43,27,1,0,20251109,ORL,BOS,16260,0,1627759|1628401|1629674|1630202|1631169,0,REG,2026,1610612738,,,,,
22500193388,,Shot Chart Detail,22500193,388,1630202,Payton Pritchard,1610612738,Boston Celtics,3,8,45,Made Shot,Jump Shot,3PT Field Goal,Above the Break 3,Left Side Center(LC),24+ ft.,25,-116,229,1,1,20251109,ORL,BOS,16350,0,1627759|1628401|1629674|1630202|1631169,1,REG,2026,1610612738,,,,,
22500193401,,Shot Chart Detail,22500193,401,1627759,Jaylen Brown,1610612738,Boston Celtics,3,7,49,Made Shot,Driving Dunk Shot,2PT Field Goal,Restricted Area,Center(C),Less Than 8 ft.,0,-4,-2,1,1,20251109,ORL,BOS,16910,0,1627759|1628401|1629674|1630202|1631169,0,REG,2026,1610612738,,,,,
22500193407,,Shot Chart Detail,22500193,407,1627759,Jaylen Brown,1610612738,Boston Celtics,3,7,17,Missed Shot,Running Pull-Up Jump Shot,3PT Field Goal,Above the Break 3,Left Side Center(LC),24+ ft.,25,-121,220,1,0,20251109,ORL,BOS,17230,0,1627759|1628401|1629674|1630202|1631169,0,REG,2026,1610612738,,,,,
22500193432,,Shot Chart Detail,22500193,432,1627759,Jaylen Brown,1610612738,Boston Celtics,3,5,55,Missed Shot,Turnaround Fadeaway shot,2PT Field Goal,In The Paint (Non-RA),Center(C),8-16 ft.,12,-5,125,1,0,20251109,ORL,BOS,18050,0,1627759|1628401|1629014|1629674|1630573,0,REG,2026,1610612738,,,,,
22500193434,,Shot Chart Detail,22500193,434,1629674,Neemias Queta,1610612738,Boston Celtics,3,5,50,Made Shot,Tip Dunk Shot,2PT Field Goal,Restricted Area,Center(C),Less Than 8 ft.,0,0,0,1,1,20251109,ORL,BOS,18100,0,1627759|1628401|1629014|1629674|1630573,0,REG,2026,1610612738,,,,,
22500193455,,Shot Chart Detail,22500193,455,1627759,Jaylen Brown,1610612738,Boston Celtics,3,4,50,Missed Shot,Step Back Jump shot,3PT Field Goal,Above the Break 3,Right Side Center(RC),24+ ft.,24,86,227,1,0,20251109,ORL,BOS,18700,0,1627759|1629014|1630568|1630573|1641775,0,REG,2026,1610612738,,,,,
22500193466,,Shot Chart Detail,22500193,466,1627759,Jaylen Brown,1610612738,Boston Celtics,3,3,50,Made Shot,Running Layup Shot,2PT Field Goal,Restricted Area,Center(C),Less Than 8 ft.,2,15,24,1,1,20251109,ORL,BOS,19300,0,1627759|1629014|1630568|1630573|1641775,0,REG,2026,1610612738,,,,,
22500193469,,Shot Chart Detail,22500193,469,1629014,Anfernee Simons,1610612738,Boston Celtics,3,3,20,Missed Shot,Driving Layup Shot,2PT Field Goal,Restricted Area,Center(C),Less Than 8 ft.,2,-22,20,1,0,20251109,ORL,BOS,19600,0,1627759|1629014|1630568|1630573|1641775,0,REG,2026,1610612738,,,,,
22500193476,,Shot Chart Detail,22500193,476,1630573,Sam Hauser,1610612738,Boston Celtics,3,2,58,Missed Shot,Pullup Jump shot,2PT Field Goal,Mid-Range,Right Side Center(RC),16-24 ft.,17,74,163,1,0,20251109,ORL,BOS,19820,0,1627759|1629014|1630568|1630573|1641775,0,REG,2026,1610612738,,,,,
22500193478,,Shot Chart Detail,22500193,478,1630568,Luka Garza,1610612738,Boston Celtics,3,2,55,Made Shot,Layup Shot,2PT Field Goal,Restricted Area,Center(C),Less Than 8 ft.,2,18,13,1,1,20251109,ORL,BOS,19850,0,1627759|1629014|1630568|1630573|1641775,0,REG,2026,1610612738,,,,,
22500193498,,Shot Chart Detail,22500193,498,1627759,Jaylen Brown,1610612738,Boston Celtics,3,1,49,Missed Shot,Driving Floating Jump Shot,2PT Field Goal,In The Paint (Non-RA),Center(C),Less Than 8 ft.,5,-2,57,1,0,20251109,ORL,BOS,20510,0,1627759|1629014|1630568|1630573|1641775,0,REG,2026,1610612738,,,,,
22500193500,,Shot Chart Detail,22500193,500,1627759,Jaylen Brown,1610612738,Boston Celtics,3,1,46,Missed Shot,Putback Layup Shot,2PT Field Goal,Restricted Area,Center(C),Less Than 8 ft.,3,4,34,1,0,20251109,ORL,BOS,20540,0,1627759|1629014|1630568|1630573|1641775,0,REG,2026,1610612738,,,,,
22500193505,,Shot Chart Detail,22500193,505,1630573,Sam Hauser,1610612738,Boston Celtics,3,1,28,Missed Shot,Jump Shot,3PT Field Goal,Above the Break 3,Left Side Center(LC),24+ ft.,25,-173,187,1,0,20251109,ORL,BOS,20720,0,1627759|1629014|1630568|1630573|1641775,0,REG,2026,1610612738,,,,,
22500193507,,Shot Chart Detail,22500193,507,1630568,Luka Garza,1610612738,Boston Celtics,3,1,15,Made Shot,Floating Jump shot,2PT Field Goal,In The Paint (Non-RA),Center(C),8-16 ft.,10,10,101,1,1,20251109,ORL,BOS,20850,0,1627759|1629014|1630568|1630573|1641775,1,REG,2026,1610612738,,,,,
22500193515,,Shot Chart Detail,22500193,515,1629014,Anfernee Simons,1610612738,Boston Celtics,3,0,30,Missed Shot,Pullup Jump shot,3PT Field Goal,Above the Break 3,Right Side Center(RC),24+ ft.,26,83,247,1,0,20251109,ORL,BOS,21300,0,1627759|1629014|1629674|1630573|1641775,0,REG,2026,1610612738,,,,,
22500193546,,Shot Chart Detail,22500193,546,1641775,Jordan Walsh,1610612738,Boston Celtics,4,11,24,Made Shot,Jump Shot,3PT Field Goal,Above the Break 3,Left Side Center(LC),24+ ft.,25,-157,203,1,1,20251109,ORL,BOS,21960,0,1628401|1629674|1630202|1641775|1642864,1,REG,2026,1610612738,,,,,
22500193552,,Shot Chart Detail,22500193,552,1629674,Neemias Queta,1610612738,Boston Celtics,4,10,37,Made Shot,Dunk Shot,2PT Field Goal,Restricted Area,Center(C),Less Than 8 ft.,1,-6,9,1,1,20251109,ORL,BOS,22430,0,1628401|1629674|1630202|1641775|1642864,1,REG,2026,1610612738,,,,,
22500193568,,Shot Chart Detail,22500193,568,1629674,Neemias Queta,1610612738,Boston Celtics,4,8,59,Made Shot,Alley Oop Dunk Shot,2PT Field Goal,Restricted Area,Center(C),Less Than 8 ft.,0,-4,5,1,1,20251109,ORL,BOS,23410,0,1628401|1629674|1630202|1641775|1642864,1,REG,2026,1610612738,,,,,
22500193572,,Shot Chart Detail,22500193,572,1642864,Hugo González,1610612738,Boston Celtics,4,8,27,Made Shot,Jump Shot,3PT Field Goal,Right Corner 3,Right Side(R),24+ ft.,23,223,63,1,1,20251109,ORL,BOS,23730,0,1628401|1629674|1630202|1641775|1642864,1,REG,2026,1610612738,,,,,
22500193587,,Shot Chart Detail,22500193,587,1628401,Derrick White,1610612738,Boston Celtics,4,7,58,Made Shot,Pullup Jump shot,2PT Field Goal,Mid-Range,Center(C),8-16 ft.,14,29,145,1,1,20251109,ORL,BOS,24020,0,1628401|1630202|1630568|1641775|1642864,1,REG,2026,1610612738,,,,,
22500193594,,Shot Chart Detail,22500193,594,1630568,Luka Garza,1610612738,Boston Celtics,4,7,15,Made Shot,Cutting Layup Shot,2PT Field Goal,Restricted Area,Center(C),Less Than 8 ft.,3,18,26,1,1,20251109,ORL,BOS,24450,0,1628401|1630202|1630568|1641775|1642864,1,REG,2026,1610612738,,,,,
22500193599,,Shot Chart Detail,22500193,599,1630202,Payton Pritchard,1610612738,Boston Celtics,4,6,49,Missed Shot,Running Jump Shot,3PT Field Goal,Above the Break 3,Right Side Center(RC),24+ ft.,25,148,204,1,0,20251109,ORL,BOS,24710,0,1628401|1630202|1630568|1641775|1642864,0,REG,2026,1610612738,,,,,
22500193601,,Shot Chart Detail,22500193,601,1630568,Luka Garza,1610612738,Boston Celtics,4,6,47,Made Shot,Putback Layup Shot,2PT Field Goal,Restricted Area,Center(C),Less Than 8 ft.,2,9,20,1,1,20251109,ORL,BOS,24730,0,1628401|1630202|1630568|1641775|1642864,0,REG,2026,1610612738,,,,,
22500193609,,Shot Chart Detail,22500193,609,1630202,Payton Pritchard,1610612738,Boston Celtics,4,6,8,Missed Shot,Step Back Jump shot,2PT Field Goal,Mid-Range,Center(C),16-24 ft.,17,16,174,1,0,20251109,ORL,BOS,25120,0,1628401|1630202|1630568|1641775|1642864,0,REG,2026,1610612738,,,,,
22500193614,,Shot Chart Detail,22500193,614,1630568,Luka Garza,1610612738,Boston Celtics,4,5,50,Made Shot,Dunk Shot,2PT Field Goal,Restricted Area,Center(C),Less Than 8 ft.,0,-9,-2,1,1,20251109,ORL,BOS,25300,0,1628401|1630202|1630568|1641775|1642864,1,REG,2026,1610612738,,,,,
22500193621,,Shot Chart Detail,22500193,621,1628401,Derrick White,1610612738,Boston Celtics,4,5,15,Missed Shot,Pullup Jump shot,3PT Field Goal,Above the Break 3,Center(C),24+ ft.,25,-43,253,1,0,20251109,ORL,BOS,25650,0,1628401|1630202|1630568|1641775|1642864,0,REG,2026,1610612738,,,,,
22500193633,,Shot Chart Detail,22500193,633,1628401,Derrick White,1610612738,Boston Celtics,4,4,38,Missed Shot,Fadeaway Jump Shot,3PT Field Goal,Above the Break 3,Right Side Center(RC),24+ ft.,25,115,225,1,0,20251109,ORL,BOS,26020,0,1627759|1628401|1629014|1629674|1641775,0,REG,2026,1610612738,,,,,
22500193637,,Shot Chart Detail,22500193,637,1627759,Jaylen Brown,1610612738,Boston Celtics,4,4,9,Made Shot,Pullup Jump shot,2PT Field Goal,Mid-Range,Left Side Center(LC),16-24 ft.,16,-89,138,1,1,20251109,ORL,BOS,26310,0,1627759|1628401|1629014|1629674|1641775,0,REG,2026,1610612738,,,,,
22500193644,,Shot Chart Detail,22500193,644,1627759,Jaylen Brown,1610612738,Boston Celtics,4,3,38,Missed Shot,Driving Floating Jump Shot,2PT Field Goal,In The Paint (Non-RA),Right Side(R),8-16 ft.,12,76,95,1,0,20251109,ORL,BOS,26620,0,1627759|1628401|1629014|1629674|1641775,0,REG,2026,1610612738,,,,,
22500193662,,Shot Chart Detail,22500193,662,1627759,Jaylen Brown,1610612738,Boston Celtics,4,2,34,Missed Shot,Turnaround Jump Shot,2PT Field Goal,Mid-Range,Left Side Center(LC),16-24 ft.,16,-81,140,1,0,20251109,ORL,BOS,27260,0,1627759|1628401|1630202|1630568|1641775,0,REG,2026,1610612738,,,,,
22500193664,,Shot Chart Detail,22500193,664,1630568,Luka Garza,1610612738,Boston Celtics,4,2,31,Made Shot,Tip Layup Shot,2PT Field Goal,Restricted Area,Center(C),Less Than 8 ft.,0,0,0,1,1,20251109,ORL,BOS,27290,0,1627759|1628401|1630202|1630568|1641775,0,REG,2026,1610612738,,,,,
22500193680,,Shot Chart Detail,22500193,680,1627759,Jaylen Brown,1610612738,Boston Celtics,4,1,35,Made Shot,Pullup Jump shot,3PT Field Goal,Above the Break 3,Center(C),24+ ft.,31,54,306,1,1,20251109,ORL,BOS,27850,0,1627759|1628401|1630202|1630568|1641775,0,REG,2026,1610612738,,,,,
22500193689,,Shot Chart Detail,22500193,689,1628401,Derrick White,1610612738,Boston Celtics,4,0,45,Made Shot,Jump Shot,3PT Field Goal,Above the Break 3,Left Side Center(LC),24+ ft.,25,-157,197,1,1,20251109,ORL,BOS,28350,0,1627759|1628401|1630202|1630568|1641775,1,REG,2026,1610612738,,,,,
22500193698,,Shot Chart Detail,22500193,698,1641775,Jordan Walsh,1610612738,Boston Celtics,4,0,13,Made Shot,Jump Shot,3PT Field Goal,Right Corner 3,Right Side(R),24+ ft.,24,239,35,1,1,20251109,ORL,BOS,28670,0,1627759|1628401|1630202|1631169|1641775,1,REG,2026,1610612738,,,,,
225002099,,Shot Chart Detail,22500209,9,1628401,Derrick White,1610612738,Boston Celtics,1,11,20,Made Shot,Driving Floating Jump Shot,2PT Field Goal,In The Paint (Non-RA),Center(C),8-16 ft.,9,-20,88,1,1,20251111,PHI,BOS,400,0,1627759|1628401|1629674|1630202|1631169,1,REG,2026,1610612738,,,,,
2250020915,,Shot Chart Detail,22500209,15,1628401,Derrick White,1610612738,Boston Celtics,1,10,34,Missed Shot,Jump Shot,3PT Field Goal,Above the Break 3,Center(C),24+ ft.,25,59,246,1,0,20251111,PHI,BOS,860,0,1627759|1628401|1629674|1630202|1631169,0,REG,2026,1610612738,,,,,
2250020918,,Shot Chart Detail,22500209,18,1627759,Jaylen Brown,1610612738,Boston Celtics,1,10,21,Missed Shot,Driving Floating Jump Shot,2PT Field Goal,In The Paint (Non-RA),Center(C),8-16 ft.,10,16,101,1,0,20251111,PHI,BOS,990,0,1627759|1628401|1629674|1630202|1631169,0,REG,2026,1610612738,,,,,
2250020922,,Shot Chart Detail,22500209,22,1630202,Payton Pritchard,1610612738,Boston Celtics,1,10,9,Missed Shot,Running Pull-Up Jump Shot,2PT Field Goal,Mid-Range,Left Side Center(LC),16-24 ft.,21,-92,190,1,0,20251111,PHI,BOS,1110,0,1627759|1628401|1629674|1630202|1631169,0,REG,2026,1610612738,,,,,
2250020924,,Shot Chart Detail,22500209,24,1629674,Neemias Queta,1610612738,Boston Celtics,1,10,5,Made Shot,Putback Layup Shot,2PT Field Goal,Restricted Area,Center(C),Less Than 8 ft.,0,0,0,1,1,20251111,PHI,BOS,1150,0,1627759|1628401|1629674|1630202|1631169,0,REG,2026,1610612738,,,,,
2250020927,,Shot Chart Detail,22500209,27,1631169,Josh Minott,1610612738,Boston Celtics,1,9,43,Made Shot,Jump Shot,3PT Field Goal,Left Corner 3,Left Side(L),24+ ft.,23,-225,80,1,1,20251111,PHI,BOS,1370,0,1627759|1628401|1629674|1630202|1631169,1,REG,2026,1610612738,,,,,
2250020937,,Shot Chart Detail,22500209,37,1629674,Neemias Queta,1610612738,Boston Celtics,1,8,58,Made Shot,Dunk Shot,2PT Field Goal,Restricted Area,Center(C),Less Than 8 ft.,1,10,8,1,1,20251111,PHI,BOS,1820,0,1627759|1628401|1629674|1630202|1631169,1,REG,2026,1610612738,,,,,
2250020940,,Shot Chart Detail,22500209,40,1627759,Jaylen Brown,1610612738,Boston Celtics,1,8,28,Missed Shot,Step Back Jump shot,3PT Field Goal,Above the Break 3,Left Side Center(LC),24+ ft.,28,-126,257,1,0,20251111,PHI,BOS,2120,0,1627759|1628401|1629674|1630202|1631169,0,REG,2026,1610612738,,,,,
2250020944,,Shot Chart Detail,22500209,44,1627759,Jaylen Brown,1610612738,Boston Celtics,1,7,57,Missed Shot,Pullup Jump shot,2PT Field Goal,Mid-Range,Left Side Center(LC),16-24 ft.,21,-87,195,1,0,20251111,PHI,BOS,2430,0,1627759|1628401|1629674|1630202|1631169,0,REG,2026,1610612738,,,,,
2250020952,,Shot Chart Detail,22500209,52,1627759,Jaylen Brown,1610612738,Boston Celtics,1,7,13,Missed Shot,Running Finger Roll Layup Shot,2PT Field Goal,Restricted Area,Center(C),Less Than 8 ft.,2,11,20,1,0,20251111,PHI,BOS,2870,0,1627759|1628401|1629674|1630202|1631169,0,REG,2026,1610612738,,,,,
2250020965,,Shot Chart Detail,22500209,65,1629014,Anfernee Simons,1610612738,Boston Celtics,1,6,23,Missed Shot,Driving Finger Roll Layup Shot,2PT Field Goal,Restricted Area,Center(C),Less Than 8 ft.,3,26,20,1,0,20251111,PHI,BOS,3370,0,1627759|1628401|1629014|1629674|1630573,0,REG,2026,1610612738,,,,,
2250020969,,Shot Chart Detail,22500209,69,1629674,Neemias Queta,1610612738,Boston Celtics,1,6,16,Missed Shot,Turnaround Jump Shot,2PT Field Goal,Mid-Range,Center(C),16-24 ft.,16,-31,167,1,0,20251111,PHI,BOS,3440,0,1627759|1628401|1629014|1629674|1630573,0,REG,2026,1610612738,,,,,
2250020975,,Shot Chart Detail,22500209,75,1628401,Derrick White,1610612738,Boston Celtics,1,5,35,Missed Shot,Jump Shot,3PT Field Goal,Left Corner 3,Left Side(L),24+ ft.,23,-232,44,1,0,20251111,PHI,BOS,3850,0,1627759|1628401|1629014|1629674|1630573,0,REG,2026,1610612738,,,,,
2250020984,,Shot Chart Detail,22500209,84,1630573,Sam Hauser,1610612738,Boston Celtics,1,5,0,Made Shot,Jump Shot,3PT Field Goal,Above the Break 3,Right Side Center(RC),24+ ft.,27,145,230,1,1,20251111,PHI,BOS,4200,0,1627759|1628401|1629014|1630568|1630573,1,REG,2026,1610612738,,,,,
2250020988,,Shot Chart Detail,22500209,88,1628401,Derrick White,1610612738,Boston Celtics,1,4,33,Missed Shot,Jump Shot,3PT Field Goal,Left Corner 3,Left Side(L),24+ ft.,23,-230,48,1,0,20251111,PHI,BOS,4470,0,1627759|1628401|1629014|1630568|1630573,0,REG,2026,1610612738,,,,,
2250020995,,Shot Chart Detail,22500209,95,1627759,Jaylen Brown,1610612738,Boston Celtics,1,4,6,Missed Shot,Driving Layup Shot,2PT Field Goal,Restricted Area,Center(C),Less Than 8 ft.,2,-28,1,1,0,20251111,PHI,BOS,4740,0,1627759|1628401|1629014|1630568|1630573,0,REG,2026,1610612738,,,,,
2250020999,,Shot Chart Detail,22500209,99,1630573,Sam Hauser,1610612738,Boston Celtics,1,3,36,Missed Shot,Running Jump Shot,3PT Field Goal,Above the Break 3,Left Side Center(LC),24+ ft.,26,-126,238,1,0,20251111,PHI,BOS,5040,0,1627759|1628401|1629014|1630568|1630573,0,REG,2026,1610612738,,,,,
22500209103,,Shot Chart Detail,22500209,103,1629014,Anfernee Simons,1610612738,Boston Celtics,1,3,21,Made Shot,Running Jump Shot,3PT Field Goal,Above the Break 3,Right Side Center(RC),24+ ft.,26,142,225,1,1,20251111,PHI,BOS,5190,0,1627759|1628401|1629014|1630568|1630573,1,REG,2026,1610612738,,,,,
22500209107,,Shot Chart Detail,22500209,107,1630568,Luka Garza,1610612738,Boston Celtics,1,2,55,Made Shot,Running Layup Shot,2PT Field Goal,Restricted Area,Center(C),Less Than 8 ft.,2,13,22,1,1,20251111,PHI,BOS,5450,0,1627759|1628401|1629014|1630568|1630573,1,REG,2026,1610612738,,,,,
22500209110,,Shot Chart Detail,22500209,110,1628401,Derrick White,1610612738,Boston Celtics,1,2,22,Missed Shot,Jump Shot,3PT Field Goal,Above the Break 3,Right Side Center(RC),24+ ft.,26,85,249,1,0,20251111,PHI,BOS,5780,0,1627759|1628401|1629014|1630568|1630573,0,REG,2026,1610612738,,,,,
22500209124,,Shot Chart Detail,22500209,124,1641775,Jordan Walsh,1610612738,Boston Celtics,1,1,45,Missed Shot,Driving Finger Roll Layup Shot,2PT Field Goal,Restricted Area,Center(C),Less Than 8 ft.,2,10,21,1,0,20251111,PHI,BOS,6150,0,1629014|1630202|1630568|1630573|1641775,0,REG,2026,1610612738,,,,,
22500209126,,Shot Chart Detail,22500209,126,1630568,Luka Garza,1610612738,Boston Celtics,1,1,38,Missed Shot,Putback Layup Shot,2PT Field Goal,Restricted Area,Center(C),Less Than 8 ft.,0,0,0,1,0,20251111,PHI,BOS,6220,0,1629014|1630202|1630568|1630573|1641775,0,REG,2026,1610612738,,,,,
22500209130,,Shot Chart Detail,22500209,130,1629014,Anfernee Simons,1610612738,Boston Celtics,1,1,23,Missed Shot,Pullup Jump shot,2PT Field Goal,Mid-Range,Right Side Center(RC),16-24 ft.,17,85,152,1,0,20251111,PHI,BOS,6370,0,1629014|1630202|1630568|1630573|1641775,0,REG,2026,1610612738,,,,,
22500209134,,Shot Chart Detail,22500209,134,1630568,Luka Garza,1610612738,Boston Celtics,1,1,0,Missed Shot,Cutting Layup Shot,2PT Field Goal,Restricted Area,Center(C),Less Than 8 ft.,0,4,4,1,0,20251111,PHI,BOS,6600,0,1629014|1630202|1630568|1630573|1641775,0,REG,2026,1610612738,,,,,
22500209139,,Shot Chart Detail,22500209,139,1630202,Payton Pritchard,1610612738,Boston Celtics,1,0,49,Missed Shot,Running Jump Shot,3PT Field Goal,Above the Break 3,Left Side Center(LC),24+ ft.,30,-136,270,1,0,20251111,PHI,BOS,6710,0,1629014|1630202|1630568|1630573|1641775,0,REG,2026,1610612738,,,,,
22500209176,,Shot Chart Detail,22500209,176,1629014,Anfernee Simons,1610612738,Boston Celtics,2,11,46,Missed Shot,Pullup Jump shot,3PT Field Goal,Above the Break 3,Center(C),24+ ft.,27,-53,268,1,0,20251111,PHI,BOS,7340,0,1629014|1629674|1630202|1641775|1642864,0,REG,2026,1610612738,,,,,
22500209181,,Shot Chart Detail,22500209,181,1641775,Jordan Walsh,1610612738,Boston Celtics,2,11,29,Missed Shot,Running Dunk Shot,2PT Field Goal,Restricted Area,Center(C),Less Than 8 ft.,1,-4,17,1,0,20251111,PHI,BOS,7510,0,1629014|1629674|1630202|1641775|1642864,0,REG,2026,1610612738,,,,,
22500209185,,Shot Chart Detail,22500209,185,1641775,Jordan Walsh,1610612738,Boston Celtics,2,11,18,Missed Shot,Jump Shot,3PT Field Goal,Above the Break 3,Right Side Center(RC),24+ ft.,25,229,105,1,0,20251111,PHI,BOS,7620,0,1629014|1629674|1630202|1641775|1642864,0,REG,2026,1610612738,,,,,
22500209187,,Shot Chart Detail,22500209,187,1630202,Payton Pritchard,1610612738,Boston Celtics,2,11,3,Missed Shot,Driving Finger Roll Layup Shot,2PT Field Goal,Restricted Area,Center(C),Less Than 8 ft.,2,11,17,1,0,20251111,PHI,BOS,7770,0,1629014|1629674|1630202|1641775|1642864,0,REG,2026,1610612738,,,,,
22500209191,,Shot Chart Detail,22500209,191,1630202,Payton Pritchard,1610612738,Boston Celtics,2,11,1,Missed Shot,Jump Shot,3PT Field Goal,Above the Break 3,Center(C),24+ ft.,26,47,265,1,0,20251111,PHI,BOS,7790,0,1629014|1629674|1630202|1641775|1642864,0,REG,2026,1610612738,,,,,
22500209195,,Shot Chart Detail,22500209,195,1629014,Anfernee Simons,1610612738,Boston Celtics,2,10,39,Made Shot,Driving Layup Shot,2PT Field Goal,Restricted Area,Center(C),Less Than 8 ft.,0,-7,6,1,1,20251111,PHI,BOS,8010,0,1629014|1629674|1630202|1641775|1642864,0,REG,2026,1610612738,,,,,
22500209202,,Shot Chart Detail,22500209,202,1642864,Hugo González,1610612738,Boston Celtics,2,10,1,Made Shot,Jump Shot,3PT Field Goal,Left Corner 3,Left Side(L),24+ ft.,22,-227,37,1,1,20251111,PHI,BOS,8390,0,1629014|1629674|1630202|1641775|1642864,1,REG,2026,1610612738,,,,,
22500209206,,Shot Chart Detail,22500209,206,1629014,Anfernee Simons,1610612738,Boston Celtics,2,9,30,Missed Shot,Jump Shot,3PT Field Goal,Left Corner 3,Left Side(L),24+ ft.,23,-227,76,1,0,20251111,PHI,BOS,8700,0,1629014|1629674|1630202|1641775|1642864,0,REG,2026,1610612738,,,,,
22500209216,,Shot Chart Detail,22500209,216,1629014,Anfernee Simons,1610612738,Boston Celtics,2,8,48,Missed Shot,Jump Shot,3PT Field Goal,Above the Break 3,Center(C),24+ ft.,26,-32,262,1,0,20251111,PHI,BOS,9120,0,1629014|1630202|1630568|1641775|1642864,0,REG,2026,1610612738,,,,,
22500209218,,Shot Chart Detail,22500209,218,1642864,Hugo González,1610612738,Boston Celtics,2,8,42,Made Shot,Putback Layup Shot,2PT Field Goal,Restricted Area,Center(C),Less Than 8 ft.,0,0,0,1,1,20251111,PHI,BOS,9180,0,1629014|1630202|1630568|1641775|1642864,0,REG,2026,1610612738,,,,,
22500209221,,Shot Chart Detail,22500209,221,1629014,Anfernee Simons,1610612738,Boston Celtics,2,8,0,Missed Shot,Fadeaway Jump Shot,2PT Field Goal,Mid-Range,Left Side Center(LC),16-24 ft.,19,-104,164,1,0,20251111,PHI,BOS,9600,0,1629014|1630202|1630568|1641775|1642864,0,REG,2026,1610612738,,,,,
22500209232,,Shot Chart Detail,22500209,232,1630573,Sam Hauser,1610612738,Boston Celtics,2,7,25,Missed Shot,Pullup Jump shot,2PT Field Goal,Mid-Range,Left Side Center(LC),16-24 ft.,18,-124,133,1,0,20251111,PHI,BOS,9950,0,1630202|1630568|1630573|1631169|1642864,0,REG,2026,1610612738,,,,,
22500209243,,Shot Chart Detail,22500209,243,1628401,Derrick White,1610612738,Boston Celtics,2,6,40,Missed Shot,Fadeaway Jump Shot,2PT Field Goal,Mid-Range,Center(C),16-24 ft.,20,-43,196,1,0,20251111,PHI,BOS,10400,0,1627759|1628401|1630568|1630573|1631169,0,REG,2026,1610612738,,,,,
22500209248,,Shot Chart Detail,22500209,248,1630568,Luka Garza,1610612738,Boston Celtics,2,6,2,Missed Shot,Layup Shot,2PT Field Goal,Restricted Area,Center(C),Less Than 8 ft.,1,-18,6,1,0,20251111,PHI,BOS,10780,0,1627759|1628401|1630568|1630573|1631169,0,REG,2026,1610612738,,,,,
22500209253,,Shot Chart Detail,22500209,253,1628401,Derrick White,1610612738,Boston Celtics,2,5,29,Missed Shot,Driving Layup Shot,2PT Field Goal,Restricted Area,Center(C),Less Than 8 ft.,3,10,29,1,0,20251111,PHI,BOS,11110,0,1627759|1628401|1630568|1630573|1631169,0,REG,2026,1610612738,,,,,
22500209255,,Shot Chart Detail,22500209,255,1630568,Luka Garza,1610612738,Boston Celtics,2,5,25,Made Shot,Tip Layup Shot,2PT Field Goal,Restricted Area,Center(C),Less Than 8 ft.,0,0,0,1,1,20251111,PHI,BOS,11150,0,1627759|1628401|1630568|1630573|1631169,0,REG,2026,1610612738,,,,,
22500209262,,Shot Chart Detail,22500209,262,1630568,Luka Garza,1610612738,Boston Celtics,2,5,1,Made Shot,Cutting Layup Shot,2PT Field Goal,Restricted Area,Center(C),Less Than 8 ft.,0,2,7,1,1,20251111,PHI,BOS,11390,0,1627759|1628401|1630568|1630573|1631169,1,REG,2026,1610612738,,,,,
22500209276,,Shot Chart Detail,22500209,276,1641775,Jordan Walsh,1610612738,Boston Celtics,2,4,19,Missed Shot,Jump Shot,3PT Field Goal,Left Corner 3,Left Side(L),24+ ft.,23,-234,44,1,0,20251111,PHI,BOS,11810,0,1627759|1628401|1630568|1630573|1641775,0,REG,2026,1610612738,,,,,
22500209278,,Shot Chart Detail,22500209,278,1630568,Luka Garza,1610612738,Boston Celtics,2,4,11,Missed Shot,Jump Shot,3PT Field Goal,Right Corner 3,Right Side(R),24+ ft.,23,227,62,1,0,20251111,PHI,BOS,11890,0,1627759|1628401|1630568|1630573|1641775,0,REG,2026,1610612738,,,,,
22500209288,,Shot Chart Detail,22500209,288,1629674,Neemias Queta,1610612738,Boston Celtics,2,3,52,Missed Shot,Floating Jump shot,2PT Field Goal,In The Paint (Non-RA),Center(C),Less Than 8 ft.,7,74,27,1,0,20251111,PHI,BOS,12080,0,1627759|1628401|1629674|1630573|1641775,0,REG,2026,1610612738,,,,,
22500209307,,Shot Chart Detail,22500209,307,1627759,Jaylen Brown,1610612738,Boston Celtics,2,3,18,Made Shot,Step Back Jump shot,2PT Field Goal,Mid-Range,Center(C),16-24 ft.,19,-48,184,1,1,20251111,PHI,BOS,12420,0,1627759|1628401|1629674|1630202|1641775,0,REG,2026,1610612738,,,,,
22500209313,,Shot Chart Detail,22500209,313,1630202,Payton Pritchard,1610612738,Boston Celtics,2,2,40,Missed Shot,Jump Shot,3PT Field Goal,Above the Break 3,Left Side Center(LC),24+ ft.,27,-105,258,1,0,20251111,PHI,BOS,12800,0,1627759|1628401|1629674|1630202|1641775,0,REG,2026,1610612738,,,,,
22500209317,,Shot Chart Detail,22500209,317,1628401,Derrick White,1610612738,Boston Celtics,2,2,10,Missed Shot,Jump Shot,3PT Field Goal,Left Corner 3,Left Side(L),24+ ft.,23,-235,48,1,0,20251111,PHI,BOS,13100,0,1627759|1628401|1629674|1630202|1641775,0,REG,2026,1610612738,,,,,
22500209336,,Shot Chart Detail,22500209,336,1627759,Jaylen Brown,1610612738,Boston Celtics,2,0,35,Missed Shot,Jump Shot,3PT Field Goal,Above the Break 3,Center(C),24+ ft.,25,-53,247,1,0,20251111,PHI,BOS,14050,0,1627759|1628401|1629014|1629674|1641775,0,REG,2026,1610612738,,,,,
22500209340,,Shot Chart Detail,22500209,340,1641775,Jordan Walsh,1610612738,Boston Celtics,2,0,1,Made Shot,Driving Dunk Shot,2PT Field Goal,Restricted Area,Center(C),Less Than 8 ft.,0,-4,4,1,1,20251111,PHI,BOS,14390,0,1627759|1628401|1629014|1629674|1641775,1,REG,2026,1610612738,,,,,
22500209355,,Shot Chart Detail,22500209,355,1629674,Neemias Queta,1610612738,Boston Celtics,3,11,41,Missed Shot,Jump Shot,3PT Field Goal,Above the Break 3,Left Side Center(LC),24+ ft.,26,-116,234,1,0,20251111,PHI,BOS,14590,0,1627759|1628401|1629674|1630202|1641775,0,REG,2026,1610612738,,,,,
22500209357,,Shot Chart Detail,22500209,357,1630202,Payton Pritchard,1610612738,Boston Celtics,3,11,36,Made Shot,Reverse Layup Shot,2PT Field Goal,Restricted Area,Center(C),Less Than 8 ft.,2,7,19,1,1,20251111,PHI,BOS,14640,0,1627759|1628401|1629674|1630202|1641775,1,REG,2026,1610612738,,,,,
22500209365,,Shot Chart Detail,22500209,365,1630202,Payton Pritchard,1610612738,Boston Celtics,3,11,0,Missed Shot,Step Back Jump shot,3PT Field Goal,Above the Break 3,Left Side Center(LC),24+ ft.,25,-112,231,1,0,20251111,PHI,BOS,15000,0,1627759|1628401|1629674|1630202|1641775,0,REG,2026,1610612738,,,,,
22500209372,,Shot Chart Detail,22500209,372,1627759,Jaylen Brown,1610612738,Boston Celtics,3,10,18,Made Shot,Pullup Jump shot,2PT Field Goal,Mid-Range,Center(C),16-24 ft.,16,-6,169,1,1,20251111,PHI,BOS,15420,0,1627759|1628401|1629674|1630202|1641775,1,REG,2026,1610612738,,,,,
22500209377,,Shot Chart Detail,22500209,377,1641775,Jordan Walsh,1610612738,Boston Celtics,3,9,55,Made Shot,Dunk Shot,2PT Field Goal,Restricted Area,Center(C),Less Than 8 ft.,0,6,5,1,1,20251111,PHI,BOS,15650,0,1627759|1628401|1629674|1630202|1641775,1,REG,2026,1610612738,,,,,
22500209381,,Shot Chart Detail,22500209,381,1629674,Neemias Queta,1610612738,Boston Celtics,3,9,31,Made Shot,Dunk Shot,2PT Field Goal,Restricted Area,Center(C),Less Than 8 ft.,1,-5,17,1,1,20251111,PHI,BOS,15890,0,1627759|1628401|1629674|1630202|1641775,1,REG,2026,1610612738,,,,,
22500209386,,Shot Chart Detail,22500209,386,1627759,Jaylen Brown,1610612738,Boston Celtics,3,8,57,Made Shot,Turnaround Fadeaway shot,2PT Field Goal,Mid-Range,Center(C),16-24 ft.,18,-13,188,1,1,20251111,PHI,BOS,16230,0,1627759|1628401|1629674|1630202|1641775,1,REG,2026,1610612738,,,,,
22500209389,,Shot Chart Detail,22500209,389,1628401,Derrick White,1610612738,Boston Celtics,3,8,19,Made Shot,Pullup Jump shot,3PT Field Goal,Above the Break 3,Left Side Center(LC),24+ ft.,26,-83,248,1,1,20251111,PHI,BOS,16610,0,1627759|1628401|1629674|1630202|1641775,0,REG,2026,1610612738,,,,,
22500209406,,Shot Chart Detail,22500209,406,1641775,Jordan Walsh,1610612738,Boston Celtics,3,7,22,Made Shot,Jump Shot,3PT Field Goal,Left Corner 3,Left Side(L),24+ ft.,23,-228,59,1,1,20251111,PHI,BOS,17180,0,1627759|1628401|1629674|1630202|1641775,1,REG,2026,1610612738,,,,,
22500209412,,Shot Chart Detail,22500209,412,1628401,Derrick White,1610612738,Boston Celtics,3,6,57,Made Shot,Driving Floating Jump Shot,2PT Field Goal,In The Paint (Non-RA),Right Side(R),8-16 ft.,8,48,67,1,1,20251111,PHI,BOS,17430,0,1627759|1628401|1629674|1630202|1641775,0,REG,2026,1610612738,,,,,
22500209419,,Shot Chart Detail,22500209,419,1627759,Jaylen Brown,1610612738,Boston Celtics,3,6,33,Missed Shot,Running Layup Shot,2PT Field Goal,Restricted Area,Center(C),Less Than 8 ft.,3,9,37,1,0,20251111,PHI,BOS,17670,0,1627759|1628401|1629674|1630202|1641775,0,REG,2026,1610612738,,,,,
22500209437,,Shot Chart Detail,22500209,437,1629014,Anfernee Simons,1610612738,Boston Celtics,3,5,12,Missed Shot,Floating Jump shot,2PT Field Goal,Mid-Range,Center(C),16-24 ft.,16,21,168,1,0,20251111,PHI,BOS,18480,0,1627759|1628401|1629014|1630568|1641775,0,REG,2026,1610612738,,,,,
22500209443,,Shot Chart Detail,22500209,443,1627759,Jaylen Brown,1610612738,Boston Celtics,3,5,4,Made Shot,Driving Finger Roll Layup Shot,2PT Field Goal,Restricted Area,Center(C),Less Than 8 ft.,2,12,16,1,1,20251111,PHI,BOS,18560,0,1627759|1628401|1629014|1630568|1630573,1,REG,2026,1610612738,,,,,
22500209447,,Shot Chart Detail,22500209,447,1627759,Jaylen Brown,1610612738,Boston Celtics,3,4,36,Made Shot,Pullup Jump shot,2PT Field Goal,Mid-Range,Center(C),16-24 ft.,18,-16,185,1,1,20251111,PHI,BOS,18840,0,1627759|1628401|1629014|1630568|1630573,0,REG,2026,1610612738,,,,,
22500209451,,Shot Chart Detail,22500209,451,1629014,Anfernee Simons,1610612738,Boston Celtics,3,4,8,Missed Shot,Pullup Jump shot,3PT Field Goal,Above the Break 3,Right Side Center(RC),24+ ft.,27,98,257,1,0,20251111,PHI,BOS,19120,0,1627759|1628401|1629014|1630568|1630573,0,REG,2026,1610612738,,,,,
22500209455,,Shot Chart Detail,22500209,455,1628401,Derrick White,1610612738,Boston Celtics,3,3,36,Missed Shot,Driving Layup Shot,2PT Field Goal,Restricted Area,Center(C),Less Than 8 ft.,2,-12,27,1,0,20251111,PHI,BOS,19440,0,1627759|1628401|1629014|1630568|1630573,0,REG,2026,1610612738,,,,,
22500209461,,Shot Chart Detail,22500209,461,1627759,Jaylen Brown,1610612738,Boston Celtics,3,3,20,Made Shot,Pullup Jump shot,2PT Field Goal,Mid-Range,Center(C),16-24 ft.,19,10,193,1,1,20251111,PHI,BOS,19600,0,1627759|1628401|1629014|1630568|1630573,1,REG,2026,1610612738,,,,,
22500209468,,Shot Chart Detail,22500209,468,1627759,Jaylen Brown,1610612738,Boston Celtics,3,2,47,Made Shot,Jump Shot,3PT Field Goal,Right Corner 3,Right Side(R),24+ ft.,23,230,42,1,1,20251111,PHI,BOS,19930,0,1627759|1628401|1629014|1630568|1630573,1,REG,2026,1610612738,,,,,
22500209476,,Shot Chart Detail,22500209,476,1627759,Jaylen Brown,1610612738,Boston Celtics,3,2,13,Missed Shot,Pullup Jump shot,2PT Field Goal,Mid-Range,Center(C),16-24 ft.,18,7,188,1,0,20251111,PHI,BOS,20270,0,1627759|1628401|1629014|1630568|1630573,0,REG,2026,1610612738,,,,,
22500209480,,Shot Chart Detail,22500209,480,1628401,Derrick White,1610612738,Boston Celtics,3,1,45,Made Shot,Fadeaway Jump Shot,2PT Field Goal,Mid-Range,Left Side(L),8-16 ft.,12,-124,8,1,1,20251111,PHI,BOS,20550,0,1627759|1628401|1629014|1630568|1630573,1,REG,2026,1610612738,,,,,
22500209492,,Shot Chart Detail,22500209,492,1629014,Anfernee Simons,1610612738,Boston Celtics,3,1,26,Missed Shot,Jump Shot,3PT Field Goal,Left Corner 3,Left Side(L),24+ ft.,23,-232,52,1,0,20251111,PHI,BOS,20740,0,1628401|1629014|1630568|1630573|1642864,0,REG,2026,1610612738,,,,,
22500209505,,Shot Chart Detail,22500209,505,1628401,Derrick White,1610612738,Boston Celtics,3,0,34,Made Shot,Pullup Jump shot,3PT Field Goal,Above the Break 3,Right Side Center(RC),24+ ft.,27,165,225,1,1,20251111,PHI,BOS,21260,0,1628401|1629014|1630568|1630573|1641775,0,REG,2026,1610612738,,,,,
22500209514,,Shot Chart Detail,22500209,514,1628401,Derrick White,1610612738,Boston Celtics,3,0,2,Made Shot,Pullup Jump shot,3PT Field Goal,Above the Break 3,Left Side Center(LC),24+ ft.,26,-127,232,1,1,20251111,PHI,BOS,21580,0,1628401|1629014|1629674|1630573|1641775,0,REG,2026,1610612738,,,,,
22500209528,,Shot Chart Detail,22500209,528,1630573,Sam Hauser,1610612738,Boston Celtics,4,11,34,Missed Shot,Jump Shot,3PT Field Goal,Above the Break 3,Right Side Center(RC),24+ ft.,27,200,182,1,0,20251111,PHI,BOS,21860,0,1627759|1629014|1629674|1630202|1630573,0,REG,2026,1610612738,,,,,
22500209537,,Shot Chart Detail,22500209,537,1627759,Jaylen Brown,1610612738,Boston Celtics,4,10,23,Missed Shot,Pullup Jump shot,2PT Field Goal,Mid-Range,Center(C),8-16 ft.,15,-59,147,1,0,20251111,PHI,BOS,22570,0,1627759|1629014|1629674|1630202|1630573,0,REG,2026,1610612738,,,,,
22500209551,,Shot Chart Detail,22500209,551,1629014,Anfernee Simons,1610612738,Boston Celtics,4,9,19,Made Shot,Step Back Jump shot,3PT Field Goal,Above the Break 3,Right Side Center(RC),24+ ft.,26,214,157,1,1,20251111,PHI,BOS,23210,0,1629014|1629674|1630202|1630573|1641775,1,REG,2026,1610612738,,,,,
22500209554,,Shot Chart Detail,22500209,554,1629014,Anfernee Simons,1610612738,Boston Celtics,4,8,48,Made Shot,Step Back Jump shot,3PT Field Goal,Above the Break 3,Right Side Center(RC),24+ ft.,25,100,231,1,1,20251111,PHI,BOS,23520,0,1629014|1629674|1630202|1630573|1641775,0,REG,2026,1610612738,,,,,
22500209569,,Shot Chart Detail,22500209,569,1629014,Anfernee Simons,1610612738,Boston Celtics,4,7,56,Made Shot,Driving Floating Jump Shot,2PT Field Goal,Mid-Range,Center(C),8-16 ft.,15,-6,159,1,1,20251111,PHI,BOS,24040,0,1629014|1630202|1630568|1630573|1641775,0,REG,2026,1610612738,,,,,
22500209574,,Shot Chart Detail,22500209,574,1630573,Sam Hauser,1610612738,Boston Celtics,4,7,22,Missed Shot,Jump Shot,3PT Field Goal,Above the Break 3,Left Side Center(LC),24+ ft.,25,-104,236,1,0,20251111,PHI,BOS,24380,0,1629014|1630202|1630568|1630573|1641775,0,REG,2026,1610612738,,,,,
22500209580,,Shot Chart Detail,22500209,580,1630202,Payton Pritchard,1610612738,Boston Celtics,4,7,6,Made Shot,Running Jump Shot,3PT Field Goal,Above the Break 3,Right Side Center(RC),24+ ft.,28,181,218,1,1,20251111,PHI,BOS,24540,0,1629014|1630202|1630568|1630573|1641775,1,REG,2026,1610612738,,,,,
22500209584,,Shot Chart Detail,22500209,584,1629014,Anfernee Simons,1610612738,Boston Celtics,4,6,17,Missed Shot,Turnaround Fadeaway shot,2PT Field Goal,In The Paint (Non-RA),Center(C),8-16 ft.,11,-37,105,1,0,20251111,PHI,BOS,25030,0,1629014|1630202|1630568|1630573|1641775,0,REG,2026,1610612738,,,,,
22500209596,,Shot Chart Detail,22500209,596,1628401,Derrick White,1610612738,Boston Celtics,4,5,34,Missed Shot,Pullup Jump shot,2PT Field Goal,Mid-Range,Center(C),8-16 ft.,15,-70,142,1,0,20251111,PHI,BOS,25460,0,1627759|1628401|1630202|1630568|1641775,0,REG,2026,1610612738,,,,,
22500209598,,Shot Chart Detail,22500209,598,1627759,Jaylen Brown,1610612738,Boston Celtics,4,5,24,Missed Shot,Driving Dunk Shot,2PT Field Goal,Restricted Area,Center(C),Less Than 8 ft.,3,0,30,1,0,20251111,PHI,BOS,25560,0,1627759|1628401|1630202|1630568|1641775,0,REG,2026,1610612738,,,,,
22500209602,,Shot Chart Detail,22500209,602,1628401,Derrick White,1610612738,Boston Celtics,4,4,51,Missed Shot,Turnaround Jump Shot,2PT Field Goal,In The Paint (Non-RA),Center(C),Less Than 8 ft.,6,-69,-1,1,0,20251111,PHI,BOS,25890,0,1627759|1628401|1630202|1630568|1641775,0,REG,2026,1610612738,,,,,
22500209610,,Shot Chart Detail,22500209,610,1627759,Jaylen Brown,1610612738,Boston Celtics,4,4,24,Made Shot,Turnaround Jump Shot,2PT Field Goal,Mid-Range,Center(C),16-24 ft.,17,9,173,1,1,20251111,PHI,BOS,26160,0,1627759|1628401|1629674|1630202|1641775,0,REG,2026,1610612738,,,,,
22500209617,,Shot Chart Detail,22500209,617,1629674,Neemias Queta,1610612738,Boston Celtics,4,3,24,Made Shot,Alley Oop Dunk Shot,2PT Field Goal,Restricted Area,Center(C),Less Than 8 ft.,1,7,16,1,1,20251111,PHI,BOS,26760,0,1627759|1628401|1629674|1630202|1641775,1,REG,2026,1610612738,,,,,
22500209625,,Shot Chart Detail,22500209,625,1630202,Payton Pritchard,1610612738,Boston Celtics,4,2,51,Missed Shot,Pullup Jump shot,2PT Field Goal,Mid-Range,Center(C),16-24 ft.,18,11,189,1,0,20251111,PHI,BOS,27090,0,1627759|1628401|1629674|1630202|1641775,0,REG,2026,1610612738,,,,,
22500209627,,Shot Chart Detail,22500209,627,1628401,Derrick White,1610612738,Boston Celtics,4,2,41,Missed Shot,Jump Shot,3PT Field Goal,Right Corner 3,Right Side(R),24+ ft.,24,237,42,1,0,20251111,PHI,BOS,27190,0,1627759|1628401|1629674|1630202|1641775,0,REG,2026,1610612738,,,,,
22500209644,,Shot Chart Detail,22500209,644,1628401,Derrick White,1610612738,Boston Celtics,4,1,53,Made Shot,Jump Shot,3PT Field Goal,Above the Break 3,Center(C),24+ ft.,26,-9,268,1,1,20251111,PHI,BOS,27670,0,1627759|1628401|1629014|1629674|1641775,1,REG,2026,1610612738,,,,,
22500209648,,Shot Chart Detail,22500209,648,1628401,Derrick White,1610612738,Boston Celtics,4,1,12,Missed Shot,Driving Floating Jump Shot,2PT Field Goal,In The Paint (Non-RA),Right Side(R),8-16 ft.,12,76,98,1,0,20251111,PHI,BOS,28080,0,1627759|1628401|1629014|1629674|1641775,0,REG,2026,1610612738,,,,,
22500209665,,Shot Chart Detail,22500209,665,1628401,Derrick White,1610612738,Boston Celtics,4,0,1,Missed Shot,Jump Shot,3PT Field Goal,Above the Break 3,Center(C),24+ ft.,38,-116,367,1,0,20251111,PHI,BOS,28790,0,1627759|1628401|1629014|1629674|1630202,0,REG,2026,1610612738,,,,,
22500209667,,Shot Chart Detail,22500209,667,1629674,Neemias Queta,1610612738,Boston Celtics,4,0,0,Missed Shot,Tip Layup Shot,2PT Field Goal,Restricted Area,Center(C),Less Than 8 ft.,0,0,0,1,0,20251111,PHI,BOS,28800,0,1627759|1628401|1629014|1629674|1630202,0,REG,2026,1610612738,,,,,
225002169,,Shot Chart Detail,22500216,9,1627759,Jaylen Brown,1610612738,Boston Celtics,1,11,33,Made Shot,Turnaround Jump Shot,2PT Field Goal,In The Paint (Non-RA),Center(C),8-16 ft.,14,-49,132,1,1,20251112,BOS,MEM,270,0,1627759|1628401|1629674|1630202|1641775,0,REG,2026,1610612738,,,,,
2250021617,,Shot Chart Detail,22500216,17,1641775,Jordan Walsh,1610612738,Boston Celtics,1,10,53,Made Shot,Running Finger Roll Layup Shot,2PT Field Goal,Restricted Area,Center(C),Less Than 8 ft.,2,18,12,1,1,20251112,BOS,MEM,670,0,1627759|1628401|1629674|1630202|1641775,1,REG,2026,1610612738,,,,,
2250021631,,Shot Chart Detail,22500216,31,1630202,Payton Pritchard,1610612738,Boston Celtics,1,9,29,Made Shot,Jump Shot,3PT Field Goal,Above the Break 3,Left Side Center(LC),24+ ft.,25,-142,207,1,1,20251112,BOS,MEM,1510,0,1627759|1628401|1629674|1630202|1641775,1,REG,2026,1610612738,,,,,
2250021637,,Shot Chart Detail,22500216,37,1627759,Jaylen Brown,1610612738,Boston Celtics,1,8,46,Made Shot,Turnaround Fadeaway shot,2PT Field Goal,In The Paint (Non-RA),Center(C),8-16 ft.,12,62,109,1,1,20251112,BOS,MEM,1940,0,1627759|1628401|1629674|1630202|1641775,0,REG,2026,1610612738,,,,,
2250021646,,Shot Chart Detail,22500216,46,1629674,Neemias Queta,1610612738,Boston Celtics,1,8,24,Made Shot,Cutting Layup Shot,2PT Field Goal,In The Paint (Non-RA),Center(C),Less Than 8 ft.,4,43,17,1,1,20251112,BOS,MEM,2160,0,1627759|1628401|1629674|1630202|1641775,1,REG,2026,1610612738,,,,,
2250021650,,Shot Chart Detail,22500216,50,1630202,Payton Pritchard,1610612738,Boston Celtics,1,8,1,Missed Shot,Pullup Jump shot,3PT Field Goal,Above the Break 3,Center(C),24+ ft.,27,-28,277,1,0,20251112,BOS,MEM,2390,0,1627759|1628401|1629674|1630202|1641775,0,REG,2026,1610612738,,,,,
2250021652,,Shot Chart Detail,22500216,52,1628401,Derrick White,1610612738,Boston Celtics,1,7,56,Made Shot,Step Back Jump shot,3PT Field Goal,Left Corner 3,Left Side(L),24+ ft.,23,-228,31,1,1,20251112,BOS,MEM,2440,0,1627759|1628401|1629674|1630202|1641775,1,REG,2026,1610612738,,,,,
2250021656,,Shot Chart Detail,22500216,56,1641775,Jordan Walsh,1610612738,Boston Celtics,1,7,30,Missed Shot,Jump Shot,3PT Field Goal,Left Corner 3,Left Side(L),24+ ft.,24,-229,73,1,0,20251112,BOS,MEM,2700,0,1627759|1628401|1629674|1630202|1641775,0,REG,2026,1610612738,,,,,
2250021660,,Shot Chart Detail,22500216,60,1628401,Derrick White,1610612738,Boston Celtics,1,7,6,Missed Shot,Jump Shot,3PT Field Goal,Above the Break 3,Right Side Center(RC),24+ ft.,26,103,247,1,0,20251112,BOS,MEM,2940,0,1627759|1628401|1629674|1630202|1641775,0,REG,2026,1610612738,,,,,
2250021673,,Shot Chart Detail,22500216,73,1627759,Jaylen Brown,1610612738,Boston Celtics,1,6,39,Missed Shot,Pullup Jump shot,2PT Field Goal,Mid-Range,Center(C),16-24 ft.,17,-53,164,1,0,20251112,BOS,MEM,3210,0,1627759|1628401|1629674|1630202|1630573,0,REG,2026,1610612738,,,,,
2250021676,,Shot Chart Detail,22500216,76,1629674,Neemias Queta,1610612738,Boston Celtics,1,6,4,Made Shot,Cutting Dunk Shot,2PT Field Goal,Restricted Area,Center(C),Less Than 8 ft.,0,-1,1,1,1,20251112,BOS,MEM,3560,0,1627759|1628401|1629674|1630202|1630573,1,REG,2026,1610612738,,,,,
2250021682,,Shot Chart Detail,22500216,82,1628401,Derrick White,1610612738,Boston Celtics,1,5,31,Made Shot,Driving Finger Roll Layup Shot,2PT Field Goal,Restricted Area,Center(C),Less Than 8 ft.,2,23,1,1,1,20251112,BOS,MEM,3890,0,1627759|1628401|1629674|1630202|1630573,0,REG,2026,1610612738,,,,,
2250021685,,Shot Chart Detail,22500216,85,1630573,Sam Hauser,1610612738,Boston Celtics,1,5,16,Made Shot,Pullup Jump shot,2PT Field Goal,Mid-Range,Left Side(L),8-16 ft.,15,-126,90,1,1,20251112,BOS,MEM,4040,0,1627759|1628401|1629674|1630202|1630573,1,REG,2026,1610612738,,,,,
22500216101,,Shot Chart Detail,22500216,101,1630202,Payton Pritchard,1610612738,Boston Celtics,1,4,41,Missed Shot,Pullup Jump shot,2PT Field Goal,Mid-Range,Right Side(R),8-16 ft.,13,126,59,1,0,20251112,BOS,MEM,4390,0,1627759|1629014|1630202|1630568|1630573,0,REG,2026,1610612738,,,,,
22500216104,,Shot Chart Detail,22500216,104,1630568,Luka Garza,1610612738,Boston Celtics,1,4,20,Made Shot,Jump Shot,3PT Field Goal,Above the Break 3,Center(C),24+ ft.,26,69,253,1,1,20251112,BOS,MEM,4600,0,1627759|1629014|1630202|1630568|1630573,1,REG,2026,1610612738,,,,,
22500216107,,Shot Chart Detail,22500216,107,1629014,Anfernee Simons,1610612738,Boston Celtics,1,3,53,Made Shot,Jump Shot,3PT Field Goal,Above the Break 3,Right Side Center(RC),24+ ft.,26,131,231,1,1,20251112,BOS,MEM,4870,0,1627759|1629014|1630202|1630568|1630573,1,REG,2026,1610612738,,,,,
22500216111,,Shot Chart Detail,22500216,111,1630568,Luka Garza,1610612738,Boston Celtics,1,3,29,Missed Shot,Jump Shot,3PT Field Goal,Above the Break 3,Center(C),24+ ft.,27,-66,265,1,0,20251112,BOS,MEM,5110,0,1627759|1629014|1630202|1630568|1630573,0,REG,2026,1610612738,,,,,
22500216115,,Shot Chart Detail,22500216,115,1627759,Jaylen Brown,1610612738,Boston Celtics,1,3,7,Missed Shot,Running Pull-Up Jump Shot,3PT Field Goal,Above the Break 3,Right Side Center(RC),24+ ft.,24,97,226,1,0,20251112,BOS,MEM,5330,0,1627759|1629014|1630202|1630568|1630573,0,REG,2026,1610612738,,,,,
22500216117,,Shot Chart Detail,22500216,117,1629014,Anfernee Simons,1610612738,Boston Celtics,1,3,1,Missed Shot,Jump Shot,3PT Field Goal,Left Corner 3,Left Side(L),24+ ft.,23,-228,71,1,0,20251112,BOS,MEM,5390,0,1627759|1629014|1630202|1630568|1630573,0,REG,2026,1610612738,,,,,
22500216119,,Shot Chart Detail,22500216,119,1630568,Luka Garza,1610612738,Boston Celtics,1,2,59,Missed Shot,Tip Layup Shot,2PT Field Goal,Restricted Area,Center(C),Less Than 8 ft.,0,0,0,1,0,20251112,BOS,MEM,5410,0,1627759|1629014|1630202|1630568|1630573,0,REG,2026,1610612738,,,,,
22500216127,,Shot Chart Detail,22500216,127,1628401,Derrick White,1610612738,Boston Celtics,1,2,48,Made Shot,Jump Shot,3PT Field Goal,Right Corner 3,Right Side(R),24+ ft.,23,221,64,1,1,20251112,BOS,MEM,5520,0,1628401|1629014|1630568|1630573|1631169,1,REG,2026,1610612738,,,,,
22500216137,,Shot Chart Detail,22500216,137,1630573,Sam Hauser,1610612738,Boston Celtics,1,1,53,Missed Shot,Pullup Jump shot,3PT Field Goal,Above the Break 3,Center(C),24+ ft.,25,62,252,1,0,20251112,BOS,MEM,6070,0,1628401|1629014|1630568|1630573|1631169,0,REG,2026,1610612738,,,,,
22500216147,,Shot Chart Detail,22500216,147,1629014,Anfernee Simons,1610612738,Boston Celtics,1,1,20,Missed Shot,Cutting Layup Shot,2PT Field Goal,Mid-Range,Left Side(L),8-16 ft.,9,-88,46,1,0,20251112,BOS,MEM,6400,0,1628401|1629014|1630568|1630573|1631169,0,REG,2026,1610612738,,,,,
22500216152,,Shot Chart Detail,22500216,152,1628401,Derrick White,1610612738,Boston Celtics,1,0,59,Missed Shot,Driving Floating Jump Shot,2PT Field Goal,Mid-Range,Right Side(R),8-16 ft.,9,88,41,1,0,20251112,BOS,MEM,6610,0,1628401|1629014|1630568|1630573|1631169,0,REG,2026,1610612738,,,,,
22500216156,,Shot Chart Detail,22500216,156,1630568,Luka Garza,1610612738,Boston Celtics,1,0,30,Made Shot,Jump Shot,3PT Field Goal,Right Corner 3,Right Side(R),24+ ft.,23,230,31,1,1,20251112,BOS,MEM,6900,0,1628401|1629014|1630568|1630573|1631169,1,REG,2026,1610612738,,,,,
22500216175,,Shot Chart Detail,22500216,175,1629674,Neemias Queta,1610612738,Boston Celtics,2,11,43,Made Shot,Driving Reverse Layup Shot,2PT Field Goal,Restricted Area,Center(C),Less Than 8 ft.,2,20,2,1,1,20251112,BOS,MEM,7370,0,1628401|1629014|1629674|1631169|1642864,1,REG,2026,1610612738,,,,,
22500216182,,Shot Chart Detail,22500216,182,1629014,Anfernee Simons,1610612738,Boston Celtics,2,11,8,Missed Shot,Step Back Jump shot,3PT Field Goal,Above the Break 3,Center(C),24+ ft.,30,-40,299,1,0,20251112,BOS,MEM,7720,0,1628401|1629014|1629674|1631169|1642864,0,REG,2026,1610612738,,,,,
22500216191,,Shot Chart Detail,22500216,191,1642864,Hugo González,1610612738,Boston Celtics,2,10,33,Missed Shot,Driving Floating Jump Shot,2PT Field Goal,Mid-Range,Right Side(R),8-16 ft.,9,85,48,1,0,20251112,BOS,MEM,8070,0,1628401|1629014|1629674|1631169|1642864,0,REG,2026,1610612738,,,,,
22500216206,,Shot Chart Detail,22500216,206,1628401,Derrick White,1610612738,Boston Celtics,2,9,19,Missed Shot,Jump Shot,3PT Field Goal,Above the Break 3,Left Side Center(LC),24+ ft.,27,-97,252,1,0,20251112,BOS,MEM,8810,0,1628401|1629014|1629674|1631169|1631248,0,REG,2026,1610612738,,,,,
22500216211,,Shot Chart Detail,22500216,211,1631248,Baylor Scheierman,1610612738,Boston Celtics,2,8,41,Missed Shot,Jump Shot,3PT Field Goal,Above the Break 3,Right Side Center(RC),24+ ft.,25,200,153,1,0,20251112,BOS,MEM,9190,0,1628401|1629014|1629674|1631169|1631248,0,REG,2026,1610612738,,,,,
22500216215,,Shot Chart Detail,22500216,215,1629014,Anfernee Simons,1610612738,Boston Celtics,2,8,8,Missed Shot,Turnaround Fadeaway shot,2PT Field Goal,Mid-Range,Center(C),16-24 ft.,16,-48,155,1,0,20251112,BOS,MEM,9520,0,1628401|1629014|1629674|1631169|1631248,0,REG,2026,1610612738,,,,,
22500216235,,Shot Chart Detail,22500216,235,1629674,Neemias Queta,1610612738,Boston Celtics,2,7,46,Made Shot,Alley Oop Dunk Shot,2PT Field Goal,Restricted Area,Center(C),Less Than 8 ft.,0,-6,6,1,1,20251112,BOS,MEM,9740,0,1629674|1630202|1630573|1631248|1641775,1,REG,2026,1610612738,,,,,
22500216242,,Shot Chart Detail,22500216,242,1630202,Payton Pritchard,1610612738,Boston Celtics,2,7,21,Made Shot,Pullup Jump shot,3PT Field Goal,Above the Break 3,Center(C),24+ ft.,25,49,253,1,1,20251112,BOS,MEM,9990,0,1629674|1630202|1630573|1631248|1641775,1,REG,2026,1610612738,,,,,
22500216257,,Shot Chart Detail,22500216,257,1627759,Jaylen Brown,1610612738,Boston Celtics,2,6,32,Missed Shot,Step Back Jump shot,2PT Field Goal,Mid-Range,Right Side(R),8-16 ft.,14,114,94,1,0,20251112,BOS,MEM,10480,0,1627759|1628449|1630202|1630573|1641775,0,REG,2026,1610612738,,,,,
22500216260,,Shot Chart Detail,22500216,260,1641775,Jordan Walsh,1610612738,Boston Celtics,2,6,28,Made Shot,Cutting Layup Shot,2PT Field Goal,In The Paint (Non-RA),Center(C),Less Than 8 ft.,4,-31,37,1,1,20251112,BOS,MEM,10520,0,1627759|1628449|1630202|1630573|1641775,1,REG,2026,1610612738,,,,,
22500216265,,Shot Chart Detail,22500216,265,1630573,Sam Hauser,1610612738,Boston Celtics,2,5,53,Missed Shot,Jump Shot,3PT Field Goal,Above the Break 3,Center(C),24+ ft.,30,17,301,1,0,20251112,BOS,MEM,10870,0,1627759|1628449|1630202|1630573|1641775,0,REG,2026,1610612738,,,,,
22500216273,,Shot Chart Detail,22500216,273,1627759,Jaylen Brown,1610612738,Boston Celtics,2,5,24,Made Shot,Step Back Jump shot,2PT Field Goal,Mid-Range,Center(C),16-24 ft.,18,28,180,1,1,20251112,BOS,MEM,11160,0,1627759|1628449|1629674|1630202|1630573,0,REG,2026,1610612738,,,,,
22500216281,,Shot Chart Detail,22500216,281,1630202,Payton Pritchard,1610612738,Boston Celtics,2,4,40,Made Shot,Step Back Jump shot,2PT Field Goal,Mid-Range,Left Side Center(LC),16-24 ft.,22,-159,159,1,1,20251112,BOS,MEM,11600,0,1627759|1628449|1629674|1630202|1630573,0,REG,2026,1610612738,,,,,
22500216286,,Shot Chart Detail,22500216,286,1627759,Jaylen Brown,1610612738,Boston Celtics,2,4,16,Made Shot,Jump Shot,3PT Field Goal,Above the Break 3,Center(C),24+ ft.,27,54,270,1,1,20251112,BOS,MEM,11840,0,1627759|1628449|1629674|1630202|1630573,1,REG,2026,1610612738,,,,,
22500216299,,Shot Chart Detail,22500216,299,1627759,Jaylen Brown,1610612738,Boston Celtics,2,3,53,Made Shot,Fadeaway Jump Shot,2PT Field Goal,Mid-Range,Right Side Center(RC),16-24 ft.,17,78,152,1,1,20251112,BOS,MEM,12070,0,1627759|1628449|1630202|1630568|1630573,0,REG,2026,1610612738,,,,,
22500216323,,Shot Chart Detail,22500216,323,1627759,Jaylen Brown,1610612738,Boston Celtics,2,3,19,Missed Shot,Driving Floating Jump Shot,2PT Field Goal,In The Paint (Non-RA),Center(C),Less Than 8 ft.,7,65,43,1,0,20251112,BOS,MEM,12410,0,1627759|1628401|1630202|1630568|1630573,0,REG,2026,1610612738,,,,,
22500216311,,Shot Chart Detail,22500216,311,1627759,Jaylen Brown,1610612738,Boston Celtics,2,3,5,Made Shot,Running Layup Shot,2PT Field Goal,Restricted Area,Center(C),Less Than 8 ft.,2,22,15,1,1,20251112,BOS,MEM,12550,0,1627759|1628401|1630202|1630568|1630573,1,REG,2026,1610612738,,,,,
22500216315,,Shot Chart Detail,22500216,315,1627759,Jaylen Brown,1610612738,Boston Celtics,2,2,34,Missed Shot,Jump Shot,3PT Field Goal,Above the Break 3,Left Side Center(LC),24+ ft.,26,-129,236,1,0,20251112,BOS,MEM,12860,0,1627759|1628401|1630202|1630568|1630573,0,REG,2026,1610612738,,,,,
22500216317,,Shot Chart Detail,22500216,317,1628401,Derrick White,1610612738,Boston Celtics,2,2,31,Made Shot,Putback Layup Shot,2PT Field Goal,Restricted Area,Center(C),Less Than 8 ft.,0,0,0,1,1,20251112,BOS,MEM,12890,0,1627759|1628401|1630202|1630568|1630573,0,REG,2026,1610612738,,,,,
22500216320,,Shot Chart Detail,22500216,320,1627759,Jaylen Brown,1610612738,Boston Celtics,2,2,5,Made Shot,Jump Shot,3PT Field Goal,Above the Break 3,Right Side Center(RC),24+ ft.,25,85,244,1,1,20251112,BOS,MEM,13150,0,1627759|1628401|1630202|1630568|1630573,1,REG,2026,1610612738,,,,,
22500216331,,Shot Chart Detail,22500216,331,1630202,Payton Pritchard,1610612738,Boston Celtics,2,1,43,Missed Shot,Jump Shot,2PT Field Goal,In The Paint (Non-RA),Center(C),8-16 ft.,13,-36,125,1,0,20251112,BOS,MEM,13370,0,1627759|1628401|1630202|1630568|1630573,0,REG,2026,1610612738,,,,,
22500216333,,Shot Chart Detail,22500216,333,1630202,Payton Pritchard,1610612738,Boston Celtics,2,1,33,Missed Shot,Jump Shot,3PT Field Goal,Above the Break 3,Right Side Center(RC),24+ ft.,26,152,218,1,0,20251112,BOS,MEM,13470,0,1627759|1628401|1630202|1630568|1630573,0,REG,2026,1610612738,,,,,
22500216339,,Shot Chart Detail,22500216,339,1628401,Derrick White,1610612738,Boston Celtics,2,0,57,Made Shot,Pullup Jump shot,3PT Field Goal,Above the Break 3,Right Side Center(RC),24+ ft.,25,135,220,1,1,20251112,BOS,MEM,13830,0,1627759|1628401|1630202|1630568|1630573,0,REG,2026,1610612738,,,,,
22500216342,,Shot Chart Detail,22500216,342,1627759,Jaylen Brown,1610612738,Boston Celtics,2,0,32,Missed Shot,Driving Reverse Layup Shot,2PT Field Goal,In The Paint (Non-RA),Center(C),Less Than 8 ft.,4,-34,22,1,0,20251112,BOS,MEM,14080,0,1627759|1628401|1630202|1630568|1630573,0,REG,2026,1610612738,,,,,
22500216344,,Shot Chart Detail,22500216,344,1630568,Luka Garza,1610612738,Boston Celtics,2,0,30,Made Shot,Putback Layup Shot,2PT Field Goal,In The Paint (Non-RA),Center(C),Less Than 8 ft.,4,42,10,1,1,20251112,BOS,MEM,14100,0,1627759|1628401|1630202|1630568|1630573,0,REG,2026,1610612738,,,,,
22500216347,,Shot Chart Detail,22500216,347,1630202,Payton Pritchard,1610612738,Boston Celtics,2,0,1,Made Shot,Driving Layup Shot,2PT Field Goal,Restricted Area,Center(C),Less Than 8 ft.,3,31,8,1,1,20251112,BOS,MEM,14390,0,1627759|1628401|1630202|1630568|1630573,0,REG,2026,1610612738,,,,,
22500216360,,Shot Chart Detail,22500216,360,1628401,Derrick White,1610612738,Boston Celtics,3,11,40,Missed Shot,Pullup Jump shot,2PT Field Goal,Mid-Range,Right Side Center(RC),16-24 ft.,17,75,153,1,0,20251112,BOS,MEM,14600,0,1627759|1628401|1629674|1630202|1641775,0,REG,2026,1610612738,,,,,
22500216362,,Shot Chart Detail,22500216,362,1628401,Derrick White,1610612738,Boston Celtics,3,11,35,Missed Shot,Jump Shot,3PT Field Goal,Above the Break 3,Right Side Center(RC),24+ ft.,24,109,224,1,0,20251112,BOS,MEM,14650,0,1627759|1628401|1629674|1630202|1641775,0,REG,2026,1610612738,,,,,
22500216364,,Shot Chart Detail,22500216,364,1629674,Neemias Queta,1610612738,Boston Celtics,3,11,31,Made Shot,Putback Layup Shot,2PT Field Goal,Restricted Area,Center(C),Less Than 8 ft.,2,20,19,1,1,20251112,BOS,MEM,14690,0,1627759|1628401|1629674|1630202|1641775,0,REG,2026,1610612738,,,,,
22500216369,,Shot Chart Detail,22500216,369,1641775,Jordan Walsh,1610612738,Boston Celtics,3,11,5,Missed Shot,Driving Layup Shot,2PT Field Goal,In The Paint (Non-RA),Center(C),Less Than 8 ft.,5,36,40,1,0,20251112,BOS,MEM,14950,0,1627759|1628401|1629674|1630202|1641775,0,REG,2026,1610612738,,,,,
22500216379,,Shot Chart Detail,22500216,379,1641775,Jordan Walsh,1610612738,Boston Celtics,3,10,26,Missed Shot,Jump Shot,3PT Field Goal,Above the Break 3,Center(C),24+ ft.,25,-56,247,1,0,20251112,BOS,MEM,15340,0,1627759|1628401|1629674|1630202|1641775,0,REG,2026,1610612738,,,,,
22500216381,,Shot Chart Detail,22500216,381,1630202,Payton Pritchard,1610612738,Boston Celtics,3,10,21,Made Shot,Jump Shot,3PT Field Goal,Above the Break 3,Right Side Center(RC),24+ ft.,30,138,267,1,1,20251112,BOS,MEM,15390,0,1627759|1628401|1629674|1630202|1641775,1,REG,2026,1610612738,,,,,
22500216392,,Shot Chart Detail,22500216,392,1630202,Payton Pritchard,1610612738,Boston Celtics,3,8,54,Made Shot,Turnaround Fadeaway shot,2PT Field Goal,In The Paint (Non-RA),Center(C),8-16 ft.,13,-6,130,1,1,20251112,BOS,MEM,16260,0,1627759|1628401|1629674|1630202|1641775,0,REG,2026,1610612738,,,,,
22500216395,,Shot Chart Detail,22500216,395,1629674,Neemias Queta,1610612738,Boston Celtics,3,8,20,Made Shot,Floating Jump shot,2PT Field Goal,In The Paint (Non-RA),Center(C),8-16 ft.,8,-37,71,1,1,20251112,BOS,MEM,16600,0,1627759|1628401|1629674|1630202|1641775,1,REG,2026,1610612738,,,,,
22500216423,,Shot Chart Detail,22500216,423,1630573,Sam Hauser,1610612738,Boston Celtics,3,7,17,Missed Shot,Jump Shot,3PT Field Goal,Above the Break 3,Center(C),24+ ft.,27,6,276,1,0,20251112,BOS,MEM,17230,0,1627759|1628401|1630202|1630568|1630573,0,REG,2026,1610612738,,,,,
22500216432,,Shot Chart Detail,22500216,432,1630202,Payton Pritchard,1610612738,Boston Celtics,3,6,52,Missed Shot,Jump Shot,3PT Field Goal,Above the Break 3,Right Side Center(RC),24+ ft.,32,174,276,1,0,20251112,BOS,MEM,17480,0,1627759|1628401|1630202|1630568|1630573,0,REG,2026,1610612738,,,,,
22500216434,,Shot Chart Detail,22500216,434,1630202,Payton Pritchard,1610612738,Boston Celtics,3,6,46,Made Shot,Jump Shot,3PT Field Goal,Right Corner 3,Right Side(R),24+ ft.,23,230,20,1,1,20251112,BOS,MEM,17540,0,1627759|1628401|1630202|1630568|1630573,1,REG,2026,1610612738,,,,,
22500216441,,Shot Chart Detail,22500216,441,1627759,Jaylen Brown,1610612738,Boston Celtics,3,6,15,Made Shot,Fadeaway Jump Shot,2PT Field Goal,Mid-Range,Center(C),8-16 ft.,14,9,148,1,1,20251112,BOS,MEM,17850,0,1627759|1629014|1630202|1630568|1630573,1,REG,2026,1610612738,,,,,
22500216455,,Shot Chart Detail,22500216,455,1630568,Luka Garza,1610612738,Boston Celtics,3,5,36,Made Shot,Running Layup Shot,2PT Field Goal,Restricted Area,Center(C),Less Than 8 ft.,1,13,15,1,1,20251112,BOS,MEM,18240,0,1627759|1629014|1630202|1630568|1630573,1,REG,2026,1610612738,,,,,
22500216465,,Shot Chart Detail,22500216,465,1630568,Luka Garza,1610612738,Boston Celtics,3,5,0,Made Shot,Floating Jump shot,2PT Field Goal,Mid-Range,Left Side(L),8-16 ft.,11,-118,13,1,1,20251112,BOS,MEM,18600,0,1627759|1629014|1630202|1630568|1630573,1,REG,2026,1610612738,,,,,
22500216469,,Shot Chart Detail,22500216,469,1627759,Jaylen Brown,1610612738,Boston Celtics,3,4,35,Missed Shot,Jump Shot,3PT Field Goal,Above the Break 3,Right Side Center(RC),24+ ft.,25,83,245,1,0,20251112,BOS,MEM,18850,0,1627759|1629014|1630202|1630568|1630573,0,REG,2026,1610612738,,,,,
22500216471,,Shot Chart Detail,22500216,471,1630202,Payton Pritchard,1610612738,Boston Celtics,3,4,32,Missed Shot,Jump Shot,3PT Field Goal,Above the Break 3,Left Side Center(LC),24+ ft.,25,-154,198,1,0,20251112,BOS,MEM,18880,0,1627759|1629014|1630202|1630568|1630573,0,REG,2026,1610612738,,,,,
22500216475,,Shot Chart Detail,22500216,475,1629014,Anfernee Simons,1610612738,Boston Celtics,3,4,4,Missed Shot,Step Back Jump shot,2PT Field Goal,Mid-Range,Left Side Center(LC),16-24 ft.,21,-110,190,1,0,20251112,BOS,MEM,19160,0,1627759|1629014|1630202|1630568|1630573,0,REG,2026,1610612738,,,,,
22500216477,,Shot Chart Detail,22500216,477,1627759,Jaylen Brown,1610612738,Boston Celtics,3,4,2,Missed Shot,Tip Layup Shot,2PT Field Goal,Restricted Area,Center(C),Less Than 8 ft.,0,0,0,1,0,20251112,BOS,MEM,19180,0,1627759|1629014|1630202|1630568|1630573,0,REG,2026,1610612738,,,,,
22500216481,,Shot Chart Detail,22500216,481,1629014,Anfernee Simons,1610612738,Boston Celtics,3,3,38,Made Shot,Jump Shot,3PT Field Goal,Above the Break 3,Left Side Center(LC),24+ ft.,25,-159,198,1,1,20251112,BOS,MEM,19420,0,1627759|1629014|1630202|1630568|1630573,1,REG,2026,1610612738,,,,,
22500216485,,Shot Chart Detail,22500216,485,1630573,Sam Hauser,1610612738,Boston Celtics,3,3,10,Missed Shot,Jump Shot,3PT Field Goal,Above the Break 3,Right Side Center(RC),24+ ft.,28,130,252,1,0,20251112,BOS,MEM,19700,0,1627759|1629014|1630202|1630568|1630573,0,REG,2026,1610612738,,,,,
22500216497,,Shot Chart Detail,22500216,497,1629014,Anfernee Simons,1610612738,Boston Celtics,3,2,39,Missed Shot,Pullup Jump shot,2PT Field Goal,Mid-Range,Left Side Center(LC),16-24 ft.,17,-126,124,1,0,20251112,BOS,MEM,20010,0,1629014|1630568|1630573|1631169|1631248,0,REG,2026,1610612738,,,,,
22500216504,,Shot Chart Detail,22500216,504,1631248,Baylor Scheierman,1610612738,Boston Celtics,3,2,7,Made Shot,Jump Shot,3PT Field Goal,Left Corner 3,Left Side(L),24+ ft.,23,-228,31,1,1,20251112,BOS,MEM,20330,0,1629014|1630568|1630573|1631169|1631248,1,REG,2026,1610612738,,,,,
22500216510,,Shot Chart Detail,22500216,510,1630573,Sam Hauser,1610612738,Boston Celtics,3,1,38,Missed Shot,Jump Shot,3PT Field Goal,Above the Break 3,Right Side Center(RC),24+ ft.,26,89,245,1,0,20251112,BOS,MEM,20620,0,1629014|1630568|1630573|1631169|1631248,0,REG,2026,1610612738,,,,,
22500216512,,Shot Chart Detail,22500216,512,1630568,Luka Garza,1610612738,Boston Celtics,3,1,33,Made Shot,Putback Layup Shot,2PT Field Goal,Restricted Area,Center(C),Less Than 8 ft.,3,29,13,1,1,20251112,BOS,MEM,20670,0,1629014|1630568|1630573|1631169|1631248,0,REG,2026,1610612738,,,,,
22500216515,,Shot Chart Detail,22500216,515,1630573,Sam Hauser,1610612738,Boston Celtics,3,1,9,Missed Shot,Jump Shot,3PT Field Goal,Above the Break 3,Left Side Center(LC),24+ ft.,24,-129,213,1,0,20251112,BOS,MEM,20910,0,1629014|1630568|1630573|1631169|1631248,0,REG,2026,1610612738,,,,,
22500216521,,Shot Chart Detail,22500216,521,1630573,Sam Hauser,1610612738,Boston Celtics,3,0,31,Made Shot,Jump Shot,3PT Field Goal,Above the Break 3,Center(C),24+ ft.,31,96,305,1,1,20251112,BOS,MEM,21290,0,1629014|1630568|1630573|1631169|1631248,1,REG,2026,1610612738,,,,,
22500216541,,Shot Chart Detail,22500216,541,1629014,Anfernee Simons,1610612738,Boston Celtics,4,11,33,Missed Shot,Step Back Jump shot,3PT Field Goal,Above the Break 3,Center(C),24+ ft.,26,0,266,1,0,20251112,BOS,MEM,21870,0,1628401|1629014|1629674|1631169|1631248,0,REG,2026,1610612738,,,,,
22500216543,,Shot Chart Detail,22500216,543,1628401,Derrick White,1610612738,Boston Celtics,4,11,23,Made Shot,Pullup Jump shot,2PT Field Goal,Mid-Range,Right Side Center(RC),16-24 ft.,16,104,134,1,1,20251112,BOS,MEM,21970,0,1628401|1629014|1629674|1631169|1631248,1,REG,2026,1610612738,,,,,
22500216549,,Shot Chart Detail,22500216,549,1631169,Josh Minott,1610612738,Boston Celtics,4,10,45,Missed Shot,Jump Shot,3PT Field Goal,Left Corner 3,Left Side(L),24+ ft.,23,-232,29,1,0,20251112,BOS,MEM,22350,0,1628401|1629014|1629674|1631169|1631248,0,REG,2026,1610612738,,,,,
22500216556,,Shot Chart Detail,22500216,556,1631248,Baylor Scheierman,1610612738,Boston Celtics,4,10,10,Made Shot,Jump Shot,3PT Field Goal,Above the Break 3,Left Side Center(LC),24+ ft.,25,-120,222,1,1,20251112,BOS,MEM,22700,0,1628401|1629014|1629674|1631169|1631248,1,REG,2026,1610612738,,,,,
22500216573,,Shot Chart Detail,22500216,573,1631169,Josh Minott,1610612738,Boston Celtics,4,8,50,Made Shot,Jump Shot,3PT Field Goal,Above the Break 3,Right Side Center(RC),24+ ft.,25,110,234,1,1,20251112,BOS,MEM,23500,0,1628401|1628449|1629014|1631169|1631248,0,REG,2026,1610612738,,,,,
22500216588,,Shot Chart Detail,22500216,588,1628449,Chris Boucher,1610612738,Boston Celtics,4,8,9,Missed Shot,Jump Shot,3PT Field Goal,Above the Break 3,Left Side Center(LC),24+ ft.,24,-138,204,1,0,20251112,BOS,MEM,23910,0,1628449|1629014|1630202|1631169|1631248,0,REG,2026,1610612738,,,,,
22500216607,,Shot Chart Detail,22500216,607,1631169,Josh Minott,1610612738,Boston Celtics,4,7,27,Missed Shot,Jump Shot,3PT Field Goal,Right Corner 3,Right Side(R),24+ ft.,23,230,34,1,0,20251112,BOS,MEM,24330,0,1628449|1629014|1630202|1631169|1631248,0,REG,2026,1610612738,,,,,
22500216611,,Shot Chart Detail,22500216,611,1630202,Payton Pritchard,1610612738,Boston Celtics,4,7,12,Made Shot,Jump Shot,3PT Field Goal,Above the Break 3,Right Side Center(RC),24+ ft.,30,115,281,1,1,20251112,BOS,MEM,24480,0,1628449|1629014|1630202|1631169|1631248,1,REG,2026,1610612738,,,,,
22500216620,,Shot Chart Detail,22500216,620,1629014,Anfernee Simons,1610612738,Boston Celtics,4,6,41,Missed Shot,Step Back Jump shot,3PT Field Goal,Above the Break 3,Right Side Center(RC),24+ ft.,25,100,239,1,0,20251112,BOS,MEM,24790,0,1628449|1629014|1630202|1631169|1631248,0,REG,2026,1610612738,,,,,
22500216624,,Shot Chart Detail,22500216,624,1630202,Payton Pritchard,1610612738,Boston Celtics,4,6,23,Missed Shot,Pullup Jump shot,3PT Field Goal,Above the Break 3,Left Side Center(LC),24+ ft.,25,-112,226,1,0,20251112,BOS,MEM,24970,0,1628449|1629014|1630202|1631169|1631248,0,REG,2026,1610612738,,,,,
22500216626,,Shot Chart Detail,22500216,626,1631169,Josh Minott,1610612738,Boston Celtics,4,6,21,Made Shot,Tip Dunk Shot,2PT Field Goal,Restricted Area,Center(C),Less Than 8 ft.,0,0,0,1,1,20251112,BOS,MEM,24990,0,1628449|1629014|1630202|1631169|1631248,0,REG,2026,1610612738,,,,,
22500216642,,Shot Chart Detail,22500216,642,1631169,Josh Minott,1610612738,Boston Celtics,4,5,20,Made Shot,Reverse Layup Shot,2PT Field Goal,Restricted Area,Center(C),Less Than 8 ft.,1,11,16,1,1,20251112,BOS,MEM,25600,0,1628449|1630202|1631169|1641775|1642864,1,REG,2026,1610612738,,,,,
22500216647,,Shot Chart Detail,22500216,647,1631169,Josh Minott,1610612738,Boston Celtics,4,5,1,Made Shot,Running Alley Oop Dunk Shot,2PT Field Goal,Restricted Area,Center(C),Less Than 8 ft.,1,-18,4,1,1,20251112,BOS,MEM,25790,0,1628449|1630202|1631169|1641775|1642864,1,REG,2026,1610612738,,,,,
22500216659,,Shot Chart Detail,22500216,659,1642864,Hugo González,1610612738,Boston Celtics,4,3,39,Missed Shot,Driving Finger Roll Layup Shot,2PT Field Goal,In The Paint (Non-RA),Center(C),Less Than 8 ft.,7,62,48,1,0,20251112,BOS,MEM,26610,0,1628449|1631169|1631199|1641775|1642864,0,REG,2026,1610612738,,,,,
22500216665,,Shot Chart Detail,22500216,665,1631169,Josh Minott,1610612738,Boston Celtics,4,3,7,Missed Shot,Jump Shot,3PT Field Goal,Above the Break 3,Right Side Center(RC),24+ ft.,28,164,237,1,0,20251112,BOS,MEM,26930,0,1628449|1631169|1631199|1641775|1642864,0,REG,2026,1610612738,,,,,
22500216667,,Shot Chart Detail,22500216,667,1628449,Chris Boucher,1610612738,Boston Celtics,4,3,3,Made Shot,Putback Layup Shot,2PT Field Goal,Restricted Area,Center(C),Less Than 8 ft.,1,-6,10,1,1,20251112,BOS,MEM,26970,0,1628449|1631169|1631199|1641775|1642864,0,REG,2026,1610612738,,,,,
22500216676,,Shot Chart Detail,22500216,676,1631169,Josh Minott,1610612738,Boston Celtics,4,2,23,Missed Shot,Cutting Layup Shot,2PT Field Goal,In The Paint (Non-RA),Center(C),Less Than 8 ft.,6,39,48,1,0,20251112,BOS,MEM,27370,0,1628449|1631169|1631199|1641775|1642864,0,REG,2026,1610612738,,,,,
22500216692,,Shot Chart Detail,22500216,692,1628449,Chris Boucher,1610612738,Boston Celtics,4,1,39,Missed Shot,Jump Shot,3PT Field Goal,Left Corner 3,Left Side(L),24+ ft.,23,-229,37,1,0,20251112,BOS,MEM,27810,0,1628449|1631169|1631199|1641775|1642864,0,REG,2026,1610612738,,,,,
22500216694,,Shot Chart Detail,22500216,694,1641775,Jordan Walsh,1610612738,Boston Celtics,4,1,32,Missed Shot,Driving Layup Shot,2PT Field Goal,Mid-Range,Left Side(L),8-16 ft.,9,-94,5,1,0,20251112,BOS,MEM,27880,0,1628449|1631169|1631199|1641775|1642864,0,REG,2026,1610612738,,,,,
22500216697,,Shot Chart Detail,22500216,697,1631199,Ron Harper Jr.,1610612738,Boston Celtics,4,1,18,Made Shot,Jump Shot,3PT Field Goal,Above the Break 3,Center(C),24+ ft.,26,17,261,1,1,20251112,BOS,MEM,28020,0,1628449|1631169|1631199|1641775|1642864,1,REG,2026,1610612738,,,,,
22500216701,,Shot Chart Detail,22500216,701,1641775,Jordan Walsh,1610612738,Boston Celtics,4,1,0,Made Shot,Running Jump Shot,3PT Field Goal,Above the Break 3,Right Side Center(RC),24+ ft.,25,176,188,1,1,20251112,BOS,MEM,28200,0,1628449|1631169|1631199|1641775|1642864,1,REG,2026,1610612738,,,,,
22500216707,,Shot Chart Detail,22500216,707,1631199,Ron Harper Jr.,1610612738,Boston Celtics,4,0,30,Made Shot,Jump Shot,3PT Field Goal,Above the Break 3,Center(C),24+ ft.,25,44,256,1,1,20251112,BOS,MEM,28500,0,1628449|1631169|1631199|1641775|1642864,1,REG,2026,1610612738,,,,,
2250023310,,Shot Chart Detail,22500233,10,1628401,Derrick White,1610612738,Boston Celtics,1,11,14,Made Shot,Driving Floating Jump Shot,2PT Field Goal,In The Paint (Non-RA),Right Side(R),8-16 ft.,9,80,52,1,1,20251116,BOS,LAC,460,0,1627759|1628401|1629674|1630202|1641775,1,REG,2026,1610612738,,,,,
2250023314,,Shot Chart Detail,22500233,14,1627759,Jaylen Brown,1610612738,Boston Celtics,1,10,49,Missed Shot,Jump Shot,3PT Field Goal,Above the Break 3,Left Side Center(LC),24+ ft.,25,-98,232,1,0,20251116,BOS,LAC,710,0,1627759|1628401|1629674|1630202|1641775,0,REG,2026,1610612738,,,,,
2250023320,,Shot Chart Detail,22500233,20,1641775,Jordan Walsh,1610612738,Boston Celtics,1,10,24,Missed Shot,Jump Shot,3PT Field Goal,Above the Break 3,Left Side Center(LC),24+ ft.,26,-172,198,1,0,20251116,BOS,LAC,960,0,1627759|1628401|1629674|1630202|1641775,0,REG,2026,1610612738,,,,,
2250023322,,Shot Chart Detail,22500233,22,1630202,Payton Pritchard,1610612738,Boston Celtics,1,10,13,Made Shot,Pullup Jump shot,3PT Field Goal,Above the Break 3,Right Side Center(RC),24+ ft.,25,189,176,1,1,20251116,BOS,LAC,1070,0,1627759|1628401|1629674|1630202|1641775,0,REG,2026,1610612738,,,,,
2250023326,,Shot Chart Detail,22500233,26,1630202,Payton Pritchard,1610612738,Boston Celtics,1,9,35,Missed Shot,Pullup Jump shot,3PT Field Goal,Above the Break 3,Right Side Center(RC),24+ ft.,27,142,231,1,0,20251116,BOS,LAC,1450,0,1627759|1628401|1629674|1630202|1641775,0,REG,2026,1610612738,,,,,
2250023328,,Shot Chart Detail,22500233,28,1629674,Neemias Queta,1610612738,Boston Celtics,1,9,25,Made Shot,Floating Jump shot,2PT Field Goal,In The Paint (Non-RA),Center(C),Less Than 8 ft.,4,18,45,1,1,20251116,BOS,LAC,1550,0,1627759|1628401|1629674|1630202|1641775,1,REG,2026,1610612738,,,,,
2250023332,,Shot Chart Detail,22500233,32,1627759,Jaylen Brown,1610612738,Boston Celtics,1,8,56,Missed Shot,Driving Layup Shot,2PT Field Goal,Restricted Area,Center(C),Less Than 8 ft.,3,-22,24,1,0,20251116,BOS,LAC,1840,0,1627759|1628401|1629674|1630202|1641775,0,REG,2026,1610612738,,,,,
2250023336,,Shot Chart Detail,22500233,36,1627759,Jaylen Brown,1610612738,Boston Celtics,1,8,51,Made Shot,Step Back Jump shot,2PT Field Goal,Mid-Range,Left Side Center(LC),16-24 ft.,21,-103,188,1,1,20251116,BOS,LAC,1890,0,1627759|1628401|1629674|1630202|1641775,1,REG,2026,1610612738,,,,,
2250023340,,Shot Chart Detail,22500233,40,1627759,Jaylen Brown,1610612738,Boston Celtics,1,8,23,Missed Shot,Running Layup Shot,2PT Field Goal,In The Paint (Non-RA),Center(C),Less Than 8 ft.,4,40,21,1,0,20251116,BOS,LAC,2170,0,1627759|1628401|1629674|1630202|1641775,0,REG,2026,1610612738,,,,,
2250023342,,Shot Chart Detail,22500233,42,1629674,Neemias Queta,1610612738,Boston Celtics,1,8,22,Made Shot,Tip Dunk Shot,2PT Field Goal,In The Paint (Non-RA),Center(C),Less Than 8 ft.,4,42,15,1,1,20251116,BOS,LAC,2180,0,1627759|1628401|1629674|1630202|1641775,0,REG,2026,1610612738,,,,,
2250023344,,Shot Chart Detail,22500233,44,1627759,Jaylen Brown,1610612738,Boston Celtics,1,7,49,Missed Shot,Hook Shot,2PT Field Goal,In The Paint (Non-RA),Center(C),Less Than 8 ft.,7,42,63,1,0,20251116,BOS,LAC,2510,0,1627759|1628401|1629674|1630202|1641775,0,REG,2026,1610612738,,,,,
2250023347,,Shot Chart Detail,22500233,47,1627759,Jaylen Brown,1610612738,Boston Celtics,1,7,40,Missed Shot,Step Back Jump shot,2PT Field Goal,Mid-Range,Right Side Center(RC),16-24 ft.,18,83,168,1,0,20251116,BOS,LAC,2600,0,1627759|1628401|1629674|1630202|1641775,0,REG,2026,1610612738,,,,,
2250023359,,Shot Chart Detail,22500233,59,1629674,Neemias Queta,1610612738,Boston Celtics,1,6,42,Made Shot,Floating Jump shot,2PT Field Goal,In The Paint (Non-RA),Center(C),8-16 ft.,9,-34,89,1,1,20251116,BOS,LAC,3180,0,1627759|1628401|1629674|1630202|1641775,1,REG,2026,1610612738,,,,,
2250023363,,Shot Chart Detail,22500233,63,1630202,Payton Pritchard,1610612738,Boston Celtics,1,6,0,Made Shot,Jump Shot,3PT Field Goal,Above the Break 3,Right Side Center(RC),24+ ft.,27,184,201,1,1,20251116,BOS,LAC,3600,0,1627759|1628401|1629674|1630202|1641775,1,REG,2026,1610612738,,,,,
2250023367,,Shot Chart Detail,22500233,67,1628401,Derrick White,1610612738,Boston Celtics,1,5,37,Made Shot,Running Pull-Up Jump Shot,3PT Field Goal,Above the Break 3,Center(C),24+ ft.,25,-47,247,1,1,20251116,BOS,LAC,3830,0,1627759|1628401|1629674|1630202|1641775,0,REG,2026,1610612738,,,,,
2250023374,,Shot Chart Detail,22500233,74,1630202,Payton Pritchard,1610612738,Boston Celtics,1,5,2,Made Shot,Pullup Jump shot,3PT Field Goal,Above the Break 3,Left Side Center(LC),24+ ft.,27,-138,242,1,1,20251116,BOS,LAC,4180,0,1627759|1628401|1629674|1630202|1641775,1,REG,2026,1610612738,,,,,
2250023379,,Shot Chart Detail,22500233,79,1627759,Jaylen Brown,1610612738,Boston Celtics,1,4,42,Made Shot,Running Layup Shot,2PT Field Goal,Restricted Area,Center(C),Less Than 8 ft.,3,12,30,1,1,20251116,BOS,LAC,4380,0,1627759|1628401|1629674|1630202|1641775,1,REG,2026,1610612738,,,,,
2250023394,,Shot Chart Detail,22500233,94,1630202,Payton Pritchard,1610612738,Boston Celtics,1,4,10,Missed Shot,Driving Layup Shot,2PT Field Goal,Restricted Area,Center(C),Less Than 8 ft.,2,1,27,1,0,20251116,BOS,LAC,4700,0,1627759|1629014|1630202|1630568|1641775,0,REG,2026,1610612738,,,,,
2250023399,,Shot Chart Detail,22500233,99,1627759,Jaylen Brown,1610612738,Boston Celtics,1,3,55,Made Shot,Running Layup Shot,2PT Field Goal,Restricted Area,Center(C),Less Than 8 ft.,2,21,13,1,1,20251116,BOS,LAC,4850,0,1627759|1629014|1630202|1630568|1641775,1,REG,2026,1610612738,,,,,
22500233103,,Shot Chart Detail,22500233,103,1630202,Payton Pritchard,1610612738,Boston Celtics,1,3,19,Made Shot,Jump Shot,3PT Field Goal,Above the Break 3,Right Side Center(RC),24+ ft.,27,108,258,1,1,20251116,BOS,LAC,5210,0,1627759|1629014|1630202|1630568|1641775,1,REG,2026,1610612738,,,,,
22500233115,,Shot Chart Detail,22500233,115,1630568,Luka Garza,1610612738,Boston Celtics,1,2,50,Made Shot,Layup Shot,2PT Field Goal,In The Paint (Non-RA),Center(C),Less Than 8 ft.,4,29,31,1,1,20251116,BOS,LAC,5500,0,1629014|1630202|1630568|1630573|1631169,1,REG,2026,1610612738,,,,,
22500233119,,Shot Chart Detail,22500233,119,1630573,Sam Hauser,1610612738,Boston Celtics,1,2,26,Missed Shot,Running Jump Shot,3PT Field Goal,Right Corner 3,Right Side(R),24+ ft.,24,234,54,1,0,20251116,BOS,LAC,5740,0,1629014|1630202|1630568|1630573|1631169,0,REG,2026,1610612738,,,,,
22500233124,,Shot Chart Detail,22500233,124,1630568,Luka Garza,1610612738,Boston Celtics,1,1,49,Made Shot,Jump Shot,3PT Field Goal,Above the Break 3,Left Side Center(LC),24+ ft.,24,-181,172,1,1,20251116,BOS,LAC,6110,0,1629014|1630202|1630568|1630573|1631169,1,REG,2026,1610612738,,,,,
22500233141,,Shot Chart Detail,22500233,141,1630568,Luka Garza,1610612738,Boston Celtics,1,1,0,Missed Shot,Driving Layup Shot,2PT Field Goal,Restricted Area,Center(C),Less Than 8 ft.,3,25,30,1,0,20251116,BOS,LAC,6600,0,1629014|1630202|1630568|1630573|1631169,0,REG,2026,1610612738,,,,,
22500233144,,Shot Chart Detail,22500233,144,1631169,Josh Minott,1610612738,Boston Celtics,1,0,56,Missed Shot,Jump Shot,3PT Field Goal,Above the Break 3,Left Side Center(LC),24+ ft.,26,-101,242,1,0,20251116,BOS,LAC,6640,0,1629014|1630202|1630568|1630573|1631169,0,REG,2026,1610612738,,,,,
22500233150,,Shot Chart Detail,22500233,150,1629014,Anfernee Simons,1610612738,Boston Celtics,1,0,31,Missed Shot,Fadeaway Jump Shot,2PT Field Goal,Mid-Range,Left Side(L),16-24 ft.,16,-150,66,1,0,20251116,BOS,LAC,6890,0,1629014|1630202|1630568|1630573|1631169,0,REG,2026,1610612738,,,,,
22500233156,,Shot Chart Detail,22500233,156,1630202,Payton Pritchard,1610612738,Boston Celtics,1,0,1,Missed Shot,Jump Shot,3PT Field Goal,Above the Break 3,Center(C),24+ ft.,28,-10,281,1,0,20251116,BOS,LAC,7190,0,1629014|1630202|1630568|1630573|1631169,0,REG,2026,1610612738,,,,,
22500233166,,Shot Chart Detail,22500233,166,1628401,Derrick White,1610612738,Boston Celtics,2,11,47,Made Shot,Pullup Jump shot,3PT Field Goal,Above the Break 3,Center(C),24+ ft.,26,5,262,1,1,20251116,BOS,LAC,7330,0,1628401|1629014|1629674|1631169|1631248,1,REG,2026,1610612738,,,,,
22500233169,,Shot Chart Detail,22500233,169,1628401,Derrick White,1610612738,Boston Celtics,2,11,5,Missed Shot,Pullup Jump shot,2PT Field Goal,In The Paint (Non-RA),Center(C),8-16 ft.,12,56,114,1,0,20251116,BOS,LAC,7750,0,1628401|1629014|1629674|1631169|1631248,0,REG,2026,1610612738,,,,,
22500233171,,Shot Chart Detail,22500233,171,1631248,Baylor Scheierman,1610612738,Boston Celtics,2,11,2,Missed Shot,Tip Layup Shot,2PT Field Goal,Restricted Area,Center(C),Less Than 8 ft.,0,0,0,1,0,20251116,BOS,LAC,7780,0,1628401|1629014|1629674|1631169|1631248,0,REG,2026,1610612738,,,,,
22500233189,,Shot Chart Detail,22500233,189,1628401,Derrick White,1610612738,Boston Celtics,2,9,1,Made Shot,Pullup Jump shot,3PT Field Goal,Above the Break 3,Right Side Center(RC),24+ ft.,27,157,225,1,1,20251116,BOS,LAC,8990,0,1627759|1628401|1629674|1631169|1631248,1,REG,2026,1610612738,,,,,
22500233198,,Shot Chart Detail,22500233,198,1628401,Derrick White,1610612738,Boston Celtics,2,8,32,Missed Shot,Jump Shot,3PT Field Goal,Above the Break 3,Right Side Center(RC),24+ ft.,27,174,214,1,0,20251116,BOS,LAC,9280,0,1627759|1628401|1630568|1631169|1631248,0,REG,2026,1610612738,,,,,
22500233200,,Shot Chart Detail,22500233,200,1628401,Derrick White,1610612738,Boston Celtics,2,8,23,Missed Shot,Pullup Jump shot,2PT Field Goal,In The Paint (Non-RA),Right Side(R),8-16 ft.,10,60,84,1,0,20251116,BOS,LAC,9370,0,1627759|1628401|1630568|1631169|1631248,0,REG,2026,1610612738,,,,,
22500233222,,Shot Chart Detail,22500233,222,1641775,Jordan Walsh,1610612738,Boston Celtics,2,7,27,Missed Shot,Running Dunk Shot,2PT Field Goal,Restricted Area,Center(C),Less Than 8 ft.,0,5,6,1,0,20251116,BOS,LAC,9930,0,1627759|1628401|1629674|1631248|1641775,0,REG,2026,1610612738,,,,,
22500233226,,Shot Chart Detail,22500233,226,1631248,Baylor Scheierman,1610612738,Boston Celtics,2,7,17,Missed Shot,Jump Shot,3PT Field Goal,Above the Break 3,Left Side Center(LC),24+ ft.,24,-163,184,1,0,20251116,BOS,LAC,10030,0,1627759|1628401|1629674|1631248|1641775,0,REG,2026,1610612738,,,,,
22500233324,,Shot Chart Detail,22500233,324,1641775,Jordan Walsh,1610612738,Boston Celtics,2,7,16,Missed Shot,Tip Layup Shot,2PT Field Goal,Restricted Area,Center(C),Less Than 8 ft.,1,-1,15,1,0,20251116,BOS,LAC,10040,0,1627759|1628401|1629674|1631248|1641775,0,REG,2026,1610612738,,,,,
22500233230,,Shot Chart Detail,22500233,230,1627759,Jaylen Brown,1610612738,Boston Celtics,2,6,52,Made Shot,Running Layup Shot,2PT Field Goal,Restricted Area,Center(C),Less Than 8 ft.,2,-6,20,1,1,20251116,BOS,LAC,10280,0,1627759|1628401|1629674|1631248|1641775,0,REG,2026,1610612738,,,,,
22500233233,,Shot Chart Detail,22500233,233,1641775,Jordan Walsh,1610612738,Boston Celtics,2,6,31,Made Shot,Running Dunk Shot,2PT Field Goal,Restricted Area,Center(C),Less Than 8 ft.,0,5,5,1,1,20251116,BOS,LAC,10490,0,1627759|1628401|1629674|1631248|1641775,0,REG,2026,1610612738,,,,,
22500233242,,Shot Chart Detail,22500233,242,1627759,Jaylen Brown,1610612738,Boston Celtics,2,6,4,Made Shot,Step Back Jump shot,2PT Field Goal,Mid-Range,Right Side Center(RC),16-24 ft.,17,92,153,1,1,20251116,BOS,LAC,10760,0,1627759|1628401|1630568|1631248|1641775,0,REG,2026,1610612738,,,,,
22500233247,,Shot Chart Detail,22500233,247,1627759,Jaylen Brown,1610612738,Boston Celtics,2,5,23,Made Shot,Pullup Jump shot,2PT Field Goal,In The Paint (Non-RA),Center(C),8-16 ft.,14,54,131,1,1,20251116,BOS,LAC,11170,0,1627759|1628401|1630568|1631248|1641775,1,REG,2026,1610612738,,,,,
22500233253,,Shot Chart Detail,22500233,253,1628401,Derrick White,1610612738,Boston Celtics,2,4,56,Made Shot,Pullup Jump shot,2PT Field Goal,In The Paint (Non-RA),Center(C),8-16 ft.,11,7,115,1,1,20251116,BOS,LAC,11440,0,1627759|1628401|1630568|1631248|1641775,1,REG,2026,1610612738,,,,,
22500233257,,Shot Chart Detail,22500233,257,1631248,Baylor Scheierman,1610612738,Boston Celtics,2,4,25,Made Shot,Jump Shot,3PT Field Goal,Left Corner 3,Left Side(L),24+ ft.,22,-225,10,1,1,20251116,BOS,LAC,11750,0,1627759|1628401|1630568|1631248|1641775,1,REG,2026,1610612738,,,,,
22500233261,,Shot Chart Detail,22500233,261,1627759,Jaylen Brown,1610612738,Boston Celtics,2,4,2,Made Shot,Running Finger Roll Layup Shot,2PT Field Goal,Restricted Area,Center(C),Less Than 8 ft.,2,18,11,1,1,20251116,BOS,LAC,11980,0,1627759|1628401|1630568|1631248|1641775,1,REG,2026,1610612738,,,,,
22500233274,,Shot Chart Detail,22500233,274,1627759,Jaylen Brown,1610612738,Boston Celtics,2,3,28,Missed Shot,Step Back Jump shot,3PT Field Goal,Above the Break 3,Right Side Center(RC),24+ ft.,25,180,176,1,0,20251116,BOS,LAC,12320,0,1627759|1628401|1630202|1630568|1641775,0,REG,2026,1610612738,,,,,
22500233276,,Shot Chart Detail,22500233,276,1627759,Jaylen Brown,1610612738,Boston Celtics,2,3,21,Missed Shot,Driving Layup Shot,2PT Field Goal,In The Paint (Non-RA),Center(C),Less Than 8 ft.,5,44,30,1,0,20251116,BOS,LAC,12390,0,1627759|1628401|1630202|1630568|1641775,0,REG,2026,1610612738,,,,,
22500233287,,Shot Chart Detail,22500233,287,1629674,Neemias Queta,1610612738,Boston Celtics,2,2,49,Missed Shot,Driving Finger Roll Layup Shot,2PT Field Goal,Restricted Area,Center(C),Less Than 8 ft.,3,36,16,1,0,20251116,BOS,LAC,12710,0,1627759|1628401|1629674|1630202|1641775,0,REG,2026,1610612738,,,,,
22500233291,,Shot Chart Detail,22500233,291,1630202,Payton Pritchard,1610612738,Boston Celtics,2,2,35,Missed Shot,Running Jump Shot,3PT Field Goal,Above the Break 3,Right Side Center(RC),24+ ft.,30,197,236,1,0,20251116,BOS,LAC,12850,0,1627759|1628401|1629674|1630202|1641775,0,REG,2026,1610612738,,,,,
22500233306,,Shot Chart Detail,22500233,306,1627759,Jaylen Brown,1610612738,Boston Celtics,2,1,19,Missed Shot,Turnaround Fadeaway shot,2PT Field Goal,Mid-Range,Center(C),16-24 ft.,20,-62,198,1,0,20251116,BOS,LAC,13610,0,1627759|1628401|1629674|1630202|1641775,0,REG,2026,1610612738,,,,,
22500233313,,Shot Chart Detail,22500233,313,1630202,Payton Pritchard,1610612738,Boston Celtics,2,0,44,Made Shot,Driving Layup Shot,2PT Field Goal,Restricted Area,Center(C),Less Than 8 ft.,1,2,16,1,1,20251116,BOS,LAC,13960,0,1627759|1628401|1629674|1630202|1641775,0,REG,2026,1610612738,,,,,
22500233316,,Shot Chart Detail,22500233,316,1627759,Jaylen Brown,1610612738,Boston Celtics,2,0,18,Missed Shot,Jump Shot,3PT Field Goal,Above the Break 3,Right Side Center(RC),24+ ft.,27,138,237,1,0,20251116,BOS,LAC,14220,0,1627759|1628401|1629674|1630202|1641775,0,REG,2026,1610612738,,,,,
22500233318,,Shot Chart Detail,22500233,318,1629674,Neemias Queta,1610612738,Boston Celtics,2,0,13,Made Shot,Tip Layup Shot,2PT Field Goal,Restricted Area,Center(C),Less Than 8 ft.,0,0,0,1,1,20251116,BOS,LAC,14270,0,1627759|1628401|1629674|1630202|1641775,0,REG,2026,1610612738,,,,,
22500233327,,Shot Chart Detail,22500233,327,1628401,Derrick White,1610612738,Boston Celtics,3,11,44,Missed Shot,Pullup Jump shot,2PT Field Goal,Mid-Range,Left Side Center(LC),16-24 ft.,17,-108,137,1,0,20251116,BOS,LAC,14560,0,1627759|1628401|1629674|1630202|1641775,0,REG,2026,1610612738,,,,,
22500233329,,Shot Chart Detail,22500233,329,1629674,Neemias Queta,1610612738,Boston Celtics,3,11,38,Missed Shot,Tip Layup Shot,2PT Field Goal,Restricted Area,Center(C),Less Than 8 ft.,0,0,0,1,0,20251116,BOS,LAC,14620,0,1627759|1628401|1629674|1630202|1641775,0,REG,2026,1610612738,,,,,
22500233333,,Shot Chart Detail,22500233,333,1630202,Payton Pritchard,1610612738,Boston Celtics,3,11,24,Made Shot,Step Back Jump shot,3PT Field Goal,Above the Break 3,Right Side Center(RC),24+ ft.,25,151,204,1,1,20251116,BOS,LAC,14760,0,1627759|1628401|1629674|1630202|1641775,0,REG,2026,1610612738,,,,,
22500233335,,Shot Chart Detail,22500233,335,1630202,Payton Pritchard,1610612738,Boston Celtics,3,10,56,Made Shot,Step Back Jump shot,3PT Field Goal,Above the Break 3,Center(C),24+ ft.,27,-78,267,1,1,20251116,BOS,LAC,15040,0,1627759|1628401|1629674|1630202|1641775,1,REG,2026,1610612738,,,,,
22500233339,,Shot Chart Detail,22500233,339,1628401,Derrick White,1610612738,Boston Celtics,3,10,28,Missed Shot,Running Layup Shot,2PT Field Goal,Restricted Area,Center(C),Less Than 8 ft.,3,36,7,1,0,20251116,BOS,LAC,15320,0,1627759|1628401|1629674|1630202|1641775,0,REG,2026,1610612738,,,,,
22500233341,,Shot Chart Detail,22500233,341,1641775,Jordan Walsh,1610612738,Boston Celtics,3,10,27,Made Shot,Tip Layup Shot,2PT Field Goal,Restricted Area,Center(C),Less Than 8 ft.,0,0,0,1,1,20251116,BOS,LAC,15330,0,1627759|1628401|1629674|1630202|1641775,0,REG,2026,1610612738,,,,,
22500233348,,Shot Chart Detail,22500233,348,1630202,Payton Pritchard,1610612738,Boston Celtics,3,9,58,Made Shot,Jump Shot,3PT Field Goal,Above the Break 3,Right Side Center(RC),24+ ft.,28,194,202,1,1,20251116,BOS,LAC,15620,0,1627759|1628401|1629674|1630202|1641775,1,REG,2026,1610612738,,,,,
22500233355,,Shot Chart Detail,22500233,355,1628401,Derrick White,1610612738,Boston Celtics,3,9,29,Made Shot,Driving Layup Shot,2PT Field Goal,Restricted Area,Center(C),Less Than 8 ft.,3,29,13,1,1,20251116,BOS,LAC,15910,0,1627759|1628401|1629674|1630202|1641775,0,REG,2026,1610612738,,,,,
22500233362,,Shot Chart Detail,22500233,362,1627759,Jaylen Brown,1610612738,Boston Celtics,3,8,47,Missed Shot,Cutting Layup Shot,2PT Field Goal,Restricted Area,Center(C),Less Than 8 ft.,1,11,12,1,0,20251116,BOS,LAC,16330,0,1627759|1628401|1629674|1630202|1641775,0,REG,2026,1610612738,,,,,
22500233367,,Shot Chart Detail,22500233,367,1630202,Payton Pritchard,1610612738,Boston Celtics,3,8,25,Made Shot,Jump Shot,3PT Field Goal,Above the Break 3,Center(C),24+ ft.,27,-17,274,1,1,20251116,BOS,LAC,16550,0,1627759|1628401|1629674|1630202|1641775,1,REG,2026,1610612738,,,,,
22500233371,,Shot Chart Detail,22500233,371,1630202,Payton Pritchard,1610612738,Boston Celtics,3,8,2,Missed Shot,Pullup Jump shot,3PT Field Goal,Above the Break 3,Center(C),24+ ft.,28,-42,278,1,0,20251116,BOS,LAC,16780,0,1627759|1628401|1629674|1630202|1641775,0,REG,2026,1610612738,,,,,
22500233390,,Shot Chart Detail,22500233,390,1628401,Derrick White,1610612738,Boston Celtics,3,7,15,Missed Shot,Pullup Jump shot,3PT Field Goal,Above the Break 3,Right Side Center(RC),24+ ft.,25,202,157,1,0,20251116,BOS,LAC,17250,0,1628401|1630202|1630568|1630573|1641775,0,REG,2026,1610612738,,,,,
22500233397,,Shot Chart Detail,22500233,397,1628401,Derrick White,1610612738,Boston Celtics,3,6,52,Missed Shot,Jump Shot,3PT Field Goal,Above the Break 3,Left Side Center(LC),24+ ft.,26,-130,232,1,0,20251116,BOS,LAC,17480,0,1628401|1630202|1630568|1630573|1641775,0,REG,2026,1610612738,,,,,
22500233402,,Shot Chart Detail,22500233,402,1630568,Luka Garza,1610612738,Boston Celtics,3,6,28,Made Shot,Floating Jump shot,2PT Field Goal,In The Paint (Non-RA),Center(C),Less Than 8 ft.,4,43,18,1,1,20251116,BOS,LAC,17720,0,1628401|1630202|1630568|1630573|1641775,1,REG,2026,1610612738,,,,,
22500233409,,Shot Chart Detail,22500233,409,1630573,Sam Hauser,1610612738,Boston Celtics,3,5,40,Missed Shot,Pullup Jump shot,3PT Field Goal,Above the Break 3,Center(C),24+ ft.,27,-25,269,1,0,20251116,BOS,LAC,18200,0,1628401|1630202|1630568|1630573|1641775,0,REG,2026,1610612738,,,,,
22500233413,,Shot Chart Detail,22500233,413,1628401,Derrick White,1610612738,Boston Celtics,3,5,5,Missed Shot,Pullup Jump shot,2PT Field Goal,Mid-Range,Right Side Center(RC),16-24 ft.,20,98,175,1,0,20251116,BOS,LAC,18550,0,1628401|1630202|1630568|1630573|1641775,0,REG,2026,1610612738,,,,,
22500233416,,Shot Chart Detail,22500233,416,1630573,Sam Hauser,1610612738,Boston Celtics,3,4,36,Missed Shot,Jump Shot,3PT Field Goal,Right Corner 3,Right Side(R),24+ ft.,23,238,-11,1,0,20251116,BOS,LAC,18840,0,1628401|1630202|1630568|1630573|1641775,0,REG,2026,1610612738,,,,,
22500233424,,Shot Chart Detail,22500233,424,1627759,Jaylen Brown,1610612738,Boston Celtics,3,4,16,Missed Shot,Step Back Jump shot,3PT Field Goal,Above the Break 3,Center(C),24+ ft.,27,27,273,1,0,20251116,BOS,LAC,19040,0,1627759|1630202|1630568|1631248|1641775,0,REG,2026,1610612738,,,,,
22500233431,,Shot Chart Detail,22500233,431,1630568,Luka Garza,1610612738,Boston Celtics,3,3,51,Made Shot,Jump Shot,3PT Field Goal,Above the Break 3,Right Side Center(RC),24+ ft.,24,185,160,1,1,20251116,BOS,LAC,19290,0,1627759|1630202|1630568|1631169|1631248,1,REG,2026,1610612738,,,,,
22500233441,,Shot Chart Detail,22500233,441,1627759,Jaylen Brown,1610612738,Boston Celtics,3,3,18,Made Shot,Turnaround Jump Shot,2PT Field Goal,Restricted Area,Center(C),Less Than 8 ft.,1,-4,15,1,1,20251116,BOS,LAC,19620,0,1627759|1630202|1630568|1631169|1631248,0,REG,2026,1610612738,,,,,
22500233452,,Shot Chart Detail,22500233,452,1627759,Jaylen Brown,1610612738,Boston Celtics,3,2,40,Missed Shot,Pullup Jump shot,2PT Field Goal,Mid-Range,Right Side Center(RC),16-24 ft.,18,82,170,1,0,20251116,BOS,LAC,20000,0,1627759|1629674|1630202|1631169|1631248,0,REG,2026,1610612738,,,,,
22500233470,,Shot Chart Detail,22500233,470,1627759,Jaylen Brown,1610612738,Boston Celtics,3,1,45,Made Shot,Driving Layup Shot,2PT Field Goal,Restricted Area,Center(C),Less Than 8 ft.,0,4,-4,1,1,20251116,BOS,LAC,20550,0,1627759|1629674|1630202|1631169|1631248,0,REG,2026,1610612738,,,,,
22500233472,,Shot Chart Detail,22500233,472,1630202,Payton Pritchard,1610612738,Boston Celtics,3,1,16,Made Shot,Turnaround Jump Shot,2PT Field Goal,In The Paint (Non-RA),Center(C),8-16 ft.,10,1,100,1,1,20251116,BOS,LAC,20840,0,1627759|1629674|1630202|1631169|1631248,0,REG,2026,1610612738,,,,,
22500233475,,Shot Chart Detail,22500233,475,1627759,Jaylen Brown,1610612738,Boston Celtics,3,0,56,Missed Shot,Running Jump Shot,3PT Field Goal,Above the Break 3,Right Side Center(RC),24+ ft.,26,169,204,1,0,20251116,BOS,LAC,21040,0,1627759|1629674|1630202|1631169|1631248,0,REG,2026,1610612738,,,,,
22500233478,,Shot Chart Detail,22500233,478,1629674,Neemias Queta,1610612738,Boston Celtics,3,0,48,Missed Shot,Driving Layup Shot,2PT Field Goal,In The Paint (Non-RA),Center(C),Less Than 8 ft.,4,44,-1,1,0,20251116,BOS,LAC,21120,0,1627759|1629674|1630202|1631169|1631248,0,REG,2026,1610612738,,,,,
22500233483,,Shot Chart Detail,22500233,483,1629674,Neemias Queta,1610612738,Boston Celtics,3,0,25,Missed Shot,Cutting Layup Shot,2PT Field Goal,In The Paint (Non-RA),Center(C),Less Than 8 ft.,4,-38,28,1,0,20251116,BOS,LAC,21350,0,1627759|1629674|1630202|1631169|1631248,0,REG,2026,1610612738,,,,,
22500233485,,Shot Chart Detail,22500233,485,1629674,Neemias Queta,1610612738,Boston Celtics,3,0,22,Missed Shot,Tip Layup Shot,2PT Field Goal,Restricted Area,Center(C),Less Than 8 ft.,0,0,0,1,0,20251116,BOS,LAC,21380,0,1627759|1629674|1630202|1631169|1631248,0,REG,2026,1610612738,,,,,
22500233502,,Shot Chart Detail,22500233,502,1629014,Anfernee Simons,1610612738,Boston Celtics,4,11,38,Missed Shot,Jump Shot,3PT Field Goal,Above the Break 3,Left Side Center(LC),24+ ft.,26,-136,232,1,0,20251116,BOS,LAC,21820,0,1627759|1628401|1629014|1629674|1631248,0,REG,2026,1610612738,,,,,
22500233506,,Shot Chart Detail,22500233,506,1627759,Jaylen Brown,1610612738,Boston Celtics,4,11,6,Missed Shot,Driving Layup Shot,2PT Field Goal,Restricted Area,Center(C),Less Than 8 ft.,3,26,21,1,0,20251116,BOS,LAC,22140,0,1627759|1628401|1629014|1629674|1631248,0,REG,2026,1610612738,,,,,
22500233511,,Shot Chart Detail,22500233,511,1629014,Anfernee Simons,1610612738,Boston Celtics,4,10,42,Missed Shot,Pullup Jump shot,3PT Field Goal,Above the Break 3,Center(C),24+ ft.,25,23,258,1,0,20251116,BOS,LAC,22380,0,1627759|1628401|1629014|1629674|1631248,0,REG,2026,1610612738,,,,,
22500233514,,Shot Chart Detail,22500233,514,1629674,Neemias Queta,1610612738,Boston Celtics,4,10,26,Made Shot,Cutting Layup Shot,2PT Field Goal,Restricted Area,Center(C),Less Than 8 ft.,3,10,38,1,1,20251116,BOS,LAC,22540,0,1627759|1628401|1629014|1629674|1631248,1,REG,2026,1610612738,,,,,
22500233518,,Shot Chart Detail,22500233,518,1627759,Jaylen Brown,1610612738,Boston Celtics,4,9,50,Made Shot,Jump Shot,3PT Field Goal,Above the Break 3,Left Side Center(LC),24+ ft.,25,-119,225,1,1,20251116,BOS,LAC,22900,0,1627759|1628401|1629014|1629674|1631248,1,REG,2026,1610612738,,,,,
22500233525,,Shot Chart Detail,22500233,525,1627759,Jaylen Brown,1610612738,Boston Celtics,4,9,36,Made Shot,Running Layup Shot,2PT Field Goal,Restricted Area,Center(C),Less Than 8 ft.,2,2,22,1,1,20251116,BOS,LAC,23040,0,1627759|1628401|1629014|1629674|1641775,0,REG,2026,1610612738,,,,,
22500233531,,Shot Chart Detail,22500233,531,1629674,Neemias Queta,1610612738,Boston Celtics,4,9,7,Missed Shot,Floating Jump shot,2PT Field Goal,In The Paint (Non-RA),Center(C),8-16 ft.,9,-39,84,1,0,20251116,BOS,LAC,23330,0,1627759|1628401|1629014|1629674|1641775,0,REG,2026,1610612738,,,,,
22500233542,,Shot Chart Detail,22500233,542,1627759,Jaylen Brown,1610612738,Boston Celtics,4,8,35,Missed Shot,Pullup Jump shot,2PT Field Goal,In The Paint (Non-RA),Center(C),Less Than 8 ft.,5,51,20,1,0,20251116,BOS,LAC,23650,0,1627759|1628401|1629014|1630568|1631248,0,REG,2026,1610612738,,,,,
22500233550,,Shot Chart Detail,22500233,550,1630568,Luka Garza,1610612738,Boston Celtics,4,8,15,Made Shot,Putback Layup Shot,2PT Field Goal,Restricted Area,Center(C),Less Than 8 ft.,1,-11,16,1,1,20251116,BOS,LAC,23850,0,1627759|1628401|1629014|1630568|1631248,0,REG,2026,1610612738,,,,,
22500233548,,Shot Chart Detail,22500233,548,1627759,Jaylen Brown,1610612738,Boston Celtics,4,8,15,Missed Shot,Pullup Jump shot,2PT Field Goal,In The Paint (Non-RA),Center(C),Less Than 8 ft.,5,-38,34,1,0,20251116,BOS,LAC,23850,0,1627759|1628401|1629014|1630568|1631248,0,REG,2026,1610612738,,,,,
22500233571,,Shot Chart Detail,22500233,571,1627759,Jaylen Brown,1610612738,Boston Celtics,4,7,11,Made Shot,Pullup Jump shot,2PT Field Goal,In The Paint (Non-RA),Center(C),Less Than 8 ft.,7,-12,78,1,1,20251116,BOS,LAC,24490,0,1627759|1628401|1629674|1631248|1641775,0,REG,2026,1610612738,,,,,
22500233581,,Shot Chart Detail,22500233,581,1627759,Jaylen Brown,1610612738,Boston Celtics,4,6,43,Made Shot,Pullup Jump shot,2PT Field Goal,Mid-Range,Left Side Center(LC),16-24 ft.,19,-88,170,1,1,20251116,BOS,LAC,24770,0,1627759|1628401|1629674|1631248|1641775,0,REG,2026,1610612738,,,,,
22500233584,,Shot Chart Detail,22500233,584,1628401,Derrick White,1610612738,Boston Celtics,4,6,1,Missed Shot,Jump Shot,3PT Field Goal,Above the Break 3,Right Side Center(RC),24+ ft.,26,173,205,1,0,20251116,BOS,LAC,25190,0,1627759|1628401|1629674|1631248|1641775,0,REG,2026,1610612738,,,,,
22500233590,,Shot Chart Detail,22500233,590,1627759,Jaylen Brown,1610612738,Boston Celtics,4,5,23,Missed Shot,Fadeaway Jump Shot,2PT Field Goal,Mid-Range,Right Side Center(RC),16-24 ft.,19,89,174,1,0,20251116,BOS,LAC,25570,0,1627759|1628401|1629674|1631248|1641775,0,REG,2026,1610612738,,,,,
22500233595,,Shot Chart Detail,22500233,595,1629674,Neemias Queta,1610612738,Boston Celtics,4,5,7,Missed Shot,Floating Jump shot,2PT Field Goal,In The Paint (Non-RA),Center(C),Less Than 8 ft.,5,-2,53,1,0,20251116,BOS,LAC,25730,0,1627759|1628401|1629674|1631248|1641775,0,REG,2026,1610612738,,,,,
22500233597,,Shot Chart Detail,22500233,597,1629674,Neemias Queta,1610612738,Boston Celtics,4,5,4,Missed Shot,Putback Layup Shot,2PT Field Goal,Restricted Area,Center(C),Less Than 8 ft.,3,9,38,1,0,20251116,BOS,LAC,25760,0,1627759|1628401|1629674|1631248|1641775,0,REG,2026,1610612738,,,,,
22500233600,,Shot Chart Detail,22500233,600,1629674,Neemias Queta,1610612738,Boston Celtics,4,5,3,Made Shot,Putback Layup Shot,2PT Field Goal,Restricted Area,Center(C),Less Than 8 ft.,1,-5,15,1,1,20251116,BOS,LAC,25770,0,1627759|1628401|1629674|1631248|1641775,0,REG,2026,1610612738,,,,,
22500233612,,Shot Chart Detail,22500233,612,1627759,Jaylen Brown,1610612738,Boston Celtics,4,3,52,Missed Shot,Driving Layup Shot,2PT Field Goal,Restricted Area,Center(C),Less Than 8 ft.,1,17,6,1,0,20251116,BOS,LAC,26480,0,1627759|1628401|1629674|1630202|1641775,0,REG,2026,1610612738,,,,,
22500233618,,Shot Chart Detail,22500233,618,1627759,Jaylen Brown,1610612738,Boston Celtics,4,3,16,Missed Shot,Jump Shot,3PT Field Goal,Left Corner 3,Left Side(L),24+ ft.,23,-230,10,1,0,20251116,BOS,LAC,26840,0,1627759|1628401|1629674|1630202|1641775,0,REG,2026,1610612738,,,,,
22500233624,,Shot Chart Detail,22500233,624,1629674,Neemias Queta,1610612738,Boston Celtics,4,2,47,Made Shot,Cutting Layup Shot,2PT Field Goal,Restricted Area,Center(C),Less Than 8 ft.,3,-34,18,1,1,20251116,BOS,LAC,27130,0,1627759|1628401|1629674|1630202|1641775,1,REG,2026,1610612738,,,,,
22500233635,,Shot Chart Detail,22500233,635,1630202,Payton Pritchard,1610612738,Boston Celtics,4,2,5,Missed Shot,Jump Shot,3PT Field Goal,Left Corner 3,Left Side(L),24+ ft.,23,-237,23,1,0,20251116,BOS,LAC,27550,0,1627759|1628401|1629674|1630202|1641775,0,REG,2026,1610612738,,,,,
22500233639,,Shot Chart Detail,22500233,639,1628401,Derrick White,1610612738,Boston Celtics,4,1,29,Made Shot,Pullup Jump shot,3PT Field Goal,Above the Break 3,Right Side Center(RC),24+ ft.,25,86,239,1,1,20251116,BOS,LAC,27910,0,1627759|1628401|1629674|1630202|1641775,0,REG,2026,1610612738,,,,,
22500233641,,Shot Chart Detail,22500233,641,1628401,Derrick White,1610612738,Boston Celtics,4,0,56,Missed Shot,Fadeaway Jump Shot,2PT Field Goal,Mid-Range,Left Side Center(LC),16-24 ft.,20,-77,195,1,0,20251116,BOS,LAC,28240,0,1627759|1628401|1629674|1630202|1641775,0,REG,2026,1610612738,,,,,
22500233645,,Shot Chart Detail,22500233,645,1629674,Neemias Queta,1610612738,Boston Celtics,4,0,29,Missed Shot,Reverse Layup Shot,2PT Field Goal,Restricted Area,Center(C),Less Than 8 ft.,2,16,21,1,0,20251116,BOS,LAC,28510,0,1627759|1628401|1629674|1630202|1641775,0,REG,2026,1610612738,,,,,
22500233657,,Shot Chart Detail,22500233,657,1627759,Jaylen Brown,1610612738,Boston Celtics,4,0,13,Made Shot,Cutting Dunk Shot,2PT Field Goal,Restricted Area,Center(C),Less Than 8 ft.,3,29,25,1,1,20251116,BOS,LAC,28670,0,1627759|1628401|1629674|1630202|1641775,1,REG,2026,1610612738,,,,,
2250025011,,Shot Chart Detail,22500250,11,1627759,Jaylen Brown,1610612738,Boston Celtics,1,11,25,Made Shot,Step Back Jump shot,2PT Field Goal,Mid-Range,Right Side(R),16-24 ft.,19,170,96,1,1,20251118,BKN,BOS,350,0,1627759|1628401|1629674|1630202|1641775,0,REG,2026,1610612738,,,,,
2250025014,,Shot Chart Detail,22500250,14,1627759,Jaylen Brown,1610612738,Boston Celtics,1,10,54,Made Shot,Step Back Jump shot,2PT Field Goal,Mid-Range,Left Side Center(LC),16-24 ft.,20,-137,158,1,1,20251118,BKN,BOS,660,0,1627759|1628401|1629674|1630202|1641775,0,REG,2026,1610612738,,,,,
2250025026,,Shot Chart Detail,22500250,26,1627759,Jaylen Brown,1610612738,Boston Celtics,1,10,16,Missed Shot,Jump Shot,3PT Field Goal,Above the Break 3,Left Side Center(LC),24+ ft.,24,-114,218,1,0,20251118,BKN,BOS,1040,0,1627759|1628401|1629674|1630202|1641775,0,REG,2026,1610612738,,,,,
2250025038,,Shot Chart Detail,22500250,38,1629674,Neemias Queta,1610612738,Boston Celtics,1,9,43,Missed Shot,Hook Shot,2PT Field Goal,In The Paint (Non-RA),Center(C),Less Than 8 ft.,4,-6,40,1,0,20251118,BKN,BOS,1370,0,1627759|1628401|1629674|1630202|1641775,0,REG,2026,1610612738,,,,,
2250025043,,Shot Chart Detail,22500250,43,1628401,Derrick White,1610612738,Boston Celtics,1,9,21,Missed Shot,Jump Shot,3PT Field Goal,Right Corner 3,Right Side(R),24+ ft.,23,229,45,1,0,20251118,BKN,BOS,1590,0,1627759|1628401|1629674|1630202|1641775,0,REG,2026,1610612738,,,,,
2250025056,,Shot Chart Detail,22500250,56,1630202,Payton Pritchard,1610612738,Boston Celtics,1,8,34,Missed Shot,Running Jump Shot,3PT Field Goal,Above the Break 3,Right Side Center(RC),24+ ft.,27,135,234,1,0,20251118,BKN,BOS,2060,0,1627759|1628401|1629674|1630202|1641775,0,REG,2026,1610612738,,,,,
2250025060,,Shot Chart Detail,22500250,60,1628401,Derrick White,1610612738,Boston Celtics,1,8,8,Missed Shot,Driving Floating Bank Jump Shot,2PT Field Goal,In The Paint (Non-RA),Right Side(R),8-16 ft.,8,50,66,1,0,20251118,BKN,BOS,2320,0,1627759|1628401|1629674|1630202|1641775,0,REG,2026,1610612738,,,,,
2250025062,,Shot Chart Detail,22500250,62,1629674,Neemias Queta,1610612738,Boston Celtics,1,8,4,Made Shot,Tip Layup Shot,2PT Field Goal,Restricted Area,Center(C),Less Than 8 ft.,0,0,0,1,1,20251118,BKN,BOS,2360,0,1627759|1628401|1629674|1630202|1641775,0,REG,2026,1610612738,,,,,
2250025065,,Shot Chart Detail,22500250,65,1630202,Payton Pritchard,1610612738,Boston Celtics,1,7,39,Made Shot,Jump Shot,3PT Field Goal,Above the Break 3,Center(C),24+ ft.,26,71,252,1,1,20251118,BKN,BOS,2610,0,1627759|1628401|1629674|1630202|1641775,1,REG,2026,1610612738,,,,,
2250025078,,Shot Chart Detail,22500250,78,1627759,Jaylen Brown,1610612738,Boston Celtics,1,7,6,Missed Shot,Jump Shot,3PT Field Goal,Above the Break 3,Left Side Center(LC),24+ ft.,24,-165,185,1,0,20251118,BKN,BOS,2940,0,1627759|1629014|1630202|1630568|1641775,0,REG,2026,1610612738,,,,,
2250025093,,Shot Chart Detail,22500250,93,1630573,Sam Hauser,1610612738,Boston Celtics,1,6,20,Missed Shot,Jump Shot,3PT Field Goal,Left Corner 3,Left Side(L),24+ ft.,24,-243,-27,1,0,20251118,BKN,BOS,3400,0,1627759|1629014|1630202|1630568|1630573,0,REG,2026,1610612738,,,,,
22500250110,,Shot Chart Detail,22500250,110,1630202,Payton Pritchard,1610612738,Boston Celtics,1,5,13,Made Shot,Jump Shot,3PT Field Goal,Above the Break 3,Center(C),24+ ft.,26,12,263,1,1,20251118,BKN,BOS,4070,0,1629014|1630202|1630568|1630573|1631169,1,REG,2026,1610612738,,,,,
22500250129,,Shot Chart Detail,22500250,129,1630573,Sam Hauser,1610612738,Boston Celtics,1,4,4,Missed Shot,Jump Shot,3PT Field Goal,Above the Break 3,Left Side Center(LC),24+ ft.,24,-88,224,1,0,20251118,BKN,BOS,4760,0,1629014|1630202|1630568|1630573|1631169,0,REG,2026,1610612738,,,,,
22500250133,,Shot Chart Detail,22500250,133,1630202,Payton Pritchard,1610612738,Boston Celtics,1,3,47,Made Shot,Jump Shot,3PT Field Goal,Above the Break 3,Left Side Center(LC),24+ ft.,25,-146,203,1,1,20251118,BKN,BOS,4930,0,1629014|1630202|1630568|1630573|1631169,1,REG,2026,1610612738,,,,,
22500250138,,Shot Chart Detail,22500250,138,1630202,Payton Pritchard,1610612738,Boston Celtics,1,3,15,Missed Shot,Jump Shot,3PT Field Goal,Left Corner 3,Left Side(L),24+ ft.,23,-235,-23,1,0,20251118,BKN,BOS,5250,0,1629014|1630202|1630568|1630573|1631169,0,REG,2026,1610612738,,,,,
22500250140,,Shot Chart Detail,22500250,140,1630568,Luka Garza,1610612738,Boston Celtics,1,3,10,Made Shot,Putback Layup Shot,2PT Field Goal,Restricted Area,Center(C),Less Than 8 ft.,1,-1,13,1,1,20251118,BKN,BOS,5300,0,1629014|1630202|1630568|1630573|1631169,0,REG,2026,1610612738,,,,,
22500250146,,Shot Chart Detail,22500250,146,1629014,Anfernee Simons,1610612738,Boston Celtics,1,2,36,Made Shot,Driving Floating Jump Shot,2PT Field Goal,In The Paint (Non-RA),Center(C),Less Than 8 ft.,5,9,53,1,1,20251118,BKN,BOS,5640,0,1629014|1630202|1630568|1630573|1631169,0,REG,2026,1610612738,,,,,
22500250151,,Shot Chart Detail,22500250,151,1630573,Sam Hauser,1610612738,Boston Celtics,1,1,41,Made Shot,Jump Shot,3PT Field Goal,Above the Break 3,Left Side Center(LC),24+ ft.,24,-178,167,1,1,20251118,BKN,BOS,6190,0,1629014|1630202|1630568|1630573|1631169,1,REG,2026,1610612738,,,,,
22500250173,,Shot Chart Detail,22500250,173,1629674,Neemias Queta,1610612738,Boston Celtics,1,0,35,Made Shot,Alley Oop Dunk Shot,2PT Field Goal,Restricted Area,Center(C),Less Than 8 ft.,1,-4,11,1,1,20251118,BKN,BOS,6850,0,1629014|1629674|1630202|1630573|1631169,1,REG,2026,1610612738,,,,,
22500250189,,Shot Chart Detail,22500250,189,1630573,Sam Hauser,1610612738,Boston Celtics,2,11,20,Made Shot,Pullup Jump shot,2PT Field Goal,In The Paint (Non-RA),Left Side(L),8-16 ft.,13,-71,116,1,1,20251118,BKN,BOS,7600,0,1629014|1629674|1630573|1631169|1631248,1,REG,2026,1610612738,,,,,
22500250193,,Shot Chart Detail,22500250,193,1631169,Josh Minott,1610612738,Boston Celtics,2,10,47,Made Shot,Jump Shot,3PT Field Goal,Right Corner 3,Right Side(R),24+ ft.,23,228,36,1,1,20251118,BKN,BOS,7930,0,1629014|1629674|1630573|1631169|1631248,1,REG,2026,1610612738,,,,,
22500250204,,Shot Chart Detail,22500250,204,1629014,Anfernee Simons,1610612738,Boston Celtics,2,9,49,Missed Shot,Running Pull-Up Jump Shot,3PT Field Goal,Above the Break 3,Right Side Center(RC),24+ ft.,25,99,232,1,0,20251118,BKN,BOS,8510,0,1629014|1629674|1630573|1631169|1631248,0,REG,2026,1610612738,,,,,
22500250206,,Shot Chart Detail,22500250,206,1631169,Josh Minott,1610612738,Boston Celtics,2,9,44,Missed Shot,Tip Dunk Shot,2PT Field Goal,Restricted Area,Center(C),Less Than 8 ft.,0,0,0,1,0,20251118,BKN,BOS,8560,0,1629014|1629674|1630573|1631169|1631248,0,REG,2026,1610612738,,,,,
22500250215,,Shot Chart Detail,22500250,215,1631248,Baylor Scheierman,1610612738,Boston Celtics,2,9,31,Missed Shot,Jump Shot,3PT Field Goal,Above the Break 3,Left Side Center(LC),24+ ft.,24,-222,113,1,0,20251118,BKN,BOS,8690,0,1628401|1629014|1629674|1630573|1631248,0,REG,2026,1610612738,,,,,
22500250219,,Shot Chart Detail,22500250,219,1631248,Baylor Scheierman,1610612738,Boston Celtics,2,9,8,Made Shot,Jump Shot,3PT Field Goal,Above the Break 3,Left Side Center(LC),24+ ft.,24,-175,174,1,1,20251118,BKN,BOS,8920,0,1628401|1629014|1629674|1630573|1631248,1,REG,2026,1610612738,,,,,
22500250229,,Shot Chart Detail,22500250,229,1627759,Jaylen Brown,1610612738,Boston Celtics,2,8,32,Made Shot,Driving Layup Shot,2PT Field Goal,Restricted Area,Center(C),Less Than 8 ft.,1,10,1,1,1,20251118,BKN,BOS,9280,0,1627759|1628401|1629014|1630568|1631248,0,REG,2026,1610612738,,,,,
22500250232,,Shot Chart Detail,22500250,232,1627759,Jaylen Brown,1610612738,Boston Celtics,2,7,46,Missed Shot,Step Back Jump shot,2PT Field Goal,Mid-Range,Left Side Center(LC),16-24 ft.,18,-125,141,1,0,20251118,BKN,BOS,9740,0,1627759|1628401|1629014|1630568|1631248,0,REG,2026,1610612738,,,,,
22500250259,,Shot Chart Detail,22500250,259,1628401,Derrick White,1610612738,Boston Celtics,2,5,33,Made Shot,Driving Floating Jump Shot,2PT Field Goal,Mid-Range,Right Side(R),8-16 ft.,13,97,92,1,1,20251118,BKN,BOS,11070,0,1627759|1628401|1629014|1630568|1631248,1,REG,2026,1610612738,,,,,
22500250263,,Shot Chart Detail,22500250,263,1629014,Anfernee Simons,1610612738,Boston Celtics,2,4,57,Made Shot,Jump Shot,3PT Field Goal,Above the Break 3,Right Side Center(RC),24+ ft.,25,228,106,1,1,20251118,BKN,BOS,11430,0,1627759|1628401|1629014|1630568|1631248,1,REG,2026,1610612738,,,,,
22500250278,,Shot Chart Detail,22500250,278,1630202,Payton Pritchard,1610612738,Boston Celtics,2,4,15,Made Shot,Jump Shot,3PT Field Goal,Above the Break 3,Right Side Center(RC),24+ ft.,32,188,269,1,1,20251118,BKN,BOS,11850,0,1628401|1629014|1629674|1630202|1641775,1,REG,2026,1610612738,,,,,
22500250282,,Shot Chart Detail,22500250,282,1641775,Jordan Walsh,1610612738,Boston Celtics,2,3,44,Made Shot,Layup Shot,2PT Field Goal,Restricted Area,Center(C),Less Than 8 ft.,1,-13,1,1,1,20251118,BKN,BOS,12160,0,1628401|1629014|1629674|1630202|1641775,1,REG,2026,1610612738,,,,,
22500250286,,Shot Chart Detail,22500250,286,1629014,Anfernee Simons,1610612738,Boston Celtics,2,3,7,Made Shot,Jump Shot,3PT Field Goal,Above the Break 3,Left Side Center(LC),24+ ft.,25,-206,142,1,1,20251118,BKN,BOS,12530,0,1628401|1629014|1629674|1630202|1641775,1,REG,2026,1610612738,,,,,
22500250296,,Shot Chart Detail,22500250,296,1641775,Jordan Walsh,1610612738,Boston Celtics,2,2,26,Made Shot,Driving Layup Shot,2PT Field Goal,Restricted Area,Center(C),Less Than 8 ft.,1,-12,-1,1,1,20251118,BKN,BOS,12940,0,1628401|1629014|1629674|1630202|1641775,1,REG,2026,1610612738,,,,,
22500250302,,Shot Chart Detail,22500250,302,1628401,Derrick White,1610612738,Boston Celtics,2,1,37,Made Shot,Jump Shot,3PT Field Goal,Right Corner 3,Right Side(R),24+ ft.,22,229,21,1,1,20251118,BKN,BOS,13430,0,1628401|1629014|1629674|1630202|1641775,1,REG,2026,1610612738,,,,,
22500250318,,Shot Chart Detail,22500250,318,1630202,Payton Pritchard,1610612738,Boston Celtics,2,0,36,Made Shot,Step Back Jump shot,3PT Field Goal,Above the Break 3,Center(C),24+ ft.,25,-78,243,1,1,20251118,BKN,BOS,14040,0,1628401|1629014|1630202|1630568|1641775,0,REG,2026,1610612738,,,,,
22500250320,,Shot Chart Detail,22500250,320,1630202,Payton Pritchard,1610612738,Boston Celtics,2,0,5,Missed Shot,Pullup Jump shot,3PT Field Goal,Above the Break 3,Center(C),24+ ft.,27,78,260,1,0,20251118,BKN,BOS,14350,0,1628401|1629014|1630202|1630568|1641775,0,REG,2026,1610612738,,,,,
22500250335,,Shot Chart Detail,22500250,335,1630202,Payton Pritchard,1610612738,Boston Celtics,3,11,36,Missed Shot,Driving Floating Jump Shot,2PT Field Goal,In The Paint (Non-RA),Center(C),8-16 ft.,8,4,83,1,0,20251118,BKN,BOS,14640,0,1627759|1628401|1629674|1630202|1641775,0,REG,2026,1610612738,,,,,
22500250357,,Shot Chart Detail,22500250,357,1628401,Derrick White,1610612738,Boston Celtics,3,9,55,Missed Shot,Jump Shot,3PT Field Goal,Left Corner 3,Left Side(L),24+ ft.,23,-230,59,1,0,20251118,BKN,BOS,15650,0,1627759|1628401|1629674|1630202|1631169,0,REG,2026,1610612738,,,,,
22500250361,,Shot Chart Detail,22500250,361,1628401,Derrick White,1610612738,Boston Celtics,3,9,46,Missed Shot,Pullup Jump shot,3PT Field Goal,Above the Break 3,Left Side Center(LC),24+ ft.,26,-190,183,1,0,20251118,BKN,BOS,15740,0,1627759|1628401|1629674|1630202|1631169,0,REG,2026,1610612738,,,,,
22500250371,,Shot Chart Detail,22500250,371,1631169,Josh Minott,1610612738,Boston Celtics,3,9,6,Made Shot,Jump Shot,3PT Field Goal,Right Corner 3,Right Side(R),24+ ft.,23,232,0,1,1,20251118,BKN,BOS,16140,0,1627759|1628401|1630202|1630568|1631169,1,REG,2026,1610612738,,,,,
22500250385,,Shot Chart Detail,22500250,385,1628401,Derrick White,1610612738,Boston Celtics,3,8,22,Made Shot,Driving Floating Jump Shot,2PT Field Goal,In The Paint (Non-RA),Center(C),8-16 ft.,9,-20,97,1,1,20251118,BKN,BOS,16580,0,1627759|1628401|1630202|1630568|1631169,1,REG,2026,1610612738,,,,,
22500250389,,Shot Chart Detail,22500250,389,1627759,Jaylen Brown,1610612738,Boston Celtics,3,8,4,Made Shot,Driving Layup Shot,2PT Field Goal,In The Paint (Non-RA),Center(C),Less Than 8 ft.,6,-39,57,1,1,20251118,BKN,BOS,16760,0,1627759|1628401|1630202|1630568|1631169,0,REG,2026,1610612738,,,,,
22500250405,,Shot Chart Detail,22500250,405,1627759,Jaylen Brown,1610612738,Boston Celtics,3,7,28,Made Shot,Running Pull-Up Jump Shot,3PT Field Goal,Above the Break 3,Left Side Center(LC),24+ ft.,26,-112,241,1,1,20251118,BKN,BOS,17120,0,1627759|1628401|1630202|1630568|1631169,1,REG,2026,1610612738,,,,,
22500250416,,Shot Chart Detail,22500250,416,1627759,Jaylen Brown,1610612738,Boston Celtics,3,6,44,Missed Shot,Step Back Jump shot,2PT Field Goal,Mid-Range,Center(C),16-24 ft.,16,25,162,1,0,20251118,BKN,BOS,17560,0,1627759|1628401|1630202|1630568|1631169,0,REG,2026,1610612738,,,,,
22500250418,,Shot Chart Detail,22500250,418,1631169,Josh Minott,1610612738,Boston Celtics,3,6,39,Made Shot,Jump Shot,3PT Field Goal,Above the Break 3,Right Side Center(RC),24+ ft.,26,137,222,1,1,20251118,BKN,BOS,17610,0,1627759|1628401|1630202|1630568|1631169,1,REG,2026,1610612738,,,,,
22500250422,,Shot Chart Detail,22500250,422,1627759,Jaylen Brown,1610612738,Boston Celtics,3,6,15,Missed Shot,Running Jump Shot,3PT Field Goal,Above the Break 3,Left Side Center(LC),24+ ft.,27,-161,225,1,0,20251118,BKN,BOS,17850,0,1627759|1628401|1630202|1630568|1631169,0,REG,2026,1610612738,,,,,
22500250424,,Shot Chart Detail,22500250,424,1627759,Jaylen Brown,1610612738,Boston Celtics,3,6,7,Missed Shot,Driving Layup Shot,2PT Field Goal,In The Paint (Non-RA),Center(C),Less Than 8 ft.,4,-33,26,1,0,20251118,BKN,BOS,17930,0,1627759|1628401|1630202|1630568|1631169,0,REG,2026,1610612738,,,,,
22500250428,,Shot Chart Detail,22500250,428,1628401,Derrick White,1610612738,Boston Celtics,3,5,44,Missed Shot,Jump Shot,3PT Field Goal,Left Corner 3,Left Side(L),24+ ft.,22,-229,-10,1,0,20251118,BKN,BOS,18160,0,1627759|1628401|1630202|1630568|1631169,0,REG,2026,1610612738,,,,,
22500250452,,Shot Chart Detail,22500250,452,1627759,Jaylen Brown,1610612738,Boston Celtics,3,4,34,Made Shot,Driving Floating Bank Jump Shot,2PT Field Goal,In The Paint (Non-RA),Center(C),Less Than 8 ft.,4,-13,48,1,1,20251118,BKN,BOS,18860,0,1627759|1629014|1630202|1630214|1631169,0,REG,2026,1610612738,,,,,
22500250465,,Shot Chart Detail,22500250,465,1630202,Payton Pritchard,1610612738,Boston Celtics,3,3,37,Missed Shot,Jump Shot,3PT Field Goal,Above the Break 3,Left Side Center(LC),24+ ft.,28,-120,264,1,0,20251118,BKN,BOS,19430,0,1627759|1629014|1630202|1630214|1631169,0,REG,2026,1610612738,,,,,
22500250468,,Shot Chart Detail,22500250,468,1627759,Jaylen Brown,1610612738,Boston Celtics,3,3,25,Missed Shot,Floating Jump shot,2PT Field Goal,In The Paint (Non-RA),Center(C),8-16 ft.,12,49,115,1,0,20251118,BKN,BOS,19550,0,1627759|1629014|1630202|1630214|1631169,0,REG,2026,1610612738,,,,,
22500250475,,Shot Chart Detail,22500250,475,1630202,Payton Pritchard,1610612738,Boston Celtics,3,2,54,Missed Shot,Jump Shot,3PT Field Goal,Above the Break 3,Left Side Center(LC),24+ ft.,25,-178,183,1,0,20251118,BKN,BOS,19860,0,1627759|1629014|1630202|1630214|1631169,0,REG,2026,1610612738,,,,,
22500250498,,Shot Chart Detail,22500250,498,1630202,Payton Pritchard,1610612738,Boston Celtics,3,0,49,Missed Shot,Pullup Jump shot,3PT Field Goal,Above the Break 3,Left Side Center(LC),24+ ft.,24,-176,174,1,0,20251118,BKN,BOS,21110,0,1627759|1629014|1630202|1630214|1631169,0,REG,2026,1610612738,,,,,
22500250502,,Shot Chart Detail,22500250,502,1627759,Jaylen Brown,1610612738,Boston Celtics,3,0,16,Made Shot,Jump Shot,3PT Field Goal,Above the Break 3,Left Side Center(LC),24+ ft.,25,-163,193,1,1,20251118,BKN,BOS,21440,0,1627759|1629014|1630202|1630214|1631169,1,REG,2026,1610612738,,,,,
22500250516,,Shot Chart Detail,22500250,516,1628401,Derrick White,1610612738,Boston Celtics,4,11,14,Missed Shot,Pullup Jump shot,3PT Field Goal,Above the Break 3,Center(C),24+ ft.,26,-2,264,1,0,20251118,BKN,BOS,22060,0,1628401|1629014|1629674|1630573|1631248,0,REG,2026,1610612738,,,,,
22500250520,,Shot Chart Detail,22500250,520,1630573,Sam Hauser,1610612738,Boston Celtics,4,10,35,Missed Shot,Pullup Jump shot,2PT Field Goal,Mid-Range,Right Side(R),8-16 ft.,13,138,21,1,0,20251118,BKN,BOS,22450,0,1628401|1629014|1629674|1630573|1631248,0,REG,2026,1610612738,,,,,
22500250534,,Shot Chart Detail,22500250,534,1629674,Neemias Queta,1610612738,Boston Celtics,4,9,56,Missed Shot,Hook Shot,2PT Field Goal,In The Paint (Non-RA),Center(C),Less Than 8 ft.,5,-34,38,1,0,20251118,BKN,BOS,22840,0,1627759|1628401|1629674|1630573|1631248,0,REG,2026,1610612738,,,,,
22500250540,,Shot Chart Detail,22500250,540,1628401,Derrick White,1610612738,Boston Celtics,4,9,24,Missed Shot,Pullup Jump shot,3PT Field Goal,Above the Break 3,Center(C),24+ ft.,26,66,258,1,0,20251118,BKN,BOS,23160,0,1627759|1628401|1629674|1630573|1631248,0,REG,2026,1610612738,,,,,
22500250544,,Shot Chart Detail,22500250,544,1627759,Jaylen Brown,1610612738,Boston Celtics,4,8,47,Missed Shot,Driving Layup Shot,2PT Field Goal,Restricted Area,Center(C),Less Than 8 ft.,2,12,25,1,0,20251118,BKN,BOS,23530,0,1627759|1628401|1629674|1630573|1631248,0,REG,2026,1610612738,,,,,
22500250561,,Shot Chart Detail,22500250,561,1629674,Neemias Queta,1610612738,Boston Celtics,4,7,52,Made Shot,Running Dunk Shot,2PT Field Goal,Restricted Area,Center(C),Less Than 8 ft.,0,0,-3,1,1,20251118,BKN,BOS,24080,0,1627759|1628401|1629674|1630573|1631248,1,REG,2026,1610612738,,,,,
22500250565,,Shot Chart Detail,22500250,565,1628401,Derrick White,1610612738,Boston Celtics,4,7,25,Made Shot,Driving Floating Bank Jump Shot,2PT Field Goal,In The Paint (Non-RA),Center(C),Less Than 8 ft.,5,49,33,1,1,20251118,BKN,BOS,24350,0,1627759|1628401|1629674|1630573|1631248,1,REG,2026,1610612738,,,,,
22500250569,,Shot Chart Detail,22500250,569,1630573,Sam Hauser,1610612738,Boston Celtics,4,7,0,Made Shot,Running Pull-Up Jump Shot,3PT Field Goal,Above the Break 3,Right Side Center(RC),24+ ft.,25,100,237,1,1,20251118,BKN,BOS,24600,0,1627759|1628401|1629674|1630573|1631248,1,REG,2026,1610612738,,,,,
22500250580,,Shot Chart Detail,22500250,580,1627759,Jaylen Brown,1610612738,Boston Celtics,4,6,22,Missed Shot,Jump Shot,3PT Field Goal,Above the Break 3,Right Side Center(RC),24+ ft.,25,190,164,1,0,20251118,BKN,BOS,24980,0,1627759|1628401|1629674|1630202|1630573,0,REG,2026,1610612738,,,,,
22500250588,,Shot Chart Detail,22500250,588,1630202,Payton Pritchard,1610612738,Boston Celtics,4,5,43,Missed Shot,Driving Layup Shot,2PT Field Goal,Restricted Area,Center(C),Less Than 8 ft.,2,-21,17,1,0,20251118,BKN,BOS,25370,0,1627759|1628401|1629674|1630202|1630573,0,REG,2026,1610612738,,,,,
22500250591,,Shot Chart Detail,22500250,591,1628401,Derrick White,1610612738,Boston Celtics,4,5,38,Missed Shot,Jump Shot,3PT Field Goal,Above the Break 3,Left Side Center(LC),24+ ft.,25,-211,139,1,0,20251118,BKN,BOS,25420,0,1627759|1628401|1629674|1630202|1630573,0,REG,2026,1610612738,,,,,
22500250593,,Shot Chart Detail,22500250,593,1630573,Sam Hauser,1610612738,Boston Celtics,4,5,34,Missed Shot,Jump Shot,3PT Field Goal,Above the Break 3,Center(C),24+ ft.,25,-4,259,1,0,20251118,BKN,BOS,25460,0,1627759|1628401|1629674|1630202|1630573,0,REG,2026,1610612738,,,,,
22500250595,,Shot Chart Detail,22500250,595,1628401,Derrick White,1610612738,Boston Celtics,4,5,30,Made Shot,Jump Shot,3PT Field Goal,Left Corner 3,Left Side(L),24+ ft.,23,-232,-13,1,1,20251118,BKN,BOS,25500,0,1627759|1628401|1629674|1630202|1630573,1,REG,2026,1610612738,,,,,
22500250610,,Shot Chart Detail,22500250,610,1628401,Derrick White,1610612738,Boston Celtics,4,4,34,Missed Shot,Pullup Jump shot,2PT Field Goal,Mid-Range,Center(C),8-16 ft.,14,-28,139,1,0,20251118,BKN,BOS,26060,0,1627759|1628401|1630202|1630568|1630573,0,REG,2026,1610612738,,,,,
22500250618,,Shot Chart Detail,22500250,618,1628401,Derrick White,1610612738,Boston Celtics,4,4,6,Made Shot,Jump Shot,3PT Field Goal,Right Corner 3,Right Side(R),24+ ft.,23,234,1,1,1,20251118,BKN,BOS,26340,0,1627759|1628401|1630202|1630568|1630573,1,REG,2026,1610612738,,,,,
22500250621,,Shot Chart Detail,22500250,621,1627759,Jaylen Brown,1610612738,Boston Celtics,4,3,34,Missed Shot,Floating Jump shot,2PT Field Goal,In The Paint (Non-RA),Center(C),8-16 ft.,10,38,102,1,0,20251118,BKN,BOS,26660,0,1627759|1628401|1630202|1630568|1630573,0,REG,2026,1610612738,,,,,
22500250635,,Shot Chart Detail,22500250,635,1627759,Jaylen Brown,1610612738,Boston Celtics,4,2,55,Made Shot,Pullup Jump shot,3PT Field Goal,Above the Break 3,Left Side Center(LC),24+ ft.,31,-113,295,1,1,20251118,BKN,BOS,27050,0,1627759|1628401|1630202|1630568|1630573,0,REG,2026,1610612738,,,,,
22500250638,,Shot Chart Detail,22500250,638,1630202,Payton Pritchard,1610612738,Boston Celtics,4,2,32,Missed Shot,Running Jump Shot,3PT Field Goal,Left Corner 3,Left Side(L),24+ ft.,23,-230,-17,1,0,20251118,BKN,BOS,27280,0,1627759|1628401|1630202|1630568|1630573,0,REG,2026,1610612738,,,,,
22500250663,,Shot Chart Detail,22500250,663,1627759,Jaylen Brown,1610612738,Boston Celtics,4,1,43,Made Shot,Driving Layup Shot,2PT Field Goal,Restricted Area,Center(C),Less Than 8 ft.,2,20,21,1,1,20251118,BKN,BOS,27770,0,1627759|1628401|1629674|1630202|1630573,0,REG,2026,1610612738,,,,,
22500250670,,Shot Chart Detail,22500250,670,1630202,Payton Pritchard,1610612738,Boston Celtics,4,1,0,Missed Shot,Pullup Jump shot,2PT Field Goal,In The Paint (Non-RA),Center(C),8-16 ft.,11,26,113,1,0,20251118,BKN,BOS,28200,0,1627759|1628401|1629674|1630202|1630573,0,REG,2026,1610612738,,,,,
22500250672,,Shot Chart Detail,22500250,672,1630202,Payton Pritchard,1610612738,Boston Celtics,4,0,46,Made Shot,Driving Floating Jump Shot,2PT Field Goal,In The Paint (Non-RA),Center(C),Less Than 8 ft.,7,-26,67,1,1,20251118,BKN,BOS,28340,0,1627759|1628401|1629674|1630202|1630573,0,REG,2026,1610612738,,,,,
225002779,,Shot Chart Detail,22500277,9,1627759,Jaylen Brown,1610612738,Boston Celtics,1,11,19,Missed Shot,Driving Floating Jump Shot,2PT Field Goal,In The Paint (Non-RA),Center(C),8-16 ft.,11,32,111,1,0,20251123,BOS,ORL,410,0,1627759|1628401|1629674|1630202|1641775,0,REG,2026,1610612738,,,,,
2250027711,,Shot Chart Detail,22500277,11,1629674,Neemias Queta,1610612738,Boston Celtics,1,11,15,Made Shot,Tip Dunk Shot,2PT Field Goal,Restricted Area,Center(C),Less Than 8 ft.,0,0,0,1,1,20251123,BOS,ORL,450,0,1627759|1628401|1629674|1630202|1641775,0,REG,2026,1610612738,,,,,
2250027716,,Shot Chart Detail,22500277,16,1630202,Payton Pritchard,1610612738,Boston Celtics,1,10,39,Missed Shot,Driving Layup Shot,2PT Field Goal,In The Paint (Non-RA),Center(C),Less Than 8 ft.,5,44,32,1,0,20251123,BOS,ORL,810,0,1627759|1628401|1629674|1630202|1641775,0,REG,2026,1610612738,,,,,
2250027721,,Shot Chart Detail,22500277,21,1630202,Payton Pritchard,1610612738,Boston Celtics,1,10,1,Made Shot,Pullup Jump shot,2PT Field Goal,Mid-Range,Right Side(R),8-16 ft.,14,130,65,1,1,20251123,BOS,ORL,1190,0,1627759|1628401|1629674|1630202|1641775,0,REG,2026,1610612738,,,,,
2250027724,,Shot Chart Detail,22500277,24,1627759,Jaylen Brown,1610612738,Boston Celtics,1,9,42,Made Shot,Driving Layup Shot,2PT Field Goal,In The Paint (Non-RA),Center(C),Less Than 8 ft.,4,36,25,1,1,20251123,BOS,ORL,1380,0,1627759|1628401|1629674|1630202|1641775,0,REG,2026,1610612738,,,,,
2250027737,,Shot Chart Detail,22500277,37,1641775,Jordan Walsh,1610612738,Boston Celtics,1,8,54,Made Shot,Cutting Dunk Shot,2PT Field Goal,Restricted Area,Center(C),Less Than 8 ft.,2,-13,20,1,1,20251123,BOS,ORL,1860,0,1627759|1628401|1629674|1630202|1641775,1,REG,2026,1610612738,,,,,
2250027741,,Shot Chart Detail,22500277,41,1629674,Neemias Queta,1610612738,Boston Celtics,1,8,29,Made Shot,Alley Oop Dunk Shot,2PT Field Goal,Restricted Area,Center(C),Less Than 8 ft.,3,-29,12,1,1,20251123,BOS,ORL,2110,0,1627759|1628401|1629674|1630202|1641775,1,REG,2026,1610612738,,,,,
2250027745,,Shot Chart Detail,22500277,45,1630202,Payton Pritchard,1610612738,Boston Celtics,1,7,54,Missed Shot,Jump Shot,3PT Field Goal,Above the Break 3,Left Side Center(LC),24+ ft.,27,-180,204,1,0,20251123,BOS,ORL,2460,0,1627759|1628401|1629674|1630202|1641775,0,REG,2026,1610612738,,,,,
2250027752,,Shot Chart Detail,22500277,52,1627759,Jaylen Brown,1610612738,Boston Celtics,1,7,28,Missed Shot,Driving Floating Jump Shot,2PT Field Goal,In The Paint (Non-RA),Right Side(R),8-16 ft.,8,75,33,1,0,20251123,BOS,ORL,2720,0,1627759|1628401|1629674|1630202|1641775,0,REG,2026,1610612738,,,,,
2250027759,,Shot Chart Detail,22500277,59,1629674,Neemias Queta,1610612738,Boston Celtics,1,6,57,Made Shot,Reverse Layup Shot,2PT Field Goal,Restricted Area,Center(C),Less Than 8 ft.,0,7,5,1,1,20251123,BOS,ORL,3030,0,1627759|1628401|1629674|1630202|1641775,1,REG,2026,1610612738,,,,,
2250027763,,Shot Chart Detail,22500277,63,1628401,Derrick White,1610612738,Boston Celtics,1,6,14,Missed Shot,Jump Shot,3PT Field Goal,Right Corner 3,Right Side(R),24+ ft.,22,222,1,1,0,20251123,BOS,ORL,3460,0,1627759|1628401|1629674|1630202|1641775,0,REG,2026,1610612738,,,,,
2250027782,,Shot Chart Detail,22500277,82,1627759,Jaylen Brown,1610612738,Boston Celtics,1,5,51,Missed Shot,Fadeaway Jump Shot,2PT Field Goal,Mid-Range,Left Side(L),8-16 ft.,15,-129,84,1,0,20251123,BOS,ORL,3690,0,1627759|1628449|1629014|1630202|1630573,0,REG,2026,1610612738,,,,,
2250027784,,Shot Chart Detail,22500277,84,1630573,Sam Hauser,1610612738,Boston Celtics,1,5,47,Made Shot,Pullup Jump shot,3PT Field Goal,Above the Break 3,Center(C),24+ ft.,26,-13,267,1,1,20251123,BOS,ORL,3730,0,1627759|1628449|1629014|1630202|1630573,1,REG,2026,1610612738,,,,,
2250027788,,Shot Chart Detail,22500277,88,1630202,Payton Pritchard,1610612738,Boston Celtics,1,5,28,Missed Shot,Running Layup Shot,2PT Field Goal,Restricted Area,Center(C),Less Than 8 ft.,3,-27,28,1,0,20251123,BOS,ORL,3920,0,1627759|1628449|1629014|1630202|1630573,0,REG,2026,1610612738,,,,,
2250027791,,Shot Chart Detail,22500277,91,1630573,Sam Hauser,1610612738,Boston Celtics,1,5,23,Made Shot,Running Jump Shot,3PT Field Goal,Left Corner 3,Left Side(L),24+ ft.,23,-230,57,1,1,20251123,BOS,ORL,3970,0,1627759|1628449|1629014|1630202|1630573,1,REG,2026,1610612738,,,,,
2250027795,,Shot Chart Detail,22500277,95,1629014,Anfernee Simons,1610612738,Boston Celtics,1,4,57,Made Shot,Running Jump Shot,3PT Field Goal,Left Corner 3,Left Side(L),24+ ft.,23,-230,32,1,1,20251123,BOS,ORL,4230,0,1627759|1628449|1629014|1630202|1630573,1,REG,2026,1610612738,,,,,
22500277105,,Shot Chart Detail,22500277,105,1627759,Jaylen Brown,1610612738,Boston Celtics,1,4,8,Made Shot,Pullup Jump shot,2PT Field Goal,Mid-Range,Center(C),16-24 ft.,18,33,185,1,1,20251123,BOS,ORL,4720,0,1627759|1628449|1629014|1630202|1630573,0,REG,2026,1610612738,,,,,
22500277108,,Shot Chart Detail,22500277,108,1627759,Jaylen Brown,1610612738,Boston Celtics,1,3,51,Missed Shot,Jump Shot,3PT Field Goal,Above the Break 3,Center(C),24+ ft.,27,-7,277,1,0,20251123,BOS,ORL,4890,0,1627759|1628449|1629014|1630202|1630573,0,REG,2026,1610612738,,,,,
22500277122,,Shot Chart Detail,22500277,122,1627759,Jaylen Brown,1610612738,Boston Celtics,1,2,57,Made Shot,Driving Layup Shot,2PT Field Goal,Restricted Area,Center(C),Less Than 8 ft.,2,16,20,1,1,20251123,BOS,ORL,5430,0,1627759|1628449|1629014|1630202|1630573,0,REG,2026,1610612738,,,,,
22500277126,,Shot Chart Detail,22500277,126,1630202,Payton Pritchard,1610612738,Boston Celtics,1,2,30,Missed Shot,Pullup Jump shot,3PT Field Goal,Above the Break 3,Center(C),24+ ft.,27,-6,279,1,0,20251123,BOS,ORL,5700,0,1627759|1628449|1629014|1630202|1630573,0,REG,2026,1610612738,,,,,
22500277128,,Shot Chart Detail,22500277,128,1627759,Jaylen Brown,1610612738,Boston Celtics,1,2,19,Missed Shot,Pullup Jump shot,3PT Field Goal,Above the Break 3,Center(C),24+ ft.,28,-58,275,1,0,20251123,BOS,ORL,5810,0,1627759|1628449|1629014|1630202|1630573,0,REG,2026,1610612738,,,,,
22500277146,,Shot Chart Detail,22500277,146,1629014,Anfernee Simons,1610612738,Boston Celtics,1,1,50,Made Shot,Step Back Jump shot,3PT Field Goal,Above the Break 3,Right Side Center(RC),24+ ft.,27,100,259,1,1,20251123,BOS,ORL,6100,0,1628401|1628449|1629014|1630573|1631169,0,REG,2026,1610612738,,,,,
22500277149,,Shot Chart Detail,22500277,149,1628401,Derrick White,1610612738,Boston Celtics,1,1,26,Missed Shot,Pullup Jump shot,2PT Field Goal,In The Paint (Non-RA),Center(C),8-16 ft.,12,-13,123,1,0,20251123,BOS,ORL,6340,0,1628401|1628449|1629014|1630573|1631169,0,REG,2026,1610612738,,,,,
22500277158,,Shot Chart Detail,22500277,158,1629014,Anfernee Simons,1610612738,Boston Celtics,1,0,59,Made Shot,Driving Floating Jump Shot,2PT Field Goal,In The Paint (Non-RA),Center(C),Less Than 8 ft.,7,55,55,1,1,20251123,BOS,ORL,6610,0,1628401|1628449|1629014|1630573|1631169,1,REG,2026,1610612738,,,,,
22500277164,,Shot Chart Detail,22500277,164,1629014,Anfernee Simons,1610612738,Boston Celtics,1,0,34,Missed Shot,Pullup Jump shot,3PT Field Goal,Above the Break 3,Right Side Center(RC),24+ ft.,29,146,254,1,0,20251123,BOS,ORL,6860,0,1628401|1628449|1629014|1630573|1631169,0,REG,2026,1610612738,,,,,
22500277193,,Shot Chart Detail,22500277,193,1628401,Derrick White,1610612738,Boston Celtics,2,11,40,Made Shot,Driving Layup Shot,2PT Field Goal,In The Paint (Non-RA),Center(C),Less Than 8 ft.,5,15,53,1,1,20251123,BOS,ORL,7400,0,1628401|1628449|1629014|1630573|1631248,1,REG,2026,1610612738,,,,,
22500277199,,Shot Chart Detail,22500277,199,1628401,Derrick White,1610612738,Boston Celtics,2,11,2,Missed Shot,Driving Floating Jump Shot,2PT Field Goal,In The Paint (Non-RA),Left Side(L),8-16 ft.,9,-62,68,1,0,20251123,BOS,ORL,7780,0,1628401|1628449|1629014|1630573|1631248,0,REG,2026,1610612738,,,,,
22500277205,,Shot Chart Detail,22500277,205,1629014,Anfernee Simons,1610612738,Boston Celtics,2,10,38,Made Shot,Driving Bank Hook Shot,2PT Field Goal,In The Paint (Non-RA),Center(C),Less Than 8 ft.,5,53,15,1,1,20251123,BOS,ORL,8020,0,1628401|1628449|1629014|1630573|1631248,0,REG,2026,1610612738,,,,,
22500277212,,Shot Chart Detail,22500277,212,1630573,Sam Hauser,1610612738,Boston Celtics,2,9,55,Missed Shot,Jump Shot,3PT Field Goal,Above the Break 3,Right Side Center(RC),24+ ft.,28,150,243,1,0,20251123,BOS,ORL,8450,0,1628401|1628449|1629014|1630573|1631248,0,REG,2026,1610612738,,,,,
22500277216,,Shot Chart Detail,22500277,216,1629014,Anfernee Simons,1610612738,Boston Celtics,2,9,20,Missed Shot,Pullup Jump shot,3PT Field Goal,Above the Break 3,Center(C),24+ ft.,29,-60,293,1,0,20251123,BOS,ORL,8800,0,1628401|1628449|1629014|1630573|1631248,0,REG,2026,1610612738,,,,,
22500277233,,Shot Chart Detail,22500277,233,1629014,Anfernee Simons,1610612738,Boston Celtics,2,8,29,Made Shot,Driving Floating Jump Shot,2PT Field Goal,Mid-Range,Center(C),8-16 ft.,15,40,154,1,1,20251123,BOS,ORL,9310,0,1628401|1628449|1629014|1631248|1642864,1,REG,2026,1610612738,,,,,
22500277242,,Shot Chart Detail,22500277,242,1628401,Derrick White,1610612738,Boston Celtics,2,8,8,Missed Shot,Driving Layup Shot,2PT Field Goal,In The Paint (Non-RA),Center(C),Less Than 8 ft.,4,-28,34,1,0,20251123,BOS,ORL,9520,0,1628401|1629014|1631169|1631248|1642864,0,REG,2026,1610612738,,,,,
22500277253,,Shot Chart Detail,22500277,253,1631169,Josh Minott,1610612738,Boston Celtics,2,7,48,Made Shot,Driving Layup Shot,2PT Field Goal,Restricted Area,Center(C),Less Than 8 ft.,1,10,12,1,1,20251123,BOS,ORL,9720,0,1627759|1628401|1629014|1631169|1642864,1,REG,2026,1610612738,,,,,
22500277266,,Shot Chart Detail,22500277,266,1630202,Payton Pritchard,1610612738,Boston Celtics,2,6,58,Made Shot,Turnaround Jump Shot,2PT Field Goal,In The Paint (Non-RA),Center(C),8-16 ft.,9,-15,92,1,1,20251123,BOS,ORL,10220,0,1627759|1629014|1630202|1631169|1642864,0,REG,2026,1610612738,,,,,
22500277270,,Shot Chart Detail,22500277,270,1629014,Anfernee Simons,1610612738,Boston Celtics,2,6,36,Made Shot,Running Pull-Up Jump Shot,3PT Field Goal,Above the Break 3,Left Side Center(LC),24+ ft.,27,-212,175,1,1,20251123,BOS,ORL,10440,0,1627759|1629014|1630202|1631169|1642864,1,REG,2026,1610612738,,,,,
22500277280,,Shot Chart Detail,22500277,280,1627759,Jaylen Brown,1610612738,Boston Celtics,2,6,7,Made Shot,Pullup Jump shot,2PT Field Goal,Mid-Range,Right Side(R),16-24 ft.,17,172,25,1,1,20251123,BOS,ORL,10730,0,1627759|1629014|1630202|1631169|1642864,1,REG,2026,1610612738,,,,,
22500277284,,Shot Chart Detail,22500277,284,1630202,Payton Pritchard,1610612738,Boston Celtics,2,5,32,Missed Shot,Fadeaway Jump Shot,2PT Field Goal,Mid-Range,Center(C),8-16 ft.,15,-71,143,1,0,20251123,BOS,ORL,11080,0,1627759|1629014|1630202|1631169|1642864,0,REG,2026,1610612738,,,,,
22500277287,,Shot Chart Detail,22500277,287,1631169,Josh Minott,1610612738,Boston Celtics,2,5,11,Made Shot,Jump Shot,3PT Field Goal,Above the Break 3,Left Side Center(LC),24+ ft.,28,-175,225,1,1,20251123,BOS,ORL,11290,0,1627759|1629014|1630202|1631169|1642864,1,REG,2026,1610612738,,,,,
22500277291,,Shot Chart Detail,22500277,291,1631169,Josh Minott,1610612738,Boston Celtics,2,4,50,Made Shot,Cutting Dunk Shot,2PT Field Goal,Restricted Area,Center(C),Less Than 8 ft.,1,4,13,1,1,20251123,BOS,ORL,11500,0,1627759|1629014|1630202|1631169|1642864,1,REG,2026,1610612738,,,,,
22500277297,,Shot Chart Detail,22500277,297,1631169,Josh Minott,1610612738,Boston Celtics,2,4,23,Made Shot,Step Back Jump shot,3PT Field Goal,Above the Break 3,Right Side Center(RC),24+ ft.,28,158,241,1,1,20251123,BOS,ORL,11770,0,1627759|1629014|1630202|1631169|1642864,1,REG,2026,1610612738,,,,,
22500277302,,Shot Chart Detail,22500277,302,1631169,Josh Minott,1610612738,Boston Celtics,2,3,41,Made Shot,Dunk Shot,2PT Field Goal,Restricted Area,Center(C),Less Than 8 ft.,2,26,5,1,1,20251123,BOS,ORL,12190,0,1627759|1629014|1630202|1631169|1642864,1,REG,2026,1610612738,,,,,
22500277310,,Shot Chart Detail,22500277,310,1630202,Payton Pritchard,1610612738,Boston Celtics,2,3,20,Made Shot,Running Layup Shot,2PT Field Goal,Restricted Area,Center(C),Less Than 8 ft.,1,0,13,1,1,20251123,BOS,ORL,12400,0,1627759|1628401|1630202|1631169|1642864,1,REG,2026,1610612738,,,,,
22500277314,,Shot Chart Detail,22500277,314,1630202,Payton Pritchard,1610612738,Boston Celtics,2,3,9,Made Shot,Running Jump Shot,3PT Field Goal,Right Corner 3,Right Side(R),24+ ft.,22,227,37,1,1,20251123,BOS,ORL,12510,0,1627759|1628401|1630202|1631169|1642864,1,REG,2026,1610612738,,,,,
22500277317,,Shot Chart Detail,22500277,317,1627759,Jaylen Brown,1610612738,Boston Celtics,2,2,27,Made Shot,Driving Layup Shot,2PT Field Goal,In The Paint (Non-RA),Center(C),Less Than 8 ft.,6,47,41,1,1,20251123,BOS,ORL,12930,0,1627759|1628401|1630202|1631169|1642864,0,REG,2026,1610612738,,,,,
22500277347,,Shot Chart Detail,22500277,347,1628401,Derrick White,1610612738,Boston Celtics,2,1,14,Made Shot,Jump Shot,3PT Field Goal,Above the Break 3,Left Side Center(LC),24+ ft.,26,-224,137,1,1,20251123,BOS,ORL,13660,0,1627759|1628401|1630202|1631169|1641775,1,REG,2026,1610612738,,,,,
22500277351,,Shot Chart Detail,22500277,351,1630202,Payton Pritchard,1610612738,Boston Celtics,2,0,54,Made Shot,Running Layup Shot,2PT Field Goal,Restricted Area,Center(C),Less Than 8 ft.,1,-10,4,1,1,20251123,BOS,ORL,13860,0,1627759|1628401|1630202|1631169|1641775,0,REG,2026,1610612738,,,,,
22500277356,,Shot Chart Detail,22500277,356,1627759,Jaylen Brown,1610612738,Boston Celtics,2,0,32,Made Shot,Turnaround Jump Shot,2PT Field Goal,Mid-Range,Left Side Center(LC),16-24 ft.,19,-81,172,1,1,20251123,BOS,ORL,14080,0,1627759|1628401|1630202|1631169|1641775,1,REG,2026,1610612738,,,,,
22500277360,,Shot Chart Detail,22500277,360,1630202,Payton Pritchard,1610612738,Boston Celtics,2,0,2,Made Shot,Running Pull-Up Jump Shot,2PT Field Goal,In The Paint (Non-RA),Right Side(R),8-16 ft.,10,56,92,1,1,20251123,BOS,ORL,14380,0,1627759|1628401|1630202|1631169|1641775,0,REG,2026,1610612738,,,,,
22500277368,,Shot Chart Detail,22500277,368,1627759,Jaylen Brown,1610612738,Boston Celtics,3,11,42,Made Shot,Driving Finger Roll Layup Shot,2PT Field Goal,In The Paint (Non-RA),Center(C),Less Than 8 ft.,6,29,55,1,1,20251123,BOS,ORL,14580,0,1627759|1628401|1630202|1631169|1641775,0,REG,2026,1610612738,,,,,
22500277371,,Shot Chart Detail,22500277,371,1630202,Payton Pritchard,1610612738,Boston Celtics,3,11,7,Missed Shot,Pullup Jump shot,2PT Field Goal,In The Paint (Non-RA),Center(C),8-16 ft.,10,4,108,1,0,20251123,BOS,ORL,14930,0,1627759|1628401|1630202|1631169|1641775,0,REG,2026,1610612738,,,,,
22500277375,,Shot Chart Detail,22500277,375,1628401,Derrick White,1610612738,Boston Celtics,3,10,41,Made Shot,Jump Shot,3PT Field Goal,Above the Break 3,Right Side Center(RC),24+ ft.,25,188,176,1,1,20251123,BOS,ORL,15190,0,1627759|1628401|1630202|1631169|1641775,1,REG,2026,1610612738,,,,,
22500277379,,Shot Chart Detail,22500277,379,1631169,Josh Minott,1610612738,Boston Celtics,3,10,7,Made Shot,Turnaround Bank Hook Shot,2PT Field Goal,In The Paint (Non-RA),Center(C),Less Than 8 ft.,4,-28,40,1,1,20251123,BOS,ORL,15530,0,1627759|1628401|1630202|1631169|1641775,0,REG,2026,1610612738,,,,,
22500277381,,Shot Chart Detail,22500277,381,1631169,Josh Minott,1610612738,Boston Celtics,3,9,40,Missed Shot,Jump Shot,3PT Field Goal,Above the Break 3,Left Side Center(LC),24+ ft.,25,-129,216,1,0,20251123,BOS,ORL,15800,0,1627759|1628401|1630202|1631169|1641775,0,REG,2026,1610612738,,,,,
22500277405,,Shot Chart Detail,22500277,405,1628401,Derrick White,1610612738,Boston Celtics,3,8,7,Missed Shot,Driving Layup Shot,2PT Field Goal,In The Paint (Non-RA),Center(C),Less Than 8 ft.,5,-50,16,1,0,20251123,BOS,ORL,16730,0,1627759|1628401|1630202|1631169|1641775,0,REG,2026,1610612738,,,,,
22500277408,,Shot Chart Detail,22500277,408,1628401,Derrick White,1610612738,Boston Celtics,3,8,6,Made Shot,Putback Layup Shot,2PT Field Goal,Restricted Area,Center(C),Less Than 8 ft.,2,-22,16,1,1,20251123,BOS,ORL,16740,0,1627759|1628401|1630202|1631169|1641775,0,REG,2026,1610612738,,,,,
22500277413,,Shot Chart Detail,22500277,413,1627759,Jaylen Brown,1610612738,Boston Celtics,3,7,29,Missed Shot,Pullup Jump shot,3PT Field Goal,Above the Break 3,Right Side Center(RC),24+ ft.,24,146,199,1,0,20251123,BOS,ORL,17110,0,1627759|1628401|1630202|1631169|1641775,0,REG,2026,1610612738,,,,,
22500277418,,Shot Chart Detail,22500277,418,1628401,Derrick White,1610612738,Boston Celtics,3,7,8,Missed Shot,Jump Shot,3PT Field Goal,Above the Break 3,Left Side Center(LC),24+ ft.,26,-178,199,1,0,20251123,BOS,ORL,17320,0,1627759|1628401|1630202|1631169|1641775,0,REG,2026,1610612738,,,,,
22500277422,,Shot Chart Detail,22500277,422,1631169,Josh Minott,1610612738,Boston Celtics,3,6,53,Made Shot,Cutting Dunk Shot,2PT Field Goal,Restricted Area,Center(C),Less Than 8 ft.,0,7,4,1,1,20251123,BOS,ORL,17470,0,1627759|1628401|1630202|1631169|1641775,1,REG,2026,1610612738,,,,,
22500277427,,Shot Chart Detail,22500277,427,1627759,Jaylen Brown,1610612738,Boston Celtics,3,6,29,Missed Shot,Jump Shot,3PT Field Goal,Left Corner 3,Left Side(L),24+ ft.,23,-233,21,1,0,20251123,BOS,ORL,17710,0,1627759|1628401|1630202|1631169|1641775,0,REG,2026,1610612738,,,,,
22500277438,,Shot Chart Detail,22500277,438,1627759,Jaylen Brown,1610612738,Boston Celtics,3,6,6,Missed Shot,Driving Layup Shot,2PT Field Goal,Restricted Area,Center(C),Less Than 8 ft.,3,-29,17,1,0,20251123,BOS,ORL,17940,0,1627759|1628449|1630202|1630573|1642864,0,REG,2026,1610612738,,,,,
22500277444,,Shot Chart Detail,22500277,444,1630202,Payton Pritchard,1610612738,Boston Celtics,3,5,39,Made Shot,Pullup Jump shot,2PT Field Goal,Mid-Range,Right Side(R),8-16 ft.,13,86,106,1,1,20251123,BOS,ORL,18210,0,1627759|1628449|1630202|1630573|1642864,0,REG,2026,1610612738,,,,,
22500277452,,Shot Chart Detail,22500277,452,1627759,Jaylen Brown,1610612738,Boston Celtics,3,4,52,Made Shot,Driving Layup Shot,2PT Field Goal,Restricted Area,Center(C),Less Than 8 ft.,3,31,-2,1,1,20251123,BOS,ORL,18680,0,1627759|1628449|1630202|1630573|1642864,0,REG,2026,1610612738,,,,,
22500277459,,Shot Chart Detail,22500277,459,1630202,Payton Pritchard,1610612738,Boston Celtics,3,4,5,Made Shot,Turnaround Fadeaway shot,2PT Field Goal,In The Paint (Non-RA),Center(C),8-16 ft.,9,34,90,1,1,20251123,BOS,ORL,19150,0,1627759|1628449|1630202|1630573|1642864,0,REG,2026,1610612738,,,,,
22500277468,,Shot Chart Detail,22500277,468,1627759,Jaylen Brown,1610612738,Boston Celtics,3,3,30,Made Shot,Driving Finger Roll Layup Shot,2PT Field Goal,In The Paint (Non-RA),Center(C),Less Than 8 ft.,6,39,52,1,1,20251123,BOS,ORL,19500,0,1627759|1628449|1630202|1630573|1631248,0,REG,2026,1610612738,,,,,
22500277473,,Shot Chart Detail,22500277,473,1627759,Jaylen Brown,1610612738,Boston Celtics,3,3,5,Missed Shot,Turnaround Jump Shot,2PT Field Goal,In The Paint (Non-RA),Center(C),Less Than 8 ft.,5,39,32,1,0,20251123,BOS,ORL,19750,0,1627759|1628449|1630202|1630573|1631248,0,REG,2026,1610612738,,,,,
22500277479,,Shot Chart Detail,22500277,479,1627759,Jaylen Brown,1610612738,Boston Celtics,3,2,31,Missed Shot,Driving Layup Shot,2PT Field Goal,In The Paint (Non-RA),Center(C),Less Than 8 ft.,7,53,51,1,0,20251123,BOS,ORL,20090,0,1627759|1628449|1630202|1630573|1631248,0,REG,2026,1610612738,,,,,
22500277496,,Shot Chart Detail,22500277,496,1630573,Sam Hauser,1610612738,Boston Celtics,3,2,8,Made Shot,Jump Shot,3PT Field Goal,Above the Break 3,Right Side Center(RC),24+ ft.,24,169,177,1,1,20251123,BOS,ORL,20320,0,1628401|1628449|1629014|1630573|1631248,1,REG,2026,1610612738,,,,,
22500277500,,Shot Chart Detail,22500277,500,1629014,Anfernee Simons,1610612738,Boston Celtics,3,1,37,Made Shot,Step Back Jump shot,3PT Field Goal,Above the Break 3,Left Side Center(LC),24+ ft.,25,-210,145,1,1,20251123,BOS,ORL,20630,0,1628401|1628449|1629014|1630573|1631248,0,REG,2026,1610612738,,,,,
22500277506,,Shot Chart Detail,22500277,506,1631248,Baylor Scheierman,1610612738,Boston Celtics,3,0,58,Missed Shot,Jump Shot,3PT Field Goal,Right Corner 3,Right Side(R),24+ ft.,23,229,45,1,0,20251123,BOS,ORL,21020,0,1628401|1629014|1630573|1631169|1631248,0,REG,2026,1610612738,,,,,
22500277514,,Shot Chart Detail,22500277,514,1630573,Sam Hauser,1610612738,Boston Celtics,3,0,6,Made Shot,Jump Shot,3PT Field Goal,Above the Break 3,Left Side Center(LC),24+ ft.,26,-174,199,1,1,20251123,BOS,ORL,21540,0,1628401|1629014|1630573|1631169|1631248,1,REG,2026,1610612738,,,,,
22500277525,,Shot Chart Detail,22500277,525,1630573,Sam Hauser,1610612738,Boston Celtics,4,11,32,Made Shot,Cutting Dunk Shot,2PT Field Goal,Restricted Area,Center(C),Less Than 8 ft.,2,9,19,1,1,20251123,BOS,ORL,21880,0,1628401|1629014|1630573|1631169|1631248,1,REG,2026,1610612738,,,,,
22500277528,,Shot Chart Detail,22500277,528,1631248,Baylor Scheierman,1610612738,Boston Celtics,4,11,6,Made Shot,Pullup Jump shot,2PT Field Goal,In The Paint (Non-RA),Left Side(L),8-16 ft.,8,-77,26,1,1,20251123,BOS,ORL,22140,0,1628401|1629014|1630573|1631169|1631248,1,REG,2026,1610612738,,,,,
22500277532,,Shot Chart Detail,22500277,532,1629014,Anfernee Simons,1610612738,Boston Celtics,4,10,17,Made Shot,Driving Floating Jump Shot,2PT Field Goal,In The Paint (Non-RA),Center(C),8-16 ft.,10,34,103,1,1,20251123,BOS,ORL,22630,0,1628401|1629014|1630573|1631169|1631248,0,REG,2026,1610612738,,,,,
22500277561,,Shot Chart Detail,22500277,561,1641775,Jordan Walsh,1610612738,Boston Celtics,4,8,52,Missed Shot,Cutting Layup Shot,2PT Field Goal,In The Paint (Non-RA),Center(C),Less Than 8 ft.,4,-43,14,1,0,20251123,BOS,ORL,23480,0,1627759|1628401|1629014|1630573|1641775,0,REG,2026,1610612738,,,,,
22500277565,,Shot Chart Detail,22500277,565,1628401,Derrick White,1610612738,Boston Celtics,4,8,16,Made Shot,Driving Layup Shot,2PT Field Goal,In The Paint (Non-RA),Center(C),Less Than 8 ft.,4,34,29,1,1,20251123,BOS,ORL,23840,0,1627759|1628401|1629014|1630573|1641775,0,REG,2026,1610612738,,,,,
22500277572,,Shot Chart Detail,22500277,572,1629014,Anfernee Simons,1610612738,Boston Celtics,4,7,49,Missed Shot,Jump Shot,3PT Field Goal,Above the Break 3,Right Side Center(RC),24+ ft.,29,150,256,1,0,20251123,BOS,ORL,24110,0,1627759|1628401|1629014|1630573|1641775,0,REG,2026,1610612738,,,,,
22500277576,,Shot Chart Detail,22500277,576,1630573,Sam Hauser,1610612738,Boston Celtics,4,7,7,Missed Shot,Pullup Jump shot,3PT Field Goal,Above the Break 3,Right Side Center(RC),24+ ft.,28,91,274,1,0,20251123,BOS,ORL,24530,0,1627759|1628401|1629014|1630573|1641775,0,REG,2026,1610612738,,,,,
22500277585,,Shot Chart Detail,22500277,585,1627759,Jaylen Brown,1610612738,Boston Celtics,4,6,32,Missed Shot,Pullup Jump shot,2PT Field Goal,Mid-Range,Center(C),8-16 ft.,14,6,146,1,0,20251123,BOS,ORL,24880,0,1627759|1628401|1630202|1630573|1641775,0,REG,2026,1610612738,,,,,
22500277590,,Shot Chart Detail,22500277,590,1627759,Jaylen Brown,1610612738,Boston Celtics,4,6,7,Made Shot,Jump Shot,3PT Field Goal,Left Corner 3,Left Side(L),24+ ft.,23,-229,34,1,1,20251123,BOS,ORL,25130,0,1627759|1628401|1630202|1630573|1641775,1,REG,2026,1610612738,,,,,
22500277594,,Shot Chart Detail,22500277,594,1627759,Jaylen Brown,1610612738,Boston Celtics,4,5,17,Made Shot,Jump Shot,3PT Field Goal,Left Corner 3,Left Side(L),24+ ft.,22,-222,21,1,1,20251123,BOS,ORL,25630,0,1627759|1628401|1630202|1630573|1641775,1,REG,2026,1610612738,,,,,
22500277597,,Shot Chart Detail,22500277,597,1627759,Jaylen Brown,1610612738,Boston Celtics,4,4,44,Made Shot,Driving Layup Shot,2PT Field Goal,Restricted Area,Center(C),Less Than 8 ft.,1,17,8,1,1,20251123,BOS,ORL,25960,0,1627759|1628401|1630202|1630573|1641775,0,REG,2026,1610612738,,,,,
22500277602,,Shot Chart Detail,22500277,602,1627759,Jaylen Brown,1610612738,Boston Celtics,4,3,39,Missed Shot,Driving Layup Shot,2PT Field Goal,In The Paint (Non-RA),Center(C),Less Than 8 ft.,5,38,43,1,0,20251123,BOS,ORL,26610,0,1627759|1628401|1630202|1630573|1641775,0,REG,2026,1610612738,,,,,
22500277612,,Shot Chart Detail,22500277,612,1627759,Jaylen Brown,1610612738,Boston Celtics,4,3,7,Made Shot,Driving Layup Shot,2PT Field Goal,In The Paint (Non-RA),Center(C),Less Than 8 ft.,4,37,16,1,1,20251123,BOS,ORL,26930,0,1627759|1628401|1630202|1630573|1641775,0,REG,2026,1610612738,,,,,
22500277616,,Shot Chart Detail,22500277,616,1627759,Jaylen Brown,1610612738,Boston Celtics,4,2,36,Made Shot,Pullup Jump shot,2PT Field Goal,In The Paint (Non-RA),Center(C),8-16 ft.,11,50,106,1,1,20251123,BOS,ORL,27240,0,1627759|1628401|1630202|1630573|1641775,0,REG,2026,1610612738,,,,,
22500277621,,Shot Chart Detail,22500277,621,1630202,Payton Pritchard,1610612738,Boston Celtics,4,2,2,Missed Shot,Jump Shot,3PT Field Goal,Above the Break 3,Left Side Center(LC),24+ ft.,25,-192,173,1,0,20251123,BOS,ORL,27580,0,1627759|1628401|1630202|1630573|1641775,0,REG,2026,1610612738,,,,,
22500277624,,Shot Chart Detail,22500277,624,1641775,Jordan Walsh,1610612738,Boston Celtics,4,1,28,Missed Shot,Pullup Jump shot,3PT Field Goal,Above the Break 3,Left Side Center(LC),24+ ft.,26,-227,127,1,0,20251123,BOS,ORL,27920,0,1627759|1628401|1630202|1630573|1641775,0,REG,2026,1610612738,,,,,
22500277633,,Shot Chart Detail,22500277,633,1630573,Sam Hauser,1610612738,Boston Celtics,4,0,54,Missed Shot,Jump Shot,3PT Field Goal,Above the Break 3,Left Side Center(LC),24+ ft.,26,-197,172,1,0,20251123,BOS,ORL,28260,0,1627759|1628401|1630202|1630573|1641775,0,REG,2026,1610612738,,,,,
22500277650,,Shot Chart Detail,22500277,650,1630202,Payton Pritchard,1610612738,Boston Celtics,4,0,23,Made Shot,Cutting Layup Shot,2PT Field Goal,Restricted Area,Center(C),Less Than 8 ft.,1,-7,9,1,1,20251123,BOS,ORL,28570,0,1627759|1628401|1630202|1630573|1641775,1,REG,2026,1610612738,,,,,
